Price,Close,High,Low,Open,Volume
Ticker,GOOG,GOOG,GOOG,GOOG,GOOG
Datetime,,,,,
2026-05-27 09:30,384.29999,384.79999,382.0,382.8125,626510
2026-05-27 09:31,383.73001,385.53,383.67999,384.19,112957
2026-05-27 09:32,383.60999,383.98999,383.01001,383.79999,97520
2026-05-27 09:33,383.32001,384.17999,383.26999,383.70999,114446
2026-05-27 09:34,383.06,384.20001,382.94,383.38,84197
2026-05-27 09:35,383.27499,383.78,382.98499,383.06,84430
2026-05-27 09:36,384.06,384.20999,383.26999,383.34,69789
2026-05-27 09:37,385.20999,385.32001,383.94,384.05499,84381
2026-05-27 09:38,386.655,386.81,385.23499,385.32999,118321
2026-05-27 09:39,385.42001,386.73999,385.42001,386.64001,78843
2026-05-27 09:40,384.29999,385.42999,383.815,385.39999,72071
2026-05-27 09:41,385.23499,385.35001,384.20001,384.34,62322
2026-05-27 09:42,385.64999,385.97,385.20001,385.20001,68143
2026-05-27 09:43,384.59,385.73001,384.53,385.64001,64425
2026-05-27 09:44,384.78,385.26999,384.56,384.56,68702
2026-05-27 09:45,384.22,384.76999,384.17999,384.76999,65608
2026-05-27 09:46,384.26001,384.79999,384.01001,384.17999,64220
2026-05-27 09:47,384.92999,385.16,384.29001,384.29001,47559
2026-05-27 09:48,385.09,385.69,384.95001,385.0,46432
2026-05-27 09:49,384.96399,385.28,384.60519,385.125,52602
2026-05-27 09:50,385.45251,385.78,384.95999,384.95999,56296
2026-05-27 09:51,385.34,385.54001,385.16,385.51001,48486
2026-05-27 09:52,385.59,385.89999,385.23999,385.37881,40445
2026-05-27 09:53,385.29999,385.92999,385.17001,385.63,40482
2026-05-27 09:54,385.14999,385.51889,384.685,385.34,36134
2026-05-27 09:55,385.22989,385.98999,385.01999,385.15701,55936
2026-05-27 09:56,385.72,385.8699,385.10001,385.17999,42413
2026-05-27 09:57,385.67999,386.17999,385.62,385.698,53505
2026-05-27 09:58,385.20999,385.70001,384.94501,385.70001,35065
2026-05-27 09:59,386.48001,386.60999,385.25,385.29001,41184
2026-05-27 10:00,386.70999,387.16,386.35001,386.57999,58632
2026-05-27 10:01,388.06,388.10999,386.55011,386.55011,76184
2026-05-27 10:02,388.345,388.48999,387.89999,388.10001,63118
2026-05-27 10:03,388.32001,388.6127,388.0,388.35999,69989
2026-05-27 10:04,388.70001,388.78989,388.17999,388.28,44788
2026-05-27 10:05,387.82001,388.73999,387.72,388.67999,55420
2026-05-27 10:06,388.2977,388.51001,387.6875,387.85001,55601
2026-05-27 10:07,387.88,388.70001,387.81,388.25,69859
2026-05-27 10:08,387.28,388.01999,387.25,387.82999,48582
2026-05-27 10:09,387.185,387.465,387.0,387.29001,57803
2026-05-27 10:10,386.17001,387.23999,386.17001,387.07999,36541
2026-05-27 10:11,386.34,386.60999,385.85001,386.17001,50363
2026-05-27 10:12,386.95999,386.97,386.35501,386.39001,27115
2026-05-27 10:13,386.94501,387.20529,386.75,387.0,34208
2026-05-27 10:14,387.345,387.48999,386.70999,386.9725,34484
2026-05-27 10:15,387.5,387.54501,387.16,387.405,33823
2026-05-27 10:16,387.60999,387.79999,387.44,387.52499,35778
2026-05-27 10:17,387.92001,387.92001,387.56,387.60001,24925
2026-05-27 10:18,388.48999,388.5,387.935,387.935,40460
2026-05-27 10:19,388.80499,388.85999,388.29001,388.45001,51806
2026-05-27 10:20,388.12,388.89999,387.97009,388.77499,41575
2026-05-27 10:21,387.97501,388.37,387.85001,388.13,33214
2026-05-27 10:22,387.31,388.20001,387.23499,387.98999,34669
2026-05-27 10:23,387.25,387.60001,387.065,387.35989,37455
2026-05-27 10:24,387.17001,387.48999,387.10999,387.26001,28586
2026-05-27 10:25,386.97,387.26999,386.8201,387.14001,34672
2026-05-27 10:26,387.23999,387.5,386.92999,386.95999,51632
2026-05-27 10:27,387.57999,387.76999,387.16,387.31,46233
2026-05-27 10:28,387.72,387.89001,387.51599,387.51599,45819
2026-05-27 10:29,387.72,388.07001,387.66,387.76001,32434
2026-05-27 10:30,387.94501,388.06989,387.60501,387.72009,40427
2026-05-27 10:31,388.17999,388.32001,387.92001,387.94501,25427
2026-05-27 10:32,387.42001,388.13,387.35001,388.13,39573
2026-05-27 10:33,387.26001,387.63,387.03009,387.42001,46658
2026-05-27 10:34,387.785,387.82001,387.29999,387.31,31940
2026-05-27 10:35,388.082,388.17999,387.76999,387.81,30123
2026-05-27 10:36,387.85999,388.29001,387.75,388.14001,25520
2026-05-27 10:37,387.98999,388.0799,387.72,387.81409,23885
2026-05-27 10:38,388.14999,388.29001,387.95001,388.07999,32814
2026-05-27 10:39,388.28,388.29999,387.94,388.17001,31607
2026-05-27 10:40,388.16,388.26001,387.95001,388.26001,30691
2026-05-27 10:41,388.01001,388.26999,387.92999,388.14999,40662
2026-05-27 10:42,387.57501,388.0,387.5,387.935,34421
2026-05-27 10:43,387.54999,387.62,387.35501,387.52509,23664
2026-05-27 10:44,387.51999,387.63,387.32999,387.51999,27110
2026-05-27 10:45,387.44501,387.60001,387.35669,387.54999,19735
2026-05-27 10:46,387.29001,387.48001,387.20499,387.44,18783
2026-05-27 10:47,387.2435,387.32999,387.09,387.31,20137
2026-05-27 10:48,387.25,387.30991,387.07999,387.30991,32673
2026-05-27 10:49,387.125,387.25,387.01401,387.20999,26911
2026-05-27 10:50,387.13,387.285,387.07001,387.14999,26260
2026-05-27 10:51,386.98999,387.25,386.70001,387.07999,57439
2026-05-27 10:52,386.87,387.19501,386.81,387.01001,19187
2026-05-27 10:53,387.01999,387.10001,386.80499,386.88,23486
2026-05-27 10:54,387.035,387.22,387.0,387.04001,16028
2026-05-27 10:55,386.89001,387.10001,386.89001,387.01999,20515
2026-05-27 10:56,386.62,387.07999,386.60999,386.87,23491
2026-05-27 10:57,386.97,386.97,386.62,386.62,24063
2026-05-27 10:58,387.20001,387.20001,386.88,386.92499,31426
2026-05-27 10:59,387.12,387.3826,387.07001,387.25,30649
2026-05-27 11:00,387.28,387.39001,387.0,387.10999,31477
2026-05-27 11:01,387.7247,387.76001,387.33151,387.33151,27458
2026-05-27 11:02,387.685,387.92499,387.54001,387.6701,22188
2026-05-27 11:03,387.70999,387.78,387.56,387.72,28528
2026-05-27 11:04,387.715,387.89999,387.57001,387.70999,22988
2026-05-27 11:05,387.5,387.7001,387.2124,387.70001,16536
2026-05-27 11:06,387.38,387.67001,387.38,387.52011,15008
2026-05-27 11:07,387.56,387.59,387.32999,387.37,22993
2026-05-27 11:08,387.72,387.79001,387.44,387.5,25992
2026-05-27 11:09,387.51001,387.76999,387.39999,387.73001,18864
2026-05-27 11:10,387.57999,387.73999,387.38,387.4404,21950
2026-05-27 11:11,387.42001,387.60501,387.42001,387.59509,11387
2026-05-27 11:12,387.07999,387.47,387.07001,387.41501,16216
2026-05-27 11:13,387.125,387.25,386.89011,387.04001,34430
2026-05-27 11:14,386.5,387.12,386.5,387.07999,36401
2026-05-27 11:15,386.87,386.89001,386.53839,386.53839,25698
2026-05-27 11:16,387.10999,387.10999,386.841,386.87,24429
2026-05-27 11:17,387.41501,387.45999,387.065,387.09,26712
2026-05-27 11:18,387.95999,388.12,387.36499,387.36499,37194
2026-05-27 11:19,387.59,388.19501,387.51001,388.0,30839
2026-05-27 11:20,387.45999,387.77499,387.41501,387.54001,19071
2026-05-27 11:21,387.04001,387.48999,387.0,387.45001,32707
2026-05-27 11:22,386.95001,387.14999,386.95001,387.035,33040
2026-05-27 11:23,387.42001,387.42999,386.85999,386.91,30746
2026-05-27 11:24,387.64001,387.70001,387.39999,387.41,23421
2026-05-27 11:25,387.42999,387.70999,387.41,387.655,24236
2026-05-27 11:26,387.28,387.42999,387.12,387.38,36285
2026-05-27 11:27,387.54999,387.67999,387.20999,387.29001,24291
2026-05-27 11:28,387.79501,387.82001,387.51999,387.57999,27738
2026-05-27 11:29,387.965,388.01999,387.70999,387.81,29632
2026-05-27 11:30,387.76999,387.97501,387.70999,387.965,18852
2026-05-27 11:31,387.75,387.79001,387.54001,387.76999,33178
2026-05-27 11:32,387.685,387.88989,387.59009,387.70001,30344
2026-05-27 11:33,387.42001,387.685,387.32999,387.685,31631
2026-05-27 11:34,387.5062,387.63501,387.32001,387.38,14617
2026-05-27 11:35,387.625,388.06,387.52499,387.53,60149
2026-05-27 11:36,387.75,387.82001,387.64011,387.66,22042
2026-05-27 11:37,387.84,387.84,387.54999,387.73001,19576
2026-05-27 11:38,387.39001,387.87,387.39001,387.85999,16798
2026-05-27 11:39,387.32999,387.495,387.20999,387.405,25102
2026-05-27 11:40,387.5,387.57999,387.20999,387.29999,32007
2026-05-27 11:41,387.57501,387.70001,387.435,387.5,25691
2026-05-27 11:42,387.565,388.03751,387.505,387.59,25056
2026-05-27 11:43,387.57001,387.73001,387.38,387.48001,13825
2026-05-27 11:44,387.29501,387.64001,387.14001,387.59,22185
2026-05-27 11:45,387.60001,387.79999,387.32999,387.34,26896
2026-05-27 11:46,387.11499,387.59,387.07999,387.54501,36940
2026-05-27 11:47,387.17001,387.36041,387.07001,387.07001,32791
2026-05-27 11:48,387.09,387.19,386.96011,387.17999,18092
2026-05-27 11:49,387.22,387.41,387.04999,387.13,18144
2026-05-27 11:50,387.31,387.34,387.12,387.25,17408
2026-05-27 11:51,387.17001,387.2999,387.07999,387.26999,11034
2026-05-27 11:52,387.37,387.42999,387.13,387.14999,13594
2026-05-27 11:53,387.79999,388.0,387.35999,387.35999,28861
2026-05-27 11:54,387.70999,387.91,387.54001,387.85999,33038
2026-05-27 11:55,387.39999,387.78,387.32001,387.72501,24861
2026-05-27 11:56,387.64001,387.64001,387.41,387.41,21545
2026-05-27 11:57,387.38,387.75,387.375,387.64001,17844
2026-05-27 11:58,387.48001,387.51001,387.3327,387.34,9471
2026-05-27 11:59,387.23001,387.45001,387.07999,387.44,29787
2026-05-27 12:00,387.10001,387.29001,386.98001,387.20999,36730
2026-05-27 12:01,386.85999,387.14999,386.85999,387.14999,25396
2026-05-27 12:02,386.7551,386.92999,386.73999,386.85999,28817
2026-05-27 12:03,386.10001,386.81,386.07999,386.755,54339
2026-05-27 12:04,386.39749,386.4588,386.12,386.14001,25780
2026-05-27 12:05,386.44501,386.595,386.35001,386.39001,22813
2026-05-27 12:06,386.70999,386.81,386.39001,386.44,25690
2026-05-27 12:07,386.95999,387.07001,386.70999,386.75,32743
2026-05-27 12:08,386.76999,386.92001,386.70001,386.92001,22756
2026-05-27 12:09,386.875,386.875,386.4201,386.75,20349
2026-05-27 12:10,386.84991,387.0,386.76999,386.89001,11665
2026-05-27 12:11,386.82501,386.89001,386.71991,386.81,17066
2026-05-27 12:12,387.14001,387.155,386.80661,386.84,14955
2026-05-27 12:13,386.97,387.215,386.92001,387.13,22167
2026-05-27 12:14,386.845,387.01501,386.78,386.92999,15726
2026-05-27 12:15,386.95999,386.97,386.70999,386.88,15205
2026-05-27 12:16,386.73001,386.95001,386.60001,386.95001,15297
2026-05-27 12:17,386.54999,386.75,386.54001,386.71799,10485
2026-05-27 12:18,386.28,386.64999,386.25,386.57501,9078
2026-05-27 12:19,386.465,386.595,386.26059,386.29001,17160
2026-05-27 12:20,386.54999,386.69501,386.42999,386.42999,16565
2026-05-27 12:21,386.88,386.88,386.52499,386.57999,30474
2026-05-27 12:22,386.94501,386.95001,386.79999,386.82001,10912
2026-05-27 12:23,387.10001,387.10001,386.94,386.94,14098
2026-05-27 12:24,387.32501,387.35999,387.04999,387.04999,37039
2026-05-27 12:25,386.98001,387.29999,386.91,387.28,24340
2026-05-27 12:26,386.95999,387.06,386.9201,386.98001,11394
2026-05-27 12:27,387.13,387.13989,386.94,386.94,12929
2026-05-27 12:28,387.20001,387.23001,387.065,387.11749,15518
2026-05-27 12:29,387.37,387.435,387.20001,387.20001,20873
2026-05-27 12:30,387.28,387.47,387.26001,387.375,18228
2026-05-27 12:31,387.51001,387.54001,387.285,387.285,12840
2026-05-27 12:32,388.005,388.04001,387.48001,387.505,23027
2026-05-27 12:33,388.25821,388.26999,387.97,388.04001,16587
2026-05-27 12:34,388.44,388.53,388.22009,388.25,31899
2026-05-27 12:35,388.785,388.85001,388.42999,388.42999,39492
2026-05-27 12:36,389.4122,389.51999,388.75009,388.76001,47693
2026-05-27 12:37,389.5799,389.63,389.37,389.44501,25475
2026-05-27 12:38,389.54999,389.63,389.31009,389.57501,25955
2026-05-27 12:39,389.46011,389.59991,389.35001,389.59991,12864
2026-05-27 12:40,389.5,389.72501,389.19019,389.51501,36449
2026-05-27 12:41,389.25821,389.57999,389.255,389.5,20698
2026-05-27 12:42,389.35999,389.69,389.22,389.26501,27551
2026-05-27 12:43,389.45001,389.54001,389.31,389.42001,20935
2026-05-27 12:44,389.22,389.45001,389.17001,389.44,25027
2026-05-27 12:45,388.89999,389.26001,388.89999,389.20999,22404
2026-05-27 12:46,388.97,388.97,388.69,388.935,34859
2026-05-27 12:47,388.73499,389.07001,388.6109,388.98001,16086
2026-05-27 12:48,388.64999,388.84,388.57001,388.76999,18221
2026-05-27 12:49,388.89001,388.92001,388.64001,388.67999,23623
2026-05-27 12:50,388.7175,388.92999,388.70999,388.92999,14394
2026-05-27 12:51,388.62,388.85999,388.60001,388.73999,15343
2026-05-27 12:52,388.495,388.79001,388.39999,388.62,20066
2026-05-27 12:53,388.23001,388.51999,388.01001,388.48499,18510
2026-05-27 12:54,388.0007,388.20999,387.97501,388.20999,18650
2026-05-27 12:55,387.94,388.06989,387.62,388.04999,25857
2026-05-27 12:56,387.54001,387.94989,387.54001,387.92999,15215
2026-05-27 12:57,387.5,387.69,387.5,387.57999,11534
2026-05-27 12:58,387.715,387.78,387.39001,387.48001,17221
2026-05-27 12:59,387.76999,387.79001,387.6279,387.7052,14432
2026-05-27 13:00,387.85501,387.89999,387.73001,387.755,15577
2026-05-27 13:01,387.64001,387.91989,387.56,387.91989,18322
2026-05-27 13:02,387.78,387.88,387.57001,387.57001,22859
2026-05-27 13:03,387.70001,387.88,387.70001,387.82999,8838
2026-05-27 13:04,387.67001,387.89001,387.67001,387.73001,14401
2026-05-27 13:05,387.54001,387.78,387.54001,387.66,38860
2026-05-27 13:06,387.26999,387.60999,387.26999,387.57001,17694
2026-05-27 13:07,387.29999,387.38,387.23999,387.29001,18975
2026-05-27 13:08,387.035,387.39999,387.01999,387.30701,11751
2026-05-27 13:09,387.12,387.32501,387.0,387.035,29411
2026-05-27 13:10,387.23001,387.35001,387.07001,387.07001,11325
2026-05-27 13:11,386.65009,387.23999,386.64999,387.22311,48683
2026-05-27 13:12,386.935,386.97,386.64001,386.70999,15307
2026-05-27 13:13,386.755,386.95001,386.69,386.92999,15375
2026-05-27 13:14,386.89999,386.89999,386.70999,386.73999,11716
2026-05-27 13:15,386.95999,386.95999,386.80011,386.85501,11115
2026-05-27 13:16,386.91,387.0,386.905,386.97,12171
2026-05-27 13:17,387.06,387.09549,386.88,386.91,16652
2026-05-27 13:18,387.10001,387.13501,386.97141,387.05499,15024
2026-05-27 13:19,387.08499,387.20001,386.91,387.12,17377
2026-05-27 13:20,387.01999,387.15991,386.97,386.98999,11443
2026-05-27 13:21,386.88501,387.04999,386.8501,387.0,9765
2026-05-27 13:22,386.89001,387.0,386.85001,386.88,12030
2026-05-27 13:23,386.95929,387.04999,386.79001,386.85999,26851
2026-05-27 13:24,386.78,386.97,386.76999,386.92999,11078
2026-05-27 13:25,386.64001,386.73001,386.57001,386.72,13651
2026-05-27 13:26,386.91,386.92999,386.60999,386.60999,13473
2026-05-27 13:27,386.565,386.92999,386.56,386.91501,11909
2026-05-27 13:28,386.55499,386.60001,386.5,386.56,11266
2026-05-27 13:29,386.44,386.60001,386.42999,386.5899,8263
2026-05-27 13:30,386.66,386.66,386.45999,386.45999,11500
2026-05-27 13:31,386.64999,386.7785,386.62009,386.67001,9944
2026-05-27 13:32,386.57999,386.64001,386.53,386.5549,8150
2026-05-27 13:33,386.64999,386.66,386.47,386.56,32730
2026-05-27 13:34,386.495,386.70999,386.47421,386.62201,6995
2026-05-27 13:35,386.79999,386.85501,386.48999,386.495,14078
2026-05-27 13:36,387.215,387.23999,386.73999,386.79501,24404
2026-05-27 13:37,387.32999,387.37,387.18219,387.25,19410
2026-05-27 13:38,387.48999,387.48999,387.25,387.28799,18916
2026-05-27 13:39,387.37,387.60999,387.37,387.48001,16637
2026-05-27 13:40,387.12,387.47,387.12,387.34,13126
2026-05-27 13:41,387.37,387.42999,387.07001,387.14999,17128
2026-05-27 13:42,387.35001,387.49411,387.35001,387.42999,14217
2026-05-27 13:43,387.39999,387.44,387.14999,387.35999,14198
2026-05-27 13:44,387.60999,387.64999,387.31,387.38501,25075
2026-05-27 13:45,387.35001,387.61499,387.245,387.61499,11016
2026-05-27 13:46,387.28,387.38,387.14999,387.375,10023
2026-05-27 13:47,387.065,387.25,387.05011,387.25,8347
2026-05-27 13:48,387.10501,387.17999,386.95999,387.05499,12008
2026-05-27 13:49,386.97,387.10001,386.95001,387.07001,11284
2026-05-27 13:50,386.95001,387.14001,386.82999,387.04001,17141
2026-05-27 13:51,387.23999,387.23999,386.89999,386.98999,20443
2026-05-27 13:52,387.345,387.38,387.20001,387.23001,11130
2026-05-27 13:53,387.60999,387.63989,387.31,387.35999,19817
2026-05-27 13:54,387.73999,387.78,387.5,387.63,32808
2026-05-27 13:55,387.92999,387.97,387.70001,387.81,23016
2026-05-27 13:56,388.065,388.10999,387.82001,387.92999,29397
2026-05-27 13:57,387.875,388.04999,387.83011,388.04999,16692
2026-05-27 13:58,388.17999,388.23999,387.88,387.91,16624
2026-05-27 13:59,388.04001,388.26001,388.03,388.22,11213
2026-05-27 14:00,387.82999,388.20001,387.79999,388.06,22618
2026-05-27 14:01,387.95999,388.03,387.76999,387.81,22534
2026-05-27 14:02,387.81,388.065,387.64001,387.98001,23962
2026-05-27 14:03,387.57001,387.82999,387.55011,387.79019,13372
2026-05-27 14:04,387.39001,387.66,387.32501,387.57999,14223
2026-05-27 14:05,387.48999,387.48999,387.26001,387.37,17870
2026-05-27 14:06,387.88,387.95001,387.5,387.5,32868
2026-05-27 14:07,387.85999,387.98001,387.845,387.89001,25127
2026-05-27 14:08,387.7081,387.98001,387.62039,387.88,22507
2026-05-27 14:09,387.91,387.94,387.53,387.67001,24709
2026-05-27 14:10,387.89999,387.905,387.79001,387.89999,25241
2026-05-27 14:11,387.94,388.0,387.79999,387.88,14564
2026-05-27 14:12,387.905,388.0,387.85001,387.92001,15274
2026-05-27 14:13,387.92001,388.01999,387.85001,387.92999,16770
2026-05-27 14:14,387.95999,388.04001,387.89001,387.95001,370317
2026-05-27 14:15,387.95999,387.98999,387.80951,387.95499,17887
2026-05-27 14:16,388.06,388.23001,387.97601,388.01001,25679
2026-05-27 14:17,388.07001,388.13,387.98001,388.06,20584
2026-05-27 14:18,388.21509,388.2999,388.01999,388.04001,18157
2026-05-27 14:19,388.20001,388.26999,388.16,388.20001,16648
2026-05-27 14:20,388.17499,388.22009,388.06,388.16,22532
2026-05-27 14:21,388.37,388.37,388.125,388.125,29351
2026-05-27 14:22,388.29999,388.44,388.2301,388.36499,35374
2026-05-27 14:23,388.37,388.5,388.23001,388.30499,34525
2026-05-27 14:24,388.26999,388.37,388.16,388.29999,22851
2026-05-27 14:25,388.34,388.48141,388.1601,388.245,28378
2026-05-27 14:26,388.57999,388.60001,388.32001,388.32001,27650
2026-05-27 14:27,388.70499,388.75,388.54999,388.565,16483
2026-05-27 14:28,388.48999,388.70499,388.37,388.70499,19183
2026-05-27 14:29,388.4899,388.50989,388.32001,388.45999,19746
2026-05-27 14:30,388.39011,388.51999,388.37,388.48999,14051
2026-05-27 14:31,388.39001,388.42999,388.19211,388.39001,21241
2026-05-27 14:32,388.15509,388.39999,388.13,388.39001,14349
2026-05-27 14:33,388.23001,388.35001,388.065,388.13,21467
2026-05-27 14:34,388.19,388.26999,388.04001,388.23001,17470
2026-05-27 14:35,388.08499,388.20001,387.92001,388.19,25242
2026-05-27 14:36,388.01999,388.23999,387.62,388.05499,26303
2026-05-27 14:37,387.34,387.97,387.34,387.95001,13620
2026-05-27 14:38,387.51999,387.69,387.31,387.31,21811
2026-05-27 14:39,387.61499,387.67999,387.50079,387.50079,13486
2026-05-27 14:40,387.5,387.72,387.48999,387.62,13070
2026-05-27 14:41,387.07001,387.42001,387.05499,387.42001,20836
2026-05-27 14:42,386.98499,387.035,386.66,387.035,32312
2026-05-27 14:43,386.84,387.13,386.78851,386.95499,22046
2026-05-27 14:44,386.79999,386.89001,386.79999,386.87,16618
2026-05-27 14:45,386.905,386.92999,386.75,386.78,23092
2026-05-27 14:46,386.76001,386.9299,386.72,386.9299,9329
2026-05-27 14:47,386.78,386.82001,386.62,386.7374,23490
2026-05-27 14:48,386.69171,386.82001,386.66,386.81,8778
2026-05-27 14:49,386.45999,386.73999,386.45801,386.70001,34766
2026-05-27 14:50,386.57458,386.59,386.4649,386.465,17129
2026-05-27 14:51,386.345,386.60999,386.2702,386.60001,32875
2026-05-27 14:52,386.45999,386.5,386.32999,386.345,15611
2026-05-27 14:53,386.30499,386.45999,386.26999,386.42999,12634
2026-05-27 14:54,386.5,386.53,386.26999,386.29001,22976
2026-05-27 14:55,387.04999,387.04999,386.41,386.47,31442
2026-05-27 14:56,387.01001,387.1199,386.98001,387.07999,19642
2026-05-27 14:57,386.95001,387.03,386.89999,387.03,17206
2026-05-27 14:58,386.89001,386.9614,386.88,386.92001,13186
2026-05-27 14:59,386.76999,386.97,386.73001,386.92001,18203
2026-05-27 15:00,386.79999,386.92999,386.73999,386.7475,22388
2026-05-27 15:01,387.07501,387.10001,386.76001,386.78,15828
2026-05-27 15:02,387.32001,387.345,387.02499,387.10999,21249
2026-05-27 15:03,387.35999,387.42001,387.29001,387.32999,14995
2026-05-27 15:04,387.32001,387.51999,387.26999,387.35001,32504
2026-05-27 15:05,387.32001,387.41,387.27499,387.29999,16508
2026-05-27 15:06,387.28,387.37,387.14001,387.26001,23986
2026-05-27 15:07,387.20499,387.31,387.16,387.28989,10370
2026-05-27 15:08,387.19501,387.27499,387.14999,387.23001,18045
2026-05-27 15:09,387.13,387.23999,386.95999,387.20001,19971
2026-05-27 15:10,387.01501,387.23001,387.0,387.13,23116
2026-05-27 15:11,387.01999,387.06,386.94,386.97,16408
2026-05-27 15:12,387.12,387.12,386.98999,387.01001,15122
2026-05-27 15:13,387.06,387.20999,386.97,387.14001,15202
2026-05-27 15:14,387.17999,387.17999,386.94,387.01999,14045
2026-05-27 15:15,387.0,387.17999,386.92001,387.16,13972
2026-05-27 15:16,386.92999,387.13,386.76999,386.97,25212
2026-05-27 15:17,386.89001,387.01999,386.84009,386.935,16316
2026-05-27 15:18,386.92999,386.94,386.76999,386.84,26272
2026-05-27 15:19,386.95999,387.10999,386.89999,386.91,17601
2026-05-27 15:20,386.84,386.95999,386.72,386.95499,20715
2026-05-27 15:21,386.8645,386.92999,386.7601,386.79999,20144
2026-05-27 15:22,386.755,386.89999,386.73001,386.85501,14925
2026-05-27 15:23,386.52011,386.73001,386.51999,386.73001,18822
2026-05-27 15:24,386.25751,386.52499,386.255,386.5,24310
2026-05-27 15:25,386.3002,386.35999,386.26999,386.28,21757
2026-05-27 15:26,386.35071,386.44501,386.29501,386.29999,25637
2026-05-27 15:27,386.22,386.33499,386.20499,386.32999,13358
2026-05-27 15:28,386.48999,386.48999,386.20999,386.20999,119592
2026-05-27 15:29,386.45499,386.465,386.34009,386.45001,17136
2026-05-27 15:30,386.60501,386.66989,386.367,386.45999,26113
2026-05-27 15:31,386.6095,386.67001,386.51001,386.60501,16127
2026-05-27 15:32,386.29001,386.53,386.28,386.53,20860
2026-05-27 15:33,386.39999,386.52011,386.30499,386.30499,19801
2026-05-27 15:34,386.17999,386.39001,386.07001,386.35999,26238
2026-05-27 15:35,386.36749,386.37,386.07999,386.17001,31156
2026-05-27 15:36,386.32001,386.44,386.271,386.38,19073
2026-05-27 15:37,386.19,386.35001,386.14999,386.34,23114
2026-05-27 15:38,386.23999,386.23999,386.07501,386.12,21864
2026-05-27 15:39,386.19,386.39001,386.19,386.23001,13054
2026-05-27 15:40,386.20999,386.23001,386.07001,386.20001,22105
2026-05-27 15:41,386.12,386.23499,386.09,386.23499,15547
2026-05-27 15:42,386.07999,386.17001,386.03,386.14001,16154
2026-05-27 15:43,386.01999,386.07001,385.92999,386.06,26159
2026-05-27 15:44,386.09,386.09,385.95999,386.01001,25045
2026-05-27 15:45,385.935,386.10001,385.89999,386.10001,35047
2026-05-27 15:46,386.04999,386.28,385.88,385.92001,29605
2026-05-27 15:47,385.98001,386.14001,385.89001,386.065,25026
2026-05-27 15:48,385.60001,386.03,385.60001,385.98999,35057
2026-05-27 15:49,385.67999,385.70999,385.46121,385.668,53136
2026-05-27 15:50,385.32999,385.63,385.20001,385.63,75814
2026-05-27 15:51,385.11499,385.28,385.0,385.26999,56100
2026-05-27 15:52,385.11499,385.14999,384.92001,385.11499,70812
2026-05-27 15:53,385.185,385.31,385.01001,385.09,75236
2026-05-27 15:54,385.06,385.29999,384.75,385.16,120367
2026-05-27 15:55,384.79999,385.07001,384.39001,385.03,187622
2026-05-27 15:56,384.95999,384.95999,384.76001,384.79001,181082
2026-05-27 15:57,384.8938,385.0,384.70001,384.95999,257347
2026-05-27 15:58,384.94,384.94,384.76001,384.89999,210220
2026-05-27 15:59,384.85999,384.94,384.67001,384.92499,424796
2026-05-28 09:30,384.20001,384.85999,383.72198,383.8775,551084
2026-05-28 09:31,384.08499,384.58499,383.85999,384.26999,70813
2026-05-28 09:32,383.40009,384.20999,383.40009,384.01999,56446
2026-05-28 09:33,382.45999,383.63,382.32999,383.40991,88895
2026-05-28 09:34,383.26999,383.26999,382.14001,382.51999,95717
2026-05-28 09:35,383.84399,384.39999,382.92999,383.25,60639
2026-05-28 09:36,383.82999,384.20001,383.53101,383.98001,37200
2026-05-28 09:37,384.14499,384.4899,383.64001,383.785,49456
2026-05-28 09:38,384.66321,384.77499,384.03,384.20999,60476
2026-05-28 09:39,384.0,384.72,384.0,384.72,46200
2026-05-28 09:40,383.95001,384.34991,383.84,384.07001,39977
2026-05-28 09:41,383.92999,384.45001,383.62,383.96509,64742
2026-05-28 09:42,383.57999,384.04001,383.39999,383.92999,36603
2026-05-28 09:43,382.53,383.60999,382.53,383.54501,45394
2026-05-28 09:44,381.60999,382.69,381.52011,382.54001,77056
2026-05-28 09:45,381.37,381.85001,381.26999,381.61292,64470
2026-05-28 09:46,382.12,382.20001,381.26001,381.3895,59484
2026-05-28 09:47,382.23999,382.35001,381.73001,382.10501,43156
2026-05-28 09:48,382.54999,382.79001,382.19,382.23499,40823
2026-05-28 09:49,382.435,382.51999,382.10999,382.47,37555
2026-05-28 09:50,383.79001,383.81,382.48999,382.48999,107022
2026-05-28 09:51,383.655,383.8699,383.56,383.8699,44138
2026-05-28 09:52,383.63,383.92001,383.48999,383.64999,59616
2026-05-28 09:53,383.36499,383.76999,383.34,383.58301,21419
2026-05-28 09:54,383.42499,383.59,383.23999,383.35001,38642
2026-05-28 09:55,383.23001,383.59479,383.17001,383.41501,41382
2026-05-28 09:56,383.32001,383.48001,383.13,383.23999,41080
2026-05-28 09:57,383.10501,383.37,382.95999,383.34,26005
2026-05-28 09:58,382.92001,383.13,382.75,383.10501,48407
2026-05-28 09:59,383.44,383.60989,382.89999,382.94,46183
2026-05-28 10:00,383.35999,383.44501,382.99429,383.44,57999
2026-05-28 10:01,382.60999,383.345,382.60999,383.345,35505
2026-05-28 10:02,382.64999,383.20999,382.52011,382.6236,57299
2026-05-28 10:03,382.845,382.845,382.01999,382.64999,43587
2026-05-28 10:04,384.38,384.59,382.76999,382.83319,78919
2026-05-28 10:05,384.20999,384.79001,384.03,384.41,48993
2026-05-28 10:06,384.22849,384.31,384.0,384.31,27645
2026-05-28 10:07,383.42001,384.2999,383.42001,384.245,44279
2026-05-28 10:08,384.1915,384.20001,383.42001,383.45999,27514
2026-05-28 10:09,384.42001,384.53,384.06,384.20001,36544
2026-05-28 10:10,384.10999,384.42999,384.0101,384.39001,32940
2026-05-28 10:11,384.48001,384.70499,384.01999,384.06009,39493
2026-05-28 10:12,385.20001,385.59,383.91501,384.45999,135617
2026-05-28 10:13,385.94501,386.0,384.70999,385.47,133106
2026-05-28 10:14,386.31,386.31,385.45999,385.95001,50852
2026-05-28 10:15,386.17499,386.47,385.86011,386.28,35352
2026-05-28 10:16,385.85999,386.2395,385.70999,386.10001,43851
2026-05-28 10:17,385.64001,385.98001,385.54999,385.85001,43402
2026-05-28 10:18,385.73499,385.85999,385.2901,385.57001,35970
2026-05-28 10:19,385.64999,386.0,385.42999,385.85999,35327
2026-05-28 10:20,385.54999,386.10001,385.51999,385.70999,28957
2026-05-28 10:21,385.495,385.56589,385.09,385.5,26331
2026-05-28 10:22,385.12,385.53091,385.005,385.48999,27633
2026-05-28 10:23,384.92001,385.17999,384.875,385.07501,32704
2026-05-28 10:24,385.14001,385.42999,384.91049,384.94501,42250
2026-05-28 10:25,385.29001,385.32999,385.07999,385.10999,20114
2026-05-28 10:26,385.57501,385.61499,385.24011,385.25879,25658
2026-05-28 10:27,385.37,385.57501,385.17001,385.56,22853
2026-05-28 10:28,385.5,385.56,385.345,385.37,15318
2026-05-28 10:29,385.66,385.76999,385.42999,385.5,22460
2026-05-28 10:30,385.7699,385.87,385.44,385.69,20964
2026-05-28 10:31,385.51999,385.69,385.4216,385.69,23245
2026-05-28 10:32,385.20221,385.53,385.09601,385.51999,22265
2026-05-28 10:33,385.3353,385.44989,385.03009,385.23001,21207
2026-05-28 10:34,384.91,385.26001,384.91,385.26001,25513
2026-05-28 10:35,385.095,385.20999,384.85999,384.91,31914
2026-05-28 10:36,385.28,385.35999,384.8862,385.06,23728
2026-05-28 10:37,384.98999,385.19,384.95111,385.14719,18010
2026-05-28 10:38,385.0,385.05499,384.83121,384.98999,16736
2026-05-28 10:39,385.10999,385.14999,385.01999,385.03,16485
2026-05-28 10:40,385.42001,385.45999,385.0791,385.10001,18329
2026-05-28 10:41,385.20999,385.4267,385.16,385.42001,15859
2026-05-28 10:42,385.22,385.32001,385.16,385.26541,13091
2026-05-28 10:43,385.36639,385.42999,385.19,385.19,16184
2026-05-28 10:44,385.79001,385.84,385.35999,385.38,23296
2026-05-28 10:45,385.63,385.91,385.63,385.81,39790
2026-05-28 10:46,385.34,385.79999,385.14999,385.59451,32516
2026-05-28 10:47,384.94,385.37,384.935,385.35999,17010
2026-05-28 10:48,385.04001,385.19,384.97,384.97,21351
2026-05-28 10:49,384.64001,385.03989,384.56769,385.005,27689
2026-05-28 10:50,384.88,384.89001,384.60999,384.60999,19264
2026-05-28 10:51,384.87,385.0,384.83401,384.88501,19779
2026-05-28 10:52,384.81009,384.875,384.70001,384.84,35581
2026-05-28 10:53,384.92001,385.0,384.76999,384.85001,25649
2026-05-28 10:54,385.29501,385.3299,384.85999,384.89999,31177
2026-05-28 10:55,385.17001,385.42001,385.17001,385.32001,28086
2026-05-28 10:56,385.09,385.20001,385.06,385.19,18634
2026-05-28 10:57,385.05499,385.25,384.79999,385.07001,63437
2026-05-28 10:58,385.23001,385.31729,384.92999,385.07999,25591
2026-05-28 10:59,385.20001,385.26999,385.10501,385.20999,22540
2026-05-28 11:00,386.03009,386.07999,385.10999,385.16,45792
2026-05-28 11:01,386.32001,386.35999,385.98001,386.01999,48393
2026-05-28 11:02,386.44739,386.54999,386.07001,386.32501,32556
2026-05-28 11:03,386.69,386.73999,386.42001,386.44,34349
2026-05-28 11:04,386.78,386.89999,386.64001,386.73001,43384
2026-05-28 11:05,386.73001,386.98001,386.66,386.78,53146
2026-05-28 11:06,387.09,387.23001,386.71899,386.71899,55780
2026-05-28 11:07,387.26501,387.35001,387.02011,387.10199,24845
2026-05-28 11:08,386.41,387.23999,386.41,387.23999,33407
2026-05-28 11:09,386.23999,386.51001,386.19,386.45499,27232
2026-05-28 11:10,385.91,386.29001,385.82999,386.29001,27858
2026-05-28 11:11,385.655,386.01001,385.64999,385.92001,23872
2026-05-28 11:12,385.32999,385.66,385.30081,385.66,26669
2026-05-28 11:13,385.8801,385.91,385.32001,385.34009,61728
2026-05-28 11:14,385.95499,386.0,385.82001,385.88501,27024
2026-05-28 11:15,385.6951,386.03,385.67999,386.0,19256
2026-05-28 11:16,386.0,386.03949,385.66,385.70499,34028
2026-05-28 11:17,385.67999,386.06,385.64001,386.04001,23752
2026-05-28 11:18,385.62,385.67001,385.51999,385.60001,15259
2026-05-28 11:19,385.785,385.82001,385.53,385.62991,22079
2026-05-28 11:20,385.75009,385.82001,385.7001,385.75,15191
2026-05-28 11:21,385.76999,385.81781,385.63,385.81781,22331
2026-05-28 11:22,385.73999,385.79001,385.5975,385.76999,29429
2026-05-28 11:23,385.3201,385.745,385.3201,385.73001,20101
2026-05-28 11:24,385.57999,385.64999,385.32001,385.36499,12588
2026-05-28 11:25,385.59,385.62,385.47,385.59,21709
2026-05-28 11:26,385.64999,385.79001,385.54999,385.60999,19788
2026-05-28 11:27,385.69,385.73001,385.58499,385.66,17435
2026-05-28 11:28,385.73001,385.92001,385.66,385.69089,27795
2026-05-28 11:29,385.66501,385.84,385.59,385.68011,22742
2026-05-28 11:30,386.10999,386.17001,385.63,385.70001,28181
2026-05-28 11:31,385.94501,386.17001,385.88,386.14001,52899
2026-05-28 11:32,385.94501,386.32001,385.94,385.98999,28716
2026-05-28 11:33,386.23999,386.32999,385.86499,386.0,43686
2026-05-28 11:34,386.29001,386.38,386.14999,386.26001,25748
2026-05-28 11:35,385.992,386.25,385.905,386.25,26679
2026-05-28 11:36,386.16,386.19,386.0,386.0,19269
2026-05-28 11:37,386.35999,386.38,386.13501,386.15799,18753
2026-05-28 11:38,386.66,386.74841,386.34,386.38,33145
2026-05-28 11:39,386.63,386.79019,386.48999,386.67001,33275
2026-05-28 11:40,386.20691,386.64001,386.20691,386.64001,20539
2026-05-28 11:41,386.19,386.28961,386.10001,386.23001,13138
2026-05-28 11:42,386.17499,386.29999,386.14999,386.16501,22586
2026-05-28 11:43,386.14001,386.17999,386.0,386.17999,22136
2026-05-28 11:44,386.10999,386.2099,386.07999,386.13501,14824
2026-05-28 11:45,386.10001,386.28,386.065,386.07999,20076
2026-05-28 11:46,386.07001,386.14999,386.07001,386.13501,14668
2026-05-28 11:47,386.29001,386.315,386.06,386.11499,18660
2026-05-28 11:48,386.14499,386.29001,386.09,386.2493,13954
2026-05-28 11:49,385.94,386.14001,385.94,386.12,22625
2026-05-28 11:50,386.10001,386.14999,385.87,385.92001,22143
2026-05-28 11:51,385.95999,386.10999,385.935,386.10999,12517
2026-05-28 11:52,386.01001,386.08701,385.95001,385.965,10920
2026-05-28 11:53,386.035,386.20001,385.9501,386.04501,13402
2026-05-28 11:54,385.89001,386.04999,385.85999,386.03,14935
2026-05-28 11:55,385.91,385.99301,385.80042,385.85001,15889
2026-05-28 11:56,386.17999,386.20001,385.89999,385.91,13507
2026-05-28 11:57,386.17001,386.22,386.09009,386.19,10797
2026-05-28 11:58,386.12,386.26001,386.09,386.20001,16259
2026-05-28 11:59,386.35001,386.42001,386.0401,386.08041,18950
2026-05-28 12:00,386.26001,386.35001,386.09,386.29501,13159
2026-05-28 12:01,386.25,386.42001,386.20999,386.26999,15369
2026-05-28 12:02,386.03,386.29001,385.97501,386.25,20743
2026-05-28 12:03,386.1524,386.1524,385.98001,386.03,13814
2026-05-28 12:04,386.10999,386.12,385.98999,386.0701,16464
2026-05-28 12:05,386.35999,386.39001,386.12,386.17001,14732
2026-05-28 12:06,386.36499,386.5,386.34009,386.39011,13355
2026-05-28 12:07,386.10999,386.435,386.10999,386.36499,28004
2026-05-28 12:08,386.31,386.31,386.0401,386.13489,17205
2026-05-28 12:09,386.31,386.34,386.22,386.27011,20602
2026-05-28 12:10,386.16,386.35999,386.16,386.27499,13888
2026-05-28 12:11,385.92999,386.17999,385.92499,386.17499,20152
2026-05-28 12:12,385.84,385.91,385.76001,385.89011,14078
2026-05-28 12:13,385.81,386.01971,385.79001,385.87,31492
2026-05-28 12:14,385.91501,385.92999,385.81,385.85001,20738
2026-05-28 12:15,385.7901,385.94,385.79001,385.94,14523
2026-05-28 12:16,385.73999,385.8251,385.63,385.8251,17738
2026-05-28 12:17,385.87,385.87,385.73999,385.7561,20790
2026-05-28 12:18,386.32001,386.44,385.89999,385.91,15681
2026-05-28 12:19,386.04999,386.33539,386.04001,386.33539,16914
2026-05-28 12:20,385.92999,386.08499,385.88,386.0401,11528
2026-05-28 12:21,385.85001,385.95999,385.84509,385.91501,13043
2026-05-28 12:22,385.60001,385.83499,385.47,385.82999,21169
2026-05-28 12:23,385.94501,385.95001,385.59,385.63,17031
2026-05-28 12:24,386.26999,386.34,385.92999,385.98001,22932
2026-05-28 12:25,386.04999,386.285,386.01999,386.23001,16011
2026-05-28 12:26,385.75009,386.12,385.75009,386.07999,16003
2026-05-28 12:27,385.85001,385.92999,385.73999,385.78,16742
2026-05-28 12:28,385.88,385.91,385.81,385.82999,9147
2026-05-28 12:29,385.73801,386.07999,385.69,385.88,15379
2026-05-28 12:30,385.82001,385.82001,385.53,385.67001,30405
2026-05-28 12:31,385.37,385.72501,385.29999,385.72501,15809
2026-05-28 12:32,385.255,385.37991,385.20999,385.35999,10804
2026-05-28 12:33,385.26001,385.37939,385.17999,385.20999,12133
2026-05-28 12:34,385.17999,385.26501,385.12,385.26501,17740
2026-05-28 12:35,385.01999,385.16,384.89999,385.16,29426
2026-05-28 12:36,384.875,384.98999,384.85001,384.98001,12109
2026-05-28 12:37,384.94009,385.01999,384.87509,384.89001,9945
2026-05-28 12:38,384.91,385.06989,384.87,384.98999,9756
2026-05-28 12:39,384.95001,385.0,384.92999,384.95999,14717
2026-05-28 12:40,385.04001,385.07999,384.95001,384.98999,17696
2026-05-28 12:41,384.89999,385.07999,384.88501,385.04001,15234
2026-05-28 12:42,385.0,385.12,384.89499,384.89999,16255
2026-05-28 12:43,384.84,385.01999,384.82999,384.98999,16761
2026-05-28 12:44,384.72501,384.85001,384.66,384.85001,18354
2026-05-28 12:45,384.82999,384.82999,384.64999,384.75,18018
2026-05-28 12:46,384.92001,384.94,384.8028,384.80499,12432
2026-05-28 12:47,384.99011,384.99011,384.89001,384.92001,15108
2026-05-28 12:48,384.85999,384.95999,384.82999,384.95999,23269
2026-05-28 12:49,384.73999,384.84,384.67001,384.84,14716
2026-05-28 12:50,384.48499,384.72,384.45001,384.60001,26543
2026-05-28 12:51,384.3219,384.51001,384.19,384.51001,34229
2026-05-28 12:52,384.41501,384.45999,384.19,384.32001,26118
2026-05-28 12:53,384.59009,384.63,384.405,384.41,19623
2026-05-28 12:54,384.42999,384.61429,384.42999,384.59,26282
2026-05-28 12:55,384.48999,384.5,384.41,384.42999,21205
2026-05-28 12:56,384.63501,384.66,384.47,384.5,17838
2026-05-28 12:57,384.89001,384.92001,384.62,384.62,19202
2026-05-28 12:58,385.04001,385.09,384.82999,384.88,32758
2026-05-28 12:59,384.89999,385.09,384.82001,385.04001,24902
2026-05-28 13:00,384.98999,385.06,384.89499,384.89999,15006
2026-05-28 13:01,385.04001,385.09799,384.95001,385.01999,12437
2026-05-28 13:02,385.01999,385.035,384.84,385.035,18020
2026-05-28 13:03,385.03,385.12,384.98001,385.0,19274
2026-05-28 13:04,384.97501,385.10999,384.95999,385.09,27056
2026-05-28 13:05,384.92499,385.10001,384.92001,384.9743,22349
2026-05-28 13:06,384.72,384.92999,384.70001,384.92499,21591
2026-05-28 13:07,384.7767,384.84,384.64999,384.73999,18027
2026-05-28 13:08,384.82999,384.85001,384.76001,384.76001,14626
2026-05-28 13:09,385.08279,385.09,384.85999,384.85999,21016
2026-05-28 13:10,384.85999,385.04001,384.85001,385.04001,15531
2026-05-28 13:11,384.785,384.90689,384.78,384.85001,15303
2026-05-28 13:12,384.84,384.92999,384.76001,384.78,15299
2026-05-28 13:13,384.9101,384.9101,384.76999,384.84,15288
2026-05-28 13:14,384.875,384.9299,384.82999,384.905,12266
2026-05-28 13:15,384.92999,384.98001,384.87,384.875,18344
2026-05-28 13:16,384.94,384.98999,384.85001,384.94,22889
2026-05-28 13:17,385.14999,385.14999,384.98001,384.98001,25347
2026-05-28 13:18,385.01501,385.17001,384.97,385.1329,17177
2026-05-28 13:19,385.09,385.09,384.92999,385.01749,16906
2026-05-28 13:20,385.32999,385.39999,385.07001,385.09,17789
2026-05-28 13:21,385.43951,385.45529,385.32001,385.35999,14175
2026-05-28 13:22,385.39001,385.57999,385.39001,385.45001,24569
2026-05-28 13:23,385.51001,385.54999,385.32999,385.41,21826
2026-05-28 13:24,385.81,385.81,385.51001,385.54999,28072
2026-05-28 13:25,385.87,385.97,385.8038,385.8299,21554
2026-05-28 13:26,386.22,386.255,385.85999,385.88,45790
2026-05-28 13:27,386.07999,386.23999,386.01001,386.23499,25311
2026-05-28 13:28,386.02499,386.19,385.95001,386.06979,32017
2026-05-28 13:29,385.97,386.04501,385.92001,386.04001,27722
2026-05-28 13:30,386.28,386.35001,386.01001,386.01001,27863
2026-05-28 13:31,386.22,386.35999,386.12149,386.28,37525
2026-05-28 13:32,386.29001,386.45999,386.15811,386.25,82491
2026-05-28 13:33,386.79999,386.81,386.31,386.37,44665
2026-05-28 13:34,386.47,386.76999,386.29999,386.76999,30351
2026-05-28 13:35,386.42999,386.59,386.345,386.45001,26796
2026-05-28 13:36,386.39001,386.5,386.32999,386.41,41357
2026-05-28 13:37,386.315,386.48999,386.26001,386.41,53705
2026-05-28 13:38,386.32001,386.35501,386.185,386.32001,30318
2026-05-28 13:39,386.44,386.60999,386.31021,386.32001,54418
2026-05-28 13:40,386.45749,386.51001,386.3801,386.45999,38957
2026-05-28 13:41,386.88501,387.02499,386.39001,386.44,48424
2026-05-28 13:42,386.905,386.98001,386.82001,386.8501,27850
2026-05-28 13:43,386.88,386.95999,386.78,386.89001,27435
2026-05-28 13:44,386.59,386.91,386.59,386.89499,52249
2026-05-28 13:45,386.75629,386.78,386.60999,386.64001,17828
2026-05-28 13:46,386.76999,386.95001,386.66,386.78989,21884
2026-05-28 13:47,386.8566,387.03,386.76001,386.76001,35555
2026-05-28 13:48,386.84,386.92001,386.82001,386.88501,18003
2026-05-28 13:49,386.98999,387.05499,386.78,386.84,25185
2026-05-28 13:50,386.92999,387.07001,386.76501,386.98499,33085
2026-05-28 13:51,386.75009,386.96991,386.73999,386.88089,37252
2026-05-28 13:52,386.285,386.79999,386.0459,386.77499,49624
2026-05-28 13:53,386.07501,386.35999,386.01999,386.23001,30690
2026-05-28 13:54,386.255,386.26999,386.04999,386.07501,24051
2026-05-28 13:55,386.19,386.29999,386.17001,386.245,23935
2026-05-28 13:56,385.90009,386.19,385.90009,386.18188,23493
2026-05-28 13:57,385.76001,386.07999,385.70999,385.9003,71635
2026-05-28 13:58,385.66,385.85001,385.51001,385.79501,22141
2026-05-28 13:59,385.69,385.79001,385.66,385.72,23635
2026-05-28 14:00,385.69,385.81,385.56,385.715,24011
2026-05-28 14:01,385.5,385.76999,385.42999,385.70511,24659
2026-05-28 14:02,385.39999,385.57001,385.23001,385.57001,29283
2026-05-28 14:03,385.42001,385.57001,385.35999,385.39999,25279
2026-05-28 14:04,385.89001,385.905,385.32999,385.39999,43537
2026-05-28 14:05,385.85999,385.91681,385.78,385.91681,11375
2026-05-28 14:06,385.64481,386.04001,385.64481,385.85999,22558
2026-05-28 14:07,385.70999,385.76971,385.4469,385.64999,14652
2026-05-28 14:08,385.79999,385.79999,385.57001,385.73001,25914
2026-05-28 14:09,385.73499,385.85001,385.69,385.815,15711
2026-05-28 14:10,385.91501,385.95999,385.72,385.75,15387
2026-05-28 14:11,385.79001,385.98999,385.75,385.92001,16268
2026-05-28 14:12,385.79001,385.79999,385.70001,385.76001,15438
2026-05-28 14:13,385.965,386.01001,385.75,385.76999,14024
2026-05-28 14:14,386.04001,386.22,385.94,385.94,17673
2026-05-28 14:15,386.388,386.42999,386.01999,386.01999,16449
2026-05-28 14:16,386.57999,386.75,386.311,386.3775,51351
2026-05-28 14:17,386.47,386.64001,386.42999,386.60001,181453
2026-05-28 14:18,386.28,386.44,386.20001,386.44,24060
2026-05-28 14:19,386.16,386.28,386.14999,386.28,14073
2026-05-28 14:20,386.23999,386.28,386.16,386.17999,19507
2026-05-28 14:21,386.12,386.26001,386.11499,386.23499,18589
2026-05-28 14:22,386.23001,386.32001,386.13519,386.16,18711
2026-05-28 14:23,386.34,386.34,386.16,386.22501,15244
2026-05-28 14:24,386.35001,386.41,386.29999,386.31,12746
2026-05-28 14:25,386.52499,386.54001,386.35999,386.35999,19754
2026-05-28 14:26,386.69501,386.69989,386.54001,386.565,18774
2026-05-28 14:27,386.60001,386.85999,386.5582,386.685,19223
2026-05-28 14:28,386.67999,386.92001,386.60001,386.60001,27839
2026-05-28 14:29,386.45001,386.66,386.41959,386.66,18609
2026-05-28 14:30,386.625,386.63,386.32001,386.4201,29420
2026-05-28 14:31,386.44,386.72,386.36499,386.64499,16302
2026-05-28 14:32,386.44,386.45999,386.36011,386.45999,12336
2026-05-28 14:33,386.72501,386.72501,386.37,386.42099,29404
2026-05-28 14:34,386.81,386.82001,386.56009,386.81,33929
2026-05-28 14:35,386.39499,386.85999,386.36011,386.81,20997
2026-05-28 14:36,386.44,386.47,386.22,386.37,20747
2026-05-28 14:37,386.57001,386.57001,386.41,386.41,13924
2026-05-28 14:38,386.66119,386.84,386.53,386.55011,22506
2026-05-28 14:39,386.60999,386.73999,386.58499,386.67499,11672
2026-05-28 14:40,386.70499,386.70999,386.57999,386.57999,12788
2026-05-28 14:41,386.95999,386.97,386.69,386.70499,15329
2026-05-28 14:42,387.33499,387.35001,386.91,386.97501,52745
2026-05-28 14:43,387.04501,387.29999,386.92001,387.29999,34222
2026-05-28 14:44,386.98001,387.12,386.98001,387.03,20540
2026-05-28 14:45,387.19,387.22,386.98001,386.98999,36587
2026-05-28 14:46,387.23999,387.32999,387.17001,387.20001,14070
2026-05-28 14:47,387.10001,387.27701,387.01001,387.26501,27014
2026-05-28 14:48,387.005,387.16,386.96609,387.095,15589
2026-05-28 14:49,387.01001,387.09,386.98999,387.0051,18767
2026-05-28 14:50,387.01999,387.04001,386.89001,386.95999,22988
2026-05-28 14:51,387.25,387.26001,387.03,387.06,20110
2026-05-28 14:52,387.04001,387.25,387.0,387.23999,12969
2026-05-28 14:53,387.06,387.10999,386.98999,387.02499,27039
2026-05-28 14:54,387.01749,387.14999,386.97,387.10999,21089
2026-05-28 14:55,387.14499,387.20001,386.95001,386.99011,26768
2026-05-28 14:56,386.98999,387.1199,386.89001,387.10999,24071
2026-05-28 14:57,386.70999,386.99991,386.69501,386.98999,21874
2026-05-28 14:58,386.79501,386.79999,386.63,386.72,34414
2026-05-28 14:59,386.41,386.80701,386.41,386.78,21890
2026-05-28 15:00,386.3501,386.47,386.26999,386.42001,40047
2026-05-28 15:01,386.41,386.41,386.31,386.35751,13520
2026-05-28 15:02,386.57999,386.63,386.35999,386.38,26079
2026-05-28 15:03,386.53,386.63,386.51999,386.56,12419
2026-05-28 15:04,386.66519,386.67001,386.51999,386.54001,20149
2026-05-28 15:05,386.69,386.70999,386.60999,386.69681,14569
2026-05-28 15:06,386.70499,386.75,386.67001,386.67999,12530
2026-05-28 15:07,386.81519,386.84,386.70001,386.70499,15695
2026-05-28 15:08,386.59,386.85501,386.59,386.79001,21275
2026-05-28 15:09,386.5499,386.60001,386.38,386.57999,30545
2026-05-28 15:10,386.655,386.655,386.51999,386.54999,9001
2026-05-28 15:11,386.73001,386.73001,386.4101,386.655,15134
2026-05-28 15:12,386.73999,386.95001,386.70001,386.7395,17112
2026-05-28 15:13,386.66501,386.85001,386.595,386.72501,18614
2026-05-28 15:14,386.5,386.66501,386.47,386.66501,16592
2026-05-28 15:15,386.73001,386.75,386.44501,386.47,138842
2026-05-28 15:16,386.84991,386.85501,386.73001,386.73001,36078
2026-05-28 15:17,386.60999,386.85001,386.60999,386.79001,22786
2026-05-28 15:18,386.59,386.67001,386.51001,386.59241,19375
2026-05-28 15:19,386.67999,386.72,386.57999,386.62,21909
2026-05-28 15:20,386.6601,386.73001,386.61011,386.685,27659
2026-05-28 15:21,386.60999,386.6492,386.56,386.63501,19926
2026-05-28 15:22,386.57001,386.66501,386.56,386.61731,12651
2026-05-28 15:23,386.67001,386.67999,386.51999,386.58499,23951
2026-05-28 15:24,386.79999,386.82999,386.66,386.66,21627
2026-05-28 15:25,386.87,386.94,386.76999,386.785,777503
2026-05-28 15:26,386.815,386.8999,386.69501,386.88,16931
2026-05-28 15:27,386.76999,386.85001,386.73001,386.79001,22948
2026-05-28 15:28,387.0,387.04001,386.67999,386.76999,23903
2026-05-28 15:29,386.95499,387.06,386.93011,387.01999,16264
2026-05-28 15:30,387.26999,387.31,386.95999,386.95999,17723
2026-05-28 15:31,387.38,387.44,387.2301,387.26001,25099
2026-05-28 15:32,387.43341,387.5,387.29001,387.34,19410
2026-05-28 15:33,387.26501,387.48001,387.26501,387.48001,12799
2026-05-28 15:34,387.17999,387.3465,387.16,387.25,35006
2026-05-28 15:35,387.42999,387.42999,387.14001,387.19,25401
2026-05-28 15:36,387.56,387.59,387.39999,387.42999,21067
2026-05-28 15:37,387.69501,387.73001,387.57999,387.57999,26877
2026-05-28 15:38,387.70999,387.85001,387.64999,387.68909,34793
2026-05-28 15:39,387.70999,387.73001,387.64499,387.67001,17415
2026-05-28 15:40,387.48001,387.73999,387.48001,387.73001,30454
2026-05-28 15:41,387.50989,387.53,387.35001,387.51001,35763
2026-05-28 15:42,387.29501,387.54999,387.29501,387.4689,24741
2026-05-28 15:43,387.19,387.36499,387.14999,387.29501,27854
2026-05-28 15:44,387.22,387.32001,387.17001,387.17001,25037
2026-05-28 15:45,387.14499,387.19,387.04999,387.19,32228
2026-05-28 15:46,387.25,387.29999,387.11081,387.14499,29922
2026-05-28 15:47,387.05499,387.22,387.04501,387.22,28350
2026-05-28 15:48,387.03,387.09,386.97,387.04001,25135
2026-05-28 15:49,386.92709,387.10001,386.91501,387.035,31459
2026-05-28 15:50,386.95999,387.03,386.48999,386.81,74087
2026-05-28 15:51,386.72,386.97,386.72,386.97,39070
2026-05-28 15:52,386.58011,386.98001,386.58011,386.72,60467
2026-05-28 15:53,386.64001,386.87,386.57001,386.6145,51168
2026-05-28 15:54,386.45999,386.72,386.13,386.64001,104606
2026-05-28 15:55,385.76501,386.42499,385.76501,386.39999,102181
2026-05-28 15:56,385.97,386.0,385.66,385.78,150822
2026-05-28 15:57,386.13,386.20999,385.95001,385.97,113501
2026-05-28 15:58,386.19,386.29001,386.06,386.12,115579
2026-05-28 15:59,386.14999,386.38,386.04001,386.19,231988
2026-05-29 09:30,379.76999,381.23001,378.60001,381.20001,1277925
2026-05-29 09:31,380.03659,380.67999,379.07001,379.82001,205158
2026-05-29 09:32,378.86499,380.06,378.60001,379.94,120942
2026-05-29 09:33,377.91,379.17001,377.75009,378.91351,220943
2026-05-29 09:34,376.98999,377.995,376.59,377.98001,219856
2026-05-29 09:35,378.25,378.29001,376.7001,376.94,160336
2026-05-29 09:36,379.17001,379.23999,378.20001,378.25,196194
2026-05-29 09:37,379.6348,379.79999,378.92001,379.17999,115077
2026-05-29 09:38,379.11499,379.745,379.0,379.64499,78404
2026-05-29 09:39,379.12,379.20001,378.70999,379.12,79880
2026-05-29 09:40,379.39001,379.5,378.94009,379.10001,106118
2026-05-29 09:41,379.94,380.20999,379.26999,379.42001,78851
2026-05-29 09:42,379.67999,380.0,379.35001,379.95999,56138
2026-05-29 09:43,379.56,380.06,379.53,379.64001,83321
2026-05-29 09:44,379.70999,379.78,378.91,379.54999,90395
2026-05-29 09:45,379.31,379.83499,379.12,379.745,72647
2026-05-29 09:46,379.70499,379.92999,379.14001,379.26001,54914
2026-05-29 09:47,380.52499,380.76999,379.54001,379.69501,76669
2026-05-29 09:48,380.22501,380.69989,379.92001,380.4801,71798
2026-05-29 09:49,380.17999,380.45999,379.92999,380.22,48062
2026-05-29 09:50,380.745,380.82501,380.02011,380.26001,70591
2026-05-29 09:51,380.405,380.82999,380.37,380.76999,73611
2026-05-29 09:52,380.67001,380.76001,380.25,380.41,77382
2026-05-29 09:53,381.04001,381.065,380.57999,380.67001,77243
2026-05-29 09:54,380.845,381.10001,380.60001,381.01001,81597
2026-05-29 09:55,380.78,380.82999,380.54999,380.81,49432
2026-05-29 09:56,381.08499,381.1488,380.79001,380.8475,84947
2026-05-29 09:57,381.25,381.29999,381.06,381.1066,50932
2026-05-29 09:58,381.47,381.63,381.17001,381.28,81596
2026-05-29 09:59,381.5,381.64999,381.01001,381.45001,81832
2026-05-29 10:00,381.10999,381.63,381.01001,381.51001,51676
2026-05-29 10:01,381.14999,381.20001,380.70001,381.10999,72784
2026-05-29 10:02,381.0401,381.33011,380.94,381.17001,31817
2026-05-29 10:03,381.125,381.125,380.85999,381.09,44998
2026-05-29 10:04,381.01999,381.17001,380.67001,381.10999,47220
2026-05-29 10:05,380.8201,381.12,380.79001,381.01999,39411
2026-05-29 10:06,381.17999,381.215,380.82999,380.84,34374
2026-05-29 10:07,381.03,381.25,380.95999,381.14999,31276
2026-05-29 10:08,380.57999,381.07001,380.57001,381.07001,35363
2026-05-29 10:09,380.595,380.81,380.56,380.60001,34661
2026-05-29 10:10,380.39001,380.77499,380.22,380.60001,69088
2026-05-29 10:11,380.20999,380.60001,380.20999,380.34149,49871
2026-05-29 10:12,380.85999,380.91,380.07999,380.22,52250
2026-05-29 10:13,380.31009,380.87,380.30899,380.85001,67829
2026-05-29 10:14,379.70999,380.64001,379.53,380.3244,146094
2026-05-29 10:15,379.72,379.93991,379.46011,379.76001,79256
2026-05-29 10:16,379.62,379.79501,379.53,379.72,55249
2026-05-29 10:17,380.14001,380.39001,379.59,379.63,46652
2026-05-29 10:18,379.95999,380.35001,379.88,380.20001,53719
2026-05-29 10:19,379.8801,380.09,379.57999,380.02499,65448
2026-05-29 10:20,379.845,380.05829,379.76999,379.88,47196
2026-05-29 10:21,379.55499,379.85001,379.53,379.79999,28872
2026-05-29 10:22,379.54999,379.76001,379.53,379.57001,30537
2026-05-29 10:23,379.19,379.51999,379.12,379.51999,55625
2026-05-29 10:24,379.04999,379.41989,379.0,379.23001,56918
2026-05-29 10:25,379.12,379.20001,378.76999,379.04999,92692
2026-05-29 10:26,379.10501,379.20001,378.89001,379.13,46131
2026-05-29 10:27,379.51999,379.57001,379.01501,379.10999,56096
2026-05-29 10:28,379.95001,379.98001,379.57999,379.57999,68225
2026-05-29 10:29,379.92001,380.09,379.67001,379.92001,62342
2026-05-29 10:30,379.85999,380.01999,379.75,379.89999,42634
2026-05-29 10:31,379.64001,379.858,379.57999,379.84,36913
2026-05-29 10:32,379.32001,379.77499,379.26501,379.64001,54041
2026-05-29 10:33,379.42001,379.56,379.315,379.32001,33241
2026-05-29 10:34,379.42001,379.45001,379.31,379.42999,27183
2026-05-29 10:35,379.28,379.51001,379.20999,379.42001,36830
2026-05-29 10:36,379.1601,379.32999,379.09,379.29999,28415
2026-05-29 10:37,378.72,379.17999,378.64999,379.16,74599
2026-05-29 10:38,378.73001,378.755,378.53,378.67001,65661
2026-05-29 10:39,378.56,378.72,378.5,378.70999,59446
2026-05-29 10:40,378.75,378.95001,378.55499,378.55499,67936
2026-05-29 10:41,378.60999,378.85001,378.54999,378.73999,56330
2026-05-29 10:42,377.815,378.60001,377.79001,378.60001,117875
2026-05-29 10:43,377.5,377.88501,377.45001,377.82001,70991
2026-05-29 10:44,377.45001,377.63,377.28,377.45999,76832
2026-05-29 10:45,377.45001,377.465,377.20999,377.44211,73646
2026-05-29 10:46,377.56631,377.64499,377.32001,377.45499,45967
2026-05-29 10:47,377.76999,377.82501,377.44,377.5719,83229
2026-05-29 10:48,378.01001,378.01999,377.75,377.77499,34220
2026-05-29 10:49,378.10999,378.255,377.98999,377.9957,36649
2026-05-29 10:50,378.79001,378.79001,378.125,378.125,43720
2026-05-29 10:51,379.25,379.60001,378.59,378.76001,110014
2026-05-29 10:52,379.13,379.39001,378.965,379.23999,44394
2026-05-29 10:53,379.22,379.39001,379.03,379.125,52393
2026-05-29 10:54,379.06,379.59,378.96631,379.16,62028
2026-05-29 10:55,379.37,379.39999,379.01001,379.03,20532
2026-05-29 10:56,379.28,379.42001,379.20999,379.37,23042
2026-05-29 10:57,378.94,379.35001,378.8801,379.32999,29804
2026-05-29 10:58,378.89001,379.07001,378.79999,378.95999,32320
2026-05-29 10:59,379.04001,379.06,378.82999,378.89001,31390
2026-05-29 11:00,379.03,379.38501,379.0,379.04001,29343
2026-05-29 11:01,378.87,379.20001,378.84,379.07001,29184
2026-05-29 11:02,378.94,378.97519,378.67999,378.89499,30911
2026-05-29 11:03,379.27011,379.29999,378.85001,378.91,34751
2026-05-29 11:04,379.35751,379.4339,379.25,379.25,24478
2026-05-29 11:05,379.535,379.56,379.31,379.32999,28669
2026-05-29 11:06,379.77271,379.79999,379.53,379.56,28101
2026-05-29 11:07,379.73999,379.82999,379.69,379.78,28764
2026-05-29 11:08,379.85999,379.97,379.63,379.75,26688
2026-05-29 11:09,379.965,380.07001,379.85001,379.88,31564
2026-05-29 11:10,379.95001,380.04501,379.88501,379.95999,14326
2026-05-29 11:11,380.0,380.035,379.89999,379.95001,23519
2026-05-29 11:12,380.1199,380.14001,380.01999,380.01999,18052
2026-05-29 11:13,379.91,380.14789,379.89001,380.10999,27316
2026-05-29 11:14,379.82501,379.91,379.70001,379.89001,22097
2026-05-29 11:15,380.0,380.16251,379.82001,379.87,22506
2026-05-29 11:16,379.79001,379.95999,379.63,379.95999,21930
2026-05-29 11:17,379.73999,379.87,379.72,379.76001,15846
2026-05-29 11:18,379.54001,379.73001,379.45999,379.73001,31542
2026-05-29 11:19,379.5499,379.64001,379.48999,379.54001,17125
2026-05-29 11:20,379.69,379.69,379.14999,379.51999,33370
2026-05-29 11:21,379.79999,379.91,379.67999,379.6951,19971
2026-05-29 11:22,379.92001,379.92001,379.67001,379.78,16436
2026-05-29 11:23,380.25,380.25,379.84009,379.87,14338
2026-05-29 11:24,380.32001,380.38,380.22,380.26501,20208
2026-05-29 11:25,380.04001,380.34,380.04001,380.3201,17761
2026-05-29 11:26,379.97198,380.20001,379.97198,380.07001,19245
2026-05-29 11:27,379.98999,380.04001,379.85001,379.97,17113
2026-05-29 11:28,380.20001,380.20001,380.0,380.0,13688
2026-05-29 11:29,379.80011,380.29001,379.80011,380.20001,26745
2026-05-29 11:30,379.97,380.06,379.82001,379.95999,16749
2026-05-29 11:31,380.03989,380.0499,379.89999,379.98111,12860
2026-05-29 11:32,380.1601,380.20999,380.0,380.04999,14048
2026-05-29 11:33,380.17999,380.25,380.10999,380.16,11641
2026-05-29 11:34,380.04999,380.20999,380.01999,380.12,19973
2026-05-29 11:35,380.12009,380.17529,380.01001,380.04001,10500
2026-05-29 11:36,380.09,380.26001,380.07001,380.17999,17034
2026-05-29 11:37,379.60999,380.147,379.57999,380.10999,31656
2026-05-29 11:38,379.57999,379.66989,379.47,379.59,20313
2026-05-29 11:39,379.72,379.75,379.57001,379.59,21966
2026-05-29 11:40,379.85999,379.89999,379.70001,379.70999,23280
2026-05-29 11:41,379.7001,379.89999,379.63,379.85999,28776
2026-05-29 11:42,379.60999,379.73001,379.56,379.70001,16783
2026-05-29 11:43,379.4917,379.57001,379.45999,379.54999,15894
2026-05-29 11:44,379.56,379.62,379.45999,379.48999,17712
2026-05-29 11:45,379.34,379.54999,379.29999,379.535,16085
2026-05-29 11:46,379.26999,379.39499,379.16,379.35999,21798
2026-05-29 11:47,379.34,379.34,379.14999,379.26999,14447
2026-05-29 11:48,379.0563,379.35999,379.0,379.35001,33222
2026-05-29 11:49,379.23999,379.26001,379.01001,379.04999,22913
2026-05-29 11:50,379.14001,379.42001,379.10001,379.23999,23294
2026-05-29 11:51,379.26999,379.32001,379.10001,379.14001,13470
2026-05-29 11:52,379.32501,379.35001,379.25,379.29001,15073
2026-05-29 11:53,379.3299,379.37,379.07001,379.31,26540
2026-05-29 11:54,379.25,379.28,379.25,379.25,19036
2026-05-29 11:55,379.19,379.29999,379.10001,379.23999,13262
2026-05-29 11:56,379.26001,379.29999,379.16,379.19,11994
2026-05-29 11:57,379.26999,379.32999,379.10001,379.29001,18362
2026-05-29 11:58,379.10999,379.29001,379.0401,379.26501,22265
2026-05-29 11:59,379.14001,379.23001,379.04001,379.10999,14138
2026-05-29 12:00,379.09,379.16,378.94,379.14999,45193
2026-05-29 12:01,379.53,379.53,379.06,379.09,33175
2026-05-29 12:02,379.33499,379.59,379.32001,379.51999,21126
2026-05-29 12:03,379.34079,379.42999,379.32999,379.34991,13932
2026-05-29 12:04,379.44,379.51001,379.34,379.34,16211
2026-05-29 12:05,379.39999,379.4599,379.26999,379.4599,24516
2026-05-29 12:06,379.44,379.48999,379.37,379.39999,14593
2026-05-29 12:07,379.5,379.53,379.39001,379.44,14618
2026-05-29 12:08,379.61499,379.70499,379.45999,379.48001,25908
2026-05-29 12:09,379.70999,379.78,379.57001,379.57001,34671
2026-05-29 12:10,379.62,379.73999,379.57001,379.72,18473
2026-05-29 12:11,379.57999,379.76999,379.55499,379.64499,13865
2026-05-29 12:12,379.47,379.57999,379.39999,379.57999,19086
2026-05-29 12:13,379.60001,379.60001,379.31,379.49011,21364
2026-05-29 12:14,379.73999,379.73999,379.48001,379.57999,22766
2026-05-29 12:15,379.82999,379.84,379.66,379.70999,22375
2026-05-29 12:16,379.97119,380.10001,379.81,379.81,30482
2026-05-29 12:17,380.17001,380.30881,379.92999,379.98499,23095
2026-05-29 12:18,379.85999,380.17999,379.8501,380.17999,20597
2026-05-29 12:19,379.73001,379.95001,379.70999,379.875,14733
2026-05-29 12:20,379.67001,379.73001,379.60999,379.73001,22296
2026-05-29 12:21,379.85001,379.88501,379.60001,379.64999,30870
2026-05-29 12:22,380.03,380.05499,379.845,379.845,23311
2026-05-29 12:23,380.11951,380.20999,380.03,380.04999,23245
2026-05-29 12:24,379.81,380.10999,379.81,380.09,22698
2026-05-29 12:25,379.82901,379.84,379.67001,379.82001,30013
2026-05-29 12:26,379.78021,379.84,379.76001,379.81,13287
2026-05-29 12:27,379.85999,379.91,379.76999,379.82001,36309
2026-05-29 12:28,379.94,380.0499,379.84,379.85001,518084
2026-05-29 12:29,379.70499,379.95001,379.67001,379.95001,32354
2026-05-29 12:30,379.32501,379.76999,379.29001,379.69,34524
2026-05-29 12:31,379.44,379.79001,379.17999,379.315,93143
2026-05-29 12:32,379.42001,379.54999,379.315,379.44,25744
2026-05-29 12:33,379.51999,379.57999,379.29999,379.39001,18722
2026-05-29 12:34,379.51999,379.64001,379.41,379.46439,16861
2026-05-29 12:35,379.47501,379.54501,379.45001,379.51999,10731
2026-05-29 12:36,379.42001,379.57001,379.39999,379.47501,22121
2026-05-29 12:37,379.54001,379.78,379.42999,379.42999,22890
2026-05-29 12:38,379.58499,379.62,379.45999,379.53,25083
2026-05-29 12:39,379.685,379.70999,379.51501,379.60001,15687
2026-05-29 12:40,379.59,379.75,379.59,379.70001,22545
2026-05-29 12:41,379.785,379.88,379.55499,379.595,21376
2026-05-29 12:42,379.92001,380.08981,379.76999,379.785,28388
2026-05-29 12:43,379.89499,380.005,379.85999,379.94,113653
2026-05-29 12:44,379.72,379.89999,379.64001,379.8829,27938
2026-05-29 12:45,379.51999,379.71991,379.47,379.71991,17592
2026-05-29 12:46,379.48001,379.54999,379.38,379.54001,19062
2026-05-29 12:47,379.32999,379.48499,379.28,379.48001,22628
2026-05-29 12:48,379.35281,379.38,379.28,379.315,18188
2026-05-29 12:49,379.30499,379.44,379.23999,379.37,42833
2026-05-29 12:50,379.31,379.39001,379.26001,379.29999,22897
2026-05-29 12:51,379.3201,379.49911,379.31,379.315,22472
2026-05-29 12:52,379.39999,379.39999,379.10999,379.315,21262
2026-05-29 12:53,379.35001,379.48001,379.28,379.392,21695
2026-05-29 12:54,379.22,379.42441,379.14011,379.33499,21376
2026-05-29 12:55,379.10001,379.27371,379.08011,379.22501,22059
2026-05-29 12:56,379.06,379.19989,379.0,379.06,35694
2026-05-29 12:57,379.07001,379.07761,378.76999,379.06,41077
2026-05-29 12:58,379.14999,379.17999,379.03,379.07001,217730
2026-05-29 12:59,379.22,379.255,379.14999,379.14999,15613
2026-05-29 13:00,379.36499,379.37,379.20999,379.23001,15470
2026-05-29 13:01,379.38,379.43701,379.30499,379.35001,12721
2026-05-29 13:02,379.19,379.38,379.16,379.38,12557
2026-05-29 13:03,379.09,379.22501,379.07999,379.20999,12593
2026-05-29 13:04,378.94,379.13,378.92999,379.10999,19680
2026-05-29 13:05,378.91,378.98999,378.81,378.92999,22029
2026-05-29 13:06,378.95999,378.97,378.85001,378.89999,14753
2026-05-29 13:07,378.935,378.98999,378.91,378.95499,19055
2026-05-29 13:08,379.01001,379.08441,378.94,378.94,21980
2026-05-29 13:09,379.03,379.04999,378.93069,379.01501,18542
2026-05-29 13:10,378.99991,379.17001,378.97501,379.04001,30053
2026-05-29 13:11,378.89999,378.96179,378.82001,378.95001,24703
2026-05-29 13:12,378.84009,379.0199,378.79999,378.94,25080
2026-05-29 13:13,379.10999,379.13501,378.82001,378.85999,11224
2026-05-29 13:14,378.83499,379.10001,378.79999,379.10001,9993
2026-05-29 13:15,378.78,378.89001,378.75,378.83511,27202
2026-05-29 13:16,378.97009,378.98999,378.76999,378.7767,10300
2026-05-29 13:17,378.90991,379.04001,378.87,378.98999,273328
2026-05-29 13:18,378.73999,378.94,378.73999,378.89001,31592
2026-05-29 13:19,378.87,378.88501,378.69,378.73001,20660
2026-05-29 13:20,378.64999,378.95001,378.64999,378.85999,21895
2026-05-29 13:21,378.69501,378.82999,378.54001,378.64999,26463
2026-05-29 13:22,378.64001,378.73001,378.63,378.72,17186
2026-05-29 13:23,378.51001,378.66,378.39999,378.64001,26626
2026-05-29 13:24,378.76001,378.84,378.48911,378.51001,26391
2026-05-29 13:25,378.78,378.97,378.6326,378.76999,17516
2026-05-29 13:26,378.785,378.83289,378.70999,378.7601,14692
2026-05-29 13:27,378.91751,378.95001,378.79001,378.79001,13904
2026-05-29 13:28,379.07001,379.10001,378.87,378.905,19740
2026-05-29 13:29,379.06,379.23999,379.06,379.06,11628
2026-05-29 13:30,378.89999,379.09,378.88,379.065,21033
2026-05-29 13:31,379.06,379.09,378.91501,378.92001,11551
2026-05-29 13:32,379.21011,379.30991,378.92999,379.05991,27787
2026-05-29 13:33,379.13989,379.26501,379.04999,379.26501,18335
2026-05-29 13:34,379.29999,379.31,379.14001,379.14001,13443
2026-05-29 13:35,379.29001,379.35999,379.28,379.35001,10289
2026-05-29 13:36,379.5,379.51001,379.29001,379.29001,22075
2026-05-29 13:37,379.60501,379.60999,379.42999,379.5,19122
2026-05-29 13:38,379.51999,379.70999,379.51001,379.62,14219
2026-05-29 13:39,379.41,379.51999,379.35999,379.51999,17226
2026-05-29 13:40,379.35999,379.45831,379.34,379.41501,11854
2026-05-29 13:41,379.23499,379.39001,379.16,379.37,19492
2026-05-29 13:42,379.16,379.26999,379.12,379.22,16932
2026-05-29 13:43,379.16,379.19,379.10999,379.17999,18083
2026-05-29 13:44,379.30499,379.32001,379.12,379.12,12612
2026-05-29 13:45,379.50009,379.51001,379.30499,379.30499,17075
2026-05-29 13:46,379.69501,379.70999,379.52499,379.52499,13837
2026-05-29 13:47,379.79999,379.86499,379.69,379.72,18126
2026-05-29 13:48,379.745,379.82999,379.67999,379.82501,26535
2026-05-29 13:49,379.625,379.76001,379.57999,379.745,15985
2026-05-29 13:50,379.54001,379.64999,379.41,379.63989,15059
2026-05-29 13:51,379.48999,379.63,379.48999,379.54001,16578
2026-05-29 13:52,379.35999,379.48001,379.32001,379.47,21276
2026-05-29 13:53,379.13,379.39001,379.12,379.375,25237
2026-05-29 13:54,379.23001,379.25,379.06,379.14001,25349
2026-05-29 13:55,379.16,379.23999,379.10999,379.23999,14323
2026-05-29 13:56,379.1001,379.20001,379.1001,379.14999,16174
2026-05-29 13:57,379.03989,379.1499,378.88,379.125,24404
2026-05-29 13:58,378.95999,379.04001,378.89999,379.01999,15042
2026-05-29 13:59,378.92001,379.0,378.91501,378.92999,10720
2026-05-29 14:00,378.69,378.95001,378.63,378.92999,28066
2026-05-29 14:01,378.91769,379.01501,378.67001,378.70999,19323
2026-05-29 14:02,379.34,379.35999,378.89999,378.905,28642
2026-05-29 14:03,379.42999,379.44,379.28,379.32001,10905
2026-05-29 14:04,379.51001,379.52591,379.37,379.42499,13378
2026-05-29 14:05,379.71011,379.76001,379.48999,379.53,18677
2026-05-29 14:06,379.98001,380.0,379.70001,379.72,48217
2026-05-29 14:07,379.86499,379.94,379.715,379.92001,23690
2026-05-29 14:08,379.60999,379.87241,379.60001,379.86499,22819
2026-05-29 14:09,379.54001,379.64499,379.5,379.60001,20277
2026-05-29 14:10,379.47,379.56,379.45151,379.51999,10804
2026-05-29 14:11,379.54001,379.56,379.42999,379.47,16248
2026-05-29 14:12,379.44751,379.54001,379.42499,379.54001,14515
2026-05-29 14:13,379.35001,379.45999,379.32001,379.45999,14520
2026-05-29 14:14,379.32001,379.34509,379.17999,379.34509,19353
2026-05-29 14:15,379.16,379.39001,379.14001,379.315,13473
2026-05-29 14:16,379.08499,379.16,379.04001,379.16,14138
2026-05-29 14:17,379.03329,379.10999,379.03,379.10001,12357
2026-05-29 14:18,379.095,379.14001,379.005,379.01999,19627
2026-05-29 14:19,379.10999,379.17001,378.95999,379.095,26619
2026-05-29 14:20,379.12,379.16,379.06,379.10001,16856
2026-05-29 14:21,379.17999,379.22,379.10999,379.10999,12092
2026-05-29 14:22,379.38501,379.39999,379.17001,379.17001,20017
2026-05-29 14:23,379.37,379.39999,379.31,379.39001,14534
2026-05-29 14:24,379.41,379.45001,379.35999,379.37,26012
2026-05-29 14:25,379.44501,379.5686,379.41,379.43921,12970
2026-05-29 14:26,379.57001,379.67001,379.45999,379.45999,17573
2026-05-29 14:27,379.57999,379.64001,379.54999,379.57001,16409
2026-05-29 14:28,379.48999,379.64001,379.48999,379.57001,20141
2026-05-29 14:29,379.465,379.56,379.4501,379.5,15539
2026-05-29 14:30,379.51999,379.53,379.39999,379.48999,20775
2026-05-29 14:31,379.54001,379.62,379.5,379.51999,20708
2026-05-29 14:32,379.64001,379.67999,379.5083,379.54001,12493
2026-05-29 14:33,379.59,379.67999,379.57501,379.63501,11837
2026-05-29 14:34,379.495,379.66,379.47,379.59,16146
2026-05-29 14:35,379.38,379.53,379.38,379.495,16526
2026-05-29 14:36,379.255,379.38,379.20999,379.37,10859
2026-05-29 14:37,379.31,379.354,379.23999,379.26501,12746
2026-05-29 14:38,379.20999,379.32001,379.10001,379.31,16713
2026-05-29 14:39,379.095,379.26999,379.08499,379.20999,46052
2026-05-29 14:40,379.07001,379.14999,379.06,379.10001,19272
2026-05-29 14:41,379.07999,379.14999,378.98001,379.04999,22805
2026-05-29 14:42,379.17499,379.19,379.07999,379.10001,14898
2026-05-29 14:43,379.13,379.25,379.07999,379.16,25109
2026-05-29 14:44,379.0,379.16,378.92999,379.13,20309
2026-05-29 14:45,378.72501,379.04999,378.64999,379.01999,36505
2026-05-29 14:46,378.81,378.89001,378.67999,378.73001,20160
2026-05-29 14:47,378.72,378.91501,378.70001,378.82999,15527
2026-05-29 14:48,378.66,378.73999,378.60999,378.70999,16844
2026-05-29 14:49,378.51001,378.75,378.42999,378.64999,26025
2026-05-29 14:50,378.61499,378.66,378.32001,378.48001,17716
2026-05-29 14:51,378.41,378.63,378.39001,378.62,19647
2026-05-29 14:52,378.375,378.48001,378.32999,378.39999,21547
2026-05-29 14:53,378.31,378.39999,378.29999,378.375,22189
2026-05-29 14:54,378.35001,378.42001,378.25,378.29001,23732
2026-05-29 14:55,378.41,378.45001,378.29999,378.345,15213
2026-05-29 14:56,378.14001,378.42999,378.12,378.39999,24650
2026-05-29 14:57,378.32001,378.35999,378.12,378.14011,20458
2026-05-29 14:58,378.29999,378.34,378.04001,378.32501,33743
2026-05-29 14:59,378.245,378.42001,378.245,378.29999,27955
2026-05-29 15:00,378.38,378.42999,378.26001,378.26999,34180
2026-05-29 15:01,378.34,378.38,378.25,378.38,35504
2026-05-29 15:02,378.46991,378.48999,378.35001,378.35001,34243
2026-05-29 15:03,378.73999,378.76999,378.37,378.42001,31648
2026-05-29 15:04,378.84,378.85001,378.69,378.69,22804
2026-05-29 15:05,378.79001,378.87,378.785,378.79999,26843
2026-05-29 15:06,378.98001,379.04001,378.8013,378.81,16996
2026-05-29 15:07,378.98001,379.01999,378.89999,378.98001,10854
2026-05-29 15:08,378.92999,378.98999,378.89001,378.98801,16688
2026-05-29 15:09,378.83499,378.94,378.82001,378.92001,18380
2026-05-29 15:10,378.78,378.84,378.73999,378.82001,13158
2026-05-29 15:11,378.72,378.79001,378.66,378.76999,16642
2026-05-29 15:12,378.685,378.75,378.64001,378.75,545263
2026-05-29 15:13,378.72,378.72,378.60001,378.685,24487
2026-05-29 15:14,378.64999,378.73999,378.56,378.72,17171
2026-05-29 15:15,378.51001,378.655,378.51001,378.64001,21861
2026-05-29 15:16,378.54999,378.62,378.39999,378.54999,34859
2026-05-29 15:17,378.095,378.535,378.06,378.535,27238
2026-05-29 15:18,378.09,378.20499,378.03,378.095,22376
2026-05-29 15:19,378.13,378.26999,378.0,378.0899,42362
2026-05-29 15:20,378.26001,378.26999,378.125,378.16,21480
2026-05-29 15:21,378.32999,378.32999,378.20001,378.26001,23612
2026-05-29 15:22,378.30991,378.35501,378.26999,378.32999,20555
2026-05-29 15:23,378.37,378.42999,378.27869,378.30991,30107
2026-05-29 15:24,378.56,378.625,378.35999,378.38,33914
2026-05-29 15:25,378.64999,378.6879,378.51999,378.54999,23418
2026-05-29 15:26,378.85999,378.89499,378.57999,378.64001,22007
2026-05-29 15:27,378.84,379.0,378.81039,378.89999,19176
2026-05-29 15:28,378.82999,378.88,378.82001,378.85001,17176
2026-05-29 15:29,378.97,379.07001,378.82999,378.82999,50156
2026-05-29 15:30,379.01001,379.17001,378.97391,378.98999,50344
2026-05-29 15:31,379.29001,379.32001,378.89001,378.98499,32010
2026-05-29 15:32,379.25,379.41,379.23001,379.285,24319
2026-05-29 15:33,379.14999,379.29999,379.14999,379.26001,24648
2026-05-29 15:34,379.09,379.17001,379.01999,379.16,27802
2026-05-29 15:35,379.01001,379.12,378.95001,379.10999,20834
2026-05-29 15:36,379.04001,379.04099,378.935,379.01999,23648
2026-05-29 15:37,379.03,379.07001,378.89001,379.01999,36065
2026-05-29 15:38,379.01999,379.07999,378.94009,379.06,24686
2026-05-29 15:39,378.95999,379.13,378.95779,379.00751,40680
2026-05-29 15:40,378.79001,378.97501,378.71921,378.97501,33564
2026-05-29 15:41,378.79999,378.82999,378.72009,378.77499,33718
2026-05-29 15:42,378.64001,378.81,378.60001,378.79001,40307
2026-05-29 15:43,378.58499,378.755,378.53,378.64001,51097
2026-05-29 15:44,378.44,378.63,378.38,378.57001,50664
2026-05-29 15:45,378.10001,378.47,378.09,378.44,37038
2026-05-29 15:46,377.98499,378.12,377.82999,378.07999,81456
2026-05-29 15:47,377.98001,378.09,377.94,378.0,48361
2026-05-29 15:48,378.06,378.10999,377.95999,377.95999,40551
2026-05-29 15:49,378.17999,378.17999,377.95609,378.04999,64517
2026-05-29 15:50,375.595,378.23001,375.26999,378.17999,909375
2026-05-29 15:51,375.70001,375.87,374.29999,375.64001,610644
2026-05-29 15:52,376.47,376.81,375.5,375.70001,421090
2026-05-29 15:53,375.67001,376.5,375.17999,376.47,323856
2026-05-29 15:54,376.29999,376.45999,374.88,375.64999,397684
2026-05-29 15:55,375.927,376.94,375.39999,376.31,453131
2026-05-29 15:56,376.51001,376.60999,375.91,375.92999,320335
2026-05-29 15:57,376.14999,376.91,376.0,376.48999,475835
2026-05-29 15:58,376.35999,376.39001,376.14001,376.16,404296
2026-05-29 15:59,376.38,376.67999,376.26999,376.35001,899576
2026-06-01 09:30,372.79501,373.16,371.0,372.28101,1139038
2026-06-01 09:31,372.82999,373.64999,371.78,372.70001,123117
2026-06-01 09:32,373.01001,373.31,372.34,372.79999,60578
2026-06-01 09:33,371.79999,373.14001,371.57999,373.01001,60425
2026-06-01 09:34,371.98819,372.19,371.48001,371.70001,58478
2026-06-01 09:35,372.20001,372.98999,371.67001,372.10999,89623
2026-06-01 09:36,370.97989,372.28,370.39999,372.1601,132590
2026-06-01 09:37,370.5914,371.29001,370.47,370.89001,71293
2026-06-01 09:38,370.22,370.59,369.70999,370.59,180916
2026-06-01 09:39,370.17499,370.39001,369.81,370.22,61968
2026-06-01 09:40,370.67001,370.85999,370.01001,370.21561,70136
2026-06-01 09:41,370.95999,371.41501,370.57001,370.57001,42824
2026-06-01 09:42,371.80499,371.85501,370.94501,371.0,53425
2026-06-01 09:43,371.91571,372.10999,371.41,371.7149,48649
2026-06-01 09:44,371.42139,372.0,371.03,371.875,70025
2026-06-01 09:45,371.26501,371.82001,371.03,371.5,63508
2026-06-01 09:46,371.95999,371.95999,371.0,371.16,48568
2026-06-01 09:47,372.22501,372.56,371.7821,371.905,66986
2026-06-01 09:48,371.54999,372.39999,371.5,372.16501,71964
2026-06-01 09:49,371.76511,371.89001,371.34,371.54999,51292
2026-06-01 09:50,370.91,371.77499,370.73999,371.77499,52897
2026-06-01 09:51,370.7157,371.0,370.10001,370.91,76525
2026-06-01 09:52,370.82001,370.82001,370.42999,370.59,46331
2026-06-01 09:53,371.76999,371.76999,370.715,370.73001,58694
2026-06-01 09:54,371.30881,371.70901,371.16,371.66,51901
2026-06-01 09:55,371.20499,371.57001,371.16,371.29001,28398
2026-06-01 09:56,371.035,371.22,370.85999,371.19,48421
2026-06-01 09:57,370.94501,371.47,370.90009,371.01059,32295
2026-06-01 09:58,370.92999,371.285,370.82401,370.89999,31998
2026-06-01 09:59,371.10999,371.13,370.78,370.92001,33278
2026-06-01 10:00,370.95001,371.22,370.79929,371.07001,33602
2026-06-01 10:01,372.64499,372.73999,370.98001,370.98001,67098
2026-06-01 10:02,372.42999,372.67001,372.32999,372.60001,49873
2026-06-01 10:03,372.25,372.66,372.1301,372.37,44947
2026-06-01 10:04,372.0,372.45499,371.92499,372.26001,28322
2026-06-01 10:05,371.96469,372.28,371.87,372.01999,30348
2026-06-01 10:06,371.23999,372.0,371.1301,371.94501,34714
2026-06-01 10:07,371.10001,371.31,370.91,371.23999,43912
2026-06-01 10:08,371.41,371.47,370.91,371.14001,31084
2026-06-01 10:09,371.44,371.51001,371.125,371.39001,19922
2026-06-01 10:10,371.53751,371.75,371.38,371.4317,49990
2026-06-01 10:11,371.12,371.59,370.94,371.44009,39836
2026-06-01 10:12,371.22,371.28,370.90329,371.10001,30549
2026-06-01 10:13,371.26001,371.32999,370.88229,371.17499,27440
2026-06-01 10:14,370.82001,371.32001,370.63269,371.32001,46604
2026-06-01 10:15,371.0,371.19,370.79001,370.79001,21492
2026-06-01 10:16,371.70999,371.8699,371.04999,371.05499,31609
2026-06-01 10:17,370.89001,371.69,370.70001,371.69,33222
2026-06-01 10:18,370.87,371.29349,370.69,370.83499,70008
2026-06-01 10:19,371.23001,371.23999,370.84,370.90649,41245
2026-06-01 10:20,371.66,371.67999,371.155,371.155,61374
2026-06-01 10:21,371.69,371.82999,371.53,371.67999,63455
2026-06-01 10:22,371.94,372.01001,371.45999,371.69,116164
2026-06-01 10:23,371.69501,371.94,371.69,371.8501,45408
2026-06-01 10:24,371.82001,371.89001,371.63,371.73059,34542
2026-06-01 10:25,371.89999,372.0,371.70001,371.85999,67644
2026-06-01 10:26,371.85999,372.04001,371.73999,371.89999,57658
2026-06-01 10:27,372.14999,372.14999,371.8667,371.8667,48523
2026-06-01 10:28,372.47,372.55991,372.09,372.1301,41259
2026-06-01 10:29,372.06,372.5199,372.0,372.47501,38556
2026-06-01 10:30,372.17999,372.25989,371.89999,372.09,40401
2026-06-01 10:31,372.03,372.22,371.88,372.17499,53619
2026-06-01 10:32,372.5101,372.76999,372.01999,372.01999,50183
2026-06-01 10:33,372.42001,372.76999,372.38501,372.56,29564
2026-06-01 10:34,372.25,372.42001,372.0,372.42001,33115
2026-06-01 10:35,372.04999,372.33499,372.01001,372.29501,30680
2026-06-01 10:36,372.22501,372.47,372.07501,372.07501,19331
2026-06-01 10:37,372.15921,372.35501,372.12,372.215,21369
2026-06-01 10:38,372.16,372.39999,372.07999,372.19,35621
2026-06-01 10:39,372.13501,372.48001,372.04001,372.125,28897
2026-06-01 10:40,372.17599,372.23999,372.01001,372.13,33702
2026-06-01 10:41,372.29001,372.42999,372.10001,372.17001,33000
2026-06-01 10:42,372.47031,372.60059,372.29001,372.29001,34687
2026-06-01 10:43,372.39999,372.54999,372.35001,372.47009,17308
2026-06-01 10:44,372.44,372.505,372.29001,372.47,20166
2026-06-01 10:45,372.37,372.60001,372.26001,372.48001,18333
2026-06-01 10:46,372.47501,372.5,372.29999,372.32999,17374
2026-06-01 10:47,372.73499,372.98999,372.42001,372.48001,22489
2026-06-01 10:48,373.17999,373.22501,372.69501,372.75,38477
2026-06-01 10:49,373.01999,373.16501,372.96411,373.14999,23319
2026-06-01 10:50,373.05499,373.12,373.0,373.04999,19618
2026-06-01 10:51,372.91,373.10001,372.91,373.04999,21470
2026-06-01 10:52,372.875,373.0,372.82001,372.91,15130
2026-06-01 10:53,373.0,373.10001,372.82999,372.82999,18731
2026-06-01 10:54,372.67001,373.005,372.67001,372.95999,20714
2026-06-01 10:55,372.76001,372.78,372.64499,372.64499,16618
2026-06-01 10:56,372.76001,372.84,372.71399,372.78,13905
2026-06-01 10:57,372.67111,372.76999,372.54001,372.755,23388
2026-06-01 10:58,372.72,372.73999,372.57401,372.64999,15862
2026-06-01 10:59,372.67001,372.72,372.44431,372.69019,21290
2026-06-01 11:00,372.64011,372.79001,372.51001,372.66,15551
2026-06-01 11:01,373.28,373.35721,372.64001,372.64999,42147
2026-06-01 11:02,373.35999,373.60001,373.26001,373.29001,39877
2026-06-01 11:03,373.20001,373.41989,373.20001,373.35999,15888
2026-06-01 11:04,373.0509,373.19669,372.92001,373.14999,19274
2026-06-01 11:05,373.20001,373.26999,372.95001,373.065,31998
2026-06-01 11:06,373.45999,373.52249,373.20001,373.20499,21022
2026-06-01 11:07,373.70959,373.75,373.41501,373.45999,26937
2026-06-01 11:08,373.39001,373.78,373.35001,373.70001,33758
2026-06-01 11:09,373.06,373.42999,373.03,373.38,26712
2026-06-01 11:10,372.91501,373.095,372.88,373.07501,24115
2026-06-01 11:11,372.48001,372.92999,372.42999,372.89999,21840
2026-06-01 11:12,372.5,372.60999,372.42999,372.505,18052
2026-06-01 11:13,372.26999,372.56,372.26999,372.54001,24378
2026-06-01 11:14,372.17999,372.29999,372.06201,372.23999,24953
2026-06-01 11:15,371.94,372.20001,371.94,372.16501,34790
2026-06-01 11:16,371.98001,372.06,371.85999,371.95499,30865
2026-06-01 11:17,371.76999,372.0,371.62,371.98001,33660
2026-06-01 11:18,371.64999,371.745,371.41,371.70999,45522
2026-06-01 11:19,371.35989,371.63,371.31009,371.60999,17794
2026-06-01 11:20,371.63,371.66,371.20001,371.31,19045
2026-06-01 11:21,371.64499,371.67001,371.52499,371.64999,19694
2026-06-01 11:22,371.72,371.84,371.60001,371.67001,15442
2026-06-01 11:23,371.7999,371.9599,371.63,371.70001,14837
2026-06-01 11:24,371.63,371.77991,371.60999,371.75,24046
2026-06-01 11:25,371.66501,371.67999,371.5,371.60001,18521
2026-06-01 11:26,371.60861,371.73001,371.54999,371.66501,24710
2026-06-01 11:27,372.0701,372.22,371.64001,371.64001,23437
2026-06-01 11:28,371.95001,372.10001,371.85999,372.09,13837
2026-06-01 11:29,371.82001,372.0,371.79001,371.95001,16538
2026-06-01 11:30,372.23499,372.57001,371.79001,371.79999,51808
2026-06-01 11:31,371.51511,372.26999,371.47,372.23001,39945
2026-06-01 11:32,371.70499,371.75,371.57501,371.57999,16097
2026-06-01 11:33,371.67981,371.82001,371.5,371.66,17617
2026-06-01 11:34,371.54999,371.67999,371.5,371.62,25260
2026-06-01 11:35,371.55499,371.76001,371.54001,371.63,20316
2026-06-01 11:36,371.60999,371.60999,371.39999,371.53,33209
2026-06-01 11:37,371.79001,371.89999,371.59689,371.59689,27624
2026-06-01 11:38,372.04001,372.11499,371.79001,371.79001,24643
2026-06-01 11:39,371.88,372.14999,371.82001,372.06,27118
2026-06-01 11:40,371.54001,371.89001,371.51001,371.87,22347
2026-06-01 11:41,371.38,371.60001,371.38,371.57001,19841
2026-06-01 11:42,371.47,371.59,371.405,371.41,19980
2026-06-01 11:43,371.42999,371.5,371.35999,371.44,16153
2026-06-01 11:44,371.32501,371.48999,371.23999,371.45001,20326
2026-06-01 11:45,371.31,371.39001,371.245,371.34,14947
2026-06-01 11:46,371.13,371.36499,371.13,371.28,12400
2026-06-01 11:47,370.88,371.17001,370.84,371.13,42129
2026-06-01 11:48,371.08499,371.17001,370.78061,370.86911,22735
2026-06-01 11:49,371.0899,371.1199,370.92001,371.04999,24837
2026-06-01 11:50,371.23599,371.23599,371.0,371.035,23668
2026-06-01 11:51,371.39001,371.44601,371.24109,371.24451,15288
2026-06-01 11:52,371.45999,371.51999,371.30011,371.37,14418
2026-06-01 11:53,371.5,371.63501,371.42999,371.47501,18805
2026-06-01 11:54,371.42001,371.51001,371.34,371.47501,9726
2026-06-01 11:55,371.45999,371.48999,371.28,371.44,16425
2026-06-01 11:56,371.6037,371.625,371.42499,371.48999,21255
2026-06-01 11:57,371.4501,371.60501,371.33499,371.57999,11335
2026-06-01 11:58,371.60999,371.67001,371.47,371.47,18306
2026-06-01 11:59,371.44,371.64001,371.41,371.60001,17291
2026-06-01 12:00,371.70001,371.79999,371.45001,371.47501,25916
2026-06-01 12:01,371.5,371.73001,371.48001,371.655,26733
2026-06-01 12:02,371.45001,371.59,371.32001,371.53,31253
2026-06-01 12:03,371.51999,371.59,371.35001,371.47,15281
2026-06-01 12:04,371.44,371.54999,371.39999,371.51999,11621
2026-06-01 12:05,371.32999,371.46991,371.32999,371.42999,11651
2026-06-01 12:06,371.32071,371.39999,371.26001,371.32999,19653
2026-06-01 12:07,371.32999,371.39499,371.29001,371.36499,7552
2026-06-01 12:08,371.20001,371.39001,371.20001,371.28,13099
2026-06-01 12:09,371.37,371.42001,371.20001,371.20999,13702
2026-06-01 12:10,371.32001,371.44,371.17999,371.35001,17433
2026-06-01 12:11,371.17001,371.29999,371.13,371.29999,13074
2026-06-01 12:12,371.09,371.20999,371.04001,371.14001,13314
2026-06-01 12:13,371.17499,371.17999,371.06,371.17001,14908
2026-06-01 12:14,371.07001,371.23999,371.04001,371.17999,12394
2026-06-01 12:15,371.07059,371.20511,371.03,371.04001,15979
2026-06-01 12:16,371.10999,371.14001,370.95999,371.07001,22324
2026-06-01 12:17,370.85999,371.16,370.79999,371.13501,17710
2026-06-01 12:18,370.79001,370.89001,370.70999,370.87961,19578
2026-06-01 12:19,370.82001,370.85999,370.73999,370.79999,33945
2026-06-01 12:20,370.98001,370.98001,370.84,370.84,12189
2026-06-01 12:21,371.03,371.09,370.98001,370.98999,13738
2026-06-01 12:22,371.14001,371.14001,370.95999,371.06,25177
2026-06-01 12:23,371.17999,371.26501,371.1282,371.14999,13168
2026-06-01 12:24,371.27979,371.32001,371.17001,371.17001,9863
2026-06-01 12:25,371.17001,371.29749,371.10999,371.22501,10524
2026-06-01 12:26,371.32001,371.32001,371.14999,371.22,13597
2026-06-01 12:27,371.255,371.29001,371.14001,371.26001,9841
2026-06-01 12:28,371.07001,371.25,371.07001,371.23999,14248
2026-06-01 12:29,371.09201,371.19,371.02011,371.07001,21712
2026-06-01 12:30,371.14001,371.31,371.07001,371.07001,11041
2026-06-01 12:31,371.09,371.16,370.89499,371.16,24953
2026-06-01 12:32,371.38861,371.4299,371.07001,371.10001,13560
2026-06-01 12:33,371.48999,371.60001,371.39001,371.42001,18591
2026-06-01 12:34,371.45499,371.5,371.41,371.4101,9663
2026-06-01 12:35,371.70999,371.85001,371.44,371.44,21498
2026-06-01 12:36,371.42001,371.78,371.41,371.73001,22681
2026-06-01 12:37,371.5,371.5,371.41,371.44,11192
2026-06-01 12:38,371.45001,371.5199,371.42999,371.47,9401
2026-06-01 12:39,371.29999,371.47,371.20999,371.45999,12165
2026-06-01 12:40,371.35001,371.47,371.17001,371.25,19613
2026-06-01 12:41,371.35999,371.37,371.23001,371.34,13636
2026-06-01 12:42,371.32001,371.37,371.26999,371.34,8783
2026-06-01 12:43,371.32999,371.375,371.25009,371.33499,15328
2026-06-01 12:44,371.14999,371.37,371.13,371.32001,19834
2026-06-01 12:45,371.06989,371.17001,371.03,371.13501,8845
2026-06-01 12:46,370.98999,371.04999,370.89999,371.04999,16983
2026-06-01 12:47,371.07999,371.10999,370.95001,370.95999,8929
2026-06-01 12:48,371.05011,371.14999,371.0202,371.10001,10095
2026-06-01 12:49,371.04999,371.09,370.98001,371.09,12537
2026-06-01 12:50,371.13,371.13,370.95999,371.07001,21054
2026-06-01 12:51,371.29001,371.29001,371.12,371.1301,16772
2026-06-01 12:52,371.23999,371.39001,371.23999,371.27509,17704
2026-06-01 12:53,371.35501,371.53,371.28,371.28,27264
2026-06-01 12:54,371.32999,371.375,371.20001,371.35501,16468
2026-06-01 12:55,371.45499,371.505,371.35001,371.35001,20767
2026-06-01 12:56,371.535,371.54999,371.41,371.44501,15914
2026-06-01 12:57,371.63,371.67001,371.5,371.52499,14514
2026-06-01 12:58,371.81,371.82999,371.5,371.67001,31263
2026-06-01 12:59,372.10001,372.26001,371.785,371.785,34659
2026-06-01 13:00,372.0101,372.07999,371.87,372.07999,34943
2026-06-01 13:01,371.82999,372.06,371.79001,372.01999,20767
2026-06-01 13:02,371.97,372.04999,371.74631,371.84,12536
2026-06-01 13:03,371.936,372.01999,371.87799,371.95999,18809
2026-06-01 13:04,371.85999,371.95999,371.85001,371.95999,17323
2026-06-01 13:05,372.11499,372.155,371.85999,371.85999,17782
2026-06-01 13:06,372.44479,372.44479,372.11499,372.11499,15986
2026-06-01 13:07,372.71991,372.77991,372.37,372.39999,16306
2026-06-01 13:08,372.56,372.67001,372.51999,372.67001,23428
2026-06-01 13:09,372.45999,372.63,372.42999,372.54999,19765
2026-06-01 13:10,372.29999,372.4451,372.26001,372.435,19541
2026-06-01 13:11,372.23001,372.35001,372.23001,372.2608,10885
2026-06-01 13:12,372.35999,372.35999,372.19,372.23999,21584
2026-06-01 13:13,372.39011,372.56,372.29999,372.32999,13285
2026-06-01 13:14,372.37,372.42999,372.345,372.39499,11133
2026-06-01 13:15,372.41,372.435,372.32999,372.38,13440
2026-06-01 13:16,372.47,372.48499,372.375,372.42001,7686
2026-06-01 13:17,372.45499,372.51999,372.45001,372.4899,9300
2026-06-01 13:18,372.42999,372.45999,372.35999,372.44501,17563
2026-06-01 13:19,372.54999,372.56,372.37,372.42999,18985
2026-06-01 13:20,372.625,372.625,372.42001,372.57999,466397
2026-06-01 13:21,372.73001,372.81,372.63,372.66,10506
2026-06-01 13:22,373.0,373.01999,372.73001,372.73001,23869
2026-06-01 13:23,372.98709,373.13,372.97,373.01999,12254
2026-06-01 13:24,372.85001,373.04001,372.79999,373.01999,10976
2026-06-01 13:25,373.06,373.10001,372.89001,372.89999,17287
2026-06-01 13:26,373.35999,373.42001,373.01999,373.04001,20769
2026-06-01 13:27,373.39999,373.45001,373.34,373.35999,15292
2026-06-01 13:28,373.54999,373.59,373.315,373.39999,22589
2026-06-01 13:29,374.01999,374.05499,373.54501,373.56,47409
2026-06-01 13:30,374.0,374.13,373.79999,374.07001,38065
2026-06-01 13:31,373.802,374.07001,373.72009,373.97,22660
2026-06-01 13:32,373.65009,373.73499,373.57999,373.70999,24417
2026-06-01 13:33,373.35999,373.67001,373.31,373.64001,16354
2026-06-01 13:34,373.23001,373.29001,373.06,373.23001,25035
2026-06-01 13:35,373.42001,373.478,373.17001,373.23999,9195
2026-06-01 13:36,373.45999,373.57001,373.39999,373.48001,12003
2026-06-01 13:37,373.34,373.72,373.26001,373.47,17400
2026-06-01 13:38,373.22,373.40009,373.1951,373.32501,14366
2026-06-01 13:39,373.07999,373.25,373.04999,373.215,12999
2026-06-01 13:40,373.36499,373.38,372.98169,373.10001,20465
2026-06-01 13:41,373.32999,373.35999,373.28,373.35999,6647
2026-06-01 13:42,373.47501,373.5,373.29999,373.345,21707
2026-06-01 13:43,373.82001,374.34,373.29999,373.4501,125463
2026-06-01 13:44,373.94,374.3999,373.79001,373.83499,34959
2026-06-01 13:45,374.39999,374.45999,373.98001,373.98001,22885
2026-06-01 13:46,374.32999,374.45001,374.14999,374.435,30248
2026-06-01 13:47,374.26999,374.42001,374.16501,374.35001,15709
2026-06-01 13:48,374.13,374.26001,373.98499,374.23499,14410
2026-06-01 13:49,374.14001,374.23001,374.07999,374.11499,17970
2026-06-01 13:50,373.92999,374.19989,373.76999,374.14001,31238
2026-06-01 13:51,373.88,374.07001,373.76999,373.94,26929
2026-06-01 13:52,374.02499,374.12469,373.86499,373.95999,12045
2026-06-01 13:53,373.92001,374.11499,373.89999,374.04001,11340
2026-06-01 13:54,373.79999,373.98001,373.78,373.935,10296
2026-06-01 13:55,373.56,373.89001,373.56,373.85001,14897
2026-06-01 13:56,373.29501,373.54999,373.25,373.53,8299
2026-06-01 13:57,373.1059,373.29001,373.0994,373.26001,16882
2026-06-01 13:58,372.20001,373.12,372.19019,373.10501,38440
2026-06-01 13:59,372.39001,372.5899,371.57001,372.19,41514
2026-06-01 14:00,372.03,372.41501,372.0,372.39999,24605
2026-06-01 14:01,372.26001,372.42001,372.04501,372.06,18862
2026-06-01 14:02,372.435,372.47,372.20001,372.28,24689
2026-06-01 14:03,372.29999,372.5,372.21881,372.48001,18712
2026-06-01 14:04,372.29501,372.31,372.1601,372.29501,11987
2026-06-01 14:05,372.23999,372.31,372.19501,372.28,11070
2026-06-01 14:06,372.23401,372.26001,372.07999,372.22,13195
2026-06-01 14:07,372.31,372.379,372.22,372.23999,16407
2026-06-01 14:08,372.37,372.47,372.26001,372.31,18890
2026-06-01 14:09,372.30499,372.45001,372.25,372.38861,21555
2026-06-01 14:10,372.33499,372.42999,372.23999,372.32999,17727
2026-06-01 14:11,372.31,372.39001,372.19061,372.32999,19192
2026-06-01 14:12,372.27499,372.32001,372.2001,372.29999,10351
2026-06-01 14:13,372.155,372.29999,372.1301,372.26999,16641
2026-06-01 14:14,372.20001,372.20001,372.10999,372.155,16272
2026-06-01 14:15,372.646,372.66489,372.20999,372.20999,39063
2026-06-01 14:16,373.01001,373.28,372.67499,372.67499,86371
2026-06-01 14:17,372.97,373.14001,372.875,373.06,30964
2026-06-01 14:18,372.97,373.06,372.91,372.95999,54723
2026-06-01 14:19,372.82001,373.09,372.73999,372.95999,35228
2026-06-01 14:20,372.87,372.95499,372.67001,372.82501,18438
2026-06-01 14:21,373.16501,373.22501,372.84,372.85501,18797
2026-06-01 14:22,373.20999,373.285,373.12,373.17999,20896
2026-06-01 14:23,373.37,373.39999,373.15491,373.19,13385
2026-06-01 14:24,373.39499,373.44,373.32999,373.3616,15393
2026-06-01 14:25,373.42001,373.47,373.38,373.41,16150
2026-06-01 14:26,373.36499,373.5,373.31,373.42001,21626
2026-06-01 14:27,373.48001,373.48999,373.27011,373.34,18094
2026-06-01 14:28,373.38,373.48499,373.33499,373.48001,10351
2026-06-01 14:29,373.35001,373.39999,373.29001,373.38501,8793
2026-06-01 14:30,373.19501,373.34,373.14999,373.33499,15166
2026-06-01 14:31,373.08499,373.23001,373.06,373.20499,13360
2026-06-01 14:32,373.19,373.19,373.04001,373.10001,12885
2026-06-01 14:33,373.2084,373.2999,373.10001,373.19,16581
2026-06-01 14:34,373.32999,373.35999,373.14001,373.16,8998
2026-06-01 14:35,373.29999,373.37,373.29999,373.32999,10253
2026-06-01 14:36,373.35501,373.63,373.26999,373.26999,29245
2026-06-01 14:37,373.29501,373.35501,373.21039,373.35501,14046
2026-06-01 14:38,373.26999,373.35001,373.25,373.32001,6774
2026-06-01 14:39,373.45999,373.48001,373.28,373.29999,12674
2026-06-01 14:40,373.44,373.47501,373.38,373.45001,7260
2026-06-01 14:41,373.35001,373.45001,373.32999,373.44931,13662
2026-06-01 14:42,373.47,373.53,373.3544,373.3544,16211
2026-06-01 14:43,373.48999,373.57001,373.405,373.48001,34046
2026-06-01 14:44,373.5,373.57001,373.42001,373.49991,49027
2026-06-01 14:45,373.81,373.81,373.48999,373.5,33039
2026-06-01 14:46,373.73001,373.79001,373.62,373.79001,10956
2026-06-01 14:47,373.82501,373.82501,373.655,373.72,11924
2026-06-01 14:48,373.87,373.935,373.85999,373.85999,11687
2026-06-01 14:49,373.72,373.92999,373.7085,373.875,11430
2026-06-01 14:50,373.73499,373.82001,373.7001,373.75,10272
2026-06-01 14:51,373.66,373.76001,373.60001,373.70999,12197
2026-06-01 14:52,373.57129,373.67999,373.54001,373.63,22055
2026-06-01 14:53,373.60999,373.69,373.54999,373.59,18231
2026-06-01 14:54,373.53009,373.64969,373.53009,373.61499,14957
2026-06-01 14:55,373.6163,373.66,373.51001,373.51001,13243
2026-06-01 14:56,373.67001,373.67001,373.57001,373.60999,9422
2026-06-01 14:57,373.82999,373.85001,373.60001,373.66,12815
2026-06-01 14:58,373.89011,373.89999,373.81561,373.84,9408
2026-06-01 14:59,373.84,373.95001,373.75,373.91,19629
2026-06-01 15:00,373.63501,373.88,373.60001,373.85999,13068
2026-06-01 15:01,373.95499,374.04001,373.62009,373.62589,29580
2026-06-01 15:02,374.16751,374.17499,373.95499,373.95999,67304
2026-06-01 15:03,374.35001,374.35001,374.16,374.19,14379
2026-06-01 15:04,374.20999,374.375,374.17001,374.35999,19085
2026-06-01 15:05,374.14001,374.2399,374.04999,374.22,27615
2026-06-01 15:06,374.17639,374.285,374.09,374.10501,38699
2026-06-01 15:07,374.07999,374.17001,373.93719,374.16,16593
2026-06-01 15:08,374.03,374.14001,373.95999,374.10001,12224
2026-06-01 15:09,373.97,374.01929,373.87,373.9946,14487
2026-06-01 15:10,374.04999,374.08499,373.82001,373.95001,14655
2026-06-01 15:11,374.0199,374.10999,373.92001,374.07999,12524
2026-06-01 15:12,374.00009,374.10999,373.95999,374.04001,11250
2026-06-01 15:13,373.92499,374.03,373.85001,374.01501,41643
2026-06-01 15:14,373.70999,373.92001,373.67999,373.92001,29008
2026-06-01 15:15,373.87,373.88,373.70001,373.70999,13121
2026-06-01 15:16,373.92999,373.98001,373.84,373.875,39013
2026-06-01 15:17,374.04999,374.10001,373.91,373.92001,17377
2026-06-01 15:18,374.0,374.04999,373.94809,374.04001,14213
2026-06-01 15:19,374.03,374.09,373.97,374.00601,36347
2026-06-01 15:20,374.07001,374.16,373.98001,374.01999,24104
2026-06-01 15:21,374.14001,374.17499,374.04999,374.078,12553
2026-06-01 15:22,374.13,374.185,374.10818,374.142,10104
2026-06-01 15:23,374.20761,374.23001,374.14001,374.17001,11114
2026-06-01 15:24,374.33499,374.35999,374.20001,374.20999,16932
2026-06-01 15:25,374.29999,374.39999,374.26001,374.35001,13231
2026-06-01 15:26,374.17999,374.31,374.1701,374.29001,40046
2026-06-01 15:27,374.20001,374.26999,374.07999,374.17001,21196
2026-06-01 15:28,374.28,374.34,374.20499,374.20499,20422
2026-06-01 15:29,374.39001,374.41,374.07001,374.26999,44821
2026-06-01 15:30,374.29999,374.60001,374.19,374.35999,46816
2026-06-01 15:31,374.0,374.32001,373.98999,374.28,32360
2026-06-01 15:32,374.08499,374.27499,374.01001,374.01001,13839
2026-06-01 15:33,374.06,374.1438,373.95499,374.095,15766
2026-06-01 15:34,374.07999,374.09,373.98001,374.07999,21909
2026-06-01 15:35,373.92999,374.09,373.91,374.04001,22725
2026-06-01 15:36,373.78,373.95001,373.73001,373.94,32027
2026-06-01 15:37,373.57001,373.85989,373.45999,373.78,59804
2026-06-01 15:38,373.6066,373.67999,373.54001,373.54001,10664
2026-06-01 15:39,373.54001,373.64999,373.51001,373.63,16515
2026-06-01 15:40,373.4209,373.56,373.25,373.53,24590
2026-06-01 15:41,373.255,373.4599,373.22,373.39999,16566
2026-06-01 15:42,373.17001,373.315,373.17001,373.22,19764
2026-06-01 15:43,373.27499,373.27499,373.10999,373.16,16366
2026-06-01 15:44,373.48001,373.64999,373.29001,373.315,39115
2026-06-01 15:45,373.48999,373.63,373.41,373.47501,19203
2026-06-01 15:46,373.69089,373.7999,373.5,373.51999,16652
2026-06-01 15:47,373.84,373.90851,373.64999,373.67499,21928
2026-06-01 15:48,373.93021,373.97,373.78641,373.82999,28604
2026-06-01 15:49,374.01999,374.02499,373.92001,373.935,21619
2026-06-01 15:50,373.84,374.10001,373.5401,374.10001,50519
2026-06-01 15:51,373.89999,374.01001,373.83499,373.83499,28087
2026-06-01 15:52,373.57001,373.92999,373.51001,373.88,36468
2026-06-01 15:53,373.48001,373.63,373.45001,373.57001,33850
2026-06-01 15:54,373.20999,373.51001,373.14999,373.51001,52076
2026-06-01 15:55,372.89001,373.20999,372.79501,373.20999,95953
2026-06-01 15:56,372.45999,372.91,372.44,372.89999,82051
2026-06-01 15:57,372.60071,372.7146,372.42001,372.45999,85354
2026-06-01 15:58,372.51001,372.75,372.51001,372.59,66659
2026-06-01 15:59,372.57999,372.73001,372.35999,372.5,210306
2026-06-02 09:30,360.39499,363.32751,360.20999,363.28,2185877
2026-06-02 09:31,359.46439,360.39001,358.88,360.375,347392
2026-06-02 09:32,357.76999,359.53,357.56,359.5,292910
2026-06-02 09:33,358.05399,358.55499,357.60999,357.79001,273881
2026-06-02 09:34,357.905,358.70599,357.89999,357.995,175081
2026-06-02 09:35,357.965,358.47,357.70001,357.95001,171749
2026-06-02 09:36,358.10419,359.16,357.84,357.909,217960
2026-06-02 09:37,357.01001,358.285,356.85001,358.12,243804
2026-06-02 09:38,357.10001,357.72,357.0,357.01999,157972
2026-06-02 09:39,356.60001,357.2399,356.42099,357.17001,184171
2026-06-02 09:40,355.81259,357.07999,355.76001,356.60001,268464
2026-06-02 09:41,356.32239,356.51999,355.72,355.79999,198798
2026-06-02 09:42,355.67001,356.37,355.38,356.35001,173990
2026-06-02 09:43,356.01999,356.05991,355.0,355.755,244903
2026-06-02 09:44,356.67999,356.75,355.78,355.98999,244529
2026-06-02 09:45,356.11499,356.95999,356.01001,356.72501,231266
2026-06-02 09:46,356.47,356.60001,355.87,356.11499,146547
2026-06-02 09:47,357.41,357.45499,356.29001,356.47,138820
2026-06-02 09:48,357.60501,357.91989,357.38,357.40991,140379
2026-06-02 09:49,358.25,358.54999,357.5,357.59,185112
2026-06-02 09:50,358.34,358.42999,357.79001,358.20001,138129
2026-06-02 09:51,358.06,358.75,358.0,358.41,131337
2026-06-02 09:52,358.10001,358.37329,357.95999,358.07501,111918
2026-06-02 09:53,359.07999,359.17001,358.07999,358.08499,125481
2026-06-02 09:54,359.535,359.56,358.85999,359.04999,135023
2026-06-02 09:55,359.08499,359.89999,358.98001,359.535,132823
2026-06-02 09:56,359.83749,359.8963,359.06,359.08499,99018
2026-06-02 09:57,359.94,360.16,359.35999,359.76001,107540
2026-06-02 09:58,359.79929,360.29001,359.59,359.95499,110868
2026-06-02 09:59,360.29999,360.5,359.59,359.75699,241989
2026-06-02 10:00,360.20499,360.5,360.0,360.32501,96924
2026-06-02 10:01,360.40369,360.62,359.85001,360.07999,93700
2026-06-02 10:02,361.41501,361.48001,360.25,360.39999,96101
2026-06-02 10:03,361.64001,362.04001,361.20999,361.44989,140767
2026-06-02 10:04,362.53,362.62,361.60999,361.60999,155746
2026-06-02 10:05,362.54999,362.7999,362.38,362.54001,106102
2026-06-02 10:06,362.81009,363.26999,362.45001,362.53,198846
2026-06-02 10:07,363.49911,363.70001,362.87,362.87,165655
2026-06-02 10:08,363.901,364.0,362.95001,363.5,178521
2026-06-02 10:09,364.66,364.69821,363.845,363.98001,226745
2026-06-02 10:10,364.39001,364.98001,364.23001,364.66,160520
2026-06-02 10:11,365.17001,365.17999,364.07999,364.35001,164463
2026-06-02 10:12,365.2662,365.29001,364.70001,365.18991,213681
2026-06-02 10:13,365.32999,365.86499,365.29501,365.29999,197947
2026-06-02 10:14,364.93011,365.39999,364.7373,365.37,103485
2026-06-02 10:15,364.66,365.0799,364.35001,364.95999,99062
2026-06-02 10:16,364.12,364.69131,363.78,364.64001,103837
2026-06-02 10:17,364.85999,364.91,364.04999,364.12,166530
2026-06-02 10:18,365.67499,365.68991,364.89011,364.89011,124048
2026-06-02 10:19,366.64999,367.17001,365.51001,365.66,288828
2026-06-02 10:20,366.9425,367.10001,366.38,366.62271,91186
2026-06-02 10:21,366.7717,367.16501,366.62421,366.935,98890
2026-06-02 10:22,366.80499,367.07001,366.67999,366.79501,76684
2026-06-02 10:23,366.875,367.44189,366.6799,366.80499,106173
2026-06-02 10:24,366.95001,367.06,366.69,366.91,93363
2026-06-02 10:25,366.92999,367.20001,366.75,366.92001,105211
2026-06-02 10:26,366.73001,367.28049,366.69,366.97,54537
2026-06-02 10:27,366.75,367.28,366.54999,366.685,130614
2026-06-02 10:28,366.81,366.99991,366.55499,366.79001,112543
2026-06-02 10:29,367.01999,367.25,366.67001,366.84,70600
2026-06-02 10:30,367.51999,367.60001,366.85999,366.97,73674
2026-06-02 10:31,367.34,367.64999,366.73001,367.52802,72946
2026-06-02 10:32,367.04001,367.45419,366.73999,367.38,71083
2026-06-02 10:33,367.23001,367.35001,366.76501,367.01501,51877
2026-06-02 10:34,367.53009,367.6243,367.155,367.17999,56740
2026-06-02 10:35,367.80499,368.2099,367.54999,367.54999,94243
2026-06-02 10:36,367.31,367.84991,367.12009,367.79001,51861
2026-06-02 10:37,367.01999,367.5,366.67999,367.32999,131313
2026-06-02 10:38,367.78,367.8421,366.97,366.98001,61961
2026-06-02 10:39,367.72501,367.82489,367.38,367.745,75551
2026-06-02 10:40,368.24991,368.2955,367.63,367.73001,46897
2026-06-02 10:41,368.37,368.54001,368.13,368.23999,59423
2026-06-02 10:42,368.23999,368.79999,368.12,368.34,55012
2026-06-02 10:43,368.19,368.64001,368.01999,368.16,51140
2026-06-02 10:44,368.32001,368.47,368.16,368.26999,39751
2026-06-02 10:45,368.14499,368.32501,368.0,368.29001,44559
2026-06-02 10:46,368.57001,368.64001,368.03,368.07999,41178
2026-06-02 10:47,368.17001,368.53,368.1001,368.5,31757
2026-06-02 10:48,368.26001,368.358,368.04001,368.17999,48163
2026-06-02 10:49,368.03,368.29501,367.79999,368.25,69671
2026-06-02 10:50,368.47,368.57449,367.84,368.06,62744
2026-06-02 10:51,368.888,369.03,368.30042,368.47,52501
2026-06-02 10:52,369.10001,369.31,368.76001,368.84,52260
2026-06-02 10:53,368.62,369.4899,368.62,369.04999,61623
2026-06-02 10:54,368.98999,369.08261,368.61011,368.63,54439
2026-06-02 10:55,368.82999,369.01001,368.67999,369.01001,36352
2026-06-02 10:56,369.13,369.23001,368.82999,368.82999,35255
2026-06-02 10:57,369.6781,369.78989,369.13,369.16,53937
2026-06-02 10:58,369.51999,369.75,369.35001,369.70001,39677
2026-06-02 10:59,369.03,369.60001,369.0,369.535,35056
2026-06-02 11:00,368.82999,369.26001,368.41,369.07001,66472
2026-06-02 11:01,369.07001,369.20999,368.69,368.70999,37202
2026-06-02 11:02,369.15009,369.28,369.01001,369.10999,26250
2026-06-02 11:03,368.26999,369.14999,368.10001,369.14999,39938
2026-06-02 11:04,367.78,368.3999,367.78,368.20001,38399
2026-06-02 11:05,367.23499,367.84,367.14001,367.81,68094
2026-06-02 11:06,367.22,367.51999,367.04999,367.22,63914
2026-06-02 11:07,367.76001,367.8208,367.20001,367.25,63026
2026-06-02 11:08,367.29001,367.79001,367.20999,367.76999,47063
2026-06-02 11:09,367.16,367.29001,366.98999,367.25,42478
2026-06-02 11:10,366.89499,367.26181,366.82999,367.16,57154
2026-06-02 11:11,366.31,366.85999,366.26999,366.85999,53355
2026-06-02 11:12,365.94,366.5,365.89999,366.31,85906
2026-06-02 11:13,366.01501,366.28,365.92001,365.92001,46613
2026-06-02 11:14,366.32999,366.42001,366.0,366.0,47922
2026-06-02 11:15,366.29001,366.78671,366.25,366.28,36538
2026-06-02 11:16,366.53,366.64001,366.23001,366.26501,32911
2026-06-02 11:17,366.61499,366.79999,366.39001,366.51999,49667
2026-06-02 11:18,366.51999,366.66,366.33099,366.595,32465
2026-06-02 11:19,366.26001,366.51501,366.23999,366.51501,29217
2026-06-02 11:20,366.565,366.78,366.23999,366.28,33058
2026-06-02 11:21,366.245,366.79001,366.10999,366.57501,62915
2026-06-02 11:22,366.255,366.45001,366.07001,366.23499,58948
2026-06-02 11:23,366.64999,366.64999,366.14999,366.19,53044
2026-06-02 11:24,366.60999,366.79001,366.495,366.60001,46976
2026-06-02 11:25,366.23999,366.82001,366.20001,366.59,37226
2026-06-02 11:26,366.095,366.32001,366.09,366.245,42083
2026-06-02 11:27,366.09,366.18799,365.88,366.07501,90416
2026-06-02 11:28,366.28,366.29999,365.94,366.09,32690
2026-06-02 11:29,366.245,366.51999,366.095,366.285,65972
2026-06-02 11:30,365.82999,366.23001,365.82001,366.215,51997
2026-06-02 11:31,365.375,365.85001,365.35999,365.814,56574
2026-06-02 11:32,365.405,365.45999,365.26999,365.39001,44530
2026-06-02 11:33,365.32001,365.60001,365.26001,365.38,30093
2026-06-02 11:34,365.08499,365.405,365.07001,365.32001,40202
2026-06-02 11:35,365.09,365.49731,365.0,365.08499,64252
2026-06-02 11:36,364.73999,365.17999,364.73999,365.11499,99005
2026-06-02 11:37,364.67999,364.78,364.38,364.78,60592
2026-06-02 11:38,364.34,364.84,364.34,364.67999,60018
2026-06-02 11:39,364.28,364.54501,364.25,364.33899,60215
2026-06-02 11:40,364.26999,364.39001,364.16,364.31,72580
2026-06-02 11:41,364.37,364.55499,364.26001,364.26001,36173
2026-06-02 11:42,364.47009,364.56,364.32999,364.32999,30428
2026-06-02 11:43,364.5,364.66,364.29999,364.495,57312
2026-06-02 11:44,364.20801,364.56,364.20001,364.495,34878
2026-06-02 11:45,363.92001,364.23999,363.81091,364.22,69986
2026-06-02 11:46,364.02499,364.125,363.82111,363.98999,31884
2026-06-02 11:47,363.67001,364.06,363.64999,364.035,36345
2026-06-02 11:48,363.54999,363.75,363.5,363.69,80079
2026-06-02 11:49,363.4101,363.69,363.35999,363.51999,32171
2026-06-02 11:50,363.42999,363.63989,363.32001,363.43649,41134
2026-06-02 11:51,363.39001,363.63,363.39001,363.44,43835
2026-06-02 11:52,363.54001,363.56,363.37,363.39999,36363
2026-06-02 11:53,363.41501,363.57999,363.32999,363.54001,48375
2026-06-02 11:54,363.67001,363.715,363.35999,363.39001,32031
2026-06-02 11:55,363.866,363.91989,363.56,363.63,42962
2026-06-02 11:56,363.78,364.345,363.7135,363.85001,57893
2026-06-02 11:57,363.29501,363.78,363.28201,363.78,45053
2026-06-02 11:58,363.11499,363.4101,363.03,363.26001,28993
2026-06-02 11:59,363.12,363.16,363.01001,363.12,23008
2026-06-02 12:00,363.12,363.26999,363.01001,363.13,53529
2026-06-02 12:01,363.07999,363.23981,362.91,363.09201,45742
2026-06-02 12:02,362.99719,363.20001,362.92999,363.12,32322
2026-06-02 12:03,362.95911,363.17999,362.88,362.98001,34684
2026-06-02 12:04,362.82001,362.91501,362.6701,362.9101,30747
2026-06-02 12:05,362.96521,363.05499,362.75751,362.88501,36051
2026-06-02 12:06,363.35999,363.57999,362.94,362.94,43513
2026-06-02 12:07,363.51999,363.66,363.23999,363.38,36470
2026-06-02 12:08,363.32001,363.5,363.25,363.5,52456
2026-06-02 12:09,363.36499,363.53,363.20001,363.30991,42489
2026-06-02 12:10,363.81,363.87,363.32999,363.35501,34193
2026-06-02 12:11,364.04999,364.04999,363.60999,363.82999,26842
2026-06-02 12:12,363.9451,364.10501,363.92999,364.01501,33296
2026-06-02 12:13,364.27499,364.29001,363.89001,363.95999,33369
2026-06-02 12:14,364.09,364.405,364.04001,364.25,46327
2026-06-02 12:15,363.91,364.5,363.66,364.06,39820
2026-06-02 12:16,364.35999,364.39999,363.81,363.88,27424
2026-06-02 12:17,363.95001,364.39001,363.95001,364.35001,29067
2026-06-02 12:18,363.535,363.95001,363.45999,363.92001,27355
2026-06-02 12:19,363.42001,363.64001,363.375,363.535,28012
2026-06-02 12:20,363.49921,363.54001,363.32999,363.42001,24270
2026-06-02 12:21,363.92001,364.04999,363.38501,363.5,37883
2026-06-02 12:22,363.64999,363.98999,363.51999,363.89001,22933
2026-06-02 12:23,363.59,363.78,363.57001,363.67001,21672
2026-06-02 12:24,363.63,363.70001,363.47,363.59,23615
2026-06-02 12:25,363.815,363.89999,363.61499,363.63,16527
2026-06-02 12:26,363.84,363.85999,363.73001,363.82001,14993
2026-06-02 12:27,363.87991,364.04999,363.76001,363.88,28313
2026-06-02 12:28,364.01999,364.06,363.85999,363.87,21386
2026-06-02 12:29,363.84,364.13,363.82001,364.01001,20274
2026-06-02 12:30,363.785,363.87,363.70001,363.8255,18142
2026-06-02 12:31,363.71219,363.78,363.53,363.78,28336
2026-06-02 12:32,363.81,363.88501,363.70999,363.72,19746
2026-06-02 12:33,363.91791,364.02271,363.72,363.78,34148
2026-06-02 12:34,363.64999,363.89999,363.6225,363.88501,21941
2026-06-02 12:35,363.60999,363.85999,363.5947,363.67999,17001
2026-06-02 12:36,363.80499,363.85501,363.51001,363.60501,18067
2026-06-02 12:37,363.82999,363.92999,363.76999,363.78,19324
2026-06-02 12:38,363.85999,363.95999,363.79001,363.815,24672
2026-06-02 12:39,363.76001,363.85999,363.73999,363.815,12533
2026-06-02 12:40,363.82001,363.8768,363.72,363.75,24350
2026-06-02 12:41,363.745,364.03,363.64999,363.82001,34108
2026-06-02 12:42,363.51999,363.79999,363.51001,363.72101,28281
2026-06-02 12:43,363.39999,363.57001,363.37,363.5,34145
2026-06-02 12:44,363.41,363.49991,363.28,363.38,38522
2026-06-02 12:45,363.34,363.66,363.32999,363.38,27826
2026-06-02 12:46,363.82001,363.82001,363.37,363.37,36589
2026-06-02 12:47,364.39001,364.45099,363.80499,363.82999,33335
2026-06-02 12:48,364.38501,364.57999,364.32001,364.38501,25810
2026-06-02 12:49,364.76501,364.84,364.32001,364.38,32200
2026-06-02 12:50,365.38,365.405,364.73999,364.76999,43612
2026-06-02 12:51,365.2001,365.38,365.19501,365.38,27534
2026-06-02 12:52,365.07001,365.34991,365.07001,365.22501,32973
2026-06-02 12:53,364.86499,365.10999,364.72,365.10999,39599
2026-06-02 12:54,364.94,364.95001,364.79001,364.79999,16184
2026-06-02 12:55,364.7399,364.9599,364.72,364.95001,13299
2026-06-02 12:56,364.60001,364.79999,364.59,364.73779,14205
2026-06-02 12:57,364.32001,364.60001,364.26999,364.5802,22671
2026-06-02 12:58,364.29999,364.34,364.20999,364.32999,22866
2026-06-02 12:59,364.48001,364.54999,364.17001,364.29999,56742
2026-06-02 13:00,364.55499,364.62,364.34,364.51501,19063
2026-06-02 13:01,364.66,364.73499,364.45999,364.54001,24334
2026-06-02 13:02,364.5098,364.78,364.5,364.62,30716
2026-06-02 13:03,364.5,364.63,364.48001,364.5,22123
2026-06-02 13:04,364.70999,364.76999,364.41,364.5,30709
2026-06-02 13:05,364.85999,364.90939,364.67001,364.67001,15278
2026-06-02 13:06,364.59,364.88,364.5,364.88,24525
2026-06-02 13:07,364.66211,364.72,364.47,364.60999,25879
2026-06-02 13:08,364.465,364.72,364.41461,364.69501,36885
2026-06-02 13:09,364.64499,364.69501,364.39001,364.465,30965
2026-06-02 13:10,364.45999,364.73001,364.42001,364.64001,28269
2026-06-02 13:11,364.23499,364.59,364.23499,364.51001,23396
2026-06-02 13:12,364.2113,364.29999,364.17999,364.22,13612
2026-06-02 13:13,364.26999,364.39001,364.19449,364.23999,21149
2026-06-02 13:14,364.19,364.27499,364.0,364.27499,37396
2026-06-02 13:15,364.25,364.25,364.07001,364.19501,15592
2026-06-02 13:16,364.23999,364.32999,364.17001,364.26999,15168
2026-06-02 13:17,364.26999,364.35999,364.20001,364.23001,14355
2026-06-02 13:18,364.07999,364.31,364.05011,364.29999,24119
2026-06-02 13:19,363.82001,364.09,363.59,364.07999,61073
2026-06-02 13:20,363.89001,363.89001,363.57999,363.79999,34446
2026-06-02 13:21,363.785,363.98999,363.755,363.87,23290
2026-06-02 13:22,363.79501,363.79501,363.54999,363.78,22085
2026-06-02 13:23,364.05499,364.07999,363.79001,363.79001,22436
2026-06-02 13:24,364.06,364.14001,364.0,364.05499,13319
2026-06-02 13:25,364.16,364.1998,363.89999,364.06,25118
2026-06-02 13:26,364.23001,364.35999,364.12009,364.19,18531
2026-06-02 13:27,364.14999,364.31,364.11569,364.2301,17941
2026-06-02 13:28,364.07501,364.14999,363.92999,364.10999,23463
2026-06-02 13:29,363.98001,364.06,363.81,364.06,15842
2026-06-02 13:30,363.90009,364.12,363.82999,364.01001,25738
2026-06-02 13:31,363.82001,363.99991,363.76001,363.89999,17512
2026-06-02 13:32,363.76999,363.91501,363.70001,363.81,37151
2026-06-02 13:33,363.72,363.85999,363.60999,363.78,28084
2026-06-02 13:34,363.66,363.85999,363.64999,363.67001,23045
2026-06-02 13:35,363.97,364.035,363.63,363.64999,61958
2026-06-02 13:36,364.17999,364.32001,363.85751,363.995,23916
2026-06-02 13:37,364.14999,364.20499,363.98001,364.16501,14321
2026-06-02 13:38,364.27011,364.28,363.97,364.17999,40866
2026-06-02 13:39,364.32001,364.45999,364.17999,364.26999,27245
2026-06-02 13:40,364.29999,364.38,364.03,364.32999,17028
2026-06-02 13:41,364.465,364.59,364.28,364.29001,23981
2026-06-02 13:42,364.60999,364.72989,364.47,364.47,18989
2026-06-02 13:43,364.57999,364.64969,364.53,364.60501,20030
2026-06-02 13:44,364.64001,364.7196,364.45999,364.5701,19111
2026-06-02 13:45,364.60999,364.79001,364.60999,364.62061,20006
2026-06-02 13:46,364.495,364.86499,364.42999,364.63,31120
2026-06-02 13:47,364.39621,364.57999,364.39621,364.5195,14933
2026-06-02 13:48,364.57999,364.60861,364.39001,364.41,11455
2026-06-02 13:49,364.64001,364.64001,364.53,364.58859,219443
2026-06-02 13:50,364.84,364.88,364.60999,364.62,34553
2026-06-02 13:51,364.73499,364.845,364.625,364.845,13653
2026-06-02 13:52,364.72159,364.85001,364.67001,364.75,16255
2026-06-02 13:53,364.51999,364.76001,364.51001,364.73999,12525
2026-06-02 13:54,364.41,364.51999,364.37,364.50021,15964
2026-06-02 13:55,364.25,364.42001,364.20001,364.41,12477
2026-06-02 13:56,364.15601,364.35001,364.00009,364.25,21397
2026-06-02 13:57,363.82999,364.07999,363.82999,364.07999,24931
2026-06-02 13:58,363.73001,363.89011,363.72501,363.82999,27055
2026-06-02 13:59,363.54999,363.81,363.5101,363.70001,34035
2026-06-02 14:00,363.38171,363.54999,363.17999,363.54001,46734
2026-06-02 14:01,363.38501,363.56,363.31,363.38,24983
2026-06-02 14:02,363.39999,363.53,363.32001,363.405,17796
2026-06-02 14:03,363.42999,363.53,363.29999,363.32001,20775
2026-06-02 14:04,363.45499,363.45999,363.37,363.42999,15733
2026-06-02 14:05,363.57999,363.59991,363.44,363.44,22955
2026-06-02 14:06,363.64999,363.73001,363.57501,363.57501,15204
2026-06-02 14:07,363.595,363.672,363.5575,363.62,22619
2026-06-02 14:08,363.57999,363.66959,363.47501,363.595,21710
2026-06-02 14:09,363.59009,363.69,363.51999,363.58499,19777
2026-06-02 14:10,363.53,363.70999,363.53,363.60999,16257
2026-06-02 14:11,363.3399,363.57001,363.32001,363.53009,20890
2026-06-02 14:12,363.19,363.47,363.14001,363.32501,15919
2026-06-02 14:13,363.60999,363.60999,363.19,363.22,36399
2026-06-02 14:14,363.45001,363.60001,363.41,363.60001,43838
2026-06-02 14:15,363.30499,363.465,363.29501,363.4501,12600
2026-06-02 14:16,363.03,363.29999,363.03,363.285,37008
2026-06-02 14:17,363.01001,363.10999,363.0,363.04001,34690
2026-06-02 14:18,363.07999,363.10001,362.89999,363.0,25680
2026-06-02 14:19,362.92499,363.10999,362.91,363.07401,25701
2026-06-02 14:20,362.69,362.91,362.54999,362.91,46241
2026-06-02 14:21,362.67999,362.81,362.60999,362.67999,25298
2026-06-02 14:22,362.60999,362.72501,362.54999,362.67001,17209
2026-06-02 14:23,362.5,362.69,362.48001,362.60001,23575
2026-06-02 14:24,362.47,362.5455,362.245,362.47,35005
2026-06-02 14:25,362.26599,362.48499,362.255,362.48499,23192
2026-06-02 14:26,362.0701,362.31,362.06,362.26999,44726
2026-06-02 14:27,361.92001,362.14999,361.88,362.09009,67818
2026-06-02 14:28,361.64001,361.95001,361.60999,361.95001,31141
2026-06-02 14:29,361.215,361.76999,361.08499,361.655,64886
2026-06-02 14:30,361.73999,361.78201,361.23001,361.23001,40082
2026-06-02 14:31,362.09,362.17001,361.73999,361.75,39691
2026-06-02 14:32,361.89499,362.1488,361.78,362.07999,38192
2026-06-02 14:33,361.70999,362.04999,361.70001,361.89999,38118
2026-06-02 14:34,361.4422,361.7319,361.42001,361.685,29832
2026-06-02 14:35,361.42001,361.45999,361.20001,361.42499,25856
2026-06-02 14:36,361.38,361.48999,361.28,361.42499,24765
2026-06-02 14:37,361.42999,361.49991,361.26501,361.39999,25772
2026-06-02 14:38,361.61499,361.685,361.39001,361.39999,21362
2026-06-02 14:39,361.72,361.79001,361.60999,361.63,30674
2026-06-02 14:40,361.75,361.76999,361.64001,361.72501,21011
2026-06-02 14:41,361.42999,361.82999,361.42999,361.75,25661
2026-06-02 14:42,361.40991,361.53,361.345,361.42499,22034
2026-06-02 14:43,361.54001,361.54001,361.35001,361.42999,23770
2026-06-02 14:44,361.67999,361.70499,361.54001,361.54001,26334
2026-06-02 14:45,361.47,361.685,361.42999,361.685,19213
2026-06-02 14:46,361.40009,361.51999,361.26001,361.48499,23925
2026-06-02 14:47,361.54999,361.63,361.20999,361.39999,23446
2026-06-02 14:48,361.39499,361.63,361.35001,361.52499,23415
2026-06-02 14:49,361.25,361.48001,361.23999,361.39001,45890
2026-06-02 14:50,361.26001,361.37,361.20001,361.245,31161
2026-06-02 14:51,360.92001,361.25,360.92001,361.25,64223
2026-06-02 14:52,360.77011,360.98999,360.73001,360.92001,37153
2026-06-02 14:53,360.8577,360.98999,360.78,360.81,37998
2026-06-02 14:54,360.95001,361.07001,360.82999,360.845,21790
2026-06-02 14:55,360.845,360.98041,360.82001,360.92001,22847
2026-06-02 14:56,360.98001,360.98001,360.76999,360.84,52486
2026-06-02 14:57,361.01999,361.03,360.94,360.98499,23600
2026-06-02 14:58,360.98999,361.01001,360.89999,361.01001,24111
2026-06-02 14:59,360.85999,361.0,360.82999,360.98529,45071
2026-06-02 15:00,360.89999,360.91501,360.72,360.89001,38782
2026-06-02 15:01,360.79001,360.92999,360.76001,360.91,30519
2026-06-02 15:02,360.56,360.845,360.44,360.80991,81209
2026-06-02 15:03,360.95001,361.0,360.54999,360.59671,29138
2026-06-02 15:04,360.95999,361.09,360.89999,360.98499,82506
2026-06-02 15:05,360.87,360.995,360.845,360.95999,30692
2026-06-02 15:06,360.93161,360.9599,360.79001,360.85501,25002
2026-06-02 15:07,361.14999,361.35999,360.95001,360.95001,41535
2026-06-02 15:08,361.04999,361.26999,360.98001,361.17001,38273
2026-06-02 15:09,360.89999,361.13,360.89999,361.07001,30224
2026-06-02 15:10,360.82999,360.95999,360.79001,360.88,26671
2026-06-02 15:11,360.80859,360.85001,360.57001,360.82501,32807
2026-06-02 15:12,360.75751,360.85999,360.67001,360.81,24839
2026-06-02 15:13,360.8269,360.8269,360.64001,360.76001,22914
2026-06-02 15:14,360.76999,360.85001,360.67999,360.85001,31655
2026-06-02 15:15,360.73999,360.84,360.73001,360.77499,29486
2026-06-02 15:16,360.89999,360.89999,360.73001,360.73001,36613
2026-06-02 15:17,360.785,360.84189,360.67999,360.82999,32974
2026-06-02 15:18,360.64001,360.79999,360.60999,360.76999,32225
2026-06-02 15:19,360.73001,360.76999,360.60001,360.62,24031
2026-06-02 15:20,360.69,360.87,360.64001,360.72,33166
2026-06-02 15:21,360.76999,360.87,360.67999,360.69,24400
2026-06-02 15:22,360.85001,360.92999,360.70001,360.76999,25466
2026-06-02 15:23,360.81,360.92001,360.7601,360.82001,28320
2026-06-02 15:24,360.79501,360.88,360.67001,360.81,44181
2026-06-02 15:25,360.67999,360.79001,360.67999,360.77499,29965
2026-06-02 15:26,360.66,360.73001,360.60001,360.67001,36752
2026-06-02 15:27,360.5,360.66,360.47,360.64999,43096
2026-06-02 15:28,360.48999,360.56,360.42999,360.5,50372
2026-06-02 15:29,360.51999,360.52499,360.41,360.48001,52995
2026-06-02 15:30,360.51999,360.54999,360.41501,360.53,53199
2026-06-02 15:31,360.57999,360.67999,360.505,360.51999,47535
2026-06-02 15:32,360.48001,360.66,360.45001,360.57001,48514
2026-06-02 15:33,360.57001,360.60001,360.39001,360.48001,55830
2026-06-02 15:34,360.64999,360.67999,360.54001,360.57639,34881
2026-06-02 15:35,360.63,360.73001,360.60001,360.64001,39363
2026-06-02 15:36,360.64999,360.79001,360.60001,360.64001,27901
2026-06-02 15:37,360.595,360.78,360.48999,360.6546,58823
2026-06-02 15:38,360.48999,360.60001,360.41,360.59,35180
2026-06-02 15:39,360.17001,360.48499,360.14999,360.48001,49544
2026-06-02 15:40,360.19,360.26999,360.06,360.15009,90116
2026-06-02 15:41,359.98499,360.19501,359.94,360.19501,216012
2026-06-02 15:42,359.98001,360.04001,359.91,359.98001,58366
2026-06-02 15:43,359.81,360.03,359.61499,359.98001,85291
2026-06-02 15:44,359.73001,359.84,359.67999,359.81,77967
2026-06-02 15:45,359.70999,359.91,359.69,359.73001,88507
2026-06-02 15:46,359.79001,359.86499,359.69,359.70001,83524
2026-06-02 15:47,359.45499,359.85999,359.41,359.79001,75772
2026-06-02 15:48,359.328,359.48001,359.29999,359.45001,87649
2026-06-02 15:49,359.35001,359.39999,359.10001,359.315,118116
2026-06-02 15:50,359.28,359.64999,359.20001,359.34,180402
2026-06-02 15:51,359.16,359.37,359.0,359.255,172270
2026-06-02 15:52,359.03,359.32001,359.01999,359.16,154259
2026-06-02 15:53,358.7901,359.32999,358.63,359.01999,238548
2026-06-02 15:54,358.44,358.79999,357.97,358.45999,386723
2026-06-02 15:55,358.56,358.64999,358.11011,358.465,232218
2026-06-02 15:56,358.845,359.28,358.54001,358.55249,277482
2026-06-02 15:57,358.45001,359.03,358.42999,358.84,269181
2026-06-02 15:58,357.98001,358.44,357.97,358.44,294558
2026-06-02 15:59,358.5,358.51999,357.85001,357.98999,728411
2026-06-03 09:30,361.44,361.5,357.52328,358.33499,4340433
2026-06-03 09:31,361.22,362.5,360.42001,361.47,486177
2026-06-03 09:32,359.38,362.04501,358.56,361.23001,469443
2026-06-03 09:33,359.86499,359.86499,358.09,359.51001,235384
2026-06-03 09:34,360.03,360.92999,359.30499,359.87,240028
2026-06-03 09:35,359.72501,360.14911,358.67001,360.03,302927
2026-06-03 09:36,359.45999,360.09,359.32999,359.72,249778
2026-06-03 09:37,357.69,359.79999,357.56,359.45999,253166
2026-06-03 09:38,359.62299,360.0,357.62,357.73499,214893
2026-06-03 09:39,359.28,360.20001,358.8316,359.70999,182460
2026-06-03 09:40,359.92999,360.07999,358.14001,359.23001,189514
2026-06-03 09:41,358.75,361.06989,358.70001,359.9451,308911
2026-06-03 09:42,359.82001,359.84,358.384,358.7475,128402
2026-06-03 09:43,360.54999,360.75,359.51001,359.85999,138457
2026-06-03 09:44,359.82999,360.88,359.59,360.5,180290
2026-06-03 09:45,359.38,360.54001,359.17001,359.79999,203796
2026-06-03 09:46,359.23999,360.35001,358.92999,359.27499,208305
2026-06-03 09:47,357.84,359.41,357.41,359.23999,237188
2026-06-03 09:48,357.97501,358.56,357.79001,357.85501,170720
2026-06-03 09:49,358.95999,359.32001,357.95999,358.0795,178835
2026-06-03 09:50,358.76001,359.0788,358.39001,358.92001,166001
2026-06-03 09:51,358.49011,359.13501,358.41,358.85001,100538
2026-06-03 09:52,358.23999,358.67001,357.85999,358.60999,84441
2026-06-03 09:53,358.04501,358.20999,357.70001,358.10001,81142
2026-06-03 09:54,358.41501,359.14001,358.06,358.095,104009
2026-06-03 09:55,358.92001,359.04999,358.10999,358.41501,101492
2026-06-03 09:56,359.13,359.73001,358.70999,358.95499,95918
2026-06-03 09:57,359.35001,359.54999,358.76001,359.17499,136605
2026-06-03 09:58,359.26001,359.51999,358.98001,359.41,119319
2026-06-03 09:59,360.31,360.35999,359.26001,359.28,147731
2026-06-03 10:00,361.42999,361.53,360.14001,360.35999,215547
2026-06-03 10:01,360.75,361.60501,360.70999,361.41,154823
2026-06-03 10:02,361.19501,361.48001,360.44,360.78,115714
2026-06-03 10:03,361.26999,361.45001,360.89999,361.17999,118049
2026-06-03 10:04,361.54001,361.95001,361.30011,361.34,163409
2026-06-03 10:05,361.64001,361.64999,360.82999,361.56,92693
2026-06-03 10:06,361.85001,362.10001,361.48999,361.64001,115739
2026-06-03 10:07,360.60999,362.01999,360.5,361.85001,151244
2026-06-03 10:08,360.34009,360.97,360.14999,360.64999,107586
2026-06-03 10:09,360.32999,360.70999,359.94101,360.32999,74521
2026-06-03 10:10,360.82999,360.94,360.41,360.45001,69751
2026-06-03 10:11,360.51999,361.17001,360.25,360.79001,106204
2026-06-03 10:12,359.94501,360.70999,359.8801,360.51999,88325
2026-06-03 10:13,359.62,360.14001,359.54001,359.98001,116878
2026-06-03 10:14,360.26501,360.39999,359.5,359.60001,76026
2026-06-03 10:15,359.60999,360.20999,359.35999,360.20999,70951
2026-06-03 10:16,359.39999,359.76999,359.23999,359.60999,64797
2026-06-03 10:17,358.31,359.39001,358.25,359.39001,109382
2026-06-03 10:18,357.47989,358.32999,357.35999,358.26999,122094
2026-06-03 10:19,357.66,357.81,357.20001,357.35001,84608
2026-06-03 10:20,357.79001,357.92001,357.31,357.67941,120101
2026-06-03 10:21,357.98999,358.22,357.45001,357.69,75959
2026-06-03 10:22,358.45001,358.78,357.82999,357.95001,79990
2026-06-03 10:23,358.75,358.81,358.17001,358.42999,97983
2026-06-03 10:24,358.04999,358.89999,357.98999,358.70999,77495
2026-06-03 10:25,358.05499,358.34,357.78,358.05499,93684
2026-06-03 10:26,358.13,358.5,357.98999,358.05499,83819
2026-06-03 10:27,357.54001,358.29001,357.45001,358.13,107820
2026-06-03 10:28,357.56009,357.94,357.44,357.5,46971
2026-06-03 10:29,357.66,357.66,357.19,357.57999,73662
2026-06-03 10:30,358.14999,358.23999,357.5,357.60001,66363
2026-06-03 10:31,358.20499,358.32001,358.09,358.16501,66326
2026-06-03 10:32,358.685,358.73999,358.17999,358.25,125104
2026-06-03 10:33,358.35501,358.73999,358.35001,358.67001,65420
2026-06-03 10:34,358.75,358.75,358.26999,358.39001,74586
2026-06-03 10:35,359.17499,359.45001,358.6701,358.745,111179
2026-06-03 10:36,359.47501,359.54999,359.07999,359.17499,75484
2026-06-03 10:37,359.14499,359.51501,359.01999,359.44,52679
2026-06-03 10:38,359.51001,359.51501,359.0,359.14499,108568
2026-06-03 10:39,359.89001,359.92499,359.32001,359.5,65200
2026-06-03 10:40,359.8075,360.14001,359.69,359.88,144835
2026-06-03 10:41,359.85001,359.98999,359.405,359.82999,90712
2026-06-03 10:42,359.66,360.17999,359.56,359.815,50977
2026-06-03 10:43,359.19,359.89999,359.12,359.66,60448
2026-06-03 10:44,358.785,359.29999,358.785,359.19,74442
2026-06-03 10:45,358.43051,358.97,358.38199,358.76999,58018
2026-06-03 10:46,359.0,359.04001,358.42999,358.45001,49703
2026-06-03 10:47,357.86029,359.0,357.85001,359.0,201263
2026-06-03 10:48,358.2934,358.2934,357.62,357.85999,42919
2026-06-03 10:49,358.19,358.51001,358.19,358.31,31636
2026-06-03 10:50,358.29999,358.37149,358.14001,358.20999,24041
2026-06-03 10:51,358.2399,358.39999,357.91,358.29999,75447
2026-06-03 10:52,358.39001,358.57999,358.19501,358.23999,51398
2026-06-03 10:53,358.28,358.465,357.98001,358.42499,122202
2026-06-03 10:54,358.07999,358.45999,358.03,358.22,40299
2026-06-03 10:55,358.07001,358.28,357.95999,358.06,45758
2026-06-03 10:56,357.75,358.17001,357.67001,358.09,65280
2026-06-03 10:57,357.25,357.715,356.89001,357.715,99109
2026-06-03 10:58,357.4108,357.45999,356.98999,357.29999,231517
2026-06-03 10:59,357.56,357.89001,357.345,357.48001,62039
2026-06-03 11:00,357.72,357.79999,357.56,357.64001,44556
2026-06-03 11:01,357.73999,357.82999,357.57999,357.78,53684
2026-06-03 11:02,357.07001,357.75,357.03,357.73999,115872
2026-06-03 11:03,356.47501,357.07001,356.37,357.07001,195184
2026-06-03 11:04,356.54501,356.64999,356.38,356.47501,58775
2026-06-03 11:05,356.59,356.72241,356.44,356.5,29438
2026-06-03 11:06,356.62,356.77811,356.60001,356.60999,31015
2026-06-03 11:07,356.70001,356.81,356.5,356.63,38473
2026-06-03 11:08,356.85001,356.85999,356.63,356.67001,40455
2026-06-03 11:09,356.78,356.97,356.57001,356.86499,54915
2026-06-03 11:10,356.88,356.94,356.69009,356.73999,29491
2026-06-03 11:11,356.92999,357.0,356.73999,356.88,25453
2026-06-03 11:12,356.5,357.0,356.42999,356.9101,30972
2026-06-03 11:13,356.20999,356.5,356.20001,356.5,90392
2026-06-03 11:14,355.92001,356.22501,355.54999,356.22501,190992
2026-06-03 11:15,355.27499,355.92401,355.22,355.92401,132837
2026-06-03 11:16,355.54999,355.73001,355.0701,355.28,172771
2026-06-03 11:17,355.28,355.60001,355.1001,355.54999,93559
2026-06-03 11:18,355.44,355.76501,355.29001,355.29999,173676
2026-06-03 11:19,355.41501,355.51999,355.25,355.42001,102984
2026-06-03 11:20,355.29999,355.45999,355.12,355.37,78551
2026-06-03 11:21,355.29001,355.35999,355.17999,355.26999,50198
2026-06-03 11:22,355.11499,355.29999,355.03,355.28781,34243
2026-06-03 11:23,354.785,355.12,354.72,355.12,297144
2026-06-03 11:24,355.20001,355.26999,354.827,354.85001,46878
2026-06-03 11:25,355.10999,355.186,354.97,355.15009,51313
2026-06-03 11:26,355.07639,355.2395,355.06,355.12,34486
2026-06-03 11:27,355.79071,355.79071,355.06,355.10999,42786
2026-06-03 11:28,355.82999,355.97,355.60001,355.76501,75282
2026-06-03 11:29,355.86499,355.95001,355.76001,355.84,68516
2026-06-03 11:30,355.63,355.92001,355.37,355.91,86632
2026-06-03 11:31,355.54001,355.64999,355.47,355.61499,36180
2026-06-03 11:32,355.5,355.69,355.39999,355.54001,65052
2026-06-03 11:33,355.54999,355.67001,355.48001,355.51999,22728
2026-06-03 11:34,355.48001,355.57001,355.39001,355.57001,35564
2026-06-03 11:35,355.55499,355.56,355.39999,355.45001,26661
2026-06-03 11:36,355.4512,355.655,355.26999,355.53,28127
2026-06-03 11:37,355.14001,355.53,355.10999,355.44,54288
2026-06-03 11:38,355.51001,355.54999,355.12,355.14499,29627
2026-06-03 11:39,355.34201,355.57001,355.31,355.49301,7581
2026-06-03 11:40,355.41,355.47009,355.23999,355.34,70826
2026-06-03 11:41,355.57001,355.70999,355.41,355.41,94624
2026-06-03 11:42,355.90341,355.91,355.55011,355.56,44457
2026-06-03 11:43,355.92001,356.10001,355.70999,355.87,43469
2026-06-03 11:44,356.26999,356.26999,355.89999,355.92001,37842
2026-06-03 11:45,355.92999,356.56,355.85999,356.23999,103491
2026-06-03 11:46,355.56,356.0,355.53,355.92999,82843
2026-06-03 11:47,355.69,355.70999,355.4201,355.64001,43299
2026-06-03 11:48,355.89011,355.91,355.64999,355.64999,46177
2026-06-03 11:49,356.39499,356.39999,355.70999,355.905,98516
2026-06-03 11:50,356.10001,356.54999,356.04001,356.39001,25954
2026-06-03 11:51,355.67999,356.10001,355.67999,356.06,85561
2026-06-03 11:52,355.27161,355.76999,355.13,355.66,35285
2026-06-03 11:53,355.61499,355.67999,355.25,355.25,40352
2026-06-03 11:54,355.57001,355.66,355.53,355.625,16460
2026-06-03 11:55,355.70999,355.73001,355.51001,355.57001,26832
2026-06-03 11:56,355.73999,355.785,355.60501,355.67999,27452
2026-06-03 11:57,355.64499,355.755,355.5,355.70999,36949
2026-06-03 11:58,355.64999,355.8299,355.64999,355.67999,24592
2026-06-03 11:59,355.95001,356.03,355.70001,355.715,30832
2026-06-03 12:00,356.09,356.14999,355.95001,355.98999,149811
2026-06-03 12:01,356.20001,356.255,355.85501,356.125,31659
2026-06-03 12:02,356.66,356.73001,356.17001,356.17999,47528
2026-06-03 12:03,356.92001,357.0,356.60001,356.67841,53238
2026-06-03 12:04,356.9899,356.98999,356.73001,356.92999,25802
2026-06-03 12:05,357.14999,357.35001,356.84,356.98999,47431
2026-06-03 12:06,356.95001,357.20999,356.7901,357.13,67872
2026-06-03 12:07,356.88,357.01001,356.75,356.95499,27650
2026-06-03 12:08,356.815,357.23001,356.815,356.90991,43544
2026-06-03 12:09,356.19,356.82001,356.14001,356.82001,40474
2026-06-03 12:10,356.23999,356.28,356.10001,356.16,42446
2026-06-03 12:11,356.29001,356.40961,356.16,356.25,70211
2026-06-03 12:12,355.89001,356.29999,355.73999,356.29999,100065
2026-06-03 12:13,355.87,355.98999,355.81,355.88,116065
2026-06-03 12:14,355.755,355.88,355.70001,355.85001,112933
2026-06-03 12:15,355.85501,355.88,355.64001,355.745,47019
2026-06-03 12:16,355.79001,355.91,355.5,355.84,32029
2026-06-03 12:17,355.54001,355.82999,355.45999,355.82999,30812
2026-06-03 12:18,355.3801,355.54999,355.37,355.53,30104
2026-06-03 12:19,355.35999,355.44,355.23999,355.44,73565
2026-06-03 12:20,355.04999,355.35001,355.04999,355.35001,54024
2026-06-03 12:21,355.09,355.17999,354.92001,355.05499,79121
2026-06-03 12:22,355.19009,355.23999,355.03,355.07001,33580
2026-06-03 12:23,355.06,355.22501,355.05499,355.22501,58058
2026-06-03 12:24,355.01001,355.17999,354.89999,355.065,36297
2026-06-03 12:25,355.07999,355.20001,354.82001,355.0,54916
2026-06-03 12:26,355.04001,355.13989,354.91,355.12,49382
2026-06-03 12:27,355.13,355.15399,354.79999,355.01959,42057
2026-06-03 12:28,355.20001,355.37949,355.16,355.16,41881
2026-06-03 12:29,355.44,355.55499,355.07999,355.20001,67605
2026-06-03 12:30,355.51001,355.57999,355.41,355.47,27313
2026-06-03 12:31,355.54999,355.78989,355.39999,355.52499,67390
2026-06-03 12:32,355.80499,355.81,355.57001,355.57999,44353
2026-06-03 12:33,355.72,355.82001,355.59,355.80499,34177
2026-06-03 12:34,356.07001,356.07001,355.67001,355.7225,46467
2026-06-03 12:35,356.17001,356.51999,356.04501,356.07501,76319
2026-06-03 12:36,356.19501,356.3717,356.07501,356.14999,37709
2026-06-03 12:37,356.405,356.66,356.03,356.19501,72367
2026-06-03 12:38,356.28,356.60001,356.20001,356.405,50274
2026-06-03 12:39,355.82001,356.28,355.67001,356.28,38782
2026-06-03 12:40,355.72501,356.0,355.70999,355.82999,19276
2026-06-03 12:41,355.64999,355.79001,355.505,355.72,26902
2026-06-03 12:42,355.35001,355.73001,355.35001,355.64001,40047
2026-06-03 12:43,355.95999,355.98001,355.345,355.39001,96905
2026-06-03 12:44,355.94,355.94,355.89001,355.89499,50663
2026-06-03 12:45,357.20001,357.20001,356.66,356.66,26770
2026-06-03 12:46,357.005,357.20001,356.94,357.20001,65277
2026-06-03 12:47,357.495,357.60001,357.16479,357.38,21076
2026-06-03 12:48,357.36569,357.48001,357.0,357.48001,62733
2026-06-03 12:49,357.26001,357.39001,357.26001,357.32999,33158
2026-06-03 12:50,357.35001,357.57999,357.23001,357.23001,25888
2026-06-03 12:51,357.53,357.79001,357.53,357.76501,46534
2026-06-03 12:52,357.19,357.57001,357.14001,357.495,33286
2026-06-03 12:53,356.94,357.28,356.89999,357.17001,25260
2026-06-03 12:54,356.76511,357.04001,356.73999,356.92499,112039
2026-06-03 12:55,356.73041,356.81,356.73041,356.81,734
2026-06-03 12:56,357.17999,357.17999,356.76001,356.76001,25107
2026-06-03 12:57,357.32999,357.37991,357.04001,357.14999,17611
2026-06-03 12:58,357.6499,357.6698,357.26999,357.28,26978
2026-06-03 12:59,357.5451,357.67001,357.53,357.63,32282
2026-06-03 13:00,356.9201,357.57999,356.92001,357.565,31227
2026-06-03 13:01,357.0,357.06,356.785,356.92001,17660
2026-06-03 13:02,356.82001,357.01001,356.70041,357.01001,18695
2026-06-03 13:03,356.95001,357.04001,356.85999,356.85999,19872
2026-06-03 13:04,356.97,357.02499,356.79999,356.97501,23557
2026-06-03 13:05,357.19,357.20511,356.97,356.97,24150
2026-06-03 13:06,357.13,357.3121,357.03,357.1503,32766
2026-06-03 13:07,357.10001,357.17499,356.92499,357.14999,20301
2026-06-03 13:08,357.20001,357.23001,357.04501,357.06,32319
2026-06-03 13:09,357.67999,357.67999,357.19901,357.20001,91295
2026-06-03 13:10,357.625,357.72,357.48499,357.70001,53347
2026-06-03 13:11,357.70749,357.70999,357.29001,357.64999,48364
2026-06-03 13:12,357.35999,357.79999,357.25,357.75,41417
2026-06-03 13:13,356.97,357.51001,356.91,357.35001,54191
2026-06-03 13:14,357.34,357.35001,356.91,356.95001,29999
2026-06-03 13:15,357.48001,357.5,357.26001,357.33011,24323
2026-06-03 13:16,357.70001,357.70999,357.39999,357.48001,32162
2026-06-03 13:17,357.73001,357.95999,357.63,357.70001,12104
2026-06-03 13:18,357.67999,357.81,357.62,357.76501,28551
2026-06-03 13:19,358.10001,358.14001,357.66,357.69,45961
2026-06-03 13:20,358.17001,358.29251,358.04001,358.07501,31977
2026-06-03 13:21,358.14001,358.23001,358.04001,358.13,31424
2026-06-03 13:22,358.19,358.20001,357.92001,358.14999,29081
2026-06-03 13:23,358.435,358.57999,358.17999,358.20959,34568
2026-06-03 13:24,358.54001,358.65991,358.375,358.44,40533
2026-06-03 13:25,358.20001,358.35001,358.20001,358.35001,37000
2026-06-03 13:26,358.14001,358.53989,358.11499,358.185,33894
2026-06-03 13:27,357.70001,358.20001,357.63,358.06009,36552
2026-06-03 13:28,357.3801,357.6701,357.3801,357.6701,29865
2026-06-03 13:29,357.89999,357.89999,357.38,357.39999,31705
2026-06-03 13:30,357.62,358.0,357.5,357.89999,57642
2026-06-03 13:31,357.595,357.72,357.45999,357.54501,32376
2026-06-03 13:32,357.535,357.59,357.42999,357.59,20027
2026-06-03 13:33,357.64001,357.85001,357.45001,357.535,50395
2026-06-03 13:34,357.66,357.82999,357.60999,357.64001,32521
2026-06-03 13:35,357.59,357.59,357.59,357.59,34643
2026-06-03 13:36,357.47,357.66,357.435,357.66,14701
2026-06-03 13:37,357.25,357.51001,357.16,357.47,31763
2026-06-03 13:38,357.29001,357.35999,357.09,357.20001,46260
2026-06-03 13:39,357.45999,357.56,357.28,357.28,32346
2026-06-03 13:40,357.87,357.87,357.41,357.47,37716
2026-06-03 13:41,357.82001,357.85001,357.66,357.82999,29435
2026-06-03 13:42,357.73999,357.85999,357.70001,357.82999,25475
2026-06-03 13:43,358.17999,358.31,357.72,357.72,46175
2026-06-03 13:44,357.89999,358.29001,357.85001,358.20001,26937
2026-06-03 13:45,357.62,357.92999,357.57999,357.89999,27648
2026-06-03 13:46,357.34,357.64001,357.17041,357.64001,40546
2026-06-03 13:47,356.84,357.39001,356.84,357.29999,30524
2026-06-03 13:48,356.89999,357.03,356.88501,356.91,29325
2026-06-03 13:49,356.875,356.95001,356.60999,356.92001,51240
2026-06-03 13:50,356.76001,357.05499,356.69,356.875,38535
2026-06-03 13:51,356.52499,356.74911,356.35001,356.73999,48486
2026-06-03 13:52,356.535,356.67999,356.48999,356.54999,22612
2026-06-03 13:53,356.57001,356.60999,356.47,356.54001,28826
2026-06-03 13:54,356.51999,356.62,356.48999,356.54999,42478
2026-06-03 13:55,356.5,356.59,356.45999,356.53,49653
2026-06-03 13:56,356.65701,356.67999,356.45999,356.48999,36000
2026-06-03 13:57,356.60999,356.72,356.57001,356.64999,66338
2026-06-03 13:58,356.64499,356.66,356.51999,356.63,28603
2026-06-03 13:59,356.7981,356.7981,356.48999,356.64499,41170
2026-06-03 14:00,356.77499,356.82001,356.64499,356.77499,29879
2026-06-03 14:01,356.88,356.89001,356.73999,356.76501,33402
2026-06-03 14:02,356.88,356.92001,356.67999,356.85999,45742
2026-06-03 14:03,356.48001,356.92001,356.48001,356.87,55293
2026-06-03 14:04,356.66,356.82001,356.47,356.48499,59934
2026-06-03 14:05,356.41,356.67001,356.32001,356.67001,55143
2026-06-03 14:06,356.14001,356.44,356.01001,356.39001,48248
2026-06-03 14:07,356.42001,356.42999,356.01999,356.13,51691
2026-06-03 14:08,356.21521,356.42999,356.16,356.42001,40183
2026-06-03 14:09,356.07001,356.32501,356.07001,356.22,30701
2026-06-03 14:10,355.95999,356.17068,355.81,356.08499,69009
2026-06-03 14:11,355.84,356.04001,355.66,355.95999,45256
2026-06-03 14:12,355.85861,355.95999,355.81,355.84,41062
2026-06-03 14:13,355.52499,355.98999,355.51001,355.8511,49639
2026-06-03 14:14,355.64001,355.80499,355.51999,355.52499,42759
2026-06-03 14:15,355.78,355.78,355.60501,355.61499,57047
2026-06-03 14:16,355.76001,355.84,355.70001,355.78,26339
2026-06-03 14:17,356.03,356.13,355.76501,355.76999,39272
2026-06-03 14:18,355.92001,356.10999,355.70529,356.03,49607
2026-06-03 14:19,355.91,355.98001,355.85001,355.92999,74658
2026-06-03 14:20,355.935,355.97,355.60001,355.91501,55818
2026-06-03 14:21,355.89001,355.98001,355.73999,355.95999,40571
2026-06-03 14:22,355.95001,355.98001,355.88501,355.89999,28658
2026-06-03 14:23,355.81,356.04001,355.81,355.95499,99551
2026-06-03 14:24,355.73999,355.89001,355.66,355.815,79528
2026-06-03 14:25,355.75,355.82001,355.64001,355.715,73721
2026-06-03 14:26,356.01001,356.01999,355.72,355.76999,74771
2026-06-03 14:27,356.25,356.25,355.86151,356.0,75421
2026-06-03 14:28,355.92999,356.26999,355.92001,356.25,78538
2026-06-03 14:29,356.0,356.0,355.79999,355.92001,52013
2026-06-03 14:30,356.04001,356.07999,355.95999,356.01001,28076
2026-06-03 14:31,356.14001,356.29999,355.98001,356.04999,43851
2026-06-03 14:32,356.14001,356.26001,356.09,356.14001,47417
2026-06-03 14:33,356.095,356.17001,356.0,356.12,44612
2026-06-03 14:34,356.03,356.17999,355.92001,356.10001,34336
2026-06-03 14:35,356.16,356.35999,356.01999,356.02991,41320
2026-06-03 14:36,356.44501,356.47,356.14999,356.20001,28685
2026-06-03 14:37,356.53,356.57001,356.36499,356.44,35470
2026-06-03 14:38,356.5,356.67999,356.45999,356.54501,25933
2026-06-03 14:39,356.39999,356.60999,356.35001,356.48999,40160
2026-06-03 14:40,356.42001,356.48999,356.35001,356.42001,29012
2026-06-03 14:41,356.38501,356.45001,356.34,356.42001,27458
2026-06-03 14:42,356.23001,356.42999,356.19,356.39999,67650
2026-06-03 14:43,356.23001,356.25,356.10001,356.22198,51617
2026-06-03 14:44,356.89001,356.97,356.23001,356.23001,53887
2026-06-03 14:45,357.14999,357.16,356.81,356.88,38808
2026-06-03 14:46,357.5015,357.56,357.14001,357.14999,35339
2026-06-03 14:47,357.39999,357.63,357.32999,357.51501,37900
2026-06-03 14:48,357.04999,357.39001,357.01001,357.39001,62813
2026-06-03 14:49,357.0101,357.077,356.85071,357.04999,34636
2026-06-03 14:50,357.03,357.05991,356.79999,357.03,30596
2026-06-03 14:51,357.36499,357.42001,357.0,357.035,84661
2026-06-03 14:52,357.62,357.73999,357.23001,357.37,46099
2026-06-03 14:53,357.38,357.66,357.38,357.62,38234
2026-06-03 14:54,357.5047,357.54999,357.39001,357.39999,38253
2026-06-03 14:55,357.785,357.82999,357.5,357.5,90684
2026-06-03 14:56,357.70999,357.82999,357.54999,357.76001,34887
2026-06-03 14:57,357.10999,357.7699,357.04999,357.70999,71881
2026-06-03 14:58,356.85999,357.20999,356.82001,357.10501,36708
2026-06-03 14:59,356.97501,357.04001,356.85001,356.88251,35738
2026-06-03 15:00,356.94501,357.01999,356.771,356.97501,32733
2026-06-03 15:01,356.741,357.01001,356.655,356.94,46875
2026-06-03 15:02,356.185,356.75,356.1572,356.73999,37198
2026-06-03 15:03,356.28,356.37,356.14001,356.22,43203
2026-06-03 15:04,356.26001,356.41,356.13,356.2601,48075
2026-06-03 15:05,356.07001,356.37,356.03049,356.23001,73284
2026-06-03 15:06,356.03751,356.26999,356.01001,356.065,37896
2026-06-03 15:07,355.94501,356.10001,355.89999,356.04999,44646
2026-06-03 15:08,356.13989,356.14499,355.75,355.94,59819
2026-06-03 15:09,356.42999,356.48999,356.04999,356.14001,96880
2026-06-03 15:10,356.32001,356.78,356.32001,356.4556,65022
2026-06-03 15:11,356.07501,356.3399,356.0,356.315,36407
2026-06-03 15:12,356.35999,356.39001,356.04999,356.07501,26639
2026-06-03 15:13,356.57999,356.63,356.37,356.41,59374
2026-06-03 15:14,356.75,356.98999,356.54999,356.57001,62832
2026-06-03 15:15,356.47,356.82999,356.44,356.75,30410
2026-06-03 15:16,356.45999,356.54001,356.32501,356.4635,37505
2026-06-03 15:17,356.54999,356.85999,356.45999,356.45999,63747
2026-06-03 15:18,356.32999,356.73001,356.31,356.54001,50504
2026-06-03 15:19,356.20999,356.42001,356.13501,356.29999,48745
2026-06-03 15:20,356.155,356.20999,356.05499,356.20999,44377
2026-06-03 15:21,355.94501,356.20999,355.93451,356.14999,44801
2026-06-03 15:22,356.13501,356.31,355.95499,355.95999,78218
2026-06-03 15:23,356.17001,356.245,356.06,356.17999,42034
2026-06-03 15:24,356.17001,356.39001,356.16,356.16501,43538
2026-06-03 15:25,356.12,356.20999,356.04001,356.16501,35272
2026-06-03 15:26,356.26929,356.35001,356.0809,356.12,47681
2026-06-03 15:27,356.405,356.405,356.10001,356.2608,273344
2026-06-03 15:28,356.64999,356.73999,356.41,356.41,40693
2026-06-03 15:29,356.54999,356.76999,356.47061,356.65009,52617
2026-06-03 15:30,356.37,356.54501,356.26089,356.53,59842
2026-06-03 15:31,356.22061,356.405,356.16,356.37,47478
2026-06-03 15:32,356.28,356.32999,356.17001,356.22,92914
2026-06-03 15:33,356.1398,356.32001,356.13,356.27499,46950
2026-06-03 15:34,356.19,356.19501,356.10999,356.13501,43629
2026-06-03 15:35,356.14999,356.22,356.06,356.20999,54660
2026-06-03 15:36,356.07501,356.17999,355.9509,356.14999,50742
2026-06-03 15:37,355.98001,356.10999,355.98001,356.08179,44763
2026-06-03 15:38,356.04999,356.10001,355.87061,355.98001,121164
2026-06-03 15:39,355.82999,356.13,355.79001,355.995,98592
2026-06-03 15:40,355.38,355.82001,355.20999,355.82001,88611
2026-06-03 15:41,355.70999,355.72,355.32501,355.39999,68083
2026-06-03 15:42,355.815,355.91,355.60001,355.72,99310
2026-06-03 15:43,355.64999,355.88,355.57001,355.815,84246
2026-06-03 15:44,355.37,355.66,355.35001,355.64999,80910
2026-06-03 15:45,355.41,355.42999,355.245,355.32999,76248
2026-06-03 15:46,355.54501,355.60001,355.371,355.39099,82895
2026-06-03 15:47,355.20001,355.56,355.17001,355.54501,99908
2026-06-03 15:48,355.125,355.26999,355.07999,355.20001,134950
2026-06-03 15:49,355.22501,355.29001,355.10101,355.125,120322
2026-06-03 15:50,354.95001,355.25,354.651,355.23001,241676
2026-06-03 15:51,354.85501,354.92001,354.72,354.92001,162702
2026-06-03 15:52,354.72501,355.14999,354.62,354.87,201802
2026-06-03 15:53,354.70001,355.07001,354.64001,354.72,161539
2026-06-03 15:54,354.61499,354.95999,354.42999,354.70001,220111
2026-06-03 15:55,354.98001,355.04001,354.39999,354.61499,299381
2026-06-03 15:56,355.14001,355.45001,354.97,354.98001,273423
2026-06-03 15:57,355.19,355.47,355.13,355.13,338802
2026-06-03 15:58,355.67999,355.73999,354.97,355.19501,500813
2026-06-03 15:59,355.82001,355.85001,355.38,355.67001,718186
2026-06-04 09:30,358.10001,358.10001,354.85001,355.48001,1120843
2026-06-04 09:31,359.22501,359.32999,357.20001,358.14001,185399
2026-06-04 09:32,359.74991,360.14999,359.09,359.23001,213409
2026-06-04 09:33,361.17261,361.20001,359.62,359.62,185849
2026-06-04 09:34,360.655,361.57999,360.60001,361.16931,171315
2026-06-04 09:35,360.45499,361.32001,360.34,360.73999,155279
2026-06-04 09:36,359.97501,360.88,359.60001,360.40009,226146
2026-06-04 09:37,360.55499,360.70999,359.89999,360.03,124913
2026-06-04 09:38,360.79001,360.90991,359.95001,360.5101,130424
2026-06-04 09:39,359.75,360.98999,359.67999,360.81,133125
2026-06-04 09:40,358.405,360.29001,358.23999,359.77991,180181
2026-06-04 09:41,359.90991,359.92999,358.20001,358.42001,87991
2026-06-04 09:42,359.69931,360.20999,359.35999,359.91,108229
2026-06-04 09:43,359.29001,359.94501,359.04001,359.73001,96945
2026-06-04 09:44,359.69,359.94,359.33499,359.35999,115536
2026-06-04 09:45,360.24371,360.49991,359.64001,359.73001,102500
2026-06-04 09:46,360.67001,360.67001,359.94,360.26999,116772
2026-06-04 09:47,360.505,360.89001,360.0,360.57999,118871
2026-06-04 09:48,360.78,360.81,360.04999,360.47,80900
2026-06-04 09:49,361.35501,361.35999,360.42001,360.70999,93843
2026-06-04 09:50,361.60999,361.64001,361.06,361.35501,110991
2026-06-04 09:51,361.215,361.76001,360.92999,361.565,187471
2026-06-04 09:52,361.22,361.66,361.12,361.215,80792
2026-06-04 09:53,361.69,361.76999,360.98999,361.26001,74442
2026-06-04 09:54,362.01501,362.17999,361.45999,361.66501,82143
2026-06-04 09:55,362.92999,362.97,361.92001,362.04001,96442
2026-06-04 09:56,363.17999,363.20999,362.73999,362.85999,99827
2026-06-04 09:57,363.19501,363.29001,362.73999,363.17999,83888
2026-06-04 09:58,363.79999,363.85999,363.01001,363.19501,147153
2026-06-04 09:59,362.85001,363.95001,362.84,363.76999,124892
2026-06-04 10:00,362.62,363.64001,362.55011,362.85001,99533
2026-06-04 10:01,362.03,362.67001,362.0,362.54001,80992
2026-06-04 10:02,361.54001,362.37,361.51999,362.03009,95555
2026-06-04 10:03,362.11691,362.19629,361.2515,361.54001,59863
2026-06-04 10:04,362.14999,362.38,361.9101,362.12,52859
2026-06-04 10:05,361.6615,362.22,361.12,362.16,101046
2026-06-04 10:06,361.57999,361.87,361.32001,361.67999,105365
2026-06-04 10:07,362.10999,362.12,361.48001,361.59991,76036
2026-06-04 10:08,362.965,363.035,362.01501,362.10999,93802
2026-06-04 10:09,362.42999,363.04999,362.42001,363.03,122518
2026-06-04 10:10,362.66,362.66,362.0,362.48999,71387
2026-06-04 10:11,363.35501,363.51001,362.48401,362.64999,97847
2026-06-04 10:12,363.25,363.42999,363.01999,363.32999,115648
2026-06-04 10:13,363.33499,363.53,363.16,363.23001,114141
2026-06-04 10:14,363.79501,363.82001,363.07001,363.32999,97269
2026-06-04 10:15,364.01501,364.22,363.73999,363.79001,118498
2026-06-04 10:16,364.42999,364.45001,363.79999,363.97,99090
2026-06-04 10:17,364.59,364.63,364.29001,364.45001,79705
2026-06-04 10:18,364.69501,364.87,364.32001,364.60001,91305
2026-06-04 10:19,364.27499,364.73999,363.89001,364.69501,93082
2026-06-04 10:20,363.57001,364.26001,363.5401,364.215,69243
2026-06-04 10:21,363.89401,363.95001,363.25,363.60199,51004
2026-06-04 10:22,364.23999,364.57001,363.95001,363.965,67661
2026-06-04 10:23,364.73999,364.88,364.14001,364.27011,73322
2026-06-04 10:24,364.87,365.0,364.51001,364.78,131145
2026-06-04 10:25,364.92499,365.23001,364.78,364.87,94228
2026-06-04 10:26,364.82999,365.29001,364.67999,364.97,111077
2026-06-04 10:27,365.405,365.5,364.51999,364.73001,75310
2026-06-04 10:28,365.31,365.41,364.99011,365.37,45407
2026-06-04 10:29,365.03,365.41,364.95999,365.31,109619
2026-06-04 10:30,365.14999,365.20999,364.34,365.01001,125191
2026-06-04 10:31,364.94501,365.26999,364.6124,365.09,86291
2026-06-04 10:32,364.9101,365.0,364.66501,364.98001,80939
2026-06-04 10:33,364.9899,365.07999,364.66,364.94501,61570
2026-06-04 10:34,365.06,365.29999,364.79001,364.94751,49848
2026-06-04 10:35,364.54001,365.20001,364.48001,365.10999,79388
2026-06-04 10:36,364.14999,364.62991,364.07001,364.54001,78384
2026-06-04 10:37,364.435,364.45999,364.04001,364.12,39122
2026-06-04 10:38,364.54999,364.59,364.29001,364.42249,83782
2026-06-04 10:39,364.84,364.94,364.39001,364.54501,62755
2026-06-04 10:40,365.04001,365.12,364.78461,364.88,45078
2026-06-04 10:41,365.20999,365.34,364.92001,365.04001,41392
2026-06-04 10:42,365.35999,365.39001,364.95999,365.25989,58764
2026-06-04 10:43,365.26001,365.60001,365.16,365.40991,65499
2026-06-04 10:44,365.19501,365.435,365.16,365.27579,45318
2026-06-04 10:45,364.9299,365.42999,364.82001,365.20001,59607
2026-06-04 10:46,365.245,365.31,364.88501,364.88501,50132
2026-06-04 10:47,364.75,365.26691,364.75,365.245,36515
2026-06-04 10:48,364.35001,364.81,364.26999,364.75,67305
2026-06-04 10:49,364.51999,364.65521,364.26999,364.29999,45985
2026-06-04 10:50,365.255,365.35999,364.34,364.53,35815
2026-06-04 10:51,365.01999,365.28,364.87,365.25,68524
2026-06-04 10:52,365.20001,365.28,364.9783,365.03,32050
2026-06-04 10:53,365.14999,365.26001,364.92999,365.20999,55101
2026-06-04 10:54,365.31,365.35999,364.98999,365.07999,38783
2026-06-04 10:55,365.34,365.5,365.23001,365.31,41831
2026-06-04 10:56,365.59,365.69,365.26999,365.32001,45805
2026-06-04 10:57,365.27249,365.64999,365.27249,365.60989,70764
2026-06-04 10:58,365.12,365.37,364.78,365.26999,55502
2026-06-04 10:59,365.31,365.32999,364.97,365.10001,47302
2026-06-04 11:00,365.45001,365.61499,365.26999,365.31,27693
2026-06-04 11:01,366.01001,366.01999,365.37,365.45001,82263
2026-06-04 11:02,365.97,366.17499,365.89999,366.01251,47919
2026-06-04 11:03,365.98001,366.23001,365.94,365.98499,60021
2026-06-04 11:04,365.89999,366.09,365.67001,365.98001,148865
2026-06-04 11:05,365.345,365.95999,365.345,365.89001,116815
2026-06-04 11:06,364.685,365.59,364.60999,365.32001,55585
2026-06-04 11:07,364.57001,364.94,364.177,364.6286,50516
2026-06-04 11:08,364.27499,364.66,364.12,364.57999,38893
2026-06-04 11:09,365.28,365.36499,364.25479,364.26999,57313
2026-06-04 11:10,365.2099,365.4599,365.07001,365.23999,49602
2026-06-04 11:11,364.76999,365.20001,364.60999,365.20001,47912
2026-06-04 11:12,364.76999,364.85001,364.66,364.73499,26686
2026-06-04 11:13,365.28,365.28,364.6701,364.76999,44996
2026-06-04 11:14,365.23999,365.6286,365.16,365.20999,43441
2026-06-04 11:15,365.315,365.39001,365.04001,365.23999,30308
2026-06-04 11:16,365.685,365.77261,365.28,365.2901,37514
2026-06-04 11:17,365.92999,365.92999,365.60001,365.69,44835
2026-06-04 11:18,365.77499,365.99899,365.72,365.9075,32209
2026-06-04 11:19,365.92999,366.0,365.73001,365.76999,72707
2026-06-04 11:20,365.84,365.92999,365.02011,365.91,70633
2026-06-04 11:21,366.10001,366.29999,365.73999,365.82999,87847
2026-06-04 11:22,366.28,366.315,366.13,366.13,53456
2026-06-04 11:23,366.60001,366.76999,366.25,366.28,67196
2026-06-04 11:24,366.95499,366.97,366.57001,366.60001,37832
2026-06-04 11:25,366.98099,367.17999,366.9101,366.95499,101014
2026-06-04 11:26,366.91501,367.10999,366.84,366.97,84803
2026-06-04 11:27,367.32501,367.35999,366.87,366.92001,54879
2026-06-04 11:28,367.58499,367.66,367.19,367.29999,67659
2026-06-04 11:29,367.80499,367.85999,367.4801,367.54999,53099
2026-06-04 11:30,367.32999,367.79999,367.23999,367.79999,87187
2026-06-04 11:31,366.17999,367.57999,366.10999,367.29999,121213
2026-06-04 11:32,366.76001,366.82501,366.12,366.18619,49841
2026-06-04 11:33,366.54321,366.78,366.38,366.76001,37320
2026-06-04 11:34,366.84,366.84,366.33499,366.5,53213
2026-06-04 11:35,366.85999,366.89999,366.48169,366.815,51706
2026-06-04 11:36,367.04001,367.07001,366.535,366.82999,48105
2026-06-04 11:37,366.89999,367.10001,366.82001,367.01999,33006
2026-06-04 11:38,367.07001,367.07001,366.88,366.88,42796
2026-06-04 11:39,367.04501,367.26999,366.8082,367.07999,88968
2026-06-04 11:40,367.05499,367.09,366.82999,367.06,39741
2026-06-04 11:41,366.95999,367.14001,366.82001,367.07999,42054
2026-06-04 11:42,366.42999,367.10001,366.41,366.95831,43072
2026-06-04 11:43,366.01501,366.45001,365.6882,366.42999,43050
2026-06-04 11:44,365.85001,366.29999,365.53,366.06,34866
2026-06-04 11:45,365.67001,366.14001,365.65759,365.85001,53016
2026-06-04 11:46,365.89001,365.95889,365.5101,365.64001,25086
2026-06-04 11:47,366.04001,366.16501,365.82001,365.92499,47079
2026-06-04 11:48,365.815,366.13,365.73251,366.09,42628
2026-06-04 11:49,365.82999,365.875,365.12,365.76501,51575
2026-06-04 11:50,366.29999,366.573,365.82999,365.85001,58056
2026-06-04 11:51,366.23999,366.37,366.07999,366.32999,44868
2026-06-04 11:52,366.35001,366.47,366.23001,366.26999,34322
2026-06-04 11:53,366.45001,366.54001,366.26349,366.35001,51537
2026-06-04 11:54,366.47501,366.5,366.32999,366.435,25224
2026-06-04 11:55,366.76001,366.87,366.41,366.45999,39173
2026-06-04 11:56,366.6586,366.85999,366.57999,366.76999,32890
2026-06-04 11:57,366.88,366.88,366.64999,366.66,38032
2026-06-04 11:58,367.48999,367.5,366.88,366.89499,75118
2026-06-04 11:59,366.86499,367.57999,366.7005,367.5,69343
2026-06-04 12:00,366.625,367.035,366.60001,366.89001,68174
2026-06-04 12:01,367.14001,367.21991,366.44,366.625,57035
2026-06-04 12:02,367.89999,367.92001,367.04001,367.14001,59183
2026-06-04 12:03,367.87,368.04001,367.82999,367.85999,72420
2026-06-04 12:04,367.54501,367.8996,367.42999,367.86499,32912
2026-06-04 12:05,367.905,368.01001,367.5,367.54001,30580
2026-06-04 12:06,368.4592,368.4592,367.89081,367.89081,51726
2026-06-04 12:07,368.79001,368.82999,368.41,368.45999,65675
2026-06-04 12:08,369.07999,369.17001,368.78,368.78,60940
2026-06-04 12:09,368.94501,369.29999,368.92001,369.07999,85484
2026-06-04 12:10,368.905,368.97501,368.73001,368.97501,48021
2026-06-04 12:11,369.19,369.23999,368.82999,368.92001,70421
2026-06-04 12:12,369.16,369.37,369.0,369.185,98884
2026-06-04 12:13,369.03,369.26999,368.95999,369.16,104636
2026-06-04 12:14,368.53751,369.12,368.39999,369.05399,109249
2026-06-04 12:15,368.37,368.54501,368.04999,368.54501,72749
2026-06-04 12:16,368.38,368.44,368.04001,368.42001,29590
2026-06-04 12:17,368.32001,368.495,368.16501,368.38,34606
2026-06-04 12:18,367.57999,368.29999,367.51401,368.26001,57200
2026-06-04 12:19,367.79001,367.79001,367.20999,367.54001,52899
2026-06-04 12:20,368.06,368.06,367.67001,367.83499,74157
2026-06-04 12:21,368.04999,368.37,367.98499,368.07001,28431
2026-06-04 12:22,368.32501,368.32501,368.04999,368.04999,21848
2026-06-04 12:23,368.785,368.88,368.22501,368.32999,29935
2026-06-04 12:24,368.69,368.95999,368.69,368.76999,34528
2026-06-04 12:25,368.23499,368.72,368.1622,368.67999,35417
2026-06-04 12:26,368.39999,368.45999,368.12,368.215,19590
2026-06-04 12:27,368.76001,368.76001,368.39999,368.39999,22140
2026-06-04 12:28,368.29001,368.89999,368.2002,368.80499,50952
2026-06-04 12:29,368.27499,368.54999,368.26001,368.32001,47061
2026-06-04 12:30,368.20499,368.31,368.04001,368.30499,38736
2026-06-04 12:31,368.155,368.45001,368.14999,368.19501,17528
2026-06-04 12:32,368.26001,368.37,368.09,368.22,32183
2026-06-04 12:33,368.17499,368.35999,368.13,368.26001,34108
2026-06-04 12:34,368.28,368.42001,368.09,368.26001,41037
2026-06-04 12:35,368.23999,368.29999,368.16,368.285,24015
2026-06-04 12:36,368.13501,368.32999,368.11499,368.23499,32252
2026-06-04 12:37,368.08499,368.13501,367.76001,368.13501,38633
2026-06-04 12:38,368.89999,368.89999,368.10999,368.10999,97006
2026-06-04 12:39,368.76001,368.95999,368.60999,368.87,41895
2026-06-04 12:40,368.495,368.81921,368.47009,368.75,26832
2026-06-04 12:41,368.79501,368.81,368.45001,368.51999,50809
2026-06-04 12:42,368.47101,368.82999,368.35999,368.815,40345
2026-06-04 12:43,368.285,368.48001,368.13919,368.45999,34437
2026-06-04 12:44,368.17499,368.42001,368.07001,368.26501,43397
2026-06-04 12:45,367.87,368.185,367.76999,368.185,38478
2026-06-04 12:46,367.845,368.30991,367.845,367.92001,51977
2026-06-04 12:47,367.48999,367.92999,367.48999,367.89001,29713
2026-06-04 12:48,367.18011,367.5499,367.16,367.47,29491
2026-06-04 12:49,367.48499,367.54001,367.19171,367.22501,26623
2026-06-04 12:50,367.51999,367.60501,367.32999,367.48499,29092
2026-06-04 12:51,367.60999,367.6593,367.48099,367.48099,28710
2026-06-04 12:52,367.64011,367.70001,367.44,367.59,33228
2026-06-04 12:53,367.63,367.76001,367.57999,367.64001,25540
2026-06-04 12:54,367.82501,367.87,367.56,367.57001,68447
2026-06-04 12:55,368.04999,368.23999,367.82501,367.82501,26771
2026-06-04 12:56,368.15991,368.20999,367.75,368.0444,59156
2026-06-04 12:57,368.2583,368.35001,368.14001,368.14001,29842
2026-06-04 12:58,368.465,368.48999,368.28,368.28,23168
2026-06-04 12:59,368.38,368.60001,368.32999,368.45999,27878
2026-06-04 13:00,368.16,368.42999,368.13,368.41501,67452
2026-06-04 13:01,368.35001,368.42999,368.01999,368.14001,34428
2026-06-04 13:02,368.12,368.33499,367.95999,368.31,71550
2026-06-04 13:03,367.91,368.25,367.89001,368.07501,38595
2026-06-04 13:04,368.13501,368.32001,367.91501,367.92999,20687
2026-06-04 13:05,368.57001,368.59,368.13501,368.14001,34091
2026-06-04 13:06,368.63,368.67001,368.44,368.54001,25412
2026-06-04 13:07,368.72,368.89828,368.63,368.64999,37282
2026-06-04 13:08,368.98999,368.98999,368.69501,368.69501,37521
2026-06-04 13:09,369.45999,369.53,368.97,368.98001,71697
2026-06-04 13:10,369.42999,369.59,369.397,369.45999,48600
2026-06-04 13:11,369.51999,369.59,369.3717,369.48001,58003
2026-06-04 13:12,369.52011,369.59,369.48999,369.505,20659
2026-06-04 13:13,369.45999,369.57001,369.44,369.51999,26018
2026-06-04 13:14,369.56989,369.57999,369.41,369.45499,27373
2026-06-04 13:15,369.25,369.56989,369.10999,369.56,52669
2026-06-04 13:16,368.98999,369.28,368.98001,369.22,33779
2026-06-04 13:17,368.72,369.04001,368.63,368.97,32022
2026-06-04 13:18,368.70999,368.815,368.67001,368.70999,21467
2026-06-04 13:19,369.23001,369.23001,368.62,368.72501,30997
2026-06-04 13:20,368.95999,369.28,368.73999,369.25,31332
2026-06-04 13:21,369.07001,369.12,368.75,368.995,25498
2026-06-04 13:22,369.33499,369.38,369.10001,369.10001,32177
2026-06-04 13:23,369.51999,369.54001,369.29999,369.38,27311
2026-06-04 13:24,369.505,369.64999,369.45001,369.53,102631
2026-06-04 13:25,369.06451,369.51001,369.04001,369.51001,31729
2026-06-04 13:26,369.16,369.25,369.07001,369.07001,17127
2026-06-04 13:27,369.17001,369.28,369.02011,369.16,24738
2026-06-04 13:28,369.51999,369.56,369.16,369.17999,22167
2026-06-04 13:29,369.67001,369.70901,369.48999,369.51001,24450
2026-06-04 13:30,369.38,369.70499,369.22,369.63751,73965
2026-06-04 13:31,368.88,369.42999,368.87,369.34,79404
2026-06-04 13:32,368.73001,368.95001,368.62,368.90991,52925
2026-06-04 13:33,369.01999,369.17001,368.72501,368.72501,39119
2026-06-04 13:34,368.48999,369.035,368.48999,369.01999,37385
2026-06-04 13:35,368.48999,368.56,368.25009,368.56,25630
2026-06-04 13:36,368.535,368.54001,368.29999,368.48499,22536
2026-06-04 13:37,368.76001,368.76999,368.47,368.51999,23508
2026-06-04 13:38,369.255,369.29089,368.78,368.79001,18854
2026-06-04 13:39,369.11499,369.255,369.03,369.255,32378
2026-06-04 13:40,369.185,369.34,369.14001,369.14001,23968
2026-06-04 13:41,369.20999,369.26999,369.12,369.17999,18596
2026-06-04 13:42,369.14999,369.22,369.10001,369.20001,17860
2026-06-04 13:43,369.14499,369.23001,369.10001,369.155,42849
2026-06-04 13:44,369.33499,369.34,369.12,369.14499,26894
2026-06-04 13:45,369.41501,369.45001,369.17999,369.32001,34538
2026-06-04 13:46,369.51999,369.64001,369.39001,369.42001,23923
2026-06-04 13:47,369.41989,369.57001,369.28,369.51001,36353
2026-06-04 13:48,369.42999,369.44,369.28,369.39499,18963
2026-06-04 13:49,369.48001,369.48001,369.33499,369.4487,0
2026-06-04 13:50,369.405,369.60999,369.39999,369.45999,30052
2026-06-04 13:51,369.60999,369.60999,369.39001,369.39001,25212
2026-06-04 13:52,369.62,369.67999,369.57001,369.60599,23748
2026-06-04 13:53,369.58499,369.73999,369.57001,369.61499,22981
2026-06-04 13:54,369.42999,369.60999,369.42001,369.58499,25125
2026-06-04 13:55,369.47501,369.505,369.29999,369.44501,27920
2026-06-04 13:56,369.375,369.51999,369.32999,369.44,22236
2026-06-04 13:57,369.39999,369.45001,369.29099,369.35501,13632
2026-06-04 13:58,369.34,369.45999,369.29999,369.405,21404
2026-06-04 13:59,369.44,369.565,369.32001,369.34,26558
2026-06-04 14:00,369.34,369.60989,369.32999,369.44,34762
2026-06-04 14:01,369.22131,369.59,369.18161,369.31,35308
2026-06-04 14:02,368.82001,369.32001,368.82001,369.2099,30839
2026-06-04 14:03,368.61499,368.81,368.49011,368.81,39154
2026-06-04 14:04,368.45001,368.66501,368.26001,368.64999,79335
2026-06-04 14:05,368.45001,368.64999,368.44,368.47,32397
2026-06-04 14:06,367.84,368.42999,367.82001,368.42999,45687
2026-06-04 14:07,368.02499,368.125,367.75,367.82999,53096
2026-06-04 14:08,368.45999,368.45999,368.0,368.01999,66551
2026-06-04 14:09,368.52499,368.73001,368.42999,368.45499,56796
2026-06-04 14:10,368.51999,368.60999,368.45999,368.54001,44413
2026-06-04 14:11,368.61249,368.6875,368.35001,368.48999,34389
2026-06-04 14:12,368.42001,368.57999,368.26999,368.57999,24343
2026-06-04 14:13,368.94,368.97,368.40009,368.42001,39838
2026-06-04 14:14,369.01001,369.04001,368.85001,368.92499,39069
2026-06-04 14:15,369.30991,369.31,368.79999,369.01001,42723
2026-06-04 14:16,369.41,369.64001,369.28,369.28,58918
2026-06-04 14:17,369.53,369.64001,369.35001,369.41,33492
2026-06-04 14:18,369.63501,369.73999,369.45999,369.5,31012
2026-06-04 14:19,369.60999,369.78,369.60001,369.67999,24731
2026-06-04 14:20,369.70001,369.73999,369.57001,369.595,23966
2026-06-04 14:21,369.67001,369.845,369.64001,369.70999,33699
2026-06-04 14:22,369.4299,369.685,369.39011,369.66,23151
2026-06-04 14:23,369.10001,369.49991,369.06,369.41,34712
2026-06-04 14:24,369.35999,369.44501,369.07999,369.10001,25417
2026-06-04 14:25,369.625,369.70999,369.34,369.34,32063
2026-06-04 14:26,369.51001,369.66,369.31,369.6492,30672
2026-06-04 14:27,369.39499,369.55499,369.10999,369.505,30135
2026-06-04 14:28,369.035,369.39999,368.94,369.39999,31021
2026-06-04 14:29,369.40009,369.44,369.02011,369.02011,32670
2026-06-04 14:30,369.38,369.45001,369.26001,369.405,30275
2026-06-04 14:31,368.95999,369.36499,368.89999,369.36499,28251
2026-06-04 14:32,368.88,369.00989,368.85001,368.98001,26637
2026-06-04 14:33,369.09,369.14999,368.89999,368.89999,24618
2026-06-04 14:34,369.01999,369.14999,369.0,369.10001,19306
2026-06-04 14:35,368.8663,369.06,368.8663,369.04001,25988
2026-06-04 14:36,369.09009,369.13501,368.78,368.89999,20947
2026-06-04 14:37,369.06,369.25,369.06,369.14001,22409
2026-06-04 14:38,369.23499,369.245,369.0,369.06,54540
2026-06-04 14:39,369.38501,369.47,369.19,369.19,32007
2026-06-04 14:40,369.25,369.435,369.20001,369.38501,26347
2026-06-04 14:41,369.23001,369.31,369.12,369.23999,40170
2026-06-04 14:42,369.04001,369.26999,368.98999,369.23499,41687
2026-06-04 14:43,369.04999,369.095,368.97,369.01999,27981
2026-06-04 14:44,369.12,369.1795,369.06,369.07001,28398
2026-06-04 14:45,369.38,369.41,369.04999,369.13,40574
2026-06-04 14:46,369.45001,369.48999,369.13,369.38,27442
2026-06-04 14:47,369.465,369.625,369.37,369.42001,35562
2026-06-04 14:48,369.48001,369.5,369.28,369.48001,27516
2026-06-04 14:49,369.51999,369.60001,369.40009,369.42999,34578
2026-06-04 14:50,369.33151,369.60999,369.29999,369.54001,38184
2026-06-04 14:51,369.29001,369.46851,369.1601,369.29999,72020
2026-06-04 14:52,369.39999,369.53,369.20001,369.28,31703
2026-06-04 14:53,369.45999,369.45999,369.32001,369.39001,18994
2026-06-04 14:54,369.35999,369.48001,369.32001,369.465,37641
2026-06-04 14:55,369.13,369.39001,369.121,369.35001,66168
2026-06-04 14:56,369.20541,369.34,369.14999,369.19,12620
2026-06-04 14:57,368.64999,369.22,368.64001,369.20999,84613
2026-06-04 14:58,368.64999,368.72,368.56,368.64001,83526
2026-06-04 14:59,368.64999,368.72,368.56,368.64001,23705
2026-06-04 15:00,368.66,368.73001,368.57001,368.655,24286
2026-06-04 15:01,368.59,368.78989,368.54001,368.64999,20956
2026-06-04 15:02,368.62,368.63,368.45401,368.62,22789
2026-06-04 15:03,368.63,368.69,368.51999,368.64999,50149
2026-06-04 15:04,368.62,368.70999,368.56,368.63989,26926
2026-06-04 15:05,368.14999,368.57501,368.142,368.57001,30079
2026-06-04 15:06,368.06,368.20999,368.04999,368.13501,60570
2026-06-04 15:07,367.76999,368.10501,367.7601,368.06,33903
2026-06-04 15:08,367.76999,367.82001,367.57001,367.8194,74836
2026-06-04 15:09,368.03,368.07001,367.72,367.73499,32187
2026-06-04 15:10,367.95999,368.12,367.95999,368.03381,25492
2026-06-04 15:11,367.82999,368.01999,367.79001,367.98001,26770
2026-06-04 15:12,367.13,367.91,367.12009,367.82001,56362
2026-06-04 15:13,367.66,367.69,367.14999,367.16,76819
2026-06-04 15:14,367.92001,367.98999,367.64999,367.67001,44049
2026-06-04 15:15,368.01001,368.04001,367.85001,367.92001,35108
2026-06-04 15:16,368.14001,368.14001,367.94,368.01001,29584
2026-06-04 15:17,368.11731,368.255,368.05499,368.125,127526
2026-06-04 15:18,368.23999,368.34,368.10999,368.14999,111976
2026-06-04 15:19,368.17001,368.35001,368.14999,368.22,26436
2026-06-04 15:20,367.92499,368.255,367.89999,368.1951,75086
2026-06-04 15:21,367.73999,367.92499,367.73999,367.92499,41663
2026-06-04 15:22,367.85001,367.85001,367.69,367.73001,35029
2026-06-04 15:23,367.51999,367.952,367.45999,367.83499,73017
2026-06-04 15:24,367.29001,367.54999,367.20999,367.54001,40481
2026-06-04 15:25,367.23001,367.38501,367.12,367.29999,38534
2026-06-04 15:26,367.57999,367.64761,367.16,367.23999,49642
2026-06-04 15:27,367.44,367.72,367.32001,367.57999,83124
2026-06-04 15:28,367.64499,367.64499,367.25,367.42999,60746
2026-06-04 15:29,367.76999,367.97,367.59,367.63501,46440
2026-06-04 15:30,368.12,368.26999,367.76001,367.79001,54460
2026-06-04 15:31,368.10001,368.26001,368.0477,368.10501,32609
2026-06-04 15:32,367.98001,368.25,367.94,368.10001,33467
2026-06-04 15:33,367.73499,367.98999,367.67001,367.95001,35490
2026-06-04 15:34,367.87,367.98999,367.67999,367.73499,37482
2026-06-04 15:35,368.13,368.13,367.82001,367.86661,42970
2026-06-04 15:36,368.32001,368.39001,368.14999,368.17001,47196
2026-06-04 15:37,368.23001,368.34,368.19,368.32999,49986
2026-06-04 15:38,368.31,368.37,368.19,368.22,26607
2026-06-04 15:39,368.63,368.66,368.26999,368.30499,41780
2026-06-04 15:40,368.73001,368.85001,368.64001,368.64001,48757
2026-06-04 15:41,368.95001,368.96109,368.76999,368.76999,48906
2026-06-04 15:42,368.745,369.065,368.72,368.97,63634
2026-06-04 15:43,368.93188,368.95999,368.70999,368.745,34358
2026-06-04 15:44,368.67001,368.92499,368.67001,368.92499,42779
2026-06-04 15:45,368.8399,368.89001,368.64001,368.67001,59410
2026-06-04 15:46,368.42999,368.91,368.39999,368.82001,55677
2026-06-04 15:47,368.70499,368.82999,368.42999,368.44,83309
2026-06-04 15:48,355.67999,368.745,355.67999,368.72,16931
2026-06-04 15:49,369.17499,369.23001,355.67999,355.67999,164892
2026-06-04 15:50,368.67099,369.39001,368.60501,369.16,175470
2026-06-04 15:51,368.6355,368.90991,368.57999,368.67999,117158
2026-06-04 15:52,369.09,369.12,368.57001,368.66,145770
2026-06-04 15:53,369.19,369.31,369.01999,369.12,137511
2026-06-04 15:54,369.24399,369.57999,369.04001,369.19,216603
2026-06-04 15:55,369.69,369.82001,369.06,369.245,259026
2026-06-04 15:56,369.285,369.70999,369.22,369.70001,193003
2026-06-04 15:57,369.51001,369.51001,369.125,369.27499,170661
2026-06-04 15:58,369.44501,369.55499,369.39999,369.51001,244185
2026-06-04 15:59,369.37,369.53,369.29999,369.44501,457625
2026-06-05 09:30,364.09,364.1763,361.82999,363.56,939795
2026-06-05 09:31,365.12,365.35999,363.8508,364.09,148135
2026-06-05 09:32,364.23999,365.87,364.17999,365.14999,100133
2026-06-05 09:33,364.32001,364.53,363.68011,364.34,65490
2026-06-05 09:34,365.26001,365.53,364.36499,364.405,56250
2026-06-05 09:35,364.7366,365.64999,364.595,365.20001,84534
2026-06-05 09:36,365.48001,365.48001,364.35999,364.73999,71213
2026-06-05 09:37,365.6572,365.84,365.06,365.42999,72118
2026-06-05 09:38,365.78,366.14001,365.45999,365.6069,194606
2026-06-05 09:39,366.12,366.31,365.41,365.82501,96972
2026-06-05 09:40,366.64001,366.70999,365.79001,366.14001,102020
2026-06-05 09:41,366.745,367.37,366.64999,366.76001,97946
2026-06-05 09:42,367.81989,368.04999,366.69,366.78,75322
2026-06-05 09:43,368.19,368.19,367.26999,367.68161,89456
2026-06-05 09:44,368.27991,368.41,367.92999,368.17499,93882
2026-06-05 09:45,368.25,368.5,367.81,368.22,124472
2026-06-05 09:46,367.70001,368.32999,367.44,368.28,115104
2026-06-05 09:47,367.07001,367.79001,366.67999,367.60001,82489
2026-06-05 09:48,367.14001,367.5,366.5101,367.14999,101868
2026-06-05 09:49,366.76001,367.47101,366.53,367.20001,121166
2026-06-05 09:50,367.29001,367.56,366.64001,366.79001,145088
2026-06-05 09:51,366.59,367.32001,366.39999,367.29999,47039
2026-06-05 09:52,367.10999,367.29001,366.27499,366.60001,78589
2026-06-05 09:53,367.70001,367.91,367.08499,367.10999,75349
2026-06-05 09:54,367.10001,367.76999,366.98001,367.67001,51073
2026-06-05 09:55,367.97,368.42999,367.03,367.05499,48072
2026-06-05 09:56,367.89001,368.57999,367.75,368.10001,85824
2026-06-05 09:57,367.29001,368.10001,367.17001,367.78,45827
2026-06-05 09:58,366.89001,367.84,366.82999,367.2999,59479
2026-06-05 09:59,367.04501,367.45001,366.94,367.10001,87143
2026-06-05 10:00,367.12,367.69989,367.01001,367.12,50654
2026-06-05 10:01,366.29001,367.13,365.7001,367.13,116680
2026-06-05 10:02,366.89999,367.76001,365.73999,366.34439,109740
2026-06-05 10:03,366.85001,367.0,366.09,366.89499,63367
2026-06-05 10:04,366.83499,367.25,366.53009,366.89001,89217
2026-06-05 10:05,366.95999,367.01001,366.375,366.83499,92354
2026-06-05 10:06,367.07999,367.47,366.655,366.97,43891
2026-06-05 10:07,367.85501,368.3851,367.04999,367.05499,76166
2026-06-05 10:08,366.965,367.89999,366.89001,367.88,42144
2026-06-05 10:09,367.76001,367.98999,366.91,366.98499,47031
2026-06-05 10:10,368.23001,368.67001,367.785,367.89999,99065
2026-06-05 10:11,367.42499,368.35999,367.29999,368.25989,68442
2026-06-05 10:12,368.11401,368.26001,367.17999,367.48001,68390
2026-06-05 10:13,368.23999,368.43539,367.72,368.215,41831
2026-06-05 10:14,368.62,368.64999,368.20999,368.20999,56486
2026-06-05 10:15,368.55991,368.85001,368.45999,368.60999,77189
2026-06-05 10:16,368.94,369.20001,368.51001,368.51501,68189
2026-06-05 10:17,368.48001,368.94,368.06,368.94,55590
2026-06-05 10:18,368.20001,368.48001,367.85349,368.48001,86918
2026-06-05 10:19,368.06,368.37,367.85999,368.20001,49154
2026-06-05 10:20,367.72891,368.17999,367.57999,368.10999,47731
2026-06-05 10:21,368.22,368.32999,367.57001,367.76501,30873
2026-06-05 10:22,368.60001,368.88989,368.09,368.09,52132
2026-06-05 10:23,367.82001,368.74991,367.63501,368.64001,45150
2026-06-05 10:24,367.78,368.02499,367.6001,367.78,36997
2026-06-05 10:25,367.32001,367.92001,367.32001,367.72501,44795
2026-06-05 10:26,367.17999,367.66989,367.13,367.32501,34266
2026-06-05 10:27,367.60999,367.62,366.89999,367.19,54177
2026-06-05 10:28,367.22,367.53,366.93179,367.53,45573
2026-06-05 10:29,367.64999,367.64999,367.07999,367.26001,27805
2026-06-05 10:30,367.595,367.76999,367.42001,367.64001,51451
2026-06-05 10:31,367.75,367.91989,367.14999,367.6098,102343
2026-06-05 10:32,367.32999,367.92001,367.31,367.73999,52052
2026-06-05 10:33,366.87051,367.40411,366.75,367.35001,58661
2026-06-05 10:34,367.11499,367.32001,366.70001,366.79001,27023
2026-06-05 10:35,367.26001,367.39999,366.69,367.12,51647
2026-06-05 10:36,366.845,367.31,366.845,367.23001,24004
2026-06-05 10:37,366.81,366.92999,366.39011,366.89001,44402
2026-06-05 10:38,366.57001,366.98999,366.45999,366.81,30745
2026-06-05 10:39,366.095,366.73999,366.04001,366.535,37663
2026-06-05 10:40,366.54999,366.70001,366.12,366.12,43032
2026-06-05 10:41,366.45999,366.67999,366.3801,366.565,28407
2026-06-05 10:42,366.13,366.62,365.89999,366.45999,47681
2026-06-05 10:43,365.535,366.16,365.50009,366.13,41639
2026-06-05 10:44,365.72501,365.78,365.34,365.535,48027
2026-06-05 10:45,365.80499,366.10001,365.72501,365.72501,42478
2026-06-05 10:46,365.69,365.97989,365.66,365.82001,28136
2026-06-05 10:47,365.73999,365.91501,365.62,365.65051,42431
2026-06-05 10:48,365.92999,366.09991,365.73999,365.76999,31155
2026-06-05 10:49,366.32999,366.39001,365.81,365.88,36212
2026-06-05 10:50,365.91,366.29999,365.85999,366.29999,35177
2026-06-05 10:51,366.13501,366.22,365.79999,365.91,27195
2026-06-05 10:52,366.13501,366.17999,365.82001,366.16,25953
2026-06-05 10:53,365.92499,366.19,365.92499,366.14001,22325
2026-06-05 10:54,366.45999,366.48001,365.97,365.995,51218
2026-06-05 10:55,366.57001,366.63,366.35999,366.405,33268
2026-06-05 10:56,367.1225,367.39999,366.5,366.5,33230
2026-06-05 10:57,367.56,367.72351,366.98001,367.08499,43775
2026-06-05 10:58,367.57999,367.75,367.4408,367.595,28687
2026-06-05 10:59,367.53,367.73911,367.28531,367.57999,28044
2026-06-05 11:00,367.3399,367.5795,367.285,367.56,24183
2026-06-05 11:01,366.845,367.29001,366.7547,367.29001,23616
2026-06-05 11:02,366.72,366.92001,366.67001,366.82999,25062
2026-06-05 11:03,366.67001,366.93631,366.60001,366.65009,23490
2026-06-05 11:04,366.73999,366.92801,366.64999,366.66501,28325
2026-06-05 11:05,366.39001,366.70001,366.23999,366.69501,37388
2026-06-05 11:06,366.07001,366.51001,365.95999,366.34851,33959
2026-06-05 11:07,366.60999,366.76001,366.10001,366.10001,38197
2026-06-05 11:08,366.92499,367.03,366.56009,366.67001,33841
2026-06-05 11:09,367.35999,367.60001,366.95999,366.95999,33177
2026-06-05 11:10,367.69501,367.85001,367.25,367.32001,18583
2026-06-05 11:11,367.38,367.8728,367.2901,367.6601,26441
2026-06-05 11:12,367.17999,367.45001,367.04999,367.44,22870
2026-06-05 11:13,366.77499,367.39001,366.73001,367.16,24931
2026-06-05 11:14,366.1301,366.82001,366.06009,366.785,20908
2026-06-05 11:15,366.1351,366.32001,365.92999,366.17001,31535
2026-06-05 11:16,366.17001,366.53,366.10999,366.10999,28213
2026-06-05 11:17,366.1922,366.34259,366.05499,366.08011,33606
2026-06-05 11:18,366.45499,366.62,366.14139,366.22501,23796
2026-06-05 11:19,366.84,366.85001,366.42499,366.48999,23906
2026-06-05 11:20,366.45999,366.94,366.32999,366.87,69883
2026-06-05 11:21,366.64001,366.75,366.38,366.45999,41395
2026-06-05 11:22,366.58499,366.70999,366.45001,366.60999,24770
2026-06-05 11:23,366.88,367.04999,366.32999,366.62,51113
2026-06-05 11:24,366.75,366.89999,366.4501,366.89001,29178
2026-06-05 11:25,366.61011,366.845,366.51001,366.79001,25132
2026-06-05 11:26,366.30011,366.76999,366.16,366.67499,28304
2026-06-05 11:27,366.63,366.82001,366.35449,366.35999,23887
2026-06-05 11:28,366.60001,366.67999,366.42001,366.64001,17251
2026-06-05 11:29,367.42999,367.42999,366.57001,366.62,63788
2026-06-05 11:30,367.39999,367.47,367.17001,367.28,50731
2026-06-05 11:31,367.39001,367.60999,367.25,367.42499,43534
2026-06-05 11:32,367.005,367.39499,366.91,367.3501,29233
2026-06-05 11:33,367.0,367.18991,366.98001,367.005,26841
2026-06-05 11:34,366.98001,367.17001,366.95001,367.04001,26095
2026-06-05 11:35,367.42999,367.44,366.85001,366.98499,50213
2026-06-05 11:36,367.13,367.54001,366.92999,367.49991,35984
2026-06-05 11:37,366.79999,367.42001,366.79999,367.12,62539
2026-06-05 11:38,366.48001,367.04001,366.31,366.79999,36109
2026-06-05 11:39,366.75,366.76001,366.38,366.42001,34551
2026-06-05 11:40,366.85999,366.875,366.51001,366.785,34667
2026-06-05 11:41,366.655,366.95999,366.60999,366.84,43850
2026-06-05 11:42,366.85001,366.95001,366.48999,366.69,108626
2026-06-05 11:43,367.03,367.07999,366.79999,366.85501,32446
2026-06-05 11:44,366.5332,367.06,366.39001,367.02509,49726
2026-06-05 11:45,366.51001,366.72,366.38,366.60001,27287
2026-06-05 11:46,366.79501,366.82999,366.431,366.48001,28035
2026-06-05 11:47,366.76001,367.04999,366.71011,366.76501,38513
2026-06-05 11:48,366.32999,366.79999,366.17999,366.78,24139
2026-06-05 11:49,366.3114,366.60001,366.17001,366.29501,26706
2026-06-05 11:50,366.69,366.85999,366.255,366.35001,27082
2026-06-05 11:51,366.64001,366.905,366.63,366.66501,26068
2026-06-05 11:52,366.89999,366.92001,366.54001,366.59,15708
2026-06-05 11:53,367.92499,368.04001,366.85901,366.85999,41235
2026-06-05 11:54,367.70001,368.01901,367.37,368.0,27508
2026-06-05 11:55,367.91,367.97,367.59,367.69,27269
2026-06-05 11:56,368.03,368.34521,367.79999,367.92999,31343
2026-06-05 11:57,368.375,368.45999,367.97,368.01001,40591
2026-06-05 11:58,368.01001,368.37,367.85501,368.37,27052
2026-06-05 11:59,368.0,368.25,367.89999,368.04001,22338
2026-06-05 12:00,367.82999,368.26999,367.82999,367.97,30175
2026-06-05 12:01,367.82001,367.9899,367.73499,367.75,19721
2026-06-05 12:02,367.47,367.98999,367.47,367.82001,21276
2026-06-05 12:03,367.9115,368.06989,367.48001,367.48001,22873
2026-06-05 12:04,367.63501,367.91,367.57501,367.88501,24750
2026-06-05 12:05,367.03,367.64999,366.95001,367.63501,41704
2026-06-05 12:06,367.07001,367.19501,366.91,367.10999,27038
2026-06-05 12:07,367.41,367.41,367.03,367.07501,15464
2026-06-05 12:08,366.95499,367.42999,366.89999,367.39999,27189
2026-06-05 12:09,367.04001,367.35999,366.89999,366.95001,34618
2026-06-05 12:10,366.88,367.16,366.84,367.06,35555
2026-06-05 12:11,367.2999,367.2999,366.72,366.84,54831
2026-06-05 12:12,367.255,367.42001,367.19501,367.255,19502
2026-06-05 12:13,367.42999,367.56,367.24051,367.24051,31149
2026-06-05 12:14,367.16,367.47,367.12,367.45001,23657
2026-06-05 12:15,367.05011,367.29999,367.03,367.12,13509
2026-06-05 12:16,367.32999,367.39001,367.0,367.07001,16486
2026-06-05 12:17,367.45001,367.5,367.26001,367.33499,48047
2026-06-05 12:18,367.42999,367.79001,367.38,367.45001,27139
2026-06-05 12:19,367.34,367.59,367.2901,367.47,22085
2026-06-05 12:20,367.45001,367.6499,367.25,367.35001,36113
2026-06-05 12:21,367.51001,367.67001,367.37,367.41,34107
2026-06-05 12:22,367.51999,367.73999,367.47,367.5,16430
2026-06-05 12:23,367.67001,367.76999,367.57999,367.57999,19280
2026-06-05 12:24,367.58459,367.69989,367.40009,367.66989,14744
2026-06-05 12:25,367.76501,367.95999,367.51999,367.60001,38224
2026-06-05 12:26,367.89999,367.92001,367.54749,367.74011,13707
2026-06-05 12:27,367.88,367.9899,367.76001,367.92001,15153
2026-06-05 12:28,367.57001,367.89999,367.35001,367.85999,23352
2026-06-05 12:29,367.32001,367.54001,367.27499,367.54001,23588
2026-06-05 12:30,367.20999,367.60001,367.185,367.32001,19724
2026-06-05 12:31,367.37,367.42999,367.1301,367.23001,22417
2026-06-05 12:32,367.55499,367.57001,367.26999,367.38,21533
2026-06-05 12:33,367.54001,367.64999,367.31,367.53799,22519
2026-06-05 12:34,367.56,367.56,367.29001,367.44,32599
2026-06-05 12:35,367.935,367.93991,367.48499,367.53,26433
2026-06-05 12:36,367.54999,367.95001,367.54999,367.89001,17292
2026-06-05 12:37,367.62,367.70001,367.35001,367.53,29139
2026-06-05 12:38,367.92999,367.96991,367.60001,367.62,33651
2026-06-05 12:39,367.70999,367.92999,367.64001,367.89001,20441
2026-06-05 12:40,367.56,367.89999,367.5101,367.75,30934
2026-06-05 12:41,367.13,367.62,367.125,367.45999,33595
2026-06-05 12:42,366.85999,367.17001,366.70999,367.14001,36439
2026-06-05 12:43,366.375,366.98999,366.375,366.85001,43024
2026-06-05 12:44,366.29001,366.60999,366.1701,366.32999,77307
2026-06-05 12:45,365.91,366.51999,365.79999,366.32999,53236
2026-06-05 12:46,365.905,366.38,365.84,365.94,68501
2026-06-05 12:47,365.85999,366.10001,365.60999,366.01999,52051
2026-06-05 12:48,365.48999,365.94,365.48999,365.78601,59388
2026-06-05 12:49,365.79501,365.95001,365.42999,365.54001,37435
2026-06-05 12:50,365.89001,366.06,365.6301,365.73169,33514
2026-06-05 12:51,365.81,365.95999,365.64001,365.86499,28829
2026-06-05 12:52,366.64999,366.66,365.76001,365.84,51970
2026-06-05 12:53,367.12,367.17001,366.57001,366.66501,62924
2026-06-05 12:54,367.03,367.32999,367.01501,367.095,20974
2026-06-05 12:55,366.505,367.10999,366.39999,366.95499,25708
2026-06-05 12:56,366.85001,367.2399,366.54999,366.60001,39852
2026-06-05 12:57,367.14001,367.14001,366.51999,366.845,23293
2026-06-05 12:58,367.19,367.20001,366.84,367.20001,24817
2026-06-05 12:59,367.20999,367.42001,367.01999,367.13501,37529
2026-06-05 13:00,366.89999,367.405,366.89999,367.22,22267
2026-06-05 13:01,367.4201,367.61371,366.88501,366.88501,30366
2026-06-05 13:02,367.23001,367.51999,367.03,367.42789,29718
2026-06-05 13:03,367.59,367.60999,367.185,367.32001,24653
2026-06-05 13:04,367.57999,367.88,367.42999,367.60999,25063
2026-06-05 13:05,367.40051,367.60999,367.30121,367.57001,15925
2026-06-05 13:06,367.07999,367.45001,367.07999,367.42001,18094
2026-06-05 13:07,366.79999,367.23001,366.755,367.10999,25800
2026-06-05 13:08,367.09,367.22,366.76001,366.89999,34108
2026-06-05 13:09,367.09,367.57001,367.01001,367.09,16348
2026-06-05 13:10,366.89499,367.26501,366.81,367.155,20211
2026-06-05 13:11,366.70001,367.005,366.70001,366.91,17700
2026-06-05 13:12,366.76999,366.89001,366.32999,366.62,45535
2026-06-05 13:13,366.80011,367.1199,366.72,366.76501,24943
2026-06-05 13:14,366.87,367.0509,366.73999,366.85001,20855
2026-06-05 13:15,366.85001,367.0,366.70001,366.84,21106
2026-06-05 13:16,366.42999,366.73001,366.3147,366.69009,18751
2026-06-05 13:17,366.41,366.54999,366.255,366.435,27788
2026-06-05 13:18,366.255,366.51501,366.17999,366.51501,22001
2026-06-05 13:19,366.32501,366.44,366.06009,366.26001,14930
2026-06-05 13:20,366.04001,366.38,365.85001,366.37,25443
2026-06-05 13:21,366.89001,367.0,366.03,366.03,24868
2026-06-05 13:22,367.41,367.45999,366.841,366.89011,39609
2026-06-05 13:23,367.64999,367.73001,367.36011,367.42001,28258
2026-06-05 13:24,367.45499,367.67001,367.315,367.60999,18019
2026-06-05 13:25,367.04001,367.42001,367.01999,367.34,15668
2026-06-05 13:26,367.32001,367.38,367.04001,367.04001,14647
2026-06-05 13:27,367.125,367.38,366.94,367.38,29703
2026-06-05 13:28,367.06,367.16,366.98999,367.13,13292
2026-06-05 13:29,367.14999,367.20001,366.79001,367.05499,15642
2026-06-05 13:30,367.05591,367.20001,367.0,367.14999,18910
2026-06-05 13:31,367.03922,367.14499,366.95999,367.07501,16786
2026-06-05 13:32,366.35501,366.95999,366.35001,366.95999,17195
2026-06-05 13:33,366.23001,366.405,366.14001,366.29999,16431
2026-06-05 13:34,366.57001,366.57001,366.13,366.17001,18086
2026-06-05 13:35,366.465,366.70001,366.465,366.59,11331
2026-06-05 13:36,366.54999,366.595,366.45001,366.45999,13663
2026-06-05 13:37,366.375,366.60999,366.3201,366.60001,16949
2026-06-05 13:38,366.23999,366.42001,366.04999,366.39999,32493
2026-06-05 13:39,366.71991,366.71991,366.14001,366.215,21703
2026-06-05 13:40,366.60999,366.82999,366.54001,366.64999,18376
2026-06-05 13:41,366.30499,366.75,366.30499,366.57999,19583
2026-06-05 13:42,366.345,366.45001,366.20001,366.38,24711
2026-06-05 13:43,366.38,366.45001,366.27011,366.345,17203
2026-06-05 13:44,366.12009,366.44339,366.06,366.40509,14452
2026-06-05 13:45,366.51001,366.54999,366.01001,366.17999,14828
2026-06-05 13:46,366.54001,366.66,366.35501,366.54001,14806
2026-06-05 13:47,366.44,366.70999,366.44,366.56,14153
2026-06-05 13:48,366.33499,366.54001,366.31,366.465,36392
2026-06-05 13:49,366.35501,366.54501,366.25,366.32999,17050
2026-06-05 13:50,366.465,366.51999,366.255,366.35999,11029
2026-06-05 13:51,366.17001,366.51001,366.12,366.45999,15255
2026-06-05 13:52,366.10999,366.19,366.06,366.14999,13330
2026-06-05 13:53,366.22501,366.29999,365.89001,366.07001,17993
2026-06-05 13:54,366.39999,366.48901,366.07999,366.20001,9786
2026-06-05 13:55,366.35001,366.53,366.28,366.42001,14938
2026-06-05 13:56,366.405,366.54001,366.20999,366.405,19108
2026-06-05 13:57,366.48999,366.53,366.13,366.375,40423
2026-06-05 13:58,366.54999,366.70001,366.45001,366.48999,21669
2026-06-05 13:59,366.715,366.82999,366.39001,366.495,26995
2026-06-05 14:00,366.73999,366.89499,366.60999,366.73499,31872
2026-06-05 14:01,366.89499,367.065,366.62,366.75,27559
2026-06-05 14:02,366.70001,366.95001,366.67001,366.89001,24015
2026-06-05 14:03,366.64999,366.94,366.45001,366.72501,33014
2026-06-05 14:04,366.5,366.72,366.5,366.6413,14134
2026-06-05 14:05,366.565,366.73001,366.45001,366.45999,33915
2026-06-05 14:06,366.76001,366.88,366.522,366.57001,21309
2026-06-05 14:07,366.82999,366.85999,366.63,366.76999,23227
2026-06-05 14:08,366.79999,366.89999,366.72,366.81,20704
2026-06-05 14:09,366.875,366.89001,366.75,366.82001,15381
2026-06-05 14:10,366.89001,367.14999,366.85501,366.92001,19927
2026-06-05 14:11,366.14059,366.89499,366.14001,366.89499,17581
2026-06-05 14:12,366.06,366.88,365.59,366.17999,137903
2026-06-05 14:13,365.54001,366.10999,365.5101,366.09,32383
2026-06-05 14:14,364.73999,365.54999,364.62549,365.5,80593
2026-06-05 14:15,363.97501,364.82001,363.97501,364.70721,56021
2026-06-05 14:16,364.0,364.07999,363.73001,363.97,68163
2026-06-05 14:17,364.88,364.94,364.0,364.0,54785
2026-06-05 14:18,364.87,365.31,364.60001,364.89001,55675
2026-06-05 14:19,365.095,365.17001,364.84,364.9274,33126
2026-06-05 14:20,365.75,365.85999,365.11011,365.20001,41752
2026-06-05 14:21,365.92001,365.92001,365.4379,365.69,29689
2026-06-05 14:22,366.185,366.185,365.82001,365.95001,58180
2026-06-05 14:23,366.13,366.35001,366.07001,366.24991,33496
2026-06-05 14:24,366.3656,366.48999,366.10999,366.13501,32809
2026-06-05 14:25,366.215,366.35999,366.13,366.29001,24073
2026-06-05 14:26,365.30499,366.26001,365.22,366.26001,54592
2026-06-05 14:27,365.73499,365.94501,364.98001,365.30499,83773
2026-06-05 14:28,364.73999,365.78,364.60999,365.73499,133615
2026-06-05 14:29,364.84,365.07999,364.64999,364.73999,94533
2026-06-05 14:30,364.82999,364.95001,364.38,364.79999,77887
2026-06-05 14:31,365.28,365.38,364.815,364.89499,22728
2026-06-05 14:32,364.63501,365.19,364.56009,365.14001,29722
2026-06-05 14:33,365.10999,365.10999,364.42999,364.64001,40494
2026-06-05 14:34,364.98001,365.11499,364.82999,365.09,52800
2026-06-05 14:35,364.95001,365.12,364.70001,364.78,57510
2026-06-05 14:36,365.16,365.54001,364.82999,364.92999,44315
2026-06-05 14:37,365.29001,365.39001,365.04001,365.17001,41010
2026-06-05 14:38,365.09,365.42999,364.965,365.31,49055
2026-06-05 14:39,365.76511,365.82001,365.12,365.12,36698
2026-06-05 14:40,365.07501,365.85999,365.01001,365.73999,31935
2026-06-05 14:41,365.215,365.41251,365.0,365.07001,32665
2026-06-05 14:42,365.19,365.98001,365.07001,365.17001,73293
2026-06-05 14:43,365.64001,365.79001,365.17999,365.17999,54915
2026-06-05 14:44,365.42001,365.7999,365.16,365.63,41552
2026-06-05 14:45,365.42999,365.73999,365.28,365.35501,39286
2026-06-05 14:46,364.95499,365.5798,364.95001,365.47,46654
2026-06-05 14:47,365.26001,365.98001,364.79999,364.91,107186
2026-06-05 14:48,364.67999,365.29001,364.67999,365.16,64752
2026-06-05 14:49,365.44501,365.62,364.70999,364.70999,78889
2026-06-05 14:50,365.26001,365.69,365.08011,365.45499,25575
2026-06-05 14:51,364.89001,365.45001,364.82999,365.26999,35934
2026-06-05 14:52,365.14001,365.42999,364.79999,364.85999,23944
2026-06-05 14:53,364.52499,365.31,364.52499,365.20001,37467
2026-06-05 14:54,365.14001,365.14001,364.48001,364.57999,32765
2026-06-05 14:55,364.995,365.39001,364.91,365.20001,36048
2026-06-05 14:56,365.26999,365.73999,364.88,365.01999,65262
2026-06-05 14:57,364.82999,365.23001,364.73001,365.20999,54002
2026-06-05 14:58,364.72,364.98999,364.60999,364.82001,25415
2026-06-05 14:59,364.39499,365.07001,364.35999,364.69501,46033
2026-06-05 15:00,363.83499,364.535,363.715,364.39499,45866
2026-06-05 15:01,363.61011,363.91,363.53,363.82999,21381
2026-06-05 15:02,363.91,364.04999,363.465,363.64001,26157
2026-06-05 15:03,363.84,363.91,363.64001,363.905,23861
2026-06-05 15:04,363.67001,363.91,363.56,363.76999,27481
2026-06-05 15:05,363.715,363.72,363.38,363.70001,24663
2026-06-05 15:06,363.89001,364.07001,363.56,363.73499,46288
2026-06-05 15:07,363.745,363.89001,363.60001,363.79001,19997
2026-06-05 15:08,363.48001,363.7803,363.34,363.7803,32567
2026-06-05 15:09,363.79001,363.89999,363.38,363.48001,40805
2026-06-05 15:10,363.58749,363.81,363.51001,363.7565,32986
2026-06-05 15:11,363.14999,363.54999,362.95001,363.54001,41516
2026-06-05 15:12,362.95999,363.28,362.92999,363.14999,39772
2026-06-05 15:13,363.04999,363.20001,362.78,363.0,28092
2026-06-05 15:14,362.85501,363.02499,362.67999,363.01001,32961
2026-06-05 15:15,362.47,362.76501,362.34,362.75,29029
2026-06-05 15:16,362.52499,362.56,362.23499,362.42999,30648
2026-06-05 15:17,362.17001,362.57999,362.13,362.53,45504
2026-06-05 15:18,362.35999,362.59,361.92001,362.12,69562
2026-06-05 15:19,362.45001,362.565,362.29999,362.41,33872
2026-06-05 15:20,362.47,362.5,362.215,362.37,33146
2026-06-05 15:21,362.14999,362.51999,362.06,362.45001,47226
2026-06-05 15:22,362.03,362.42001,361.92001,362.10999,48157
2026-06-05 15:23,361.685,362.03,361.67001,362.01999,42778
2026-06-05 15:24,361.79001,361.85999,361.6601,361.72,66086
2026-06-05 15:25,362.39999,362.5,361.785,361.845,47011
2026-06-05 15:26,362.23001,362.51999,362.14011,362.39999,41491
2026-06-05 15:27,362.29999,362.39001,362.07001,362.25,31111
2026-06-05 15:28,362.42001,362.57001,362.16,362.25,43756
2026-06-05 15:29,362.78,362.82001,362.31,362.44,55476
2026-06-05 15:30,362.17001,362.84,362.04001,362.82001,52004
2026-06-05 15:31,362.42999,362.42999,362.04501,362.16501,33672
2026-06-05 15:32,362.14001,362.45001,362.01999,362.45001,39227
2026-06-05 15:33,361.91,362.37,361.86499,362.10001,56743
2026-06-05 15:34,362.23001,362.34,361.87,361.95001,32674
2026-06-05 15:35,361.94,362.45001,361.91501,362.22501,35876
2026-06-05 15:36,361.86499,362.08899,361.70001,361.97,24043
2026-06-05 15:37,362.12,362.20001,361.75,361.8501,46539
2026-06-05 15:38,362.26999,362.34,362.0,362.12,25553
2026-06-05 15:39,362.38,362.63821,362.28,362.28,47804
2026-06-05 15:40,362.07999,362.41,361.98999,362.41,119170
2026-06-05 15:41,361.78989,362.17999,361.655,362.07999,36564
2026-06-05 15:42,361.79999,361.98999,361.63,361.76001,58037
2026-06-05 15:43,362.14001,362.19,361.75,361.76999,35984
2026-06-05 15:44,362.20001,362.35001,362.01001,362.10001,59368
2026-06-05 15:45,363.19501,363.23999,362.13,362.17999,89785
2026-06-05 15:46,363.35999,363.41,363.0,363.14001,46976
2026-06-05 15:47,363.41,363.42999,363.14001,363.38501,40257
2026-06-05 15:48,363.47,363.76999,363.34,363.45001,55081
2026-06-05 15:49,363.63501,363.78,363.29999,363.47,60912
2026-06-05 15:50,363.89499,363.97,363.47,363.63,110017
2026-06-05 15:51,364.35999,364.42001,363.875,363.89499,92503
2026-06-05 15:52,363.92999,364.465,363.905,364.34,85143
2026-06-05 15:53,363.81,364.06,363.716,363.89001,113013
2026-06-05 15:54,365.64999,365.67001,363.84,363.84,182180
2026-06-05 15:55,365.76999,366.29999,364.66,365.64999,224125
2026-06-05 15:56,365.69,365.81,365.39001,365.79999,120039
2026-06-05 15:57,366.03,366.03,365.60999,365.72,141769
2026-06-05 15:58,366.32999,366.39999,365.95999,366.0238,240212
2026-06-05 15:59,366.0,366.28,365.85001,366.28,468560
