Price,Close,High,Low,Open,Volume
Ticker,CAD=X,CAD=X,CAD=X,CAD=X,CAD=X
Datetime,,,,,
2026-05-27 00:00,1.38103,1.38112,1.3806,1.38084,0
2026-05-27 00:01,1.38104,1.38112,1.3805,1.38097,0
2026-05-27 00:02,1.38096,1.3811,1.3805,1.381,0
2026-05-27 00:03,1.38103,1.3811,1.3807,1.38095,0
2026-05-27 00:04,1.38097,1.3811,1.3807,1.38105,0
2026-05-27 00:05,1.38098,1.38107,1.3807,1.38097,0
2026-05-27 00:06,1.3809,1.38105,1.3806,1.38099,0
2026-05-27 00:07,1.38091,1.381,1.3806,1.3809,0
2026-05-27 00:08,1.38097,1.381,1.3806,1.38089,0
2026-05-27 00:09,1.38091,1.38097,1.3806,1.3809,0
2026-05-27 00:10,1.38097,1.38097,1.3806,1.3809,0
2026-05-27 00:11,1.38091,1.381,1.3806,1.38091,0
2026-05-27 00:12,1.38082,1.38091,1.3805,1.38091,0
2026-05-27 00:13,1.38083,1.38091,1.3805,1.38083,0
2026-05-27 00:14,1.38083,1.38091,1.3805,1.38082,0
2026-05-27 00:15,1.38088,1.3809,1.3805,1.38083,0
2026-05-27 00:16,1.38082,1.3809,1.3805,1.38081,0
2026-05-27 00:17,1.38082,1.3809,1.3805,1.38081,0
2026-05-27 00:18,1.38082,1.3809,1.3805,1.38084,0
2026-05-27 00:19,1.38083,1.3809,1.3805,1.38081,0
2026-05-27 00:20,1.38081,1.3809,1.3805,1.3809,0
2026-05-27 00:21,1.3806,1.3809,1.3805,1.3809,0
2026-05-27 00:22,1.38074,1.3809,1.3804,1.3809,0
2026-05-27 00:23,1.3804,1.3808,1.3804,1.38073,0
2026-05-27 00:24,1.3808,1.38087,1.3804,1.3806,0
2026-05-27 00:25,1.38082,1.38086,1.3804,1.3808,0
2026-05-27 00:26,1.3806,1.38081,1.3804,1.38076,0
2026-05-27 00:27,1.38075,1.3808,1.3804,1.3808,0
2026-05-27 00:28,1.3806,1.38086,1.3804,1.3806,0
2026-05-27 00:29,1.3805,1.38084,1.3804,1.3808,0
2026-05-27 00:30,1.3805,1.3808,1.3804,1.38069,0
2026-05-27 00:31,1.38069,1.38076,1.3804,1.3807,0
2026-05-27 00:32,1.38065,1.38073,1.3803,1.3807,0
2026-05-27 00:33,1.38062,1.3807,1.3803,1.38063,0
2026-05-27 00:34,1.38065,1.3807,1.3803,1.38062,0
2026-05-27 00:35,1.3804,1.38068,1.3803,1.38064,0
2026-05-27 00:36,1.38061,1.3807,1.3804,1.38061,0
2026-05-27 00:37,1.38065,1.3807,1.3804,1.38063,0
2026-05-27 00:38,1.38063,1.3807,1.3804,1.38065,0
2026-05-27 00:39,1.38064,1.3807,1.3804,1.38062,0
2026-05-27 00:40,1.3806,1.38068,1.3804,1.38063,0
2026-05-27 00:41,1.38054,1.38068,1.3802,1.38063,0
2026-05-27 00:42,1.3806,1.3806,1.3802,1.38054,0
2026-05-27 00:43,1.38052,1.3806,1.3802,1.38053,0
2026-05-27 00:44,1.38044,1.38054,1.38,1.3802,0
2026-05-27 00:45,1.38039,1.38043,1.38,1.3802,0
2026-05-27 00:46,1.38048,1.3805,1.38,1.38035,0
2026-05-27 00:47,1.3806,1.3806,1.3801,1.38044,0
2026-05-27 00:48,1.3803,1.3806,1.3802,1.38054,0
2026-05-27 00:49,1.3807,1.38071,1.3802,1.38053,0
2026-05-27 00:50,1.38065,1.38074,1.3803,1.38065,0
2026-05-27 00:51,1.3807,1.38072,1.3803,1.3807,0
2026-05-27 00:52,1.3806,1.3807,1.3803,1.3807,0
2026-05-27 00:53,1.38065,1.3807,1.3803,1.38061,0
2026-05-27 00:54,1.38064,1.3807,1.3803,1.38064,0
2026-05-27 00:55,1.38075,1.3808,1.3803,1.38064,0
2026-05-27 00:56,1.3804,1.3808,1.3804,1.38073,0
2026-05-27 00:57,1.38079,1.38082,1.3804,1.38074,0
2026-05-27 00:58,1.38083,1.38086,1.3804,1.38075,0
2026-05-27 00:59,1.3806,1.38086,1.3804,1.38079,0
2026-05-27 01:00,1.3804,1.38085,1.3803,1.38078,0
2026-05-27 01:01,1.3805,1.38071,1.3803,1.38067,0
2026-05-27 01:02,1.3805,1.3808,1.3802,1.38063,0
2026-05-27 01:03,1.3808,1.38085,1.3803,1.38072,0
2026-05-27 01:04,1.38075,1.38081,1.3804,1.38075,0
2026-05-27 01:05,1.38073,1.38086,1.3804,1.38076,0
2026-05-27 01:06,1.38081,1.38086,1.3803,1.38074,0
2026-05-27 01:07,1.38089,1.38089,1.3803,1.38082,0
2026-05-27 01:08,1.38083,1.38088,1.3803,1.38084,0
2026-05-27 01:09,1.38086,1.38092,1.3804,1.38083,0
2026-05-27 01:10,1.38093,1.38098,1.3805,1.38089,0
2026-05-27 01:11,1.38097,1.38101,1.3806,1.38094,0
2026-05-27 01:12,1.38084,1.38099,1.3805,1.3806,0
2026-05-27 01:13,1.38083,1.3809,1.3805,1.38084,0
2026-05-27 01:14,1.38081,1.38089,1.3805,1.38084,0
2026-05-27 01:15,1.38086,1.38089,1.3803,1.38081,0
2026-05-27 01:16,1.38079,1.38092,1.3804,1.38086,0
2026-05-27 01:17,1.38082,1.38082,1.3804,1.38073,0
2026-05-27 01:18,1.3808,1.38086,1.3803,1.38078,0
2026-05-27 01:19,1.38079,1.38086,1.3805,1.38085,0
2026-05-27 01:20,1.38078,1.38087,1.3805,1.38079,0
2026-05-27 01:21,1.3806,1.38086,1.3804,1.38084,0
2026-05-27 01:22,1.38073,1.38081,1.3804,1.38075,0
2026-05-27 01:23,1.38062,1.3808,1.3803,1.38074,0
2026-05-27 01:24,1.38058,1.38067,1.3801,1.38067,0
2026-05-27 01:25,1.38055,1.38065,1.3802,1.38059,0
2026-05-27 01:26,1.38057,1.38062,1.3802,1.38055,0
2026-05-27 01:27,1.38056,1.38062,1.3802,1.38056,0
2026-05-27 01:28,1.38054,1.38064,1.3801,1.3803,0
2026-05-27 01:29,1.38053,1.38062,1.3801,1.3806,0
2026-05-27 01:30,1.3802,1.38061,1.3801,1.38053,0
2026-05-27 01:31,1.38049,1.38061,1.3802,1.3804,0
2026-05-27 01:32,1.38054,1.3806,1.3802,1.38049,0
2026-05-27 01:33,1.3805,1.3806,1.3801,1.38059,0
2026-05-27 01:34,1.38054,1.38055,1.3801,1.38051,0
2026-05-27 01:35,1.3802,1.3806,1.3802,1.3805,0
2026-05-27 01:36,1.3801,1.3806,1.3801,1.38048,0
2026-05-27 01:37,1.38046,1.38048,1.3799,1.38042,0
2026-05-27 01:38,1.38044,1.3805,1.3801,1.3801,0
2026-05-27 01:39,1.38052,1.38054,1.3801,1.38045,0
2026-05-27 01:40,1.38042,1.38055,1.38,1.38053,0
2026-05-27 01:41,1.38048,1.38053,1.38,1.3804,0
2026-05-27 01:42,1.38041,1.38052,1.3801,1.38048,0
2026-05-27 01:43,1.3801,1.38049,1.3801,1.38045,0
2026-05-27 01:44,1.3801,1.38047,1.3801,1.38041,0
2026-05-27 01:45,1.3804,1.38046,1.38,1.38045,0
2026-05-27 01:46,1.38041,1.38043,1.38,1.3804,0
2026-05-27 01:47,1.3801,1.38043,1.38,1.38037,0
2026-05-27 01:48,1.38045,1.38051,1.38,1.38038,0
2026-05-27 01:49,1.38051,1.38052,1.3801,1.38046,0
2026-05-27 01:50,1.3805,1.38055,1.3801,1.3805,0
2026-05-27 01:51,1.3802,1.3806,1.3801,1.38055,0
2026-05-27 01:52,1.38048,1.38057,1.38,1.3805,0
2026-05-27 01:53,1.38054,1.3806,1.38,1.38052,0
2026-05-27 01:54,1.38056,1.3806,1.3802,1.38049,0
2026-05-27 01:55,1.3806,1.38067,1.3801,1.38057,0
2026-05-27 01:56,1.38066,1.38067,1.3801,1.3806,0
2026-05-27 01:57,1.38066,1.3807,1.3803,1.38061,0
2026-05-27 01:58,1.38076,1.3808,1.3802,1.38068,0
2026-05-27 01:59,1.38072,1.38075,1.3802,1.38071,0
2026-05-27 02:00,1.38065,1.38074,1.3802,1.38068,0
2026-05-27 02:01,1.38074,1.38076,1.3802,1.38069,0
2026-05-27 02:02,1.38075,1.3808,1.3802,1.3807,0
2026-05-27 02:03,1.38087,1.38088,1.3804,1.38072,0
2026-05-27 02:04,1.38082,1.3809,1.3804,1.38082,0
2026-05-27 02:05,1.3807,1.38101,1.3805,1.38082,0
2026-05-27 02:06,1.38093,1.38105,1.3806,1.38096,0
2026-05-27 02:07,1.38095,1.381,1.3806,1.38093,0
2026-05-27 02:08,1.38093,1.38098,1.3806,1.38091,0
2026-05-27 02:09,1.38093,1.38098,1.3805,1.38091,0
2026-05-27 02:10,1.38084,1.38093,1.3805,1.38089,0
2026-05-27 02:11,1.38092,1.38093,1.3805,1.3809,0
2026-05-27 02:12,1.3807,1.38092,1.3805,1.38086,0
2026-05-27 02:13,1.38082,1.3809,1.3805,1.38088,0
2026-05-27 02:14,1.38085,1.3809,1.3805,1.3806,0
2026-05-27 02:15,1.38083,1.381,1.3805,1.38082,0
2026-05-27 02:16,1.38094,1.38094,1.3805,1.3805,0
2026-05-27 02:17,1.38085,1.38098,1.3805,1.38088,0
2026-05-27 02:18,1.3805,1.38091,1.3805,1.38086,0
2026-05-27 02:19,1.38095,1.381,1.3805,1.38084,0
2026-05-27 02:20,1.38089,1.381,1.3806,1.38099,0
2026-05-27 02:21,1.38092,1.38097,1.3806,1.3806,0
2026-05-27 02:22,1.38092,1.38097,1.3804,1.38091,0
2026-05-27 02:23,1.38079,1.3809,1.3805,1.38087,0
2026-05-27 02:24,1.38085,1.3809,1.3805,1.38082,0
2026-05-27 02:25,1.38085,1.38091,1.3805,1.38085,0
2026-05-27 02:26,1.38093,1.381,1.3806,1.38086,0
2026-05-27 02:27,1.381,1.38105,1.3806,1.38093,0
2026-05-27 02:28,1.3807,1.38105,1.3805,1.38104,0
2026-05-27 02:29,1.38104,1.38106,1.3806,1.38098,0
2026-05-27 02:30,1.38126,1.38131,1.3807,1.38103,0
2026-05-27 02:31,1.38133,1.38136,1.3808,1.38125,0
2026-05-27 02:32,1.3809,1.38141,1.3809,1.38131,0
2026-05-27 02:33,1.38125,1.3813,1.3808,1.3812,0
2026-05-27 02:34,1.38132,1.3814,1.3809,1.3811,0
2026-05-27 02:35,1.38132,1.38141,1.381,1.38131,0
2026-05-27 02:36,1.38134,1.38142,1.3809,1.38133,0
2026-05-27 02:37,1.38121,1.38142,1.3809,1.38133,0
2026-05-27 02:38,1.38128,1.38136,1.3809,1.38123,0
2026-05-27 02:39,1.3811,1.38146,1.381,1.38128,0
2026-05-27 02:40,1.38134,1.38143,1.381,1.38141,0
2026-05-27 02:41,1.381,1.38141,1.3809,1.38135,0
2026-05-27 02:42,1.3809,1.38131,1.3809,1.3813,0
2026-05-27 02:43,1.38125,1.38133,1.3809,1.38122,0
2026-05-27 02:44,1.381,1.3813,1.3809,1.38129,0
2026-05-27 02:45,1.3809,1.3813,1.3809,1.38122,0
2026-05-27 02:46,1.38133,1.3814,1.3809,1.3809,0
2026-05-27 02:47,1.38144,1.38145,1.381,1.38135,0
2026-05-27 02:48,1.38133,1.38145,1.381,1.3814,0
2026-05-27 02:49,1.38125,1.38138,1.3809,1.38132,0
2026-05-27 02:50,1.3813,1.38135,1.3809,1.38125,0
2026-05-27 02:51,1.38128,1.38139,1.381,1.38129,0
2026-05-27 02:52,1.38136,1.3814,1.381,1.3813,0
2026-05-27 02:53,1.38132,1.38137,1.3809,1.38136,0
2026-05-27 02:54,1.38134,1.38137,1.3808,1.3813,0
2026-05-27 02:55,1.38137,1.3814,1.381,1.38133,0
2026-05-27 02:56,1.38131,1.38137,1.381,1.38133,0
2026-05-27 02:57,1.38132,1.3814,1.381,1.38133,0
2026-05-27 02:58,1.381,1.3814,1.381,1.38133,0
2026-05-27 02:59,1.38129,1.3814,1.381,1.38131,0
2026-05-27 03:00,1.38115,1.38135,1.3808,1.38133,0
2026-05-27 03:01,1.381,1.38125,1.3807,1.38113,0
2026-05-27 03:02,1.38117,1.38124,1.3808,1.38121,0
2026-05-27 03:03,1.3807,1.38117,1.3806,1.38111,0
2026-05-27 03:04,1.38098,1.38109,1.3805,1.3808,0
2026-05-27 03:05,1.38095,1.38103,1.3805,1.38098,0
2026-05-27 03:06,1.38094,1.38104,1.3806,1.3806,0
2026-05-27 03:07,1.38082,1.38101,1.3805,1.38095,0
2026-05-27 03:08,1.38084,1.3809,1.3805,1.38082,0
2026-05-27 03:09,1.38095,1.38096,1.3804,1.38083,0
2026-05-27 03:10,1.381,1.38104,1.3806,1.38091,0
2026-05-27 03:11,1.38097,1.38105,1.3806,1.38097,0
2026-05-27 03:12,1.38097,1.38104,1.3806,1.38095,0
2026-05-27 03:13,1.3811,1.3811,1.3807,1.38099,0
2026-05-27 03:14,1.3807,1.3811,1.3807,1.38106,0
2026-05-27 03:15,1.38101,1.38108,1.3807,1.38101,0
2026-05-27 03:16,1.38099,1.38104,1.3805,1.381,0
2026-05-27 03:17,1.38096,1.38103,1.3805,1.38098,0
2026-05-27 03:18,1.38108,1.38108,1.3807,1.38095,0
2026-05-27 03:19,1.38109,1.3811,1.3807,1.38103,0
2026-05-27 03:20,1.381,1.38111,1.3807,1.38108,0
2026-05-27 03:21,1.38107,1.38113,1.3806,1.38098,0
2026-05-27 03:22,1.38106,1.38113,1.3807,1.3808,0
2026-05-27 03:23,1.38106,1.38112,1.3807,1.38108,0
2026-05-27 03:24,1.38106,1.38112,1.3807,1.38108,0
2026-05-27 03:25,1.38098,1.38107,1.3807,1.38106,0
2026-05-27 03:26,1.38104,1.38111,1.3807,1.381,0
2026-05-27 03:27,1.38107,1.38112,1.3807,1.38105,0
2026-05-27 03:28,1.38109,1.38115,1.3807,1.3811,0
2026-05-27 03:29,1.38106,1.38114,1.3806,1.38108,0
2026-05-27 03:30,1.38105,1.38113,1.3807,1.38107,0
2026-05-27 03:31,1.38106,1.38112,1.3807,1.38104,0
2026-05-27 03:32,1.38111,1.38114,1.3808,1.38105,0
2026-05-27 03:33,1.38111,1.38112,1.3807,1.38106,0
2026-05-27 03:34,1.381,1.38112,1.3807,1.38105,0
2026-05-27 03:35,1.38106,1.38112,1.3807,1.38105,0
2026-05-27 03:36,1.3811,1.38116,1.3808,1.38111,0
2026-05-27 03:37,1.38106,1.38114,1.3807,1.38106,0
2026-05-27 03:38,1.3807,1.38113,1.3806,1.38107,0
2026-05-27 03:39,1.3808,1.38112,1.3807,1.3807,0
2026-05-27 03:40,1.3808,1.38112,1.3807,1.38108,0
2026-05-27 03:41,1.38099,1.38108,1.3807,1.38103,0
2026-05-27 03:42,1.381,1.38106,1.3807,1.381,0
2026-05-27 03:43,1.38104,1.3811,1.3807,1.3807,0
2026-05-27 03:44,1.38104,1.3811,1.3807,1.38102,0
2026-05-27 03:45,1.38102,1.38112,1.3807,1.38105,0
2026-05-27 03:46,1.381,1.38108,1.3807,1.38106,0
2026-05-27 03:47,1.38101,1.38107,1.3807,1.381,0
2026-05-27 03:48,1.381,1.38106,1.3807,1.381,0
2026-05-27 03:49,1.38099,1.38105,1.3805,1.381,0
2026-05-27 03:50,1.38095,1.38101,1.3806,1.38095,0
2026-05-27 03:51,1.38093,1.38103,1.3806,1.38095,0
2026-05-27 03:52,1.381,1.381,1.3806,1.3806,0
2026-05-27 03:53,1.38084,1.381,1.3805,1.38095,0
2026-05-27 03:54,1.38095,1.38097,1.3804,1.38085,0
2026-05-27 03:55,1.38098,1.381,1.3806,1.38092,0
2026-05-27 03:56,1.38099,1.38105,1.3805,1.38093,0
2026-05-27 03:57,1.38102,1.3811,1.3807,1.38099,0
2026-05-27 03:58,1.38113,1.38113,1.3806,1.38103,0
2026-05-27 03:59,1.3808,1.38114,1.3806,1.38109,0
2026-05-27 04:00,1.38095,1.38113,1.3806,1.38108,0
2026-05-27 04:01,1.38097,1.38102,1.3806,1.38096,0
2026-05-27 04:02,1.38094,1.381,1.3806,1.3806,0
2026-05-27 04:03,1.38087,1.38097,1.3805,1.38095,0
2026-05-27 04:04,1.38088,1.38095,1.3804,1.38083,0
2026-05-27 04:05,1.38079,1.38092,1.3804,1.38087,0
2026-05-27 04:06,1.38082,1.3809,1.3804,1.38074,0
2026-05-27 04:07,1.38093,1.381,1.3805,1.38088,0
2026-05-27 04:08,1.38093,1.381,1.3806,1.3806,0
2026-05-27 04:09,1.38096,1.381,1.3806,1.3806,0
2026-05-27 04:10,1.38095,1.381,1.3806,1.38091,0
2026-05-27 04:11,1.38095,1.38105,1.3807,1.38099,0
2026-05-27 04:12,1.38097,1.38105,1.3806,1.38095,0
2026-05-27 04:13,1.38097,1.38103,1.3805,1.38097,0
2026-05-27 04:14,1.381,1.38105,1.3805,1.38099,0
2026-05-27 04:15,1.3807,1.38108,1.3807,1.38101,0
2026-05-27 04:16,1.38103,1.3811,1.3807,1.38101,0
2026-05-27 04:17,1.38102,1.3811,1.3807,1.38102,0
2026-05-27 04:18,1.3807,1.38108,1.3807,1.38105,0
2026-05-27 04:19,1.38107,1.3811,1.3807,1.38102,0
2026-05-27 04:20,1.38104,1.3811,1.3807,1.38107,0
2026-05-27 04:21,1.38111,1.38115,1.3806,1.38103,0
2026-05-27 04:22,1.38108,1.38114,1.3808,1.3811,0
2026-05-27 04:23,1.38107,1.38113,1.3806,1.38107,0
2026-05-27 04:24,1.3809,1.38115,1.3806,1.38107,0
2026-05-27 04:25,1.38108,1.38113,1.3806,1.38105,0
2026-05-27 04:26,1.38104,1.38112,1.3806,1.3809,0
2026-05-27 04:27,1.38109,1.38111,1.3807,1.38105,0
2026-05-27 04:28,1.38107,1.38112,1.3806,1.38105,0
2026-05-27 04:29,1.3807,1.38113,1.3806,1.38107,0
2026-05-27 04:30,1.38103,1.38111,1.3807,1.38105,0
2026-05-27 04:31,1.38108,1.3811,1.3807,1.38104,0
2026-05-27 04:32,1.38102,1.3811,1.3807,1.38107,0
2026-05-27 04:33,1.38105,1.38111,1.3807,1.38102,0
2026-05-27 04:34,1.38106,1.38112,1.3807,1.3811,0
2026-05-27 04:35,1.3811,1.38112,1.3806,1.38107,0
2026-05-27 04:36,1.38111,1.38116,1.3806,1.38111,0
2026-05-27 04:37,1.38118,1.38123,1.3808,1.38109,0
2026-05-27 04:38,1.38111,1.38122,1.3808,1.38118,0
2026-05-27 04:39,1.38113,1.3812,1.3808,1.38116,0
2026-05-27 04:40,1.38113,1.3812,1.3808,1.38117,0
2026-05-27 04:41,1.38113,1.3812,1.3808,1.38113,0
2026-05-27 04:42,1.38115,1.38118,1.3808,1.38117,0
2026-05-27 04:43,1.38118,1.3812,1.3808,1.38112,0
2026-05-27 04:44,1.38116,1.38124,1.3807,1.3808,0
2026-05-27 04:45,1.3808,1.38121,1.3808,1.38115,0
2026-05-27 04:46,1.38115,1.38118,1.3807,1.38113,0
2026-05-27 04:47,1.3811,1.38116,1.3808,1.3811,0
2026-05-27 04:48,1.3808,1.3812,1.3808,1.38115,0
2026-05-27 04:49,1.38119,1.3812,1.3808,1.38116,0
2026-05-27 04:50,1.3808,1.3812,1.3808,1.38115,0
2026-05-27 04:51,1.38114,1.3812,1.3808,1.38114,0
2026-05-27 04:52,1.38109,1.38114,1.3806,1.3811,0
2026-05-27 04:53,1.3807,1.38113,1.3806,1.38107,0
2026-05-27 04:54,1.38107,1.38112,1.3807,1.3811,0
2026-05-27 04:55,1.38112,1.38115,1.3806,1.38111,0
2026-05-27 04:56,1.38109,1.38113,1.3806,1.38107,0
2026-05-27 04:57,1.3811,1.38116,1.3806,1.38107,0
2026-05-27 04:58,1.38109,1.3812,1.3806,1.3811,0
2026-05-27 04:59,1.38114,1.3812,1.3808,1.38112,0
2026-05-27 05:00,1.38113,1.38121,1.3806,1.38118,0
2026-05-27 05:01,1.38113,1.38113,1.3806,1.38109,0
2026-05-27 05:02,1.38115,1.38116,1.3806,1.38108,0
2026-05-27 05:03,1.3808,1.3812,1.3808,1.38114,0
2026-05-27 05:04,1.38116,1.38119,1.3808,1.38114,0
2026-05-27 05:05,1.38111,1.38117,1.3808,1.3808,0
2026-05-27 05:06,1.38111,1.38116,1.3808,1.38111,0
2026-05-27 05:07,1.3808,1.38115,1.3808,1.38111,0
2026-05-27 05:08,1.3811,1.38115,1.3806,1.38108,0
2026-05-27 05:09,1.38109,1.38116,1.3808,1.38109,0
2026-05-27 05:10,1.38112,1.38116,1.3808,1.3811,0
2026-05-27 05:11,1.38111,1.38117,1.3808,1.3811,0
2026-05-27 05:12,1.38108,1.38116,1.3806,1.38112,0
2026-05-27 05:13,1.38102,1.38113,1.3807,1.38106,0
2026-05-27 05:14,1.38102,1.3811,1.3807,1.38102,0
2026-05-27 05:15,1.38107,1.38111,1.3807,1.38106,0
2026-05-27 05:16,1.3808,1.38111,1.3807,1.3811,0
2026-05-27 05:17,1.3809,1.38114,1.3806,1.38104,0
2026-05-27 05:18,1.3807,1.38113,1.3806,1.38108,0
2026-05-27 05:19,1.38112,1.38113,1.3807,1.38107,0
2026-05-27 05:20,1.38107,1.38113,1.3807,1.38108,0
2026-05-27 05:21,1.38105,1.38113,1.3806,1.38112,0
2026-05-27 05:22,1.38101,1.38106,1.3806,1.38102,0
2026-05-27 05:23,1.38103,1.3811,1.3807,1.381,0
2026-05-27 05:24,1.38101,1.38105,1.3805,1.3807,0
2026-05-27 05:25,1.38107,1.38109,1.3807,1.3807,0
2026-05-27 05:26,1.38108,1.3811,1.3807,1.38104,0
2026-05-27 05:27,1.38103,1.3811,1.3807,1.38104,0
2026-05-27 05:28,1.38103,1.3811,1.3807,1.38103,0
2026-05-27 05:29,1.38108,1.38114,1.3806,1.38108,0
2026-05-27 05:30,1.3811,1.38113,1.3806,1.38109,0
2026-05-27 05:31,1.3808,1.38113,1.3807,1.38107,0
2026-05-27 05:32,1.38106,1.38113,1.3806,1.38108,0
2026-05-27 05:33,1.3807,1.38113,1.3806,1.38106,0
2026-05-27 05:34,1.38107,1.3811,1.3807,1.38103,0
2026-05-27 05:35,1.38103,1.3811,1.3807,1.38103,0
2026-05-27 05:36,1.38107,1.38113,1.3807,1.38107,0
2026-05-27 05:37,1.38111,1.38113,1.3806,1.38111,0
2026-05-27 05:38,1.38108,1.38113,1.3806,1.38107,0
2026-05-27 05:39,1.38101,1.38113,1.3806,1.3807,0
2026-05-27 05:40,1.38106,1.3811,1.3807,1.381,0
2026-05-27 05:41,1.38108,1.3811,1.3807,1.38102,0
2026-05-27 05:42,1.38105,1.3811,1.3807,1.38104,0
2026-05-27 05:43,1.38102,1.3811,1.3807,1.38103,0
2026-05-27 05:44,1.38096,1.38107,1.3806,1.38102,0
2026-05-27 05:45,1.38095,1.38102,1.3805,1.38097,0
2026-05-27 05:46,1.38095,1.38102,1.3805,1.38095,0
2026-05-27 05:47,1.38091,1.38097,1.3806,1.38091,0
2026-05-27 05:48,1.38094,1.38097,1.3806,1.38091,0
2026-05-27 05:49,1.3809,1.381,1.3805,1.38092,0
2026-05-27 05:50,1.38085,1.38091,1.3805,1.38091,0
2026-05-27 05:51,1.3807,1.38093,1.3804,1.3809,0
2026-05-27 05:52,1.3805,1.38092,1.3805,1.38091,0
2026-05-27 05:53,1.3807,1.38095,1.3805,1.38087,0
2026-05-27 05:54,1.38087,1.38092,1.3805,1.3809,0
2026-05-27 05:55,1.3805,1.38094,1.3805,1.38087,0
2026-05-27 05:56,1.38089,1.38095,1.3805,1.38087,0
2026-05-27 05:57,1.38097,1.38097,1.3806,1.38092,0
2026-05-27 05:58,1.38095,1.381,1.3806,1.3806,0
2026-05-27 05:59,1.38087,1.38094,1.3804,1.38091,0
2026-05-27 06:00,1.38091,1.381,1.3805,1.38092,0
2026-05-27 06:01,1.38086,1.38096,1.3805,1.38091,0
2026-05-27 06:02,1.38092,1.38096,1.3804,1.38085,0
2026-05-27 06:03,1.38091,1.38093,1.3804,1.38087,0
2026-05-27 06:04,1.3808,1.38092,1.3805,1.38086,0
2026-05-27 06:05,1.38083,1.3809,1.3805,1.38079,0
2026-05-27 06:06,1.38088,1.3809,1.3805,1.38083,0
2026-05-27 06:07,1.38082,1.3809,1.3805,1.38083,0
2026-05-27 06:08,1.38082,1.3809,1.3805,1.38083,0
2026-05-27 06:09,1.38082,1.38087,1.3805,1.38086,0
2026-05-27 06:10,1.38085,1.38093,1.3804,1.38086,0
2026-05-27 06:11,1.38085,1.3809,1.3805,1.38085,0
2026-05-27 06:12,1.38089,1.38093,1.3805,1.38083,0
2026-05-27 06:13,1.38087,1.38092,1.3805,1.38087,0
2026-05-27 06:14,1.38089,1.38093,1.3804,1.38087,0
2026-05-27 06:15,1.38092,1.38096,1.3804,1.38084,0
2026-05-27 06:16,1.38092,1.381,1.3806,1.38092,0
2026-05-27 06:17,1.3806,1.381,1.3806,1.38092,0
2026-05-27 06:18,1.38096,1.38101,1.3806,1.38099,0
2026-05-27 06:19,1.38098,1.38101,1.3806,1.38097,0
2026-05-27 06:20,1.38094,1.381,1.3806,1.38094,0
2026-05-27 06:21,1.3809,1.381,1.3806,1.38099,0
2026-05-27 06:22,1.38092,1.38098,1.3804,1.38089,0
2026-05-27 06:23,1.38097,1.38098,1.3806,1.38096,0
2026-05-27 06:24,1.38088,1.38096,1.3804,1.38092,0
2026-05-27 06:25,1.38095,1.381,1.3806,1.38088,0
2026-05-27 06:26,1.38092,1.381,1.3806,1.3806,0
2026-05-27 06:27,1.38095,1.38097,1.3806,1.3806,0
2026-05-27 06:28,1.38097,1.381,1.3806,1.38091,0
2026-05-27 06:29,1.38094,1.381,1.3804,1.38093,0
2026-05-27 06:30,1.3809,1.38095,1.3804,1.38089,0
2026-05-27 06:31,1.3806,1.38098,1.3806,1.38095,0
2026-05-27 06:32,1.3806,1.38101,1.3806,1.38093,0
2026-05-27 06:33,1.38094,1.38106,1.3805,1.38094,0
2026-05-27 06:34,1.38095,1.38101,1.3806,1.38093,0
2026-05-27 06:35,1.38093,1.38102,1.3806,1.38094,0
2026-05-27 06:36,1.38092,1.381,1.3804,1.38094,0
2026-05-27 06:37,1.38088,1.38092,1.3804,1.3806,0
2026-05-27 06:38,1.3807,1.38103,1.3805,1.38088,0
2026-05-27 06:39,1.3807,1.38108,1.3807,1.38098,0
2026-05-27 06:40,1.38102,1.3811,1.3807,1.38103,0
2026-05-27 06:41,1.38113,1.38117,1.3807,1.38103,0
2026-05-27 06:42,1.3809,1.38125,1.3806,1.38113,0
2026-05-27 06:43,1.38125,1.38127,1.3808,1.38116,0
2026-05-27 06:44,1.3812,1.38127,1.3809,1.38121,0
2026-05-27 06:45,1.381,1.38126,1.3808,1.38117,0
2026-05-27 06:46,1.38113,1.38123,1.3808,1.38118,0
2026-05-27 06:47,1.38118,1.3812,1.3808,1.38113,0
2026-05-27 06:48,1.381,1.3812,1.3808,1.38118,0
2026-05-27 06:49,1.38116,1.38123,1.3807,1.38115,0
2026-05-27 06:50,1.38118,1.38125,1.3807,1.3809,0
2026-05-27 06:51,1.38119,1.3813,1.3805,1.3809,0
2026-05-27 06:52,1.38119,1.38125,1.3809,1.381,0
2026-05-27 06:53,1.38121,1.38128,1.3807,1.38119,0
2026-05-27 06:54,1.38123,1.3813,1.3809,1.38122,0
2026-05-27 06:55,1.38132,1.38137,1.3808,1.38122,0
2026-05-27 06:56,1.38125,1.38133,1.3807,1.38128,0
2026-05-27 06:57,1.38132,1.38138,1.3808,1.38131,0
2026-05-27 06:58,1.38134,1.38139,1.381,1.38132,0
2026-05-27 06:59,1.38141,1.38145,1.3809,1.38134,0
2026-05-27 07:00,1.38125,1.38142,1.381,1.38136,0
2026-05-27 07:01,1.38132,1.3814,1.3808,1.38126,0
2026-05-27 07:02,1.38132,1.38142,1.381,1.38132,0
2026-05-27 07:03,1.3811,1.38146,1.3809,1.38133,0
2026-05-27 07:04,1.38152,1.38152,1.381,1.38142,0
2026-05-27 07:05,1.38142,1.38152,1.381,1.38147,0
2026-05-27 07:06,1.3814,1.3815,1.3811,1.38145,0
2026-05-27 07:07,1.38149,1.3816,1.381,1.38144,0
2026-05-27 07:08,1.38158,1.38161,1.381,1.38151,0
2026-05-27 07:09,1.3816,1.3816,1.3811,1.38156,0
2026-05-27 07:10,1.38166,1.38166,1.3811,1.3811,0
2026-05-27 07:11,1.38164,1.3817,1.3813,1.38163,0
2026-05-27 07:12,1.3815,1.3817,1.3812,1.38161,0
2026-05-27 07:13,1.38158,1.38168,1.3811,1.38166,0
2026-05-27 07:14,1.38165,1.38172,1.3813,1.38157,0
2026-05-27 07:15,1.38165,1.38171,1.3811,1.3817,0
2026-05-27 07:16,1.3817,1.38175,1.3813,1.38159,0
2026-05-27 07:17,1.38169,1.38175,1.3812,1.38171,0
2026-05-27 07:18,1.38175,1.3818,1.3812,1.3812,0
2026-05-27 07:19,1.38161,1.38176,1.3813,1.38171,0
2026-05-27 07:20,1.38167,1.38168,1.3812,1.38164,0
2026-05-27 07:21,1.38177,1.38178,1.3813,1.38162,0
2026-05-27 07:22,1.3816,1.38178,1.3813,1.38172,0
2026-05-27 07:23,1.3815,1.38167,1.3812,1.3816,0
2026-05-27 07:24,1.38151,1.38158,1.3811,1.38149,0
2026-05-27 07:25,1.38142,1.3816,1.3811,1.38152,0
2026-05-27 07:26,1.38147,1.3815,1.381,1.38142,0
2026-05-27 07:27,1.38139,1.3815,1.3811,1.38142,0
2026-05-27 07:28,1.38135,1.38146,1.381,1.38143,0
2026-05-27 07:29,1.38143,1.38148,1.381,1.38135,0
2026-05-27 07:30,1.38141,1.38153,1.3811,1.38142,0
2026-05-27 07:31,1.3811,1.38155,1.381,1.38146,0
2026-05-27 07:32,1.3811,1.38153,1.3811,1.38141,0
2026-05-27 07:33,1.3811,1.38145,1.3809,1.3814,0
2026-05-27 07:34,1.38136,1.38145,1.381,1.38137,0
2026-05-27 07:35,1.38144,1.38146,1.381,1.38136,0
2026-05-27 07:36,1.3811,1.38147,1.3811,1.3814,0
2026-05-27 07:37,1.38151,1.38153,1.3811,1.3814,0
2026-05-27 07:38,1.38152,1.38156,1.3812,1.38151,0
2026-05-27 07:39,1.38157,1.38163,1.3811,1.3815,0
2026-05-27 07:40,1.3816,1.38165,1.3811,1.38155,0
2026-05-27 07:41,1.3813,1.38166,1.3811,1.38161,0
2026-05-27 07:42,1.38155,1.38165,1.3812,1.3816,0
2026-05-27 07:43,1.38158,1.38162,1.3811,1.38155,0
2026-05-27 07:44,1.38146,1.38161,1.3812,1.38156,0
2026-05-27 07:45,1.38135,1.3815,1.3809,1.38149,0
2026-05-27 07:46,1.38143,1.3815,1.381,1.38141,0
2026-05-27 07:47,1.3814,1.3815,1.3811,1.3811,0
2026-05-27 07:48,1.38148,1.38148,1.381,1.38142,0
2026-05-27 07:49,1.38142,1.3815,1.3811,1.38143,0
2026-05-27 07:50,1.38144,1.38151,1.3811,1.38147,0
2026-05-27 07:51,1.3812,1.3815,1.3811,1.38144,0
2026-05-27 07:52,1.38143,1.3815,1.3811,1.38142,0
2026-05-27 07:53,1.38166,1.38166,1.381,1.38143,0
2026-05-27 07:54,1.38175,1.38175,1.3812,1.38166,0
2026-05-27 07:55,1.38168,1.38176,1.3813,1.3814,0
2026-05-27 07:56,1.3817,1.38176,1.3813,1.38167,0
2026-05-27 07:57,1.38181,1.38192,1.3814,1.3817,0
2026-05-27 07:58,1.38191,1.38198,1.3813,1.38181,0
2026-05-27 07:59,1.38186,1.38197,1.3815,1.38191,0
2026-05-27 08:00,1.38165,1.38192,1.3812,1.38186,0
2026-05-27 08:01,1.38172,1.38178,1.3812,1.38162,0
2026-05-27 08:02,1.3817,1.38177,1.3813,1.38168,0
2026-05-27 08:03,1.38166,1.3817,1.3812,1.38165,0
2026-05-27 08:04,1.38177,1.3818,1.3813,1.38163,0
2026-05-27 08:05,1.38175,1.38184,1.3813,1.38173,0
2026-05-27 08:06,1.38182,1.38184,1.3813,1.38175,0
2026-05-27 08:07,1.38178,1.38185,1.3813,1.38178,0
2026-05-27 08:08,1.382,1.38205,1.3815,1.38178,0
2026-05-27 08:09,1.38198,1.38206,1.3816,1.382,0
2026-05-27 08:10,1.38198,1.38199,1.3815,1.38197,0
2026-05-27 08:11,1.3816,1.38202,1.3816,1.3816,0
2026-05-27 08:12,1.38194,1.38196,1.3814,1.3819,0
2026-05-27 08:13,1.38188,1.38196,1.3814,1.38194,0
2026-05-27 08:14,1.38193,1.38195,1.3814,1.38189,0
2026-05-27 08:15,1.38202,1.38205,1.3814,1.38193,0
2026-05-27 08:16,1.38208,1.38213,1.3815,1.38203,0
2026-05-27 08:17,1.3819,1.38223,1.3816,1.38213,0
2026-05-27 08:18,1.38232,1.38237,1.3818,1.38218,0
2026-05-27 08:19,1.382,1.38234,1.3818,1.38232,0
2026-05-27 08:20,1.38218,1.38234,1.3817,1.38228,0
2026-05-27 08:21,1.38215,1.38228,1.3818,1.38219,0
2026-05-27 08:22,1.38216,1.38224,1.3817,1.38216,0
2026-05-27 08:23,1.38201,1.38221,1.3817,1.38216,0
2026-05-27 08:24,1.382,1.38208,1.3815,1.38202,0
2026-05-27 08:25,1.38208,1.38215,1.3817,1.38205,0
2026-05-27 08:26,1.38212,1.3822,1.3817,1.38209,0
2026-05-27 08:27,1.38216,1.38221,1.3817,1.38218,0
2026-05-27 08:28,1.38227,1.38229,1.3818,1.38216,0
2026-05-27 08:29,1.38226,1.38235,1.3818,1.38225,0
2026-05-27 08:30,1.38234,1.38237,1.3818,1.38227,0
2026-05-27 08:31,1.382,1.38233,1.3818,1.3823,0
2026-05-27 08:32,1.3824,1.38241,1.3818,1.38227,0
2026-05-27 08:33,1.38235,1.38242,1.382,1.38236,0
2026-05-27 08:34,1.3823,1.38243,1.3818,1.38236,0
2026-05-27 08:35,1.38231,1.38234,1.3818,1.38229,0
2026-05-27 08:36,1.3823,1.38232,1.3818,1.38226,0
2026-05-27 08:37,1.3823,1.38236,1.3818,1.38226,0
2026-05-27 08:38,1.38243,1.38245,1.382,1.38232,0
2026-05-27 08:39,1.38231,1.38248,1.382,1.38245,0
2026-05-27 08:40,1.3823,1.3824,1.3819,1.38231,0
2026-05-27 08:41,1.38237,1.38243,1.3819,1.3823,0
2026-05-27 08:42,1.38235,1.38242,1.3819,1.38236,0
2026-05-27 08:43,1.382,1.38241,1.3818,1.38236,0
2026-05-27 08:44,1.3822,1.38233,1.3817,1.38225,0
2026-05-27 08:45,1.38229,1.38234,1.3818,1.38218,0
2026-05-27 08:46,1.38216,1.38234,1.3818,1.38228,0
2026-05-27 08:47,1.3822,1.38225,1.3817,1.38217,0
2026-05-27 08:48,1.38229,1.38229,1.3819,1.3822,0
2026-05-27 08:49,1.38221,1.38233,1.3819,1.3819,0
2026-05-27 08:50,1.38226,1.38233,1.3819,1.38221,0
2026-05-27 08:51,1.38233,1.38235,1.3818,1.38227,0
2026-05-27 08:52,1.38237,1.38246,1.3819,1.38228,0
2026-05-27 08:53,1.38227,1.38244,1.3819,1.38239,0
2026-05-27 08:54,1.3823,1.38234,1.3818,1.38231,0
2026-05-27 08:55,1.38241,1.38249,1.3819,1.38228,0
2026-05-27 08:56,1.38246,1.3825,1.382,1.38243,0
2026-05-27 08:57,1.38261,1.38268,1.3821,1.38249,0
2026-05-27 08:58,1.38274,1.38276,1.3822,1.38261,0
2026-05-27 08:59,1.38276,1.3828,1.3823,1.38269,0
2026-05-27 09:00,1.38287,1.3829,1.3823,1.38272,0
2026-05-27 09:01,1.38274,1.3829,1.3823,1.38283,0
2026-05-27 09:02,1.38276,1.3828,1.3823,1.3825,0
2026-05-27 09:03,1.38274,1.38282,1.3824,1.38274,0
2026-05-27 09:04,1.38264,1.38284,1.3823,1.38274,0
2026-05-27 09:05,1.38266,1.38271,1.3822,1.38264,0
2026-05-27 09:06,1.38267,1.38278,1.3822,1.3827,0
2026-05-27 09:07,1.38273,1.38275,1.3824,1.38268,0
2026-05-27 09:08,1.38267,1.38275,1.3824,1.3827,0
2026-05-27 09:09,1.38253,1.38269,1.382,1.38267,0
2026-05-27 09:10,1.38254,1.38259,1.382,1.38249,0
2026-05-27 09:11,1.38252,1.3826,1.3822,1.3823,0
2026-05-27 09:12,1.38252,1.38258,1.3821,1.38252,0
2026-05-27 09:13,1.38259,1.38263,1.3822,1.38252,0
2026-05-27 09:14,1.38245,1.3826,1.3821,1.38255,0
2026-05-27 09:15,1.38245,1.3825,1.382,1.38245,0
2026-05-27 09:16,1.38234,1.38249,1.3821,1.38241,0
2026-05-27 09:17,1.3824,1.38241,1.3819,1.38234,0
2026-05-27 09:18,1.3822,1.38253,1.382,1.38235,0
2026-05-27 09:19,1.38249,1.38257,1.3821,1.38249,0
2026-05-27 09:20,1.38249,1.38258,1.3822,1.38249,0
2026-05-27 09:21,1.38235,1.38257,1.382,1.3823,0
2026-05-27 09:22,1.38249,1.3825,1.3819,1.38235,0
2026-05-27 09:23,1.38244,1.38251,1.3821,1.38249,0
2026-05-27 09:24,1.3826,1.38265,1.3821,1.38244,0
2026-05-27 09:25,1.38269,1.38271,1.3822,1.3826,0
2026-05-27 09:26,1.38257,1.38272,1.3822,1.38265,0
2026-05-27 09:27,1.3822,1.3826,1.382,1.38256,0
2026-05-27 09:28,1.38251,1.38257,1.3821,1.38246,0
2026-05-27 09:29,1.38241,1.38255,1.382,1.38251,0
2026-05-27 09:30,1.38244,1.38251,1.3819,1.38242,0
2026-05-27 09:31,1.38242,1.38249,1.3821,1.38243,0
2026-05-27 09:32,1.38239,1.38247,1.3819,1.38246,0
2026-05-27 09:33,1.3822,1.38247,1.3819,1.38238,0
2026-05-27 09:34,1.3821,1.3825,1.3819,1.38241,0
2026-05-27 09:35,1.38241,1.38248,1.3819,1.38238,0
2026-05-27 09:36,1.38251,1.38253,1.382,1.3821,0
2026-05-27 09:37,1.38222,1.38253,1.3818,1.38246,0
2026-05-27 09:38,1.38225,1.38233,1.3818,1.38222,0
2026-05-27 09:39,1.38245,1.38249,1.3819,1.38226,0
2026-05-27 09:40,1.3822,1.38253,1.3821,1.3824,0
2026-05-27 09:41,1.38263,1.38264,1.382,1.38246,0
2026-05-27 09:42,1.38264,1.38272,1.3822,1.38258,0
2026-05-27 09:43,1.38269,1.38273,1.3823,1.38264,0
2026-05-27 09:44,1.38265,1.38272,1.3824,1.38268,0
2026-05-27 09:45,1.38271,1.38273,1.3822,1.38266,0
2026-05-27 09:46,1.38276,1.38281,1.3822,1.38268,0
2026-05-27 09:47,1.3825,1.3828,1.3824,1.38275,0
2026-05-27 09:48,1.3828,1.38288,1.3824,1.38276,0
2026-05-27 09:49,1.38277,1.38281,1.3823,1.38277,0
2026-05-27 09:50,1.3825,1.38282,1.3823,1.38276,0
2026-05-27 09:51,1.38287,1.38294,1.3824,1.38277,0
2026-05-27 09:52,1.38278,1.38291,1.3823,1.38287,0
2026-05-27 09:53,1.38283,1.3829,1.3823,1.38278,0
2026-05-27 09:54,1.38282,1.3829,1.3823,1.38282,0
2026-05-27 09:55,1.38283,1.3829,1.3825,1.38283,0
2026-05-27 09:56,1.3826,1.3829,1.3825,1.38285,0
2026-05-27 09:57,1.3826,1.38292,1.3824,1.38283,0
2026-05-27 09:58,1.38273,1.3829,1.3823,1.38287,0
2026-05-27 09:59,1.38282,1.38283,1.3823,1.38273,0
2026-05-27 10:00,1.38285,1.3829,1.3823,1.3825,0
2026-05-27 10:01,1.38281,1.38289,1.3823,1.38284,0
2026-05-27 10:02,1.3828,1.38285,1.3823,1.38279,0
2026-05-27 10:03,1.38271,1.38283,1.3823,1.3828,0
2026-05-27 10:04,1.38276,1.38282,1.3823,1.38271,0
2026-05-27 10:05,1.38284,1.3829,1.3825,1.38277,0
2026-05-27 10:06,1.38277,1.3829,1.3825,1.3826,0
2026-05-27 10:07,1.38267,1.38281,1.3823,1.38277,0
2026-05-27 10:08,1.38272,1.3828,1.3824,1.38267,0
2026-05-27 10:09,1.3827,1.3828,1.3824,1.38275,0
2026-05-27 10:10,1.38273,1.38278,1.3822,1.3827,0
2026-05-27 10:11,1.3825,1.38273,1.3822,1.3827,0
2026-05-27 10:12,1.3822,1.38273,1.3822,1.38269,0
2026-05-27 10:13,1.3824,1.38272,1.3822,1.38268,0
2026-05-27 10:14,1.38264,1.38273,1.3821,1.38268,0
2026-05-27 10:15,1.38253,1.38264,1.3821,1.38259,0
2026-05-27 10:16,1.38247,1.38254,1.382,1.38249,0
2026-05-27 10:17,1.3823,1.38253,1.382,1.38247,0
2026-05-27 10:18,1.38253,1.38262,1.382,1.38246,0
2026-05-27 10:19,1.3821,1.38258,1.382,1.38252,0
2026-05-27 10:20,1.38248,1.38254,1.382,1.38241,0
2026-05-27 10:21,1.38245,1.38251,1.3821,1.3821,0
2026-05-27 10:22,1.3821,1.38251,1.3821,1.38243,0
2026-05-27 10:23,1.382,1.38244,1.3819,1.3824,0
2026-05-27 10:24,1.382,1.38235,1.3818,1.38233,0
2026-05-27 10:25,1.38233,1.38234,1.3818,1.3823,0
2026-05-27 10:26,1.3823,1.38235,1.3818,1.38227,0
2026-05-27 10:27,1.38232,1.38238,1.3819,1.3823,0
2026-05-27 10:28,1.38233,1.38238,1.382,1.38232,0
2026-05-27 10:29,1.3823,1.38236,1.3818,1.38232,0
2026-05-27 10:30,1.382,1.38236,1.382,1.38229,0
2026-05-27 10:31,1.38232,1.38234,1.3818,1.38229,0
2026-05-27 10:32,1.38227,1.38235,1.3818,1.38228,0
2026-05-27 10:33,1.38229,1.38237,1.382,1.38229,0
2026-05-27 10:34,1.38231,1.38237,1.382,1.38228,0
2026-05-27 10:35,1.382,1.38252,1.382,1.3823,0
2026-05-27 10:36,1.3825,1.38255,1.382,1.38248,0
2026-05-27 10:37,1.38246,1.38251,1.382,1.38247,0
2026-05-27 10:38,1.38245,1.38251,1.3821,1.38246,0
2026-05-27 10:39,1.3821,1.38252,1.3821,1.38244,0
2026-05-27 10:40,1.382,1.38251,1.3819,1.38246,0
2026-05-27 10:41,1.3819,1.38241,1.3819,1.3822,0
2026-05-27 10:42,1.382,1.3824,1.3818,1.3824,0
2026-05-27 10:43,1.38228,1.38233,1.3818,1.38226,0
2026-05-27 10:44,1.3818,1.38234,1.3818,1.38226,0
2026-05-27 10:45,1.3819,1.38233,1.3818,1.3823,0
2026-05-27 10:46,1.38224,1.38225,1.3817,1.3819,0
2026-05-27 10:47,1.38215,1.38231,1.3817,1.38219,0
2026-05-27 10:48,1.38211,1.3822,1.3816,1.38215,0
2026-05-27 10:49,1.38238,1.38239,1.3817,1.38209,0
2026-05-27 10:50,1.3818,1.38241,1.3818,1.38234,0
2026-05-27 10:51,1.38227,1.38234,1.3818,1.38226,0
2026-05-27 10:52,1.3824,1.3824,1.382,1.38231,0
2026-05-27 10:53,1.38241,1.38247,1.382,1.38235,0
2026-05-27 10:54,1.382,1.38241,1.3818,1.38237,0
2026-05-27 10:55,1.38232,1.38236,1.3818,1.38229,0
2026-05-27 10:56,1.38214,1.38234,1.3818,1.38227,0
2026-05-27 10:57,1.3823,1.38237,1.3818,1.38217,0
2026-05-27 10:58,1.38231,1.38237,1.3818,1.382,0
2026-05-27 10:59,1.38235,1.3824,1.382,1.38236,0
2026-05-27 11:00,1.38241,1.38247,1.3819,1.38239,0
2026-05-27 11:01,1.38251,1.38255,1.382,1.38245,0
2026-05-27 11:02,1.38251,1.38256,1.3821,1.38251,0
2026-05-27 11:03,1.38248,1.38256,1.382,1.38254,0
2026-05-27 11:04,1.3825,1.38252,1.382,1.38248,0
2026-05-27 11:05,1.38243,1.38252,1.382,1.38245,0
2026-05-27 11:06,1.3821,1.38247,1.3819,1.3821,0
2026-05-27 11:07,1.3821,1.38243,1.3819,1.3821,0
2026-05-27 11:08,1.3821,1.38244,1.382,1.38235,0
2026-05-27 11:09,1.38247,1.38252,1.3819,1.38238,0
2026-05-27 11:10,1.3823,1.38251,1.3821,1.38244,0
2026-05-27 11:11,1.38259,1.38264,1.3821,1.38247,0
2026-05-27 11:12,1.38257,1.38268,1.3822,1.38259,0
2026-05-27 11:13,1.3826,1.38263,1.3821,1.3824,0
2026-05-27 11:14,1.38258,1.38271,1.3821,1.38264,0
2026-05-27 11:15,1.3824,1.38266,1.3821,1.38256,0
2026-05-27 11:16,1.38268,1.38273,1.3822,1.38261,0
2026-05-27 11:17,1.38268,1.38273,1.3822,1.38269,0
2026-05-27 11:18,1.38272,1.38278,1.3822,1.38269,0
2026-05-27 11:19,1.38273,1.3828,1.3824,1.38272,0
2026-05-27 11:20,1.3825,1.38288,1.3823,1.38274,0
2026-05-27 11:21,1.38296,1.38297,1.3824,1.38283,0
2026-05-27 11:22,1.38288,1.38296,1.3824,1.3826,0
2026-05-27 11:23,1.38289,1.38294,1.3824,1.38288,0
2026-05-27 11:24,1.38293,1.38297,1.3824,1.38289,0
2026-05-27 11:25,1.38292,1.38298,1.3826,1.3829,0
2026-05-27 11:26,1.38291,1.38297,1.3824,1.38292,0
2026-05-27 11:27,1.38285,1.38292,1.3824,1.38287,0
2026-05-27 11:28,1.38292,1.38299,1.3826,1.38285,0
2026-05-27 11:29,1.38286,1.383,1.3826,1.38295,0
2026-05-27 11:30,1.38295,1.38299,1.3824,1.38286,0
2026-05-27 11:31,1.38312,1.38312,1.3825,1.38295,0
2026-05-27 11:32,1.38315,1.38321,1.3826,1.38308,0
2026-05-27 11:33,1.38312,1.3832,1.3828,1.38311,0
2026-05-27 11:34,1.3828,1.38319,1.3826,1.38312,0
2026-05-27 11:35,1.38321,1.38325,1.3827,1.38312,0
2026-05-27 11:36,1.38318,1.38326,1.3827,1.3832,0
2026-05-27 11:37,1.38315,1.38324,1.3827,1.38318,0
2026-05-27 11:38,1.38315,1.38321,1.3828,1.3832,0
2026-05-27 11:39,1.38331,1.38338,1.3827,1.38315,0
2026-05-27 11:40,1.38332,1.38337,1.3828,1.38331,0
2026-05-27 11:41,1.38334,1.3834,1.3828,1.3831,0
2026-05-27 11:42,1.38329,1.38339,1.3828,1.38334,0
2026-05-27 11:43,1.3831,1.38331,1.383,1.38325,0
2026-05-27 11:44,1.38335,1.3834,1.383,1.3831,0
2026-05-27 11:45,1.38338,1.38345,1.3829,1.38336,0
2026-05-27 11:46,1.38338,1.38353,1.3831,1.3831,0
2026-05-27 11:47,1.38348,1.38351,1.3831,1.38338,0
2026-05-27 11:48,1.38346,1.38353,1.383,1.38344,0
2026-05-27 11:49,1.38343,1.3835,1.3831,1.38347,0
2026-05-27 11:50,1.3832,1.38355,1.383,1.38347,0
2026-05-27 11:51,1.3835,1.38355,1.3831,1.38346,0
2026-05-27 11:52,1.3836,1.38366,1.3831,1.3835,0
2026-05-27 11:53,1.3836,1.38367,1.3832,1.3836,0
2026-05-27 11:54,1.38351,1.38364,1.3831,1.3836,0
2026-05-27 11:55,1.38353,1.38364,1.383,1.3835,0
2026-05-27 11:56,1.38358,1.38367,1.3831,1.38354,0
2026-05-27 11:57,1.3832,1.38366,1.3831,1.38359,0
2026-05-27 11:58,1.3833,1.38361,1.3832,1.38353,0
2026-05-27 11:59,1.3835,1.3836,1.383,1.38353,0
2026-05-27 12:00,1.38343,1.38355,1.3831,1.38349,0
2026-05-27 12:01,1.3831,1.38347,1.383,1.38341,0
2026-05-27 12:02,1.3834,1.38346,1.383,1.38341,0
2026-05-27 12:03,1.38344,1.38345,1.3829,1.3834,0
2026-05-27 12:04,1.38338,1.38346,1.3829,1.3834,0
2026-05-27 12:05,1.3831,1.38345,1.3829,1.38333,0
2026-05-27 12:06,1.38363,1.38363,1.383,1.3834,0
2026-05-27 12:07,1.38366,1.38366,1.3832,1.3833,0
2026-05-27 12:08,1.3832,1.38366,1.3831,1.3834,0
2026-05-27 12:09,1.38341,1.38347,1.383,1.38342,0
2026-05-27 12:10,1.38357,1.3836,1.383,1.3834,0
2026-05-27 12:11,1.3834,1.38363,1.3831,1.38356,0
2026-05-27 12:12,1.38332,1.3835,1.383,1.38341,0
2026-05-27 12:13,1.383,1.3834,1.3829,1.38332,0
2026-05-27 12:14,1.38333,1.38341,1.383,1.3833,0
2026-05-27 12:15,1.38318,1.38337,1.3827,1.38331,0
2026-05-27 12:16,1.38327,1.38336,1.3827,1.38321,0
2026-05-27 12:17,1.3833,1.38336,1.3828,1.38328,0
2026-05-27 12:18,1.38334,1.38339,1.383,1.38334,0
2026-05-27 12:19,1.38343,1.38348,1.3831,1.38334,0
2026-05-27 12:20,1.38351,1.38356,1.383,1.3834,0
2026-05-27 12:21,1.38364,1.38371,1.3831,1.38351,0
2026-05-27 12:22,1.38355,1.38368,1.3831,1.38364,0
2026-05-27 12:23,1.38378,1.38382,1.3831,1.38363,0
2026-05-27 12:24,1.3836,1.38378,1.3832,1.38374,0
2026-05-27 12:25,1.38371,1.38376,1.3832,1.3836,0
2026-05-27 12:26,1.38361,1.38371,1.3832,1.38367,0
2026-05-27 12:27,1.38361,1.38368,1.3833,1.38361,0
2026-05-27 12:28,1.38376,1.38377,1.3833,1.38361,0
2026-05-27 12:29,1.38378,1.38381,1.3834,1.38372,0
2026-05-27 12:30,1.38363,1.38385,1.3833,1.38377,0
2026-05-27 12:31,1.38363,1.38376,1.3832,1.38363,0
2026-05-27 12:32,1.38364,1.38368,1.3833,1.3834,0
2026-05-27 12:33,1.3834,1.38375,1.3832,1.3833,0
2026-05-27 12:34,1.38368,1.3838,1.3832,1.38369,0
2026-05-27 12:35,1.38366,1.38374,1.3832,1.3834,0
2026-05-27 12:36,1.3834,1.38372,1.3832,1.3836,0
2026-05-27 12:37,1.38372,1.38382,1.3832,1.38365,0
2026-05-27 12:38,1.38378,1.38379,1.3833,1.38368,0
2026-05-27 12:39,1.3835,1.38381,1.3834,1.38375,0
2026-05-27 12:40,1.38379,1.38384,1.3833,1.38374,0
2026-05-27 12:41,1.3836,1.38387,1.3833,1.3838,0
2026-05-27 12:42,1.3839,1.38395,1.3834,1.38376,0
2026-05-27 12:43,1.3833,1.38395,1.3833,1.38392,0
2026-05-27 12:44,1.38354,1.38382,1.3832,1.38378,0
2026-05-27 12:45,1.38331,1.38354,1.383,1.38349,0
2026-05-27 12:46,1.38344,1.3836,1.383,1.38331,0
2026-05-27 12:47,1.38346,1.38356,1.3831,1.38347,0
2026-05-27 12:48,1.38335,1.38353,1.383,1.38348,0
2026-05-27 12:49,1.38348,1.38355,1.3829,1.38336,0
2026-05-27 12:50,1.38346,1.3835,1.383,1.38344,0
2026-05-27 12:51,1.3831,1.38354,1.3831,1.38346,0
2026-05-27 12:52,1.3831,1.38349,1.383,1.38344,0
2026-05-27 12:53,1.38346,1.38346,1.3831,1.38345,0
2026-05-27 12:54,1.3833,1.38361,1.3831,1.38342,0
2026-05-27 12:55,1.38353,1.38362,1.3831,1.38357,0
2026-05-27 12:56,1.38351,1.38358,1.3832,1.3834,0
2026-05-27 12:57,1.38346,1.38356,1.3831,1.3832,0
2026-05-27 12:58,1.38331,1.38349,1.3829,1.38346,0
2026-05-27 12:59,1.38331,1.38336,1.383,1.38331,0
2026-05-27 13:00,1.38328,1.38338,1.3828,1.38326,0
2026-05-27 13:01,1.38331,1.38341,1.383,1.38332,0
2026-05-27 13:02,1.38327,1.38335,1.3828,1.383,0
2026-05-27 13:03,1.38324,1.38337,1.383,1.38327,0
2026-05-27 13:04,1.38346,1.3835,1.3829,1.38324,0
2026-05-27 13:05,1.38341,1.38362,1.383,1.38342,0
2026-05-27 13:06,1.38322,1.38345,1.3829,1.38343,0
2026-05-27 13:07,1.3833,1.38334,1.3828,1.38324,0
2026-05-27 13:08,1.38326,1.38333,1.3829,1.38326,0
2026-05-27 13:09,1.38337,1.38346,1.3829,1.38326,0
2026-05-27 13:10,1.38338,1.38351,1.383,1.38337,0
2026-05-27 13:11,1.38331,1.38343,1.3829,1.38343,0
2026-05-27 13:12,1.38332,1.38347,1.3829,1.38331,0
2026-05-27 13:13,1.3831,1.38342,1.3828,1.38335,0
2026-05-27 13:14,1.38343,1.38352,1.383,1.38337,0
2026-05-27 13:15,1.38364,1.38366,1.383,1.38347,0
2026-05-27 13:16,1.38348,1.38366,1.3831,1.3833,0
2026-05-27 13:17,1.38347,1.38355,1.383,1.3831,0
2026-05-27 13:18,1.38316,1.38355,1.3826,1.3832,0
2026-05-27 13:19,1.38327,1.38342,1.3826,1.38318,0
2026-05-27 13:20,1.38325,1.3834,1.3828,1.3829,0
2026-05-27 13:21,1.38296,1.3833,1.3825,1.38326,0
2026-05-27 13:22,1.38304,1.38304,1.3823,1.38294,0
2026-05-27 13:23,1.38295,1.3831,1.3824,1.38298,0
2026-05-27 13:24,1.38291,1.38305,1.3825,1.38295,0
2026-05-27 13:25,1.38263,1.383,1.3821,1.3829,0
2026-05-27 13:26,1.38262,1.38267,1.3821,1.38255,0
2026-05-27 13:27,1.38274,1.38278,1.3821,1.38263,0
2026-05-27 13:28,1.38264,1.38281,1.3821,1.38269,0
2026-05-27 13:29,1.38252,1.38267,1.382,1.38261,0
2026-05-27 13:30,1.38226,1.38257,1.3819,1.38251,0
2026-05-27 13:31,1.38236,1.3824,1.3818,1.38225,0
2026-05-27 13:32,1.38223,1.38241,1.3819,1.38235,0
2026-05-27 13:33,1.38234,1.38241,1.3819,1.38222,0
2026-05-27 13:34,1.38233,1.38243,1.382,1.38237,0
2026-05-27 13:35,1.38236,1.38239,1.3819,1.38233,0
2026-05-27 13:36,1.38205,1.38237,1.3817,1.38232,0
2026-05-27 13:37,1.38223,1.3823,1.3817,1.38201,0
2026-05-27 13:38,1.38232,1.38238,1.3817,1.38221,0
2026-05-27 13:39,1.382,1.3824,1.3818,1.3823,0
2026-05-27 13:40,1.38244,1.38247,1.3819,1.38235,0
2026-05-27 13:41,1.3819,1.38249,1.3818,1.3821,0
2026-05-27 13:42,1.382,1.38236,1.3818,1.38221,0
2026-05-27 13:43,1.38233,1.38243,1.3818,1.38229,0
2026-05-27 13:44,1.38242,1.38242,1.3819,1.38233,0
2026-05-27 13:45,1.38242,1.38255,1.382,1.38241,0
2026-05-27 13:46,1.38252,1.3826,1.382,1.38242,0
2026-05-27 13:47,1.38242,1.38254,1.3821,1.38254,0
2026-05-27 13:48,1.38239,1.38251,1.3819,1.3824,0
2026-05-27 13:49,1.38247,1.38251,1.3821,1.3824,0
2026-05-27 13:50,1.3825,1.38259,1.382,1.3823,0
2026-05-27 13:51,1.3824,1.38252,1.3819,1.38251,0
2026-05-27 13:52,1.38247,1.38253,1.382,1.38241,0
2026-05-27 13:53,1.3821,1.38253,1.382,1.38247,0
2026-05-27 13:54,1.38236,1.38249,1.3819,1.38245,0
2026-05-27 13:55,1.38252,1.38256,1.3819,1.3821,0
2026-05-27 13:56,1.38252,1.38256,1.382,1.38252,0
2026-05-27 13:57,1.38252,1.38256,1.382,1.38248,0
2026-05-27 13:58,1.38273,1.38276,1.3821,1.38248,0
2026-05-27 13:59,1.38276,1.38291,1.3823,1.38274,0
2026-05-27 14:00,1.38277,1.38282,1.3822,1.3825,0
2026-05-27 14:01,1.38291,1.38291,1.3823,1.38275,0
2026-05-27 14:02,1.38265,1.38292,1.3823,1.3826,0
2026-05-27 14:03,1.38258,1.38271,1.3821,1.38269,0
2026-05-27 14:04,1.38255,1.38263,1.3821,1.38257,0
2026-05-27 14:05,1.38263,1.38267,1.382,1.3822,0
2026-05-27 14:06,1.38281,1.38287,1.3822,1.38265,0
2026-05-27 14:07,1.3827,1.38294,1.3823,1.38282,0
2026-05-27 14:08,1.38261,1.38272,1.3823,1.38266,0
2026-05-27 14:09,1.38277,1.38282,1.3823,1.38261,0
2026-05-27 14:10,1.3827,1.38281,1.3823,1.38274,0
2026-05-27 14:11,1.38286,1.3829,1.3823,1.38268,0
2026-05-27 14:12,1.38288,1.38293,1.3823,1.38286,0
2026-05-27 14:13,1.38279,1.38291,1.3823,1.38289,0
2026-05-27 14:14,1.38295,1.38296,1.3825,1.38286,0
2026-05-27 14:15,1.38297,1.38305,1.3825,1.38294,0
2026-05-27 14:16,1.38314,1.38322,1.3827,1.38298,0
2026-05-27 14:17,1.38303,1.38319,1.3827,1.38312,0
2026-05-27 14:18,1.38301,1.3831,1.3825,1.38303,0
2026-05-27 14:19,1.38299,1.38308,1.3826,1.383,0
2026-05-27 14:20,1.38293,1.38305,1.3825,1.38299,0
2026-05-27 14:21,1.38293,1.38302,1.3824,1.38296,0
2026-05-27 14:22,1.38315,1.38322,1.3826,1.38293,0
2026-05-27 14:23,1.38316,1.38318,1.3827,1.38314,0
2026-05-27 14:24,1.3832,1.38326,1.3828,1.3831,0
2026-05-27 14:25,1.3833,1.3833,1.3828,1.38325,0
2026-05-27 14:26,1.38325,1.38335,1.3828,1.3833,0
2026-05-27 14:27,1.38355,1.38356,1.3828,1.38322,0
2026-05-27 14:28,1.38372,1.38374,1.3832,1.38351,0
2026-05-27 14:29,1.38342,1.38375,1.3832,1.38373,0
2026-05-27 14:30,1.3834,1.38357,1.38335,1.38346,0
2026-05-27 14:31,1.38315,1.38345,1.3828,1.3834,0
2026-05-27 14:32,1.38318,1.38328,1.3828,1.38311,0
2026-05-27 14:33,1.38305,1.38322,1.3826,1.38318,0
2026-05-27 14:34,1.38297,1.38312,1.3825,1.38306,0
2026-05-27 14:35,1.38305,1.38311,1.3826,1.38296,0
2026-05-27 14:36,1.3829,1.38325,1.3828,1.38304,0
2026-05-27 14:37,1.38322,1.38332,1.3828,1.3832,0
2026-05-27 14:38,1.38323,1.38333,1.3829,1.3829,0
2026-05-27 14:39,1.38321,1.38331,1.3827,1.3829,0
2026-05-27 14:40,1.38323,1.38335,1.3827,1.38327,0
2026-05-27 14:41,1.38319,1.38331,1.3829,1.38324,0
2026-05-27 14:42,1.38332,1.38337,1.3828,1.38321,0
2026-05-27 14:43,1.383,1.38347,1.3829,1.38332,0
2026-05-27 14:44,1.38342,1.38345,1.3828,1.38331,0
2026-05-27 14:45,1.3833,1.38347,1.383,1.38328,0
2026-05-27 14:46,1.383,1.38336,1.3828,1.38335,0
2026-05-27 14:47,1.3826,1.38332,1.3826,1.38327,0
2026-05-27 14:48,1.38313,1.38315,1.3825,1.38296,0
2026-05-27 14:49,1.38336,1.3834,1.3827,1.38312,0
2026-05-27 14:50,1.38309,1.38346,1.3828,1.38332,0
2026-05-27 14:51,1.38305,1.38316,1.3827,1.38304,0
2026-05-27 14:52,1.38302,1.38316,1.3827,1.38305,0
2026-05-27 14:53,1.38297,1.3831,1.3826,1.38305,0
2026-05-27 14:54,1.38293,1.38309,1.3825,1.38295,0
2026-05-27 14:55,1.38285,1.38293,1.3824,1.38289,0
2026-05-27 14:56,1.3829,1.38302,1.3824,1.38285,0
2026-05-27 14:57,1.38286,1.38303,1.3824,1.38289,0
2026-05-27 14:58,1.38271,1.38297,1.3824,1.38286,0
2026-05-27 14:59,1.38264,1.38276,1.3823,1.38275,0
2026-05-27 15:00,1.3824,1.38282,1.3821,1.38262,0
2026-05-27 15:01,1.38279,1.38284,1.3823,1.38275,0
2026-05-27 15:02,1.38299,1.38302,1.3823,1.38277,0
2026-05-27 15:03,1.38314,1.38316,1.3826,1.38298,0
2026-05-27 15:04,1.38316,1.38325,1.3827,1.38312,0
2026-05-27 15:05,1.3828,1.38322,1.3826,1.38316,0
2026-05-27 15:06,1.38303,1.38318,1.3826,1.38304,0
2026-05-27 15:07,1.38327,1.38333,1.3827,1.38307,0
2026-05-27 15:08,1.38327,1.38334,1.3829,1.38327,0
2026-05-27 15:09,1.38316,1.3833,1.3827,1.38323,0
2026-05-27 15:10,1.38315,1.38325,1.3828,1.38317,0
2026-05-27 15:11,1.38317,1.38322,1.3826,1.38315,0
2026-05-27 15:12,1.38283,1.38321,1.3825,1.3832,0
2026-05-27 15:13,1.38286,1.38301,1.3825,1.3826,0
2026-05-27 15:14,1.38276,1.38292,1.3824,1.3829,0
2026-05-27 15:15,1.38286,1.3829,1.3823,1.38277,0
2026-05-27 15:16,1.3826,1.3829,1.3823,1.38287,0
2026-05-27 15:17,1.38263,1.38265,1.3821,1.3826,0
2026-05-27 15:18,1.38252,1.38263,1.3821,1.38263,0
2026-05-27 15:19,1.38243,1.38257,1.382,1.38249,0
2026-05-27 15:20,1.38248,1.38258,1.3819,1.3824,0
2026-05-27 15:21,1.3825,1.38251,1.382,1.38244,0
2026-05-27 15:22,1.3822,1.38256,1.382,1.38244,0
2026-05-27 15:23,1.38271,1.38271,1.3821,1.38253,0
2026-05-27 15:24,1.38292,1.38296,1.3823,1.3827,0
2026-05-27 15:25,1.38264,1.38291,1.3821,1.38287,0
2026-05-27 15:26,1.38261,1.38271,1.3821,1.38268,0
2026-05-27 15:27,1.38284,1.3829,1.3823,1.38257,0
2026-05-27 15:28,1.38282,1.38294,1.3824,1.38284,0
2026-05-27 15:29,1.38267,1.38286,1.3824,1.38282,0
2026-05-27 15:30,1.3826,1.38273,1.3821,1.38269,0
2026-05-27 15:31,1.38256,1.38265,1.3821,1.38256,0
2026-05-27 15:32,1.38265,1.38268,1.3821,1.38256,0
2026-05-27 15:33,1.38285,1.38302,1.3822,1.38264,0
2026-05-27 15:34,1.38285,1.38305,1.3823,1.38286,0
2026-05-27 15:35,1.38278,1.38301,1.3825,1.38289,0
2026-05-27 15:36,1.38277,1.3829,1.3824,1.38278,0
2026-05-27 15:37,1.3826,1.38292,1.3823,1.38282,0
2026-05-27 15:38,1.38289,1.38295,1.3823,1.38289,0
2026-05-27 15:39,1.38285,1.38297,1.3825,1.38289,0
2026-05-27 15:40,1.38268,1.3829,1.3823,1.38284,0
2026-05-27 15:41,1.38271,1.38274,1.3823,1.38268,0
2026-05-27 15:42,1.38261,1.38279,1.3822,1.38266,0
2026-05-27 15:43,1.38243,1.38262,1.3821,1.38255,0
2026-05-27 15:44,1.38235,1.38255,1.382,1.38248,0
2026-05-27 15:45,1.38243,1.38247,1.3819,1.38235,0
2026-05-27 15:46,1.38233,1.38244,1.3819,1.38239,0
2026-05-27 15:47,1.38252,1.38253,1.3819,1.38233,0
2026-05-27 15:48,1.38268,1.38275,1.3821,1.38252,0
2026-05-27 15:49,1.38289,1.38292,1.3823,1.38265,0
2026-05-27 15:50,1.38356,1.38368,1.3824,1.38291,0
2026-05-27 15:51,1.3831,1.38361,1.383,1.3836,0
2026-05-27 15:52,1.3838,1.38387,1.3831,1.38342,0
2026-05-27 15:53,1.3835,1.38388,1.3832,1.38383,0
2026-05-27 15:54,1.3838,1.38413,1.3833,1.38386,0
2026-05-27 15:55,1.38464,1.38472,1.3838,1.38411,0
2026-05-27 15:56,1.38468,1.38476,1.384,1.38464,0
2026-05-27 15:57,1.38499,1.38521,1.3843,1.38474,0
2026-05-27 15:58,1.38492,1.38516,1.3846,1.38504,0
2026-05-27 15:59,1.38489,1.38501,1.3844,1.38491,0
2026-05-27 16:00,1.38499,1.38502,1.3844,1.38495,0
2026-05-27 16:01,1.3848,1.385,1.3844,1.385,0
2026-05-27 16:02,1.38447,1.3849,1.384,1.38489,0
2026-05-27 16:03,1.38417,1.38446,1.3837,1.3844,0
2026-05-27 16:04,1.38417,1.38433,1.3837,1.38416,0
2026-05-27 16:05,1.384,1.38421,1.3835,1.38417,0
2026-05-27 16:06,1.3833,1.38392,1.3832,1.38387,0
2026-05-27 16:07,1.3834,1.38385,1.3832,1.38366,0
2026-05-27 16:08,1.3835,1.38373,1.3831,1.38362,0
2026-05-27 16:09,1.38352,1.38372,1.3832,1.38363,0
2026-05-27 16:10,1.38353,1.38366,1.3832,1.38352,0
2026-05-27 16:11,1.38344,1.38359,1.383,1.38354,0
2026-05-27 16:12,1.38346,1.38349,1.3829,1.3831,0
2026-05-27 16:13,1.38354,1.38367,1.3829,1.38342,0
2026-05-27 16:14,1.38351,1.38358,1.383,1.38357,0
2026-05-27 16:15,1.38325,1.38363,1.3828,1.38353,0
2026-05-27 16:16,1.3829,1.3833,1.3827,1.38323,0
2026-05-27 16:17,1.383,1.38337,1.3828,1.3832,0
2026-05-27 16:18,1.38331,1.38343,1.3829,1.38333,0
2026-05-27 16:19,1.38363,1.38366,1.383,1.38337,0
2026-05-27 16:20,1.38349,1.38366,1.383,1.38359,0
2026-05-27 16:21,1.38358,1.38359,1.383,1.38345,0
2026-05-27 16:22,1.3833,1.38364,1.3831,1.38354,0
2026-05-27 16:23,1.38365,1.38366,1.3831,1.3836,0
2026-05-27 16:24,1.3835,1.3837,1.383,1.38366,0
2026-05-27 16:25,1.38352,1.38359,1.3831,1.38348,0
2026-05-27 16:26,1.38331,1.3836,1.3829,1.3832,0
2026-05-27 16:27,1.38331,1.38337,1.3828,1.3831,0
2026-05-27 16:28,1.3833,1.38337,1.3828,1.3831,0
2026-05-27 16:29,1.38335,1.38336,1.3828,1.38329,0
2026-05-27 16:30,1.38334,1.3835,1.383,1.38331,0
2026-05-27 16:31,1.38336,1.3834,1.3829,1.38338,0
2026-05-27 16:32,1.38339,1.38343,1.3829,1.38336,0
2026-05-27 16:33,1.38333,1.38344,1.3829,1.38336,0
2026-05-27 16:34,1.38317,1.38343,1.3827,1.383,0
2026-05-27 16:35,1.38329,1.38333,1.3829,1.38321,0
2026-05-27 16:36,1.38323,1.38342,1.3829,1.38324,0
2026-05-27 16:37,1.38322,1.38337,1.3829,1.38327,0
2026-05-27 16:38,1.38325,1.3833,1.3827,1.38322,0
2026-05-27 16:39,1.38316,1.38332,1.3827,1.38324,0
2026-05-27 16:40,1.38308,1.38318,1.3827,1.38316,0
2026-05-27 16:41,1.38306,1.38324,1.3827,1.38307,0
2026-05-27 16:42,1.38299,1.38316,1.3827,1.38307,0
2026-05-27 16:43,1.383,1.3831,1.3825,1.38299,0
2026-05-27 16:44,1.38311,1.38316,1.3825,1.383,0
2026-05-27 16:45,1.38308,1.38322,1.3826,1.38308,0
2026-05-27 16:46,1.38323,1.38329,1.3828,1.3831,0
2026-05-27 16:47,1.38342,1.38348,1.3828,1.3829,0
2026-05-27 16:48,1.38334,1.38348,1.383,1.3831,0
2026-05-27 16:49,1.3835,1.38352,1.3829,1.38336,0
2026-05-27 16:50,1.38332,1.38355,1.383,1.3832,0
2026-05-27 16:51,1.38333,1.38346,1.3829,1.38332,0
2026-05-27 16:52,1.38348,1.38352,1.383,1.38333,0
2026-05-27 16:53,1.38356,1.38357,1.383,1.38347,0
2026-05-27 16:54,1.38349,1.38363,1.383,1.38355,0
2026-05-27 16:55,1.3833,1.38355,1.3828,1.38349,0
2026-05-27 16:56,1.38308,1.38331,1.3826,1.3833,0
2026-05-27 16:57,1.38302,1.38312,1.3826,1.38307,0
2026-05-27 16:58,1.3827,1.38307,1.3825,1.38297,0
2026-05-27 16:59,1.38301,1.38308,1.3825,1.38307,0
2026-05-27 17:00,1.38308,1.38313,1.3825,1.38299,0
2026-05-27 17:01,1.38323,1.38328,1.3827,1.38309,0
2026-05-27 17:02,1.38314,1.38327,1.3828,1.38323,0
2026-05-27 17:03,1.38339,1.38347,1.3828,1.38318,0
2026-05-27 17:04,1.38342,1.38352,1.383,1.38344,0
2026-05-27 17:05,1.38336,1.38346,1.383,1.38342,0
2026-05-27 17:06,1.3828,1.38335,1.3828,1.38331,0
2026-05-27 17:07,1.38326,1.38327,1.3828,1.38314,0
2026-05-27 17:08,1.38324,1.38336,1.3829,1.38322,0
2026-05-27 17:09,1.3829,1.38335,1.3829,1.38323,0
2026-05-27 17:10,1.38312,1.38327,1.3828,1.38326,0
2026-05-27 17:11,1.3831,1.38317,1.3827,1.38315,0
2026-05-27 17:12,1.38311,1.38324,1.3827,1.38306,0
2026-05-27 17:13,1.3831,1.38317,1.3827,1.38307,0
2026-05-27 17:14,1.38293,1.3831,1.3826,1.38306,0
2026-05-27 17:15,1.38274,1.38298,1.3824,1.38297,0
2026-05-27 17:16,1.38278,1.3828,1.3824,1.38279,0
2026-05-27 17:17,1.38271,1.38286,1.3824,1.38278,0
2026-05-27 17:18,1.38248,1.38274,1.3822,1.38273,0
2026-05-27 17:19,1.38255,1.38262,1.3822,1.38247,0
2026-05-27 17:20,1.38244,1.3826,1.382,1.38255,0
2026-05-27 17:21,1.38236,1.38249,1.3819,1.38245,0
2026-05-27 17:22,1.3822,1.38247,1.382,1.38237,0
2026-05-27 17:23,1.38251,1.38262,1.3821,1.38235,0
2026-05-27 17:24,1.38271,1.38276,1.3822,1.38254,0
2026-05-27 17:25,1.3822,1.38276,1.3822,1.38272,0
2026-05-27 17:26,1.3822,1.38258,1.3822,1.38254,0
2026-05-27 17:27,1.3825,1.3826,1.3822,1.38252,0
2026-05-27 17:28,1.38261,1.38269,1.3822,1.38252,0
2026-05-27 17:29,1.38271,1.38275,1.3822,1.3823,0
2026-05-27 17:30,1.38278,1.38285,1.3823,1.3827,0
2026-05-27 17:31,1.38286,1.38292,1.3825,1.38278,0
2026-05-27 17:32,1.38283,1.38292,1.3823,1.38283,0
2026-05-27 17:33,1.38292,1.38295,1.3823,1.38286,0
2026-05-27 17:34,1.3826,1.38301,1.3826,1.38294,0
2026-05-27 17:35,1.38305,1.38307,1.3826,1.38293,0
2026-05-27 17:36,1.38294,1.38307,1.3826,1.38306,0
2026-05-27 17:37,1.3829,1.383,1.3824,1.38299,0
2026-05-27 17:38,1.38294,1.38303,1.3826,1.38289,0
2026-05-27 17:39,1.38291,1.38298,1.3824,1.38294,0
2026-05-27 17:40,1.38283,1.38293,1.3824,1.3829,0
2026-05-27 17:41,1.3826,1.38288,1.3823,1.38282,0
2026-05-27 17:42,1.38292,1.38298,1.3824,1.38284,0
2026-05-27 17:43,1.38288,1.38296,1.3824,1.38296,0
2026-05-27 17:44,1.3829,1.38303,1.3824,1.38287,0
2026-05-27 17:45,1.3829,1.38294,1.3824,1.38288,0
2026-05-27 17:46,1.38284,1.38296,1.3823,1.3829,0
2026-05-27 17:47,1.38278,1.38286,1.3823,1.3828,0
2026-05-27 17:48,1.38279,1.38288,1.3823,1.38279,0
2026-05-27 17:49,1.38277,1.38284,1.3823,1.38279,0
2026-05-27 17:50,1.38288,1.3829,1.3823,1.38277,0
2026-05-27 17:51,1.38272,1.38288,1.3823,1.38284,0
2026-05-27 17:52,1.3824,1.38273,1.3823,1.38271,0
2026-05-27 17:53,1.38272,1.38276,1.3822,1.3824,0
2026-05-27 17:54,1.38276,1.38283,1.3823,1.38268,0
2026-05-27 17:55,1.38278,1.3829,1.3825,1.38279,0
2026-05-27 17:56,1.38264,1.38284,1.3823,1.3826,0
2026-05-27 17:57,1.38259,1.38268,1.3821,1.38267,0
2026-05-27 17:58,1.3823,1.38264,1.3821,1.38259,0
2026-05-27 17:59,1.3823,1.38265,1.3821,1.38254,0
2026-05-27 18:00,1.3824,1.3827,1.3823,1.38257,0
2026-05-27 18:01,1.38286,1.38288,1.3822,1.38266,0
2026-05-27 18:02,1.38287,1.38296,1.3825,1.38285,0
2026-05-27 18:03,1.3827,1.383,1.3825,1.38288,0
2026-05-27 18:04,1.3826,1.38299,1.3826,1.38291,0
2026-05-27 18:05,1.3826,1.38298,1.3824,1.38293,0
2026-05-27 18:06,1.3827,1.38292,1.3823,1.38278,0
2026-05-27 18:07,1.38307,1.38313,1.3826,1.38287,0
2026-05-27 18:08,1.38342,1.38345,1.3828,1.38311,0
2026-05-27 18:09,1.3833,1.38345,1.3829,1.38343,0
2026-05-27 18:10,1.38318,1.38336,1.3827,1.38332,0
2026-05-27 18:11,1.3832,1.38326,1.3827,1.38316,0
2026-05-27 18:12,1.38319,1.38329,1.3827,1.38321,0
2026-05-27 18:13,1.38322,1.38326,1.3827,1.38319,0
2026-05-27 18:14,1.38326,1.38333,1.3829,1.3832,0
2026-05-27 18:15,1.38315,1.38336,1.3828,1.38326,0
2026-05-27 18:16,1.38311,1.3832,1.3826,1.38316,0
2026-05-27 18:17,1.38309,1.38315,1.3826,1.38307,0
2026-05-27 18:18,1.38307,1.38319,1.3826,1.3831,0
2026-05-27 18:19,1.38304,1.38312,1.3826,1.38307,0
2026-05-27 18:20,1.38305,1.38308,1.3825,1.38301,0
2026-05-27 18:21,1.38306,1.3831,1.3827,1.38304,0
2026-05-27 18:22,1.38307,1.38312,1.3825,1.38309,0
2026-05-27 18:23,1.38297,1.38309,1.3825,1.38306,0
2026-05-27 18:24,1.3829,1.3831,1.3826,1.38297,0
2026-05-27 18:25,1.38302,1.38309,1.3824,1.38292,0
2026-05-27 18:26,1.38307,1.38314,1.3827,1.38302,0
2026-05-27 18:27,1.38314,1.3832,1.3827,1.38303,0
2026-05-27 18:28,1.3828,1.38318,1.3828,1.38314,0
2026-05-27 18:29,1.38316,1.38317,1.3828,1.38312,0
2026-05-27 18:30,1.3828,1.38318,1.3828,1.38313,0
2026-05-27 18:31,1.38315,1.38325,1.3827,1.38312,0
2026-05-27 18:32,1.3827,1.38319,1.3827,1.38314,0
2026-05-27 18:33,1.38295,1.38308,1.3826,1.38304,0
2026-05-27 18:34,1.38285,1.38301,1.3826,1.383,0
2026-05-27 18:35,1.38291,1.38295,1.3825,1.38286,0
2026-05-27 18:36,1.3827,1.38306,1.3825,1.3829,0
2026-05-27 18:37,1.38292,1.38297,1.3825,1.3826,0
2026-05-27 18:38,1.38292,1.38296,1.3824,1.38291,0
2026-05-27 18:39,1.38292,1.383,1.3824,1.38295,0
2026-05-27 18:40,1.38298,1.38303,1.3825,1.38296,0
2026-05-27 18:41,1.38285,1.38302,1.3825,1.38299,0
2026-05-27 18:42,1.38282,1.3829,1.3823,1.38282,0
2026-05-27 18:43,1.38286,1.3829,1.3823,1.38281,0
2026-05-27 18:44,1.3826,1.38296,1.3825,1.38281,0
2026-05-27 18:45,1.38294,1.38297,1.3826,1.3829,0
2026-05-27 18:46,1.38307,1.3831,1.3826,1.38289,0
2026-05-27 18:47,1.38314,1.38318,1.3827,1.38301,0
2026-05-27 18:48,1.38318,1.3832,1.3828,1.38313,0
2026-05-27 18:49,1.38315,1.3832,1.3828,1.38314,0
2026-05-27 18:50,1.38293,1.38317,1.3827,1.38314,0
2026-05-27 18:51,1.38288,1.383,1.3825,1.38294,0
2026-05-27 18:52,1.38294,1.383,1.3825,1.3826,0
2026-05-27 18:53,1.38297,1.38302,1.3826,1.38292,0
2026-05-27 18:54,1.3828,1.38307,1.3826,1.38296,0
2026-05-27 18:55,1.38302,1.3831,1.3825,1.38302,0
2026-05-27 18:56,1.38296,1.38306,1.3826,1.38306,0
2026-05-27 18:57,1.38292,1.38306,1.3826,1.38297,0
2026-05-27 18:58,1.38287,1.38297,1.3824,1.3829,0
2026-05-27 18:59,1.383,1.38305,1.3825,1.38291,0
2026-05-27 19:00,1.3831,1.38313,1.3825,1.38303,0
2026-05-27 19:01,1.3828,1.3831,1.3827,1.38305,0
2026-05-27 19:02,1.38326,1.38326,1.3827,1.38307,0
2026-05-27 19:03,1.3829,1.3833,1.3828,1.38326,0
2026-05-27 19:04,1.38329,1.38333,1.3829,1.38322,0
2026-05-27 19:05,1.38328,1.38335,1.3829,1.38328,0
2026-05-27 19:06,1.38329,1.38336,1.3828,1.38331,0
2026-05-27 19:07,1.38331,1.38336,1.3828,1.38332,0
2026-05-27 19:08,1.38342,1.38347,1.383,1.38331,0
2026-05-27 19:09,1.38344,1.38347,1.3831,1.3831,0
2026-05-27 19:10,1.3832,1.38347,1.3831,1.3834,0
2026-05-27 19:11,1.38356,1.38356,1.3831,1.3834,0
2026-05-27 19:12,1.3832,1.38362,1.3831,1.38353,0
2026-05-27 19:13,1.38347,1.38352,1.3831,1.38347,0
2026-05-27 19:14,1.3831,1.38352,1.3831,1.3831,0
2026-05-27 19:15,1.38347,1.38361,1.383,1.38343,0
2026-05-27 19:16,1.3833,1.38354,1.383,1.38342,0
2026-05-27 19:17,1.38346,1.38353,1.3831,1.38348,0
2026-05-27 19:18,1.38355,1.38355,1.383,1.38346,0
2026-05-27 19:19,1.38345,1.38355,1.383,1.38352,0
2026-05-27 19:20,1.3832,1.3835,1.3831,1.3832,0
2026-05-27 19:21,1.38358,1.38359,1.383,1.38346,0
2026-05-27 19:22,1.38356,1.3836,1.3832,1.38354,0
2026-05-27 19:23,1.38362,1.38362,1.3832,1.38357,0
2026-05-27 19:24,1.38359,1.38366,1.3831,1.3833,0
2026-05-27 19:25,1.38346,1.38363,1.3831,1.38362,0
2026-05-27 19:26,1.38341,1.38347,1.383,1.38346,0
2026-05-27 19:27,1.38343,1.38351,1.3831,1.38342,0
2026-05-27 19:28,1.38346,1.38353,1.383,1.38346,0
2026-05-27 19:29,1.38346,1.38351,1.3831,1.38346,0
2026-05-27 19:30,1.38342,1.38355,1.3831,1.38345,0
2026-05-27 19:31,1.38347,1.38353,1.3831,1.38341,0
2026-05-27 19:32,1.3832,1.38355,1.383,1.38351,0
2026-05-27 19:33,1.38352,1.38356,1.383,1.3835,0
2026-05-27 19:34,1.38349,1.38357,1.3832,1.3835,0
2026-05-27 19:35,1.3831,1.38353,1.3831,1.38347,0
2026-05-27 19:36,1.383,1.38346,1.3829,1.3834,0
2026-05-27 19:37,1.38346,1.38347,1.3829,1.38334,0
2026-05-27 19:38,1.3832,1.38355,1.3831,1.38342,0
2026-05-27 19:39,1.38343,1.38356,1.3831,1.38352,0
2026-05-27 19:40,1.38351,1.38354,1.3831,1.38342,0
2026-05-27 19:41,1.3832,1.38355,1.383,1.38349,0
2026-05-27 19:42,1.38352,1.38357,1.3831,1.38346,0
2026-05-27 19:43,1.3831,1.38353,1.3831,1.38346,0
2026-05-27 19:44,1.38347,1.38355,1.383,1.38343,0
2026-05-27 19:45,1.3832,1.38355,1.3832,1.38349,0
2026-05-27 19:46,1.38351,1.38356,1.383,1.38351,0
2026-05-27 19:47,1.3836,1.3836,1.383,1.3832,0
2026-05-27 19:48,1.38354,1.38361,1.3832,1.38354,0
2026-05-27 19:49,1.38355,1.3836,1.383,1.38355,0
2026-05-27 19:50,1.38353,1.3836,1.3832,1.38352,0
2026-05-27 19:51,1.38347,1.38359,1.3831,1.38353,0
2026-05-27 19:52,1.38351,1.3836,1.383,1.38346,0
2026-05-27 19:53,1.38348,1.38356,1.3831,1.3835,0
2026-05-27 19:54,1.38341,1.38347,1.3831,1.38344,0
2026-05-27 19:55,1.38336,1.38348,1.383,1.38336,0
2026-05-27 19:56,1.38324,1.3834,1.3828,1.383,0
2026-05-27 19:57,1.38338,1.38338,1.3829,1.38323,0
2026-05-27 19:58,1.38333,1.38343,1.3828,1.38339,0
2026-05-27 19:59,1.38347,1.3835,1.383,1.3834,0
2026-05-27 20:00,1.38344,1.38354,1.3829,1.38347,0
2026-05-27 20:01,1.38345,1.38352,1.383,1.38345,0
2026-05-27 20:02,1.38332,1.38347,1.3829,1.38341,0
2026-05-27 20:03,1.38335,1.38345,1.3829,1.3831,0
2026-05-27 20:04,1.3833,1.3834,1.3828,1.38334,0
2026-05-27 20:05,1.3829,1.38334,1.3828,1.3833,0
2026-05-27 20:06,1.38296,1.38324,1.3827,1.38321,0
2026-05-27 20:07,1.38292,1.38308,1.3825,1.38296,0
2026-05-27 20:08,1.38291,1.38298,1.3825,1.38292,0
2026-05-27 20:09,1.38292,1.38297,1.3824,1.38286,0
2026-05-27 20:10,1.38299,1.38303,1.3825,1.38293,0
2026-05-27 20:11,1.3826,1.38302,1.3826,1.38294,0
2026-05-27 20:12,1.38302,1.38311,1.3825,1.38294,0
2026-05-27 20:13,1.38295,1.38307,1.3826,1.38306,0
2026-05-27 20:14,1.38299,1.383,1.3826,1.3826,0
2026-05-27 20:15,1.38302,1.38306,1.3825,1.38298,0
2026-05-27 20:16,1.38306,1.38316,1.3826,1.3827,0
2026-05-27 20:17,1.38301,1.38311,1.3825,1.38306,0
2026-05-27 20:18,1.3828,1.38315,1.3827,1.38301,0
2026-05-27 20:19,1.38316,1.38325,1.3827,1.38312,0
2026-05-27 20:20,1.38316,1.38321,1.3827,1.38315,0
2026-05-27 20:21,1.38313,1.38321,1.3827,1.38316,0
2026-05-27 20:22,1.38313,1.38317,1.3828,1.38311,0
2026-05-27 20:23,1.38303,1.38318,1.3827,1.38316,0
2026-05-27 20:24,1.38306,1.3831,1.3827,1.38301,0
2026-05-27 20:25,1.3828,1.38313,1.3826,1.38306,0
2026-05-27 20:26,1.38292,1.38311,1.3826,1.38306,0
2026-05-27 20:27,1.38293,1.38303,1.3826,1.38292,0
2026-05-27 20:28,1.38298,1.38305,1.3825,1.38293,0
2026-05-27 20:29,1.38304,1.3831,1.3825,1.38297,0
2026-05-27 20:30,1.38315,1.38316,1.3827,1.38303,0
2026-05-27 20:31,1.3828,1.38318,1.3828,1.3828,0
2026-05-27 20:32,1.38313,1.3832,1.3828,1.38312,0
2026-05-27 20:33,1.3828,1.3832,1.3826,1.38316,0
2026-05-27 20:34,1.3828,1.38317,1.3826,1.3831,0
2026-05-27 20:35,1.38312,1.38316,1.3826,1.38312,0
2026-05-27 20:36,1.38311,1.38317,1.3826,1.38311,0
2026-05-27 20:37,1.38313,1.38321,1.3826,1.38311,0
2026-05-27 20:38,1.3828,1.38325,1.3827,1.38312,0
2026-05-27 20:39,1.3829,1.38317,1.3826,1.38313,0
2026-05-27 20:40,1.38322,1.38323,1.3828,1.38313,0
2026-05-27 20:41,1.38322,1.38326,1.3828,1.38323,0
2026-05-27 20:42,1.38323,1.3833,1.3827,1.38322,0
2026-05-27 20:43,1.38325,1.3833,1.3827,1.3829,0
2026-05-27 20:44,1.38332,1.38336,1.3828,1.38328,0
2026-05-27 20:45,1.38335,1.38339,1.3828,1.38331,0
2026-05-27 20:46,1.38335,1.38345,1.383,1.38334,0
2026-05-27 20:47,1.38337,1.3834,1.3829,1.38334,0
2026-05-27 20:48,1.383,1.3834,1.383,1.38333,0
2026-05-27 20:49,1.383,1.3834,1.3829,1.38331,0
2026-05-27 20:50,1.38336,1.38341,1.383,1.38336,0
2026-05-27 20:51,1.38345,1.38351,1.3829,1.38337,0
2026-05-27 20:52,1.3834,1.38349,1.3829,1.38345,0
2026-05-27 20:53,1.38346,1.38347,1.3829,1.38338,0
2026-05-27 20:54,1.38339,1.38348,1.3829,1.38344,0
2026-05-27 20:55,1.38331,1.38343,1.3829,1.38338,0
2026-05-27 20:56,1.3832,1.38336,1.3827,1.38331,0
2026-05-27 20:57,1.3829,1.3833,1.3826,1.3832,0
2026-05-27 20:58,1.38317,1.38331,1.3827,1.38326,0
2026-05-27 20:59,1.3828,1.38325,1.3827,1.38317,0
2026-05-27 21:00,1.38312,1.38322,1.3828,1.38316,0
2026-05-27 21:01,1.38315,1.3832,1.3828,1.38312,0
2026-05-27 21:02,1.38305,1.38319,1.3826,1.38315,0
2026-05-27 21:03,1.38298,1.3831,1.3825,1.38305,0
2026-05-27 21:04,1.38287,1.38302,1.3825,1.38302,0
2026-05-27 21:05,1.38309,1.3831,1.3825,1.38291,0
2026-05-27 21:06,1.38301,1.38314,1.3827,1.38307,0
2026-05-27 21:07,1.38319,1.38325,1.3827,1.38301,0
2026-05-27 21:08,1.38327,1.38327,1.3829,1.38321,0
2026-05-27 21:09,1.38329,1.38332,1.3828,1.38324,0
2026-05-27 21:10,1.38331,1.38332,1.3828,1.38329,0
2026-05-27 21:11,1.38335,1.3834,1.3828,1.38328,0
2026-05-27 21:12,1.38335,1.3834,1.383,1.3831,0
2026-05-27 21:13,1.383,1.3834,1.3828,1.38334,0
2026-05-27 21:14,1.38326,1.38332,1.3829,1.3833,0
2026-05-27 21:15,1.38326,1.3833,1.3828,1.38323,0
2026-05-27 21:16,1.38318,1.3833,1.3827,1.38327,0
2026-05-27 21:17,1.38314,1.38322,1.3827,1.38319,0
2026-05-27 21:18,1.38312,1.3832,1.3826,1.3829,0
2026-05-27 21:19,1.3832,1.38321,1.3827,1.38313,0
2026-05-27 21:20,1.3831,1.3833,1.3827,1.3829,0
2026-05-27 21:21,1.383,1.38333,1.3828,1.38323,0
2026-05-27 21:22,1.383,1.38336,1.3828,1.38331,0
2026-05-27 21:23,1.3828,1.38331,1.3828,1.38327,0
2026-05-27 21:24,1.38317,1.3832,1.3828,1.38311,0
2026-05-27 21:25,1.38316,1.38321,1.3828,1.38316,0
2026-05-27 21:26,1.383,1.3832,1.3828,1.38316,0
2026-05-27 21:27,1.38317,1.38322,1.3827,1.3828,0
2026-05-27 21:28,1.3831,1.3835,1.3829,1.38318,0
2026-05-27 21:29,1.38342,1.3835,1.3831,1.38343,0
2026-05-27 21:30,1.38333,1.38342,1.383,1.38342,0
2026-05-27 21:31,1.3832,1.3835,1.383,1.38334,0
2026-05-27 21:32,1.38347,1.38351,1.3831,1.38343,0
2026-05-27 21:33,1.38347,1.38352,1.3831,1.38346,0
2026-05-27 21:34,1.38353,1.3836,1.3831,1.38347,0
2026-05-27 21:35,1.38366,1.3837,1.3832,1.38352,0
2026-05-27 21:36,1.38373,1.38377,1.3833,1.38367,0
2026-05-27 21:37,1.38389,1.38399,1.3832,1.38374,0
2026-05-27 21:38,1.3839,1.38396,1.3834,1.3839,0
2026-05-27 21:39,1.38386,1.38395,1.3834,1.38389,0
2026-05-27 21:40,1.3836,1.38398,1.3834,1.38386,0
2026-05-27 21:41,1.3837,1.384,1.3837,1.38393,0
2026-05-27 21:42,1.38404,1.38405,1.3835,1.38393,0
2026-05-27 21:43,1.38407,1.3841,1.3837,1.3837,0
2026-05-27 21:44,1.3837,1.38408,1.3835,1.38403,0
2026-05-27 21:45,1.38394,1.38406,1.3834,1.38396,0
2026-05-27 21:46,1.3837,1.384,1.3834,1.38393,0
2026-05-27 21:47,1.3836,1.38396,1.3833,1.38393,0
2026-05-27 21:48,1.38387,1.38398,1.3833,1.38388,0
2026-05-27 21:49,1.38388,1.384,1.3834,1.38387,0
2026-05-27 21:50,1.3837,1.384,1.3834,1.38388,0
2026-05-27 21:51,1.3834,1.38394,1.3834,1.38392,0
2026-05-27 21:52,1.3837,1.38398,1.3834,1.38388,0
2026-05-27 21:53,1.38388,1.38398,1.3834,1.38392,0
2026-05-27 21:54,1.38396,1.38397,1.3834,1.3834,0
2026-05-27 21:55,1.38393,1.384,1.3834,1.3837,0
2026-05-27 21:56,1.38392,1.384,1.3834,1.3834,0
2026-05-27 21:57,1.38388,1.384,1.3834,1.3839,0
2026-05-27 21:58,1.38396,1.38407,1.3834,1.3834,0
2026-05-27 21:59,1.38377,1.38407,1.3835,1.38396,0
2026-05-27 22:00,1.38336,1.38391,1.38329,1.38391,0
2026-05-27 22:01,1.38362,1.38363,1.3833,1.3833,0
2026-05-27 22:02,1.3835,1.38362,1.3833,1.3833,0
2026-05-27 22:04,1.3835,1.38362,1.3835,1.38362,0
2026-05-27 22:05,1.3835,1.38363,1.3834,1.38363,0
2026-05-27 22:06,1.38345,1.38361,1.38345,1.3836,0
2026-05-27 22:07,1.3832,1.38363,1.3832,1.3835,0
2026-05-27 22:08,1.3832,1.38349,1.3832,1.38346,0
2026-05-27 22:09,1.3832,1.38365,1.3832,1.38351,0
2026-05-27 22:10,1.3835,1.38364,1.3832,1.38364,0
2026-05-27 22:11,1.3836,1.38388,1.3833,1.3835,0
2026-05-27 22:12,1.3836,1.3839,1.3836,1.3837,0
2026-05-27 22:13,1.3838,1.38384,1.3836,1.38364,0
2026-05-27 22:14,1.38381,1.3839,1.3836,1.38384,0
2026-05-27 22:15,1.3835,1.38396,1.3835,1.3836,0
2026-05-27 22:16,1.3838,1.38396,1.3835,1.3838,0
2026-05-27 22:17,1.3838,1.38395,1.38352,1.38381,0
2026-05-27 22:18,1.38357,1.38382,1.3835,1.3837,0
2026-05-27 22:19,1.38388,1.38398,1.38357,1.3838,0
2026-05-27 22:20,1.3837,1.38401,1.38357,1.38384,0
2026-05-27 22:21,1.3835,1.38398,1.3835,1.3836,0
2026-05-27 22:22,1.38365,1.38398,1.3835,1.3837,0
2026-05-27 22:23,1.38357,1.38381,1.38353,1.3837,0
2026-05-27 22:24,1.3832,1.3838,1.3832,1.38353,0
2026-05-27 22:25,1.38363,1.38373,1.3832,1.38365,0
2026-05-27 22:26,1.3836,1.38385,1.3832,1.38337,0
2026-05-27 22:27,1.38363,1.38376,1.3834,1.38362,0
2026-05-27 22:28,1.3837,1.3837,1.3836,1.3836,0
2026-05-27 22:29,1.38361,1.3837,1.38356,1.38362,0
2026-05-27 22:30,1.38387,1.38387,1.3835,1.38364,0
2026-05-27 22:31,1.38387,1.38388,1.3835,1.38387,0
2026-05-27 22:32,1.3838,1.3839,1.3836,1.3837,0
2026-05-27 22:33,1.3836,1.3839,1.38337,1.38355,0
2026-05-27 22:34,1.38367,1.38386,1.38336,1.38337,0
2026-05-27 22:35,1.3837,1.38395,1.38336,1.38336,0
2026-05-27 22:36,1.38392,1.38393,1.38336,1.38336,0
2026-05-27 22:37,1.38395,1.38395,1.3836,1.38394,0
2026-05-27 22:38,1.3837,1.38395,1.38336,1.38336,0
2026-05-27 22:39,1.3836,1.38391,1.38331,1.3836,0
2026-05-27 22:40,1.38369,1.38395,1.38336,1.38391,0
2026-05-27 22:41,1.38385,1.38395,1.38336,1.38394,0
2026-05-27 22:42,1.38336,1.38395,1.38335,1.38393,0
2026-05-27 22:43,1.3837,1.38395,1.38336,1.3838,0
2026-05-27 22:44,1.3836,1.38395,1.38336,1.38337,0
2026-05-27 22:45,1.38336,1.38397,1.38336,1.3836,0
2026-05-27 22:46,1.38362,1.38401,1.38335,1.38336,0
2026-05-27 22:47,1.3836,1.384,1.38357,1.38362,0
2026-05-27 22:48,1.38392,1.38401,1.38357,1.38376,0
2026-05-27 22:49,1.38388,1.38401,1.38353,1.38353,0
2026-05-27 22:50,1.38357,1.38401,1.38353,1.38353,0
2026-05-27 22:51,1.38401,1.38402,1.38353,1.3838,0
2026-05-27 22:52,1.38401,1.38403,1.38353,1.38353,0
2026-05-27 22:53,1.38362,1.38403,1.38353,1.384,0
2026-05-27 22:54,1.38403,1.38406,1.38357,1.38378,0
2026-05-27 22:55,1.3838,1.38404,1.38353,1.38353,0
2026-05-27 22:56,1.3839,1.38404,1.3835,1.3838,0
2026-05-27 22:57,1.38357,1.38404,1.38353,1.38404,0
2026-05-27 22:58,1.38373,1.384,1.38357,1.38387,0
2026-05-27 22:59,1.38388,1.38403,1.38355,1.38378,0
2026-05-27 23:00,1.38382,1.38409,1.38349,1.38393,0
2026-05-27 23:01,1.38385,1.38401,1.3835,1.38385,0
2026-05-27 23:02,1.38401,1.38402,1.3834,1.38384,0
2026-05-27 23:03,1.3837,1.384,1.3835,1.38383,0
2026-05-27 23:04,1.38396,1.384,1.3837,1.3838,0
2026-05-27 23:05,1.38367,1.38396,1.3834,1.38396,0
2026-05-27 23:06,1.38372,1.38387,1.3833,1.38383,0
2026-05-27 23:07,1.38371,1.38389,1.3833,1.38373,0
2026-05-27 23:08,1.38366,1.38381,1.3833,1.3836,0
2026-05-27 23:09,1.38366,1.3838,1.3833,1.38367,0
2026-05-27 23:10,1.38357,1.38383,1.3832,1.38379,0
2026-05-27 23:11,1.3837,1.3837,1.3832,1.38369,0
2026-05-27 23:12,1.38357,1.38371,1.3833,1.3835,0
2026-05-27 23:13,1.38358,1.3837,1.3832,1.38357,0
2026-05-27 23:14,1.38365,1.3837,1.3832,1.38358,0
2026-05-27 23:15,1.3835,1.3837,1.3832,1.38365,0
2026-05-27 23:16,1.38361,1.3837,1.3834,1.38356,0
2026-05-27 23:17,1.3837,1.3837,1.3832,1.38358,0
2026-05-27 23:18,1.38358,1.3837,1.3832,1.38363,0
2026-05-27 23:19,1.38363,1.3837,1.3832,1.38358,0
2026-05-27 23:20,1.38357,1.3837,1.3832,1.38365,0
2026-05-27 23:21,1.38357,1.3837,1.3832,1.38357,0
2026-05-27 23:22,1.38363,1.3837,1.3832,1.38362,0
2026-05-27 23:23,1.38365,1.3837,1.3832,1.38357,0
2026-05-27 23:24,1.38357,1.3837,1.3832,1.38369,0
2026-05-27 23:25,1.38357,1.3837,1.3834,1.3834,0
2026-05-27 23:26,1.3833,1.38372,1.3832,1.38368,0
2026-05-27 23:27,1.38362,1.38371,1.3832,1.38368,0
2026-05-27 23:28,1.38374,1.3838,1.3833,1.38362,0
2026-05-27 23:29,1.38375,1.38381,1.3833,1.38375,0
2026-05-27 23:30,1.38375,1.3839,1.3833,1.38374,0
2026-05-27 23:31,1.3834,1.3839,1.3834,1.38388,0
2026-05-27 23:32,1.38377,1.3839,1.3834,1.38375,0
2026-05-27 23:33,1.3836,1.3839,1.3834,1.38381,0
2026-05-27 23:34,1.3836,1.3839,1.3834,1.38377,0
2026-05-27 23:35,1.3834,1.3839,1.3834,1.38385,0
2026-05-27 23:36,1.38383,1.38388,1.3834,1.3836,0
2026-05-27 23:37,1.38373,1.3839,1.3834,1.38377,0
2026-05-27 23:38,1.38375,1.38387,1.3833,1.38383,0
2026-05-27 23:39,1.38367,1.38382,1.3833,1.38378,0
2026-05-27 23:40,1.38374,1.3838,1.3833,1.38367,0
2026-05-27 23:41,1.38381,1.38381,1.3834,1.38374,0
2026-05-27 23:42,1.38382,1.38382,1.3833,1.38377,0
2026-05-27 23:43,1.38379,1.38382,1.3834,1.38372,0
2026-05-27 23:44,1.38379,1.38388,1.3834,1.3834,0
2026-05-27 23:45,1.38372,1.38383,1.3834,1.38377,0
2026-05-27 23:46,1.3834,1.38393,1.3834,1.3838,0
2026-05-27 23:47,1.38383,1.38392,1.3834,1.3838,0
2026-05-27 23:48,1.38382,1.38392,1.3834,1.3839,0
2026-05-27 23:49,1.3839,1.38391,1.3834,1.38391,0
2026-05-27 23:50,1.38383,1.38391,1.3834,1.38388,0
2026-05-27 23:51,1.38388,1.38395,1.3833,1.38385,0
2026-05-27 23:52,1.38381,1.38392,1.3834,1.3839,0
2026-05-27 23:53,1.38383,1.3839,1.3834,1.38381,0
2026-05-27 23:54,1.38381,1.3839,1.3834,1.38381,0
2026-05-27 23:55,1.3836,1.3839,1.3834,1.38383,0
2026-05-27 23:56,1.3837,1.3839,1.3834,1.38382,0
2026-05-27 23:57,1.3837,1.3839,1.3834,1.38382,0
2026-05-27 23:58,1.38385,1.3839,1.3834,1.3837,0
2026-05-28 00:00,1.3834,1.38392,1.3834,1.3838,0
2026-05-28 00:01,1.38384,1.3839,1.3834,1.38384,0
2026-05-28 00:02,1.3834,1.3839,1.3834,1.38385,0
2026-05-28 00:03,1.3839,1.3839,1.3834,1.38379,0
2026-05-28 00:04,1.38384,1.3839,1.3834,1.38389,0
2026-05-28 00:05,1.3838,1.3839,1.3834,1.3838,0
2026-05-28 00:06,1.3836,1.3839,1.3835,1.38382,0
2026-05-28 00:07,1.38382,1.38389,1.3835,1.3838,0
2026-05-28 00:08,1.38381,1.3839,1.3835,1.3838,0
2026-05-28 00:09,1.3836,1.38388,1.3835,1.38382,0
2026-05-28 00:10,1.38381,1.38388,1.3835,1.3835,0
2026-05-28 00:11,1.38374,1.38388,1.3833,1.3838,0
2026-05-28 00:12,1.3836,1.3838,1.3833,1.38373,0
2026-05-28 00:13,1.38376,1.38383,1.3835,1.3836,0
2026-05-28 00:14,1.3836,1.38385,1.3835,1.38376,0
2026-05-28 00:15,1.38377,1.38387,1.3834,1.38379,0
2026-05-28 00:16,1.38381,1.38388,1.3833,1.3835,0
2026-05-28 00:17,1.38381,1.38381,1.3833,1.38375,0
2026-05-28 00:18,1.3834,1.38381,1.3833,1.38376,0
2026-05-28 00:19,1.38375,1.38381,1.3833,1.38376,0
2026-05-28 00:20,1.3835,1.38384,1.3833,1.3838,0
2026-05-28 00:21,1.3838,1.38412,1.3835,1.38382,0
2026-05-28 00:22,1.3838,1.3842,1.3836,1.38407,0
2026-05-28 00:23,1.3839,1.38425,1.3837,1.38414,0
2026-05-28 00:24,1.38413,1.38426,1.3836,1.38421,0
2026-05-28 00:25,1.3839,1.38421,1.3838,1.38407,0
2026-05-28 00:26,1.38421,1.38422,1.3837,1.38412,0
2026-05-28 00:27,1.38414,1.38422,1.3837,1.38418,0
2026-05-28 00:28,1.38413,1.38422,1.3838,1.38415,0
2026-05-28 00:29,1.38416,1.38421,1.3837,1.38413,0
2026-05-28 00:30,1.38421,1.38428,1.3838,1.38421,0
2026-05-28 00:31,1.38419,1.38427,1.3837,1.38423,0
2026-05-28 00:32,1.38419,1.38423,1.3837,1.38422,0
2026-05-28 00:33,1.38418,1.38427,1.3837,1.38417,0
2026-05-28 00:34,1.3839,1.3843,1.3837,1.38418,0
2026-05-28 00:35,1.384,1.3844,1.3839,1.38423,0
2026-05-28 00:36,1.38436,1.3844,1.384,1.384,0
2026-05-28 00:37,1.38434,1.38436,1.3839,1.384,0
2026-05-28 00:38,1.38428,1.38436,1.384,1.3843,0
2026-05-28 00:39,1.38422,1.38433,1.3839,1.38428,0
2026-05-28 00:40,1.38429,1.3843,1.3839,1.38423,0
2026-05-28 00:41,1.38423,1.38431,1.3839,1.38425,0
2026-05-28 00:42,1.38418,1.3843,1.3839,1.38423,0
2026-05-28 00:43,1.38425,1.3843,1.3839,1.38418,0
2026-05-28 00:44,1.38419,1.38429,1.3839,1.38429,0
2026-05-28 00:45,1.38422,1.3843,1.3839,1.38424,0
2026-05-28 00:46,1.38422,1.3843,1.3839,1.38422,0
2026-05-28 00:47,1.3839,1.3843,1.3839,1.38424,0
2026-05-28 00:48,1.38425,1.38428,1.3839,1.38422,0
2026-05-28 00:49,1.3842,1.38426,1.3839,1.38421,0
2026-05-28 00:50,1.38426,1.38427,1.3839,1.38418,0
2026-05-28 00:51,1.3841,1.38447,1.3839,1.3842,0
2026-05-28 00:52,1.38442,1.3845,1.3841,1.38443,0
2026-05-28 00:53,1.38436,1.38447,1.384,1.38442,0
2026-05-28 00:54,1.38432,1.38443,1.384,1.38437,0
2026-05-28 00:55,1.384,1.38441,1.384,1.38433,0
2026-05-28 00:56,1.3841,1.3844,1.384,1.3842,0
2026-05-28 00:57,1.38438,1.38445,1.384,1.38433,0
2026-05-28 00:58,1.38441,1.38446,1.3841,1.38438,0
2026-05-28 00:59,1.38446,1.38448,1.3841,1.38445,0
2026-05-28 01:00,1.38448,1.38454,1.3841,1.38441,0
2026-05-28 01:01,1.38442,1.38454,1.3841,1.38446,0
2026-05-28 01:02,1.38457,1.38458,1.3841,1.38442,0
2026-05-28 01:03,1.38472,1.3848,1.3843,1.38454,0
2026-05-28 01:04,1.38479,1.3848,1.3844,1.38473,0
2026-05-28 01:05,1.38483,1.38488,1.3844,1.3848,0
2026-05-28 01:06,1.3845,1.38493,1.3845,1.38482,0
2026-05-28 01:07,1.3845,1.38489,1.3844,1.38486,0
2026-05-28 01:08,1.38474,1.38487,1.3844,1.38486,0
2026-05-28 01:09,1.38476,1.3848,1.3844,1.38474,0
2026-05-28 01:10,1.3845,1.38487,1.3844,1.3847,0
2026-05-28 01:11,1.38484,1.3849,1.3845,1.38483,0
2026-05-28 01:12,1.3845,1.38489,1.3845,1.38483,0
2026-05-28 01:13,1.38481,1.38487,1.3843,1.38482,0
2026-05-28 01:14,1.38483,1.38489,1.3844,1.38482,0
2026-05-28 01:15,1.38468,1.38488,1.3844,1.38483,0
2026-05-28 01:16,1.38478,1.3848,1.3844,1.38468,0
2026-05-28 01:17,1.38459,1.38479,1.3841,1.38474,0
2026-05-28 01:18,1.38454,1.38468,1.3841,1.38459,0
2026-05-28 01:19,1.38456,1.3846,1.384,1.38455,0
2026-05-28 01:20,1.3845,1.38459,1.384,1.38451,0
2026-05-28 01:21,1.38449,1.38455,1.384,1.38451,0
2026-05-28 01:22,1.38445,1.3845,1.3841,1.38444,0
2026-05-28 01:23,1.38449,1.38451,1.3841,1.3843,0
2026-05-28 01:24,1.38462,1.38464,1.384,1.38443,0
2026-05-28 01:25,1.38458,1.38467,1.3841,1.3843,0
2026-05-28 01:26,1.38459,1.38465,1.3841,1.3843,0
2026-05-28 01:27,1.38461,1.38466,1.3842,1.38463,0
2026-05-28 01:28,1.38453,1.38463,1.3841,1.38457,0
2026-05-28 01:29,1.3843,1.38461,1.3841,1.38454,0
2026-05-28 01:30,1.38464,1.38473,1.3842,1.38452,0
2026-05-28 01:31,1.38469,1.38476,1.3843,1.38463,0
2026-05-28 01:32,1.38454,1.38469,1.3841,1.3843,0
2026-05-28 01:33,1.38458,1.38462,1.3841,1.3842,0
2026-05-28 01:34,1.38454,1.38465,1.3841,1.3846,0
2026-05-28 01:35,1.38457,1.3846,1.3842,1.38453,0
2026-05-28 01:36,1.38462,1.38468,1.3841,1.3842,0
2026-05-28 01:37,1.38459,1.38466,1.3843,1.38463,0
2026-05-28 01:38,1.3846,1.38467,1.3843,1.38459,0
2026-05-28 01:39,1.3843,1.38466,1.3843,1.3843,0
2026-05-28 01:40,1.38456,1.38466,1.3842,1.3846,0
2026-05-28 01:41,1.38451,1.38457,1.3842,1.38452,0
2026-05-28 01:42,1.38447,1.38456,1.3841,1.38456,0
2026-05-28 01:43,1.38453,1.38457,1.3842,1.38449,0
2026-05-28 01:44,1.38471,1.38478,1.3842,1.38457,0
2026-05-28 01:45,1.38476,1.38481,1.3842,1.38471,0
2026-05-28 01:46,1.3845,1.38482,1.3844,1.38476,0
2026-05-28 01:47,1.3847,1.3848,1.3844,1.38473,0
2026-05-28 01:48,1.3847,1.38478,1.3844,1.3844,0
2026-05-28 01:49,1.38472,1.3848,1.3844,1.3847,0
2026-05-28 01:50,1.38478,1.38483,1.3843,1.38472,0
2026-05-28 01:51,1.3844,1.38483,1.3843,1.38478,0
2026-05-28 01:52,1.38473,1.3848,1.3843,1.3845,0
2026-05-28 01:53,1.38472,1.38476,1.3842,1.38471,0
2026-05-28 01:54,1.3848,1.38486,1.3843,1.38469,0
2026-05-28 01:55,1.38486,1.38491,1.3843,1.3848,0
2026-05-28 01:56,1.3849,1.38495,1.3844,1.38489,0
2026-05-28 01:57,1.38476,1.38494,1.3844,1.38488,0
2026-05-28 01:58,1.38477,1.38481,1.3844,1.38475,0
2026-05-28 01:59,1.38476,1.38483,1.3844,1.38474,0
2026-05-28 02:00,1.38477,1.38487,1.3843,1.38477,0
2026-05-28 02:01,1.3845,1.38482,1.3844,1.38477,0
2026-05-28 02:02,1.38487,1.38487,1.3843,1.38473,0
2026-05-28 02:03,1.38487,1.38492,1.3844,1.38484,0
2026-05-28 02:04,1.38484,1.38491,1.3844,1.38488,0
2026-05-28 02:05,1.3847,1.38491,1.3845,1.38483,0
2026-05-28 02:06,1.38492,1.38494,1.3844,1.38487,0
2026-05-28 02:07,1.38482,1.38492,1.3844,1.38488,0
2026-05-28 02:08,1.38479,1.38487,1.3844,1.38483,0
2026-05-28 02:09,1.38482,1.38489,1.3845,1.38479,0
2026-05-28 02:10,1.3845,1.38486,1.3843,1.38483,0
2026-05-28 02:11,1.38474,1.3849,1.3844,1.38477,0
2026-05-28 02:12,1.38482,1.38488,1.3845,1.38475,0
2026-05-28 02:13,1.38484,1.38492,1.3845,1.38485,0
2026-05-28 02:14,1.38485,1.38492,1.3844,1.38485,0
2026-05-28 02:15,1.38474,1.38491,1.3844,1.38485,0
2026-05-28 02:16,1.38475,1.38476,1.3844,1.38475,0
2026-05-28 02:17,1.38477,1.3848,1.3844,1.38471,0
2026-05-28 02:18,1.3844,1.38482,1.3844,1.38473,0
2026-05-28 02:19,1.3847,1.38477,1.3844,1.3844,0
2026-05-28 02:20,1.38476,1.38482,1.3844,1.3844,0
2026-05-28 02:21,1.38482,1.38491,1.3844,1.3848,0
2026-05-28 02:22,1.38487,1.38487,1.3845,1.38481,0
2026-05-28 02:23,1.3848,1.3849,1.3845,1.38484,0
2026-05-28 02:24,1.38483,1.38486,1.3845,1.38484,0
2026-05-28 02:25,1.3846,1.38495,1.3844,1.3848,0
2026-05-28 02:26,1.38494,1.385,1.3846,1.3846,0
2026-05-28 02:27,1.38496,1.38501,1.3846,1.38495,0
2026-05-28 02:28,1.38496,1.385,1.3846,1.38492,0
2026-05-28 02:29,1.38494,1.385,1.3845,1.38492,0
2026-05-28 02:30,1.3846,1.385,1.3846,1.38491,0
2026-05-28 02:31,1.38498,1.38502,1.3846,1.38489,0
2026-05-28 02:32,1.38505,1.38506,1.3847,1.38496,0
2026-05-28 02:33,1.38506,1.38506,1.3847,1.38501,0
2026-05-28 02:34,1.38501,1.38506,1.3847,1.3848,0
2026-05-28 02:35,1.38502,1.38506,1.3847,1.38499,0
2026-05-28 02:36,1.385,1.38505,1.3846,1.38501,0
2026-05-28 02:37,1.38501,1.38505,1.3846,1.385,0
2026-05-28 02:38,1.385,1.38505,1.3845,1.38498,0
2026-05-28 02:39,1.385,1.38504,1.3847,1.385,0
2026-05-28 02:40,1.38508,1.38512,1.3845,1.38499,0
2026-05-28 02:41,1.385,1.38507,1.3847,1.38504,0
2026-05-28 02:42,1.38499,1.38505,1.3847,1.38499,0
2026-05-28 02:43,1.385,1.38504,1.3847,1.38499,0
2026-05-28 02:44,1.38499,1.38505,1.3847,1.38499,0
2026-05-28 02:45,1.38508,1.38514,1.3846,1.38501,0
2026-05-28 02:46,1.38506,1.38511,1.3846,1.38507,0
2026-05-28 02:47,1.38509,1.38513,1.3847,1.38503,0
2026-05-28 02:48,1.38506,1.38513,1.3847,1.38511,0
2026-05-28 02:49,1.3848,1.38506,1.3847,1.385,0
2026-05-28 02:50,1.38499,1.38507,1.3846,1.38503,0
2026-05-28 02:51,1.38502,1.38507,1.3847,1.38504,0
2026-05-28 02:52,1.38504,1.3851,1.3847,1.38504,0
2026-05-28 02:53,1.38504,1.38505,1.3847,1.38501,0
2026-05-28 02:54,1.38499,1.38505,1.3847,1.38499,0
2026-05-28 02:55,1.38515,1.38515,1.3847,1.38499,0
2026-05-28 02:56,1.3851,1.3852,1.3847,1.38508,0
2026-05-28 02:57,1.3852,1.3852,1.3848,1.3851,0
2026-05-28 02:58,1.38536,1.38539,1.3848,1.38517,0
2026-05-28 02:59,1.38537,1.38547,1.3849,1.38539,0
2026-05-28 03:00,1.3853,1.38541,1.3849,1.385,0
2026-05-28 03:01,1.38536,1.38544,1.385,1.38531,0
2026-05-28 03:02,1.38521,1.38542,1.3849,1.385,0
2026-05-28 03:03,1.38528,1.38534,1.3849,1.385,0
2026-05-28 03:04,1.38536,1.38538,1.3849,1.38527,0
2026-05-28 03:05,1.38528,1.38537,1.3849,1.38537,0
2026-05-28 03:06,1.38528,1.38534,1.3848,1.38527,0
2026-05-28 03:07,1.3854,1.38545,1.3849,1.38528,0
2026-05-28 03:08,1.38536,1.38545,1.385,1.3854,0
2026-05-28 03:09,1.38529,1.38541,1.385,1.38536,0
2026-05-28 03:10,1.3853,1.38535,1.3848,1.38528,0
2026-05-28 03:11,1.38536,1.38536,1.3849,1.38529,0
2026-05-28 03:12,1.385,1.38542,1.385,1.38536,0
2026-05-28 03:13,1.38531,1.38535,1.385,1.38534,0
2026-05-28 03:14,1.38527,1.38535,1.3848,1.38531,0
2026-05-28 03:15,1.3852,1.38533,1.3848,1.38527,0
2026-05-28 03:16,1.38534,1.38534,1.3848,1.38525,0
2026-05-28 03:17,1.38527,1.38535,1.3849,1.38528,0
2026-05-28 03:18,1.38525,1.38533,1.3848,1.38527,0
2026-05-28 03:19,1.38521,1.38529,1.3849,1.38524,0
2026-05-28 03:20,1.38518,1.38526,1.3847,1.3852,0
2026-05-28 03:21,1.38517,1.38524,1.3848,1.3852,0
2026-05-28 03:22,1.38522,1.38523,1.3848,1.3849,0
2026-05-28 03:23,1.38517,1.38522,1.3848,1.3849,0
2026-05-28 03:24,1.38532,1.38532,1.3848,1.38521,0
2026-05-28 03:25,1.38519,1.38531,1.3849,1.38527,0
2026-05-28 03:26,1.3849,1.38524,1.3847,1.38519,0
2026-05-28 03:27,1.38528,1.3853,1.3848,1.38519,0
2026-05-28 03:28,1.3849,1.3853,1.3849,1.38524,0
2026-05-28 03:29,1.38525,1.3853,1.3849,1.3849,0
2026-05-28 03:30,1.38521,1.38526,1.3849,1.38522,0
2026-05-28 03:31,1.3852,1.38525,1.3847,1.38522,0
2026-05-28 03:32,1.38517,1.38525,1.3849,1.3852,0
2026-05-28 03:33,1.38517,1.38524,1.3847,1.38517,0
2026-05-28 03:34,1.38521,1.38525,1.3848,1.38519,0
2026-05-28 03:35,1.38519,1.38524,1.3847,1.38519,0
2026-05-28 03:36,1.3849,1.38531,1.3848,1.38519,0
2026-05-28 03:37,1.38529,1.38534,1.3848,1.38529,0
2026-05-28 03:38,1.38535,1.38537,1.3849,1.385,0
2026-05-28 03:39,1.38531,1.38537,1.3848,1.3853,0
2026-05-28 03:40,1.38534,1.38536,1.3848,1.38529,0
2026-05-28 03:41,1.3851,1.38546,1.385,1.3853,0
2026-05-28 03:42,1.38547,1.38552,1.385,1.38543,0
2026-05-28 03:43,1.3852,1.3855,1.3851,1.38545,0
2026-05-28 03:44,1.3851,1.38546,1.3851,1.3851,0
2026-05-28 03:45,1.3852,1.38553,1.3851,1.38545,0
2026-05-28 03:46,1.38539,1.38554,1.3851,1.38548,0
2026-05-28 03:47,1.38531,1.38545,1.3849,1.38544,0
2026-05-28 03:48,1.38535,1.38539,1.385,1.3853,0
2026-05-28 03:49,1.3853,1.38536,1.385,1.385,0
2026-05-28 03:50,1.38534,1.3854,1.385,1.385,0
2026-05-28 03:51,1.38525,1.3854,1.3849,1.3854,0
2026-05-28 03:52,1.3849,1.38534,1.3848,1.3853,0
2026-05-28 03:53,1.38524,1.38527,1.3849,1.3849,0
2026-05-28 03:54,1.38534,1.3854,1.3849,1.38519,0
2026-05-28 03:55,1.38534,1.3854,1.385,1.38534,0
2026-05-28 03:56,1.3852,1.38535,1.3849,1.3853,0
2026-05-28 03:57,1.38522,1.3853,1.3848,1.38526,0
2026-05-28 03:58,1.38524,1.38532,1.3849,1.38524,0
2026-05-28 03:59,1.38519,1.38531,1.3849,1.38524,0
2026-05-28 04:00,1.3849,1.38523,1.3847,1.38518,0
2026-05-28 04:01,1.3848,1.3852,1.3847,1.38511,0
2026-05-28 04:02,1.38508,1.38516,1.3846,1.3851,0
2026-05-28 04:03,1.38504,1.38513,1.3846,1.38508,0
2026-05-28 04:04,1.38505,1.38514,1.3846,1.38506,0
2026-05-28 04:05,1.3848,1.38519,1.3846,1.38508,0
2026-05-28 04:06,1.3851,1.38516,1.3848,1.3851,0
2026-05-28 04:07,1.38514,1.38516,1.3848,1.3851,0
2026-05-28 04:08,1.3852,1.38524,1.3847,1.38508,0
2026-05-28 04:09,1.38519,1.38523,1.3848,1.38519,0
2026-05-28 04:10,1.3848,1.38523,1.3848,1.38513,0
2026-05-28 04:11,1.38515,1.38524,1.3848,1.38515,0
2026-05-28 04:12,1.38515,1.38521,1.3848,1.38516,0
2026-05-28 04:13,1.385,1.38525,1.3848,1.38516,0
2026-05-28 04:14,1.38536,1.38536,1.3849,1.3852,0
2026-05-28 04:15,1.38548,1.38555,1.385,1.38532,0
2026-05-28 04:16,1.38551,1.38555,1.385,1.38547,0
2026-05-28 04:17,1.38555,1.38557,1.3851,1.38546,0
2026-05-28 04:18,1.38572,1.38572,1.3851,1.38558,0
2026-05-28 04:19,1.38577,1.38583,1.3853,1.38566,0
2026-05-28 04:20,1.38572,1.38578,1.3852,1.38577,0
2026-05-28 04:21,1.3857,1.38577,1.3852,1.38566,0
2026-05-28 04:22,1.38571,1.38581,1.3853,1.38573,0
2026-05-28 04:23,1.3856,1.38584,1.3854,1.38571,0
2026-05-28 04:24,1.38576,1.3858,1.3854,1.38576,0
2026-05-28 04:25,1.38578,1.38584,1.3854,1.38577,0
2026-05-28 04:26,1.38572,1.38583,1.3854,1.3855,0
2026-05-28 04:27,1.38563,1.38578,1.3853,1.3854,0
2026-05-28 04:28,1.3856,1.38569,1.3852,1.38563,0
2026-05-28 04:29,1.38571,1.38573,1.3853,1.38561,0
2026-05-28 04:30,1.38585,1.38586,1.3853,1.38566,0
2026-05-28 04:31,1.38577,1.38588,1.3854,1.3858,0
2026-05-28 04:32,1.38593,1.38596,1.3854,1.3856,0
2026-05-28 04:33,1.3858,1.38616,1.3856,1.38587,0
2026-05-28 04:34,1.38623,1.38629,1.3858,1.3861,0
2026-05-28 04:35,1.386,1.3864,1.3859,1.38625,0
2026-05-28 04:36,1.38662,1.38663,1.3859,1.38635,0
2026-05-28 04:37,1.3862,1.38671,1.3861,1.38661,0
2026-05-28 04:38,1.38667,1.38677,1.3862,1.38657,0
2026-05-28 04:39,1.38681,1.38682,1.3863,1.38673,0
2026-05-28 04:40,1.3865,1.38687,1.3863,1.38676,0
2026-05-28 04:41,1.3865,1.38688,1.3864,1.3865,0
2026-05-28 04:42,1.3866,1.38695,1.3864,1.38677,0
2026-05-28 04:43,1.3865,1.3869,1.3863,1.38687,0
2026-05-28 04:44,1.38671,1.38679,1.3864,1.38671,0
2026-05-28 04:45,1.38663,1.38679,1.3862,1.38673,0
2026-05-28 04:46,1.38667,1.3867,1.3862,1.38659,0
2026-05-28 04:47,1.3867,1.38675,1.3862,1.38661,0
2026-05-28 04:48,1.3864,1.38679,1.3863,1.3867,0
2026-05-28 04:49,1.38677,1.38686,1.3864,1.38672,0
2026-05-28 04:50,1.38685,1.38694,1.3864,1.38682,0
2026-05-28 04:51,1.38678,1.38694,1.3863,1.38685,0
2026-05-28 04:52,1.38667,1.38678,1.3863,1.38677,0
2026-05-28 04:53,1.38675,1.38678,1.3863,1.38668,0
2026-05-28 04:54,1.3864,1.38678,1.3863,1.38667,0
2026-05-28 04:55,1.3865,1.38687,1.3864,1.38678,0
2026-05-28 04:56,1.38687,1.38688,1.3864,1.38673,0
2026-05-28 04:57,1.38677,1.38688,1.3864,1.38682,0
2026-05-28 04:58,1.3865,1.3869,1.3864,1.38684,0
2026-05-28 04:59,1.3867,1.3869,1.3865,1.38683,0
2026-05-28 05:00,1.38685,1.38691,1.3864,1.38685,0
2026-05-28 05:01,1.38689,1.38694,1.3863,1.3865,0
2026-05-28 05:02,1.38682,1.3869,1.3865,1.38683,0
2026-05-28 05:03,1.38689,1.38696,1.3865,1.38682,0
2026-05-28 05:04,1.38683,1.38696,1.3865,1.38689,0
2026-05-28 05:05,1.38684,1.38696,1.3864,1.38687,0
2026-05-28 05:06,1.38679,1.38691,1.3863,1.38684,0
2026-05-28 05:07,1.3865,1.38684,1.3864,1.38678,0
2026-05-28 05:08,1.38663,1.38676,1.3862,1.3867,0
2026-05-28 05:09,1.38659,1.38667,1.3862,1.38664,0
2026-05-28 05:10,1.38657,1.38666,1.3861,1.3862,0
2026-05-28 05:11,1.3866,1.38664,1.3861,1.38658,0
2026-05-28 05:12,1.3862,1.38663,1.3862,1.38653,0
2026-05-28 05:13,1.3864,1.38667,1.3862,1.38655,0
2026-05-28 05:14,1.38663,1.3867,1.3861,1.3866,0
2026-05-28 05:15,1.38655,1.38666,1.3862,1.38662,0
2026-05-28 05:16,1.38638,1.38659,1.386,1.38659,0
2026-05-28 05:17,1.38647,1.3865,1.3861,1.38638,0
2026-05-28 05:18,1.38654,1.38662,1.3861,1.3861,0
2026-05-28 05:19,1.38661,1.3867,1.3862,1.3866,0
2026-05-28 05:20,1.38654,1.3867,1.3862,1.38662,0
2026-05-28 05:21,1.38657,1.38666,1.3862,1.38654,0
2026-05-28 05:22,1.38649,1.38664,1.3861,1.38654,0
2026-05-28 05:23,1.38641,1.38652,1.386,1.3865,0
2026-05-28 05:24,1.38645,1.38651,1.3861,1.38647,0
2026-05-28 05:25,1.3861,1.38654,1.3861,1.38645,0
2026-05-28 05:26,1.38645,1.38656,1.3861,1.38647,0
2026-05-28 05:27,1.38659,1.3866,1.3861,1.3861,0
2026-05-28 05:28,1.3862,1.38661,1.3862,1.38655,0
2026-05-28 05:29,1.38659,1.3866,1.3862,1.38652,0
2026-05-28 05:30,1.38648,1.3866,1.386,1.38654,0
2026-05-28 05:31,1.38645,1.38648,1.386,1.38642,0
2026-05-28 05:32,1.38634,1.38645,1.386,1.38639,0
2026-05-28 05:33,1.38636,1.38641,1.386,1.38631,0
2026-05-28 05:34,1.38637,1.3864,1.3858,1.38636,0
2026-05-28 05:35,1.3859,1.38639,1.3858,1.38632,0
2026-05-28 05:36,1.38621,1.38628,1.3859,1.3859,0
2026-05-28 05:37,1.3858,1.38628,1.3858,1.38621,0
2026-05-28 05:38,1.38611,1.38616,1.3858,1.3861,0
2026-05-28 05:39,1.3858,1.3862,1.3858,1.38613,0
2026-05-28 05:40,1.38603,1.38616,1.3856,1.38611,0
2026-05-28 05:41,1.38605,1.38612,1.3857,1.38603,0
2026-05-28 05:42,1.3858,1.38622,1.3857,1.38607,0
2026-05-28 05:43,1.38614,1.38621,1.3858,1.38615,0
2026-05-28 05:44,1.38614,1.38623,1.3858,1.38615,0
2026-05-28 05:45,1.3858,1.38621,1.3858,1.3862,0
2026-05-28 05:46,1.3859,1.3863,1.3858,1.38615,0
2026-05-28 05:47,1.38622,1.3863,1.3859,1.38623,0
2026-05-28 05:48,1.38617,1.38625,1.3857,1.3859,0
2026-05-28 05:49,1.3858,1.38622,1.3858,1.3858,0
2026-05-28 05:50,1.3858,1.38621,1.3858,1.38613,0
2026-05-28 05:51,1.3857,1.3862,1.3857,1.38612,0
2026-05-28 05:52,1.38612,1.38617,1.3856,1.38606,0
2026-05-28 05:53,1.38608,1.38618,1.3857,1.38606,0
2026-05-28 05:54,1.3861,1.38617,1.3857,1.38608,0
2026-05-28 05:55,1.38609,1.38617,1.3857,1.38616,0
2026-05-28 05:56,1.38606,1.38617,1.3857,1.3861,0
2026-05-28 05:57,1.38611,1.3862,1.3857,1.38606,0
2026-05-28 05:58,1.3861,1.38617,1.3857,1.38613,0
2026-05-28 05:59,1.38611,1.38618,1.3858,1.38616,0
2026-05-28 06:00,1.38619,1.38622,1.3858,1.3861,0
2026-05-28 06:01,1.38622,1.38628,1.3858,1.38615,0
2026-05-28 06:02,1.38621,1.3863,1.3859,1.38627,0
2026-05-28 06:03,1.38622,1.3863,1.3859,1.38622,0
2026-05-28 06:04,1.38609,1.38627,1.3858,1.38622,0
2026-05-28 06:05,1.38618,1.38624,1.3858,1.38609,0
2026-05-28 06:06,1.386,1.38625,1.3858,1.38617,0
2026-05-28 06:07,1.38617,1.38628,1.3859,1.3859,0
2026-05-28 06:08,1.38628,1.38633,1.3859,1.38618,0
2026-05-28 06:09,1.38641,1.38643,1.3859,1.38629,0
2026-05-28 06:10,1.38631,1.3865,1.386,1.38635,0
2026-05-28 06:11,1.38632,1.3864,1.386,1.38636,0
2026-05-28 06:12,1.38632,1.3864,1.386,1.38632,0
2026-05-28 06:13,1.38631,1.38638,1.3859,1.38632,0
2026-05-28 06:14,1.38617,1.3863,1.3858,1.38624,0
2026-05-28 06:15,1.386,1.38628,1.3858,1.38615,0
2026-05-28 06:16,1.3858,1.38627,1.3858,1.38622,0
2026-05-28 06:17,1.38611,1.3862,1.3857,1.3861,0
2026-05-28 06:18,1.38615,1.38618,1.3858,1.38613,0
2026-05-28 06:19,1.38612,1.3862,1.3858,1.38615,0
2026-05-28 06:20,1.38616,1.38618,1.3858,1.38612,0
2026-05-28 06:21,1.38613,1.38618,1.3858,1.3861,0
2026-05-28 06:22,1.38611,1.38623,1.3857,1.38613,0
2026-05-28 06:23,1.38615,1.38625,1.3857,1.3861,0
2026-05-28 06:24,1.38603,1.38615,1.3856,1.3861,0
2026-05-28 06:25,1.3857,1.3861,1.3857,1.38604,0
2026-05-28 06:26,1.3859,1.38617,1.3857,1.38603,0
2026-05-28 06:27,1.3859,1.38617,1.3857,1.3861,0
2026-05-28 06:28,1.38605,1.38615,1.3857,1.38609,0
2026-05-28 06:29,1.3857,1.38615,1.3857,1.38604,0
2026-05-28 06:30,1.3856,1.38616,1.3856,1.38606,0
2026-05-28 06:31,1.3856,1.38609,1.3856,1.38596,0
2026-05-28 06:32,1.3859,1.38601,1.3855,1.38594,0
2026-05-28 06:33,1.3854,1.38594,1.3854,1.38588,0
2026-05-28 06:34,1.38571,1.38578,1.3853,1.38574,0
2026-05-28 06:35,1.38569,1.3858,1.3852,1.38566,0
2026-05-28 06:36,1.38567,1.3858,1.38564,1.38573,0
2026-05-28 06:37,1.3857,1.38578,1.3854,1.38566,0
2026-05-28 06:38,1.38566,1.38575,1.3852,1.3857,0
2026-05-28 06:39,1.38566,1.38575,1.3852,1.38566,0
2026-05-28 06:40,1.38565,1.38571,1.3852,1.38564,0
2026-05-28 06:41,1.3854,1.38579,1.3853,1.38566,0
2026-05-28 06:42,1.3854,1.38581,1.3853,1.38573,0
2026-05-28 06:43,1.38573,1.38573,1.3852,1.38568,0
2026-05-28 06:44,1.38573,1.3858,1.3853,1.3853,0
2026-05-28 06:45,1.3853,1.38578,1.3852,1.38573,0
2026-05-28 06:46,1.38565,1.38574,1.3853,1.38566,0
2026-05-28 06:47,1.3853,1.38572,1.3853,1.3853,0
2026-05-28 06:48,1.38564,1.38572,1.3853,1.38566,0
2026-05-28 06:49,1.38559,1.38566,1.3853,1.38565,0
2026-05-28 06:50,1.38557,1.38566,1.3851,1.38559,0
2026-05-28 06:51,1.38551,1.38561,1.3852,1.38557,0
2026-05-28 06:52,1.38559,1.38562,1.3852,1.38552,0
2026-05-28 06:53,1.38566,1.38572,1.3852,1.38557,0
2026-05-28 06:54,1.38568,1.38572,1.3852,1.38567,0
2026-05-28 06:55,1.38572,1.38579,1.3853,1.38566,0
2026-05-28 06:56,1.38575,1.3858,1.3853,1.38576,0
2026-05-28 06:57,1.38576,1.38581,1.3854,1.38571,0
2026-05-28 06:58,1.38577,1.38581,1.3854,1.38575,0
2026-05-28 06:59,1.38578,1.38584,1.3854,1.38581,0
2026-05-28 07:00,1.38578,1.38591,1.3854,1.38578,0
2026-05-28 07:01,1.38566,1.38582,1.3853,1.38579,0
2026-05-28 07:02,1.38543,1.38571,1.385,1.38566,0
2026-05-28 07:03,1.3854,1.38554,1.385,1.38549,0
2026-05-28 07:04,1.38545,1.38551,1.3851,1.38545,0
2026-05-28 07:05,1.38542,1.38552,1.3849,1.38545,0
2026-05-28 07:06,1.3854,1.38561,1.3851,1.38542,0
2026-05-28 07:07,1.3852,1.38562,1.3851,1.38554,0
2026-05-28 07:08,1.38559,1.38562,1.3852,1.38547,0
2026-05-28 07:09,1.3853,1.38564,1.3852,1.38553,0
2026-05-28 07:10,1.38547,1.38561,1.3851,1.38558,0
2026-05-28 07:11,1.38562,1.38567,1.3851,1.38551,0
2026-05-28 07:12,1.3853,1.38567,1.3853,1.38558,0
2026-05-28 07:13,1.38555,1.38566,1.3852,1.38556,0
2026-05-28 07:14,1.38546,1.38561,1.3851,1.3854,0
2026-05-28 07:15,1.38551,1.38558,1.385,1.38545,0
2026-05-28 07:16,1.38551,1.38557,1.3851,1.38551,0
2026-05-28 07:17,1.38557,1.38562,1.3852,1.3852,0
2026-05-28 07:18,1.38547,1.38561,1.385,1.38554,0
2026-05-28 07:19,1.3856,1.38564,1.3851,1.38551,0
2026-05-28 07:20,1.38542,1.38559,1.385,1.38555,0
2026-05-28 07:21,1.38542,1.38543,1.3849,1.38542,0
2026-05-28 07:22,1.3853,1.38542,1.3848,1.385,0
2026-05-28 07:23,1.3853,1.38534,1.3849,1.38525,0
2026-05-28 07:24,1.38536,1.38542,1.3849,1.38534,0
2026-05-28 07:25,1.38524,1.38542,1.3848,1.3852,0
2026-05-28 07:26,1.38515,1.38524,1.3847,1.3849,0
2026-05-28 07:27,1.3852,1.38532,1.3847,1.3848,0
2026-05-28 07:28,1.38526,1.38532,1.3849,1.38517,0
2026-05-28 07:29,1.38531,1.38536,1.3849,1.38525,0
2026-05-28 07:30,1.3853,1.38537,1.3849,1.38528,0
2026-05-28 07:31,1.38527,1.38536,1.3848,1.385,0
2026-05-28 07:32,1.38548,1.38554,1.3849,1.38528,0
2026-05-28 07:33,1.38548,1.38551,1.3851,1.38546,0
2026-05-28 07:34,1.3855,1.38553,1.3851,1.38542,0
2026-05-28 07:35,1.3854,1.38551,1.3851,1.38547,0
2026-05-28 07:36,1.38533,1.38543,1.3849,1.3852,0
2026-05-28 07:37,1.3851,1.3854,1.3848,1.38532,0
2026-05-28 07:38,1.38527,1.38534,1.3849,1.38526,0
2026-05-28 07:39,1.3849,1.38533,1.3848,1.3853,0
2026-05-28 07:40,1.38528,1.38536,1.3849,1.38527,0
2026-05-28 07:41,1.38526,1.38534,1.3849,1.38529,0
2026-05-28 07:42,1.3851,1.38536,1.3848,1.38526,0
2026-05-28 07:43,1.38526,1.38536,1.3849,1.3853,0
2026-05-28 07:44,1.38522,1.38542,1.3849,1.38532,0
2026-05-28 07:45,1.38523,1.3853,1.3847,1.38518,0
2026-05-28 07:46,1.3852,1.38533,1.3848,1.38518,0
2026-05-28 07:47,1.3848,1.3853,1.3847,1.3852,0
2026-05-28 07:48,1.3849,1.38525,1.3848,1.38511,0
2026-05-28 07:49,1.385,1.38525,1.3848,1.38521,0
2026-05-28 07:50,1.3849,1.38525,1.3849,1.38516,0
2026-05-28 07:51,1.38537,1.38542,1.3849,1.38522,0
2026-05-28 07:52,1.38531,1.38542,1.385,1.38537,0
2026-05-28 07:53,1.3849,1.38538,1.3848,1.38531,0
2026-05-28 07:54,1.38517,1.38524,1.3847,1.38518,0
2026-05-28 07:55,1.38508,1.38521,1.3847,1.38516,0
2026-05-28 07:56,1.38516,1.3852,1.3846,1.38505,0
2026-05-28 07:57,1.38506,1.38521,1.3847,1.3849,0
2026-05-28 07:58,1.38501,1.38512,1.3845,1.38512,0
2026-05-28 07:59,1.38514,1.38519,1.3846,1.38505,0
2026-05-28 08:00,1.38486,1.3852,1.3845,1.38517,0
2026-05-28 08:01,1.38489,1.385,1.3845,1.38481,0
2026-05-28 08:02,1.38503,1.38504,1.3845,1.38488,0
2026-05-28 08:03,1.38487,1.38504,1.3845,1.38498,0
2026-05-28 08:04,1.38489,1.38505,1.3846,1.38491,0
2026-05-28 08:05,1.38491,1.38502,1.3845,1.38492,0
2026-05-28 08:06,1.38501,1.38502,1.3844,1.38493,0
2026-05-28 08:07,1.38501,1.38508,1.3846,1.3848,0
2026-05-28 08:08,1.38481,1.38507,1.3845,1.38505,0
2026-05-28 08:09,1.38484,1.38496,1.3845,1.38481,0
2026-05-28 08:10,1.38497,1.38498,1.3845,1.38484,0
2026-05-28 08:11,1.38473,1.38497,1.3844,1.38491,0
2026-05-28 08:12,1.38477,1.38482,1.3843,1.38474,0
2026-05-28 08:13,1.38462,1.38485,1.3843,1.38476,0
2026-05-28 08:14,1.38465,1.38468,1.3842,1.3843,0
2026-05-28 08:15,1.3848,1.38487,1.3843,1.3846,0
2026-05-28 08:16,1.38473,1.38486,1.3843,1.3848,0
2026-05-28 08:17,1.38476,1.3848,1.3844,1.38472,0
2026-05-28 08:18,1.38472,1.38477,1.3843,1.38471,0
2026-05-28 08:19,1.38454,1.38479,1.3842,1.38471,0
2026-05-28 08:20,1.38454,1.38464,1.3842,1.38454,0
2026-05-28 08:21,1.38456,1.3846,1.3842,1.38453,0
2026-05-28 08:22,1.38454,1.38459,1.3841,1.38452,0
2026-05-28 08:23,1.3845,1.38469,1.3842,1.38453,0
2026-05-28 08:24,1.38465,1.3847,1.3842,1.3843,0
2026-05-28 08:25,1.38472,1.38478,1.3843,1.38463,0
2026-05-28 08:26,1.38495,1.38503,1.3844,1.3844,0
2026-05-28 08:27,1.38502,1.38505,1.3846,1.38495,0
2026-05-28 08:28,1.3848,1.38515,1.3847,1.38497,0
2026-05-28 08:29,1.38527,1.38528,1.3847,1.38511,0
2026-05-28 08:30,1.3852,1.3853,1.3848,1.38528,0
2026-05-28 08:31,1.38528,1.3853,1.3849,1.38523,0
2026-05-28 08:32,1.38521,1.3853,1.3849,1.38525,0
2026-05-28 08:33,1.385,1.38537,1.3847,1.38521,0
2026-05-28 08:34,1.38541,1.38544,1.385,1.38534,0
2026-05-28 08:35,1.3854,1.38554,1.385,1.38539,0
2026-05-28 08:36,1.3856,1.3856,1.385,1.38541,0
2026-05-28 08:37,1.38562,1.3857,1.3851,1.38553,0
2026-05-28 08:38,1.38564,1.38573,1.3851,1.38563,0
2026-05-28 08:39,1.38566,1.38571,1.3851,1.38563,0
2026-05-28 08:40,1.38571,1.38579,1.3852,1.38566,0
2026-05-28 08:41,1.38563,1.38572,1.3852,1.3857,0
2026-05-28 08:42,1.38552,1.38565,1.3851,1.38559,0
2026-05-28 08:43,1.38547,1.3856,1.3851,1.38553,0
2026-05-28 08:44,1.3852,1.38554,1.385,1.38543,0
2026-05-28 08:45,1.38529,1.38542,1.3848,1.38539,0
2026-05-28 08:46,1.38524,1.38537,1.3848,1.38529,0
2026-05-28 08:47,1.3849,1.38529,1.3847,1.38524,0
2026-05-28 08:48,1.38524,1.38524,1.3848,1.38518,0
2026-05-28 08:49,1.38521,1.38526,1.3848,1.38521,0
2026-05-28 08:50,1.38526,1.38536,1.3849,1.38521,0
2026-05-28 08:51,1.38524,1.38535,1.3849,1.38526,0
2026-05-28 08:52,1.38526,1.38531,1.3848,1.38521,0
2026-05-28 08:53,1.38531,1.38536,1.3849,1.3849,0
2026-05-28 08:54,1.3853,1.38536,1.3849,1.3853,0
2026-05-28 08:55,1.38532,1.38538,1.385,1.3853,0
2026-05-28 08:56,1.38531,1.3854,1.385,1.3853,0
2026-05-28 08:57,1.38541,1.38545,1.385,1.38532,0
2026-05-28 08:58,1.3854,1.38545,1.3849,1.3851,0
2026-05-28 08:59,1.38543,1.3855,1.385,1.3854,0
2026-05-28 09:00,1.38551,1.3856,1.3851,1.38544,0
2026-05-28 09:01,1.385,1.38552,1.385,1.38548,0
2026-05-28 09:02,1.3853,1.38541,1.3849,1.385,0
2026-05-28 09:03,1.3851,1.3854,1.385,1.38534,0
2026-05-28 09:04,1.38532,1.38544,1.385,1.38535,0
2026-05-28 09:05,1.38528,1.38548,1.385,1.38532,0
2026-05-28 09:06,1.38518,1.38532,1.3848,1.38527,0
2026-05-28 09:07,1.3848,1.38522,1.3848,1.3848,0
2026-05-28 09:08,1.38509,1.38522,1.3848,1.38511,0
2026-05-28 09:09,1.38523,1.38523,1.3846,1.3848,0
2026-05-28 09:10,1.38521,1.3853,1.3848,1.38518,0
2026-05-28 09:11,1.3853,1.38533,1.3849,1.38521,0
2026-05-28 09:12,1.38519,1.38533,1.3849,1.38528,0
2026-05-28 09:13,1.38547,1.38549,1.3849,1.3852,0
2026-05-28 09:14,1.3852,1.38557,1.3851,1.38545,0
2026-05-28 09:15,1.3855,1.38559,1.3851,1.3853,0
2026-05-28 09:16,1.38559,1.38564,1.3852,1.3855,0
2026-05-28 09:17,1.3854,1.38571,1.3852,1.38559,0
2026-05-28 09:18,1.38585,1.38591,1.3853,1.38568,0
2026-05-28 09:19,1.38579,1.3859,1.3855,1.38585,0
2026-05-28 09:20,1.3858,1.38584,1.3853,1.38579,0
2026-05-28 09:21,1.38593,1.38597,1.3854,1.38576,0
2026-05-28 09:22,1.3857,1.386,1.3855,1.38593,0
2026-05-28 09:23,1.38587,1.386,1.3854,1.38593,0
2026-05-28 09:24,1.38597,1.38597,1.3855,1.38583,0
2026-05-28 09:25,1.38594,1.386,1.3856,1.3856,0
2026-05-28 09:26,1.38611,1.38616,1.3856,1.38594,0
2026-05-28 09:27,1.38614,1.38622,1.3857,1.3861,0
2026-05-28 09:28,1.38608,1.38625,1.3857,1.386,0
2026-05-28 09:29,1.38596,1.38614,1.3855,1.3861,0
2026-05-28 09:30,1.38596,1.38606,1.3857,1.38601,0
2026-05-28 09:31,1.38601,1.38603,1.3856,1.38592,0
2026-05-28 09:32,1.38606,1.38611,1.3856,1.38596,0
2026-05-28 09:33,1.3858,1.38612,1.3857,1.38606,0
2026-05-28 09:34,1.3861,1.38615,1.3857,1.38603,0
2026-05-28 09:35,1.38618,1.38622,1.3858,1.3861,0
2026-05-28 09:36,1.38603,1.38617,1.3857,1.386,0
2026-05-28 09:37,1.38602,1.3861,1.3857,1.38607,0
2026-05-28 09:38,1.3859,1.38616,1.3857,1.38602,0
2026-05-28 09:39,1.38616,1.38622,1.3857,1.38613,0
2026-05-28 09:40,1.3858,1.38622,1.3858,1.38615,0
2026-05-28 09:41,1.3857,1.38616,1.3855,1.3861,0
2026-05-28 09:42,1.386,1.38606,1.3856,1.38604,0
2026-05-28 09:43,1.38612,1.38614,1.3857,1.38604,0
2026-05-28 09:44,1.38614,1.3862,1.3858,1.38609,0
2026-05-28 09:45,1.38604,1.38621,1.3856,1.386,0
2026-05-28 09:46,1.386,1.3861,1.3857,1.3858,0
2026-05-28 09:47,1.3858,1.38606,1.3855,1.38595,0
2026-05-28 09:48,1.38592,1.38608,1.3856,1.3857,0
2026-05-28 09:49,1.38593,1.38596,1.3854,1.3857,0
2026-05-28 09:50,1.38597,1.386,1.3855,1.38593,0
2026-05-28 09:51,1.38587,1.386,1.3855,1.38594,0
2026-05-28 09:52,1.38583,1.38591,1.3853,1.3859,0
2026-05-28 09:53,1.38589,1.3859,1.3855,1.38581,0
2026-05-28 09:54,1.38583,1.38594,1.3855,1.38587,0
2026-05-28 09:55,1.3857,1.38591,1.3855,1.38583,0
2026-05-28 09:56,1.38598,1.38607,1.3855,1.38587,0
2026-05-28 09:57,1.38598,1.38603,1.3856,1.386,0
2026-05-28 09:58,1.38602,1.38605,1.3856,1.3857,0
2026-05-28 09:59,1.3857,1.38604,1.3855,1.38602,0
2026-05-28 10:00,1.38595,1.38602,1.3856,1.38593,0
2026-05-28 10:01,1.38591,1.386,1.3856,1.38594,0
2026-05-28 10:02,1.38594,1.38602,1.3855,1.3859,0
2026-05-28 10:03,1.38599,1.38602,1.3855,1.38594,0
2026-05-28 10:04,1.38593,1.38602,1.3855,1.386,0
2026-05-28 10:05,1.38597,1.386,1.3854,1.38593,0
2026-05-28 10:06,1.38609,1.38613,1.3856,1.38594,0
2026-05-28 10:07,1.38609,1.38611,1.3856,1.38608,0
2026-05-28 10:08,1.38593,1.38611,1.3856,1.38605,0
2026-05-28 10:09,1.38598,1.38602,1.3856,1.38596,0
2026-05-28 10:10,1.38583,1.38606,1.3854,1.38598,0
2026-05-28 10:11,1.38583,1.38596,1.3855,1.38588,0
2026-05-28 10:12,1.38574,1.38585,1.3854,1.38583,0
2026-05-28 10:13,1.38586,1.38589,1.3853,1.38574,0
2026-05-28 10:14,1.3855,1.38591,1.3855,1.38581,0
2026-05-28 10:15,1.3856,1.38592,1.3855,1.38583,0
2026-05-28 10:16,1.38579,1.38591,1.3855,1.38585,0
2026-05-28 10:17,1.3856,1.38594,1.3855,1.38579,0
2026-05-28 10:18,1.38577,1.38593,1.3853,1.38592,0
2026-05-28 10:19,1.38574,1.38583,1.3853,1.38577,0
2026-05-28 10:20,1.38566,1.38588,1.3852,1.38578,0
2026-05-28 10:21,1.38545,1.3857,1.3851,1.38567,0
2026-05-28 10:22,1.38562,1.38562,1.3851,1.38546,0
2026-05-28 10:23,1.38571,1.38571,1.3852,1.38558,0
2026-05-28 10:24,1.38561,1.38571,1.3852,1.38571,0
2026-05-28 10:25,1.38575,1.38575,1.3853,1.38562,0
2026-05-28 10:26,1.38566,1.38581,1.3852,1.38568,0
2026-05-28 10:27,1.3854,1.3858,1.3852,1.3857,0
2026-05-28 10:28,1.3854,1.38576,1.3853,1.3857,0
2026-05-28 10:29,1.38567,1.38576,1.3852,1.3857,0
2026-05-28 10:30,1.3853,1.38574,1.3852,1.38568,0
2026-05-28 10:31,1.38566,1.38575,1.3852,1.38564,0
2026-05-28 10:32,1.38577,1.38581,1.3852,1.38566,0
2026-05-28 10:33,1.38588,1.38591,1.3853,1.38581,0
2026-05-28 10:34,1.38599,1.386,1.3854,1.3857,0
2026-05-28 10:35,1.38592,1.386,1.3856,1.38598,0
2026-05-28 10:36,1.38594,1.386,1.3856,1.38591,0
2026-05-28 10:37,1.38596,1.38601,1.3855,1.38594,0
2026-05-28 10:38,1.38605,1.38605,1.3856,1.38596,0
2026-05-28 10:39,1.38606,1.38611,1.3856,1.38601,0
2026-05-28 10:40,1.38606,1.38611,1.3856,1.38606,0
2026-05-28 10:41,1.38598,1.3861,1.3855,1.38603,0
2026-05-28 10:42,1.38603,1.38616,1.3855,1.38599,0
2026-05-28 10:43,1.38613,1.38617,1.3857,1.38602,0
2026-05-28 10:44,1.38611,1.38617,1.3857,1.38615,0
2026-05-28 10:45,1.38628,1.3863,1.3858,1.38611,0
2026-05-28 10:46,1.38628,1.3863,1.3858,1.38626,0
2026-05-28 10:47,1.38622,1.38639,1.3858,1.38623,0
2026-05-28 10:48,1.38622,1.38631,1.3859,1.38622,0
2026-05-28 10:49,1.38628,1.38631,1.3859,1.38626,0
2026-05-28 10:50,1.38629,1.38637,1.386,1.38626,0
2026-05-28 10:51,1.38635,1.3864,1.3859,1.38629,0
2026-05-28 10:52,1.3861,1.38656,1.386,1.38636,0
2026-05-28 10:53,1.3859,1.38645,1.3859,1.38642,0
2026-05-28 10:54,1.38634,1.3864,1.3859,1.38624,0
2026-05-28 10:55,1.38661,1.38667,1.386,1.3864,0
2026-05-28 10:56,1.3864,1.38667,1.3863,1.38664,0
2026-05-28 10:57,1.3864,1.38685,1.3862,1.38668,0
2026-05-28 10:58,1.38674,1.38685,1.3863,1.38674,0
2026-05-28 10:59,1.3863,1.3868,1.3862,1.38677,0
2026-05-28 11:00,1.3861,1.38668,1.3861,1.38654,0
2026-05-28 11:01,1.3865,1.38678,1.3862,1.38662,0
2026-05-28 11:02,1.3865,1.38687,1.3863,1.38673,0
2026-05-28 11:03,1.3865,1.38685,1.3863,1.38681,0
2026-05-28 11:04,1.3866,1.38696,1.3863,1.3868,0
2026-05-28 11:05,1.3866,1.38694,1.3865,1.38689,0
2026-05-28 11:06,1.38681,1.38693,1.3864,1.38684,0
2026-05-28 11:07,1.38686,1.38692,1.3864,1.38681,0
2026-05-28 11:08,1.38686,1.38693,1.3865,1.38686,0
2026-05-28 11:09,1.38664,1.38689,1.3863,1.38684,0
2026-05-28 11:10,1.38656,1.38669,1.3861,1.38664,0
2026-05-28 11:11,1.3863,1.38666,1.3861,1.3863,0
2026-05-28 11:12,1.38671,1.38676,1.3863,1.38661,0
2026-05-28 11:13,1.38663,1.3867,1.3862,1.38666,0
2026-05-28 11:14,1.38661,1.3867,1.3863,1.38663,0
2026-05-28 11:15,1.38646,1.38666,1.3861,1.38661,0
2026-05-28 11:16,1.38631,1.38641,1.3858,1.38641,0
2026-05-28 11:17,1.38642,1.38646,1.386,1.38635,0
2026-05-28 11:18,1.38644,1.3865,1.386,1.38641,0
2026-05-28 11:19,1.38655,1.3866,1.386,1.38647,0
2026-05-28 11:20,1.38657,1.38667,1.3861,1.38651,0
2026-05-28 11:21,1.3867,1.38673,1.3862,1.38657,0
2026-05-28 11:22,1.3864,1.38685,1.3863,1.38668,0
2026-05-28 11:23,1.38653,1.38667,1.3862,1.38661,0
2026-05-28 11:24,1.38671,1.38676,1.3862,1.38653,0
2026-05-28 11:25,1.38679,1.38684,1.3863,1.38672,0
2026-05-28 11:26,1.38664,1.38683,1.3863,1.3868,0
2026-05-28 11:27,1.3864,1.38673,1.3862,1.38666,0
2026-05-28 11:28,1.38655,1.38667,1.3862,1.38662,0
2026-05-28 11:29,1.3865,1.38661,1.386,1.38658,0
2026-05-28 11:30,1.38649,1.38657,1.386,1.38651,0
2026-05-28 11:31,1.38639,1.38651,1.386,1.38644,0
2026-05-28 11:32,1.38638,1.38646,1.3859,1.38639,0
2026-05-28 11:33,1.38642,1.38647,1.3861,1.3861,0
2026-05-28 11:34,1.38653,1.38661,1.3861,1.38642,0
2026-05-28 11:35,1.3862,1.3866,1.3862,1.38653,0
2026-05-28 11:36,1.3863,1.3867,1.3862,1.3863,0
2026-05-28 11:37,1.38664,1.3867,1.3862,1.38662,0
2026-05-28 11:38,1.3867,1.38672,1.3863,1.38665,0
2026-05-28 11:39,1.38656,1.3867,1.3862,1.3863,0
2026-05-28 11:40,1.38669,1.38672,1.3861,1.38658,0
2026-05-28 11:41,1.38682,1.38686,1.3863,1.38665,0
2026-05-28 11:42,1.38691,1.38691,1.3863,1.38684,0
2026-05-28 11:43,1.38693,1.387,1.3865,1.38689,0
2026-05-28 11:44,1.38689,1.387,1.3866,1.38697,0
2026-05-28 11:45,1.38685,1.38697,1.3864,1.38688,0
2026-05-28 11:46,1.38669,1.38688,1.3862,1.38685,0
2026-05-28 11:47,1.3864,1.38679,1.3862,1.38669,0
2026-05-28 11:48,1.38654,1.38677,1.3862,1.38677,0
2026-05-28 11:49,1.38649,1.38659,1.3861,1.38654,0
2026-05-28 11:50,1.38671,1.38687,1.3862,1.38649,0
2026-05-28 11:51,1.38664,1.3869,1.3863,1.38675,0
2026-05-28 11:52,1.38662,1.38675,1.3862,1.38665,0
2026-05-28 11:53,1.38664,1.38675,1.3863,1.38662,0
2026-05-28 11:54,1.38654,1.3867,1.3862,1.38664,0
2026-05-28 11:55,1.38645,1.3866,1.3861,1.38653,0
2026-05-28 11:56,1.38649,1.38655,1.386,1.38646,0
2026-05-28 11:57,1.38638,1.38657,1.3859,1.38649,0
2026-05-28 11:58,1.38639,1.38651,1.386,1.38637,0
2026-05-28 11:59,1.38632,1.38641,1.3859,1.38634,0
2026-05-28 12:00,1.38639,1.38641,1.386,1.38632,0
2026-05-28 12:01,1.38621,1.38643,1.3859,1.38639,0
2026-05-28 12:02,1.38616,1.38631,1.3858,1.38621,0
2026-05-28 12:03,1.3859,1.38626,1.3856,1.3861,0
2026-05-28 12:04,1.3857,1.3862,1.3857,1.38612,0
2026-05-28 12:05,1.38614,1.38622,1.3856,1.38602,0
2026-05-28 12:06,1.386,1.3862,1.3858,1.38614,0
2026-05-28 12:07,1.38619,1.38628,1.3857,1.38614,0
2026-05-28 12:08,1.38618,1.38625,1.3857,1.38618,0
2026-05-28 12:09,1.3858,1.38619,1.3856,1.38614,0
2026-05-28 12:10,1.3858,1.38615,1.3856,1.38607,0
2026-05-28 12:11,1.3858,1.38615,1.3857,1.38609,0
2026-05-28 12:12,1.3859,1.38612,1.3856,1.38611,0
2026-05-28 12:13,1.38589,1.38597,1.3855,1.38597,0
2026-05-28 12:14,1.38585,1.38596,1.3855,1.3855,0
2026-05-28 12:15,1.38584,1.38602,1.3854,1.3856,0
2026-05-28 12:16,1.38591,1.38599,1.3855,1.3856,0
2026-05-28 12:17,1.38603,1.38604,1.3856,1.3856,0
2026-05-28 12:18,1.38597,1.38605,1.3856,1.38599,0
2026-05-28 12:19,1.38598,1.38604,1.3855,1.38597,0
2026-05-28 12:20,1.3858,1.38603,1.3855,1.38598,0
2026-05-28 12:21,1.38582,1.38608,1.3854,1.38596,0
2026-05-28 12:22,1.38568,1.3859,1.3854,1.38583,0
2026-05-28 12:23,1.38566,1.38576,1.3852,1.38568,0
2026-05-28 12:24,1.3853,1.38572,1.3852,1.38565,0
2026-05-28 12:25,1.3852,1.38561,1.3851,1.38561,0
2026-05-28 12:26,1.38537,1.3855,1.3849,1.38547,0
2026-05-28 12:27,1.38545,1.38547,1.3849,1.38537,0
2026-05-28 12:28,1.38538,1.38547,1.385,1.38542,0
2026-05-28 12:29,1.38518,1.38546,1.3849,1.3851,0
2026-05-28 12:30,1.38536,1.38542,1.3847,1.3852,0
2026-05-28 12:31,1.38544,1.38546,1.3849,1.38541,0
2026-05-28 12:32,1.38549,1.38553,1.385,1.3854,0
2026-05-28 12:33,1.3851,1.38554,1.3851,1.38549,0
2026-05-28 12:34,1.38535,1.38551,1.385,1.3852,0
2026-05-28 12:35,1.38525,1.38541,1.3849,1.38536,0
2026-05-28 12:36,1.38521,1.3853,1.3849,1.38524,0
2026-05-28 12:37,1.38511,1.38527,1.3848,1.38527,0
2026-05-28 12:38,1.3849,1.3853,1.3847,1.38511,0
2026-05-28 12:39,1.38534,1.38536,1.3848,1.38521,0
2026-05-28 12:40,1.38538,1.38543,1.3849,1.38535,0
2026-05-28 12:41,1.385,1.38532,1.3848,1.38526,0
2026-05-28 12:42,1.38538,1.3854,1.3849,1.38527,0
2026-05-28 12:43,1.38525,1.3854,1.3849,1.38534,0
2026-05-28 12:44,1.38525,1.38531,1.3848,1.38525,0
2026-05-28 12:45,1.3852,1.38533,1.3849,1.38525,0
2026-05-28 12:46,1.385,1.3853,1.3849,1.38518,0
2026-05-28 12:47,1.3853,1.38537,1.3848,1.3853,0
2026-05-28 12:48,1.38523,1.38534,1.3849,1.3853,0
2026-05-28 12:49,1.385,1.38531,1.3848,1.38525,0
2026-05-28 12:50,1.38539,1.38542,1.385,1.38531,0
2026-05-28 12:51,1.38532,1.38541,1.385,1.3854,0
2026-05-28 12:52,1.38523,1.38537,1.3848,1.38537,0
2026-05-28 12:53,1.38509,1.38529,1.3848,1.38523,0
2026-05-28 12:54,1.3847,1.3851,1.3845,1.3848,0
2026-05-28 12:55,1.3847,1.3851,1.3845,1.38491,0
2026-05-28 12:56,1.38487,1.38505,1.3845,1.3847,0
2026-05-28 12:57,1.38492,1.38494,1.3844,1.38487,0
2026-05-28 12:58,1.3845,1.38503,1.3845,1.38489,0
2026-05-28 12:59,1.38492,1.38498,1.3845,1.38483,0
2026-05-28 13:00,1.38504,1.38508,1.3845,1.38491,0
2026-05-28 13:01,1.3849,1.38505,1.3844,1.38502,0
2026-05-28 13:02,1.38493,1.385,1.3844,1.38488,0
2026-05-28 13:03,1.38501,1.38504,1.3844,1.3846,0
2026-05-28 13:04,1.38503,1.38507,1.3847,1.385,0
2026-05-28 13:05,1.38511,1.38514,1.3847,1.3848,0
2026-05-28 13:06,1.38519,1.38528,1.3847,1.38512,0
2026-05-28 13:07,1.38515,1.3853,1.3848,1.38518,0
2026-05-28 13:08,1.38522,1.38522,1.3848,1.38515,0
2026-05-28 13:09,1.38526,1.38534,1.3849,1.38517,0
2026-05-28 13:10,1.38528,1.38539,1.3849,1.38526,0
2026-05-28 13:11,1.385,1.3853,1.3847,1.38525,0
2026-05-28 13:12,1.38506,1.38529,1.3847,1.385,0
2026-05-28 13:13,1.38514,1.38527,1.3846,1.38506,0
2026-05-28 13:14,1.38498,1.38516,1.3845,1.38512,0
2026-05-28 13:15,1.3846,1.38504,1.3844,1.38499,0
2026-05-28 13:16,1.38479,1.38495,1.3844,1.3849,0
2026-05-28 13:17,1.38478,1.38491,1.3843,1.38479,0
2026-05-28 13:18,1.38477,1.38485,1.3843,1.38481,0
2026-05-28 13:19,1.38478,1.38485,1.3843,1.38477,0
2026-05-28 13:20,1.38479,1.38484,1.3842,1.38478,0
2026-05-28 13:21,1.38481,1.3849,1.3844,1.38481,0
2026-05-28 13:22,1.38471,1.38488,1.3844,1.3845,0
2026-05-28 13:23,1.3845,1.3848,1.3842,1.38475,0
2026-05-28 13:24,1.38479,1.38485,1.3842,1.38463,0
2026-05-28 13:25,1.38478,1.3849,1.3845,1.3845,0
2026-05-28 13:26,1.3847,1.38477,1.3843,1.38477,0
2026-05-28 13:27,1.38463,1.38476,1.3843,1.3847,0
2026-05-28 13:28,1.38471,1.38477,1.3842,1.38463,0
2026-05-28 13:29,1.38467,1.38479,1.3842,1.38471,0
2026-05-28 13:30,1.38461,1.38483,1.3841,1.38451,0
2026-05-28 13:31,1.38479,1.38485,1.3842,1.38459,0
2026-05-28 13:32,1.38511,1.38514,1.3843,1.38479,0
2026-05-28 13:33,1.38486,1.38513,1.3845,1.38508,0
2026-05-28 13:34,1.38478,1.38493,1.3844,1.38487,0
2026-05-28 13:35,1.38476,1.38485,1.3843,1.3848,0
2026-05-28 13:36,1.38432,1.38477,1.384,1.38472,0
2026-05-28 13:37,1.38432,1.38439,1.3836,1.38431,0
2026-05-28 13:38,1.38422,1.38449,1.3839,1.38433,0
2026-05-28 13:39,1.3839,1.38436,1.3838,1.3842,0
2026-05-28 13:40,1.38412,1.38427,1.3837,1.38423,0
2026-05-28 13:41,1.38416,1.38421,1.3836,1.38412,0
2026-05-28 13:42,1.38423,1.38429,1.3837,1.38419,0
2026-05-28 13:43,1.38416,1.38425,1.3838,1.38423,0
2026-05-28 13:44,1.38429,1.38436,1.3838,1.38416,0
2026-05-28 13:45,1.38427,1.3844,1.3837,1.38431,0
2026-05-28 13:46,1.3841,1.38448,1.3838,1.38422,0
2026-05-28 13:47,1.38442,1.38457,1.3839,1.3842,0
2026-05-28 13:48,1.38437,1.3845,1.3839,1.38443,0
2026-05-28 13:49,1.3841,1.38453,1.384,1.38441,0
2026-05-28 13:50,1.38436,1.38446,1.3839,1.38433,0
2026-05-28 13:51,1.38415,1.38435,1.3838,1.38432,0
2026-05-28 13:52,1.38411,1.38426,1.3837,1.3842,0
2026-05-28 13:53,1.38399,1.3842,1.3835,1.38411,0
2026-05-28 13:54,1.3842,1.3842,1.3837,1.384,0
2026-05-28 13:55,1.38403,1.3842,1.3837,1.3838,0
2026-05-28 13:56,1.38423,1.3843,1.3837,1.38407,0
2026-05-28 13:57,1.38429,1.38437,1.3838,1.38423,0
2026-05-28 13:58,1.38441,1.38446,1.3839,1.38431,0
2026-05-28 13:59,1.38432,1.38446,1.384,1.38441,0
2026-05-28 14:00,1.38418,1.38433,1.3837,1.38433,0
2026-05-28 14:01,1.38411,1.38432,1.3837,1.38414,0
2026-05-28 14:02,1.38385,1.3843,1.3836,1.38415,0
2026-05-28 14:03,1.38384,1.3839,1.3832,1.3836,0
2026-05-28 14:04,1.38374,1.38389,1.3834,1.38388,0
2026-05-28 14:05,1.38388,1.38395,1.3833,1.38379,0
2026-05-28 14:06,1.38409,1.38412,1.3835,1.38388,0
2026-05-28 14:07,1.3842,1.38437,1.3836,1.3837,0
2026-05-28 14:08,1.38409,1.38423,1.3837,1.38418,0
2026-05-28 14:09,1.38431,1.38436,1.3836,1.38409,0
2026-05-28 14:10,1.38433,1.3844,1.3838,1.38431,0
2026-05-28 14:11,1.3843,1.38458,1.3839,1.38435,0
2026-05-28 14:12,1.38459,1.38464,1.3842,1.38454,0
2026-05-28 14:13,1.38454,1.38467,1.3841,1.38463,0
2026-05-28 14:14,1.38451,1.38458,1.384,1.38454,0
2026-05-28 14:15,1.38472,1.38477,1.3842,1.3842,0
2026-05-28 14:16,1.38473,1.38476,1.3842,1.38472,0
2026-05-28 14:17,1.38488,1.38492,1.3842,1.38469,0
2026-05-28 14:18,1.38483,1.38493,1.3843,1.38487,0
2026-05-28 14:19,1.3849,1.38492,1.3845,1.38481,0
2026-05-28 14:20,1.38501,1.38506,1.3843,1.3849,0
2026-05-28 14:21,1.38488,1.38506,1.3844,1.38501,0
2026-05-28 14:22,1.38502,1.38508,1.3844,1.38488,0
2026-05-28 14:23,1.38514,1.38518,1.3846,1.38498,0
2026-05-28 14:24,1.38478,1.38514,1.3843,1.3851,0
2026-05-28 14:25,1.3847,1.38495,1.3844,1.38478,0
2026-05-28 14:26,1.3844,1.38482,1.3843,1.38474,0
2026-05-28 14:27,1.3848,1.38483,1.3842,1.38469,0
2026-05-28 14:28,1.38486,1.38495,1.3843,1.3848,0
2026-05-28 14:29,1.38469,1.38491,1.3843,1.38485,0
2026-05-28 14:30,1.38457,1.38485,1.3842,1.38468,0
2026-05-28 14:31,1.3845,1.38465,1.384,1.38457,0
2026-05-28 14:32,1.3846,1.38471,1.3842,1.38456,0
2026-05-28 14:33,1.38456,1.38472,1.3841,1.38463,0
2026-05-28 14:34,1.38424,1.38459,1.3839,1.38452,0
2026-05-28 14:35,1.38422,1.3843,1.3838,1.38424,0
2026-05-28 14:36,1.38422,1.38429,1.3838,1.38421,0
2026-05-28 14:37,1.38424,1.3843,1.3837,1.3842,0
2026-05-28 14:38,1.38433,1.38437,1.3838,1.38424,0
2026-05-28 14:39,1.38431,1.38443,1.3839,1.38429,0
2026-05-28 14:40,1.38415,1.38436,1.3838,1.38432,0
2026-05-28 14:41,1.38426,1.38431,1.3838,1.38414,0
2026-05-28 14:42,1.3839,1.38436,1.3838,1.38431,0
2026-05-28 14:43,1.38394,1.38429,1.3836,1.3842,0
2026-05-28 14:44,1.38385,1.3841,1.3835,1.38395,0
2026-05-28 14:45,1.38367,1.38398,1.3834,1.38385,0
2026-05-28 14:46,1.38377,1.38382,1.3832,1.3837,0
2026-05-28 14:47,1.38387,1.38395,1.3833,1.38378,0
2026-05-28 14:48,1.38401,1.38407,1.3834,1.3837,0
2026-05-28 14:49,1.38404,1.38414,1.3836,1.3837,0
2026-05-28 14:50,1.38414,1.38424,1.3835,1.38404,0
2026-05-28 14:51,1.38414,1.38427,1.3838,1.3838,0
2026-05-28 14:52,1.38408,1.38427,1.3838,1.38413,0
2026-05-28 14:53,1.38448,1.38452,1.3838,1.38408,0
2026-05-28 14:54,1.38478,1.38478,1.384,1.38446,0
2026-05-28 14:55,1.38504,1.3851,1.3843,1.38476,0
2026-05-28 14:56,1.38505,1.3852,1.3846,1.38503,0
2026-05-28 14:57,1.38477,1.38509,1.3844,1.38505,0
2026-05-28 14:58,1.3844,1.38486,1.3842,1.3848,0
2026-05-28 14:59,1.3847,1.38476,1.3841,1.38465,0
2026-05-28 15:00,1.38486,1.38492,1.3842,1.38471,0
2026-05-28 15:01,1.3846,1.38498,1.3844,1.38484,0
2026-05-28 15:02,1.38499,1.38507,1.3845,1.38494,0
2026-05-28 15:03,1.3849,1.38506,1.3846,1.38505,0
2026-05-28 15:04,1.3848,1.38501,1.3843,1.3849,0
2026-05-28 15:05,1.38462,1.38487,1.3843,1.38478,0
2026-05-28 15:06,1.38484,1.38485,1.3842,1.3843,0
2026-05-28 15:07,1.38481,1.38486,1.3843,1.3845,0
2026-05-28 15:08,1.38479,1.3849,1.3844,1.38482,0
2026-05-28 15:09,1.38485,1.38487,1.3844,1.38481,0
2026-05-28 15:10,1.38491,1.38494,1.3843,1.3848,0
2026-05-28 15:11,1.38479,1.38497,1.3845,1.38488,0
2026-05-28 15:12,1.38361,1.38483,1.38361,1.38479,0
2026-05-28 15:13,1.38273,1.3841,1.3824,1.38363,0
2026-05-28 15:14,1.38371,1.38371,1.3823,1.3828,0
2026-05-28 15:15,1.38365,1.38384,1.3831,1.38366,0
2026-05-28 15:16,1.3834,1.38373,1.383,1.38363,0
2026-05-28 15:17,1.38346,1.38366,1.3831,1.38344,0
2026-05-28 15:18,1.38335,1.38354,1.3829,1.3835,0
2026-05-28 15:19,1.3832,1.38346,1.3826,1.38338,0
2026-05-28 15:20,1.38324,1.3833,1.3827,1.38324,0
2026-05-28 15:21,1.38328,1.38354,1.3827,1.38319,0
2026-05-28 15:22,1.38291,1.38332,1.3824,1.3833,0
2026-05-28 15:23,1.3825,1.38327,1.3825,1.38295,0
2026-05-28 15:24,1.3824,1.3829,1.3821,1.38282,0
2026-05-28 15:25,1.3824,1.38291,1.3823,1.3827,0
2026-05-28 15:26,1.3823,1.38285,1.3821,1.38272,0
2026-05-28 15:27,1.3823,1.38278,1.3821,1.38261,0
2026-05-28 15:28,1.38236,1.38273,1.3821,1.38263,0
2026-05-28 15:29,1.38255,1.38272,1.382,1.3824,0
2026-05-28 15:30,1.38231,1.38263,1.3818,1.38259,0
2026-05-28 15:31,1.38256,1.38266,1.3819,1.38227,0
2026-05-28 15:32,1.38253,1.38265,1.3821,1.38256,0
2026-05-28 15:33,1.38241,1.3826,1.3819,1.38257,0
2026-05-28 15:34,1.38237,1.38244,1.3818,1.38244,0
2026-05-28 15:35,1.38218,1.38237,1.3818,1.38233,0
2026-05-28 15:36,1.38219,1.38246,1.3818,1.38222,0
2026-05-28 15:37,1.38222,1.3823,1.3817,1.38219,0
2026-05-28 15:38,1.38225,1.3824,1.3817,1.38223,0
2026-05-28 15:39,1.3821,1.38243,1.3819,1.38225,0
2026-05-28 15:40,1.38215,1.3825,1.3817,1.38239,0
2026-05-28 15:41,1.3822,1.38242,1.3817,1.38212,0
2026-05-28 15:42,1.38215,1.38229,1.3817,1.38222,0
2026-05-28 15:43,1.38189,1.38222,1.3815,1.38215,0
2026-05-28 15:44,1.38186,1.38208,1.3814,1.38189,0
2026-05-28 15:45,1.38197,1.38203,1.3814,1.38186,0
2026-05-28 15:46,1.38197,1.38226,1.3814,1.38193,0
2026-05-28 15:47,1.38204,1.38221,1.3816,1.38199,0
2026-05-28 15:48,1.382,1.3821,1.3814,1.38208,0
2026-05-28 15:49,1.3824,1.38261,1.3817,1.38199,0
2026-05-28 15:50,1.38237,1.38245,1.3816,1.38241,0
2026-05-28 15:51,1.38246,1.38247,1.3819,1.38233,0
2026-05-28 15:52,1.3822,1.38252,1.3819,1.38246,0
2026-05-28 15:53,1.38179,1.38222,1.3812,1.3819,0
2026-05-28 15:54,1.38178,1.382,1.3813,1.38179,0
2026-05-28 15:55,1.38172,1.38179,1.3812,1.3815,0
2026-05-28 15:56,1.38166,1.38192,1.3813,1.3817,0
2026-05-28 15:57,1.38185,1.3819,1.3813,1.3814,0
2026-05-28 15:58,1.38197,1.38197,1.3813,1.3815,0
2026-05-28 15:59,1.3818,1.38196,1.3814,1.38196,0
2026-05-28 16:00,1.3815,1.38183,1.381,1.38175,0
2026-05-28 16:01,1.38156,1.3816,1.381,1.3815,0
2026-05-28 16:02,1.38121,1.38157,1.3809,1.38151,0
2026-05-28 16:03,1.38138,1.38142,1.3808,1.38121,0
2026-05-28 16:04,1.3811,1.38141,1.3806,1.38138,0
2026-05-28 16:05,1.38085,1.38112,1.3803,1.3811,0
2026-05-28 16:06,1.38062,1.38088,1.3803,1.38082,0
2026-05-28 16:07,1.38091,1.38092,1.3802,1.38063,0
2026-05-28 16:08,1.3808,1.381,1.3804,1.38092,0
2026-05-28 16:09,1.3806,1.38088,1.3803,1.38081,0
2026-05-28 16:10,1.38071,1.38076,1.3803,1.38064,0
2026-05-28 16:11,1.38046,1.38074,1.3801,1.38069,0
2026-05-28 16:12,1.38049,1.3807,1.38,1.38041,0
2026-05-28 16:13,1.38024,1.38058,1.3799,1.3805,0
2026-05-28 16:14,1.38014,1.38037,1.3797,1.38028,0
2026-05-28 16:15,1.38023,1.38032,1.3797,1.3801,0
2026-05-28 16:16,1.38023,1.38044,1.3799,1.38027,0
2026-05-28 16:17,1.38018,1.38023,1.3798,1.38022,0
2026-05-28 16:18,1.38014,1.38036,1.3798,1.38014,0
2026-05-28 16:19,1.3801,1.38038,1.3798,1.38016,0
2026-05-28 16:20,1.38047,1.3805,1.3799,1.38031,0
2026-05-28 16:21,1.38043,1.38048,1.38,1.38044,0
2026-05-28 16:22,1.38042,1.38057,1.38,1.38044,0
2026-05-28 16:23,1.3801,1.38051,1.3801,1.3804,0
2026-05-28 16:24,1.38047,1.3805,1.38,1.38045,0
2026-05-28 16:25,1.38036,1.3805,1.3798,1.38045,0
2026-05-28 16:26,1.38025,1.3804,1.3798,1.38,0
2026-05-28 16:27,1.38039,1.38043,1.3798,1.3799,0
2026-05-28 16:28,1.38051,1.38054,1.3799,1.38039,0
2026-05-28 16:29,1.38051,1.3806,1.38,1.3802,0
2026-05-28 16:30,1.38045,1.3805,1.3799,1.38047,0
2026-05-28 16:31,1.38035,1.38051,1.3798,1.38044,0
2026-05-28 16:32,1.38015,1.3805,1.3799,1.38,0
2026-05-28 16:33,1.38025,1.38037,1.3797,1.38012,0
2026-05-28 16:34,1.38035,1.38047,1.3799,1.38024,0
2026-05-28 16:35,1.38044,1.38048,1.3799,1.3802,0
2026-05-28 16:36,1.38043,1.38054,1.38,1.38043,0
2026-05-28 16:37,1.38044,1.38051,1.3799,1.38045,0
2026-05-28 16:38,1.38056,1.38067,1.3801,1.38044,0
2026-05-28 16:39,1.38052,1.3806,1.3801,1.38055,0
2026-05-28 16:40,1.38038,1.38056,1.38,1.38048,0
2026-05-28 16:41,1.38054,1.38067,1.38,1.38035,0
2026-05-28 16:42,1.38048,1.3806,1.3801,1.38053,0
2026-05-28 16:43,1.38046,1.38053,1.3799,1.38048,0
2026-05-28 16:44,1.38046,1.3805,1.3801,1.38046,0
2026-05-28 16:45,1.38048,1.38051,1.38,1.3805,0
2026-05-28 16:46,1.38,1.3805,1.38,1.38047,0
2026-05-28 16:47,1.3802,1.3804,1.3797,1.38033,0
2026-05-28 16:48,1.38027,1.38031,1.3797,1.3802,0
2026-05-28 16:49,1.38003,1.38031,1.3797,1.3798,0
2026-05-28 16:50,1.37995,1.38008,1.3796,1.3797,0
2026-05-28 16:51,1.37993,1.38,1.3794,1.37995,0
2026-05-28 16:52,1.38015,1.38021,1.3796,1.37994,0
2026-05-28 16:53,1.38013,1.38027,1.3797,1.3798,0
2026-05-28 16:54,1.37986,1.38017,1.3795,1.38013,0
2026-05-28 16:55,1.3801,1.3801,1.3795,1.37986,0
2026-05-28 16:56,1.37996,1.3801,1.3796,1.38009,0
2026-05-28 16:57,1.37994,1.38014,1.3796,1.37996,0
2026-05-28 16:58,1.37995,1.38003,1.3796,1.3796,0
2026-05-28 16:59,1.37991,1.38,1.3796,1.38,0
2026-05-28 17:00,1.37999,1.38001,1.3794,1.37996,0
2026-05-28 17:01,1.38009,1.38013,1.3796,1.37995,0
2026-05-28 17:02,1.38016,1.38018,1.3796,1.3797,0
2026-05-28 17:03,1.38,1.38017,1.3797,1.38012,0
2026-05-28 17:04,1.37967,1.37999,1.3793,1.37999,0
2026-05-28 17:05,1.37981,1.37987,1.3793,1.37968,0
2026-05-28 17:06,1.37985,1.37991,1.3795,1.37981,0
2026-05-28 17:07,1.3796,1.37982,1.3792,1.37981,0
2026-05-28 17:08,1.37961,1.37967,1.3793,1.37958,0
2026-05-28 17:09,1.37975,1.3798,1.3793,1.37961,0
2026-05-28 17:10,1.37974,1.3798,1.3794,1.37975,0
2026-05-28 17:11,1.37981,1.3799,1.3794,1.3794,0
2026-05-28 17:12,1.37982,1.3799,1.3795,1.37977,0
2026-05-28 17:13,1.37992,1.37999,1.3795,1.37985,0
2026-05-28 17:14,1.38002,1.38007,1.3796,1.37992,0
2026-05-28 17:15,1.37997,1.38011,1.3795,1.38002,0
2026-05-28 17:16,1.3795,1.37999,1.3795,1.37998,0
2026-05-28 17:17,1.37987,1.37999,1.3795,1.37986,0
2026-05-28 17:18,1.3795,1.37991,1.3793,1.37987,0
2026-05-28 17:19,1.3794,1.37984,1.3794,1.37976,0
2026-05-28 17:20,1.37974,1.3798,1.3794,1.37974,0
2026-05-28 17:21,1.3794,1.37978,1.3792,1.37978,0
2026-05-28 17:22,1.37975,1.3798,1.3793,1.37968,0
2026-05-28 17:23,1.3797,1.37981,1.3792,1.37972,0
2026-05-28 17:24,1.379,1.37978,1.3789,1.37971,0
2026-05-28 17:25,1.3791,1.37952,1.3789,1.37935,0
2026-05-28 17:26,1.37934,1.37961,1.379,1.37947,0
2026-05-28 17:27,1.37919,1.37941,1.3788,1.37933,0
2026-05-28 17:28,1.37928,1.37933,1.3788,1.37919,0
2026-05-28 17:29,1.37942,1.37948,1.3788,1.37927,0
2026-05-28 17:30,1.37935,1.37955,1.379,1.37943,0
2026-05-28 17:31,1.37926,1.37945,1.3789,1.37939,0
2026-05-28 17:32,1.37917,1.37931,1.3789,1.37926,0
2026-05-28 17:33,1.37915,1.37926,1.3787,1.37921,0
2026-05-28 17:34,1.3789,1.37926,1.3787,1.37915,0
2026-05-28 17:35,1.37932,1.37932,1.3788,1.37919,0
2026-05-28 17:36,1.3795,1.37952,1.3788,1.37931,0
2026-05-28 17:37,1.37947,1.37953,1.3789,1.37947,0
2026-05-28 17:38,1.37942,1.37953,1.3789,1.37947,0
2026-05-28 17:39,1.37944,1.37946,1.3789,1.37941,0
2026-05-28 17:40,1.37949,1.37952,1.3789,1.37939,0
2026-05-28 17:41,1.37938,1.37952,1.3791,1.37948,0
2026-05-28 17:42,1.3793,1.37939,1.3789,1.3791,0
2026-05-28 17:43,1.37939,1.37945,1.3789,1.37928,0
2026-05-28 17:44,1.37941,1.3795,1.3789,1.37939,0
2026-05-28 17:45,1.3791,1.37942,1.379,1.37936,0
2026-05-28 17:46,1.37936,1.37947,1.3789,1.3791,0
2026-05-28 17:47,1.37943,1.37953,1.3789,1.37936,0
2026-05-28 17:48,1.3791,1.3795,1.379,1.37939,0
2026-05-28 17:49,1.37949,1.37951,1.3789,1.37939,0
2026-05-28 17:50,1.37946,1.37952,1.3791,1.37947,0
2026-05-28 17:51,1.37947,1.37952,1.3791,1.37946,0
2026-05-28 17:52,1.37949,1.37955,1.379,1.3792,0
2026-05-28 17:53,1.37948,1.37953,1.3789,1.37951,0
2026-05-28 17:54,1.37944,1.37955,1.379,1.37949,0
2026-05-28 17:55,1.37932,1.37951,1.379,1.37944,0
2026-05-28 17:56,1.37916,1.37931,1.3787,1.37929,0
2026-05-28 17:57,1.37915,1.37922,1.3785,1.37913,0
2026-05-28 17:58,1.37912,1.37917,1.3786,1.37914,0
2026-05-28 17:59,1.37911,1.3792,1.3788,1.3788,0
2026-05-28 18:00,1.37918,1.37921,1.3788,1.37912,0
2026-05-28 18:01,1.37898,1.3792,1.3785,1.37915,0
2026-05-28 18:02,1.37902,1.37912,1.3785,1.3787,0
2026-05-28 18:03,1.3789,1.37902,1.3785,1.37899,0
2026-05-28 18:04,1.3786,1.37907,1.3786,1.37894,0
2026-05-28 18:05,1.37898,1.37912,1.3785,1.3786,0
2026-05-28 18:06,1.37876,1.37903,1.3783,1.37902,0
2026-05-28 18:07,1.3785,1.37887,1.3784,1.37877,0
2026-05-28 18:08,1.37848,1.37886,1.3782,1.37884,0
2026-05-28 18:09,1.3779,1.37854,1.3779,1.37852,0
2026-05-28 18:10,1.37824,1.3784,1.378,1.3783,0
2026-05-28 18:11,1.378,1.37847,1.3779,1.37824,0
2026-05-28 18:12,1.37845,1.37845,1.3779,1.3782,0
2026-05-28 18:13,1.3782,1.37845,1.378,1.37841,0
2026-05-28 18:14,1.37845,1.37847,1.3781,1.3781,0
2026-05-28 18:15,1.37875,1.37876,1.3781,1.3784,0
2026-05-28 18:16,1.37881,1.37886,1.3784,1.3785,0
2026-05-28 18:17,1.37882,1.37891,1.3785,1.3788,0
2026-05-28 18:18,1.3787,1.37896,1.3784,1.37882,0
2026-05-28 18:19,1.37891,1.379,1.3786,1.3787,0
2026-05-28 18:20,1.3788,1.37894,1.3783,1.37891,0
2026-05-28 18:21,1.37885,1.37893,1.3785,1.37881,0
2026-05-28 18:22,1.37856,1.37887,1.3784,1.37885,0
2026-05-28 18:23,1.3786,1.37874,1.3782,1.3784,0
2026-05-28 18:24,1.37871,1.37885,1.3782,1.37861,0
2026-05-28 18:25,1.37873,1.37884,1.3784,1.37871,0
2026-05-28 18:26,1.37861,1.37877,1.3781,1.37872,0
2026-05-28 18:27,1.37854,1.37866,1.3782,1.37861,0
2026-05-28 18:28,1.3783,1.37868,1.3782,1.37853,0
2026-05-28 18:29,1.37874,1.37876,1.3782,1.37862,0
2026-05-28 18:30,1.3786,1.37874,1.3781,1.3787,0
2026-05-28 18:31,1.3783,1.37872,1.3782,1.37861,0
2026-05-28 18:32,1.37868,1.37872,1.3781,1.37864,0
2026-05-28 18:33,1.37872,1.37875,1.3782,1.37868,0
2026-05-28 18:34,1.3788,1.3789,1.3783,1.37871,0
2026-05-28 18:35,1.3787,1.37895,1.3784,1.37882,0
2026-05-28 18:36,1.37898,1.37902,1.3785,1.3786,0
2026-05-28 18:37,1.37899,1.37902,1.3784,1.37902,0
2026-05-28 18:38,1.37896,1.37903,1.3785,1.37896,0
2026-05-28 18:39,1.37897,1.37906,1.3786,1.37894,0
2026-05-28 18:40,1.37884,1.379,1.3784,1.37894,0
2026-05-28 18:41,1.37885,1.3789,1.3783,1.37881,0
2026-05-28 18:42,1.37887,1.37889,1.3784,1.3785,0
2026-05-28 18:43,1.37882,1.37894,1.3785,1.37886,0
2026-05-28 18:44,1.37885,1.37892,1.3785,1.3786,0
2026-05-28 18:45,1.37884,1.37897,1.3785,1.37883,0
2026-05-28 18:46,1.3784,1.37886,1.3783,1.37879,0
2026-05-28 18:47,1.37872,1.37881,1.3782,1.37877,0
2026-05-28 18:48,1.37886,1.3789,1.3784,1.37873,0
2026-05-28 18:49,1.37883,1.3789,1.3785,1.37884,0
2026-05-28 18:50,1.37864,1.37886,1.3783,1.37883,0
2026-05-28 18:51,1.37863,1.37872,1.3783,1.37867,0
2026-05-28 18:52,1.3786,1.37868,1.3781,1.37868,0
2026-05-28 18:53,1.37855,1.37861,1.378,1.37857,0
2026-05-28 18:54,1.37856,1.37863,1.3781,1.37854,0
2026-05-28 18:55,1.37855,1.3786,1.3782,1.37859,0
2026-05-28 18:56,1.37848,1.3786,1.3781,1.3784,0
2026-05-28 18:57,1.37857,1.37861,1.378,1.37848,0
2026-05-28 18:58,1.37863,1.3787,1.3782,1.3782,0
2026-05-28 18:59,1.37857,1.37864,1.3782,1.3786,0
2026-05-28 19:00,1.37851,1.3786,1.378,1.37854,0
2026-05-28 19:01,1.37833,1.37853,1.378,1.37851,0
2026-05-28 19:02,1.378,1.37842,1.3779,1.37838,0
2026-05-28 19:03,1.37834,1.37837,1.3778,1.37831,0
2026-05-28 19:04,1.378,1.3784,1.3776,1.37834,0
2026-05-28 19:05,1.378,1.37822,1.3777,1.37801,0
2026-05-28 19:06,1.3782,1.3783,1.3777,1.37817,0
2026-05-28 19:07,1.37816,1.3783,1.3777,1.37822,0
2026-05-28 19:08,1.37818,1.37823,1.3777,1.37816,0
2026-05-28 19:09,1.37824,1.3783,1.3777,1.37817,0
2026-05-28 19:10,1.37835,1.37842,1.3778,1.37823,0
2026-05-28 19:11,1.37835,1.3784,1.3778,1.3781,0
2026-05-28 19:12,1.3779,1.37837,1.3778,1.37833,0
2026-05-28 19:13,1.3781,1.37829,1.3777,1.37823,0
2026-05-28 19:14,1.3782,1.3783,1.3777,1.37827,0
2026-05-28 19:15,1.37822,1.37826,1.3777,1.3782,0
2026-05-28 19:16,1.3779,1.37825,1.3777,1.37822,0
2026-05-28 19:17,1.3782,1.37827,1.3777,1.37813,0
2026-05-28 19:18,1.37815,1.3783,1.3776,1.37819,0
2026-05-28 19:19,1.37808,1.37817,1.3776,1.37811,0
2026-05-28 19:20,1.37836,1.37847,1.3776,1.3778,0
2026-05-28 19:21,1.37838,1.37846,1.378,1.37838,0
2026-05-28 19:22,1.37832,1.37838,1.3779,1.37837,0
2026-05-28 19:23,1.37835,1.37841,1.378,1.37838,0
2026-05-28 19:24,1.37842,1.37846,1.3779,1.3782,0
2026-05-28 19:25,1.37846,1.37851,1.3781,1.37842,0
2026-05-28 19:26,1.37846,1.37851,1.3781,1.3782,0
2026-05-28 19:27,1.37852,1.37856,1.3781,1.37842,0
2026-05-28 19:28,1.37856,1.3786,1.378,1.37851,0
2026-05-28 19:29,1.3783,1.37867,1.3782,1.37857,0
2026-05-28 19:30,1.3783,1.37867,1.3781,1.37861,0
2026-05-28 19:31,1.37857,1.37864,1.3781,1.37856,0
2026-05-28 19:32,1.37859,1.37875,1.3782,1.37858,0
2026-05-28 19:33,1.37861,1.37867,1.3783,1.3786,0
2026-05-28 19:34,1.37856,1.37866,1.3782,1.37861,0
2026-05-28 19:35,1.37845,1.37858,1.3781,1.37852,0
2026-05-28 19:36,1.37841,1.37853,1.378,1.3784,0
2026-05-28 19:37,1.37834,1.37844,1.3778,1.37841,0
2026-05-28 19:38,1.37846,1.37846,1.3779,1.37831,0
2026-05-28 19:39,1.37842,1.37847,1.378,1.37845,0
2026-05-28 19:40,1.3781,1.37846,1.3781,1.37842,0
2026-05-28 19:41,1.37847,1.37847,1.3779,1.37841,0
2026-05-28 19:42,1.37848,1.37853,1.3779,1.37842,0
2026-05-28 19:43,1.37839,1.37853,1.3779,1.37853,0
2026-05-28 19:44,1.37837,1.37846,1.3779,1.37839,0
2026-05-28 19:45,1.37841,1.37847,1.3779,1.37842,0
2026-05-28 19:46,1.37841,1.37846,1.3781,1.37841,0
2026-05-28 19:47,1.37841,1.37847,1.3779,1.37841,0
2026-05-28 19:48,1.37835,1.37845,1.3779,1.37844,0
2026-05-28 19:49,1.378,1.37843,1.378,1.37834,0
2026-05-28 19:50,1.37831,1.37835,1.3778,1.3783,0
2026-05-28 19:51,1.37832,1.37834,1.3779,1.37831,0
2026-05-28 19:52,1.37805,1.37832,1.3776,1.37828,0
2026-05-28 19:53,1.37813,1.37823,1.3777,1.37805,0
2026-05-28 19:54,1.37814,1.3782,1.3778,1.37814,0
2026-05-28 19:55,1.37806,1.37817,1.3776,1.37814,0
2026-05-28 19:56,1.37821,1.37826,1.3776,1.37806,0
2026-05-28 19:57,1.37818,1.37825,1.3777,1.37817,0
2026-05-28 19:58,1.37822,1.37826,1.3778,1.37819,0
2026-05-28 19:59,1.3783,1.37837,1.3779,1.37822,0
2026-05-28 20:00,1.37826,1.3784,1.3778,1.37831,0
2026-05-28 20:01,1.3781,1.37839,1.3778,1.37832,0
2026-05-28 20:02,1.37826,1.37838,1.3779,1.37834,0
2026-05-28 20:03,1.37837,1.37844,1.3778,1.378,0
2026-05-28 20:04,1.37837,1.37846,1.378,1.37836,0
2026-05-28 20:05,1.378,1.37843,1.378,1.37832,0
2026-05-28 20:06,1.37831,1.37838,1.378,1.378,0
2026-05-28 20:07,1.37839,1.37844,1.378,1.378,0
2026-05-28 20:08,1.37831,1.37841,1.3778,1.378,0
2026-05-28 20:09,1.37825,1.37834,1.3778,1.3783,0
2026-05-28 20:10,1.37818,1.37826,1.3777,1.37826,0
2026-05-28 20:11,1.37819,1.37824,1.3777,1.37818,0
2026-05-28 20:12,1.37827,1.37832,1.3777,1.37822,0
2026-05-28 20:13,1.37825,1.37832,1.3778,1.37825,0
2026-05-28 20:14,1.37821,1.37826,1.3777,1.37821,0
2026-05-28 20:15,1.37818,1.37822,1.3778,1.3779,0
2026-05-28 20:16,1.37811,1.37817,1.3778,1.3779,0
2026-05-28 20:17,1.37802,1.37816,1.3776,1.37816,0
2026-05-28 20:18,1.37805,1.37805,1.3776,1.3777,0
2026-05-28 20:19,1.3777,1.37809,1.3777,1.37801,0
2026-05-28 20:20,1.37804,1.37806,1.3776,1.37802,0
2026-05-28 20:21,1.37802,1.37808,1.3777,1.37801,0
2026-05-28 20:22,1.37805,1.37811,1.3777,1.37803,0
2026-05-28 20:23,1.37805,1.37811,1.3777,1.37806,0
2026-05-28 20:24,1.37803,1.37811,1.3777,1.37805,0
2026-05-28 20:25,1.37795,1.37808,1.3776,1.3778,0
2026-05-28 20:26,1.37796,1.37801,1.3776,1.3776,0
2026-05-28 20:27,1.37792,1.37806,1.3776,1.37792,0
2026-05-28 20:28,1.37792,1.37801,1.3776,1.37791,0
2026-05-28 20:29,1.3776,1.37797,1.3775,1.3776,0
2026-05-28 20:30,1.37777,1.37789,1.3773,1.37784,0
2026-05-28 20:31,1.3775,1.37782,1.3774,1.37776,0
2026-05-28 20:32,1.3775,1.37781,1.3774,1.37772,0
2026-05-28 20:33,1.37764,1.37781,1.3773,1.37774,0
2026-05-28 20:34,1.3773,1.37775,1.3773,1.37765,0
2026-05-28 20:35,1.37757,1.3777,1.3773,1.3773,0
2026-05-28 20:36,1.37757,1.37764,1.3771,1.37758,0
2026-05-28 20:37,1.37757,1.37769,1.3771,1.37757,0
2026-05-28 20:38,1.37758,1.37762,1.3771,1.37758,0
2026-05-28 20:39,1.37747,1.37758,1.377,1.3772,0
2026-05-28 20:40,1.37766,1.37769,1.3771,1.37748,0
2026-05-28 20:41,1.37773,1.37778,1.3773,1.37769,0
2026-05-28 20:42,1.37779,1.37784,1.3773,1.37776,0
2026-05-28 20:43,1.37774,1.37784,1.3773,1.37784,0
2026-05-28 20:44,1.37776,1.3778,1.3774,1.37774,0
2026-05-28 20:45,1.37781,1.37789,1.3775,1.37776,0
2026-05-28 20:46,1.37778,1.37786,1.3774,1.37785,0
2026-05-28 20:47,1.37774,1.3778,1.3774,1.37774,0
2026-05-28 20:48,1.3774,1.37786,1.3773,1.37775,0
2026-05-28 20:49,1.3774,1.37777,1.3772,1.37771,0
2026-05-28 20:50,1.37769,1.3777,1.3773,1.37759,0
2026-05-28 20:51,1.37764,1.37777,1.3772,1.3775,0
2026-05-28 20:52,1.37772,1.37781,1.3773,1.3777,0
2026-05-28 20:53,1.37775,1.37781,1.3774,1.37772,0
2026-05-28 20:54,1.37772,1.37779,1.3774,1.37773,0
2026-05-28 20:55,1.37831,1.37834,1.3774,1.37772,0
2026-05-28 20:56,1.37802,1.37829,1.3775,1.37829,0
2026-05-28 20:57,1.37803,1.37809,1.3775,1.37803,0
2026-05-28 20:58,1.37818,1.37818,1.3775,1.37808,0
2026-05-28 20:59,1.37828,1.37831,1.3777,1.37814,0
2026-05-28 21:00,1.37829,1.37836,1.3778,1.37826,0
2026-05-28 21:01,1.37828,1.37833,1.3778,1.37828,0
2026-05-28 21:02,1.37833,1.37837,1.3778,1.37828,0
2026-05-28 21:03,1.37836,1.37842,1.378,1.37833,0
2026-05-28 21:04,1.37836,1.37842,1.378,1.37836,0
2026-05-28 21:05,1.3781,1.37843,1.3779,1.37837,0
2026-05-28 21:06,1.3781,1.37843,1.3779,1.37837,0
2026-05-28 21:07,1.37818,1.37844,1.3776,1.37838,0
2026-05-28 21:08,1.3778,1.37823,1.3777,1.3779,0
2026-05-28 21:09,1.37815,1.3782,1.3778,1.37812,0
2026-05-28 21:10,1.37817,1.37818,1.3778,1.37811,0
2026-05-28 21:11,1.37811,1.37817,1.3778,1.3781,0
2026-05-28 21:12,1.37829,1.37833,1.3777,1.37811,0
2026-05-28 21:13,1.3782,1.3783,1.3778,1.37827,0
2026-05-28 21:14,1.3782,1.37825,1.3778,1.37819,0
2026-05-28 21:15,1.3782,1.37827,1.3777,1.37818,0
2026-05-28 21:16,1.3778,1.37824,1.3777,1.37819,0
2026-05-28 21:17,1.3778,1.3782,1.3778,1.3778,0
2026-05-28 21:18,1.37813,1.3782,1.3777,1.37813,0
2026-05-28 21:19,1.37818,1.37823,1.3777,1.37812,0
2026-05-28 21:20,1.37821,1.37827,1.3777,1.37819,0
2026-05-28 21:21,1.3782,1.37826,1.3777,1.37822,0
2026-05-28 21:22,1.37825,1.37828,1.3779,1.3782,0
2026-05-28 21:23,1.37825,1.3783,1.3779,1.3782,0
2026-05-28 21:24,1.3779,1.3783,1.3779,1.37822,0
2026-05-28 21:25,1.3779,1.3783,1.3779,1.3782,0
2026-05-28 21:26,1.37832,1.37836,1.3778,1.37825,0
2026-05-28 21:27,1.37831,1.37835,1.3778,1.3783,0
2026-05-28 21:28,1.3781,1.3784,1.3778,1.3778,0
2026-05-28 21:29,1.3781,1.3784,1.378,1.37833,0
2026-05-28 21:30,1.3781,1.37842,1.378,1.37832,0
2026-05-28 21:31,1.378,1.3784,1.378,1.3783,0
2026-05-28 21:32,1.378,1.37838,1.3778,1.37832,0
2026-05-28 21:33,1.3781,1.3784,1.378,1.37825,0
2026-05-28 21:34,1.378,1.37838,1.3778,1.37833,0
2026-05-28 21:35,1.37846,1.37846,1.3778,1.37833,0
2026-05-28 21:36,1.37868,1.3787,1.3781,1.37841,0
2026-05-28 21:37,1.3783,1.3787,1.3783,1.37863,0
2026-05-28 21:38,1.3782,1.37868,1.3782,1.37863,0
2026-05-28 21:39,1.37855,1.37855,1.3782,1.3785,0
2026-05-28 21:40,1.37851,1.37856,1.3782,1.37851,0
2026-05-28 21:41,1.37851,1.37856,1.3782,1.3782,0
2026-05-28 21:42,1.37852,1.37856,1.3781,1.37851,0
2026-05-28 21:43,1.3782,1.37857,1.3782,1.37852,0
2026-05-28 21:44,1.37837,1.37856,1.378,1.37852,0
2026-05-28 21:45,1.37823,1.37842,1.3777,1.37831,0
2026-05-28 21:46,1.37821,1.3783,1.3777,1.37823,0
2026-05-28 21:47,1.3783,1.3783,1.3777,1.37821,0
2026-05-28 21:48,1.37818,1.3783,1.3777,1.37824,0
2026-05-28 21:49,1.378,1.37833,1.3777,1.37818,0
2026-05-28 21:50,1.37821,1.3783,1.3777,1.37818,0
2026-05-28 21:51,1.3782,1.37827,1.3777,1.37821,0
2026-05-28 21:52,1.37825,1.37826,1.3777,1.37817,0
2026-05-28 21:53,1.3777,1.3783,1.3777,1.37823,0
2026-05-28 21:54,1.37818,1.37825,1.3776,1.3782,0
2026-05-28 21:55,1.3778,1.37831,1.3776,1.37812,0
2026-05-28 21:56,1.37841,1.37845,1.3778,1.37821,0
2026-05-28 21:57,1.37842,1.37855,1.3779,1.37838,0
2026-05-28 21:58,1.37843,1.37847,1.3779,1.3779,0
2026-05-28 21:59,1.37796,1.37843,1.3778,1.37835,0
2026-05-28 22:00,1.3779,1.3783,1.3778,1.37796,0
2026-05-28 22:01,1.3781,1.3781,1.37808,1.37808,0
2026-05-28 22:02,1.3781,1.3781,1.3779,1.3781,0
2026-05-28 22:04,1.3781,1.3781,1.3781,1.3781,0
2026-05-28 22:05,1.3781,1.3781,1.3781,1.3781,0
2026-05-28 22:06,1.3783,1.3783,1.3781,1.3781,0
2026-05-28 22:07,1.3781,1.3783,1.3781,1.3783,0
2026-05-28 22:08,1.3781,1.3781,1.3781,1.3781,0
2026-05-28 22:09,1.3781,1.3781,1.3781,1.3781,0
2026-05-28 22:10,1.3781,1.3781,1.3781,1.3781,0
2026-05-28 22:11,1.3781,1.3781,1.3781,1.3781,0
2026-05-28 22:12,1.3781,1.3781,1.3779,1.3781,0
2026-05-28 22:13,1.3781,1.3781,1.3781,1.3781,0
2026-05-28 22:14,1.3781,1.3781,1.3781,1.3781,0
2026-05-28 22:15,1.3781,1.3781,1.3781,1.3781,0
2026-05-28 22:16,1.3781,1.3781,1.3776,1.3776,0
2026-05-28 22:17,1.3782,1.3782,1.3777,1.3777,0
2026-05-28 22:18,1.3781,1.3782,1.37791,1.3782,0
2026-05-28 22:19,1.3781,1.3781,1.3781,1.3781,0
2026-05-28 22:20,1.3781,1.3781,1.3781,1.3781,0
2026-05-28 22:21,1.3781,1.3781,1.3776,1.3776,0
2026-05-28 22:22,1.3781,1.3781,1.3776,1.3776,0
2026-05-28 22:23,1.3781,1.3781,1.3776,1.3776,0
2026-05-28 22:24,1.3782,1.3782,1.3777,1.3781,0
2026-05-28 22:25,1.378,1.378,1.3776,1.3776,0
2026-05-28 22:26,1.378,1.378,1.3776,1.3776,0
2026-05-28 22:27,1.378,1.378,1.3776,1.3776,0
2026-05-28 22:28,1.378,1.378,1.3777,1.378,0
2026-05-28 22:29,1.3775,1.378,1.3775,1.3777,0
2026-05-28 22:30,1.378,1.378,1.3777,1.3777,0
2026-05-28 22:31,1.3776,1.3783,1.3775,1.37818,0
2026-05-28 22:32,1.37783,1.37832,1.3776,1.3778,0
2026-05-28 22:33,1.37783,1.37831,1.37782,1.3779,0
2026-05-28 22:34,1.37848,1.3785,1.3776,1.37783,0
2026-05-28 22:35,1.3776,1.3785,1.3776,1.3781,0
2026-05-28 22:36,1.37816,1.37842,1.3776,1.3776,0
2026-05-28 22:37,1.37841,1.37842,1.3777,1.3779,0
2026-05-28 22:38,1.3776,1.37842,1.3775,1.3779,0
2026-05-28 22:39,1.3776,1.37817,1.3775,1.3778,0
2026-05-28 22:40,1.37809,1.3782,1.3776,1.3779,0
2026-05-28 22:41,1.37798,1.37819,1.3776,1.3776,0
2026-05-28 22:42,1.37809,1.37819,1.3777,1.3778,0
2026-05-28 22:43,1.37808,1.3782,1.3775,1.3779,0
2026-05-28 22:44,1.37816,1.37822,1.3776,1.3777,0
2026-05-28 22:45,1.378,1.37824,1.3776,1.3778,0
2026-05-28 22:46,1.3779,1.37825,1.37775,1.3779,0
2026-05-28 22:47,1.37801,1.37823,1.3775,1.3778,0
2026-05-28 22:48,1.37808,1.37845,1.3777,1.3778,0
2026-05-28 22:49,1.3784,1.37847,1.3777,1.3784,0
2026-05-28 22:50,1.37838,1.37844,1.3775,1.3784,0
2026-05-28 22:51,1.3786,1.37884,1.3776,1.378,0
2026-05-28 22:52,1.37869,1.37883,1.3782,1.3784,0
2026-05-28 22:53,1.37843,1.37883,1.3781,1.3786,0
2026-05-28 22:54,1.37868,1.37882,1.3782,1.3785,0
2026-05-28 22:55,1.3787,1.37874,1.3783,1.3785,0
2026-05-28 22:56,1.37854,1.37876,1.3781,1.3783,0
2026-05-28 22:57,1.37874,1.37876,1.3782,1.3786,0
2026-05-28 22:58,1.37846,1.37875,1.3782,1.3786,0
2026-05-28 22:59,1.37845,1.37847,1.3781,1.3783,0
2026-05-28 23:00,1.37832,1.37854,1.3778,1.37844,0
2026-05-28 23:01,1.37832,1.37847,1.378,1.37829,0
2026-05-28 23:02,1.37825,1.3784,1.3777,1.3784,0
2026-05-28 23:03,1.37827,1.3784,1.37783,1.37831,0
2026-05-28 23:04,1.37836,1.3784,1.3779,1.37826,0
2026-05-28 23:05,1.37842,1.37842,1.3779,1.3784,0
2026-05-28 23:06,1.37837,1.37842,1.3779,1.3784,0
2026-05-28 23:07,1.3779,1.3784,1.3779,1.37826,0
2026-05-28 23:08,1.37826,1.3784,1.3779,1.3784,0
2026-05-28 23:09,1.37833,1.37844,1.3779,1.37837,0
2026-05-28 23:10,1.37839,1.37844,1.3779,1.3784,0
2026-05-28 23:11,1.37832,1.37844,1.37779,1.37841,0
2026-05-28 23:12,1.3782,1.3784,1.3779,1.37826,0
2026-05-28 23:13,1.37824,1.3784,1.3779,1.3784,0
2026-05-28 23:14,1.37828,1.3784,1.37779,1.3784,0
2026-05-28 23:15,1.3781,1.3784,1.3778,1.37835,0
2026-05-28 23:16,1.37823,1.37838,1.3779,1.3783,0
2026-05-28 23:17,1.37829,1.37838,1.3781,1.37832,0
2026-05-28 23:18,1.3781,1.37843,1.3781,1.37822,0
2026-05-28 23:19,1.37833,1.37842,1.3779,1.37822,0
2026-05-28 23:20,1.37818,1.37842,1.3778,1.37833,0
2026-05-28 23:21,1.37828,1.37836,1.3778,1.37831,0
2026-05-28 23:22,1.37829,1.37833,1.3778,1.37826,0
2026-05-28 23:23,1.37829,1.37834,1.3779,1.37817,0
2026-05-28 23:24,1.37834,1.37834,1.3779,1.37828,0
2026-05-28 23:25,1.37834,1.37835,1.3779,1.3779,0
2026-05-28 23:26,1.3781,1.37835,1.3781,1.37816,0
2026-05-28 23:27,1.3781,1.37837,1.3779,1.37828,0
2026-05-28 23:28,1.3781,1.37835,1.3779,1.37829,0
2026-05-28 23:29,1.37827,1.37835,1.3779,1.37829,0
2026-05-28 23:30,1.3783,1.37841,1.3779,1.3781,0
2026-05-28 23:31,1.37841,1.37841,1.3779,1.37831,0
2026-05-28 23:32,1.37833,1.3784,1.3779,1.37823,0
2026-05-28 23:33,1.37829,1.37835,1.3779,1.37833,0
2026-05-28 23:34,1.3782,1.37839,1.3779,1.37828,0
2026-05-28 23:35,1.37816,1.37837,1.3779,1.37833,0
2026-05-28 23:36,1.37816,1.37835,1.3779,1.3779,0
2026-05-28 23:37,1.37819,1.37837,1.3779,1.37834,0
2026-05-28 23:38,1.3783,1.37839,1.3779,1.37819,0
2026-05-28 23:39,1.37822,1.37837,1.3779,1.37821,0
2026-05-28 23:40,1.37833,1.37838,1.3779,1.37822,0
2026-05-28 23:41,1.37828,1.37838,1.3779,1.37832,0
2026-05-28 23:42,1.37833,1.37838,1.3779,1.37825,0
2026-05-28 23:43,1.37831,1.37838,1.3779,1.37823,0
2026-05-28 23:44,1.3781,1.37836,1.3779,1.37831,0
2026-05-28 23:45,1.3781,1.37834,1.3778,1.37833,0
2026-05-28 23:46,1.37833,1.37833,1.3778,1.3782,0
2026-05-28 23:47,1.37831,1.37837,1.3779,1.3781,0
2026-05-28 23:48,1.37822,1.37835,1.3779,1.37829,0
2026-05-28 23:49,1.37831,1.37836,1.3778,1.3779,0
2026-05-28 23:50,1.37831,1.37837,1.3779,1.37823,0
2026-05-28 23:51,1.37833,1.37836,1.3778,1.37823,0
2026-05-28 23:52,1.37828,1.37833,1.3779,1.37821,0
2026-05-28 23:53,1.37821,1.37833,1.378,1.37826,0
2026-05-28 23:54,1.37824,1.3783,1.3778,1.37828,0
2026-05-28 23:55,1.37824,1.3783,1.3778,1.37817,0
2026-05-28 23:56,1.3782,1.37833,1.3778,1.37816,0
2026-05-28 23:57,1.378,1.37835,1.3778,1.378,0
2026-05-28 23:58,1.378,1.37839,1.378,1.3781,0
2026-05-29 00:00,1.37819,1.3784,1.3778,1.37832,0
2026-05-29 00:01,1.37822,1.37832,1.3778,1.37812,0
2026-05-29 00:02,1.3779,1.37831,1.3778,1.37822,0
2026-05-29 00:03,1.37826,1.3783,1.3779,1.37818,0
2026-05-29 00:04,1.3778,1.37825,1.3778,1.37824,0
2026-05-29 00:05,1.3779,1.37827,1.3778,1.3778,0
2026-05-29 00:06,1.37824,1.37831,1.3779,1.3779,0
2026-05-29 00:07,1.3782,1.3783,1.3778,1.37819,0
2026-05-29 00:08,1.37815,1.3783,1.3779,1.3779,0
2026-05-29 00:09,1.3782,1.3783,1.3779,1.37819,0
2026-05-29 00:10,1.37813,1.37828,1.3779,1.37828,0
2026-05-29 00:11,1.37819,1.37825,1.3779,1.37824,0
2026-05-29 00:12,1.37817,1.37825,1.3779,1.37815,0
2026-05-29 00:13,1.3779,1.37825,1.3779,1.37815,0
2026-05-29 00:14,1.37815,1.37825,1.3779,1.37815,0
2026-05-29 00:15,1.3779,1.37825,1.3778,1.37815,0
2026-05-29 00:16,1.37818,1.3783,1.3779,1.37815,0
2026-05-29 00:17,1.37817,1.37827,1.3778,1.37823,0
2026-05-29 00:18,1.378,1.37825,1.3779,1.37813,0
2026-05-29 00:19,1.378,1.3783,1.3779,1.37817,0
2026-05-29 00:20,1.37823,1.3783,1.3779,1.3782,0
2026-05-29 00:21,1.37819,1.3783,1.3779,1.37823,0
2026-05-29 00:22,1.3783,1.3783,1.3779,1.3779,0
2026-05-29 00:23,1.378,1.3783,1.3779,1.37819,0
2026-05-29 00:24,1.3782,1.3783,1.3779,1.378,0
2026-05-29 00:25,1.37815,1.3783,1.3778,1.37821,0
2026-05-29 00:26,1.37818,1.37825,1.3779,1.37824,0
2026-05-29 00:27,1.37818,1.3782,1.3778,1.37819,0
2026-05-29 00:28,1.378,1.37824,1.3779,1.37817,0
2026-05-29 00:29,1.3782,1.37828,1.3779,1.37816,0
2026-05-29 00:30,1.37825,1.37834,1.3779,1.3779,0
2026-05-29 00:31,1.37829,1.37834,1.378,1.37829,0
2026-05-29 00:32,1.37822,1.37834,1.3779,1.37834,0
2026-05-29 00:33,1.37825,1.3783,1.3781,1.3783,0
2026-05-29 00:34,1.37822,1.3783,1.3781,1.3783,0
2026-05-29 00:35,1.37822,1.3783,1.3779,1.37828,0
2026-05-29 00:36,1.37829,1.3783,1.3779,1.37821,0
2026-05-29 00:37,1.3782,1.3783,1.3779,1.378,0
2026-05-29 00:38,1.3778,1.3783,1.3778,1.37828,0
2026-05-29 00:39,1.37824,1.37825,1.3778,1.37813,0
2026-05-29 00:40,1.37823,1.37829,1.3779,1.37818,0
2026-05-29 00:41,1.37824,1.3783,1.3779,1.37823,0
2026-05-29 00:42,1.37824,1.3783,1.3779,1.3779,0
2026-05-29 00:43,1.37827,1.37834,1.3779,1.3779,0
2026-05-29 00:44,1.37829,1.37833,1.3778,1.37827,0
2026-05-29 00:45,1.37827,1.37833,1.3778,1.37824,0
2026-05-29 00:46,1.37827,1.37833,1.3778,1.37826,0
2026-05-29 00:47,1.37823,1.37833,1.3779,1.378,0
2026-05-29 00:48,1.37823,1.3783,1.3779,1.37821,0
2026-05-29 00:49,1.37822,1.3783,1.3779,1.37823,0
2026-05-29 00:50,1.37833,1.37837,1.3778,1.37823,0
2026-05-29 00:51,1.37823,1.37833,1.3778,1.37828,0
2026-05-29 00:52,1.3783,1.37831,1.3779,1.37821,0
2026-05-29 00:53,1.378,1.37836,1.3778,1.37827,0
2026-05-29 00:54,1.37828,1.37838,1.3778,1.37832,0
2026-05-29 00:55,1.3781,1.37841,1.3778,1.3783,0
2026-05-29 00:56,1.378,1.37836,1.378,1.37832,0
2026-05-29 00:57,1.378,1.37838,1.378,1.37831,0
2026-05-29 00:58,1.378,1.37838,1.378,1.37838,0
2026-05-29 00:59,1.3781,1.37836,1.378,1.37831,0
2026-05-29 01:00,1.3778,1.37833,1.3777,1.37829,0
2026-05-29 01:01,1.37811,1.37819,1.3778,1.37817,0
2026-05-29 01:02,1.37817,1.37825,1.3777,1.3778,0
2026-05-29 01:03,1.37817,1.37827,1.3777,1.378,0
2026-05-29 01:04,1.37806,1.37823,1.3777,1.37818,0
2026-05-29 01:05,1.3778,1.3782,1.3777,1.37811,0
2026-05-29 01:06,1.37809,1.37815,1.3776,1.37809,0
2026-05-29 01:07,1.3778,1.37812,1.3777,1.37805,0
2026-05-29 01:08,1.37809,1.37811,1.3776,1.378,0
2026-05-29 01:09,1.37805,1.37812,1.3776,1.3781,0
2026-05-29 01:10,1.37807,1.37817,1.3776,1.37804,0
2026-05-29 01:11,1.37808,1.37814,1.3776,1.37812,0
2026-05-29 01:12,1.3777,1.3781,1.3777,1.37803,0
2026-05-29 01:13,1.37807,1.37809,1.3777,1.37802,0
2026-05-29 01:14,1.37808,1.37815,1.3776,1.37801,0
2026-05-29 01:15,1.3781,1.3782,1.3778,1.37813,0
2026-05-29 01:16,1.3781,1.37818,1.3776,1.37811,0
2026-05-29 01:17,1.37814,1.3782,1.3778,1.37807,0
2026-05-29 01:18,1.37809,1.3782,1.3778,1.37819,0
2026-05-29 01:19,1.37813,1.37817,1.3778,1.37813,0
2026-05-29 01:20,1.37801,1.37812,1.3777,1.37811,0
2026-05-29 01:21,1.37803,1.3781,1.3777,1.37806,0
2026-05-29 01:22,1.37802,1.37811,1.3777,1.37804,0
2026-05-29 01:23,1.3777,1.37808,1.3777,1.37803,0
2026-05-29 01:24,1.37805,1.37815,1.3777,1.37802,0
2026-05-29 01:25,1.3777,1.37812,1.3777,1.37804,0
2026-05-29 01:26,1.37794,1.3781,1.3776,1.3777,0
2026-05-29 01:27,1.37794,1.37802,1.3776,1.37794,0
2026-05-29 01:28,1.37796,1.37802,1.3775,1.37794,0
2026-05-29 01:29,1.3777,1.37803,1.3775,1.37795,0
2026-05-29 01:30,1.37802,1.37806,1.3775,1.37798,0
2026-05-29 01:31,1.37816,1.37817,1.3776,1.37802,0
2026-05-29 01:32,1.37812,1.3782,1.3778,1.37817,0
2026-05-29 01:33,1.3781,1.3782,1.3778,1.37813,0
2026-05-29 01:34,1.37834,1.37835,1.3777,1.37813,0
2026-05-29 01:35,1.37822,1.37834,1.3778,1.37829,0
2026-05-29 01:36,1.37823,1.3783,1.3779,1.37825,0
2026-05-29 01:37,1.37824,1.3783,1.3777,1.37823,0
2026-05-29 01:38,1.37821,1.3783,1.3779,1.37822,0
2026-05-29 01:39,1.37818,1.37828,1.3777,1.37821,0
2026-05-29 01:40,1.37824,1.37827,1.3779,1.37819,0
2026-05-29 01:41,1.37817,1.37827,1.3779,1.3782,0
2026-05-29 01:42,1.37812,1.37823,1.3777,1.37818,0
2026-05-29 01:43,1.37811,1.37818,1.3778,1.37812,0
2026-05-29 01:44,1.3778,1.37816,1.3776,1.37812,0
2026-05-29 01:45,1.3778,1.37818,1.3776,1.37809,0
2026-05-29 01:46,1.37815,1.3782,1.3778,1.37812,0
2026-05-29 01:47,1.3778,1.37825,1.3777,1.37812,0
2026-05-29 01:48,1.37816,1.37821,1.3777,1.37817,0
2026-05-29 01:49,1.3782,1.37821,1.3777,1.3779,0
2026-05-29 01:50,1.37821,1.37825,1.3777,1.37817,0
2026-05-29 01:51,1.3779,1.37826,1.3777,1.37817,0
2026-05-29 01:52,1.3778,1.3782,1.3778,1.378,0
2026-05-29 01:53,1.37819,1.37826,1.3778,1.37813,0
2026-05-29 01:54,1.3784,1.3784,1.3779,1.37823,0
2026-05-29 01:55,1.3781,1.37845,1.3779,1.37843,0
2026-05-29 01:56,1.37837,1.37845,1.3779,1.3784,0
2026-05-29 01:57,1.37849,1.37856,1.378,1.37842,0
2026-05-29 01:58,1.37843,1.37858,1.378,1.3785,0
2026-05-29 01:59,1.37837,1.37849,1.3781,1.37843,0
2026-05-29 02:00,1.37829,1.37843,1.3779,1.37839,0
2026-05-29 02:01,1.37835,1.37843,1.378,1.37829,0
2026-05-29 02:02,1.378,1.37845,1.378,1.37836,0
2026-05-29 02:03,1.37841,1.3785,1.378,1.37837,0
2026-05-29 02:04,1.37835,1.37847,1.3779,1.37841,0
2026-05-29 02:05,1.37836,1.37844,1.3779,1.37836,0
2026-05-29 02:06,1.37833,1.37837,1.3778,1.3783,0
2026-05-29 02:07,1.37832,1.37838,1.3779,1.37828,0
2026-05-29 02:08,1.37831,1.3784,1.3779,1.378,0
2026-05-29 02:09,1.3778,1.37832,1.3778,1.37826,0
2026-05-29 02:10,1.37807,1.37818,1.3776,1.37815,0
2026-05-29 02:11,1.37803,1.37813,1.3777,1.37813,0
2026-05-29 02:12,1.37797,1.3781,1.3776,1.3781,0
2026-05-29 02:13,1.37808,1.37808,1.3776,1.3777,0
2026-05-29 02:14,1.37795,1.3781,1.3776,1.37803,0
2026-05-29 02:15,1.37788,1.37803,1.3776,1.37795,0
2026-05-29 02:16,1.37798,1.37799,1.3775,1.3776,0
2026-05-29 02:17,1.37793,1.37801,1.3776,1.37792,0
2026-05-29 02:18,1.37795,1.37802,1.3776,1.37794,0
2026-05-29 02:19,1.3779,1.37797,1.3776,1.3779,0
2026-05-29 02:20,1.37786,1.37798,1.3774,1.37791,0
2026-05-29 02:21,1.37787,1.37788,1.3775,1.37779,0
2026-05-29 02:22,1.37786,1.3779,1.3774,1.37781,0
2026-05-29 02:23,1.3778,1.37793,1.3775,1.37784,0
2026-05-29 02:24,1.3778,1.37787,1.3775,1.3778,0
2026-05-29 02:25,1.37792,1.37793,1.3775,1.37783,0
2026-05-29 02:26,1.37793,1.37796,1.3776,1.37786,0
2026-05-29 02:27,1.37785,1.37794,1.3774,1.37787,0
2026-05-29 02:28,1.3776,1.37798,1.3774,1.3777,0
2026-05-29 02:29,1.37794,1.37803,1.3776,1.37791,0
2026-05-29 02:30,1.37804,1.3781,1.3777,1.3777,0
2026-05-29 02:31,1.37799,1.37806,1.3777,1.37805,0
2026-05-29 02:32,1.37799,1.3781,1.3775,1.378,0
2026-05-29 02:33,1.37799,1.37806,1.3777,1.37799,0
2026-05-29 02:34,1.37802,1.37808,1.3777,1.37799,0
2026-05-29 02:35,1.378,1.3781,1.3777,1.37803,0
2026-05-29 02:36,1.37804,1.37809,1.3777,1.37801,0
2026-05-29 02:37,1.37799,1.3781,1.3777,1.37804,0
2026-05-29 02:38,1.378,1.37807,1.3777,1.37806,0
2026-05-29 02:39,1.37803,1.3781,1.3777,1.37805,0
2026-05-29 02:40,1.37804,1.3781,1.3777,1.37802,0
2026-05-29 02:41,1.3779,1.3781,1.3777,1.37804,0
2026-05-29 02:42,1.37799,1.37811,1.3777,1.3779,0
2026-05-29 02:43,1.37803,1.37809,1.3776,1.37799,0
2026-05-29 02:44,1.37807,1.37813,1.3776,1.3777,0
2026-05-29 02:45,1.37828,1.37828,1.3776,1.37808,0
2026-05-29 02:46,1.37822,1.37829,1.3779,1.3782,0
2026-05-29 02:47,1.3783,1.37836,1.3779,1.37822,0
2026-05-29 02:48,1.3781,1.37837,1.3778,1.37829,0
2026-05-29 02:49,1.37836,1.37841,1.3778,1.37826,0
2026-05-29 02:50,1.37836,1.37842,1.378,1.3783,0
2026-05-29 02:51,1.37835,1.37842,1.378,1.37836,0
2026-05-29 02:52,1.37843,1.37848,1.378,1.37833,0
2026-05-29 02:53,1.3784,1.37847,1.3779,1.37842,0
2026-05-29 02:54,1.37838,1.37845,1.3779,1.37841,0
2026-05-29 02:55,1.37834,1.37842,1.3779,1.37838,0
2026-05-29 02:56,1.3781,1.37854,1.3779,1.37835,0
2026-05-29 02:57,1.37846,1.3785,1.3781,1.37845,0
2026-05-29 02:58,1.37846,1.37854,1.378,1.37841,0
2026-05-29 02:59,1.3785,1.37852,1.378,1.37847,0
2026-05-29 03:00,1.37823,1.37854,1.3778,1.37848,0
2026-05-29 03:01,1.37822,1.37829,1.3779,1.37823,0
2026-05-29 03:02,1.37832,1.37837,1.3779,1.37823,0
2026-05-29 03:03,1.37836,1.37838,1.378,1.37832,0
2026-05-29 03:04,1.37832,1.37837,1.378,1.37831,0
2026-05-29 03:05,1.37821,1.37842,1.3778,1.37831,0
2026-05-29 03:06,1.3783,1.37835,1.3779,1.37826,0
2026-05-29 03:07,1.37831,1.37837,1.3779,1.3783,0
2026-05-29 03:08,1.37835,1.37837,1.378,1.378,0
2026-05-29 03:09,1.37832,1.37839,1.378,1.3783,0
2026-05-29 03:10,1.37826,1.37838,1.3778,1.37836,0
2026-05-29 03:11,1.37824,1.37833,1.3779,1.37831,0
2026-05-29 03:12,1.37822,1.37829,1.3779,1.37824,0
2026-05-29 03:13,1.37821,1.37828,1.3779,1.37821,0
2026-05-29 03:14,1.37816,1.37826,1.3777,1.378,0
2026-05-29 03:15,1.37821,1.37826,1.3778,1.37816,0
2026-05-29 03:16,1.37822,1.37829,1.3779,1.37821,0
2026-05-29 03:17,1.3779,1.37828,1.3779,1.378,0
2026-05-29 03:18,1.37821,1.37829,1.3779,1.3782,0
2026-05-29 03:19,1.378,1.3783,1.3779,1.37821,0
2026-05-29 03:20,1.378,1.3783,1.3779,1.3782,0
2026-05-29 03:21,1.37821,1.37826,1.3779,1.3782,0
2026-05-29 03:22,1.3779,1.37826,1.3777,1.3782,0
2026-05-29 03:23,1.3779,1.37829,1.3779,1.3782,0
2026-05-29 03:24,1.3779,1.37827,1.3779,1.3782,0
2026-05-29 03:25,1.378,1.37828,1.3779,1.3782,0
2026-05-29 03:26,1.378,1.37829,1.3779,1.3779,0
2026-05-29 03:27,1.37827,1.37835,1.3779,1.3783,0
2026-05-29 03:28,1.37829,1.37835,1.3779,1.37825,0
2026-05-29 03:29,1.37831,1.37835,1.3779,1.3783,0
2026-05-29 03:30,1.37831,1.37836,1.378,1.3783,0
2026-05-29 03:31,1.37832,1.37837,1.3778,1.3783,0
2026-05-29 03:32,1.37823,1.37836,1.3778,1.3783,0
2026-05-29 03:33,1.37826,1.37827,1.3779,1.3782,0
2026-05-29 03:34,1.37826,1.37832,1.3779,1.3782,0
2026-05-29 03:35,1.37839,1.37842,1.3779,1.3783,0
2026-05-29 03:36,1.37836,1.37846,1.378,1.37837,0
2026-05-29 03:37,1.37837,1.37843,1.3779,1.37834,0
2026-05-29 03:38,1.37844,1.37847,1.3779,1.37837,0
2026-05-29 03:39,1.37831,1.37844,1.3779,1.3784,0
2026-05-29 03:40,1.37832,1.37839,1.378,1.37832,0
2026-05-29 03:41,1.37832,1.3784,1.3778,1.37838,0
2026-05-29 03:42,1.37827,1.37833,1.3778,1.37832,0
2026-05-29 03:43,1.37831,1.37834,1.3778,1.3783,0
2026-05-29 03:44,1.37833,1.37837,1.378,1.37834,0
2026-05-29 03:45,1.37832,1.3784,1.3778,1.37832,0
2026-05-29 03:46,1.37825,1.37834,1.3778,1.37826,0
2026-05-29 03:47,1.37837,1.3784,1.3779,1.3783,0
2026-05-29 03:48,1.37838,1.3784,1.378,1.3784,0
2026-05-29 03:49,1.37833,1.3784,1.378,1.3784,0
2026-05-29 03:50,1.3784,1.37844,1.378,1.3784,0
2026-05-29 03:51,1.3781,1.37848,1.3781,1.3784,0
2026-05-29 03:52,1.37845,1.37852,1.3781,1.3785,0
2026-05-29 03:53,1.37847,1.37853,1.3781,1.37845,0
2026-05-29 03:54,1.3782,1.37857,1.3781,1.37849,0
2026-05-29 03:55,1.3782,1.37859,1.3781,1.37847,0
2026-05-29 03:56,1.3782,1.37856,1.378,1.3785,0
2026-05-29 03:57,1.37849,1.37852,1.378,1.3785,0
2026-05-29 03:58,1.3782,1.37853,1.378,1.37845,0
2026-05-29 03:59,1.37851,1.37855,1.378,1.3785,0
2026-05-29 04:00,1.37858,1.37865,1.3781,1.37851,0
2026-05-29 04:01,1.3782,1.37868,1.3782,1.3786,0
2026-05-29 04:02,1.3785,1.37884,1.3782,1.3786,0
2026-05-29 04:03,1.37871,1.37885,1.3784,1.37879,0
2026-05-29 04:04,1.3784,1.3788,1.3782,1.3787,0
2026-05-29 04:05,1.37872,1.37876,1.3783,1.3787,0
2026-05-29 04:06,1.37873,1.3788,1.3784,1.37872,0
2026-05-29 04:07,1.3784,1.37881,1.3784,1.37877,0
2026-05-29 04:08,1.37874,1.3788,1.3784,1.3787,0
2026-05-29 04:09,1.37884,1.37884,1.3784,1.3785,0
2026-05-29 04:10,1.37887,1.37893,1.3784,1.3788,0
2026-05-29 04:11,1.37879,1.3789,1.3785,1.3789,0
2026-05-29 04:12,1.37887,1.37889,1.3785,1.37886,0
2026-05-29 04:13,1.37887,1.3789,1.3785,1.37887,0
2026-05-29 04:14,1.37887,1.37888,1.3785,1.3788,0
2026-05-29 04:15,1.3785,1.3789,1.3785,1.3789,0
2026-05-29 04:16,1.37879,1.37885,1.3785,1.3788,0
2026-05-29 04:17,1.37887,1.37888,1.3785,1.3788,0
2026-05-29 04:18,1.37877,1.3789,1.3783,1.37881,0
2026-05-29 04:19,1.37885,1.37887,1.3784,1.37876,0
2026-05-29 04:20,1.37879,1.37885,1.3784,1.3788,0
2026-05-29 04:21,1.37881,1.37884,1.3783,1.37879,0
2026-05-29 04:22,1.3788,1.37886,1.3784,1.3788,0
2026-05-29 04:23,1.3785,1.37887,1.3784,1.37881,0
2026-05-29 04:24,1.37877,1.37885,1.3783,1.37878,0
2026-05-29 04:25,1.37882,1.37888,1.3783,1.3788,0
2026-05-29 04:26,1.37874,1.3789,1.3784,1.37883,0
2026-05-29 04:27,1.3785,1.3789,1.3785,1.37878,0
2026-05-29 04:28,1.37883,1.3789,1.3785,1.3789,0
2026-05-29 04:29,1.37879,1.3789,1.3785,1.37883,0
2026-05-29 04:30,1.37879,1.37885,1.3783,1.37884,0
2026-05-29 04:31,1.37878,1.37885,1.3783,1.37879,0
2026-05-29 04:32,1.3785,1.37887,1.3783,1.37877,0
2026-05-29 04:33,1.37881,1.37887,1.3785,1.37883,0
2026-05-29 04:34,1.37879,1.37885,1.3785,1.3788,0
2026-05-29 04:35,1.37882,1.37887,1.3783,1.3785,0
2026-05-29 04:36,1.3789,1.37896,1.3785,1.3788,0
2026-05-29 04:37,1.37902,1.3791,1.3786,1.37892,0
2026-05-29 04:38,1.37913,1.37913,1.3787,1.379,0
2026-05-29 04:39,1.37901,1.37912,1.3787,1.37911,0
2026-05-29 04:40,1.37913,1.37913,1.3786,1.379,0
2026-05-29 04:41,1.3791,1.37916,1.3786,1.3791,0
2026-05-29 04:42,1.3791,1.37915,1.3786,1.37913,0
2026-05-29 04:43,1.37909,1.37915,1.3786,1.3791,0
2026-05-29 04:44,1.37899,1.37912,1.3786,1.3791,0
2026-05-29 04:45,1.37903,1.37907,1.3787,1.37904,0
2026-05-29 04:46,1.3786,1.37907,1.3785,1.37902,0
2026-05-29 04:47,1.3786,1.37902,1.3785,1.379,0
2026-05-29 04:48,1.37894,1.379,1.3786,1.379,0
2026-05-29 04:49,1.37902,1.37903,1.3785,1.37891,0
2026-05-29 04:50,1.37902,1.37906,1.3785,1.37901,0
2026-05-29 04:51,1.37899,1.37905,1.3785,1.379,0
2026-05-29 04:52,1.37901,1.37908,1.3785,1.379,0
2026-05-29 04:53,1.37896,1.37905,1.3785,1.379,0
2026-05-29 04:54,1.37896,1.37902,1.3786,1.379,0
2026-05-29 04:55,1.37896,1.37901,1.3786,1.37895,0
2026-05-29 04:56,1.37897,1.37904,1.3786,1.37896,0
2026-05-29 04:57,1.3786,1.37903,1.3785,1.37895,0
2026-05-29 04:58,1.37892,1.37902,1.3786,1.37896,0
2026-05-29 04:59,1.37896,1.37897,1.3786,1.37891,0
2026-05-29 05:00,1.37885,1.37898,1.3784,1.37891,0
2026-05-29 05:01,1.3786,1.3789,1.3784,1.37885,0
2026-05-29 05:02,1.37877,1.37887,1.3783,1.37886,0
2026-05-29 05:03,1.37877,1.37882,1.3783,1.3788,0
2026-05-29 05:04,1.3788,1.37886,1.3783,1.3788,0
2026-05-29 05:05,1.37879,1.37885,1.3785,1.3788,0
2026-05-29 05:06,1.37885,1.37887,1.3785,1.3788,0
2026-05-29 05:07,1.37884,1.37886,1.3785,1.3788,0
2026-05-29 05:08,1.37879,1.37884,1.3783,1.3788,0
2026-05-29 05:09,1.37879,1.37886,1.3783,1.37879,0
2026-05-29 05:10,1.3785,1.37881,1.3783,1.37875,0
2026-05-29 05:11,1.3784,1.37885,1.3783,1.37873,0
2026-05-29 05:12,1.37883,1.37887,1.3785,1.3786,0
2026-05-29 05:13,1.37885,1.3789,1.3785,1.3785,0
2026-05-29 05:14,1.3788,1.37888,1.3785,1.3788,0
2026-05-29 05:15,1.37877,1.37886,1.3783,1.37883,0
2026-05-29 05:16,1.37885,1.3789,1.3783,1.37882,0
2026-05-29 05:17,1.37891,1.37897,1.3785,1.37884,0
2026-05-29 05:18,1.37889,1.37897,1.3786,1.3789,0
2026-05-29 05:19,1.37889,1.37895,1.3785,1.3789,0
2026-05-29 05:20,1.3789,1.37896,1.3784,1.3789,0
2026-05-29 05:21,1.37895,1.37901,1.3784,1.37891,0
2026-05-29 05:22,1.3787,1.379,1.3786,1.37894,0
2026-05-29 05:23,1.3789,1.37897,1.3786,1.3786,0
2026-05-29 05:24,1.37891,1.37896,1.3786,1.37891,0
2026-05-29 05:25,1.3786,1.37895,1.3784,1.3789,0
2026-05-29 05:26,1.37896,1.37898,1.3784,1.37889,0
2026-05-29 05:27,1.37892,1.379,1.3786,1.37892,0
2026-05-29 05:28,1.37895,1.379,1.3785,1.37892,0
2026-05-29 05:29,1.37899,1.379,1.3786,1.37895,0
2026-05-29 05:30,1.37896,1.37903,1.3785,1.37895,0
2026-05-29 05:31,1.37896,1.37906,1.3785,1.3786,0
2026-05-29 05:32,1.37901,1.37907,1.3785,1.37896,0
2026-05-29 05:33,1.379,1.37906,1.3787,1.379,0
2026-05-29 05:34,1.3787,1.37906,1.3785,1.37901,0
2026-05-29 05:35,1.37899,1.37905,1.3785,1.37901,0
2026-05-29 05:36,1.37899,1.37905,1.3787,1.37901,0
2026-05-29 05:37,1.37899,1.37904,1.3785,1.37898,0
2026-05-29 05:38,1.37902,1.37905,1.3785,1.37898,0
2026-05-29 05:39,1.37891,1.37903,1.3785,1.37896,0
2026-05-29 05:40,1.37889,1.37897,1.3786,1.37891,0
2026-05-29 05:41,1.37891,1.37893,1.3784,1.3789,0
2026-05-29 05:42,1.37882,1.37895,1.3784,1.37887,0
2026-05-29 05:43,1.37873,1.37885,1.3782,1.37882,0
2026-05-29 05:44,1.3785,1.37876,1.3782,1.37867,0
2026-05-29 05:45,1.3787,1.37877,1.3784,1.3787,0
2026-05-29 05:46,1.37869,1.37876,1.3782,1.37876,0
2026-05-29 05:47,1.37872,1.3788,1.3784,1.37869,0
2026-05-29 05:48,1.37873,1.37884,1.3784,1.37872,0
2026-05-29 05:49,1.37883,1.37883,1.3784,1.37878,0
2026-05-29 05:50,1.3785,1.3789,1.3784,1.37878,0
2026-05-29 05:51,1.37888,1.3789,1.3785,1.37882,0
2026-05-29 05:52,1.37883,1.37888,1.3785,1.3785,0
2026-05-29 05:53,1.37874,1.37886,1.3783,1.37881,0
2026-05-29 05:54,1.3785,1.3788,1.3784,1.37874,0
2026-05-29 05:55,1.3788,1.37887,1.3784,1.37871,0
2026-05-29 05:56,1.3785,1.37894,1.3785,1.37885,0
2026-05-29 05:57,1.3785,1.37888,1.3785,1.37887,0
2026-05-29 05:58,1.3786,1.37894,1.3785,1.37882,0
2026-05-29 05:59,1.3786,1.37896,1.3784,1.37887,0
2026-05-29 06:00,1.3786,1.37896,1.3785,1.37888,0
2026-05-29 06:01,1.37887,1.37896,1.3784,1.37891,0
2026-05-29 06:02,1.3786,1.379,1.3786,1.37889,0
2026-05-29 06:03,1.37894,1.37906,1.3786,1.37892,0
2026-05-29 06:04,1.37901,1.37905,1.3786,1.37893,0
2026-05-29 06:05,1.3787,1.37906,1.3786,1.379,0
2026-05-29 06:06,1.3789,1.37897,1.3786,1.3786,0
2026-05-29 06:07,1.3784,1.37895,1.3784,1.3787,0
2026-05-29 06:08,1.37883,1.3789,1.3784,1.37886,0
2026-05-29 06:09,1.37877,1.3789,1.3783,1.37883,0
2026-05-29 06:10,1.37875,1.37882,1.3783,1.37882,0
2026-05-29 06:11,1.3787,1.37875,1.3782,1.3787,0
2026-05-29 06:12,1.3784,1.37877,1.3784,1.37868,0
2026-05-29 06:13,1.37874,1.37878,1.3782,1.37872,0
2026-05-29 06:14,1.37863,1.37876,1.3782,1.37875,0
2026-05-29 06:15,1.37866,1.3788,1.3782,1.37863,0
2026-05-29 06:16,1.3786,1.37867,1.3783,1.37861,0
2026-05-29 06:17,1.37866,1.37869,1.3783,1.3783,0
2026-05-29 06:18,1.37854,1.37865,1.3781,1.3786,0
2026-05-29 06:19,1.37851,1.37862,1.3782,1.37854,0
2026-05-29 06:20,1.3782,1.3786,1.3782,1.37856,0
2026-05-29 06:21,1.37857,1.37862,1.3781,1.37852,0
2026-05-29 06:22,1.3786,1.37865,1.3781,1.37857,0
2026-05-29 06:23,1.37864,1.37868,1.3781,1.3786,0
2026-05-29 06:24,1.37863,1.37868,1.3783,1.37862,0
2026-05-29 06:25,1.37862,1.3787,1.3783,1.37862,0
2026-05-29 06:26,1.37862,1.37867,1.3783,1.37863,0
2026-05-29 06:27,1.3786,1.37866,1.3781,1.3786,0
2026-05-29 06:28,1.3785,1.3787,1.3783,1.37861,0
2026-05-29 06:29,1.37865,1.3787,1.3783,1.37867,0
2026-05-29 06:30,1.37862,1.3787,1.3783,1.37866,0
2026-05-29 06:31,1.3783,1.37868,1.3781,1.37861,0
2026-05-29 06:32,1.3783,1.3787,1.3783,1.37867,0
2026-05-29 06:33,1.37863,1.3787,1.3782,1.3783,0
2026-05-29 06:34,1.37859,1.37867,1.3781,1.3783,0
2026-05-29 06:35,1.3784,1.37872,1.3782,1.37863,0
2026-05-29 06:36,1.3783,1.37875,1.3783,1.37866,0
2026-05-29 06:37,1.37871,1.37875,1.3783,1.37865,0
2026-05-29 06:38,1.37877,1.37878,1.3783,1.3787,0
2026-05-29 06:39,1.37873,1.3788,1.3784,1.3785,0
2026-05-29 06:40,1.37874,1.3788,1.3784,1.37878,0
2026-05-29 06:41,1.37874,1.3788,1.3784,1.37879,0
2026-05-29 06:42,1.37867,1.3788,1.3782,1.37876,0
2026-05-29 06:43,1.37866,1.37875,1.3783,1.37863,0
2026-05-29 06:44,1.3783,1.37867,1.3782,1.37867,0
2026-05-29 06:45,1.37876,1.37876,1.3783,1.3783,0
2026-05-29 06:46,1.37877,1.37877,1.3784,1.3787,0
2026-05-29 06:47,1.3787,1.37876,1.3783,1.37871,0
2026-05-29 06:48,1.37868,1.37873,1.3783,1.37871,0
2026-05-29 06:49,1.37869,1.37873,1.3783,1.37868,0
2026-05-29 06:50,1.37867,1.37876,1.3782,1.37868,0
2026-05-29 06:51,1.3783,1.37871,1.3783,1.37865,0
2026-05-29 06:52,1.37859,1.3787,1.3782,1.3783,0
2026-05-29 06:53,1.37853,1.37861,1.3781,1.37857,0
2026-05-29 06:54,1.37848,1.37862,1.378,1.37852,0
2026-05-29 06:55,1.3782,1.37858,1.378,1.37844,0
2026-05-29 06:56,1.37863,1.37868,1.3782,1.37853,0
2026-05-29 06:57,1.37868,1.37873,1.3781,1.37864,0
2026-05-29 06:58,1.3784,1.37878,1.3782,1.37868,0
2026-05-29 06:59,1.3784,1.3788,1.3784,1.37874,0
2026-05-29 07:00,1.37869,1.37876,1.3782,1.37867,0
2026-05-29 07:01,1.3789,1.37894,1.3783,1.37869,0
2026-05-29 07:02,1.37888,1.37898,1.3784,1.3789,0
2026-05-29 07:03,1.37884,1.37892,1.3784,1.37889,0
2026-05-29 07:04,1.37878,1.37884,1.3782,1.3788,0
2026-05-29 07:05,1.37876,1.37883,1.3782,1.37879,0
2026-05-29 07:06,1.37877,1.37885,1.3783,1.3784,0
2026-05-29 07:07,1.37863,1.3788,1.3782,1.37872,0
2026-05-29 07:08,1.37859,1.3787,1.3781,1.37866,0
2026-05-29 07:09,1.37869,1.37875,1.3782,1.37859,0
2026-05-29 07:10,1.37859,1.37875,1.3782,1.37867,0
2026-05-29 07:11,1.37862,1.37865,1.3781,1.37858,0
2026-05-29 07:12,1.37852,1.37862,1.3782,1.37862,0
2026-05-29 07:13,1.37859,1.3786,1.3781,1.37852,0
2026-05-29 07:14,1.37843,1.3786,1.3781,1.3783,0
2026-05-29 07:15,1.3783,1.37868,1.3781,1.37842,0
2026-05-29 07:16,1.37875,1.37876,1.3781,1.3783,0
2026-05-29 07:17,1.3787,1.37875,1.3783,1.3783,0
2026-05-29 07:18,1.37869,1.37876,1.3783,1.3787,0
2026-05-29 07:19,1.37867,1.3787,1.3783,1.37864,0
2026-05-29 07:20,1.3784,1.3788,1.3783,1.37863,0
2026-05-29 07:21,1.37889,1.3789,1.3784,1.37871,0
2026-05-29 07:22,1.37893,1.37894,1.3785,1.3785,0
2026-05-29 07:23,1.3785,1.379,1.3785,1.37889,0
2026-05-29 07:24,1.37896,1.379,1.3785,1.37884,0
2026-05-29 07:25,1.37906,1.37912,1.3785,1.37891,0
2026-05-29 07:26,1.37912,1.37917,1.3787,1.37908,0
2026-05-29 07:27,1.3788,1.37916,1.3787,1.37914,0
2026-05-29 07:28,1.37916,1.37919,1.3787,1.37913,0
2026-05-29 07:29,1.37922,1.37926,1.3788,1.37912,0
2026-05-29 07:30,1.37921,1.37927,1.3788,1.37925,0
2026-05-29 07:31,1.37924,1.37933,1.3789,1.37924,0
2026-05-29 07:32,1.37933,1.37937,1.3788,1.37925,0
2026-05-29 07:33,1.37933,1.37946,1.3789,1.37933,0
2026-05-29 07:34,1.37944,1.37948,1.3789,1.37933,0
2026-05-29 07:35,1.37951,1.37951,1.379,1.37945,0
2026-05-29 07:36,1.37948,1.37955,1.379,1.37947,0
2026-05-29 07:37,1.37954,1.37959,1.3792,1.37948,0
2026-05-29 07:38,1.37945,1.37952,1.379,1.3795,0
2026-05-29 07:39,1.37936,1.37945,1.3789,1.37942,0
2026-05-29 07:40,1.37946,1.37952,1.379,1.37936,0
2026-05-29 07:41,1.3792,1.37954,1.379,1.37946,0
2026-05-29 07:42,1.37949,1.37953,1.379,1.37949,0
2026-05-29 07:43,1.3796,1.3796,1.3791,1.37948,0
2026-05-29 07:44,1.37954,1.37961,1.3792,1.37955,0
2026-05-29 07:45,1.3795,1.37959,1.3791,1.37952,0
2026-05-29 07:46,1.37936,1.37952,1.379,1.37945,0
2026-05-29 07:47,1.3789,1.37938,1.3789,1.37936,0
2026-05-29 07:48,1.37928,1.37933,1.3789,1.37922,0
2026-05-29 07:49,1.37932,1.37937,1.3788,1.37929,0
2026-05-29 07:50,1.37931,1.37943,1.3789,1.37933,0
2026-05-29 07:51,1.37933,1.3794,1.379,1.379,0
2026-05-29 07:52,1.37933,1.3794,1.379,1.37933,0
2026-05-29 07:53,1.37934,1.3794,1.379,1.379,0
2026-05-29 07:54,1.37927,1.37936,1.3788,1.3791,0
2026-05-29 07:55,1.3792,1.37933,1.3789,1.379,0
2026-05-29 07:56,1.37929,1.37932,1.3789,1.3789,0
2026-05-29 07:57,1.37927,1.37941,1.3788,1.37931,0
2026-05-29 07:58,1.37929,1.37934,1.3789,1.37927,0
2026-05-29 07:59,1.3793,1.37934,1.3789,1.37928,0
2026-05-29 08:00,1.3794,1.37945,1.379,1.37934,0
2026-05-29 08:01,1.3795,1.37957,1.3791,1.37939,0
2026-05-29 08:02,1.37962,1.37971,1.3792,1.3795,0
2026-05-29 08:03,1.37968,1.37974,1.3792,1.37961,0
2026-05-29 08:04,1.37965,1.37973,1.3792,1.37973,0
2026-05-29 08:05,1.37965,1.3797,1.3792,1.37967,0
2026-05-29 08:06,1.37966,1.3797,1.3793,1.37963,0
2026-05-29 08:07,1.37962,1.37967,1.3792,1.37962,0
2026-05-29 08:08,1.37965,1.37971,1.3793,1.37962,0
2026-05-29 08:09,1.37961,1.37972,1.3793,1.37965,0
2026-05-29 08:10,1.3795,1.37967,1.3791,1.37961,0
2026-05-29 08:11,1.3794,1.37959,1.3792,1.37951,0
2026-05-29 08:12,1.37965,1.37971,1.3791,1.37955,0
2026-05-29 08:13,1.37977,1.37983,1.3792,1.3797,0
2026-05-29 08:14,1.37983,1.37992,1.3793,1.37977,0
2026-05-29 08:15,1.37978,1.37986,1.3794,1.37979,0
2026-05-29 08:16,1.37976,1.37986,1.3793,1.37978,0
2026-05-29 08:17,1.37966,1.37981,1.3792,1.3798,0
2026-05-29 08:18,1.3797,1.37973,1.3792,1.37966,0
2026-05-29 08:19,1.37959,1.37973,1.3793,1.37966,0
2026-05-29 08:20,1.37956,1.37967,1.3791,1.37959,0
2026-05-29 08:21,1.37951,1.37963,1.3791,1.37956,0
2026-05-29 08:22,1.37969,1.37973,1.3792,1.3792,0
2026-05-29 08:23,1.37989,1.37992,1.3794,1.37971,0
2026-05-29 08:24,1.37997,1.38001,1.3795,1.37991,0
2026-05-29 08:25,1.38001,1.38002,1.3796,1.37999,0
2026-05-29 08:26,1.38001,1.38005,1.3796,1.37996,0
2026-05-29 08:27,1.38,1.38004,1.3796,1.38,0
2026-05-29 08:28,1.3797,1.38006,1.3795,1.38,0
2026-05-29 08:29,1.3797,1.38002,1.3795,1.38001,0
2026-05-29 08:30,1.3798,1.38014,1.3796,1.37998,0
2026-05-29 08:31,1.38005,1.38013,1.3797,1.38005,0
2026-05-29 08:32,1.3797,1.3801,1.3795,1.38008,0
2026-05-29 08:33,1.37986,1.37996,1.3794,1.37992,0
2026-05-29 08:34,1.3794,1.37987,1.3794,1.37982,0
2026-05-29 08:35,1.37982,1.3799,1.3794,1.37976,0
2026-05-29 08:36,1.38,1.3802,1.3794,1.37984,0
2026-05-29 08:37,1.38,1.38015,1.3796,1.3801,0
2026-05-29 08:38,1.38006,1.38006,1.3796,1.3798,0
2026-05-29 08:39,1.38023,1.3803,1.3797,1.3797,0
2026-05-29 08:40,1.38012,1.3803,1.3797,1.38,0
2026-05-29 08:41,1.38022,1.3803,1.3798,1.3799,0
2026-05-29 08:42,1.38016,1.38023,1.3797,1.38,0
2026-05-29 08:43,1.38006,1.3802,1.3796,1.38017,0
2026-05-29 08:44,1.37999,1.38006,1.3794,1.38006,0
2026-05-29 08:45,1.38002,1.38011,1.3795,1.37995,0
2026-05-29 08:46,1.37998,1.38004,1.3795,1.37999,0
2026-05-29 08:47,1.37995,1.38006,1.3795,1.37997,0
2026-05-29 08:48,1.37989,1.38001,1.3794,1.37989,0
2026-05-29 08:49,1.37993,1.38001,1.3796,1.37988,0
2026-05-29 08:50,1.3799,1.38,1.3794,1.37998,0
2026-05-29 08:51,1.3796,1.37992,1.3794,1.37989,0
2026-05-29 08:52,1.37988,1.37993,1.3794,1.37987,0
2026-05-29 08:53,1.37997,1.38002,1.3794,1.37988,0
2026-05-29 08:54,1.37999,1.38005,1.3795,1.37998,0
2026-05-29 08:55,1.37994,1.38002,1.3794,1.37998,0
2026-05-29 08:56,1.3798,1.38001,1.3794,1.37994,0
2026-05-29 08:57,1.37988,1.37992,1.3795,1.3798,0
2026-05-29 08:58,1.37997,1.38002,1.3795,1.3799,0
2026-05-29 08:59,1.38003,1.38011,1.3796,1.38001,0
2026-05-29 09:00,1.38033,1.38047,1.3797,1.38006,0
2026-05-29 09:01,1.38029,1.38045,1.3799,1.38033,0
2026-05-29 09:02,1.38,1.38038,1.3798,1.38023,0
2026-05-29 09:03,1.38057,1.38065,1.38,1.38037,0
2026-05-29 09:04,1.38038,1.38063,1.3799,1.38062,0
2026-05-29 09:05,1.38023,1.38048,1.3798,1.38039,0
2026-05-29 09:06,1.38038,1.38045,1.3799,1.38023,0
2026-05-29 09:07,1.3805,1.38055,1.38,1.38043,0
2026-05-29 09:08,1.3805,1.38055,1.3801,1.3805,0
2026-05-29 09:09,1.38057,1.38063,1.38,1.3805,0
2026-05-29 09:10,1.38054,1.38069,1.3802,1.38057,0
2026-05-29 09:11,1.38066,1.38071,1.3802,1.38055,0
2026-05-29 09:12,1.38063,1.38068,1.3802,1.38061,0
2026-05-29 09:13,1.38075,1.38077,1.3803,1.3806,0
2026-05-29 09:14,1.38062,1.38075,1.3801,1.3807,0
2026-05-29 09:15,1.38063,1.38072,1.3802,1.38058,0
2026-05-29 09:16,1.38055,1.38071,1.3801,1.38064,0
2026-05-29 09:17,1.38046,1.38058,1.38,1.3805,0
2026-05-29 09:18,1.38042,1.3805,1.38,1.38048,0
2026-05-29 09:19,1.38045,1.38052,1.3801,1.38043,0
2026-05-29 09:20,1.3805,1.38058,1.3801,1.38044,0
2026-05-29 09:21,1.38035,1.38061,1.38,1.38051,0
2026-05-29 09:22,1.38034,1.38048,1.38,1.38033,0
2026-05-29 09:23,1.38036,1.38043,1.3799,1.38034,0
2026-05-29 09:24,1.38039,1.38045,1.38,1.38041,0
2026-05-29 09:25,1.38027,1.38043,1.3798,1.38038,0
2026-05-29 09:26,1.38,1.38044,1.3799,1.38032,0
2026-05-29 09:27,1.38,1.3804,1.3798,1.38034,0
2026-05-29 09:28,1.38023,1.38031,1.3799,1.3803,0
2026-05-29 09:29,1.38024,1.38032,1.3799,1.38028,0
2026-05-29 09:30,1.38025,1.38031,1.3799,1.38024,0
2026-05-29 09:31,1.38022,1.3803,1.3797,1.3801,0
2026-05-29 09:32,1.38018,1.38024,1.3797,1.38021,0
2026-05-29 09:33,1.38014,1.38025,1.3798,1.38023,0
2026-05-29 09:34,1.38007,1.3802,1.3797,1.38013,0
2026-05-29 09:35,1.38006,1.38013,1.3797,1.38012,0
2026-05-29 09:36,1.38008,1.38017,1.3797,1.38005,0
2026-05-29 09:37,1.38003,1.3801,1.3795,1.38009,0
2026-05-29 09:38,1.3798,1.38008,1.3795,1.37998,0
2026-05-29 09:39,1.37993,1.38001,1.3796,1.37995,0
2026-05-29 09:40,1.38003,1.38007,1.3796,1.37992,0
2026-05-29 09:41,1.37993,1.38009,1.3796,1.38002,0
2026-05-29 09:42,1.38,1.38005,1.3796,1.37998,0
2026-05-29 09:43,1.38013,1.38018,1.3797,1.37994,0
2026-05-29 09:44,1.38012,1.38018,1.3798,1.38012,0
2026-05-29 09:45,1.3799,1.38026,1.3797,1.38012,0
2026-05-29 09:46,1.38032,1.38038,1.3799,1.38017,0
2026-05-29 09:47,1.38032,1.38046,1.38,1.38032,0
2026-05-29 09:48,1.38043,1.38049,1.38,1.38,0
2026-05-29 09:49,1.38034,1.38047,1.3799,1.38042,0
2026-05-29 09:50,1.38051,1.38056,1.38,1.38,0
2026-05-29 09:51,1.38051,1.38057,1.3801,1.38051,0
2026-05-29 09:52,1.38036,1.38057,1.3801,1.3805,0
2026-05-29 09:53,1.3802,1.38049,1.38,1.38036,0
2026-05-29 09:54,1.3805,1.38053,1.3801,1.3802,0
2026-05-29 09:55,1.38064,1.38068,1.3802,1.3803,0
2026-05-29 09:56,1.38075,1.38076,1.3803,1.38068,0
2026-05-29 09:57,1.3807,1.38076,1.3802,1.38076,0
2026-05-29 09:58,1.38061,1.38075,1.3802,1.38069,0
2026-05-29 09:59,1.38053,1.38066,1.3801,1.38061,0
2026-05-29 10:00,1.38055,1.38058,1.3802,1.3803,0
2026-05-29 10:01,1.3804,1.38056,1.3799,1.3805,0
2026-05-29 10:02,1.38048,1.38054,1.38,1.38041,0
2026-05-29 10:03,1.38041,1.38053,1.3799,1.38051,0
2026-05-29 10:04,1.38041,1.38047,1.3801,1.3804,0
2026-05-29 10:05,1.38039,1.38046,1.3801,1.38041,0
2026-05-29 10:06,1.38051,1.38056,1.3799,1.3804,0
2026-05-29 10:07,1.38036,1.38055,1.38,1.3805,0
2026-05-29 10:08,1.38049,1.38054,1.3801,1.38041,0
2026-05-29 10:09,1.38064,1.38064,1.38,1.38054,0
2026-05-29 10:10,1.38056,1.38064,1.3802,1.3806,0
2026-05-29 10:11,1.38057,1.38063,1.3801,1.38056,0
2026-05-29 10:12,1.38052,1.3807,1.3802,1.38055,0
2026-05-29 10:13,1.38049,1.38055,1.38,1.3802,0
2026-05-29 10:14,1.38041,1.38053,1.3801,1.38049,0
2026-05-29 10:15,1.38043,1.38053,1.3801,1.38041,0
2026-05-29 10:16,1.3805,1.38055,1.3801,1.38049,0
2026-05-29 10:17,1.3802,1.38056,1.38,1.38051,0
2026-05-29 10:18,1.3804,1.3807,1.3801,1.38055,0
2026-05-29 10:19,1.3808,1.38082,1.3802,1.3806,0
2026-05-29 10:20,1.38081,1.38086,1.3804,1.3805,0
2026-05-29 10:21,1.3804,1.38093,1.3804,1.38081,0
2026-05-29 10:22,1.38072,1.3808,1.3804,1.38074,0
2026-05-29 10:23,1.3807,1.38079,1.3803,1.38073,0
2026-05-29 10:24,1.38074,1.38078,1.3804,1.3804,0
2026-05-29 10:25,1.38074,1.38082,1.3804,1.3804,0
2026-05-29 10:26,1.3808,1.38085,1.3804,1.38075,0
2026-05-29 10:27,1.38078,1.38084,1.3803,1.3808,0
2026-05-29 10:28,1.38079,1.38084,1.3803,1.38078,0
2026-05-29 10:29,1.38078,1.38084,1.3803,1.38083,0
2026-05-29 10:30,1.38081,1.38089,1.3803,1.38082,0
2026-05-29 10:31,1.38079,1.38085,1.3803,1.38085,0
2026-05-29 10:32,1.38073,1.38084,1.3804,1.38081,0
2026-05-29 10:33,1.3804,1.3808,1.3803,1.38074,0
2026-05-29 10:34,1.38073,1.38081,1.3804,1.38072,0
2026-05-29 10:35,1.3808,1.38085,1.3803,1.38073,0
2026-05-29 10:36,1.38073,1.38088,1.3803,1.3808,0
2026-05-29 10:37,1.38072,1.38082,1.3803,1.38073,0
2026-05-29 10:38,1.38069,1.3808,1.3804,1.38073,0
2026-05-29 10:39,1.38083,1.38086,1.3803,1.38072,0
2026-05-29 10:40,1.38087,1.38091,1.3805,1.38079,0
2026-05-29 10:41,1.38078,1.38093,1.3804,1.38088,0
2026-05-29 10:42,1.38081,1.3809,1.3805,1.3808,0
2026-05-29 10:43,1.38075,1.38086,1.3803,1.38085,0
2026-05-29 10:44,1.38073,1.38081,1.3804,1.38074,0
2026-05-29 10:45,1.38068,1.3808,1.3802,1.38073,0
2026-05-29 10:46,1.38074,1.38078,1.3802,1.38068,0
2026-05-29 10:47,1.38068,1.3808,1.3804,1.38079,0
2026-05-29 10:48,1.38064,1.38074,1.3802,1.38068,0
2026-05-29 10:49,1.38064,1.38075,1.3802,1.38064,0
2026-05-29 10:50,1.38061,1.3807,1.3803,1.3804,0
2026-05-29 10:51,1.38062,1.38075,1.3802,1.38059,0
2026-05-29 10:52,1.38069,1.38078,1.3802,1.38062,0
2026-05-29 10:53,1.38074,1.38081,1.3803,1.38069,0
2026-05-29 10:54,1.38068,1.38083,1.3803,1.38076,0
2026-05-29 10:55,1.38075,1.38081,1.3802,1.38068,0
2026-05-29 10:56,1.38073,1.3808,1.3804,1.3805,0
2026-05-29 10:57,1.38059,1.3808,1.3801,1.38073,0
2026-05-29 10:58,1.38066,1.38067,1.3801,1.38059,0
2026-05-29 10:59,1.38075,1.38081,1.3803,1.38066,0
2026-05-29 11:00,1.3805,1.38091,1.3805,1.38074,0
2026-05-29 11:01,1.38082,1.38091,1.3804,1.38082,0
2026-05-29 11:02,1.38089,1.38096,1.3804,1.38083,0
2026-05-29 11:03,1.38089,1.38095,1.3804,1.38089,0
2026-05-29 11:04,1.38102,1.38106,1.3804,1.38089,0
2026-05-29 11:05,1.3806,1.38105,1.3805,1.381,0
2026-05-29 11:06,1.3806,1.38103,1.3805,1.38092,0
2026-05-29 11:07,1.38083,1.38097,1.3804,1.38092,0
2026-05-29 11:08,1.3806,1.38094,1.3804,1.38082,0
2026-05-29 11:09,1.38092,1.381,1.3804,1.38087,0
2026-05-29 11:10,1.38095,1.38106,1.3806,1.38092,0
2026-05-29 11:11,1.38081,1.38095,1.3804,1.38091,0
2026-05-29 11:12,1.38083,1.38089,1.3805,1.38082,0
2026-05-29 11:13,1.38072,1.38087,1.3804,1.3805,0
2026-05-29 11:14,1.38065,1.38078,1.3802,1.38078,0
2026-05-29 11:15,1.3807,1.38075,1.3802,1.38066,0
2026-05-29 11:16,1.3803,1.38076,1.3803,1.3807,0
2026-05-29 11:17,1.3807,1.38073,1.3802,1.38066,0
2026-05-29 11:18,1.3804,1.3808,1.3802,1.38068,0
2026-05-29 11:19,1.38077,1.38082,1.3802,1.3804,0
2026-05-29 11:20,1.38071,1.38081,1.3802,1.3806,0
2026-05-29 11:21,1.38066,1.38073,1.3802,1.38067,0
2026-05-29 11:22,1.38066,1.3807,1.3802,1.3806,0
2026-05-29 11:23,1.3807,1.3807,1.3803,1.3806,0
2026-05-29 11:24,1.38066,1.38075,1.3802,1.38067,0
2026-05-29 11:25,1.38067,1.38074,1.3802,1.38069,0
2026-05-29 11:26,1.38067,1.38076,1.3802,1.38071,0
2026-05-29 11:27,1.38062,1.38075,1.3802,1.38067,0
2026-05-29 11:28,1.3804,1.3807,1.3802,1.3803,0
2026-05-29 11:29,1.38056,1.38066,1.3801,1.38061,0
2026-05-29 11:30,1.38051,1.3806,1.3801,1.38057,0
2026-05-29 11:31,1.38055,1.38056,1.38,1.38051,0
2026-05-29 11:32,1.3804,1.3806,1.3801,1.38051,0
2026-05-29 11:33,1.3802,1.3806,1.3802,1.38052,0
2026-05-29 11:34,1.3804,1.3806,1.3802,1.3805,0
2026-05-29 11:35,1.3806,1.3807,1.3801,1.38057,0
2026-05-29 11:36,1.38056,1.3807,1.3803,1.38065,0
2026-05-29 11:37,1.38052,1.38062,1.3801,1.38056,0
2026-05-29 11:38,1.3804,1.38068,1.3802,1.38053,0
2026-05-29 11:39,1.38062,1.3807,1.3803,1.38062,0
2026-05-29 11:40,1.3804,1.38078,1.3803,1.38062,0
2026-05-29 11:41,1.38078,1.38085,1.3803,1.3805,0
2026-05-29 11:42,1.38086,1.38087,1.3803,1.3808,0
2026-05-29 11:43,1.38082,1.3809,1.3805,1.38081,0
2026-05-29 11:44,1.38089,1.38095,1.3804,1.3806,0
2026-05-29 11:45,1.3806,1.38095,1.3804,1.3807,0
2026-05-29 11:46,1.38094,1.38096,1.3804,1.38087,0
2026-05-29 11:47,1.38095,1.381,1.3804,1.38089,0
2026-05-29 11:48,1.38089,1.38104,1.3805,1.38094,0
2026-05-29 11:49,1.38082,1.38094,1.3804,1.38094,0
2026-05-29 11:50,1.38082,1.3809,1.3805,1.38082,0
2026-05-29 11:51,1.38099,1.38102,1.3804,1.38082,0
2026-05-29 11:52,1.3806,1.38103,1.3805,1.38098,0
2026-05-29 11:53,1.3809,1.38096,1.3804,1.3809,0
2026-05-29 11:54,1.38089,1.38097,1.3804,1.3809,0
2026-05-29 11:55,1.38084,1.38094,1.3804,1.38089,0
2026-05-29 11:56,1.38083,1.38092,1.3805,1.38085,0
2026-05-29 11:57,1.38093,1.38096,1.3804,1.38083,0
2026-05-29 11:58,1.38078,1.38094,1.3803,1.38089,0
2026-05-29 11:59,1.3805,1.38084,1.3803,1.38078,0
2026-05-29 12:00,1.38089,1.381,1.3804,1.38079,0
2026-05-29 12:01,1.3809,1.38095,1.3804,1.38089,0
2026-05-29 12:02,1.3809,1.38095,1.3806,1.3806,0
2026-05-29 12:03,1.38082,1.38095,1.3804,1.3809,0
2026-05-29 12:04,1.38088,1.38094,1.3804,1.38084,0
2026-05-29 12:05,1.38095,1.381,1.3804,1.38089,0
2026-05-29 12:06,1.38095,1.38105,1.3805,1.38091,0
2026-05-29 12:07,1.38099,1.38102,1.3806,1.38094,0
2026-05-29 12:08,1.3806,1.38102,1.3806,1.38098,0
2026-05-29 12:09,1.38092,1.38098,1.3804,1.3809,0
2026-05-29 12:10,1.3811,1.38115,1.3806,1.38093,0
2026-05-29 12:11,1.38107,1.38113,1.3806,1.38109,0
2026-05-29 12:12,1.38118,1.38125,1.3806,1.38109,0
2026-05-29 12:13,1.3809,1.38125,1.3807,1.38119,0
2026-05-29 12:14,1.38119,1.38126,1.3807,1.38118,0
2026-05-29 12:15,1.38126,1.38129,1.3809,1.38119,0
2026-05-29 12:16,1.38137,1.38141,1.3809,1.38123,0
2026-05-29 12:17,1.38137,1.38142,1.381,1.38135,0
2026-05-29 12:18,1.38136,1.38141,1.3808,1.3811,0
2026-05-29 12:19,1.38109,1.38141,1.3807,1.38136,0
2026-05-29 12:20,1.38093,1.38117,1.3804,1.38113,0
2026-05-29 12:21,1.38113,1.38121,1.3805,1.3807,0
2026-05-29 12:22,1.38121,1.38134,1.3808,1.38113,0
2026-05-29 12:23,1.38143,1.38146,1.3807,1.3812,0
2026-05-29 12:24,1.38119,1.38147,1.3808,1.38142,0
2026-05-29 12:25,1.38117,1.38128,1.3807,1.38116,0
2026-05-29 12:26,1.38119,1.3813,1.3808,1.38118,0
2026-05-29 12:27,1.38135,1.3814,1.3808,1.38118,0
2026-05-29 12:28,1.38132,1.38144,1.3808,1.38132,0
2026-05-29 12:29,1.38122,1.38133,1.3807,1.38128,0
2026-05-29 12:30,1.38138,1.38142,1.3808,1.38118,0
2026-05-29 12:31,1.38119,1.38142,1.3807,1.38141,0
2026-05-29 12:32,1.38121,1.38125,1.3807,1.38122,0
2026-05-29 12:33,1.3811,1.38125,1.3807,1.38119,0
2026-05-29 12:34,1.38107,1.38114,1.3807,1.3811,0
2026-05-29 12:35,1.3808,1.38112,1.3804,1.3808,0
2026-05-29 12:36,1.3808,1.38087,1.3803,1.38081,0
2026-05-29 12:37,1.38061,1.38086,1.3803,1.38083,0
2026-05-29 12:38,1.38065,1.38069,1.3801,1.38068,0
2026-05-29 12:39,1.3806,1.38075,1.3801,1.3806,0
2026-05-29 12:40,1.38068,1.38073,1.3801,1.38061,0
2026-05-29 12:41,1.38062,1.38073,1.3801,1.3807,0
2026-05-29 12:42,1.3806,1.38065,1.3801,1.3806,0
2026-05-29 12:43,1.38068,1.38076,1.3801,1.38058,0
2026-05-29 12:44,1.38062,1.38072,1.3802,1.38067,0
2026-05-29 12:45,1.3805,1.38067,1.3801,1.38062,0
2026-05-29 12:46,1.38055,1.38061,1.3801,1.38049,0
2026-05-29 12:47,1.38041,1.38061,1.38,1.38055,0
2026-05-29 12:48,1.3804,1.38047,1.3801,1.38041,0
2026-05-29 12:49,1.3802,1.38057,1.3801,1.38042,0
2026-05-29 12:50,1.3802,1.38056,1.38,1.38051,0
2026-05-29 12:51,1.38043,1.38057,1.38,1.38052,0
2026-05-29 12:52,1.38052,1.38059,1.3799,1.38044,0
2026-05-29 12:53,1.38019,1.38057,1.3798,1.3801,0
2026-05-29 12:54,1.3802,1.3803,1.3798,1.38019,0
2026-05-29 12:55,1.38027,1.38037,1.3799,1.3802,0
2026-05-29 12:56,1.38007,1.38027,1.3799,1.38022,0
2026-05-29 12:57,1.38003,1.38014,1.3795,1.38011,0
2026-05-29 12:58,1.37999,1.3801,1.3796,1.38008,0
2026-05-29 12:59,1.3798,1.38005,1.3796,1.3797,0
2026-05-29 13:00,1.37998,1.38008,1.3795,1.38,0
2026-05-29 13:01,1.38026,1.38026,1.3797,1.37994,0
2026-05-29 13:02,1.38043,1.3805,1.3798,1.38022,0
2026-05-29 13:03,1.38052,1.3806,1.3801,1.3802,0
2026-05-29 13:04,1.38063,1.38064,1.38,1.38055,0
2026-05-29 13:05,1.3805,1.38067,1.3801,1.38058,0
2026-05-29 13:06,1.38049,1.3806,1.3802,1.38055,0
2026-05-29 13:07,1.3806,1.38065,1.3802,1.38053,0
2026-05-29 13:08,1.38042,1.38067,1.38,1.38064,0
2026-05-29 13:09,1.38039,1.3805,1.3799,1.38043,0
2026-05-29 13:10,1.38038,1.38044,1.3799,1.38044,0
2026-05-29 13:11,1.38053,1.38058,1.3801,1.38038,0
2026-05-29 13:12,1.3802,1.3807,1.3802,1.38051,0
2026-05-29 13:13,1.38027,1.38056,1.3798,1.38051,0
2026-05-29 13:14,1.38018,1.38027,1.3797,1.38022,0
2026-05-29 13:15,1.38014,1.38023,1.3798,1.38016,0
2026-05-29 13:16,1.3802,1.3803,1.3798,1.38014,0
2026-05-29 13:17,1.38023,1.38031,1.3799,1.38017,0
2026-05-29 13:18,1.38042,1.38046,1.3799,1.38026,0
2026-05-29 13:19,1.38034,1.3805,1.3799,1.38043,0
2026-05-29 13:20,1.38054,1.38057,1.3799,1.38036,0
2026-05-29 13:21,1.38064,1.38069,1.38,1.38054,0
2026-05-29 13:22,1.38083,1.3809,1.3803,1.38064,0
2026-05-29 13:23,1.38072,1.38087,1.3803,1.38087,0
2026-05-29 13:24,1.38079,1.38084,1.3803,1.38069,0
2026-05-29 13:25,1.3808,1.38092,1.3803,1.38076,0
2026-05-29 13:26,1.3808,1.38086,1.3802,1.38081,0
2026-05-29 13:27,1.38065,1.38084,1.3803,1.3808,0
2026-05-29 13:28,1.38059,1.3807,1.3801,1.3806,0
2026-05-29 13:29,1.38064,1.38073,1.3801,1.38059,0
2026-05-29 13:30,1.38141,1.38161,1.38004,1.3806,0
2026-05-29 13:31,1.38183,1.38202,1.3811,1.38135,0
2026-05-29 13:32,1.38186,1.3821,1.3812,1.38179,0
2026-05-29 13:33,1.38194,1.38213,1.3815,1.38187,0
2026-05-29 13:34,1.3816,1.38198,1.3813,1.38195,0
2026-05-29 13:35,1.3819,1.38196,1.3813,1.38184,0
2026-05-29 13:36,1.38194,1.38201,1.3816,1.3819,0
2026-05-29 13:37,1.38212,1.38213,1.3815,1.38199,0
2026-05-29 13:38,1.38225,1.38226,1.3815,1.38208,0
2026-05-29 13:39,1.38201,1.38227,1.3816,1.3819,0
2026-05-29 13:40,1.38198,1.38202,1.3814,1.38201,0
2026-05-29 13:41,1.38198,1.38213,1.3815,1.3816,0
2026-05-29 13:42,1.38187,1.38201,1.3815,1.38199,0
2026-05-29 13:43,1.38221,1.38229,1.3816,1.38183,0
2026-05-29 13:44,1.38242,1.38247,1.3817,1.38223,0
2026-05-29 13:45,1.38287,1.38293,1.3822,1.38242,0
2026-05-29 13:46,1.38262,1.38291,1.3822,1.38287,0
2026-05-29 13:47,1.38231,1.38267,1.3819,1.38266,0
2026-05-29 13:48,1.38249,1.3826,1.382,1.38232,0
2026-05-29 13:49,1.38242,1.38257,1.3821,1.38253,0
2026-05-29 13:50,1.38242,1.38249,1.382,1.3821,0
2026-05-29 13:51,1.38241,1.38255,1.3819,1.3821,0
2026-05-29 13:52,1.38255,1.38256,1.382,1.38238,0
2026-05-29 13:53,1.38253,1.3826,1.382,1.38251,0
2026-05-29 13:54,1.38231,1.38256,1.382,1.38256,0
2026-05-29 13:55,1.38245,1.3825,1.3819,1.38231,0
2026-05-29 13:56,1.38236,1.3825,1.3819,1.38239,0
2026-05-29 13:57,1.38203,1.38242,1.3817,1.38238,0
2026-05-29 13:58,1.38199,1.3822,1.3815,1.38204,0
2026-05-29 13:59,1.38181,1.38208,1.3813,1.38202,0
2026-05-29 14:00,1.38183,1.3819,1.3813,1.38178,0
2026-05-29 14:01,1.38189,1.38208,1.3815,1.38183,0
2026-05-29 14:02,1.38176,1.38196,1.3813,1.38186,0
2026-05-29 14:03,1.38164,1.3818,1.3812,1.38179,0
2026-05-29 14:04,1.38155,1.38167,1.3811,1.38164,0
2026-05-29 14:05,1.38157,1.3817,1.381,1.38154,0
2026-05-29 14:06,1.38177,1.38181,1.3811,1.38161,0
2026-05-29 14:07,1.38156,1.38181,1.381,1.38177,0
2026-05-29 14:08,1.38174,1.38179,1.3812,1.38156,0
2026-05-29 14:09,1.38181,1.3819,1.3813,1.38175,0
2026-05-29 14:10,1.3814,1.38189,1.3814,1.38175,0
2026-05-29 14:11,1.38184,1.38196,1.3814,1.38172,0
2026-05-29 14:12,1.38158,1.38188,1.3812,1.38184,0
2026-05-29 14:13,1.38173,1.38178,1.3811,1.3813,0
2026-05-29 14:14,1.3814,1.38184,1.3812,1.38173,0
2026-05-29 14:15,1.38142,1.3817,1.381,1.38164,0
2026-05-29 14:16,1.38137,1.38153,1.3809,1.38142,0
2026-05-29 14:17,1.38134,1.38149,1.3809,1.38137,0
2026-05-29 14:18,1.38109,1.38138,1.3806,1.38134,0
2026-05-29 14:19,1.38073,1.38123,1.3804,1.38113,0
2026-05-29 14:20,1.38065,1.38082,1.3802,1.38067,0
2026-05-29 14:21,1.38056,1.38073,1.3802,1.3807,0
2026-05-29 14:22,1.381,1.38104,1.3803,1.38057,0
2026-05-29 14:23,1.38101,1.38105,1.3805,1.38098,0
2026-05-29 14:24,1.381,1.38106,1.3805,1.38096,0
2026-05-29 14:25,1.38091,1.38102,1.3804,1.38096,0
2026-05-29 14:26,1.3808,1.38103,1.3804,1.38087,0
2026-05-29 14:27,1.38076,1.38097,1.3802,1.38095,0
2026-05-29 14:28,1.38093,1.38096,1.3805,1.38076,0
2026-05-29 14:29,1.38087,1.38096,1.3804,1.38088,0
2026-05-29 14:30,1.3809,1.38094,1.3803,1.38086,0
2026-05-29 14:31,1.38099,1.38111,1.3806,1.3809,0
2026-05-29 14:32,1.38078,1.38114,1.3804,1.38099,0
2026-05-29 14:33,1.38064,1.38086,1.3802,1.38079,0
2026-05-29 14:34,1.38078,1.38084,1.3803,1.38061,0
2026-05-29 14:35,1.38071,1.38099,1.3803,1.38075,0
2026-05-29 14:36,1.38052,1.38076,1.38,1.38072,0
2026-05-29 14:37,1.38046,1.38072,1.38,1.38052,0
2026-05-29 14:38,1.3801,1.38048,1.3799,1.38045,0
2026-05-29 14:39,1.38042,1.38049,1.38,1.3803,0
2026-05-29 14:40,1.38,1.38046,1.3798,1.38042,0
2026-05-29 14:41,1.38028,1.38035,1.3798,1.38023,0
2026-05-29 14:42,1.38052,1.38056,1.38,1.38025,0
2026-05-29 14:43,1.38082,1.3809,1.3802,1.38052,0
2026-05-29 14:44,1.38081,1.38094,1.3804,1.38082,0
2026-05-29 14:45,1.38077,1.38096,1.3804,1.38083,0
2026-05-29 14:46,1.38094,1.38094,1.3803,1.38076,0
2026-05-29 14:47,1.38095,1.38101,1.3804,1.3809,0
2026-05-29 14:48,1.38092,1.38102,1.3804,1.38097,0
2026-05-29 14:49,1.38098,1.38104,1.3805,1.38092,0
2026-05-29 14:50,1.38108,1.38122,1.3805,1.38099,0
2026-05-29 14:51,1.38127,1.38135,1.3805,1.3811,0
2026-05-29 14:52,1.38162,1.38172,1.3809,1.38127,0
2026-05-29 14:53,1.38156,1.38172,1.3811,1.38162,0
2026-05-29 14:54,1.38162,1.38163,1.3811,1.3816,0
2026-05-29 14:55,1.38108,1.38161,1.3809,1.38158,0
2026-05-29 14:56,1.38132,1.38136,1.3806,1.38114,0
2026-05-29 14:57,1.38108,1.38145,1.3808,1.38133,0
2026-05-29 14:58,1.38106,1.38113,1.3807,1.38108,0
2026-05-29 14:59,1.38122,1.3813,1.3808,1.38106,0
2026-05-29 15:00,1.38136,1.38149,1.3809,1.38125,0
2026-05-29 15:01,1.3812,1.38159,1.3809,1.38139,0
2026-05-29 15:02,1.38149,1.38161,1.381,1.38159,0
2026-05-29 15:03,1.381,1.38153,1.3809,1.38147,0
2026-05-29 15:04,1.3811,1.38143,1.3809,1.38131,0
2026-05-29 15:05,1.3812,1.38152,1.3809,1.38136,0
2026-05-29 15:06,1.38119,1.38153,1.3808,1.38146,0
2026-05-29 15:07,1.38083,1.38123,1.3806,1.38118,0
2026-05-29 15:08,1.3805,1.38102,1.3804,1.38084,0
2026-05-29 15:09,1.3806,1.38096,1.3803,1.38082,0
2026-05-29 15:10,1.38031,1.38068,1.38,1.38061,0
2026-05-29 15:11,1.3802,1.3806,1.3799,1.38031,0
2026-05-29 15:12,1.38001,1.38027,1.3796,1.38019,0
2026-05-29 15:13,1.3804,1.38045,1.3797,1.37998,0
2026-05-29 15:14,1.38092,1.38092,1.3797,1.3804,0
2026-05-29 15:15,1.38086,1.381,1.3801,1.38091,0
2026-05-29 15:16,1.38082,1.38098,1.3804,1.38081,0
2026-05-29 15:17,1.3806,1.3809,1.3802,1.38078,0
2026-05-29 15:18,1.38077,1.3808,1.3802,1.38061,0
2026-05-29 15:19,1.3807,1.38104,1.3803,1.38076,0
2026-05-29 15:20,1.38057,1.38102,1.3802,1.38096,0
2026-05-29 15:21,1.3804,1.38072,1.3801,1.38057,0
2026-05-29 15:22,1.38025,1.38044,1.3798,1.38042,0
2026-05-29 15:23,1.38036,1.38038,1.3797,1.3802,0
2026-05-29 15:24,1.38048,1.38052,1.3799,1.3803,0
2026-05-29 15:25,1.38043,1.38059,1.3801,1.38052,0
2026-05-29 15:26,1.38,1.38049,1.3798,1.38043,0
2026-05-29 15:27,1.3805,1.38067,1.38,1.3803,0
2026-05-29 15:28,1.3805,1.38061,1.38,1.38051,0
2026-05-29 15:29,1.38038,1.38095,1.3801,1.38049,0
2026-05-29 15:30,1.38094,1.38103,1.3799,1.38034,0
2026-05-29 15:31,1.38067,1.381,1.3803,1.38091,0
2026-05-29 15:32,1.3802,1.38072,1.3801,1.38065,0
2026-05-29 15:33,1.3801,1.38055,1.3799,1.38046,0
2026-05-29 15:34,1.3801,1.3805,1.3798,1.38028,0
2026-05-29 15:35,1.38015,1.38046,1.3796,1.38037,0
2026-05-29 15:36,1.38023,1.38028,1.3798,1.38012,0
2026-05-29 15:37,1.38055,1.3806,1.3798,1.38016,0
2026-05-29 15:38,1.38059,1.38094,1.3802,1.38057,0
2026-05-29 15:39,1.38055,1.38065,1.38,1.38059,0
2026-05-29 15:40,1.3804,1.38057,1.3799,1.38056,0
2026-05-29 15:41,1.38025,1.38054,1.3797,1.38043,0
2026-05-29 15:42,1.38004,1.38026,1.3796,1.3802,0
2026-05-29 15:43,1.37969,1.38026,1.3792,1.38002,0
2026-05-29 15:44,1.37994,1.38018,1.3793,1.37969,0
2026-05-29 15:45,1.38014,1.38025,1.3797,1.37998,0
2026-05-29 15:46,1.37993,1.3802,1.3795,1.38015,0
2026-05-29 15:47,1.3793,1.37995,1.3791,1.3797,0
2026-05-29 15:48,1.37981,1.37991,1.3793,1.37963,0
2026-05-29 15:49,1.3796,1.38,1.3791,1.37983,0
2026-05-29 15:50,1.3797,1.37983,1.379,1.3794,0
2026-05-29 15:51,1.37944,1.37996,1.3789,1.3795,0
2026-05-29 15:52,1.37874,1.37948,1.3784,1.3792,0
2026-05-29 15:53,1.37814,1.37885,1.3775,1.37877,0
2026-05-29 15:54,1.37752,1.3783,1.3771,1.37814,0
2026-05-29 15:55,1.37703,1.3777,1.3768,1.3773,0
2026-05-29 15:56,1.3772,1.37752,1.3766,1.37706,0
2026-05-29 15:57,1.37728,1.37781,1.3768,1.37719,0
2026-05-29 15:58,1.37764,1.37769,1.3769,1.37726,0
2026-05-29 15:59,1.37756,1.37768,1.3769,1.37758,0
2026-05-29 16:00,1.3777,1.37774,1.3771,1.37757,0
2026-05-29 16:01,1.37779,1.37783,1.3773,1.37771,0
2026-05-29 16:02,1.37761,1.37797,1.3773,1.37778,0
2026-05-29 16:03,1.37765,1.37777,1.3771,1.37765,0
2026-05-29 16:04,1.37797,1.37807,1.3773,1.37764,0
2026-05-29 16:05,1.37821,1.37835,1.3774,1.37798,0
2026-05-29 16:06,1.3781,1.3783,1.3777,1.37824,0
2026-05-29 16:07,1.37822,1.37824,1.3775,1.37813,0
2026-05-29 16:08,1.37803,1.37825,1.3776,1.3782,0
2026-05-29 16:09,1.378,1.37803,1.3775,1.37799,0
2026-05-29 16:10,1.37807,1.37815,1.3776,1.37796,0
2026-05-29 16:11,1.37835,1.3784,1.3777,1.3781,0
2026-05-29 16:12,1.3785,1.37867,1.3778,1.37835,0
2026-05-29 16:13,1.37843,1.37858,1.378,1.37853,0
2026-05-29 16:14,1.37832,1.3785,1.3778,1.37843,0
2026-05-29 16:15,1.37853,1.37857,1.378,1.37836,0
2026-05-29 16:16,1.37861,1.37872,1.3781,1.37851,0
2026-05-29 16:17,1.37872,1.37886,1.3782,1.37858,0
2026-05-29 16:18,1.37863,1.37881,1.3783,1.37873,0
2026-05-29 16:19,1.3783,1.37874,1.3781,1.37868,0
2026-05-29 16:20,1.3783,1.37864,1.3781,1.37858,0
2026-05-29 16:21,1.3782,1.37862,1.3781,1.37853,0
2026-05-29 16:22,1.3781,1.37855,1.3779,1.37846,0
2026-05-29 16:23,1.37832,1.37854,1.3779,1.37846,0
2026-05-29 16:24,1.37846,1.37851,1.3778,1.3781,0
2026-05-29 16:25,1.37836,1.37859,1.3779,1.3784,0
2026-05-29 16:26,1.37848,1.37855,1.3779,1.378,0
2026-05-29 16:27,1.37849,1.3786,1.378,1.37843,0
2026-05-29 16:28,1.37846,1.37854,1.3779,1.3782,0
2026-05-29 16:29,1.37846,1.37852,1.378,1.37846,0
2026-05-29 16:30,1.37829,1.37852,1.3779,1.37845,0
2026-05-29 16:31,1.37812,1.37831,1.3777,1.3781,0
2026-05-29 16:32,1.37803,1.37825,1.3777,1.37812,0
2026-05-29 16:33,1.3779,1.37806,1.3776,1.3777,0
2026-05-29 16:34,1.37791,1.37798,1.3774,1.37792,0
2026-05-29 16:35,1.37781,1.378,1.3775,1.37793,0
2026-05-29 16:36,1.37757,1.37789,1.3774,1.37776,0
2026-05-29 16:37,1.37791,1.37794,1.3773,1.37757,0
2026-05-29 16:38,1.3776,1.37801,1.3774,1.3779,0
2026-05-29 16:39,1.3779,1.37801,1.3776,1.37791,0
2026-05-29 16:40,1.37781,1.37807,1.3775,1.3779,0
2026-05-29 16:41,1.37793,1.37805,1.3774,1.37787,0
2026-05-29 16:42,1.37784,1.37806,1.3774,1.37792,0
2026-05-29 16:43,1.3779,1.37825,1.3775,1.37784,0
2026-05-29 16:44,1.3779,1.37834,1.3778,1.37822,0
2026-05-29 16:45,1.3775,1.37822,1.3774,1.37822,0
2026-05-29 16:46,1.3776,1.37801,1.3775,1.37775,0
2026-05-29 16:47,1.37796,1.37811,1.3775,1.37798,0
2026-05-29 16:48,1.3778,1.37811,1.3775,1.378,0
2026-05-29 16:49,1.37815,1.37815,1.3776,1.37803,0
2026-05-29 16:50,1.3777,1.37825,1.3777,1.37812,0
2026-05-29 16:51,1.37802,1.37807,1.3776,1.37803,0
2026-05-29 16:52,1.37812,1.3782,1.3777,1.37802,0
2026-05-29 16:53,1.37814,1.37822,1.3778,1.3778,0
2026-05-29 16:54,1.3778,1.37817,1.3778,1.37812,0
2026-05-29 16:55,1.37822,1.37829,1.3778,1.37812,0
2026-05-29 16:56,1.37827,1.37836,1.3778,1.37822,0
2026-05-29 16:57,1.37837,1.37846,1.3779,1.37832,0
2026-05-29 16:58,1.3784,1.37844,1.3779,1.37838,0
2026-05-29 16:59,1.37843,1.37851,1.3781,1.37842,0
2026-05-29 17:00,1.37845,1.37856,1.378,1.37843,0
2026-05-29 17:01,1.37866,1.3787,1.3779,1.37848,0
2026-05-29 17:02,1.37856,1.37874,1.3783,1.37865,0
2026-05-29 17:03,1.37854,1.37866,1.3781,1.37857,0
2026-05-29 17:04,1.37879,1.37883,1.3781,1.37855,0
2026-05-29 17:05,1.3785,1.37892,1.3783,1.37878,0
2026-05-29 17:06,1.3786,1.37902,1.3784,1.37882,0
2026-05-29 17:07,1.3788,1.37911,1.3784,1.37891,0
2026-05-29 17:08,1.37917,1.37921,1.3788,1.37907,0
2026-05-29 17:09,1.37898,1.37922,1.3786,1.37916,0
2026-05-29 17:10,1.37904,1.3791,1.3785,1.37905,0
2026-05-29 17:11,1.37897,1.37906,1.3784,1.37899,0
2026-05-29 17:12,1.379,1.37911,1.3786,1.37897,0
2026-05-29 17:13,1.3787,1.3791,1.3787,1.37899,0
2026-05-29 17:14,1.3789,1.37927,1.3787,1.37902,0
2026-05-29 17:15,1.37927,1.3793,1.3789,1.37926,0
2026-05-29 17:16,1.37921,1.3793,1.3788,1.379,0
2026-05-29 17:17,1.37923,1.37928,1.3787,1.3792,0
2026-05-29 17:18,1.37932,1.3794,1.379,1.379,0
2026-05-29 17:19,1.3793,1.37936,1.3789,1.37932,0
2026-05-29 17:20,1.3791,1.37934,1.3789,1.3793,0
2026-05-29 17:21,1.37935,1.37941,1.3788,1.379,0
2026-05-29 17:22,1.37936,1.37944,1.3789,1.37936,0
2026-05-29 17:23,1.37953,1.3796,1.3789,1.37936,0
2026-05-29 17:24,1.37953,1.37967,1.3791,1.37952,0
2026-05-29 17:25,1.37955,1.3796,1.379,1.37951,0
2026-05-29 17:26,1.37955,1.3797,1.3792,1.37954,0
2026-05-29 17:27,1.37959,1.37965,1.3791,1.37951,0
2026-05-29 17:28,1.37955,1.37964,1.3791,1.37958,0
2026-05-29 17:29,1.37958,1.37965,1.3791,1.37955,0
2026-05-29 17:30,1.37976,1.37984,1.3791,1.37957,0
2026-05-29 17:31,1.37959,1.37984,1.379,1.3798,0
2026-05-29 17:32,1.37966,1.37976,1.3791,1.37956,0
2026-05-29 17:33,1.37948,1.3797,1.3792,1.37967,0
2026-05-29 17:34,1.37942,1.37961,1.3789,1.37954,0
2026-05-29 17:35,1.3791,1.37953,1.3789,1.37941,0
2026-05-29 17:36,1.37937,1.37951,1.379,1.37938,0
2026-05-29 17:37,1.37938,1.37948,1.3788,1.37941,0
2026-05-29 17:38,1.37949,1.37956,1.3789,1.37937,0
2026-05-29 17:39,1.3792,1.37959,1.3792,1.37948,0
2026-05-29 17:40,1.37965,1.37968,1.3791,1.37958,0
2026-05-29 17:41,1.37968,1.37973,1.3791,1.37968,0
2026-05-29 17:42,1.37967,1.3798,1.3792,1.3794,0
2026-05-29 17:43,1.37982,1.37984,1.3794,1.37966,0
2026-05-29 17:44,1.3798,1.37988,1.3793,1.37978,0
2026-05-29 17:45,1.37994,1.38,1.3795,1.37979,0
2026-05-29 17:46,1.37987,1.37997,1.3794,1.3797,0
2026-05-29 17:47,1.37986,1.38001,1.3794,1.3794,0
2026-05-29 17:48,1.37987,1.37998,1.3794,1.37987,0
2026-05-29 17:49,1.37993,1.37999,1.3794,1.37986,0
2026-05-29 17:50,1.37995,1.38001,1.3794,1.37991,0
2026-05-29 17:51,1.37997,1.38005,1.3795,1.37998,0
2026-05-29 17:52,1.37984,1.38009,1.3795,1.37998,0
2026-05-29 17:53,1.37987,1.37994,1.3793,1.37985,0
2026-05-29 17:54,1.3797,1.3801,1.3796,1.37987,0
2026-05-29 17:55,1.3798,1.3801,1.3797,1.38003,0
2026-05-29 17:56,1.3797,1.38019,1.3797,1.38002,0
2026-05-29 17:57,1.38003,1.38007,1.3796,1.38001,0
2026-05-29 17:58,1.37997,1.38004,1.3795,1.37999,0
2026-05-29 17:59,1.37987,1.37998,1.3794,1.37994,0
2026-05-29 18:00,1.37983,1.3799,1.3793,1.37987,0
2026-05-29 18:01,1.37977,1.37991,1.3793,1.3798,0
2026-05-29 18:02,1.3794,1.37984,1.3793,1.37977,0
2026-05-29 18:03,1.37962,1.37978,1.3792,1.37974,0
2026-05-29 18:04,1.37971,1.37975,1.3792,1.37963,0
2026-05-29 18:05,1.37968,1.37974,1.3792,1.37966,0
2026-05-29 18:06,1.37976,1.37983,1.3792,1.3792,0
2026-05-29 18:07,1.37977,1.37981,1.3792,1.3796,0
2026-05-29 18:08,1.3799,1.37996,1.3794,1.37973,0
2026-05-29 18:09,1.37994,1.37997,1.3794,1.37991,0
2026-05-29 18:10,1.3796,1.37998,1.3794,1.37996,0
2026-05-29 18:11,1.38003,1.3801,1.3796,1.3796,0
2026-05-29 18:12,1.3796,1.38001,1.3794,1.38,0
2026-05-29 18:13,1.37992,1.37998,1.3796,1.3796,0
2026-05-29 18:14,1.37988,1.37997,1.3795,1.37992,0
2026-05-29 18:15,1.37979,1.37991,1.3793,1.37983,0
2026-05-29 18:16,1.37976,1.37983,1.3793,1.37977,0
2026-05-29 18:17,1.3795,1.37987,1.3793,1.37975,0
2026-05-29 18:18,1.3797,1.37982,1.3792,1.37977,0
2026-05-29 18:19,1.37986,1.37986,1.3792,1.37968,0
2026-05-29 18:20,1.3797,1.3799,1.3793,1.37982,0
2026-05-29 18:21,1.37987,1.37996,1.3795,1.37987,0
2026-05-29 18:22,1.37982,1.37993,1.3793,1.37991,0
2026-05-29 18:23,1.37995,1.37998,1.3794,1.37983,0
2026-05-29 18:24,1.37989,1.37999,1.3796,1.37994,0
2026-05-29 18:25,1.37993,1.37997,1.3794,1.37989,0
2026-05-29 18:26,1.38001,1.38006,1.3795,1.37992,0
2026-05-29 18:27,1.37993,1.38007,1.3794,1.37999,0
2026-05-29 18:28,1.37986,1.37993,1.3794,1.3796,0
2026-05-29 18:29,1.37973,1.3799,1.3793,1.3799,0
2026-05-29 18:30,1.37977,1.37983,1.3793,1.37977,0
2026-05-29 18:31,1.3794,1.37985,1.3792,1.37981,0
2026-05-29 18:32,1.37959,1.3798,1.3791,1.37969,0
2026-05-29 18:33,1.3791,1.37965,1.379,1.37955,0
2026-05-29 18:34,1.37946,1.3795,1.3791,1.37943,0
2026-05-29 18:35,1.37947,1.37947,1.3789,1.37941,0
2026-05-29 18:36,1.37936,1.37952,1.3789,1.37942,0
2026-05-29 18:37,1.37944,1.3795,1.3789,1.37937,0
2026-05-29 18:38,1.37949,1.37955,1.3791,1.37944,0
2026-05-29 18:39,1.3792,1.37961,1.3792,1.37952,0
2026-05-29 18:40,1.37952,1.37971,1.3792,1.37954,0
2026-05-29 18:41,1.37952,1.3796,1.3792,1.3793,0
2026-05-29 18:42,1.37956,1.37969,1.3791,1.37953,0
2026-05-29 18:43,1.37959,1.3797,1.3791,1.3793,0
2026-05-29 18:44,1.37956,1.37964,1.3791,1.3796,0
2026-05-29 18:45,1.3791,1.3796,1.379,1.37956,0
2026-05-29 18:46,1.37954,1.37959,1.379,1.37945,0
2026-05-29 18:47,1.3794,1.37961,1.3792,1.37954,0
2026-05-29 18:48,1.3793,1.3796,1.3791,1.37956,0
2026-05-29 18:49,1.3792,1.37952,1.3791,1.37952,0
2026-05-29 18:50,1.3792,1.37954,1.3791,1.37945,0
2026-05-29 18:51,1.37944,1.3795,1.3791,1.3792,0
2026-05-29 18:52,1.37948,1.37955,1.379,1.37945,0
2026-05-29 18:53,1.3795,1.37956,1.379,1.37951,0
2026-05-29 18:54,1.37949,1.3796,1.379,1.37949,0
2026-05-29 18:55,1.3792,1.3796,1.379,1.37947,0
2026-05-29 18:56,1.37956,1.3796,1.379,1.37948,0
2026-05-29 18:57,1.37932,1.37961,1.3788,1.37956,0
2026-05-29 18:58,1.3789,1.37936,1.3788,1.379,0
2026-05-29 18:59,1.37931,1.37931,1.3787,1.37918,0
2026-05-29 19:00,1.37927,1.37939,1.3789,1.3789,0
2026-05-29 19:01,1.37936,1.37943,1.379,1.37928,0
2026-05-29 19:02,1.37936,1.37942,1.379,1.37935,0
2026-05-29 19:03,1.37924,1.37941,1.3788,1.37935,0
2026-05-29 19:04,1.3792,1.37928,1.3788,1.379,0
2026-05-29 19:05,1.37909,1.37923,1.3788,1.37916,0
2026-05-29 19:06,1.3787,1.37918,1.3787,1.3791,0
2026-05-29 19:07,1.37903,1.37911,1.3785,1.37904,0
2026-05-29 19:08,1.3786,1.37908,1.3785,1.37898,0
2026-05-29 19:09,1.37902,1.37908,1.3786,1.3787,0
2026-05-29 19:10,1.37911,1.37915,1.3786,1.37902,0
2026-05-29 19:11,1.37896,1.37913,1.3786,1.37911,0
2026-05-29 19:12,1.3786,1.37904,1.3786,1.37895,0
2026-05-29 19:13,1.37886,1.37903,1.3785,1.37893,0
2026-05-29 19:14,1.37886,1.37893,1.3785,1.37887,0
2026-05-29 19:15,1.37876,1.37888,1.3782,1.37884,0
2026-05-29 19:16,1.3785,1.37891,1.3784,1.37877,0
2026-05-29 19:17,1.37891,1.37898,1.3785,1.37878,0
2026-05-29 19:18,1.37905,1.37906,1.3785,1.37887,0
2026-05-29 19:19,1.3788,1.37905,1.3785,1.37901,0
2026-05-29 19:20,1.37882,1.37888,1.3784,1.37882,0
2026-05-29 19:21,1.37888,1.37893,1.3784,1.37879,0
2026-05-29 19:22,1.3785,1.37895,1.3785,1.37888,0
2026-05-29 19:23,1.37898,1.37917,1.3785,1.37888,0
2026-05-29 19:24,1.3785,1.37905,1.3785,1.37899,0
2026-05-29 19:25,1.37905,1.37909,1.3785,1.37885,0
2026-05-29 19:26,1.3788,1.37909,1.3785,1.37908,0
2026-05-29 19:27,1.3786,1.37902,1.3786,1.37896,0
2026-05-29 19:28,1.37901,1.37909,1.3786,1.37899,0
2026-05-29 19:29,1.37905,1.37912,1.3785,1.37901,0
2026-05-29 19:30,1.37907,1.3791,1.3785,1.3787,0
2026-05-29 19:31,1.37903,1.37912,1.3787,1.3789,0
2026-05-29 19:32,1.37895,1.3791,1.3786,1.3788,0
2026-05-29 19:33,1.3785,1.37897,1.3784,1.37897,0
2026-05-29 19:34,1.37881,1.37887,1.3783,1.37883,0
2026-05-29 19:35,1.37881,1.37889,1.3783,1.3788,0
2026-05-29 19:36,1.3784,1.37884,1.3783,1.37881,0
2026-05-29 19:37,1.3784,1.37877,1.3783,1.37873,0
2026-05-29 19:38,1.3784,1.3788,1.3783,1.3787,0
2026-05-29 19:39,1.3783,1.37874,1.3782,1.3787,0
2026-05-29 19:40,1.37872,1.3788,1.3782,1.37869,0
2026-05-29 19:41,1.37887,1.37891,1.3784,1.37872,0
2026-05-29 19:42,1.37917,1.3792,1.3784,1.37886,0
2026-05-29 19:43,1.37913,1.37922,1.3787,1.3788,0
2026-05-29 19:44,1.3788,1.37925,1.3786,1.3787,0
2026-05-29 19:45,1.3793,1.3794,1.3788,1.3791,0
2026-05-29 19:46,1.37921,1.37938,1.3788,1.37932,0
2026-05-29 19:47,1.37918,1.37925,1.3788,1.37918,0
2026-05-29 19:48,1.37921,1.37923,1.3788,1.37919,0
2026-05-29 19:49,1.37923,1.3793,1.3788,1.37919,0
2026-05-29 19:50,1.37924,1.37932,1.3789,1.37923,0
2026-05-29 19:51,1.37923,1.37933,1.3787,1.37921,0
2026-05-29 19:52,1.3787,1.37924,1.3786,1.37919,0
2026-05-29 19:53,1.37903,1.37913,1.3786,1.37913,0
2026-05-29 19:54,1.3791,1.37915,1.3787,1.37901,0
2026-05-29 19:55,1.37954,1.37962,1.3788,1.3791,0
2026-05-29 19:56,1.3795,1.37957,1.379,1.37955,0
2026-05-29 19:57,1.37946,1.37956,1.379,1.37955,0
2026-05-29 19:58,1.37943,1.37951,1.3789,1.37944,0
2026-05-29 19:59,1.37964,1.37968,1.379,1.37945,0
2026-05-29 20:00,1.3797,1.3798,1.3792,1.37964,0
2026-05-29 20:01,1.3792,1.37978,1.3791,1.37972,0
2026-05-29 20:02,1.37941,1.37956,1.3791,1.37949,0
2026-05-29 20:03,1.37942,1.3795,1.379,1.3793,0
2026-05-29 20:04,1.3791,1.37947,1.3789,1.37942,0
2026-05-29 20:05,1.37928,1.37944,1.3789,1.3791,0
2026-05-29 20:06,1.37929,1.37936,1.3789,1.37927,0
2026-05-29 20:07,1.3791,1.37935,1.3786,1.37929,0
2026-05-29 20:08,1.37918,1.37925,1.3787,1.37915,0
2026-05-29 20:09,1.37922,1.37926,1.3787,1.37918,0
2026-05-29 20:10,1.37922,1.37934,1.3788,1.37923,0
2026-05-29 20:11,1.37923,1.37933,1.3788,1.3789,0
2026-05-29 20:12,1.37916,1.37927,1.3788,1.37922,0
2026-05-29 20:13,1.37919,1.37926,1.3788,1.37918,0
2026-05-29 20:14,1.37923,1.37931,1.3789,1.37919,0
2026-05-29 20:15,1.37917,1.37934,1.3788,1.37931,0
2026-05-29 20:16,1.3786,1.37917,1.3786,1.37917,0
2026-05-29 20:17,1.37887,1.37907,1.3784,1.3788,0
2026-05-29 20:18,1.37888,1.37895,1.3784,1.37892,0
2026-05-29 20:19,1.37889,1.37897,1.3785,1.37894,0
2026-05-29 20:20,1.37885,1.37894,1.3784,1.3786,0
2026-05-29 20:21,1.3787,1.37885,1.3783,1.37885,0
2026-05-29 20:22,1.37874,1.37877,1.3783,1.37871,0
2026-05-29 20:23,1.3787,1.3788,1.3784,1.37871,0
2026-05-29 20:24,1.3785,1.37882,1.3784,1.37871,0
2026-05-29 20:25,1.37878,1.37886,1.3783,1.37875,0
2026-05-29 20:26,1.37886,1.3789,1.3784,1.37875,0
2026-05-29 20:27,1.3784,1.37887,1.3783,1.3788,0
2026-05-29 20:28,1.37869,1.37881,1.3782,1.37876,0
2026-05-29 20:29,1.37857,1.37874,1.3781,1.3787,0
2026-05-29 20:30,1.3782,1.37866,1.3781,1.37857,0
2026-05-29 20:31,1.37861,1.37866,1.3782,1.37859,0
2026-05-29 20:32,1.3786,1.37874,1.3782,1.3786,0
2026-05-29 20:33,1.37858,1.37866,1.3782,1.37859,0
2026-05-29 20:34,1.37857,1.37867,1.3782,1.37858,0
2026-05-29 20:35,1.3783,1.37865,1.3781,1.37858,0
2026-05-29 20:36,1.37865,1.37869,1.3781,1.37859,0
2026-05-29 20:37,1.37882,1.37883,1.3783,1.3783,0
2026-05-29 20:38,1.3787,1.37881,1.3783,1.37877,0
2026-05-29 20:39,1.3786,1.37883,1.3783,1.3787,0
2026-05-29 20:40,1.37874,1.37881,1.3784,1.3784,0
2026-05-29 20:41,1.37871,1.37884,1.3784,1.37873,0
2026-05-29 20:42,1.37867,1.37875,1.3782,1.37872,0
2026-05-29 20:43,1.37865,1.37874,1.3782,1.37874,0
2026-05-29 20:44,1.37859,1.37871,1.3781,1.37866,0
2026-05-29 20:45,1.3783,1.37875,1.3782,1.37859,0
2026-05-29 20:46,1.3789,1.37895,1.3783,1.37869,0
2026-05-29 20:47,1.37881,1.37895,1.3785,1.37894,0
2026-05-29 20:48,1.37885,1.37893,1.3785,1.37881,0
2026-05-29 20:49,1.3786,1.37897,1.3784,1.37892,0
2026-05-29 20:50,1.37897,1.37905,1.3786,1.37891,0
2026-05-29 20:51,1.3789,1.37921,1.3786,1.37902,0
2026-05-29 20:52,1.37916,1.37925,1.3787,1.37915,0
2026-05-29 20:53,1.37918,1.37925,1.3787,1.37914,0
2026-05-29 20:54,1.3789,1.37933,1.3788,1.3792,0
2026-05-29 20:55,1.3784,1.37923,1.3783,1.37922,0
2026-05-29 20:56,1.37879,1.37894,1.3783,1.37874,0
2026-05-29 20:57,1.3784,1.37883,1.3781,1.3788,0
2026-05-29 20:58,1.37857,1.37873,1.3782,1.37861,0
2026-05-29 20:59,1.37898,1.37904,1.3782,1.3783,0
2026-05-29 21:00,1.37862,1.37903,1.3782,1.3786,0
2026-05-29 21:01,1.3782,1.37868,1.3781,1.37861,0
2026-05-29 21:02,1.3786,1.37897,1.3782,1.37851,0
2026-05-29 21:03,1.37891,1.37901,1.3785,1.37892,0
2026-05-29 21:04,1.37897,1.37902,1.3785,1.3789,0
2026-05-29 21:05,1.37899,1.37905,1.3785,1.37897,0
2026-05-29 21:06,1.379,1.37908,1.3785,1.37905,0
2026-05-29 21:07,1.37907,1.37909,1.3785,1.37897,0
2026-05-29 21:08,1.37904,1.37914,1.3786,1.37901,0
2026-05-29 21:09,1.3787,1.37914,1.3787,1.3787,0
2026-05-29 21:10,1.37919,1.3793,1.3786,1.37904,0
2026-05-29 21:11,1.3791,1.37927,1.3786,1.3792,0
2026-05-29 21:12,1.37911,1.3792,1.3786,1.37908,0
2026-05-29 21:13,1.37915,1.37919,1.3786,1.37912,0
2026-05-29 21:14,1.37904,1.37922,1.3786,1.37915,0
2026-05-29 21:15,1.3791,1.37917,1.3787,1.37904,0
2026-05-29 21:16,1.37926,1.3793,1.3789,1.37915,0
2026-05-29 21:17,1.3789,1.37935,1.3789,1.37921,0
2026-05-29 21:18,1.379,1.3794,1.3789,1.37923,0
2026-05-29 21:19,1.37936,1.37941,1.379,1.3793,0
2026-05-29 21:20,1.37935,1.37942,1.379,1.37936,0
2026-05-29 21:21,1.37923,1.3794,1.3789,1.379,0
2026-05-29 21:22,1.37936,1.37936,1.3789,1.3789,0
2026-05-29 21:23,1.37934,1.37941,1.3789,1.37932,0
2026-05-29 21:24,1.37923,1.37936,1.3789,1.37935,0
2026-05-29 21:25,1.37927,1.3794,1.3789,1.37922,0
2026-05-29 21:26,1.37924,1.37937,1.3788,1.37927,0
2026-05-29 21:27,1.37921,1.3794,1.3788,1.37926,0
2026-05-29 21:28,1.37912,1.37926,1.3787,1.3789,0
2026-05-29 21:29,1.37916,1.37922,1.3787,1.37913,0
2026-05-29 21:30,1.3792,1.3793,1.3788,1.37917,0
2026-05-29 21:31,1.37944,1.3795,1.3791,1.37923,0
2026-05-29 21:32,1.37939,1.37951,1.3789,1.37938,0
2026-05-29 21:33,1.37933,1.37944,1.3789,1.37933,0
2026-05-29 21:34,1.37946,1.3795,1.3789,1.37933,0
2026-05-29 21:35,1.37947,1.37951,1.3789,1.37942,0
2026-05-29 21:36,1.37948,1.37951,1.3793,1.37943,0
2026-05-29 21:37,1.37949,1.37952,1.3792,1.37948,0
2026-05-29 21:38,1.37944,1.37951,1.3792,1.37941,0
2026-05-29 21:39,1.3793,1.37957,1.3792,1.3792,0
2026-05-29 21:40,1.37951,1.3796,1.379,1.3794,0
2026-05-29 21:41,1.37951,1.37956,1.3793,1.37949,0
2026-05-29 21:42,1.37935,1.37951,1.3792,1.37946,0
2026-05-29 21:43,1.37941,1.37949,1.3791,1.37943,0
2026-05-29 21:44,1.37928,1.37946,1.3791,1.3791,0
2026-05-29 21:45,1.37935,1.37943,1.3791,1.37928,0
2026-05-29 21:46,1.37932,1.37944,1.3788,1.37928,0
2026-05-29 21:47,1.37962,1.37966,1.379,1.37932,0
2026-05-29 21:48,1.3795,1.37971,1.3793,1.37951,0
2026-05-29 21:49,1.37967,1.37971,1.3792,1.37965,0
2026-05-29 21:50,1.37961,1.37972,1.3794,1.37967,0
2026-05-29 21:51,1.37963,1.37969,1.3794,1.37946,0
2026-05-29 21:52,1.37959,1.37968,1.3794,1.37961,0
2026-05-29 21:53,1.37962,1.37963,1.3793,1.37957,0
2026-05-29 21:54,1.37941,1.37962,1.3792,1.37955,0
2026-05-29 21:55,1.37943,1.37957,1.3792,1.37936,0
2026-05-29 21:56,1.37948,1.37975,1.379,1.37946,0
2026-05-29 21:57,1.37954,1.38,1.37909,1.37926,0
2026-05-29 21:58,1.37936,1.37955,1.37918,1.37953,0
2026-05-29 21:59,1.3793,1.37945,1.37916,1.37936,0
2026-05-29 22:00,1.3795,1.3795,1.3795,1.3795,0
2026-05-29 22:32,1.3793,1.3793,1.3793,1.3793,0
2026-06-01 00:00,1.37954,1.37971,1.3792,1.37949,0
2026-06-01 00:01,1.3795,1.37973,1.3792,1.3794,0
2026-06-01 00:02,1.3796,1.37982,1.3794,1.37962,0
2026-06-01 00:03,1.37958,1.37977,1.3792,1.37974,0
2026-06-01 00:04,1.3793,1.3797,1.379,1.37954,0
2026-06-01 00:05,1.3791,1.37953,1.379,1.37944,0
2026-06-01 00:06,1.3794,1.3796,1.379,1.37943,0
2026-06-01 00:07,1.37949,1.3796,1.3792,1.37956,0
2026-06-01 00:08,1.37941,1.37959,1.3791,1.37949,0
2026-06-01 00:09,1.3793,1.3795,1.3791,1.3792,0
2026-06-01 00:10,1.3792,1.37953,1.3791,1.37942,0
2026-06-01 00:11,1.37953,1.3796,1.3791,1.37944,0
2026-06-01 00:12,1.3791,1.3796,1.3791,1.37953,0
2026-06-01 00:13,1.37944,1.3796,1.3791,1.37952,0
2026-06-01 00:14,1.37945,1.37955,1.3791,1.37953,0
2026-06-01 00:15,1.37955,1.3796,1.379,1.37945,0
2026-06-01 00:16,1.37958,1.37961,1.3792,1.37944,0
2026-06-01 00:17,1.37952,1.3796,1.3792,1.3792,0
2026-06-01 00:18,1.37956,1.37961,1.3792,1.37952,0
2026-06-01 00:19,1.37962,1.37962,1.3792,1.37961,0
2026-06-01 00:20,1.3796,1.37962,1.3793,1.37961,0
2026-06-01 00:21,1.37959,1.3796,1.3791,1.3796,0
2026-06-01 00:22,1.37959,1.37961,1.3792,1.3795,0
2026-06-01 00:23,1.37949,1.3796,1.3792,1.3796,0
2026-06-01 00:24,1.3794,1.37964,1.3794,1.3796,0
2026-06-01 00:25,1.37961,1.37963,1.3792,1.37959,0
2026-06-01 00:26,1.37959,1.37964,1.3792,1.37953,0
2026-06-01 00:27,1.3794,1.37963,1.3793,1.3796,0
2026-06-01 00:28,1.37943,1.3796,1.3791,1.37915,0
2026-06-01 00:29,1.37946,1.37954,1.3791,1.3795,0
2026-06-01 00:30,1.37946,1.37954,1.37913,1.37946,0
2026-06-01 00:31,1.37945,1.37954,1.3792,1.3795,0
2026-06-01 00:32,1.37951,1.37954,1.3791,1.37946,0
2026-06-01 00:33,1.3792,1.37957,1.3791,1.3795,0
2026-06-01 00:34,1.37956,1.37964,1.3791,1.3796,0
2026-06-01 00:35,1.3792,1.3796,1.3792,1.3796,0
2026-06-01 00:36,1.3792,1.3796,1.3791,1.3796,0
2026-06-01 00:37,1.37955,1.3796,1.3792,1.3796,0
2026-06-01 00:38,1.37949,1.3796,1.3791,1.3796,0
2026-06-01 00:39,1.3792,1.3796,1.3791,1.3796,0
2026-06-01 00:40,1.3792,1.3796,1.3791,1.3796,0
2026-06-01 00:41,1.37944,1.3796,1.379,1.3796,0
2026-06-01 00:42,1.379,1.37955,1.379,1.3795,0
2026-06-01 00:43,1.37939,1.3795,1.379,1.3795,0
2026-06-01 00:44,1.37941,1.3795,1.379,1.3795,0
2026-06-01 00:45,1.37908,1.3795,1.3785,1.37939,0
2026-06-01 00:46,1.3791,1.37934,1.3787,1.37915,0
2026-06-01 00:47,1.3788,1.37919,1.3787,1.37915,0
2026-06-01 00:48,1.3791,1.3792,1.3788,1.3792,0
2026-06-01 00:49,1.37905,1.37917,1.3787,1.37909,0
2026-06-01 00:50,1.37916,1.37924,1.3787,1.37911,0
2026-06-01 00:51,1.37919,1.37933,1.3788,1.37922,0
2026-06-01 00:52,1.37931,1.37935,1.3789,1.37919,0
2026-06-01 00:53,1.37944,1.37944,1.379,1.37927,0
2026-06-01 00:54,1.3792,1.37954,1.3791,1.3791,0
2026-06-01 00:55,1.37949,1.37953,1.3791,1.3793,0
2026-06-01 00:56,1.3791,1.37953,1.3791,1.3795,0
2026-06-01 00:57,1.3792,1.37956,1.3791,1.3795,0
2026-06-01 00:58,1.37947,1.3796,1.3791,1.3796,0
2026-06-01 00:59,1.3793,1.37971,1.3792,1.37951,0
2026-06-01 01:00,1.37979,1.3799,1.3793,1.37963,0
2026-06-01 01:01,1.37984,1.37994,1.3794,1.37979,0
2026-06-01 01:02,1.37995,1.38003,1.3796,1.37984,0
2026-06-01 01:03,1.37989,1.38,1.3796,1.37987,0
2026-06-01 01:04,1.37986,1.38,1.3794,1.37991,0
2026-06-01 01:05,1.37994,1.37994,1.3794,1.3799,0
2026-06-01 01:06,1.37991,1.38,1.3795,1.3799,0
2026-06-01 01:07,1.37986,1.37995,1.3795,1.3799,0
2026-06-01 01:08,1.37986,1.37995,1.3795,1.37986,0
2026-06-01 01:09,1.37988,1.37994,1.3794,1.3796,0
2026-06-01 01:10,1.37993,1.37998,1.3795,1.37986,0
2026-06-01 01:11,1.37988,1.38,1.3795,1.3799,0
2026-06-01 01:12,1.37987,1.37997,1.3795,1.37986,0
2026-06-01 01:13,1.37993,1.37994,1.3795,1.3799,0
2026-06-01 01:14,1.38007,1.38015,1.3794,1.3795,0
2026-06-01 01:15,1.38002,1.38014,1.3796,1.38009,0
2026-06-01 01:16,1.37996,1.3801,1.3795,1.38002,0
2026-06-01 01:17,1.38006,1.3801,1.3796,1.37992,0
2026-06-01 01:18,1.38004,1.3801,1.3796,1.38003,0
2026-06-01 01:19,1.38019,1.38025,1.3796,1.37996,0
2026-06-01 01:20,1.38022,1.38022,1.3797,1.38014,0
2026-06-01 01:21,1.38028,1.38037,1.3798,1.38022,0
2026-06-01 01:22,1.38035,1.38041,1.3799,1.38028,0
2026-06-01 01:23,1.38042,1.38045,1.38,1.38036,0
2026-06-01 01:24,1.38038,1.3805,1.38,1.38036,0
2026-06-01 01:25,1.38047,1.38051,1.38,1.3804,0
2026-06-01 01:26,1.38048,1.38062,1.3801,1.38047,0
2026-06-01 01:27,1.3805,1.38061,1.3801,1.38051,0
2026-06-01 01:28,1.38038,1.38052,1.3801,1.38044,0
2026-06-01 01:29,1.38038,1.38048,1.38,1.38041,0
2026-06-01 01:30,1.38035,1.38046,1.3799,1.38036,0
2026-06-01 01:31,1.38047,1.38047,1.38,1.38041,0
2026-06-01 01:32,1.38037,1.3805,1.38,1.3804,0
2026-06-01 01:33,1.3805,1.38051,1.38,1.38042,0
2026-06-01 01:34,1.38051,1.38053,1.3801,1.38042,0
2026-06-01 01:35,1.38049,1.38052,1.3801,1.38046,0
2026-06-01 01:36,1.38056,1.38057,1.3801,1.38044,0
2026-06-01 01:37,1.3804,1.38059,1.3801,1.38055,0
2026-06-01 01:38,1.38059,1.3806,1.3802,1.38053,0
2026-06-01 01:39,1.38049,1.3806,1.38,1.3806,0
2026-06-01 01:40,1.3801,1.3806,1.3801,1.38054,0
2026-06-01 01:41,1.38055,1.38063,1.3801,1.3805,0
2026-06-01 01:42,1.38056,1.38062,1.3802,1.3806,0
2026-06-01 01:43,1.3803,1.38061,1.3801,1.38054,0
2026-06-01 01:44,1.38051,1.3806,1.3802,1.3805,0
2026-06-01 01:45,1.38052,1.3806,1.3802,1.38052,0
2026-06-01 01:46,1.38047,1.38057,1.3801,1.38051,0
2026-06-01 01:47,1.38052,1.3806,1.3801,1.3805,0
2026-06-01 01:48,1.38055,1.3806,1.3802,1.3805,0
2026-06-01 01:49,1.38053,1.3806,1.3801,1.3806,0
2026-06-01 01:50,1.38053,1.3806,1.3802,1.38052,0
2026-06-01 01:51,1.38043,1.3806,1.3801,1.3805,0
2026-06-01 01:52,1.38,1.3805,1.38,1.3805,0
2026-06-01 01:53,1.38047,1.38055,1.38,1.38035,0
2026-06-01 01:54,1.38051,1.3806,1.3801,1.38052,0
2026-06-01 01:55,1.38055,1.38061,1.3801,1.38058,0
2026-06-01 01:56,1.3801,1.3806,1.3801,1.3806,0
2026-06-01 01:57,1.38037,1.38051,1.38,1.3805,0
2026-06-01 01:58,1.38036,1.38043,1.38,1.3804,0
2026-06-01 01:59,1.38048,1.38051,1.38,1.38039,0
2026-06-01 02:00,1.38044,1.38056,1.3801,1.3805,0
2026-06-01 02:01,1.3802,1.3806,1.38,1.38044,0
2026-06-01 02:02,1.38068,1.38077,1.3802,1.3806,0
2026-06-01 02:03,1.38077,1.38084,1.3804,1.38071,0
2026-06-01 02:04,1.3809,1.38095,1.3804,1.38075,0
2026-06-01 02:05,1.38092,1.38097,1.3805,1.38094,0
2026-06-01 02:06,1.38094,1.38096,1.3805,1.3809,0
2026-06-01 02:07,1.38078,1.38098,1.3804,1.3805,0
2026-06-01 02:08,1.38082,1.38083,1.3804,1.38075,0
2026-06-01 02:09,1.3808,1.38083,1.3804,1.38075,0
2026-06-01 02:10,1.38078,1.38088,1.3804,1.38078,0
2026-06-01 02:11,1.38079,1.38088,1.3804,1.38084,0
2026-06-01 02:12,1.38073,1.38087,1.3804,1.3808,0
2026-06-01 02:13,1.38077,1.38082,1.3803,1.38076,0
2026-06-01 02:14,1.38078,1.38081,1.3803,1.3807,0
2026-06-01 02:15,1.38074,1.38084,1.3804,1.3807,0
2026-06-01 02:16,1.38075,1.38083,1.3804,1.38081,0
2026-06-01 02:17,1.38082,1.38086,1.3804,1.3808,0
2026-06-01 02:18,1.38079,1.38082,1.3804,1.38075,0
2026-06-01 02:19,1.38083,1.38084,1.3804,1.38075,0
2026-06-01 02:20,1.38073,1.38084,1.3803,1.38076,0
2026-06-01 02:21,1.38067,1.38075,1.3802,1.38064,0
2026-06-01 02:22,1.38061,1.38073,1.3803,1.38061,0
2026-06-01 02:23,1.38061,1.38071,1.3803,1.38066,0
2026-06-01 02:24,1.38071,1.38072,1.3803,1.38067,0
2026-06-01 02:25,1.38071,1.38073,1.3803,1.3803,0
2026-06-01 02:26,1.38065,1.38073,1.3803,1.38072,0
2026-06-01 02:27,1.38076,1.38076,1.3803,1.38069,0
2026-06-01 02:28,1.38073,1.38078,1.3803,1.3803,0
2026-06-01 02:29,1.38076,1.38083,1.3804,1.3807,0
2026-06-01 02:30,1.38081,1.38082,1.3803,1.38076,0
2026-06-01 02:31,1.38073,1.38083,1.3804,1.3808,0
2026-06-01 02:32,1.38086,1.38091,1.3804,1.38075,0
2026-06-01 02:33,1.38073,1.38092,1.3804,1.3809,0
2026-06-01 02:34,1.38074,1.38082,1.3804,1.38071,0
2026-06-01 02:35,1.38076,1.38078,1.3802,1.3804,0
2026-06-01 02:36,1.38072,1.38077,1.3803,1.38068,0
2026-06-01 02:37,1.38067,1.38076,1.3803,1.38063,0
2026-06-01 02:38,1.38071,1.38081,1.3803,1.38073,0
2026-06-01 02:39,1.38076,1.38082,1.3804,1.38073,0
2026-06-01 02:40,1.38075,1.38083,1.3804,1.38082,0
2026-06-01 02:41,1.38082,1.38082,1.3804,1.38072,0
2026-06-01 02:42,1.38083,1.38088,1.3804,1.38081,0
2026-06-01 02:43,1.38073,1.38086,1.3804,1.38077,0
2026-06-01 02:44,1.38081,1.38092,1.3804,1.3808,0
2026-06-01 02:45,1.38068,1.38085,1.3803,1.3808,0
2026-06-01 02:46,1.3805,1.3808,1.3804,1.3807,0
2026-06-01 02:47,1.3806,1.3808,1.3804,1.3808,0
2026-06-01 02:48,1.3804,1.3808,1.3804,1.38077,0
2026-06-01 02:49,1.3805,1.3809,1.3804,1.3808,0
2026-06-01 02:50,1.38086,1.38091,1.3805,1.38086,0
2026-06-01 02:51,1.38073,1.38087,1.3804,1.3806,0
2026-06-01 02:52,1.38075,1.3808,1.3803,1.38077,0
2026-06-01 02:53,1.3805,1.38077,1.3804,1.3804,0
2026-06-01 02:54,1.38073,1.38075,1.3803,1.3804,0
2026-06-01 02:55,1.38076,1.3808,1.3804,1.38069,0
2026-06-01 02:56,1.38075,1.38081,1.3804,1.3808,0
2026-06-01 02:57,1.38083,1.3809,1.3804,1.38073,0
2026-06-01 02:58,1.38087,1.3809,1.3805,1.3809,0
2026-06-01 02:59,1.38083,1.3809,1.3805,1.38083,0
2026-06-01 03:00,1.38082,1.38086,1.3803,1.38082,0
2026-06-01 03:01,1.38078,1.38081,1.3803,1.38077,0
2026-06-01 03:02,1.38076,1.3808,1.3804,1.38075,0
2026-06-01 03:03,1.38078,1.38086,1.3804,1.38074,0
2026-06-01 03:04,1.38076,1.38081,1.3804,1.3808,0
2026-06-01 03:05,1.38065,1.3808,1.3804,1.3808,0
2026-06-01 03:06,1.3803,1.38071,1.3802,1.3807,0
2026-06-01 03:07,1.38067,1.38068,1.3801,1.38061,0
2026-06-01 03:08,1.38063,1.38071,1.3801,1.3806,0
2026-06-01 03:09,1.3807,1.38075,1.3803,1.3806,0
2026-06-01 03:10,1.38071,1.38077,1.3803,1.3807,0
2026-06-01 03:11,1.38078,1.38081,1.3804,1.38075,0
2026-06-01 03:12,1.38077,1.3808,1.3804,1.38076,0
2026-06-01 03:13,1.38072,1.3808,1.3804,1.38076,0
2026-06-01 03:14,1.38072,1.3808,1.3804,1.3808,0
2026-06-01 03:15,1.38066,1.3808,1.3803,1.3807,0
2026-06-01 03:16,1.38072,1.38075,1.3802,1.3807,0
2026-06-01 03:17,1.38072,1.38076,1.3803,1.38067,0
2026-06-01 03:18,1.38072,1.3808,1.3803,1.38072,0
2026-06-01 03:19,1.38071,1.38077,1.3803,1.3807,0
2026-06-01 03:20,1.38073,1.3808,1.3804,1.3807,0
2026-06-01 03:21,1.3808,1.38085,1.3804,1.3808,0
2026-06-01 03:22,1.3808,1.38085,1.3804,1.3808,0
2026-06-01 03:23,1.38081,1.38088,1.3803,1.3808,0
2026-06-01 03:24,1.3808,1.38085,1.3803,1.38079,0
2026-06-01 03:25,1.38083,1.3809,1.3805,1.3808,0
2026-06-01 03:26,1.3805,1.38096,1.3804,1.38085,0
2026-06-01 03:27,1.38093,1.38094,1.3804,1.3809,0
2026-06-01 03:28,1.38089,1.38094,1.3805,1.38094,0
2026-06-01 03:29,1.3809,1.38096,1.3804,1.3809,0
2026-06-01 03:30,1.38103,1.38107,1.3805,1.3809,0
2026-06-01 03:31,1.38101,1.38107,1.3805,1.38102,0
2026-06-01 03:32,1.38104,1.38112,1.3806,1.38102,0
2026-06-01 03:33,1.38101,1.3811,1.3806,1.38105,0
2026-06-01 03:34,1.3805,1.38105,1.3805,1.381,0
2026-06-01 03:35,1.38088,1.38095,1.3805,1.38095,0
2026-06-01 03:36,1.38089,1.38091,1.3804,1.38086,0
2026-06-01 03:37,1.3805,1.38094,1.3804,1.38084,0
2026-06-01 03:38,1.38088,1.3809,1.3805,1.38086,0
2026-06-01 03:39,1.3809,1.38091,1.3805,1.38084,0
2026-06-01 03:40,1.38089,1.38096,1.3805,1.38084,0
2026-06-01 03:41,1.38092,1.38095,1.3804,1.38089,0
2026-06-01 03:42,1.3806,1.38097,1.3805,1.38089,0
2026-06-01 03:43,1.38094,1.38096,1.3805,1.3809,0
2026-06-01 03:44,1.38099,1.38105,1.3805,1.38095,0
2026-06-01 03:45,1.381,1.38104,1.3805,1.38098,0
2026-06-01 03:46,1.38104,1.3811,1.3805,1.38095,0
2026-06-01 03:47,1.38104,1.3811,1.3805,1.38104,0
2026-06-01 03:48,1.38116,1.38117,1.3806,1.38104,0
2026-06-01 03:49,1.381,1.38114,1.3806,1.38109,0
2026-06-01 03:50,1.38106,1.38109,1.3805,1.381,0
2026-06-01 03:51,1.38102,1.3811,1.3806,1.38103,0
2026-06-01 03:52,1.38104,1.3811,1.3807,1.3807,0
2026-06-01 03:53,1.38103,1.3811,1.3806,1.38104,0
2026-06-01 03:54,1.38094,1.38104,1.3805,1.38103,0
2026-06-01 03:55,1.38098,1.381,1.3806,1.381,0
2026-06-01 03:56,1.38091,1.381,1.3805,1.3806,0
2026-06-01 03:57,1.3809,1.38097,1.3804,1.38097,0
2026-06-01 03:58,1.38088,1.38094,1.3804,1.3809,0
2026-06-01 03:59,1.38088,1.38091,1.3804,1.38084,0
2026-06-01 04:00,1.38087,1.38093,1.3804,1.38084,0
2026-06-01 04:01,1.38084,1.38093,1.3804,1.38086,0
2026-06-01 04:02,1.38081,1.3809,1.3803,1.3809,0
2026-06-01 04:03,1.38068,1.38082,1.3803,1.38077,0
2026-06-01 04:04,1.38075,1.38078,1.3803,1.38069,0
2026-06-01 04:05,1.38078,1.38082,1.3804,1.38075,0
2026-06-01 04:06,1.38075,1.38081,1.3804,1.38075,0
2026-06-01 04:07,1.38072,1.38081,1.3804,1.38075,0
2026-06-01 04:08,1.38078,1.3808,1.3804,1.3808,0
2026-06-01 04:09,1.38082,1.38088,1.3804,1.38074,0
2026-06-01 04:10,1.3804,1.3809,1.3804,1.38082,0
2026-06-01 04:11,1.38085,1.3809,1.3805,1.38087,0
2026-06-01 04:12,1.38089,1.3809,1.3805,1.38085,0
2026-06-01 04:13,1.38088,1.3809,1.3805,1.3805,0
2026-06-01 04:14,1.38086,1.38093,1.3805,1.38083,0
2026-06-01 04:15,1.3809,1.38096,1.3805,1.38086,0
2026-06-01 04:16,1.38088,1.38092,1.3804,1.38091,0
2026-06-01 04:17,1.38089,1.38092,1.3805,1.38086,0
2026-06-01 04:18,1.38097,1.38108,1.3805,1.38092,0
2026-06-01 04:19,1.3809,1.38121,1.3805,1.38105,0
2026-06-01 04:20,1.38102,1.38116,1.3806,1.38112,0
2026-06-01 04:21,1.38101,1.38112,1.3806,1.38102,0
2026-06-01 04:22,1.38106,1.38108,1.3806,1.38105,0
2026-06-01 04:23,1.38106,1.3811,1.3806,1.38106,0
2026-06-01 04:24,1.3806,1.38108,1.3806,1.38102,0
2026-06-01 04:25,1.3806,1.38105,1.3805,1.38099,0
2026-06-01 04:26,1.38093,1.38105,1.3805,1.381,0
2026-06-01 04:27,1.3806,1.381,1.3805,1.3806,0
2026-06-01 04:28,1.38073,1.38097,1.3803,1.38091,0
2026-06-01 04:29,1.38072,1.3808,1.3804,1.3804,0
2026-06-01 04:30,1.38077,1.38082,1.3803,1.3804,0
2026-06-01 04:31,1.3806,1.38081,1.3802,1.3804,0
2026-06-01 04:32,1.3808,1.38082,1.3803,1.3804,0
2026-06-01 04:33,1.38085,1.38086,1.3803,1.38079,0
2026-06-01 04:34,1.38085,1.3809,1.3804,1.3808,0
2026-06-01 04:35,1.3809,1.38095,1.3804,1.38084,0
2026-06-01 04:36,1.38096,1.38103,1.3806,1.38094,0
2026-06-01 04:37,1.38099,1.38104,1.3805,1.38097,0
2026-06-01 04:38,1.38097,1.38103,1.3805,1.38099,0
2026-06-01 04:39,1.381,1.38106,1.3806,1.38103,0
2026-06-01 04:40,1.38095,1.38101,1.3806,1.38097,0
2026-06-01 04:41,1.38114,1.38115,1.3806,1.38095,0
2026-06-01 04:42,1.3811,1.3812,1.3806,1.3811,0
2026-06-01 04:43,1.38118,1.38123,1.3807,1.38111,0
2026-06-01 04:44,1.38121,1.38126,1.3807,1.3812,0
2026-06-01 04:45,1.381,1.38124,1.3807,1.38119,0
2026-06-01 04:46,1.38115,1.38122,1.3806,1.38117,0
2026-06-01 04:47,1.3812,1.38121,1.3807,1.38115,0
2026-06-01 04:48,1.38113,1.38121,1.3807,1.38121,0
2026-06-01 04:49,1.3808,1.38121,1.3807,1.38113,0
2026-06-01 04:50,1.38116,1.38121,1.3808,1.38116,0
2026-06-01 04:51,1.38116,1.38121,1.3808,1.38116,0
2026-06-01 04:52,1.38116,1.38121,1.3807,1.3812,0
2026-06-01 04:53,1.38111,1.38116,1.3807,1.38111,0
2026-06-01 04:54,1.38116,1.38116,1.3807,1.38111,0
2026-06-01 04:55,1.3811,1.38116,1.3806,1.38111,0
2026-06-01 04:56,1.38116,1.38121,1.3807,1.3811,0
2026-06-01 04:57,1.38126,1.38129,1.3807,1.38116,0
2026-06-01 04:58,1.38132,1.38134,1.3808,1.38125,0
2026-06-01 04:59,1.38129,1.38137,1.3808,1.38129,0
2026-06-01 05:00,1.3813,1.38134,1.3808,1.38129,0
2026-06-01 05:01,1.38122,1.38133,1.3809,1.38132,0
2026-06-01 05:02,1.38125,1.38127,1.3808,1.3809,0
2026-06-01 05:03,1.3808,1.38124,1.3807,1.38119,0
2026-06-01 05:04,1.38117,1.38123,1.3807,1.3812,0
2026-06-01 05:05,1.3808,1.38122,1.3807,1.38117,0
2026-06-01 05:06,1.38109,1.38121,1.3807,1.38119,0
2026-06-01 05:07,1.38109,1.38116,1.3807,1.3811,0
2026-06-01 05:08,1.381,1.38115,1.3807,1.38109,0
2026-06-01 05:09,1.38113,1.38115,1.3806,1.381,0
2026-06-01 05:10,1.38113,1.38117,1.3806,1.3809,0
2026-06-01 05:11,1.3806,1.38116,1.3806,1.38113,0
2026-06-01 05:12,1.38108,1.38111,1.3806,1.3807,0
2026-06-01 05:13,1.38104,1.3811,1.3807,1.3809,0
2026-06-01 05:14,1.38103,1.3811,1.3806,1.38104,0
2026-06-01 05:15,1.38102,1.3811,1.3807,1.3811,0
2026-06-01 05:16,1.38107,1.3811,1.3807,1.38101,0
2026-06-01 05:17,1.3807,1.38108,1.3806,1.38102,0
2026-06-01 05:18,1.38089,1.381,1.3804,1.38093,0
2026-06-01 05:19,1.38088,1.38095,1.3804,1.38089,0
2026-06-01 05:20,1.38098,1.38102,1.3804,1.3809,0
2026-06-01 05:21,1.3806,1.38101,1.3806,1.38097,0
2026-06-01 05:22,1.38094,1.381,1.3806,1.38098,0
2026-06-01 05:23,1.38094,1.381,1.3806,1.38094,0
2026-06-01 05:24,1.3807,1.381,1.3806,1.38093,0
2026-06-01 05:25,1.38093,1.381,1.3806,1.38092,0
2026-06-01 05:26,1.38094,1.381,1.3806,1.3806,0
2026-06-01 05:27,1.3808,1.381,1.3806,1.3808,0
2026-06-01 05:28,1.381,1.38103,1.3805,1.38095,0
2026-06-01 05:29,1.38088,1.381,1.3804,1.38094,0
2026-06-01 05:30,1.3807,1.38093,1.3804,1.38089,0
2026-06-01 05:31,1.38088,1.38093,1.3804,1.38087,0
2026-06-01 05:32,1.38089,1.38094,1.3804,1.38088,0
2026-06-01 05:33,1.38092,1.38093,1.3804,1.3805,0
2026-06-01 05:34,1.38092,1.38097,1.3804,1.38092,0
2026-06-01 05:35,1.3806,1.38099,1.3805,1.38091,0
2026-06-01 05:36,1.3806,1.38097,1.3806,1.38092,0
2026-06-01 05:37,1.38087,1.38097,1.3804,1.38092,0
2026-06-01 05:38,1.38091,1.38096,1.3804,1.38088,0
2026-06-01 05:39,1.3805,1.38096,1.3804,1.38091,0
2026-06-01 05:40,1.38083,1.3809,1.3804,1.38082,0
2026-06-01 05:41,1.3805,1.3809,1.3805,1.38083,0
2026-06-01 05:42,1.38085,1.3809,1.3805,1.38085,0
2026-06-01 05:43,1.38083,1.3809,1.3805,1.38085,0
2026-06-01 05:44,1.38089,1.38091,1.3805,1.38084,0
2026-06-01 05:45,1.3806,1.3809,1.3805,1.38085,0
2026-06-01 05:46,1.38084,1.38091,1.3805,1.38084,0
2026-06-01 05:47,1.38083,1.38091,1.3805,1.38084,0
2026-06-01 05:48,1.38091,1.38096,1.3804,1.3809,0
2026-06-01 05:49,1.38093,1.38097,1.3805,1.3807,0
2026-06-01 05:50,1.38092,1.38097,1.3804,1.38091,0
2026-06-01 05:51,1.38091,1.381,1.3805,1.38096,0
2026-06-01 05:52,1.3806,1.38098,1.3805,1.3807,0
2026-06-01 05:53,1.3805,1.38097,1.3805,1.38092,0
2026-06-01 05:54,1.3807,1.38097,1.3805,1.38091,0
2026-06-01 05:55,1.3806,1.381,1.3805,1.3809,0
2026-06-01 05:56,1.38097,1.381,1.3805,1.38098,0
2026-06-01 05:57,1.38093,1.38105,1.3805,1.38093,0
2026-06-01 05:58,1.3808,1.38094,1.3804,1.38087,0
2026-06-01 05:59,1.38079,1.38086,1.3803,1.38082,0
2026-06-01 06:00,1.38082,1.38089,1.3803,1.38079,0
2026-06-01 06:01,1.38072,1.38092,1.3803,1.38088,0
2026-06-01 06:02,1.38061,1.3808,1.3802,1.38078,0
2026-06-01 06:03,1.3805,1.38071,1.3802,1.38066,0
2026-06-01 06:04,1.38072,1.38077,1.3802,1.38062,0
2026-06-01 06:05,1.38078,1.3808,1.3803,1.38072,0
2026-06-01 06:06,1.3804,1.3808,1.3803,1.3804,0
2026-06-01 06:07,1.38072,1.3808,1.3804,1.38074,0
2026-06-01 06:08,1.38072,1.3808,1.3803,1.38077,0
2026-06-01 06:09,1.38067,1.3808,1.3802,1.3808,0
2026-06-01 06:10,1.38072,1.38079,1.3803,1.38067,0
2026-06-01 06:11,1.38071,1.38078,1.3803,1.38071,0
2026-06-01 06:12,1.38061,1.38073,1.3802,1.38068,0
2026-06-01 06:13,1.38063,1.3807,1.3802,1.38066,0
2026-06-01 06:14,1.38063,1.38068,1.3802,1.38062,0
2026-06-01 06:15,1.38068,1.38075,1.3802,1.38061,0
2026-06-01 06:16,1.38075,1.38081,1.3803,1.38068,0
2026-06-01 06:17,1.3807,1.3808,1.3803,1.38079,0
2026-06-01 06:18,1.38075,1.3808,1.3803,1.38072,0
2026-06-01 06:19,1.38072,1.3808,1.3803,1.38077,0
2026-06-01 06:20,1.3804,1.3808,1.3803,1.38072,0
2026-06-01 06:21,1.38072,1.3808,1.3804,1.38072,0
2026-06-01 06:22,1.3807,1.3808,1.3802,1.38072,0
2026-06-01 06:23,1.3803,1.38077,1.3803,1.3807,0
2026-06-01 06:24,1.38065,1.38071,1.3803,1.3807,0
2026-06-01 06:25,1.3805,1.38078,1.3803,1.38065,0
2026-06-01 06:26,1.38079,1.38079,1.3803,1.38072,0
2026-06-01 06:27,1.3806,1.3808,1.3804,1.3805,0
2026-06-01 06:28,1.3804,1.38086,1.3804,1.38076,0
2026-06-01 06:29,1.3806,1.3809,1.3804,1.38081,0
2026-06-01 06:30,1.3804,1.38088,1.3803,1.38082,0
2026-06-01 06:31,1.38083,1.38087,1.3803,1.38074,0
2026-06-01 06:32,1.3804,1.3809,1.3804,1.38088,0
2026-06-01 06:33,1.3805,1.38088,1.3804,1.3808,0
2026-06-01 06:34,1.3805,1.3809,1.3805,1.38082,0
2026-06-01 06:35,1.38083,1.3809,1.3804,1.3809,0
2026-06-01 06:36,1.38085,1.3809,1.3804,1.38082,0
2026-06-01 06:37,1.38088,1.38093,1.3804,1.38084,0
2026-06-01 06:38,1.3805,1.38094,1.3805,1.38088,0
2026-06-01 06:39,1.38084,1.3809,1.3804,1.38083,0
2026-06-01 06:40,1.38086,1.3809,1.3805,1.38085,0
2026-06-01 06:41,1.38087,1.38094,1.3805,1.38087,0
2026-06-01 06:42,1.3805,1.38094,1.3805,1.38086,0
2026-06-01 06:43,1.3805,1.38091,1.3804,1.38084,0
2026-06-01 06:44,1.3805,1.3809,1.3804,1.38084,0
2026-06-01 06:45,1.38083,1.38094,1.3804,1.3808,0
2026-06-01 06:46,1.38082,1.38087,1.3804,1.38084,0
2026-06-01 06:47,1.3808,1.38087,1.3804,1.38082,0
2026-06-01 06:48,1.38079,1.38086,1.3803,1.3808,0
2026-06-01 06:49,1.38084,1.38086,1.3804,1.3804,0
2026-06-01 06:50,1.38078,1.38088,1.3804,1.38078,0
2026-06-01 06:51,1.38074,1.38084,1.3803,1.3804,0
2026-06-01 06:52,1.38075,1.3808,1.3804,1.3808,0
2026-06-01 06:53,1.38083,1.38088,1.3804,1.38077,0
2026-06-01 06:54,1.38079,1.38087,1.3803,1.38079,0
2026-06-01 06:55,1.38084,1.3809,1.3804,1.38078,0
2026-06-01 06:56,1.38082,1.3809,1.3803,1.38084,0
2026-06-01 06:57,1.38083,1.3809,1.3805,1.38081,0
2026-06-01 06:58,1.3805,1.3809,1.3805,1.38082,0
2026-06-01 06:59,1.38089,1.38091,1.3805,1.3807,0
2026-06-01 07:00,1.3802,1.3809,1.3802,1.38084,0
2026-06-01 07:01,1.3802,1.3807,1.3802,1.38061,0
2026-06-01 07:02,1.3803,1.38059,1.3801,1.38056,0
2026-06-01 07:03,1.38059,1.38062,1.3802,1.38053,0
2026-06-01 07:04,1.3803,1.38062,1.3802,1.38055,0
2026-06-01 07:05,1.3802,1.3806,1.3802,1.3803,0
2026-06-01 07:06,1.38056,1.38062,1.3801,1.38055,0
2026-06-01 07:07,1.38055,1.38061,1.3802,1.3802,0
2026-06-01 07:08,1.38045,1.38056,1.3801,1.3802,0
2026-06-01 07:09,1.38024,1.38049,1.3798,1.3801,0
2026-06-01 07:10,1.38018,1.38031,1.3798,1.38019,0
2026-06-01 07:11,1.38,1.38042,1.3798,1.38019,0
2026-06-01 07:12,1.38047,1.38052,1.3799,1.38037,0
2026-06-01 07:13,1.38042,1.38051,1.3801,1.38043,0
2026-06-01 07:14,1.38036,1.38048,1.38,1.38042,0
2026-06-01 07:15,1.38029,1.38041,1.3798,1.38035,0
2026-06-01 07:16,1.38025,1.38037,1.3799,1.3803,0
2026-06-01 07:17,1.3799,1.38033,1.3799,1.38026,0
2026-06-01 07:18,1.38014,1.38024,1.3797,1.38018,0
2026-06-01 07:19,1.38016,1.38022,1.3798,1.38019,0
2026-06-01 07:20,1.3799,1.38031,1.3798,1.3802,0
2026-06-01 07:21,1.38027,1.38032,1.3799,1.38025,0
2026-06-01 07:22,1.3803,1.38038,1.3799,1.38028,0
2026-06-01 07:23,1.38027,1.38037,1.3798,1.38025,0
2026-06-01 07:24,1.38035,1.3804,1.38,1.38031,0
2026-06-01 07:25,1.38036,1.38043,1.38,1.38036,0
2026-06-01 07:26,1.3801,1.38049,1.38,1.38036,0
2026-06-01 07:27,1.3805,1.3805,1.3799,1.38038,0
2026-06-01 07:28,1.38042,1.3805,1.38,1.38044,0
2026-06-01 07:29,1.38045,1.3805,1.3799,1.38042,0
2026-06-01 07:30,1.3803,1.38061,1.3801,1.3804,0
2026-06-01 07:31,1.38047,1.3806,1.3802,1.38055,0
2026-06-01 07:32,1.38048,1.38052,1.38,1.38047,0
2026-06-01 07:33,1.3802,1.38052,1.3801,1.38047,0
2026-06-01 07:34,1.38055,1.38064,1.3802,1.38048,0
2026-06-01 07:35,1.38069,1.38069,1.3801,1.38057,0
2026-06-01 07:36,1.3807,1.38075,1.3802,1.3805,0
2026-06-01 07:37,1.38083,1.38085,1.3803,1.3804,0
2026-06-01 07:38,1.38066,1.38084,1.3804,1.3808,0
2026-06-01 07:39,1.38066,1.38075,1.3802,1.38071,0
2026-06-01 07:40,1.38062,1.3807,1.3803,1.3807,0
2026-06-01 07:41,1.38067,1.38073,1.3803,1.3803,0
2026-06-01 07:42,1.38074,1.3808,1.3803,1.3805,0
2026-06-01 07:43,1.38067,1.38082,1.3804,1.38073,0
2026-06-01 07:44,1.38067,1.38071,1.3802,1.38067,0
2026-06-01 07:45,1.3803,1.38072,1.3803,1.38063,0
2026-06-01 07:46,1.38059,1.3807,1.3801,1.3804,0
2026-06-01 07:47,1.38062,1.3807,1.3802,1.38056,0
2026-06-01 07:48,1.3803,1.38064,1.3801,1.38058,0
2026-06-01 07:49,1.38051,1.3806,1.3802,1.38055,0
2026-06-01 07:50,1.3802,1.38056,1.38,1.3803,0
2026-06-01 07:51,1.3802,1.38061,1.3801,1.38047,0
2026-06-01 07:52,1.38059,1.38066,1.3802,1.3805,0
2026-06-01 07:53,1.3805,1.38064,1.3802,1.38059,0
2026-06-01 07:54,1.38052,1.38069,1.3802,1.3805,0
2026-06-01 07:55,1.38048,1.38057,1.38,1.38056,0
2026-06-01 07:56,1.38043,1.38051,1.38,1.38045,0
2026-06-01 07:57,1.38,1.38048,1.38,1.38043,0
2026-06-01 07:58,1.38036,1.38045,1.3799,1.38032,0
2026-06-01 07:59,1.38036,1.38043,1.38,1.38038,0
2026-06-01 08:00,1.3805,1.38066,1.38,1.3801,0
2026-06-01 08:01,1.38047,1.38057,1.38,1.3805,0
2026-06-01 08:02,1.38063,1.38068,1.3801,1.38047,0
2026-06-01 08:03,1.38054,1.38069,1.3802,1.38063,0
2026-06-01 08:04,1.38055,1.38062,1.3802,1.38054,0
2026-06-01 08:05,1.38069,1.38075,1.3802,1.38056,0
2026-06-01 08:06,1.38051,1.38076,1.3802,1.3804,0
2026-06-01 08:07,1.38044,1.3806,1.3801,1.3802,0
2026-06-01 08:08,1.38048,1.38056,1.3801,1.38045,0
2026-06-01 08:09,1.38052,1.38058,1.38,1.3802,0
2026-06-01 08:10,1.38066,1.38066,1.3801,1.38052,0
2026-06-01 08:11,1.38064,1.38069,1.3802,1.38062,0
2026-06-01 08:12,1.38053,1.38066,1.3802,1.38059,0
2026-06-01 08:13,1.3802,1.3806,1.3802,1.38052,0
2026-06-01 08:14,1.38061,1.38067,1.3803,1.38055,0
2026-06-01 08:15,1.38064,1.3807,1.3803,1.38066,0
2026-06-01 08:16,1.3803,1.3807,1.3801,1.38064,0
2026-06-01 08:17,1.38057,1.38061,1.3801,1.38055,0
2026-06-01 08:18,1.38069,1.3807,1.3802,1.38059,0
2026-06-01 08:19,1.38067,1.38074,1.3803,1.38064,0
2026-06-01 08:20,1.38063,1.38074,1.3803,1.3803,0
2026-06-01 08:21,1.38064,1.3807,1.3803,1.38063,0
2026-06-01 08:22,1.38083,1.38088,1.3803,1.38064,0
2026-06-01 08:23,1.3809,1.38095,1.3804,1.38081,0
2026-06-01 08:24,1.38098,1.38105,1.3805,1.3807,0
2026-06-01 08:25,1.38108,1.38115,1.3805,1.38099,0
2026-06-01 08:26,1.38107,1.38115,1.3806,1.38108,0
2026-06-01 08:27,1.38104,1.3811,1.3806,1.3811,0
2026-06-01 08:28,1.38106,1.38114,1.3807,1.38108,0
2026-06-01 08:29,1.38105,1.38116,1.3806,1.38104,0
2026-06-01 08:30,1.3807,1.3811,1.3806,1.38105,0
2026-06-01 08:31,1.38117,1.3812,1.3807,1.38102,0
2026-06-01 08:32,1.3808,1.38117,1.3808,1.38112,0
2026-06-01 08:33,1.38117,1.38122,1.3808,1.38109,0
2026-06-01 08:34,1.38118,1.38125,1.3808,1.38121,0
2026-06-01 08:35,1.38133,1.38137,1.3809,1.38118,0
2026-06-01 08:36,1.38151,1.38155,1.381,1.381,0
2026-06-01 08:37,1.38147,1.38157,1.3811,1.38153,0
2026-06-01 08:38,1.38147,1.38154,1.3811,1.38146,0
2026-06-01 08:39,1.3815,1.38155,1.3811,1.38146,0
2026-06-01 08:40,1.38161,1.38166,1.3812,1.3815,0
2026-06-01 08:41,1.38167,1.38172,1.3812,1.3816,0
2026-06-01 08:42,1.38174,1.3818,1.3813,1.38167,0
2026-06-01 08:43,1.3814,1.38181,1.3814,1.38173,0
2026-06-01 08:44,1.38172,1.3818,1.3813,1.38171,0
2026-06-01 08:45,1.38181,1.3819,1.3814,1.38176,0
2026-06-01 08:46,1.38196,1.382,1.3814,1.38183,0
2026-06-01 08:47,1.38184,1.38196,1.3814,1.3819,0
2026-06-01 08:48,1.38163,1.38186,1.3813,1.38182,0
2026-06-01 08:49,1.38157,1.38166,1.3811,1.38159,0
2026-06-01 08:50,1.3816,1.38163,1.3811,1.3813,0
2026-06-01 08:51,1.38151,1.38166,1.3811,1.38155,0
2026-06-01 08:52,1.38138,1.38157,1.3809,1.38151,0
2026-06-01 08:53,1.3811,1.3814,1.3808,1.38137,0
2026-06-01 08:54,1.38126,1.3814,1.3808,1.38126,0
2026-06-01 08:55,1.3811,1.38148,1.3809,1.38126,0
2026-06-01 08:56,1.38144,1.38148,1.381,1.38143,0
2026-06-01 08:57,1.38134,1.38147,1.3809,1.38143,0
2026-06-01 08:58,1.38141,1.3815,1.381,1.38133,0
2026-06-01 08:59,1.38139,1.38147,1.381,1.38141,0
2026-06-01 09:00,1.38142,1.38145,1.3809,1.3811,0
2026-06-01 09:01,1.38127,1.38146,1.3809,1.38141,0
2026-06-01 09:02,1.38149,1.38157,1.3809,1.38127,0
2026-06-01 09:03,1.38147,1.38156,1.3811,1.38151,0
2026-06-01 09:04,1.38152,1.38156,1.381,1.38147,0
2026-06-01 09:05,1.38158,1.38161,1.3811,1.38152,0
2026-06-01 09:06,1.38162,1.38172,1.3811,1.38161,0
2026-06-01 09:07,1.38163,1.3817,1.3811,1.38165,0
2026-06-01 09:08,1.38155,1.3817,1.3811,1.3817,0
2026-06-01 09:09,1.38161,1.38164,1.3811,1.38155,0
2026-06-01 09:10,1.38159,1.38167,1.3812,1.3812,0
2026-06-01 09:11,1.38162,1.38168,1.3813,1.38159,0
2026-06-01 09:12,1.3814,1.38175,1.3812,1.38162,0
2026-06-01 09:13,1.38177,1.38182,1.3813,1.38168,0
2026-06-01 09:14,1.38167,1.38177,1.3813,1.38176,0
2026-06-01 09:15,1.3813,1.38175,1.3812,1.38163,0
2026-06-01 09:16,1.38163,1.3817,1.3811,1.38157,0
2026-06-01 09:17,1.38162,1.3817,1.3812,1.38163,0
2026-06-01 09:18,1.3814,1.38166,1.3811,1.38157,0
2026-06-01 09:19,1.38166,1.3817,1.3813,1.38162,0
2026-06-01 09:20,1.38168,1.3818,1.3814,1.3815,0
2026-06-01 09:21,1.38172,1.38181,1.3814,1.38169,0
2026-06-01 09:22,1.3815,1.38181,1.3814,1.38172,0
2026-06-01 09:23,1.3815,1.38185,1.3813,1.38172,0
2026-06-01 09:24,1.38183,1.38187,1.3813,1.38183,0
2026-06-01 09:25,1.3815,1.38188,1.3812,1.38183,0
2026-06-01 09:26,1.3815,1.38177,1.3814,1.38174,0
2026-06-01 09:27,1.3814,1.38176,1.3812,1.38172,0
2026-06-01 09:28,1.38169,1.38176,1.3812,1.38171,0
2026-06-01 09:29,1.38167,1.38177,1.3813,1.38169,0
2026-06-01 09:30,1.38169,1.38172,1.3812,1.38164,0
2026-06-01 09:31,1.38162,1.38173,1.3812,1.3814,0
2026-06-01 09:32,1.38149,1.38166,1.381,1.38162,0
2026-06-01 09:33,1.38153,1.3816,1.3812,1.38151,0
2026-06-01 09:34,1.38158,1.38163,1.3811,1.38154,0
2026-06-01 09:35,1.38158,1.38164,1.3811,1.38158,0
2026-06-01 09:36,1.38145,1.38164,1.381,1.38158,0
2026-06-01 09:37,1.3812,1.38154,1.381,1.38144,0
2026-06-01 09:38,1.38156,1.38158,1.381,1.38147,0
2026-06-01 09:39,1.38148,1.3816,1.381,1.38153,0
2026-06-01 09:40,1.38153,1.3816,1.3811,1.38144,0
2026-06-01 09:41,1.38161,1.38165,1.3811,1.38153,0
2026-06-01 09:42,1.38156,1.38165,1.3811,1.3816,0
2026-06-01 09:43,1.38151,1.38163,1.381,1.38156,0
2026-06-01 09:44,1.3815,1.38154,1.381,1.38151,0
2026-06-01 09:45,1.38157,1.38161,1.381,1.38151,0
2026-06-01 09:46,1.38173,1.38175,1.3811,1.38157,0
2026-06-01 09:47,1.38172,1.38178,1.3812,1.38169,0
2026-06-01 09:48,1.38183,1.38186,1.3814,1.3814,0
2026-06-01 09:49,1.38177,1.38187,1.3813,1.3815,0
2026-06-01 09:50,1.38171,1.3818,1.3814,1.38172,0
2026-06-01 09:51,1.38167,1.3818,1.3813,1.3814,0
2026-06-01 09:52,1.38152,1.3817,1.3812,1.38167,0
2026-06-01 09:53,1.38151,1.38157,1.381,1.3812,0
2026-06-01 09:54,1.38164,1.3817,1.3812,1.38152,0
2026-06-01 09:55,1.38172,1.38177,1.3813,1.38163,0
2026-06-01 09:56,1.38172,1.38181,1.3814,1.38173,0
2026-06-01 09:57,1.38163,1.38178,1.3813,1.38172,0
2026-06-01 09:58,1.38158,1.3817,1.3812,1.38163,0
2026-06-01 09:59,1.38147,1.3816,1.3811,1.38154,0
2026-06-01 10:00,1.38123,1.38152,1.3809,1.38146,0
2026-06-01 10:01,1.38117,1.38127,1.3808,1.38122,0
2026-06-01 10:02,1.38138,1.38145,1.3808,1.38115,0
2026-06-01 10:03,1.38142,1.38149,1.381,1.38138,0
2026-06-01 10:04,1.3811,1.38151,1.3811,1.38142,0
2026-06-01 10:05,1.3812,1.3816,1.3811,1.38143,0
2026-06-01 10:06,1.38161,1.38164,1.3811,1.38155,0
2026-06-01 10:07,1.38175,1.38176,1.3812,1.38156,0
2026-06-01 10:08,1.38172,1.38176,1.3814,1.3817,0
2026-06-01 10:09,1.38178,1.38182,1.3812,1.38168,0
2026-06-01 10:10,1.3819,1.38202,1.3814,1.38178,0
2026-06-01 10:11,1.38195,1.38196,1.3814,1.38194,0
2026-06-01 10:12,1.38196,1.38201,1.3815,1.3819,0
2026-06-01 10:13,1.38184,1.38197,1.3813,1.38196,0
2026-06-01 10:14,1.38178,1.38184,1.3813,1.3815,0
2026-06-01 10:15,1.38177,1.38185,1.3813,1.38178,0
2026-06-01 10:16,1.38193,1.382,1.3813,1.38177,0
2026-06-01 10:17,1.38185,1.38196,1.3814,1.38192,0
2026-06-01 10:18,1.3816,1.38193,1.3814,1.38182,0
2026-06-01 10:19,1.38189,1.38196,1.3814,1.38189,0
2026-06-01 10:20,1.38189,1.38196,1.3814,1.38194,0
2026-06-01 10:21,1.3819,1.38196,1.3816,1.38189,0
2026-06-01 10:22,1.3817,1.38208,1.3816,1.38192,0
2026-06-01 10:23,1.38203,1.38213,1.3815,1.38203,0
2026-06-01 10:24,1.382,1.38207,1.3815,1.38199,0
2026-06-01 10:25,1.38204,1.3821,1.3817,1.382,0
2026-06-01 10:26,1.3819,1.38222,1.3817,1.38203,0
2026-06-01 10:27,1.38218,1.38224,1.3818,1.38223,0
2026-06-01 10:28,1.38218,1.38226,1.3817,1.3822,0
2026-06-01 10:29,1.38202,1.38226,1.3817,1.38218,0
2026-06-01 10:30,1.38197,1.38213,1.3816,1.38202,0
2026-06-01 10:31,1.38198,1.38203,1.3815,1.38197,0
2026-06-01 10:32,1.38194,1.38203,1.3815,1.38198,0
2026-06-01 10:33,1.38208,1.38212,1.3816,1.38196,0
2026-06-01 10:34,1.38212,1.3822,1.3816,1.38206,0
2026-06-01 10:35,1.38209,1.38214,1.3816,1.38207,0
2026-06-01 10:36,1.38213,1.38217,1.3816,1.38213,0
2026-06-01 10:37,1.38208,1.38216,1.3816,1.38216,0
2026-06-01 10:38,1.38209,1.38215,1.3816,1.38208,0
2026-06-01 10:39,1.38208,1.38215,1.3816,1.38211,0
2026-06-01 10:40,1.3819,1.38214,1.3816,1.38208,0
2026-06-01 10:41,1.38199,1.38216,1.3817,1.38209,0
2026-06-01 10:42,1.38196,1.38205,1.3816,1.38204,0
2026-06-01 10:43,1.38199,1.38205,1.3815,1.38196,0
2026-06-01 10:44,1.3818,1.38216,1.3816,1.38199,0
2026-06-01 10:45,1.38217,1.38225,1.3816,1.38209,0
2026-06-01 10:46,1.3818,1.38221,1.3816,1.382,0
2026-06-01 10:47,1.38197,1.38214,1.3815,1.3819,0
2026-06-01 10:48,1.382,1.38205,1.3815,1.3818,0
2026-06-01 10:49,1.38209,1.38214,1.3816,1.3818,0
2026-06-01 10:50,1.38203,1.38213,1.3816,1.38207,0
2026-06-01 10:51,1.38218,1.38222,1.3817,1.3818,0
2026-06-01 10:52,1.3817,1.3822,1.3816,1.3819,0
2026-06-01 10:53,1.38204,1.3821,1.3817,1.38209,0
2026-06-01 10:54,1.38203,1.3821,1.3816,1.38204,0
2026-06-01 10:55,1.38206,1.38212,1.3817,1.38203,0
2026-06-01 10:56,1.38205,1.38214,1.3816,1.38207,0
2026-06-01 10:57,1.3817,1.3821,1.3815,1.38203,0
2026-06-01 10:58,1.3818,1.3821,1.3815,1.38199,0
2026-06-01 10:59,1.38183,1.38206,1.3815,1.382,0
2026-06-01 11:00,1.38178,1.38187,1.3813,1.38183,0
2026-06-01 11:01,1.38193,1.382,1.3813,1.38177,0
2026-06-01 11:02,1.38189,1.38196,1.3814,1.38193,0
2026-06-01 11:03,1.3818,1.38194,1.3814,1.38189,0
2026-06-01 11:04,1.38178,1.38187,1.3815,1.3818,0
2026-06-01 11:05,1.38183,1.38186,1.3815,1.38179,0
2026-06-01 11:06,1.38178,1.38187,1.3813,1.38178,0
2026-06-01 11:07,1.3815,1.38188,1.3814,1.3816,0
2026-06-01 11:08,1.38179,1.38186,1.3815,1.38177,0
2026-06-01 11:09,1.38179,1.38185,1.3813,1.38179,0
2026-06-01 11:10,1.38166,1.38187,1.3814,1.38179,0
2026-06-01 11:11,1.38171,1.38178,1.3812,1.38168,0
2026-06-01 11:12,1.38175,1.38176,1.3814,1.3814,0
2026-06-01 11:13,1.3818,1.38185,1.3814,1.3814,0
2026-06-01 11:14,1.38183,1.3819,1.3815,1.3818,0
2026-06-01 11:15,1.38193,1.38197,1.3815,1.38182,0
2026-06-01 11:16,1.38202,1.38204,1.3816,1.38193,0
2026-06-01 11:17,1.38205,1.38209,1.3815,1.38197,0
2026-06-01 11:18,1.3822,1.38227,1.3817,1.38208,0
2026-06-01 11:19,1.38222,1.38225,1.3817,1.38221,0
2026-06-01 11:20,1.38224,1.3823,1.3817,1.38224,0
2026-06-01 11:21,1.38222,1.3823,1.3817,1.38229,0
2026-06-01 11:22,1.38224,1.38229,1.3817,1.38222,0
2026-06-01 11:23,1.38218,1.3823,1.3817,1.38224,0
2026-06-01 11:24,1.38197,1.38223,1.3815,1.3822,0
2026-06-01 11:25,1.3817,1.38205,1.3815,1.38197,0
2026-06-01 11:26,1.38187,1.38201,1.3814,1.38197,0
2026-06-01 11:27,1.38193,1.38206,1.3814,1.38187,0
2026-06-01 11:28,1.38193,1.38197,1.3815,1.38192,0
2026-06-01 11:29,1.38202,1.38202,1.3814,1.38194,0
2026-06-01 11:30,1.3817,1.38207,1.3815,1.38197,0
2026-06-01 11:31,1.38207,1.38214,1.3816,1.38199,0
2026-06-01 11:32,1.382,1.38213,1.3816,1.38212,0
2026-06-01 11:33,1.3821,1.38214,1.3816,1.382,0
2026-06-01 11:34,1.38207,1.38214,1.3816,1.38209,0
2026-06-01 11:35,1.3822,1.38225,1.3816,1.38207,0
2026-06-01 11:36,1.38214,1.38226,1.3816,1.3822,0
2026-06-01 11:37,1.38204,1.38214,1.3816,1.3818,0
2026-06-01 11:38,1.38206,1.3821,1.3817,1.38203,0
2026-06-01 11:39,1.38206,1.38211,1.3817,1.38202,0
2026-06-01 11:40,1.38204,1.3821,1.3815,1.38208,0
2026-06-01 11:41,1.38218,1.38224,1.3817,1.3817,0
2026-06-01 11:42,1.38217,1.38224,1.3817,1.38218,0
2026-06-01 11:43,1.3818,1.38221,1.3817,1.38217,0
2026-06-01 11:44,1.38212,1.38217,1.3816,1.38208,0
2026-06-01 11:45,1.38213,1.3822,1.3817,1.3821,0
2026-06-01 11:46,1.3819,1.38225,1.3817,1.38213,0
2026-06-01 11:47,1.38213,1.38223,1.3817,1.38218,0
2026-06-01 11:48,1.38222,1.38226,1.3818,1.3818,0
2026-06-01 11:49,1.38224,1.3823,1.3817,1.3822,0
2026-06-01 11:50,1.38233,1.38233,1.3819,1.38224,0
2026-06-01 11:51,1.38227,1.38236,1.3818,1.38228,0
2026-06-01 11:52,1.38237,1.38239,1.3818,1.38227,0
2026-06-01 11:53,1.38233,1.38242,1.3819,1.38232,0
2026-06-01 11:54,1.38234,1.3824,1.382,1.38233,0
2026-06-01 11:55,1.3823,1.38236,1.3818,1.38234,0
2026-06-01 11:56,1.38242,1.38247,1.3818,1.38229,0
2026-06-01 11:57,1.38238,1.38252,1.3819,1.38243,0
2026-06-01 11:58,1.3824,1.38245,1.3821,1.38238,0
2026-06-01 11:59,1.38236,1.38245,1.3819,1.38239,0
2026-06-01 12:00,1.38248,1.38252,1.382,1.38239,0
2026-06-01 12:01,1.38258,1.38265,1.3821,1.38251,0
2026-06-01 12:02,1.3824,1.3828,1.3821,1.38258,0
2026-06-01 12:03,1.38282,1.38288,1.3823,1.3827,0
2026-06-01 12:04,1.3826,1.38283,1.3823,1.38283,0
2026-06-01 12:05,1.38285,1.38291,1.3824,1.38277,0
2026-06-01 12:06,1.38297,1.38305,1.3825,1.38285,0
2026-06-01 12:07,1.3827,1.383,1.3824,1.38293,0
2026-06-01 12:08,1.38287,1.38296,1.3824,1.3829,0
2026-06-01 12:09,1.38273,1.38293,1.3824,1.38289,0
2026-06-01 12:10,1.38294,1.38296,1.3824,1.38273,0
2026-06-01 12:11,1.38291,1.38299,1.3825,1.38289,0
2026-06-01 12:12,1.38278,1.38297,1.3823,1.3826,0
2026-06-01 12:13,1.38275,1.38278,1.3822,1.38273,0
2026-06-01 12:14,1.38275,1.38278,1.3822,1.3827,0
2026-06-01 12:15,1.38263,1.38283,1.3822,1.38274,0
2026-06-01 12:16,1.38266,1.38271,1.3821,1.38259,0
2026-06-01 12:17,1.3827,1.38274,1.3822,1.38261,0
2026-06-01 12:18,1.3823,1.38274,1.3822,1.38269,0
2026-06-01 12:19,1.38254,1.3827,1.3823,1.38264,0
2026-06-01 12:20,1.38257,1.38262,1.3821,1.38256,0
2026-06-01 12:21,1.38273,1.38273,1.3821,1.38257,0
2026-06-01 12:22,1.38277,1.38282,1.3822,1.38269,0
2026-06-01 12:23,1.38277,1.38286,1.3823,1.38278,0
2026-06-01 12:24,1.38278,1.38282,1.3823,1.3826,0
2026-06-01 12:25,1.3823,1.38282,1.3821,1.38281,0
2026-06-01 12:26,1.38262,1.3828,1.3823,1.38265,0
2026-06-01 12:27,1.38252,1.38267,1.3821,1.38263,0
2026-06-01 12:28,1.38257,1.38265,1.3821,1.38252,0
2026-06-01 12:29,1.38258,1.38263,1.3821,1.38258,0
2026-06-01 12:30,1.38267,1.38272,1.3822,1.38258,0
2026-06-01 12:31,1.38295,1.38299,1.3823,1.38269,0
2026-06-01 12:32,1.38299,1.38304,1.3825,1.38299,0
2026-06-01 12:33,1.3827,1.3831,1.3825,1.38301,0
2026-06-01 12:34,1.38302,1.38309,1.3827,1.38304,0
2026-06-01 12:35,1.38296,1.38308,1.3825,1.38305,0
2026-06-01 12:36,1.3826,1.38308,1.3824,1.38296,0
2026-06-01 12:37,1.38288,1.383,1.3824,1.38291,0
2026-06-01 12:38,1.38288,1.38298,1.3826,1.38288,0
2026-06-01 12:39,1.38301,1.38308,1.3825,1.38288,0
2026-06-01 12:40,1.38339,1.38346,1.3827,1.38306,0
2026-06-01 12:41,1.38332,1.38353,1.383,1.38339,0
2026-06-01 12:42,1.38309,1.3834,1.3826,1.38332,0
2026-06-01 12:43,1.38328,1.38334,1.3826,1.38309,0
2026-06-01 12:44,1.38335,1.38336,1.3829,1.3831,0
2026-06-01 12:45,1.38328,1.38344,1.383,1.38331,0
2026-06-01 12:46,1.38315,1.38332,1.3826,1.38331,0
2026-06-01 12:47,1.3829,1.38321,1.3828,1.38317,0
2026-06-01 12:48,1.3831,1.38318,1.3826,1.38314,0
2026-06-01 12:49,1.38318,1.38322,1.3828,1.38308,0
2026-06-01 12:50,1.38324,1.3833,1.3828,1.38315,0
2026-06-01 12:51,1.38322,1.3833,1.3829,1.38328,0
2026-06-01 12:52,1.38326,1.38331,1.3827,1.38326,0
2026-06-01 12:53,1.38324,1.38336,1.3828,1.38327,0
2026-06-01 12:54,1.38323,1.38329,1.3829,1.38325,0
2026-06-01 12:55,1.3828,1.3833,1.3828,1.38323,0
2026-06-01 12:56,1.3829,1.3832,1.3827,1.38314,0
2026-06-01 12:57,1.38297,1.38311,1.3826,1.38308,0
2026-06-01 12:58,1.383,1.3831,1.3826,1.38298,0
2026-06-01 12:59,1.38306,1.38312,1.3827,1.383,0
2026-06-01 13:00,1.38292,1.38308,1.3824,1.38301,0
2026-06-01 13:01,1.38313,1.38313,1.3824,1.38287,0
2026-06-01 13:02,1.38316,1.38324,1.3826,1.38308,0
2026-06-01 13:03,1.38304,1.38317,1.3826,1.38314,0
2026-06-01 13:04,1.383,1.38308,1.3827,1.38299,0
2026-06-01 13:05,1.3828,1.38305,1.3824,1.38301,0
2026-06-01 13:06,1.3826,1.3828,1.3823,1.38276,0
2026-06-01 13:07,1.38267,1.38277,1.3823,1.38273,0
2026-06-01 13:08,1.3828,1.38285,1.3822,1.38263,0
2026-06-01 13:09,1.38285,1.38291,1.3824,1.38279,0
2026-06-01 13:10,1.38285,1.38291,1.3825,1.3829,0
2026-06-01 13:11,1.38289,1.38295,1.3825,1.3825,0
2026-06-01 13:12,1.38289,1.38295,1.3824,1.3825,0
2026-06-01 13:13,1.38299,1.383,1.3825,1.38289,0
2026-06-01 13:14,1.38302,1.38307,1.3825,1.3826,0
2026-06-01 13:15,1.38308,1.3831,1.3825,1.38303,0
2026-06-01 13:16,1.3829,1.38308,1.3825,1.3827,0
2026-06-01 13:17,1.38285,1.38295,1.3824,1.38291,0
2026-06-01 13:18,1.38287,1.38298,1.3824,1.38282,0
2026-06-01 13:19,1.38302,1.3831,1.3825,1.38287,0
2026-06-01 13:20,1.38305,1.38319,1.3826,1.38302,0
2026-06-01 13:21,1.38314,1.38318,1.3827,1.38305,0
2026-06-01 13:22,1.38327,1.38332,1.3828,1.38318,0
2026-06-01 13:23,1.38332,1.38337,1.3829,1.38327,0
2026-06-01 13:24,1.38333,1.38337,1.3828,1.38332,0
2026-06-01 13:25,1.3835,1.38356,1.383,1.38333,0
2026-06-01 13:26,1.38341,1.38354,1.3829,1.3835,0
2026-06-01 13:27,1.38355,1.38356,1.3831,1.38339,0
2026-06-01 13:28,1.3834,1.38373,1.3831,1.38352,0
2026-06-01 13:29,1.38362,1.3837,1.3831,1.38368,0
2026-06-01 13:30,1.38361,1.38375,1.3833,1.38362,0
2026-06-01 13:31,1.38378,1.38382,1.3833,1.38365,0
2026-06-01 13:32,1.38361,1.38382,1.3832,1.38378,0
2026-06-01 13:33,1.38351,1.38367,1.3831,1.38363,0
2026-06-01 13:34,1.38349,1.38359,1.383,1.38358,0
2026-06-01 13:35,1.3831,1.38362,1.3831,1.38352,0
2026-06-01 13:36,1.38317,1.38347,1.3828,1.3834,0
2026-06-01 13:37,1.38329,1.38335,1.3829,1.38318,0
2026-06-01 13:38,1.38314,1.38333,1.3827,1.38328,0
2026-06-01 13:39,1.38322,1.38342,1.3826,1.38314,0
2026-06-01 13:40,1.38321,1.38327,1.3826,1.38321,0
2026-06-01 13:41,1.38331,1.38342,1.3828,1.38317,0
2026-06-01 13:42,1.3835,1.38357,1.3829,1.38335,0
2026-06-01 13:43,1.3832,1.38358,1.383,1.38354,0
2026-06-01 13:44,1.38308,1.38351,1.3826,1.38349,0
2026-06-01 13:45,1.38296,1.38317,1.3826,1.38308,0
2026-06-01 13:46,1.38296,1.38311,1.3826,1.38301,0
2026-06-01 13:47,1.383,1.38307,1.3826,1.38296,0
2026-06-01 13:48,1.3829,1.38306,1.3824,1.383,0
2026-06-01 13:49,1.38275,1.38301,1.3823,1.3829,0
2026-06-01 13:50,1.38276,1.38285,1.3823,1.38271,0
2026-06-01 13:51,1.38266,1.38286,1.3822,1.38278,0
2026-06-01 13:52,1.38253,1.38273,1.3821,1.38265,0
2026-06-01 13:53,1.38255,1.38265,1.382,1.38257,0
2026-06-01 13:54,1.38255,1.38265,1.3821,1.38254,0
2026-06-01 13:55,1.38238,1.38256,1.3821,1.38251,0
2026-06-01 13:56,1.38249,1.38256,1.3821,1.38239,0
2026-06-01 13:57,1.38249,1.3826,1.382,1.38246,0
2026-06-01 13:58,1.38262,1.38263,1.382,1.38249,0
2026-06-01 13:59,1.38256,1.38264,1.3821,1.38258,0
2026-06-01 14:00,1.3827,1.38281,1.3821,1.38256,0
2026-06-01 14:01,1.38272,1.38284,1.3822,1.38274,0
2026-06-01 14:02,1.3826,1.38301,1.3823,1.38272,0
2026-06-01 14:03,1.38289,1.383,1.3824,1.38295,0
2026-06-01 14:04,1.38291,1.38301,1.3824,1.38287,0
2026-06-01 14:05,1.383,1.38307,1.3826,1.38291,0
2026-06-01 14:06,1.38345,1.38348,1.3827,1.383,0
2026-06-01 14:07,1.38348,1.38352,1.383,1.38341,0
2026-06-01 14:08,1.38325,1.38348,1.3829,1.3831,0
2026-06-01 14:09,1.38368,1.38372,1.3829,1.3829,0
2026-06-01 14:10,1.38371,1.3838,1.3832,1.3837,0
2026-06-01 14:11,1.38391,1.38398,1.3833,1.38369,0
2026-06-01 14:12,1.38431,1.38444,1.3833,1.38386,0
2026-06-01 14:13,1.38402,1.38441,1.3834,1.38427,0
2026-06-01 14:14,1.3838,1.38417,1.3834,1.38399,0
2026-06-01 14:15,1.38368,1.38394,1.3832,1.38382,0
2026-06-01 14:16,1.38373,1.38379,1.3832,1.38368,0
2026-06-01 14:17,1.38375,1.38381,1.3831,1.38368,0
2026-06-01 14:18,1.38372,1.38385,1.3834,1.38376,0
2026-06-01 14:19,1.38377,1.38388,1.3833,1.38368,0
2026-06-01 14:20,1.38389,1.38399,1.3833,1.38376,0
2026-06-01 14:21,1.38407,1.38416,1.3835,1.3839,0
2026-06-01 14:22,1.38417,1.38429,1.3835,1.38407,0
2026-06-01 14:23,1.38417,1.38425,1.3837,1.38425,0
2026-06-01 14:24,1.38369,1.38421,1.3833,1.38412,0
2026-06-01 14:25,1.38316,1.38375,1.3828,1.38371,0
2026-06-01 14:26,1.38332,1.38347,1.3828,1.38316,0
2026-06-01 14:27,1.38319,1.38345,1.3827,1.38333,0
2026-06-01 14:28,1.38346,1.38351,1.3828,1.38319,0
2026-06-01 14:29,1.38353,1.38355,1.3829,1.38341,0
2026-06-01 14:30,1.38393,1.38403,1.383,1.38354,0
2026-06-01 14:31,1.38389,1.384,1.3835,1.38394,0
2026-06-01 14:32,1.38368,1.38397,1.3833,1.38394,0
2026-06-01 14:33,1.38371,1.38382,1.3833,1.38368,0
2026-06-01 14:34,1.38382,1.3839,1.3832,1.38371,0
2026-06-01 14:35,1.38368,1.38385,1.3832,1.38381,0
2026-06-01 14:36,1.38395,1.38408,1.3832,1.38372,0
2026-06-01 14:37,1.38411,1.38413,1.3835,1.38395,0
2026-06-01 14:38,1.38379,1.38415,1.3834,1.38406,0
2026-06-01 14:39,1.38359,1.38384,1.3833,1.38383,0
2026-06-01 14:40,1.38376,1.38382,1.3831,1.38364,0
2026-06-01 14:41,1.38388,1.38402,1.3834,1.38375,0
2026-06-01 14:42,1.3836,1.38394,1.3833,1.38389,0
2026-06-01 14:43,1.38418,1.38419,1.3835,1.3838,0
2026-06-01 14:44,1.38444,1.38452,1.3836,1.38415,0
2026-06-01 14:45,1.38433,1.38458,1.3838,1.38447,0
2026-06-01 14:46,1.38426,1.38447,1.3839,1.38434,0
2026-06-01 14:47,1.3836,1.38432,1.3836,1.38432,0
2026-06-01 14:48,1.38405,1.3842,1.3836,1.38395,0
2026-06-01 14:49,1.38415,1.38423,1.3836,1.38406,0
2026-06-01 14:50,1.38426,1.38432,1.3837,1.38416,0
2026-06-01 14:51,1.38467,1.38488,1.3839,1.38428,0
2026-06-01 14:52,1.38455,1.38472,1.3841,1.3847,0
2026-06-01 14:53,1.38457,1.38472,1.384,1.3845,0
2026-06-01 14:54,1.3844,1.38475,1.3839,1.38455,0
2026-06-01 14:55,1.38462,1.3847,1.3841,1.38438,0
2026-06-01 14:56,1.38448,1.3847,1.384,1.38459,0
2026-06-01 14:57,1.38412,1.38457,1.3838,1.3845,0
2026-06-01 14:58,1.38422,1.38422,1.3836,1.3839,0
2026-06-01 14:59,1.38427,1.38433,1.3837,1.38419,0
2026-06-01 15:00,1.38451,1.38464,1.3839,1.38425,0
2026-06-01 15:01,1.38431,1.3846,1.3838,1.38451,0
2026-06-01 15:02,1.38462,1.38466,1.384,1.38438,0
2026-06-01 15:03,1.38455,1.38473,1.384,1.38463,0
2026-06-01 15:04,1.38471,1.38487,1.3842,1.38456,0
2026-06-01 15:05,1.3846,1.38481,1.3843,1.38471,0
2026-06-01 15:06,1.38459,1.38477,1.3843,1.3846,0
2026-06-01 15:07,1.38471,1.38476,1.3842,1.38461,0
2026-06-01 15:08,1.38471,1.38493,1.3843,1.38471,0
2026-06-01 15:09,1.38457,1.3848,1.3841,1.38475,0
2026-06-01 15:10,1.38462,1.38475,1.3841,1.38457,0
2026-06-01 15:11,1.38438,1.38468,1.384,1.38464,0
2026-06-01 15:12,1.38448,1.38458,1.3841,1.38443,0
2026-06-01 15:13,1.38453,1.38467,1.3841,1.38445,0
2026-06-01 15:14,1.38438,1.38459,1.384,1.38454,0
2026-06-01 15:15,1.38451,1.38457,1.3839,1.38435,0
2026-06-01 15:16,1.38434,1.3846,1.3836,1.38451,0
2026-06-01 15:17,1.38426,1.38443,1.3838,1.38434,0
2026-06-01 15:18,1.38427,1.38444,1.3838,1.38426,0
2026-06-01 15:19,1.38413,1.38426,1.3836,1.38419,0
2026-06-01 15:20,1.38423,1.38428,1.3837,1.38414,0
2026-06-01 15:21,1.3839,1.38447,1.3839,1.38425,0
2026-06-01 15:22,1.38421,1.38428,1.3837,1.38427,0
2026-06-01 15:23,1.38425,1.38434,1.3837,1.38422,0
2026-06-01 15:24,1.38436,1.3844,1.3838,1.38425,0
2026-06-01 15:25,1.38447,1.38454,1.3839,1.38429,0
2026-06-01 15:26,1.38442,1.38454,1.3839,1.38446,0
2026-06-01 15:27,1.3844,1.38448,1.3839,1.38442,0
2026-06-01 15:28,1.38425,1.38446,1.3838,1.38441,0
2026-06-01 15:29,1.38421,1.38441,1.3838,1.38429,0
2026-06-01 15:30,1.38427,1.38436,1.3838,1.38421,0
2026-06-01 15:31,1.38461,1.38466,1.3838,1.38426,0
2026-06-01 15:32,1.38451,1.38476,1.3842,1.38466,0
2026-06-01 15:33,1.38451,1.38467,1.3841,1.3845,0
2026-06-01 15:34,1.3842,1.38461,1.384,1.38449,0
2026-06-01 15:35,1.3842,1.3846,1.384,1.38452,0
2026-06-01 15:36,1.38445,1.38452,1.3839,1.38442,0
2026-06-01 15:37,1.38442,1.38449,1.3841,1.3844,0
2026-06-01 15:38,1.38433,1.38446,1.3839,1.3844,0
2026-06-01 15:39,1.38419,1.38438,1.3837,1.38432,0
2026-06-01 15:40,1.38406,1.38427,1.3836,1.38419,0
2026-06-01 15:41,1.38414,1.3842,1.3837,1.38407,0
2026-06-01 15:42,1.38417,1.38419,1.3837,1.38412,0
2026-06-01 15:43,1.38439,1.38439,1.3838,1.38412,0
2026-06-01 15:44,1.38429,1.38444,1.3838,1.38434,0
2026-06-01 15:45,1.38415,1.3843,1.3839,1.38425,0
2026-06-01 15:46,1.3842,1.38424,1.3837,1.3838,0
2026-06-01 15:47,1.38414,1.38427,1.3837,1.38415,0
2026-06-01 15:48,1.3843,1.38438,1.3838,1.38417,0
2026-06-01 15:49,1.38459,1.38462,1.384,1.3843,0
2026-06-01 15:50,1.38455,1.38469,1.3841,1.38462,0
2026-06-01 15:51,1.38459,1.38471,1.384,1.3846,0
2026-06-01 15:52,1.38457,1.38468,1.3841,1.38458,0
2026-06-01 15:53,1.38425,1.38465,1.3838,1.38461,0
2026-06-01 15:54,1.3843,1.38434,1.3838,1.38422,0
2026-06-01 15:55,1.38425,1.38438,1.3838,1.38426,0
2026-06-01 15:56,1.3842,1.38434,1.3838,1.38429,0
2026-06-01 15:57,1.38417,1.38451,1.3837,1.38421,0
2026-06-01 15:58,1.38401,1.38421,1.3836,1.38419,0
2026-06-01 15:59,1.38411,1.38413,1.3835,1.38402,0
2026-06-01 16:00,1.38402,1.38411,1.3836,1.38408,0
2026-06-01 16:01,1.38408,1.38421,1.3836,1.38402,0
2026-06-01 16:02,1.38392,1.3842,1.3835,1.38409,0
2026-06-01 16:03,1.38403,1.38409,1.3834,1.38388,0
2026-06-01 16:04,1.38374,1.38407,1.3832,1.38403,0
2026-06-01 16:05,1.3834,1.38394,1.3833,1.3837,0
2026-06-01 16:06,1.3836,1.38377,1.3832,1.38367,0
2026-06-01 16:07,1.3836,1.38399,1.3833,1.38359,0
2026-06-01 16:08,1.38388,1.384,1.3834,1.38396,0
2026-06-01 16:09,1.3835,1.38397,1.3834,1.3839,0
2026-06-01 16:10,1.3837,1.3838,1.3832,1.38373,0
2026-06-01 16:11,1.38374,1.3838,1.3833,1.38372,0
2026-06-01 16:12,1.38369,1.38389,1.3834,1.3837,0
2026-06-01 16:13,1.38368,1.38381,1.3832,1.3837,0
2026-06-01 16:14,1.38366,1.38375,1.3832,1.38367,0
2026-06-01 16:15,1.38355,1.3837,1.3832,1.38366,0
2026-06-01 16:16,1.3835,1.38365,1.3832,1.38356,0
2026-06-01 16:17,1.3834,1.38365,1.3831,1.3835,0
2026-06-01 16:18,1.3833,1.38375,1.3832,1.3836,0
2026-06-01 16:19,1.38359,1.38366,1.3831,1.3836,0
2026-06-01 16:20,1.38339,1.38372,1.3832,1.38359,0
2026-06-01 16:21,1.3831,1.38347,1.3829,1.38336,0
2026-06-01 16:22,1.38337,1.38342,1.383,1.38332,0
2026-06-01 16:23,1.3831,1.38344,1.3829,1.38337,0
2026-06-01 16:24,1.38341,1.38341,1.383,1.38336,0
2026-06-01 16:25,1.383,1.38342,1.3828,1.38337,0
2026-06-01 16:26,1.38339,1.38349,1.383,1.38331,0
2026-06-01 16:27,1.38341,1.38345,1.3829,1.3834,0
2026-06-01 16:28,1.38309,1.38344,1.3826,1.3834,0
2026-06-01 16:29,1.38303,1.38316,1.3825,1.38309,0
2026-06-01 16:30,1.38296,1.38305,1.3824,1.383,0
2026-06-01 16:31,1.38286,1.38298,1.3823,1.38297,0
2026-06-01 16:32,1.3828,1.38296,1.3825,1.38288,0
2026-06-01 16:33,1.38287,1.38301,1.3824,1.38281,0
2026-06-01 16:34,1.38302,1.38306,1.3824,1.38284,0
2026-06-01 16:35,1.38319,1.38328,1.3827,1.383,0
2026-06-01 16:36,1.38323,1.38336,1.3828,1.3832,0
2026-06-01 16:37,1.38326,1.38336,1.3829,1.38319,0
2026-06-01 16:38,1.383,1.38338,1.3829,1.3833,0
2026-06-01 16:39,1.3832,1.38336,1.3828,1.38332,0
2026-06-01 16:40,1.3833,1.38337,1.3829,1.38323,0
2026-06-01 16:41,1.3832,1.38356,1.383,1.383,0
2026-06-01 16:42,1.3836,1.38363,1.3831,1.38355,0
2026-06-01 16:43,1.38371,1.38376,1.3832,1.3833,0
2026-06-01 16:44,1.38357,1.38372,1.3832,1.38367,0
2026-06-01 16:45,1.38361,1.38365,1.3831,1.3833,0
2026-06-01 16:46,1.38354,1.38364,1.3831,1.38358,0
2026-06-01 16:47,1.38359,1.38366,1.383,1.38354,0
2026-06-01 16:48,1.38365,1.38371,1.3833,1.38359,0
2026-06-01 16:49,1.38364,1.38372,1.3833,1.38365,0
2026-06-01 16:50,1.38385,1.38388,1.3833,1.38364,0
2026-06-01 16:51,1.38388,1.38391,1.3835,1.38387,0
2026-06-01 16:52,1.38392,1.38405,1.3834,1.38388,0
2026-06-01 16:53,1.38384,1.38398,1.3835,1.38392,0
2026-06-01 16:54,1.3839,1.38396,1.3834,1.38384,0
2026-06-01 16:55,1.38378,1.38401,1.3834,1.3839,0
2026-06-01 16:56,1.38369,1.38384,1.3833,1.3835,0
2026-06-01 16:57,1.3833,1.38372,1.3832,1.38368,0
2026-06-01 16:58,1.3835,1.38388,1.3833,1.38364,0
2026-06-01 16:59,1.38378,1.3839,1.3834,1.38382,0
2026-06-01 17:00,1.38361,1.38381,1.3832,1.3838,0
2026-06-01 17:01,1.38368,1.38378,1.3832,1.38363,0
2026-06-01 17:02,1.3836,1.38389,1.3834,1.38372,0
2026-06-01 17:03,1.38385,1.38398,1.3835,1.38385,0
2026-06-01 17:04,1.38389,1.384,1.3834,1.38385,0
2026-06-01 17:05,1.38394,1.38397,1.3834,1.38389,0
2026-06-01 17:06,1.38401,1.38402,1.3835,1.3839,0
2026-06-01 17:07,1.38406,1.38407,1.3836,1.38398,0
2026-06-01 17:08,1.38404,1.3841,1.3835,1.38402,0
2026-06-01 17:09,1.38406,1.38413,1.3836,1.38405,0
2026-06-01 17:10,1.38408,1.38418,1.3837,1.38406,0
2026-06-01 17:11,1.38398,1.38413,1.3836,1.38407,0
2026-06-01 17:12,1.38412,1.38417,1.3836,1.38394,0
2026-06-01 17:13,1.38406,1.38416,1.3836,1.38413,0
2026-06-01 17:14,1.384,1.38411,1.3835,1.38404,0
2026-06-01 17:15,1.38419,1.38419,1.3835,1.38399,0
2026-06-01 17:16,1.38424,1.38427,1.3837,1.38419,0
2026-06-01 17:17,1.38424,1.3843,1.3837,1.38427,0
2026-06-01 17:18,1.3843,1.38435,1.3839,1.38424,0
2026-06-01 17:19,1.38419,1.38433,1.3839,1.38431,0
2026-06-01 17:20,1.38392,1.38425,1.3834,1.38419,0
2026-06-01 17:21,1.38394,1.384,1.3836,1.38393,0
2026-06-01 17:22,1.3835,1.384,1.3835,1.38394,0
2026-06-01 17:23,1.38385,1.3839,1.3834,1.38385,0
2026-06-01 17:24,1.3835,1.38391,1.3835,1.38383,0
2026-06-01 17:25,1.38385,1.38391,1.3833,1.3836,0
2026-06-01 17:26,1.38361,1.38385,1.3832,1.38381,0
2026-06-01 17:27,1.38366,1.38372,1.3833,1.38361,0
2026-06-01 17:28,1.38368,1.38373,1.3832,1.38366,0
2026-06-01 17:29,1.38359,1.38373,1.3832,1.38369,0
2026-06-01 17:30,1.38368,1.38373,1.3831,1.3833,0
2026-06-01 17:31,1.38379,1.3838,1.3832,1.38369,0
2026-06-01 17:32,1.3838,1.38385,1.3833,1.3834,0
2026-06-01 17:33,1.38372,1.38386,1.3833,1.3838,0
2026-06-01 17:34,1.38366,1.38387,1.3833,1.3837,0
2026-06-01 17:35,1.38353,1.38373,1.3832,1.38366,0
2026-06-01 17:36,1.38346,1.38359,1.3831,1.3833,0
2026-06-01 17:37,1.38338,1.38352,1.3829,1.38347,0
2026-06-01 17:38,1.38339,1.38352,1.383,1.38339,0
2026-06-01 17:39,1.38337,1.38347,1.3829,1.38337,0
2026-06-01 17:40,1.38357,1.38362,1.383,1.383,0
2026-06-01 17:41,1.38348,1.38365,1.3831,1.3832,0
2026-06-01 17:42,1.3832,1.38359,1.383,1.38349,0
2026-06-01 17:43,1.3835,1.38359,1.383,1.3832,0
2026-06-01 17:44,1.38351,1.38356,1.383,1.38353,0
2026-06-01 17:45,1.38353,1.38355,1.383,1.38352,0
2026-06-01 17:46,1.38341,1.38354,1.383,1.38352,0
2026-06-01 17:47,1.38333,1.38354,1.383,1.38341,0
2026-06-01 17:48,1.38323,1.38341,1.3829,1.38332,0
2026-06-01 17:49,1.38313,1.38334,1.3828,1.38321,0
2026-06-01 17:50,1.38302,1.38317,1.3827,1.38312,0
2026-06-01 17:51,1.38305,1.38314,1.3825,1.3827,0
2026-06-01 17:52,1.38288,1.38311,1.3824,1.38305,0
2026-06-01 17:53,1.38285,1.38295,1.3824,1.38284,0
2026-06-01 17:54,1.38284,1.38301,1.3824,1.38283,0
2026-06-01 17:55,1.38291,1.38295,1.3824,1.38285,0
2026-06-01 17:56,1.38284,1.383,1.3824,1.3829,0
2026-06-01 17:57,1.38284,1.38291,1.3823,1.38284,0
2026-06-01 17:58,1.38279,1.3829,1.3825,1.38285,0
2026-06-01 17:59,1.38279,1.38286,1.3823,1.38279,0
2026-06-01 18:00,1.38279,1.38286,1.3823,1.3828,0
2026-06-01 18:01,1.38283,1.38296,1.3823,1.3824,0
2026-06-01 18:02,1.38281,1.38287,1.3823,1.3825,0
2026-06-01 18:03,1.3827,1.38301,1.3823,1.38285,0
2026-06-01 18:04,1.38296,1.383,1.3826,1.3827,0
2026-06-01 18:05,1.38295,1.38297,1.3824,1.38295,0
2026-06-01 18:06,1.38302,1.38306,1.3825,1.3829,0
2026-06-01 18:07,1.38303,1.38311,1.3827,1.383,0
2026-06-01 18:08,1.38311,1.38312,1.3827,1.38304,0
2026-06-01 18:09,1.38307,1.38316,1.3826,1.38308,0
2026-06-01 18:10,1.38302,1.38316,1.3827,1.38311,0
2026-06-01 18:11,1.38309,1.38314,1.3827,1.38302,0
2026-06-01 18:12,1.3831,1.38317,1.3826,1.38309,0
2026-06-01 18:13,1.38312,1.3832,1.3828,1.3831,0
2026-06-01 18:14,1.38311,1.38317,1.3828,1.38312,0
2026-06-01 18:15,1.38311,1.38317,1.3828,1.38311,0
2026-06-01 18:16,1.38318,1.3832,1.3828,1.3831,0
2026-06-01 18:17,1.38313,1.38325,1.3827,1.38318,0
2026-06-01 18:18,1.38309,1.38323,1.3827,1.38313,0
2026-06-01 18:19,1.38302,1.38314,1.3827,1.38314,0
2026-06-01 18:20,1.38292,1.38308,1.3826,1.38302,0
2026-06-01 18:21,1.38297,1.383,1.3824,1.38292,0
2026-06-01 18:22,1.38283,1.38297,1.3824,1.38293,0
2026-06-01 18:23,1.38281,1.38287,1.3825,1.38279,0
2026-06-01 18:24,1.38281,1.38293,1.3825,1.38282,0
2026-06-01 18:25,1.38284,1.3829,1.3825,1.38282,0
2026-06-01 18:26,1.38285,1.3829,1.3823,1.38289,0
2026-06-01 18:27,1.38297,1.38297,1.3825,1.38286,0
2026-06-01 18:28,1.38304,1.38315,1.3826,1.38292,0
2026-06-01 18:29,1.38285,1.38322,1.3824,1.38307,0
2026-06-01 18:30,1.38296,1.38315,1.3823,1.38285,0
2026-06-01 18:31,1.38292,1.38302,1.3826,1.38292,0
2026-06-01 18:32,1.38291,1.38305,1.3824,1.38294,0
2026-06-01 18:33,1.38294,1.383,1.3824,1.38292,0
2026-06-01 18:34,1.38306,1.3831,1.3826,1.38299,0
2026-06-01 18:35,1.38308,1.38311,1.3827,1.38306,0
2026-06-01 18:36,1.38309,1.38314,1.3827,1.38304,0
2026-06-01 18:37,1.38309,1.3832,1.3827,1.38309,0
2026-06-01 18:38,1.38304,1.38311,1.3827,1.38309,0
2026-06-01 18:39,1.38315,1.38318,1.3827,1.38305,0
2026-06-01 18:40,1.3831,1.38323,1.3827,1.38319,0
2026-06-01 18:41,1.38304,1.38314,1.3827,1.3831,0
2026-06-01 18:42,1.38302,1.38314,1.3827,1.38304,0
2026-06-01 18:43,1.38292,1.38311,1.3823,1.38303,0
2026-06-01 18:44,1.3826,1.38302,1.3826,1.38292,0
2026-06-01 18:45,1.38291,1.38298,1.3824,1.38293,0
2026-06-01 18:46,1.38287,1.38299,1.3824,1.38291,0
2026-06-01 18:47,1.38294,1.383,1.3825,1.38291,0
2026-06-01 18:48,1.38297,1.38303,1.3825,1.38294,0
2026-06-01 18:49,1.3827,1.3831,1.3825,1.38298,0
2026-06-01 18:50,1.38296,1.38317,1.3827,1.38305,0
2026-06-01 18:51,1.38299,1.38302,1.3825,1.38297,0
2026-06-01 18:52,1.38291,1.38302,1.3826,1.38296,0
2026-06-01 18:53,1.38312,1.38312,1.3825,1.38292,0
2026-06-01 18:54,1.3829,1.38316,1.3826,1.38308,0
2026-06-01 18:55,1.3829,1.38314,1.3826,1.38308,0
2026-06-01 18:56,1.3827,1.38313,1.3826,1.38306,0
2026-06-01 18:57,1.3832,1.38321,1.3827,1.38303,0
2026-06-01 18:58,1.3829,1.38323,1.3828,1.38317,0
2026-06-01 18:59,1.38312,1.38323,1.3827,1.3829,0
2026-06-01 19:00,1.38308,1.38322,1.3828,1.3828,0
2026-06-01 19:01,1.38311,1.38319,1.3828,1.38314,0
2026-06-01 19:02,1.38318,1.38321,1.3828,1.3828,0
2026-06-01 19:03,1.38325,1.38328,1.3828,1.38318,0
2026-06-01 19:04,1.38331,1.38332,1.3828,1.3829,0
2026-06-01 19:05,1.38317,1.3833,1.3827,1.38327,0
2026-06-01 19:06,1.38322,1.38323,1.3827,1.38317,0
2026-06-01 19:07,1.38342,1.38343,1.3827,1.38318,0
2026-06-01 19:08,1.38334,1.38343,1.3829,1.38338,0
2026-06-01 19:09,1.3831,1.3834,1.383,1.383,0
2026-06-01 19:10,1.383,1.38337,1.3829,1.38327,0
2026-06-01 19:11,1.3831,1.38343,1.3829,1.38336,0
2026-06-01 19:12,1.3831,1.38345,1.3829,1.38338,0
2026-06-01 19:13,1.38337,1.38346,1.3829,1.38338,0
2026-06-01 19:14,1.38328,1.38341,1.3828,1.38337,0
2026-06-01 19:15,1.3834,1.38343,1.3828,1.38328,0
2026-06-01 19:16,1.383,1.38343,1.3828,1.3834,0
2026-06-01 19:17,1.38337,1.38341,1.3828,1.38329,0
2026-06-01 19:18,1.38335,1.3834,1.383,1.38337,0
2026-06-01 19:19,1.383,1.38339,1.3828,1.38331,0
2026-06-01 19:20,1.38336,1.3834,1.383,1.3833,0
2026-06-01 19:21,1.38341,1.38349,1.383,1.3834,0
2026-06-01 19:22,1.3834,1.38353,1.3831,1.38341,0
2026-06-01 19:23,1.38347,1.38353,1.383,1.38344,0
2026-06-01 19:24,1.38342,1.38352,1.383,1.38347,0
2026-06-01 19:25,1.38343,1.38346,1.3829,1.38343,0
2026-06-01 19:26,1.3832,1.3835,1.3829,1.38339,0
2026-06-01 19:27,1.38349,1.38351,1.383,1.38346,0
2026-06-01 19:28,1.38354,1.38355,1.3831,1.38346,0
2026-06-01 19:29,1.38356,1.3836,1.383,1.3832,0
2026-06-01 19:30,1.3833,1.38363,1.3832,1.3836,0
2026-06-01 19:31,1.38365,1.3837,1.3833,1.38357,0
2026-06-01 19:32,1.38369,1.3837,1.3833,1.38365,0
2026-06-01 19:33,1.38366,1.38375,1.3832,1.38366,0
2026-06-01 19:34,1.38368,1.38375,1.3832,1.38367,0
2026-06-01 19:35,1.38367,1.38376,1.3832,1.3837,0
2026-06-01 19:36,1.38362,1.3837,1.3833,1.38367,0
2026-06-01 19:37,1.3837,1.38375,1.3833,1.38363,0
2026-06-01 19:38,1.38372,1.38378,1.3832,1.38368,0
2026-06-01 19:39,1.3834,1.3838,1.3832,1.38371,0
2026-06-01 19:40,1.38376,1.3838,1.3832,1.38375,0
2026-06-01 19:41,1.38372,1.3838,1.3834,1.38371,0
2026-06-01 19:42,1.38373,1.38376,1.3832,1.38371,0
2026-06-01 19:43,1.38372,1.38376,1.3832,1.38369,0
2026-06-01 19:44,1.38371,1.3838,1.3832,1.38372,0
2026-06-01 19:45,1.38374,1.38379,1.3834,1.38369,0
2026-06-01 19:46,1.38378,1.3838,1.3834,1.38378,0
2026-06-01 19:47,1.38385,1.38391,1.3834,1.3834,0
2026-06-01 19:48,1.38382,1.38388,1.3834,1.38384,0
2026-06-01 19:49,1.38392,1.38398,1.3833,1.38379,0
2026-06-01 19:50,1.38385,1.38401,1.3836,1.38393,0
2026-06-01 19:51,1.3836,1.38395,1.3835,1.3835,0
2026-06-01 19:52,1.38392,1.38397,1.3834,1.3835,0
2026-06-01 19:53,1.38386,1.38393,1.3834,1.3837,0
2026-06-01 19:54,1.3839,1.38391,1.3835,1.38386,0
2026-06-01 19:55,1.38397,1.38404,1.3834,1.38386,0
2026-06-01 19:56,1.38394,1.38402,1.3835,1.38397,0
2026-06-01 19:57,1.38396,1.38407,1.3835,1.38398,0
2026-06-01 19:58,1.38387,1.38404,1.3836,1.38396,0
2026-06-01 19:59,1.38416,1.38418,1.3835,1.38388,0
2026-06-01 20:00,1.38416,1.3843,1.3838,1.38417,0
2026-06-01 20:01,1.3842,1.38423,1.3838,1.38416,0
2026-06-01 20:02,1.38404,1.38419,1.3837,1.38416,0
2026-06-01 20:03,1.3841,1.38411,1.3836,1.38405,0
2026-06-01 20:04,1.38416,1.38421,1.3838,1.38407,0
2026-06-01 20:05,1.38413,1.38427,1.3837,1.3842,0
2026-06-01 20:06,1.3842,1.3842,1.3836,1.38413,0
2026-06-01 20:07,1.38417,1.38428,1.3837,1.38417,0
2026-06-01 20:08,1.38414,1.38426,1.3837,1.38416,0
2026-06-01 20:09,1.38414,1.38421,1.3838,1.38418,0
2026-06-01 20:10,1.38413,1.3842,1.3838,1.38415,0
2026-06-01 20:11,1.38412,1.38416,1.3836,1.38411,0
2026-06-01 20:12,1.38409,1.38416,1.3836,1.38411,0
2026-06-01 20:13,1.38407,1.3841,1.3837,1.38404,0
2026-06-01 20:14,1.38408,1.38415,1.3836,1.3838,0
2026-06-01 20:15,1.38413,1.38417,1.3836,1.38408,0
2026-06-01 20:16,1.38414,1.38418,1.3837,1.38412,0
2026-06-01 20:17,1.3838,1.38416,1.3836,1.38409,0
2026-06-01 20:18,1.38395,1.38404,1.3835,1.38404,0
2026-06-01 20:19,1.3839,1.384,1.3835,1.38396,0
2026-06-01 20:20,1.38392,1.38397,1.3834,1.3839,0
2026-06-01 20:21,1.38392,1.384,1.3834,1.38391,0
2026-06-01 20:22,1.38398,1.38403,1.3834,1.38387,0
2026-06-01 20:23,1.38399,1.38401,1.3836,1.38397,0
2026-06-01 20:24,1.38395,1.38401,1.3835,1.38396,0
2026-06-01 20:25,1.3838,1.3841,1.3836,1.38396,0
2026-06-01 20:26,1.38406,1.3841,1.3837,1.38404,0
2026-06-01 20:27,1.38406,1.3841,1.3835,1.38407,0
2026-06-01 20:28,1.38397,1.38407,1.3835,1.38407,0
2026-06-01 20:29,1.38395,1.38408,1.3835,1.38402,0
2026-06-01 20:30,1.38393,1.384,1.3836,1.38398,0
2026-06-01 20:31,1.38386,1.38398,1.3834,1.38393,0
2026-06-01 20:32,1.3838,1.38391,1.3833,1.38387,0
2026-06-01 20:33,1.3835,1.38388,1.3834,1.38376,0
2026-06-01 20:34,1.3838,1.38387,1.3833,1.3836,0
2026-06-01 20:35,1.38387,1.38388,1.3833,1.38375,0
2026-06-01 20:36,1.38375,1.38386,1.3833,1.38384,0
2026-06-01 20:37,1.38376,1.38385,1.3832,1.38375,0
2026-06-01 20:38,1.38374,1.3838,1.3834,1.38376,0
2026-06-01 20:39,1.38383,1.38384,1.3833,1.38379,0
2026-06-01 20:40,1.38385,1.3839,1.3833,1.38379,0
2026-06-01 20:41,1.38389,1.38392,1.3834,1.38386,0
2026-06-01 20:42,1.38376,1.38391,1.3835,1.38385,0
2026-06-01 20:43,1.3836,1.38382,1.3835,1.38376,0
2026-06-01 20:44,1.38389,1.38395,1.3834,1.3835,0
2026-06-01 20:45,1.3836,1.38395,1.3834,1.38388,0
2026-06-01 20:46,1.3835,1.38391,1.3832,1.38388,0
2026-06-01 20:47,1.38363,1.38378,1.3833,1.38372,0
2026-06-01 20:48,1.38348,1.38364,1.383,1.3836,0
2026-06-01 20:49,1.3832,1.38362,1.3831,1.38347,0
2026-06-01 20:50,1.38358,1.38364,1.3831,1.38353,0
2026-06-01 20:51,1.38358,1.38363,1.3831,1.3832,0
2026-06-01 20:52,1.3833,1.38366,1.383,1.38354,0
2026-06-01 20:53,1.38375,1.3838,1.3833,1.38362,0
2026-06-01 20:54,1.38386,1.38388,1.3834,1.38374,0
2026-06-01 20:55,1.3838,1.38392,1.3833,1.38385,0
2026-06-01 20:56,1.38387,1.38389,1.3834,1.38381,0
2026-06-01 20:57,1.38396,1.38401,1.3834,1.38384,0
2026-06-01 20:58,1.38372,1.38395,1.3834,1.38391,0
2026-06-01 20:59,1.38379,1.38383,1.3834,1.38373,0
2026-06-01 21:00,1.3835,1.38386,1.3833,1.38379,0
2026-06-01 21:01,1.38377,1.38382,1.3832,1.38375,0
2026-06-01 21:02,1.3837,1.38383,1.3832,1.38379,0
2026-06-01 21:03,1.38371,1.38372,1.3832,1.38364,0
2026-06-01 21:04,1.38359,1.38372,1.3832,1.38369,0
2026-06-01 21:05,1.38375,1.38375,1.3832,1.38357,0
2026-06-01 21:06,1.38372,1.38381,1.3832,1.38371,0
2026-06-01 21:07,1.3837,1.38377,1.3834,1.38372,0
2026-06-01 21:08,1.38382,1.38382,1.3832,1.3837,0
2026-06-01 21:09,1.38387,1.38393,1.3834,1.38377,0
2026-06-01 21:10,1.38393,1.384,1.3834,1.38386,0
2026-06-01 21:11,1.38397,1.384,1.3836,1.38391,0
2026-06-01 21:12,1.38387,1.38399,1.3834,1.38393,0
2026-06-01 21:13,1.38388,1.38392,1.3833,1.38387,0
2026-06-01 21:14,1.3835,1.38393,1.3834,1.38388,0
2026-06-01 21:15,1.38387,1.38393,1.3834,1.38386,0
2026-06-01 21:16,1.38394,1.384,1.3834,1.38387,0
2026-06-01 21:17,1.38405,1.38407,1.3836,1.38396,0
2026-06-01 21:18,1.38405,1.3841,1.3837,1.3837,0
2026-06-01 21:19,1.38409,1.38417,1.3837,1.38405,0
2026-06-01 21:20,1.38402,1.3842,1.3837,1.38412,0
2026-06-01 21:21,1.3837,1.3841,1.3837,1.38402,0
2026-06-01 21:22,1.38405,1.3841,1.3837,1.3838,0
2026-06-01 21:23,1.3837,1.3841,1.3837,1.38405,0
2026-06-01 21:24,1.38407,1.38412,1.3836,1.38407,0
2026-06-01 21:25,1.38404,1.3841,1.3837,1.3838,0
2026-06-01 21:26,1.38405,1.38411,1.3836,1.3837,0
2026-06-01 21:27,1.38404,1.3841,1.3837,1.38404,0
2026-06-01 21:28,1.3839,1.38411,1.3836,1.38404,0
2026-06-01 21:29,1.38405,1.3841,1.3837,1.38407,0
2026-06-01 21:30,1.38408,1.38413,1.3836,1.38404,0
2026-06-01 21:31,1.38399,1.38412,1.3836,1.38411,0
2026-06-01 21:32,1.3837,1.384,1.3835,1.38393,0
2026-06-01 21:33,1.38397,1.384,1.3836,1.38395,0
2026-06-01 21:34,1.3839,1.384,1.3835,1.38395,0
2026-06-01 21:35,1.38391,1.38396,1.3836,1.38392,0
2026-06-01 21:36,1.38392,1.38397,1.3836,1.38392,0
2026-06-01 21:37,1.3836,1.384,1.3834,1.38395,0
2026-06-01 21:38,1.38395,1.38397,1.3834,1.38389,0
2026-06-01 21:39,1.3834,1.38393,1.3833,1.38392,0
2026-06-01 21:40,1.38382,1.38382,1.3833,1.38368,0
2026-06-01 21:41,1.38377,1.38382,1.3833,1.38379,0
2026-06-01 21:42,1.38372,1.38381,1.3833,1.38376,0
2026-06-01 21:43,1.38381,1.38382,1.3833,1.38373,0
2026-06-01 21:44,1.38378,1.38384,1.3833,1.38376,0
2026-06-01 21:45,1.38393,1.38393,1.3834,1.38379,0
2026-06-01 21:46,1.38385,1.38394,1.3834,1.38392,0
2026-06-01 21:47,1.3837,1.38394,1.3834,1.3837,0
2026-06-01 21:48,1.3834,1.38392,1.3834,1.38385,0
2026-06-01 21:49,1.38389,1.38395,1.3834,1.38385,0
2026-06-01 21:50,1.3835,1.38402,1.3834,1.38391,0
2026-06-01 21:51,1.38397,1.38402,1.3835,1.38394,0
2026-06-01 21:52,1.38405,1.38411,1.3835,1.38396,0
2026-06-01 21:53,1.38405,1.38411,1.3836,1.38403,0
2026-06-01 21:54,1.38407,1.38411,1.3836,1.38405,0
2026-06-01 21:55,1.38398,1.38411,1.3835,1.38405,0
2026-06-01 21:56,1.3839,1.38411,1.3835,1.38398,0
2026-06-01 21:57,1.3841,1.38413,1.3836,1.38406,0
2026-06-01 21:58,1.38404,1.38414,1.3836,1.38409,0
2026-06-01 21:59,1.38397,1.38411,1.3835,1.38404,0
2026-06-01 22:00,1.384,1.384,1.38304,1.3838,0
2026-06-01 22:01,1.3839,1.3841,1.3838,1.38387,0
2026-06-01 22:02,1.384,1.38414,1.3839,1.3839,0
2026-06-01 22:03,1.3841,1.3841,1.3839,1.384,0
2026-06-01 22:04,1.384,1.3841,1.3839,1.38401,0
2026-06-01 22:05,1.3842,1.3842,1.3839,1.38403,0
2026-06-01 22:06,1.3841,1.3842,1.38404,1.38404,0
2026-06-01 22:07,1.3841,1.3842,1.3839,1.3842,0
2026-06-01 22:08,1.3839,1.3842,1.3839,1.3841,0
2026-06-01 22:09,1.3841,1.3842,1.3838,1.3842,0
2026-06-01 22:10,1.3839,1.3841,1.3839,1.38398,0
2026-06-01 22:11,1.3841,1.3842,1.3839,1.3839,0
2026-06-01 22:12,1.3841,1.3842,1.38398,1.3842,0
2026-06-01 22:13,1.38398,1.3842,1.38398,1.3841,0
2026-06-01 22:14,1.3841,1.3843,1.38399,1.38399,0
2026-06-01 22:15,1.38408,1.3842,1.38389,1.38399,0
2026-06-01 22:16,1.38401,1.38429,1.3838,1.3839,0
2026-06-01 22:17,1.3842,1.38435,1.3838,1.384,0
2026-06-01 22:18,1.3838,1.38434,1.3838,1.38398,0
2026-06-01 22:19,1.3841,1.38429,1.3838,1.38428,0
2026-06-01 22:20,1.38399,1.38428,1.3838,1.38399,0
2026-06-01 22:21,1.3836,1.38428,1.3836,1.38398,0
2026-06-01 22:22,1.38402,1.3841,1.38394,1.3841,0
2026-06-01 22:23,1.3839,1.38419,1.3838,1.38394,0
2026-06-01 22:24,1.3839,1.38418,1.3838,1.3841,0
2026-06-01 22:25,1.3841,1.3843,1.3838,1.3838,0
2026-06-01 22:26,1.3839,1.38428,1.3839,1.38398,0
2026-06-01 22:27,1.3839,1.38428,1.3838,1.3839,0
2026-06-01 22:28,1.38399,1.3841,1.3838,1.3838,0
2026-06-01 22:29,1.3841,1.3841,1.3839,1.38399,0
2026-06-01 22:30,1.38399,1.38431,1.3838,1.38428,0
2026-06-01 22:31,1.3838,1.38432,1.3838,1.3839,0
2026-06-01 22:32,1.38393,1.3843,1.3838,1.38428,0
2026-06-01 22:33,1.38392,1.38428,1.3838,1.38392,0
2026-06-01 22:34,1.3843,1.3843,1.3837,1.38399,0
2026-06-01 22:35,1.38392,1.38428,1.38387,1.38392,0
2026-06-01 22:36,1.38414,1.38436,1.3838,1.38392,0
2026-06-01 22:37,1.3839,1.38431,1.3839,1.384,0
2026-06-01 22:38,1.38411,1.38431,1.3839,1.3841,0
2026-06-01 22:39,1.384,1.38432,1.3839,1.3841,0
2026-06-01 22:40,1.384,1.38428,1.3839,1.38396,0
2026-06-01 22:41,1.384,1.38428,1.3839,1.38406,0
2026-06-01 22:42,1.384,1.38428,1.38392,1.38392,0
2026-06-01 22:43,1.384,1.38425,1.38392,1.38398,0
2026-06-01 22:44,1.38402,1.38424,1.3838,1.38403,0
2026-06-01 22:45,1.3841,1.38429,1.3838,1.38392,0
2026-06-01 22:46,1.3841,1.38432,1.38387,1.38408,0
2026-06-01 22:47,1.38406,1.3843,1.3838,1.38411,0
2026-06-01 22:48,1.38406,1.38429,1.3839,1.38392,0
2026-06-01 22:49,1.38386,1.38429,1.38386,1.3839,0
2026-06-01 22:50,1.38385,1.38429,1.38385,1.38397,0
2026-06-01 22:51,1.38422,1.38429,1.3838,1.3839,0
2026-06-01 22:52,1.38428,1.38429,1.3838,1.38397,0
2026-06-01 22:53,1.38393,1.38428,1.3834,1.38422,0
2026-06-01 22:54,1.38391,1.384,1.3835,1.3839,0
2026-06-01 22:55,1.38346,1.384,1.3831,1.38383,0
2026-06-01 22:56,1.38344,1.3836,1.3831,1.3831,0
2026-06-01 22:57,1.38339,1.3836,1.383,1.38327,0
2026-06-01 22:58,1.38346,1.38385,1.383,1.383,0
2026-06-01 22:59,1.38355,1.3837,1.3832,1.3832,0
2026-06-01 23:00,1.38386,1.38388,1.3832,1.38337,0
2026-06-01 23:01,1.3835,1.38393,1.3833,1.3834,0
2026-06-01 23:02,1.38375,1.38402,1.38351,1.38351,0
2026-06-01 23:03,1.3838,1.38402,1.3836,1.384,0
2026-06-01 23:04,1.38386,1.38403,1.3836,1.38368,0
2026-06-01 23:05,1.3839,1.3841,1.38384,1.38386,0
2026-06-01 23:06,1.3837,1.38409,1.3836,1.38402,0
2026-06-01 23:07,1.38393,1.38413,1.3836,1.3839,0
2026-06-01 23:08,1.38413,1.38413,1.3836,1.38393,0
2026-06-01 23:09,1.38398,1.38414,1.3837,1.38411,0
2026-06-01 23:10,1.38391,1.38413,1.3836,1.38411,0
2026-06-01 23:11,1.38398,1.38415,1.3837,1.38393,0
2026-06-01 23:12,1.38414,1.38418,1.3838,1.38398,0
2026-06-01 23:13,1.3839,1.38415,1.3838,1.38411,0
2026-06-01 23:14,1.38408,1.38415,1.3838,1.3841,0
2026-06-01 23:15,1.38405,1.38414,1.3837,1.3839,0
2026-06-01 23:16,1.38395,1.38419,1.3837,1.3841,0
2026-06-01 23:17,1.38413,1.38417,1.3838,1.3841,0
2026-06-01 23:18,1.38415,1.38416,1.3838,1.38413,0
2026-06-01 23:19,1.38402,1.3842,1.3838,1.3842,0
2026-06-01 23:20,1.38415,1.38423,1.3838,1.38413,0
2026-06-01 23:21,1.38422,1.38423,1.3837,1.38403,0
2026-06-01 23:22,1.38421,1.38426,1.3837,1.38406,0
2026-06-01 23:23,1.38417,1.38424,1.384,1.38421,0
2026-06-01 23:24,1.38408,1.38428,1.3839,1.38411,0
2026-06-01 23:25,1.38424,1.38425,1.3839,1.38407,0
2026-06-01 23:26,1.3839,1.38427,1.3839,1.38408,0
2026-06-01 23:27,1.3839,1.38426,1.3839,1.38411,0
2026-06-01 23:28,1.38426,1.38431,1.3839,1.38411,0
2026-06-01 23:29,1.38423,1.38427,1.3839,1.38421,0
2026-06-01 23:30,1.3842,1.38431,1.3839,1.38423,0
2026-06-01 23:31,1.38421,1.38426,1.3839,1.38419,0
2026-06-01 23:32,1.3839,1.38426,1.3839,1.38412,0
2026-06-01 23:33,1.384,1.38426,1.3839,1.38418,0
2026-06-01 23:34,1.38413,1.38426,1.3839,1.38421,0
2026-06-01 23:35,1.38411,1.38426,1.3839,1.38426,0
2026-06-01 23:36,1.38412,1.38426,1.3839,1.384,0
2026-06-01 23:37,1.38411,1.38426,1.3839,1.38417,0
2026-06-01 23:38,1.38413,1.38426,1.3839,1.38425,0
2026-06-01 23:39,1.38421,1.38426,1.3839,1.38421,0
2026-06-01 23:40,1.38418,1.38425,1.3839,1.38411,0
2026-06-01 23:41,1.38409,1.38425,1.3839,1.38411,0
2026-06-01 23:42,1.38412,1.38425,1.3839,1.384,0
2026-06-01 23:43,1.38417,1.38421,1.384,1.38421,0
2026-06-01 23:44,1.38421,1.38426,1.3839,1.38411,0
2026-06-01 23:45,1.3839,1.38426,1.3839,1.38413,0
2026-06-01 23:46,1.38421,1.38426,1.3839,1.38415,0
2026-06-01 23:47,1.38419,1.38425,1.3839,1.38419,0
2026-06-01 23:48,1.384,1.38424,1.384,1.38423,0
2026-06-01 23:49,1.38416,1.38423,1.3839,1.38411,0
2026-06-01 23:50,1.38411,1.38422,1.384,1.384,0
2026-06-01 23:51,1.38419,1.38425,1.3839,1.384,0
2026-06-01 23:52,1.38413,1.38425,1.3839,1.38419,0
2026-06-01 23:53,1.38421,1.38425,1.3839,1.3839,0
2026-06-01 23:54,1.38419,1.38421,1.3839,1.3839,0
2026-06-01 23:55,1.38413,1.38426,1.3839,1.38414,0
2026-06-01 23:56,1.38413,1.3842,1.3838,1.38419,0
2026-06-01 23:57,1.38396,1.38417,1.3836,1.3838,0
2026-06-01 23:58,1.38405,1.38418,1.3836,1.38394,0
2026-06-02 00:00,1.3836,1.38406,1.3834,1.38403,0
2026-06-02 00:01,1.38403,1.38405,1.3835,1.38396,0
2026-06-02 00:02,1.3841,1.38411,1.3835,1.38398,0
2026-06-02 00:03,1.38404,1.38408,1.3837,1.38404,0
2026-06-02 00:04,1.38408,1.38416,1.3837,1.38399,0
2026-06-02 00:05,1.38409,1.38416,1.3838,1.3838,0
2026-06-02 00:06,1.38403,1.3841,1.3837,1.3841,0
2026-06-02 00:07,1.38406,1.3841,1.3837,1.38403,0
2026-06-02 00:08,1.38403,1.3841,1.3837,1.3839,0
2026-06-02 00:09,1.38402,1.3841,1.3837,1.38403,0
2026-06-02 00:10,1.38405,1.3841,1.3837,1.38402,0
2026-06-02 00:11,1.38404,1.3841,1.3837,1.38402,0
2026-06-02 00:12,1.3837,1.3841,1.3837,1.38405,0
2026-06-02 00:13,1.38401,1.3841,1.3837,1.38405,0
2026-06-02 00:14,1.38409,1.3841,1.3837,1.38404,0
2026-06-02 00:15,1.38405,1.38412,1.3837,1.38402,0
2026-06-02 00:16,1.38403,1.3841,1.3837,1.38404,0
2026-06-02 00:17,1.38402,1.3841,1.3837,1.38402,0
2026-06-02 00:18,1.38401,1.3841,1.3837,1.38402,0
2026-06-02 00:19,1.38402,1.3841,1.3837,1.38401,0
2026-06-02 00:20,1.38405,1.3841,1.3837,1.38405,0
2026-06-02 00:21,1.38411,1.38411,1.3837,1.38405,0
2026-06-02 00:22,1.38408,1.38412,1.3837,1.38408,0
2026-06-02 00:23,1.38408,1.38412,1.3837,1.3839,0
2026-06-02 00:24,1.38408,1.38413,1.3836,1.38405,0
2026-06-02 00:25,1.38405,1.38411,1.3837,1.38406,0
2026-06-02 00:26,1.384,1.38406,1.3837,1.38405,0
2026-06-02 00:27,1.38402,1.38407,1.3838,1.384,0
2026-06-02 00:28,1.38406,1.38406,1.3837,1.38401,0
2026-06-02 00:29,1.38399,1.38406,1.3837,1.38401,0
2026-06-02 00:30,1.38401,1.38406,1.3836,1.38399,0
2026-06-02 00:31,1.38401,1.38406,1.3837,1.384,0
2026-06-02 00:32,1.3838,1.3841,1.3837,1.384,0
2026-06-02 00:33,1.3838,1.38407,1.3837,1.38403,0
2026-06-02 00:34,1.38401,1.3841,1.3837,1.384,0
2026-06-02 00:35,1.38405,1.3841,1.3837,1.38403,0
2026-06-02 00:36,1.38402,1.3841,1.3837,1.38402,0
2026-06-02 00:37,1.3839,1.38414,1.3836,1.38402,0
2026-06-02 00:38,1.3841,1.38412,1.3837,1.38409,0
2026-06-02 00:39,1.38404,1.38411,1.3837,1.3837,0
2026-06-02 00:40,1.38408,1.38413,1.3837,1.38404,0
2026-06-02 00:41,1.38407,1.38414,1.3837,1.38405,0
2026-06-02 00:42,1.38414,1.38414,1.3837,1.38408,0
2026-06-02 00:43,1.3841,1.38416,1.3838,1.38408,0
2026-06-02 00:44,1.38407,1.38415,1.3837,1.38411,0
2026-06-02 00:45,1.38413,1.38415,1.3837,1.38407,0
2026-06-02 00:46,1.38408,1.38414,1.3837,1.38407,0
2026-06-02 00:47,1.38417,1.38423,1.3838,1.38408,0
2026-06-02 00:48,1.3842,1.38424,1.3838,1.38417,0
2026-06-02 00:49,1.38423,1.38426,1.3839,1.38418,0
2026-06-02 00:50,1.38428,1.38432,1.3839,1.38421,0
2026-06-02 00:51,1.38423,1.38431,1.3839,1.3839,0
2026-06-02 00:52,1.384,1.3843,1.384,1.38421,0
2026-06-02 00:53,1.38419,1.38426,1.384,1.38423,0
2026-06-02 00:54,1.3842,1.38426,1.3839,1.38422,0
2026-06-02 00:55,1.38421,1.38426,1.3839,1.38421,0
2026-06-02 00:56,1.38418,1.38424,1.3838,1.3842,0
2026-06-02 00:57,1.38417,1.38417,1.3838,1.38413,0
2026-06-02 00:58,1.3838,1.38417,1.3838,1.38417,0
2026-06-02 00:59,1.38409,1.38416,1.3838,1.38415,0
2026-06-02 01:00,1.38403,1.38417,1.3837,1.3841,0
2026-06-02 01:01,1.38406,1.38408,1.3837,1.38402,0
2026-06-02 01:02,1.38405,1.38413,1.3837,1.38399,0
2026-06-02 01:03,1.38406,1.38413,1.3836,1.38405,0
2026-06-02 01:04,1.384,1.38407,1.3837,1.38399,0
2026-06-02 01:05,1.38408,1.38415,1.3837,1.38401,0
2026-06-02 01:06,1.38417,1.38419,1.3838,1.38408,0
2026-06-02 01:07,1.3841,1.38421,1.3838,1.38415,0
2026-06-02 01:08,1.38419,1.38426,1.3837,1.3841,0
2026-06-02 01:09,1.384,1.38427,1.3837,1.38418,0
2026-06-02 01:10,1.38417,1.38424,1.3837,1.38419,0
2026-06-02 01:11,1.38413,1.38417,1.3838,1.38414,0
2026-06-02 01:12,1.3839,1.38417,1.3838,1.3841,0
2026-06-02 01:13,1.38406,1.38414,1.3836,1.3841,0
2026-06-02 01:14,1.38405,1.38412,1.3837,1.38406,0
2026-06-02 01:15,1.38413,1.38423,1.3837,1.3841,0
2026-06-02 01:16,1.3839,1.38425,1.3838,1.38418,0
2026-06-02 01:17,1.3839,1.38423,1.3839,1.38417,0
2026-06-02 01:18,1.384,1.38424,1.3839,1.38419,0
2026-06-02 01:19,1.38417,1.38424,1.3838,1.38418,0
2026-06-02 01:20,1.38416,1.38422,1.3839,1.38415,0
2026-06-02 01:21,1.38411,1.38422,1.3838,1.38421,0
2026-06-02 01:22,1.38416,1.3842,1.3838,1.3841,0
2026-06-02 01:23,1.38418,1.38422,1.3838,1.38416,0
2026-06-02 01:24,1.38418,1.38426,1.3837,1.38418,0
2026-06-02 01:25,1.384,1.38431,1.3839,1.38418,0
2026-06-02 01:26,1.38426,1.38431,1.3839,1.38425,0
2026-06-02 01:27,1.38426,1.38432,1.3839,1.384,0
2026-06-02 01:28,1.38426,1.38432,1.3839,1.38427,0
2026-06-02 01:29,1.38421,1.38431,1.3839,1.38426,0
2026-06-02 01:30,1.38413,1.38432,1.3838,1.38421,0
2026-06-02 01:31,1.38404,1.38416,1.3837,1.38416,0
2026-06-02 01:32,1.38405,1.38413,1.3837,1.3841,0
2026-06-02 01:33,1.38412,1.3842,1.3838,1.38406,0
2026-06-02 01:34,1.38417,1.3842,1.3838,1.38412,0
2026-06-02 01:35,1.38412,1.3842,1.3838,1.38413,0
2026-06-02 01:36,1.38414,1.3842,1.3838,1.38412,0
2026-06-02 01:37,1.3842,1.38424,1.3838,1.38411,0
2026-06-02 01:38,1.38419,1.38426,1.3839,1.38418,0
2026-06-02 01:39,1.38421,1.38425,1.3839,1.38419,0
2026-06-02 01:40,1.3843,1.38431,1.3839,1.38419,0
2026-06-02 01:41,1.38424,1.38433,1.3839,1.38425,0
2026-06-02 01:42,1.38435,1.38437,1.3838,1.38424,0
2026-06-02 01:43,1.3841,1.38442,1.384,1.38431,0
2026-06-02 01:44,1.3843,1.38442,1.384,1.38438,0
2026-06-02 01:45,1.38434,1.38437,1.384,1.38431,0
2026-06-02 01:46,1.38431,1.38435,1.384,1.38428,0
2026-06-02 01:47,1.38431,1.38435,1.3838,1.3843,0
2026-06-02 01:48,1.38429,1.38436,1.384,1.384,0
2026-06-02 01:49,1.38439,1.3844,1.384,1.38429,0
2026-06-02 01:50,1.38433,1.38443,1.384,1.3844,0
2026-06-02 01:51,1.38433,1.38436,1.384,1.38431,0
2026-06-02 01:52,1.38434,1.3844,1.384,1.38431,0
2026-06-02 01:53,1.38437,1.38444,1.384,1.38434,0
2026-06-02 01:54,1.38436,1.38444,1.384,1.3841,0
2026-06-02 01:55,1.3845,1.38452,1.3841,1.38437,0
2026-06-02 01:56,1.38443,1.3845,1.3841,1.38445,0
2026-06-02 01:57,1.38447,1.38451,1.3841,1.38443,0
2026-06-02 01:58,1.38445,1.38453,1.3841,1.3842,0
2026-06-02 01:59,1.38442,1.38454,1.3841,1.38445,0
2026-06-02 02:00,1.3844,1.3845,1.3841,1.38448,0
2026-06-02 02:01,1.38448,1.38455,1.3841,1.3844,0
2026-06-02 02:02,1.3844,1.38459,1.3841,1.38449,0
2026-06-02 02:03,1.38442,1.38448,1.3841,1.3844,0
2026-06-02 02:04,1.38441,1.38448,1.3841,1.38442,0
2026-06-02 02:05,1.38444,1.3845,1.3839,1.38445,0
2026-06-02 02:06,1.3844,1.38449,1.3841,1.38444,0
2026-06-02 02:07,1.38441,1.38445,1.3841,1.38439,0
2026-06-02 02:08,1.38444,1.38446,1.3841,1.38441,0
2026-06-02 02:09,1.3842,1.38448,1.3841,1.3844,0
2026-06-02 02:10,1.3844,1.38446,1.3839,1.38442,0
2026-06-02 02:11,1.384,1.38446,1.384,1.3841,0
2026-06-02 02:12,1.38425,1.3844,1.384,1.38434,0
2026-06-02 02:13,1.3843,1.38431,1.3839,1.38426,0
2026-06-02 02:14,1.38427,1.38434,1.3839,1.38425,0
2026-06-02 02:15,1.38436,1.38442,1.384,1.384,0
2026-06-02 02:16,1.38427,1.38445,1.3839,1.38434,0
2026-06-02 02:17,1.38433,1.38437,1.384,1.38427,0
2026-06-02 02:18,1.384,1.38441,1.384,1.38435,0
2026-06-02 02:19,1.38438,1.38443,1.3839,1.38431,0
2026-06-02 02:20,1.38446,1.38452,1.3839,1.38438,0
2026-06-02 02:21,1.38443,1.38451,1.3841,1.38445,0
2026-06-02 02:22,1.38442,1.3845,1.3839,1.38442,0
2026-06-02 02:23,1.38443,1.38452,1.3841,1.38441,0
2026-06-02 02:24,1.3842,1.3845,1.3841,1.38445,0
2026-06-02 02:25,1.38445,1.38451,1.3841,1.38442,0
2026-06-02 02:26,1.3841,1.38451,1.3841,1.3845,0
2026-06-02 02:27,1.38441,1.3845,1.3841,1.38445,0
2026-06-02 02:28,1.3844,1.38445,1.3839,1.38442,0
2026-06-02 02:29,1.38443,1.38454,1.3839,1.38441,0
2026-06-02 02:30,1.38452,1.38453,1.3841,1.38443,0
2026-06-02 02:31,1.38446,1.38452,1.3841,1.38447,0
2026-06-02 02:32,1.38444,1.38451,1.3841,1.38444,0
2026-06-02 02:33,1.38443,1.38451,1.3841,1.38443,0
2026-06-02 02:34,1.38448,1.38452,1.3841,1.3843,0
2026-06-02 02:35,1.38446,1.3845,1.3841,1.38443,0
2026-06-02 02:36,1.38445,1.3845,1.3841,1.38442,0
2026-06-02 02:37,1.38453,1.38455,1.3841,1.38442,0
2026-06-02 02:38,1.38453,1.38456,1.3842,1.38447,0
2026-06-02 02:39,1.38451,1.3846,1.3842,1.38451,0
2026-06-02 02:40,1.38454,1.3846,1.3842,1.38451,0
2026-06-02 02:41,1.38459,1.38461,1.3842,1.38453,0
2026-06-02 02:42,1.38455,1.38461,1.3842,1.38453,0
2026-06-02 02:43,1.384,1.38461,1.384,1.38453,0
2026-06-02 02:44,1.3845,1.38456,1.3842,1.38449,0
2026-06-02 02:45,1.38454,1.38461,1.3842,1.38449,0
2026-06-02 02:46,1.38464,1.38466,1.3841,1.38454,0
2026-06-02 02:47,1.38478,1.3848,1.3842,1.38461,0
2026-06-02 02:48,1.3845,1.38479,1.3844,1.38472,0
2026-06-02 02:49,1.38475,1.3848,1.3844,1.38473,0
2026-06-02 02:50,1.38477,1.38479,1.3844,1.38474,0
2026-06-02 02:51,1.38478,1.38482,1.3844,1.38478,0
2026-06-02 02:52,1.38473,1.38482,1.3844,1.38473,0
2026-06-02 02:53,1.38467,1.38477,1.3844,1.38471,0
2026-06-02 02:54,1.38466,1.38473,1.3843,1.38467,0
2026-06-02 02:55,1.38469,1.3847,1.3843,1.38462,0
2026-06-02 02:56,1.38469,1.3847,1.3843,1.38463,0
2026-06-02 02:57,1.38457,1.3847,1.3842,1.38464,0
2026-06-02 02:58,1.38459,1.38464,1.3842,1.38456,0
2026-06-02 02:59,1.38462,1.38467,1.3841,1.38459,0
2026-06-02 03:00,1.38454,1.3847,1.3842,1.38461,0
2026-06-02 03:01,1.38453,1.38461,1.3842,1.38457,0
2026-06-02 03:02,1.38452,1.3846,1.3842,1.38453,0
2026-06-02 03:03,1.38454,1.38461,1.3842,1.38451,0
2026-06-02 03:04,1.38465,1.3847,1.3842,1.38454,0
2026-06-02 03:05,1.38466,1.38472,1.3843,1.38464,0
2026-06-02 03:06,1.38465,1.3847,1.3843,1.38465,0
2026-06-02 03:07,1.38466,1.38471,1.3843,1.38463,0
2026-06-02 03:08,1.3846,1.38473,1.3843,1.38469,0
2026-06-02 03:09,1.38464,1.3847,1.3843,1.38464,0
2026-06-02 03:10,1.38462,1.38471,1.3843,1.38465,0
2026-06-02 03:11,1.38458,1.38466,1.3842,1.38461,0
2026-06-02 03:12,1.38459,1.38465,1.3842,1.38458,0
2026-06-02 03:13,1.38463,1.38474,1.3843,1.38459,0
2026-06-02 03:14,1.38463,1.38467,1.3842,1.38462,0
2026-06-02 03:15,1.38462,1.3847,1.3842,1.38462,0
2026-06-02 03:16,1.38464,1.3847,1.3843,1.38468,0
2026-06-02 03:17,1.3846,1.3847,1.3843,1.38458,0
2026-06-02 03:18,1.3847,1.38471,1.3843,1.38462,0
2026-06-02 03:19,1.3843,1.3847,1.3842,1.38468,0
2026-06-02 03:20,1.38462,1.3847,1.3843,1.38461,0
2026-06-02 03:21,1.38462,1.3847,1.3843,1.38464,0
2026-06-02 03:22,1.38463,1.3847,1.3843,1.38468,0
2026-06-02 03:23,1.38461,1.3847,1.3843,1.38462,0
2026-06-02 03:24,1.38462,1.3847,1.3843,1.3843,0
2026-06-02 03:25,1.38461,1.3847,1.3843,1.38462,0
2026-06-02 03:26,1.38457,1.38463,1.3841,1.38458,0
2026-06-02 03:27,1.38462,1.38463,1.3842,1.38459,0
2026-06-02 03:28,1.38451,1.38463,1.3842,1.38458,0
2026-06-02 03:29,1.38453,1.3846,1.3842,1.38451,0
2026-06-02 03:30,1.38454,1.3846,1.3842,1.3843,0
2026-06-02 03:31,1.38455,1.3846,1.3842,1.38452,0
2026-06-02 03:32,1.38457,1.38464,1.3842,1.38459,0
2026-06-02 03:33,1.38466,1.3847,1.3843,1.38457,0
2026-06-02 03:34,1.38462,1.38471,1.3843,1.38465,0
2026-06-02 03:35,1.38464,1.3847,1.3843,1.38464,0
2026-06-02 03:36,1.38469,1.3847,1.3843,1.38464,0
2026-06-02 03:37,1.38466,1.38473,1.3843,1.38467,0
2026-06-02 03:38,1.3843,1.38472,1.3843,1.3844,0
2026-06-02 03:39,1.38464,1.3847,1.3843,1.38465,0
2026-06-02 03:40,1.38466,1.38473,1.3843,1.38469,0
2026-06-02 03:41,1.38472,1.38473,1.3843,1.38466,0
2026-06-02 03:42,1.38473,1.38474,1.3842,1.38467,0
2026-06-02 03:43,1.3847,1.38471,1.3844,1.3844,0
2026-06-02 03:44,1.38471,1.38474,1.3844,1.38469,0
2026-06-02 03:45,1.38468,1.38475,1.3842,1.3847,0
2026-06-02 03:46,1.3844,1.38475,1.3842,1.38469,0
2026-06-02 03:47,1.3843,1.38472,1.3843,1.38469,0
2026-06-02 03:48,1.38467,1.38473,1.3842,1.3845,0
2026-06-02 03:49,1.38472,1.38474,1.3842,1.38467,0
2026-06-02 03:50,1.38465,1.38472,1.3843,1.38468,0
2026-06-02 03:51,1.38471,1.38471,1.3843,1.3847,0
2026-06-02 03:52,1.38466,1.38471,1.3843,1.38467,0
2026-06-02 03:53,1.38465,1.3847,1.3843,1.38463,0
2026-06-02 03:54,1.38468,1.38474,1.3842,1.38465,0
2026-06-02 03:55,1.3844,1.38474,1.3842,1.38468,0
2026-06-02 03:56,1.38473,1.38475,1.3842,1.38468,0
2026-06-02 03:57,1.38467,1.38473,1.3842,1.38468,0
2026-06-02 03:58,1.3842,1.38474,1.3842,1.3844,0
2026-06-02 03:59,1.38473,1.38475,1.3842,1.3847,0
2026-06-02 04:00,1.38465,1.38472,1.3842,1.38468,0
2026-06-02 04:01,1.38459,1.38466,1.3841,1.38461,0
2026-06-02 04:02,1.3846,1.38466,1.3841,1.38459,0
2026-06-02 04:03,1.38461,1.38464,1.3842,1.3846,0
2026-06-02 04:04,1.38461,1.38465,1.3843,1.38459,0
2026-06-02 04:05,1.38461,1.38465,1.3843,1.3846,0
2026-06-02 04:06,1.38461,1.38465,1.3841,1.38459,0
2026-06-02 04:07,1.38463,1.38464,1.3843,1.38459,0
2026-06-02 04:08,1.38459,1.38464,1.3841,1.38458,0
2026-06-02 04:09,1.38459,1.38466,1.3843,1.3846,0
2026-06-02 04:10,1.3846,1.38465,1.3843,1.3846,0
2026-06-02 04:11,1.38463,1.38465,1.3843,1.3846,0
2026-06-02 04:12,1.38458,1.38465,1.3841,1.38458,0
2026-06-02 04:13,1.38456,1.38464,1.3841,1.38461,0
2026-06-02 04:14,1.38456,1.38461,1.3842,1.38452,0
2026-06-02 04:15,1.38457,1.38463,1.3841,1.38456,0
2026-06-02 04:16,1.38458,1.38463,1.3842,1.38462,0
2026-06-02 04:17,1.38455,1.3846,1.3842,1.38453,0
2026-06-02 04:18,1.38451,1.38455,1.3842,1.38451,0
2026-06-02 04:19,1.3843,1.38463,1.3842,1.3845,0
2026-06-02 04:20,1.38462,1.38463,1.3841,1.38455,0
2026-06-02 04:21,1.3843,1.3847,1.3843,1.38459,0
2026-06-02 04:22,1.38463,1.38466,1.3843,1.38462,0
2026-06-02 04:23,1.38457,1.38464,1.3841,1.3846,0
2026-06-02 04:24,1.38453,1.38465,1.3841,1.38457,0
2026-06-02 04:25,1.3845,1.38461,1.3842,1.38452,0
2026-06-02 04:26,1.38449,1.3846,1.384,1.3845,0
2026-06-02 04:27,1.38451,1.38456,1.3842,1.38449,0
2026-06-02 04:28,1.38454,1.38455,1.3842,1.3842,0
2026-06-02 04:29,1.38448,1.38455,1.384,1.3845,0
2026-06-02 04:30,1.38451,1.38455,1.384,1.38449,0
2026-06-02 04:31,1.38448,1.38455,1.384,1.3845,0
2026-06-02 04:32,1.38443,1.38453,1.384,1.38449,0
2026-06-02 04:33,1.38451,1.38452,1.3841,1.38446,0
2026-06-02 04:34,1.38454,1.38455,1.384,1.38444,0
2026-06-02 04:35,1.3845,1.38455,1.384,1.3845,0
2026-06-02 04:36,1.3845,1.38462,1.3842,1.3845,0
2026-06-02 04:37,1.38451,1.38455,1.384,1.3845,0
2026-06-02 04:38,1.38449,1.38455,1.384,1.38455,0
2026-06-02 04:39,1.38449,1.38454,1.384,1.38448,0
2026-06-02 04:40,1.3843,1.38455,1.384,1.3845,0
2026-06-02 04:41,1.38454,1.38454,1.384,1.38448,0
2026-06-02 04:42,1.38455,1.38455,1.3842,1.38449,0
2026-06-02 04:43,1.3842,1.38456,1.3842,1.3845,0
2026-06-02 04:44,1.38455,1.3846,1.3842,1.3842,0
2026-06-02 04:45,1.38456,1.38461,1.3842,1.3846,0
2026-06-02 04:46,1.38455,1.38462,1.3842,1.3846,0
2026-06-02 04:47,1.38448,1.38462,1.3841,1.38455,0
2026-06-02 04:48,1.38447,1.38454,1.3841,1.38446,0
2026-06-02 04:49,1.38446,1.38453,1.3841,1.38453,0
2026-06-02 04:50,1.3845,1.38452,1.3841,1.38446,0
2026-06-02 04:51,1.3841,1.38452,1.3841,1.38448,0
2026-06-02 04:52,1.3842,1.38455,1.384,1.38451,0
2026-06-02 04:53,1.38456,1.38461,1.3842,1.3845,0
2026-06-02 04:54,1.38453,1.38462,1.3842,1.38456,0
2026-06-02 04:55,1.3842,1.3846,1.3842,1.38453,0
2026-06-02 04:56,1.38458,1.38462,1.3842,1.38459,0
2026-06-02 04:57,1.38453,1.38462,1.3842,1.38456,0
2026-06-02 04:58,1.38451,1.38455,1.384,1.38451,0
2026-06-02 04:59,1.3841,1.38451,1.3841,1.38447,0
2026-06-02 05:00,1.38443,1.38451,1.3841,1.38447,0
2026-06-02 05:01,1.3841,1.38452,1.384,1.38444,0
2026-06-02 05:02,1.38443,1.38447,1.3841,1.38442,0
2026-06-02 05:03,1.38448,1.38453,1.384,1.38442,0
2026-06-02 05:04,1.38448,1.38453,1.3841,1.38447,0
2026-06-02 05:05,1.38454,1.38454,1.3841,1.38447,0
2026-06-02 05:06,1.38447,1.38455,1.3841,1.3845,0
2026-06-02 05:07,1.38453,1.38453,1.3841,1.38447,0
2026-06-02 05:08,1.38451,1.38454,1.384,1.3842,0
2026-06-02 05:09,1.38451,1.38454,1.3841,1.3845,0
2026-06-02 05:10,1.38448,1.38454,1.3841,1.38448,0
2026-06-02 05:11,1.38449,1.38454,1.384,1.38449,0
2026-06-02 05:12,1.3845,1.38455,1.384,1.38447,0
2026-06-02 05:13,1.3842,1.38454,1.384,1.3842,0
2026-06-02 05:14,1.38454,1.3846,1.3842,1.3845,0
2026-06-02 05:15,1.3845,1.38455,1.3841,1.38454,0
2026-06-02 05:16,1.38444,1.38451,1.3841,1.38446,0
2026-06-02 05:17,1.3841,1.3845,1.3841,1.38445,0
2026-06-02 05:18,1.3844,1.3845,1.3841,1.3844,0
2026-06-02 05:19,1.38446,1.38452,1.3841,1.38445,0
2026-06-02 05:20,1.38447,1.38452,1.3841,1.38447,0
2026-06-02 05:21,1.38448,1.38451,1.3841,1.38445,0
2026-06-02 05:22,1.38449,1.3845,1.3841,1.3843,0
2026-06-02 05:23,1.38447,1.38452,1.3841,1.38449,0
2026-06-02 05:24,1.38452,1.38452,1.3841,1.38445,0
2026-06-02 05:25,1.38448,1.38453,1.3841,1.38447,0
2026-06-02 05:26,1.38447,1.38453,1.384,1.38443,0
2026-06-02 05:27,1.3845,1.38456,1.3841,1.38447,0
2026-06-02 05:28,1.38452,1.3846,1.3842,1.3845,0
2026-06-02 05:29,1.38452,1.3846,1.3842,1.38451,0
2026-06-02 05:30,1.38449,1.3846,1.3841,1.38452,0
2026-06-02 05:31,1.38448,1.38455,1.3842,1.38448,0
2026-06-02 05:32,1.38453,1.38457,1.3842,1.38448,0
2026-06-02 05:33,1.38456,1.38456,1.3842,1.38451,0
2026-06-02 05:34,1.3842,1.38456,1.3842,1.38451,0
2026-06-02 05:35,1.38455,1.38455,1.3841,1.3842,0
2026-06-02 05:36,1.38443,1.38454,1.3841,1.3845,0
2026-06-02 05:37,1.38444,1.3845,1.3841,1.38443,0
2026-06-02 05:38,1.3845,1.38453,1.3841,1.38444,0
2026-06-02 05:39,1.38448,1.38453,1.3841,1.38449,0
2026-06-02 05:40,1.38443,1.3845,1.3841,1.38443,0
2026-06-02 05:41,1.38443,1.3845,1.3841,1.38448,0
2026-06-02 05:42,1.38442,1.3845,1.3841,1.38443,0
2026-06-02 05:43,1.38443,1.3845,1.3841,1.38447,0
2026-06-02 05:44,1.38443,1.3845,1.3841,1.38449,0
2026-06-02 05:45,1.38443,1.3845,1.3841,1.38443,0
2026-06-02 05:46,1.38448,1.38455,1.3841,1.38443,0
2026-06-02 05:47,1.38443,1.38452,1.3841,1.38448,0
2026-06-02 05:48,1.38442,1.3845,1.3841,1.38442,0
2026-06-02 05:49,1.38444,1.3845,1.3841,1.38444,0
2026-06-02 05:50,1.38447,1.38452,1.3841,1.38444,0
2026-06-02 05:51,1.38442,1.38452,1.3841,1.38442,0
2026-06-02 05:52,1.38446,1.3845,1.3841,1.38443,0
2026-06-02 05:53,1.38448,1.3845,1.3841,1.38444,0
2026-06-02 05:54,1.38445,1.3845,1.3841,1.3841,0
2026-06-02 05:55,1.38448,1.38451,1.3841,1.38445,0
2026-06-02 05:56,1.38443,1.3845,1.3841,1.38445,0
2026-06-02 05:57,1.38441,1.3845,1.3841,1.38443,0
2026-06-02 05:58,1.38439,1.38445,1.3839,1.38443,0
2026-06-02 05:59,1.38441,1.38446,1.3839,1.38439,0
2026-06-02 06:00,1.38438,1.38444,1.384,1.38442,0
2026-06-02 06:01,1.3842,1.3844,1.384,1.38433,0
2026-06-02 06:02,1.38442,1.38445,1.384,1.38438,0
2026-06-02 06:03,1.38439,1.38445,1.3841,1.38439,0
2026-06-02 06:04,1.38444,1.38445,1.3841,1.38439,0
2026-06-02 06:05,1.38441,1.38444,1.384,1.38443,0
2026-06-02 06:06,1.3844,1.38444,1.384,1.38442,0
2026-06-02 06:07,1.38441,1.38445,1.3841,1.38439,0
2026-06-02 06:08,1.38439,1.38448,1.3841,1.38441,0
2026-06-02 06:09,1.3844,1.38444,1.3839,1.38443,0
2026-06-02 06:10,1.38442,1.38446,1.3841,1.38439,0
2026-06-02 06:11,1.3844,1.3845,1.3841,1.38441,0
2026-06-02 06:12,1.38442,1.38446,1.3841,1.38441,0
2026-06-02 06:13,1.38438,1.38446,1.384,1.3841,0
2026-06-02 06:14,1.38435,1.3844,1.384,1.38435,0
2026-06-02 06:15,1.3844,1.38441,1.384,1.38433,0
2026-06-02 06:16,1.3843,1.3844,1.384,1.384,0
2026-06-02 06:17,1.38437,1.38442,1.384,1.38431,0
2026-06-02 06:18,1.3843,1.38441,1.3839,1.38437,0
2026-06-02 06:19,1.38438,1.38441,1.3839,1.38424,0
2026-06-02 06:20,1.3844,1.38442,1.384,1.38435,0
2026-06-02 06:21,1.38433,1.38442,1.384,1.38435,0
2026-06-02 06:22,1.38433,1.38439,1.384,1.38433,0
2026-06-02 06:23,1.38428,1.3844,1.3839,1.3841,0
2026-06-02 06:24,1.38428,1.38435,1.3838,1.38428,0
2026-06-02 06:25,1.38426,1.38434,1.3839,1.38427,0
2026-06-02 06:26,1.38424,1.38431,1.3839,1.3839,0
2026-06-02 06:27,1.38429,1.3843,1.3839,1.38422,0
2026-06-02 06:28,1.38427,1.38432,1.3839,1.38424,0
2026-06-02 06:29,1.38434,1.38435,1.3839,1.38427,0
2026-06-02 06:30,1.38425,1.38434,1.3838,1.3843,0
2026-06-02 06:31,1.3843,1.38432,1.3839,1.38425,0
2026-06-02 06:32,1.38432,1.3844,1.3839,1.38424,0
2026-06-02 06:33,1.38433,1.38444,1.384,1.38433,0
2026-06-02 06:34,1.38433,1.3844,1.384,1.38438,0
2026-06-02 06:35,1.38431,1.38439,1.384,1.38432,0
2026-06-02 06:36,1.3841,1.38436,1.384,1.38431,0
2026-06-02 06:37,1.38433,1.3844,1.384,1.38431,0
2026-06-02 06:38,1.384,1.38444,1.384,1.384,0
2026-06-02 06:39,1.38439,1.38446,1.384,1.38442,0
2026-06-02 06:40,1.3844,1.38446,1.3841,1.38438,0
2026-06-02 06:41,1.3841,1.38445,1.384,1.3844,0
2026-06-02 06:42,1.38438,1.38446,1.3841,1.38438,0
2026-06-02 06:43,1.38439,1.38445,1.384,1.38437,0
2026-06-02 06:44,1.38442,1.38447,1.3841,1.3844,0
2026-06-02 06:45,1.38444,1.38451,1.3841,1.38441,0
2026-06-02 06:46,1.3841,1.3845,1.3841,1.38444,0
2026-06-02 06:47,1.38452,1.38456,1.3841,1.38443,0
2026-06-02 06:48,1.38449,1.38455,1.3842,1.3845,0
2026-06-02 06:49,1.384,1.38459,1.384,1.38449,0
2026-06-02 06:50,1.38452,1.38455,1.3842,1.38447,0
2026-06-02 06:51,1.3842,1.3846,1.3842,1.3845,0
2026-06-02 06:52,1.3842,1.38456,1.3842,1.38451,0
2026-06-02 06:53,1.38455,1.38455,1.3842,1.3845,0
2026-06-02 06:54,1.3845,1.38455,1.3842,1.3842,0
2026-06-02 06:55,1.3845,1.38455,1.3842,1.3845,0
2026-06-02 06:56,1.38453,1.38454,1.384,1.3845,0
2026-06-02 06:57,1.38453,1.38456,1.384,1.38449,0
2026-06-02 06:58,1.3842,1.38457,1.384,1.38452,0
2026-06-02 06:59,1.38453,1.3846,1.3842,1.38451,0
2026-06-02 07:00,1.38452,1.38463,1.3842,1.38453,0
2026-06-02 07:01,1.38457,1.38464,1.3842,1.38454,0
2026-06-02 07:02,1.38465,1.38465,1.3842,1.38459,0
2026-06-02 07:03,1.3843,1.38466,1.3843,1.3846,0
2026-06-02 07:04,1.38455,1.38463,1.3842,1.38459,0
2026-06-02 07:05,1.38457,1.38463,1.3842,1.38455,0
2026-06-02 07:06,1.38445,1.38462,1.3841,1.38458,0
2026-06-02 07:07,1.3844,1.38451,1.384,1.38445,0
2026-06-02 07:08,1.38439,1.38451,1.3841,1.38441,0
2026-06-02 07:09,1.38438,1.38444,1.3839,1.38439,0
2026-06-02 07:10,1.38434,1.38444,1.3839,1.38438,0
2026-06-02 07:11,1.3839,1.38441,1.3837,1.38435,0
2026-06-02 07:12,1.38401,1.38425,1.3836,1.38421,0
2026-06-02 07:13,1.38408,1.38417,1.3837,1.38398,0
2026-06-02 07:14,1.38408,1.38418,1.3836,1.38411,0
2026-06-02 07:15,1.38404,1.38418,1.3836,1.3838,0
2026-06-02 07:16,1.3841,1.38415,1.3837,1.38407,0
2026-06-02 07:17,1.38417,1.38417,1.3836,1.38405,0
2026-06-02 07:18,1.38417,1.38422,1.3837,1.38412,0
2026-06-02 07:19,1.38425,1.38426,1.3837,1.3839,0
2026-06-02 07:20,1.3839,1.38426,1.3837,1.3842,0
2026-06-02 07:21,1.38405,1.38423,1.3837,1.38418,0
2026-06-02 07:22,1.3841,1.38416,1.3837,1.38406,0
2026-06-02 07:23,1.38405,1.38416,1.3837,1.3841,0
2026-06-02 07:24,1.38408,1.38415,1.3837,1.38406,0
2026-06-02 07:25,1.38399,1.38415,1.3835,1.38412,0
2026-06-02 07:26,1.3839,1.38404,1.3836,1.38395,0
2026-06-02 07:27,1.38394,1.38398,1.3835,1.3839,0
2026-06-02 07:28,1.38397,1.38404,1.3836,1.38389,0
2026-06-02 07:29,1.3839,1.38404,1.3836,1.38403,0
2026-06-02 07:30,1.38386,1.38399,1.3835,1.38392,0
2026-06-02 07:31,1.38384,1.38394,1.3834,1.38386,0
2026-06-02 07:32,1.38374,1.3839,1.3834,1.38384,0
2026-06-02 07:33,1.38367,1.38379,1.3832,1.38373,0
2026-06-02 07:34,1.3837,1.38375,1.3833,1.38367,0
2026-06-02 07:35,1.38368,1.38382,1.3834,1.38369,0
2026-06-02 07:36,1.38373,1.38381,1.3832,1.38373,0
2026-06-02 07:37,1.38386,1.38395,1.3833,1.38378,0
2026-06-02 07:38,1.38359,1.3839,1.3832,1.38387,0
2026-06-02 07:39,1.38358,1.38367,1.3831,1.3832,0
2026-06-02 07:40,1.38353,1.38363,1.3831,1.38358,0
2026-06-02 07:41,1.38368,1.38372,1.3831,1.3833,0
2026-06-02 07:42,1.38374,1.38382,1.3834,1.38372,0
2026-06-02 07:43,1.38361,1.38379,1.3833,1.38374,0
2026-06-02 07:44,1.38377,1.38382,1.3833,1.38362,0
2026-06-02 07:45,1.3835,1.38384,1.3834,1.38377,0
2026-06-02 07:46,1.3835,1.38385,1.3834,1.3837,0
2026-06-02 07:47,1.3835,1.38385,1.3834,1.38382,0
2026-06-02 07:48,1.3835,1.3838,1.3833,1.38369,0
2026-06-02 07:49,1.38372,1.3838,1.3834,1.38373,0
2026-06-02 07:50,1.3836,1.38385,1.3834,1.38372,0
2026-06-02 07:51,1.3836,1.38395,1.3834,1.38381,0
2026-06-02 07:52,1.38389,1.38395,1.3836,1.38386,0
2026-06-02 07:53,1.38371,1.38395,1.3834,1.38389,0
2026-06-02 07:54,1.38376,1.3838,1.3834,1.38371,0
2026-06-02 07:55,1.38372,1.38382,1.3833,1.38376,0
2026-06-02 07:56,1.3837,1.38375,1.3832,1.38372,0
2026-06-02 07:57,1.38363,1.38374,1.3832,1.38373,0
2026-06-02 07:58,1.38362,1.3837,1.3831,1.3833,0
2026-06-02 07:59,1.38365,1.38373,1.3832,1.38363,0
2026-06-02 08:00,1.38363,1.38376,1.3832,1.38367,0
2026-06-02 08:01,1.38363,1.3837,1.3833,1.38366,0
2026-06-02 08:02,1.38373,1.3838,1.3833,1.38363,0
2026-06-02 08:03,1.38389,1.38392,1.3834,1.38372,0
2026-06-02 08:04,1.38372,1.38392,1.3834,1.38388,0
2026-06-02 08:05,1.38369,1.38377,1.3833,1.38377,0
2026-06-02 08:06,1.3837,1.38377,1.3832,1.38366,0
2026-06-02 08:07,1.38369,1.3838,1.3831,1.38372,0
2026-06-02 08:08,1.3833,1.3838,1.3833,1.38365,0
2026-06-02 08:09,1.38357,1.38369,1.3831,1.38363,0
2026-06-02 08:10,1.38358,1.38366,1.3833,1.38358,0
2026-06-02 08:11,1.3836,1.38366,1.383,1.38358,0
2026-06-02 08:12,1.38359,1.38367,1.3831,1.3836,0
2026-06-02 08:13,1.38367,1.38372,1.3833,1.38359,0
2026-06-02 08:14,1.38352,1.38375,1.3831,1.38369,0
2026-06-02 08:15,1.38352,1.38361,1.3831,1.3832,0
2026-06-02 08:16,1.38357,1.38366,1.3831,1.38357,0
2026-06-02 08:17,1.38355,1.38366,1.3832,1.3832,0
2026-06-02 08:18,1.38373,1.3838,1.3832,1.38355,0
2026-06-02 08:19,1.38383,1.3839,1.3834,1.38378,0
2026-06-02 08:20,1.38385,1.3839,1.3835,1.38389,0
2026-06-02 08:21,1.3839,1.38392,1.3834,1.38381,0
2026-06-02 08:22,1.38389,1.384,1.3834,1.38385,0
2026-06-02 08:23,1.3838,1.38395,1.3833,1.38389,0
2026-06-02 08:24,1.38384,1.38385,1.3834,1.38379,0
2026-06-02 08:25,1.38412,1.38413,1.3835,1.38379,0
2026-06-02 08:26,1.3837,1.38412,1.3836,1.38408,0
2026-06-02 08:27,1.38398,1.38404,1.3835,1.38401,0
2026-06-02 08:28,1.3837,1.38406,1.3835,1.38398,0
2026-06-02 08:29,1.384,1.38405,1.3835,1.38398,0
2026-06-02 08:30,1.38409,1.3841,1.3837,1.3837,0
2026-06-02 08:31,1.38383,1.38415,1.3834,1.3841,0
2026-06-02 08:32,1.38385,1.38396,1.3835,1.38383,0
2026-06-02 08:33,1.3838,1.38392,1.3835,1.38385,0
2026-06-02 08:34,1.38385,1.3839,1.3835,1.3838,0
2026-06-02 08:35,1.3838,1.38387,1.3835,1.38381,0
2026-06-02 08:36,1.3833,1.38386,1.3833,1.3838,0
2026-06-02 08:37,1.38377,1.38385,1.3834,1.3835,0
2026-06-02 08:38,1.38374,1.38383,1.3834,1.38377,0
2026-06-02 08:39,1.38376,1.38383,1.3834,1.38374,0
2026-06-02 08:40,1.38375,1.3838,1.3834,1.38376,0
2026-06-02 08:41,1.38374,1.38381,1.3834,1.38375,0
2026-06-02 08:42,1.38381,1.38385,1.3834,1.38374,0
2026-06-02 08:43,1.38373,1.38384,1.3834,1.38378,0
2026-06-02 08:44,1.38379,1.38385,1.3834,1.38372,0
2026-06-02 08:45,1.38389,1.38394,1.3835,1.38379,0
2026-06-02 08:46,1.38393,1.384,1.3834,1.38388,0
2026-06-02 08:47,1.384,1.38402,1.3836,1.38393,0
2026-06-02 08:48,1.3837,1.38402,1.3836,1.38396,0
2026-06-02 08:49,1.38389,1.38401,1.3836,1.38396,0
2026-06-02 08:50,1.38392,1.38398,1.3835,1.38389,0
2026-06-02 08:51,1.38399,1.38406,1.3836,1.3837,0
2026-06-02 08:52,1.38399,1.38406,1.3835,1.384,0
2026-06-02 08:53,1.384,1.3841,1.3835,1.38404,0
2026-06-02 08:54,1.38406,1.38409,1.3835,1.38398,0
2026-06-02 08:55,1.38408,1.38413,1.3837,1.38403,0
2026-06-02 08:56,1.38409,1.38416,1.3836,1.38409,0
2026-06-02 08:57,1.38402,1.38416,1.3836,1.38409,0
2026-06-02 08:58,1.3836,1.38406,1.3834,1.38402,0
2026-06-02 08:59,1.38396,1.38402,1.3835,1.38388,0
2026-06-02 09:00,1.38399,1.38403,1.3835,1.38395,0
2026-06-02 09:01,1.3838,1.38408,1.3835,1.38396,0
2026-06-02 09:02,1.38406,1.38411,1.3837,1.38402,0
2026-06-02 09:03,1.38398,1.38411,1.3835,1.38402,0
2026-06-02 09:04,1.38394,1.38406,1.3835,1.38404,0
2026-06-02 09:05,1.3834,1.38402,1.3834,1.38395,0
2026-06-02 09:06,1.3834,1.38377,1.3833,1.38372,0
2026-06-02 09:07,1.3838,1.38382,1.3834,1.3837,0
2026-06-02 09:08,1.3836,1.38395,1.3834,1.3838,0
2026-06-02 09:09,1.38386,1.38391,1.3834,1.38388,0
2026-06-02 09:10,1.38402,1.38406,1.3834,1.3839,0
2026-06-02 09:11,1.38398,1.38408,1.3835,1.38398,0
2026-06-02 09:12,1.3837,1.38406,1.3835,1.38399,0
2026-06-02 09:13,1.38404,1.38413,1.3837,1.38402,0
2026-06-02 09:14,1.38416,1.3842,1.3838,1.38406,0
2026-06-02 09:15,1.38423,1.38423,1.3838,1.38416,0
2026-06-02 09:16,1.38425,1.38431,1.3839,1.38424,0
2026-06-02 09:17,1.3842,1.38435,1.3839,1.3843,0
2026-06-02 09:18,1.3842,1.3843,1.3839,1.38421,0
2026-06-02 09:19,1.3837,1.38425,1.3837,1.3842,0
2026-06-02 09:20,1.38424,1.38431,1.3837,1.38418,0
2026-06-02 09:21,1.384,1.38432,1.3838,1.38426,0
2026-06-02 09:22,1.38428,1.38434,1.3838,1.38428,0
2026-06-02 09:23,1.384,1.38445,1.3838,1.38433,0
2026-06-02 09:24,1.3843,1.3845,1.3839,1.38437,0
2026-06-02 09:25,1.38439,1.3845,1.3839,1.38448,0
2026-06-02 09:26,1.3843,1.38442,1.384,1.3844,0
2026-06-02 09:27,1.38431,1.38435,1.384,1.38431,0
2026-06-02 09:28,1.3841,1.38442,1.384,1.3843,0
2026-06-02 09:29,1.38429,1.38444,1.384,1.3841,0
2026-06-02 09:30,1.38434,1.38434,1.3838,1.38429,0
2026-06-02 09:31,1.384,1.38433,1.3838,1.3843,0
2026-06-02 09:32,1.384,1.38433,1.3838,1.38427,0
2026-06-02 09:33,1.38427,1.38437,1.3838,1.38426,0
2026-06-02 09:34,1.3843,1.38436,1.3838,1.38426,0
2026-06-02 09:35,1.38429,1.38435,1.3838,1.3843,0
2026-06-02 09:36,1.38432,1.38435,1.3838,1.384,0
2026-06-02 09:37,1.384,1.38438,1.384,1.38432,0
2026-06-02 09:38,1.384,1.38441,1.384,1.3843,0
2026-06-02 09:39,1.384,1.38441,1.384,1.3843,0
2026-06-02 09:40,1.3842,1.38443,1.3839,1.3843,0
2026-06-02 09:41,1.384,1.38444,1.3839,1.3842,0
2026-06-02 09:42,1.38438,1.38445,1.3839,1.38435,0
2026-06-02 09:43,1.38441,1.38446,1.3839,1.3841,0
2026-06-02 09:44,1.38449,1.38452,1.384,1.38445,0
2026-06-02 09:45,1.38463,1.38465,1.384,1.38448,0
2026-06-02 09:46,1.38469,1.38469,1.3841,1.38463,0
2026-06-02 09:47,1.38467,1.38475,1.3842,1.38467,0
2026-06-02 09:48,1.3845,1.38483,1.3842,1.38467,0
2026-06-02 09:49,1.38474,1.38482,1.3843,1.38477,0
2026-06-02 09:50,1.38477,1.38481,1.3844,1.38474,0
2026-06-02 09:51,1.38471,1.3848,1.3844,1.38472,0
2026-06-02 09:52,1.38467,1.38479,1.3842,1.38471,0
2026-06-02 09:53,1.3844,1.38473,1.3842,1.38472,0
2026-06-02 09:54,1.38475,1.3848,1.3844,1.38468,0
2026-06-02 09:55,1.38471,1.38476,1.3842,1.38471,0
2026-06-02 09:56,1.38476,1.38481,1.3844,1.38471,0
2026-06-02 09:57,1.38474,1.38481,1.3844,1.38476,0
2026-06-02 09:58,1.38472,1.3848,1.3844,1.38473,0
2026-06-02 09:59,1.3847,1.38479,1.3844,1.38472,0
2026-06-02 10:00,1.3844,1.38479,1.3844,1.3846,0
2026-06-02 10:01,1.38475,1.38478,1.3844,1.3844,0
2026-06-02 10:02,1.38469,1.38481,1.3844,1.38473,0
2026-06-02 10:03,1.38482,1.38487,1.3844,1.38469,0
2026-06-02 10:04,1.38485,1.3849,1.3844,1.38481,0
2026-06-02 10:05,1.3846,1.38493,1.3844,1.38486,0
2026-06-02 10:06,1.38486,1.38492,1.3844,1.38486,0
2026-06-02 10:07,1.3845,1.38491,1.3844,1.38486,0
2026-06-02 10:08,1.38488,1.38491,1.3844,1.38486,0
2026-06-02 10:09,1.38493,1.385,1.3846,1.38486,0
2026-06-02 10:10,1.38497,1.38505,1.3846,1.3846,0
2026-06-02 10:11,1.38506,1.38506,1.3846,1.38496,0
2026-06-02 10:12,1.38501,1.38507,1.3846,1.38502,0
2026-06-02 10:13,1.38494,1.38507,1.3846,1.3847,0
2026-06-02 10:14,1.38502,1.38506,1.3845,1.38494,0
2026-06-02 10:15,1.385,1.38506,1.3845,1.38502,0
2026-06-02 10:16,1.3848,1.38507,1.3846,1.38501,0
2026-06-02 10:17,1.38514,1.38518,1.3845,1.38502,0
2026-06-02 10:18,1.38514,1.3852,1.3846,1.38513,0
2026-06-02 10:19,1.3847,1.38517,1.3846,1.38513,0
2026-06-02 10:20,1.38505,1.3851,1.3847,1.38504,0
2026-06-02 10:21,1.38513,1.38517,1.3847,1.38505,0
2026-06-02 10:22,1.38519,1.38526,1.3848,1.38512,0
2026-06-02 10:23,1.3847,1.38527,1.3847,1.38518,0
2026-06-02 10:24,1.38531,1.38535,1.3847,1.38519,0
2026-06-02 10:25,1.38533,1.38542,1.385,1.38532,0
2026-06-02 10:26,1.38534,1.3854,1.385,1.38533,0
2026-06-02 10:27,1.38523,1.38538,1.3849,1.38535,0
2026-06-02 10:28,1.38516,1.38533,1.3847,1.38523,0
2026-06-02 10:29,1.38516,1.38522,1.3848,1.38516,0
2026-06-02 10:30,1.38514,1.38524,1.3847,1.38516,0
2026-06-02 10:31,1.38504,1.3852,1.3847,1.38519,0
2026-06-02 10:32,1.38505,1.38512,1.3846,1.38504,0
2026-06-02 10:33,1.38503,1.38512,1.3847,1.38511,0
2026-06-02 10:34,1.38496,1.3851,1.3846,1.38504,0
2026-06-02 10:35,1.38497,1.38501,1.3845,1.38492,0
2026-06-02 10:36,1.38493,1.38502,1.3846,1.38494,0
2026-06-02 10:37,1.38495,1.385,1.3846,1.38493,0
2026-06-02 10:38,1.3845,1.385,1.3844,1.38495,0
2026-06-02 10:39,1.38495,1.38501,1.3846,1.3849,0
2026-06-02 10:40,1.38511,1.38515,1.3846,1.38495,0
2026-06-02 10:41,1.38497,1.38517,1.3847,1.38511,0
2026-06-02 10:42,1.38501,1.38503,1.3845,1.38495,0
2026-06-02 10:43,1.38502,1.38506,1.3845,1.38502,0
2026-06-02 10:44,1.38495,1.38504,1.3846,1.38502,0
2026-06-02 10:45,1.38495,1.385,1.3846,1.38495,0
2026-06-02 10:46,1.38501,1.38503,1.3845,1.38494,0
2026-06-02 10:47,1.38496,1.38505,1.3845,1.38497,0
2026-06-02 10:48,1.385,1.38501,1.3846,1.385,0
2026-06-02 10:49,1.38489,1.38497,1.3845,1.38492,0
2026-06-02 10:50,1.38493,1.38504,1.3846,1.3849,0
2026-06-02 10:51,1.38497,1.385,1.3846,1.38494,0
2026-06-02 10:52,1.38501,1.38501,1.3846,1.38491,0
2026-06-02 10:53,1.38497,1.38504,1.3846,1.38497,0
2026-06-02 10:54,1.38515,1.3852,1.3845,1.38502,0
2026-06-02 10:55,1.38516,1.38521,1.3848,1.38514,0
2026-06-02 10:56,1.38507,1.3852,1.3846,1.38515,0
2026-06-02 10:57,1.38507,1.38515,1.3845,1.38506,0
2026-06-02 10:58,1.38509,1.38513,1.3846,1.38511,0
2026-06-02 10:59,1.38498,1.38515,1.3847,1.38509,0
2026-06-02 11:00,1.38502,1.38506,1.3845,1.385,0
2026-06-02 11:01,1.3851,1.38512,1.3846,1.38497,0
2026-06-02 11:02,1.38506,1.38515,1.3846,1.38507,0
2026-06-02 11:03,1.3848,1.38516,1.3846,1.38506,0
2026-06-02 11:04,1.3846,1.38515,1.3846,1.38509,0
2026-06-02 11:05,1.38488,1.38509,1.3845,1.38508,0
2026-06-02 11:06,1.3847,1.38502,1.3844,1.38492,0
2026-06-02 11:07,1.38494,1.38503,1.3845,1.38496,0
2026-06-02 11:08,1.38496,1.38502,1.3846,1.3846,0
2026-06-02 11:09,1.38498,1.38503,1.3845,1.38496,0
2026-06-02 11:10,1.38488,1.3851,1.3845,1.38498,0
2026-06-02 11:11,1.3846,1.385,1.3844,1.3846,0
2026-06-02 11:12,1.38495,1.38501,1.3844,1.38484,0
2026-06-02 11:13,1.38492,1.38501,1.3846,1.38497,0
2026-06-02 11:14,1.38499,1.385,1.3844,1.38492,0
2026-06-02 11:15,1.38503,1.38504,1.3845,1.38495,0
2026-06-02 11:16,1.38514,1.38514,1.3846,1.38501,0
2026-06-02 11:17,1.38515,1.38522,1.3848,1.38509,0
2026-06-02 11:18,1.38517,1.38522,1.3848,1.38515,0
2026-06-02 11:19,1.38518,1.38525,1.3847,1.38518,0
2026-06-02 11:20,1.38516,1.38522,1.3848,1.38517,0
2026-06-02 11:21,1.38519,1.38525,1.3847,1.38514,0
2026-06-02 11:22,1.38512,1.38524,1.3847,1.385,0
2026-06-02 11:23,1.38515,1.38519,1.3846,1.3849,0
2026-06-02 11:24,1.38509,1.3852,1.3847,1.38512,0
2026-06-02 11:25,1.3851,1.38517,1.3846,1.3848,0
2026-06-02 11:26,1.38495,1.38514,1.3846,1.38514,0
2026-06-02 11:27,1.38477,1.38498,1.3843,1.38495,0
2026-06-02 11:28,1.38508,1.38514,1.3843,1.38477,0
2026-06-02 11:29,1.3849,1.38516,1.3847,1.38509,0
2026-06-02 11:30,1.3851,1.38517,1.3846,1.38503,0
2026-06-02 11:31,1.38507,1.38513,1.3846,1.38506,0
2026-06-02 11:32,1.38521,1.38521,1.3846,1.38507,0
2026-06-02 11:33,1.385,1.38522,1.3848,1.3852,0
2026-06-02 11:34,1.38521,1.38522,1.3848,1.38516,0
2026-06-02 11:35,1.38515,1.38522,1.3848,1.385,0
2026-06-02 11:36,1.38508,1.38521,1.3846,1.38515,0
2026-06-02 11:37,1.38509,1.38514,1.3847,1.38508,0
2026-06-02 11:38,1.38513,1.3852,1.3846,1.38508,0
2026-06-02 11:39,1.3847,1.38517,1.3847,1.38513,0
2026-06-02 11:40,1.38508,1.38514,1.3846,1.38506,0
2026-06-02 11:41,1.38506,1.38512,1.3847,1.38508,0
2026-06-02 11:42,1.38509,1.38514,1.3846,1.38508,0
2026-06-02 11:43,1.3848,1.3852,1.3848,1.38508,0
2026-06-02 11:44,1.38507,1.38519,1.3848,1.3848,0
2026-06-02 11:45,1.38499,1.3851,1.3845,1.38506,0
2026-06-02 11:46,1.38502,1.38507,1.3845,1.3847,0
2026-06-02 11:47,1.38504,1.38509,1.3845,1.38496,0
2026-06-02 11:48,1.38505,1.3851,1.3845,1.38504,0
2026-06-02 11:49,1.3851,1.3851,1.3847,1.38504,0
2026-06-02 11:50,1.38504,1.38513,1.3847,1.3847,0
2026-06-02 11:51,1.3848,1.38511,1.3847,1.38504,0
2026-06-02 11:52,1.38504,1.38511,1.3847,1.38507,0
2026-06-02 11:53,1.38502,1.3851,1.3846,1.3847,0
2026-06-02 11:54,1.3847,1.38501,1.3845,1.38498,0
2026-06-02 11:55,1.38514,1.38518,1.3845,1.38493,0
2026-06-02 11:56,1.3853,1.38534,1.3848,1.38514,0
2026-06-02 11:57,1.38523,1.38537,1.3849,1.38531,0
2026-06-02 11:58,1.38525,1.3853,1.3848,1.38523,0
2026-06-02 11:59,1.3852,1.38525,1.3847,1.3852,0
2026-06-02 12:00,1.38519,1.38527,1.3847,1.38522,0
2026-06-02 12:01,1.38516,1.38526,1.3847,1.38519,0
2026-06-02 12:02,1.38512,1.38527,1.3847,1.38517,0
2026-06-02 12:03,1.38505,1.38515,1.3846,1.3851,0
2026-06-02 12:04,1.38516,1.38523,1.3846,1.38505,0
2026-06-02 12:05,1.38513,1.3852,1.3848,1.38515,0
2026-06-02 12:06,1.38517,1.3852,1.3846,1.38513,0
2026-06-02 12:07,1.38509,1.38517,1.3846,1.38512,0
2026-06-02 12:08,1.38506,1.3852,1.3846,1.38509,0
2026-06-02 12:09,1.38518,1.38523,1.3847,1.3848,0
2026-06-02 12:10,1.38511,1.38523,1.3848,1.38518,0
2026-06-02 12:11,1.38513,1.3852,1.3848,1.38512,0
2026-06-02 12:12,1.3848,1.3852,1.3848,1.38515,0
2026-06-02 12:13,1.385,1.38521,1.3848,1.385,0
2026-06-02 12:14,1.38529,1.38533,1.3848,1.38516,0
2026-06-02 12:15,1.38531,1.38537,1.3849,1.38529,0
2026-06-02 12:16,1.38528,1.38539,1.3848,1.38532,0
2026-06-02 12:17,1.3853,1.38533,1.3848,1.38527,0
2026-06-02 12:18,1.38517,1.38531,1.3847,1.38526,0
2026-06-02 12:19,1.38515,1.38524,1.3847,1.38516,0
2026-06-02 12:20,1.3847,1.3852,1.3846,1.38514,0
2026-06-02 12:21,1.38504,1.3851,1.3845,1.38503,0
2026-06-02 12:22,1.38506,1.38512,1.3847,1.38504,0
2026-06-02 12:23,1.38507,1.3852,1.3846,1.38507,0
2026-06-02 12:24,1.38509,1.38515,1.3846,1.38509,0
2026-06-02 12:25,1.38505,1.38515,1.3846,1.38509,0
2026-06-02 12:26,1.38514,1.38514,1.3846,1.38509,0
2026-06-02 12:27,1.3849,1.38521,1.3846,1.3851,0
2026-06-02 12:28,1.385,1.38524,1.3847,1.3852,0
2026-06-02 12:29,1.38509,1.38523,1.3846,1.38519,0
2026-06-02 12:30,1.38506,1.38515,1.3846,1.38509,0
2026-06-02 12:31,1.385,1.38512,1.3846,1.38507,0
2026-06-02 12:32,1.38487,1.38504,1.3846,1.3847,0
2026-06-02 12:33,1.3846,1.38491,1.3844,1.38489,0
2026-06-02 12:34,1.3846,1.38495,1.3845,1.38486,0
2026-06-02 12:35,1.38488,1.38494,1.3844,1.38489,0
2026-06-02 12:36,1.3844,1.3849,1.3844,1.38489,0
2026-06-02 12:37,1.3845,1.38481,1.3844,1.38479,0
2026-06-02 12:38,1.3846,1.3849,1.3845,1.38475,0
2026-06-02 12:39,1.38477,1.38494,1.3844,1.38483,0
2026-06-02 12:40,1.38481,1.38482,1.3843,1.3844,0
2026-06-02 12:41,1.38482,1.3849,1.3844,1.38476,0
2026-06-02 12:42,1.38466,1.38482,1.3844,1.38478,0
2026-06-02 12:43,1.38468,1.38481,1.3843,1.38471,0
2026-06-02 12:44,1.38466,1.3848,1.3842,1.38464,0
2026-06-02 12:45,1.38467,1.38477,1.3842,1.38466,0
2026-06-02 12:46,1.38451,1.3847,1.3841,1.38468,0
2026-06-02 12:47,1.38448,1.38455,1.384,1.38455,0
2026-06-02 12:48,1.3843,1.38453,1.3839,1.38448,0
2026-06-02 12:49,1.384,1.38447,1.3839,1.38435,0
2026-06-02 12:50,1.38428,1.3844,1.3838,1.38435,0
2026-06-02 12:51,1.38436,1.38441,1.3838,1.3843,0
2026-06-02 12:52,1.38421,1.38441,1.3839,1.3844,0
2026-06-02 12:53,1.38412,1.38421,1.3836,1.3839,0
2026-06-02 12:54,1.38413,1.3842,1.3836,1.38411,0
2026-06-02 12:55,1.38407,1.3842,1.3837,1.38413,0
2026-06-02 12:56,1.38408,1.38414,1.3837,1.38409,0
2026-06-02 12:57,1.38409,1.38415,1.3837,1.38405,0
2026-06-02 12:58,1.38409,1.3842,1.3838,1.38409,0
2026-06-02 12:59,1.38406,1.38415,1.3837,1.38411,0
2026-06-02 13:00,1.38406,1.38411,1.3835,1.38406,0
2026-06-02 13:01,1.3838,1.38411,1.3837,1.38406,0
2026-06-02 13:02,1.3838,1.38419,1.3835,1.38406,0
2026-06-02 13:03,1.38408,1.38415,1.3838,1.38412,0
2026-06-02 13:04,1.3839,1.38412,1.3834,1.38406,0
2026-06-02 13:05,1.3835,1.38395,1.3834,1.38395,0
2026-06-02 13:06,1.38381,1.38382,1.3832,1.38371,0
2026-06-02 13:07,1.38381,1.38387,1.3833,1.38376,0
2026-06-02 13:08,1.38365,1.3838,1.3832,1.3833,0
2026-06-02 13:09,1.38369,1.38372,1.3832,1.38365,0
2026-06-02 13:10,1.38384,1.38385,1.3834,1.38369,0
2026-06-02 13:11,1.38388,1.38395,1.3834,1.38385,0
2026-06-02 13:12,1.38382,1.38397,1.3834,1.38388,0
2026-06-02 13:13,1.38371,1.3839,1.3833,1.38384,0
2026-06-02 13:14,1.38388,1.38394,1.3834,1.38374,0
2026-06-02 13:15,1.38386,1.38399,1.3834,1.38388,0
2026-06-02 13:16,1.38387,1.38392,1.3835,1.3839,0
2026-06-02 13:17,1.3838,1.38389,1.3833,1.38389,0
2026-06-02 13:18,1.38396,1.38405,1.3834,1.38386,0
2026-06-02 13:19,1.38395,1.38397,1.3834,1.38391,0
2026-06-02 13:20,1.38388,1.38398,1.3834,1.38391,0
2026-06-02 13:21,1.38393,1.38394,1.3833,1.38387,0
2026-06-02 13:22,1.3834,1.384,1.3834,1.38387,0
2026-06-02 13:23,1.38394,1.38401,1.3834,1.38387,0
2026-06-02 13:24,1.38387,1.38404,1.3834,1.384,0
2026-06-02 13:25,1.384,1.38403,1.3835,1.38388,0
2026-06-02 13:26,1.38408,1.38414,1.3836,1.38397,0
2026-06-02 13:27,1.3837,1.38411,1.3835,1.38403,0
2026-06-02 13:28,1.38406,1.38413,1.3836,1.38399,0
2026-06-02 13:29,1.38418,1.38426,1.3837,1.38405,0
2026-06-02 13:30,1.38424,1.38429,1.3837,1.3842,0
2026-06-02 13:31,1.38452,1.38452,1.3839,1.38424,0
2026-06-02 13:32,1.38454,1.38462,1.3842,1.38452,0
2026-06-02 13:33,1.38438,1.38456,1.3839,1.38454,0
2026-06-02 13:34,1.38429,1.38442,1.384,1.384,0
2026-06-02 13:35,1.38421,1.38435,1.3838,1.3843,0
2026-06-02 13:36,1.38406,1.38426,1.3837,1.38421,0
2026-06-02 13:37,1.38394,1.38415,1.3835,1.3839,0
2026-06-02 13:38,1.38395,1.38402,1.3834,1.38395,0
2026-06-02 13:39,1.38396,1.38408,1.3835,1.38397,0
2026-06-02 13:40,1.38389,1.384,1.3834,1.38397,0
2026-06-02 13:41,1.3837,1.38399,1.3834,1.38389,0
2026-06-02 13:42,1.38388,1.384,1.3834,1.38392,0
2026-06-02 13:43,1.38393,1.38397,1.3834,1.38388,0
2026-06-02 13:44,1.38388,1.38402,1.3834,1.38397,0
2026-06-02 13:45,1.38388,1.38394,1.3834,1.38388,0
2026-06-02 13:46,1.38387,1.384,1.3835,1.38388,0
2026-06-02 13:47,1.3839,1.38396,1.3834,1.38384,0
2026-06-02 13:48,1.38401,1.3841,1.3834,1.38389,0
2026-06-02 13:49,1.38404,1.38407,1.3835,1.38401,0
2026-06-02 13:50,1.38399,1.38422,1.3835,1.38401,0
2026-06-02 13:51,1.38398,1.3841,1.3837,1.38401,0
2026-06-02 13:52,1.38401,1.38405,1.3835,1.38398,0
2026-06-02 13:53,1.3836,1.38405,1.3834,1.384,0
2026-06-02 13:54,1.3834,1.38395,1.3833,1.38389,0
2026-06-02 13:55,1.3833,1.38394,1.3833,1.38389,0
2026-06-02 13:56,1.38378,1.38385,1.3833,1.38379,0
2026-06-02 13:57,1.38374,1.38382,1.3832,1.38374,0
2026-06-02 13:58,1.38369,1.38376,1.3833,1.38369,0
2026-06-02 13:59,1.38367,1.38372,1.3832,1.38365,0
2026-06-02 14:00,1.38366,1.38371,1.3831,1.38366,0
2026-06-02 14:01,1.3835,1.38371,1.3833,1.38366,0
2026-06-02 14:02,1.3833,1.38374,1.3832,1.38366,0
2026-06-02 14:03,1.38352,1.38366,1.383,1.38359,0
2026-06-02 14:04,1.38356,1.38369,1.3832,1.38353,0
2026-06-02 14:05,1.38356,1.38361,1.3832,1.38356,0
2026-06-02 14:06,1.3832,1.38358,1.3832,1.38353,0
2026-06-02 14:07,1.38331,1.38356,1.383,1.38348,0
2026-06-02 14:08,1.38357,1.38357,1.3829,1.38331,0
2026-06-02 14:09,1.38343,1.38362,1.3831,1.3832,0
2026-06-02 14:10,1.38297,1.38345,1.3825,1.3832,0
2026-06-02 14:11,1.38294,1.38305,1.3825,1.38296,0
2026-06-02 14:12,1.38298,1.38301,1.3824,1.38292,0
2026-06-02 14:13,1.38325,1.38327,1.3826,1.383,0
2026-06-02 14:14,1.38307,1.3833,1.3827,1.38326,0
2026-06-02 14:15,1.38323,1.38334,1.3827,1.38304,0
2026-06-02 14:16,1.38321,1.38336,1.3828,1.38323,0
2026-06-02 14:17,1.38311,1.38326,1.3828,1.3829,0
2026-06-02 14:18,1.38321,1.38327,1.3828,1.3828,0
2026-06-02 14:19,1.38323,1.3833,1.3829,1.38318,0
2026-06-02 14:20,1.38353,1.38356,1.3828,1.38322,0
2026-06-02 14:21,1.38363,1.38363,1.3831,1.38354,0
2026-06-02 14:22,1.38353,1.38365,1.3832,1.38365,0
2026-06-02 14:23,1.38324,1.38354,1.3829,1.38351,0
2026-06-02 14:24,1.38314,1.38331,1.3828,1.38326,0
2026-06-02 14:25,1.38315,1.38336,1.3828,1.38314,0
2026-06-02 14:26,1.38303,1.38315,1.3827,1.38315,0
2026-06-02 14:27,1.38309,1.38316,1.3825,1.3827,0
2026-06-02 14:28,1.38322,1.38328,1.3828,1.38313,0
2026-06-02 14:29,1.38301,1.38327,1.3827,1.3829,0
2026-06-02 14:30,1.38279,1.38307,1.3825,1.3827,0
2026-06-02 14:31,1.38245,1.3829,1.382,1.3825,0
2026-06-02 14:32,1.38239,1.38255,1.3819,1.38243,0
2026-06-02 14:33,1.38239,1.38254,1.3819,1.38244,0
2026-06-02 14:34,1.38229,1.38247,1.3819,1.382,0
2026-06-02 14:35,1.38222,1.38239,1.3819,1.3823,0
2026-06-02 14:36,1.38206,1.3823,1.3817,1.38218,0
2026-06-02 14:37,1.3815,1.3821,1.3811,1.3819,0
2026-06-02 14:38,1.38177,1.38184,1.3811,1.38152,0
2026-06-02 14:39,1.38176,1.38183,1.3813,1.38179,0
2026-06-02 14:40,1.3818,1.38189,1.3813,1.38177,0
2026-06-02 14:41,1.38217,1.3822,1.3815,1.38179,0
2026-06-02 14:42,1.38216,1.38222,1.3817,1.38213,0
2026-06-02 14:43,1.38247,1.38247,1.3819,1.38218,0
2026-06-02 14:44,1.38252,1.38259,1.382,1.38243,0
2026-06-02 14:45,1.3824,1.3828,1.3822,1.38255,0
2026-06-02 14:46,1.38275,1.38281,1.3823,1.38257,0
2026-06-02 14:47,1.38301,1.38307,1.3825,1.38275,0
2026-06-02 14:48,1.38292,1.38307,1.3826,1.38302,0
2026-06-02 14:49,1.38288,1.38298,1.3824,1.38294,0
2026-06-02 14:50,1.3827,1.38308,1.3825,1.38288,0
2026-06-02 14:51,1.38314,1.3833,1.3828,1.38303,0
2026-06-02 14:52,1.38333,1.38341,1.3828,1.38315,0
2026-06-02 14:53,1.38332,1.3834,1.383,1.38331,0
2026-06-02 14:54,1.38366,1.38373,1.383,1.38332,0
2026-06-02 14:55,1.38338,1.38375,1.383,1.38368,0
2026-06-02 14:56,1.38318,1.38344,1.3829,1.38338,0
2026-06-02 14:57,1.38315,1.38322,1.3828,1.38318,0
2026-06-02 14:58,1.3831,1.38321,1.3828,1.38315,0
2026-06-02 14:59,1.38289,1.38321,1.3826,1.3831,0
2026-06-02 15:00,1.38351,1.38369,1.38264,1.38303,0
2026-06-02 15:01,1.38346,1.3837,1.3831,1.38355,0
2026-06-02 15:02,1.38341,1.3836,1.3831,1.38346,0
2026-06-02 15:03,1.38342,1.3835,1.383,1.38345,0
2026-06-02 15:04,1.38363,1.38366,1.3831,1.38343,0
2026-06-02 15:05,1.38359,1.38369,1.3831,1.3836,0
2026-06-02 15:06,1.38364,1.38368,1.3831,1.38358,0
2026-06-02 15:07,1.38372,1.38375,1.3831,1.38363,0
2026-06-02 15:08,1.38367,1.38386,1.3832,1.3837,0
2026-06-02 15:09,1.38346,1.38372,1.3832,1.38367,0
2026-06-02 15:10,1.38331,1.3835,1.383,1.3835,0
2026-06-02 15:11,1.38346,1.38356,1.383,1.38336,0
2026-06-02 15:12,1.38337,1.38357,1.383,1.38347,0
2026-06-02 15:13,1.38361,1.38366,1.383,1.3834,0
2026-06-02 15:14,1.38362,1.3837,1.3831,1.38361,0
2026-06-02 15:15,1.38359,1.3837,1.3831,1.38362,0
2026-06-02 15:16,1.3831,1.38365,1.3829,1.38355,0
2026-06-02 15:17,1.38359,1.38364,1.3829,1.38336,0
2026-06-02 15:18,1.38376,1.38381,1.3833,1.38359,0
2026-06-02 15:19,1.38372,1.38381,1.3832,1.38377,0
2026-06-02 15:20,1.38373,1.3838,1.3832,1.38375,0
2026-06-02 15:21,1.38382,1.38387,1.3833,1.3834,0
2026-06-02 15:22,1.38393,1.38401,1.3834,1.38381,0
2026-06-02 15:23,1.38404,1.38414,1.3835,1.38394,0
2026-06-02 15:24,1.38426,1.38427,1.3837,1.38405,0
2026-06-02 15:25,1.38418,1.38435,1.3838,1.38421,0
2026-06-02 15:26,1.38401,1.38433,1.3838,1.38417,0
2026-06-02 15:27,1.38406,1.38417,1.3836,1.38403,0
2026-06-02 15:28,1.38399,1.3841,1.3835,1.38404,0
2026-06-02 15:29,1.38399,1.38406,1.3835,1.38399,0
2026-06-02 15:30,1.38378,1.38399,1.3835,1.38399,0
2026-06-02 15:31,1.38374,1.38392,1.3833,1.38379,0
2026-06-02 15:32,1.3835,1.38382,1.3832,1.38374,0
2026-06-02 15:33,1.38344,1.3836,1.383,1.38352,0
2026-06-02 15:34,1.38332,1.38362,1.383,1.38347,0
2026-06-02 15:35,1.3832,1.3834,1.3827,1.38337,0
2026-06-02 15:36,1.38296,1.3832,1.3825,1.38313,0
2026-06-02 15:37,1.38293,1.38302,1.3825,1.38295,0
2026-06-02 15:38,1.38301,1.3831,1.3825,1.38293,0
2026-06-02 15:39,1.38304,1.38317,1.3827,1.38301,0
2026-06-02 15:40,1.38285,1.38309,1.3825,1.38309,0
2026-06-02 15:41,1.38256,1.38295,1.3821,1.38281,0
2026-06-02 15:42,1.38261,1.38262,1.3822,1.38255,0
2026-06-02 15:43,1.38274,1.38282,1.3823,1.38259,0
2026-06-02 15:44,1.38264,1.38282,1.3823,1.38274,0
2026-06-02 15:45,1.38266,1.38283,1.3823,1.38265,0
2026-06-02 15:46,1.38263,1.3828,1.3823,1.38267,0
2026-06-02 15:47,1.38276,1.38282,1.3823,1.3824,0
2026-06-02 15:48,1.38279,1.38289,1.3823,1.38276,0
2026-06-02 15:49,1.38271,1.38285,1.3824,1.38277,0
2026-06-02 15:50,1.38272,1.38293,1.3824,1.38266,0
2026-06-02 15:51,1.38292,1.38303,1.3825,1.38273,0
2026-06-02 15:52,1.38292,1.38306,1.3826,1.38292,0
2026-06-02 15:53,1.38316,1.38323,1.3825,1.38292,0
2026-06-02 15:54,1.38311,1.38326,1.3828,1.38319,0
2026-06-02 15:55,1.38326,1.38335,1.3827,1.3831,0
2026-06-02 15:56,1.38309,1.38337,1.3825,1.38331,0
2026-06-02 15:57,1.38308,1.38321,1.3825,1.38309,0
2026-06-02 15:58,1.3829,1.38327,1.3827,1.38312,0
2026-06-02 15:59,1.38317,1.38328,1.3827,1.38317,0
2026-06-02 16:00,1.3831,1.38328,1.3827,1.38313,0
2026-06-02 16:01,1.38316,1.38321,1.3826,1.38314,0
2026-06-02 16:02,1.383,1.38332,1.3827,1.38313,0
2026-06-02 16:03,1.3831,1.38351,1.383,1.38326,0
2026-06-02 16:04,1.383,1.38346,1.3829,1.38345,0
2026-06-02 16:05,1.38321,1.38337,1.3828,1.38334,0
2026-06-02 16:06,1.3827,1.38328,1.3825,1.3832,0
2026-06-02 16:07,1.38287,1.38302,1.3826,1.38298,0
2026-06-02 16:08,1.383,1.383,1.3824,1.38286,0
2026-06-02 16:09,1.38317,1.3832,1.3825,1.3828,0
2026-06-02 16:10,1.38305,1.38318,1.3828,1.3829,0
2026-06-02 16:11,1.38305,1.38312,1.3827,1.38309,0
2026-06-02 16:12,1.3827,1.38307,1.3825,1.38301,0
2026-06-02 16:13,1.3828,1.38299,1.3823,1.38299,0
2026-06-02 16:14,1.38275,1.38282,1.3824,1.38276,0
2026-06-02 16:15,1.3826,1.3829,1.3823,1.38278,0
2026-06-02 16:16,1.3822,1.38286,1.3822,1.38282,0
2026-06-02 16:17,1.3823,1.38277,1.3823,1.38268,0
2026-06-02 16:18,1.38267,1.38282,1.3823,1.3827,0
2026-06-02 16:19,1.38265,1.38272,1.3823,1.38267,0
2026-06-02 16:20,1.38275,1.38295,1.3823,1.38265,0
2026-06-02 16:21,1.38265,1.38291,1.3823,1.38279,0
2026-06-02 16:22,1.38256,1.3827,1.382,1.3824,0
2026-06-02 16:23,1.38245,1.3826,1.382,1.38256,0
2026-06-02 16:24,1.38246,1.38251,1.3819,1.3823,0
2026-06-02 16:25,1.38267,1.3827,1.382,1.38245,0
2026-06-02 16:26,1.38279,1.38279,1.3823,1.3827,0
2026-06-02 16:27,1.38289,1.3829,1.3823,1.38275,0
2026-06-02 16:28,1.38289,1.38298,1.3824,1.38285,0
2026-06-02 16:29,1.3829,1.38296,1.3824,1.38289,0
2026-06-02 16:30,1.38293,1.38298,1.3825,1.38286,0
2026-06-02 16:31,1.38292,1.38302,1.3824,1.38293,0
2026-06-02 16:32,1.38288,1.38298,1.3825,1.38288,0
2026-06-02 16:33,1.38284,1.3829,1.3824,1.38284,0
2026-06-02 16:34,1.38276,1.38291,1.3825,1.38284,0
2026-06-02 16:35,1.38277,1.38281,1.3824,1.38276,0
2026-06-02 16:36,1.38264,1.3828,1.3824,1.38277,0
2026-06-02 16:37,1.38255,1.38269,1.3821,1.38264,0
2026-06-02 16:38,1.3823,1.38271,1.3822,1.38255,0
2026-06-02 16:39,1.3823,1.38271,1.3823,1.38267,0
2026-06-02 16:40,1.3825,1.3828,1.3823,1.38263,0
2026-06-02 16:41,1.3824,1.38279,1.3823,1.38274,0
2026-06-02 16:42,1.38276,1.3828,1.3824,1.38267,0
2026-06-02 16:43,1.38269,1.38281,1.3822,1.38278,0
2026-06-02 16:44,1.3822,1.38274,1.3822,1.38269,0
2026-06-02 16:45,1.3824,1.38282,1.3822,1.38271,0
2026-06-02 16:46,1.38245,1.3827,1.3821,1.38265,0
2026-06-02 16:47,1.38237,1.3825,1.3821,1.38245,0
2026-06-02 16:48,1.38237,1.38244,1.3821,1.38237,0
2026-06-02 16:49,1.38229,1.38242,1.3818,1.38239,0
2026-06-02 16:50,1.3821,1.38246,1.382,1.38229,0
2026-06-02 16:51,1.3821,1.38248,1.3819,1.38239,0
2026-06-02 16:52,1.38243,1.38244,1.3819,1.38234,0
2026-06-02 16:53,1.3824,1.38244,1.3821,1.38242,0
2026-06-02 16:54,1.38234,1.38241,1.382,1.38236,0
2026-06-02 16:55,1.38237,1.38241,1.382,1.38234,0
2026-06-02 16:56,1.38256,1.38263,1.382,1.38236,0
2026-06-02 16:57,1.38253,1.38266,1.382,1.38255,0
2026-06-02 16:58,1.38239,1.38252,1.3819,1.38249,0
2026-06-02 16:59,1.38231,1.38242,1.3819,1.38237,0
2026-06-02 17:00,1.38259,1.3826,1.3819,1.3823,0
2026-06-02 17:01,1.38246,1.38261,1.382,1.38254,0
2026-06-02 17:02,1.38244,1.38256,1.3819,1.38248,0
2026-06-02 17:03,1.38237,1.38249,1.3821,1.38243,0
2026-06-02 17:04,1.38244,1.38252,1.3819,1.38238,0
2026-06-02 17:05,1.3821,1.38252,1.3821,1.38251,0
2026-06-02 17:06,1.38238,1.38248,1.3819,1.38246,0
2026-06-02 17:07,1.38245,1.38245,1.3819,1.38238,0
2026-06-02 17:08,1.3822,1.38252,1.3819,1.38239,0
2026-06-02 17:09,1.3826,1.38264,1.3821,1.38247,0
2026-06-02 17:10,1.3826,1.38265,1.3821,1.38256,0
2026-06-02 17:11,1.3821,1.38263,1.382,1.38256,0
2026-06-02 17:12,1.38248,1.3825,1.3819,1.3821,0
2026-06-02 17:13,1.3824,1.3825,1.3819,1.38243,0
2026-06-02 17:14,1.38245,1.38245,1.3819,1.3824,0
2026-06-02 17:15,1.38228,1.3825,1.3818,1.3821,0
2026-06-02 17:16,1.38228,1.38236,1.382,1.38228,0
2026-06-02 17:17,1.38227,1.38234,1.3818,1.38228,0
2026-06-02 17:18,1.38236,1.38241,1.3818,1.3823,0
2026-06-02 17:19,1.3826,1.3826,1.3819,1.38237,0
2026-06-02 17:20,1.38261,1.38262,1.3822,1.38254,0
2026-06-02 17:21,1.3824,1.38281,1.3822,1.38254,0
2026-06-02 17:22,1.38255,1.38271,1.3821,1.38265,0
2026-06-02 17:23,1.38245,1.38261,1.382,1.38259,0
2026-06-02 17:24,1.38252,1.38253,1.382,1.38246,0
2026-06-02 17:25,1.3822,1.38255,1.382,1.38247,0
2026-06-02 17:26,1.38248,1.38257,1.382,1.3825,0
2026-06-02 17:27,1.38253,1.38255,1.382,1.3825,0
2026-06-02 17:28,1.38259,1.3827,1.382,1.38248,0
2026-06-02 17:29,1.38272,1.38274,1.3821,1.38264,0
2026-06-02 17:30,1.38266,1.38273,1.3822,1.38271,0
2026-06-02 17:31,1.38264,1.38271,1.3823,1.3827,0
2026-06-02 17:32,1.3824,1.38276,1.3823,1.38266,0
2026-06-02 17:33,1.3825,1.38287,1.3823,1.38273,0
2026-06-02 17:34,1.38284,1.38292,1.3824,1.38288,0
2026-06-02 17:35,1.3824,1.38295,1.3824,1.38284,0
2026-06-02 17:36,1.38299,1.38305,1.3825,1.38288,0
2026-06-02 17:37,1.38296,1.38306,1.3825,1.383,0
2026-06-02 17:38,1.3828,1.38313,1.3826,1.38299,0
2026-06-02 17:39,1.3828,1.38316,1.3826,1.38306,0
2026-06-02 17:40,1.38315,1.3832,1.3826,1.38309,0
2026-06-02 17:41,1.38319,1.38327,1.3827,1.38308,0
2026-06-02 17:42,1.38317,1.3833,1.3828,1.38313,0
2026-06-02 17:43,1.3831,1.38333,1.3827,1.38323,0
2026-06-02 17:44,1.383,1.38336,1.3828,1.38324,0
2026-06-02 17:45,1.38332,1.38343,1.3829,1.38319,0
2026-06-02 17:46,1.38329,1.38336,1.3828,1.38332,0
2026-06-02 17:47,1.3831,1.38331,1.3828,1.38328,0
2026-06-02 17:48,1.38331,1.3834,1.3828,1.38324,0
2026-06-02 17:49,1.38335,1.3834,1.3828,1.38324,0
2026-06-02 17:50,1.3831,1.38341,1.383,1.38335,0
2026-06-02 17:51,1.3829,1.38332,1.3828,1.38326,0
2026-06-02 17:52,1.38319,1.38323,1.3827,1.38318,0
2026-06-02 17:53,1.38325,1.38332,1.3828,1.38317,0
2026-06-02 17:54,1.383,1.3833,1.3829,1.38325,0
2026-06-02 17:55,1.38334,1.38336,1.3828,1.38327,0
2026-06-02 17:56,1.38333,1.3834,1.383,1.38335,0
2026-06-02 17:57,1.38336,1.38343,1.3829,1.3833,0
2026-06-02 17:58,1.383,1.3834,1.3828,1.38333,0
2026-06-02 17:59,1.38324,1.38332,1.3828,1.38322,0
2026-06-02 18:00,1.38321,1.3834,1.3829,1.38326,0
2026-06-02 18:01,1.3832,1.38331,1.3829,1.38324,0
2026-06-02 18:02,1.3834,1.38341,1.3828,1.3832,0
2026-06-02 18:03,1.38343,1.3835,1.3831,1.38336,0
2026-06-02 18:04,1.38349,1.38355,1.3831,1.38342,0
2026-06-02 18:05,1.38369,1.38372,1.3831,1.38351,0
2026-06-02 18:06,1.3833,1.38374,1.3831,1.38368,0
2026-06-02 18:07,1.38369,1.3837,1.3833,1.38362,0
2026-06-02 18:08,1.38369,1.38379,1.3832,1.38364,0
2026-06-02 18:09,1.3838,1.3838,1.3832,1.38364,0
2026-06-02 18:10,1.38375,1.38385,1.3834,1.38375,0
2026-06-02 18:11,1.3836,1.3839,1.3835,1.38376,0
2026-06-02 18:12,1.38371,1.38395,1.3834,1.3838,0
2026-06-02 18:13,1.3834,1.38377,1.3833,1.38371,0
2026-06-02 18:14,1.38377,1.3838,1.3834,1.38368,0
2026-06-02 18:15,1.38375,1.3838,1.3834,1.38373,0
2026-06-02 18:16,1.38389,1.38394,1.3835,1.38372,0
2026-06-02 18:17,1.38374,1.38389,1.3833,1.38383,0
2026-06-02 18:18,1.3835,1.38381,1.3834,1.38376,0
2026-06-02 18:19,1.38376,1.38382,1.3835,1.38372,0
2026-06-02 18:20,1.38362,1.38381,1.3832,1.38376,0
2026-06-02 18:21,1.38351,1.3837,1.3831,1.38364,0
2026-06-02 18:22,1.38352,1.3836,1.3832,1.38357,0
2026-06-02 18:23,1.38353,1.3836,1.3832,1.38347,0
2026-06-02 18:24,1.3833,1.38361,1.383,1.38354,0
2026-06-02 18:25,1.38354,1.38364,1.3831,1.38359,0
2026-06-02 18:26,1.38348,1.38362,1.3832,1.38352,0
2026-06-02 18:27,1.38352,1.3836,1.383,1.38353,0
2026-06-02 18:28,1.38347,1.3836,1.383,1.38352,0
2026-06-02 18:29,1.38342,1.38353,1.383,1.38349,0
2026-06-02 18:30,1.38333,1.3835,1.3829,1.38342,0
2026-06-02 18:31,1.3832,1.38352,1.3829,1.38337,0
2026-06-02 18:32,1.38346,1.38355,1.383,1.38347,0
2026-06-02 18:33,1.38353,1.38354,1.3829,1.3834,0
2026-06-02 18:34,1.38342,1.38353,1.383,1.38348,0
2026-06-02 18:35,1.3833,1.38356,1.3832,1.38345,0
2026-06-02 18:36,1.3835,1.3836,1.3832,1.38352,0
2026-06-02 18:37,1.38361,1.38364,1.3831,1.38351,0
2026-06-02 18:38,1.3832,1.38363,1.3831,1.3833,0
2026-06-02 18:39,1.38362,1.38367,1.3831,1.3833,0
2026-06-02 18:40,1.38375,1.38377,1.3832,1.38362,0
2026-06-02 18:41,1.38373,1.3838,1.3834,1.3835,0
2026-06-02 18:42,1.38376,1.38384,1.3835,1.3835,0
2026-06-02 18:43,1.38376,1.38382,1.3834,1.3835,0
2026-06-02 18:44,1.3834,1.38381,1.3834,1.3836,0
2026-06-02 18:45,1.3835,1.38388,1.3834,1.3835,0
2026-06-02 18:46,1.38389,1.3839,1.3833,1.38381,0
2026-06-02 18:47,1.3836,1.38396,1.3834,1.38389,0
2026-06-02 18:48,1.38386,1.38394,1.3834,1.38388,0
2026-06-02 18:49,1.38377,1.38393,1.3833,1.3836,0
2026-06-02 18:50,1.38377,1.38386,1.3834,1.38378,0
2026-06-02 18:51,1.38379,1.38385,1.3833,1.38377,0
2026-06-02 18:52,1.38383,1.38384,1.3833,1.38383,0
2026-06-02 18:53,1.38381,1.38388,1.3833,1.38379,0
2026-06-02 18:54,1.38385,1.38389,1.3833,1.38383,0
2026-06-02 18:55,1.38392,1.38395,1.3836,1.38389,0
2026-06-02 18:56,1.3836,1.38396,1.3836,1.38393,0
2026-06-02 18:57,1.38384,1.38396,1.3834,1.38389,0
2026-06-02 18:58,1.38381,1.38385,1.3833,1.3838,0
2026-06-02 18:59,1.38386,1.3839,1.3833,1.38377,0
2026-06-02 19:00,1.3835,1.38391,1.3835,1.38386,0
2026-06-02 19:01,1.38377,1.38385,1.3834,1.3835,0
2026-06-02 19:02,1.38388,1.38388,1.3833,1.3835,0
2026-06-02 19:03,1.38378,1.3839,1.3835,1.3836,0
2026-06-02 19:04,1.3835,1.38385,1.3835,1.38378,0
2026-06-02 19:05,1.38381,1.38386,1.3833,1.38381,0
2026-06-02 19:06,1.38393,1.38401,1.3834,1.38385,0
2026-06-02 19:07,1.3839,1.384,1.3834,1.3836,0
2026-06-02 19:08,1.38394,1.38397,1.3834,1.3839,0
2026-06-02 19:09,1.38396,1.384,1.3836,1.38393,0
2026-06-02 19:10,1.38392,1.38397,1.3834,1.38392,0
2026-06-02 19:11,1.3839,1.38403,1.3835,1.38397,0
2026-06-02 19:12,1.3839,1.38397,1.3834,1.3836,0
2026-06-02 19:13,1.38393,1.38395,1.3834,1.38394,0
2026-06-02 19:14,1.3834,1.38394,1.3834,1.3839,0
2026-06-02 19:15,1.38389,1.38394,1.3834,1.38387,0
2026-06-02 19:16,1.38389,1.3839,1.3833,1.38385,0
2026-06-02 19:17,1.38393,1.38394,1.3834,1.38385,0
2026-06-02 19:18,1.3838,1.38406,1.3834,1.38389,0
2026-06-02 19:19,1.38392,1.38401,1.3835,1.38397,0
2026-06-02 19:20,1.3836,1.38401,1.3836,1.38392,0
2026-06-02 19:21,1.38391,1.38402,1.3834,1.38393,0
2026-06-02 19:22,1.3836,1.38395,1.3833,1.3839,0
2026-06-02 19:23,1.38368,1.38383,1.3832,1.38379,0
2026-06-02 19:24,1.38364,1.38375,1.3832,1.38369,0
2026-06-02 19:25,1.3835,1.38375,1.3832,1.38366,0
2026-06-02 19:26,1.3837,1.38376,1.3832,1.38373,0
2026-06-02 19:27,1.3834,1.38374,1.3832,1.38369,0
2026-06-02 19:28,1.3837,1.38377,1.3832,1.38368,0
2026-06-02 19:29,1.38372,1.38376,1.3832,1.38371,0
2026-06-02 19:30,1.3837,1.38375,1.3833,1.38368,0
2026-06-02 19:31,1.38377,1.38378,1.3834,1.3837,0
2026-06-02 19:32,1.38365,1.3838,1.3832,1.3834,0
2026-06-02 19:33,1.3836,1.38371,1.3831,1.38365,0
2026-06-02 19:34,1.38362,1.38366,1.3831,1.38357,0
2026-06-02 19:35,1.38349,1.38365,1.383,1.38358,0
2026-06-02 19:36,1.3835,1.38352,1.383,1.38349,0
2026-06-02 19:37,1.3831,1.3835,1.3829,1.38348,0
2026-06-02 19:38,1.38341,1.3835,1.3831,1.38342,0
2026-06-02 19:39,1.38338,1.38346,1.3829,1.3834,0
2026-06-02 19:40,1.38345,1.38345,1.3831,1.3834,0
2026-06-02 19:41,1.3834,1.38355,1.3829,1.3834,0
2026-06-02 19:42,1.38336,1.38346,1.383,1.38336,0
2026-06-02 19:43,1.3834,1.38345,1.3829,1.3834,0
2026-06-02 19:44,1.38332,1.38341,1.3829,1.38338,0
2026-06-02 19:45,1.38331,1.38337,1.383,1.38332,0
2026-06-02 19:46,1.38327,1.38335,1.3828,1.3833,0
2026-06-02 19:47,1.38332,1.38335,1.3828,1.383,0
2026-06-02 19:48,1.3828,1.38335,1.3828,1.38329,0
2026-06-02 19:49,1.38324,1.38333,1.3827,1.383,0
2026-06-02 19:50,1.38324,1.38326,1.3827,1.38323,0
2026-06-02 19:51,1.38329,1.3833,1.3827,1.3827,0
2026-06-02 19:52,1.38334,1.38339,1.3828,1.3829,0
2026-06-02 19:53,1.38328,1.38334,1.3828,1.3828,0
2026-06-02 19:54,1.38315,1.38333,1.3827,1.38329,0
2026-06-02 19:55,1.38296,1.38324,1.3827,1.3829,0
2026-06-02 19:56,1.38299,1.38304,1.3825,1.38296,0
2026-06-02 19:57,1.38296,1.38306,1.3825,1.3827,0
2026-06-02 19:58,1.38296,1.38297,1.3824,1.38291,0
2026-06-02 19:59,1.38313,1.38319,1.3825,1.3826,0
2026-06-02 20:00,1.38307,1.38318,1.3826,1.38315,0
2026-06-02 20:01,1.38313,1.38318,1.3826,1.38308,0
2026-06-02 20:02,1.38312,1.38318,1.3826,1.38313,0
2026-06-02 20:03,1.38311,1.38325,1.3827,1.38312,0
2026-06-02 20:04,1.38314,1.38319,1.3828,1.3831,0
2026-06-02 20:05,1.38325,1.38326,1.3828,1.3828,0
2026-06-02 20:06,1.383,1.38327,1.3829,1.3829,0
2026-06-02 20:07,1.38314,1.38326,1.3827,1.38321,0
2026-06-02 20:08,1.38313,1.38324,1.3828,1.3829,0
2026-06-02 20:09,1.3828,1.3832,1.3828,1.3828,0
2026-06-02 20:10,1.3828,1.3832,1.3828,1.3828,0
2026-06-02 20:11,1.38326,1.38326,1.3828,1.3828,0
2026-06-02 20:12,1.3829,1.38331,1.3829,1.38322,0
2026-06-02 20:13,1.38325,1.38326,1.3829,1.3832,0
2026-06-02 20:14,1.3829,1.38327,1.3829,1.38323,0
2026-06-02 20:15,1.38319,1.38326,1.3827,1.38321,0
2026-06-02 20:16,1.383,1.38324,1.3827,1.3832,0
2026-06-02 20:17,1.3828,1.3832,1.3828,1.38314,0
2026-06-02 20:18,1.3829,1.38323,1.3827,1.38312,0
2026-06-02 20:19,1.38326,1.38327,1.3829,1.38318,0
2026-06-02 20:20,1.3829,1.38327,1.3829,1.38326,0
2026-06-02 20:21,1.38323,1.38328,1.3829,1.3832,0
2026-06-02 20:22,1.3832,1.38327,1.3829,1.38321,0
2026-06-02 20:23,1.38318,1.38322,1.3827,1.3832,0
2026-06-02 20:24,1.38329,1.38329,1.3829,1.38318,0
2026-06-02 20:25,1.38336,1.3834,1.383,1.38324,0
2026-06-02 20:26,1.38331,1.3834,1.383,1.38335,0
2026-06-02 20:27,1.383,1.38333,1.3828,1.38331,0
2026-06-02 20:28,1.3831,1.3833,1.3829,1.38324,0
2026-06-02 20:29,1.38329,1.3833,1.3829,1.38326,0
2026-06-02 20:30,1.38327,1.38331,1.3829,1.38324,0
2026-06-02 20:31,1.38341,1.38341,1.3828,1.38326,0
2026-06-02 20:32,1.38336,1.38343,1.3831,1.38338,0
2026-06-02 20:33,1.38335,1.38341,1.383,1.38336,0
2026-06-02 20:34,1.3831,1.3834,1.383,1.38332,0
2026-06-02 20:35,1.38344,1.3835,1.383,1.3831,0
2026-06-02 20:36,1.38336,1.3835,1.383,1.38344,0
2026-06-02 20:37,1.3829,1.38345,1.3829,1.38334,0
2026-06-02 20:38,1.38355,1.38358,1.3831,1.3832,0
2026-06-02 20:39,1.38355,1.38358,1.383,1.38354,0
2026-06-02 20:40,1.38357,1.38357,1.383,1.38352,0
2026-06-02 20:41,1.38354,1.38359,1.3832,1.38351,0
2026-06-02 20:42,1.3832,1.38361,1.3831,1.38355,0
2026-06-02 20:43,1.3835,1.38355,1.383,1.38353,0
2026-06-02 20:44,1.38366,1.38366,1.383,1.38351,0
2026-06-02 20:45,1.38353,1.38366,1.3831,1.38361,0
2026-06-02 20:46,1.3833,1.38367,1.3831,1.3832,0
2026-06-02 20:47,1.3833,1.38364,1.3831,1.3833,0
2026-06-02 20:48,1.38351,1.38364,1.3831,1.38361,0
2026-06-02 20:49,1.38351,1.38356,1.383,1.3835,0
2026-06-02 20:50,1.38345,1.38356,1.3831,1.38351,0
2026-06-02 20:51,1.38341,1.3835,1.3831,1.38344,0
2026-06-02 20:52,1.38334,1.38346,1.383,1.38346,0
2026-06-02 20:53,1.3831,1.3835,1.383,1.38339,0
2026-06-02 20:54,1.3831,1.3835,1.3831,1.38344,0
2026-06-02 20:55,1.3832,1.3837,1.383,1.38341,0
2026-06-02 20:56,1.38335,1.38353,1.3829,1.3835,0
2026-06-02 20:57,1.3831,1.3835,1.383,1.38337,0
2026-06-02 20:58,1.38357,1.38358,1.3829,1.38334,0
2026-06-02 20:59,1.38354,1.3836,1.3831,1.38353,0
2026-06-02 21:00,1.38356,1.38366,1.3832,1.38356,0
2026-06-02 21:01,1.38354,1.3836,1.3832,1.38353,0
2026-06-02 21:02,1.38348,1.3836,1.383,1.38356,0
2026-06-02 21:03,1.38352,1.38355,1.383,1.38348,0
2026-06-02 21:04,1.3832,1.38355,1.3832,1.38351,0
2026-06-02 21:05,1.38342,1.38354,1.3831,1.3835,0
2026-06-02 21:06,1.38349,1.38354,1.3831,1.38346,0
2026-06-02 21:07,1.3831,1.3836,1.3831,1.38351,0
2026-06-02 21:08,1.3831,1.3835,1.3831,1.38342,0
2026-06-02 21:09,1.38344,1.38347,1.383,1.38341,0
2026-06-02 21:10,1.3832,1.38358,1.383,1.3834,0
2026-06-02 21:11,1.38354,1.3836,1.3832,1.38356,0
2026-06-02 21:12,1.38346,1.3836,1.3831,1.38352,0
2026-06-02 21:13,1.3836,1.38362,1.3832,1.38346,0
2026-06-02 21:14,1.38357,1.38366,1.3833,1.38361,0
2026-06-02 21:15,1.3834,1.38362,1.3832,1.38357,0
2026-06-02 21:16,1.38361,1.38365,1.3831,1.38356,0
2026-06-02 21:17,1.38368,1.38374,1.3832,1.38361,0
2026-06-02 21:18,1.38357,1.38371,1.3833,1.3834,0
2026-06-02 21:19,1.38348,1.38367,1.3831,1.3833,0
2026-06-02 21:20,1.38362,1.38366,1.3831,1.38348,0
2026-06-02 21:21,1.38363,1.3837,1.3833,1.3833,0
2026-06-02 21:22,1.3832,1.38373,1.3832,1.38363,0
2026-06-02 21:23,1.38365,1.38373,1.3832,1.38368,0
2026-06-02 21:24,1.3837,1.38374,1.3832,1.3837,0
2026-06-02 21:25,1.38373,1.3838,1.3832,1.38366,0
2026-06-02 21:26,1.38372,1.38377,1.3834,1.38373,0
2026-06-02 21:27,1.3834,1.3838,1.3834,1.38376,0
2026-06-02 21:28,1.38375,1.38377,1.3832,1.3835,0
2026-06-02 21:29,1.38362,1.38376,1.3833,1.38374,0
2026-06-02 21:30,1.38362,1.3837,1.3833,1.3836,0
2026-06-02 21:31,1.38351,1.38367,1.3831,1.38362,0
2026-06-02 21:32,1.3832,1.38357,1.3832,1.3832,0
2026-06-02 21:33,1.3832,1.3836,1.3832,1.38352,0
2026-06-02 21:34,1.3833,1.38367,1.3832,1.38349,0
2026-06-02 21:35,1.38362,1.3837,1.3833,1.38361,0
2026-06-02 21:36,1.38365,1.3837,1.3833,1.38366,0
2026-06-02 21:37,1.38369,1.38375,1.3833,1.38363,0
2026-06-02 21:38,1.3833,1.38384,1.3832,1.38369,0
2026-06-02 21:39,1.3835,1.38389,1.3833,1.38381,0
2026-06-02 21:40,1.38384,1.38385,1.3833,1.3838,0
2026-06-02 21:41,1.3838,1.38385,1.3833,1.38379,0
2026-06-02 21:42,1.38381,1.38386,1.3835,1.38381,0
2026-06-02 21:43,1.38382,1.3839,1.3835,1.38382,0
2026-06-02 21:44,1.38383,1.38392,1.3835,1.38381,0
2026-06-02 21:45,1.38383,1.3839,1.3834,1.38383,0
2026-06-02 21:46,1.3836,1.3839,1.3834,1.38387,0
2026-06-02 21:47,1.38389,1.38395,1.3834,1.38382,0
2026-06-02 21:48,1.38395,1.38397,1.3834,1.38388,0
2026-06-02 21:49,1.38389,1.38396,1.3834,1.3837,0
2026-06-02 21:50,1.38393,1.38397,1.3837,1.3837,0
2026-06-02 21:51,1.38388,1.38393,1.3834,1.38393,0
2026-06-02 21:52,1.38392,1.38396,1.3834,1.38384,0
2026-06-02 21:53,1.3834,1.38397,1.3834,1.38393,0
2026-06-02 21:54,1.38395,1.38395,1.3834,1.38387,0
2026-06-02 21:55,1.38383,1.38397,1.3834,1.38387,0
2026-06-02 21:56,1.3839,1.38391,1.3834,1.38383,0
2026-06-02 21:57,1.38386,1.38391,1.3833,1.38382,0
2026-06-02 21:58,1.38378,1.38397,1.3833,1.38383,0
2026-06-02 21:59,1.38373,1.3839,1.3833,1.38365,0
2026-06-02 22:00,1.3837,1.38372,1.38343,1.38361,0
2026-06-02 22:01,1.38347,1.3835,1.38347,1.3835,0
2026-06-02 22:02,1.3835,1.3835,1.3835,1.3835,0
2026-06-02 22:03,1.3834,1.38348,1.3834,1.38345,0
2026-06-02 22:04,1.3834,1.3834,1.3834,1.3834,0
2026-06-02 22:06,1.3835,1.3835,1.3835,1.3835,0
2026-06-02 22:07,1.3834,1.3834,1.3834,1.3834,0
2026-06-02 22:08,1.3834,1.3834,1.3834,1.3834,0
2026-06-02 22:09,1.3834,1.3834,1.3834,1.3834,0
2026-06-02 22:10,1.3834,1.3834,1.3834,1.3834,0
2026-06-02 22:12,1.3834,1.3834,1.3834,1.3834,0
2026-06-02 22:13,1.3834,1.3835,1.3834,1.3835,0
2026-06-02 22:14,1.3834,1.3834,1.3834,1.3834,0
2026-06-02 22:15,1.3834,1.3834,1.38336,1.3834,0
2026-06-02 22:16,1.38346,1.38347,1.3832,1.38336,0
2026-06-02 22:17,1.38337,1.38345,1.3832,1.38341,0
2026-06-02 22:18,1.3835,1.38353,1.3833,1.38337,0
2026-06-02 22:19,1.38346,1.38353,1.3833,1.38351,0
2026-06-02 22:20,1.38337,1.38354,1.3833,1.38341,0
2026-06-02 22:21,1.3834,1.3834,1.3833,1.38337,0
2026-06-02 22:22,1.3834,1.3835,1.3834,1.38341,0
2026-06-02 22:23,1.3834,1.3834,1.3834,1.3834,0
2026-06-02 22:24,1.3834,1.38359,1.3834,1.38359,0
2026-06-02 22:25,1.38335,1.38359,1.38329,1.38359,0
2026-06-02 22:26,1.38337,1.38356,1.38335,1.38343,0
2026-06-02 22:27,1.38356,1.38356,1.38348,1.38354,0
2026-06-02 22:28,1.3834,1.38357,1.3834,1.38356,0
2026-06-02 22:29,1.38362,1.38364,1.3834,1.38356,0
2026-06-02 22:30,1.3835,1.3839,1.3834,1.38358,0
2026-06-02 22:31,1.38374,1.38393,1.3834,1.3837,0
2026-06-02 22:32,1.38374,1.3838,1.3835,1.38371,0
2026-06-02 22:33,1.38372,1.3838,1.3835,1.38369,0
2026-06-02 22:34,1.3837,1.38387,1.3835,1.38374,0
2026-06-02 22:35,1.38389,1.3839,1.3835,1.38373,0
2026-06-02 22:36,1.38387,1.38389,1.3835,1.38373,0
2026-06-02 22:37,1.3838,1.38387,1.3836,1.38376,0
2026-06-02 22:38,1.38376,1.38391,1.3835,1.3838,0
2026-06-02 22:39,1.38383,1.38394,1.3833,1.3839,0
2026-06-02 22:40,1.38395,1.38395,1.3836,1.38377,0
2026-06-02 22:41,1.3838,1.3838,1.3836,1.3838,0
2026-06-02 22:42,1.38375,1.38394,1.3835,1.38366,0
2026-06-02 22:43,1.38376,1.3839,1.3835,1.38374,0
2026-06-02 22:44,1.38377,1.3839,1.3835,1.38378,0
2026-06-02 22:45,1.3839,1.38393,1.38364,1.38376,0
2026-06-02 22:46,1.3835,1.38393,1.3834,1.38392,0
2026-06-02 22:47,1.38396,1.38396,1.3834,1.3837,0
2026-06-02 22:48,1.3839,1.38396,1.3834,1.3836,0
2026-06-02 22:49,1.38394,1.38399,1.3835,1.38382,0
2026-06-02 22:50,1.38383,1.38398,1.3836,1.38382,0
2026-06-02 22:51,1.38377,1.38395,1.3834,1.38382,0
2026-06-02 22:52,1.38381,1.38395,1.3834,1.3837,0
2026-06-02 22:53,1.3839,1.38396,1.3834,1.38392,0
2026-06-02 22:54,1.38362,1.38396,1.3834,1.3837,0
2026-06-02 22:55,1.3837,1.38384,1.3834,1.38376,0
2026-06-02 22:56,1.3834,1.38385,1.3834,1.3838,0
2026-06-02 22:57,1.38372,1.3838,1.3834,1.3835,0
2026-06-02 22:58,1.38373,1.3838,1.3835,1.38366,0
2026-06-02 22:59,1.38365,1.3839,1.3835,1.38366,0
2026-06-02 23:00,1.38379,1.3839,1.3832,1.3836,0
2026-06-02 23:01,1.38372,1.38396,1.3832,1.38378,0
2026-06-02 23:02,1.3837,1.38407,1.3835,1.38394,0
2026-06-02 23:03,1.38395,1.38411,1.3835,1.38397,0
2026-06-02 23:04,1.38379,1.384,1.3835,1.38377,0
2026-06-02 23:05,1.38378,1.38412,1.3835,1.38394,0
2026-06-02 23:06,1.38381,1.38401,1.3835,1.38378,0
2026-06-02 23:07,1.3839,1.38403,1.3835,1.38381,0
2026-06-02 23:08,1.38389,1.38395,1.3836,1.38378,0
2026-06-02 23:09,1.38388,1.3839,1.3836,1.38388,0
2026-06-02 23:10,1.38393,1.38399,1.3835,1.38388,0
2026-06-02 23:11,1.38381,1.38398,1.3836,1.38379,0
2026-06-02 23:12,1.38397,1.38403,1.3836,1.38381,0
2026-06-02 23:13,1.38415,1.38424,1.3836,1.38384,0
2026-06-02 23:14,1.38417,1.3842,1.3838,1.38402,0
2026-06-02 23:15,1.3838,1.3842,1.3838,1.38417,0
2026-06-02 23:16,1.38417,1.3842,1.3838,1.38419,0
2026-06-02 23:17,1.38415,1.3842,1.3838,1.38402,0
2026-06-02 23:18,1.38402,1.3842,1.3838,1.38403,0
2026-06-02 23:19,1.38415,1.3842,1.3838,1.38402,0
2026-06-02 23:20,1.38415,1.3842,1.3838,1.38415,0
2026-06-02 23:21,1.3839,1.38417,1.3837,1.38415,0
2026-06-02 23:22,1.3836,1.3841,1.3836,1.3841,0
2026-06-02 23:23,1.38405,1.3841,1.3836,1.38396,0
2026-06-02 23:24,1.3837,1.3841,1.3836,1.3839,0
2026-06-02 23:25,1.38396,1.3841,1.3837,1.3837,0
2026-06-02 23:26,1.38399,1.3841,1.3837,1.38401,0
2026-06-02 23:27,1.38393,1.38401,1.3836,1.38388,0
2026-06-02 23:28,1.38397,1.38405,1.3836,1.38394,0
2026-06-02 23:29,1.38393,1.38404,1.3837,1.3839,0
2026-06-02 23:30,1.3837,1.38401,1.3836,1.38388,0
2026-06-02 23:31,1.38393,1.384,1.3836,1.38386,0
2026-06-02 23:32,1.38395,1.384,1.3836,1.38393,0
2026-06-02 23:33,1.38395,1.38401,1.3836,1.38386,0
2026-06-02 23:34,1.3838,1.38403,1.3836,1.38387,0
2026-06-02 23:35,1.38395,1.38402,1.3836,1.38387,0
2026-06-02 23:36,1.38401,1.38401,1.3836,1.38394,0
2026-06-02 23:37,1.38395,1.38402,1.3836,1.3838,0
2026-06-02 23:38,1.38397,1.38402,1.3836,1.38395,0
2026-06-02 23:39,1.38403,1.38409,1.3836,1.38389,0
2026-06-02 23:40,1.38399,1.38405,1.3837,1.38389,0
2026-06-02 23:41,1.3837,1.38403,1.3836,1.38389,0
2026-06-02 23:42,1.3838,1.384,1.3836,1.38386,0
2026-06-02 23:43,1.3837,1.384,1.3836,1.38393,0
2026-06-02 23:44,1.3836,1.384,1.3836,1.38386,0
2026-06-02 23:45,1.384,1.384,1.3836,1.384,0
2026-06-02 23:46,1.3837,1.384,1.3837,1.38387,0
2026-06-02 23:47,1.384,1.384,1.3836,1.38395,0
2026-06-02 23:48,1.38392,1.384,1.3836,1.38395,0
2026-06-02 23:49,1.38395,1.384,1.3836,1.384,0
2026-06-02 23:50,1.38395,1.384,1.3836,1.38387,0
2026-06-02 23:51,1.38393,1.38406,1.3836,1.38386,0
2026-06-02 23:52,1.3837,1.38408,1.3835,1.38393,0
2026-06-02 23:53,1.3837,1.38408,1.3837,1.38394,0
2026-06-02 23:54,1.3837,1.38407,1.3837,1.3837,0
2026-06-02 23:55,1.38391,1.38402,1.3836,1.38395,0
2026-06-02 23:56,1.38391,1.38398,1.3836,1.38385,0
2026-06-02 23:57,1.38385,1.38397,1.3834,1.38384,0
2026-06-02 23:58,1.38392,1.38399,1.3835,1.3839,0
2026-06-03 00:00,1.38405,1.38407,1.3835,1.38404,0
2026-06-03 00:01,1.38397,1.3841,1.3835,1.38396,0
2026-06-03 00:02,1.3837,1.38414,1.3835,1.38396,0
2026-06-03 00:03,1.38405,1.38411,1.3837,1.38405,0
2026-06-03 00:04,1.38401,1.3841,1.3837,1.38403,0
2026-06-03 00:05,1.38396,1.38406,1.3836,1.38402,0
2026-06-03 00:06,1.38391,1.384,1.3836,1.3836,0
2026-06-03 00:07,1.38395,1.384,1.3836,1.3839,0
2026-06-03 00:08,1.38389,1.38405,1.3835,1.38395,0
2026-06-03 00:09,1.3837,1.38397,1.3836,1.3839,0
2026-06-03 00:10,1.38393,1.38398,1.3836,1.38391,0
2026-06-03 00:11,1.38394,1.384,1.3836,1.38393,0
2026-06-03 00:12,1.38399,1.384,1.3837,1.38395,0
2026-06-03 00:13,1.38393,1.384,1.3836,1.38393,0
2026-06-03 00:14,1.3837,1.384,1.3836,1.38398,0
2026-06-03 00:15,1.38397,1.384,1.3836,1.38394,0
2026-06-03 00:16,1.3837,1.38405,1.3836,1.38391,0
2026-06-03 00:17,1.3838,1.38405,1.3836,1.38397,0
2026-06-03 00:18,1.38395,1.384,1.3836,1.38395,0
2026-06-03 00:19,1.38401,1.38407,1.3836,1.38393,0
2026-06-03 00:20,1.3838,1.3841,1.3836,1.38401,0
2026-06-03 00:21,1.3839,1.38425,1.3836,1.38401,0
2026-06-03 00:22,1.38403,1.38423,1.3837,1.38421,0
2026-06-03 00:23,1.38408,1.3841,1.3837,1.38403,0
2026-06-03 00:24,1.38395,1.3841,1.3836,1.38403,0
2026-06-03 00:25,1.384,1.38401,1.3836,1.384,0
2026-06-03 00:26,1.384,1.38406,1.3836,1.38394,0
2026-06-03 00:27,1.38409,1.3841,1.3837,1.38397,0
2026-06-03 00:28,1.38405,1.3841,1.3837,1.38403,0
2026-06-03 00:29,1.3839,1.38417,1.3836,1.38408,0
2026-06-03 00:30,1.38403,1.3841,1.3837,1.38405,0
2026-06-03 00:31,1.38414,1.3842,1.3837,1.38403,0
2026-06-03 00:32,1.38415,1.3842,1.3838,1.38412,0
2026-06-03 00:33,1.38421,1.38427,1.3838,1.38418,0
2026-06-03 00:34,1.3842,1.38425,1.3839,1.38425,0
2026-06-03 00:35,1.38419,1.38425,1.3837,1.3839,0
2026-06-03 00:36,1.38427,1.3843,1.3838,1.38413,0
2026-06-03 00:37,1.38427,1.38436,1.3839,1.38424,0
2026-06-03 00:38,1.38443,1.38444,1.384,1.384,0
2026-06-03 00:39,1.38434,1.38444,1.384,1.38437,0
2026-06-03 00:40,1.3844,1.38446,1.384,1.38435,0
2026-06-03 00:41,1.38437,1.38445,1.384,1.38442,0
2026-06-03 00:42,1.38436,1.38445,1.384,1.38445,0
2026-06-03 00:43,1.3844,1.38442,1.384,1.38438,0
2026-06-03 00:44,1.3844,1.38446,1.384,1.3841,0
2026-06-03 00:45,1.38447,1.38454,1.384,1.38441,0
2026-06-03 00:46,1.38453,1.38456,1.3841,1.3841,0
2026-06-03 00:47,1.38451,1.38463,1.3842,1.38452,0
2026-06-03 00:48,1.38464,1.38465,1.3841,1.38456,0
2026-06-03 00:49,1.3845,1.38465,1.3842,1.3846,0
2026-06-03 00:50,1.3842,1.38456,1.3842,1.38451,0
2026-06-03 00:51,1.3842,1.38456,1.3841,1.38451,0
2026-06-03 00:52,1.3843,1.38457,1.3841,1.38451,0
2026-06-03 00:53,1.384,1.38453,1.384,1.38446,0
2026-06-03 00:54,1.38446,1.38451,1.384,1.38447,0
2026-06-03 00:55,1.38451,1.3846,1.3842,1.38446,0
2026-06-03 00:56,1.38454,1.38456,1.3842,1.38452,0
2026-06-03 00:57,1.3841,1.38454,1.384,1.38449,0
2026-06-03 00:58,1.3843,1.38452,1.384,1.38445,0
2026-06-03 00:59,1.38452,1.38457,1.384,1.38448,0
2026-06-03 01:00,1.3843,1.38466,1.3841,1.38457,0
2026-06-03 01:01,1.38451,1.38462,1.3842,1.38453,0
2026-06-03 01:02,1.3843,1.3847,1.3841,1.38451,0
2026-06-03 01:03,1.3843,1.38469,1.3841,1.38465,0
2026-06-03 01:04,1.38459,1.38465,1.3842,1.38459,0
2026-06-03 01:05,1.38462,1.38466,1.3841,1.38454,0
2026-06-03 01:06,1.38453,1.38462,1.3842,1.38458,0
2026-06-03 01:07,1.38453,1.3846,1.3842,1.38456,0
2026-06-03 01:08,1.3843,1.38465,1.3841,1.38455,0
2026-06-03 01:09,1.3841,1.38467,1.3841,1.38461,0
2026-06-03 01:10,1.3846,1.38467,1.3841,1.3846,0
2026-06-03 01:11,1.38458,1.38465,1.3842,1.38464,0
2026-06-03 01:12,1.38454,1.3846,1.3842,1.38458,0
2026-06-03 01:13,1.38458,1.3846,1.3842,1.38453,0
2026-06-03 01:14,1.38452,1.38459,1.384,1.38453,0
2026-06-03 01:15,1.3843,1.38459,1.384,1.38447,0
2026-06-03 01:16,1.38431,1.38451,1.384,1.38447,0
2026-06-03 01:17,1.38432,1.38438,1.3839,1.38436,0
2026-06-03 01:18,1.38432,1.3844,1.384,1.38432,0
2026-06-03 01:19,1.38436,1.38437,1.3838,1.38433,0
2026-06-03 01:20,1.38432,1.3844,1.384,1.38433,0
2026-06-03 01:21,1.38414,1.38432,1.3837,1.384,0
2026-06-03 01:22,1.38422,1.38426,1.3837,1.38414,0
2026-06-03 01:23,1.38422,1.38425,1.3837,1.38418,0
2026-06-03 01:24,1.38416,1.38424,1.3837,1.38423,0
2026-06-03 01:25,1.38417,1.38424,1.3837,1.38414,0
2026-06-03 01:26,1.38418,1.38421,1.3837,1.3838,0
2026-06-03 01:27,1.38407,1.38421,1.3836,1.38414,0
2026-06-03 01:28,1.38404,1.38414,1.3836,1.38408,0
2026-06-03 01:29,1.3836,1.38411,1.3836,1.38404,0
2026-06-03 01:30,1.38404,1.38411,1.3836,1.38407,0
2026-06-03 01:31,1.38407,1.38418,1.3836,1.38404,0
2026-06-03 01:32,1.3837,1.38413,1.3836,1.38407,0
2026-06-03 01:33,1.38401,1.38411,1.3835,1.38405,0
2026-06-03 01:34,1.3836,1.38401,1.3835,1.38396,0
2026-06-03 01:35,1.3835,1.38407,1.3835,1.38394,0
2026-06-03 01:36,1.38401,1.38406,1.3835,1.38399,0
2026-06-03 01:37,1.38397,1.38401,1.3835,1.38396,0
2026-06-03 01:38,1.38399,1.38403,1.3835,1.38396,0
2026-06-03 01:39,1.38392,1.38403,1.3835,1.38399,0
2026-06-03 01:40,1.38383,1.38398,1.3834,1.38392,0
2026-06-03 01:41,1.38385,1.38391,1.3834,1.38382,0
2026-06-03 01:42,1.38392,1.38397,1.3834,1.38385,0
2026-06-03 01:43,1.38396,1.384,1.3834,1.38392,0
2026-06-03 01:44,1.38403,1.38408,1.3836,1.38397,0
2026-06-03 01:45,1.38408,1.3841,1.3837,1.3837,0
2026-06-03 01:46,1.3836,1.38412,1.3836,1.3838,0
2026-06-03 01:47,1.38406,1.38411,1.3837,1.38406,0
2026-06-03 01:48,1.38408,1.38413,1.3836,1.38405,0
2026-06-03 01:49,1.38402,1.38416,1.3836,1.38409,0
2026-06-03 01:50,1.38403,1.38407,1.3837,1.38406,0
2026-06-03 01:51,1.3835,1.38408,1.3835,1.3837,0
2026-06-03 01:52,1.38395,1.38402,1.3835,1.38398,0
2026-06-03 01:53,1.38403,1.3841,1.3835,1.384,0
2026-06-03 01:54,1.38402,1.3841,1.3837,1.38408,0
2026-06-03 01:55,1.38402,1.3841,1.3837,1.38405,0
2026-06-03 01:56,1.38405,1.3841,1.3837,1.38402,0
2026-06-03 01:57,1.38405,1.3841,1.3837,1.38401,0
2026-06-03 01:58,1.38401,1.38407,1.3837,1.38406,0
2026-06-03 01:59,1.38402,1.3841,1.3837,1.38401,0
2026-06-03 02:00,1.38404,1.38412,1.3836,1.38402,0
2026-06-03 02:01,1.38407,1.38411,1.3837,1.38405,0
2026-06-03 02:02,1.38402,1.38416,1.3837,1.38405,0
2026-06-03 02:03,1.38402,1.3841,1.3835,1.38404,0
2026-06-03 02:04,1.3837,1.3841,1.3837,1.38402,0
2026-06-03 02:05,1.38401,1.3841,1.3837,1.38403,0
2026-06-03 02:06,1.38405,1.3841,1.3837,1.38407,0
2026-06-03 02:07,1.38405,1.3841,1.3837,1.38409,0
2026-06-03 02:08,1.38406,1.3841,1.3837,1.38405,0
2026-06-03 02:09,1.38403,1.3841,1.3837,1.38401,0
2026-06-03 02:10,1.38401,1.38408,1.3835,1.38403,0
2026-06-03 02:11,1.38403,1.38405,1.3835,1.38396,0
2026-06-03 02:12,1.38408,1.3841,1.3837,1.3837,0
2026-06-03 02:13,1.38402,1.3841,1.3835,1.38405,0
2026-06-03 02:14,1.38393,1.38402,1.3835,1.3837,0
2026-06-03 02:15,1.3837,1.38404,1.3836,1.38393,0
2026-06-03 02:16,1.3836,1.38401,1.3836,1.38395,0
2026-06-03 02:17,1.38396,1.38405,1.3835,1.38392,0
2026-06-03 02:18,1.384,1.38408,1.3836,1.3836,0
2026-06-03 02:19,1.38396,1.38404,1.3836,1.38398,0
2026-06-03 02:20,1.38395,1.38406,1.3836,1.38396,0
2026-06-03 02:21,1.38396,1.38403,1.3836,1.3837,0
2026-06-03 02:22,1.38389,1.38402,1.3836,1.38397,0
2026-06-03 02:23,1.38391,1.38398,1.3835,1.3839,0
2026-06-03 02:24,1.38391,1.38396,1.3835,1.38387,0
2026-06-03 02:25,1.38387,1.38394,1.3834,1.38392,0
2026-06-03 02:26,1.38391,1.38391,1.3834,1.38387,0
2026-06-03 02:27,1.38379,1.3839,1.3835,1.38387,0
2026-06-03 02:28,1.38378,1.38384,1.3833,1.38378,0
2026-06-03 02:29,1.38382,1.38388,1.3834,1.38378,0
2026-06-03 02:30,1.38386,1.38401,1.3835,1.38383,0
2026-06-03 02:31,1.38391,1.38398,1.3835,1.38382,0
2026-06-03 02:32,1.38387,1.384,1.3835,1.38392,0
2026-06-03 02:33,1.38392,1.38397,1.3836,1.38387,0
2026-06-03 02:34,1.38385,1.38393,1.3835,1.38387,0
2026-06-03 02:35,1.38382,1.38385,1.3833,1.38384,0
2026-06-03 02:36,1.38384,1.38387,1.3834,1.38381,0
2026-06-03 02:37,1.3836,1.38384,1.3834,1.38379,0
2026-06-03 02:38,1.3834,1.38381,1.3833,1.38375,0
2026-06-03 02:39,1.38371,1.38375,1.3832,1.38359,0
2026-06-03 02:40,1.38374,1.38377,1.3833,1.38367,0
2026-06-03 02:41,1.38372,1.38377,1.3832,1.3834,0
2026-06-03 02:42,1.38379,1.38381,1.3833,1.3835,0
2026-06-03 02:43,1.38373,1.3838,1.3834,1.38374,0
2026-06-03 02:44,1.3834,1.3838,1.3834,1.38379,0
2026-06-03 02:45,1.3836,1.3838,1.3834,1.38371,0
2026-06-03 02:46,1.3834,1.3838,1.3834,1.38377,0
2026-06-03 02:47,1.3834,1.38377,1.3832,1.38372,0
2026-06-03 02:48,1.38374,1.38378,1.3832,1.3835,0
2026-06-03 02:49,1.38368,1.38374,1.3833,1.3837,0
2026-06-03 02:50,1.38372,1.3838,1.3833,1.38363,0
2026-06-03 02:51,1.38381,1.38381,1.3833,1.3834,0
2026-06-03 02:52,1.38376,1.38384,1.3834,1.3834,0
2026-06-03 02:53,1.38377,1.38383,1.3834,1.38377,0
2026-06-03 02:54,1.3838,1.38386,1.3834,1.38377,0
2026-06-03 02:55,1.38385,1.38391,1.3835,1.3838,0
2026-06-03 02:56,1.384,1.384,1.3835,1.38388,0
2026-06-03 02:57,1.38406,1.3841,1.3836,1.38393,0
2026-06-03 02:58,1.3837,1.38404,1.3835,1.38402,0
2026-06-03 02:59,1.38396,1.38405,1.3836,1.38399,0
2026-06-03 03:00,1.384,1.38403,1.3836,1.38395,0
2026-06-03 03:01,1.38393,1.38403,1.3836,1.38396,0
2026-06-03 03:02,1.38393,1.384,1.3836,1.38393,0
2026-06-03 03:03,1.38391,1.38397,1.3835,1.38393,0
2026-06-03 03:04,1.38388,1.38395,1.3834,1.38386,0
2026-06-03 03:05,1.38381,1.38393,1.3834,1.38387,0
2026-06-03 03:06,1.3838,1.38382,1.3833,1.38381,0
2026-06-03 03:07,1.3838,1.38382,1.3833,1.38376,0
2026-06-03 03:08,1.38375,1.38387,1.3834,1.38375,0
2026-06-03 03:09,1.38377,1.38381,1.3834,1.38375,0
2026-06-03 03:10,1.38375,1.38381,1.3834,1.38377,0
2026-06-03 03:11,1.38376,1.38383,1.3834,1.3838,0
2026-06-03 03:12,1.3836,1.38382,1.3834,1.3838,0
2026-06-03 03:13,1.38375,1.3838,1.3834,1.3838,0
2026-06-03 03:14,1.38374,1.3838,1.3834,1.38374,0
2026-06-03 03:15,1.38372,1.3838,1.3834,1.3838,0
2026-06-03 03:16,1.38374,1.3838,1.3834,1.38378,0
2026-06-03 03:17,1.38378,1.38382,1.3834,1.3838,0
2026-06-03 03:18,1.38382,1.3839,1.3834,1.3838,0
2026-06-03 03:19,1.38389,1.3839,1.3835,1.38386,0
2026-06-03 03:20,1.38387,1.3839,1.3835,1.3839,0
2026-06-03 03:21,1.38382,1.38391,1.3835,1.3839,0
2026-06-03 03:22,1.38387,1.38395,1.3835,1.3839,0
2026-06-03 03:23,1.3836,1.38394,1.3835,1.3839,0
2026-06-03 03:24,1.3836,1.38395,1.3834,1.3839,0
2026-06-03 03:25,1.38397,1.38401,1.3835,1.3839,0
2026-06-03 03:26,1.38391,1.38403,1.3835,1.38397,0
2026-06-03 03:27,1.38401,1.38405,1.3835,1.38391,0
2026-06-03 03:28,1.3837,1.38407,1.3835,1.384,0
2026-06-03 03:29,1.3838,1.3842,1.3836,1.384,0
2026-06-03 03:30,1.3837,1.38426,1.3837,1.38414,0
2026-06-03 03:31,1.3838,1.3843,1.3837,1.3842,0
2026-06-03 03:32,1.38427,1.38431,1.3838,1.38427,0
2026-06-03 03:33,1.384,1.3843,1.3838,1.3839,0
2026-06-03 03:34,1.38422,1.3843,1.3837,1.3839,0
2026-06-03 03:35,1.384,1.38428,1.3839,1.38423,0
2026-06-03 03:36,1.38427,1.38431,1.3839,1.3842,0
2026-06-03 03:37,1.38416,1.3843,1.3837,1.3843,0
2026-06-03 03:38,1.38416,1.38421,1.3837,1.3842,0
2026-06-03 03:39,1.3839,1.38421,1.3837,1.3842,0
2026-06-03 03:40,1.38415,1.38421,1.3837,1.3842,0
2026-06-03 03:41,1.38414,1.3842,1.3837,1.3842,0
2026-06-03 03:42,1.38417,1.3842,1.3837,1.3841,0
2026-06-03 03:43,1.3838,1.38421,1.3838,1.3841,0
2026-06-03 03:44,1.38431,1.38435,1.3838,1.38414,0
2026-06-03 03:45,1.38445,1.3845,1.3839,1.38426,0
2026-06-03 03:46,1.38459,1.38459,1.384,1.3845,0
2026-06-03 03:47,1.38457,1.38463,1.3841,1.38455,0
2026-06-03 03:48,1.38452,1.38466,1.3841,1.38458,0
2026-06-03 03:49,1.38447,1.38458,1.384,1.38452,0
2026-06-03 03:50,1.3845,1.38451,1.3841,1.3845,0
2026-06-03 03:51,1.3842,1.38458,1.384,1.3845,0
2026-06-03 03:52,1.38451,1.3846,1.3841,1.3845,0
2026-06-03 03:53,1.3841,1.38452,1.384,1.3845,0
2026-06-03 03:54,1.38445,1.38451,1.384,1.3845,0
2026-06-03 03:55,1.38442,1.3845,1.3839,1.38445,0
2026-06-03 03:56,1.38437,1.38446,1.384,1.38443,0
2026-06-03 03:57,1.3844,1.3845,1.3839,1.3844,0
2026-06-03 03:58,1.38442,1.38448,1.3841,1.38439,0
2026-06-03 03:59,1.38443,1.3845,1.3841,1.38444,0
2026-06-03 04:00,1.38447,1.38453,1.384,1.38441,0
2026-06-03 04:01,1.38452,1.38459,1.3841,1.3845,0
2026-06-03 04:02,1.38442,1.38457,1.3841,1.38452,0
2026-06-03 04:03,1.38439,1.3845,1.3839,1.38447,0
2026-06-03 04:04,1.3841,1.38444,1.3839,1.3844,0
2026-06-03 04:05,1.38438,1.38442,1.3839,1.3844,0
2026-06-03 04:06,1.38435,1.3844,1.384,1.38435,0
2026-06-03 04:07,1.38434,1.3844,1.384,1.3844,0
2026-06-03 04:08,1.38438,1.38444,1.3839,1.38438,0
2026-06-03 04:09,1.38441,1.38444,1.3839,1.3844,0
2026-06-03 04:10,1.38438,1.38443,1.3839,1.3844,0
2026-06-03 04:11,1.38443,1.3845,1.3839,1.3844,0
2026-06-03 04:12,1.38444,1.3845,1.3841,1.38442,0
2026-06-03 04:13,1.38446,1.3845,1.3841,1.3845,0
2026-06-03 04:14,1.38444,1.38452,1.3841,1.38449,0
2026-06-03 04:15,1.3842,1.38452,1.384,1.38445,0
2026-06-03 04:16,1.38449,1.38453,1.384,1.3845,0
2026-06-03 04:17,1.38447,1.38452,1.384,1.3845,0
2026-06-03 04:18,1.3841,1.3845,1.384,1.38448,0
2026-06-03 04:19,1.3841,1.3845,1.3841,1.3845,0
2026-06-03 04:20,1.38442,1.38448,1.3839,1.38441,0
2026-06-03 04:21,1.38442,1.3845,1.3839,1.38443,0
2026-06-03 04:22,1.38442,1.38442,1.3839,1.38439,0
2026-06-03 04:23,1.3841,1.38446,1.3839,1.3844,0
2026-06-03 04:24,1.38442,1.38445,1.3839,1.3844,0
2026-06-03 04:25,1.3843,1.38449,1.3839,1.3844,0
2026-06-03 04:26,1.38452,1.38456,1.384,1.38445,0
2026-06-03 04:27,1.38446,1.38454,1.384,1.38452,0
2026-06-03 04:28,1.38452,1.38455,1.384,1.38446,0
2026-06-03 04:29,1.38451,1.38455,1.384,1.3845,0
2026-06-03 04:30,1.38453,1.38461,1.384,1.38449,0
2026-06-03 04:31,1.38465,1.38465,1.3841,1.38454,0
2026-06-03 04:32,1.3843,1.3847,1.3841,1.38461,0
2026-06-03 04:33,1.38458,1.3847,1.3841,1.38463,0
2026-06-03 04:34,1.38462,1.38467,1.3843,1.3846,0
2026-06-03 04:35,1.38461,1.38467,1.3843,1.38461,0
2026-06-03 04:36,1.38464,1.3847,1.3843,1.3846,0
2026-06-03 04:37,1.38461,1.3847,1.3843,1.38463,0
2026-06-03 04:38,1.38463,1.38466,1.3843,1.3846,0
2026-06-03 04:39,1.38462,1.38468,1.3843,1.38462,0
2026-06-03 04:40,1.38458,1.38466,1.3843,1.3846,0
2026-06-03 04:41,1.38459,1.38462,1.3841,1.3846,0
2026-06-03 04:42,1.38461,1.38461,1.3841,1.38455,0
2026-06-03 04:43,1.38453,1.38462,1.3841,1.3846,0
2026-06-03 04:44,1.38463,1.38467,1.3841,1.38458,0
2026-06-03 04:45,1.38466,1.3847,1.3842,1.38463,0
2026-06-03 04:46,1.3846,1.38467,1.3843,1.3846,0
2026-06-03 04:47,1.38466,1.38467,1.3843,1.3846,0
2026-06-03 04:48,1.38461,1.3847,1.3843,1.3847,0
2026-06-03 04:49,1.38462,1.38467,1.3843,1.3846,0
2026-06-03 04:50,1.38464,1.38466,1.3843,1.3846,0
2026-06-03 04:51,1.38458,1.38465,1.3841,1.38461,0
2026-06-03 04:52,1.3843,1.38463,1.3841,1.38455,0
2026-06-03 04:53,1.38459,1.38465,1.3841,1.38457,0
2026-06-03 04:54,1.38466,1.38466,1.3841,1.38464,0
2026-06-03 04:55,1.38472,1.38472,1.3842,1.38462,0
2026-06-03 04:56,1.3842,1.38473,1.3842,1.38469,0
2026-06-03 04:57,1.38467,1.38474,1.3842,1.38467,0
2026-06-03 04:58,1.38469,1.38474,1.3842,1.38465,0
2026-06-03 04:59,1.38473,1.38477,1.3842,1.38468,0
2026-06-03 05:00,1.38472,1.3848,1.3842,1.38471,0
2026-06-03 05:01,1.38469,1.38476,1.3844,1.38468,0
2026-06-03 05:02,1.38474,1.38477,1.3844,1.38469,0
2026-06-03 05:03,1.3844,1.3848,1.3844,1.3844,0
2026-06-03 05:04,1.38462,1.38474,1.3842,1.3847,0
2026-06-03 05:05,1.38463,1.3847,1.3843,1.38467,0
2026-06-03 05:06,1.38469,1.38474,1.3843,1.3847,0
2026-06-03 05:07,1.38468,1.38474,1.3843,1.38469,0
2026-06-03 05:08,1.38475,1.3848,1.3844,1.38468,0
2026-06-03 05:09,1.38475,1.3848,1.3844,1.38475,0
2026-06-03 05:10,1.38475,1.38483,1.3844,1.3847,0
2026-06-03 05:11,1.38474,1.3848,1.3844,1.38473,0
2026-06-03 05:12,1.38471,1.3848,1.3844,1.3844,0
2026-06-03 05:13,1.38474,1.3848,1.3844,1.3848,0
2026-06-03 05:14,1.38474,1.3848,1.3844,1.38478,0
2026-06-03 05:15,1.38473,1.3848,1.3844,1.3848,0
2026-06-03 05:16,1.38476,1.3848,1.3844,1.38474,0
2026-06-03 05:17,1.38474,1.38478,1.3844,1.38471,0
2026-06-03 05:18,1.3845,1.3848,1.3844,1.3848,0
2026-06-03 05:19,1.38479,1.3848,1.3844,1.3844,0
2026-06-03 05:20,1.38472,1.38483,1.3844,1.38473,0
2026-06-03 05:21,1.38474,1.3848,1.3844,1.38472,0
2026-06-03 05:22,1.38473,1.38482,1.3844,1.38474,0
2026-06-03 05:23,1.3848,1.38485,1.3843,1.38474,0
2026-06-03 05:24,1.38478,1.38485,1.3844,1.3848,0
2026-06-03 05:25,1.38473,1.38484,1.3843,1.38477,0
2026-06-03 05:26,1.38476,1.3848,1.3844,1.38477,0
2026-06-03 05:27,1.38474,1.38481,1.3844,1.38474,0
2026-06-03 05:28,1.38478,1.38484,1.3844,1.38474,0
2026-06-03 05:29,1.38485,1.38485,1.3843,1.38474,0
2026-06-03 05:30,1.38483,1.38485,1.3845,1.3848,0
2026-06-03 05:31,1.38485,1.38485,1.3843,1.38478,0
2026-06-03 05:32,1.38485,1.38485,1.3843,1.38484,0
2026-06-03 05:33,1.3848,1.38486,1.3843,1.38484,0
2026-06-03 05:34,1.38483,1.38484,1.3845,1.38479,0
2026-06-03 05:35,1.38483,1.38484,1.3843,1.38478,0
2026-06-03 05:36,1.3846,1.38491,1.3845,1.38478,0
2026-06-03 05:37,1.38488,1.38495,1.3844,1.38487,0
2026-06-03 05:38,1.38494,1.38495,1.3846,1.38493,0
2026-06-03 05:39,1.38493,1.38495,1.3844,1.38488,0
2026-06-03 05:40,1.38489,1.38496,1.3845,1.38489,0
2026-06-03 05:41,1.38493,1.38497,1.3844,1.38488,0
2026-06-03 05:42,1.38492,1.38497,1.3846,1.38493,0
2026-06-03 05:43,1.38493,1.385,1.3846,1.38491,0
2026-06-03 05:44,1.3846,1.385,1.3846,1.38494,0
2026-06-03 05:45,1.38494,1.385,1.3846,1.3849,0
2026-06-03 05:46,1.3846,1.385,1.3846,1.38496,0
2026-06-03 05:47,1.38492,1.38501,1.3846,1.3847,0
2026-06-03 05:48,1.38493,1.385,1.3846,1.38496,0
2026-06-03 05:49,1.38493,1.38498,1.3846,1.38492,0
2026-06-03 05:50,1.38496,1.38502,1.3846,1.38493,0
2026-06-03 05:51,1.38498,1.38503,1.3845,1.38496,0
2026-06-03 05:52,1.38493,1.38501,1.3845,1.38496,0
2026-06-03 05:53,1.38492,1.385,1.3846,1.38497,0
2026-06-03 05:54,1.38494,1.385,1.3846,1.38492,0
2026-06-03 05:55,1.38494,1.385,1.3846,1.38494,0
2026-06-03 05:56,1.38493,1.385,1.3846,1.38495,0
2026-06-03 05:57,1.3845,1.38496,1.3844,1.38493,0
2026-06-03 05:58,1.3845,1.38489,1.3845,1.38484,0
2026-06-03 05:59,1.38483,1.38487,1.3843,1.38481,0
2026-06-03 06:00,1.38483,1.38486,1.3845,1.38482,0
2026-06-03 06:01,1.38485,1.38491,1.3845,1.38484,0
2026-06-03 06:02,1.38489,1.38497,1.3844,1.38484,0
2026-06-03 06:03,1.38494,1.38497,1.3845,1.3849,0
2026-06-03 06:04,1.38491,1.38495,1.3846,1.38489,0
2026-06-03 06:05,1.38491,1.38495,1.3844,1.3849,0
2026-06-03 06:06,1.38492,1.38494,1.3844,1.38489,0
2026-06-03 06:07,1.38479,1.38493,1.3844,1.38487,0
2026-06-03 06:08,1.38479,1.38485,1.3843,1.38484,0
2026-06-03 06:09,1.38477,1.38484,1.3843,1.38484,0
2026-06-03 06:10,1.38481,1.3849,1.3843,1.3843,0
2026-06-03 06:11,1.38482,1.38488,1.3845,1.38487,0
2026-06-03 06:12,1.38485,1.38489,1.3845,1.3845,0
2026-06-03 06:13,1.38493,1.38495,1.3845,1.38484,0
2026-06-03 06:14,1.38489,1.38496,1.3845,1.38488,0
2026-06-03 06:15,1.38496,1.38496,1.3844,1.38488,0
2026-06-03 06:16,1.38498,1.385,1.3846,1.38491,0
2026-06-03 06:17,1.3849,1.385,1.3846,1.38497,0
2026-06-03 06:18,1.38498,1.38498,1.3846,1.3849,0
2026-06-03 06:19,1.3847,1.38506,1.3846,1.38497,0
2026-06-03 06:20,1.38506,1.38506,1.3845,1.3847,0
2026-06-03 06:21,1.38508,1.38513,1.3847,1.38506,0
2026-06-03 06:22,1.38514,1.38514,1.3846,1.38508,0
2026-06-03 06:23,1.38514,1.38514,1.3846,1.38509,0
2026-06-03 06:24,1.3849,1.38516,1.3846,1.38511,0
2026-06-03 06:25,1.3849,1.3852,1.3848,1.38511,0
2026-06-03 06:26,1.38524,1.38524,1.3847,1.38512,0
2026-06-03 06:27,1.38535,1.3854,1.3848,1.38519,0
2026-06-03 06:28,1.3852,1.38543,1.3849,1.38535,0
2026-06-03 06:29,1.38535,1.3854,1.3849,1.38535,0
2026-06-03 06:30,1.38537,1.38543,1.3849,1.38534,0
2026-06-03 06:31,1.38534,1.38543,1.3849,1.38538,0
2026-06-03 06:32,1.38527,1.38535,1.3848,1.38528,0
2026-06-03 06:33,1.3854,1.3854,1.385,1.38526,0
2026-06-03 06:34,1.38534,1.3854,1.385,1.38535,0
2026-06-03 06:35,1.3849,1.38535,1.3848,1.3853,0
2026-06-03 06:36,1.38516,1.38525,1.3848,1.38523,0
2026-06-03 06:37,1.3848,1.38531,1.3847,1.38517,0
2026-06-03 06:38,1.3848,1.38516,1.3846,1.38506,0
2026-06-03 06:39,1.3848,1.38517,1.3847,1.38511,0
2026-06-03 06:40,1.38509,1.38516,1.3848,1.3851,0
2026-06-03 06:41,1.38511,1.38517,1.3848,1.38515,0
2026-06-03 06:42,1.38506,1.38517,1.3846,1.38511,0
2026-06-03 06:43,1.38509,1.38516,1.3846,1.38511,0
2026-06-03 06:44,1.38518,1.38522,1.3848,1.3851,0
2026-06-03 06:45,1.38511,1.38525,1.3848,1.38522,0
2026-06-03 06:46,1.38506,1.38516,1.3846,1.38511,0
2026-06-03 06:47,1.3848,1.38512,1.3846,1.3851,0
2026-06-03 06:48,1.3849,1.385,1.3846,1.38497,0
2026-06-03 06:49,1.3849,1.38498,1.3845,1.38488,0
2026-06-03 06:50,1.38496,1.38507,1.3845,1.3846,0
2026-06-03 06:51,1.38497,1.38508,1.3845,1.3846,0
2026-06-03 06:52,1.38493,1.38502,1.3845,1.38497,0
2026-06-03 06:53,1.38495,1.38503,1.3845,1.38492,0
2026-06-03 06:54,1.38488,1.38496,1.3846,1.3849,0
2026-06-03 06:55,1.38496,1.38503,1.3846,1.38489,0
2026-06-03 06:56,1.38504,1.38505,1.3845,1.38496,0
2026-06-03 06:57,1.3846,1.38507,1.3846,1.38501,0
2026-06-03 06:58,1.3851,1.38515,1.3846,1.38496,0
2026-06-03 06:59,1.3846,1.38516,1.3846,1.38508,0
2026-06-03 07:00,1.38512,1.38517,1.3846,1.38505,0
2026-06-03 07:01,1.38507,1.38517,1.3846,1.3848,0
2026-06-03 07:02,1.3847,1.38516,1.3847,1.38506,0
2026-06-03 07:03,1.38493,1.38504,1.3845,1.385,0
2026-06-03 07:04,1.38489,1.38497,1.3846,1.38488,0
2026-06-03 07:05,1.38486,1.38496,1.3844,1.38489,0
2026-06-03 07:06,1.38483,1.38491,1.3845,1.38486,0
2026-06-03 07:07,1.38486,1.38496,1.3845,1.38484,0
2026-06-03 07:08,1.38487,1.38495,1.3845,1.38494,0
2026-06-03 07:09,1.38508,1.38508,1.3845,1.38488,0
2026-06-03 07:10,1.38516,1.38521,1.3846,1.38503,0
2026-06-03 07:11,1.3848,1.38534,1.3847,1.38514,0
2026-06-03 07:12,1.38536,1.38541,1.3848,1.38527,0
2026-06-03 07:13,1.38541,1.38546,1.3849,1.38536,0
2026-06-03 07:14,1.38529,1.38543,1.3848,1.38543,0
2026-06-03 07:15,1.38531,1.3854,1.3848,1.385,0
2026-06-03 07:16,1.38538,1.3854,1.3848,1.38527,0
2026-06-03 07:17,1.38521,1.38538,1.3847,1.38535,0
2026-06-03 07:18,1.38525,1.38531,1.3847,1.38525,0
2026-06-03 07:19,1.38529,1.38532,1.3849,1.3853,0
2026-06-03 07:20,1.385,1.38543,1.3848,1.38524,0
2026-06-03 07:21,1.38541,1.3855,1.3849,1.38535,0
2026-06-03 07:22,1.38553,1.38556,1.385,1.38542,0
2026-06-03 07:23,1.38572,1.38573,1.3851,1.38552,0
2026-06-03 07:24,1.38568,1.38582,1.3852,1.38568,0
2026-06-03 07:25,1.3852,1.38575,1.3852,1.38567,0
2026-06-03 07:26,1.38571,1.38573,1.3851,1.38567,0
2026-06-03 07:27,1.3857,1.38582,1.3852,1.38571,0
2026-06-03 07:28,1.3857,1.38582,1.3852,1.38573,0
2026-06-03 07:29,1.38568,1.38574,1.3852,1.38571,0
2026-06-03 07:30,1.38556,1.38575,1.3852,1.38571,0
2026-06-03 07:31,1.38534,1.3856,1.3849,1.38552,0
2026-06-03 07:32,1.385,1.38544,1.385,1.38533,0
2026-06-03 07:33,1.38548,1.38559,1.385,1.38534,0
2026-06-03 07:34,1.38544,1.38553,1.385,1.38549,0
2026-06-03 07:35,1.38527,1.38547,1.385,1.38544,0
2026-06-03 07:36,1.385,1.38533,1.3849,1.38525,0
2026-06-03 07:37,1.38525,1.38536,1.3848,1.38527,0
2026-06-03 07:38,1.38527,1.38534,1.385,1.3853,0
2026-06-03 07:39,1.3853,1.38541,1.3849,1.38526,0
2026-06-03 07:40,1.38542,1.3855,1.3849,1.38525,0
2026-06-03 07:41,1.38548,1.38551,1.385,1.38542,0
2026-06-03 07:42,1.38532,1.38551,1.3851,1.38546,0
2026-06-03 07:43,1.38547,1.38553,1.3849,1.38532,0
2026-06-03 07:44,1.38551,1.3856,1.385,1.38547,0
2026-06-03 07:45,1.38547,1.38556,1.3851,1.38545,0
2026-06-03 07:46,1.38532,1.38551,1.3849,1.38547,0
2026-06-03 07:47,1.38525,1.3854,1.3848,1.38527,0
2026-06-03 07:48,1.38521,1.3853,1.3849,1.38525,0
2026-06-03 07:49,1.3852,1.38522,1.3847,1.38517,0
2026-06-03 07:50,1.3849,1.38529,1.3848,1.38515,0
2026-06-03 07:51,1.38513,1.38524,1.3848,1.38516,0
2026-06-03 07:52,1.38512,1.38522,1.3848,1.38512,0
2026-06-03 07:53,1.38511,1.38519,1.3846,1.38513,0
2026-06-03 07:54,1.38508,1.38515,1.3846,1.3848,0
2026-06-03 07:55,1.3848,1.38514,1.3847,1.38506,0
2026-06-03 07:56,1.3847,1.38508,1.3845,1.38501,0
2026-06-03 07:57,1.38505,1.38514,1.3845,1.385,0
2026-06-03 07:58,1.38521,1.38524,1.3847,1.3848,0
2026-06-03 07:59,1.38519,1.38524,1.3847,1.38518,0
2026-06-03 08:00,1.38535,1.38542,1.3847,1.38518,0
2026-06-03 08:01,1.38545,1.38552,1.3849,1.38535,0
2026-06-03 08:02,1.38542,1.38551,1.3849,1.38549,0
2026-06-03 08:03,1.38531,1.38546,1.3849,1.3851,0
2026-06-03 08:04,1.38538,1.38548,1.3849,1.38531,0
2026-06-03 08:05,1.38543,1.38552,1.3849,1.38538,0
2026-06-03 08:06,1.3855,1.38552,1.385,1.38542,0
2026-06-03 08:07,1.38549,1.38553,1.3849,1.38544,0
2026-06-03 08:08,1.38551,1.38556,1.385,1.3855,0
2026-06-03 08:09,1.38541,1.38562,1.3849,1.38552,0
2026-06-03 08:10,1.3853,1.38541,1.3848,1.38537,0
2026-06-03 08:11,1.38532,1.38541,1.3848,1.3853,0
2026-06-03 08:12,1.38514,1.38535,1.3846,1.38528,0
2026-06-03 08:13,1.38519,1.3852,1.3847,1.38517,0
2026-06-03 08:14,1.38531,1.38532,1.3849,1.38515,0
2026-06-03 08:15,1.38528,1.38537,1.3849,1.38532,0
2026-06-03 08:16,1.38524,1.38532,1.3849,1.38525,0
2026-06-03 08:17,1.38537,1.3854,1.3849,1.38519,0
2026-06-03 08:18,1.38533,1.38542,1.3849,1.38537,0
2026-06-03 08:19,1.38528,1.38538,1.3848,1.38532,0
2026-06-03 08:20,1.38532,1.38533,1.3848,1.38528,0
2026-06-03 08:21,1.38522,1.38532,1.3847,1.38528,0
2026-06-03 08:22,1.3851,1.38532,1.3847,1.38521,0
2026-06-03 08:23,1.38522,1.38536,1.3848,1.38527,0
2026-06-03 08:24,1.3849,1.38528,1.3849,1.38522,0
2026-06-03 08:25,1.38522,1.38529,1.3847,1.38518,0
2026-06-03 08:26,1.3851,1.38531,1.3849,1.38518,0
2026-06-03 08:27,1.3849,1.38531,1.3849,1.3853,0
2026-06-03 08:28,1.3851,1.38542,1.3849,1.38522,0
2026-06-03 08:29,1.38555,1.38556,1.3849,1.38538,0
2026-06-03 08:30,1.38548,1.38557,1.3851,1.3852,0
2026-06-03 08:31,1.38543,1.38552,1.385,1.3852,0
2026-06-03 08:32,1.38532,1.38545,1.3848,1.3854,0
2026-06-03 08:33,1.38507,1.38532,1.3845,1.385,0
2026-06-03 08:34,1.38491,1.38512,1.3845,1.385,0
2026-06-03 08:35,1.38475,1.38495,1.3842,1.38489,0
2026-06-03 08:36,1.38488,1.38496,1.3844,1.38473,0
2026-06-03 08:37,1.38503,1.38503,1.3844,1.38487,0
2026-06-03 08:38,1.3847,1.38515,1.3847,1.38498,0
2026-06-03 08:39,1.38502,1.3851,1.3846,1.38499,0
2026-06-03 08:40,1.385,1.38513,1.3847,1.38501,0
2026-06-03 08:41,1.38495,1.38504,1.3845,1.38501,0
2026-06-03 08:42,1.38485,1.38503,1.3845,1.38501,0
2026-06-03 08:43,1.38473,1.38487,1.3842,1.38485,0
2026-06-03 08:44,1.38462,1.38482,1.3844,1.38473,0
2026-06-03 08:45,1.38466,1.38472,1.3842,1.38462,0
2026-06-03 08:46,1.38477,1.38482,1.3844,1.3844,0
2026-06-03 08:47,1.38467,1.38483,1.3843,1.38476,0
2026-06-03 08:48,1.38462,1.38472,1.3842,1.38467,0
2026-06-03 08:49,1.38472,1.38475,1.3843,1.38469,0
2026-06-03 08:50,1.38468,1.38475,1.3842,1.38466,0
2026-06-03 08:51,1.38465,1.38474,1.3843,1.38471,0
2026-06-03 08:52,1.38461,1.3847,1.3843,1.38465,0
2026-06-03 08:53,1.38461,1.3847,1.3843,1.3846,0
2026-06-03 08:54,1.38476,1.38485,1.3843,1.38466,0
2026-06-03 08:55,1.38492,1.38494,1.3843,1.38476,0
2026-06-03 08:56,1.38501,1.38505,1.3846,1.38489,0
2026-06-03 08:57,1.38506,1.38512,1.3847,1.38497,0
2026-06-03 08:58,1.38509,1.38515,1.3848,1.38506,0
2026-06-03 08:59,1.38508,1.38515,1.3848,1.38509,0
2026-06-03 09:00,1.3849,1.38524,1.3847,1.38508,0
2026-06-03 09:01,1.38488,1.3852,1.3845,1.38518,0
2026-06-03 09:02,1.3848,1.38515,1.3845,1.3849,0
2026-06-03 09:03,1.3848,1.38513,1.3846,1.38507,0
2026-06-03 09:04,1.3848,1.38512,1.3846,1.38509,0
2026-06-03 09:05,1.3849,1.3853,1.3847,1.38503,0
2026-06-03 09:06,1.38528,1.38535,1.3848,1.38528,0
2026-06-03 09:07,1.38537,1.38545,1.3848,1.38526,0
2026-06-03 09:08,1.38532,1.38543,1.3848,1.3851,0
2026-06-03 09:09,1.38533,1.38539,1.3849,1.38534,0
2026-06-03 09:10,1.38539,1.38546,1.3849,1.38532,0
2026-06-03 09:11,1.38539,1.3855,1.3849,1.38538,0
2026-06-03 09:12,1.3851,1.38548,1.3849,1.38539,0
2026-06-03 09:13,1.38538,1.38548,1.3851,1.38541,0
2026-06-03 09:14,1.38543,1.38547,1.3851,1.3854,0
2026-06-03 09:15,1.38545,1.38554,1.3851,1.38543,0
2026-06-03 09:16,1.38556,1.38562,1.3852,1.3852,0
2026-06-03 09:17,1.38538,1.38564,1.3851,1.38557,0
2026-06-03 09:18,1.38537,1.38548,1.3849,1.38539,0
2026-06-03 09:19,1.38538,1.3855,1.3849,1.38542,0
2026-06-03 09:20,1.3854,1.38544,1.3849,1.38538,0
2026-06-03 09:21,1.38537,1.38545,1.3849,1.38535,0
2026-06-03 09:22,1.38545,1.38547,1.3849,1.38537,0
2026-06-03 09:23,1.38539,1.38547,1.3849,1.38544,0
2026-06-03 09:24,1.38552,1.38557,1.385,1.38539,0
2026-06-03 09:25,1.38549,1.38553,1.385,1.38552,0
2026-06-03 09:26,1.38537,1.38554,1.3849,1.38545,0
2026-06-03 09:27,1.38538,1.38545,1.3849,1.38538,0
2026-06-03 09:28,1.38541,1.38543,1.3849,1.38538,0
2026-06-03 09:29,1.38538,1.38544,1.3849,1.38538,0
2026-06-03 09:30,1.38539,1.38545,1.3849,1.38538,0
2026-06-03 09:31,1.3854,1.38542,1.3848,1.38539,0
2026-06-03 09:32,1.38558,1.38565,1.385,1.38539,0
2026-06-03 09:33,1.38561,1.38581,1.3852,1.38562,0
2026-06-03 09:34,1.38559,1.38567,1.3853,1.38561,0
2026-06-03 09:35,1.38564,1.38571,1.3851,1.38558,0
2026-06-03 09:36,1.38573,1.38577,1.3852,1.38564,0
2026-06-03 09:37,1.3858,1.38581,1.3854,1.38569,0
2026-06-03 09:38,1.38574,1.38583,1.3852,1.38581,0
2026-06-03 09:39,1.38585,1.38587,1.3854,1.38575,0
2026-06-03 09:40,1.38585,1.38593,1.3854,1.38583,0
2026-06-03 09:41,1.38575,1.3859,1.3854,1.38585,0
2026-06-03 09:42,1.3856,1.38591,1.3853,1.38572,0
2026-06-03 09:43,1.38587,1.38593,1.3855,1.3855,0
2026-06-03 09:44,1.38584,1.38594,1.3854,1.38586,0
2026-06-03 09:45,1.38571,1.3859,1.3853,1.38585,0
2026-06-03 09:46,1.38576,1.38584,1.3853,1.38571,0
2026-06-03 09:47,1.3854,1.3858,1.3854,1.38573,0
2026-06-03 09:48,1.38577,1.38582,1.3853,1.38574,0
2026-06-03 09:49,1.38574,1.38583,1.3852,1.3858,0
2026-06-03 09:50,1.38572,1.3858,1.3852,1.3858,0
2026-06-03 09:51,1.38572,1.3858,1.3852,1.38573,0
2026-06-03 09:52,1.3857,1.3858,1.3852,1.38574,0
2026-06-03 09:53,1.3857,1.3858,1.3852,1.38569,0
2026-06-03 09:54,1.38581,1.38581,1.3852,1.38569,0
2026-06-03 09:55,1.38574,1.38582,1.3853,1.38576,0
2026-06-03 09:56,1.38581,1.38582,1.3853,1.3857,0
2026-06-03 09:57,1.38576,1.38582,1.3853,1.38577,0
2026-06-03 09:58,1.38575,1.38583,1.3853,1.3858,0
2026-06-03 09:59,1.38574,1.3858,1.3853,1.38575,0
2026-06-03 10:00,1.38569,1.38577,1.3852,1.38568,0
2026-06-03 10:01,1.38549,1.38572,1.3851,1.38568,0
2026-06-03 10:02,1.38571,1.38571,1.3851,1.38549,0
2026-06-03 10:03,1.38565,1.38575,1.3853,1.38567,0
2026-06-03 10:04,1.38561,1.3857,1.3851,1.38564,0
2026-06-03 10:05,1.38543,1.38566,1.3851,1.38559,0
2026-06-03 10:06,1.3851,1.38552,1.3851,1.38545,0
2026-06-03 10:07,1.38542,1.38551,1.3849,1.38545,0
2026-06-03 10:08,1.38547,1.38551,1.3851,1.38542,0
2026-06-03 10:09,1.38534,1.38551,1.3849,1.38546,0
2026-06-03 10:10,1.3854,1.38546,1.3849,1.38535,0
2026-06-03 10:11,1.38546,1.38551,1.3849,1.3854,0
2026-06-03 10:12,1.3854,1.38549,1.3851,1.38546,0
2026-06-03 10:13,1.38553,1.3856,1.3851,1.38543,0
2026-06-03 10:14,1.38546,1.38561,1.3852,1.38558,0
2026-06-03 10:15,1.38556,1.38563,1.3851,1.3852,0
2026-06-03 10:16,1.38561,1.38571,1.3853,1.38558,0
2026-06-03 10:17,1.3856,1.38572,1.3852,1.3856,0
2026-06-03 10:18,1.38545,1.38562,1.385,1.3856,0
2026-06-03 10:19,1.38526,1.38545,1.3849,1.38545,0
2026-06-03 10:20,1.38522,1.38531,1.3847,1.38531,0
2026-06-03 10:21,1.38518,1.38531,1.3847,1.38523,0
2026-06-03 10:22,1.38531,1.38531,1.3847,1.38518,0
2026-06-03 10:23,1.38526,1.38533,1.3848,1.38526,0
2026-06-03 10:24,1.38536,1.38542,1.3848,1.38526,0
2026-06-03 10:25,1.3851,1.38541,1.385,1.38535,0
2026-06-03 10:26,1.385,1.38536,1.3848,1.38529,0
2026-06-03 10:27,1.38526,1.38527,1.3847,1.38517,0
2026-06-03 10:28,1.38535,1.38539,1.3848,1.38525,0
2026-06-03 10:29,1.38547,1.38551,1.3849,1.38536,0
2026-06-03 10:30,1.38542,1.38552,1.385,1.3853,0
2026-06-03 10:31,1.3855,1.38552,1.385,1.3852,0
2026-06-03 10:32,1.38545,1.38552,1.3851,1.38546,0
2026-06-03 10:33,1.3854,1.38549,1.3851,1.38544,0
2026-06-03 10:34,1.38543,1.38549,1.3849,1.3854,0
2026-06-03 10:35,1.38539,1.38549,1.3851,1.38543,0
2026-06-03 10:36,1.38541,1.3855,1.3851,1.38541,0
2026-06-03 10:37,1.38543,1.3855,1.3851,1.38541,0
2026-06-03 10:38,1.38541,1.38551,1.3851,1.38543,0
2026-06-03 10:39,1.38539,1.3855,1.3851,1.38542,0
2026-06-03 10:40,1.38533,1.38545,1.3849,1.38541,0
2026-06-03 10:41,1.38531,1.38538,1.385,1.38538,0
2026-06-03 10:42,1.38539,1.3855,1.385,1.38532,0
2026-06-03 10:43,1.38538,1.38545,1.3851,1.38543,0
2026-06-03 10:44,1.38542,1.38546,1.385,1.38541,0
2026-06-03 10:45,1.3851,1.38551,1.385,1.38541,0
2026-06-03 10:46,1.38537,1.38541,1.3849,1.38533,0
2026-06-03 10:47,1.38547,1.38551,1.3849,1.38535,0
2026-06-03 10:48,1.38558,1.38561,1.3851,1.38547,0
2026-06-03 10:49,1.38548,1.38561,1.385,1.38559,0
2026-06-03 10:50,1.38545,1.38551,1.3852,1.38548,0
2026-06-03 10:51,1.38548,1.38559,1.385,1.38545,0
2026-06-03 10:52,1.38558,1.3856,1.385,1.38553,0
2026-06-03 10:53,1.38555,1.38561,1.3852,1.38553,0
2026-06-03 10:54,1.38562,1.38569,1.3852,1.38559,0
2026-06-03 10:55,1.38564,1.3857,1.3853,1.38563,0
2026-06-03 10:56,1.38575,1.3858,1.3853,1.38563,0
2026-06-03 10:57,1.38576,1.38581,1.3853,1.38577,0
2026-06-03 10:58,1.38577,1.38581,1.3854,1.38576,0
2026-06-03 10:59,1.38567,1.38577,1.3852,1.38573,0
2026-06-03 11:00,1.38554,1.38572,1.3852,1.38566,0
2026-06-03 11:01,1.38536,1.38559,1.3849,1.38555,0
2026-06-03 11:02,1.38539,1.38542,1.3848,1.3854,0
2026-06-03 11:03,1.38535,1.38549,1.3849,1.38536,0
2026-06-03 11:04,1.38527,1.38541,1.385,1.38535,0
2026-06-03 11:05,1.38497,1.38532,1.3846,1.38527,0
2026-06-03 11:06,1.38475,1.38508,1.3844,1.3846,0
2026-06-03 11:07,1.38501,1.38507,1.3843,1.3844,0
2026-06-03 11:08,1.38482,1.38507,1.3844,1.3847,0
2026-06-03 11:09,1.38512,1.38514,1.3845,1.3848,0
2026-06-03 11:10,1.3851,1.38515,1.3846,1.38506,0
2026-06-03 11:11,1.38507,1.38515,1.3847,1.38513,0
2026-06-03 11:12,1.38512,1.38524,1.3847,1.38508,0
2026-06-03 11:13,1.38516,1.3852,1.3847,1.38512,0
2026-06-03 11:14,1.38516,1.38524,1.3847,1.38515,0
2026-06-03 11:15,1.38507,1.38523,1.3846,1.38516,0
2026-06-03 11:16,1.38514,1.3852,1.3847,1.3851,0
2026-06-03 11:17,1.38512,1.38522,1.3847,1.38513,0
2026-06-03 11:18,1.38517,1.38521,1.3848,1.38513,0
2026-06-03 11:19,1.38507,1.38522,1.3846,1.38516,0
2026-06-03 11:20,1.38507,1.38516,1.3848,1.38507,0
2026-06-03 11:21,1.38513,1.38517,1.3848,1.38512,0
2026-06-03 11:22,1.3847,1.38514,1.3847,1.38509,0
2026-06-03 11:23,1.38503,1.38509,1.3847,1.38498,0
2026-06-03 11:24,1.38492,1.38506,1.3846,1.38498,0
2026-06-03 11:25,1.38492,1.38496,1.3845,1.38491,0
2026-06-03 11:26,1.3848,1.38515,1.3845,1.38491,0
2026-06-03 11:27,1.38516,1.38523,1.3846,1.38507,0
2026-06-03 11:28,1.38522,1.3853,1.3848,1.38517,0
2026-06-03 11:29,1.38512,1.38524,1.3848,1.38522,0
2026-06-03 11:30,1.38504,1.38516,1.3846,1.38512,0
2026-06-03 11:31,1.385,1.38512,1.3847,1.38498,0
2026-06-03 11:32,1.38496,1.38506,1.3846,1.385,0
2026-06-03 11:33,1.38492,1.38502,1.3845,1.38496,0
2026-06-03 11:34,1.38486,1.38495,1.3846,1.38486,0
2026-06-03 11:35,1.3848,1.38495,1.3846,1.38487,0
2026-06-03 11:36,1.38491,1.38493,1.3845,1.38481,0
2026-06-03 11:37,1.38484,1.38491,1.3844,1.38491,0
2026-06-03 11:38,1.3845,1.3849,1.3845,1.38484,0
2026-06-03 11:39,1.3846,1.38496,1.3845,1.38479,0
2026-06-03 11:40,1.3849,1.38496,1.3846,1.3849,0
2026-06-03 11:41,1.38501,1.38504,1.3845,1.3847,0
2026-06-03 11:42,1.38496,1.38503,1.3846,1.38497,0
2026-06-03 11:43,1.38505,1.38508,1.3846,1.38496,0
2026-06-03 11:44,1.38498,1.38508,1.3846,1.3847,0
2026-06-03 11:45,1.38505,1.38509,1.3845,1.3847,0
2026-06-03 11:46,1.38501,1.38507,1.3846,1.3847,0
2026-06-03 11:47,1.385,1.38512,1.3847,1.38501,0
2026-06-03 11:48,1.38502,1.38511,1.3847,1.385,0
2026-06-03 11:49,1.385,1.3851,1.3847,1.38502,0
2026-06-03 11:50,1.38492,1.38508,1.3845,1.385,0
2026-06-03 11:51,1.3847,1.38502,1.3846,1.38492,0
2026-06-03 11:52,1.38495,1.38502,1.3846,1.38496,0
2026-06-03 11:53,1.38503,1.38508,1.3845,1.38495,0
2026-06-03 11:54,1.38499,1.38513,1.3846,1.38508,0
2026-06-03 11:55,1.38509,1.38514,1.3847,1.38499,0
2026-06-03 11:56,1.38503,1.38515,1.3846,1.38512,0
2026-06-03 11:57,1.38514,1.3852,1.3846,1.3847,0
2026-06-03 11:58,1.38519,1.38524,1.3847,1.38513,0
2026-06-03 11:59,1.3852,1.38523,1.3847,1.38522,0
2026-06-03 12:00,1.38519,1.38532,1.3847,1.38512,0
2026-06-03 12:01,1.38514,1.38522,1.3848,1.38519,0
2026-06-03 12:02,1.3851,1.38524,1.3846,1.38516,0
2026-06-03 12:03,1.38509,1.38516,1.3846,1.3848,0
2026-06-03 12:04,1.38509,1.38515,1.3848,1.3848,0
2026-06-03 12:05,1.38521,1.3853,1.3848,1.3851,0
2026-06-03 12:06,1.38514,1.38526,1.3846,1.38525,0
2026-06-03 12:07,1.38506,1.38513,1.3846,1.3851,0
2026-06-03 12:08,1.3848,1.38511,1.3848,1.38506,0
2026-06-03 12:09,1.38506,1.38517,1.3846,1.38505,0
2026-06-03 12:10,1.38501,1.38511,1.3845,1.38507,0
2026-06-03 12:11,1.3849,1.38521,1.3847,1.38501,0
2026-06-03 12:12,1.38519,1.38521,1.3847,1.38517,0
2026-06-03 12:13,1.38508,1.3852,1.3846,1.38516,0
2026-06-03 12:14,1.38511,1.38516,1.3846,1.38508,0
2026-06-03 12:15,1.38519,1.38522,1.3847,1.3851,0
2026-06-03 12:16,1.38519,1.38526,1.3847,1.3847,0
2026-06-03 12:17,1.38527,1.38531,1.3848,1.38523,0
2026-06-03 12:18,1.38528,1.38536,1.3848,1.38527,0
2026-06-03 12:19,1.38524,1.38533,1.3848,1.3848,0
2026-06-03 12:20,1.38523,1.3853,1.3849,1.38525,0
2026-06-03 12:21,1.38522,1.38532,1.3848,1.38525,0
2026-06-03 12:22,1.38528,1.38535,1.3848,1.38522,0
2026-06-03 12:23,1.38535,1.38536,1.3848,1.38528,0
2026-06-03 12:24,1.385,1.38536,1.3848,1.38532,0
2026-06-03 12:25,1.38532,1.38536,1.385,1.38536,0
2026-06-03 12:26,1.38538,1.38543,1.3849,1.38535,0
2026-06-03 12:27,1.3851,1.38544,1.3849,1.38541,0
2026-06-03 12:28,1.38538,1.38542,1.3849,1.38538,0
2026-06-03 12:29,1.38532,1.3854,1.3848,1.38536,0
2026-06-03 12:30,1.38522,1.38531,1.3847,1.38529,0
2026-06-03 12:31,1.38529,1.38537,1.3849,1.38522,0
2026-06-03 12:32,1.38533,1.38537,1.3849,1.38533,0
2026-06-03 12:33,1.38537,1.38541,1.385,1.38534,0
2026-06-03 12:34,1.3854,1.38541,1.385,1.38537,0
2026-06-03 12:35,1.38529,1.3854,1.3848,1.38537,0
2026-06-03 12:36,1.38529,1.38535,1.3848,1.38529,0
2026-06-03 12:37,1.38511,1.38534,1.3847,1.38529,0
2026-06-03 12:38,1.38506,1.38518,1.3846,1.38515,0
2026-06-03 12:39,1.38506,1.38514,1.3847,1.38507,0
2026-06-03 12:40,1.38512,1.38518,1.3846,1.38506,0
2026-06-03 12:41,1.38502,1.38518,1.3845,1.3848,0
2026-06-03 12:42,1.38515,1.3852,1.3845,1.38497,0
2026-06-03 12:43,1.38525,1.3853,1.3847,1.3849,0
2026-06-03 12:44,1.38518,1.3853,1.3848,1.38525,0
2026-06-03 12:45,1.38515,1.3852,1.3848,1.38515,0
2026-06-03 12:46,1.3848,1.3852,1.3846,1.38512,0
2026-06-03 12:47,1.38503,1.38515,1.3845,1.38506,0
2026-06-03 12:48,1.38507,1.38515,1.3845,1.38501,0
2026-06-03 12:49,1.38507,1.38511,1.3847,1.38507,0
2026-06-03 12:50,1.38502,1.38511,1.3847,1.3851,0
2026-06-03 12:51,1.38496,1.38508,1.3845,1.38502,0
2026-06-03 12:52,1.38505,1.3851,1.3845,1.38496,0
2026-06-03 12:53,1.38506,1.38517,1.3846,1.38505,0
2026-06-03 12:54,1.38515,1.3852,1.3846,1.38506,0
2026-06-03 12:55,1.38532,1.3854,1.3849,1.38516,0
2026-06-03 12:56,1.38539,1.38543,1.385,1.38533,0
2026-06-03 12:57,1.38549,1.3855,1.385,1.38542,0
2026-06-03 12:58,1.38544,1.38553,1.3851,1.38548,0
2026-06-03 12:59,1.38539,1.38553,1.3851,1.38544,0
2026-06-03 13:00,1.38543,1.38546,1.3849,1.38539,0
2026-06-03 13:01,1.38541,1.38548,1.3849,1.38541,0
2026-06-03 13:02,1.38545,1.3855,1.3849,1.3854,0
2026-06-03 13:03,1.38543,1.38548,1.3849,1.38547,0
2026-06-03 13:04,1.38539,1.38547,1.3849,1.38544,0
2026-06-03 13:05,1.38539,1.38546,1.3849,1.3851,0
2026-06-03 13:06,1.38553,1.38558,1.3851,1.38541,0
2026-06-03 13:07,1.38553,1.3856,1.3852,1.38551,0
2026-06-03 13:08,1.38564,1.38573,1.3852,1.38553,0
2026-06-03 13:09,1.38569,1.38576,1.3852,1.38565,0
2026-06-03 13:10,1.38558,1.38572,1.3852,1.38566,0
2026-06-03 13:11,1.3853,1.38562,1.3851,1.38562,0
2026-06-03 13:12,1.38559,1.38561,1.3851,1.38556,0
2026-06-03 13:13,1.38554,1.3856,1.3851,1.38554,0
2026-06-03 13:14,1.38534,1.38559,1.385,1.38553,0
2026-06-03 13:15,1.38572,1.38577,1.38501,1.38538,0
2026-06-03 13:16,1.38557,1.38576,1.3851,1.38571,0
2026-06-03 13:17,1.3852,1.38562,1.3851,1.38557,0
2026-06-03 13:18,1.38558,1.38563,1.385,1.38546,0
2026-06-03 13:19,1.38561,1.38566,1.3851,1.3851,0
2026-06-03 13:20,1.38563,1.3857,1.3853,1.38565,0
2026-06-03 13:21,1.38558,1.38567,1.3851,1.38567,0
2026-06-03 13:22,1.38551,1.38561,1.3852,1.38558,0
2026-06-03 13:23,1.38551,1.3856,1.3852,1.38551,0
2026-06-03 13:24,1.38555,1.38562,1.385,1.38549,0
2026-06-03 13:25,1.38548,1.38561,1.385,1.3852,0
2026-06-03 13:26,1.38556,1.38556,1.3851,1.38548,0
2026-06-03 13:27,1.38569,1.38571,1.3852,1.38552,0
2026-06-03 13:28,1.38571,1.38575,1.3853,1.38568,0
2026-06-03 13:29,1.38566,1.38574,1.3852,1.38566,0
2026-06-03 13:30,1.3857,1.38591,1.3853,1.38565,0
2026-06-03 13:31,1.38586,1.38597,1.3855,1.38587,0
2026-06-03 13:32,1.38607,1.3861,1.3854,1.38587,0
2026-06-03 13:33,1.3859,1.3863,1.3856,1.38602,0
2026-06-03 13:34,1.3863,1.38634,1.3858,1.38623,0
2026-06-03 13:35,1.38625,1.38641,1.3859,1.3863,0
2026-06-03 13:36,1.38616,1.38634,1.3858,1.3863,0
2026-06-03 13:37,1.38636,1.3864,1.3859,1.3862,0
2026-06-03 13:38,1.38654,1.38667,1.3859,1.3864,0
2026-06-03 13:39,1.38651,1.38665,1.3862,1.38658,0
2026-06-03 13:40,1.38644,1.38656,1.3861,1.38655,0
2026-06-03 13:41,1.38656,1.3866,1.386,1.38639,0
2026-06-03 13:42,1.38658,1.38665,1.3861,1.38653,0
2026-06-03 13:43,1.38654,1.38671,1.3862,1.38656,0
2026-06-03 13:44,1.38646,1.3866,1.386,1.38654,0
2026-06-03 13:45,1.38649,1.38656,1.386,1.3861,0
2026-06-03 13:46,1.38642,1.38652,1.386,1.38644,0
2026-06-03 13:47,1.3865,1.38651,1.386,1.38645,0
2026-06-03 13:48,1.3861,1.3866,1.386,1.3865,0
2026-06-03 13:49,1.3864,1.3865,1.3859,1.38644,0
2026-06-03 13:50,1.3862,1.38664,1.386,1.38641,0
2026-06-03 13:51,1.38672,1.38675,1.386,1.38649,0
2026-06-03 13:52,1.38675,1.38685,1.3864,1.3867,0
2026-06-03 13:53,1.38662,1.38677,1.3861,1.38673,0
2026-06-03 13:54,1.38681,1.38684,1.3863,1.38656,0
2026-06-03 13:55,1.3866,1.38699,1.3864,1.38685,0
2026-06-03 13:56,1.3866,1.38696,1.3864,1.3869,0
2026-06-03 13:57,1.38666,1.38696,1.3863,1.3869,0
2026-06-03 13:58,1.3866,1.38673,1.3863,1.38666,0
2026-06-03 13:59,1.3867,1.38674,1.3861,1.3866,0
2026-06-03 14:00,1.3868,1.38686,1.3863,1.3867,0
2026-06-03 14:01,1.38675,1.38685,1.3862,1.38681,0
2026-06-03 14:02,1.38672,1.38684,1.3862,1.38678,0
2026-06-03 14:03,1.38667,1.38681,1.3862,1.38672,0
2026-06-03 14:04,1.38676,1.38684,1.3862,1.38669,0
2026-06-03 14:05,1.38672,1.38683,1.3862,1.38676,0
2026-06-03 14:06,1.3866,1.3869,1.3864,1.3864,0
2026-06-03 14:07,1.38665,1.38682,1.3863,1.38677,0
2026-06-03 14:08,1.38671,1.38681,1.3862,1.3863,0
2026-06-03 14:09,1.38661,1.3868,1.3863,1.38675,0
2026-06-03 14:10,1.38649,1.38668,1.3861,1.38661,0
2026-06-03 14:11,1.38658,1.38662,1.3862,1.3865,0
2026-06-03 14:12,1.38645,1.38664,1.386,1.38662,0
2026-06-03 14:13,1.38651,1.38656,1.386,1.38645,0
2026-06-03 14:14,1.38668,1.38671,1.3861,1.3865,0
2026-06-03 14:15,1.38684,1.38685,1.3863,1.38662,0
2026-06-03 14:16,1.38694,1.38702,1.3864,1.38685,0
2026-06-03 14:17,1.38712,1.38712,1.3865,1.38693,0
2026-06-03 14:18,1.38721,1.38737,1.3866,1.38708,0
2026-06-03 14:19,1.38716,1.38733,1.3868,1.38721,0
2026-06-03 14:20,1.3872,1.38742,1.3869,1.38717,0
2026-06-03 14:21,1.3872,1.3874,1.3869,1.38736,0
2026-06-03 14:22,1.38738,1.38738,1.3867,1.38721,0
2026-06-03 14:23,1.3871,1.38748,1.3869,1.38735,0
2026-06-03 14:24,1.38736,1.38749,1.3869,1.38748,0
2026-06-03 14:25,1.38729,1.38748,1.3869,1.38735,0
2026-06-03 14:26,1.38726,1.38734,1.3867,1.38728,0
2026-06-03 14:27,1.387,1.38731,1.3867,1.38726,0
2026-06-03 14:28,1.38697,1.38707,1.3865,1.3867,0
2026-06-03 14:29,1.38677,1.38702,1.3865,1.38702,0
2026-06-03 14:30,1.38687,1.38692,1.3863,1.38671,0
2026-06-03 14:31,1.38695,1.38705,1.3864,1.38688,0
2026-06-03 14:32,1.38651,1.38698,1.3862,1.38692,0
2026-06-03 14:33,1.38672,1.38678,1.3861,1.38653,0
2026-06-03 14:34,1.38671,1.38693,1.3864,1.38674,0
2026-06-03 14:35,1.38653,1.38675,1.386,1.38671,0
2026-06-03 14:36,1.38635,1.38655,1.386,1.38653,0
2026-06-03 14:37,1.38665,1.38672,1.3859,1.38633,0
2026-06-03 14:38,1.38664,1.38677,1.3863,1.38665,0
2026-06-03 14:39,1.38641,1.38675,1.386,1.38662,0
2026-06-03 14:40,1.38643,1.3865,1.3859,1.3861,0
2026-06-03 14:41,1.38665,1.3868,1.3861,1.38646,0
2026-06-03 14:42,1.38677,1.38684,1.3862,1.38666,0
2026-06-03 14:43,1.38689,1.38693,1.3863,1.38674,0
2026-06-03 14:44,1.38692,1.38703,1.3865,1.38685,0
2026-06-03 14:45,1.38689,1.387,1.3864,1.3869,0
2026-06-03 14:46,1.38701,1.3871,1.3866,1.3866,0
2026-06-03 14:47,1.38709,1.38717,1.3867,1.3867,0
2026-06-03 14:48,1.38703,1.38715,1.3865,1.3871,0
2026-06-03 14:49,1.38723,1.38726,1.3867,1.3867,0
2026-06-03 14:50,1.38732,1.38737,1.3867,1.3872,0
2026-06-03 14:51,1.3868,1.38745,1.3868,1.38732,0
2026-06-03 14:52,1.38718,1.38721,1.3867,1.38716,0
2026-06-03 14:53,1.38732,1.3875,1.3868,1.38716,0
2026-06-03 14:54,1.38736,1.38741,1.3868,1.387,0
2026-06-03 14:55,1.38733,1.3874,1.3868,1.3871,0
2026-06-03 14:56,1.38748,1.38752,1.3869,1.3873,0
2026-06-03 14:57,1.38749,1.38762,1.387,1.38748,0
2026-06-03 14:58,1.38743,1.38747,1.387,1.38745,0
2026-06-03 14:59,1.38725,1.38759,1.38699,1.38742,0
2026-06-03 15:00,1.38706,1.38746,1.3867,1.38732,0
2026-06-03 15:01,1.38699,1.38722,1.3866,1.38707,0
2026-06-03 15:02,1.38694,1.38708,1.3866,1.38699,0
2026-06-03 15:03,1.38697,1.38708,1.3866,1.38695,0
2026-06-03 15:04,1.38712,1.38724,1.3867,1.3867,0
2026-06-03 15:05,1.38718,1.38728,1.3868,1.38712,0
2026-06-03 15:06,1.38704,1.38725,1.3866,1.38723,0
2026-06-03 15:07,1.38699,1.38712,1.3866,1.38706,0
2026-06-03 15:08,1.3869,1.38727,1.3866,1.38695,0
2026-06-03 15:09,1.38715,1.38725,1.3867,1.38719,0
2026-06-03 15:10,1.38703,1.3872,1.3866,1.38714,0
2026-06-03 15:11,1.38707,1.38717,1.3865,1.3867,0
2026-06-03 15:12,1.38693,1.38714,1.3866,1.3868,0
2026-06-03 15:13,1.38662,1.387,1.3861,1.3866,0
2026-06-03 15:14,1.38675,1.3868,1.3862,1.38662,0
2026-06-03 15:15,1.38665,1.38681,1.3862,1.38675,0
2026-06-03 15:16,1.38667,1.38673,1.3861,1.38663,0
2026-06-03 15:17,1.3869,1.38705,1.3863,1.3867,0
2026-06-03 15:18,1.38699,1.38704,1.3864,1.38691,0
2026-06-03 15:19,1.38717,1.38721,1.3867,1.38699,0
2026-06-03 15:20,1.38726,1.38736,1.3867,1.38715,0
2026-06-03 15:21,1.38714,1.38727,1.3867,1.38721,0
2026-06-03 15:22,1.3871,1.38724,1.3867,1.3868,0
2026-06-03 15:23,1.38713,1.3872,1.3867,1.38708,0
2026-06-03 15:24,1.38713,1.38717,1.3866,1.38711,0
2026-06-03 15:25,1.3865,1.38715,1.3865,1.38713,0
2026-06-03 15:26,1.38691,1.38702,1.3864,1.38699,0
2026-06-03 15:27,1.3865,1.38696,1.3863,1.38692,0
2026-06-03 15:28,1.38672,1.38679,1.3862,1.38673,0
2026-06-03 15:29,1.38673,1.38677,1.3862,1.38672,0
2026-06-03 15:30,1.3868,1.38702,1.3863,1.38669,0
2026-06-03 15:31,1.3867,1.38707,1.3866,1.38699,0
2026-06-03 15:32,1.3868,1.38714,1.3866,1.38701,0
2026-06-03 15:33,1.3869,1.38713,1.3865,1.38711,0
2026-06-03 15:34,1.3869,1.38714,1.3866,1.38713,0
2026-06-03 15:35,1.38702,1.38712,1.3867,1.38708,0
2026-06-03 15:36,1.38709,1.38713,1.3867,1.38702,0
2026-06-03 15:37,1.38726,1.3873,1.3866,1.38707,0
2026-06-03 15:38,1.38723,1.38737,1.3868,1.3871,0
2026-06-03 15:39,1.38714,1.38726,1.3866,1.38723,0
2026-06-03 15:40,1.38742,1.38743,1.3868,1.38712,0
2026-06-03 15:41,1.38732,1.38746,1.3869,1.38738,0
2026-06-03 15:42,1.38741,1.38747,1.3869,1.38732,0
2026-06-03 15:43,1.38739,1.38742,1.387,1.3871,0
2026-06-03 15:44,1.3875,1.38761,1.3871,1.3874,0
2026-06-03 15:45,1.38756,1.38763,1.3871,1.3875,0
2026-06-03 15:46,1.38754,1.38761,1.387,1.38756,0
2026-06-03 15:47,1.38742,1.38752,1.3869,1.38748,0
2026-06-03 15:48,1.38762,1.38768,1.3871,1.38741,0
2026-06-03 15:49,1.38765,1.38782,1.3872,1.38762,0
2026-06-03 15:50,1.38773,1.3878,1.3872,1.38768,0
2026-06-03 15:51,1.38769,1.38775,1.387,1.38772,0
2026-06-03 15:52,1.38772,1.38778,1.3872,1.38769,0
2026-06-03 15:53,1.38739,1.38785,1.387,1.38772,0
2026-06-03 15:54,1.38748,1.3876,1.3867,1.38736,0
2026-06-03 15:55,1.38741,1.38753,1.3868,1.38748,0
2026-06-03 15:56,1.38757,1.38763,1.3871,1.38741,0
2026-06-03 15:57,1.38792,1.38796,1.3871,1.38758,0
2026-06-03 15:58,1.38794,1.38796,1.3874,1.38794,0
2026-06-03 15:59,1.38781,1.38798,1.3873,1.38795,0
2026-06-03 16:00,1.38799,1.38804,1.3875,1.38784,0
2026-06-03 16:01,1.38793,1.38803,1.3874,1.38798,0
2026-06-03 16:02,1.38795,1.388,1.3874,1.38794,0
2026-06-03 16:03,1.38811,1.38818,1.3876,1.38794,0
2026-06-03 16:04,1.388,1.38837,1.3877,1.38811,0
2026-06-03 16:05,1.38853,1.38858,1.3878,1.3883,0
2026-06-03 16:06,1.38853,1.38858,1.3881,1.38853,0
2026-06-03 16:07,1.38868,1.3887,1.3882,1.38854,0
2026-06-03 16:08,1.3882,1.38867,1.388,1.38864,0
2026-06-03 16:09,1.38865,1.38872,1.3882,1.38852,0
2026-06-03 16:10,1.38875,1.38886,1.3883,1.38867,0
2026-06-03 16:11,1.38876,1.38882,1.3882,1.38874,0
2026-06-03 16:12,1.38886,1.38887,1.3883,1.38877,0
2026-06-03 16:13,1.38843,1.38887,1.388,1.38882,0
2026-06-03 16:14,1.38833,1.3885,1.3878,1.38843,0
2026-06-03 16:15,1.38837,1.38846,1.3878,1.38833,0
2026-06-03 16:16,1.388,1.38843,1.3876,1.38839,0
2026-06-03 16:17,1.38803,1.3881,1.3875,1.38795,0
2026-06-03 16:18,1.38795,1.38809,1.3875,1.388,0
2026-06-03 16:19,1.38818,1.38822,1.3876,1.38796,0
2026-06-03 16:20,1.38834,1.38839,1.3878,1.38818,0
2026-06-03 16:21,1.38848,1.38851,1.388,1.38834,0
2026-06-03 16:22,1.3881,1.3885,1.3879,1.38844,0
2026-06-03 16:23,1.38823,1.38841,1.3877,1.3884,0
2026-06-03 16:24,1.38837,1.38847,1.3879,1.38823,0
2026-06-03 16:25,1.3883,1.38842,1.3878,1.38836,0
2026-06-03 16:26,1.38841,1.3885,1.388,1.38837,0
2026-06-03 16:27,1.38834,1.38851,1.3879,1.38842,0
2026-06-03 16:28,1.38845,1.38857,1.388,1.38835,0
2026-06-03 16:29,1.38824,1.3885,1.3879,1.38847,0
2026-06-03 16:30,1.38826,1.38828,1.3878,1.38825,0
2026-06-03 16:31,1.3881,1.38848,1.3879,1.38822,0
2026-06-03 16:32,1.38839,1.38856,1.388,1.38843,0
2026-06-03 16:33,1.38832,1.38846,1.388,1.38838,0
2026-06-03 16:34,1.38828,1.38841,1.3879,1.38832,0
2026-06-03 16:35,1.38835,1.38841,1.3879,1.38826,0
2026-06-03 16:36,1.38825,1.38835,1.3879,1.38833,0
2026-06-03 16:37,1.38838,1.38845,1.3879,1.38824,0
2026-06-03 16:38,1.388,1.38848,1.3879,1.38836,0
2026-06-03 16:39,1.38849,1.38853,1.3879,1.38836,0
2026-06-03 16:40,1.38837,1.38851,1.3879,1.38845,0
2026-06-03 16:41,1.3884,1.38844,1.388,1.38837,0
2026-06-03 16:42,1.3882,1.38857,1.3879,1.3884,0
2026-06-03 16:43,1.38847,1.38866,1.3881,1.38853,0
2026-06-03 16:44,1.38851,1.38856,1.388,1.38846,0
2026-06-03 16:45,1.3883,1.38866,1.3881,1.38846,0
2026-06-03 16:46,1.3885,1.38886,1.3882,1.3886,0
2026-06-03 16:47,1.38889,1.38898,1.3884,1.3888,0
2026-06-03 16:48,1.38879,1.3889,1.3883,1.38887,0
2026-06-03 16:49,1.3885,1.38889,1.3882,1.38884,0
2026-06-03 16:50,1.38887,1.38899,1.3884,1.38887,0
2026-06-03 16:51,1.3886,1.38893,1.3884,1.38887,0
2026-06-03 16:52,1.38899,1.38904,1.3885,1.38885,0
2026-06-03 16:53,1.38908,1.38915,1.3885,1.38902,0
2026-06-03 16:54,1.38918,1.38922,1.3887,1.38906,0
2026-06-03 16:55,1.38902,1.38923,1.3887,1.38917,0
2026-06-03 16:56,1.38912,1.38918,1.3887,1.38898,0
2026-06-03 16:57,1.38918,1.38924,1.3887,1.38912,0
2026-06-03 16:58,1.38921,1.38925,1.3887,1.38922,0
2026-06-03 16:59,1.3889,1.38926,1.3887,1.38925,0
2026-06-03 17:00,1.38925,1.38927,1.3888,1.38912,0
2026-06-03 17:01,1.38925,1.3893,1.3889,1.38925,0
2026-06-03 17:02,1.38926,1.38929,1.3887,1.3891,0
2026-06-03 17:03,1.38918,1.38928,1.3887,1.38923,0
2026-06-03 17:04,1.38915,1.38927,1.3887,1.38922,0
2026-06-03 17:05,1.38925,1.38931,1.3887,1.38918,0
2026-06-03 17:06,1.38934,1.38945,1.3889,1.38927,0
2026-06-03 17:07,1.38957,1.3896,1.3889,1.38937,0
2026-06-03 17:08,1.38939,1.38965,1.3889,1.38956,0
2026-06-03 17:09,1.38945,1.3895,1.3889,1.38942,0
2026-06-03 17:10,1.38967,1.38971,1.389,1.38942,0
2026-06-03 17:11,1.3894,1.38982,1.3894,1.38966,0
2026-06-03 17:12,1.3893,1.38975,1.3892,1.38975,0
2026-06-03 17:13,1.3893,1.38972,1.3892,1.38966,0
2026-06-03 17:14,1.3892,1.3897,1.3892,1.3897,0
2026-06-03 17:15,1.38962,1.38966,1.3892,1.38948,0
2026-06-03 17:16,1.389,1.38966,1.389,1.3896,0
2026-06-03 17:17,1.3892,1.38957,1.389,1.38948,0
2026-06-03 17:18,1.38971,1.38976,1.389,1.3895,0
2026-06-03 17:19,1.38966,1.38979,1.3892,1.3894,0
2026-06-03 17:20,1.38975,1.38977,1.3892,1.3897,0
2026-06-03 17:21,1.3894,1.38976,1.3892,1.38974,0
2026-06-03 17:22,1.3896,1.38981,1.3891,1.38968,0
2026-06-03 17:23,1.38965,1.38972,1.3891,1.38961,0
2026-06-03 17:24,1.38969,1.38979,1.3892,1.38965,0
2026-06-03 17:25,1.38952,1.38972,1.3891,1.38967,0
2026-06-03 17:26,1.38947,1.3896,1.389,1.38951,0
2026-06-03 17:27,1.38959,1.38961,1.3891,1.38949,0
2026-06-03 17:28,1.38953,1.3896,1.389,1.38954,0
2026-06-03 17:29,1.38951,1.38961,1.3892,1.38952,0
2026-06-03 17:30,1.38963,1.38966,1.389,1.3895,0
2026-06-03 17:31,1.38967,1.38971,1.3891,1.38963,0
2026-06-03 17:32,1.3897,1.38976,1.3892,1.38968,0
2026-06-03 17:33,1.38968,1.38974,1.3892,1.3897,0
2026-06-03 17:34,1.38972,1.38978,1.3892,1.38972,0
2026-06-03 17:35,1.38976,1.38979,1.3894,1.38974,0
2026-06-03 17:36,1.38974,1.38981,1.3892,1.38973,0
2026-06-03 17:37,1.38972,1.38977,1.3892,1.38972,0
2026-06-03 17:38,1.38977,1.38978,1.3892,1.38971,0
2026-06-03 17:39,1.38971,1.38977,1.3892,1.3894,0
2026-06-03 17:40,1.38975,1.38976,1.3892,1.38975,0
2026-06-03 17:41,1.38962,1.38975,1.3892,1.38971,0
2026-06-03 17:42,1.38958,1.38972,1.3891,1.38966,0
2026-06-03 17:43,1.38961,1.38971,1.3891,1.38958,0
2026-06-03 17:44,1.38958,1.38969,1.3893,1.38961,0
2026-06-03 17:45,1.38959,1.38965,1.3891,1.38961,0
2026-06-03 17:46,1.38963,1.38971,1.3891,1.38957,0
2026-06-03 17:47,1.3896,1.38971,1.3891,1.38958,0
2026-06-03 17:48,1.38965,1.38971,1.3893,1.3896,0
2026-06-03 17:49,1.38964,1.3897,1.3893,1.38961,0
2026-06-03 17:50,1.3892,1.38966,1.3891,1.38959,0
2026-06-03 17:51,1.3896,1.38966,1.3891,1.38956,0
2026-06-03 17:52,1.3894,1.38975,1.3892,1.3896,0
2026-06-03 17:53,1.38972,1.38973,1.3893,1.38962,0
2026-06-03 17:54,1.38969,1.38974,1.3892,1.38967,0
2026-06-03 17:55,1.38969,1.38981,1.3892,1.3897,0
2026-06-03 17:56,1.38961,1.38974,1.3891,1.3894,0
2026-06-03 17:57,1.38954,1.38962,1.3891,1.3893,0
2026-06-03 17:58,1.38957,1.38961,1.3892,1.38952,0
2026-06-03 17:59,1.38938,1.38958,1.3889,1.38958,0
2026-06-03 18:00,1.38935,1.38948,1.3889,1.38939,0
2026-06-03 18:01,1.38944,1.38944,1.3889,1.38935,0
2026-06-03 18:02,1.38939,1.3895,1.3889,1.38944,0
2026-06-03 18:03,1.38925,1.38945,1.3889,1.38938,0
2026-06-03 18:04,1.3889,1.38927,1.3887,1.38921,0
2026-06-03 18:05,1.38926,1.38931,1.3889,1.38923,0
2026-06-03 18:06,1.38922,1.3893,1.3889,1.38921,0
2026-06-03 18:07,1.38918,1.3893,1.3887,1.38922,0
2026-06-03 18:08,1.3886,1.38925,1.3885,1.3892,0
2026-06-03 18:09,1.38905,1.3891,1.3885,1.38897,0
2026-06-03 18:10,1.38904,1.3891,1.3887,1.38907,0
2026-06-03 18:11,1.38906,1.38906,1.3886,1.38899,0
2026-06-03 18:12,1.38913,1.38919,1.3887,1.38902,0
2026-06-03 18:13,1.38928,1.38932,1.3888,1.38912,0
2026-06-03 18:14,1.3888,1.38932,1.3888,1.38928,0
2026-06-03 18:15,1.38917,1.3892,1.3888,1.38913,0
2026-06-03 18:16,1.3892,1.38925,1.3888,1.38917,0
2026-06-03 18:17,1.38921,1.38931,1.3889,1.3892,0
2026-06-03 18:18,1.38918,1.38925,1.3887,1.38925,0
2026-06-03 18:19,1.38921,1.38925,1.3887,1.3889,0
2026-06-03 18:20,1.38919,1.38927,1.3888,1.3889,0
2026-06-03 18:21,1.38917,1.38924,1.3887,1.38919,0
2026-06-03 18:22,1.38921,1.38927,1.3887,1.38917,0
2026-06-03 18:23,1.38912,1.38927,1.3888,1.38921,0
2026-06-03 18:24,1.38924,1.38926,1.3888,1.38915,0
2026-06-03 18:25,1.3889,1.38924,1.3887,1.3892,0
2026-06-03 18:26,1.38925,1.38925,1.3888,1.38917,0
2026-06-03 18:27,1.3889,1.38928,1.3889,1.38921,0
2026-06-03 18:28,1.38938,1.38944,1.3889,1.38922,0
2026-06-03 18:29,1.3894,1.38944,1.3889,1.38938,0
2026-06-03 18:30,1.3891,1.38945,1.3889,1.38941,0
2026-06-03 18:31,1.3894,1.38945,1.3889,1.38941,0
2026-06-03 18:32,1.38939,1.38945,1.3891,1.3894,0
2026-06-03 18:33,1.38932,1.38945,1.3889,1.38939,0
2026-06-03 18:34,1.38929,1.38935,1.389,1.38931,0
2026-06-03 18:35,1.389,1.38935,1.389,1.38933,0
2026-06-03 18:36,1.38939,1.38942,1.3889,1.38931,0
2026-06-03 18:37,1.38942,1.38946,1.3889,1.38938,0
2026-06-03 18:38,1.38938,1.38946,1.3889,1.38942,0
2026-06-03 18:39,1.38931,1.38942,1.3889,1.3891,0
2026-06-03 18:40,1.38931,1.38939,1.389,1.389,0
2026-06-03 18:41,1.38934,1.38937,1.3888,1.38935,0
2026-06-03 18:42,1.38938,1.38942,1.389,1.38934,0
2026-06-03 18:43,1.38942,1.38946,1.3891,1.3891,0
2026-06-03 18:44,1.38943,1.38949,1.3891,1.3894,0
2026-06-03 18:45,1.38948,1.38951,1.3891,1.38942,0
2026-06-03 18:46,1.38944,1.38952,1.389,1.38946,0
2026-06-03 18:47,1.38949,1.38952,1.3891,1.3892,0
2026-06-03 18:48,1.38952,1.38952,1.3891,1.38945,0
2026-06-03 18:49,1.38947,1.38955,1.389,1.38947,0
2026-06-03 18:50,1.3892,1.38952,1.3892,1.38948,0
2026-06-03 18:51,1.38945,1.38947,1.3891,1.3894,0
2026-06-03 18:52,1.38952,1.38952,1.3891,1.38945,0
2026-06-03 18:53,1.38951,1.38956,1.3892,1.38951,0
2026-06-03 18:54,1.38951,1.38955,1.389,1.38952,0
2026-06-03 18:55,1.38952,1.38952,1.389,1.3892,0
2026-06-03 18:56,1.38947,1.38952,1.389,1.38952,0
2026-06-03 18:57,1.3893,1.38969,1.389,1.38947,0
2026-06-03 18:58,1.3896,1.38969,1.3891,1.3893,0
2026-06-03 18:59,1.38956,1.38961,1.3893,1.38959,0
2026-06-03 19:00,1.38956,1.38962,1.3893,1.38956,0
2026-06-03 19:01,1.38962,1.38963,1.3891,1.38956,0
2026-06-03 19:02,1.3895,1.38972,1.3891,1.38958,0
2026-06-03 19:03,1.38958,1.38972,1.3893,1.3894,0
2026-06-03 19:04,1.3894,1.38971,1.3893,1.3893,0
2026-06-03 19:05,1.38975,1.38976,1.3892,1.3897,0
2026-06-03 19:06,1.3894,1.38975,1.3892,1.3897,0
2026-06-03 19:07,1.3894,1.38976,1.3892,1.3897,0
2026-06-03 19:08,1.38981,1.38982,1.3892,1.3897,0
2026-06-03 19:09,1.38985,1.38986,1.3893,1.3895,0
2026-06-03 19:10,1.38981,1.38984,1.3893,1.38979,0
2026-06-03 19:11,1.38976,1.38986,1.3893,1.38981,0
2026-06-03 19:12,1.38982,1.38991,1.3893,1.38977,0
2026-06-03 19:13,1.38986,1.38989,1.3895,1.3896,0
2026-06-03 19:14,1.38987,1.38993,1.3895,1.38985,0
2026-06-03 19:15,1.3895,1.38991,1.3893,1.3896,0
2026-06-03 19:16,1.3898,1.38987,1.3893,1.38978,0
2026-06-03 19:17,1.38976,1.38985,1.3893,1.38981,0
2026-06-03 19:18,1.3899,1.3899,1.3895,1.38976,0
2026-06-03 19:19,1.3897,1.38991,1.3895,1.38987,0
2026-06-03 19:20,1.38984,1.38995,1.3895,1.38986,0
2026-06-03 19:21,1.38979,1.38987,1.3893,1.38979,0
2026-06-03 19:22,1.3896,1.38991,1.3895,1.3896,0
2026-06-03 19:23,1.38986,1.38992,1.3894,1.3897,0
2026-06-03 19:24,1.3897,1.38991,1.3896,1.3897,0
2026-06-03 19:25,1.38979,1.38992,1.3893,1.38985,0
2026-06-03 19:26,1.38977,1.38983,1.3893,1.38982,0
2026-06-03 19:27,1.38981,1.38984,1.3893,1.38977,0
2026-06-03 19:28,1.38982,1.3899,1.3893,1.38978,0
2026-06-03 19:29,1.38978,1.38984,1.3893,1.38978,0
2026-06-03 19:30,1.3898,1.38984,1.3893,1.38978,0
2026-06-03 19:31,1.38979,1.38986,1.3893,1.3898,0
2026-06-03 19:32,1.38977,1.38985,1.3893,1.3898,0
2026-06-03 19:33,1.3893,1.38985,1.3893,1.38979,0
2026-06-03 19:34,1.38967,1.38984,1.3892,1.38979,0
2026-06-03 19:35,1.3894,1.38976,1.3892,1.3892,0
2026-06-03 19:36,1.3896,1.38973,1.3891,1.3894,0
2026-06-03 19:37,1.38959,1.38971,1.3891,1.3896,0
2026-06-03 19:38,1.38959,1.3897,1.3891,1.38964,0
2026-06-03 19:39,1.38965,1.38971,1.3893,1.38959,0
2026-06-03 19:40,1.38963,1.38967,1.3891,1.3893,0
2026-06-03 19:41,1.38952,1.38964,1.3891,1.38963,0
2026-06-03 19:42,1.38955,1.3896,1.389,1.38952,0
2026-06-03 19:43,1.38951,1.38955,1.389,1.38955,0
2026-06-03 19:44,1.38947,1.38957,1.389,1.3895,0
2026-06-03 19:45,1.38942,1.38954,1.389,1.38948,0
2026-06-03 19:46,1.38942,1.38947,1.389,1.38941,0
2026-06-03 19:47,1.38932,1.3895,1.389,1.38942,0
2026-06-03 19:48,1.3888,1.38935,1.3888,1.3893,0
2026-06-03 19:49,1.3891,1.38941,1.3888,1.38927,0
2026-06-03 19:50,1.38933,1.38944,1.3889,1.38938,0
2026-06-03 19:51,1.38939,1.3894,1.3888,1.38936,0
2026-06-03 19:52,1.38932,1.3894,1.389,1.38935,0
2026-06-03 19:53,1.389,1.3894,1.389,1.38933,0
2026-06-03 19:54,1.389,1.3894,1.3889,1.38933,0
2026-06-03 19:55,1.38937,1.38942,1.389,1.38937,0
2026-06-03 19:56,1.389,1.38944,1.3889,1.38936,0
2026-06-03 19:57,1.3894,1.38944,1.3889,1.38934,0
2026-06-03 19:58,1.38942,1.38948,1.3891,1.3894,0
2026-06-03 19:59,1.38948,1.38953,1.3889,1.3891,0
2026-06-03 20:00,1.38948,1.38961,1.389,1.38951,0
2026-06-03 20:01,1.3889,1.38954,1.3889,1.38949,0
2026-06-03 20:02,1.38932,1.38945,1.3889,1.3894,0
2026-06-03 20:03,1.38934,1.38943,1.3889,1.38933,0
2026-06-03 20:04,1.38931,1.3894,1.3888,1.38936,0
2026-06-03 20:05,1.38935,1.3894,1.389,1.38937,0
2026-06-03 20:06,1.38937,1.38941,1.3889,1.389,0
2026-06-03 20:07,1.3891,1.3894,1.3889,1.38937,0
2026-06-03 20:08,1.38935,1.38943,1.389,1.38931,0
2026-06-03 20:09,1.38943,1.38948,1.3889,1.3894,0
2026-06-03 20:10,1.38953,1.38954,1.389,1.38943,0
2026-06-03 20:11,1.38948,1.38957,1.389,1.38954,0
2026-06-03 20:12,1.38949,1.38955,1.389,1.38948,0
2026-06-03 20:13,1.38953,1.38954,1.389,1.38949,0
2026-06-03 20:14,1.38952,1.38959,1.389,1.3895,0
2026-06-03 20:15,1.38948,1.38956,1.389,1.3895,0
2026-06-03 20:16,1.38948,1.38953,1.389,1.3892,0
2026-06-03 20:17,1.38927,1.38953,1.3889,1.38953,0
2026-06-03 20:18,1.38935,1.3894,1.3889,1.38928,0
2026-06-03 20:19,1.389,1.38939,1.3888,1.38933,0
2026-06-03 20:20,1.38929,1.38935,1.3888,1.389,0
2026-06-03 20:21,1.38948,1.38949,1.3889,1.38931,0
2026-06-03 20:22,1.38942,1.3895,1.3891,1.38945,0
2026-06-03 20:23,1.3894,1.38946,1.3889,1.38941,0
2026-06-03 20:24,1.38945,1.38946,1.3889,1.38935,0
2026-06-03 20:25,1.38932,1.38949,1.3889,1.38942,0
2026-06-03 20:26,1.389,1.3894,1.3889,1.38934,0
2026-06-03 20:27,1.38932,1.38939,1.3888,1.38925,0
2026-06-03 20:28,1.38931,1.38942,1.3889,1.38932,0
2026-06-03 20:29,1.38934,1.38936,1.3888,1.38931,0
2026-06-03 20:30,1.38935,1.38935,1.3888,1.38931,0
2026-06-03 20:31,1.38945,1.38945,1.3889,1.3893,0
2026-06-03 20:32,1.38935,1.38947,1.3889,1.38941,0
2026-06-03 20:33,1.38931,1.38942,1.389,1.38938,0
2026-06-03 20:34,1.38932,1.38937,1.389,1.38936,0
2026-06-03 20:35,1.3893,1.38936,1.3888,1.38931,0
2026-06-03 20:36,1.38934,1.38935,1.3888,1.38934,0
2026-06-03 20:37,1.38942,1.38943,1.3889,1.38931,0
2026-06-03 20:38,1.38931,1.38942,1.389,1.38937,0
2026-06-03 20:39,1.38939,1.38942,1.3889,1.38931,0
2026-06-03 20:40,1.38932,1.38942,1.3889,1.38935,0
2026-06-03 20:41,1.38932,1.3894,1.389,1.38931,0
2026-06-03 20:42,1.389,1.38941,1.389,1.38931,0
2026-06-03 20:43,1.38931,1.38941,1.389,1.38935,0
2026-06-03 20:44,1.3891,1.3894,1.389,1.389,0
2026-06-03 20:45,1.3891,1.38949,1.3889,1.38935,0
2026-06-03 20:46,1.38939,1.38945,1.3889,1.38941,0
2026-06-03 20:47,1.38943,1.38945,1.3889,1.38939,0
2026-06-03 20:48,1.38932,1.38943,1.3889,1.3894,0
2026-06-03 20:49,1.389,1.3894,1.389,1.38933,0
2026-06-03 20:50,1.3889,1.38946,1.3889,1.38934,0
2026-06-03 20:51,1.3893,1.38951,1.3889,1.38938,0
2026-06-03 20:52,1.38955,1.38956,1.3891,1.38946,0
2026-06-03 20:53,1.38952,1.38957,1.3892,1.38952,0
2026-06-03 20:54,1.38963,1.38968,1.3891,1.38951,0
2026-06-03 20:55,1.38955,1.38967,1.3891,1.3894,0
2026-06-03 20:56,1.38942,1.38959,1.3889,1.38956,0
2026-06-03 20:57,1.38955,1.38955,1.389,1.38941,0
2026-06-03 20:58,1.38961,1.38961,1.389,1.38955,0
2026-06-03 20:59,1.38963,1.38968,1.3891,1.38958,0
2026-06-03 21:00,1.38952,1.38966,1.389,1.38965,0
2026-06-03 21:01,1.389,1.38954,1.389,1.38949,0
2026-06-03 21:02,1.38944,1.38951,1.3891,1.3892,0
2026-06-03 21:03,1.38943,1.3895,1.3891,1.38948,0
2026-06-03 21:04,1.38948,1.38953,1.389,1.38944,0
2026-06-03 21:05,1.38964,1.38968,1.3892,1.3895,0
2026-06-03 21:06,1.38956,1.38966,1.3892,1.3896,0
2026-06-03 21:07,1.38952,1.38956,1.3892,1.38956,0
2026-06-03 21:08,1.38936,1.38953,1.3889,1.3892,0
2026-06-03 21:09,1.3891,1.38944,1.3889,1.38931,0
2026-06-03 21:10,1.3893,1.38949,1.3891,1.3894,0
2026-06-03 21:11,1.38947,1.3896,1.3891,1.38944,0
2026-06-03 21:12,1.3891,1.38953,1.3891,1.38947,0
2026-06-03 21:13,1.38949,1.38957,1.389,1.38939,0
2026-06-03 21:14,1.38946,1.38952,1.3891,1.38949,0
2026-06-03 21:15,1.38946,1.38954,1.3891,1.38945,0
2026-06-03 21:16,1.38943,1.3895,1.3891,1.38949,0
2026-06-03 21:17,1.3889,1.38948,1.3889,1.38943,0
2026-06-03 21:18,1.38944,1.38946,1.3889,1.38939,0
2026-06-03 21:19,1.3893,1.38948,1.389,1.38939,0
2026-06-03 21:20,1.38939,1.3895,1.3891,1.38944,0
2026-06-03 21:21,1.3891,1.38945,1.3891,1.38939,0
2026-06-03 21:22,1.38943,1.38946,1.3891,1.3891,0
2026-06-03 21:23,1.38952,1.38954,1.3891,1.3894,0
2026-06-03 21:24,1.38951,1.38954,1.3892,1.38946,0
2026-06-03 21:25,1.38951,1.38955,1.3892,1.38948,0
2026-06-03 21:26,1.38947,1.38953,1.3892,1.38951,0
2026-06-03 21:27,1.3893,1.38966,1.3892,1.38946,0
2026-06-03 21:28,1.3894,1.38972,1.3892,1.38963,0
2026-06-03 21:29,1.3893,1.3897,1.3893,1.38966,0
2026-06-03 21:30,1.3893,1.3897,1.3893,1.38961,0
2026-06-03 21:31,1.38946,1.38965,1.389,1.38959,0
2026-06-03 21:32,1.38939,1.38954,1.389,1.38945,0
2026-06-03 21:33,1.38933,1.38944,1.389,1.38939,0
2026-06-03 21:34,1.389,1.38954,1.389,1.38931,0
2026-06-03 21:35,1.3891,1.38951,1.389,1.38948,0
2026-06-03 21:36,1.3892,1.38947,1.3889,1.38941,0
2026-06-03 21:37,1.38942,1.38947,1.3891,1.38941,0
2026-06-03 21:38,1.389,1.38953,1.389,1.38944,0
2026-06-03 21:39,1.3894,1.3896,1.3892,1.3893,0
2026-06-03 21:40,1.38956,1.3896,1.3892,1.38953,0
2026-06-03 21:41,1.38959,1.38962,1.3892,1.3892,0
2026-06-03 21:42,1.38953,1.3896,1.3892,1.3892,0
2026-06-03 21:43,1.38966,1.3897,1.3892,1.38953,0
2026-06-03 21:44,1.38968,1.38973,1.3893,1.3893,0
2026-06-03 21:45,1.38968,1.38976,1.3892,1.38964,0
2026-06-03 21:46,1.38956,1.38977,1.3891,1.38968,0
2026-06-03 21:47,1.38972,1.38973,1.3891,1.3892,0
2026-06-03 21:48,1.38963,1.38975,1.3892,1.38972,0
2026-06-03 21:49,1.38969,1.38976,1.3892,1.38963,0
2026-06-03 21:50,1.38971,1.38973,1.3892,1.38971,0
2026-06-03 21:51,1.38973,1.38974,1.3892,1.3895,0
2026-06-03 21:52,1.3892,1.38973,1.3892,1.38967,0
2026-06-03 21:53,1.38952,1.38971,1.3893,1.38962,0
2026-06-03 21:54,1.3895,1.3896,1.3893,1.38947,0
2026-06-03 21:55,1.38956,1.38965,1.3891,1.38947,0
2026-06-03 21:56,1.38971,1.38976,1.3891,1.38947,0
2026-06-03 21:57,1.38981,1.38981,1.3892,1.38971,0
2026-06-03 21:58,1.38971,1.38981,1.3892,1.3896,0
2026-06-03 21:59,1.38956,1.38973,1.3892,1.38966,0
2026-06-03 22:00,1.3893,1.38942,1.3891,1.38933,0
2026-06-03 22:01,1.38933,1.3894,1.3892,1.38926,0
2026-06-03 22:02,1.38933,1.3894,1.3893,1.3894,0
2026-06-03 22:03,1.3894,1.3894,1.38927,1.38933,0
2026-06-03 22:04,1.3894,1.3894,1.38928,1.38933,0
2026-06-03 22:05,1.38919,1.3895,1.3891,1.38924,0
2026-06-03 22:06,1.38938,1.3895,1.38917,1.38922,0
2026-06-03 22:07,1.38925,1.3895,1.3892,1.3895,0
2026-06-03 22:08,1.38928,1.3895,1.38919,1.38921,0
2026-06-03 22:09,1.38933,1.3895,1.38919,1.3895,0
2026-06-03 22:10,1.38923,1.3896,1.38923,1.38933,0
2026-06-03 22:11,1.38933,1.3896,1.38927,1.38933,0
2026-06-03 22:12,1.38933,1.3896,1.38921,1.38933,0
2026-06-03 22:13,1.3893,1.3896,1.38925,1.38933,0
2026-06-03 22:14,1.3893,1.3896,1.3892,1.38936,0
2026-06-03 22:15,1.3892,1.3894,1.3892,1.38928,0
2026-06-03 22:16,1.38925,1.3895,1.3892,1.38933,0
2026-06-03 22:17,1.38928,1.3895,1.3892,1.38929,0
2026-06-03 22:18,1.38927,1.3894,1.3892,1.3893,0
2026-06-03 22:19,1.38933,1.3895,1.38917,1.38917,0
2026-06-03 22:20,1.3892,1.3896,1.3892,1.38927,0
2026-06-03 22:21,1.38933,1.3895,1.38919,1.38933,0
2026-06-03 22:22,1.3894,1.3895,1.3891,1.38933,0
2026-06-03 22:23,1.38926,1.3895,1.3892,1.38933,0
2026-06-03 22:24,1.3893,1.3895,1.3892,1.38933,0
2026-06-03 22:25,1.38933,1.3895,1.3889,1.38927,0
2026-06-03 22:26,1.38933,1.3895,1.3889,1.3889,0
2026-06-03 22:27,1.3893,1.3895,1.38921,1.38933,0
2026-06-03 22:28,1.3895,1.3895,1.3892,1.38927,0
2026-06-03 22:29,1.38927,1.3895,1.38926,1.38933,0
2026-06-03 22:30,1.3893,1.3894,1.389,1.38937,0
2026-06-03 22:31,1.38933,1.3894,1.38917,1.38933,0
2026-06-03 22:32,1.3894,1.3894,1.3891,1.3893,0
2026-06-03 22:33,1.38936,1.3894,1.38916,1.38933,0
2026-06-03 22:34,1.3892,1.3894,1.38916,1.38933,0
2026-06-03 22:35,1.3891,1.3894,1.389,1.38921,0
2026-06-03 22:36,1.3894,1.3894,1.3891,1.38933,0
2026-06-03 22:37,1.38933,1.3894,1.38917,1.38938,0
2026-06-03 22:38,1.3893,1.3894,1.38917,1.38924,0
2026-06-03 22:39,1.38933,1.3894,1.38918,1.3893,0
2026-06-03 22:40,1.38933,1.3894,1.389,1.38933,0
2026-06-03 22:41,1.3894,1.3894,1.3892,1.38923,0
2026-06-03 22:42,1.3894,1.3894,1.3892,1.38933,0
2026-06-03 22:43,1.38936,1.3894,1.38919,1.38933,0
2026-06-03 22:44,1.38919,1.3894,1.38919,1.38936,0
2026-06-03 22:45,1.38928,1.3894,1.389,1.38933,0
2026-06-03 22:46,1.3894,1.3894,1.38914,1.38933,0
2026-06-03 22:47,1.3893,1.3894,1.389,1.38933,0
2026-06-03 22:48,1.38921,1.3894,1.3886,1.38937,0
2026-06-03 22:49,1.3892,1.3893,1.3888,1.38928,0
2026-06-03 22:50,1.3891,1.3894,1.389,1.38923,0
2026-06-03 22:51,1.38928,1.3894,1.389,1.3891,0
2026-06-03 22:52,1.3891,1.38933,1.389,1.38927,0
2026-06-03 22:53,1.3891,1.38931,1.389,1.3892,0
2026-06-03 22:54,1.3894,1.3894,1.389,1.3892,0
2026-06-03 22:55,1.3894,1.3894,1.389,1.38933,0
2026-06-03 22:56,1.3894,1.3894,1.389,1.38929,0
2026-06-03 22:57,1.38929,1.3894,1.38908,1.38928,0
2026-06-03 22:58,1.38921,1.38938,1.38858,1.38931,0
2026-06-03 22:59,1.3886,1.38922,1.38857,1.3887,0
2026-06-03 23:00,1.38969,1.38987,1.3886,1.38887,0
2026-06-03 23:01,1.3897,1.38989,1.3894,1.38969,0
2026-06-03 23:02,1.3898,1.38987,1.3895,1.3896,0
2026-06-03 23:03,1.38983,1.38989,1.3895,1.38969,0
2026-06-03 23:04,1.3898,1.38989,1.3895,1.38971,0
2026-06-03 23:05,1.38983,1.3899,1.3895,1.3897,0
2026-06-03 23:06,1.38988,1.3899,1.3895,1.3897,0
2026-06-03 23:07,1.38982,1.3899,1.3895,1.38972,0
2026-06-03 23:08,1.3898,1.38988,1.3895,1.3896,0
2026-06-03 23:09,1.3897,1.3899,1.3895,1.38971,0
2026-06-03 23:10,1.3896,1.3899,1.3895,1.38981,0
2026-06-03 23:11,1.38986,1.3899,1.3895,1.3896,0
2026-06-03 23:12,1.3899,1.38997,1.3896,1.3897,0
2026-06-03 23:13,1.3899,1.38996,1.3896,1.3899,0
2026-06-03 23:14,1.38979,1.38992,1.3895,1.38985,0
2026-06-03 23:15,1.38983,1.3899,1.3894,1.3895,0
2026-06-03 23:16,1.3898,1.3899,1.3895,1.38984,0
2026-06-03 23:17,1.38966,1.38984,1.3894,1.38977,0
2026-06-03 23:18,1.38964,1.38976,1.3893,1.38965,0
2026-06-03 23:19,1.38964,1.38972,1.3892,1.38959,0
2026-06-03 23:20,1.3895,1.38971,1.3892,1.38967,0
2026-06-03 23:21,1.38973,1.38975,1.3894,1.38963,0
2026-06-03 23:22,1.38968,1.38975,1.3894,1.3894,0
2026-06-03 23:23,1.3897,1.38978,1.3894,1.38969,0
2026-06-03 23:24,1.38977,1.38977,1.3894,1.38971,0
2026-06-03 23:25,1.38975,1.38976,1.3894,1.38971,0
2026-06-03 23:26,1.38975,1.38976,1.3894,1.3897,0
2026-06-03 23:27,1.38968,1.38975,1.3892,1.38974,0
2026-06-03 23:28,1.38975,1.38976,1.3895,1.38974,0
2026-06-03 23:29,1.3897,1.38976,1.3895,1.38975,0
2026-06-03 23:30,1.38973,1.38976,1.3892,1.38971,0
2026-06-03 23:31,1.38954,1.38973,1.3891,1.38966,0
2026-06-03 23:32,1.38959,1.38967,1.3892,1.38953,0
2026-06-03 23:33,1.3896,1.38966,1.3893,1.3896,0
2026-06-03 23:34,1.38961,1.38967,1.3893,1.3896,0
2026-06-03 23:35,1.3893,1.38967,1.3893,1.38962,0
2026-06-03 23:36,1.38961,1.3897,1.3892,1.38959,0
2026-06-03 23:37,1.38967,1.3897,1.3892,1.3892,0
2026-06-03 23:38,1.38961,1.38967,1.3894,1.38961,0
2026-06-03 23:39,1.38961,1.38968,1.3893,1.38961,0
2026-06-03 23:40,1.38967,1.3897,1.3893,1.38961,0
2026-06-03 23:41,1.38972,1.38977,1.3894,1.3896,0
2026-06-03 23:42,1.38971,1.38978,1.3894,1.38972,0
2026-06-03 23:43,1.3897,1.3898,1.3894,1.38972,0
2026-06-03 23:44,1.38968,1.3898,1.3894,1.38971,0
2026-06-03 23:45,1.3895,1.3898,1.3894,1.3897,0
2026-06-03 23:46,1.38978,1.3898,1.3894,1.3897,0
2026-06-03 23:47,1.3897,1.38978,1.3894,1.38972,0
2026-06-03 23:48,1.38977,1.3898,1.3894,1.3897,0
2026-06-03 23:49,1.38972,1.3898,1.3895,1.38973,0
2026-06-03 23:50,1.38972,1.38986,1.3893,1.38972,0
2026-06-03 23:51,1.38968,1.38976,1.3894,1.38971,0
2026-06-03 23:52,1.38968,1.38976,1.3894,1.38976,0
2026-06-03 23:53,1.3893,1.38975,1.3892,1.3897,0
2026-06-03 23:54,1.38972,1.38974,1.3894,1.38967,0
2026-06-03 23:55,1.38969,1.38977,1.3893,1.38967,0
2026-06-03 23:56,1.3892,1.3897,1.3889,1.3897,0
2026-06-03 23:57,1.38918,1.38931,1.3885,1.38919,0
2026-06-03 23:58,1.38913,1.38929,1.3888,1.38918,0
2026-06-04 00:00,1.38904,1.38917,1.3886,1.3891,0
2026-06-04 00:01,1.3888,1.38912,1.3886,1.38905,0
2026-06-04 00:02,1.3891,1.3892,1.3887,1.3887,0
2026-06-04 00:03,1.38912,1.3892,1.3888,1.38918,0
2026-06-04 00:04,1.3889,1.38928,1.3888,1.3891,0
2026-06-04 00:05,1.38926,1.38927,1.3889,1.3892,0
2026-06-04 00:06,1.38917,1.38927,1.3888,1.38922,0
2026-06-04 00:07,1.38922,1.3893,1.3889,1.38917,0
2026-06-04 00:08,1.38921,1.38929,1.3889,1.38922,0
2026-06-04 00:09,1.3893,1.38936,1.3889,1.38921,0
2026-06-04 00:10,1.38936,1.38943,1.389,1.38931,0
2026-06-04 00:11,1.3893,1.38957,1.389,1.389,0
2026-06-04 00:12,1.3891,1.38956,1.3891,1.3893,0
2026-06-04 00:13,1.38941,1.3895,1.3891,1.38941,0
2026-06-04 00:14,1.3893,1.38946,1.389,1.38941,0
2026-06-04 00:15,1.38931,1.3894,1.389,1.3893,0
2026-06-04 00:16,1.38937,1.3894,1.389,1.38931,0
2026-06-04 00:17,1.38937,1.38937,1.389,1.38931,0
2026-06-04 00:18,1.38932,1.3894,1.389,1.38932,0
2026-06-04 00:19,1.38937,1.3894,1.389,1.38932,0
2026-06-04 00:20,1.38932,1.3894,1.389,1.38932,0
2026-06-04 00:21,1.38938,1.38946,1.3889,1.389,0
2026-06-04 00:22,1.38934,1.38945,1.389,1.38939,0
2026-06-04 00:23,1.38939,1.3894,1.389,1.38934,0
2026-06-04 00:24,1.38939,1.3894,1.389,1.38932,0
2026-06-04 00:25,1.3892,1.38945,1.389,1.38941,0
2026-06-04 00:26,1.3891,1.38946,1.3891,1.38942,0
2026-06-04 00:27,1.3892,1.38946,1.3891,1.3894,0
2026-06-04 00:28,1.389,1.38946,1.389,1.3891,0
2026-06-04 00:29,1.38943,1.3895,1.389,1.38931,0
2026-06-04 00:30,1.3891,1.3895,1.3891,1.38942,0
2026-06-04 00:31,1.38942,1.38953,1.3891,1.38943,0
2026-06-04 00:32,1.38943,1.3895,1.3891,1.38943,0
2026-06-04 00:33,1.38943,1.3895,1.3891,1.3891,0
2026-06-04 00:34,1.38947,1.3895,1.3891,1.38942,0
2026-06-04 00:35,1.38942,1.38947,1.3891,1.3891,0
2026-06-04 00:36,1.38942,1.38947,1.3891,1.38942,0
2026-06-04 00:37,1.3893,1.38951,1.3891,1.3894,0
2026-06-04 00:38,1.38948,1.38953,1.389,1.38946,0
2026-06-04 00:39,1.38946,1.38956,1.389,1.38947,0
2026-06-04 00:40,1.38941,1.38951,1.389,1.3891,0
2026-06-04 00:41,1.38948,1.3895,1.3891,1.38941,0
2026-06-04 00:42,1.38943,1.3895,1.3891,1.38948,0
2026-06-04 00:43,1.38947,1.3895,1.389,1.389,0
2026-06-04 00:44,1.38944,1.3895,1.3891,1.38942,0
2026-06-04 00:45,1.38932,1.38948,1.389,1.38943,0
2026-06-04 00:46,1.38933,1.3894,1.389,1.38933,0
2026-06-04 00:47,1.38935,1.3894,1.389,1.38933,0
2026-06-04 00:48,1.38945,1.38953,1.389,1.38934,0
2026-06-04 00:49,1.38934,1.3895,1.389,1.38947,0
2026-06-04 00:50,1.3889,1.38943,1.3889,1.38934,0
2026-06-04 00:51,1.3889,1.38947,1.3889,1.38936,0
2026-06-04 00:52,1.38932,1.3894,1.389,1.38936,0
2026-06-04 00:53,1.38935,1.38938,1.3889,1.3891,0
2026-06-04 00:54,1.3888,1.38935,1.3888,1.3893,0
2026-06-04 00:55,1.38933,1.3894,1.3888,1.38926,0
2026-06-04 00:56,1.38923,1.38941,1.3888,1.38933,0
2026-06-04 00:57,1.38932,1.38938,1.3888,1.38931,0
2026-06-04 00:58,1.38933,1.38939,1.3889,1.38932,0
2026-06-04 00:59,1.38931,1.3894,1.3889,1.38938,0
2026-06-04 01:00,1.3892,1.38946,1.3888,1.38932,0
2026-06-04 01:01,1.38925,1.3893,1.3888,1.38923,0
2026-06-04 01:02,1.38918,1.38926,1.3887,1.38925,0
2026-06-04 01:03,1.38924,1.38933,1.3888,1.38918,0
2026-06-04 01:04,1.38917,1.38931,1.3888,1.38923,0
2026-06-04 01:05,1.38916,1.38926,1.3888,1.38921,0
2026-06-04 01:06,1.38917,1.38929,1.3888,1.38916,0
2026-06-04 01:07,1.38923,1.38927,1.3889,1.38923,0
2026-06-04 01:08,1.38923,1.3893,1.3889,1.38921,0
2026-06-04 01:09,1.389,1.38936,1.3889,1.38921,0
2026-06-04 01:10,1.3893,1.38939,1.389,1.38931,0
2026-06-04 01:11,1.38914,1.38936,1.3887,1.3893,0
2026-06-04 01:12,1.38918,1.3892,1.3888,1.38913,0
2026-06-04 01:13,1.38913,1.3892,1.3888,1.38913,0
2026-06-04 01:14,1.38907,1.38918,1.3888,1.38912,0
2026-06-04 01:15,1.3887,1.38922,1.3887,1.38907,0
2026-06-04 01:16,1.38908,1.38915,1.3887,1.38906,0
2026-06-04 01:17,1.38897,1.38917,1.3886,1.38907,0
2026-06-04 01:18,1.38903,1.38904,1.3886,1.38897,0
2026-06-04 01:19,1.38902,1.38904,1.3886,1.38899,0
2026-06-04 01:20,1.38899,1.38908,1.3886,1.38897,0
2026-06-04 01:21,1.3888,1.38914,1.3887,1.38904,0
2026-06-04 01:22,1.38909,1.38915,1.3887,1.38912,0
2026-06-04 01:23,1.38904,1.38914,1.3886,1.3888,0
2026-06-04 01:24,1.38907,1.38913,1.3887,1.38909,0
2026-06-04 01:25,1.38912,1.38917,1.3888,1.38907,0
2026-06-04 01:26,1.3886,1.38914,1.3886,1.38907,0
2026-06-04 01:27,1.38909,1.3892,1.3888,1.38908,0
2026-06-04 01:28,1.38911,1.38913,1.3887,1.38908,0
2026-06-04 01:29,1.38908,1.38916,1.3886,1.38906,0
2026-06-04 01:30,1.3888,1.3892,1.3887,1.38907,0
2026-06-04 01:31,1.38915,1.38918,1.3888,1.38917,0
2026-06-04 01:32,1.3889,1.3892,1.3888,1.38914,0
2026-06-04 01:33,1.38902,1.38916,1.3887,1.38913,0
2026-06-04 01:34,1.38908,1.38914,1.3887,1.38902,0
2026-06-04 01:35,1.38921,1.38924,1.3888,1.3888,0
2026-06-04 01:36,1.38915,1.38925,1.3888,1.38921,0
2026-06-04 01:37,1.38922,1.38923,1.3888,1.38916,0
2026-06-04 01:38,1.38925,1.3893,1.3889,1.38917,0
2026-06-04 01:39,1.38917,1.38925,1.3888,1.3892,0
2026-06-04 01:40,1.38917,1.38924,1.3888,1.38922,0
2026-06-04 01:41,1.3889,1.38923,1.3888,1.38917,0
2026-06-04 01:42,1.38921,1.3893,1.3889,1.38917,0
2026-06-04 01:43,1.3888,1.38925,1.3888,1.38921,0
2026-06-04 01:44,1.38907,1.38917,1.3888,1.38912,0
2026-06-04 01:45,1.38909,1.38915,1.3887,1.38906,0
2026-06-04 01:46,1.3888,1.38918,1.3888,1.38909,0
2026-06-04 01:47,1.38921,1.38926,1.3887,1.38911,0
2026-06-04 01:48,1.38922,1.3893,1.3889,1.38919,0
2026-06-04 01:49,1.3889,1.3893,1.3888,1.38928,0
2026-06-04 01:50,1.38929,1.38929,1.3889,1.38923,0
2026-06-04 01:51,1.3893,1.3893,1.3889,1.3889,0
2026-06-04 01:52,1.38927,1.38932,1.3888,1.3889,0
2026-06-04 01:53,1.3893,1.38933,1.3888,1.3888,0
2026-06-04 01:54,1.38931,1.3894,1.3888,1.3893,0
2026-06-04 01:55,1.3889,1.38945,1.3889,1.38932,0
2026-06-04 01:56,1.38944,1.38948,1.389,1.38938,0
2026-06-04 01:57,1.38943,1.3895,1.3891,1.3891,0
2026-06-04 01:58,1.38942,1.3895,1.3889,1.38943,0
2026-06-04 01:59,1.3894,1.38942,1.3889,1.38936,0
2026-06-04 02:00,1.38944,1.38957,1.389,1.38936,0
2026-06-04 02:01,1.38953,1.3896,1.389,1.38943,0
2026-06-04 02:02,1.38963,1.38965,1.3892,1.38957,0
2026-06-04 02:03,1.38961,1.38965,1.3892,1.38961,0
2026-06-04 02:04,1.38962,1.3897,1.3893,1.3896,0
2026-06-04 02:05,1.38954,1.38968,1.3892,1.38961,0
2026-06-04 02:06,1.38962,1.38968,1.3892,1.38955,0
2026-06-04 02:07,1.3896,1.3897,1.3893,1.38962,0
2026-06-04 02:08,1.38957,1.38964,1.3893,1.38956,0
2026-06-04 02:09,1.3893,1.38962,1.3892,1.38957,0
2026-06-04 02:10,1.38952,1.38959,1.3892,1.38957,0
2026-06-04 02:11,1.38951,1.3896,1.3892,1.38952,0
2026-06-04 02:12,1.38954,1.38956,1.389,1.38952,0
2026-06-04 02:13,1.38944,1.3896,1.3892,1.3895,0
2026-06-04 02:14,1.38946,1.38952,1.3891,1.38949,0
2026-06-04 02:15,1.3892,1.38956,1.3891,1.38952,0
2026-06-04 02:16,1.38947,1.38951,1.3891,1.38946,0
2026-06-04 02:17,1.3889,1.38947,1.3889,1.38946,0
2026-06-04 02:18,1.3891,1.38943,1.3889,1.38938,0
2026-06-04 02:19,1.389,1.38942,1.389,1.38938,0
2026-06-04 02:20,1.389,1.38938,1.3888,1.38933,0
2026-06-04 02:21,1.389,1.38938,1.3888,1.38929,0
2026-06-04 02:22,1.389,1.38941,1.389,1.38932,0
2026-06-04 02:23,1.38933,1.3894,1.389,1.3891,0
2026-06-04 02:24,1.38936,1.38944,1.389,1.38932,0
2026-06-04 02:25,1.3891,1.38946,1.389,1.38937,0
2026-06-04 02:26,1.38952,1.38957,1.3891,1.38942,0
2026-06-04 02:27,1.3896,1.38961,1.3892,1.38952,0
2026-06-04 02:28,1.38956,1.38964,1.3892,1.3896,0
2026-06-04 02:29,1.38956,1.38965,1.3892,1.38954,0
2026-06-04 02:30,1.38953,1.38963,1.3892,1.38956,0
2026-06-04 02:31,1.38952,1.3896,1.3892,1.38952,0
2026-06-04 02:32,1.38958,1.3896,1.3891,1.38953,0
2026-06-04 02:33,1.38945,1.38962,1.3892,1.38956,0
2026-06-04 02:34,1.38948,1.38955,1.3891,1.38945,0
2026-06-04 02:35,1.38939,1.38957,1.3891,1.38949,0
2026-06-04 02:36,1.38948,1.3895,1.3891,1.38944,0
2026-06-04 02:37,1.38948,1.38951,1.3891,1.38942,0
2026-06-04 02:38,1.38949,1.38951,1.3891,1.38943,0
2026-06-04 02:39,1.38941,1.38951,1.389,1.38944,0
2026-06-04 02:40,1.38948,1.3895,1.3891,1.3894,0
2026-06-04 02:41,1.3896,1.3896,1.3891,1.38943,0
2026-06-04 02:42,1.38947,1.38961,1.3892,1.38954,0
2026-06-04 02:43,1.3894,1.38965,1.389,1.38947,0
2026-06-04 02:44,1.3893,1.3897,1.3892,1.3896,0
2026-06-04 02:45,1.38962,1.38967,1.3893,1.38962,0
2026-06-04 02:46,1.3894,1.38973,1.3893,1.38957,0
2026-06-04 02:47,1.38964,1.38972,1.3892,1.38971,0
2026-06-04 02:48,1.38965,1.3897,1.3893,1.38964,0
2026-06-04 02:49,1.38962,1.38965,1.3893,1.3896,0
2026-06-04 02:50,1.38968,1.38974,1.3891,1.38961,0
2026-06-04 02:51,1.38975,1.38975,1.3892,1.38971,0
2026-06-04 02:52,1.3895,1.38982,1.3893,1.3894,0
2026-06-04 02:53,1.3895,1.38981,1.3894,1.38976,0
2026-06-04 02:54,1.38972,1.3898,1.3894,1.38976,0
2026-06-04 02:55,1.38972,1.3898,1.3894,1.38971,0
2026-06-04 02:56,1.38974,1.38977,1.3894,1.38971,0
2026-06-04 02:57,1.38973,1.38975,1.3892,1.38971,0
2026-06-04 02:58,1.3897,1.38973,1.3892,1.38969,0
2026-06-04 02:59,1.38964,1.38972,1.3891,1.38968,0
2026-06-04 03:00,1.38972,1.38975,1.3892,1.38962,0
2026-06-04 03:01,1.38966,1.38977,1.3892,1.38969,0
2026-06-04 03:02,1.38966,1.38975,1.3892,1.38966,0
2026-06-04 03:03,1.38966,1.38975,1.3892,1.38969,0
2026-06-04 03:04,1.38968,1.38973,1.3893,1.3897,0
2026-06-04 03:05,1.38967,1.38974,1.3893,1.38969,0
2026-06-04 03:06,1.3893,1.38968,1.3893,1.38967,0
2026-06-04 03:07,1.38962,1.3897,1.3893,1.38961,0
2026-06-04 03:08,1.38964,1.38973,1.3893,1.38962,0
2026-06-04 03:09,1.3895,1.38977,1.3893,1.38963,0
2026-06-04 03:10,1.38974,1.3898,1.3893,1.38977,0
2026-06-04 03:11,1.38973,1.3898,1.3894,1.38973,0
2026-06-04 03:12,1.38982,1.38985,1.3894,1.38972,0
2026-06-04 03:13,1.38982,1.38986,1.3894,1.3898,0
2026-06-04 03:14,1.38988,1.38991,1.3893,1.3895,0
2026-06-04 03:15,1.38995,1.38997,1.3894,1.3895,0
2026-06-04 03:16,1.38989,1.38998,1.3895,1.38989,0
2026-06-04 03:17,1.38996,1.38998,1.3894,1.38988,0
2026-06-04 03:18,1.3899,1.39,1.3895,1.38994,0
2026-06-04 03:19,1.38997,1.39003,1.3896,1.38989,0
2026-06-04 03:20,1.39006,1.39014,1.3895,1.38997,0
2026-06-04 03:21,1.39022,1.39023,1.3897,1.39008,0
2026-06-04 03:22,1.39022,1.39024,1.3897,1.39023,0
2026-06-04 03:23,1.39026,1.39028,1.3898,1.39018,0
2026-06-04 03:24,1.39031,1.39035,1.3899,1.39022,0
2026-06-04 03:25,1.3902,1.39034,1.3899,1.3903,0
2026-06-04 03:26,1.39011,1.39023,1.3897,1.39019,0
2026-06-04 03:27,1.39011,1.3902,1.3896,1.39013,0
2026-06-04 03:28,1.3899,1.3902,1.3898,1.39015,0
2026-06-04 03:29,1.39013,1.3902,1.3898,1.39,0
2026-06-04 03:30,1.39004,1.39017,1.3897,1.39011,0
2026-06-04 03:31,1.3898,1.39016,1.3897,1.39009,0
2026-06-04 03:32,1.39009,1.39018,1.3897,1.39009,0
2026-06-04 03:33,1.39013,1.39016,1.3897,1.3901,0
2026-06-04 03:34,1.39011,1.39018,1.3897,1.39012,0
2026-06-04 03:35,1.39,1.39019,1.3898,1.39016,0
2026-06-04 03:36,1.39004,1.39019,1.3897,1.39015,0
2026-06-04 03:37,1.39009,1.39014,1.3896,1.39006,0
2026-06-04 03:38,1.39,1.39014,1.3897,1.39009,0
2026-06-04 03:39,1.38999,1.39007,1.3895,1.39001,0
2026-06-04 03:40,1.38997,1.39003,1.3895,1.38999,0
2026-06-04 03:41,1.38995,1.39002,1.3896,1.38997,0
2026-06-04 03:42,1.38996,1.39003,1.3896,1.3898,0
2026-06-04 03:43,1.38997,1.39002,1.3896,1.38996,0
2026-06-04 03:44,1.3897,1.39,1.3896,1.3896,0
2026-06-04 03:45,1.38984,1.38998,1.3895,1.3897,0
2026-06-04 03:46,1.38983,1.38991,1.3894,1.38985,0
2026-06-04 03:47,1.38981,1.3899,1.3895,1.38988,0
2026-06-04 03:48,1.3897,1.38987,1.3893,1.38982,0
2026-06-04 03:49,1.3894,1.38977,1.3893,1.38974,0
2026-06-04 03:50,1.38965,1.38978,1.3892,1.38971,0
2026-06-04 03:51,1.38973,1.38975,1.3892,1.3897,0
2026-06-04 03:52,1.38973,1.3898,1.3892,1.38967,0
2026-06-04 03:53,1.38978,1.38983,1.3894,1.38972,0
2026-06-04 03:54,1.38975,1.38984,1.3894,1.38977,0
2026-06-04 03:55,1.3896,1.38982,1.3894,1.38974,0
2026-06-04 03:56,1.38968,1.3898,1.3892,1.38977,0
2026-06-04 03:57,1.38978,1.38984,1.3894,1.38972,0
2026-06-04 03:58,1.38981,1.38985,1.3894,1.38981,0
2026-06-04 03:59,1.38978,1.38982,1.3893,1.3898,0
2026-06-04 04:00,1.38984,1.38995,1.3895,1.38977,0
2026-06-04 04:01,1.3898,1.3899,1.3894,1.38984,0
2026-06-04 04:02,1.38991,1.38995,1.3895,1.38981,0
2026-06-04 04:03,1.38994,1.38996,1.3895,1.3899,0
2026-06-04 04:04,1.38984,1.38995,1.3895,1.38995,0
2026-06-04 04:05,1.38981,1.3899,1.3895,1.38983,0
2026-06-04 04:06,1.38989,1.38994,1.3895,1.3895,0
2026-06-04 04:07,1.38995,1.39002,1.3895,1.38991,0
2026-06-04 04:08,1.3897,1.39006,1.3896,1.38995,0
2026-06-04 04:09,1.39003,1.39009,1.3896,1.3897,0
2026-06-04 04:10,1.39001,1.3901,1.3897,1.39003,0
2026-06-04 04:11,1.39012,1.39016,1.3897,1.39003,0
2026-06-04 04:12,1.3899,1.39017,1.3897,1.3899,0
2026-06-04 04:13,1.39021,1.39025,1.3897,1.39013,0
2026-06-04 04:14,1.3902,1.39026,1.3898,1.39,0
2026-06-04 04:15,1.3899,1.39027,1.3898,1.3902,0
2026-06-04 04:16,1.39019,1.39026,1.3898,1.3899,0
2026-06-04 04:17,1.39016,1.39021,1.3898,1.39017,0
2026-06-04 04:18,1.39012,1.3902,1.3897,1.39016,0
2026-06-04 04:19,1.3896,1.3902,1.3896,1.39013,0
2026-06-04 04:20,1.39014,1.39014,1.3896,1.39006,0
2026-06-04 04:21,1.39017,1.39017,1.3898,1.39008,0
2026-06-04 04:22,1.39012,1.39019,1.3898,1.39011,0
2026-06-04 04:23,1.3902,1.39021,1.3898,1.39013,0
2026-06-04 04:24,1.39023,1.39024,1.3898,1.39016,0
2026-06-04 04:25,1.39027,1.39032,1.3898,1.39021,0
2026-06-04 04:26,1.3903,1.39036,1.3899,1.3903,0
2026-06-04 04:27,1.3898,1.39035,1.3898,1.3903,0
2026-06-04 04:28,1.3899,1.39032,1.3898,1.39027,0
2026-06-04 04:29,1.39033,1.39039,1.3898,1.39024,0
2026-06-04 04:30,1.39031,1.39037,1.3899,1.39031,0
2026-06-04 04:31,1.3902,1.39042,1.3899,1.39035,0
2026-06-04 04:32,1.3901,1.3904,1.39,1.39034,0
2026-06-04 04:33,1.39031,1.3904,1.39,1.39,0
2026-06-04 04:34,1.39031,1.39036,1.39,1.39,0
2026-06-04 04:35,1.39036,1.3904,1.39,1.39031,0
2026-06-04 04:36,1.39026,1.39037,1.3899,1.39031,0
2026-06-04 04:37,1.3903,1.39035,1.3898,1.39026,0
2026-06-04 04:38,1.39034,1.39035,1.3899,1.3903,0
2026-06-04 04:39,1.3901,1.3904,1.39,1.39033,0
2026-06-04 04:40,1.39032,1.39042,1.39,1.39036,0
2026-06-04 04:41,1.39,1.39038,1.39,1.39032,0
2026-06-04 04:42,1.39033,1.3904,1.39,1.39032,0
2026-06-04 04:43,1.39032,1.39036,1.39,1.39,0
2026-06-04 04:44,1.39,1.39036,1.39,1.39,0
2026-06-04 04:45,1.39038,1.3904,1.39,1.39031,0
2026-06-04 04:46,1.39039,1.3904,1.39,1.39033,0
2026-06-04 04:47,1.39036,1.39041,1.3898,1.39034,0
2026-06-04 04:48,1.39033,1.39038,1.39,1.39032,0
2026-06-04 04:49,1.39032,1.3904,1.39,1.39034,0
2026-06-04 04:50,1.39021,1.39039,1.3899,1.39035,0
2026-06-04 04:51,1.39025,1.39026,1.3898,1.39021,0
2026-06-04 04:52,1.39024,1.39026,1.3897,1.39021,0
2026-06-04 04:53,1.39017,1.39026,1.3897,1.3902,0
2026-06-04 04:54,1.39017,1.39022,1.3897,1.39021,0
2026-06-04 04:55,1.39012,1.39025,1.3896,1.39017,0
2026-06-04 04:56,1.39012,1.39016,1.3896,1.39008,0
2026-06-04 04:57,1.39005,1.39012,1.3896,1.39008,0
2026-06-04 04:58,1.39002,1.3901,1.3896,1.39004,0
2026-06-04 04:59,1.38998,1.39006,1.3895,1.3897,0
2026-06-04 05:00,1.39008,1.39008,1.3895,1.38997,0
2026-06-04 05:01,1.39003,1.3901,1.3897,1.39003,0
2026-06-04 05:02,1.39004,1.3901,1.3897,1.39008,0
2026-06-04 05:03,1.39009,1.39011,1.3897,1.39004,0
2026-06-04 05:04,1.3896,1.39016,1.3896,1.39005,0
2026-06-04 05:05,1.39011,1.39012,1.3896,1.39007,0
2026-06-04 05:06,1.39006,1.39012,1.3896,1.39006,0
2026-06-04 05:07,1.39005,1.39011,1.3897,1.3901,0
2026-06-04 05:08,1.39012,1.39012,1.3896,1.39003,0
2026-06-04 05:09,1.3896,1.39014,1.3896,1.39007,0
2026-06-04 05:10,1.39009,1.39018,1.3896,1.3901,0
2026-06-04 05:11,1.39015,1.39021,1.3896,1.39006,0
2026-06-04 05:12,1.3899,1.39026,1.3897,1.39016,0
2026-06-04 05:13,1.3898,1.39023,1.3898,1.39017,0
2026-06-04 05:14,1.3899,1.39027,1.3898,1.39015,0
2026-06-04 05:15,1.39011,1.39025,1.3898,1.3902,0
2026-06-04 05:16,1.39014,1.39015,1.3897,1.3901,0
2026-06-04 05:17,1.39,1.39021,1.3897,1.39015,0
2026-06-04 05:18,1.3899,1.39021,1.3897,1.39019,0
2026-06-04 05:19,1.39016,1.39017,1.3898,1.3899,0
2026-06-04 05:20,1.39022,1.39023,1.3897,1.39015,0
2026-06-04 05:21,1.39019,1.39025,1.3897,1.39016,0
2026-06-04 05:22,1.39017,1.39026,1.3897,1.39019,0
2026-06-04 05:23,1.39024,1.39025,1.3897,1.39017,0
2026-06-04 05:24,1.39026,1.39026,1.3898,1.39019,0
2026-06-04 05:25,1.39019,1.39026,1.3899,1.3902,0
2026-06-04 05:26,1.3899,1.39023,1.3899,1.39018,0
2026-06-04 05:27,1.39017,1.39024,1.3897,1.39017,0
2026-06-04 05:28,1.39025,1.39025,1.3899,1.3899,0
2026-06-04 05:29,1.39017,1.39025,1.3898,1.39023,0
2026-06-04 05:30,1.39016,1.39023,1.3897,1.3899,0
2026-06-04 05:31,1.3901,1.39015,1.3896,1.3898,0
2026-06-04 05:32,1.39011,1.39015,1.3898,1.39011,0
2026-06-04 05:33,1.39016,1.39016,1.3898,1.39011,0
2026-06-04 05:34,1.39002,1.39016,1.3895,1.3901,0
2026-06-04 05:35,1.39009,1.39013,1.3896,1.3898,0
2026-06-04 05:36,1.39014,1.3902,1.3897,1.3897,0
2026-06-04 05:37,1.39036,1.39036,1.3898,1.3898,0
2026-06-04 05:38,1.39031,1.3904,1.3898,1.39031,0
2026-06-04 05:39,1.3904,1.39041,1.39,1.39031,0
2026-06-04 05:40,1.39034,1.3904,1.3898,1.3904,0
2026-06-04 05:41,1.39026,1.39037,1.3899,1.39035,0
2026-06-04 05:42,1.39031,1.39036,1.3899,1.39026,0
2026-06-04 05:43,1.39025,1.39036,1.3899,1.3903,0
2026-06-04 05:44,1.39025,1.3903,1.3898,1.39024,0
2026-06-04 05:45,1.39029,1.39031,1.3898,1.3899,0
2026-06-04 05:46,1.39028,1.39034,1.3899,1.39025,0
2026-06-04 05:47,1.39034,1.3904,1.3899,1.39028,0
2026-06-04 05:48,1.39034,1.3904,1.39,1.39034,0
2026-06-04 05:49,1.3898,1.3904,1.3898,1.39034,0
2026-06-04 05:50,1.39039,1.39039,1.3898,1.39029,0
2026-06-04 05:51,1.39039,1.39044,1.39,1.39033,0
2026-06-04 05:52,1.3902,1.39045,1.39,1.39038,0
2026-06-04 05:53,1.39,1.39045,1.39,1.3904,0
2026-06-04 05:54,1.39027,1.39041,1.3898,1.39035,0
2026-06-04 05:55,1.39024,1.39034,1.3898,1.39029,0
2026-06-04 05:56,1.39027,1.3903,1.3899,1.39025,0
2026-06-04 05:57,1.3899,1.39031,1.3899,1.39026,0
2026-06-04 05:58,1.39027,1.39032,1.3899,1.39023,0
2026-06-04 05:59,1.3901,1.39036,1.3899,1.39027,0
2026-06-04 06:00,1.39036,1.39038,1.3898,1.39035,0
2026-06-04 06:01,1.39033,1.39036,1.3898,1.3903,0
2026-06-04 06:02,1.39032,1.39037,1.3898,1.39028,0
2026-06-04 06:03,1.3899,1.39042,1.3899,1.3903,0
2026-06-04 06:04,1.39039,1.39045,1.3899,1.39042,0
2026-06-04 06:05,1.39046,1.39046,1.3899,1.39039,0
2026-06-04 06:06,1.39046,1.39046,1.39,1.39046,0
2026-06-04 06:07,1.39043,1.39048,1.3899,1.39041,0
2026-06-04 06:08,1.39051,1.39057,1.39,1.3901,0
2026-06-04 06:09,1.39061,1.39066,1.3901,1.3902,0
2026-06-04 06:10,1.39064,1.39075,1.3901,1.39057,0
2026-06-04 06:11,1.3907,1.39077,1.3904,1.39063,0
2026-06-04 06:12,1.39074,1.3908,1.3904,1.39071,0
2026-06-04 06:13,1.39068,1.3908,1.3904,1.39076,0
2026-06-04 06:14,1.39064,1.39073,1.3903,1.39069,0
2026-06-04 06:15,1.39075,1.39075,1.3902,1.39063,0
2026-06-04 06:16,1.3904,1.3908,1.3903,1.3907,0
2026-06-04 06:17,1.39063,1.39074,1.3903,1.3907,0
2026-06-04 06:18,1.39065,1.3907,1.3902,1.39063,0
2026-06-04 06:19,1.39073,1.39074,1.3902,1.39064,0
2026-06-04 06:20,1.39075,1.39076,1.3904,1.39069,0
2026-06-04 06:21,1.39077,1.3908,1.3904,1.39071,0
2026-06-04 06:22,1.39082,1.39083,1.3903,1.3904,0
2026-06-04 06:23,1.39081,1.39087,1.3903,1.3904,0
2026-06-04 06:24,1.3905,1.3909,1.3905,1.39082,0
2026-06-04 06:25,1.39084,1.39091,1.3905,1.3905,0
2026-06-04 06:26,1.39082,1.3909,1.3905,1.39085,0
2026-06-04 06:27,1.39086,1.3909,1.3905,1.39083,0
2026-06-04 06:28,1.39081,1.39087,1.3905,1.39081,0
2026-06-04 06:29,1.3905,1.39087,1.3903,1.39082,0
2026-06-04 06:30,1.39077,1.39088,1.3903,1.39082,0
2026-06-04 06:31,1.39077,1.39085,1.3903,1.3905,0
2026-06-04 06:32,1.39083,1.3909,1.3903,1.39078,0
2026-06-04 06:33,1.3903,1.39088,1.3903,1.39084,0
2026-06-04 06:34,1.39072,1.39077,1.3902,1.39076,0
2026-06-04 06:35,1.3905,1.39077,1.3902,1.39072,0
2026-06-04 06:36,1.39075,1.39077,1.3904,1.39072,0
2026-06-04 06:37,1.39073,1.39076,1.3903,1.39072,0
2026-06-04 06:38,1.39068,1.39076,1.3902,1.39072,0
2026-06-04 06:39,1.39067,1.39076,1.3902,1.39068,0
2026-06-04 06:40,1.39065,1.39077,1.3902,1.39067,0
2026-06-04 06:41,1.39062,1.39071,1.3901,1.39068,0
2026-06-04 06:42,1.39065,1.39066,1.3901,1.39061,0
2026-06-04 06:43,1.39067,1.3907,1.3901,1.39062,0
2026-06-04 06:44,1.39071,1.39073,1.3902,1.39067,0
2026-06-04 06:45,1.3902,1.39073,1.3902,1.39069,0
2026-06-04 06:46,1.39072,1.3908,1.3902,1.39067,0
2026-06-04 06:47,1.3902,1.39072,1.3902,1.39068,0
2026-06-04 06:48,1.39067,1.39073,1.3902,1.39071,0
2026-06-04 06:49,1.3902,1.39072,1.3902,1.39063,0
2026-06-04 06:50,1.39061,1.39071,1.3903,1.39067,0
2026-06-04 06:51,1.3901,1.39068,1.3901,1.39062,0
2026-06-04 06:52,1.39,1.3906,1.39,1.39056,0
2026-06-04 06:53,1.39043,1.39052,1.39,1.39045,0
2026-06-04 06:54,1.39046,1.39051,1.3901,1.39043,0
2026-06-04 06:55,1.39048,1.39055,1.39,1.39042,0
2026-06-04 06:56,1.39048,1.39056,1.39,1.39049,0
2026-06-04 06:57,1.3899,1.39051,1.3899,1.39,0
2026-06-04 06:58,1.39035,1.39044,1.3899,1.39037,0
2026-06-04 06:59,1.39036,1.39042,1.3899,1.3901,0
2026-06-04 07:00,1.3903,1.39042,1.3899,1.39037,0
2026-06-04 07:01,1.39026,1.39036,1.3898,1.39031,0
2026-06-04 07:02,1.39015,1.39027,1.3898,1.3902,0
2026-06-04 07:03,1.39018,1.39022,1.3897,1.39015,0
2026-06-04 07:04,1.3903,1.39034,1.3898,1.39021,0
2026-06-04 07:05,1.39051,1.39051,1.3899,1.39028,0
2026-06-04 07:06,1.39052,1.39056,1.39,1.3903,0
2026-06-04 07:07,1.39052,1.39061,1.3901,1.39048,0
2026-06-04 07:08,1.3905,1.39062,1.3902,1.39052,0
2026-06-04 07:09,1.39064,1.39067,1.3902,1.39051,0
2026-06-04 07:10,1.3903,1.39069,1.3902,1.39064,0
2026-06-04 07:11,1.39051,1.39066,1.3902,1.3902,0
2026-06-04 07:12,1.39048,1.39057,1.3901,1.3902,0
2026-06-04 07:13,1.39057,1.39062,1.39,1.3902,0
2026-06-04 07:14,1.39054,1.39065,1.3902,1.39057,0
2026-06-04 07:15,1.39048,1.39058,1.39,1.3905,0
2026-06-04 07:16,1.39063,1.39064,1.3902,1.39048,0
2026-06-04 07:17,1.3906,1.39067,1.3901,1.3906,0
2026-06-04 07:18,1.39045,1.39068,1.3901,1.3903,0
2026-06-04 07:19,1.39053,1.39063,1.3901,1.39049,0
2026-06-04 07:20,1.39068,1.3907,1.3902,1.3902,0
2026-06-04 07:21,1.39069,1.39075,1.3902,1.39068,0
2026-06-04 07:22,1.39069,1.39073,1.3902,1.39067,0
2026-06-04 07:23,1.3907,1.39077,1.3902,1.39069,0
2026-06-04 07:24,1.39069,1.39075,1.3902,1.3907,0
2026-06-04 07:25,1.3903,1.3908,1.3903,1.3907,0
2026-06-04 07:26,1.39062,1.3907,1.3902,1.39062,0
2026-06-04 07:27,1.39062,1.3907,1.3901,1.39062,0
2026-06-04 07:28,1.39052,1.3907,1.3902,1.39066,0
2026-06-04 07:29,1.39052,1.3906,1.3901,1.39052,0
2026-06-04 07:30,1.39067,1.39074,1.3903,1.39053,0
2026-06-04 07:31,1.39056,1.39068,1.3902,1.39063,0
2026-06-04 07:32,1.39048,1.39058,1.3901,1.39052,0
2026-06-04 07:33,1.39034,1.39049,1.39,1.39043,0
2026-06-04 07:34,1.39038,1.39049,1.39,1.39033,0
2026-06-04 07:35,1.39031,1.39046,1.3899,1.39041,0
2026-06-04 07:36,1.39023,1.39038,1.3898,1.39037,0
2026-06-04 07:37,1.39029,1.39035,1.3898,1.39022,0
2026-06-04 07:38,1.39051,1.39056,1.39,1.39035,0
2026-06-04 07:39,1.3904,1.39056,1.3901,1.39051,0
2026-06-04 07:40,1.3901,1.39047,1.39,1.3904,0
2026-06-04 07:41,1.39043,1.39049,1.39,1.3904,0
2026-06-04 07:42,1.39047,1.39049,1.3901,1.39044,0
2026-06-04 07:43,1.39039,1.39048,1.3899,1.39042,0
2026-06-04 07:44,1.3901,1.39053,1.39,1.39041,0
2026-06-04 07:45,1.3905,1.39055,1.3901,1.39042,0
2026-06-04 07:46,1.39061,1.39071,1.3901,1.39051,0
2026-06-04 07:47,1.3904,1.39075,1.3902,1.39062,0
2026-06-04 07:48,1.39072,1.39077,1.3903,1.39072,0
2026-06-04 07:49,1.39072,1.39078,1.3904,1.39072,0
2026-06-04 07:50,1.39077,1.39082,1.3904,1.3907,0
2026-06-04 07:51,1.39073,1.39081,1.3904,1.39076,0
2026-06-04 07:52,1.39075,1.39082,1.3904,1.39072,0
2026-06-04 07:53,1.39077,1.39085,1.3903,1.39072,0
2026-06-04 07:54,1.3904,1.39084,1.3903,1.3903,0
2026-06-04 07:55,1.39079,1.39085,1.3903,1.39072,0
2026-06-04 07:56,1.39093,1.39093,1.3904,1.3905,0
2026-06-04 07:57,1.39124,1.39135,1.3904,1.3904,0
2026-06-04 07:58,1.39103,1.39127,1.3906,1.39127,0
2026-06-04 07:59,1.39093,1.3911,1.3906,1.39099,0
2026-06-04 08:00,1.3904,1.391,1.3904,1.39092,0
2026-06-04 08:01,1.39089,1.39093,1.3903,1.39073,0
2026-06-04 08:02,1.39102,1.3911,1.3905,1.3909,0
2026-06-04 08:03,1.39107,1.39114,1.3905,1.39098,0
2026-06-04 08:04,1.39113,1.39113,1.3906,1.39108,0
2026-06-04 08:05,1.39112,1.39114,1.3906,1.39113,0
2026-06-04 08:06,1.39127,1.39133,1.3908,1.39109,0
2026-06-04 08:07,1.39126,1.39133,1.3909,1.39128,0
2026-06-04 08:08,1.3909,1.39131,1.3909,1.39126,0
2026-06-04 08:09,1.39127,1.39133,1.3907,1.39121,0
2026-06-04 08:10,1.3907,1.39137,1.3907,1.39125,0
2026-06-04 08:11,1.39117,1.39125,1.3907,1.39117,0
2026-06-04 08:12,1.39127,1.39129,1.3907,1.39117,0
2026-06-04 08:13,1.39118,1.39131,1.3908,1.39123,0
2026-06-04 08:14,1.39114,1.39122,1.3907,1.39113,0
2026-06-04 08:15,1.39118,1.39125,1.3907,1.39117,0
2026-06-04 08:16,1.3912,1.3913,1.3907,1.39118,0
2026-06-04 08:17,1.39127,1.39131,1.3907,1.3912,0
2026-06-04 08:18,1.39134,1.39141,1.3908,1.39127,0
2026-06-04 08:19,1.39132,1.39138,1.3909,1.39134,0
2026-06-04 08:20,1.3914,1.3915,1.3909,1.39133,0
2026-06-04 08:21,1.39145,1.39151,1.391,1.39145,0
2026-06-04 08:22,1.39136,1.39151,1.391,1.3912,0
2026-06-04 08:23,1.39139,1.39146,1.3908,1.39132,0
2026-06-04 08:24,1.39147,1.39149,1.3909,1.3911,0
2026-06-04 08:25,1.39164,1.39168,1.391,1.39149,0
2026-06-04 08:26,1.3916,1.39174,1.3912,1.3912,0
2026-06-04 08:27,1.39167,1.39172,1.3912,1.39159,0
2026-06-04 08:28,1.39166,1.39174,1.3913,1.39166,0
2026-06-04 08:29,1.39178,1.3918,1.3914,1.39166,0
2026-06-04 08:30,1.39182,1.39189,1.3913,1.39173,0
2026-06-04 08:31,1.39177,1.3919,1.3914,1.39179,0
2026-06-04 08:32,1.39181,1.39182,1.3914,1.39174,0
2026-06-04 08:33,1.39196,1.39206,1.3914,1.39176,0
2026-06-04 08:34,1.39191,1.39202,1.3915,1.39197,0
2026-06-04 08:35,1.39194,1.39199,1.3916,1.39193,0
2026-06-04 08:36,1.39206,1.3921,1.3915,1.39195,0
2026-06-04 08:37,1.39213,1.39227,1.3917,1.39209,0
2026-06-04 08:38,1.39222,1.39227,1.3916,1.39214,0
2026-06-04 08:39,1.39241,1.39249,1.3919,1.39223,0
2026-06-04 08:40,1.3921,1.39249,1.392,1.39239,0
2026-06-04 08:41,1.3921,1.3925,1.3921,1.39246,0
2026-06-04 08:42,1.39233,1.39251,1.3919,1.39243,0
2026-06-04 08:43,1.39235,1.3924,1.3918,1.39234,0
2026-06-04 08:44,1.392,1.39245,1.392,1.39236,0
2026-06-04 08:45,1.3919,1.39246,1.3919,1.39239,0
2026-06-04 08:46,1.39242,1.3925,1.3919,1.39237,0
2026-06-04 08:47,1.3921,1.39248,1.3921,1.39241,0
2026-06-04 08:48,1.39234,1.39248,1.392,1.39242,0
2026-06-04 08:49,1.39235,1.39241,1.3919,1.39232,0
2026-06-04 08:50,1.39235,1.39245,1.3919,1.3921,0
2026-06-04 08:51,1.39228,1.3924,1.3918,1.39239,0
2026-06-04 08:52,1.39222,1.39234,1.3918,1.39228,0
2026-06-04 08:53,1.39221,1.3923,1.3919,1.39227,0
2026-06-04 08:54,1.39224,1.39232,1.3917,1.39222,0
2026-06-04 08:55,1.39221,1.39232,1.3919,1.3919,0
2026-06-04 08:56,1.39222,1.3923,1.3917,1.3922,0
2026-06-04 08:57,1.39229,1.39229,1.3919,1.39221,0
2026-06-04 08:58,1.39223,1.39235,1.3917,1.39224,0
2026-06-04 08:59,1.3922,1.39232,1.3917,1.3922,0
2026-06-04 09:00,1.39215,1.39225,1.3916,1.39224,0
2026-06-04 09:01,1.39212,1.3922,1.3918,1.3921,0
2026-06-04 09:02,1.39212,1.3922,1.3916,1.39212,0
2026-06-04 09:03,1.392,1.39216,1.3915,1.39208,0
2026-06-04 09:04,1.39203,1.39206,1.3915,1.392,0
2026-06-04 09:05,1.39204,1.39217,1.3916,1.39202,0
2026-06-04 09:06,1.39212,1.39218,1.3917,1.39204,0
2026-06-04 09:07,1.39214,1.39223,1.3918,1.39212,0
2026-06-04 09:08,1.3916,1.39217,1.3916,1.39215,0
2026-06-04 09:09,1.39212,1.3922,1.3916,1.3921,0
2026-06-04 09:10,1.39205,1.3922,1.3916,1.3921,0
2026-06-04 09:11,1.39207,1.39215,1.3918,1.39205,0
2026-06-04 09:12,1.39204,1.39213,1.3917,1.39205,0
2026-06-04 09:13,1.39198,1.39209,1.3915,1.39204,0
2026-06-04 09:14,1.3919,1.39206,1.3915,1.39198,0
2026-06-04 09:15,1.39181,1.39191,1.3915,1.39186,0
2026-06-04 09:16,1.39175,1.39184,1.3913,1.39176,0
2026-06-04 09:17,1.3917,1.3919,1.3914,1.39179,0
2026-06-04 09:18,1.39164,1.39175,1.3912,1.39169,0
2026-06-04 09:19,1.39165,1.39172,1.3914,1.39165,0
2026-06-04 09:20,1.3914,1.39178,1.3912,1.39162,0
2026-06-04 09:21,1.3914,1.39177,1.3914,1.39171,0
2026-06-04 09:22,1.39166,1.39172,1.3913,1.39165,0
2026-06-04 09:23,1.3915,1.3918,1.3912,1.39165,0
2026-06-04 09:24,1.3915,1.39181,1.3912,1.3917,0
2026-06-04 09:25,1.39165,1.3918,1.3914,1.39177,0
2026-06-04 09:26,1.39156,1.3917,1.3912,1.3914,0
2026-06-04 09:27,1.39145,1.39162,1.3911,1.3913,0
2026-06-04 09:28,1.39159,1.39164,1.391,1.39146,0
2026-06-04 09:29,1.39155,1.39166,1.3911,1.39159,0
2026-06-04 09:30,1.39137,1.39163,1.3911,1.3914,0
2026-06-04 09:31,1.39163,1.39168,1.391,1.39141,0
2026-06-04 09:32,1.39159,1.39168,1.3912,1.39168,0
2026-06-04 09:33,1.3916,1.39167,1.3911,1.39154,0
2026-06-04 09:34,1.3916,1.39166,1.3912,1.3913,0
2026-06-04 09:35,1.3915,1.39164,1.391,1.3916,0
2026-06-04 09:36,1.39146,1.39157,1.391,1.3915,0
2026-06-04 09:37,1.39161,1.39166,1.391,1.39146,0
2026-06-04 09:38,1.39162,1.3917,1.3912,1.3913,0
2026-06-04 09:39,1.3916,1.39169,1.3913,1.39162,0
2026-06-04 09:40,1.39165,1.39168,1.3911,1.3916,0
2026-06-04 09:41,1.39164,1.3917,1.3911,1.39164,0
2026-06-04 09:42,1.3915,1.39182,1.3913,1.39168,0
2026-06-04 09:43,1.3917,1.39176,1.3912,1.39174,0
2026-06-04 09:44,1.3914,1.3918,1.3914,1.3917,0
2026-06-04 09:45,1.39179,1.39183,1.3914,1.39171,0
2026-06-04 09:46,1.3915,1.39183,1.3914,1.39178,0
2026-06-04 09:47,1.39156,1.39179,1.3912,1.39173,0
2026-06-04 09:48,1.3914,1.39173,1.3912,1.39159,0
2026-06-04 09:49,1.39178,1.39183,1.3914,1.39167,0
2026-06-04 09:50,1.39179,1.39188,1.3913,1.39179,0
2026-06-04 09:51,1.39175,1.39181,1.3914,1.39173,0
2026-06-04 09:52,1.39183,1.3919,1.3914,1.39171,0
2026-06-04 09:53,1.3919,1.39191,1.3915,1.39183,0
2026-06-04 09:54,1.39174,1.39196,1.3915,1.39184,0
2026-06-04 09:55,1.3913,1.3918,1.3913,1.39174,0
2026-06-04 09:56,1.3914,1.39164,1.3911,1.39156,0
2026-06-04 09:57,1.3911,1.39167,1.3911,1.39156,0
2026-06-04 09:58,1.3913,1.3917,1.3911,1.39159,0
2026-06-04 09:59,1.39161,1.39172,1.3911,1.39165,0
2026-06-04 10:00,1.39156,1.39167,1.3912,1.39161,0
2026-06-04 10:01,1.39148,1.39162,1.3912,1.39156,0
2026-06-04 10:02,1.39152,1.39162,1.3912,1.39148,0
2026-06-04 10:03,1.39123,1.39158,1.3909,1.39158,0
2026-06-04 10:04,1.39142,1.39144,1.3908,1.39123,0
2026-06-04 10:05,1.39143,1.39147,1.391,1.39137,0
2026-06-04 10:06,1.3911,1.39145,1.3909,1.39144,0
2026-06-04 10:07,1.39132,1.39143,1.391,1.39138,0
2026-06-04 10:08,1.391,1.39139,1.3908,1.3913,0
2026-06-04 10:09,1.39131,1.39145,1.391,1.39134,0
2026-06-04 10:10,1.39118,1.39139,1.3908,1.3913,0
2026-06-04 10:11,1.39103,1.39126,1.3906,1.39126,0
2026-06-04 10:12,1.39109,1.3912,1.3906,1.39103,0
2026-06-04 10:13,1.39111,1.39113,1.3906,1.3906,0
2026-06-04 10:14,1.3907,1.39116,1.3905,1.39107,0
2026-06-04 10:15,1.39107,1.39113,1.3906,1.3907,0
2026-06-04 10:16,1.39103,1.39113,1.3907,1.39104,0
2026-06-04 10:17,1.39086,1.39105,1.3905,1.3907,0
2026-06-04 10:18,1.39079,1.39093,1.3903,1.39086,0
2026-06-04 10:19,1.39081,1.39086,1.3903,1.39082,0
2026-06-04 10:20,1.39081,1.39087,1.3903,1.39081,0
2026-06-04 10:21,1.39074,1.39085,1.3903,1.39084,0
2026-06-04 10:22,1.39085,1.39086,1.3903,1.39074,0
2026-06-04 10:23,1.39068,1.39086,1.3904,1.39086,0
2026-06-04 10:24,1.39065,1.39076,1.3903,1.3907,0
2026-06-04 10:25,1.39064,1.39068,1.3901,1.39061,0
2026-06-04 10:26,1.39066,1.39072,1.3903,1.39062,0
2026-06-04 10:27,1.39045,1.39066,1.3902,1.39062,0
2026-06-04 10:28,1.39056,1.39056,1.3901,1.39047,0
2026-06-04 10:29,1.39053,1.39066,1.3902,1.39053,0
2026-06-04 10:30,1.39053,1.39059,1.3901,1.39051,0
2026-06-04 10:31,1.39055,1.39057,1.39,1.39049,0
2026-06-04 10:32,1.3899,1.39057,1.3899,1.3905,0
2026-06-04 10:33,1.3904,1.39044,1.3899,1.39037,0
2026-06-04 10:34,1.39047,1.39052,1.3899,1.39041,0
2026-06-04 10:35,1.39047,1.39058,1.39,1.39048,0
2026-06-04 10:36,1.39057,1.39065,1.3901,1.39048,0
2026-06-04 10:37,1.39042,1.39061,1.3902,1.39057,0
2026-06-04 10:38,1.3901,1.39046,1.3899,1.39043,0
2026-06-04 10:39,1.39046,1.39052,1.39,1.39045,0
2026-06-04 10:40,1.3899,1.39046,1.3899,1.39042,0
2026-06-04 10:41,1.39043,1.39046,1.3899,1.3904,0
2026-06-04 10:42,1.3899,1.39045,1.3899,1.39038,0
2026-06-04 10:43,1.39045,1.39052,1.3899,1.39038,0
2026-06-04 10:44,1.3901,1.39049,1.39,1.39045,0
2026-06-04 10:45,1.3903,1.3904,1.39,1.39035,0
2026-06-04 10:46,1.3903,1.39036,1.39,1.39034,0
2026-06-04 10:47,1.39022,1.39041,1.3898,1.3903,0
2026-06-04 10:48,1.3899,1.39035,1.3898,1.39022,0
2026-06-04 10:49,1.3899,1.39035,1.3898,1.39025,0
2026-06-04 10:50,1.39025,1.39029,1.3899,1.3902,0
2026-06-04 10:51,1.39,1.39033,1.3899,1.39021,0
2026-06-04 10:52,1.39,1.3903,1.3899,1.39023,0
2026-06-04 10:53,1.3898,1.39027,1.3898,1.39024,0
2026-06-04 10:54,1.39004,1.39017,1.3897,1.3901,0
2026-06-04 10:55,1.39019,1.3902,1.3896,1.39009,0
2026-06-04 10:56,1.39013,1.39024,1.3897,1.3898,0
2026-06-04 10:57,1.39017,1.39024,1.3897,1.3898,0
2026-06-04 10:58,1.39007,1.39023,1.3896,1.39017,0
2026-06-04 10:59,1.38997,1.39012,1.3895,1.39007,0
2026-06-04 11:00,1.39007,1.39011,1.3895,1.39,0
2026-06-04 11:01,1.39002,1.3901,1.3895,1.39007,0
2026-06-04 11:02,1.39005,1.39008,1.3897,1.39002,0
2026-06-04 11:03,1.39008,1.39012,1.3896,1.39,0
2026-06-04 11:04,1.3897,1.39015,1.3897,1.39008,0
2026-06-04 11:05,1.39,1.39004,1.3894,1.38996,0
2026-06-04 11:06,1.39006,1.3901,1.3896,1.39001,0
2026-06-04 11:07,1.39012,1.39015,1.3896,1.39007,0
2026-06-04 11:08,1.3898,1.39016,1.3897,1.3901,0
2026-06-04 11:09,1.39001,1.39016,1.3897,1.3901,0
2026-06-04 11:10,1.38996,1.39006,1.3896,1.38999,0
2026-06-04 11:11,1.3899,1.39004,1.3895,1.38996,0
2026-06-04 11:12,1.38977,1.3899,1.3893,1.38978,0
2026-06-04 11:13,1.38997,1.39001,1.3893,1.38977,0
2026-06-04 11:14,1.39001,1.39006,1.3895,1.38997,0
2026-06-04 11:15,1.38991,1.39003,1.3895,1.39,0
2026-06-04 11:16,1.3899,1.39001,1.3894,1.38995,0
2026-06-04 11:17,1.38983,1.38995,1.3895,1.3899,0
2026-06-04 11:18,1.38989,1.38992,1.3894,1.38982,0
2026-06-04 11:19,1.38991,1.39,1.3895,1.38987,0
2026-06-04 11:20,1.39001,1.39009,1.3896,1.3899,0
2026-06-04 11:21,1.3898,1.39017,1.3896,1.39005,0
2026-06-04 11:22,1.3902,1.39034,1.3898,1.3901,0
2026-06-04 11:23,1.3901,1.39024,1.3897,1.39017,0
2026-06-04 11:24,1.39013,1.39017,1.3898,1.3901,0
2026-06-04 11:25,1.3898,1.39017,1.3897,1.39014,0
2026-06-04 11:26,1.39013,1.39015,1.3897,1.39001,0
2026-06-04 11:27,1.39014,1.39015,1.3897,1.3901,0
2026-06-04 11:28,1.39009,1.39017,1.3898,1.3901,0
2026-06-04 11:29,1.39001,1.3902,1.3896,1.39012,0
2026-06-04 11:30,1.39011,1.39016,1.3896,1.39001,0
2026-06-04 11:31,1.39005,1.39016,1.3898,1.3901,0
2026-06-04 11:32,1.39004,1.3901,1.3897,1.39005,0
2026-06-04 11:33,1.3897,1.3901,1.3897,1.39004,0
2026-06-04 11:34,1.38993,1.39005,1.3895,1.39001,0
2026-06-04 11:35,1.38989,1.38998,1.3894,1.38993,0
2026-06-04 11:36,1.38979,1.38996,1.3894,1.38989,0
2026-06-04 11:37,1.38985,1.38985,1.3893,1.3898,0
2026-06-04 11:38,1.3894,1.38992,1.3893,1.38982,0
2026-06-04 11:39,1.38983,1.38992,1.3894,1.38987,0
2026-06-04 11:40,1.3896,1.38993,1.3895,1.38985,0
2026-06-04 11:41,1.3893,1.38995,1.3893,1.3896,0
2026-06-04 11:42,1.38977,1.38983,1.3893,1.38978,0
2026-06-04 11:43,1.38979,1.38984,1.3893,1.38977,0
2026-06-04 11:44,1.38982,1.38989,1.3893,1.3893,0
2026-06-04 11:45,1.3898,1.38987,1.3893,1.38982,0
2026-06-04 11:46,1.3893,1.38985,1.3893,1.38979,0
2026-06-04 11:47,1.38974,1.38985,1.3893,1.38978,0
2026-06-04 11:48,1.38973,1.38977,1.3892,1.38974,0
2026-06-04 11:49,1.38987,1.38989,1.3893,1.3897,0
2026-06-04 11:50,1.38988,1.38996,1.3895,1.38983,0
2026-06-04 11:51,1.38991,1.39,1.3894,1.38992,0
2026-06-04 11:52,1.38992,1.38997,1.3894,1.38992,0
2026-06-04 11:53,1.38994,1.39005,1.3896,1.38991,0
2026-06-04 11:54,1.39001,1.39006,1.3895,1.38999,0
2026-06-04 11:55,1.39012,1.3902,1.3896,1.39005,0
2026-06-04 11:56,1.38995,1.39012,1.3896,1.39009,0
2026-06-04 11:57,1.3899,1.39013,1.3895,1.38994,0
2026-06-04 11:58,1.39006,1.39015,1.3896,1.39007,0
2026-06-04 11:59,1.38998,1.39011,1.3895,1.3901,0
2026-06-04 12:00,1.38987,1.39002,1.3895,1.38999,0
2026-06-04 12:01,1.38973,1.38992,1.3894,1.38987,0
2026-06-04 12:02,1.38967,1.3898,1.3892,1.38973,0
2026-06-04 12:03,1.38961,1.38973,1.3891,1.38967,0
2026-06-04 12:04,1.38962,1.38967,1.3891,1.38963,0
2026-06-04 12:05,1.38971,1.38979,1.3893,1.38963,0
2026-06-04 12:06,1.38975,1.38978,1.3893,1.38977,0
2026-06-04 12:07,1.3898,1.3899,1.3894,1.38971,0
2026-06-04 12:08,1.3898,1.38994,1.3894,1.38983,0
2026-06-04 12:09,1.38962,1.38984,1.3891,1.38984,0
2026-06-04 12:10,1.38967,1.38982,1.3892,1.38959,0
2026-06-04 12:11,1.38975,1.38976,1.3892,1.38968,0
2026-06-04 12:12,1.38974,1.38987,1.3893,1.38972,0
2026-06-04 12:13,1.38962,1.38978,1.3892,1.38973,0
2026-06-04 12:14,1.38971,1.38976,1.3892,1.38962,0
2026-06-04 12:15,1.3892,1.3898,1.3892,1.38972,0
2026-06-04 12:16,1.3895,1.38971,1.389,1.38966,0
2026-06-04 12:17,1.38941,1.38952,1.3889,1.38947,0
2026-06-04 12:18,1.38947,1.38955,1.389,1.38937,0
2026-06-04 12:19,1.38936,1.38952,1.3889,1.3892,0
2026-06-04 12:20,1.38926,1.38945,1.3889,1.38937,0
2026-06-04 12:21,1.38923,1.38933,1.3889,1.3889,0
2026-06-04 12:22,1.38922,1.38934,1.3888,1.38925,0
2026-06-04 12:23,1.38926,1.3893,1.3888,1.3889,0
2026-06-04 12:24,1.38928,1.3894,1.3889,1.38925,0
2026-06-04 12:25,1.3892,1.38946,1.3888,1.38928,0
2026-06-04 12:26,1.38929,1.38934,1.3889,1.3892,0
2026-06-04 12:27,1.389,1.38941,1.389,1.38929,0
2026-06-04 12:28,1.38923,1.38932,1.3888,1.38928,0
2026-06-04 12:29,1.3892,1.3893,1.3889,1.38924,0
2026-06-04 12:30,1.38907,1.38923,1.3886,1.389,0
2026-06-04 12:31,1.38938,1.38938,1.3886,1.38908,0
2026-06-04 12:32,1.38948,1.3895,1.389,1.38933,0
2026-06-04 12:33,1.38938,1.38955,1.3891,1.38943,0
2026-06-04 12:34,1.38951,1.38952,1.3891,1.38939,0
2026-06-04 12:35,1.38949,1.38961,1.3891,1.38946,0
2026-06-04 12:36,1.38953,1.3896,1.3892,1.38954,0
2026-06-04 12:37,1.38952,1.38957,1.3891,1.38953,0
2026-06-04 12:38,1.38934,1.38952,1.3889,1.38949,0
2026-06-04 12:39,1.38918,1.38941,1.3887,1.38934,0
2026-06-04 12:40,1.38911,1.38926,1.3887,1.38914,0
2026-06-04 12:41,1.38913,1.38921,1.3887,1.3888,0
2026-06-04 12:42,1.3892,1.38923,1.3888,1.38915,0
2026-06-04 12:43,1.3889,1.38927,1.3887,1.38916,0
2026-06-04 12:44,1.38907,1.3892,1.3887,1.38916,0
2026-06-04 12:45,1.38909,1.38912,1.3886,1.38906,0
2026-06-04 12:46,1.38909,1.3891,1.3885,1.38903,0
2026-06-04 12:47,1.38908,1.38913,1.3887,1.38904,0
2026-06-04 12:48,1.38916,1.38922,1.3888,1.38912,0
2026-06-04 12:49,1.38906,1.3892,1.3886,1.3888,0
2026-06-04 12:50,1.38904,1.38914,1.3887,1.38907,0
2026-06-04 12:51,1.38921,1.38922,1.3887,1.3889,0
2026-06-04 12:52,1.38913,1.38921,1.3886,1.38915,0
2026-06-04 12:53,1.38916,1.38921,1.3886,1.3886,0
2026-06-04 12:54,1.389,1.38921,1.3888,1.38921,0
2026-06-04 12:55,1.3891,1.3894,1.3889,1.38915,0
2026-06-04 12:56,1.3891,1.38956,1.389,1.38934,0
2026-06-04 12:57,1.38934,1.38942,1.3889,1.38936,0
2026-06-04 12:58,1.38936,1.38947,1.389,1.3893,0
2026-06-04 12:59,1.38941,1.38947,1.389,1.38935,0
2026-06-04 13:00,1.38933,1.38951,1.3889,1.3891,0
2026-06-04 13:01,1.3894,1.3895,1.3889,1.38932,0
2026-06-04 13:02,1.38938,1.38944,1.389,1.3894,0
2026-06-04 13:03,1.38951,1.38955,1.389,1.38933,0
2026-06-04 13:04,1.38962,1.38966,1.3891,1.38951,0
2026-06-04 13:05,1.38963,1.38971,1.3892,1.38965,0
2026-06-04 13:06,1.38944,1.38969,1.3891,1.38967,0
2026-06-04 13:07,1.3894,1.3895,1.3891,1.38945,0
2026-06-04 13:08,1.3896,1.3896,1.389,1.38936,0
2026-06-04 13:09,1.38955,1.38974,1.3892,1.3893,0
2026-06-04 13:10,1.38935,1.38959,1.389,1.3893,0
2026-06-04 13:11,1.38969,1.38976,1.389,1.38934,0
2026-06-04 13:12,1.38969,1.3898,1.3892,1.38969,0
2026-06-04 13:13,1.3893,1.38968,1.389,1.38964,0
2026-06-04 13:14,1.3896,1.38963,1.3891,1.38953,0
2026-06-04 13:15,1.38976,1.3898,1.3891,1.38957,0
2026-06-04 13:16,1.38963,1.38982,1.3891,1.3898,0
2026-06-04 13:17,1.38941,1.38962,1.3889,1.38959,0
2026-06-04 13:18,1.38954,1.38961,1.389,1.38941,0
2026-06-04 13:19,1.38947,1.38961,1.3892,1.38955,0
2026-06-04 13:20,1.3891,1.38957,1.3889,1.38949,0
2026-06-04 13:21,1.38945,1.38952,1.389,1.38943,0
2026-06-04 13:22,1.38923,1.38951,1.3888,1.38944,0
2026-06-04 13:23,1.389,1.38931,1.3887,1.38921,0
2026-06-04 13:24,1.38917,1.38927,1.3887,1.38919,0
2026-06-04 13:25,1.38927,1.38937,1.3889,1.38917,0
2026-06-04 13:26,1.38926,1.38936,1.3888,1.38927,0
2026-06-04 13:27,1.389,1.38936,1.3888,1.38926,0
2026-06-04 13:28,1.38903,1.38921,1.3887,1.38916,0
2026-06-04 13:29,1.38917,1.38925,1.3886,1.38903,0
2026-06-04 13:30,1.38902,1.38926,1.3885,1.38917,0
2026-06-04 13:31,1.38915,1.3892,1.3887,1.38904,0
2026-06-04 13:32,1.38917,1.3894,1.3888,1.38913,0
2026-06-04 13:33,1.38919,1.38928,1.3887,1.38914,0
2026-06-04 13:34,1.38909,1.3892,1.3887,1.38917,0
2026-06-04 13:35,1.38918,1.3893,1.3887,1.3891,0
2026-06-04 13:36,1.38927,1.38938,1.3888,1.38917,0
2026-06-04 13:37,1.38929,1.38933,1.3888,1.38926,0
2026-06-04 13:38,1.3894,1.38943,1.3889,1.38925,0
2026-06-04 13:39,1.38937,1.38945,1.3889,1.38938,0
2026-06-04 13:40,1.38942,1.3895,1.3889,1.38937,0
2026-06-04 13:41,1.38936,1.38951,1.3889,1.38942,0
2026-06-04 13:42,1.38928,1.38945,1.3889,1.3894,0
2026-06-04 13:43,1.38928,1.38939,1.3888,1.38932,0
2026-06-04 13:44,1.38908,1.38933,1.3886,1.38932,0
2026-06-04 13:45,1.38894,1.38912,1.3885,1.38911,0
2026-06-04 13:46,1.38899,1.38907,1.3885,1.38898,0
2026-06-04 13:47,1.38894,1.38906,1.3884,1.389,0
2026-06-04 13:48,1.3887,1.38901,1.3885,1.38892,0
2026-06-04 13:49,1.38887,1.389,1.3884,1.38888,0
2026-06-04 13:50,1.3887,1.38902,1.3884,1.38887,0
2026-06-04 13:51,1.38898,1.38907,1.3885,1.38891,0
2026-06-04 13:52,1.38895,1.38904,1.3885,1.38899,0
2026-06-04 13:53,1.3889,1.3891,1.3886,1.38895,0
2026-06-04 13:54,1.38879,1.38895,1.3883,1.3889,0
2026-06-04 13:55,1.3884,1.38894,1.3884,1.3888,0
2026-06-04 13:56,1.3884,1.38898,1.3884,1.38887,0
2026-06-04 13:57,1.3887,1.38901,1.3884,1.3889,0
2026-06-04 13:58,1.3887,1.38906,1.3885,1.38896,0
2026-06-04 13:59,1.38903,1.38909,1.3885,1.38898,0
2026-06-04 14:00,1.38899,1.38914,1.3885,1.38904,0
2026-06-04 14:01,1.3889,1.38904,1.3885,1.3888,0
2026-06-04 14:02,1.38883,1.38895,1.3885,1.3887,0
2026-06-04 14:03,1.38901,1.38903,1.3884,1.38882,0
2026-06-04 14:04,1.38889,1.38907,1.3884,1.38897,0
2026-06-04 14:05,1.38892,1.38897,1.3884,1.38887,0
2026-06-04 14:06,1.38903,1.3891,1.3886,1.38893,0
2026-06-04 14:07,1.38901,1.38907,1.3885,1.38902,0
2026-06-04 14:08,1.3888,1.38915,1.3886,1.38897,0
2026-06-04 14:09,1.38907,1.38919,1.3886,1.38909,0
2026-06-04 14:10,1.38908,1.38912,1.3886,1.38908,0
2026-06-04 14:11,1.38924,1.38926,1.3887,1.38906,0
2026-06-04 14:12,1.38935,1.38939,1.3888,1.38922,0
2026-06-04 14:13,1.38936,1.38948,1.3889,1.38933,0
2026-06-04 14:14,1.38941,1.38942,1.3888,1.3894,0
2026-06-04 14:15,1.38936,1.38943,1.3889,1.3894,0
2026-06-04 14:16,1.38936,1.3895,1.389,1.3894,0
2026-06-04 14:17,1.38929,1.38942,1.3889,1.3894,0
2026-06-04 14:18,1.38935,1.3894,1.3888,1.38925,0
2026-06-04 14:19,1.38925,1.3894,1.3888,1.38936,0
2026-06-04 14:20,1.3892,1.38938,1.3888,1.38927,0
2026-06-04 14:21,1.38911,1.38928,1.3888,1.38923,0
2026-06-04 14:22,1.38905,1.38915,1.3886,1.38915,0
2026-06-04 14:23,1.38915,1.38921,1.3886,1.38908,0
2026-06-04 14:24,1.38932,1.38937,1.3888,1.38915,0
2026-06-04 14:25,1.38939,1.38943,1.3888,1.38928,0
2026-06-04 14:26,1.38942,1.38947,1.3889,1.38938,0
2026-06-04 14:27,1.3894,1.38946,1.3891,1.38946,0
2026-06-04 14:28,1.38938,1.38943,1.3888,1.38943,0
2026-06-04 14:29,1.38925,1.38942,1.3888,1.38936,0
2026-06-04 14:30,1.38914,1.38925,1.3886,1.38923,0
2026-06-04 14:31,1.38917,1.38938,1.3888,1.38914,0
2026-06-04 14:32,1.38905,1.38921,1.3886,1.3892,0
2026-06-04 14:33,1.38898,1.38912,1.3886,1.38907,0
2026-06-04 14:34,1.3889,1.38906,1.3884,1.38896,0
2026-06-04 14:35,1.38891,1.38899,1.3884,1.3889,0
2026-06-04 14:36,1.3889,1.389,1.3884,1.38895,0
2026-06-04 14:37,1.38881,1.38891,1.3884,1.38888,0
2026-06-04 14:38,1.38882,1.38891,1.3883,1.38882,0
2026-06-04 14:39,1.38853,1.38882,1.3883,1.38878,0
2026-06-04 14:40,1.38846,1.38861,1.388,1.38853,0
2026-06-04 14:41,1.3879,1.38856,1.3879,1.38843,0
2026-06-04 14:42,1.3885,1.38857,1.388,1.38837,0
2026-06-04 14:43,1.38849,1.38862,1.388,1.3885,0
2026-06-04 14:44,1.38819,1.38852,1.3877,1.3882,0
2026-06-04 14:45,1.38829,1.38834,1.3876,1.38824,0
2026-06-04 14:46,1.38839,1.38847,1.3878,1.38828,0
2026-06-04 14:47,1.3887,1.38872,1.3879,1.38839,0
2026-06-04 14:48,1.38868,1.38878,1.3882,1.38871,0
2026-06-04 14:49,1.3887,1.38876,1.3882,1.38867,0
2026-06-04 14:50,1.38855,1.38876,1.3882,1.38865,0
2026-06-04 14:51,1.38856,1.3887,1.3881,1.38855,0
2026-06-04 14:52,1.38866,1.3887,1.3882,1.38856,0
2026-06-04 14:53,1.38883,1.38896,1.3883,1.3884,0
2026-06-04 14:54,1.38867,1.38887,1.3882,1.38881,0
2026-06-04 14:55,1.38886,1.38894,1.3884,1.3884,0
2026-06-04 14:56,1.38869,1.38898,1.3883,1.38887,0
2026-06-04 14:57,1.3883,1.3888,1.3883,1.38871,0
2026-06-04 14:58,1.38864,1.38877,1.3881,1.38865,0
2026-06-04 14:59,1.3887,1.38875,1.3881,1.38861,0
2026-06-04 15:00,1.38857,1.38875,1.3881,1.38869,0
2026-06-04 15:01,1.38871,1.38876,1.3882,1.38857,0
2026-06-04 15:02,1.38887,1.38891,1.3882,1.38871,0
2026-06-04 15:03,1.38893,1.38897,1.3883,1.38885,0
2026-06-04 15:04,1.38897,1.38902,1.3884,1.38895,0
2026-06-04 15:05,1.38896,1.38901,1.3884,1.38897,0
2026-06-04 15:06,1.38888,1.389,1.3884,1.3886,0
2026-06-04 15:07,1.38899,1.38903,1.3884,1.38889,0
2026-06-04 15:08,1.38898,1.38903,1.3884,1.38892,0
2026-06-04 15:09,1.38892,1.389,1.3884,1.38893,0
2026-06-04 15:10,1.38888,1.38901,1.3884,1.38893,0
2026-06-04 15:11,1.38882,1.38892,1.3883,1.38892,0
2026-06-04 15:12,1.38873,1.38884,1.3882,1.38883,0
2026-06-04 15:13,1.38862,1.38873,1.3882,1.38868,0
2026-06-04 15:14,1.38866,1.38876,1.3883,1.38862,0
2026-06-04 15:15,1.38857,1.38874,1.3883,1.38866,0
2026-06-04 15:16,1.38857,1.38871,1.3881,1.38857,0
2026-06-04 15:17,1.38858,1.38866,1.3881,1.38859,0
2026-06-04 15:18,1.38862,1.38867,1.3882,1.38857,0
2026-06-04 15:19,1.38857,1.38875,1.3881,1.38862,0
2026-06-04 15:20,1.38859,1.38867,1.3881,1.38857,0
2026-06-04 15:21,1.3886,1.38872,1.3882,1.38858,0
2026-06-04 15:22,1.38869,1.38872,1.3883,1.3886,0
2026-06-04 15:23,1.3883,1.38876,1.3882,1.38865,0
2026-06-04 15:24,1.3888,1.38882,1.3882,1.38862,0
2026-06-04 15:25,1.38866,1.38885,1.3882,1.38877,0
2026-06-04 15:26,1.38868,1.38876,1.3882,1.3887,0
2026-06-04 15:27,1.3883,1.38885,1.3882,1.38873,0
2026-06-04 15:28,1.38897,1.38904,1.3883,1.38879,0
2026-06-04 15:29,1.38895,1.38905,1.3885,1.38899,0
2026-06-04 15:30,1.3888,1.38911,1.3886,1.38891,0
2026-06-04 15:31,1.38917,1.38918,1.3885,1.38907,0
2026-06-04 15:32,1.38908,1.38918,1.3886,1.38913,0
2026-06-04 15:33,1.38905,1.38913,1.3887,1.38913,0
2026-06-04 15:34,1.3892,1.38926,1.3887,1.38906,0
2026-06-04 15:35,1.38927,1.38937,1.3888,1.3892,0
2026-06-04 15:36,1.38949,1.38952,1.3889,1.38926,0
2026-06-04 15:37,1.38971,1.38976,1.3891,1.38951,0
2026-06-04 15:38,1.38956,1.38972,1.3892,1.38968,0
2026-06-04 15:39,1.38954,1.38968,1.3891,1.38956,0
2026-06-04 15:40,1.38951,1.38961,1.3891,1.38954,0
2026-06-04 15:41,1.38953,1.38957,1.3891,1.38956,0
2026-06-04 15:42,1.38931,1.38955,1.389,1.38949,0
2026-06-04 15:43,1.38943,1.38947,1.389,1.38931,0
2026-06-04 15:44,1.3892,1.38958,1.3891,1.38943,0
2026-06-04 15:45,1.38962,1.3897,1.389,1.38952,0
2026-06-04 15:46,1.3897,1.38977,1.3891,1.38963,0
2026-06-04 15:47,1.38971,1.38976,1.3893,1.38965,0
2026-06-04 15:48,1.3892,1.38974,1.3892,1.38967,0
2026-06-04 15:49,1.38952,1.38972,1.3892,1.38968,0
2026-06-04 15:50,1.3893,1.38957,1.389,1.38951,0
2026-06-04 15:51,1.38947,1.38961,1.389,1.38953,0
2026-06-04 15:52,1.38919,1.38951,1.3888,1.38947,0
2026-06-04 15:53,1.38933,1.38938,1.3887,1.38916,0
2026-06-04 15:54,1.3894,1.38955,1.3889,1.38934,0
2026-06-04 15:55,1.38917,1.38943,1.3889,1.38943,0
2026-06-04 15:56,1.38933,1.38935,1.3887,1.38917,0
2026-06-04 15:57,1.3893,1.38953,1.3889,1.3893,0
2026-06-04 15:58,1.38946,1.38952,1.3889,1.38946,0
2026-06-04 15:59,1.38937,1.38954,1.3889,1.38949,0
2026-06-04 16:00,1.389,1.38944,1.3888,1.38938,0
2026-06-04 16:01,1.3892,1.38954,1.389,1.38934,0
2026-06-04 16:02,1.3892,1.38957,1.3891,1.38951,0
2026-06-04 16:03,1.38931,1.38948,1.3888,1.38945,0
2026-06-04 16:04,1.3891,1.38948,1.3889,1.389,0
2026-06-04 16:05,1.38965,1.38968,1.389,1.38944,0
2026-06-04 16:06,1.38985,1.38987,1.3892,1.38964,0
2026-06-04 16:07,1.38982,1.38987,1.3893,1.38981,0
2026-06-04 16:08,1.38973,1.38986,1.3892,1.38983,0
2026-06-04 16:09,1.38981,1.38985,1.3893,1.38974,0
2026-06-04 16:10,1.38982,1.38986,1.3893,1.38984,0
2026-06-04 16:11,1.38979,1.38987,1.3893,1.38982,0
2026-06-04 16:12,1.38971,1.38986,1.3892,1.38978,0
2026-06-04 16:13,1.3898,1.3899,1.3893,1.38966,0
2026-06-04 16:14,1.38982,1.38988,1.3893,1.38982,0
2026-06-04 16:15,1.38992,1.39,1.3895,1.3898,0
2026-06-04 16:16,1.3899,1.39001,1.3895,1.3899,0
2026-06-04 16:17,1.38993,1.38998,1.3895,1.38991,0
2026-06-04 16:18,1.39016,1.39016,1.3896,1.38991,0
2026-06-04 16:19,1.39,1.39039,1.3897,1.39011,0
2026-06-04 16:20,1.3902,1.3905,1.3899,1.39034,0
2026-06-04 16:21,1.39026,1.39042,1.3898,1.39042,0
2026-06-04 16:22,1.39022,1.39032,1.3898,1.39026,0
2026-06-04 16:23,1.39025,1.39025,1.3897,1.39012,0
2026-06-04 16:24,1.39011,1.39026,1.3897,1.39025,0
2026-06-04 16:25,1.39015,1.3902,1.3897,1.39011,0
2026-06-04 16:26,1.39028,1.3904,1.3898,1.39016,0
2026-06-04 16:27,1.39021,1.39033,1.3899,1.39024,0
2026-06-04 16:28,1.39015,1.39026,1.3897,1.3899,0
2026-06-04 16:29,1.3901,1.39017,1.3896,1.39012,0
2026-06-04 16:30,1.39,1.39019,1.3896,1.3901,0
2026-06-04 16:31,1.38994,1.39003,1.3895,1.38997,0
2026-06-04 16:32,1.38997,1.39003,1.3896,1.38997,0
2026-06-04 16:33,1.39011,1.39022,1.3896,1.38995,0
2026-06-04 16:34,1.38999,1.39017,1.3897,1.39011,0
2026-06-04 16:35,1.38991,1.39012,1.3895,1.39002,0
2026-06-04 16:36,1.38985,1.39005,1.3895,1.3899,0
2026-06-04 16:37,1.38981,1.38989,1.3894,1.38988,0
2026-06-04 16:38,1.38981,1.38989,1.3895,1.38981,0
2026-06-04 16:39,1.38991,1.38992,1.3895,1.38981,0
2026-06-04 16:40,1.38974,1.3899,1.3894,1.38986,0
2026-06-04 16:41,1.38971,1.38985,1.3894,1.38973,0
2026-06-04 16:42,1.38987,1.38987,1.3894,1.3894,0
2026-06-04 16:43,1.38985,1.38991,1.3895,1.38984,0
2026-06-04 16:44,1.38981,1.38996,1.3895,1.38985,0
2026-06-04 16:45,1.38977,1.38995,1.3894,1.3898,0
2026-06-04 16:46,1.38974,1.38981,1.3894,1.3894,0
2026-06-04 16:47,1.38977,1.38987,1.3893,1.38978,0
2026-06-04 16:48,1.38971,1.38985,1.3893,1.38976,0
2026-06-04 16:49,1.3897,1.38981,1.3893,1.38972,0
2026-06-04 16:50,1.38951,1.38971,1.3892,1.38971,0
2026-06-04 16:51,1.3894,1.3896,1.3891,1.3895,0
2026-06-04 16:52,1.38945,1.38948,1.389,1.38941,0
2026-06-04 16:53,1.38941,1.3895,1.3891,1.38944,0
2026-06-04 16:54,1.38938,1.38948,1.389,1.38942,0
2026-06-04 16:55,1.38927,1.3894,1.3889,1.38937,0
2026-06-04 16:56,1.38918,1.38931,1.3887,1.38929,0
2026-06-04 16:57,1.38902,1.38923,1.3886,1.38918,0
2026-06-04 16:58,1.38901,1.38915,1.3885,1.38903,0
2026-06-04 16:59,1.38903,1.38913,1.3887,1.38901,0
2026-06-04 17:00,1.38904,1.38911,1.3885,1.38902,0
2026-06-04 17:01,1.38916,1.38917,1.3886,1.3891,0
2026-06-04 17:02,1.38911,1.3892,1.3888,1.38912,0
2026-06-04 17:03,1.38907,1.38916,1.3886,1.38906,0
2026-06-04 17:04,1.38911,1.38916,1.3886,1.38908,0
2026-06-04 17:05,1.38917,1.38922,1.3886,1.38917,0
2026-06-04 17:06,1.38908,1.38918,1.3886,1.3888,0
2026-06-04 17:07,1.389,1.38912,1.3885,1.38908,0
2026-06-04 17:08,1.38897,1.38913,1.3885,1.389,0
2026-06-04 17:09,1.38896,1.38904,1.3886,1.3887,0
2026-06-04 17:10,1.38894,1.38905,1.3886,1.38896,0
2026-06-04 17:11,1.38904,1.3891,1.3885,1.38895,0
2026-06-04 17:12,1.38907,1.38916,1.3886,1.38907,0
2026-06-04 17:13,1.38902,1.38908,1.3885,1.38905,0
2026-06-04 17:14,1.38907,1.38917,1.3887,1.38901,0
2026-06-04 17:15,1.38914,1.38917,1.3886,1.38907,0
2026-06-04 17:16,1.38923,1.3893,1.3888,1.38915,0
2026-06-04 17:17,1.38908,1.38922,1.3886,1.38918,0
2026-06-04 17:18,1.3889,1.38917,1.3886,1.38907,0
2026-06-04 17:19,1.38931,1.38936,1.3887,1.38909,0
2026-06-04 17:20,1.38934,1.38944,1.389,1.38931,0
2026-06-04 17:21,1.38932,1.38939,1.3888,1.38934,0
2026-06-04 17:22,1.389,1.38938,1.3889,1.3891,0
2026-06-04 17:23,1.38926,1.38932,1.3889,1.38927,0
2026-06-04 17:24,1.38949,1.38953,1.389,1.38927,0
2026-06-04 17:25,1.3892,1.38963,1.389,1.38948,0
2026-06-04 17:26,1.3895,1.3896,1.3892,1.38955,0
2026-06-04 17:27,1.3894,1.38953,1.3889,1.389,0
2026-06-04 17:28,1.389,1.38948,1.3889,1.38941,0
2026-06-04 17:29,1.38939,1.38941,1.389,1.38934,0
2026-06-04 17:30,1.38942,1.38947,1.389,1.38935,0
2026-06-04 17:31,1.3891,1.38964,1.3891,1.38943,0
2026-06-04 17:32,1.3897,1.38974,1.3891,1.38959,0
2026-06-04 17:33,1.38963,1.38974,1.3891,1.38971,0
2026-06-04 17:34,1.38969,1.38974,1.3892,1.38959,0
2026-06-04 17:35,1.38966,1.38976,1.3893,1.38969,0
2026-06-04 17:36,1.38952,1.38971,1.389,1.38966,0
2026-06-04 17:37,1.38951,1.38958,1.389,1.38951,0
2026-06-04 17:38,1.38955,1.38959,1.3892,1.38952,0
2026-06-04 17:39,1.38951,1.38957,1.3892,1.3892,0
2026-06-04 17:40,1.38961,1.38965,1.3892,1.38952,0
2026-06-04 17:41,1.38957,1.38962,1.3892,1.3896,0
2026-06-04 17:42,1.3893,1.3898,1.3892,1.38957,0
2026-06-04 17:43,1.38962,1.3897,1.3891,1.38961,0
2026-06-04 17:44,1.38971,1.38975,1.3893,1.38961,0
2026-06-04 17:45,1.38974,1.38979,1.3894,1.38975,0
2026-06-04 17:46,1.3892,1.3898,1.3892,1.38973,0
2026-06-04 17:47,1.38968,1.38976,1.3892,1.38968,0
2026-06-04 17:48,1.38964,1.38979,1.3893,1.38972,0
2026-06-04 17:49,1.3896,1.38975,1.3892,1.38966,0
2026-06-04 17:50,1.38963,1.38967,1.3893,1.38966,0
2026-06-04 17:51,1.38961,1.38968,1.3893,1.38962,0
2026-06-04 17:52,1.38978,1.38985,1.3891,1.3893,0
2026-06-04 17:53,1.3898,1.38987,1.3893,1.3898,0
2026-06-04 17:54,1.3894,1.38985,1.3893,1.38975,0
2026-06-04 17:55,1.3894,1.38984,1.3892,1.38973,0
2026-06-04 17:56,1.38956,1.38977,1.3892,1.38973,0
2026-06-04 17:57,1.389,1.38966,1.389,1.38956,0
2026-06-04 17:58,1.38957,1.38958,1.389,1.38948,0
2026-06-04 17:59,1.38962,1.38965,1.3891,1.38958,0
2026-06-04 18:00,1.38961,1.3897,1.3891,1.38963,0
2026-06-04 18:01,1.38954,1.38961,1.389,1.38957,0
2026-06-04 18:02,1.38957,1.38961,1.3892,1.38951,0
2026-06-04 18:03,1.38966,1.3897,1.3891,1.38956,0
2026-06-04 18:04,1.38964,1.38967,1.3891,1.38963,0
2026-06-04 18:05,1.38964,1.3897,1.3893,1.38967,0
2026-06-04 18:06,1.38974,1.38977,1.3893,1.38966,0
2026-06-04 18:07,1.38977,1.3898,1.3894,1.38974,0
2026-06-04 18:08,1.38983,1.38986,1.3894,1.38976,0
2026-06-04 18:09,1.38988,1.38996,1.3895,1.38982,0
2026-06-04 18:10,1.38981,1.38992,1.3895,1.38988,0
2026-06-04 18:11,1.38984,1.38994,1.3895,1.38982,0
2026-06-04 18:12,1.38986,1.38994,1.3894,1.38984,0
2026-06-04 18:13,1.38981,1.38989,1.3893,1.3897,0
2026-06-04 18:14,1.38982,1.38987,1.3893,1.38982,0
2026-06-04 18:15,1.38987,1.38991,1.3895,1.38981,0
2026-06-04 18:16,1.38998,1.38999,1.3894,1.38985,0
2026-06-04 18:17,1.3894,1.38999,1.3894,1.3898,0
2026-06-04 18:18,1.38978,1.38985,1.3894,1.38978,0
2026-06-04 18:19,1.38973,1.38981,1.3894,1.38975,0
2026-06-04 18:20,1.3894,1.38981,1.3894,1.38973,0
2026-06-04 18:21,1.3896,1.3899,1.3893,1.3894,0
2026-06-04 18:22,1.3895,1.3899,1.3895,1.38985,0
2026-06-04 18:23,1.38989,1.3899,1.3895,1.38982,0
2026-06-04 18:24,1.38989,1.38991,1.3895,1.38988,0
2026-06-04 18:25,1.3896,1.38996,1.3895,1.3899,0
2026-06-04 18:26,1.38991,1.38997,1.3896,1.38991,0
2026-06-04 18:27,1.38994,1.39,1.3896,1.38991,0
2026-06-04 18:28,1.38991,1.39,1.3896,1.3899,0
2026-06-04 18:29,1.38997,1.39,1.3896,1.38998,0
2026-06-04 18:30,1.3899,1.39,1.3896,1.38995,0
2026-06-04 18:31,1.38996,1.39002,1.3894,1.3899,0
2026-06-04 18:32,1.39011,1.39015,1.3896,1.3896,0
2026-06-04 18:33,1.38999,1.39011,1.3895,1.39006,0
2026-06-04 18:34,1.38996,1.39007,1.3895,1.38997,0
2026-06-04 18:35,1.3896,1.39013,1.3895,1.3895,0
2026-06-04 18:36,1.39017,1.39019,1.3896,1.39009,0
2026-06-04 18:37,1.3901,1.39017,1.3896,1.39014,0
2026-06-04 18:38,1.39011,1.39023,1.3896,1.3901,0
2026-06-04 18:39,1.3899,1.39015,1.3896,1.39008,0
2026-06-04 18:40,1.3897,1.39011,1.3897,1.39008,0
2026-06-04 18:41,1.39002,1.39011,1.3897,1.39,0
2026-06-04 18:42,1.38994,1.39008,1.3895,1.39002,0
2026-06-04 18:43,1.38994,1.39001,1.3896,1.38993,0
2026-06-04 18:44,1.39,1.39005,1.3895,1.38994,0
2026-06-04 18:45,1.39004,1.3901,1.3895,1.38997,0
2026-06-04 18:46,1.39014,1.39016,1.3896,1.39004,0
2026-06-04 18:47,1.3895,1.39016,1.3895,1.3901,0
2026-06-04 18:48,1.3895,1.39013,1.3895,1.39,0
2026-06-04 18:49,1.39,1.39003,1.3895,1.39,0
2026-06-04 18:50,1.38994,1.39004,1.3895,1.39004,0
2026-06-04 18:51,1.38998,1.39003,1.3895,1.38998,0
2026-06-04 18:52,1.3895,1.39003,1.3895,1.38998,0
2026-06-04 18:53,1.39005,1.3901,1.3897,1.39,0
2026-06-04 18:54,1.3899,1.39012,1.3897,1.39006,0
2026-06-04 18:55,1.3901,1.39015,1.3896,1.39004,0
2026-06-04 18:56,1.39012,1.39022,1.3898,1.39011,0
2026-06-04 18:57,1.3898,1.39017,1.3897,1.39012,0
2026-06-04 18:58,1.3899,1.39014,1.3898,1.39012,0
2026-06-04 18:59,1.39009,1.39012,1.3896,1.39009,0
2026-06-04 19:00,1.38998,1.39016,1.3896,1.39006,0
2026-06-04 19:01,1.3898,1.39003,1.3895,1.38999,0
2026-06-04 19:02,1.3897,1.39006,1.3896,1.38996,0
2026-06-04 19:03,1.3897,1.39006,1.3897,1.39,0
2026-06-04 19:04,1.3898,1.39012,1.3895,1.39001,0
2026-06-04 19:05,1.39003,1.3901,1.3897,1.39005,0
2026-06-04 19:06,1.39014,1.39015,1.3896,1.39003,0
2026-06-04 19:07,1.3901,1.39017,1.3898,1.39015,0
2026-06-04 19:08,1.3901,1.39015,1.3896,1.39008,0
2026-06-04 19:09,1.3901,1.39017,1.3896,1.39009,0
2026-06-04 19:10,1.39009,1.39016,1.3896,1.39011,0
2026-06-04 19:11,1.39005,1.39008,1.3895,1.39004,0
2026-06-04 19:12,1.3897,1.39012,1.3897,1.39001,0
2026-06-04 19:13,1.39008,1.39012,1.3897,1.39004,0
2026-06-04 19:14,1.39007,1.39012,1.3897,1.39004,0
2026-06-04 19:15,1.3895,1.39012,1.3895,1.39007,0
2026-06-04 19:16,1.3898,1.39013,1.3896,1.39,0
2026-06-04 19:17,1.3896,1.39015,1.3896,1.3901,0
2026-06-04 19:18,1.3898,1.39015,1.3896,1.3901,0
2026-06-04 19:19,1.3897,1.39011,1.3895,1.39008,0
2026-06-04 19:20,1.38998,1.39004,1.3895,1.38998,0
2026-06-04 19:21,1.38994,1.39004,1.3894,1.3897,0
2026-06-04 19:22,1.38998,1.39002,1.3895,1.38995,0
2026-06-04 19:23,1.38985,1.38997,1.3895,1.3896,0
2026-06-04 19:24,1.3897,1.39,1.3893,1.38983,0
2026-06-04 19:25,1.3896,1.38999,1.3894,1.38995,0
2026-06-04 19:26,1.38994,1.38994,1.3895,1.38977,0
2026-06-04 19:27,1.3899,1.38997,1.3896,1.3897,0
2026-06-04 19:28,1.38999,1.39005,1.3895,1.38991,0
2026-06-04 19:29,1.3897,1.39005,1.3895,1.38995,0
2026-06-04 19:30,1.38993,1.39006,1.3895,1.39001,0
2026-06-04 19:31,1.38995,1.39,1.3894,1.38992,0
2026-06-04 19:32,1.38994,1.38996,1.3894,1.3894,0
2026-06-04 19:33,1.3897,1.39007,1.3896,1.3899,0
2026-06-04 19:34,1.38978,1.39013,1.3893,1.3898,0
2026-06-04 19:35,1.3894,1.38984,1.3891,1.38984,0
2026-06-04 19:36,1.38963,1.38978,1.3892,1.38963,0
2026-06-04 19:37,1.38956,1.38972,1.3891,1.38964,0
2026-06-04 19:38,1.38956,1.38965,1.3891,1.3896,0
2026-06-04 19:39,1.38952,1.38965,1.3891,1.38956,0
2026-06-04 19:40,1.38959,1.38965,1.3891,1.38952,0
2026-06-04 19:41,1.38961,1.38967,1.3891,1.38959,0
2026-06-04 19:42,1.38958,1.38966,1.3891,1.38962,0
2026-06-04 19:43,1.38965,1.38967,1.3891,1.38961,0
2026-06-04 19:44,1.38964,1.38973,1.3892,1.38961,0
2026-06-04 19:45,1.38966,1.3897,1.3893,1.38963,0
2026-06-04 19:46,1.38976,1.38977,1.3892,1.38964,0
2026-06-04 19:47,1.3897,1.38976,1.3892,1.38972,0
2026-06-04 19:48,1.3894,1.38978,1.3894,1.38969,0
2026-06-04 19:49,1.38972,1.38983,1.3894,1.3894,0
2026-06-04 19:50,1.38974,1.3898,1.3894,1.3897,0
2026-06-04 19:51,1.38982,1.38994,1.3893,1.38974,0
2026-06-04 19:52,1.3898,1.3899,1.3893,1.38983,0
2026-06-04 19:53,1.3896,1.38997,1.3894,1.38987,0
2026-06-04 19:54,1.38989,1.38999,1.3893,1.38988,0
2026-06-04 19:55,1.3895,1.39003,1.3894,1.3899,0
2026-06-04 19:56,1.38986,1.39001,1.3895,1.38998,0
2026-06-04 19:57,1.38988,1.38996,1.3893,1.38982,0
2026-06-04 19:58,1.38986,1.38995,1.3893,1.38985,0
2026-06-04 19:59,1.38991,1.38991,1.3893,1.38986,0
2026-06-04 20:00,1.38976,1.38995,1.3893,1.38991,0
2026-06-04 20:01,1.3894,1.38986,1.3893,1.38982,0
2026-06-04 20:02,1.38977,1.38982,1.3893,1.38973,0
2026-06-04 20:03,1.38997,1.38999,1.3894,1.38978,0
2026-06-04 20:04,1.38996,1.39003,1.3896,1.38996,0
2026-06-04 20:05,1.3898,1.3901,1.3895,1.38996,0
2026-06-04 20:06,1.39012,1.39015,1.3896,1.39006,0
2026-06-04 20:07,1.3899,1.3903,1.3896,1.3896,0
2026-06-04 20:08,1.39026,1.3903,1.3899,1.39027,0
2026-06-04 20:09,1.39025,1.39028,1.3897,1.39025,0
2026-06-04 20:10,1.39026,1.3903,1.3899,1.3899,0
2026-06-04 20:11,1.3903,1.39035,1.3898,1.3901,0
2026-06-04 20:12,1.39033,1.39035,1.3898,1.3903,0
2026-06-04 20:13,1.39027,1.39038,1.3898,1.39028,0
2026-06-04 20:14,1.39026,1.39035,1.3898,1.39029,0
2026-06-04 20:15,1.39021,1.39027,1.3899,1.39026,0
2026-06-04 20:16,1.39023,1.39032,1.3898,1.39022,0
2026-06-04 20:17,1.39021,1.3903,1.3899,1.39024,0
2026-06-04 20:18,1.39012,1.39026,1.3898,1.39021,0
2026-06-04 20:19,1.39022,1.39026,1.3897,1.39015,0
2026-06-04 20:20,1.3899,1.3903,1.3899,1.39018,0
2026-06-04 20:21,1.3902,1.39026,1.3898,1.3899,0
2026-06-04 20:22,1.39015,1.39025,1.3899,1.39019,0
2026-06-04 20:23,1.39026,1.39032,1.3899,1.39015,0
2026-06-04 20:24,1.3899,1.39032,1.3898,1.39026,0
2026-06-04 20:25,1.39022,1.3903,1.3899,1.39024,0
2026-06-04 20:26,1.39027,1.3903,1.3899,1.39023,0
2026-06-04 20:27,1.3899,1.39029,1.3899,1.39023,0
2026-06-04 20:28,1.3899,1.39028,1.3899,1.39022,0
2026-06-04 20:29,1.39033,1.39034,1.3898,1.39022,0
2026-06-04 20:30,1.39017,1.39034,1.3897,1.39029,0
2026-06-04 20:31,1.39016,1.39025,1.3897,1.39017,0
2026-06-04 20:32,1.3899,1.39025,1.3897,1.39016,0
2026-06-04 20:33,1.39021,1.39026,1.3897,1.39018,0
2026-06-04 20:34,1.39007,1.39023,1.3898,1.39019,0
2026-06-04 20:35,1.39025,1.39031,1.3897,1.39012,0
2026-06-04 20:36,1.39017,1.39027,1.3899,1.39025,0
2026-06-04 20:37,1.39024,1.39026,1.3897,1.39022,0
2026-06-04 20:38,1.39022,1.39026,1.3897,1.3899,0
2026-06-04 20:39,1.39015,1.39026,1.3897,1.39021,0
2026-06-04 20:40,1.39018,1.39025,1.3897,1.39015,0
2026-06-04 20:41,1.3897,1.39025,1.3897,1.39022,0
2026-06-04 20:42,1.39025,1.39027,1.3897,1.39019,0
2026-06-04 20:43,1.39033,1.39036,1.3898,1.39019,0
2026-06-04 20:44,1.39,1.39037,1.3898,1.39035,0
2026-06-04 20:45,1.39037,1.39037,1.3898,1.3903,0
2026-06-04 20:46,1.39028,1.39037,1.3899,1.39031,0
2026-06-04 20:47,1.39,1.39037,1.39,1.39,0
2026-06-04 20:48,1.39043,1.39045,1.3899,1.39031,0
2026-06-04 20:49,1.39036,1.39043,1.39,1.39038,0
2026-06-04 20:50,1.3898,1.39042,1.3898,1.39036,0
2026-06-04 20:51,1.39031,1.39037,1.3898,1.3903,0
2026-06-04 20:52,1.39031,1.39037,1.3898,1.39031,0
2026-06-04 20:53,1.39021,1.39037,1.3897,1.39032,0
2026-06-04 20:54,1.39024,1.39029,1.3897,1.39022,0
2026-06-04 20:55,1.39032,1.39036,1.3897,1.39025,0
2026-06-04 20:56,1.3902,1.39042,1.3899,1.3903,0
2026-06-04 20:57,1.39049,1.39052,1.3901,1.39036,0
2026-06-04 20:58,1.39034,1.3905,1.3899,1.3905,0
2026-06-04 20:59,1.39038,1.3904,1.39,1.39035,0
2026-06-04 21:00,1.39048,1.39052,1.3899,1.39034,0
2026-06-04 21:01,1.39,1.3906,1.39,1.39046,0
2026-06-04 21:02,1.39,1.39055,1.39,1.39051,0
2026-06-04 21:03,1.3905,1.39055,1.39,1.39051,0
2026-06-04 21:04,1.39052,1.39057,1.39,1.39054,0
2026-06-04 21:05,1.3906,1.39062,1.3902,1.39049,0
2026-06-04 21:06,1.39065,1.3907,1.3902,1.39061,0
2026-06-04 21:07,1.39067,1.39074,1.3902,1.39062,0
2026-06-04 21:08,1.39075,1.39077,1.3903,1.39067,0
2026-06-04 21:09,1.39083,1.39087,1.3904,1.39074,0
2026-06-04 21:10,1.3907,1.39092,1.3904,1.39085,0
2026-06-04 21:11,1.39095,1.39095,1.3905,1.39086,0
2026-06-04 21:12,1.39093,1.391,1.3906,1.3909,0
2026-06-04 21:13,1.3907,1.39102,1.3906,1.39093,0
2026-06-04 21:14,1.39109,1.3911,1.3907,1.39097,0
2026-06-04 21:15,1.39114,1.39115,1.3908,1.39106,0
2026-06-04 21:16,1.39106,1.39116,1.3907,1.3911,0
2026-06-04 21:17,1.39102,1.39114,1.3907,1.39106,0
2026-06-04 21:18,1.39098,1.39107,1.3905,1.39107,0
2026-06-04 21:19,1.39102,1.39107,1.3907,1.39098,0
2026-06-04 21:20,1.39093,1.39105,1.3906,1.39098,0
2026-06-04 21:21,1.39097,1.39103,1.3906,1.39093,0
2026-06-04 21:22,1.3907,1.39106,1.3906,1.39095,0
2026-06-04 21:23,1.391,1.39105,1.3907,1.39101,0
2026-06-04 21:24,1.39102,1.39104,1.3905,1.39098,0
2026-06-04 21:25,1.39104,1.39105,1.3905,1.39098,0
2026-06-04 21:26,1.3907,1.39105,1.3907,1.39099,0
2026-06-04 21:27,1.3906,1.39103,1.3905,1.3907,0
2026-06-04 21:28,1.3906,1.39093,1.3904,1.39091,0
2026-06-04 21:29,1.3905,1.39088,1.3905,1.39082,0
2026-06-04 21:30,1.39084,1.39091,1.3904,1.39084,0
2026-06-04 21:31,1.39094,1.39094,1.3905,1.39084,0
2026-06-04 21:32,1.39092,1.39102,1.3906,1.39092,0
2026-06-04 21:33,1.3906,1.39095,1.3906,1.39092,0
2026-06-04 21:34,1.39092,1.39095,1.3906,1.39089,0
2026-06-04 21:35,1.39093,1.391,1.3906,1.39091,0
2026-06-04 21:36,1.3909,1.39097,1.3906,1.39093,0
2026-06-04 21:37,1.3906,1.39092,1.3905,1.39092,0
2026-06-04 21:38,1.3906,1.3909,1.3903,1.39083,0
2026-06-04 21:39,1.39076,1.39085,1.3903,1.39078,0
2026-06-04 21:40,1.39076,1.3908,1.3904,1.39078,0
2026-06-04 21:41,1.3904,1.3908,1.3904,1.39073,0
2026-06-04 21:42,1.39071,1.39075,1.3902,1.3904,0
2026-06-04 21:43,1.39072,1.39075,1.3904,1.39073,0
2026-06-04 21:44,1.3905,1.39075,1.3902,1.39072,0
2026-06-04 21:45,1.3901,1.3907,1.3901,1.39064,0
2026-06-04 21:46,1.39064,1.3907,1.3901,1.39061,0
2026-06-04 21:47,1.3907,1.39076,1.3901,1.39069,0
2026-06-04 21:48,1.3907,1.39075,1.3902,1.3907,0
2026-06-04 21:49,1.39071,1.39076,1.3902,1.3907,0
2026-06-04 21:50,1.3905,1.39074,1.3902,1.39071,0
2026-06-04 21:51,1.3903,1.39083,1.3902,1.39072,0
2026-06-04 21:52,1.39081,1.3909,1.3903,1.39077,0
2026-06-04 21:53,1.39084,1.3909,1.3903,1.3906,0
2026-06-04 21:54,1.3904,1.39092,1.3903,1.39084,0
2026-06-04 21:55,1.39083,1.39093,1.3903,1.39087,0
2026-06-04 21:56,1.39089,1.39096,1.3903,1.3908,0
2026-06-04 21:57,1.39095,1.39103,1.3904,1.39086,0
2026-06-04 21:58,1.391,1.39105,1.3905,1.39095,0
2026-06-04 21:59,1.39056,1.391,1.3903,1.39087,0
2026-06-04 22:00,1.38968,1.39057,1.38926,1.39036,0
2026-06-04 22:01,1.38982,1.38982,1.38951,1.38978,0
2026-06-04 22:02,1.38959,1.3904,1.38951,1.38951,0
2026-06-04 22:03,1.38957,1.39,1.38939,1.38954,0
2026-06-04 22:04,1.38957,1.39,1.38939,1.38939,0
2026-06-04 22:05,1.39,1.3902,1.38939,1.38939,0
2026-06-04 22:06,1.3897,1.3901,1.3897,1.3901,0
2026-06-04 22:07,1.3898,1.3899,1.3898,1.3899,0
2026-06-04 22:08,1.3898,1.3898,1.3898,1.3898,0
2026-06-04 22:09,1.3898,1.3898,1.3898,1.3898,0
2026-06-04 22:10,1.3898,1.3898,1.3898,1.3898,0
2026-06-04 22:11,1.3899,1.3899,1.3897,1.3898,0
2026-06-04 22:12,1.3898,1.3899,1.3897,1.3899,0
2026-06-04 22:13,1.3902,1.3902,1.3898,1.3898,0
2026-06-04 22:14,1.39038,1.3906,1.3899,1.39011,0
2026-06-04 22:15,1.3908,1.3908,1.39017,1.39034,0
2026-06-04 22:16,1.3908,1.3908,1.39036,1.3906,0
2026-06-04 22:17,1.3907,1.3908,1.39026,1.3904,0
2026-06-04 22:18,1.3903,1.3907,1.3903,1.39044,0
2026-06-04 22:19,1.39051,1.3907,1.39026,1.39032,0
2026-06-04 22:20,1.39052,1.3907,1.39033,1.3904,0
2026-06-04 22:21,1.3904,1.3907,1.39037,1.39048,0
2026-06-04 22:22,1.39052,1.3906,1.3903,1.3904,0
2026-06-04 22:23,1.39052,1.3906,1.39032,1.39048,0
2026-06-04 22:24,1.39009,1.39071,1.3896,1.39042,0
2026-06-04 22:25,1.3903,1.3907,1.38988,1.39019,0
2026-06-04 22:26,1.39064,1.39078,1.3902,1.39034,0
2026-06-04 22:27,1.3905,1.3908,1.3905,1.39058,0
2026-06-04 22:28,1.3907,1.39088,1.3904,1.39058,0
2026-06-04 22:29,1.39076,1.3908,1.39059,1.39078,0
2026-06-04 22:30,1.39067,1.3909,1.39059,1.39076,0
2026-06-04 22:31,1.3906,1.3909,1.3906,1.39077,0
2026-06-04 22:32,1.39068,1.39082,1.3906,1.3906,0
2026-06-04 22:33,1.3906,1.3909,1.3906,1.3907,0
2026-06-04 22:34,1.3908,1.39082,1.3903,1.3907,0
2026-06-04 22:35,1.39075,1.3909,1.3906,1.39078,0
2026-06-04 22:36,1.3904,1.3908,1.3904,1.39076,0
2026-06-04 22:37,1.39077,1.3909,1.3904,1.39079,0
2026-06-04 22:38,1.3906,1.3909,1.3905,1.39069,0
2026-06-04 22:39,1.39069,1.39091,1.3904,1.39064,0
2026-06-04 22:40,1.39064,1.39101,1.3905,1.39069,0
2026-06-04 22:41,1.39097,1.391,1.39069,1.39099,0
2026-06-04 22:42,1.3908,1.391,1.3905,1.39064,0
2026-06-04 22:43,1.39069,1.391,1.3905,1.39092,0
2026-06-04 22:44,1.39045,1.391,1.3901,1.3904,0
2026-06-04 22:45,1.39041,1.3905,1.39,1.39043,0
2026-06-04 22:46,1.3902,1.3905,1.3901,1.3904,0
2026-06-04 22:47,1.39042,1.3905,1.3901,1.3902,0
2026-06-04 22:48,1.39038,1.39042,1.3901,1.3902,0
2026-06-04 22:49,1.3902,1.39041,1.3902,1.39039,0
2026-06-04 22:50,1.39041,1.3905,1.3901,1.39036,0
2026-06-04 22:51,1.39041,1.39042,1.39026,1.3904,0
2026-06-04 22:52,1.39034,1.39042,1.3901,1.39039,0
2026-06-04 22:53,1.39032,1.3904,1.3901,1.39035,0
2026-06-04 22:54,1.3904,1.3904,1.3903,1.39031,0
2026-06-04 22:55,1.39037,1.3904,1.3901,1.39031,0
2026-06-04 22:56,1.3903,1.39032,1.3901,1.39021,0
2026-06-04 22:57,1.39039,1.3904,1.3901,1.3902,0
2026-06-04 22:58,1.39025,1.39039,1.39008,1.39039,0
2026-06-04 22:59,1.39024,1.3903,1.3897,1.39019,0
2026-06-04 23:00,1.39049,1.39065,1.38981,1.39018,0
2026-06-04 23:01,1.39046,1.3908,1.3902,1.39027,0
2026-06-04 23:02,1.39038,1.39069,1.3902,1.39046,0
2026-06-04 23:03,1.3901,1.39054,1.3901,1.39038,0
2026-06-04 23:04,1.39034,1.39051,1.3901,1.39034,0
2026-06-04 23:05,1.39039,1.3905,1.39,1.39034,0
2026-06-04 23:06,1.39024,1.3904,1.39,1.39024,0
2026-06-04 23:07,1.39026,1.39039,1.39,1.39031,0
2026-06-04 23:08,1.39043,1.3905,1.3901,1.39028,0
2026-06-04 23:09,1.39033,1.3905,1.3901,1.39036,0
2026-06-04 23:10,1.39045,1.39051,1.3901,1.39045,0
2026-06-04 23:11,1.3901,1.39064,1.3901,1.39045,0
2026-06-04 23:12,1.3902,1.39061,1.3901,1.39046,0
2026-06-04 23:13,1.3903,1.3906,1.3902,1.39057,0
2026-06-04 23:14,1.3903,1.3906,1.3902,1.39053,0
2026-06-04 23:15,1.39053,1.39061,1.3902,1.3903,0
2026-06-04 23:16,1.3901,1.39065,1.3901,1.39052,0
2026-06-04 23:17,1.39047,1.39064,1.3901,1.39059,0
2026-06-04 23:18,1.39043,1.39063,1.3901,1.39047,0
2026-06-04 23:19,1.39053,1.3906,1.3902,1.39059,0
2026-06-04 23:20,1.39057,1.3906,1.3902,1.39055,0
2026-06-04 23:21,1.39068,1.39072,1.3902,1.39053,0
2026-06-04 23:22,1.3903,1.3907,1.3903,1.39054,0
2026-06-04 23:23,1.39067,1.3907,1.3903,1.39067,0
2026-06-04 23:24,1.39068,1.3907,1.3903,1.39065,0
2026-06-04 23:25,1.39071,1.3908,1.3902,1.3904,0
2026-06-04 23:26,1.39064,1.3908,1.3903,1.39072,0
2026-06-04 23:27,1.3907,1.39075,1.3903,1.39065,0
2026-06-04 23:28,1.39071,1.39075,1.3904,1.3905,0
2026-06-04 23:29,1.39054,1.39074,1.3903,1.39059,0
2026-06-04 23:30,1.39049,1.3907,1.3903,1.39055,0
2026-06-04 23:31,1.39059,1.39063,1.3903,1.39057,0
2026-06-04 23:32,1.3903,1.3907,1.3903,1.39059,0
2026-06-04 23:33,1.39068,1.3907,1.3903,1.39055,0
2026-06-04 23:34,1.39064,1.3907,1.3903,1.39067,0
2026-06-04 23:35,1.3906,1.39073,1.3902,1.39065,0
2026-06-04 23:36,1.39057,1.39073,1.3902,1.3906,0
2026-06-04 23:37,1.39057,1.3907,1.3904,1.39065,0
2026-06-04 23:38,1.39056,1.3907,1.3903,1.39057,0
2026-06-04 23:39,1.39057,1.3907,1.3903,1.3905,0
2026-06-04 23:40,1.39064,1.39076,1.3903,1.39056,0
2026-06-04 23:41,1.39063,1.39077,1.3904,1.3905,0
2026-06-04 23:42,1.39073,1.39078,1.3904,1.39074,0
2026-06-04 23:43,1.3905,1.3908,1.3904,1.39075,0
2026-06-04 23:44,1.39072,1.3909,1.3905,1.3908,0
2026-06-04 23:45,1.39069,1.39088,1.3903,1.39085,0
2026-06-04 23:46,1.3906,1.39086,1.3905,1.39083,0
2026-06-04 23:47,1.3906,1.39085,1.3905,1.3905,0
2026-06-04 23:48,1.3907,1.39086,1.3905,1.3907,0
2026-06-04 23:49,1.3907,1.39086,1.3905,1.3908,0
2026-06-04 23:50,1.39067,1.39083,1.3903,1.3907,0
2026-06-04 23:51,1.3906,1.39082,1.3903,1.39067,0
2026-06-04 23:52,1.39077,1.39082,1.3903,1.39081,0
2026-06-04 23:53,1.3903,1.39082,1.3903,1.39077,0
2026-06-04 23:54,1.39077,1.3908,1.3903,1.3906,0
2026-06-04 23:55,1.3903,1.39082,1.3903,1.3908,0
2026-06-04 23:56,1.3905,1.39082,1.3903,1.39071,0
2026-06-04 23:57,1.39072,1.39082,1.3903,1.3907,0
2026-06-04 23:58,1.3903,1.3908,1.3903,1.39076,0
2026-06-05 00:00,1.3905,1.3908,1.3904,1.39074,0
2026-06-05 00:01,1.3904,1.3908,1.3904,1.3905,0
2026-06-05 00:02,1.3904,1.39074,1.3904,1.39064,0
2026-06-05 00:03,1.3904,1.39074,1.3904,1.39063,0
2026-06-05 00:04,1.3907,1.39074,1.3903,1.3904,0
2026-06-05 00:05,1.3904,1.39074,1.3902,1.39058,0
2026-06-05 00:06,1.39063,1.39074,1.3902,1.3907,0
2026-06-05 00:07,1.39063,1.39071,1.3902,1.39063,0
2026-06-05 00:08,1.3904,1.39071,1.3902,1.39067,0
2026-06-05 00:09,1.39067,1.39072,1.3902,1.39063,0
2026-06-05 00:10,1.39065,1.3907,1.3903,1.39066,0
2026-06-05 00:11,1.39064,1.39071,1.3902,1.3906,0
2026-06-05 00:12,1.3902,1.39071,1.3902,1.39064,0
2026-06-05 00:13,1.39066,1.3907,1.3903,1.39066,0
2026-06-05 00:14,1.39065,1.3907,1.3903,1.3903,0
2026-06-05 00:15,1.39063,1.3907,1.3903,1.39063,0
2026-06-05 00:16,1.39069,1.3907,1.3903,1.39069,0
2026-06-05 00:17,1.3907,1.3907,1.3903,1.39064,0
2026-06-05 00:18,1.3907,1.3907,1.3903,1.39063,0
2026-06-05 00:19,1.3906,1.39067,1.3903,1.39065,0
2026-06-05 00:20,1.3907,1.39071,1.3903,1.39063,0
2026-06-05 00:21,1.39064,1.3907,1.3904,1.39064,0
2026-06-05 00:22,1.39065,1.3907,1.3903,1.39063,0
2026-06-05 00:23,1.39067,1.3907,1.3903,1.3903,0
2026-06-05 00:24,1.3907,1.3907,1.3903,1.39063,0
2026-06-05 00:25,1.3907,1.3907,1.3903,1.39063,0
2026-06-05 00:26,1.3907,1.39071,1.3902,1.39063,0
2026-06-05 00:27,1.3904,1.39071,1.3903,1.39071,0
2026-06-05 00:28,1.3907,1.39071,1.3903,1.39067,0
2026-06-05 00:29,1.3906,1.39067,1.3903,1.39063,0
2026-06-05 00:30,1.3907,1.3907,1.3903,1.3906,0
2026-06-05 00:31,1.3907,1.39072,1.3902,1.39062,0
2026-06-05 00:32,1.39068,1.39071,1.3902,1.39067,0
2026-06-05 00:33,1.3907,1.39071,1.3902,1.39066,0
2026-06-05 00:34,1.39065,1.39071,1.3902,1.39071,0
2026-06-05 00:35,1.3903,1.39071,1.3902,1.39068,0
2026-06-05 00:36,1.3903,1.3907,1.3903,1.39065,0
2026-06-05 00:37,1.39067,1.39071,1.3902,1.39065,0
2026-06-05 00:38,1.39069,1.39073,1.3902,1.39067,0
2026-06-05 00:39,1.39065,1.39072,1.3902,1.39068,0
2026-06-05 00:40,1.3903,1.39071,1.3902,1.39071,0
2026-06-05 00:41,1.39067,1.3907,1.3902,1.39066,0
2026-06-05 00:42,1.3904,1.39078,1.3902,1.3903,0
2026-06-05 00:43,1.3904,1.39081,1.3903,1.39073,0
2026-06-05 00:44,1.39075,1.39081,1.3903,1.3904,0
2026-06-05 00:45,1.3908,1.3909,1.3904,1.39074,0
2026-06-05 00:46,1.39065,1.39084,1.3902,1.39081,0
2026-06-05 00:47,1.39067,1.39073,1.3902,1.39065,0
2026-06-05 00:48,1.39072,1.39075,1.3902,1.39068,0
2026-06-05 00:49,1.39071,1.39073,1.3902,1.39072,0
2026-06-05 00:50,1.39061,1.39071,1.3902,1.39067,0
2026-06-05 00:51,1.39066,1.39071,1.3902,1.39061,0
2026-06-05 00:52,1.39071,1.39075,1.3903,1.39066,0
2026-06-05 00:53,1.39068,1.39075,1.3902,1.39071,0
2026-06-05 00:54,1.39068,1.39073,1.3903,1.39073,0
2026-06-05 00:55,1.39067,1.39071,1.3903,1.39064,0
2026-06-05 00:56,1.3904,1.39073,1.3902,1.39068,0
2026-06-05 00:57,1.3908,1.3908,1.3902,1.39072,0
2026-06-05 00:58,1.39073,1.39081,1.3904,1.39075,0
2026-06-05 00:59,1.39068,1.39076,1.3904,1.39074,0
2026-06-05 01:00,1.39063,1.3908,1.3902,1.39069,0
2026-06-05 01:01,1.39078,1.39081,1.3903,1.39063,0
2026-06-05 01:02,1.3905,1.39081,1.3903,1.39075,0
2026-06-05 01:03,1.39069,1.3908,1.3902,1.39077,0
2026-06-05 01:04,1.39066,1.39073,1.3901,1.39066,0
2026-06-05 01:05,1.39054,1.39071,1.39,1.39067,0
2026-06-05 01:06,1.39057,1.39063,1.3901,1.39054,0
2026-06-05 01:07,1.39068,1.39072,1.3902,1.39057,0
2026-06-05 01:08,1.3903,1.3907,1.3903,1.39067,0
2026-06-05 01:09,1.3903,1.39071,1.3902,1.39062,0
2026-06-05 01:10,1.39056,1.39065,1.3901,1.3906,0
2026-06-05 01:11,1.39061,1.39066,1.3901,1.39056,0
2026-06-05 01:12,1.39054,1.39067,1.3901,1.39057,0
2026-06-05 01:13,1.39061,1.39066,1.3902,1.39055,0
2026-06-05 01:14,1.39063,1.39077,1.3903,1.3904,0
2026-06-05 01:15,1.39059,1.39067,1.3902,1.39062,0
2026-06-05 01:16,1.39059,1.3907,1.3902,1.39058,0
2026-06-05 01:17,1.39063,1.3907,1.3903,1.39065,0
2026-06-05 01:18,1.39062,1.39069,1.3903,1.39069,0
2026-06-05 01:19,1.39065,1.39071,1.3903,1.39064,0
2026-06-05 01:20,1.39073,1.39077,1.3903,1.39063,0
2026-06-05 01:21,1.3904,1.39079,1.3903,1.39068,0
2026-06-05 01:22,1.3903,1.39076,1.3902,1.39071,0
2026-06-05 01:23,1.39062,1.39071,1.3902,1.3903,0
2026-06-05 01:24,1.3904,1.39075,1.3902,1.39067,0
2026-06-05 01:25,1.39064,1.39071,1.3903,1.39066,0
2026-06-05 01:26,1.3903,1.3907,1.3903,1.39067,0
2026-06-05 01:27,1.39063,1.3907,1.3903,1.39065,0
2026-06-05 01:28,1.39063,1.3907,1.3903,1.39063,0
2026-06-05 01:29,1.39073,1.3908,1.3903,1.39062,0
2026-06-05 01:30,1.3903,1.39077,1.3903,1.39072,0
2026-06-05 01:31,1.39067,1.39072,1.3902,1.39061,0
2026-06-05 01:32,1.3905,1.39071,1.3902,1.39062,0
2026-06-05 01:33,1.39067,1.39071,1.3902,1.39067,0
2026-06-05 01:34,1.39075,1.39079,1.3902,1.39065,0
2026-06-05 01:35,1.39074,1.39082,1.3904,1.3906,0
2026-06-05 01:36,1.3908,1.39084,1.3904,1.39074,0
2026-06-05 01:37,1.39077,1.39083,1.3903,1.39076,0
2026-06-05 01:38,1.39071,1.39081,1.3903,1.39081,0
2026-06-05 01:39,1.3907,1.39078,1.3903,1.39071,0
2026-06-05 01:40,1.39061,1.39074,1.3902,1.39071,0
2026-06-05 01:41,1.39047,1.3906,1.3901,1.3902,0
2026-06-05 01:42,1.3905,1.39058,1.3901,1.39051,0
2026-06-05 01:43,1.3906,1.39062,1.3902,1.39051,0
2026-06-05 01:44,1.39059,1.39063,1.3902,1.39053,0
2026-06-05 01:45,1.39063,1.39068,1.3902,1.39056,0
2026-06-05 01:46,1.3902,1.39067,1.3901,1.39057,0
2026-06-05 01:47,1.39058,1.39064,1.3902,1.39054,0
2026-06-05 01:48,1.3906,1.39067,1.3902,1.39059,0
2026-06-05 01:49,1.39055,1.39061,1.3902,1.3906,0
2026-06-05 01:50,1.39046,1.39061,1.3901,1.39059,0
2026-06-05 01:51,1.39052,1.39058,1.3901,1.39046,0
2026-06-05 01:52,1.39051,1.3906,1.3902,1.3905,0
2026-06-05 01:53,1.3902,1.39057,1.3901,1.39056,0
2026-06-05 01:54,1.3905,1.39056,1.3902,1.39052,0
2026-06-05 01:55,1.39061,1.39064,1.3901,1.39051,0
2026-06-05 01:56,1.39055,1.39062,1.3902,1.39057,0
2026-06-05 01:57,1.39057,1.39064,1.3902,1.39059,0
2026-06-05 01:58,1.39054,1.39061,1.3902,1.39056,0
2026-06-05 01:59,1.39064,1.39066,1.3902,1.39055,0
2026-06-05 02:00,1.39069,1.39074,1.3903,1.39061,0
2026-06-05 02:01,1.39076,1.39082,1.3904,1.3907,0
2026-06-05 02:02,1.3904,1.39087,1.3903,1.39081,0
2026-06-05 02:03,1.3905,1.3909,1.3904,1.39075,0
2026-06-05 02:04,1.3905,1.3909,1.3905,1.39082,0
2026-06-05 02:05,1.39067,1.39085,1.3903,1.39079,0
2026-06-05 02:06,1.39064,1.39074,1.3903,1.39068,0
2026-06-05 02:07,1.39078,1.39078,1.3902,1.39064,0
2026-06-05 02:08,1.39074,1.3908,1.3904,1.39073,0
2026-06-05 02:09,1.3908,1.3908,1.3903,1.39075,0
2026-06-05 02:10,1.39078,1.3908,1.3904,1.39076,0
2026-06-05 02:11,1.39073,1.39082,1.3903,1.39075,0
2026-06-05 02:12,1.39078,1.39085,1.3904,1.39077,0
2026-06-05 02:13,1.39083,1.39089,1.3905,1.39077,0
2026-06-05 02:14,1.3906,1.39097,1.3905,1.39088,0
2026-06-05 02:15,1.39081,1.39093,1.3905,1.39088,0
2026-06-05 02:16,1.39089,1.39097,1.3905,1.39086,0
2026-06-05 02:17,1.39093,1.391,1.3906,1.39091,0
2026-06-05 02:18,1.39097,1.3911,1.3906,1.39093,0
2026-06-05 02:19,1.39093,1.391,1.3906,1.39095,0
2026-06-05 02:20,1.39105,1.3911,1.3906,1.39095,0
2026-06-05 02:21,1.39112,1.3912,1.3907,1.39105,0
2026-06-05 02:22,1.39109,1.39119,1.3907,1.39112,0
2026-06-05 02:23,1.39101,1.39113,1.3907,1.39107,0
2026-06-05 02:24,1.39103,1.3911,1.3907,1.39102,0
2026-06-05 02:25,1.39112,1.3912,1.3907,1.39102,0
2026-06-05 02:26,1.39118,1.39121,1.3908,1.39113,0
2026-06-05 02:27,1.39108,1.39117,1.3907,1.39112,0
2026-06-05 02:28,1.3908,1.39113,1.3907,1.39107,0
2026-06-05 02:29,1.39102,1.3911,1.3907,1.39102,0
2026-06-05 02:30,1.39096,1.39107,1.3906,1.39097,0
2026-06-05 02:31,1.39079,1.39101,1.3904,1.39096,0
2026-06-05 02:32,1.39073,1.39086,1.3904,1.3908,0
2026-06-05 02:33,1.39075,1.3908,1.3904,1.3904,0
2026-06-05 02:34,1.39082,1.39087,1.3904,1.39075,0
2026-06-05 02:35,1.3905,1.39088,1.3905,1.39087,0
2026-06-05 02:36,1.39079,1.3909,1.3905,1.39083,0
2026-06-05 02:37,1.3904,1.39086,1.3904,1.39078,0
2026-06-05 02:38,1.39084,1.39087,1.3904,1.39076,0
2026-06-05 02:39,1.39081,1.39087,1.3903,1.39084,0
2026-06-05 02:40,1.3906,1.3909,1.3905,1.39082,0
2026-06-05 02:41,1.39075,1.3909,1.3904,1.39081,0
2026-06-05 02:42,1.39067,1.39085,1.3902,1.39074,0
2026-06-05 02:43,1.39066,1.39073,1.3903,1.3904,0
2026-06-05 02:44,1.39059,1.39075,1.3903,1.39066,0
2026-06-05 02:45,1.3903,1.39067,1.3903,1.3906,0
2026-06-05 02:46,1.39066,1.39067,1.3903,1.39061,0
2026-06-05 02:47,1.39058,1.39066,1.3902,1.3903,0
2026-06-05 02:48,1.39052,1.39063,1.3902,1.39059,0
2026-06-05 02:49,1.39043,1.39058,1.3901,1.39053,0
2026-06-05 02:50,1.3904,1.39053,1.39,1.39045,0
2026-06-05 02:51,1.39042,1.3905,1.3901,1.3901,0
2026-06-05 02:52,1.39039,1.3905,1.3901,1.39042,0
2026-06-05 02:53,1.39038,1.39047,1.3901,1.3904,0
2026-06-05 02:54,1.3904,1.39045,1.3899,1.39038,0
2026-06-05 02:55,1.39031,1.39044,1.39,1.39044,0
2026-06-05 02:56,1.39033,1.39038,1.3899,1.39031,0
2026-06-05 02:57,1.39031,1.39039,1.3897,1.39033,0
2026-06-05 02:58,1.39033,1.3904,1.39,1.39031,0
2026-06-05 02:59,1.39038,1.39045,1.39,1.39032,0
2026-06-05 03:00,1.3901,1.39045,1.3899,1.39033,0
2026-06-05 03:01,1.3904,1.39047,1.3901,1.39039,0
2026-06-05 03:02,1.39038,1.39048,1.39,1.39046,0
2026-06-05 03:03,1.39029,1.39044,1.39,1.39038,0
2026-06-05 03:04,1.3899,1.39033,1.3899,1.39029,0
2026-06-05 03:05,1.39023,1.39036,1.3898,1.39024,0
2026-06-05 03:06,1.3899,1.3903,1.3899,1.39025,0
2026-06-05 03:07,1.39022,1.3903,1.3899,1.39023,0
2026-06-05 03:08,1.39025,1.3903,1.3899,1.39023,0
2026-06-05 03:09,1.39022,1.3903,1.3899,1.39025,0
2026-06-05 03:10,1.3899,1.39028,1.3899,1.39023,0
2026-06-05 03:11,1.39016,1.39023,1.3898,1.39018,0
2026-06-05 03:12,1.39014,1.39027,1.3898,1.39015,0
2026-06-05 03:13,1.39023,1.39027,1.3898,1.39,0
2026-06-05 03:14,1.39023,1.3903,1.3899,1.39018,0
2026-06-05 03:15,1.39015,1.39023,1.3898,1.39018,0
2026-06-05 03:16,1.39013,1.39022,1.3898,1.3902,0
2026-06-05 03:17,1.39012,1.39022,1.3898,1.39019,0
2026-06-05 03:18,1.39013,1.3902,1.3898,1.39013,0
2026-06-05 03:19,1.3899,1.39027,1.3898,1.39012,0
2026-06-05 03:20,1.3898,1.39023,1.3898,1.39018,0
2026-06-05 03:21,1.39014,1.39021,1.3898,1.3899,0
2026-06-05 03:22,1.39013,1.3902,1.3898,1.3898,0
2026-06-05 03:23,1.39009,1.39015,1.3898,1.39007,0
2026-06-05 03:24,1.3898,1.39016,1.3896,1.39007,0
2026-06-05 03:25,1.39004,1.39013,1.3896,1.39007,0
2026-06-05 03:26,1.3898,1.3901,1.3896,1.39005,0
2026-06-05 03:27,1.39004,1.39011,1.3897,1.39002,0
2026-06-05 03:28,1.39002,1.39011,1.3897,1.39003,0
2026-06-05 03:29,1.39005,1.3901,1.3897,1.39002,0
2026-06-05 03:30,1.39006,1.39013,1.3897,1.39004,0
2026-06-05 03:31,1.39004,1.39015,1.3897,1.39006,0
2026-06-05 03:32,1.3897,1.39011,1.3897,1.39003,0
2026-06-05 03:33,1.39009,1.39011,1.3897,1.39002,0
2026-06-05 03:34,1.3901,1.3901,1.3897,1.39003,0
2026-06-05 03:35,1.39017,1.39019,1.3898,1.39005,0
2026-06-05 03:36,1.39012,1.39017,1.3898,1.39011,0
2026-06-05 03:37,1.39013,1.39018,1.3897,1.39012,0
2026-06-05 03:38,1.3898,1.39017,1.3898,1.39008,0
2026-06-05 03:39,1.39008,1.39017,1.3898,1.39011,0
2026-06-05 03:40,1.39012,1.39018,1.3898,1.39013,0
2026-06-05 03:41,1.39016,1.3902,1.3898,1.39011,0
2026-06-05 03:42,1.39016,1.39021,1.3898,1.39014,0
2026-06-05 03:43,1.39016,1.39027,1.3897,1.39017,0
2026-06-05 03:44,1.39021,1.39023,1.3899,1.39017,0
2026-06-05 03:45,1.39017,1.39023,1.3899,1.39017,0
2026-06-05 03:46,1.39,1.39028,1.3899,1.39017,0
2026-06-05 03:47,1.39027,1.3903,1.3899,1.39022,0
2026-06-05 03:48,1.39028,1.39028,1.3899,1.3899,0
2026-06-05 03:49,1.3899,1.39029,1.3899,1.39021,0
2026-06-05 03:50,1.39008,1.3902,1.3898,1.39016,0
2026-06-05 03:51,1.3901,1.39013,1.3897,1.39008,0
2026-06-05 03:52,1.39006,1.39014,1.3896,1.39008,0
2026-06-05 03:53,1.39008,1.39016,1.3897,1.39007,0
2026-06-05 03:54,1.3898,1.39017,1.3898,1.39009,0
2026-06-05 03:55,1.39017,1.39017,1.3896,1.3901,0
2026-06-05 03:56,1.39012,1.39017,1.3898,1.39012,0
2026-06-05 03:57,1.39013,1.39019,1.3898,1.39012,0
2026-06-05 03:58,1.3898,1.39018,1.3898,1.39012,0
2026-06-05 03:59,1.3898,1.39017,1.3896,1.3901,0
2026-06-05 04:00,1.39013,1.39018,1.3898,1.39012,0
2026-06-05 04:01,1.39013,1.39015,1.3896,1.39008,0
2026-06-05 04:02,1.39011,1.39017,1.3896,1.39008,0
2026-06-05 04:03,1.39008,1.3902,1.3898,1.3898,0
2026-06-05 04:04,1.39009,1.39015,1.3897,1.39008,0
2026-06-05 04:05,1.39016,1.39022,1.3898,1.39009,0
2026-06-05 04:06,1.39021,1.39027,1.3898,1.39016,0
2026-06-05 04:07,1.39026,1.39032,1.3899,1.3899,0
2026-06-05 04:08,1.39,1.39032,1.3899,1.39026,0
2026-06-05 04:09,1.39026,1.39028,1.3899,1.39022,0
2026-06-05 04:10,1.39023,1.39027,1.3899,1.39021,0
2026-06-05 04:11,1.39,1.39037,1.3899,1.39,0
2026-06-05 04:12,1.39023,1.39032,1.3899,1.39027,0
2026-06-05 04:13,1.3901,1.39032,1.3899,1.39022,0
2026-06-05 04:14,1.39027,1.39033,1.39,1.39027,0
2026-06-05 04:15,1.39028,1.39032,1.3899,1.39027,0
2026-06-05 04:16,1.39018,1.39028,1.3899,1.39023,0
2026-06-05 04:17,1.39022,1.3903,1.3899,1.39018,0
2026-06-05 04:18,1.39027,1.39033,1.3899,1.39023,0
2026-06-05 04:19,1.39032,1.39037,1.39,1.39033,0
2026-06-05 04:20,1.39032,1.3904,1.39,1.39038,0
2026-06-05 04:21,1.39033,1.3904,1.39,1.39032,0
2026-06-05 04:22,1.39033,1.3904,1.39,1.39034,0
2026-06-05 04:23,1.39039,1.39043,1.39,1.39034,0
2026-06-05 04:24,1.39,1.39043,1.39,1.39036,0
2026-06-05 04:25,1.39029,1.3904,1.39,1.39036,0
2026-06-05 04:26,1.39029,1.39037,1.3899,1.39027,0
2026-06-05 04:27,1.39033,1.39039,1.39,1.39029,0
2026-06-05 04:28,1.39039,1.39042,1.39,1.39033,0
2026-06-05 04:29,1.39037,1.39043,1.39,1.39037,0
2026-06-05 04:30,1.39034,1.39044,1.39,1.39038,0
2026-06-05 04:31,1.39031,1.3904,1.39,1.39039,0
2026-06-05 04:32,1.39036,1.3904,1.39,1.3901,0
2026-06-05 04:33,1.39039,1.39043,1.39,1.3902,0
2026-06-05 04:34,1.39042,1.39048,1.3901,1.3904,0
2026-06-05 04:35,1.3901,1.3905,1.3901,1.39048,0
2026-06-05 04:36,1.39045,1.39051,1.3901,1.39043,0
2026-06-05 04:37,1.3901,1.39051,1.3901,1.39044,0
2026-06-05 04:38,1.39046,1.39051,1.3901,1.39046,0
2026-06-05 04:39,1.39044,1.3905,1.3901,1.39047,0
2026-06-05 04:40,1.39049,1.3905,1.3901,1.39044,0
2026-06-05 04:41,1.3902,1.3905,1.3901,1.3905,0
2026-06-05 04:42,1.3905,1.39051,1.3901,1.39043,0
2026-06-05 04:43,1.3905,1.39052,1.3901,1.39046,0
2026-06-05 04:44,1.39046,1.39052,1.3901,1.39046,0
2026-06-05 04:45,1.3901,1.39051,1.3901,1.39046,0
2026-06-05 04:46,1.3901,1.39051,1.3901,1.39045,0
2026-06-05 04:47,1.39043,1.39049,1.3901,1.39043,0
2026-06-05 04:48,1.39045,1.3905,1.3901,1.39043,0
2026-06-05 04:49,1.39045,1.39051,1.3901,1.39043,0
2026-06-05 04:50,1.39045,1.39051,1.3901,1.39046,0
2026-06-05 04:51,1.39048,1.39054,1.3901,1.39045,0
2026-06-05 04:52,1.39047,1.39057,1.3902,1.39053,0
2026-06-05 04:53,1.39052,1.3906,1.3902,1.39047,0
2026-06-05 04:54,1.39051,1.3906,1.3902,1.39053,0
2026-06-05 04:55,1.39048,1.39057,1.3902,1.39051,0
2026-06-05 04:56,1.3901,1.39054,1.3901,1.39048,0
2026-06-05 04:57,1.39048,1.39059,1.39,1.39051,0
2026-06-05 04:58,1.39048,1.39056,1.3902,1.39048,0
2026-06-05 04:59,1.39048,1.39055,1.3902,1.39047,0
2026-06-05 05:00,1.3901,1.39052,1.3901,1.39049,0
2026-06-05 05:01,1.3901,1.39045,1.3899,1.3901,0
2026-06-05 05:02,1.39036,1.39045,1.3901,1.39038,0
2026-06-05 05:03,1.39041,1.39046,1.3899,1.39037,0
2026-06-05 05:04,1.39041,1.3905,1.3901,1.3904,0
2026-06-05 05:05,1.39045,1.3905,1.3901,1.39042,0
2026-06-05 05:06,1.3904,1.39045,1.3899,1.3904,0
2026-06-05 05:07,1.39042,1.39048,1.3901,1.3904,0
2026-06-05 05:08,1.39043,1.3905,1.3901,1.39042,0
2026-06-05 05:09,1.39033,1.3905,1.39,1.39042,0
2026-06-05 05:10,1.39038,1.39044,1.39,1.39034,0
2026-06-05 05:11,1.39037,1.39045,1.3901,1.39038,0
2026-06-05 05:12,1.39,1.3904,1.39,1.39036,0
2026-06-05 05:13,1.39039,1.3904,1.39,1.39034,0
2026-06-05 05:14,1.39037,1.39044,1.3899,1.39034,0
2026-06-05 05:15,1.39037,1.39045,1.3899,1.39038,0
2026-06-05 05:16,1.39032,1.39042,1.39,1.39036,0
2026-06-05 05:17,1.39026,1.3904,1.3898,1.39032,0
2026-06-05 05:18,1.39032,1.39033,1.3898,1.3903,0
2026-06-05 05:19,1.39032,1.39037,1.3898,1.39028,0
2026-06-05 05:20,1.39031,1.3904,1.39,1.39032,0
2026-06-05 05:21,1.39027,1.39033,1.3899,1.39031,0
2026-06-05 05:22,1.39029,1.39032,1.3899,1.39027,0
2026-06-05 05:23,1.3899,1.39033,1.3898,1.3899,0
2026-06-05 05:24,1.39036,1.39037,1.3899,1.39032,0
2026-06-05 05:25,1.39035,1.39038,1.39,1.39032,0
2026-06-05 05:26,1.39027,1.39036,1.3899,1.3903,0
2026-06-05 05:27,1.3904,1.39041,1.3899,1.39032,0
2026-06-05 05:28,1.39044,1.39045,1.39,1.39,0
2026-06-05 05:29,1.39049,1.3905,1.39,1.39039,0
2026-06-05 05:30,1.39041,1.3905,1.3901,1.39043,0
2026-06-05 05:31,1.39048,1.39056,1.3901,1.39042,0
2026-06-05 05:32,1.39043,1.39052,1.3901,1.39047,0
2026-06-05 05:33,1.39047,1.3905,1.3901,1.39043,0
2026-06-05 05:34,1.39043,1.3905,1.3901,1.39042,0
2026-06-05 05:35,1.3902,1.39048,1.3899,1.39044,0
2026-06-05 05:36,1.39043,1.39047,1.39,1.39039,0
2026-06-05 05:37,1.39042,1.39049,1.3901,1.39046,0
2026-06-05 05:38,1.3902,1.3905,1.3901,1.39042,0
2026-06-05 05:39,1.39041,1.3905,1.3901,1.39042,0
2026-06-05 05:40,1.39038,1.3905,1.3901,1.3902,0
2026-06-05 05:41,1.39042,1.39044,1.39,1.39042,0
2026-06-05 05:42,1.39039,1.39042,1.3899,1.39037,0
2026-06-05 05:43,1.3902,1.3905,1.3901,1.39037,0
2026-06-05 05:44,1.39038,1.39046,1.3901,1.39042,0
2026-06-05 05:45,1.39042,1.39048,1.3899,1.39043,0
2026-06-05 05:46,1.3903,1.3905,1.3901,1.39042,0
2026-06-05 05:47,1.39045,1.3905,1.3901,1.3903,0
2026-06-05 05:48,1.39047,1.39052,1.3901,1.39043,0
2026-06-05 05:49,1.3901,1.39051,1.3901,1.39046,0
2026-06-05 05:50,1.39046,1.3905,1.3901,1.39045,0
2026-06-05 05:51,1.39043,1.3905,1.3901,1.3905,0
2026-06-05 05:52,1.39036,1.39046,1.3901,1.39039,0
2026-06-05 05:53,1.39033,1.39041,1.39,1.39036,0
2026-06-05 05:54,1.39,1.39036,1.39,1.39035,0
2026-06-05 05:55,1.39025,1.39035,1.3898,1.39029,0
2026-06-05 05:56,1.39,1.39031,1.3899,1.39026,0
2026-06-05 05:57,1.39027,1.39033,1.3898,1.39026,0
2026-06-05 05:58,1.39029,1.3904,1.39,1.39027,0
2026-06-05 05:59,1.39037,1.3904,1.39,1.39029,0
2026-06-05 06:00,1.39035,1.3904,1.3898,1.39033,0
2026-06-05 06:01,1.39034,1.3904,1.39,1.39031,0
2026-06-05 06:02,1.39034,1.3904,1.39,1.39034,0
2026-06-05 06:03,1.3901,1.39044,1.39,1.39034,0
2026-06-05 06:04,1.39038,1.39046,1.39,1.39037,0
2026-06-05 06:05,1.39038,1.39044,1.3899,1.39043,0
2026-06-05 06:06,1.39041,1.39045,1.3899,1.39038,0
2026-06-05 06:07,1.39041,1.39045,1.3899,1.39039,0
2026-06-05 06:08,1.39038,1.39046,1.3901,1.39045,0
2026-06-05 06:09,1.39035,1.39044,1.3899,1.39039,0
2026-06-05 06:10,1.39038,1.39047,1.3899,1.39,0
2026-06-05 06:11,1.3901,1.39042,1.3899,1.39042,0
2026-06-05 06:12,1.3902,1.39043,1.3899,1.39037,0
2026-06-05 06:13,1.39039,1.39047,1.39,1.39038,0
2026-06-05 06:14,1.3902,1.3905,1.3901,1.39039,0
2026-06-05 06:15,1.3901,1.3905,1.3901,1.39041,0
2026-06-05 06:16,1.39047,1.39052,1.39,1.39044,0
2026-06-05 06:17,1.39047,1.39052,1.39,1.39052,0
2026-06-05 06:18,1.39047,1.39053,1.39,1.39046,0
2026-06-05 06:19,1.39048,1.39052,1.39,1.39052,0
2026-06-05 06:20,1.39042,1.39048,1.3901,1.39043,0
2026-06-05 06:21,1.39037,1.39046,1.3899,1.39046,0
2026-06-05 06:22,1.3904,1.3905,1.3899,1.39037,0
2026-06-05 06:23,1.39048,1.3905,1.3901,1.39039,0
2026-06-05 06:24,1.39046,1.39048,1.3901,1.39043,0
2026-06-05 06:25,1.39039,1.3905,1.3901,1.3904,0
2026-06-05 06:26,1.39044,1.39045,1.3901,1.39038,0
2026-06-05 06:27,1.39036,1.39044,1.3899,1.39038,0
2026-06-05 06:28,1.39042,1.39048,1.3899,1.3902,0
2026-06-05 06:29,1.39044,1.3905,1.3901,1.39043,0
2026-06-05 06:30,1.39038,1.3905,1.3899,1.39045,0
2026-06-05 06:31,1.39031,1.3904,1.3898,1.39035,0
2026-06-05 06:32,1.39033,1.3904,1.39,1.39034,0
2026-06-05 06:33,1.39024,1.3904,1.3899,1.39032,0
2026-06-05 06:34,1.39029,1.3903,1.3899,1.3903,0
2026-06-05 06:35,1.39028,1.3903,1.3899,1.39025,0
2026-06-05 06:36,1.39025,1.3903,1.3898,1.39024,0
2026-06-05 06:37,1.3899,1.39028,1.3899,1.39025,0
2026-06-05 06:38,1.39027,1.39032,1.3899,1.3902,0
2026-06-05 06:39,1.39035,1.3904,1.3898,1.39027,0
2026-06-05 06:40,1.39038,1.3904,1.39,1.39035,0
2026-06-05 06:41,1.3901,1.39038,1.39,1.39033,0
2026-06-05 06:42,1.39032,1.3904,1.39,1.39032,0
2026-06-05 06:43,1.39042,1.3905,1.39,1.39033,0
2026-06-05 06:44,1.39038,1.39047,1.3901,1.39046,0
2026-06-05 06:45,1.39041,1.39048,1.39,1.3901,0
2026-06-05 06:46,1.39037,1.39044,1.39,1.39036,0
2026-06-05 06:47,1.39039,1.39045,1.39,1.39037,0
2026-06-05 06:48,1.39037,1.39046,1.39,1.39038,0
2026-06-05 06:49,1.39039,1.39044,1.3899,1.39042,0
2026-06-05 06:50,1.39043,1.39046,1.39,1.39043,0
2026-06-05 06:51,1.39037,1.39044,1.3899,1.39038,0
2026-06-05 06:52,1.39032,1.3905,1.3899,1.39036,0
2026-06-05 06:53,1.39036,1.39042,1.3899,1.39032,0
2026-06-05 06:54,1.39039,1.39047,1.39,1.39037,0
2026-06-05 06:55,1.39046,1.3905,1.39,1.39038,0
2026-06-05 06:56,1.39055,1.39055,1.39,1.3905,0
2026-06-05 06:57,1.39057,1.3906,1.39,1.39,0
2026-06-05 06:58,1.39053,1.39061,1.3902,1.39058,0
2026-06-05 06:59,1.39053,1.3906,1.3902,1.3902,0
2026-06-05 07:00,1.39057,1.39061,1.3902,1.39053,0
2026-06-05 07:01,1.39057,1.39058,1.3901,1.3902,0
2026-06-05 07:02,1.39064,1.39069,1.3902,1.39053,0
2026-06-05 07:03,1.3904,1.39076,1.3902,1.3903,0
2026-06-05 07:04,1.39068,1.39074,1.3903,1.3904,0
2026-06-05 07:05,1.39058,1.39067,1.3902,1.39064,0
2026-06-05 07:06,1.3906,1.3907,1.3903,1.39063,0
2026-06-05 07:07,1.39077,1.39077,1.3903,1.39061,0
2026-06-05 07:08,1.39074,1.3908,1.3904,1.39072,0
2026-06-05 07:09,1.39079,1.3908,1.3904,1.39073,0
2026-06-05 07:10,1.39073,1.39078,1.3904,1.39075,0
2026-06-05 07:11,1.39071,1.39079,1.3904,1.39077,0
2026-06-05 07:12,1.3904,1.3908,1.3904,1.39071,0
2026-06-05 07:13,1.39072,1.39086,1.3904,1.3904,0
2026-06-05 07:14,1.3907,1.3908,1.3904,1.39073,0
2026-06-05 07:15,1.3905,1.39085,1.3904,1.39072,0
2026-06-05 07:16,1.3907,1.39084,1.3903,1.39077,0
2026-06-05 07:17,1.3908,1.39081,1.3904,1.39072,0
2026-06-05 07:18,1.39085,1.3909,1.3904,1.39075,0
2026-06-05 07:19,1.39078,1.3909,1.3904,1.39085,0
2026-06-05 07:20,1.3907,1.3908,1.3903,1.39074,0
2026-06-05 07:21,1.3905,1.39071,1.3903,1.39065,0
2026-06-05 07:22,1.39071,1.39076,1.3903,1.39064,0
2026-06-05 07:23,1.39071,1.39077,1.3904,1.39071,0
2026-06-05 07:24,1.3907,1.39078,1.3903,1.3904,0
2026-06-05 07:25,1.39066,1.39073,1.3903,1.3903,0
2026-06-05 07:26,1.3906,1.39071,1.3903,1.3903,0
2026-06-05 07:27,1.39052,1.39062,1.3902,1.3903,0
2026-06-05 07:28,1.39054,1.39058,1.3902,1.39051,0
2026-06-05 07:29,1.39039,1.39057,1.39,1.39049,0
2026-06-05 07:30,1.39038,1.39045,1.39,1.39039,0
2026-06-05 07:31,1.39037,1.39042,1.39,1.39039,0
2026-06-05 07:32,1.39036,1.39045,1.39,1.39037,0
2026-06-05 07:33,1.39027,1.3904,1.39,1.39035,0
2026-06-05 07:34,1.39018,1.39032,1.3897,1.39031,0
2026-06-05 07:35,1.3902,1.39031,1.3899,1.39018,0
2026-06-05 07:36,1.39013,1.39026,1.3898,1.3902,0
2026-06-05 07:37,1.39006,1.3902,1.3897,1.39012,0
2026-06-05 07:38,1.38998,1.39013,1.3895,1.39005,0
2026-06-05 07:39,1.3899,1.39,1.3896,1.38998,0
2026-06-05 07:40,1.38994,1.39,1.3895,1.3899,0
2026-06-05 07:41,1.38989,1.39002,1.3894,1.3896,0
2026-06-05 07:42,1.38984,1.38994,1.3894,1.3899,0
2026-06-05 07:43,1.38984,1.38992,1.3894,1.38985,0
2026-06-05 07:44,1.38976,1.38989,1.3895,1.38984,0
2026-06-05 07:45,1.38975,1.3898,1.3894,1.38976,0
2026-06-05 07:46,1.38977,1.3898,1.3894,1.38976,0
2026-06-05 07:47,1.3898,1.3898,1.3893,1.38973,0
2026-06-05 07:48,1.38977,1.38983,1.3894,1.38974,0
2026-06-05 07:49,1.38986,1.38991,1.3895,1.38977,0
2026-06-05 07:50,1.38985,1.3899,1.3895,1.38989,0
2026-06-05 07:51,1.39002,1.39003,1.3895,1.38984,0
2026-06-05 07:52,1.38983,1.39003,1.3895,1.38998,0
2026-06-05 07:53,1.3896,1.38992,1.3893,1.3895,0
2026-06-05 07:54,1.3899,1.38999,1.3896,1.38987,0
2026-06-05 07:55,1.38984,1.38992,1.3895,1.3899,0
2026-06-05 07:56,1.38988,1.38991,1.3895,1.38984,0
2026-06-05 07:57,1.38989,1.38996,1.3895,1.38984,0
2026-06-05 07:58,1.3899,1.38993,1.3895,1.38988,0
2026-06-05 07:59,1.3896,1.39,1.3894,1.38989,0
2026-06-05 08:00,1.39002,1.39002,1.3895,1.38993,0
2026-06-05 08:01,1.38985,1.39002,1.3895,1.38998,0
2026-06-05 08:02,1.38977,1.38988,1.3893,1.38983,0
2026-06-05 08:03,1.3896,1.38981,1.3893,1.38977,0
2026-06-05 08:04,1.3896,1.38971,1.3891,1.3896,0
2026-06-05 08:05,1.38957,1.38961,1.3892,1.38956,0
2026-06-05 08:06,1.38951,1.38971,1.3892,1.38961,0
2026-06-05 08:07,1.38947,1.38956,1.389,1.38951,0
2026-06-05 08:08,1.38961,1.38966,1.389,1.38948,0
2026-06-05 08:09,1.38966,1.3897,1.3893,1.38961,0
2026-06-05 08:10,1.38962,1.38977,1.3892,1.38966,0
2026-06-05 08:11,1.3891,1.38962,1.389,1.38958,0
2026-06-05 08:12,1.38936,1.38951,1.389,1.38942,0
2026-06-05 08:13,1.3893,1.38953,1.389,1.38941,0
2026-06-05 08:14,1.38946,1.3895,1.389,1.38931,0
2026-06-05 08:15,1.38935,1.3895,1.3889,1.38944,0
2026-06-05 08:16,1.3893,1.38943,1.389,1.38935,0
2026-06-05 08:17,1.3893,1.3894,1.389,1.3893,0
2026-06-05 08:18,1.38936,1.38943,1.3889,1.38931,0
2026-06-05 08:19,1.3892,1.38948,1.3889,1.38937,0
2026-06-05 08:20,1.38929,1.38941,1.3888,1.38937,0
2026-06-05 08:21,1.38916,1.38934,1.3887,1.38928,0
2026-06-05 08:22,1.3888,1.3892,1.3887,1.38912,0
2026-06-05 08:23,1.38906,1.38912,1.3887,1.38906,0
2026-06-05 08:24,1.3888,1.38911,1.3887,1.38903,0
2026-06-05 08:25,1.38896,1.38912,1.3886,1.38907,0
2026-06-05 08:26,1.38896,1.38897,1.3885,1.38892,0
2026-06-05 08:27,1.38888,1.389,1.3884,1.38894,0
2026-06-05 08:28,1.38878,1.3889,1.3885,1.38887,0
2026-06-05 08:29,1.38884,1.3889,1.3883,1.38878,0
2026-06-05 08:30,1.38882,1.38896,1.3885,1.38888,0
2026-06-05 08:31,1.38868,1.3889,1.3883,1.38882,0
2026-06-05 08:32,1.38876,1.38882,1.3882,1.38871,0
2026-06-05 08:33,1.38869,1.38885,1.3882,1.38877,0
2026-06-05 08:34,1.38873,1.3888,1.3882,1.38869,0
2026-06-05 08:35,1.38872,1.3888,1.3882,1.38872,0
2026-06-05 08:36,1.38863,1.38874,1.3882,1.38868,0
2026-06-05 08:37,1.38862,1.38877,1.3881,1.38864,0
2026-06-05 08:38,1.3881,1.38863,1.3879,1.38863,0
2026-06-05 08:39,1.38844,1.3885,1.3881,1.38845,0
2026-06-05 08:40,1.38854,1.38857,1.3881,1.38847,0
2026-06-05 08:41,1.38852,1.38863,1.3882,1.38854,0
2026-06-05 08:42,1.3882,1.38862,1.3881,1.38851,0
2026-06-05 08:43,1.38851,1.38857,1.388,1.38849,0
2026-06-05 08:44,1.38858,1.38864,1.3882,1.38852,0
2026-06-05 08:45,1.38848,1.38864,1.388,1.38858,0
2026-06-05 08:46,1.38849,1.38855,1.3881,1.3881,0
2026-06-05 08:47,1.38861,1.38863,1.388,1.38847,0
2026-06-05 08:48,1.3884,1.38863,1.3881,1.38855,0
2026-06-05 08:49,1.38842,1.38853,1.388,1.38839,0
2026-06-05 08:50,1.3881,1.38852,1.3881,1.38844,0
2026-06-05 08:51,1.38855,1.38857,1.3881,1.38844,0
2026-06-05 08:52,1.38861,1.38867,1.3881,1.38853,0
2026-06-05 08:53,1.38846,1.38865,1.3881,1.38861,0
2026-06-05 08:54,1.38844,1.38854,1.388,1.38848,0
2026-06-05 08:55,1.38835,1.38849,1.388,1.38848,0
2026-06-05 08:56,1.3882,1.38851,1.388,1.38837,0
2026-06-05 08:57,1.38862,1.38866,1.3881,1.3885,0
2026-06-05 08:58,1.38868,1.38874,1.3882,1.38861,0
2026-06-05 08:59,1.3884,1.38877,1.3882,1.38868,0
2026-06-05 09:00,1.38854,1.3888,1.3882,1.38877,0
2026-06-05 09:01,1.38837,1.38862,1.3881,1.3883,0
2026-06-05 09:02,1.38847,1.38848,1.3879,1.3882,0
2026-06-05 09:03,1.38838,1.38849,1.3879,1.38843,0
2026-06-05 09:04,1.3883,1.3885,1.3879,1.38838,0
2026-06-05 09:05,1.38836,1.38847,1.3879,1.3881,0
2026-06-05 09:06,1.38833,1.38841,1.3878,1.38836,0
2026-06-05 09:07,1.3882,1.38853,1.3879,1.38837,0
2026-06-05 09:08,1.3882,1.38854,1.3881,1.38845,0
2026-06-05 09:09,1.38856,1.38857,1.388,1.3881,0
2026-06-05 09:10,1.38852,1.38865,1.3881,1.3885,0
2026-06-05 09:11,1.3883,1.38858,1.3881,1.38852,0
2026-06-05 09:12,1.38839,1.38854,1.388,1.38845,0
2026-06-05 09:13,1.38849,1.38855,1.388,1.38841,0
2026-06-05 09:14,1.38838,1.38854,1.388,1.38852,0
2026-06-05 09:15,1.38834,1.38844,1.388,1.3881,0
2026-06-05 09:16,1.38832,1.3884,1.388,1.38834,0
2026-06-05 09:17,1.38836,1.38846,1.388,1.388,0
2026-06-05 09:18,1.38836,1.38846,1.388,1.38836,0
2026-06-05 09:19,1.3883,1.38842,1.388,1.3881,0
2026-06-05 09:20,1.38844,1.38851,1.388,1.3883,0
2026-06-05 09:21,1.38845,1.3885,1.3879,1.38846,0
2026-06-05 09:22,1.3884,1.38848,1.3881,1.38841,0
2026-06-05 09:23,1.38849,1.38857,1.388,1.38845,0
2026-06-05 09:24,1.3881,1.38856,1.3881,1.38849,0
2026-06-05 09:25,1.38849,1.38856,1.3881,1.38844,0
2026-06-05 09:26,1.3882,1.38855,1.388,1.38853,0
2026-06-05 09:27,1.38856,1.38856,1.3881,1.38844,0
2026-06-05 09:28,1.38853,1.38857,1.3881,1.38856,0
2026-06-05 09:29,1.38856,1.38864,1.3882,1.38853,0
2026-06-05 09:30,1.38847,1.38861,1.3882,1.38853,0
2026-06-05 09:31,1.38841,1.38855,1.3881,1.38846,0
2026-06-05 09:32,1.38856,1.38865,1.3881,1.3884,0
2026-06-05 09:33,1.38862,1.38871,1.3881,1.38856,0
2026-06-05 09:34,1.38858,1.38868,1.3883,1.38862,0
2026-06-05 09:35,1.38856,1.38865,1.3882,1.38862,0
2026-06-05 09:36,1.38864,1.38872,1.3882,1.38856,0
2026-06-05 09:37,1.38882,1.38882,1.3882,1.38864,0
2026-06-05 09:38,1.3888,1.38885,1.3883,1.38876,0
2026-06-05 09:39,1.3885,1.38884,1.3884,1.38873,0
2026-06-05 09:40,1.3888,1.38885,1.3884,1.38882,0
2026-06-05 09:41,1.38868,1.38878,1.3882,1.38875,0
2026-06-05 09:42,1.38861,1.38875,1.3882,1.38872,0
2026-06-05 09:43,1.3883,1.3887,1.3883,1.3886,0
2026-06-05 09:44,1.38871,1.38877,1.3883,1.3886,0
2026-06-05 09:45,1.38872,1.38876,1.3883,1.38871,0
2026-06-05 09:46,1.38883,1.38888,1.3884,1.3884,0
2026-06-05 09:47,1.38889,1.38892,1.3883,1.38878,0
2026-06-05 09:48,1.38891,1.38901,1.3884,1.38887,0
2026-06-05 09:49,1.38883,1.389,1.3885,1.38896,0
2026-06-05 09:50,1.38895,1.38896,1.3884,1.3889,0
2026-06-05 09:51,1.38889,1.38896,1.3886,1.38891,0
2026-06-05 09:52,1.38888,1.38895,1.3886,1.3889,0
2026-06-05 09:53,1.38893,1.38896,1.3886,1.38888,0
2026-06-05 09:54,1.38891,1.38897,1.3886,1.38892,0
2026-06-05 09:55,1.38894,1.38897,1.3884,1.3889,0
2026-06-05 09:56,1.3889,1.38895,1.3886,1.3889,0
2026-06-05 09:57,1.3885,1.38896,1.3885,1.3886,0
2026-06-05 09:58,1.38882,1.38889,1.3885,1.38885,0
2026-06-05 09:59,1.3885,1.38887,1.3884,1.38882,0
2026-06-05 10:00,1.38881,1.38895,1.3885,1.38881,0
2026-06-05 10:01,1.3887,1.38886,1.3882,1.38882,0
2026-06-05 10:02,1.38868,1.38879,1.3882,1.38873,0
2026-06-05 10:03,1.38862,1.3887,1.3882,1.38869,0
2026-06-05 10:04,1.3887,1.38871,1.3883,1.38858,0
2026-06-05 10:05,1.3883,1.38872,1.3883,1.38865,0
2026-06-05 10:06,1.38842,1.3887,1.3882,1.38863,0
2026-06-05 10:07,1.38845,1.3885,1.3881,1.38842,0
2026-06-05 10:08,1.38831,1.3885,1.3879,1.38844,0
2026-06-05 10:09,1.38836,1.3884,1.388,1.38831,0
2026-06-05 10:10,1.38834,1.38846,1.388,1.388,0
2026-06-05 10:11,1.38844,1.38851,1.388,1.38834,0
2026-06-05 10:12,1.38843,1.3885,1.3881,1.38848,0
2026-06-05 10:13,1.38819,1.38848,1.3878,1.38843,0
2026-06-05 10:14,1.38821,1.38835,1.3878,1.38822,0
2026-06-05 10:15,1.3879,1.38833,1.3878,1.38825,0
2026-06-05 10:16,1.3881,1.38848,1.3878,1.38831,0
2026-06-05 10:17,1.38865,1.38874,1.3881,1.38847,0
2026-06-05 10:18,1.3882,1.3887,1.3881,1.38861,0
2026-06-05 10:19,1.3886,1.38865,1.3881,1.38857,0
2026-06-05 10:20,1.38853,1.38864,1.3881,1.3882,0
2026-06-05 10:21,1.38829,1.38856,1.388,1.38852,0
2026-06-05 10:22,1.3882,1.38836,1.3878,1.3883,0
2026-06-05 10:23,1.38811,1.38823,1.3876,1.3882,0
2026-06-05 10:24,1.38826,1.3883,1.3877,1.38812,0
2026-06-05 10:25,1.38808,1.38831,1.3878,1.38826,0
2026-06-05 10:26,1.3877,1.38812,1.3877,1.3877,0
2026-06-05 10:27,1.38795,1.38808,1.3876,1.38802,0
2026-06-05 10:28,1.38809,1.3881,1.3876,1.38796,0
2026-06-05 10:29,1.38788,1.3881,1.3876,1.3877,0
2026-06-05 10:30,1.38772,1.38797,1.3873,1.3876,0
2026-06-05 10:31,1.3877,1.38794,1.3875,1.38771,0
2026-06-05 10:32,1.38782,1.38795,1.3875,1.38787,0
2026-06-05 10:33,1.38778,1.38789,1.3874,1.38788,0
2026-06-05 10:34,1.3876,1.38786,1.3874,1.38777,0
2026-06-05 10:35,1.38765,1.38783,1.3872,1.38777,0
2026-06-05 10:36,1.3873,1.38778,1.3873,1.38763,0
2026-06-05 10:37,1.38768,1.38776,1.3872,1.3874,0
2026-06-05 10:38,1.38758,1.38768,1.3871,1.38767,0
2026-06-05 10:39,1.38743,1.38761,1.387,1.38758,0
2026-06-05 10:40,1.38762,1.38769,1.3871,1.38743,0
2026-06-05 10:41,1.38763,1.38766,1.3873,1.38764,0
2026-06-05 10:42,1.3875,1.3878,1.3873,1.38762,0
2026-06-05 10:43,1.3875,1.3878,1.3873,1.38772,0
2026-06-05 10:44,1.38772,1.38779,1.3874,1.3876,0
2026-06-05 10:45,1.3873,1.38777,1.3871,1.38776,0
2026-06-05 10:46,1.38737,1.38761,1.387,1.38757,0
2026-06-05 10:47,1.387,1.38744,1.387,1.38743,0
2026-06-05 10:48,1.38746,1.3875,1.387,1.38734,0
2026-06-05 10:49,1.3873,1.38751,1.3871,1.3871,0
2026-06-05 10:50,1.38774,1.38779,1.3871,1.3872,0
2026-06-05 10:51,1.38759,1.38784,1.3873,1.38774,0
2026-06-05 10:52,1.38752,1.38762,1.3872,1.38758,0
2026-06-05 10:53,1.38756,1.38766,1.3872,1.38752,0
2026-06-05 10:54,1.3872,1.38761,1.3872,1.38756,0
2026-06-05 10:55,1.3873,1.38758,1.387,1.38748,0
2026-06-05 10:56,1.3873,1.38758,1.3872,1.38752,0
2026-06-05 10:57,1.3871,1.38753,1.3871,1.38752,0
2026-06-05 10:58,1.38749,1.38754,1.3871,1.38738,0
2026-06-05 10:59,1.3875,1.38756,1.387,1.3873,0
2026-06-05 11:00,1.38751,1.3876,1.3871,1.3875,0
2026-06-05 11:01,1.38752,1.38759,1.3872,1.3875,0
2026-06-05 11:02,1.38758,1.38766,1.3872,1.3873,0
2026-06-05 11:03,1.3872,1.38766,1.3872,1.3874,0
2026-06-05 11:04,1.38747,1.38756,1.387,1.3872,0
2026-06-05 11:05,1.38752,1.38758,1.3871,1.38746,0
2026-06-05 11:06,1.3873,1.38759,1.3872,1.38756,0
2026-06-05 11:07,1.38754,1.38761,1.3872,1.3873,0
2026-06-05 11:08,1.38752,1.3876,1.3872,1.38753,0
2026-06-05 11:09,1.3872,1.38758,1.3869,1.38756,0
2026-06-05 11:10,1.38745,1.3875,1.387,1.3872,0
2026-06-05 11:11,1.38743,1.38751,1.3871,1.38746,0
2026-06-05 11:12,1.38742,1.38748,1.3871,1.38742,0
2026-06-05 11:13,1.38747,1.3875,1.3871,1.38742,0
2026-06-05 11:14,1.38745,1.38747,1.387,1.3872,0
2026-06-05 11:15,1.38736,1.38746,1.3869,1.3874,0
2026-06-05 11:16,1.38727,1.3874,1.3868,1.38736,0
2026-06-05 11:17,1.38714,1.38727,1.3867,1.38723,0
2026-06-05 11:18,1.38691,1.38719,1.3866,1.38712,0
2026-06-05 11:19,1.38685,1.38693,1.3865,1.38691,0
2026-06-05 11:20,1.38684,1.38693,1.3863,1.38685,0
2026-06-05 11:21,1.38703,1.38709,1.3866,1.38684,0
2026-06-05 11:22,1.38702,1.3871,1.3866,1.38703,0
2026-06-05 11:23,1.3869,1.3871,1.3868,1.3868,0
2026-06-05 11:24,1.38726,1.38738,1.3868,1.3871,0
2026-06-05 11:25,1.38736,1.38741,1.3869,1.38726,0
2026-06-05 11:26,1.387,1.38741,1.3869,1.38736,0
2026-06-05 11:27,1.38734,1.38738,1.387,1.3873,0
2026-06-05 11:28,1.38727,1.3874,1.387,1.3873,0
2026-06-05 11:29,1.38726,1.38735,1.3868,1.38735,0
2026-06-05 11:30,1.387,1.38735,1.3869,1.38726,0
2026-06-05 11:31,1.38716,1.38732,1.3868,1.38724,0
2026-06-05 11:32,1.3871,1.38728,1.3867,1.3868,0
2026-06-05 11:33,1.38718,1.3872,1.3868,1.3871,0
2026-06-05 11:34,1.38711,1.38722,1.3868,1.38714,0
2026-06-05 11:35,1.3872,1.38726,1.3868,1.38711,0
2026-06-05 11:36,1.38733,1.38737,1.3868,1.38721,0
2026-06-05 11:37,1.38736,1.38739,1.3869,1.38733,0
2026-06-05 11:38,1.38733,1.38741,1.387,1.38741,0
2026-06-05 11:39,1.38747,1.3875,1.387,1.38733,0
2026-06-05 11:40,1.3872,1.38757,1.3871,1.38742,0
2026-06-05 11:41,1.3873,1.38757,1.3871,1.38753,0
2026-06-05 11:42,1.3872,1.38751,1.387,1.38742,0
2026-06-05 11:43,1.38743,1.38755,1.3871,1.38747,0
2026-06-05 11:44,1.38734,1.3875,1.3869,1.38743,0
2026-06-05 11:45,1.3873,1.3874,1.387,1.38735,0
2026-06-05 11:46,1.38732,1.38736,1.387,1.3873,0
2026-06-05 11:47,1.38725,1.38737,1.3869,1.38731,0
2026-06-05 11:48,1.3871,1.38739,1.3869,1.38722,0
2026-06-05 11:49,1.387,1.38743,1.387,1.38733,0
2026-06-05 11:50,1.3871,1.38749,1.387,1.3874,0
2026-06-05 11:51,1.3871,1.38748,1.3871,1.38744,0
2026-06-05 11:52,1.38744,1.3875,1.3871,1.38739,0
2026-06-05 11:53,1.38747,1.38751,1.3871,1.38744,0
2026-06-05 11:54,1.3873,1.38758,1.3871,1.38747,0
2026-06-05 11:55,1.38769,1.3877,1.3871,1.38751,0
2026-06-05 11:56,1.38747,1.3877,1.3871,1.38765,0
2026-06-05 11:57,1.38741,1.38752,1.387,1.38747,0
2026-06-05 11:58,1.38761,1.38766,1.3871,1.38741,0
2026-06-05 11:59,1.38764,1.38766,1.3872,1.38761,0
2026-06-05 12:00,1.38763,1.3877,1.3873,1.3876,0
2026-06-05 12:01,1.38781,1.38782,1.3874,1.38763,0
2026-06-05 12:02,1.38782,1.38793,1.3874,1.38776,0
2026-06-05 12:03,1.38772,1.38787,1.3874,1.38781,0
2026-06-05 12:04,1.38783,1.38788,1.3873,1.38774,0
2026-06-05 12:05,1.3876,1.38797,1.3874,1.38784,0
2026-06-05 12:06,1.38805,1.3881,1.3875,1.38792,0
2026-06-05 12:07,1.38791,1.38811,1.3876,1.38807,0
2026-06-05 12:08,1.38796,1.38801,1.3876,1.3877,0
2026-06-05 12:09,1.38791,1.38806,1.3875,1.38796,0
2026-06-05 12:10,1.388,1.38806,1.3876,1.38785,0
2026-06-05 12:11,1.388,1.38805,1.3875,1.38799,0
2026-06-05 12:12,1.38805,1.3881,1.3877,1.38805,0
2026-06-05 12:13,1.38813,1.3882,1.3878,1.38808,0
2026-06-05 12:14,1.3882,1.38825,1.3877,1.38813,0
2026-06-05 12:15,1.38806,1.3882,1.3876,1.38816,0
2026-06-05 12:16,1.38814,1.3882,1.3877,1.3881,0
2026-06-05 12:17,1.38804,1.3882,1.3877,1.38814,0
2026-06-05 12:18,1.38804,1.3881,1.3876,1.3877,0
2026-06-05 12:19,1.3878,1.38821,1.3877,1.38803,0
2026-06-05 12:20,1.38807,1.3882,1.3878,1.38813,0
2026-06-05 12:21,1.38782,1.38813,1.3874,1.38807,0
2026-06-05 12:22,1.38777,1.38794,1.3874,1.38783,0
2026-06-05 12:23,1.38772,1.38777,1.3874,1.38773,0
2026-06-05 12:24,1.38788,1.38795,1.3874,1.38772,0
2026-06-05 12:25,1.38798,1.38806,1.3875,1.38788,0
2026-06-05 12:26,1.38771,1.388,1.3874,1.38795,0
2026-06-05 12:27,1.38766,1.38777,1.3873,1.38771,0
2026-06-05 12:28,1.38767,1.38777,1.3872,1.38767,0
2026-06-05 12:29,1.3878,1.38781,1.3873,1.3874,0
2026-06-05 12:30,1.38774,1.38795,1.3873,1.38775,0
2026-06-05 12:31,1.38757,1.38777,1.3871,1.38775,0
2026-06-05 12:32,1.38765,1.38772,1.3873,1.38756,0
2026-06-05 12:33,1.38767,1.3877,1.3873,1.38765,0
2026-06-05 12:34,1.38775,1.3878,1.3873,1.38762,0
2026-06-05 12:35,1.38781,1.38786,1.3874,1.38774,0
2026-06-05 12:36,1.38783,1.38786,1.3873,1.3878,0
2026-06-05 12:37,1.38774,1.38783,1.3874,1.38776,0
2026-06-05 12:38,1.38766,1.38775,1.3872,1.38773,0
2026-06-05 12:39,1.38781,1.38787,1.3873,1.3873,0
2026-06-05 12:40,1.38781,1.3879,1.3873,1.38785,0
2026-06-05 12:41,1.38776,1.38792,1.3874,1.38779,0
2026-06-05 12:42,1.38782,1.38788,1.3874,1.38776,0
2026-06-05 12:43,1.38781,1.38788,1.3875,1.38782,0
2026-06-05 12:44,1.38787,1.38797,1.3875,1.38782,0
2026-06-05 12:45,1.38772,1.38793,1.3874,1.38792,0
2026-06-05 12:46,1.38778,1.38787,1.3874,1.38772,0
2026-06-05 12:47,1.38792,1.38797,1.3874,1.38778,0
2026-06-05 12:48,1.38815,1.38821,1.3876,1.38791,0
2026-06-05 12:49,1.38827,1.38827,1.3877,1.38812,0
2026-06-05 12:50,1.38815,1.38826,1.3877,1.3879,0
2026-06-05 12:51,1.38815,1.3882,1.3876,1.38812,0
2026-06-05 12:52,1.38805,1.38831,1.3877,1.38816,0
2026-06-05 12:53,1.38792,1.3881,1.3875,1.38806,0
2026-06-05 12:54,1.38813,1.38813,1.3876,1.38795,0
2026-06-05 12:55,1.38814,1.3882,1.3877,1.3881,0
2026-06-05 12:56,1.38819,1.38819,1.3877,1.38814,0
2026-06-05 12:57,1.38807,1.3882,1.3877,1.38818,0
2026-06-05 12:58,1.38804,1.38812,1.3876,1.38807,0
2026-06-05 12:59,1.38794,1.3881,1.3876,1.38804,0
2026-06-05 13:00,1.38782,1.38799,1.3873,1.38795,0
2026-06-05 13:01,1.38797,1.38802,1.3875,1.38786,0
2026-06-05 13:02,1.38757,1.38802,1.3871,1.3878,0
2026-06-05 13:03,1.38766,1.38775,1.3872,1.3872,0
2026-06-05 13:04,1.38774,1.3878,1.3872,1.38764,0
2026-06-05 13:05,1.38774,1.38782,1.3874,1.38773,0
2026-06-05 13:06,1.38797,1.38799,1.3874,1.38774,0
2026-06-05 13:07,1.38804,1.38809,1.3876,1.38793,0
2026-06-05 13:08,1.38818,1.38819,1.3875,1.38804,0
2026-06-05 13:09,1.38816,1.38821,1.3877,1.38816,0
2026-06-05 13:10,1.38816,1.38823,1.3877,1.3882,0
2026-06-05 13:11,1.38826,1.3883,1.3877,1.38817,0
2026-06-05 13:12,1.3882,1.38831,1.3877,1.38829,0
2026-06-05 13:13,1.38796,1.38822,1.3876,1.38821,0
2026-06-05 13:14,1.38796,1.3881,1.3875,1.38797,0
2026-06-05 13:15,1.3875,1.38798,1.3874,1.38796,0
2026-06-05 13:16,1.38801,1.38805,1.3875,1.38782,0
2026-06-05 13:17,1.38799,1.3882,1.3875,1.38796,0
2026-06-05 13:18,1.3877,1.38806,1.3876,1.388,0
2026-06-05 13:19,1.3877,1.38813,1.3876,1.38797,0
2026-06-05 13:20,1.38807,1.38817,1.3877,1.388,0
2026-06-05 13:21,1.38813,1.38815,1.3877,1.3878,0
2026-06-05 13:22,1.3878,1.38818,1.3877,1.38811,0
2026-06-05 13:23,1.38801,1.3881,1.3876,1.38808,0
2026-06-05 13:24,1.38859,1.38859,1.3875,1.38801,0
2026-06-05 13:25,1.38873,1.38878,1.3881,1.38855,0
2026-06-05 13:26,1.38896,1.38909,1.3883,1.38872,0
2026-06-05 13:27,1.38926,1.38926,1.3885,1.38896,0
2026-06-05 13:28,1.3891,1.3894,1.3888,1.38921,0
2026-06-05 13:29,1.3887,1.38931,1.38858,1.3893,0
2026-06-05 13:30,1.38717,1.38945,1.3864,1.38882,0
2026-06-05 13:31,1.38758,1.38788,1.3865,1.38706,0
2026-06-05 13:32,1.3876,1.38796,1.3867,1.38765,0
2026-06-05 13:33,1.38764,1.38782,1.3871,1.38762,0
2026-06-05 13:34,1.38746,1.38783,1.3871,1.3877,0
2026-06-05 13:35,1.38772,1.38778,1.3872,1.38746,0
2026-06-05 13:36,1.38825,1.38839,1.3874,1.3875,0
2026-06-05 13:37,1.38798,1.38839,1.3877,1.38821,0
2026-06-05 13:38,1.38791,1.38805,1.3873,1.3878,0
2026-06-05 13:39,1.38798,1.38818,1.3875,1.38793,0
2026-06-05 13:40,1.38782,1.38808,1.3875,1.38805,0
2026-06-05 13:41,1.38828,1.3884,1.3875,1.38782,0
2026-06-05 13:42,1.38839,1.3884,1.3876,1.38835,0
2026-06-05 13:43,1.38835,1.38859,1.388,1.38835,0
2026-06-05 13:44,1.38834,1.38845,1.3879,1.38838,0
2026-06-05 13:45,1.38787,1.38846,1.3875,1.38841,0
2026-06-05 13:46,1.38739,1.38809,1.3869,1.38787,0
2026-06-05 13:47,1.38752,1.3877,1.387,1.38738,0
2026-06-05 13:48,1.38735,1.38758,1.387,1.38752,0
2026-06-05 13:49,1.38772,1.3879,1.3871,1.38736,0
2026-06-05 13:50,1.38785,1.38791,1.3874,1.38773,0
2026-06-05 13:51,1.38818,1.3882,1.3875,1.38789,0
2026-06-05 13:52,1.388,1.38844,1.3875,1.38813,0
2026-06-05 13:53,1.3886,1.38878,1.388,1.38833,0
2026-06-05 13:54,1.38862,1.38869,1.3882,1.38857,0
2026-06-05 13:55,1.3888,1.38886,1.3883,1.38862,0
2026-06-05 13:56,1.38878,1.38897,1.3884,1.38881,0
2026-06-05 13:57,1.38895,1.38902,1.3884,1.38875,0
2026-06-05 13:58,1.38909,1.38917,1.3886,1.3889,0
2026-06-05 13:59,1.3894,1.38952,1.3888,1.38906,0
2026-06-05 14:00,1.38936,1.38954,1.389,1.3894,0
2026-06-05 14:01,1.38887,1.38953,1.3885,1.3891,0
2026-06-05 14:02,1.38931,1.38936,1.3884,1.38887,0
2026-06-05 14:03,1.38919,1.38952,1.3889,1.38935,0
2026-06-05 14:04,1.38926,1.38931,1.3887,1.3889,0
2026-06-05 14:05,1.38937,1.38954,1.3889,1.38931,0
2026-06-05 14:06,1.3897,1.3897,1.3889,1.389,0
2026-06-05 14:07,1.38988,1.38995,1.3893,1.38964,0
2026-06-05 14:08,1.38959,1.38995,1.3893,1.38989,0
2026-06-05 14:09,1.38957,1.3897,1.389,1.38959,0
2026-06-05 14:10,1.3894,1.38975,1.389,1.38961,0
2026-06-05 14:11,1.38965,1.3897,1.3889,1.38937,0
2026-06-05 14:12,1.3897,1.38981,1.3891,1.38965,0
2026-06-05 14:13,1.38951,1.38979,1.3891,1.3897,0
2026-06-05 14:14,1.38971,1.38971,1.389,1.38944,0
2026-06-05 14:15,1.38966,1.3898,1.3893,1.38972,0
2026-06-05 14:16,1.38947,1.38966,1.3891,1.38959,0
2026-06-05 14:17,1.38937,1.38954,1.3889,1.38947,0
2026-06-05 14:18,1.38915,1.38944,1.3887,1.38937,0
2026-06-05 14:19,1.3889,1.38942,1.3887,1.38909,0
2026-06-05 14:20,1.38912,1.38934,1.3888,1.38923,0
2026-06-05 14:21,1.38903,1.3892,1.3886,1.38915,0
2026-06-05 14:22,1.38906,1.38912,1.3885,1.3887,0
2026-06-05 14:23,1.38891,1.38913,1.3885,1.38907,0
2026-06-05 14:24,1.389,1.38914,1.3886,1.3889,0
2026-06-05 14:25,1.3889,1.38916,1.3886,1.38895,0
2026-06-05 14:26,1.3889,1.38916,1.3885,1.38905,0
2026-06-05 14:27,1.38884,1.389,1.3884,1.38886,0
2026-06-05 14:28,1.3889,1.38897,1.3885,1.38884,0
2026-06-05 14:29,1.38917,1.38921,1.3885,1.38888,0
2026-06-05 14:30,1.38957,1.38964,1.3889,1.38915,0
2026-06-05 14:31,1.38977,1.38982,1.3892,1.38958,0
2026-06-05 14:32,1.38958,1.38976,1.3891,1.38972,0
2026-06-05 14:33,1.38967,1.38977,1.3892,1.38957,0
2026-06-05 14:34,1.38961,1.38977,1.3892,1.38967,0
2026-06-05 14:35,1.38966,1.38983,1.3892,1.38961,0
2026-06-05 14:36,1.38975,1.38982,1.3893,1.38966,0
2026-06-05 14:37,1.3898,1.38992,1.3894,1.38975,0
2026-06-05 14:38,1.38992,1.38997,1.3893,1.38979,0
2026-06-05 14:39,1.38992,1.39017,1.3896,1.38993,0
2026-06-05 14:40,1.38975,1.38998,1.3893,1.3896,0
2026-06-05 14:41,1.38989,1.38998,1.3895,1.38975,0
2026-06-05 14:42,1.3903,1.39032,1.3895,1.3896,0
2026-06-05 14:43,1.39033,1.39044,1.3897,1.39031,0
2026-06-05 14:44,1.3899,1.39038,1.3897,1.39,0
2026-06-05 14:45,1.3898,1.39021,1.3895,1.39016,0
2026-06-05 14:46,1.3898,1.39028,1.3897,1.39009,0
2026-06-05 14:47,1.39005,1.3901,1.3895,1.39003,0
2026-06-05 14:48,1.3901,1.39023,1.3896,1.39007,0
2026-06-05 14:49,1.3898,1.39014,1.3896,1.39009,0
2026-06-05 14:50,1.39002,1.39018,1.3897,1.39004,0
2026-06-05 14:51,1.39006,1.39026,1.3896,1.39002,0
2026-06-05 14:52,1.39013,1.39032,1.3896,1.39001,0
2026-06-05 14:53,1.39006,1.39021,1.3897,1.39012,0
2026-06-05 14:54,1.38992,1.39007,1.3894,1.39002,0
2026-06-05 14:55,1.38988,1.39006,1.3896,1.3896,0
2026-06-05 14:56,1.38993,1.38998,1.3894,1.38988,0
2026-06-05 14:57,1.39002,1.39015,1.3895,1.38994,0
2026-06-05 14:58,1.39007,1.39009,1.3895,1.39002,0
2026-06-05 14:59,1.39036,1.3904,1.3896,1.39002,0
2026-06-05 15:00,1.3901,1.39062,1.3899,1.3903,0
2026-06-05 15:01,1.39048,1.39058,1.3899,1.39049,0
2026-06-05 15:02,1.39021,1.3906,1.3897,1.39049,0
2026-06-05 15:03,1.38995,1.3903,1.3895,1.3902,0
2026-06-05 15:04,1.3901,1.39022,1.3896,1.3896,0
2026-06-05 15:05,1.39012,1.39021,1.3896,1.39011,0
2026-06-05 15:06,1.39054,1.39072,1.3896,1.3898,0
2026-06-05 15:07,1.39065,1.39092,1.3899,1.3903,0
2026-06-05 15:08,1.39047,1.39078,1.3901,1.3906,0
2026-06-05 15:09,1.39051,1.39072,1.39,1.39047,0
2026-06-05 15:10,1.39057,1.39065,1.39,1.39057,0
2026-06-05 15:11,1.39071,1.391,1.3901,1.39062,0
2026-06-05 15:12,1.39065,1.39083,1.3901,1.39072,0
2026-06-05 15:13,1.39069,1.39072,1.3902,1.39069,0
2026-06-05 15:14,1.39087,1.39093,1.3903,1.39068,0
2026-06-05 15:15,1.39106,1.39108,1.3904,1.39087,0
2026-06-05 15:16,1.39133,1.39138,1.3908,1.39102,0
2026-06-05 15:17,1.39124,1.39141,1.3908,1.39131,0
2026-06-05 15:18,1.39129,1.39137,1.3909,1.39128,0
2026-06-05 15:19,1.39136,1.39146,1.391,1.39134,0
2026-06-05 15:20,1.39136,1.39153,1.391,1.39132,0
2026-06-05 15:21,1.39135,1.39152,1.3909,1.39135,0
2026-06-05 15:22,1.39162,1.39162,1.391,1.39131,0
2026-06-05 15:23,1.39179,1.39182,1.3911,1.39159,0
2026-06-05 15:24,1.39183,1.39194,1.3913,1.39179,0
2026-06-05 15:25,1.39171,1.39185,1.3911,1.39181,0
2026-06-05 15:26,1.39178,1.39183,1.3912,1.39175,0
2026-06-05 15:27,1.39168,1.39185,1.3912,1.39178,0
2026-06-05 15:28,1.39177,1.39185,1.3913,1.39168,0
2026-06-05 15:29,1.39185,1.39191,1.3915,1.39179,0
2026-06-05 15:30,1.39159,1.39189,1.3912,1.39182,0
2026-06-05 15:31,1.39147,1.3916,1.391,1.39159,0
2026-06-05 15:32,1.39156,1.39156,1.391,1.39146,0
2026-06-05 15:33,1.39152,1.39165,1.3911,1.39152,0
2026-06-05 15:34,1.39144,1.39157,1.391,1.39157,0
2026-06-05 15:35,1.39131,1.39148,1.3908,1.39144,0
2026-06-05 15:36,1.3913,1.39145,1.391,1.3913,0
2026-06-05 15:37,1.39134,1.39149,1.3908,1.3913,0
2026-06-05 15:38,1.39134,1.39142,1.391,1.39134,0
2026-06-05 15:39,1.39147,1.3915,1.3909,1.39134,0
2026-06-05 15:40,1.39153,1.3916,1.3911,1.39142,0
2026-06-05 15:41,1.3915,1.3916,1.391,1.39154,0
2026-06-05 15:42,1.39147,1.39163,1.391,1.39146,0
2026-06-05 15:43,1.39141,1.39152,1.3909,1.3912,0
2026-06-05 15:44,1.39161,1.39174,1.3911,1.39145,0
2026-06-05 15:45,1.39162,1.39166,1.3911,1.3916,0
2026-06-05 15:46,1.3912,1.39173,1.3911,1.39166,0
2026-06-05 15:47,1.39151,1.39162,1.391,1.39154,0
2026-06-05 15:48,1.3914,1.39162,1.391,1.39155,0
2026-06-05 15:49,1.39158,1.39162,1.391,1.3914,0
2026-06-05 15:50,1.3914,1.39165,1.3911,1.39153,0
2026-06-05 15:51,1.39121,1.3914,1.3908,1.39136,0
2026-06-05 15:52,1.39122,1.3914,1.3908,1.39122,0
2026-06-05 15:53,1.39151,1.39167,1.3907,1.39122,0
2026-06-05 15:54,1.39157,1.39166,1.3909,1.39151,0
2026-06-05 15:55,1.39162,1.39176,1.3913,1.39152,0
2026-06-05 15:56,1.3912,1.39168,1.391,1.39164,0
2026-06-05 15:57,1.39155,1.3918,1.3911,1.39151,0
2026-06-05 15:58,1.39171,1.39172,1.3911,1.39159,0
2026-06-05 15:59,1.3917,1.39176,1.3912,1.39166,0
2026-06-05 16:00,1.39174,1.39174,1.3912,1.39168,0
2026-06-05 16:01,1.39167,1.3918,1.3912,1.39173,0
2026-06-05 16:02,1.39177,1.39183,1.3912,1.39168,0
2026-06-05 16:03,1.3916,1.39181,1.3911,1.39177,0
2026-06-05 16:04,1.39149,1.39173,1.3911,1.39162,0
2026-06-05 16:05,1.39143,1.39151,1.391,1.39144,0
2026-06-05 16:06,1.39163,1.39167,1.391,1.39142,0
2026-06-05 16:07,1.39189,1.39193,1.3913,1.39163,0
2026-06-05 16:08,1.39182,1.39197,1.3914,1.39188,0
2026-06-05 16:09,1.39182,1.39187,1.3913,1.39183,0
2026-06-05 16:10,1.392,1.39206,1.3914,1.39185,0
2026-06-05 16:11,1.39223,1.39227,1.3916,1.392,0
2026-06-05 16:12,1.39218,1.3923,1.3918,1.39225,0
2026-06-05 16:13,1.3919,1.39225,1.3918,1.39219,0
2026-06-05 16:14,1.39226,1.39226,1.3919,1.39216,0
2026-06-05 16:15,1.39234,1.39242,1.3917,1.39221,0
2026-06-05 16:16,1.3923,1.39245,1.3919,1.39235,0
2026-06-05 16:17,1.39217,1.39236,1.3918,1.3923,0
2026-06-05 16:18,1.39219,1.39225,1.3918,1.39218,0
2026-06-05 16:19,1.39209,1.39226,1.3917,1.39219,0
2026-06-05 16:20,1.39231,1.39233,1.3918,1.39214,0
2026-06-05 16:21,1.39239,1.39254,1.3918,1.39231,0
2026-06-05 16:22,1.39234,1.39244,1.3919,1.39239,0
2026-06-05 16:23,1.39218,1.39235,1.3917,1.39231,0
2026-06-05 16:24,1.39228,1.39234,1.3918,1.3919,0
2026-06-05 16:25,1.39245,1.39251,1.3919,1.39231,0
2026-06-05 16:26,1.39246,1.39252,1.392,1.3924,0
2026-06-05 16:27,1.39241,1.39252,1.3919,1.39246,0
2026-06-05 16:28,1.39238,1.39251,1.3919,1.39237,0
2026-06-05 16:29,1.3923,1.39244,1.3918,1.39236,0
2026-06-05 16:30,1.39267,1.39268,1.392,1.39233,0
2026-06-05 16:31,1.39271,1.39278,1.3923,1.39268,0
2026-06-05 16:32,1.3928,1.39287,1.3923,1.39271,0
2026-06-05 16:33,1.39301,1.39313,1.3926,1.3928,0
2026-06-05 16:34,1.39297,1.39309,1.3925,1.39292,0
2026-06-05 16:35,1.39284,1.39305,1.3925,1.39298,0
2026-06-05 16:36,1.39327,1.39327,1.3925,1.3929,0
2026-06-05 16:37,1.39334,1.39339,1.3929,1.39328,0
2026-06-05 16:38,1.39342,1.39347,1.3929,1.39335,0
2026-06-05 16:39,1.39336,1.39348,1.393,1.39346,0
2026-06-05 16:40,1.39336,1.39347,1.393,1.39335,0
2026-06-05 16:41,1.39347,1.39361,1.393,1.39338,0
2026-06-05 16:42,1.39325,1.39352,1.393,1.39346,0
2026-06-05 16:43,1.39331,1.39343,1.393,1.39326,0
2026-06-05 16:44,1.39331,1.3934,1.393,1.39331,0
2026-06-05 16:45,1.39341,1.39347,1.393,1.39333,0
2026-06-05 16:46,1.3933,1.39355,1.393,1.3934,0
2026-06-05 16:47,1.39361,1.39363,1.3932,1.39351,0
2026-06-05 16:48,1.39365,1.39374,1.3933,1.39356,0
2026-06-05 16:49,1.39365,1.39372,1.3932,1.39364,0
2026-06-05 16:50,1.3934,1.39382,1.3933,1.3933,0
2026-06-05 16:51,1.39351,1.39375,1.3932,1.3934,0
2026-06-05 16:52,1.39332,1.3936,1.393,1.39352,0
2026-06-05 16:53,1.39336,1.39344,1.393,1.39332,0
2026-06-05 16:54,1.39302,1.3934,1.3926,1.3934,0
2026-06-05 16:55,1.39333,1.39343,1.3927,1.39302,0
2026-06-05 16:56,1.39312,1.39344,1.3928,1.39337,0
2026-06-05 16:57,1.39321,1.39343,1.3929,1.39316,0
2026-06-05 16:58,1.39337,1.39342,1.3927,1.39316,0
2026-06-05 16:59,1.3929,1.39342,1.3928,1.39336,0
2026-06-05 17:00,1.39349,1.39353,1.3928,1.39322,0
2026-06-05 17:01,1.3931,1.39353,1.3929,1.39351,0
2026-06-05 17:02,1.39336,1.39347,1.3929,1.39337,0
2026-06-05 17:03,1.393,1.39346,1.3928,1.39337,0
2026-06-05 17:04,1.3932,1.39356,1.393,1.39331,0
2026-06-05 17:05,1.39356,1.39357,1.3932,1.39356,0
2026-06-05 17:06,1.39351,1.39364,1.3932,1.39356,0
2026-06-05 17:07,1.39366,1.39367,1.3932,1.39351,0
2026-06-05 17:08,1.39355,1.39372,1.3932,1.39361,0
2026-06-05 17:09,1.39356,1.39362,1.3931,1.39355,0
2026-06-05 17:10,1.39361,1.39367,1.3932,1.39351,0
2026-06-05 17:11,1.39356,1.39366,1.3932,1.39362,0
2026-06-05 17:12,1.39361,1.39372,1.3932,1.39352,0
2026-06-05 17:13,1.39358,1.39371,1.3931,1.39361,0
2026-06-05 17:14,1.39382,1.39382,1.3932,1.39356,0
2026-06-05 17:15,1.39387,1.39391,1.3935,1.39379,0
2026-06-05 17:16,1.3935,1.39399,1.3934,1.39381,0
2026-06-05 17:17,1.3936,1.39393,1.3934,1.39381,0
2026-06-05 17:18,1.3936,1.39395,1.3934,1.39385,0
2026-06-05 17:19,1.3938,1.39395,1.3935,1.39386,0
2026-06-05 17:20,1.39392,1.39395,1.3935,1.3938,0
2026-06-05 17:21,1.3937,1.39397,1.3935,1.3939,0
2026-06-05 17:22,1.39378,1.3939,1.3935,1.39384,0
2026-06-05 17:23,1.39392,1.39397,1.3934,1.39379,0
2026-06-05 17:24,1.39407,1.39419,1.3936,1.39397,0
2026-06-05 17:25,1.39402,1.39413,1.3935,1.39407,0
2026-06-05 17:26,1.39399,1.39404,1.3935,1.394,0
2026-06-05 17:27,1.39405,1.39406,1.3935,1.39403,0
2026-06-05 17:28,1.3937,1.39407,1.3937,1.394,0
2026-06-05 17:29,1.3937,1.39406,1.3936,1.394,0
2026-06-05 17:30,1.3937,1.39413,1.3936,1.394,0
2026-06-05 17:31,1.3938,1.39416,1.3937,1.39398,0
2026-06-05 17:32,1.3941,1.3942,1.3937,1.39413,0
2026-06-05 17:33,1.39417,1.39423,1.3937,1.39414,0
2026-06-05 17:34,1.3938,1.39425,1.3937,1.39417,0
2026-06-05 17:35,1.3938,1.39424,1.3938,1.39417,0
2026-06-05 17:36,1.3939,1.39433,1.3938,1.39411,0
2026-06-05 17:37,1.394,1.39428,1.3938,1.39422,0
2026-06-05 17:38,1.39426,1.39428,1.3939,1.39417,0
2026-06-05 17:39,1.39429,1.39435,1.3939,1.39422,0
2026-06-05 17:40,1.3943,1.39438,1.394,1.39434,0
2026-06-05 17:41,1.39437,1.3944,1.394,1.39431,0
2026-06-05 17:42,1.394,1.39441,1.394,1.39433,0
2026-06-05 17:43,1.39435,1.3944,1.394,1.39432,0
2026-06-05 17:44,1.39421,1.3944,1.3939,1.39436,0
2026-06-05 17:45,1.39422,1.39434,1.3939,1.394,0
2026-06-05 17:46,1.39404,1.39426,1.3936,1.39426,0
2026-06-05 17:47,1.39404,1.39416,1.3936,1.39404,0
2026-06-05 17:48,1.39406,1.39412,1.3937,1.39407,0
2026-06-05 17:49,1.39393,1.39412,1.3935,1.39404,0
2026-06-05 17:50,1.39391,1.394,1.3936,1.39393,0
2026-06-05 17:51,1.39385,1.39397,1.3934,1.39393,0
2026-06-05 17:52,1.39386,1.39394,1.3934,1.39388,0
2026-06-05 17:53,1.39386,1.39401,1.3935,1.3939,0
2026-06-05 17:54,1.39393,1.39404,1.3935,1.3939,0
2026-06-05 17:55,1.39396,1.39403,1.3935,1.3939,0
2026-06-05 17:56,1.39386,1.39405,1.3935,1.39396,0
2026-06-05 17:57,1.39351,1.39389,1.3932,1.39386,0
2026-06-05 17:58,1.39356,1.39368,1.3931,1.39356,0
2026-06-05 17:59,1.39363,1.39366,1.3931,1.39356,0
2026-06-05 18:00,1.3933,1.39375,1.393,1.39359,0
2026-06-05 18:01,1.39383,1.39383,1.3933,1.39367,0
2026-06-05 18:02,1.39384,1.39384,1.3933,1.39381,0
2026-06-05 18:03,1.3938,1.394,1.3935,1.3938,0
2026-06-05 18:04,1.39372,1.39384,1.3932,1.39384,0
2026-06-05 18:05,1.39364,1.39381,1.3933,1.39369,0
2026-06-05 18:06,1.39386,1.39387,1.3933,1.39364,0
2026-06-05 18:07,1.39387,1.39394,1.3935,1.39383,0
2026-06-05 18:08,1.39382,1.39394,1.3935,1.39382,0
2026-06-05 18:09,1.39383,1.39387,1.3933,1.39382,0
2026-06-05 18:10,1.3936,1.394,1.3935,1.39383,0
2026-06-05 18:11,1.3938,1.39406,1.3936,1.39393,0
2026-06-05 18:12,1.39402,1.39411,1.3936,1.39401,0
2026-06-05 18:13,1.39396,1.39403,1.3935,1.39399,0
2026-06-05 18:14,1.3937,1.39405,1.3936,1.39397,0
2026-06-05 18:15,1.39401,1.39404,1.3935,1.394,0
2026-06-05 18:16,1.39412,1.39416,1.3937,1.3937,0
2026-06-05 18:17,1.3939,1.3942,1.3937,1.39415,0
2026-06-05 18:18,1.39411,1.39417,1.3938,1.3938,0
2026-06-05 18:19,1.39405,1.39419,1.3937,1.39413,0
2026-06-05 18:20,1.39404,1.39412,1.3937,1.39406,0
2026-06-05 18:21,1.3939,1.39408,1.3935,1.39404,0
2026-06-05 18:22,1.39375,1.39394,1.3934,1.3936,0
2026-06-05 18:23,1.3938,1.39386,1.3933,1.39373,0
2026-06-05 18:24,1.39378,1.39386,1.3934,1.3938,0
2026-06-05 18:25,1.39378,1.39382,1.3933,1.39378,0
2026-06-05 18:26,1.39381,1.39384,1.3934,1.3938,0
2026-06-05 18:27,1.39363,1.39393,1.3933,1.39378,0
2026-06-05 18:28,1.39361,1.39368,1.3932,1.39363,0
2026-06-05 18:29,1.39362,1.3937,1.3931,1.39363,0
2026-06-05 18:30,1.3932,1.39367,1.3932,1.39365,0
2026-06-05 18:31,1.39362,1.39375,1.3932,1.39354,0
2026-06-05 18:32,1.3933,1.39373,1.3932,1.39365,0
2026-06-05 18:33,1.39364,1.39371,1.3933,1.39364,0
2026-06-05 18:34,1.39361,1.39376,1.3933,1.39365,0
2026-06-05 18:35,1.39373,1.39374,1.3932,1.39361,0
2026-06-05 18:36,1.3935,1.39388,1.3932,1.39373,0
2026-06-05 18:37,1.39357,1.39381,1.3933,1.39377,0
2026-06-05 18:38,1.3932,1.39364,1.3932,1.39357,0
2026-06-05 18:39,1.39361,1.39366,1.3931,1.39355,0
2026-06-05 18:40,1.3933,1.39366,1.3931,1.39361,0
2026-06-05 18:41,1.39387,1.39391,1.3932,1.39363,0
2026-06-05 18:42,1.39396,1.39401,1.3936,1.3939,0
2026-06-05 18:43,1.3936,1.39396,1.3936,1.39391,0
2026-06-05 18:44,1.3937,1.39407,1.3934,1.39391,0
2026-06-05 18:45,1.39409,1.39414,1.3936,1.39405,0
2026-06-05 18:46,1.394,1.39427,1.3938,1.39413,0
2026-06-05 18:47,1.39417,1.39425,1.3937,1.39416,0
2026-06-05 18:48,1.39428,1.3943,1.3938,1.39415,0
2026-06-05 18:49,1.39421,1.39437,1.3939,1.3941,0
2026-06-05 18:50,1.3942,1.3943,1.3937,1.39425,0
2026-06-05 18:51,1.39423,1.39434,1.3937,1.3942,0
2026-06-05 18:52,1.39435,1.39437,1.3939,1.39425,0
2026-06-05 18:53,1.39425,1.39438,1.3939,1.39432,0
2026-06-05 18:54,1.39413,1.39425,1.3938,1.39421,0
2026-06-05 18:55,1.3939,1.39424,1.3937,1.39413,0
2026-06-05 18:56,1.3937,1.39425,1.3937,1.3942,0
2026-06-05 18:57,1.3941,1.39414,1.3935,1.39406,0
2026-06-05 18:58,1.39417,1.39429,1.3938,1.3941,0
2026-06-05 18:59,1.39425,1.39428,1.3938,1.39417,0
2026-06-05 19:00,1.3939,1.3943,1.3939,1.39421,0
2026-06-05 19:01,1.3938,1.39431,1.3938,1.39422,0
2026-06-05 19:02,1.394,1.39437,1.3938,1.39414,0
2026-06-05 19:03,1.39431,1.3944,1.3939,1.39435,0
2026-06-05 19:04,1.39441,1.39447,1.394,1.39433,0
2026-06-05 19:05,1.3945,1.39457,1.394,1.39441,0
2026-06-05 19:06,1.3942,1.39458,1.394,1.39451,0
2026-06-05 19:07,1.39447,1.39457,1.3939,1.39452,0
2026-06-05 19:08,1.39433,1.39448,1.394,1.39443,0
2026-06-05 19:09,1.39435,1.39442,1.3938,1.394,0
2026-06-05 19:10,1.39444,1.39445,1.394,1.39435,0
2026-06-05 19:11,1.39447,1.39452,1.3941,1.3944,0
2026-06-05 19:12,1.39441,1.39454,1.394,1.39448,0
2026-06-05 19:13,1.394,1.3945,1.394,1.3941,0
2026-06-05 19:14,1.39439,1.39447,1.394,1.39434,0
2026-06-05 19:15,1.39451,1.39452,1.3941,1.3944,0
2026-06-05 19:16,1.39445,1.39452,1.3941,1.39452,0
2026-06-05 19:17,1.39442,1.39451,1.3941,1.39445,0
2026-06-05 19:18,1.39441,1.39451,1.3939,1.39442,0
2026-06-05 19:19,1.39435,1.39446,1.3939,1.3944,0
2026-06-05 19:20,1.39429,1.39443,1.3939,1.3943,0
2026-06-05 19:21,1.39429,1.39437,1.3939,1.39428,0
2026-06-05 19:22,1.39443,1.39449,1.394,1.39429,0
2026-06-05 19:23,1.39441,1.3945,1.3941,1.39447,0
2026-06-05 19:24,1.39446,1.39447,1.3941,1.39444,0
2026-06-05 19:25,1.3942,1.3945,1.3941,1.39442,0
2026-06-05 19:26,1.39433,1.39455,1.394,1.3941,0
2026-06-05 19:27,1.39448,1.39453,1.394,1.39434,0
2026-06-05 19:28,1.39449,1.39456,1.394,1.39447,0
2026-06-05 19:29,1.39455,1.39456,1.394,1.39449,0
2026-06-05 19:30,1.39459,1.39464,1.3942,1.3942,0
2026-06-05 19:31,1.39452,1.39462,1.3942,1.39457,0
2026-06-05 19:32,1.3942,1.39461,1.3942,1.39451,0
2026-06-05 19:33,1.39443,1.3946,1.394,1.39452,0
2026-06-05 19:34,1.39431,1.39444,1.394,1.39439,0
2026-06-05 19:35,1.39431,1.39443,1.394,1.39435,0
2026-06-05 19:36,1.39423,1.39437,1.3938,1.3943,0
2026-06-05 19:37,1.39424,1.39426,1.3937,1.39419,0
2026-06-05 19:38,1.39432,1.39445,1.3939,1.3942,0
2026-06-05 19:39,1.39439,1.39446,1.394,1.39437,0
2026-06-05 19:40,1.3942,1.39447,1.3939,1.3944,0
2026-06-05 19:41,1.39445,1.39449,1.394,1.39441,0
2026-06-05 19:42,1.3944,1.3945,1.3941,1.39442,0
2026-06-05 19:43,1.3941,1.3945,1.3941,1.3944,0
2026-06-05 19:44,1.39446,1.39455,1.3941,1.39444,0
2026-06-05 19:45,1.39463,1.39463,1.3941,1.39447,0
2026-06-05 19:46,1.39476,1.39482,1.3942,1.39459,0
2026-06-05 19:47,1.3947,1.39484,1.3943,1.39477,0
2026-06-05 19:48,1.39473,1.39475,1.3942,1.3947,0
2026-06-05 19:49,1.39449,1.39474,1.3942,1.39474,0
2026-06-05 19:50,1.3944,1.39465,1.3941,1.39449,0
2026-06-05 19:51,1.39463,1.39466,1.3942,1.39462,0
2026-06-05 19:52,1.39466,1.39466,1.3942,1.39465,0
2026-06-05 19:53,1.3945,1.39474,1.3942,1.3946,0
2026-06-05 19:54,1.39469,1.39475,1.3943,1.39472,0
2026-06-05 19:55,1.3944,1.3948,1.3943,1.39465,0
2026-06-05 19:56,1.39451,1.3948,1.3941,1.3945,0
2026-06-05 19:57,1.39475,1.39479,1.3942,1.39455,0
2026-06-05 19:58,1.3948,1.39483,1.3944,1.39475,0
2026-06-05 19:59,1.39489,1.39494,1.3944,1.39481,0
2026-06-05 20:00,1.39489,1.39495,1.3945,1.39491,0
2026-06-05 20:01,1.3944,1.39489,1.3944,1.39489,0
2026-06-05 20:02,1.3944,1.39475,1.3942,1.39468,0
2026-06-05 20:03,1.39462,1.39474,1.3943,1.39469,0
2026-06-05 20:04,1.39469,1.39475,1.3942,1.39462,0
2026-06-05 20:05,1.39467,1.39482,1.3944,1.39474,0
2026-06-05 20:06,1.3947,1.39491,1.3944,1.39467,0
2026-06-05 20:07,1.39489,1.39493,1.3945,1.39487,0
2026-06-05 20:08,1.3949,1.39494,1.3945,1.39488,0
2026-06-05 20:09,1.39478,1.39494,1.3945,1.39494,0
2026-06-05 20:10,1.39484,1.39491,1.3945,1.3945,0
2026-06-05 20:11,1.39494,1.39495,1.3946,1.39483,0
2026-06-05 20:12,1.39496,1.395,1.3946,1.39489,0
2026-06-05 20:13,1.39488,1.395,1.3944,1.39495,0
2026-06-05 20:14,1.39492,1.39497,1.3945,1.39488,0
2026-06-05 20:15,1.39495,1.395,1.3946,1.39488,0
2026-06-05 20:16,1.39496,1.395,1.3946,1.39499,0
2026-06-05 20:17,1.395,1.39503,1.3946,1.39492,0
2026-06-05 20:18,1.39492,1.39503,1.3944,1.39494,0
2026-06-05 20:19,1.39493,1.39498,1.3944,1.3945,0
2026-06-05 20:20,1.3949,1.39494,1.3944,1.39494,0
2026-06-05 20:21,1.39483,1.39493,1.3944,1.39488,0
2026-06-05 20:22,1.39487,1.39492,1.3943,1.39483,0
2026-06-05 20:23,1.39492,1.39492,1.3943,1.39486,0
2026-06-05 20:24,1.39485,1.39492,1.3945,1.39491,0
2026-06-05 20:25,1.39456,1.39484,1.3941,1.39482,0
2026-06-05 20:26,1.39463,1.39472,1.3942,1.39452,0
2026-06-05 20:27,1.3942,1.3947,1.3942,1.39463,0
2026-06-05 20:28,1.3941,1.3946,1.394,1.39452,0
2026-06-05 20:29,1.3942,1.39463,1.3941,1.39453,0
2026-06-05 20:30,1.3943,1.39473,1.3942,1.39451,0
2026-06-05 20:31,1.3946,1.39475,1.3942,1.39467,0
2026-06-05 20:32,1.39469,1.39475,1.3943,1.3946,0
2026-06-05 20:33,1.3944,1.39476,1.3942,1.39474,0
2026-06-05 20:34,1.3947,1.39476,1.3943,1.3944,0
2026-06-05 20:35,1.39464,1.3947,1.3941,1.39465,0
2026-06-05 20:36,1.39471,1.3948,1.3943,1.3943,0
2026-06-05 20:37,1.39473,1.39481,1.3944,1.39471,0
2026-06-05 20:38,1.39471,1.39477,1.3943,1.39474,0
2026-06-05 20:39,1.39469,1.39478,1.3943,1.39469,0
2026-06-05 20:40,1.3944,1.39473,1.3942,1.39469,0
2026-06-05 20:41,1.39475,1.39479,1.3942,1.39468,0
2026-06-05 20:42,1.3947,1.39478,1.3943,1.39472,0
2026-06-05 20:43,1.39479,1.39483,1.3943,1.3947,0
2026-06-05 20:44,1.39464,1.39483,1.3943,1.39479,0
2026-06-05 20:45,1.39448,1.39467,1.3942,1.3946,0
2026-06-05 20:46,1.39453,1.39462,1.3942,1.39454,0
2026-06-05 20:47,1.3942,1.39455,1.394,1.39448,0
2026-06-05 20:48,1.39448,1.39455,1.394,1.39447,0
2026-06-05 20:49,1.39438,1.39454,1.394,1.39448,0
2026-06-05 20:50,1.394,1.39446,1.3938,1.3944,0
2026-06-05 20:51,1.39436,1.39444,1.3939,1.39443,0
2026-06-05 20:52,1.39437,1.39443,1.3939,1.39436,0
2026-06-05 20:53,1.39437,1.39443,1.3939,1.39437,0
2026-06-05 20:54,1.3943,1.39437,1.3939,1.39431,0
2026-06-05 20:55,1.3942,1.39437,1.3937,1.39436,0
2026-06-05 20:56,1.39417,1.39427,1.3937,1.39415,0
2026-06-05 20:57,1.39409,1.39417,1.3936,1.39412,0
2026-06-05 20:58,1.39417,1.39417,1.3936,1.3936,0
2026-06-05 20:59,1.39424,1.39435,1.3937,1.3937,0
2026-06-05 21:00,1.394,1.39429,1.3936,1.39424,0
2026-06-05 21:01,1.39416,1.39416,1.3936,1.3936,0
2026-06-05 21:02,1.39438,1.39446,1.3937,1.3937,0
2026-06-05 21:03,1.3943,1.3945,1.3939,1.39439,0
2026-06-05 21:04,1.39461,1.39463,1.394,1.394,0
2026-06-05 21:05,1.39467,1.39472,1.3941,1.3941,0
2026-06-05 21:06,1.39491,1.39491,1.3943,1.39467,0
2026-06-05 21:07,1.39489,1.39496,1.3944,1.39484,0
2026-06-05 21:08,1.39488,1.395,1.3944,1.39493,0
2026-06-05 21:09,1.39487,1.39496,1.3944,1.3949,0
2026-06-05 21:10,1.39489,1.39502,1.3944,1.39486,0
2026-06-05 21:11,1.39489,1.39501,1.3944,1.3945,0
2026-06-05 21:12,1.3943,1.39499,1.3943,1.3949,0
2026-06-05 21:13,1.39474,1.39483,1.3943,1.39475,0
2026-06-05 21:14,1.3946,1.39482,1.3943,1.39474,0
2026-06-05 21:15,1.39484,1.39493,1.3944,1.39478,0
2026-06-05 21:16,1.39485,1.39492,1.3943,1.39491,0
2026-06-05 21:17,1.3947,1.39483,1.3942,1.39477,0
2026-06-05 21:18,1.3945,1.39474,1.3941,1.3942,0
2026-06-05 21:19,1.39441,1.39451,1.3941,1.3945,0
2026-06-05 21:20,1.39428,1.39455,1.3939,1.39435,0
2026-06-05 21:21,1.39418,1.39441,1.394,1.39428,0
2026-06-05 21:22,1.39424,1.39433,1.394,1.39418,0
2026-06-05 21:23,1.39418,1.3943,1.394,1.39424,0
2026-06-05 21:24,1.3942,1.39423,1.3939,1.39416,0
2026-06-05 21:25,1.394,1.3942,1.3938,1.39412,0
2026-06-05 21:26,1.39417,1.39425,1.3938,1.394,0
2026-06-05 21:27,1.39403,1.39424,1.3938,1.39422,0
2026-06-05 21:28,1.39409,1.39415,1.3937,1.39398,0
2026-06-05 21:29,1.3936,1.39434,1.3936,1.39413,0
2026-06-05 21:30,1.39397,1.39413,1.3938,1.39408,0
2026-06-05 21:31,1.39407,1.39414,1.3938,1.39404,0
2026-06-05 21:32,1.39422,1.39423,1.3939,1.39409,0
2026-06-05 21:33,1.39423,1.39432,1.3937,1.39422,0
2026-06-05 21:34,1.394,1.39431,1.394,1.39424,0
2026-06-05 21:35,1.39435,1.39442,1.3937,1.39419,0
2026-06-05 21:36,1.39434,1.39448,1.3939,1.39435,0
2026-06-05 21:37,1.3942,1.39442,1.394,1.39434,0
2026-06-05 21:38,1.39437,1.39442,1.3939,1.3942,0
2026-06-05 21:39,1.39431,1.39442,1.3938,1.39432,0
2026-06-05 21:40,1.39429,1.39434,1.3941,1.39425,0
2026-06-05 21:41,1.39413,1.39433,1.3939,1.39425,0
2026-06-05 21:42,1.39414,1.39421,1.3939,1.3941,0
2026-06-05 21:43,1.3942,1.39423,1.3939,1.3939,0
2026-06-05 21:44,1.39416,1.39423,1.3937,1.39417,0
2026-06-05 21:45,1.39417,1.39422,1.3939,1.39417,0
2026-06-05 21:46,1.39396,1.39421,1.3936,1.39415,0
2026-06-05 21:47,1.3938,1.39404,1.3935,1.39403,0
2026-06-05 21:48,1.39403,1.39404,1.3935,1.39399,0
2026-06-05 21:49,1.39393,1.39404,1.3936,1.39399,0
2026-06-05 21:50,1.39391,1.39402,1.3937,1.39391,0
2026-06-05 21:51,1.39377,1.39402,1.3937,1.39397,0
2026-06-05 21:52,1.39388,1.39396,1.3936,1.39377,0
2026-06-05 21:53,1.39394,1.39405,1.3937,1.39381,0
2026-06-05 21:54,1.3942,1.3942,1.3935,1.39394,0
2026-06-05 21:55,1.39395,1.3942,1.3936,1.3942,0
2026-06-05 21:56,1.39371,1.39413,1.3934,1.39397,0
2026-06-05 21:57,1.39401,1.39423,1.3935,1.39402,0
2026-06-05 21:58,1.39403,1.39415,1.3939,1.394,0
2026-06-05 21:59,1.3937,1.39398,1.3933,1.39398,0
2026-06-05 22:00,1.3933,1.3937,1.3933,1.3937,0
2026-06-05 22:34,1.3937,1.3937,1.3937,1.3937,0
2026-06-05 23:02,1.3937,1.3937,1.3937,1.3937,0
