Price,Close,High,Low,Open,Volume
Ticker,AAPL,AAPL,AAPL,AAPL,AAPL
Datetime,,,,,
2026-01-21 14:30:00+00:00,248.1999969482422,248.75,247.77000427246094,248.7100067138672,1809760
2026-01-21 14:31:00+00:00,247.9600067138672,248.28550720214844,247.3800048828125,248.13499450683594,225680
2026-01-21 14:32:00+00:00,247.1999969482422,247.9873046875,247.02000427246094,247.1999969482422,137974
2026-01-21 14:33:00+00:00,246.69000244140625,247.17999267578125,246.5399932861328,247.1300048828125,149680
2026-01-21 14:34:00+00:00,246.99000549316406,247.19000244140625,246.6414031982422,246.6634063720703,161456
2026-01-21 14:35:00+00:00,247.2899932861328,247.41000366210938,246.97999572753906,247.2899932861328,106212
2026-01-21 14:36:00+00:00,247.39559936523438,247.48500061035156,247.22000122070312,247.3300018310547,87999
2026-01-21 14:37:00+00:00,247.17999267578125,247.6199951171875,247.14999389648438,247.44000244140625,126608
2026-01-21 14:38:00+00:00,247.13999938964844,247.39999389648438,247.04010009765625,247.24000549316406,108905
2026-01-21 14:39:00+00:00,246.89999389648438,247.23500061035156,246.6999969482422,247.1199951171875,102106
2026-01-21 14:40:00+00:00,246.47999572753906,246.9051971435547,246.18499755859375,246.9051971435547,103347
2026-01-21 14:41:00+00:00,246.0800018310547,246.74000549316406,246.0800018310547,246.4600067138672,106850
2026-01-21 14:42:00+00:00,246.44000244140625,246.44000244140625,246.44000244140625,246.44000244140625,102307
2026-01-21 14:43:00+00:00,246.6999969482422,246.9199981689453,246.46499633789062,246.46499633789062,109169
2026-01-21 14:44:00+00:00,246.77000427246094,246.80999755859375,246.38099670410156,246.64999389648438,83657
2026-01-21 14:45:00+00:00,246.47000122070312,246.9499053955078,246.31500244140625,246.77000427246094,141368
2026-01-21 14:46:00+00:00,246.7100067138672,246.83999633789062,246.4499969482422,246.49000549316406,68468
2026-01-21 14:47:00+00:00,247.42999267578125,247.4499969482422,246.6999969482422,246.75,99062
2026-01-21 14:48:00+00:00,247.19000244140625,247.47000122070312,247.17999267578125,247.4499969482422,69669
2026-01-21 14:49:00+00:00,247.21499633789062,247.35000610351562,247.13999938964844,247.17999267578125,79491
2026-01-21 14:50:00+00:00,247.1999969482422,247.32000732421875,247.1300048828125,247.22000122070312,57550
2026-01-21 14:51:00+00:00,247.42820739746094,247.5,247.16000366210938,247.2100067138672,104955
2026-01-21 14:52:00+00:00,247.42999267578125,247.52000427246094,247.1699981689453,247.44000244140625,104936
2026-01-21 14:53:00+00:00,247.07000732421875,247.47999572753906,246.9700927734375,247.4499969482422,155020
2026-01-21 14:54:00+00:00,247.10000610351562,247.16000366210938,246.8300018310547,247.0968017578125,56855
2026-01-21 14:55:00+00:00,246.97000122070312,247.08999633789062,246.80999755859375,247.08999633789062,65668
2026-01-21 14:56:00+00:00,247.0,247.1199951171875,246.8699951171875,247.0,61479
2026-01-21 14:57:00+00:00,247.1999969482422,247.27999877929688,247.02000427246094,247.05999755859375,104953
2026-01-21 14:58:00+00:00,247.22999572753906,247.35000610351562,247.19000244140625,247.19500732421875,0
2026-01-21 14:59:00+00:00,246.89999389648438,247.27000427246094,246.89999389648438,247.25,77391
2026-01-21 15:00:00+00:00,247.08999633789062,247.27000427246094,246.88999938964844,246.89999389648438,114665
2026-01-21 15:01:00+00:00,247.1699981689453,247.36000061035156,247.11000061035156,247.11000061035156,110783
2026-01-21 15:02:00+00:00,247.02999877929688,247.36000061035156,247.02999877929688,247.14999389648438,103234
2026-01-21 15:03:00+00:00,247.16000366210938,247.1699981689453,246.94000244140625,247.0500030517578,76298
2026-01-21 15:04:00+00:00,246.6699981689453,247.1649932861328,246.6199951171875,247.1501007080078,79577
2026-01-21 15:05:00+00:00,246.67999267578125,246.67999267578125,246.67999267578125,246.67999267578125,84905
2026-01-21 15:06:00+00:00,247.0399932861328,247.14999389648438,246.72000122070312,246.72000122070312,89547
2026-01-21 15:07:00+00:00,246.41380310058594,247.0500030517578,246.38999938964844,247.0500030517578,66083
2026-01-21 15:08:00+00:00,246.5399932861328,246.55999755859375,246.36000061035156,246.41000366210938,93154
2026-01-21 15:09:00+00:00,246.39999389648438,246.5594940185547,246.35009765625,246.52000427246094,89783
2026-01-21 15:10:00+00:00,246.3249969482422,246.80999755859375,246.3101043701172,246.4199981689453,71899
2026-01-21 15:11:00+00:00,246.7449951171875,246.83999633789062,246.2899932861328,246.3249969482422,105608
2026-01-21 15:12:00+00:00,246.58990478515625,246.83999633789062,246.52000427246094,246.75999450683594,82790
2026-01-21 15:13:00+00:00,246.53500366210938,246.64999389648438,246.32000732421875,246.55499267578125,131543
2026-01-21 15:14:00+00:00,246.91000366210938,246.9499969482422,246.5050048828125,246.5399932861328,96754
2026-01-21 15:15:00+00:00,247.10499572753906,247.33999633789062,246.9149932861328,246.9149932861328,109851
2026-01-21 15:16:00+00:00,247.41000366210938,247.60000610351562,247.08999633789062,247.1199951171875,87041
2026-01-21 15:17:00+00:00,247.3000030517578,247.47000122070312,247.1800994873047,247.44000244140625,56966
2026-01-21 15:18:00+00:00,247.0800018310547,247.3000030517578,246.9615936279297,247.3000030517578,83948
2026-01-21 15:19:00+00:00,247.10499572753906,247.1699981689453,246.9600067138672,247.10499572753906,54873
2026-01-21 15:20:00+00:00,247.1649932861328,247.27999877929688,247.10000610351562,247.11000061035156,38574
2026-01-21 15:21:00+00:00,247.2449951171875,247.27999877929688,247.0800018310547,247.13999938964844,59472
2026-01-21 15:22:00+00:00,247.07000732421875,247.2449951171875,247.00999450683594,247.2449951171875,50148
2026-01-21 15:23:00+00:00,247.4499969482422,247.5,246.8699951171875,247.05999755859375,111860
2026-01-21 15:24:00+00:00,247.72000122070312,247.86000061035156,247.3699951171875,247.44000244140625,127811
2026-01-21 15:25:00+00:00,247.7899932861328,247.92999267578125,247.63999938964844,247.71499633789062,94937
2026-01-21 15:26:00+00:00,247.80029296875,247.8300018310547,247.6300048828125,247.7949981689453,49111
2026-01-21 15:27:00+00:00,247.63999938964844,248.0,247.51170349121094,247.93499755859375,93718
2026-01-21 15:28:00+00:00,247.6699981689453,247.72000122070312,247.47000122070312,247.6699981689453,55847
2026-01-21 15:29:00+00:00,247.57000732421875,247.57000732421875,247.57000732421875,247.57000732421875,53443
2026-01-21 15:30:00+00:00,247.55999755859375,247.66000366210938,247.47000122070312,247.57000732421875,80127
2026-01-21 15:31:00+00:00,247.625,247.72999572753906,247.47999572753906,247.59500122070312,84034
2026-01-21 15:32:00+00:00,247.85000610351562,247.86000061035156,247.57000732421875,247.625,66104
2026-01-21 15:33:00+00:00,247.82000732421875,248.0,247.74000549316406,247.83999633789062,56078
2026-01-21 15:34:00+00:00,247.7899932861328,248.0,247.77000427246094,247.83009338378906,67198
2026-01-21 15:35:00+00:00,248.2100067138672,248.24000549316406,247.77999877929688,247.7899932861328,57343
2026-01-21 15:36:00+00:00,248.19000244140625,248.31500244140625,248.05029296875,248.21499633789062,93788
2026-01-21 15:37:00+00:00,247.98500061035156,248.30999755859375,247.97999572753906,248.17999267578125,72184
2026-01-21 15:38:00+00:00,248.0,248.1300048828125,247.97000122070312,248.0,38953
2026-01-21 15:39:00+00:00,248.07000732421875,248.11000061035156,247.89999389648438,248.0,53488
2026-01-21 15:40:00+00:00,248.02059936523438,248.2100067138672,247.9499969482422,248.08999633789062,81691
2026-01-21 15:41:00+00:00,248.0500030517578,248.16000366210938,247.99000549316406,248.0399932861328,62258
2026-01-21 15:42:00+00:00,248.2274932861328,248.27999877929688,248.02999877929688,248.02999877929688,47050
2026-01-21 15:43:00+00:00,248.3101043701172,248.3101043701172,248.3101043701172,248.3101043701172,60033
2026-01-21 15:44:00+00:00,248.47999572753906,248.50999450683594,248.3000030517578,248.32000732421875,73280
2026-01-21 15:45:00+00:00,248.5500946044922,248.6300048828125,248.42759704589844,248.49000549316406,96443
2026-01-21 15:46:00+00:00,248.38999938964844,248.61000061035156,248.36199951171875,248.56500244140625,53780
2026-01-21 15:47:00+00:00,248.39199829101562,248.44749450683594,248.30999755859375,248.3800048828125,54469
2026-01-21 15:48:00+00:00,248.42999267578125,248.4600067138672,248.35000610351562,248.38999938964844,47555
2026-01-21 15:49:00+00:00,248.4499969482422,248.6199951171875,248.4199981689453,248.42999267578125,65195
2026-01-21 15:50:00+00:00,248.55999755859375,248.72000122070312,248.39999389648438,248.4600067138672,69588
2026-01-21 15:51:00+00:00,248.52000427246094,248.64999389648438,248.4600067138672,248.58200073242188,91858
2026-01-21 15:52:00+00:00,248.3300018310547,248.55999755859375,248.30999755859375,248.49000549316406,49941
2026-01-21 15:53:00+00:00,248.60000610351562,248.60000610351562,248.32000732421875,248.32000732421875,38067
2026-01-21 15:54:00+00:00,248.38999938964844,248.61000061035156,248.3699951171875,248.61000061035156,44688
2026-01-21 15:55:00+00:00,248.26499938964844,248.4600067138672,248.22000122070312,248.39999389648438,51731
2026-01-21 15:56:00+00:00,247.97999572753906,248.2301025390625,247.97000122070312,248.22999572753906,62888
2026-01-21 15:57:00+00:00,248.35000610351562,248.35000610351562,247.9250030517578,248.02000427246094,80868
2026-01-21 15:58:00+00:00,248.1199951171875,248.3699951171875,248.06100463867188,248.3699951171875,52864
2026-01-21 15:59:00+00:00,248.14500427246094,248.16000366210938,248.0399932861328,248.14500427246094,61283
2026-01-21 16:00:00+00:00,248.14500427246094,248.25909423828125,248.1199951171875,248.16990661621094,75249
2026-01-21 16:01:00+00:00,248.19329833984375,248.2899932861328,248.110107421875,248.14999389648438,79727
2026-01-21 16:02:00+00:00,247.9199981689453,248.22000122070312,247.91000366210938,248.2050018310547,54717
2026-01-21 16:03:00+00:00,248.14999389648438,248.14999389648438,247.88999938964844,247.93499755859375,41572
2026-01-21 16:04:00+00:00,247.99969482421875,248.1699981689453,247.97030639648438,248.14999389648438,37115
2026-01-21 16:05:00+00:00,247.61000061035156,247.97999572753906,247.4499969482422,247.97000122070312,137866
2026-01-21 16:06:00+00:00,247.75,247.86000061035156,247.6300048828125,247.6300048828125,104226
2026-01-21 16:07:00+00:00,247.5500030517578,247.75,247.44000244140625,247.75,50119
2026-01-21 16:08:00+00:00,247.35000610351562,247.61000061035156,247.2899932861328,247.55999755859375,48297
2026-01-21 16:09:00+00:00,247.4499969482422,247.47999572753906,247.30999755859375,247.36000061035156,82408
2026-01-21 16:10:00+00:00,247.5800018310547,247.5800018310547,247.44000244140625,247.47999572753906,50453
2026-01-21 16:11:00+00:00,247.58999633789062,247.65499877929688,247.52999877929688,247.57000732421875,42533
2026-01-21 16:12:00+00:00,247.40499877929688,247.60879516601562,247.39999389648438,247.58999633789062,63685
2026-01-21 16:13:00+00:00,247.42750549316406,247.4499969482422,247.2899932861328,247.41000366210938,64810
2026-01-21 16:14:00+00:00,247.26109313964844,247.5,247.25,247.42999267578125,62886
2026-01-21 16:15:00+00:00,247.29730224609375,247.3800048828125,247.17999267578125,247.25999450683594,60755
2026-01-21 16:16:00+00:00,247.47000122070312,247.52000427246094,247.3000030517578,247.3000030517578,82913
2026-01-21 16:17:00+00:00,247.3800048828125,247.5,247.3300018310547,247.5,54329
2026-01-21 16:18:00+00:00,247.35000610351562,247.39999389648438,247.25,247.3800048828125,35112
2026-01-21 16:19:00+00:00,247.13499450683594,247.3594970703125,247.10000610351562,247.3300018310547,43986
2026-01-21 16:20:00+00:00,246.97999572753906,247.16000366210938,246.97000122070312,247.16000366210938,67087
2026-01-21 16:21:00+00:00,246.9949951171875,247.02999877929688,246.92999267578125,246.97500610351562,42512
2026-01-21 16:22:00+00:00,246.94400024414062,247.05099487304688,246.8800048828125,247.0399932861328,45480
2026-01-21 16:23:00+00:00,246.9149932861328,246.99000549316406,246.8300018310547,246.9600067138672,118524
2026-01-21 16:24:00+00:00,247.1511993408203,247.1999969482422,246.88999938964844,246.90499877929688,85340
2026-01-21 16:25:00+00:00,247.11500549316406,247.16000366210938,247.0449981689453,247.1300048828125,58764
2026-01-21 16:26:00+00:00,247.3300018310547,247.4199981689453,247.1038055419922,247.1038055419922,87950
2026-01-21 16:27:00+00:00,247.35000610351562,247.3800048828125,247.25,247.3300018310547,41672
2026-01-21 16:28:00+00:00,247.3800048828125,247.5,247.33999633789062,247.36929321289062,34130
2026-01-21 16:29:00+00:00,247.3000030517578,247.42999267578125,247.2449951171875,247.3800048828125,33601
2026-01-21 16:30:00+00:00,247.19500732421875,247.36000061035156,247.19500732421875,247.30999755859375,24589
2026-01-21 16:31:00+00:00,247.0500030517578,247.1999969482422,247.0449981689453,247.1887969970703,35335
2026-01-21 16:32:00+00:00,246.92539978027344,247.1699981689453,246.80999755859375,247.0500030517578,80652
2026-01-21 16:33:00+00:00,246.83999633789062,246.94000244140625,246.75999450683594,246.94000244140625,31254
2026-01-21 16:34:00+00:00,246.80999755859375,246.8800048828125,246.74000549316406,246.83999633789062,93783
2026-01-21 16:35:00+00:00,246.8000030517578,246.89999389648438,246.77999877929688,246.8000030517578,111403
2026-01-21 16:36:00+00:00,246.55169677734375,246.85000610351562,246.52999877929688,246.8000030517578,80138
2026-01-21 16:37:00+00:00,246.31500244140625,246.57000732421875,246.27999877929688,246.5500030517578,79213
2026-01-21 16:38:00+00:00,246.30999755859375,246.4398956298828,246.23500061035156,246.3800048828125,47152
2026-01-21 16:39:00+00:00,246.1826934814453,246.3699951171875,246.11000061035156,246.3249969482422,72441
2026-01-21 16:40:00+00:00,246.08999633789062,246.18499755859375,246.02999877929688,246.17999267578125,55001
2026-01-21 16:41:00+00:00,246.05760192871094,246.2032012939453,246.0,246.10499572753906,81642
2026-01-21 16:42:00+00:00,246.3300018310547,246.36000061035156,245.97000122070312,246.0449981689453,107277
2026-01-21 16:43:00+00:00,246.16000366210938,246.33999633789062,246.1300048828125,246.3300018310547,59580
2026-01-21 16:44:00+00:00,245.9949951171875,246.2100067138672,245.97000122070312,246.16000366210938,56771
2026-01-21 16:45:00+00:00,245.97000122070312,246.16000366210938,245.97000122070312,246.0050048828125,58412
2026-01-21 16:46:00+00:00,246.08999633789062,246.1199951171875,245.9600067138672,246.08999633789062,62828
2026-01-21 16:47:00+00:00,245.97000122070312,246.1699981689453,245.89129638671875,246.0800018310547,59310
2026-01-21 16:48:00+00:00,246.22349548339844,246.27999877929688,245.9600067138672,245.9600067138672,66920
2026-01-21 16:49:00+00:00,246.14500427246094,246.3249969482422,246.1199951171875,246.24000549316406,38842
2026-01-21 16:50:00+00:00,246.0500030517578,246.22000122070312,246.02999877929688,246.14999389648438,37661
2026-01-21 16:51:00+00:00,245.92669677734375,246.1199951171875,245.9149932861328,246.0399932861328,55063
2026-01-21 16:52:00+00:00,246.02000427246094,246.0500030517578,245.8699951171875,245.94000244140625,42226
2026-01-21 16:53:00+00:00,246.0,246.0500030517578,245.89999389648438,246.01499938964844,40892
2026-01-21 16:54:00+00:00,245.99000549316406,246.10000610351562,245.97999572753906,245.97999572753906,43405
2026-01-21 16:55:00+00:00,245.99000549316406,246.05999755859375,245.9199981689453,246.0,71372
2026-01-21 16:56:00+00:00,245.86000061035156,246.02999877929688,245.82000732421875,245.97999572753906,57451
2026-01-21 16:57:00+00:00,245.99000549316406,246.0500030517578,245.8101043701172,245.85499572753906,82735
2026-01-21 16:58:00+00:00,245.8300018310547,245.99000549316406,245.75120544433594,245.8300018310547,46647
2026-01-21 16:59:00+00:00,245.77999877929688,245.8800048828125,245.71090698242188,245.80999755859375,86799
2026-01-21 17:00:00+00:00,245.9250030517578,245.9600067138672,245.75999450683594,245.77999877929688,51059
2026-01-21 17:01:00+00:00,246.02499389648438,246.0399932861328,245.8699951171875,245.9199981689453,57645
2026-01-21 17:02:00+00:00,245.94500732421875,246.0399932861328,245.8800048828125,246.0290069580078,38513
2026-01-21 17:03:00+00:00,245.89500427246094,245.89500427246094,245.89500427246094,245.89500427246094,25602
2026-01-21 17:04:00+00:00,245.72500610351562,245.89500427246094,245.72000122070312,245.88999938964844,47374
2026-01-21 17:05:00+00:00,245.42999267578125,245.75,245.42999267578125,245.7115020751953,101717
2026-01-21 17:06:00+00:00,245.52999877929688,245.5800018310547,245.33999633789062,245.4199981689453,84787
2026-01-21 17:07:00+00:00,245.57000732421875,245.6300048828125,245.5500030517578,245.5500030517578,44525
2026-01-21 17:08:00+00:00,245.63999938964844,245.66000366210938,245.42999267578125,245.58999633789062,65497
2026-01-21 17:09:00+00:00,245.63999938964844,245.74000549316406,245.58999633789062,245.64999389648438,49052
2026-01-21 17:10:00+00:00,245.62510681152344,245.74000549316406,245.5850067138672,245.6300048828125,33273
2026-01-21 17:11:00+00:00,245.66990661621094,245.72000122070312,245.52000427246094,245.6199951171875,37865
2026-01-21 17:12:00+00:00,245.49000549316406,245.75,245.49000549316406,245.7100067138672,45951
2026-01-21 17:13:00+00:00,245.3300018310547,245.51499938964844,245.27999877929688,245.47999572753906,51435
2026-01-21 17:14:00+00:00,245.2899932861328,245.35000610351562,245.1999969482422,245.32000732421875,61593
2026-01-21 17:15:00+00:00,245.21499633789062,245.35000610351562,245.19000244140625,245.2949981689453,34702
2026-01-21 17:16:00+00:00,245.42999267578125,245.44000244140625,245.19000244140625,245.21499633789062,39314
2026-01-21 17:17:00+00:00,245.56500244140625,245.5800018310547,245.32000732421875,245.4199981689453,46511
2026-01-21 17:18:00+00:00,245.46080017089844,245.6300048828125,245.39999389648438,245.55999755859375,44796
2026-01-21 17:19:00+00:00,245.6300048828125,245.71730041503906,245.46009826660156,245.48599243164062,38646
2026-01-21 17:20:00+00:00,245.74000549316406,245.75,245.47999572753906,245.61000061035156,248357
2026-01-21 17:21:00+00:00,245.66749572753906,245.77999877929688,245.64999389648438,245.75250244140625,43406
2026-01-21 17:22:00+00:00,245.78500366210938,245.78919982910156,245.63999938964844,245.6750030517578,35593
2026-01-21 17:23:00+00:00,245.92999267578125,245.9499969482422,245.77000427246094,245.78500366210938,37329
2026-01-21 17:24:00+00:00,246.0449981689453,246.05990600585938,245.8800048828125,245.92999267578125,48898
2026-01-21 17:25:00+00:00,246.0198974609375,246.1663055419922,245.97000122070312,246.02999877929688,63363
2026-01-21 17:26:00+00:00,245.83999633789062,246.0399932861328,245.7899932861328,246.0,52739
2026-01-21 17:27:00+00:00,245.77000427246094,245.85000610351562,245.67999267578125,245.8000030517578,50212
2026-01-21 17:28:00+00:00,245.6699981689453,245.80999755859375,245.6555938720703,245.75999450683594,34054
2026-01-21 17:29:00+00:00,245.8300018310547,245.8699951171875,245.6623992919922,245.69000244140625,41609
2026-01-21 17:30:00+00:00,245.77000427246094,245.8350067138672,245.75,245.82009887695312,30465
2026-01-21 17:31:00+00:00,245.66000366210938,245.7899932861328,245.66000366210938,245.77999877929688,31677
2026-01-21 17:32:00+00:00,245.63059997558594,245.7100067138672,245.5800018310547,245.6699981689453,26968
2026-01-21 17:33:00+00:00,245.74000549316406,245.82000732421875,245.61000061035156,245.6262969970703,30497
2026-01-21 17:34:00+00:00,245.83999633789062,245.88999938964844,245.72000122070312,245.76499938964844,53942
2026-01-21 17:35:00+00:00,245.91000366210938,245.94000244140625,245.86000061035156,245.86000061035156,24301
2026-01-21 17:36:00+00:00,245.86920166015625,246.00999450683594,245.86920166015625,245.86920166015625,37218
2026-01-21 17:37:00+00:00,245.6999969482422,245.86000061035156,245.6199951171875,245.86000061035156,35688
2026-01-21 17:38:00+00:00,245.75,245.80999755859375,245.60000610351562,245.66000366210938,59807
2026-01-21 17:39:00+00:00,245.94189453125,245.97999572753906,245.72999572753906,245.76400756835938,27404
2026-01-21 17:40:00+00:00,246.01499938964844,246.0364990234375,245.9501953125,245.9550018310547,40517
2026-01-21 17:41:00+00:00,246.02999877929688,246.07000732421875,245.8800048828125,246.0,32694
2026-01-21 17:42:00+00:00,246.0800018310547,246.14990234375,245.97999572753906,246.03500366210938,28770
2026-01-21 17:43:00+00:00,246.03509521484375,246.16000366210938,246.02000427246094,246.0500030517578,23895
2026-01-21 17:44:00+00:00,245.95010375976562,246.07550048828125,245.95010375976562,245.95010375976562,26244
2026-01-21 17:45:00+00:00,245.96499633789062,245.96499633789062,245.96499633789062,245.96499633789062,29250
2026-01-21 17:46:00+00:00,246.0749969482422,246.0800018310547,245.8800048828125,245.94000244140625,24202
2026-01-21 17:47:00+00:00,246.0500030517578,246.1199951171875,245.92999267578125,246.0883026123047,40642
2026-01-21 17:48:00+00:00,246.08999633789062,246.22500610351562,246.03660583496094,246.0500030517578,25657
2026-01-21 17:49:00+00:00,246.22000122070312,246.22999572753906,246.03500366210938,246.1011962890625,24173
2026-01-21 17:50:00+00:00,246.05999755859375,246.2100067138672,246.05999755859375,246.2100067138672,34380
2026-01-21 17:51:00+00:00,246.13999938964844,246.13999938964844,245.99000549316406,246.07989501953125,32139
2026-01-21 17:52:00+00:00,246.18499755859375,246.19000244140625,246.00999450683594,246.14999389648438,24527
2026-01-21 17:53:00+00:00,246.25999450683594,246.2899932861328,246.16000366210938,246.18499755859375,31848
2026-01-21 17:54:00+00:00,246.3300018310547,246.4600067138672,246.26010131835938,246.26010131835938,39270
2026-01-21 17:55:00+00:00,246.3350067138672,246.4199981689453,246.3000030517578,246.3300018310547,38901
2026-01-21 17:56:00+00:00,246.23399353027344,246.39999389648438,246.22999572753906,246.32000732421875,36857
2026-01-21 17:57:00+00:00,246.4199981689453,246.42999267578125,246.24000549316406,246.24000549316406,25821
2026-01-21 17:58:00+00:00,246.39999389648438,246.47000122070312,246.3800048828125,246.4149932861328,35927
2026-01-21 17:59:00+00:00,246.2200927734375,246.39999389648438,246.17999267578125,246.39999389648438,36890
2026-01-21 18:00:00+00:00,245.94000244140625,246.2843017578125,245.92999267578125,246.23500061035156,27371
2026-01-21 18:01:00+00:00,245.83999633789062,245.9600067138672,245.83470153808594,245.89999389648438,50190
2026-01-21 18:02:00+00:00,245.67999267578125,245.83839416503906,245.67999267578125,245.8350067138672,28237
2026-01-21 18:03:00+00:00,245.67999267578125,245.72000122070312,245.6199951171875,245.6699981689453,34337
2026-01-21 18:04:00+00:00,245.72999572753906,245.75999450683594,245.6199951171875,245.6999969482422,41806
2026-01-21 18:05:00+00:00,245.8300018310547,245.91000366210938,245.72500610351562,245.77000427246094,34115
2026-01-21 18:06:00+00:00,246.00999450683594,246.0800018310547,245.77999877929688,245.8000030517578,34334
2026-01-21 18:07:00+00:00,245.9600067138672,246.10000610351562,245.9600067138672,246.02000427246094,41854
2026-01-21 18:08:00+00:00,246.0500030517578,246.13929748535156,245.92999267578125,245.97000122070312,30012
2026-01-21 18:09:00+00:00,246.0500030517578,246.08999633789062,246.02000427246094,246.05999755859375,30592
2026-01-21 18:10:00+00:00,246.25999450683594,246.32000732421875,246.0399932861328,246.0500030517578,32306
2026-01-21 18:11:00+00:00,246.25999450683594,246.3300018310547,246.18099975585938,246.2675018310547,24710
2026-01-21 18:12:00+00:00,246.3300018310547,246.4199981689453,246.27000427246094,246.2790069580078,84279
2026-01-21 18:13:00+00:00,246.1501007080078,246.36500549316406,246.1300048828125,246.33999633789062,34734
2026-01-21 18:14:00+00:00,246.1999969482422,246.27000427246094,246.09010314941406,246.1300048828125,95034
2026-01-21 18:15:00+00:00,246.13499450683594,246.2100067138672,246.11000061035156,246.1999969482422,43582
2026-01-21 18:16:00+00:00,246.2449951171875,246.25999450683594,246.09500122070312,246.1199951171875,37960
2026-01-21 18:17:00+00:00,246.0449981689453,246.27000427246094,246.02999877929688,246.22999572753906,33792
2026-01-21 18:18:00+00:00,246.11000061035156,246.16990661621094,246.0,246.0399932861328,17207
2026-01-21 18:19:00+00:00,246.1199951171875,246.1699981689453,246.06199645996094,246.08999633789062,24450
2026-01-21 18:20:00+00:00,246.13999938964844,246.15499877929688,245.99000549316406,246.1199951171875,19485
2026-01-21 18:21:00+00:00,246.07000732421875,246.17750549316406,246.05999755859375,246.13999938964844,24494
2026-01-21 18:22:00+00:00,246.11000061035156,246.16000366210938,246.07000732421875,246.0850067138672,36415
2026-01-21 18:23:00+00:00,246.00320434570312,246.1199951171875,245.97999572753906,246.0800018310547,23756
2026-01-21 18:24:00+00:00,246.0198974609375,246.05999755859375,245.97999572753906,245.99000549316406,24042
2026-01-21 18:25:00+00:00,245.9499969482422,246.02000427246094,245.9199981689453,246.02000427246094,23549
2026-01-21 18:26:00+00:00,245.88999938964844,245.99000549316406,245.86000061035156,245.9499969482422,21393
2026-01-21 18:27:00+00:00,245.97000122070312,246.02000427246094,245.8800048828125,245.88999938964844,20372
2026-01-21 18:28:00+00:00,245.97000122070312,246.0,245.9600067138672,245.9600067138672,22260
2026-01-21 18:29:00+00:00,245.8800048828125,246.0,245.86000061035156,245.9600067138672,27559
2026-01-21 18:30:00+00:00,245.9250030517578,245.94500732421875,245.80999755859375,245.8800048828125,19105
2026-01-21 18:31:00+00:00,245.86500549316406,245.98500061035156,245.8300018310547,245.92999267578125,24824
2026-01-21 18:32:00+00:00,245.92999267578125,245.9499969482422,245.8300018310547,245.83999633789062,20091
2026-01-21 18:33:00+00:00,245.9199981689453,245.9600067138672,245.86000061035156,245.9600067138672,21095
2026-01-21 18:34:00+00:00,245.92820739746094,245.99000549316406,245.88999938964844,245.94749450683594,51830
2026-01-21 18:35:00+00:00,245.89999389648438,245.89999389648438,245.89999389648438,245.89999389648438,45345
2026-01-21 18:36:00+00:00,245.77499389648438,245.90989685058594,245.75,245.88999938964844,73365
2026-01-21 18:37:00+00:00,245.55999755859375,245.75999450683594,245.5,245.75999450683594,38584
2026-01-21 18:38:00+00:00,245.72000122070312,245.80999755859375,245.50999450683594,245.52999877929688,30172
2026-01-21 18:39:00+00:00,245.89010620117188,245.89999389648438,245.69500732421875,245.6999969482422,19078
2026-01-21 18:40:00+00:00,245.8300018310547,245.8300018310547,245.8300018310547,245.8300018310547,27090
2026-01-21 18:41:00+00:00,245.9600067138672,246.0,245.82000732421875,245.82000732421875,19199
2026-01-21 18:42:00+00:00,245.8800048828125,245.97999572753906,245.8800048828125,245.97999572753906,22459
2026-01-21 18:43:00+00:00,245.82000732421875,245.91000366210938,245.8000030517578,245.91000366210938,17251
2026-01-21 18:44:00+00:00,245.86000061035156,245.86000061035156,245.86000061035156,245.86000061035156,22551
2026-01-21 18:45:00+00:00,245.74530029296875,245.91000366210938,245.74000549316406,245.8699951171875,25678
2026-01-21 18:46:00+00:00,245.7949981689453,245.8300018310547,245.75,245.7530975341797,30986
2026-01-21 18:47:00+00:00,245.99000549316406,246.00999450683594,245.7899932861328,245.8000030517578,22242
2026-01-21 18:48:00+00:00,246.09500122070312,246.16000366210938,245.96009826660156,245.96009826660156,64171
2026-01-21 18:49:00+00:00,246.19500732421875,246.25999450683594,246.0865936279297,246.09500122070312,55872
2026-01-21 18:50:00+00:00,246.16000366210938,246.375,246.16000366210938,246.17999267578125,44971
2026-01-21 18:51:00+00:00,246.22000122070312,246.35000610351562,246.16000366210938,246.2050018310547,31762
2026-01-21 18:52:00+00:00,246.14500427246094,246.24000549316406,246.1300048828125,246.21499633789062,24676
2026-01-21 18:53:00+00:00,246.16000366210938,246.25,246.125,246.13999938964844,20813
2026-01-21 18:54:00+00:00,246.19000244140625,246.2050018310547,246.1300048828125,246.19000244140625,17445
2026-01-21 18:55:00+00:00,246.05999755859375,246.19000244140625,246.05999755859375,246.17999267578125,49199
2026-01-21 18:56:00+00:00,245.9550018310547,246.02999877929688,245.92999267578125,246.02999877929688,48965
2026-01-21 18:57:00+00:00,245.91000366210938,245.9698944091797,245.8800048828125,245.94000244140625,25084
2026-01-21 18:58:00+00:00,246.05999755859375,246.05999755859375,246.05999755859375,246.05999755859375,33866
2026-01-21 18:59:00+00:00,246.125,246.1699981689453,246.0500030517578,246.0500030517578,28257
2026-01-21 19:00:00+00:00,246.07000732421875,246.17999267578125,246.07000732421875,246.1199951171875,38506
2026-01-21 19:01:00+00:00,246.0989990234375,246.11000061035156,246.00999450683594,246.10000610351562,38622
2026-01-21 19:02:00+00:00,246.0399932861328,246.10000610351562,246.02000427246094,246.0399932861328,23174
2026-01-21 19:03:00+00:00,245.92999267578125,246.0399932861328,245.89999389648438,246.0399932861328,36600
2026-01-21 19:04:00+00:00,245.94009399414062,245.96749877929688,245.85009765625,245.92999267578125,26413
2026-01-21 19:05:00+00:00,245.86000061035156,245.86000061035156,245.86000061035156,245.86000061035156,29847
2026-01-21 19:06:00+00:00,245.85499572753906,245.8800048828125,245.74000549316406,245.85000610351562,38704
2026-01-21 19:07:00+00:00,245.9499969482422,246.0,245.85499572753906,245.85499572753906,43837
2026-01-21 19:08:00+00:00,245.97000122070312,246.0,245.91000366210938,245.9499969482422,22897
2026-01-21 19:09:00+00:00,245.9949951171875,246.00999450683594,245.9250030517578,245.9550018310547,49946
2026-01-21 19:10:00+00:00,245.91000366210938,246.10000610351562,245.89999389648438,245.97999572753906,45721
2026-01-21 19:11:00+00:00,245.97000122070312,245.97000122070312,245.97000122070312,245.97000122070312,21838
2026-01-21 19:12:00+00:00,245.89999389648438,246.02000427246094,245.88999938964844,245.97500610351562,22937
2026-01-21 19:13:00+00:00,245.88999938964844,245.9499969482422,245.85000610351562,245.88999938964844,37229
2026-01-21 19:14:00+00:00,245.89500427246094,245.97999572753906,245.860107421875,245.88999938964844,30916
2026-01-21 19:15:00+00:00,245.87600708007812,245.9199981689453,245.82899475097656,245.89999389648438,26015
2026-01-21 19:16:00+00:00,245.86000061035156,245.88999938964844,245.77000427246094,245.8800048828125,28025
2026-01-21 19:17:00+00:00,245.8300018310547,245.86000061035156,245.75999450683594,245.85499572753906,22789
2026-01-21 19:18:00+00:00,245.82000732421875,245.85000610351562,245.7899932861328,245.82000732421875,22645
2026-01-21 19:19:00+00:00,245.88999938964844,245.9427032470703,245.8300018310547,245.8300018310547,26891
2026-01-21 19:20:00+00:00,245.8699951171875,245.89999389648438,245.81100463867188,245.89999389648438,19870
2026-01-21 19:21:00+00:00,245.74630737304688,245.87010192871094,245.72999572753906,245.8699951171875,26227
2026-01-21 19:22:00+00:00,245.8000030517578,245.80999755859375,245.6699981689453,245.72000122070312,36704
2026-01-21 19:23:00+00:00,245.78500366210938,245.8350067138672,245.74000549316406,245.80999755859375,29883
2026-01-21 19:24:00+00:00,245.85000610351562,245.8867950439453,245.8000030517578,245.8000030517578,24794
2026-01-21 19:25:00+00:00,245.7050018310547,245.90499877929688,245.67999267578125,245.83999633789062,30853
2026-01-21 19:26:00+00:00,245.58999633789062,245.74000549316406,245.5800018310547,245.7050018310547,25874
2026-01-21 19:27:00+00:00,246.5500030517578,246.5500030517578,246.5,246.5,307384
2026-01-21 19:28:00+00:00,246.91000366210938,246.9199981689453,246.8699951171875,246.8699951171875,106117
2026-01-21 19:29:00+00:00,247.1103057861328,247.33999633789062,246.91000366210938,246.92999267578125,140147
2026-01-21 19:30:00+00:00,247.47999572753906,247.5,247.10000610351562,247.1300048828125,71129
2026-01-21 19:31:00+00:00,247.46499633789062,247.55990600585938,247.2100067138672,247.48500061035156,104424
2026-01-21 19:32:00+00:00,247.61000061035156,247.6300048828125,247.61000061035156,247.6300048828125,138665
2026-01-21 19:33:00+00:00,247.2989044189453,247.61000061035156,247.20010375976562,247.61000061035156,62597
2026-01-21 19:34:00+00:00,247.72999572753906,247.78500366210938,247.25999450683594,247.3000030517578,88820
2026-01-21 19:35:00+00:00,248.0399932861328,248.0399932861328,247.7100067138672,247.77000427246094,112410
2026-01-21 19:36:00+00:00,248.12579345703125,248.17100524902344,248.00999450683594,248.0500030517578,43854
2026-01-21 19:37:00+00:00,248.2530059814453,248.30999755859375,248.10000610351562,248.16000366210938,61628
2026-01-21 19:38:00+00:00,248.52000427246094,248.5500030517578,248.19000244140625,248.3000030517578,183190
2026-01-21 19:39:00+00:00,248.51499938964844,248.601806640625,248.43499755859375,248.5200958251953,160545
2026-01-21 19:40:00+00:00,248.4499969482422,248.58999633789062,248.26840209960938,248.5500030517578,100154
2026-01-21 19:41:00+00:00,248.77000427246094,248.77000427246094,248.4001007080078,248.4499969482422,112711
2026-01-21 19:42:00+00:00,249.0749969482422,249.19610595703125,248.74000549316406,248.77999877929688,158660
2026-01-21 19:43:00+00:00,249.30499267578125,249.33999633789062,249.02999877929688,249.08999633789062,71987
2026-01-21 19:44:00+00:00,249.139892578125,249.30999755859375,249.02000427246094,249.30999755859375,93632
2026-01-21 19:45:00+00:00,250.30999755859375,250.49000549316406,249.1699981689453,249.1699981689453,668786
2026-01-21 19:46:00+00:00,249.7899932861328,250.35000610351562,249.35000610351562,250.3300018310547,315032
2026-01-21 19:47:00+00:00,250.80999755859375,250.82000732421875,249.7700958251953,249.82000732421875,308969
2026-01-21 19:48:00+00:00,249.4499969482422,250.8300018310547,249.41000366210938,250.7899932861328,219120
2026-01-21 19:49:00+00:00,249.8699951171875,249.8699951171875,249.11000061035156,249.8699951171875,206785
2026-01-21 19:50:00+00:00,250.16830444335938,250.4149932861328,249.7969970703125,249.86000061035156,175582
2026-01-21 19:51:00+00:00,249.5800018310547,250.16000366210938,249.4700927734375,250.11000061035156,136237
2026-01-21 19:52:00+00:00,249.69500732421875,249.83999633789062,249.50999450683594,249.55999755859375,89487
2026-01-21 19:53:00+00:00,249.35499572753906,249.74000549316406,249.3000030517578,249.69000244140625,110395
2026-01-21 19:54:00+00:00,249.5399932861328,249.80999755859375,249.32000732421875,249.36000061035156,64820
2026-01-21 19:55:00+00:00,249.97000122070312,250.0399932861328,249.5,249.5800018310547,71173
2026-01-21 19:56:00+00:00,250.0,250.1199951171875,249.91000366210938,250.00999450683594,141070
2026-01-21 19:57:00+00:00,250.1199951171875,250.1199951171875,250.00999450683594,250.02000427246094,15319
2026-01-21 19:59:00+00:00,250.7100067138672,250.8300018310547,250.69000244140625,250.72999572753906,448488
2026-01-21 20:00:00+00:00,250.8000030517578,251.11000061035156,250.58999633789062,250.72000122070312,174040
2026-01-21 20:01:00+00:00,250.8699951171875,251.07000732421875,250.62010192871094,250.78500366210938,269354
2026-01-21 20:02:00+00:00,250.89500427246094,250.99000549316406,250.6199951171875,250.8800048828125,153896
2026-01-21 20:03:00+00:00,251.46249389648438,251.49000549316406,250.89500427246094,250.89500427246094,245116
2026-01-21 20:04:00+00:00,250.82000732421875,251.55999755859375,250.7100067138672,251.46499633789062,217673
2026-01-21 20:05:00+00:00,250.58999633789062,250.9199981689453,250.57000732421875,250.8253936767578,99765
2026-01-21 20:06:00+00:00,250.66990661621094,250.77999877929688,250.5500030517578,250.5800018310547,104790
2026-01-21 20:07:00+00:00,250.5500030517578,250.7100067138672,250.35000610351562,250.6199951171875,111230
2026-01-21 20:08:00+00:00,250.82000732421875,250.8300018310547,250.30999755859375,250.52999877929688,79682
2026-01-21 20:09:00+00:00,250.6999969482422,250.90989685058594,250.62010192871094,250.8083038330078,73175
2026-01-21 20:10:00+00:00,250.4674072265625,250.7899932861328,250.4674072265625,250.67999267578125,76052
2026-01-21 20:11:00+00:00,250.52000427246094,250.6300048828125,250.44000244140625,250.49000549316406,76842
2026-01-21 20:12:00+00:00,250.6947021484375,250.85000610351562,250.4373016357422,250.50999450683594,61834
2026-01-21 20:13:00+00:00,250.5919952392578,250.86099243164062,250.5919952392578,250.67999267578125,57984
2026-01-21 20:14:00+00:00,250.35000610351562,250.63099670410156,250.30999755859375,250.6199951171875,75171
2026-01-21 20:15:00+00:00,249.7899932861328,250.38999938964844,249.6999969482422,250.3300018310547,195540
2026-01-21 20:16:00+00:00,249.793701171875,249.88510131835938,249.6999969482422,249.7899932861328,87001
2026-01-21 20:17:00+00:00,249.77499389648438,249.8000030517578,249.56500244140625,249.7899932861328,99763
2026-01-21 20:18:00+00:00,249.35000610351562,249.8000030517578,249.35000610351562,249.77499389648438,77506
2026-01-21 20:19:00+00:00,249.27999877929688,249.5,249.22999572753906,249.3311004638672,106489
2026-01-21 20:20:00+00:00,248.97000122070312,249.5,248.92999267578125,249.2899932861328,256787
2026-01-21 20:21:00+00:00,248.88999938964844,249.10000610351562,248.86000061035156,248.9499969482422,125978
2026-01-21 20:22:00+00:00,249.02999877929688,249.02999877929688,248.89999389648438,248.89999389648438,68073
2026-01-21 20:23:00+00:00,248.92999267578125,249.02999877929688,248.85000610351562,249.02999877929688,72207
2026-01-21 20:24:00+00:00,248.93499755859375,249.0500030517578,248.89999389648438,248.93499755859375,86270
2026-01-21 20:25:00+00:00,248.82000732421875,248.99989318847656,248.8000030517578,248.9199981689453,57679
2026-01-21 20:26:00+00:00,248.7801055908203,248.86000061035156,248.75,248.8300018310547,65203
2026-01-21 20:27:00+00:00,248.75999450683594,248.80999755859375,248.64999389648438,248.8000030517578,57548
2026-01-21 20:28:00+00:00,248.64999389648438,248.77000427246094,248.62010192871094,248.75,51907
2026-01-21 20:29:00+00:00,248.38279724121094,248.66000366210938,248.38279724121094,248.64999389648438,55817
2026-01-21 20:30:00+00:00,248.19500732421875,248.44000244140625,248.15499877929688,248.38999938964844,91075
2026-01-21 20:31:00+00:00,247.88999938964844,248.1699981689453,247.72000122070312,248.1699981689453,156800
2026-01-21 20:32:00+00:00,247.72000122070312,248.0,247.6699981689453,247.89999389648438,117196
2026-01-21 20:33:00+00:00,248.0749969482422,248.11000061035156,247.5800018310547,247.75,149835
2026-01-21 20:34:00+00:00,248.125,248.19000244140625,248.03680419921875,248.0749969482422,70376
2026-01-21 20:35:00+00:00,248.30499267578125,248.32000732421875,248.1300048828125,248.1300048828125,58668
2026-01-21 20:36:00+00:00,248.27999877929688,248.4550018310547,248.27999877929688,248.2899932861328,82877
2026-01-21 20:37:00+00:00,248.3607940673828,248.4290008544922,248.2100067138672,248.27999877929688,51942
2026-01-21 20:38:00+00:00,248.3000030517578,248.42999267578125,248.3000030517578,248.3699951171875,35156
2026-01-21 20:39:00+00:00,248.42999267578125,248.50999450683594,248.25,248.2949981689453,59475
2026-01-21 20:40:00+00:00,248.52999877929688,248.5800018310547,248.42999267578125,248.4398956298828,55981
2026-01-21 20:41:00+00:00,248.25,248.52000427246094,248.25,248.50999450683594,62991
2026-01-21 20:42:00+00:00,248.35000610351562,248.3800048828125,248.1999969482422,248.25999450683594,75067
2026-01-21 20:43:00+00:00,248.25,248.39999389648438,248.23019409179688,248.3350067138672,63723
2026-01-21 20:44:00+00:00,248.16000366210938,248.32000732421875,248.13999938964844,248.27000427246094,57336
2026-01-21 20:45:00+00:00,248.01499938964844,248.19009399414062,247.9600067138672,248.13999938964844,98061
2026-01-21 20:46:00+00:00,248.1199951171875,248.1999969482422,247.92010498046875,248.00999450683594,62715
2026-01-21 20:47:00+00:00,247.9199981689453,248.17999267578125,247.89999389648438,248.11500549316406,70176
2026-01-21 20:48:00+00:00,247.86000061035156,247.97000122070312,247.86000061035156,247.86000061035156,80425
2026-01-21 20:49:00+00:00,247.8450927734375,248.02999877929688,247.81500244140625,247.8450927734375,91257
2026-01-21 20:50:00+00:00,247.1699981689453,247.80999755859375,246.8699951171875,247.80999755859375,192204
2026-01-21 20:51:00+00:00,247.0800018310547,247.17999267578125,247.00999450683594,247.0800018310547,170929
2026-01-21 20:52:00+00:00,247.1999969482422,247.47999572753906,247.08999633789062,247.08999633789062,202079
2026-01-21 20:53:00+00:00,247.0399932861328,247.42999267578125,246.83999633789062,247.1999969482422,319558
2026-01-21 20:54:00+00:00,247.3000030517578,247.36000061035156,247.02999877929688,247.07000732421875,240257
2026-01-21 20:55:00+00:00,247.39349365234375,247.53990173339844,247.2100067138672,247.27999877929688,208619
2026-01-21 20:56:00+00:00,247.47999572753906,247.50999450683594,247.2100067138672,247.3800048828125,206341
2026-01-21 20:57:00+00:00,247.6300048828125,247.7100067138672,247.46499633789062,247.47999572753906,174697
2026-01-21 20:58:00+00:00,247.7550048828125,247.9199981689453,247.60000610351562,247.6300048828125,299087
2026-01-21 20:59:00+00:00,247.6300048828125,247.89999389648438,247.5399932861328,247.75,740317
2026-01-22 14:30:00+00:00,249.38999938964844,249.64999389648438,248.92999267578125,249.1999969482422,1240262
2026-01-22 14:31:00+00:00,249.38999938964844,250.22999572753906,249.10499572753906,249.4199981689453,221222
2026-01-22 14:32:00+00:00,249.11000061035156,249.41000366210938,248.8000030517578,249.32000732421875,190041
2026-01-22 14:33:00+00:00,249.35000610351562,249.70989990234375,249.08999633789062,249.08999633789062,113943
2026-01-22 14:34:00+00:00,250.00999450683594,250.11500549316406,249.39999389648438,249.39999389648438,171909
2026-01-22 14:35:00+00:00,249.8350067138672,250.10000610351562,249.39999389648438,250.0,131141
2026-01-22 14:36:00+00:00,249.9550018310547,250.1300048828125,249.7100067138672,249.82000732421875,134032
2026-01-22 14:37:00+00:00,250.6999969482422,250.7799072265625,249.77000427246094,249.9550018310547,198946
2026-01-22 14:38:00+00:00,249.7949981689453,250.77000427246094,249.75509643554688,250.72999572753906,132685
2026-01-22 14:39:00+00:00,249.88999938964844,249.97000122070312,249.7100067138672,249.82530212402344,93133
2026-01-22 14:40:00+00:00,250.0399932861328,250.17999267578125,249.89480590820312,249.89480590820312,97933
2026-01-22 14:41:00+00:00,250.32009887695312,250.38999938964844,250.0,250.0449981689453,176965
2026-01-22 14:42:00+00:00,249.94000244140625,250.27000427246094,249.92999267578125,250.2550048828125,124058
2026-01-22 14:43:00+00:00,249.40159606933594,250.02000427246094,249.1699981689453,249.94000244140625,200796
2026-01-22 14:44:00+00:00,249.72999572753906,249.77000427246094,249.3699951171875,249.41000366210938,116694
2026-01-22 14:45:00+00:00,249.72999572753906,249.91000366210938,249.60000610351562,249.74000549316406,109303
2026-01-22 14:46:00+00:00,249.11500549316406,249.73989868164062,249.10000610351562,249.6999969482422,132208
2026-01-22 14:47:00+00:00,249.0850067138672,249.2899932861328,248.9600067138672,249.10000610351562,127674
2026-01-22 14:48:00+00:00,248.9550018310547,249.19000244140625,248.88999938964844,249.0850067138672,95816
2026-01-22 14:49:00+00:00,248.50999450683594,248.99000549316406,248.38499450683594,248.9600067138672,154702
2026-01-22 14:50:00+00:00,248.85000610351562,248.91000366210938,248.39999389648438,248.47999572753906,131323
2026-01-22 14:51:00+00:00,248.77499389648438,248.9600067138672,248.75999450683594,248.83999633789062,91198
2026-01-22 14:52:00+00:00,249.14999389648438,249.27000427246094,248.625,248.77670288085938,146107
2026-01-22 14:53:00+00:00,249.16000366210938,249.3800048828125,249.0800018310547,249.13999938964844,102364
2026-01-22 14:54:00+00:00,248.83999633789062,249.1179962158203,248.66000366210938,249.10000610351562,111874
2026-01-22 14:55:00+00:00,248.9499969482422,249.0399932861328,248.610107421875,248.8300018310547,136911
2026-01-22 14:56:00+00:00,248.80999755859375,248.9739990234375,248.72999572753906,248.9499969482422,78975
2026-01-22 14:57:00+00:00,248.9293975830078,249.22000122070312,248.77000427246094,248.80999755859375,195670
2026-01-22 14:58:00+00:00,249.61000061035156,249.61000061035156,248.77999877929688,248.86500549316406,140039
2026-01-22 14:59:00+00:00,249.85499572753906,249.99000549316406,249.57000732421875,249.8800048828125,106423
2026-01-22 15:00:00+00:00,249.8699951171875,249.94000244140625,249.6999969482422,249.8699951171875,115450
2026-01-22 15:01:00+00:00,250.1999969482422,250.22500610351562,249.8300018310547,249.89999389648438,144598
2026-01-22 15:02:00+00:00,250.02999877929688,250.3000030517578,249.97000122070312,250.22999572753906,132269
2026-01-22 15:03:00+00:00,249.92999267578125,250.27999877929688,249.8300018310547,250.02349853515625,214454
2026-01-22 15:04:00+00:00,250.02499389648438,250.05499267578125,249.67999267578125,249.9499969482422,139898
2026-01-22 15:05:00+00:00,250.0800018310547,250.1300048828125,249.94000244140625,250.02999877929688,54406
2026-01-22 15:06:00+00:00,249.93499755859375,250.1999969482422,249.75999450683594,250.10789489746094,105651
2026-01-22 15:07:00+00:00,249.77000427246094,250.16000366210938,249.75999450683594,249.93539428710938,78509
2026-01-22 15:08:00+00:00,249.85000610351562,249.9600067138672,249.61000061035156,249.7899932861328,54258
2026-01-22 15:09:00+00:00,249.80999755859375,249.80999755859375,249.80999755859375,249.80999755859375,47284
2026-01-22 15:10:00+00:00,249.76499938964844,249.9698944091797,249.6699981689453,249.81500244140625,62965
2026-01-22 15:11:00+00:00,249.64500427246094,249.88699340820312,249.57000732421875,249.84500122070312,43086
2026-01-22 15:12:00+00:00,249.69920349121094,249.7100067138672,249.58999633789062,249.64999389648438,23994
2026-01-22 15:13:00+00:00,250.00990295410156,250.01499938964844,249.61000061035156,249.6999969482422,61042
2026-01-22 15:14:00+00:00,249.86000061035156,250.22999572753906,249.83999633789062,250.0,58554
2026-01-22 15:15:00+00:00,249.89999389648438,250.07000732421875,249.82009887695312,249.86000061035156,51584
2026-01-22 15:16:00+00:00,249.95010375976562,250.0800018310547,249.77999877929688,249.89500427246094,53964
2026-01-22 15:17:00+00:00,249.76499938964844,249.95449829101562,249.69000244140625,249.9499969482422,43134
2026-01-22 15:18:00+00:00,249.8800048828125,249.8800048828125,249.8800048828125,249.8800048828125,47903
2026-01-22 15:19:00+00:00,249.85000610351562,249.94000244140625,249.81500244140625,249.85000610351562,37586
2026-01-22 15:20:00+00:00,249.87969970703125,249.92999267578125,249.77999877929688,249.85000610351562,32349
2026-01-22 15:21:00+00:00,249.92999267578125,250.0800018310547,249.8699951171875,249.8800048828125,46018
2026-01-22 15:22:00+00:00,250.06689453125,250.06689453125,249.85000610351562,249.9199981689453,35588
2026-01-22 15:23:00+00:00,249.8699951171875,250.25999450683594,249.8699951171875,250.0800018310547,79147
2026-01-22 15:24:00+00:00,249.36000061035156,249.89999389648438,249.31500244140625,249.8699951171875,76780
2026-01-22 15:25:00+00:00,249.44009399414062,249.47999572753906,249.3000030517578,249.35499572753906,43907
2026-01-22 15:26:00+00:00,249.8000030517578,249.8699951171875,249.4499969482422,249.4600067138672,42334
2026-01-22 15:27:00+00:00,249.8699951171875,250.02000427246094,249.74000549316406,249.77999877929688,66280
2026-01-22 15:28:00+00:00,250.0850067138672,250.1199951171875,249.88999938964844,249.89999389648438,54651
2026-01-22 15:29:00+00:00,250.1300048828125,250.1999969482422,250.05999755859375,250.07000732421875,48641
2026-01-22 15:30:00+00:00,249.8800048828125,250.16000366210938,249.86000061035156,250.14999389648438,49145
2026-01-22 15:31:00+00:00,249.77000427246094,249.92999267578125,249.64999389648438,249.92999267578125,57543
2026-01-22 15:32:00+00:00,249.8300018310547,249.88999938964844,249.6999969482422,249.75,33992
2026-01-22 15:33:00+00:00,249.7899932861328,249.86000061035156,249.72999572753906,249.80999755859375,46034
2026-01-22 15:34:00+00:00,249.94000244140625,249.94000244140625,249.77999877929688,249.80499267578125,46131
2026-01-22 15:35:00+00:00,249.83999633789062,250.0207977294922,249.80999755859375,249.9600067138672,47143
2026-01-22 15:36:00+00:00,249.9499969482422,250.07000732421875,249.83999633789062,249.9499969482422,58083
2026-01-22 15:37:00+00:00,249.91000366210938,249.9499969482422,249.72999572753906,249.9499969482422,47035
2026-01-22 15:38:00+00:00,249.77000427246094,249.9199981689453,249.64999389648438,249.9199981689453,46858
2026-01-22 15:39:00+00:00,249.77000427246094,249.88999938964844,249.77000427246094,249.78500366210938,49425
2026-01-22 15:40:00+00:00,249.75999450683594,249.84500122070312,249.66009521484375,249.77499389648438,42716
2026-01-22 15:41:00+00:00,249.80999755859375,249.875,249.75,249.75999450683594,40931
2026-01-22 15:42:00+00:00,249.83999633789062,250.0500030517578,249.7899932861328,249.82000732421875,53806
2026-01-22 15:43:00+00:00,249.6300048828125,249.8300018310547,249.61000061035156,249.8300018310547,58510
2026-01-22 15:44:00+00:00,249.72999572753906,249.75,249.57000732421875,249.64990234375,38257
2026-01-22 15:45:00+00:00,249.64999389648438,249.75999450683594,249.5800018310547,249.73899841308594,65432
2026-01-22 15:46:00+00:00,249.67999267578125,249.72000122070312,249.5800018310547,249.66000366210938,46138
2026-01-22 15:47:00+00:00,249.6649932861328,249.7100067138672,249.6199951171875,249.69000244140625,38730
2026-01-22 15:48:00+00:00,249.8105010986328,249.8300018310547,249.57330322265625,249.8105010986328,116414
2026-01-22 15:49:00+00:00,249.42999267578125,249.80999755859375,249.42999267578125,249.80999755859375,53186
2026-01-22 15:50:00+00:00,249.1699981689453,249.40499877929688,249.0,249.1699981689453,95793
2026-01-22 15:51:00+00:00,249.2899932861328,249.32000732421875,249.125,249.17999267578125,63556
2026-01-22 15:52:00+00:00,249.3300018310547,249.42990112304688,249.2899932861328,249.2899932861328,40153
2026-01-22 15:53:00+00:00,249.4199981689453,249.6699981689453,249.30999755859375,249.32000732421875,168938
2026-01-22 15:54:00+00:00,249.31500244140625,249.4499969482422,249.2801055908203,249.38999938964844,46766
2026-01-22 15:55:00+00:00,249.2899932861328,249.33999633789062,249.19000244140625,249.32960510253906,34742
2026-01-22 15:56:00+00:00,249.25999450683594,249.35000610351562,249.17999267578125,249.3000030517578,46320
2026-01-22 15:57:00+00:00,249.35000610351562,249.38999938964844,249.22999572753906,249.27000427246094,40406
2026-01-22 15:58:00+00:00,249.14500427246094,249.3800048828125,249.10000610351562,249.14500427246094,77714
2026-01-22 15:59:00+00:00,249.08920288085938,249.24000549316406,249.05999755859375,249.15499877929688,43130
2026-01-22 16:00:00+00:00,249.3800048828125,249.389892578125,249.0500030517578,249.10000610351562,54110
2026-01-22 16:01:00+00:00,249.24249267578125,249.44000244140625,249.2100067138672,249.360107421875,60316
2026-01-22 16:02:00+00:00,249.17999267578125,249.25999450683594,249.08999633789062,249.17999267578125,55170
2026-01-22 16:03:00+00:00,249.2449951171875,249.27999877929688,249.14999389648438,249.1999969482422,50966
2026-01-22 16:04:00+00:00,249.3300018310547,249.3800048828125,249.22000122070312,249.2449951171875,44634
2026-01-22 16:05:00+00:00,249.3699951171875,249.39999389648438,249.1999969482422,249.33999633789062,56954
2026-01-22 16:06:00+00:00,249.72999572753906,249.75,249.4199981689453,249.4199981689453,79971
2026-01-22 16:07:00+00:00,249.5800018310547,249.75,249.5399932861328,249.72000122070312,64823
2026-01-22 16:08:00+00:00,249.60499572753906,249.63999938964844,249.44000244140625,249.5800018310547,35361
2026-01-22 16:09:00+00:00,249.6699981689453,249.7100067138672,249.60000610351562,249.60000610351562,32269
2026-01-22 16:10:00+00:00,249.60000610351562,249.72999572753906,249.58999633789062,249.6999969482422,41185
2026-01-22 16:11:00+00:00,249.75,249.8000030517578,249.5800018310547,249.61000061035156,52986
2026-01-22 16:12:00+00:00,249.47999572753906,249.82000732421875,249.47500610351562,249.77000427246094,66079
2026-01-22 16:13:00+00:00,249.4199981689453,249.60000610351562,249.3300018310547,249.4949951171875,42876
2026-01-22 16:14:00+00:00,249.52000427246094,249.52000427246094,249.33999633789062,249.52000427246094,112324
2026-01-22 16:15:00+00:00,249.9499969482422,249.9499969482422,249.4600067138672,249.9499969482422,76021
2026-01-22 16:16:00+00:00,249.97500610351562,249.97999572753906,249.7899932861328,249.89999389648438,52971
2026-01-22 16:17:00+00:00,249.60000610351562,250.0,249.5601043701172,249.99000549316406,69904
2026-01-22 16:18:00+00:00,249.5800018310547,249.69000244140625,249.57000732421875,249.61000061035156,35929
2026-01-22 16:19:00+00:00,249.5399932861328,249.64999389648438,249.52999877929688,249.57000732421875,28466
2026-01-22 16:20:00+00:00,249.6649932861328,249.67999267578125,249.5,249.5399932861328,42795
2026-01-22 16:21:00+00:00,249.63999938964844,249.72999572753906,249.5800018310547,249.67999267578125,45259
2026-01-22 16:22:00+00:00,249.81500244140625,249.86000061035156,249.6199951171875,249.6300048828125,21616
2026-01-22 16:23:00+00:00,249.74000549316406,249.89999389648438,249.69000244140625,249.82000732421875,27749
2026-01-22 16:24:00+00:00,249.69000244140625,249.77999877929688,249.6699981689453,249.75,29520
2026-01-22 16:25:00+00:00,249.77999877929688,249.83999633789062,249.69000244140625,249.72999572753906,55920
2026-01-22 16:26:00+00:00,249.81509399414062,249.81509399414062,249.75999450683594,249.77000427246094,22704
2026-01-22 16:27:00+00:00,249.73500061035156,249.85000610351562,249.66000366210938,249.8000030517578,51459
2026-01-22 16:28:00+00:00,249.78500366210938,249.86000061035156,249.7700958251953,249.7899932861328,30381
2026-01-22 16:29:00+00:00,249.6999053955078,249.82989501953125,249.69000244140625,249.8000030517578,32152
2026-01-22 16:30:00+00:00,249.74000549316406,249.77000427246094,249.6699981689453,249.69500732421875,20476
2026-01-22 16:31:00+00:00,249.74000549316406,249.80999755859375,249.72999572753906,249.74710083007812,26762
2026-01-22 16:32:00+00:00,249.58999633789062,249.75999450683594,249.55999755859375,249.75,39229
2026-01-22 16:33:00+00:00,249.28509521484375,249.6300048828125,249.25999450683594,249.61839294433594,45773
2026-01-22 16:34:00+00:00,249.39990234375,249.4499969482422,249.27999877929688,249.27999877929688,29203
2026-01-22 16:35:00+00:00,249.4197998046875,249.44000244140625,249.30059814453125,249.3800048828125,29605
2026-01-22 16:36:00+00:00,249.44000244140625,249.4499969482422,249.3350067138672,249.42999267578125,39787
2026-01-22 16:37:00+00:00,249.55999755859375,249.55999755859375,249.389892578125,249.42999267578125,27849
2026-01-22 16:38:00+00:00,249.69000244140625,249.69000244140625,249.51840209960938,249.5399932861328,24668
2026-01-22 16:39:00+00:00,249.63009643554688,249.72999572753906,249.6199951171875,249.6999969482422,29274
2026-01-22 16:40:00+00:00,249.69000244140625,249.72000122070312,249.60000610351562,249.6300048828125,30306
2026-01-22 16:41:00+00:00,249.6699981689453,249.72999572753906,249.6199951171875,249.67999267578125,39283
2026-01-22 16:42:00+00:00,249.63999938964844,249.67999267578125,249.63999938964844,249.64999389648438,26145
2026-01-22 16:43:00+00:00,249.60000610351562,249.66000366210938,249.5749969482422,249.64500427246094,28709
2026-01-22 16:44:00+00:00,249.67999267578125,249.67999267578125,249.55999755859375,249.6199951171875,22108
2026-01-22 16:45:00+00:00,249.8800048828125,249.89999389648438,249.69000244140625,249.6999969482422,53708
2026-01-22 16:46:00+00:00,249.82870483398438,249.89999389648438,249.7899932861328,249.8699951171875,23217
2026-01-22 16:47:00+00:00,249.7252960205078,249.83999633789062,249.72000122070312,249.8300018310547,80696
2026-01-22 16:48:00+00:00,249.72999572753906,249.7550048828125,249.61000061035156,249.72000122070312,60969
2026-01-22 16:49:00+00:00,249.75999450683594,249.80999755859375,249.7100067138672,249.75999450683594,21330
2026-01-22 16:50:00+00:00,249.7449951171875,249.77000427246094,249.71009826660156,249.76499938964844,35680
2026-01-22 16:51:00+00:00,249.72000122070312,249.8000030517578,249.64999389648438,249.75,30716
2026-01-22 16:52:00+00:00,249.6699981689453,249.75999450683594,249.6300048828125,249.72000122070312,27457
2026-01-22 16:53:00+00:00,249.74000549316406,249.74000549316406,249.6699981689453,249.74000549316406,25282
2026-01-22 16:54:00+00:00,249.71499633789062,249.7899932861328,249.6699981689453,249.72999572753906,35411
2026-01-22 16:55:00+00:00,249.60009765625,249.60009765625,249.60009765625,249.60009765625,32222
2026-01-22 16:56:00+00:00,249.58999633789062,249.64999389648438,249.58990478515625,249.60000610351562,23193
2026-01-22 16:57:00+00:00,249.63999938964844,249.66000366210938,249.5800018310547,249.58999633789062,14934
2026-01-22 16:58:00+00:00,249.59500122070312,249.63009643554688,249.57000732421875,249.6199951171875,23689
2026-01-22 16:59:00+00:00,249.58999633789062,249.64500427246094,249.5800018310547,249.58999633789062,16642
2026-01-22 17:00:00+00:00,249.4600067138672,249.58999633789062,249.4499969482422,249.5800018310547,29221
2026-01-22 17:01:00+00:00,249.6699981689453,249.67999267578125,249.44000244140625,249.44009399414062,25494
2026-01-22 17:02:00+00:00,249.75,249.75999450683594,249.6699981689453,249.6699981689453,35986
2026-01-22 17:03:00+00:00,249.69500732421875,249.77000427246094,249.67999267578125,249.7449951171875,41274
2026-01-22 17:04:00+00:00,249.77999877929688,249.8000030517578,249.6699981689453,249.6999969482422,23611
2026-01-22 17:05:00+00:00,249.72500610351562,249.8000030517578,249.67999267578125,249.78500366210938,34529
2026-01-22 17:06:00+00:00,249.76499938964844,249.8000030517578,249.7100067138672,249.7100067138672,47025
2026-01-22 17:07:00+00:00,249.67999267578125,249.8000030517578,249.67999267578125,249.76499938964844,31840
2026-01-22 17:08:00+00:00,249.7100067138672,249.78500366210938,249.57130432128906,249.69000244140625,46698
2026-01-22 17:09:00+00:00,249.69000244140625,249.7100067138672,249.58999633789062,249.69000244140625,27225
2026-01-22 17:10:00+00:00,249.69500732421875,249.75,249.68499755859375,249.6999969482422,25099
2026-01-22 17:11:00+00:00,249.6699981689453,249.77000427246094,249.6300048828125,249.6999969482422,44896
2026-01-22 17:12:00+00:00,249.66000366210938,249.67999267578125,249.5800018310547,249.64999389648438,29340
2026-01-22 17:13:00+00:00,249.6999053955078,249.75,249.66000366210938,249.66000366210938,30938
2026-01-22 17:14:00+00:00,249.66000366210938,249.7100067138672,249.63999938964844,249.6999969482422,29437
2026-01-22 17:15:00+00:00,249.69000244140625,249.7449951171875,249.66000366210938,249.66000366210938,24850
2026-01-22 17:16:00+00:00,249.75999450683594,249.77980041503906,249.67300415039062,249.67999267578125,30503
2026-01-22 17:17:00+00:00,249.6199951171875,249.7899932861328,249.6199951171875,249.77000427246094,27372
2026-01-22 17:18:00+00:00,249.7100067138672,249.72000122070312,249.61000061035156,249.6199951171875,16345
2026-01-22 17:19:00+00:00,249.73500061035156,249.74000549316406,249.69000244140625,249.7100067138672,23472
2026-01-22 17:20:00+00:00,249.75,249.8800048828125,249.70799255371094,249.73500061035156,37223
2026-01-22 17:21:00+00:00,249.8000030517578,249.82000732421875,249.72999572753906,249.75,30028
2026-01-22 17:22:00+00:00,249.63999938964844,249.82000732421875,249.63999938964844,249.80999755859375,34267
2026-01-22 17:23:00+00:00,249.74009704589844,249.75999450683594,249.6649932861328,249.6649932861328,19037
2026-01-22 17:24:00+00:00,249.74000549316406,249.7899932861328,249.72999572753906,249.7550048828125,21923
2026-01-22 17:25:00+00:00,249.73500061035156,249.8000030517578,249.72000122070312,249.7449951171875,27597
2026-01-22 17:26:00+00:00,249.74000549316406,249.77000427246094,249.72999572753906,249.75,17279
2026-01-22 17:27:00+00:00,249.66000366210938,249.75,249.64500427246094,249.75,53298
2026-01-22 17:28:00+00:00,249.64999389648438,249.7100067138672,249.6300048828125,249.66000366210938,27989
2026-01-22 17:29:00+00:00,249.74000549316406,249.74769592285156,249.6699981689453,249.6699981689453,26308
2026-01-22 17:30:00+00:00,249.77499389648438,249.8300018310547,249.7301025390625,249.75,33065
2026-01-22 17:31:00+00:00,249.82000732421875,249.83999633789062,249.77000427246094,249.77000427246094,20283
2026-01-22 17:32:00+00:00,249.9499969482422,249.9600067138672,249.8249969482422,249.8249969482422,31680
2026-01-22 17:33:00+00:00,249.96499633789062,249.97000122070312,249.89999389648438,249.9499969482422,19627
2026-01-22 17:34:00+00:00,250.02000427246094,250.07000732421875,249.9600067138672,249.9799041748047,39723
2026-01-22 17:35:00+00:00,250.1654052734375,250.19500732421875,250.03500366210938,250.03500366210938,36809
2026-01-22 17:36:00+00:00,250.21060180664062,250.22000122070312,250.10000610351562,250.15499877929688,32694
2026-01-22 17:37:00+00:00,250.27000427246094,250.2899932861328,250.19000244140625,250.22500610351562,36575
2026-01-22 17:38:00+00:00,250.27999877929688,250.3000030517578,250.24000549316406,250.27000427246094,33245
2026-01-22 17:39:00+00:00,250.2100067138672,250.2100067138672,250.1999969482422,250.1999969482422,61053
2026-01-22 17:40:00+00:00,250.4550018310547,250.4600067138672,250.1999969482422,250.1999969482422,35320
2026-01-22 17:41:00+00:00,250.49000549316406,250.50999450683594,250.427001953125,250.4550018310547,35224
2026-01-22 17:42:00+00:00,250.4600067138672,250.52749633789062,250.4499969482422,250.4801025390625,22187
2026-01-22 17:43:00+00:00,250.38999938964844,250.468994140625,250.2899932861328,250.468994140625,32850
2026-01-22 17:44:00+00:00,250.27000427246094,250.35000610351562,250.1999969482422,250.35000610351562,32190
2026-01-22 17:45:00+00:00,250.23500061035156,250.27000427246094,250.14999389648438,250.27000427246094,32630
2026-01-22 17:46:00+00:00,250.1199951171875,250.2279052734375,250.07000732421875,250.22000122070312,29706
2026-01-22 17:47:00+00:00,250.27000427246094,250.27999877929688,250.05999755859375,250.10049438476562,29645
2026-01-22 17:48:00+00:00,250.1739959716797,250.27000427246094,250.1699981689453,250.25999450683594,31471
2026-01-22 17:49:00+00:00,250.1300048828125,250.1699981689453,250.0850067138672,250.16000366210938,26932
2026-01-22 17:50:00+00:00,250.19009399414062,250.27000427246094,250.10000610351562,250.1199951171875,26145
2026-01-22 17:51:00+00:00,250.1300048828125,250.19009399414062,250.11349487304688,250.19000244140625,23727
2026-01-22 17:52:00+00:00,250.13499450683594,250.1699981689453,250.11000061035156,250.13999938964844,23697
2026-01-22 17:53:00+00:00,250.14999389648438,250.17160034179688,250.11000061035156,250.13499450683594,23815
2026-01-22 17:54:00+00:00,250.19500732421875,250.20419311523438,250.13499450683594,250.14999389648438,22816
2026-01-22 17:55:00+00:00,250.0800018310547,250.19000244140625,250.0749969482422,250.19000244140625,27075
2026-01-22 17:56:00+00:00,250.0800018310547,250.09779357910156,250.0399932861328,250.07000732421875,28617
2026-01-22 17:57:00+00:00,250.1699981689453,250.19000244140625,250.07009887695312,250.0800018310547,25118
2026-01-22 17:58:00+00:00,250.19900512695312,250.20989990234375,250.14999389648438,250.1699981689453,29616
2026-01-22 17:59:00+00:00,250.14999389648438,250.22000122070312,250.14999389648438,250.14999389648438,28470
2026-01-22 18:00:00+00:00,250.08009338378906,250.12010192871094,250.02999877929688,250.1199951171875,30744
2026-01-22 18:01:00+00:00,250.17999267578125,250.27999877929688,250.06500244140625,250.08999633789062,56796
2026-01-22 18:02:00+00:00,250.07000732421875,250.15899658203125,250.0301055908203,250.14999389648438,39411
2026-01-22 18:03:00+00:00,249.91000366210938,250.0500030517578,249.72999572753906,250.0500030517578,73418
2026-01-22 18:04:00+00:00,249.94729614257812,249.9499969482422,249.89419555664062,249.91000366210938,18289
2026-01-22 18:05:00+00:00,249.9600067138672,250.0,249.9001007080078,249.9425048828125,25667
2026-01-22 18:06:00+00:00,250.08999633789062,250.11000061035156,249.9499969482422,249.97909545898438,30211
2026-01-22 18:07:00+00:00,250.0989990234375,250.11990356445312,250.0749969482422,250.0989990234375,20486
2026-01-22 18:08:00+00:00,250.10000610351562,250.22000122070312,250.07000732421875,250.10000610351562,25953
2026-01-22 18:09:00+00:00,250.14999389648438,250.16009521484375,250.02999877929688,250.08999633789062,27771
2026-01-22 18:10:00+00:00,250.07000732421875,250.17999267578125,250.07000732421875,250.14999389648438,29486
2026-01-22 18:11:00+00:00,249.9490966796875,250.10499572753906,249.92999267578125,250.0791015625,22003
2026-01-22 18:12:00+00:00,250.0399932861328,250.1199951171875,249.9600067138672,249.9600067138672,26965
2026-01-22 18:13:00+00:00,250.13499450683594,250.16000366210938,250.00999450683594,250.05499267578125,16507
2026-01-22 18:14:00+00:00,250.0070037841797,250.14999389648438,249.97999572753906,250.1199951171875,18474
2026-01-22 18:15:00+00:00,250.06500244140625,250.1199951171875,250.0,250.00999450683594,20017
2026-01-22 18:16:00+00:00,250.08999633789062,250.10000610351562,249.99000549316406,250.0500030517578,18471
2026-01-22 18:17:00+00:00,250.10000610351562,250.1199951171875,250.02000427246094,250.09500122070312,37813
2026-01-22 18:18:00+00:00,250.11000061035156,250.11700439453125,250.07000732421875,250.10000610351562,25251
2026-01-22 18:19:00+00:00,250.11520385742188,250.13999938964844,250.09100341796875,250.09500122070312,11847
2026-01-22 18:20:00+00:00,250.125,250.125,250.125,250.125,28286
2026-01-22 18:21:00+00:00,250.14999389648438,250.22000122070312,250.1199951171875,250.1199951171875,26797
2026-01-22 18:22:00+00:00,250.3300018310547,250.33999633789062,250.1699981689453,250.1699981689453,23185
2026-01-22 18:23:00+00:00,250.47500610351562,250.47500610351562,250.33999633789062,250.33999633789062,42039
2026-01-22 18:24:00+00:00,250.53500366210938,250.5500030517578,250.3000030517578,250.4600067138672,36884
2026-01-22 18:25:00+00:00,250.5,250.60000610351562,250.47000122070312,250.53500366210938,57606
2026-01-22 18:26:00+00:00,250.54449462890625,250.5657958984375,250.4600067138672,250.5,25552
2026-01-22 18:27:00+00:00,250.6999053955078,250.6999053955078,250.5399932861328,250.5402069091797,30374
2026-01-22 18:28:00+00:00,250.77000427246094,250.82000732421875,250.69009399414062,250.69500732421875,34251
2026-01-22 18:29:00+00:00,250.67999267578125,250.80999755859375,250.6699981689453,250.67999267578125,41112
2026-01-22 18:30:00+00:00,250.52999877929688,250.6699981689453,250.52999877929688,250.6699981689453,33316
2026-01-22 18:31:00+00:00,250.57000732421875,250.6824951171875,250.53509521484375,250.5399932861328,26285
2026-01-22 18:32:00+00:00,250.4593963623047,250.65989685058594,250.44000244140625,250.56260681152344,40125
2026-01-22 18:33:00+00:00,250.52999877929688,250.52999877929688,250.44000244140625,250.4600067138672,31905
2026-01-22 18:34:00+00:00,250.36500549316406,250.52999877929688,250.35000610351562,250.50999450683594,37318
2026-01-22 18:35:00+00:00,250.360107421875,250.38999938964844,250.26010131835938,250.35000610351562,31209
2026-01-22 18:36:00+00:00,250.3300018310547,250.4250030517578,250.3300018310547,250.375,41051
2026-01-22 18:37:00+00:00,250.24009704589844,250.35000610351562,250.22999572753906,250.32000732421875,35777
2026-01-22 18:38:00+00:00,250.19500732421875,250.27999877929688,250.1501007080078,250.25079345703125,36362
2026-01-22 18:39:00+00:00,250.1999969482422,250.23989868164062,250.1343994140625,250.20989990234375,29779
2026-01-22 18:40:00+00:00,250.21499633789062,250.25999450683594,250.1699981689453,250.1999053955078,18011
2026-01-22 18:41:00+00:00,250.3249969482422,250.33999633789062,250.1699981689453,250.2200927734375,20560
2026-01-22 18:42:00+00:00,250.3000030517578,250.32000732421875,250.24000549316406,250.32000732421875,16908
2026-01-22 18:43:00+00:00,250.21499633789062,250.3300018310547,250.19000244140625,250.32000732421875,28264
2026-01-22 18:44:00+00:00,250.1999969482422,250.22500610351562,250.10000610351562,250.1999969482422,24377
2026-01-22 18:45:00+00:00,250.27000427246094,250.28500366210938,250.18539428710938,250.27000427246094,16498
2026-01-22 18:46:00+00:00,250.18380737304688,250.28990173339844,250.17999267578125,250.27999877929688,23326
2026-01-22 18:47:00+00:00,250.20460510253906,250.2198944091797,250.1199951171875,250.18499755859375,27054
2026-01-22 18:48:00+00:00,250.19500732421875,250.22000122070312,250.17999267578125,250.1999969482422,16032
2026-01-22 18:49:00+00:00,250.2100067138672,250.2899932861328,250.2050018310547,250.2270050048828,20517
2026-01-22 18:50:00+00:00,250.25,250.3000030517578,250.1999969482422,250.21620178222656,14884
2026-01-22 18:51:00+00:00,250.30999755859375,250.35000610351562,250.25999450683594,250.25999450683594,19107
2026-01-22 18:52:00+00:00,250.3300018310547,250.36500549316406,250.27000427246094,250.2801055908203,28874
2026-01-22 18:53:00+00:00,250.2899932861328,250.35000610351562,250.22500610351562,250.33999633789062,18254
2026-01-22 18:54:00+00:00,250.3699951171875,250.3800048828125,250.27999877929688,250.27999877929688,16632
2026-01-22 18:55:00+00:00,250.35499572753906,250.39999389648438,250.33999633789062,250.36000061035156,18920
2026-01-22 18:56:00+00:00,250.36000061035156,250.3800048828125,250.33999633789062,250.34800720214844,17612
2026-01-22 18:57:00+00:00,250.2899932861328,250.35000610351562,250.21009826660156,250.35000610351562,24906
2026-01-22 18:58:00+00:00,250.08999633789062,250.3699951171875,249.75010681152344,250.27999877929688,158751
2026-01-22 18:59:00+00:00,250.22000122070312,250.3385009765625,250.1300048828125,250.1300048828125,40079
2026-01-22 19:00:00+00:00,250.35000610351562,250.3800048828125,250.22000122070312,250.23989868164062,35106
2026-01-22 19:01:00+00:00,250.35000610351562,250.41990661621094,250.3300018310547,250.3300018310547,36523
2026-01-22 19:02:00+00:00,250.58999633789062,250.58999633789062,250.3300018310547,250.58999633789062,41996
2026-01-22 19:03:00+00:00,250.7010040283203,250.72999572753906,250.5500030517578,250.5800018310547,39410
2026-01-22 19:04:00+00:00,250.7299041748047,250.79989624023438,250.6699981689453,250.6999969482422,30428
2026-01-22 19:05:00+00:00,250.72500610351562,250.7899932861328,250.6199951171875,250.70440673828125,59604
2026-01-22 19:06:00+00:00,250.67999267578125,250.7899932861328,250.63999938964844,250.75979614257812,47148
2026-01-22 19:07:00+00:00,250.69000244140625,250.74000549316406,250.64999389648438,250.67100524902344,29203
2026-01-22 19:08:00+00:00,250.6300048828125,250.72000122070312,250.6300048828125,250.6999969482422,23473
2026-01-22 19:09:00+00:00,250.7100067138672,250.72000122070312,250.61000061035156,250.6300048828125,30515
2026-01-22 19:10:00+00:00,250.69500732421875,250.72999572753906,250.63999938964844,250.72000122070312,27634
2026-01-22 19:11:00+00:00,250.85000610351562,250.875,250.68930053710938,250.69500732421875,39109
2026-01-22 19:12:00+00:00,250.89999389648438,250.91000366210938,250.82000732421875,250.85499572753906,91015
2026-01-22 19:13:00+00:00,250.89999389648438,251.0,250.8800048828125,250.91000366210938,78213
2026-01-22 19:14:00+00:00,250.84500122070312,250.92999267578125,250.80999755859375,250.89599609375,39453
2026-01-22 19:15:00+00:00,250.79299926757812,250.84010314941406,250.7675018310547,250.82460021972656,38031
2026-01-22 19:16:00+00:00,250.86000061035156,250.8699951171875,250.74000549316406,250.86000061035156,28446
2026-01-22 19:17:00+00:00,250.7899932861328,250.8800048828125,250.77090454101562,250.8699951171875,42802
2026-01-22 19:18:00+00:00,250.79559326171875,250.85000610351562,250.74000549316406,250.79989624023438,26509
2026-01-22 19:19:00+00:00,250.6999969482422,250.80999755859375,250.68499755859375,250.6999969482422,29449
2026-01-22 19:20:00+00:00,250.7100067138672,250.74000549316406,250.68499755859375,250.7100067138672,23472
2026-01-22 19:21:00+00:00,250.8300018310547,250.8300018310547,250.7100067138672,250.7100067138672,22689
2026-01-22 19:22:00+00:00,250.86000061035156,250.86000061035156,250.7949981689453,250.8300018310547,25077
2026-01-22 19:23:00+00:00,250.94000244140625,250.94000244140625,250.86000061035156,250.88999938964844,24494
2026-01-22 19:24:00+00:00,250.9199981689453,250.94000244140625,250.8699951171875,250.92999267578125,26294
2026-01-22 19:25:00+00:00,250.89500427246094,250.9199981689453,250.86000061035156,250.91000366210938,46280
2026-01-22 19:26:00+00:00,250.82000732421875,250.89990234375,250.82000732421875,250.89500427246094,24923
2026-01-22 19:27:00+00:00,250.82000732421875,250.86000061035156,250.75999450683594,250.8000030517578,20315
2026-01-22 19:28:00+00:00,250.52999877929688,250.82000732421875,250.52000427246094,250.82000732421875,46966
2026-01-22 19:29:00+00:00,250.52000427246094,250.5500030517578,250.4499969482422,250.52999877929688,60668
2026-01-22 19:30:00+00:00,250.60000610351562,250.625,250.49000549316406,250.50999450683594,36832
2026-01-22 19:31:00+00:00,250.4550018310547,250.6199951171875,250.4499969482422,250.61000061035156,41234
2026-01-22 19:32:00+00:00,250.47500610351562,250.5399932861328,250.4499969482422,250.4600067138672,32711
2026-01-22 19:33:00+00:00,250.45989990234375,250.47999572753906,250.4149932861328,250.47500610351562,19597
2026-01-22 19:34:00+00:00,250.39999389648438,250.47999572753906,250.3800048828125,250.4600067138672,27221
2026-01-22 19:35:00+00:00,250.39999389648438,250.4949951171875,250.38999938964844,250.39999389648438,86842
2026-01-22 19:36:00+00:00,250.27999877929688,250.49000549316406,250.25,250.39999389648438,92995
2026-01-22 19:37:00+00:00,250.27000427246094,250.2899932861328,250.07000732421875,250.28909301757812,63817
2026-01-22 19:38:00+00:00,250.1649932861328,250.27999877929688,250.16000366210938,250.27000427246094,28522
2026-01-22 19:39:00+00:00,249.9199981689453,250.19000244140625,249.75999450683594,249.9199981689453,102138
2026-01-22 19:40:00+00:00,249.8699951171875,249.97000122070312,249.85000610351562,249.89999389648438,64552
2026-01-22 19:41:00+00:00,249.89999389648438,249.91000366210938,249.83009338378906,249.8699951171875,32562
2026-01-22 19:42:00+00:00,249.8300018310547,249.9199981689453,249.7899932861328,249.88999938964844,48915
2026-01-22 19:43:00+00:00,249.72000122070312,249.88299560546875,249.6999969482422,249.80999755859375,42603
2026-01-22 19:44:00+00:00,249.52999877929688,249.72500610351562,249.52000427246094,249.72500610351562,70737
2026-01-22 19:45:00+00:00,249.3101043701172,249.60000610351562,249.2949981689453,249.52000427246094,123914
2026-01-22 19:46:00+00:00,249.38999938964844,249.4199981689453,249.3000030517578,249.32000732421875,67374
2026-01-22 19:47:00+00:00,249.4499969482422,249.55999755859375,249.38999938964844,249.39999389648438,57564
2026-01-22 19:48:00+00:00,249.2667999267578,249.4600067138672,249.25999450683594,249.4499969482422,61392
2026-01-22 19:49:00+00:00,249.24000549316406,249.3153076171875,249.22500610351562,249.26010131835938,49262
2026-01-22 19:50:00+00:00,249.3249969482422,249.3300018310547,249.1999969482422,249.24000549316406,81849
2026-01-22 19:51:00+00:00,249.39500427246094,249.39999389648438,249.27000427246094,249.3300018310547,58273
2026-01-22 19:52:00+00:00,249.25770568847656,249.38999938964844,249.1999969482422,249.38999938964844,72374
2026-01-22 19:53:00+00:00,249.1898956298828,249.25,249.13999938964844,249.25,41186
2026-01-22 19:54:00+00:00,249.1750030517578,249.25,249.13999938964844,249.1898956298828,48920
2026-01-22 19:55:00+00:00,249.2100067138672,249.26980590820312,249.14999389648438,249.1699981689453,41692
2026-01-22 19:56:00+00:00,249.01919555664062,249.22000122070312,248.8300018310547,249.22000122070312,140729
2026-01-22 19:57:00+00:00,249.0399932861328,249.0800018310547,248.99000549316406,249.02000427246094,26187
2026-01-22 19:58:00+00:00,248.8800048828125,249.0500030517578,248.8350067138672,249.02999877929688,36034
2026-01-22 19:59:00+00:00,248.8800048828125,248.88330078125,248.76980590820312,248.88330078125,60083
2026-01-22 20:00:00+00:00,248.97000122070312,249.00999450683594,248.80999755859375,248.86000061035156,90319
2026-01-22 20:01:00+00:00,248.92999267578125,249.0399932861328,248.91000366210938,248.97999572753906,46555
2026-01-22 20:02:00+00:00,249.0,249.00999450683594,248.91000366210938,248.92990112304688,38130
2026-01-22 20:03:00+00:00,249.1300048828125,249.14500427246094,249.0,249.00999450683594,44474
2026-01-22 20:04:00+00:00,249.0301055908203,249.1699981689453,249.0301055908203,249.1300048828125,55945
2026-01-22 20:05:00+00:00,249.05999755859375,249.08999633789062,249.0,249.0,34802
2026-01-22 20:06:00+00:00,249.05999755859375,249.0998992919922,249.0449981689453,249.07000732421875,34228
2026-01-22 20:07:00+00:00,248.99000549316406,249.0500030517578,248.9600067138672,249.0500030517578,32191
2026-01-22 20:08:00+00:00,249.0,249.08999633789062,248.99000549316406,248.9949951171875,44847
2026-01-22 20:09:00+00:00,249.02499389648438,249.0399932861328,248.97000122070312,248.9949951171875,43229
2026-01-22 20:10:00+00:00,249.1300048828125,249.1300048828125,249.00999450683594,249.1300048828125,40034
2026-01-22 20:11:00+00:00,249.08999633789062,249.2198944091797,249.07000732421875,249.1300048828125,47462
2026-01-22 20:12:00+00:00,249.0800018310547,249.11000061035156,249.0399932861328,249.08999633789062,37005
2026-01-22 20:13:00+00:00,249.0500030517578,249.10499572753906,249.02000427246094,249.0749969482422,32984
2026-01-22 20:14:00+00:00,249.05999755859375,249.07000732421875,249.0,249.0500030517578,43087
2026-01-22 20:15:00+00:00,249.02000427246094,249.1699981689453,249.02000427246094,249.02000427246094,48342
2026-01-22 20:16:00+00:00,249.00999450683594,249.05099487304688,248.97999572753906,249.00999450683594,41722
2026-01-22 20:17:00+00:00,248.97999572753906,249.00999450683594,248.9499969482422,249.0050048828125,35268
2026-01-22 20:18:00+00:00,249.01499938964844,249.0299072265625,248.9499969482422,248.99000549316406,39524
2026-01-22 20:19:00+00:00,248.9600067138672,249.0399932861328,248.9499969482422,249.01499938964844,66783
2026-01-22 20:20:00+00:00,248.92999267578125,248.99000549316406,248.89999389648438,248.92999267578125,62715
2026-01-22 20:21:00+00:00,248.7899932861328,249.02999877929688,248.75,248.94000244140625,140580
2026-01-22 20:22:00+00:00,248.6699981689453,248.82000732421875,248.6199951171875,248.7899932861328,76352
2026-01-22 20:23:00+00:00,248.72000122070312,248.72999572753906,248.62010192871094,248.66000366210938,38351
2026-01-22 20:24:00+00:00,248.67999267578125,248.8000030517578,248.65499877929688,248.7100067138672,52598
2026-01-22 20:25:00+00:00,248.5500030517578,248.6699981689453,248.4405059814453,248.6699981689453,81735
2026-01-22 20:26:00+00:00,248.4398956298828,248.55499267578125,248.35000610351562,248.5500030517578,79845
2026-01-22 20:27:00+00:00,248.33999633789062,248.42990112304688,248.28500366210938,248.41000366210938,68937
2026-01-22 20:28:00+00:00,248.33340454101562,248.40899658203125,248.27000427246094,248.3300018310547,39357
2026-01-22 20:29:00+00:00,248.3699951171875,248.52000427246094,248.26510620117188,248.35000610351562,59789
2026-01-22 20:30:00+00:00,248.5399932861328,248.60000610351562,248.30999755859375,248.33999633789062,52344
2026-01-22 20:31:00+00:00,248.50999450683594,248.63999938964844,248.4499969482422,248.5449981689453,50203
2026-01-22 20:32:00+00:00,248.83999633789062,248.85000610351562,248.50999450683594,248.50999450683594,59051
2026-01-22 20:33:00+00:00,248.7899932861328,248.84500122070312,248.74000549316406,248.84500122070312,33984
2026-01-22 20:34:00+00:00,248.67999267578125,248.80999755859375,248.52999877929688,248.8000030517578,43391
2026-01-22 20:35:00+00:00,248.5399932861328,248.67999267578125,248.4949951171875,248.67840576171875,47389
2026-01-22 20:36:00+00:00,248.50999450683594,248.56919860839844,248.38999938964844,248.5399932861328,67190
2026-01-22 20:37:00+00:00,248.58999633789062,248.60000610351562,248.44000244140625,248.49000549316406,30739
2026-01-22 20:38:00+00:00,248.61000061035156,248.6300048828125,248.50010681152344,248.5800018310547,39360
2026-01-22 20:39:00+00:00,248.5399932861328,248.63999938964844,248.5399932861328,248.60989379882812,41078
2026-01-22 20:40:00+00:00,248.52999877929688,248.63999938964844,248.52000427246094,248.5399932861328,62761
2026-01-22 20:41:00+00:00,248.38999938964844,248.55999755859375,248.38999938964844,248.52000427246094,34258
2026-01-22 20:42:00+00:00,248.44500732421875,248.5,248.3800048828125,248.38999938964844,37371
2026-01-22 20:43:00+00:00,248.6999969482422,248.75,248.4600067138672,248.6999969482422,60134
2026-01-22 20:44:00+00:00,248.6300048828125,248.77999877929688,248.5449981689453,248.7100067138672,83361
2026-01-22 20:45:00+00:00,248.74000549316406,248.77000427246094,248.5800018310547,248.60989379882812,46240
2026-01-22 20:46:00+00:00,248.65989685058594,248.7550048828125,248.60000610351562,248.72999572753906,34889
2026-01-22 20:47:00+00:00,248.77999877929688,248.78500366210938,248.625,248.64999389648438,34701
2026-01-22 20:48:00+00:00,248.77999877929688,248.82000732421875,248.75010681152344,248.7899932861328,31280
2026-01-22 20:49:00+00:00,248.75,248.79820251464844,248.6551055908203,248.77000427246094,41071
2026-01-22 20:50:00+00:00,248.67080688476562,248.9199981689453,248.6699981689453,248.75,90487
2026-01-22 20:51:00+00:00,248.82000732421875,248.86000061035156,248.63999938964844,248.6699981689453,107236
2026-01-22 20:52:00+00:00,248.75999450683594,248.80999755859375,248.6300048828125,248.80999755859375,65253
2026-01-22 20:53:00+00:00,248.72000122070312,248.7949981689453,248.66000366210938,248.77000427246094,66646
2026-01-22 20:54:00+00:00,248.56500244140625,248.89990234375,248.53500366210938,248.7100067138672,89906
2026-01-22 20:55:00+00:00,248.3249969482422,248.75,248.3249969482422,248.5800018310547,116705
2026-01-22 20:56:00+00:00,248.2550048828125,248.35000610351562,248.22500610351562,248.32000732421875,209780
2026-01-22 20:57:00+00:00,248.23500061035156,248.27000427246094,248.1811065673828,248.2550048828125,182442
2026-01-22 20:58:00+00:00,248.2449951171875,248.29989624023438,248.19000244140625,248.2301025390625,9133245
2026-01-22 20:59:00+00:00,248.36000061035156,248.4199981689453,248.17999267578125,248.2449951171875,0
2026-01-23 14:30:00+00:00,245.6300048828125,245.75,245.6300048828125,245.75,1357817
2026-01-23 14:31:00+00:00,245.91000366210938,245.9499969482422,245.89999389648438,245.92999267578125,290434
2026-01-23 14:32:00+00:00,245.8397979736328,246.07000732421875,245.63999938964844,245.89999389648438,135207
2026-01-23 14:33:00+00:00,246.25999450683594,246.2825927734375,245.7100067138672,245.83999633789062,130772
2026-01-23 14:34:00+00:00,246.31500244140625,246.47999572753906,246.0800018310547,246.25999450683594,122099
2026-01-23 14:35:00+00:00,245.96499633789062,246.3300018310547,245.71499633789062,246.30499267578125,127478
2026-01-23 14:36:00+00:00,245.92999267578125,246.01499938964844,245.61000061035156,245.96499633789062,138668
2026-01-23 14:37:00+00:00,245.99000549316406,246.13999938964844,245.8000030517578,245.9340057373047,112961
2026-01-23 14:38:00+00:00,245.64999389648438,245.64999389648438,245.64999389648438,245.64999389648438,106529
2026-01-23 14:39:00+00:00,245.4499969482422,245.80999755859375,245.3341064453125,245.63999938964844,123373
2026-01-23 14:40:00+00:00,245.67999267578125,245.67999267578125,245.67999267578125,245.67999267578125,159605
2026-01-23 14:41:00+00:00,245.6699981689453,245.7899932861328,245.5500030517578,245.6699981689453,167766
2026-01-23 14:42:00+00:00,245.44000244140625,245.69749450683594,245.41000366210938,245.64999389648438,115315
2026-01-23 14:43:00+00:00,245.55499267578125,245.61000061035156,245.44000244140625,245.4499969482422,98435
2026-01-23 14:44:00+00:00,245.83009338378906,245.89999389648438,245.45919799804688,245.5449981689453,101619
2026-01-23 14:45:00+00:00,245.62550354003906,245.9499969482422,245.5399932861328,245.8300018310547,136672
2026-01-23 14:46:00+00:00,245.31500244140625,245.83999633789062,245.3000030517578,245.57000732421875,145368
2026-01-23 14:47:00+00:00,244.9445037841797,244.95989990234375,244.9445037841797,244.95989990234375,416115
2026-01-23 14:48:00+00:00,244.77340698242188,245.0,244.72000122070312,244.94920349121094,150788
2026-01-23 14:49:00+00:00,244.72000122070312,244.82000732421875,244.67999267578125,244.77499389648438,158521
2026-01-23 14:50:00+00:00,244.88999938964844,245.0,244.6999969482422,244.6999969482422,118337
2026-01-23 14:51:00+00:00,245.35000610351562,245.4199981689453,244.84500122070312,244.8699951171875,149611
2026-01-23 14:52:00+00:00,245.52999877929688,245.5399932861328,245.27999877929688,245.3699951171875,88498
2026-01-23 14:53:00+00:00,245.86000061035156,245.86000061035156,245.50999450683594,245.86000061035156,77041
2026-01-23 14:54:00+00:00,246.03500366210938,246.0399932861328,245.8000030517578,245.86920166015625,104838
2026-01-23 14:55:00+00:00,246.01499938964844,246.05999755859375,245.9149932861328,246.0399932861328,69065
2026-01-23 14:56:00+00:00,246.12510681152344,246.2736053466797,246.0,246.01499938964844,130896
2026-01-23 14:57:00+00:00,245.5850067138672,246.156494140625,245.5500030517578,246.125,101579
2026-01-23 14:58:00+00:00,245.8498992919922,245.86000061035156,245.57000732421875,245.58999633789062,89179
2026-01-23 14:59:00+00:00,245.88999938964844,246.0399932861328,245.80999755859375,245.80999755859375,86932
2026-01-23 15:00:00+00:00,245.90499877929688,246.1199951171875,245.85000610351562,245.9199981689453,75586
2026-01-23 15:01:00+00:00,246.14500427246094,246.19000244140625,245.86000061035156,245.94500732421875,62901
2026-01-23 15:02:00+00:00,246.27000427246094,246.3699951171875,246.1199951171875,246.1199951171875,92465
2026-01-23 15:03:00+00:00,246.22999572753906,246.3350067138672,246.08999633789062,246.27000427246094,99615
2026-01-23 15:04:00+00:00,246.30499267578125,246.4499969482422,246.17999267578125,246.25,88067
2026-01-23 15:05:00+00:00,246.4499969482422,246.4499969482422,246.4300994873047,246.4300994873047,73408
2026-01-23 15:06:00+00:00,246.2899932861328,246.44500732421875,246.22999572753906,246.44500732421875,104473
2026-01-23 15:07:00+00:00,246.1999969482422,246.3800048828125,246.05999755859375,246.27999877929688,63952
2026-01-23 15:08:00+00:00,246.08999633789062,246.25,246.0601043701172,246.19000244140625,61559
2026-01-23 15:09:00+00:00,246.25,246.25999450683594,246.05999755859375,246.0800018310547,72539
2026-01-23 15:10:00+00:00,246.1199951171875,246.27000427246094,246.0800018310547,246.22999572753906,62022
2026-01-23 15:11:00+00:00,246.0800018310547,246.18499755859375,246.0,246.1300048828125,93415
2026-01-23 15:12:00+00:00,246.20989990234375,246.25999450683594,245.8800048828125,246.06509399414062,64678
2026-01-23 15:13:00+00:00,246.1199951171875,246.25,246.03500366210938,246.19000244140625,49883
2026-01-23 15:14:00+00:00,245.9499969482422,246.11599731445312,245.80999755859375,246.0800018310547,57192
2026-01-23 15:15:00+00:00,245.97999572753906,246.00999450683594,245.85000610351562,245.94000244140625,56106
2026-01-23 15:16:00+00:00,245.92999267578125,246.0500030517578,245.8800048828125,245.9600067138672,62610
2026-01-23 15:17:00+00:00,245.8699951171875,245.92999267578125,245.7100067138672,245.92010498046875,72676
2026-01-23 15:18:00+00:00,245.97999572753906,246.08999633789062,245.89999389648438,245.89999389648438,62850
2026-01-23 15:19:00+00:00,245.9250030517578,246.0050048828125,245.80999755859375,245.99000549316406,57543
2026-01-23 15:20:00+00:00,246.14990234375,246.16000366210938,245.8699951171875,245.9499969482422,71115
2026-01-23 15:21:00+00:00,246.3800048828125,246.42999267578125,246.1300048828125,246.1300048828125,126079
2026-01-23 15:22:00+00:00,246.97999572753906,246.99000549316406,246.4199981689453,246.4199981689453,116096
2026-01-23 15:23:00+00:00,246.88499450683594,246.97500610351562,246.77000427246094,246.97000122070312,130843
2026-01-23 15:24:00+00:00,247.0500030517578,247.10000610351562,246.89999389648438,246.91000366210938,104838
2026-01-23 15:25:00+00:00,247.1199951171875,247.14999389648438,247.00999450683594,247.05999755859375,77255
2026-01-23 15:26:00+00:00,247.07000732421875,247.19000244140625,247.05999755859375,247.11000061035156,63563
2026-01-23 15:27:00+00:00,247.02999877929688,247.10989379882812,246.91000366210938,247.02999877929688,63489
2026-01-23 15:28:00+00:00,247.09500122070312,247.24000549316406,247.0500030517578,247.06390380859375,61316
2026-01-23 15:29:00+00:00,247.01010131835938,247.14990234375,247.0050048828125,247.09500122070312,41538
2026-01-23 15:30:00+00:00,247.10000610351562,247.1540985107422,246.97000122070312,247.02000427246094,57691
2026-01-23 15:31:00+00:00,247.33250427246094,247.33250427246094,247.0800018310547,247.08030700683594,46667
2026-01-23 15:32:00+00:00,247.1699981689453,247.38999938964844,247.16000366210938,247.30999755859375,60988
2026-01-23 15:33:00+00:00,247.2050018310547,247.24000549316406,247.05999755859375,247.17990112304688,40860
2026-01-23 15:34:00+00:00,247.1699981689453,247.3000030517578,247.1300048828125,247.1699981689453,39732
2026-01-23 15:35:00+00:00,247.44500732421875,247.4700927734375,247.1699981689453,247.17010498046875,56015
2026-01-23 15:36:00+00:00,247.59500122070312,247.60000610351562,247.41000366210938,247.44000244140625,69335
2026-01-23 15:37:00+00:00,247.88999938964844,247.91000366210938,247.60499572753906,247.60989379882812,62103
2026-01-23 15:38:00+00:00,248.00999450683594,248.0399932861328,247.8800048828125,247.88999938964844,93475
2026-01-23 15:39:00+00:00,248.13999938964844,248.22999572753906,248.00999450683594,248.02499389648438,78474
2026-01-23 15:40:00+00:00,248.02780151367188,248.19000244140625,247.77999877929688,248.16000366210938,99481
2026-01-23 15:41:00+00:00,248.19349670410156,248.2100067138672,248.0399932861328,248.0500030517578,36890
2026-01-23 15:42:00+00:00,248.08680725097656,248.3350067138672,248.0800018310547,248.19500732421875,70996
2026-01-23 15:43:00+00:00,248.08999633789062,248.17999267578125,248.02000427246094,248.08999633789062,67614
2026-01-23 15:44:00+00:00,248.0399932861328,248.16000366210938,247.97500610351562,248.0800018310547,52281
2026-01-23 15:45:00+00:00,248.0500946044922,248.10000610351562,247.85000610351562,248.06100463867188,68507
2026-01-23 15:46:00+00:00,248.32000732421875,248.32000732421875,248.10000610351562,248.10000610351562,53921
2026-01-23 15:47:00+00:00,248.3350067138672,248.4149932861328,248.27999877929688,248.33990478515625,91728
2026-01-23 15:48:00+00:00,248.4600067138672,248.52000427246094,248.25999450683594,248.3350067138672,77242
2026-01-23 15:49:00+00:00,248.66000366210938,248.69000244140625,248.3800048828125,248.47500610351562,54836
2026-01-23 15:50:00+00:00,248.5500030517578,248.80999755859375,248.51010131835938,248.64500427246094,59394
2026-01-23 15:51:00+00:00,248.86000061035156,248.8699951171875,248.5800018310547,248.5800018310547,44598
2026-01-23 15:52:00+00:00,248.91000366210938,248.97000122070312,248.75010681152344,248.86000061035156,62070
2026-01-23 15:53:00+00:00,249.10499572753906,249.11000061035156,248.91000366210938,248.9600067138672,60438
2026-01-23 15:54:00+00:00,249.19000244140625,249.22000122070312,249.08999633789062,249.0908966064453,56778
2026-01-23 15:55:00+00:00,249.1649932861328,249.3000030517578,249.13999938964844,249.21499633789062,54956
2026-01-23 15:56:00+00:00,249.13999938964844,249.3000030517578,249.1201934814453,249.1649932861328,68669
2026-01-23 15:57:00+00:00,248.91990661621094,249.14999389648438,248.88999938964844,249.1300048828125,93238
2026-01-23 15:58:00+00:00,248.95899963378906,248.97999572753906,248.8000030517578,248.8843994140625,44953
2026-01-23 15:59:00+00:00,248.97999572753906,249.0,248.8300018310547,248.9550018310547,53122
2026-01-23 16:00:00+00:00,249.25999450683594,249.3000030517578,248.97999572753906,248.97999572753906,45415
2026-01-23 16:01:00+00:00,249.3300018310547,249.41000366210938,249.1699981689453,249.2899932861328,69376
2026-01-23 16:02:00+00:00,249.10000610351562,249.3699951171875,249.0,249.341796875,58230
2026-01-23 16:03:00+00:00,249.11000061035156,249.22000122070312,248.97000122070312,249.10499572753906,47322
2026-01-23 16:04:00+00:00,249.0800018310547,249.1300048828125,249.00010681152344,249.10000610351562,38278
2026-01-23 16:05:00+00:00,248.86000061035156,249.11000061035156,248.77999877929688,249.10000610351562,61968
2026-01-23 16:06:00+00:00,248.82000732421875,248.88999938964844,248.64010620117188,248.8699951171875,70185
2026-01-23 16:07:00+00:00,248.80999755859375,248.88999938964844,248.72999572753906,248.82000732421875,49462
2026-01-23 16:08:00+00:00,248.90960693359375,248.91000366210938,248.72999572753906,248.77200317382812,38699
2026-01-23 16:09:00+00:00,249.1750030517578,249.19000244140625,248.8800048828125,248.89500427246094,44957
2026-01-23 16:10:00+00:00,249.14999389648438,249.19500732421875,249.11000061035156,249.19000244140625,44711
2026-01-23 16:11:00+00:00,249.05999755859375,249.05999755859375,249.05999755859375,249.05999755859375,35212
2026-01-23 16:12:00+00:00,248.97000122070312,249.11000061035156,248.9199981689453,249.00999450683594,35148
2026-01-23 16:13:00+00:00,248.92999267578125,249.0500030517578,248.8800048828125,248.97999572753906,37438
2026-01-23 16:14:00+00:00,248.8300018310547,248.9333953857422,248.8000030517578,248.9250030517578,40807
2026-01-23 16:15:00+00:00,248.88499450683594,248.93499755859375,248.82000732421875,248.82839965820312,38831
2026-01-23 16:16:00+00:00,248.67449951171875,248.88499450683594,248.66000366210938,248.8699951171875,38423
2026-01-23 16:17:00+00:00,248.7176971435547,248.72000122070312,248.6199951171875,248.6699981689453,53768
2026-01-23 16:18:00+00:00,248.86000061035156,248.8699951171875,248.69500732421875,248.72000122070312,46569
2026-01-23 16:19:00+00:00,248.66000366210938,248.8699951171875,248.66000366210938,248.8699951171875,26008
2026-01-23 16:20:00+00:00,248.64999389648438,248.6999969482422,248.610107421875,248.64999389648438,26144
2026-01-23 16:21:00+00:00,248.65499877929688,248.77000427246094,248.64999389648438,248.6699981689453,30458
2026-01-23 16:22:00+00:00,248.42999267578125,248.63499450683594,248.39999389648438,248.63499450683594,85804
2026-01-23 16:23:00+00:00,248.44000244140625,248.4600067138672,248.3249969482422,248.4250030517578,96232
2026-01-23 16:24:00+00:00,248.52999877929688,248.55999755859375,248.4300994873047,248.4600067138672,44655
2026-01-23 16:25:00+00:00,248.5399932861328,248.60000610351562,248.4801025390625,248.5399932861328,22537
2026-01-23 16:26:00+00:00,248.5500030517578,248.60000610351562,248.52749633789062,248.53500366210938,25350
2026-01-23 16:27:00+00:00,248.3699951171875,248.5500030517578,248.3699951171875,248.5449981689453,46005
2026-01-23 16:28:00+00:00,248.3300018310547,248.41000366210938,248.27999877929688,248.35000610351562,47178
2026-01-23 16:29:00+00:00,248.35000610351562,248.4499969482422,248.30999755859375,248.33999633789062,56595
2026-01-23 16:30:00+00:00,248.32000732421875,248.5,248.32000732421875,248.3699951171875,38696
2026-01-23 16:31:00+00:00,248.14999389648438,248.3000946044922,248.10499572753906,248.2843017578125,63424
2026-01-23 16:32:00+00:00,247.9217987060547,248.14990234375,247.91000366210938,248.14990234375,43973
2026-01-23 16:33:00+00:00,248.04010009765625,248.17999267578125,247.8800048828125,247.9199981689453,53666
2026-01-23 16:34:00+00:00,248.05999755859375,248.11000061035156,248.0,248.0500030517578,41640
2026-01-23 16:35:00+00:00,248.08999633789062,248.19000244140625,248.00999450683594,248.08999633789062,51276
2026-01-23 16:36:00+00:00,248.3300018310547,248.3300018310547,248.0399932861328,248.0850067138672,52576
2026-01-23 16:37:00+00:00,248.63999938964844,248.63999938964844,248.3300018310547,248.34010314941406,50196
2026-01-23 16:38:00+00:00,248.67999267578125,248.67999267578125,248.61000061035156,248.63999938964844,28907
2026-01-23 16:39:00+00:00,248.63999938964844,248.70689392089844,248.5800018310547,248.6699981689453,60984
2026-01-23 16:40:00+00:00,248.51499938964844,248.69000244140625,248.51499938964844,248.51499938964844,38708
2026-01-23 16:41:00+00:00,248.5,248.5,248.5,248.5,43883
2026-01-23 16:42:00+00:00,248.38999938964844,248.52000427246094,248.3699951171875,248.4949951171875,33080
2026-01-23 16:43:00+00:00,248.39999389648438,248.42999267578125,248.3300018310547,248.39500427246094,32056
2026-01-23 16:44:00+00:00,248.30999755859375,248.43499755859375,248.3000030517578,248.38999938964844,60597
2026-01-23 16:45:00+00:00,248.07000732421875,248.32000732421875,248.0399932861328,248.30999755859375,35960
2026-01-23 16:46:00+00:00,248.25999450683594,248.25999450683594,248.0500030517578,248.0500030517578,33300
2026-01-23 16:47:00+00:00,248.27000427246094,248.3000030517578,248.24000549316406,248.25,26393
2026-01-23 16:48:00+00:00,248.2899932861328,248.33999633789062,248.25,248.27000427246094,23632
2026-01-23 16:49:00+00:00,248.44000244140625,248.5,248.31500244140625,248.44000244140625,38654
2026-01-23 16:50:00+00:00,248.49000549316406,248.5,248.42999267578125,248.42999267578125,26724
2026-01-23 16:51:00+00:00,248.49000549316406,248.6300048828125,248.49000549316406,248.49000549316406,44337
2026-01-23 16:52:00+00:00,248.4199981689453,248.52340698242188,248.4199981689453,248.5,29678
2026-01-23 16:53:00+00:00,248.25999450683594,248.43499755859375,248.21009826660156,248.43499755859375,51068
2026-01-23 16:54:00+00:00,248.50999450683594,248.52999877929688,248.26499938964844,248.27000427246094,55174
2026-01-23 16:55:00+00:00,248.5500030517578,248.5500030517578,248.4499969482422,248.50999450683594,41363
2026-01-23 16:56:00+00:00,248.36000061035156,248.5500030517578,248.3300018310547,248.36000061035156,24282
2026-01-23 16:57:00+00:00,248.4199981689453,248.4199981689453,248.32000732421875,248.33999633789062,25005
2026-01-23 16:58:00+00:00,248.26499938964844,248.4199981689453,248.22000122070312,248.4199981689453,26376
2026-01-23 16:59:00+00:00,248.24000549316406,248.3000030517578,248.0500030517578,248.27000427246094,54417
2026-01-23 17:00:00+00:00,248.05999755859375,248.24000549316406,248.01060485839844,248.24000549316406,63314
2026-01-23 17:01:00+00:00,248.06500244140625,248.139404296875,248.02999877929688,248.0800018310547,22559
2026-01-23 17:02:00+00:00,248.0800018310547,248.14999389648438,248.05499267578125,248.0800018310547,14143
2026-01-23 17:03:00+00:00,247.92999267578125,248.13999938964844,247.8800048828125,248.11000061035156,45386
2026-01-23 17:04:00+00:00,248.15499877929688,248.20950317382812,247.92999267578125,247.92999267578125,40851
2026-01-23 17:05:00+00:00,248.0800018310547,248.22999572753906,248.0,248.1999969482422,38577
2026-01-23 17:06:00+00:00,248.0850067138672,248.10000610351562,248.02999877929688,248.07449340820312,15265
2026-01-23 17:07:00+00:00,248.07009887695312,248.22000122070312,248.07000732421875,248.08999633789062,33670
2026-01-23 17:08:00+00:00,248.1300048828125,248.14999389648438,248.08999633789062,248.08999633789062,21785
2026-01-23 17:09:00+00:00,248.14999389648438,248.18499755859375,248.14999389648438,248.17999267578125,14084
2026-01-23 17:10:00+00:00,248.1699981689453,248.1699981689453,248.1699981689453,248.1699981689453,43477
2026-01-23 17:11:00+00:00,248.1381072998047,248.25999450683594,248.1199951171875,248.17999267578125,31306
2026-01-23 17:12:00+00:00,248.0800018310547,248.18499755859375,248.07080078125,248.08999633789062,28843
2026-01-23 17:13:00+00:00,248.0800018310547,248.1199951171875,248.02000427246094,248.08999633789062,42001
2026-01-23 17:14:00+00:00,248.0500030517578,248.16000366210938,248.02499389648438,248.0800018310547,46239
2026-01-23 17:15:00+00:00,248.125,248.14999389648438,248.0500030517578,248.125,29929
2026-01-23 17:16:00+00:00,248.13009643554688,248.13999938964844,247.9499969482422,248.11000061035156,73312
2026-01-23 17:17:00+00:00,248.2198944091797,248.25,248.14999389648438,248.16000366210938,28915
2026-01-23 17:18:00+00:00,248.22000122070312,248.25,248.13499450683594,248.21499633789062,25959
2026-01-23 17:19:00+00:00,248.3300018310547,248.3592071533203,248.1999969482422,248.22999572753906,25190
2026-01-23 17:20:00+00:00,248.35499572753906,248.36000061035156,248.25999450683594,248.30999755859375,38536
2026-01-23 17:21:00+00:00,248.49000549316406,248.53500366210938,248.33999633789062,248.35499572753906,37564
2026-01-23 17:22:00+00:00,248.5850067138672,248.63999938964844,248.49000549316406,248.50990295410156,68031
2026-01-23 17:23:00+00:00,248.66000366210938,248.75,248.5800018310547,248.5800018310547,34356
2026-01-23 17:24:00+00:00,248.50999450683594,248.67999267578125,248.5,248.67990112304688,33872
2026-01-23 17:25:00+00:00,248.6300048828125,248.64999389648438,248.52999877929688,248.6300048828125,21618
2026-01-23 17:26:00+00:00,248.7008056640625,248.7299041748047,248.61000061035156,248.6479949951172,15378
2026-01-23 17:27:00+00:00,248.63999938964844,248.75,248.63009643554688,248.6999969482422,34690
2026-01-23 17:28:00+00:00,248.63999938964844,248.68499755859375,248.6199951171875,248.64999389648438,32858
2026-01-23 17:29:00+00:00,248.73989868164062,248.8000030517578,248.66000366210938,248.66000366210938,33344
2026-01-23 17:30:00+00:00,248.58999633789062,248.77999877929688,248.5800018310547,248.72000122070312,33881
2026-01-23 17:31:00+00:00,248.6699981689453,248.69000244140625,248.5500030517578,248.61599731445312,17867
2026-01-23 17:32:00+00:00,248.68499755859375,248.75509643554688,248.6529998779297,248.68589782714844,22021
2026-01-23 17:33:00+00:00,248.58999633789062,248.7100067138672,248.58999633789062,248.68499755859375,18990
2026-01-23 17:34:00+00:00,248.60000610351562,248.6331024169922,248.5800018310547,248.61000061035156,21983
2026-01-23 17:35:00+00:00,248.66110229492188,248.6999969482422,248.59500122070312,248.59500122070312,21805
2026-01-23 17:36:00+00:00,248.72349548339844,248.77000427246094,248.63999938964844,248.64999389648438,23510
2026-01-23 17:37:00+00:00,248.8000030517578,248.80499267578125,248.72500610351562,248.74000549316406,23545
2026-01-23 17:38:00+00:00,248.68499755859375,248.80990600585938,248.67999267578125,248.80670166015625,23389
2026-01-23 17:39:00+00:00,248.6699981689453,248.73500061035156,248.62010192871094,248.69000244140625,21947
2026-01-23 17:40:00+00:00,248.46499633789062,248.66000366210938,248.41000366210938,248.66000366210938,33902
2026-01-23 17:41:00+00:00,248.27000427246094,248.47999572753906,248.27000427246094,248.46499633789062,31804
2026-01-23 17:42:00+00:00,248.0446014404297,248.24000549316406,248.03109741210938,248.24000549316406,54729
2026-01-23 17:43:00+00:00,247.9600067138672,248.05999755859375,247.89300537109375,248.0399932861328,55899
2026-01-23 17:44:00+00:00,248.0800018310547,248.0800018310547,248.0800018310547,248.0800018310547,43038
2026-01-23 17:45:00+00:00,248.14999389648438,248.2198944091797,248.0500030517578,248.0800018310547,32410
2026-01-23 17:46:00+00:00,247.83999633789062,248.14999389648438,247.77999877929688,248.13999938964844,67883
2026-01-23 17:47:00+00:00,248.11000061035156,248.11000061035156,247.80999755859375,247.83999633789062,71386
2026-01-23 17:48:00+00:00,248.00999450683594,248.19000244140625,248.00999450683594,248.09500122070312,42645
2026-01-23 17:49:00+00:00,247.94500732421875,248.05999755859375,247.82000732421875,248.0399932861328,39418
2026-01-23 17:50:00+00:00,247.92999267578125,247.99000549316406,247.8699951171875,247.9499969482422,26388
2026-01-23 17:51:00+00:00,247.84710693359375,247.91000366210938,247.72000122070312,247.91000366210938,46096
2026-01-23 17:52:00+00:00,247.64999389648438,247.83999633789062,247.61000061035156,247.83999633789062,41960
2026-01-23 17:53:00+00:00,247.7100067138672,247.7899932861328,247.61500549316406,247.6199951171875,23825
2026-01-23 17:54:00+00:00,247.8800048828125,247.92999267578125,247.6999969482422,247.7209014892578,30172
2026-01-23 17:55:00+00:00,248.0,248.02999877929688,247.8719940185547,247.88189697265625,31157
2026-01-23 17:56:00+00:00,247.8271942138672,248.0050048828125,247.76499938964844,248.0050048828125,32515
2026-01-23 17:57:00+00:00,247.80999755859375,247.83999633789062,247.7449951171875,247.80999755859375,15872
2026-01-23 17:58:00+00:00,247.77999877929688,247.89999389648438,247.75999450683594,247.7899932861328,22613
2026-01-23 17:59:00+00:00,247.7899932861328,247.81629943847656,247.69000244140625,247.77000427246094,26074
2026-01-23 18:00:00+00:00,247.75999450683594,247.85000610351562,247.6999969482422,247.77000427246094,92011
2026-01-23 18:01:00+00:00,247.85000610351562,247.8800048828125,247.72999572753906,247.77000427246094,44958
2026-01-23 18:02:00+00:00,247.85000610351562,247.9499969482422,247.74000549316406,247.88999938964844,23231
2026-01-23 18:03:00+00:00,247.8699951171875,247.9499969482422,247.82000732421875,247.84249877929688,27953
2026-01-23 18:04:00+00:00,247.88499450683594,247.91000366210938,247.80999755859375,247.86000061035156,18932
2026-01-23 18:05:00+00:00,247.69000244140625,247.92999267578125,247.65499877929688,247.89999389648438,25375
2026-01-23 18:06:00+00:00,247.74000549316406,247.80999755859375,247.64999389648438,247.6999969482422,23721
2026-01-23 18:07:00+00:00,247.82000732421875,247.8800048828125,247.7100067138672,247.74000549316406,28396
2026-01-23 18:08:00+00:00,247.89999389648438,247.94000244140625,247.82000732421875,247.8249969482422,24990
2026-01-23 18:09:00+00:00,247.92999267578125,247.94000244140625,247.8800048828125,247.91000366210938,13806
2026-01-23 18:10:00+00:00,247.95700073242188,248.0,247.8699951171875,247.92999267578125,80395
2026-01-23 18:11:00+00:00,247.96299743652344,248.05999755859375,247.9398956298828,247.98989868164062,28636
2026-01-23 18:12:00+00:00,247.79840087890625,248.00999450683594,247.7899932861328,247.9029998779297,45798
2026-01-23 18:13:00+00:00,247.74000549316406,247.8000030517578,247.72000122070312,247.7899932861328,22400
2026-01-23 18:14:00+00:00,247.69769287109375,247.75,247.69009399414062,247.73500061035156,20494
2026-01-23 18:15:00+00:00,247.8000030517578,247.81649780273438,247.6959991455078,247.7050018310547,29451
2026-01-23 18:16:00+00:00,247.91000366210938,247.97000122070312,247.74000549316406,247.7899932861328,34793
2026-01-23 18:17:00+00:00,247.94000244140625,247.97999572753906,247.91000366210938,247.9149932861328,21500
2026-01-23 18:18:00+00:00,247.9600067138672,248.0,247.94859313964844,247.9499969482422,29753
2026-01-23 18:19:00+00:00,248.02000427246094,248.10000610351562,247.9300994873047,247.9600067138672,37916
2026-01-23 18:20:00+00:00,247.98460388183594,248.01499938964844,247.8800048828125,248.0,15556
2026-01-23 18:21:00+00:00,248.00559997558594,248.1199951171875,248.0,248.0,39625
2026-01-23 18:22:00+00:00,248.0850067138672,248.08819580078125,247.97999572753906,248.00010681152344,30750
2026-01-23 18:23:00+00:00,248.02999877929688,248.10000610351562,248.02999877929688,248.0850067138672,20725
2026-01-23 18:24:00+00:00,248.02999877929688,248.03500366210938,247.97000122070312,248.00999450683594,27032
2026-01-23 18:25:00+00:00,248.10000610351562,248.16000366210938,248.00999450683594,248.01499938964844,19655
2026-01-23 18:26:00+00:00,247.9499969482422,248.10000610351562,247.9250030517578,248.10000610351562,26695
2026-01-23 18:27:00+00:00,247.9149932861328,247.99000549316406,247.88999938964844,247.9499969482422,22375
2026-01-23 18:28:00+00:00,247.9199981689453,247.9600067138672,247.88999938964844,247.94000244140625,27936
2026-01-23 18:29:00+00:00,247.92999267578125,247.9600067138672,247.91000366210938,247.92999267578125,13933
2026-01-23 18:30:00+00:00,247.91000366210938,248.0299072265625,247.91000366210938,247.9600067138672,34564
2026-01-23 18:31:00+00:00,247.97999572753906,247.97999572753906,247.92010498046875,247.92010498046875,13635
2026-01-23 18:32:00+00:00,247.9199981689453,248.0,247.9199981689453,247.97999572753906,20646
2026-01-23 18:33:00+00:00,247.72000122070312,247.9199981689453,247.72000122070312,247.9199981689453,30957
2026-01-23 18:34:00+00:00,247.7384033203125,247.8300018310547,247.63999938964844,247.7384033203125,47008
2026-01-23 18:35:00+00:00,247.81500244140625,247.83999633789062,247.75,247.75,23433
2026-01-23 18:36:00+00:00,247.6999969482422,247.85000610351562,247.66000366210938,247.8249969482422,42576
2026-01-23 18:37:00+00:00,247.6800994873047,247.77000427246094,247.6790008544922,247.6999969482422,23823
2026-01-23 18:38:00+00:00,247.7100067138672,247.72999572753906,247.61000061035156,247.70989990234375,24078
2026-01-23 18:39:00+00:00,247.64999389648438,247.77000427246094,247.58999633789062,247.72000122070312,77393
2026-01-23 18:40:00+00:00,247.52999877929688,247.71499633789062,247.52999877929688,247.64999389648438,32544
2026-01-23 18:41:00+00:00,247.4001007080078,247.5500030517578,247.33999633789062,247.52999877929688,64907
2026-01-23 18:42:00+00:00,247.47999572753906,247.48500061035156,247.39500427246094,247.41000366210938,33082
2026-01-23 18:43:00+00:00,247.3804931640625,247.49000549316406,247.3800048828125,247.47500610351562,34132
2026-01-23 18:44:00+00:00,247.38999938964844,247.42999267578125,247.3800048828125,247.38999938964844,20439
2026-01-23 18:45:00+00:00,247.27000427246094,247.3800048828125,247.22000122070312,247.3800048828125,53740
2026-01-23 18:46:00+00:00,247.1602020263672,247.27999877929688,247.10499572753906,247.26499938964844,38284
2026-01-23 18:47:00+00:00,247.14999389648438,247.25999450683594,247.13999938964844,247.15499877929688,29471
2026-01-23 18:48:00+00:00,247.10000610351562,247.16000366210938,247.0399932861328,247.14999389648438,50243
2026-01-23 18:49:00+00:00,247.1300048828125,247.14500427246094,247.10000610351562,247.10000610351562,28699
2026-01-23 18:50:00+00:00,247.02000427246094,247.22000122070312,246.97000122070312,247.13499450683594,58409
2026-01-23 18:51:00+00:00,247.05999755859375,247.1696014404297,247.0399932861328,247.0399932861328,34245
2026-01-23 18:52:00+00:00,247.23500061035156,247.27000427246094,247.05999755859375,247.05999755859375,41349
2026-01-23 18:53:00+00:00,247.16029357910156,247.36000061035156,247.13999938964844,247.23500061035156,57452
2026-01-23 18:54:00+00:00,247.18499755859375,247.22999572753906,247.09500122070312,247.17160034179688,24213
2026-01-23 18:55:00+00:00,247.23829650878906,247.45159912109375,247.16000366210938,247.19000244140625,45749
2026-01-23 18:56:00+00:00,247.35499572753906,247.44000244140625,247.2449951171875,247.2550048828125,41151
2026-01-23 18:57:00+00:00,247.38999938964844,247.42999267578125,247.33009338378906,247.36000061035156,18695
2026-01-23 18:58:00+00:00,247.5050048828125,247.52999877929688,247.3699951171875,247.41000366210938,16944
2026-01-23 18:59:00+00:00,247.52000427246094,247.55999755859375,247.49000549316406,247.49630737304688,35174
2026-01-23 19:00:00+00:00,247.35000610351562,247.66000366210938,247.22999572753906,247.52999877929688,69891
2026-01-23 19:01:00+00:00,247.41000366210938,247.47500610351562,247.35499572753906,247.35499572753906,30242
2026-01-23 19:02:00+00:00,247.39999389648438,247.49000549316406,247.3300018310547,247.39999389648438,50865
2026-01-23 19:03:00+00:00,247.41000366210938,247.52999877929688,247.39999389648438,247.40499877929688,26508
2026-01-23 19:04:00+00:00,247.2949981689453,247.4051055908203,247.2949981689453,247.4051055908203,19953
2026-01-23 19:05:00+00:00,247.31100463867188,247.33999633789062,247.27000427246094,247.30999755859375,19663
2026-01-23 19:06:00+00:00,247.42999267578125,247.4600067138672,247.30999755859375,247.32000732421875,83220
2026-01-23 19:07:00+00:00,247.52499389648438,247.54989624023438,247.39610290527344,247.4199981689453,31883
2026-01-23 19:08:00+00:00,247.5406036376953,247.63999938964844,247.38999938964844,247.53500366210938,48975
2026-01-23 19:09:00+00:00,247.5301055908203,247.57000732421875,247.46499633789062,247.5500030517578,34924
2026-01-23 19:10:00+00:00,247.5500030517578,247.61000061035156,247.52920532226562,247.55499267578125,31700
2026-01-23 19:11:00+00:00,247.30999755859375,247.57000732421875,247.30999755859375,247.55999755859375,35919
2026-01-23 19:12:00+00:00,247.80999755859375,247.85499572753906,247.32000732421875,247.32000732421875,114439
2026-01-23 19:13:00+00:00,247.72000122070312,247.8800048828125,247.72000122070312,247.85000610351562,34555
2026-01-23 19:14:00+00:00,247.77000427246094,247.85000610351562,247.66000366210938,247.72000122070312,31631
2026-01-23 19:15:00+00:00,247.77999877929688,247.80999755859375,247.6699981689453,247.7550048828125,34811
2026-01-23 19:16:00+00:00,247.6699981689453,247.7801055908203,247.63999938964844,247.7801055908203,38621
2026-01-23 19:17:00+00:00,247.55499267578125,247.6999969482422,247.5399932861328,247.65499877929688,28050
2026-01-23 19:18:00+00:00,247.64999389648438,247.68499755859375,247.5500030517578,247.5500030517578,42167
2026-01-23 19:19:00+00:00,247.64999389648438,247.69000244140625,247.63999938964844,247.63999938964844,19351
2026-01-23 19:20:00+00:00,247.77000427246094,247.77999877929688,247.63999938964844,247.6699981689453,23928
2026-01-23 19:21:00+00:00,247.80990600585938,247.8300018310547,247.75,247.75,42216
2026-01-23 19:22:00+00:00,247.88999938964844,247.89999389648438,247.74000549316406,247.7899932861328,46389
2026-01-23 19:23:00+00:00,247.91000366210938,247.9199981689453,247.8101043701172,247.88999938964844,27548
2026-01-23 19:24:00+00:00,247.97999572753906,247.97999572753906,247.91000366210938,247.91000366210938,26774
2026-01-23 19:25:00+00:00,247.9499969482422,248.00999450683594,247.94000244140625,247.99000549316406,26082
2026-01-23 19:26:00+00:00,247.72000122070312,247.94000244140625,247.72000122070312,247.72000122070312,49124
2026-01-23 19:27:00+00:00,247.77000427246094,247.78860473632812,247.72999572753906,247.72999572753906,18630
2026-01-23 19:28:00+00:00,247.60000610351562,247.7899932861328,247.58999633789062,247.77000427246094,32245
2026-01-23 19:29:00+00:00,247.47500610351562,247.6199951171875,247.47000122070312,247.5800018310547,71557
2026-01-23 19:30:00+00:00,247.5299072265625,247.53990173339844,247.40499877929688,247.47000122070312,25774
2026-01-23 19:31:00+00:00,247.5500030517578,247.5605926513672,247.4949951171875,247.52000427246094,35218
2026-01-23 19:32:00+00:00,247.77000427246094,247.8000030517578,247.52999877929688,247.55499267578125,52992
2026-01-23 19:33:00+00:00,247.77000427246094,247.78500366210938,247.72000122070312,247.75999450683594,25371
2026-01-23 19:34:00+00:00,247.72000122070312,247.77000427246094,247.66000366210938,247.77000427246094,25054
2026-01-23 19:35:00+00:00,247.86000061035156,247.8699951171875,247.72000122070312,247.72999572753906,23245
2026-01-23 19:36:00+00:00,247.8000030517578,247.8699951171875,247.7899932861328,247.8699951171875,26280
2026-01-23 19:37:00+00:00,247.77499389648438,247.81500244140625,247.72000122070312,247.8000030517578,15090
2026-01-23 19:38:00+00:00,247.72000122070312,247.75999450683594,247.61000061035156,247.75999450683594,29570
2026-01-23 19:39:00+00:00,247.72999572753906,247.76499938964844,247.69009399414062,247.7100067138672,13175
2026-01-23 19:40:00+00:00,247.77999877929688,247.7899932861328,247.7100067138672,247.74000549316406,26728
2026-01-23 19:41:00+00:00,247.8000030517578,247.80990600585938,247.69000244140625,247.77999877929688,28530
2026-01-23 19:42:00+00:00,247.9499969482422,247.97000122070312,247.7899932861328,247.7899932861328,26542
2026-01-23 19:43:00+00:00,247.9499969482422,248.00999450683594,247.8800048828125,247.9550018310547,32689
2026-01-23 19:44:00+00:00,248.1510009765625,248.19400024414062,247.97000122070312,247.97000122070312,55279
2026-01-23 19:45:00+00:00,248.14999389648438,248.22000122070312,248.14999389648438,248.14999389648438,26617
2026-01-23 19:46:00+00:00,248.15499877929688,248.1999969482422,248.13999938964844,248.18499755859375,23292
2026-01-23 19:47:00+00:00,248.1199951171875,248.1649932861328,248.0800018310547,248.14999389648438,33914
2026-01-23 19:48:00+00:00,248.14999389648438,248.19000244140625,248.10000610351562,248.110107421875,26943
2026-01-23 19:49:00+00:00,248.05999755859375,248.13999938964844,248.05999755859375,248.13999938964844,24115
2026-01-23 19:50:00+00:00,248.07000732421875,248.1300048828125,248.0,248.0500030517578,50211
2026-01-23 19:51:00+00:00,248.0399932861328,248.0998992919922,248.03500366210938,248.05999755859375,31708
2026-01-23 19:52:00+00:00,248.08999633789062,248.08999633789062,248.0399932861328,248.0500030517578,23366
2026-01-23 19:53:00+00:00,247.93499755859375,248.10000610351562,247.93260192871094,248.10000610351562,31218
2026-01-23 19:54:00+00:00,247.9600067138672,247.9600067138672,247.91000366210938,247.9499969482422,19837
2026-01-23 19:55:00+00:00,248.02999877929688,248.05999755859375,247.9600067138672,247.9600067138672,24504
2026-01-23 19:56:00+00:00,248.07029724121094,248.0800018310547,248.02000427246094,248.02000427246094,16458
2026-01-23 19:57:00+00:00,248.0800018310547,248.10000610351562,248.0500030517578,248.0800018310547,26119
2026-01-23 19:58:00+00:00,248.14100646972656,248.25,248.09500122070312,248.09500122070312,28953
2026-01-23 19:59:00+00:00,248.1699981689453,248.1699981689453,248.1300048828125,248.14340209960938,23535
2026-01-23 20:00:00+00:00,248.1699981689453,248.21499633789062,248.00999450683594,248.1699981689453,40246
2026-01-23 20:01:00+00:00,248.13299560546875,248.1999969482422,248.13299560546875,248.14999389648438,26276
2026-01-23 20:02:00+00:00,248.14999389648438,248.1699981689453,248.0998992919922,248.15989685058594,18961
2026-01-23 20:03:00+00:00,248.0301055908203,248.13999938964844,248.02999877929688,248.13999938964844,29796
2026-01-23 20:04:00+00:00,248.0449981689453,248.0800018310547,248.0050048828125,248.03500366210938,21983
2026-01-23 20:05:00+00:00,248.02499389648438,248.0800018310547,248.00999450683594,248.0500030517578,24027
2026-01-23 20:06:00+00:00,247.99000549316406,248.0500030517578,247.97999572753906,248.02499389648438,29040
2026-01-23 20:07:00+00:00,248.05999755859375,248.10000610351562,248.0,248.0,28833
2026-01-23 20:08:00+00:00,248.02999877929688,248.1201934814453,248.02000427246094,248.07989501953125,31558
2026-01-23 20:09:00+00:00,247.97000122070312,248.07000732421875,247.97000122070312,248.0399932861328,29389
2026-01-23 20:10:00+00:00,248.0500030517578,248.0500030517578,247.9600067138672,247.99000549316406,30364
2026-01-23 20:11:00+00:00,248.0500030517578,248.05499267578125,247.9600067138672,248.0399932861328,32607
2026-01-23 20:12:00+00:00,248.19000244140625,248.19000244140625,248.0500030517578,248.0500030517578,15945
2026-01-23 20:13:00+00:00,248.1199951171875,248.1999969482422,248.0579071044922,248.1999969482422,47832
2026-01-23 20:14:00+00:00,248.1855010986328,248.25999450683594,248.1300048828125,248.1300048828125,44032
2026-01-23 20:15:00+00:00,248.21499633789062,248.2989959716797,248.1750030517578,248.21499633789062,58705
2026-01-23 20:16:00+00:00,248.27999877929688,248.29989624023438,248.20010375976562,248.2100067138672,32105
2026-01-23 20:17:00+00:00,248.27999877929688,248.3000030517578,248.23500061035156,248.27999877929688,31096
2026-01-23 20:18:00+00:00,248.39500427246094,248.39999389648438,248.27999877929688,248.2877960205078,30467
2026-01-23 20:19:00+00:00,248.30999755859375,248.44000244140625,248.27999877929688,248.39500427246094,65643
2026-01-23 20:20:00+00:00,248.2852020263672,248.35000610351562,248.27999877929688,248.3000030517578,49276
2026-01-23 20:21:00+00:00,248.28500366210938,248.36000061035156,248.1999969482422,248.27999877929688,44054
2026-01-23 20:22:00+00:00,248.32000732421875,248.39999389648438,248.3000030517578,248.3000030517578,30089
2026-01-23 20:23:00+00:00,248.3249969482422,248.3300018310547,248.27999877929688,248.30999755859375,37743
2026-01-23 20:24:00+00:00,248.3000030517578,248.35000610351562,248.3000030517578,248.3000030517578,36486
2026-01-23 20:25:00+00:00,248.1750030517578,248.2991943359375,248.1707000732422,248.2991943359375,48687
2026-01-23 20:26:00+00:00,248.26499938964844,248.27999877929688,248.1699981689453,248.17999267578125,51699
2026-01-23 20:27:00+00:00,248.39999389648438,248.47000122070312,248.27000427246094,248.27000427246094,44186
2026-01-23 20:28:00+00:00,248.3699951171875,248.41000366210938,248.32000732421875,248.3699951171875,39658
2026-01-23 20:29:00+00:00,248.19000244140625,248.36000061035156,248.14999389648438,248.36000061035156,38215
2026-01-23 20:30:00+00:00,248.34500122070312,248.37069702148438,248.19000244140625,248.19000244140625,42992
2026-01-23 20:31:00+00:00,248.16079711914062,248.3300018310547,248.16000366210938,248.32009887695312,38636
2026-01-23 20:32:00+00:00,248.16189575195312,248.17999267578125,248.11900329589844,248.14999389648438,33788
2026-01-23 20:33:00+00:00,248.13999938964844,248.1999053955078,248.11500549316406,248.1699981689453,53173
2026-01-23 20:34:00+00:00,248.2050018310547,248.23989868164062,248.1199951171875,248.1199951171875,31468
2026-01-23 20:35:00+00:00,248.16140747070312,248.19000244140625,248.10000610351562,248.1699981689453,26290
2026-01-23 20:36:00+00:00,248.11000061035156,248.2100067138672,248.08999633789062,248.1699981689453,27703
2026-01-23 20:37:00+00:00,248.11000061035156,248.11000061035156,248.05999755859375,248.09869384765625,30282
2026-01-23 20:38:00+00:00,248.25999450683594,248.27000427246094,248.11000061035156,248.11000061035156,39350
2026-01-23 20:39:00+00:00,248.1699981689453,248.27999877929688,248.1699981689453,248.25999450683594,65098
2026-01-23 20:40:00+00:00,248.4199981689453,248.58999633789062,248.1649932861328,248.1699981689453,9934950
2026-01-23 20:41:00+00:00,248.5399932861328,248.55999755859375,248.36000061035156,248.4199981689453,0
2026-01-23 20:42:00+00:00,248.5500030517578,248.6199951171875,248.52000427246094,248.52000427246094,65271
2026-01-23 20:43:00+00:00,248.4445037841797,248.57000732421875,248.4324951171875,248.5399932861328,32669
2026-01-23 20:44:00+00:00,248.7100067138672,248.72999572753906,248.4499969482422,248.4600067138672,39145
2026-01-23 20:45:00+00:00,248.63999938964844,248.74000549316406,248.6199951171875,248.7100067138672,50050
2026-01-23 20:46:00+00:00,248.77000427246094,248.77000427246094,248.61000061035156,248.63999938964844,56371
2026-01-23 20:47:00+00:00,248.72999572753906,248.76100158691406,248.69000244140625,248.75999450683594,39303
2026-01-23 20:48:00+00:00,248.78500366210938,248.7899932861328,248.72999572753906,248.72999572753906,39303
2026-01-23 20:49:00+00:00,248.78500366210938,248.85000610351562,248.74000549316406,248.7899932861328,48683
2026-01-23 20:50:00+00:00,248.66299438476562,248.77000427246094,248.52999877929688,248.77000427246094,126177
2026-01-23 20:51:00+00:00,248.15499877929688,248.6699981689453,248.13999938964844,248.6300048828125,105746
2026-01-23 20:52:00+00:00,248.10000610351562,248.35499572753906,248.05999755859375,248.13999938964844,121138
2026-01-23 20:53:00+00:00,248.0399932861328,248.13999938964844,247.96139526367188,248.11000061035156,96358
2026-01-23 20:54:00+00:00,247.99899291992188,248.05999755859375,247.8800048828125,248.03500366210938,143554
2026-01-23 20:55:00+00:00,247.97000122070312,247.97000122070312,247.97000122070312,247.97000122070312,117420
2026-01-23 20:56:00+00:00,247.81500244140625,248.0,247.7449951171875,247.97000122070312,128610
2026-01-23 20:57:00+00:00,248.0399932861328,248.10000610351562,247.80999755859375,247.82000732421875,168240
2026-01-23 20:58:00+00:00,248.1750030517578,248.19000244140625,248.02999877929688,248.0399932861328,172096
2026-01-23 20:59:00+00:00,247.97000122070312,248.2100067138672,247.90499877929688,248.1699981689453,496563
2026-01-26 14:30:00+00:00,249.8699951171875,251.49380493164062,249.8699951171875,251.47999572753906,1773985
2026-01-26 14:31:00+00:00,250.80499267578125,250.85000610351562,249.8000030517578,249.91000366210938,336614
2026-01-26 14:32:00+00:00,250.71600341796875,251.17999267578125,250.55999755859375,250.77999877929688,227929
2026-01-26 14:33:00+00:00,251.4261932373047,251.61000061035156,250.67999267578125,250.67999267578125,216095
2026-01-26 14:34:00+00:00,251.18499755859375,251.8800048828125,251.13999938964844,251.4250030517578,179961
2026-01-26 14:35:00+00:00,250.83999633789062,251.64999389648438,250.75,251.19500732421875,182269
2026-01-26 14:36:00+00:00,251.3300018310547,251.47999572753906,250.625,250.8350067138672,147846
2026-01-26 14:37:00+00:00,251.4199981689453,251.625,250.8000030517578,251.33999633789062,116073
2026-01-26 14:38:00+00:00,251.88999938964844,251.97999572753906,251.35000610351562,251.52000427246094,204228
2026-01-26 14:39:00+00:00,252.63479614257812,252.72999572753906,251.875,251.875,278517
2026-01-26 14:40:00+00:00,252.47999572753906,252.8000030517578,252.14999389648438,252.6300048828125,249133
2026-01-26 14:41:00+00:00,252.55999755859375,252.85000610351562,252.38999938964844,252.49000549316406,268022
2026-01-26 14:42:00+00:00,252.5500030517578,252.60000610351562,251.9499969482422,252.54010009765625,168108
2026-01-26 14:43:00+00:00,253.24000549316406,253.25,252.52499389648438,252.55999755859375,268064
2026-01-26 14:44:00+00:00,252.7100067138672,253.25,252.5749969482422,253.24000549316406,134518
2026-01-26 14:45:00+00:00,253.1300048828125,253.19000244140625,252.72999572753906,252.72999572753906,118746
2026-01-26 14:46:00+00:00,252.47999572753906,253.13009643554688,252.41000366210938,253.11500549316406,199133
2026-01-26 14:47:00+00:00,252.9199981689453,252.99989318847656,252.41000366210938,252.5050048828125,93266
2026-01-26 14:48:00+00:00,252.9550018310547,253.00999450683594,252.8300018310547,252.92999267578125,101920
2026-01-26 14:49:00+00:00,252.8350067138672,252.97000122070312,252.6699981689453,252.97000122070312,101656
2026-01-26 14:50:00+00:00,252.64999389648438,252.89999389648438,252.55999755859375,252.89999389648438,92980
2026-01-26 14:51:00+00:00,252.45860290527344,252.63499450683594,252.27000427246094,252.63499450683594,89305
2026-01-26 14:52:00+00:00,252.97000122070312,252.99000549316406,252.3699951171875,252.44500732421875,82689
2026-01-26 14:53:00+00:00,253.17999267578125,253.17999267578125,252.7899932861328,253.0,99485
2026-01-26 14:54:00+00:00,253.0,253.2100067138672,252.97000122070312,253.1699981689453,53534
2026-01-26 14:55:00+00:00,253.16000366210938,253.1999969482422,252.97000122070312,253.0050048828125,85471
2026-01-26 14:56:00+00:00,253.42120361328125,253.47000122070312,253.1300048828125,253.16229248046875,147116
2026-01-26 14:57:00+00:00,253.67010498046875,253.7050018310547,253.42999267578125,253.42999267578125,136869
2026-01-26 14:58:00+00:00,253.13999938964844,253.78689575195312,253.07000732421875,253.69000244140625,192770
2026-01-26 14:59:00+00:00,252.75999450683594,253.1300048828125,252.7100067138672,253.11000061035156,109055
2026-01-26 15:00:00+00:00,252.7100067138672,252.9600067138672,252.6199951171875,252.74000549316406,195069
2026-01-26 15:01:00+00:00,252.77740478515625,252.8800048828125,252.6699981689453,252.6999969482422,73041
2026-01-26 15:02:00+00:00,253.2050018310547,253.23989868164062,252.6699981689453,252.77499389648438,150617
2026-01-26 15:03:00+00:00,253.25430297851562,253.38999938964844,253.1501007080078,253.22000122070312,86912
2026-01-26 15:04:00+00:00,253.6894073486328,253.70069885253906,253.27000427246094,253.27000427246094,64192
2026-01-26 15:05:00+00:00,253.4604034423828,253.7100067138672,253.39999389648438,253.7100067138672,109816
2026-01-26 15:06:00+00:00,253.75999450683594,253.8000030517578,253.4600067138672,253.47999572753906,102693
2026-01-26 15:07:00+00:00,253.77499389648438,253.80999755859375,253.67999267578125,253.75999450683594,90743
2026-01-26 15:08:00+00:00,253.97999572753906,254.10000610351562,253.7449951171875,253.76499938964844,169817
2026-01-26 15:09:00+00:00,253.72999572753906,253.97999572753906,253.7100067138672,253.97999572753906,105600
2026-01-26 15:10:00+00:00,253.52999877929688,253.77999877929688,253.35000610351562,253.75999450683594,127855
2026-01-26 15:11:00+00:00,253.07000732421875,253.52000427246094,253.0500030517578,253.52000427246094,126339
2026-01-26 15:12:00+00:00,252.90499877929688,253.08999633789062,252.8000030517578,253.07000732421875,95391
2026-01-26 15:13:00+00:00,253.4499969482422,253.4499969482422,252.8800048828125,252.90499877929688,162609
2026-01-26 15:14:00+00:00,253.6820068359375,253.71499633789062,253.40260314941406,253.42999267578125,98401
2026-01-26 15:15:00+00:00,253.64999389648438,253.72999572753906,253.50999450683594,253.6999969482422,65653
2026-01-26 15:16:00+00:00,253.86000061035156,253.8800048828125,253.5800018310547,253.64999389648438,92511
2026-01-26 15:17:00+00:00,254.13499450683594,254.14999389648438,253.8800048828125,253.88999938964844,107903
2026-01-26 15:18:00+00:00,254.14999389648438,254.1699981689453,254.0500030517578,254.13999938964844,95023
2026-01-26 15:19:00+00:00,254.4600067138672,254.4600067138672,254.05999755859375,254.14999389648438,124306
2026-01-26 15:20:00+00:00,254.48899841308594,254.52999877929688,254.35000610351562,254.4600067138672,130295
2026-01-26 15:21:00+00:00,254.5800018310547,254.5800018310547,254.4149932861328,254.4700927734375,79332
2026-01-26 15:22:00+00:00,254.67739868164062,254.71009826660156,254.5399932861328,254.5800018310547,116793
2026-01-26 15:23:00+00:00,254.83999633789062,254.88999938964844,254.64999389648438,254.6750030517578,138299
2026-01-26 15:24:00+00:00,254.43760681152344,254.8300018310547,254.33999633789062,254.80999755859375,135001
2026-01-26 15:25:00+00:00,254.38499450683594,254.72000122070312,254.3699951171875,254.4499969482422,116856
2026-01-26 15:26:00+00:00,254.3000030517578,254.4499969482422,254.2200927734375,254.37680053710938,94085
2026-01-26 15:27:00+00:00,254.3300018310547,254.39999389648438,254.1199951171875,254.32000732421875,73133
2026-01-26 15:28:00+00:00,254.0399932861328,254.45989990234375,254.02999877929688,254.3300018310547,97030
2026-01-26 15:29:00+00:00,254.0399932861328,254.08999633789062,253.77000427246094,254.0500030517578,129934
2026-01-26 15:30:00+00:00,254.44000244140625,254.53500366210938,253.9199981689453,254.0399932861328,112119
2026-01-26 15:31:00+00:00,254.32000732421875,254.49000549316406,254.3000030517578,254.44000244140625,67290
2026-01-26 15:32:00+00:00,254.43899536132812,254.5,254.1999969482422,254.29200744628906,123114
2026-01-26 15:33:00+00:00,254.58999633789062,254.75,254.39999389648438,254.44000244140625,112590
2026-01-26 15:34:00+00:00,254.69500732421875,254.75,254.60000610351562,254.61000061035156,85132
2026-01-26 15:35:00+00:00,254.67999267578125,254.69000244140625,254.52999877929688,254.69000244140625,57535
2026-01-26 15:36:00+00:00,254.86500549316406,254.889892578125,254.6699981689453,254.6999969482422,200098
2026-01-26 15:37:00+00:00,254.9774932861328,254.97999572753906,254.8000030517578,254.8800048828125,124665
2026-01-26 15:38:00+00:00,255.1300048828125,255.33999633789062,254.93499755859375,254.97000122070312,201995
2026-01-26 15:39:00+00:00,254.75,255.14500427246094,254.7200927734375,255.14500427246094,101510
2026-01-26 15:40:00+00:00,254.82000732421875,254.84950256347656,254.57000732421875,254.75,93283
2026-01-26 15:41:00+00:00,255.0800018310547,255.10499572753906,254.69000244140625,254.80999755859375,88236
2026-01-26 15:42:00+00:00,255.16000366210938,255.19000244140625,254.94070434570312,255.05999755859375,86425
2026-01-26 15:43:00+00:00,255.14999389648438,255.3000030517578,255.08999633789062,255.1999969482422,91655
2026-01-26 15:44:00+00:00,254.9510040283203,255.17999267578125,254.9199981689453,255.13999938964844,103726
2026-01-26 15:45:00+00:00,255.05999755859375,255.13999938964844,254.8699951171875,254.96499633789062,65050
2026-01-26 15:46:00+00:00,254.89999389648438,255.10000610351562,254.8800048828125,255.06500244140625,64822
2026-01-26 15:47:00+00:00,255.08999633789062,255.22000122070312,254.8699951171875,254.8916015625,67201
2026-01-26 15:48:00+00:00,255.0749969482422,255.22500610351562,255.05999755859375,255.0800018310547,60366
2026-01-26 15:49:00+00:00,255.1999969482422,255.22999572753906,255.00999450683594,255.08999633789062,66642
2026-01-26 15:50:00+00:00,255.13999938964844,255.24000549316406,255.02999877929688,255.2100067138672,52862
2026-01-26 15:51:00+00:00,255.19009399414062,255.5,255.08999633789062,255.1300048828125,224411
2026-01-26 15:52:00+00:00,255.25999450683594,255.3699951171875,255.1649932861328,255.20950317382812,58544
2026-01-26 15:53:00+00:00,255.27000427246094,255.28199768066406,255.0800018310547,255.28199768066406,50012
2026-01-26 15:54:00+00:00,255.25999450683594,255.33999633789062,255.19000244140625,255.2899932861328,56803
2026-01-26 15:55:00+00:00,255.1199951171875,255.3000030517578,255.10000610351562,255.25999450683594,63939
2026-01-26 15:56:00+00:00,255.07000732421875,255.16000366210938,254.94000244140625,255.1199951171875,79307
2026-01-26 15:57:00+00:00,254.82000732421875,255.0500030517578,254.80999755859375,255.0500030517578,63680
2026-01-26 15:58:00+00:00,254.85000610351562,254.91000366210938,254.6699981689453,254.8300018310547,72165
2026-01-26 15:59:00+00:00,254.8000030517578,254.92999267578125,254.7100067138672,254.889892578125,72238
2026-01-26 16:00:00+00:00,254.67999267578125,254.90499877929688,254.55999755859375,254.8090057373047,107297
2026-01-26 16:01:00+00:00,254.73500061035156,254.77000427246094,254.63499450683594,254.6699981689453,50697
2026-01-26 16:02:00+00:00,254.85499572753906,254.90499877929688,254.69000244140625,254.72999572753906,46601
2026-01-26 16:03:00+00:00,255.08999633789062,255.10899353027344,254.82000732421875,254.86000061035156,75531
2026-01-26 16:04:00+00:00,254.9600067138672,255.1999969482422,254.83999633789062,255.08999633789062,198179
2026-01-26 16:05:00+00:00,254.86090087890625,255.07000732421875,254.86090087890625,254.97999572753906,40257
2026-01-26 16:06:00+00:00,254.91839599609375,254.9199981689453,254.66009521484375,254.88999938964844,67046
2026-01-26 16:07:00+00:00,254.75999450683594,254.89999389648438,254.63499450683594,254.89999389648438,59534
2026-01-26 16:08:00+00:00,254.76499938964844,254.92999267578125,254.71499633789062,254.7449951171875,59966
2026-01-26 16:09:00+00:00,254.72999572753906,254.77999877929688,254.67999267578125,254.76499938964844,38551
2026-01-26 16:10:00+00:00,254.74009704589844,254.8498992919922,254.6649932861328,254.72000122070312,47234
2026-01-26 16:11:00+00:00,254.93499755859375,254.96499633789062,254.72999572753906,254.75,105697
2026-01-26 16:12:00+00:00,255.125,255.14990234375,254.8300018310547,254.9199981689453,113782
2026-01-26 16:13:00+00:00,255.2949981689453,255.32000732421875,255.11000061035156,255.1199951171875,128362
2026-01-26 16:14:00+00:00,255.12010192871094,255.2899932861328,255.08009338378906,255.2899932861328,57266
2026-01-26 16:15:00+00:00,254.99000549316406,255.1699981689453,254.98500061035156,255.13499450683594,62735
2026-01-26 16:16:00+00:00,255.10499572753906,255.1199951171875,254.97000122070312,254.9949951171875,50636
2026-01-26 16:17:00+00:00,254.92999267578125,255.1699981689453,254.92999267578125,255.08999633789062,68889
2026-01-26 16:18:00+00:00,254.72999572753906,254.99000549316406,254.68499755859375,254.92999267578125,55588
2026-01-26 16:19:00+00:00,254.4600067138672,254.75,254.4600067138672,254.73500061035156,76737
2026-01-26 16:20:00+00:00,254.3101043701172,254.55999755859375,254.3101043701172,254.47000122070312,69538
2026-01-26 16:21:00+00:00,254.36000061035156,254.4600067138672,254.22999572753906,254.30999755859375,58873
2026-01-26 16:22:00+00:00,254.41000366210938,254.4949951171875,254.2899932861328,254.35000610351562,71066
2026-01-26 16:23:00+00:00,254.49000549316406,254.50999450683594,254.30999755859375,254.41000366210938,53935
2026-01-26 16:24:00+00:00,254.67999267578125,254.67999267578125,254.3699951171875,254.47000122070312,114966
2026-01-26 16:25:00+00:00,254.72000122070312,254.86500549316406,254.61000061035156,254.69239807128906,56523
2026-01-26 16:26:00+00:00,254.85000610351562,254.88999938964844,254.67999267578125,254.7165069580078,47260
2026-01-26 16:27:00+00:00,255.13999938964844,255.2100067138672,254.8300018310547,254.8300018310547,68126
2026-01-26 16:28:00+00:00,255.09039306640625,255.16000366210938,255.02000427246094,255.1540069580078,78130
2026-01-26 16:29:00+00:00,255.0998992919922,255.1199951171875,255.0399932861328,255.10740661621094,44742
2026-01-26 16:30:00+00:00,254.98260498046875,255.13999938964844,254.97000122070312,255.0850067138672,65868
2026-01-26 16:31:00+00:00,255.22000122070312,255.22000122070312,254.97500610351562,254.98049926757812,61873
2026-01-26 16:32:00+00:00,255.1699981689453,255.27999877929688,255.08999633789062,255.22000122070312,170089
2026-01-26 16:33:00+00:00,255.07000732421875,255.1999969482422,255.0399932861328,255.1699981689453,69759
2026-01-26 16:34:00+00:00,254.92999267578125,255.08999633789062,254.8800048828125,255.07000732421875,114758
2026-01-26 16:35:00+00:00,255.07989501953125,255.1999969482422,254.80999755859375,254.93319702148438,195819
2026-01-26 16:36:00+00:00,255.14500427246094,255.14999389648438,254.99000549316406,255.02999877929688,34857
2026-01-26 16:37:00+00:00,255.2196044921875,255.2196044921875,255.0500030517578,255.14500427246094,36154
2026-01-26 16:38:00+00:00,255.1199951171875,255.24000549316406,255.02000427246094,255.2050018310547,39535
2026-01-26 16:39:00+00:00,255.00999450683594,255.17999267578125,255.00999450683594,255.11000061035156,56428
2026-01-26 16:40:00+00:00,255.08999633789062,255.1699981689453,254.97999572753906,255.02000427246094,42635
2026-01-26 16:41:00+00:00,255.0,255.1300048828125,254.97000122070312,255.08999633789062,51882
2026-01-26 16:42:00+00:00,255.0135040283203,255.0800018310547,254.94500732421875,255.0,34902
2026-01-26 16:43:00+00:00,255.02499389648438,255.07000732421875,254.94000244140625,255.00010681152344,56104
2026-01-26 16:44:00+00:00,255.0,255.07000732421875,255.0,255.02499389648438,46810
2026-01-26 16:45:00+00:00,255.0800018310547,255.08999633789062,254.9300994873047,255.00990295410156,32057
2026-01-26 16:46:00+00:00,255.19979858398438,255.25,255.08999633789062,255.08999633789062,53110
2026-01-26 16:47:00+00:00,254.9199981689453,255.22500610351562,254.91000366210938,255.1999969482422,49056
2026-01-26 16:48:00+00:00,254.8800048828125,254.94000244140625,254.83670043945312,254.92999267578125,35088
2026-01-26 16:49:00+00:00,254.86000061035156,254.91990661621094,254.8300018310547,254.87539672851562,34009
2026-01-26 16:50:00+00:00,254.7100067138672,254.85000610351562,254.64999389648438,254.85000610351562,61562
2026-01-26 16:51:00+00:00,254.83999633789062,254.83999633789062,254.60000610351562,254.6992950439453,58205
2026-01-26 16:52:00+00:00,254.71029663085938,254.91000366210938,254.69009399414062,254.8300018310547,48142
2026-01-26 16:53:00+00:00,254.84500122070312,254.8800048828125,254.7050018310547,254.71420288085938,36779
2026-01-26 16:54:00+00:00,254.86000061035156,254.91000366210938,254.80999755859375,254.85000610351562,35145
2026-01-26 16:55:00+00:00,254.85000610351562,254.91000366210938,254.77499389648438,254.8699951171875,33642
2026-01-26 16:56:00+00:00,254.7899932861328,254.86990356445312,254.75999450683594,254.86900329589844,23340
2026-01-26 16:57:00+00:00,254.85499572753906,254.889892578125,254.77999877929688,254.8000030517578,40127
2026-01-26 16:58:00+00:00,254.89999389648438,255.0157928466797,254.83999633789062,254.86000061035156,49588
2026-01-26 16:59:00+00:00,254.86000061035156,254.92999267578125,254.75999450683594,254.91000366210938,42256
2026-01-26 17:00:00+00:00,254.96499633789062,255.02000427246094,254.8699951171875,254.8699951171875,43142
2026-01-26 17:01:00+00:00,255.00999450683594,255.07000732421875,254.9600067138672,254.97500610351562,48335
2026-01-26 17:02:00+00:00,255.17999267578125,255.17999267578125,255.0,255.02999877929688,46447
2026-01-26 17:03:00+00:00,255.1999969482422,255.2100067138672,255.11000061035156,255.17999267578125,48640
2026-01-26 17:04:00+00:00,255.22999572753906,255.3000030517578,255.19000244140625,255.20249938964844,90104
2026-01-26 17:05:00+00:00,255.27999877929688,255.32000732421875,255.2050018310547,255.22999572753906,35800
2026-01-26 17:06:00+00:00,255.41799926757812,255.4199981689453,255.2899932861328,255.2913055419922,44879
2026-01-26 17:07:00+00:00,255.3350067138672,255.4199981689453,255.32839965820312,255.41099548339844,45306
2026-01-26 17:08:00+00:00,255.13999938964844,255.32000732421875,255.1199951171875,255.32000732421875,65340
2026-01-26 17:09:00+00:00,254.80999755859375,255.13999938964844,254.80999755859375,255.13999938964844,77041
2026-01-26 17:10:00+00:00,254.65499877929688,254.8800048828125,254.60000610351562,254.8000030517578,69673
2026-01-26 17:11:00+00:00,254.58999633789062,254.7449951171875,254.58999633789062,254.65499877929688,50032
2026-01-26 17:12:00+00:00,254.50999450683594,254.6898956298828,254.50999450683594,254.58999633789062,42241
2026-01-26 17:13:00+00:00,254.42539978027344,254.54600524902344,254.3699951171875,254.52000427246094,62094
2026-01-26 17:14:00+00:00,254.2899932861328,254.4199981689453,254.25999450683594,254.41000366210938,49015
2026-01-26 17:15:00+00:00,254.39999389648438,254.4499969482422,254.28900146484375,254.28900146484375,40176
2026-01-26 17:16:00+00:00,254.60000610351562,254.64999389648438,254.39999389648438,254.39999389648438,46477
2026-01-26 17:17:00+00:00,254.69500732421875,254.72000122070312,254.5800018310547,254.60000610351562,22932
2026-01-26 17:18:00+00:00,254.5612030029297,254.71730041503906,254.55999755859375,254.71290588378906,27789
2026-01-26 17:19:00+00:00,254.60000610351562,254.6199951171875,254.5,254.57000732421875,31654
2026-01-26 17:20:00+00:00,254.58999633789062,254.61000061035156,254.5,254.58999633789062,32084
2026-01-26 17:21:00+00:00,254.57940673828125,254.6584014892578,254.5500030517578,254.58999633789062,28943
2026-01-26 17:22:00+00:00,254.5601043701172,254.6199951171875,254.52999877929688,254.55499267578125,19532
2026-01-26 17:23:00+00:00,254.82000732421875,254.8498992919922,254.55990600585938,254.5749969482422,51730
2026-01-26 17:24:00+00:00,254.72000122070312,254.81700134277344,254.67990112304688,254.8000030517578,39997
2026-01-26 17:25:00+00:00,254.74000549316406,254.75999450683594,254.67999267578125,254.72940063476562,23681
2026-01-26 17:26:00+00:00,254.72000122070312,254.76499938964844,254.6699981689453,254.7528076171875,28328
2026-01-26 17:27:00+00:00,254.60000610351562,254.7100067138672,254.60000610351562,254.6999969482422,29023
2026-01-26 17:28:00+00:00,254.65989685058594,254.66000366210938,254.5500030517578,254.58999633789062,34976
2026-01-26 17:29:00+00:00,254.5,254.66000366210938,254.5,254.64999389648438,30236
2026-01-26 17:30:00+00:00,254.4600067138672,254.55999755859375,254.44000244140625,254.47000122070312,34949
2026-01-26 17:31:00+00:00,254.58999633789062,254.60000610351562,254.42999267578125,254.4600067138672,34140
2026-01-26 17:32:00+00:00,254.58999633789062,254.67999267578125,254.50999450683594,254.5749969482422,44796
2026-01-26 17:33:00+00:00,254.52999877929688,254.61070251464844,254.52999877929688,254.60000610351562,26072
2026-01-26 17:34:00+00:00,254.58999633789062,254.65989685058594,254.47999572753906,254.55999755859375,41405
2026-01-26 17:35:00+00:00,254.58999633789062,254.63999938964844,254.5500030517578,254.60000610351562,28952
2026-01-26 17:36:00+00:00,254.5800018310547,254.6699981689453,254.5800018310547,254.60989379882812,32005
2026-01-26 17:37:00+00:00,254.6800994873047,254.7100067138672,254.55999755859375,254.55999755859375,37683
2026-01-26 17:38:00+00:00,254.6800994873047,254.74000549316406,254.63999938964844,254.66009521484375,42139
2026-01-26 17:39:00+00:00,254.6300048828125,254.6999969482422,254.5500030517578,254.69000244140625,49381
2026-01-26 17:40:00+00:00,254.6199951171875,254.65699768066406,254.5500030517578,254.65699768066406,21286
2026-01-26 17:41:00+00:00,254.61000061035156,254.64999389648438,254.58999633789062,254.61019897460938,22999
2026-01-26 17:42:00+00:00,254.72000122070312,254.72999572753906,254.60000610351562,254.61500549316406,30775
2026-01-26 17:43:00+00:00,254.7100067138672,254.7100067138672,254.6649932861328,254.7050018310547,23973
2026-01-26 17:44:00+00:00,254.66000366210938,254.75,254.66000366210938,254.6999969482422,25169
2026-01-26 17:45:00+00:00,254.44500732421875,254.66990661621094,254.41000366210938,254.6627960205078,40102
2026-01-26 17:46:00+00:00,254.36500549316406,254.46499633789062,254.36500549316406,254.44000244140625,27707
2026-01-26 17:47:00+00:00,254.28619384765625,254.43739318847656,254.2301025390625,254.35000610351562,51505
2026-01-26 17:48:00+00:00,254.2949981689453,254.29649353027344,254.0800018310547,254.27000427246094,50239
2026-01-26 17:49:00+00:00,254.33160400390625,254.4199981689453,254.27000427246094,254.30999755859375,28681
2026-01-26 17:50:00+00:00,254.40719604492188,254.40719604492188,254.25,254.3300018310547,30032
2026-01-26 17:51:00+00:00,254.43260192871094,254.49000549316406,254.39999389648438,254.40199279785156,32101
2026-01-26 17:52:00+00:00,254.43499755859375,254.4600067138672,254.33999633789062,254.43739318847656,30770
2026-01-26 17:53:00+00:00,254.48500061035156,254.54330444335938,254.41990661621094,254.41990661621094,18552
2026-01-26 17:54:00+00:00,254.50999450683594,254.5500030517578,254.47000122070312,254.47000122070312,19598
2026-01-26 17:55:00+00:00,254.38999938964844,254.5299072265625,254.38999938964844,254.5281982421875,28358
2026-01-26 17:56:00+00:00,254.39999389648438,254.5,254.38999938964844,254.38999938964844,27579
2026-01-26 17:57:00+00:00,254.39999389648438,254.4499969482422,254.36000061035156,254.41000366210938,25063
2026-01-26 17:58:00+00:00,254.39999389648438,254.44500732421875,254.3800048828125,254.41070556640625,18074
2026-01-26 17:59:00+00:00,254.3300018310547,254.41000366210938,254.30999755859375,254.41000366210938,34734
2026-01-26 18:00:00+00:00,254.22500610351562,254.3300018310547,254.2100067138672,254.3300018310547,25649
2026-01-26 18:01:00+00:00,254.4499969482422,254.46499633789062,254.2100067138672,254.22540283203125,32371
2026-01-26 18:02:00+00:00,254.42999267578125,254.47999572753906,254.36000061035156,254.45989990234375,53656
2026-01-26 18:03:00+00:00,254.2335968017578,254.4199981689453,254.19000244140625,254.4199981689453,33788
2026-01-26 18:04:00+00:00,254.1699981689453,254.27000427246094,254.16000366210938,254.24620056152344,25101
2026-01-26 18:05:00+00:00,254.22999572753906,254.24000549316406,254.08999633789062,254.1699981689453,38408
2026-01-26 18:06:00+00:00,254.2429962158203,254.2429962158203,254.1699981689453,254.24000549316406,25447
2026-01-26 18:07:00+00:00,254.22000122070312,254.27000427246094,254.1916046142578,254.2550048828125,24863
2026-01-26 18:08:00+00:00,254.1649932861328,254.24000549316406,254.16000366210938,254.22500610351562,18284
2026-01-26 18:09:00+00:00,254.12750244140625,254.22999572753906,254.0800018310547,254.17999267578125,50064
2026-01-26 18:10:00+00:00,254.19000244140625,254.1999969482422,254.08999633789062,254.19000244140625,16292
2026-01-26 18:11:00+00:00,254.27000427246094,254.3000030517578,254.19500732421875,254.19500732421875,30009
2026-01-26 18:12:00+00:00,254.26499938964844,254.36000061035156,254.2375030517578,254.28500366210938,25727
2026-01-26 18:13:00+00:00,254.27000427246094,254.3000030517578,254.15460205078125,254.27999877929688,36934
2026-01-26 18:14:00+00:00,254.24000549316406,254.29080200195312,254.2100067138672,254.27000427246094,21830
2026-01-26 18:15:00+00:00,254.19000244140625,254.27999877929688,254.17999267578125,254.23500061035156,23956
2026-01-26 18:16:00+00:00,254.14999389648438,254.19000244140625,254.1199951171875,254.19000244140625,35002
2026-01-26 18:17:00+00:00,254.139892578125,254.22999572753906,254.08999633789062,254.16000366210938,21088
2026-01-26 18:18:00+00:00,254.24000549316406,254.3070068359375,254.1300048828125,254.1300048828125,38862
2026-01-26 18:19:00+00:00,254.44000244140625,254.44000244140625,254.2550048828125,254.25999450683594,29798
2026-01-26 18:20:00+00:00,254.37229919433594,254.44000244140625,254.33999633789062,254.42999267578125,27879
2026-01-26 18:21:00+00:00,254.52999877929688,254.5500030517578,254.33999633789062,254.3699951171875,35419
2026-01-26 18:22:00+00:00,254.59500122070312,254.60000610351562,254.50999450683594,254.52999877929688,30640
2026-01-26 18:23:00+00:00,254.50999450683594,254.6031036376953,254.49000549316406,254.6031036376953,28097
2026-01-26 18:24:00+00:00,254.64999389648438,254.67999267578125,254.50999450683594,254.52999877929688,34386
2026-01-26 18:25:00+00:00,254.66000366210938,254.68499755859375,254.6300048828125,254.6508026123047,19268
2026-01-26 18:26:00+00:00,254.64999389648438,254.69000244140625,254.60000610351562,254.6699981689453,31004
2026-01-26 18:27:00+00:00,254.6300048828125,254.67999267578125,254.6300048828125,254.64999389648438,27597
2026-01-26 18:28:00+00:00,254.61000061035156,254.66000366210938,254.57000732421875,254.64169311523438,29976
2026-01-26 18:29:00+00:00,254.64999389648438,254.69000244140625,254.60000610351562,254.61500549316406,31319
2026-01-26 18:30:00+00:00,254.9600067138672,254.99000549316406,254.6300048828125,254.63999938964844,40314
2026-01-26 18:31:00+00:00,255.07000732421875,255.14999389648438,254.94000244140625,254.95010375976562,78022
2026-01-26 18:32:00+00:00,255.1300048828125,255.1699981689453,254.99000549316406,255.0800018310547,54347
2026-01-26 18:33:00+00:00,255.07000732421875,255.13999938964844,255.07000732421875,255.13999938964844,37233
2026-01-26 18:34:00+00:00,255.02999877929688,255.07000732421875,254.97999572753906,255.07000732421875,47788
2026-01-26 18:35:00+00:00,255.0,255.0800018310547,254.97000122070312,255.02000427246094,41655
2026-01-26 18:36:00+00:00,254.8791046142578,255.0500030517578,254.85000610351562,255.0500030517578,33836
2026-01-26 18:37:00+00:00,254.8300018310547,254.91000366210938,254.80029296875,254.88999938964844,32918
2026-01-26 18:38:00+00:00,254.8336944580078,254.9199981689453,254.82000732421875,254.8300018310547,25995
2026-01-26 18:39:00+00:00,254.60000610351562,254.8365020751953,254.5800018310547,254.8249969482422,29860
2026-01-26 18:40:00+00:00,254.47000122070312,254.6199951171875,254.4499969482422,254.5800018310547,45355
2026-01-26 18:41:00+00:00,254.38999938964844,254.4770050048828,254.32000732421875,254.44000244140625,44817
2026-01-26 18:42:00+00:00,254.39999389648438,254.41000366210938,254.35000610351562,254.40989685058594,34851
2026-01-26 18:43:00+00:00,254.47999572753906,254.49000549316406,254.3800048828125,254.40499877929688,24130
2026-01-26 18:44:00+00:00,254.58999633789062,254.61000061035156,254.4499969482422,254.47000122070312,27634
2026-01-26 18:45:00+00:00,254.57000732421875,254.70159912109375,254.57000732421875,254.59500122070312,37534
2026-01-26 18:46:00+00:00,254.63999938964844,254.66000366210938,254.47999572753906,254.57000732421875,42129
2026-01-26 18:47:00+00:00,254.5800018310547,254.6699981689453,254.52000427246094,254.63800048828125,22331
2026-01-26 18:48:00+00:00,254.60000610351562,254.65499877929688,254.49000549316406,254.57000732421875,46669
2026-01-26 18:49:00+00:00,255.0106964111328,255.02000427246094,254.57000732421875,254.57000732421875,72850
2026-01-26 18:50:00+00:00,255.1199951171875,255.13999938964844,254.75999450683594,255.00999450683594,71542
2026-01-26 18:51:00+00:00,255.05999755859375,255.1699981689453,254.9149932861328,255.1300048828125,59975
2026-01-26 18:52:00+00:00,255.11500549316406,255.16000366210938,255.02000427246094,255.0399932861328,57086
2026-01-26 18:53:00+00:00,255.1374053955078,255.22000122070312,255.1011962890625,255.125,54999
2026-01-26 18:54:00+00:00,255.17999267578125,255.19000244140625,255.10000610351562,255.13999938964844,38374
2026-01-26 18:55:00+00:00,255.22030639648438,255.35000610351562,255.14999389648438,255.14999389648438,53880
2026-01-26 18:56:00+00:00,255.22000122070312,255.26499938964844,255.17010498046875,255.22999572753906,36368
2026-01-26 18:57:00+00:00,255.1750030517578,255.27000427246094,255.16000366210938,255.21929931640625,57419
2026-01-26 18:58:00+00:00,255.0509033203125,255.22000122070312,254.99000549316406,255.1999969482422,48523
2026-01-26 18:59:00+00:00,255.11000061035156,255.19000244140625,255.0399932861328,255.0500030517578,43048
2026-01-26 19:00:00+00:00,255.24000549316406,255.3300018310547,255.10000610351562,255.10000610351562,113182
2026-01-26 19:01:00+00:00,255.45919799804688,255.50999450683594,255.25010681152344,255.25999450683594,93409
2026-01-26 19:02:00+00:00,255.2700958251953,255.4499969482422,255.24000549316406,255.4499969482422,66213
2026-01-26 19:03:00+00:00,255.43499755859375,255.47000122070312,255.27000427246094,255.2899932861328,46247
2026-01-26 19:04:00+00:00,255.35000610351562,255.4600067138672,255.35000610351562,255.4199981689453,67196
2026-01-26 19:05:00+00:00,255.47000122070312,255.4949951171875,255.2899932861328,255.35000610351562,64810
2026-01-26 19:06:00+00:00,255.4154052734375,255.55320739746094,255.38999938964844,255.44500732421875,65291
2026-01-26 19:07:00+00:00,255.4499969482422,255.5,255.38999938964844,255.38999938964844,25356
2026-01-26 19:08:00+00:00,255.4499969482422,255.49000549316406,255.4199981689453,255.44500732421875,42368
2026-01-26 19:09:00+00:00,255.47999572753906,255.49000549316406,255.4300994873047,255.4600067138672,35350
2026-01-26 19:10:00+00:00,255.42979431152344,255.49000549316406,255.41000366210938,255.47999572753906,31940
2026-01-26 19:11:00+00:00,255.41000366210938,255.52999877929688,255.35000610351562,255.44000244140625,61069
2026-01-26 19:12:00+00:00,255.38499450683594,255.44000244140625,255.3249969482422,255.4199981689453,27125
2026-01-26 19:13:00+00:00,255.42999267578125,255.47999572753906,255.33999633789062,255.40499877929688,44101
2026-01-26 19:14:00+00:00,255.43499755859375,255.47000122070312,255.32000732421875,255.41000366210938,45395
2026-01-26 19:15:00+00:00,255.5050048828125,255.625,255.42999267578125,255.45010375976562,77534
2026-01-26 19:16:00+00:00,255.41009521484375,255.55990600585938,255.32000732421875,255.5050048828125,81304
2026-01-26 19:17:00+00:00,255.5050048828125,255.5449981689453,255.27999877929688,255.39010620117188,62926
2026-01-26 19:18:00+00:00,255.38999938964844,255.52999877929688,255.38999938964844,255.49000549316406,33671
2026-01-26 19:19:00+00:00,255.5,255.5399932861328,255.36500549316406,255.41000366210938,49646
2026-01-26 19:20:00+00:00,255.5749969482422,255.58999633789062,255.4199981689453,255.5050048828125,43331
2026-01-26 19:21:00+00:00,255.5,255.55999755859375,255.44000244140625,255.55999755859375,80952
2026-01-26 19:22:00+00:00,255.46240234375,255.52999877929688,255.42999267578125,255.50999450683594,25552
2026-01-26 19:23:00+00:00,255.4741973876953,255.5299072265625,255.42999267578125,255.4600067138672,28420
2026-01-26 19:24:00+00:00,255.52000427246094,255.5988006591797,255.47999572753906,255.5,37707
2026-01-26 19:25:00+00:00,255.49000549316406,255.52000427246094,255.44000244140625,255.52000427246094,38151
2026-01-26 19:26:00+00:00,255.5800018310547,255.6199951171875,255.50999450683594,255.52000427246094,33739
2026-01-26 19:27:00+00:00,255.58999633789062,255.61000061035156,255.52000427246094,255.58999633789062,32078
2026-01-26 19:28:00+00:00,255.67999267578125,255.72000122070312,255.5800018310547,255.5800018310547,71193
2026-01-26 19:29:00+00:00,255.94000244140625,255.97000122070312,255.64999389648438,255.67999267578125,147079
2026-01-26 19:30:00+00:00,256.0,256.010009765625,255.8300018310547,255.92999267578125,110655
2026-01-26 19:31:00+00:00,255.89500427246094,256.04010009765625,255.8730926513672,255.97000122070312,74933
2026-01-26 19:32:00+00:00,255.83999633789062,255.88999938964844,255.7100067138672,255.88999938964844,44660
2026-01-26 19:33:00+00:00,255.8699951171875,255.9698944091797,255.80999755859375,255.85989379882812,37079
2026-01-26 19:34:00+00:00,255.99000549316406,256.0,255.86000061035156,255.87989807128906,42197
2026-01-26 19:35:00+00:00,255.9384002685547,256.0,255.88009643554688,256.0,41165
2026-01-26 19:36:00+00:00,256.0249938964844,256.08990478515625,255.92999267578125,255.9499969482422,69732
2026-01-26 19:37:00+00:00,256.1600036621094,256.2300109863281,256.010009765625,256.010009765625,100087
2026-01-26 19:38:00+00:00,256.21258544921875,256.260009765625,256.1499938964844,256.15008544921875,49080
2026-01-26 19:39:00+00:00,256.1700134277344,256.2300109863281,256.1400146484375,256.2149963378906,45477
2026-01-26 19:40:00+00:00,256.14801025390625,256.20001220703125,256.1400146484375,256.20001220703125,36251
2026-01-26 19:41:00+00:00,256.0946044921875,256.1499938964844,256.04998779296875,256.1449890136719,43700
2026-01-26 19:42:00+00:00,256.19000244140625,256.2650146484375,256.0799865722656,256.0899963378906,49853
2026-01-26 19:43:00+00:00,256.2380065917969,256.260009765625,256.1199951171875,256.1899108886719,32571
2026-01-26 19:44:00+00:00,256.1300048828125,256.25,256.1000061035156,256.25,64379
2026-01-26 19:45:00+00:00,256.19000244140625,256.2300109863281,256.1000061035156,256.1400146484375,47014
2026-01-26 19:46:00+00:00,256.2799987792969,256.32000732421875,256.1600036621094,256.1960144042969,51082
2026-01-26 19:47:00+00:00,256.2200012207031,256.2900085449219,256.20001220703125,256.2799987792969,60112
2026-01-26 19:48:00+00:00,256.260009765625,256.30499267578125,256.19000244140625,256.2300109863281,71862
2026-01-26 19:49:00+00:00,256.32000732421875,256.3299865722656,256.2101135253906,256.25,49163
2026-01-26 19:50:00+00:00,256.3699951171875,256.3800048828125,256.2799987792969,256.32000732421875,57259
2026-01-26 19:51:00+00:00,256.3800048828125,256.44000244140625,256.3319091796875,256.375,54160
2026-01-26 19:52:00+00:00,256.4599914550781,256.4800109863281,256.3299865722656,256.385009765625,41367
2026-01-26 19:53:00+00:00,256.5270080566406,256.55999755859375,256.3699951171875,256.4599914550781,81511
2026-01-26 19:54:00+00:00,256.45001220703125,256.5400085449219,256.3699951171875,256.510009765625,82048
2026-01-26 19:55:00+00:00,256.3349914550781,256.45989990234375,256.25,256.44000244140625,59714
2026-01-26 19:56:00+00:00,256.3349914550781,256.4150085449219,256.30999755859375,256.33648681640625,39026
2026-01-26 19:57:00+00:00,256.2799987792969,256.3599853515625,256.2500915527344,256.3349914550781,53956
2026-01-26 19:58:00+00:00,256.14599609375,256.30999755859375,256.1308898925781,256.260009765625,56411
2026-01-26 19:59:00+00:00,256.1000061035156,256.2200012207031,256.07501220703125,256.1300048828125,8895222
2026-01-26 20:00:00+00:00,256.1499938964844,256.2099914550781,256.07000732421875,256.1050109863281,0
2026-01-26 20:01:00+00:00,256.2250061035156,256.32000732421875,256.1449890136719,256.16900634765625,54092
2026-01-26 20:02:00+00:00,256.17669677734375,256.2300109863281,256.1700134277344,256.2300109863281,36557
2026-01-26 20:03:00+00:00,256.0799865722656,256.17999267578125,256.07000732421875,256.1700134277344,42308
2026-01-26 20:04:00+00:00,256.1340026855469,256.1340026855469,256.0400085449219,256.0899963378906,44001
2026-01-26 20:05:00+00:00,256.1300048828125,256.17999267578125,256.1000061035156,256.1400146484375,52769
2026-01-26 20:06:00+00:00,256.29998779296875,256.3699951171875,256.07000732421875,256.1300048828125,74879
2026-01-26 20:07:00+00:00,256.19000244140625,256.3500061035156,256.1000061035156,256.29998779296875,57211
2026-01-26 20:08:00+00:00,256.25,256.32501220703125,256.1449890136719,256.17999267578125,51109
2026-01-26 20:09:00+00:00,256.2550048828125,256.2799072265625,256.2099914550781,256.239990234375,38884
2026-01-26 20:10:00+00:00,256.1788024902344,256.2900085449219,256.1499938964844,256.2550048828125,55351
2026-01-26 20:11:00+00:00,255.97999572753906,256.2099914550781,255.9600067138672,256.17999267578125,63859
2026-01-26 20:12:00+00:00,255.86000061035156,255.98500061035156,255.85499572753906,255.97860717773438,55072
2026-01-26 20:13:00+00:00,255.74330139160156,255.86000061035156,255.72999572753906,255.86000061035156,70707
2026-01-26 20:14:00+00:00,255.8000030517578,255.80999755859375,255.72999572753906,255.72999572753906,33756
2026-01-26 20:15:00+00:00,255.93499755859375,255.93499755859375,255.7301025390625,255.80999755859375,71066
2026-01-26 20:16:00+00:00,255.82139587402344,255.9600067138672,255.77499389648438,255.9199981689453,56219
2026-01-26 20:17:00+00:00,255.74000549316406,255.83999633789062,255.74000549316406,255.82000732421875,37310
2026-01-26 20:18:00+00:00,255.77000427246094,255.8000030517578,255.72000122070312,255.74000549316406,39729
2026-01-26 20:19:00+00:00,255.72999572753906,255.82000732421875,255.69000244140625,255.75999450683594,56298
2026-01-26 20:20:00+00:00,255.60000610351562,255.75999450683594,255.57000732421875,255.72000122070312,80326
2026-01-26 20:21:00+00:00,255.5800018310547,255.61000061035156,255.47000122070312,255.58999633789062,120862
2026-01-26 20:22:00+00:00,255.61000061035156,255.67999267578125,255.54049682617188,255.57049560546875,56112
2026-01-26 20:23:00+00:00,255.64999389648438,255.66000366210938,255.5500030517578,255.6300048828125,45082
2026-01-26 20:24:00+00:00,255.6501007080078,255.66990661621094,255.57000732421875,255.64999389648438,47882
2026-01-26 20:25:00+00:00,255.53419494628906,255.67520141601562,255.53419494628906,255.64999389648438,91140
2026-01-26 20:26:00+00:00,255.50999450683594,255.57000732421875,255.47000122070312,255.52999877929688,46937
2026-01-26 20:27:00+00:00,255.66000366210938,255.7467041015625,255.5,255.51499938964844,83460
2026-01-26 20:28:00+00:00,255.67999267578125,255.69500732421875,255.6300048828125,255.6649932861328,37097
2026-01-26 20:29:00+00:00,255.72500610351562,255.73049926757812,255.64500427246094,255.67999267578125,58049
2026-01-26 20:30:00+00:00,255.9199981689453,255.9199981689453,255.7050018310547,255.72999572753906,97815
2026-01-26 20:31:00+00:00,255.67999267578125,255.99000549316406,255.6699981689453,255.92999267578125,64433
2026-01-26 20:32:00+00:00,255.67999267578125,255.69000244140625,255.6199951171875,255.68299865722656,50013
2026-01-26 20:33:00+00:00,255.6300048828125,255.74000549316406,255.60000610351562,255.69500732421875,61045
2026-01-26 20:34:00+00:00,255.64999389648438,255.72999572753906,255.61000061035156,255.6300048828125,45521
2026-01-26 20:35:00+00:00,255.51499938964844,255.67449951171875,255.50999450683594,255.64999389648438,45558
2026-01-26 20:36:00+00:00,255.52000427246094,255.6199951171875,255.4949951171875,255.51499938964844,51676
2026-01-26 20:37:00+00:00,255.46499633789062,255.60000610351562,255.46499633789062,255.5399932861328,54087
2026-01-26 20:38:00+00:00,255.58999633789062,255.58999633789062,255.4550018310547,255.4550018310547,46717
2026-01-26 20:39:00+00:00,255.625,255.6967010498047,255.58009338378906,255.58999633789062,57740
2026-01-26 20:40:00+00:00,255.60000610351562,255.72000122070312,255.60000610351562,255.63499450683594,66504
2026-01-26 20:41:00+00:00,255.67250061035156,255.72999572753906,255.57000732421875,255.58999633789062,70638
2026-01-26 20:42:00+00:00,255.59500122070312,255.64999389648438,255.56500244140625,255.60499572753906,51036
2026-01-26 20:43:00+00:00,255.57000732421875,255.59100341796875,255.48500061035156,255.59100341796875,86548
2026-01-26 20:44:00+00:00,255.5050048828125,255.6199951171875,255.5,255.57000732421875,70202
2026-01-26 20:45:00+00:00,255.5800018310547,255.5915985107422,255.4499969482422,255.50999450683594,45375
2026-01-26 20:46:00+00:00,255.47999572753906,255.58999633789062,255.47999572753906,255.57000732421875,42156
2026-01-26 20:47:00+00:00,255.5050048828125,255.52999877929688,255.4550018310547,255.47999572753906,67764
2026-01-26 20:48:00+00:00,255.61000061035156,255.64999389648438,255.4600067138672,255.50999450683594,116220
2026-01-26 20:49:00+00:00,255.5800018310547,255.61000061035156,255.5,255.60000610351562,75467
2026-01-26 20:50:00+00:00,255.1699981689453,255.5800018310547,254.89999389648438,255.5800018310547,326123
2026-01-26 20:51:00+00:00,255.19000244140625,255.22000122070312,255.05999755859375,255.1999969482422,123076
2026-01-26 20:52:00+00:00,255.13999938964844,255.2899932861328,254.9499969482422,255.2100067138672,106230
2026-01-26 20:53:00+00:00,255.1649932861328,255.25999450683594,255.1199951171875,255.13499450683594,113428
2026-01-26 20:54:00+00:00,255.17999267578125,255.22999572753906,255.06300354003906,255.14999389648438,134865
2026-01-26 20:55:00+00:00,255.38999938964844,255.3990020751953,255.0,255.17999267578125,259051
2026-01-26 20:56:00+00:00,255.3699951171875,255.4600067138672,255.27999877929688,255.41000366210938,141927
2026-01-26 20:57:00+00:00,255.4241943359375,255.468994140625,255.27000427246094,255.3699951171875,164759
2026-01-26 20:58:00+00:00,255.41000366210938,255.5,255.30999755859375,255.4199981689453,289522
2026-01-26 20:59:00+00:00,255.4199981689453,255.55999755859375,255.3300018310547,255.41000366210938,11293617
2026-01-27 14:30:00+00:00,259.8550109863281,260.04998779296875,258.6600036621094,259.1400146484375,2125202
2026-01-27 14:31:00+00:00,259.6300048828125,260.1300048828125,259.3299865722656,259.927001953125,326157
2026-01-27 14:32:00+00:00,260.52508544921875,260.5723876953125,259.6600036621094,259.6600036621094,286789
2026-01-27 14:33:00+00:00,260.69500732421875,260.7200012207031,260.2900085449219,260.54998779296875,356916
2026-01-27 14:34:00+00:00,260.19500732421875,260.739990234375,260.1099853515625,260.7099914550781,316007
2026-01-27 14:35:00+00:00,260.2099914550781,260.3800048828125,259.57000732421875,260.20001220703125,230390
2026-01-27 14:36:00+00:00,260.1000061035156,260.239990234375,259.80999755859375,260.17999267578125,191603
2026-01-27 14:37:00+00:00,260.30999755859375,260.4700012207031,259.92498779296875,260.1300048828125,210047
2026-01-27 14:38:00+00:00,260.4700012207031,260.7724914550781,260.239990234375,260.2950134277344,238644
2026-01-27 14:39:00+00:00,260.5849914550781,260.760009765625,260.385009765625,260.4700012207031,195300
2026-01-27 14:40:00+00:00,260.32000732421875,260.6499938964844,260.2898864746094,260.5797119140625,152028
2026-01-27 14:41:00+00:00,260.2300109863281,260.489990234375,260.010009765625,260.3500061035156,243509
2026-01-27 14:42:00+00:00,260.3599853515625,260.7099914550781,260.2499084472656,260.2499084472656,133659
2026-01-27 14:43:00+00:00,260.4700012207031,260.5150146484375,260.0150146484375,260.3599853515625,170409
2026-01-27 14:44:00+00:00,260.5899963378906,260.7200012207031,260.3999938964844,260.4750061035156,152550
2026-01-27 14:45:00+00:00,260.5851135253906,260.75,260.3800048828125,260.6000061035156,151972
2026-01-27 14:46:00+00:00,260.6499938964844,260.75,260.510009765625,260.6080017089844,193084
2026-01-27 14:47:00+00:00,260.739990234375,260.79998779296875,260.5799865722656,260.6600036621094,160068
2026-01-27 14:48:00+00:00,260.9909973144531,261.010009765625,260.6199951171875,260.7550048828125,263878
2026-01-27 14:49:00+00:00,260.8900146484375,261.1400146484375,260.82000732421875,260.9800109863281,186240
2026-01-27 14:50:00+00:00,260.8349914550781,260.95001220703125,260.6200866699219,260.8699951171875,163862
2026-01-27 14:51:00+00:00,261.1499938964844,261.2200012207031,260.8450012207031,260.8550109863281,191012
2026-01-27 14:52:00+00:00,261.0992126464844,261.3599853515625,260.9200134277344,261.1700134277344,150624
2026-01-27 14:53:00+00:00,261.6650085449219,261.67999267578125,261.08990478515625,261.1000061035156,163414
2026-01-27 14:54:00+00:00,261.6099853515625,261.739990234375,261.4200134277344,261.6499938964844,165188
2026-01-27 14:55:00+00:00,261.72918701171875,261.8599853515625,261.57000732421875,261.6000061035156,165550
2026-01-27 14:56:00+00:00,261.7449951171875,261.95001220703125,261.6300048828125,261.739990234375,151385
2026-01-27 14:57:00+00:00,261.8800048828125,261.8900146484375,261.5,261.7300109863281,124676
2026-01-27 14:58:00+00:00,261.4700012207031,261.8900146484375,261.4599914550781,261.8900146484375,142889
2026-01-27 14:59:00+00:00,261.4649963378906,261.5899963378906,261.17999267578125,261.4599914550781,203501
2026-01-27 15:00:00+00:00,261.17999267578125,261.489990234375,261.0801086425781,261.4800109863281,127236
2026-01-27 15:01:00+00:00,261.135009765625,261.2200012207031,260.8900146484375,261.19000244140625,119376
2026-01-27 15:02:00+00:00,261.4150085449219,261.5799865722656,261.1199951171875,261.1499938964844,142724
2026-01-27 15:03:00+00:00,261.2799987792969,261.4399108886719,261.0400085449219,261.4399108886719,126124
2026-01-27 15:04:00+00:00,261.06500244140625,261.3598937988281,260.94000244140625,261.2799987792969,92867
2026-01-27 15:05:00+00:00,260.5799865722656,261.0899963378906,260.5,261.06500244140625,135280
2026-01-27 15:06:00+00:00,260.9599914550781,260.9599914550781,260.5199890136719,260.5799865722656,100394
2026-01-27 15:07:00+00:00,261.1600036621094,261.2099914550781,260.80499267578125,260.94500732421875,119886
2026-01-27 15:08:00+00:00,261.0,261.3949890136719,261.0,261.2099914550781,109310
2026-01-27 15:09:00+00:00,260.82501220703125,260.989990234375,260.5,260.9577941894531,123418
2026-01-27 15:10:00+00:00,260.7950134277344,260.95001220703125,260.5899963378906,260.8399963378906,87663
2026-01-27 15:11:00+00:00,260.3299865722656,260.7799987792969,260.29998779296875,260.7799987792969,103047
2026-01-27 15:12:00+00:00,260.4599914550781,260.5899963378906,260.30999755859375,260.3299865722656,119946
2026-01-27 15:13:00+00:00,260.1650085449219,260.4599914550781,260.1650085449219,260.4599914550781,79049
2026-01-27 15:14:00+00:00,260.0299987792969,260.2799987792969,259.95001220703125,260.1499938964844,167543
2026-01-27 15:15:00+00:00,260.1600036621094,260.2099914550781,259.9700012207031,260.04998779296875,120342
2026-01-27 15:16:00+00:00,260.1300048828125,260.177490234375,260.010009765625,260.1400146484375,64589
2026-01-27 15:17:00+00:00,260.06500244140625,260.1600036621094,260.0199890136719,260.1278991699219,60362
2026-01-27 15:18:00+00:00,260.17498779296875,260.20989990234375,259.989990234375,260.06500244140625,118562
2026-01-27 15:19:00+00:00,260.04998779296875,260.20001220703125,259.9700012207031,260.19000244140625,83031
2026-01-27 15:20:00+00:00,260.0899963378906,260.20001220703125,259.8399963378906,260.0299987792969,99081
2026-01-27 15:21:00+00:00,259.6900939941406,260.1300048828125,259.6400146484375,260.07501220703125,78575
2026-01-27 15:22:00+00:00,259.6429138183594,259.82000732421875,259.6400146484375,259.7049865722656,72357
2026-01-27 15:23:00+00:00,259.7200012207031,259.8584899902344,259.6300048828125,259.6499938964844,60411
2026-01-27 15:24:00+00:00,259.760009765625,259.8299865722656,259.5400085449219,259.7149963378906,100763
2026-01-27 15:25:00+00:00,259.625,259.7799987792969,259.5299987792969,259.739990234375,79843
2026-01-27 15:26:00+00:00,259.8424987792969,259.92999267578125,259.6199951171875,259.625,81058
2026-01-27 15:27:00+00:00,259.7900085449219,259.9200134277344,259.7699890136719,259.82000732421875,60204
2026-01-27 15:28:00+00:00,259.92999267578125,259.989990234375,259.80499267578125,259.82501220703125,53159
2026-01-27 15:29:00+00:00,259.8450012207031,259.95001220703125,259.62060546875,259.95001220703125,120020
2026-01-27 15:30:00+00:00,260.0150146484375,260.04998779296875,259.7799987792969,259.8599853515625,76927
2026-01-27 15:31:00+00:00,260.0,260.0799865722656,259.80999755859375,260.0199890136719,75367
2026-01-27 15:32:00+00:00,259.79998779296875,260.1000061035156,259.7799987792969,260.00048828125,59447
2026-01-27 15:33:00+00:00,259.7699890136719,259.9700012207031,259.760009765625,259.82000732421875,44290
2026-01-27 15:34:00+00:00,260.010009765625,260.0199890136719,259.76739501953125,259.77069091796875,40730
2026-01-27 15:35:00+00:00,259.8800048828125,260.0299987792969,259.8800048828125,260.0050048828125,45900
2026-01-27 15:36:00+00:00,259.989990234375,260.0199890136719,259.8299865722656,259.8768005371094,40583
2026-01-27 15:37:00+00:00,260.04998779296875,260.04998779296875,259.8500061035156,260.0199890136719,47750
2026-01-27 15:38:00+00:00,260.2200012207031,260.2200012207031,259.9779052734375,260.04901123046875,60391
2026-01-27 15:39:00+00:00,260.25,260.3399963378906,260.1700134277344,260.2300109863281,64985
2026-01-27 15:40:00+00:00,260.3999938964844,260.4100036621094,260.20001220703125,260.2500915527344,73373
2026-01-27 15:41:00+00:00,260.4849853515625,260.5299987792969,260.3599853515625,260.4115905761719,67402
2026-01-27 15:42:00+00:00,260.4150085449219,260.54998779296875,260.3800048828125,260.489990234375,70916
2026-01-27 15:43:00+00:00,260.3299865722656,260.4599914550781,260.2799987792969,260.4100036621094,49170
2026-01-27 15:44:00+00:00,260.3800048828125,260.45001220703125,260.2701110839844,260.32501220703125,62830
2026-01-27 15:45:00+00:00,260.6400146484375,260.6400146484375,260.2550048828125,260.3500061035156,58931
2026-01-27 15:46:00+00:00,260.6600036621094,260.6600036621094,260.4827880859375,260.6400146484375,52500
2026-01-27 15:47:00+00:00,260.42999267578125,260.67999267578125,260.3999938964844,260.6684875488281,43065
2026-01-27 15:48:00+00:00,260.3500061035156,260.45001220703125,260.30999755859375,260.4462890625,42961
2026-01-27 15:49:00+00:00,260.3599853515625,260.4200134277344,260.2900085449219,260.3399963378906,38155
2026-01-27 15:50:00+00:00,260.3299865722656,260.43499755859375,260.32000732421875,260.3800048828125,37706
2026-01-27 15:51:00+00:00,260.215087890625,260.3999938964844,260.1507873535156,260.3299865722656,53149
2026-01-27 15:52:00+00:00,260.1000061035156,260.2250061035156,260.0899963378906,260.2149963378906,57197
2026-01-27 15:53:00+00:00,260.1499938964844,260.1499938964844,260.0199890136719,260.10260009765625,60229
2026-01-27 15:54:00+00:00,260.1700134277344,260.2650146484375,260.114990234375,260.1449890136719,53866
2026-01-27 15:55:00+00:00,260.20001220703125,260.239990234375,260.0299987792969,260.17999267578125,47451
2026-01-27 15:56:00+00:00,260.19000244140625,260.239990234375,260.15008544921875,260.2200012207031,28494
2026-01-27 15:57:00+00:00,260.1408996582031,260.25,260.1101989746094,260.2099914550781,37471
2026-01-27 15:58:00+00:00,260.2200012207031,260.239990234375,260.1400146484375,260.1492004394531,35025
2026-01-27 15:59:00+00:00,260.3399963378906,260.3599853515625,260.2099914550781,260.2099914550781,41220
2026-01-27 16:00:00+00:00,260.67999267578125,260.69000244140625,260.3500061035156,260.3599853515625,68263
2026-01-27 16:01:00+00:00,260.6036071777344,260.6897888183594,260.55010986328125,260.68890380859375,55484
2026-01-27 16:02:00+00:00,260.55999755859375,260.6700134277344,260.535888671875,260.610107421875,50142
2026-01-27 16:03:00+00:00,260.5674133300781,260.79998779296875,260.5400085449219,260.5899963378906,60751
2026-01-27 16:04:00+00:00,260.79998779296875,260.79998779296875,260.54998779296875,260.54998779296875,34899
2026-01-27 16:05:00+00:00,260.79998779296875,260.8900146484375,260.7699890136719,260.7900085449219,57227
2026-01-27 16:06:00+00:00,260.8599853515625,260.9049987792969,260.760009765625,260.80999755859375,43840
2026-01-27 16:07:00+00:00,260.83990478515625,260.8948974609375,260.80010986328125,260.8699951171875,57264
2026-01-27 16:08:00+00:00,261.0199890136719,261.0400085449219,260.83489990234375,260.8399963378906,97493
2026-01-27 16:09:00+00:00,261.0199890136719,261.04998779296875,260.8999938964844,261.04998779296875,68890
2026-01-27 16:10:00+00:00,261.1499938964844,261.19000244140625,261.0199890136719,261.0299987792969,43233
2026-01-27 16:11:00+00:00,261.18011474609375,261.23370361328125,261.0799865722656,261.1499938964844,46170
2026-01-27 16:12:00+00:00,261.2099914550781,261.239990234375,261.1300048828125,261.18011474609375,63316
2026-01-27 16:13:00+00:00,261.0899963378906,261.2200012207031,261.07000732421875,261.20001220703125,63251
2026-01-27 16:14:00+00:00,261.1499938964844,261.21990966796875,261.0799865722656,261.0799865722656,57593
2026-01-27 16:15:00+00:00,261.1300048828125,261.17999267578125,261.07000732421875,261.1449890136719,42428
2026-01-27 16:16:00+00:00,261.110107421875,261.19000244140625,261.03070068359375,261.1199951171875,37296
2026-01-27 16:17:00+00:00,261.32000732421875,261.3399963378906,261.1000061035156,261.114990234375,68519
2026-01-27 16:18:00+00:00,261.3399963378906,261.3900146484375,261.260009765625,261.32000732421875,39596
2026-01-27 16:19:00+00:00,261.31500244140625,261.3900146484375,261.29998779296875,261.3399963378906,35019
2026-01-27 16:20:00+00:00,261.3299865722656,261.3799133300781,261.2799987792969,261.30999755859375,40061
2026-01-27 16:21:00+00:00,261.07000732421875,261.3299865722656,261.05999755859375,261.3299865722656,51455
2026-01-27 16:22:00+00:00,260.8699951171875,261.1600036621094,260.80999755859375,261.07000732421875,129804
2026-01-27 16:23:00+00:00,260.81500244140625,261.010009765625,260.69000244140625,260.8800048828125,63970
2026-01-27 16:24:00+00:00,260.6300048828125,260.80999755859375,260.6099853515625,260.80999755859375,67462
2026-01-27 16:25:00+00:00,260.739990234375,260.7799987792969,260.6099853515625,260.6499938964844,51225
2026-01-27 16:26:00+00:00,261.0,261.0,260.7799987792969,260.7799987792969,41054
2026-01-27 16:27:00+00:00,260.82501220703125,261.05999755859375,260.80999755859375,261.0299987792969,51274
2026-01-27 16:28:00+00:00,260.9200134277344,260.92999267578125,260.79998779296875,260.82501220703125,43671
2026-01-27 16:29:00+00:00,260.7200012207031,260.9198913574219,260.6700134277344,260.9198913574219,64764
2026-01-27 16:30:00+00:00,260.6990051269531,260.7898864746094,260.625,260.7200012207031,37915
2026-01-27 16:31:00+00:00,260.6499938964844,260.7250061035156,260.5,260.685791015625,63337
2026-01-27 16:32:00+00:00,260.6700134277344,260.67999267578125,260.5899963378906,260.6499938964844,31473
2026-01-27 16:33:00+00:00,260.6300048828125,260.7749938964844,260.625,260.6499938964844,42612
2026-01-27 16:34:00+00:00,260.510009765625,260.6499938964844,260.4700012207031,260.62420654296875,54874
2026-01-27 16:35:00+00:00,260.6099853515625,260.614990234375,260.5,260.5199890136719,25454
2026-01-27 16:36:00+00:00,260.7449951171875,260.80999755859375,260.62799072265625,260.6299133300781,38000
2026-01-27 16:37:00+00:00,260.8315124511719,260.8800048828125,260.739990234375,260.760009765625,54645
2026-01-27 16:38:00+00:00,260.7049865722656,260.8299865722656,260.6600036621094,260.8299865722656,40623
2026-01-27 16:39:00+00:00,260.8299865722656,260.8900146484375,260.70001220703125,260.70001220703125,31813
2026-01-27 16:40:00+00:00,260.8699951171875,260.8752136230469,260.760009765625,260.8399963378906,34150
2026-01-27 16:41:00+00:00,261.0260009765625,261.0299987792969,260.80999755859375,260.8699951171875,44670
2026-01-27 16:42:00+00:00,261.05999755859375,261.1499938964844,261.00048828125,261.0199890136719,40500
2026-01-27 16:43:00+00:00,261.1199951171875,261.1400146484375,261.05999755859375,261.0679931640625,25753
2026-01-27 16:44:00+00:00,260.9068908691406,261.1499938964844,260.8999938964844,261.1000061035156,45368
2026-01-27 16:45:00+00:00,261.0201110839844,261.03948974609375,260.760009765625,260.9100036621094,35622
2026-01-27 16:46:00+00:00,260.9200134277344,261.010009765625,260.9100036621094,261.010009765625,37479
2026-01-27 16:47:00+00:00,260.9599914550781,260.9700012207031,260.8699951171875,260.9100036621094,32576
2026-01-27 16:48:00+00:00,260.8800048828125,261.010009765625,260.8399963378906,260.9584045410156,48658
2026-01-27 16:49:00+00:00,260.95001220703125,260.989990234375,260.8999938964844,260.8999938964844,25534
2026-01-27 16:50:00+00:00,260.9949951171875,261.047607421875,260.92999267578125,260.9700012207031,38511
2026-01-27 16:51:00+00:00,260.9200134277344,260.9800109863281,260.9100036621094,260.9800109863281,30104
2026-01-27 16:52:00+00:00,260.9100036621094,260.9607849121094,260.8500061035156,260.9100036621094,34320
2026-01-27 16:53:00+00:00,260.9849853515625,261.0,260.9200134277344,260.92999267578125,33915
2026-01-27 16:54:00+00:00,260.9649963378906,261.0,260.92999267578125,260.989990234375,48066
2026-01-27 16:55:00+00:00,260.885009765625,260.9700012207031,260.8800048828125,260.9700012207031,29136
2026-01-27 16:56:00+00:00,260.8299865722656,260.8800048828125,260.7749938964844,260.8800048828125,25996
2026-01-27 16:57:00+00:00,260.82000732421875,260.8999938964844,260.75,260.82000732421875,35246
2026-01-27 16:58:00+00:00,260.7699890136719,260.8800048828125,260.7300109863281,260.82000732421875,37076
2026-01-27 16:59:00+00:00,260.7799987792969,260.7799987792969,260.739990234375,260.7699890136719,32976
2026-01-27 17:00:00+00:00,260.9100036621094,260.95001220703125,260.7699890136719,260.7699890136719,38746
2026-01-27 17:01:00+00:00,260.9765930175781,260.9800109863281,260.760009765625,260.92999267578125,34078
2026-01-27 17:02:00+00:00,261.1300048828125,261.1700134277344,260.94000244140625,260.9700012207031,43935
2026-01-27 17:03:00+00:00,260.989990234375,261.1499938964844,260.989990234375,261.1449890136719,36119
2026-01-27 17:04:00+00:00,260.9800109863281,261.1050109863281,260.95001220703125,260.989990234375,33753
2026-01-27 17:05:00+00:00,260.82000732421875,260.9700927734375,260.80999755859375,260.9700927734375,40535
2026-01-27 17:06:00+00:00,260.80999755859375,260.82501220703125,260.739990234375,260.82501220703125,39069
2026-01-27 17:07:00+00:00,260.7950134277344,260.8494873046875,260.7699890136719,260.80999755859375,24629
2026-01-27 17:08:00+00:00,260.79998779296875,260.82989501953125,260.7699890136719,260.7900085449219,14543
2026-01-27 17:09:00+00:00,260.8999938964844,260.95001220703125,260.7650146484375,260.80999755859375,50641
2026-01-27 17:10:00+00:00,261.0400085449219,261.04998779296875,260.885009765625,260.90008544921875,40153
2026-01-27 17:11:00+00:00,261.0199890136719,261.114990234375,261.010009765625,261.0199890136719,44077
2026-01-27 17:12:00+00:00,261.0,261.0299987792969,260.9599914550781,261.010009765625,30100
2026-01-27 17:13:00+00:00,261.1000061035156,261.114990234375,260.9700012207031,261.0,34351
2026-01-27 17:14:00+00:00,260.9100036621094,261.1099853515625,260.8999938964844,261.1099853515625,54257
2026-01-27 17:15:00+00:00,260.9385986328125,260.9385986328125,260.82000732421875,260.8900146484375,24527
2026-01-27 17:16:00+00:00,260.9549865722656,261.0199890136719,260.8299865722656,260.9200134277344,35837
2026-01-27 17:17:00+00:00,261.02099609375,261.0299987792969,260.94000244140625,260.95001220703125,19173
2026-01-27 17:18:00+00:00,261.0089111328125,261.07000732421875,260.9700012207031,261.01629638671875,42308
2026-01-27 17:19:00+00:00,261.1300048828125,261.1600036621094,260.97039794921875,261.010009765625,27920
2026-01-27 17:20:00+00:00,260.8999938964844,261.1199951171875,260.8999938964844,261.1199951171875,36347
2026-01-27 17:21:00+00:00,261.04998779296875,261.0799865722656,260.8800048828125,260.9100036621094,25967
2026-01-27 17:22:00+00:00,261.16009521484375,261.16009521484375,261.0400085449219,261.0599060058594,35744
2026-01-27 17:23:00+00:00,261.0400085449219,261.17498779296875,261.0,261.1650085449219,29602
2026-01-27 17:24:00+00:00,261.0249938964844,261.07000732421875,260.9700012207031,261.05999755859375,34733
2026-01-27 17:25:00+00:00,261.1050109863281,261.1191101074219,260.989990234375,261.02740478515625,24672
2026-01-27 17:26:00+00:00,261.2049865722656,261.2300109863281,261.090087890625,261.1050109863281,44519
2026-01-27 17:27:00+00:00,261.18499755859375,261.2300109863281,261.1499938964844,261.20001220703125,29590
2026-01-27 17:28:00+00:00,261.25,261.2799987792969,261.17059326171875,261.17999267578125,29605
2026-01-27 17:29:00+00:00,261.30999755859375,261.3599853515625,261.2200012207031,261.2698974609375,40055
2026-01-27 17:30:00+00:00,261.2699890136719,261.32000732421875,261.2699890136719,261.30010986328125,26547
2026-01-27 17:31:00+00:00,261.1944885253906,261.2799987792969,261.1650085449219,261.2650146484375,37177
2026-01-27 17:32:00+00:00,261.2950134277344,261.2950134277344,261.1986999511719,261.1986999511719,19426
2026-01-27 17:33:00+00:00,261.19000244140625,261.30499267578125,261.19000244140625,261.2900085449219,29034
2026-01-27 17:34:00+00:00,261.2149963378906,261.2449951171875,261.18499755859375,261.19500732421875,18717
2026-01-27 17:35:00+00:00,261.25,261.32000732421875,261.135009765625,261.2149963378906,36885
2026-01-27 17:36:00+00:00,261.2300109863281,261.260009765625,261.2143859863281,261.25,19621
2026-01-27 17:37:00+00:00,261.2099914550781,261.25,261.20001220703125,261.2300109863281,25487
2026-01-27 17:38:00+00:00,261.2049865722656,261.2300109863281,261.1600036621094,261.20001220703125,27503
2026-01-27 17:39:00+00:00,261.21649169921875,261.239990234375,261.18499755859375,261.2099914550781,22916
2026-01-27 17:40:00+00:00,261.25,261.2699890136719,261.20001220703125,261.239990234375,17491
2026-01-27 17:41:00+00:00,261.30999755859375,261.32000732421875,261.25,261.25,22680
2026-01-27 17:42:00+00:00,261.18499755859375,261.3500061035156,261.0899963378906,261.30999755859375,32896
2026-01-27 17:43:00+00:00,261.1099853515625,261.20001220703125,261.07000732421875,261.18499755859375,28859
2026-01-27 17:44:00+00:00,260.8500061035156,261.20001220703125,260.8500061035156,261.0799865722656,62922
2026-01-27 17:45:00+00:00,260.8900146484375,260.90008544921875,260.80999755859375,260.8500061035156,37143
2026-01-27 17:46:00+00:00,260.8389892578125,260.9100036621094,260.80499267578125,260.8900146484375,46332
2026-01-27 17:47:00+00:00,260.70001220703125,260.85400390625,260.6400146484375,260.8500061035156,53023
2026-01-27 17:48:00+00:00,260.9198913574219,260.9198913574219,260.7099914550781,260.7099914550781,36720
2026-01-27 17:49:00+00:00,260.8800048828125,260.92999267578125,260.8699951171875,260.9100036621094,22357
2026-01-27 17:50:00+00:00,260.8550109863281,260.9200134277344,260.82000732421875,260.8901062011719,38510
2026-01-27 17:51:00+00:00,260.7919921875,260.8500061035156,260.75,260.8500061035156,31362
2026-01-27 17:52:00+00:00,260.80999755859375,260.8349914550781,260.7799987792969,260.7900085449219,18530
2026-01-27 17:53:00+00:00,260.8399963378906,260.8699951171875,260.80999755859375,260.82000732421875,40137
2026-01-27 17:54:00+00:00,260.7049865722656,260.8399963378906,260.6199951171875,260.8399963378906,46970
2026-01-27 17:55:00+00:00,260.7998962402344,260.81988525390625,260.7049865722656,260.7099914550781,28900
2026-01-27 17:56:00+00:00,260.8399963378906,260.8900146484375,260.7900085449219,260.79998779296875,27944
2026-01-27 17:57:00+00:00,260.875,260.8800048828125,260.7900085449219,260.8399963378906,12702
2026-01-27 17:58:00+00:00,260.70001220703125,260.8800048828125,260.69500732421875,260.8699951171875,23163
2026-01-27 17:59:00+00:00,260.7099914550781,260.7300109863281,260.6700134277344,260.69000244140625,24270
2026-01-27 18:00:00+00:00,260.78009033203125,260.94000244140625,260.70001220703125,260.70001220703125,49345
2026-01-27 18:01:00+00:00,260.9049987792969,260.9599914550781,260.7900085449219,260.7950134277344,28261
2026-01-27 18:02:00+00:00,260.7200012207031,260.9010925292969,260.6050109863281,260.8999938964844,44363
2026-01-27 18:03:00+00:00,260.5849914550781,260.7300109863281,260.58349609375,260.7200012207031,25192
2026-01-27 18:04:00+00:00,260.5799865722656,260.6050109863281,260.5400085449219,260.5840148925781,29685
2026-01-27 18:05:00+00:00,260.5249938964844,260.5899963378906,260.5199890136719,260.5799865722656,51328
2026-01-27 18:06:00+00:00,260.6199951171875,260.69989013671875,260.5400085449219,260.5400085449219,38004
2026-01-27 18:07:00+00:00,260.6600036621094,260.7300109863281,260.614990234375,260.614990234375,29222
2026-01-27 18:08:00+00:00,260.92999267578125,260.94000244140625,260.6400146484375,260.6600036621094,39490
2026-01-27 18:09:00+00:00,260.9599914550781,261.04998779296875,260.95001220703125,260.9599914550781,62390
2026-01-27 18:10:00+00:00,260.8699951171875,260.989990234375,260.8399963378906,260.9599914550781,31945
2026-01-27 18:11:00+00:00,260.989990234375,260.989990234375,260.80010986328125,260.8699951171875,29108
2026-01-27 18:12:00+00:00,261.0400085449219,261.0400085449219,260.9700012207031,260.9700012207031,22786
2026-01-27 18:13:00+00:00,260.8800048828125,261.1300048828125,260.8500061035156,261.0400085449219,53057
2026-01-27 18:14:00+00:00,260.9801025390625,261.010009765625,260.8738098144531,260.875,20072
2026-01-27 18:15:00+00:00,260.8699951171875,260.9999084472656,260.8699951171875,260.9800109863281,26685
2026-01-27 18:16:00+00:00,260.67498779296875,260.885009765625,260.625,260.8700866699219,40227
2026-01-27 18:17:00+00:00,260.57501220703125,260.67999267578125,260.55999755859375,260.67999267578125,45620
2026-01-27 18:18:00+00:00,260.68341064453125,260.68341064453125,260.6000061035156,260.6300048828125,22815
2026-01-27 18:19:00+00:00,260.6199951171875,260.67999267578125,260.5899963378906,260.67999267578125,32837
2026-01-27 18:20:00+00:00,260.69000244140625,260.7049865722656,260.6099853515625,260.6199951171875,21378
2026-01-27 18:21:00+00:00,260.6099853515625,260.739990234375,260.6099853515625,260.69000244140625,30705
2026-01-27 18:22:00+00:00,260.54998779296875,260.6400146484375,260.54998779296875,260.6050109863281,38090
2026-01-27 18:23:00+00:00,260.5899963378906,260.5899963378906,260.510009765625,260.54998779296875,25823
2026-01-27 18:24:00+00:00,260.7550048828125,260.760009765625,260.5849914550781,260.5851135253906,33935
2026-01-27 18:25:00+00:00,260.75,260.8399963378906,260.75,260.760009765625,42817
2026-01-27 18:26:00+00:00,260.5849914550781,260.75,260.5744934082031,260.75,45927
2026-01-27 18:27:00+00:00,260.5249938964844,260.625,260.510009765625,260.5899963378906,23307
2026-01-27 18:28:00+00:00,260.45001220703125,260.5400085449219,260.3800048828125,260.5400085449219,39963
2026-01-27 18:29:00+00:00,260.2550048828125,260.5223083496094,260.2301025390625,260.4501037597656,48490
2026-01-27 18:30:00+00:00,260.29998779296875,260.29998779296875,260.2300109863281,260.2699890136719,38479
2026-01-27 18:31:00+00:00,260.2040100097656,260.3399963378906,260.1499938964844,260.30999755859375,62026
2026-01-27 18:32:00+00:00,260.18499755859375,260.3599853515625,260.1600036621094,260.2099914550781,39932
2026-01-27 18:33:00+00:00,260.1099853515625,260.25,260.1099853515625,260.1789855957031,39544
2026-01-27 18:34:00+00:00,259.95001220703125,260.12939453125,259.79998779296875,260.1000061035156,249125
2026-01-27 18:35:00+00:00,259.8900146484375,259.989990234375,259.840087890625,259.9549865722656,29437
2026-01-27 18:36:00+00:00,260.010009765625,260.0299987792969,259.92999267578125,259.95001220703125,43647
2026-01-27 18:37:00+00:00,260.0299987792969,260.1300048828125,259.92999267578125,260.0,65540
2026-01-27 18:38:00+00:00,259.989990234375,260.04998779296875,259.9599914550781,260.0249938964844,38428
2026-01-27 18:39:00+00:00,260.0050048828125,260.04998779296875,259.97198486328125,259.9744873046875,35457
2026-01-27 18:40:00+00:00,260.0,260.0050048828125,259.9200134277344,260.0050048828125,36298
2026-01-27 18:41:00+00:00,260.0050048828125,260.0899963378906,259.9599914550781,260.0098876953125,33232
2026-01-27 18:42:00+00:00,259.85009765625,260.0299987792969,259.85009765625,260.010009765625,42633
2026-01-27 18:43:00+00:00,259.8299865722656,259.9100036621094,259.80999755859375,259.8500061035156,43921
2026-01-27 18:44:00+00:00,259.8500061035156,259.8800048828125,259.79998779296875,259.82000732421875,39049
2026-01-27 18:45:00+00:00,259.8724060058594,259.8900146484375,259.81500244140625,259.848388671875,37300
2026-01-27 18:46:00+00:00,259.8900146484375,259.92999267578125,259.8599853515625,259.8699951171875,25111
2026-01-27 18:47:00+00:00,259.82000732421875,259.9100036621094,259.80499267578125,259.8900146484375,29919
2026-01-27 18:48:00+00:00,259.7200012207031,259.80999755859375,259.6549987792969,259.80999755859375,29666
2026-01-27 18:49:00+00:00,259.69000244140625,259.760009765625,259.6400146484375,259.7196960449219,46755
2026-01-27 18:50:00+00:00,259.8299865722656,259.8399963378906,259.69000244140625,259.69500732421875,43719
2026-01-27 18:51:00+00:00,259.739990234375,259.8800048828125,259.7200012207031,259.8301086425781,42094
2026-01-27 18:52:00+00:00,259.6700134277344,259.739990234375,259.6499938964844,259.739990234375,30136
2026-01-27 18:53:00+00:00,259.6700134277344,259.7193908691406,259.6600036621094,259.6650085449219,29819
2026-01-27 18:54:00+00:00,259.7099914550781,259.71990966796875,259.6400146484375,259.6651916503906,24009
2026-01-27 18:55:00+00:00,259.69000244140625,259.75,259.5199890136719,259.71929931640625,75790
2026-01-27 18:56:00+00:00,259.8900146484375,259.9200134277344,259.6700134277344,259.6700134277344,76881
2026-01-27 18:57:00+00:00,259.92059326171875,259.9700012207031,259.8699951171875,259.8900146484375,34751
2026-01-27 18:58:00+00:00,259.875,259.9599914550781,259.82989501953125,259.9200134277344,31845
2026-01-27 18:59:00+00:00,259.82000732421875,259.8800048828125,259.79998779296875,259.8699951171875,34426
2026-01-27 19:00:00+00:00,259.8800048828125,259.9599914550781,259.8399963378906,259.8399963378906,37131
2026-01-27 19:01:00+00:00,259.8999938964844,260.0199890136719,259.8700866699219,259.8800048828125,90181
2026-01-27 19:02:00+00:00,259.8699951171875,259.9551086425781,259.8500061035156,259.8999938964844,17744
2026-01-27 19:03:00+00:00,259.8500061035156,259.9800109863281,259.8500061035156,259.8699951171875,40181
2026-01-27 19:04:00+00:00,259.80999755859375,259.8900146484375,259.80999755859375,259.8399963378906,30002
2026-01-27 19:05:00+00:00,259.82501220703125,259.9100036621094,259.82000732421875,259.8299865722656,35653
2026-01-27 19:06:00+00:00,259.7149963378906,259.8399963378906,259.67999267578125,259.82501220703125,49761
2026-01-27 19:07:00+00:00,259.69000244140625,259.739990234375,259.6300048828125,259.7200012207031,25347
2026-01-27 19:08:00+00:00,259.6449890136719,259.7049865722656,259.6400146484375,259.69000244140625,31466
2026-01-27 19:09:00+00:00,259.5799865722656,259.6400146484375,259.5299987792969,259.6300048828125,36704
2026-01-27 19:10:00+00:00,259.5884094238281,259.66900634765625,259.55499267578125,259.5799865722656,32200
2026-01-27 19:11:00+00:00,259.67498779296875,259.67498779296875,259.5799865722656,259.5799865722656,26855
2026-01-27 19:12:00+00:00,259.6899108886719,259.69989013671875,259.6300048828125,259.67498779296875,39962
2026-01-27 19:13:00+00:00,259.7699890136719,259.80999755859375,259.6899108886719,259.69000244140625,30110
2026-01-27 19:14:00+00:00,259.80999755859375,259.8699951171875,259.760009765625,259.7699890136719,47083
2026-01-27 19:15:00+00:00,259.7349853515625,259.80999755859375,259.69500732421875,259.80999755859375,28879
2026-01-27 19:16:00+00:00,259.6600036621094,259.75,259.6199951171875,259.739990234375,26732
2026-01-27 19:17:00+00:00,259.7449951171875,259.760009765625,259.6400146484375,259.6600036621094,31174
2026-01-27 19:18:00+00:00,259.80499267578125,259.80499267578125,259.7301025390625,259.760009765625,15338
2026-01-27 19:19:00+00:00,259.93499755859375,259.96160888671875,259.7850036621094,259.79998779296875,60665
2026-01-27 19:20:00+00:00,259.79998779296875,259.9700012207031,259.7799987792969,259.9461975097656,40689
2026-01-27 19:21:00+00:00,259.7900085449219,259.80999755859375,259.7650146484375,259.79998779296875,16362
2026-01-27 19:22:00+00:00,259.8500061035156,259.875,259.7950134277344,259.7950134277344,31035
2026-01-27 19:23:00+00:00,259.82000732421875,259.8699951171875,259.80999755859375,259.8599853515625,30402
2026-01-27 19:24:00+00:00,259.885009765625,259.8999938964844,259.80010986328125,259.82000732421875,39874
2026-01-27 19:25:00+00:00,259.864990234375,259.8999938964844,259.8550109863281,259.885009765625,33704
2026-01-27 19:26:00+00:00,259.864990234375,259.8793029785156,259.82501220703125,259.864990234375,25211
2026-01-27 19:27:00+00:00,259.885009765625,259.94000244140625,259.8399963378906,259.8599853515625,78099
2026-01-27 19:28:00+00:00,259.92498779296875,259.94000244140625,259.889892578125,259.889892578125,24903
2026-01-27 19:29:00+00:00,259.875,259.9400939941406,259.875,259.92498779296875,22213
2026-01-27 19:30:00+00:00,259.8299865722656,259.8999938964844,259.82080078125,259.875,28797
2026-01-27 19:31:00+00:00,259.7099914550781,259.8399963378906,259.7099914550781,259.8299865722656,39243
2026-01-27 19:32:00+00:00,259.69500732421875,259.7449951171875,259.69000244140625,259.7200012207031,32223
2026-01-27 19:33:00+00:00,259.6099853515625,259.69000244140625,259.5899963378906,259.69000244140625,41871
2026-01-27 19:34:00+00:00,259.6099853515625,259.6499938964844,259.54998779296875,259.6099853515625,66225
2026-01-27 19:35:00+00:00,259.6050109863281,259.7300109863281,259.6050109863281,259.6050109863281,65586
2026-01-27 19:36:00+00:00,259.56500244140625,259.6099853515625,259.5150146484375,259.6000061035156,33707
2026-01-27 19:37:00+00:00,259.55999755859375,259.6099853515625,259.5199890136719,259.56500244140625,30651
2026-01-27 19:38:00+00:00,259.625,259.6499938964844,259.55499267578125,259.55999755859375,20899
2026-01-27 19:39:00+00:00,259.6700134277344,259.6816101074219,259.625,259.625,21748
2026-01-27 19:40:00+00:00,259.5950012207031,259.67999267578125,259.5801086425781,259.6700134277344,30150
2026-01-27 19:41:00+00:00,259.55499267578125,259.6099853515625,259.55499267578125,259.5899963378906,21726
2026-01-27 19:42:00+00:00,259.5849914550781,259.63018798828125,259.55499267578125,259.55499267578125,25670
2026-01-27 19:43:00+00:00,259.5899963378906,259.6199951171875,259.55999755859375,259.5799865722656,26543
2026-01-27 19:44:00+00:00,259.6050109863281,259.6300048828125,259.57000732421875,259.6000061035156,56713
2026-01-27 19:45:00+00:00,259.61669921875,259.6400146484375,259.57000732421875,259.6099853515625,36348
2026-01-27 19:46:00+00:00,259.5400085449219,259.6300048828125,259.5,259.614990234375,46339
2026-01-27 19:47:00+00:00,259.5299987792969,259.5754089355469,259.489990234375,259.54998779296875,44464
2026-01-27 19:48:00+00:00,259.6200866699219,259.6299133300781,259.5150146484375,259.5199890136719,41992
2026-01-27 19:49:00+00:00,259.6050109863281,259.6499938964844,259.5950012207031,259.6199951171875,32256
2026-01-27 19:50:00+00:00,259.3299865722656,259.614990234375,259.32501220703125,259.6000061035156,53647
2026-01-27 19:51:00+00:00,259.30999755859375,259.3599853515625,259.2699890136719,259.3299865722656,46198
2026-01-27 19:52:00+00:00,259.2799987792969,259.4200134277344,259.2699890136719,259.32000732421875,55365
2026-01-27 19:53:00+00:00,259.42999267578125,259.4649963378906,259.17498779296875,259.2799987792969,91348
2026-01-27 19:54:00+00:00,259.6099853515625,259.6099853515625,259.42999267578125,259.43499755859375,35625
2026-01-27 19:55:00+00:00,259.7799987792969,259.79998779296875,259.6000061035156,259.6199951171875,60949
2026-01-27 19:56:00+00:00,259.80999755859375,259.8999938964844,259.70001220703125,259.7799987792969,60391
2026-01-27 19:57:00+00:00,259.885009765625,259.8900146484375,259.7650146484375,259.82000732421875,49632
2026-01-27 19:58:00+00:00,260.0,260.0400085449219,259.8800964355469,259.885009765625,73075
2026-01-27 19:59:00+00:00,259.739990234375,260.0249938964844,259.739990234375,259.9881896972656,60855
2026-01-27 20:00:00+00:00,259.864990234375,259.8999938964844,259.69000244140625,259.7449951171875,47765
2026-01-27 20:01:00+00:00,259.864990234375,259.89459228515625,259.80499267578125,259.8699951171875,36172
2026-01-27 20:02:00+00:00,259.92498779296875,259.9667053222656,259.864990234375,259.864990234375,37106
2026-01-27 20:03:00+00:00,259.81500244140625,259.94500732421875,259.7799987792969,259.92999267578125,56665
2026-01-27 20:04:00+00:00,259.7449951171875,259.8799133300781,259.7200012207031,259.80999755859375,43717
2026-01-27 20:05:00+00:00,259.8500061035156,259.8500061035156,259.739990234375,259.75,31169
2026-01-27 20:06:00+00:00,259.7049865722656,259.8399963378906,259.7049865722656,259.8399963378906,43023
2026-01-27 20:07:00+00:00,259.7099914550781,259.7099914550781,259.6600036621094,259.7049865722656,31257
2026-01-27 20:08:00+00:00,259.7099914550781,259.739990234375,259.6700134277344,259.7099914550781,28423
2026-01-27 20:09:00+00:00,259.660888671875,259.7099914550781,259.6499938964844,259.7099914550781,46349
2026-01-27 20:10:00+00:00,259.7200012207031,259.79998779296875,259.6700134277344,259.6700134277344,44079
2026-01-27 20:11:00+00:00,259.635009765625,259.7699890136719,259.6199951171875,259.7200012207031,49136
2026-01-27 20:12:00+00:00,259.5893859863281,259.635009765625,259.45001220703125,259.6300048828125,41274
2026-01-27 20:13:00+00:00,259.6600036621094,259.6700134277344,259.54998779296875,259.5799865722656,33500
2026-01-27 20:14:00+00:00,259.6199951171875,259.6650085449219,259.57501220703125,259.6600036621094,34296
2026-01-27 20:15:00+00:00,259.5350036621094,259.6199951171875,259.5,259.614990234375,52869
2026-01-27 20:16:00+00:00,259.6000061035156,259.6400146484375,259.54998779296875,259.54998779296875,46491
2026-01-27 20:17:00+00:00,259.5462951660156,259.6199951171875,259.5,259.5899963378906,46262
2026-01-27 20:18:00+00:00,259.44000244140625,259.54998779296875,259.4100036621094,259.54998779296875,43902
2026-01-27 20:19:00+00:00,259.42999267578125,259.4800109863281,259.42999267578125,259.4400939941406,37448
2026-01-27 20:20:00+00:00,259.375,259.4700012207031,259.3699951171875,259.42498779296875,55813
2026-01-27 20:21:00+00:00,259.260009765625,259.3800048828125,259.260009765625,259.375,44009
2026-01-27 20:22:00+00:00,259.3699951171875,259.3800048828125,259.2650146484375,259.2699890136719,46495
2026-01-27 20:23:00+00:00,259.2950134277344,259.3699951171875,259.2900085449219,259.3599853515625,53537
2026-01-27 20:24:00+00:00,259.2701110839844,259.3599853515625,259.2701110839844,259.29010009765625,37978
2026-01-27 20:25:00+00:00,259.17999267578125,259.2699890136719,259.17999267578125,259.2699890136719,43498
2026-01-27 20:26:00+00:00,259.27960205078125,259.29541015625,259.1499938964844,259.17999267578125,47080
2026-01-27 20:27:00+00:00,259.23919677734375,259.2650146484375,259.2149963378906,259.2650146484375,41681
2026-01-27 20:28:00+00:00,259.2300109863281,259.2699890136719,259.2099914550781,259.2300109863281,32046
2026-01-27 20:29:00+00:00,259.3800048828125,259.3900146484375,259.2250061035156,259.239990234375,39010
2026-01-27 20:30:00+00:00,259.54998779296875,259.67498779296875,259.3550109863281,259.385009765625,162462
2026-01-27 20:31:00+00:00,259.45001220703125,259.6499938964844,259.45001220703125,259.5400085449219,69655
2026-01-27 20:32:00+00:00,259.4200134277344,259.4700927734375,259.3500061035156,259.4549865722656,74483
2026-01-27 20:33:00+00:00,259.3349914550781,259.4700012207031,259.31451416015625,259.42498779296875,50590
2026-01-27 20:34:00+00:00,259.42291259765625,259.42291259765625,259.3299865722656,259.3349914550781,37641
2026-01-27 20:35:00+00:00,259.43499755859375,259.4549865722656,259.3500061035156,259.42999267578125,46385
2026-01-27 20:36:00+00:00,259.2749938964844,259.43499755859375,259.2749938964844,259.43499755859375,39006
2026-01-27 20:37:00+00:00,259.32501220703125,259.3299865722656,259.239990234375,259.2699890136719,51854
2026-01-27 20:38:00+00:00,259.32000732421875,259.3349914550781,259.2799987792969,259.32501220703125,39895
2026-01-27 20:39:00+00:00,259.5036926269531,259.510009765625,259.30999755859375,259.31500244140625,43628
2026-01-27 20:40:00+00:00,259.3999938964844,259.55999755859375,259.3949890136719,259.510009765625,59399
2026-01-27 20:41:00+00:00,259.3500061035156,259.43499755859375,259.3299865722656,259.3999938964844,48622
2026-01-27 20:42:00+00:00,259.260009765625,259.3999938964844,259.2149963378906,259.3349914550781,55281
2026-01-27 20:43:00+00:00,259.3349914550781,259.3399963378906,259.25,259.2500915527344,50591
2026-01-27 20:44:00+00:00,259.3399963378906,259.4200134277344,259.32501220703125,259.3349914550781,61806
2026-01-27 20:45:00+00:00,259.2799987792969,259.3299865722656,259.2090148925781,259.3299865722656,38324
2026-01-27 20:46:00+00:00,259.2900085449219,259.30999755859375,259.239990234375,259.2799987792969,40512
2026-01-27 20:47:00+00:00,259.4100036621094,259.43499755859375,259.2850036621094,259.2900085449219,36834
2026-01-27 20:48:00+00:00,259.4150085449219,259.4649963378906,259.38580322265625,259.42498779296875,45825
2026-01-27 20:49:00+00:00,259.3999938964844,259.5400085449219,259.3900146484375,259.4100036621094,75900
2026-01-27 20:50:00+00:00,258.8599853515625,259.3999938964844,258.8299865722656,259.3900146484375,174305
2026-01-27 20:51:00+00:00,258.8699951171875,258.9200134277344,258.8377990722656,258.8699951171875,74266
2026-01-27 20:52:00+00:00,258.875,258.9100036621094,258.7799987792969,258.8699951171875,59049
2026-01-27 20:53:00+00:00,258.8500061035156,258.8900146484375,258.79010009765625,258.8800048828125,9772757
2026-01-27 20:54:00+00:00,258.8399963378906,258.9100036621094,258.6600036621094,258.8399963378906,0
2026-01-27 20:55:00+00:00,258.3949890136719,258.7799987792969,258.29998779296875,258.7799987792969,162801
2026-01-27 20:56:00+00:00,258.3699951171875,258.4200134277344,258.30999755859375,258.3900146484375,141540
2026-01-27 20:57:00+00:00,258.2900085449219,258.3699951171875,258.2300109863281,258.3599853515625,199209
2026-01-27 20:58:00+00:00,258.30999755859375,258.3900146484375,258.260009765625,258.29998779296875,184727
2026-01-27 20:59:00+00:00,258.2699890136719,258.3800048828125,258.2099914550781,258.30999755859375,411488
2026-01-28 14:30:00+00:00,257.92999267578125,258.7049865722656,257.3999938964844,257.55999755859375,1329406
2026-01-28 14:31:00+00:00,258.25,258.3800048828125,257.82000732421875,257.94000244140625,169822
2026-01-28 14:32:00+00:00,258.55999755859375,258.70001220703125,258.1199951171875,258.25,134673
2026-01-28 14:33:00+00:00,257.885009765625,258.8550109863281,257.760009765625,258.55999755859375,154257
2026-01-28 14:34:00+00:00,257.45001220703125,258.05499267578125,257.2900085449219,257.8800048828125,144030
2026-01-28 14:35:00+00:00,256.9534912109375,257.6400146484375,256.9534912109375,257.4150085449219,176525
2026-01-28 14:36:00+00:00,256.3450012207031,257.0,256.2250061035156,256.94000244140625,169721
2026-01-28 14:37:00+00:00,256.2349853515625,256.7900085449219,256.2349853515625,256.3800048828125,135793
2026-01-28 14:38:00+00:00,256.3550109863281,256.4700012207031,256.1000061035156,256.2300109863281,103937
2026-01-28 14:39:00+00:00,256.1499938964844,256.5,255.88999938964844,256.3550109863281,188008
2026-01-28 14:40:00+00:00,256.05999755859375,256.2349853515625,255.86900329589844,256.1499938964844,93881
2026-01-28 14:41:00+00:00,256.3800048828125,256.42999267578125,255.82000732421875,256.0400085449219,101141
2026-01-28 14:42:00+00:00,256.614990234375,256.6499938964844,256.1099853515625,256.38958740234375,88220
2026-01-28 14:43:00+00:00,256.7235107421875,256.8399963378906,256.5400085449219,256.614990234375,98848
2026-01-28 14:44:00+00:00,256.6300048828125,256.8800048828125,256.6199951171875,256.7799072265625,101583
2026-01-28 14:45:00+00:00,257.0400085449219,257.0400085449219,256.6199951171875,256.6799011230469,92992
2026-01-28 14:46:00+00:00,256.7200927734375,257.239990234375,256.7200927734375,257.05999755859375,116034
2026-01-28 14:47:00+00:00,256.42498779296875,256.7698974609375,256.2900085449219,256.7200012207031,107657
2026-01-28 14:48:00+00:00,256.53961181640625,256.67999267578125,256.30499267578125,256.45001220703125,81708
2026-01-28 14:49:00+00:00,256.5450134277344,256.6499938964844,256.45001220703125,256.4949951171875,67899
2026-01-28 14:50:00+00:00,256.375,256.7250061035156,256.3399963378906,256.5799865722656,68078
2026-01-28 14:51:00+00:00,256.6099853515625,256.6499938964844,256.260009765625,256.3599853515625,96829
2026-01-28 14:52:00+00:00,256.42010498046875,256.67498779296875,256.3699951171875,256.6400146484375,64671
2026-01-28 14:53:00+00:00,255.77999877929688,256.45001220703125,255.72999572753906,256.42999267578125,160528
2026-01-28 14:54:00+00:00,256.0799865722656,256.1600036621094,255.72999572753906,255.77999877929688,87594
2026-01-28 14:55:00+00:00,256.25,256.2898864746094,255.97999572753906,256.0799865722656,116899
2026-01-28 14:56:00+00:00,256.1300048828125,256.3599853515625,256.11199951171875,256.25,72283
2026-01-28 14:57:00+00:00,256.1589050292969,256.25,256.0400085449219,256.125,61264
2026-01-28 14:58:00+00:00,256.07000732421875,256.2650146484375,256.0299987792969,256.1499938964844,61727
2026-01-28 14:59:00+00:00,256.1449890136719,256.2300109863281,256.0849914550781,256.0899963378906,51436
2026-01-28 15:00:00+00:00,255.82000732421875,256.1499938964844,255.80999755859375,256.1400146484375,114853
2026-01-28 15:01:00+00:00,255.66000366210938,255.8300018310547,255.58999633789062,255.8000030517578,110389
2026-01-28 15:02:00+00:00,255.59500122070312,255.69000244140625,255.52000427246094,255.67999267578125,113773
2026-01-28 15:03:00+00:00,255.30999755859375,255.7489013671875,255.21499633789062,255.59500122070312,151779
2026-01-28 15:04:00+00:00,255.42999267578125,255.5399932861328,255.30999755859375,255.32000732421875,93374
2026-01-28 15:05:00+00:00,255.74000549316406,255.8300018310547,255.42010498046875,255.42010498046875,91358
2026-01-28 15:06:00+00:00,256.1199951171875,256.19989013671875,255.6800994873047,255.7550048828125,109256
2026-01-28 15:07:00+00:00,256.3800048828125,256.4689025878906,256.0798034667969,256.1099853515625,109854
2026-01-28 15:08:00+00:00,256.64019775390625,256.6650085449219,256.29058837890625,256.3949890136719,87526
2026-01-28 15:09:00+00:00,256.5989990234375,256.75,256.5299987792969,256.6400146484375,64370
2026-01-28 15:10:00+00:00,256.5299987792969,256.635009765625,256.44000244140625,256.5899963378906,50984
2026-01-28 15:11:00+00:00,256.4849853515625,256.6899108886719,256.4599914550781,256.5578918457031,45800
2026-01-28 15:12:00+00:00,256.5799865722656,256.6600036621094,256.4119873046875,256.4849853515625,43999
2026-01-28 15:13:00+00:00,256.4599914550781,256.69000244140625,256.45001220703125,256.6099853515625,47122
2026-01-28 15:14:00+00:00,256.4599914550781,256.5098876953125,256.3800048828125,256.45001220703125,55344
2026-01-28 15:15:00+00:00,256.6000061035156,256.71728515625,256.3900146484375,256.4599914550781,48702
2026-01-28 15:16:00+00:00,256.7049865722656,256.8500061035156,256.54998779296875,256.5950012207031,58381
2026-01-28 15:17:00+00:00,256.63909912109375,256.7300109863281,256.6099853515625,256.7049865722656,45969
2026-01-28 15:18:00+00:00,256.5700988769531,256.760009765625,256.4700012207031,256.6000061035156,56891
2026-01-28 15:19:00+00:00,256.5299987792969,256.67999267578125,256.5299987792969,256.57000732421875,40500
2026-01-28 15:20:00+00:00,256.5199890136719,256.6600036621094,256.45001220703125,256.5400085449219,59970
2026-01-28 15:21:00+00:00,256.70001220703125,256.7200012207031,256.5325012207031,256.5400085449219,40268
2026-01-28 15:22:00+00:00,256.9200134277344,256.9200134277344,256.6300048828125,256.70001220703125,60077
2026-01-28 15:23:00+00:00,256.8900146484375,257.04998779296875,256.82000732421875,256.9200134277344,69855
2026-01-28 15:24:00+00:00,256.4849853515625,256.9100036621094,256.4849853515625,256.8999938964844,51738
2026-01-28 15:25:00+00:00,256.5150146484375,256.7099914550781,256.4700012207031,256.4999084472656,55183
2026-01-28 15:26:00+00:00,256.67999267578125,256.69000244140625,256.4700927734375,256.5150146484375,34853
2026-01-28 15:27:00+00:00,256.5,256.70001220703125,256.489990234375,256.6658020019531,41320
2026-01-28 15:28:00+00:00,256.3399963378906,256.489990234375,256.2200927734375,256.489990234375,92562
2026-01-28 15:29:00+00:00,256.0899963378906,256.3500061035156,256.0299987792969,256.3299865722656,60716
2026-01-28 15:30:00+00:00,256.0350036621094,256.2200012207031,256.0199890136719,256.05999755859375,59916
2026-01-28 15:31:00+00:00,256.1650085449219,256.1700134277344,255.99000549316406,256.0400085449219,72998
2026-01-28 15:32:00+00:00,256.2889099121094,256.2950134277344,256.1199951171875,256.1650085449219,52576
2026-01-28 15:33:00+00:00,256.17498779296875,256.30999755859375,256.0400085449219,256.27508544921875,52093
2026-01-28 15:34:00+00:00,255.97999572753906,256.2200012207031,255.97000122070312,256.1700134277344,56216
2026-01-28 15:35:00+00:00,255.92999267578125,256.09991455078125,255.9199981689453,255.97999572753906,76198
2026-01-28 15:36:00+00:00,256.1600036621094,256.25799560546875,255.88999938964844,255.94000244140625,78148
2026-01-28 15:37:00+00:00,256.4100036621094,256.42999267578125,256.1499938964844,256.1499938964844,60846
2026-01-28 15:38:00+00:00,256.6238098144531,256.6499938964844,256.2900085449219,256.4049987792969,55968
2026-01-28 15:39:00+00:00,256.57000732421875,256.7099914550781,256.489990234375,256.625,49901
2026-01-28 15:40:00+00:00,256.6300048828125,256.6799011230469,256.5400085449219,256.57000732421875,39749
2026-01-28 15:41:00+00:00,256.3999938964844,256.6300048828125,256.3999938964844,256.6300048828125,53909
2026-01-28 15:42:00+00:00,256.19500732421875,256.4100036621094,256.17999267578125,256.4100036621094,58506
2026-01-28 15:43:00+00:00,256.239990234375,256.239990234375,256.06500244140625,256.17498779296875,54337
2026-01-28 15:44:00+00:00,256.0209045410156,256.25,256.0199890136719,256.239990234375,36840
2026-01-28 15:45:00+00:00,256.0849914550781,256.1700134277344,255.9499969482422,256.0400085449219,72999
2026-01-28 15:46:00+00:00,256.1650085449219,256.3194885253906,256.010009765625,256.0799865722656,35767
2026-01-28 15:47:00+00:00,255.88999938964844,256.19000244140625,255.83999633789062,256.1654052734375,52112
2026-01-28 15:48:00+00:00,256.04998779296875,256.04998779296875,255.8101043701172,255.875,48741
2026-01-28 15:49:00+00:00,256.1199951171875,256.1549987792969,256.0299987792969,256.04998779296875,31661
2026-01-28 15:50:00+00:00,256.0150146484375,256.1014099121094,255.96499633789062,256.1014099121094,31761
2026-01-28 15:51:00+00:00,255.8000030517578,256.0151062011719,255.77999877929688,256.0151062011719,49390
2026-01-28 15:52:00+00:00,255.85499572753906,255.9199981689453,255.79400634765625,255.80499267578125,58093
2026-01-28 15:53:00+00:00,255.94000244140625,256.07000732421875,255.85499572753906,255.8699951171875,36492
2026-01-28 15:54:00+00:00,256.0400085449219,256.04998779296875,255.8300018310547,255.93499755859375,48295
2026-01-28 15:55:00+00:00,255.89999389648438,256.0400085449219,255.8699951171875,256.0199890136719,41841
2026-01-28 15:56:00+00:00,255.9499969482422,255.97000122070312,255.8000030517578,255.91969299316406,33471
2026-01-28 15:57:00+00:00,256.1499938964844,256.2200012207031,255.9600067138672,255.96499633789062,41886
2026-01-28 15:58:00+00:00,255.89999389648438,256.19989013671875,255.89999389648438,256.135009765625,39401
2026-01-28 15:59:00+00:00,255.83999633789062,255.88499450683594,255.72000122070312,255.8699951171875,47280
2026-01-28 16:00:00+00:00,255.7899932861328,255.86000061035156,255.6999969482422,255.83999633789062,34003
2026-01-28 16:01:00+00:00,255.91000366210938,255.94259643554688,255.7700958251953,255.7899932861328,46738
2026-01-28 16:02:00+00:00,255.9304962158203,255.99000549316406,255.85499572753906,255.9149932861328,34660
2026-01-28 16:03:00+00:00,255.8350067138672,255.99000549316406,255.8000030517578,255.94500732421875,30309
2026-01-28 16:04:00+00:00,255.9199981689453,255.97000122070312,255.82000732421875,255.85000610351562,33293
2026-01-28 16:05:00+00:00,255.88499450683594,255.9499969482422,255.83999633789062,255.9199981689453,34241
2026-01-28 16:06:00+00:00,256.07000732421875,256.1199951171875,255.8699951171875,255.8800048828125,30558
2026-01-28 16:07:00+00:00,256.05999755859375,256.1499938964844,256.05999755859375,256.0989990234375,28177
2026-01-28 16:08:00+00:00,256.0299987792969,256.1199951171875,256.0299987792969,256.07000732421875,26139
2026-01-28 16:09:00+00:00,256.0799865722656,256.1600036621094,255.92999267578125,256.0400085449219,62106
2026-01-28 16:10:00+00:00,256.04998779296875,256.0799865722656,256.00048828125,256.05999755859375,26382
2026-01-28 16:11:00+00:00,256.20001220703125,256.2106018066406,256.0950012207031,256.0950012207031,32556
2026-01-28 16:12:00+00:00,256.0899963378906,256.2200012207031,256.05999755859375,256.2049865722656,35580
2026-01-28 16:13:00+00:00,255.88499450683594,256.0849914550781,255.8699951171875,256.0849914550781,52520
2026-01-28 16:14:00+00:00,255.9062042236328,255.91029357910156,255.77499389648438,255.8800048828125,30718
2026-01-28 16:15:00+00:00,255.94090270996094,256.0299987792969,255.88999938964844,255.89999389648438,31696
2026-01-28 16:16:00+00:00,255.88999938964844,255.9600067138672,255.83999633789062,255.9250030517578,19907
2026-01-28 16:17:00+00:00,255.7949981689453,255.9250030517578,255.77000427246094,255.87010192871094,52191
2026-01-28 16:18:00+00:00,255.85499572753906,255.8699951171875,255.77000427246094,255.80999755859375,29070
2026-01-28 16:19:00+00:00,255.69000244140625,255.85000610351562,255.6699981689453,255.84500122070312,43166
2026-01-28 16:20:00+00:00,255.77000427246094,255.8300018310547,255.67999267578125,255.67999267578125,31832
2026-01-28 16:21:00+00:00,255.5500030517578,255.77000427246094,255.53750610351562,255.77000427246094,49489
2026-01-28 16:22:00+00:00,255.57000732421875,255.63999938964844,255.5,255.53500366210938,66676
2026-01-28 16:23:00+00:00,255.4600067138672,255.55999755859375,255.4501953125,255.55499267578125,61986
2026-01-28 16:24:00+00:00,255.4600067138672,255.49000549316406,255.41000366210938,255.45010375976562,68053
2026-01-28 16:25:00+00:00,255.29989624023438,255.5,255.2949981689453,255.4550018310547,52244
2026-01-28 16:26:00+00:00,255.44000244140625,255.57000732421875,255.25999450683594,255.29989624023438,74920
2026-01-28 16:27:00+00:00,255.56500244140625,255.57000732421875,255.44000244140625,255.44000244140625,27836
2026-01-28 16:28:00+00:00,255.46009826660156,255.55999755859375,255.375,255.55999755859375,35740
2026-01-28 16:29:00+00:00,255.49000549316406,255.5,255.36480712890625,255.4600067138672,35597
2026-01-28 16:30:00+00:00,255.3800048828125,255.47999572753906,255.36000061035156,255.47000122070312,43614
2026-01-28 16:31:00+00:00,255.19500732421875,255.39999389648438,255.11000061035156,255.38900756835938,60462
2026-01-28 16:32:00+00:00,255.13999938964844,255.22999572753906,255.0800018310547,255.1999969482422,55262
2026-01-28 16:33:00+00:00,255.1999969482422,255.38999938964844,255.110595703125,255.13999938964844,45431
2026-01-28 16:34:00+00:00,255.03750610351562,255.2100067138672,254.92999267578125,255.2050018310547,138587
2026-01-28 16:35:00+00:00,255.0,255.14999389648438,255.0,255.0399932861328,54663
2026-01-28 16:36:00+00:00,254.95970153808594,255.1199951171875,254.95970153808594,255.00999450683594,34973
2026-01-28 16:37:00+00:00,255.13499450683594,255.2180938720703,254.97000122070312,254.97000122070312,58869
2026-01-28 16:38:00+00:00,255.08999633789062,255.13999938964844,255.0399932861328,255.13999938964844,38901
2026-01-28 16:39:00+00:00,255.20249938964844,255.24740600585938,255.0800018310547,255.08999633789062,33646
2026-01-28 16:40:00+00:00,255.08999633789062,255.22000122070312,255.08999633789062,255.2100067138672,26066
2026-01-28 16:41:00+00:00,255.08999633789062,255.22000122070312,255.05999755859375,255.10000610351562,44078
2026-01-28 16:42:00+00:00,254.99000549316406,255.125,254.99000549316406,255.10000610351562,40286
2026-01-28 16:43:00+00:00,254.9250030517578,255.0800018310547,254.7899932861328,254.97999572753906,86012
2026-01-28 16:44:00+00:00,254.88999938964844,254.9499969482422,254.83999633789062,254.91000366210938,49027
2026-01-28 16:45:00+00:00,254.9499969482422,255.0050048828125,254.85499572753906,254.8800048828125,51321
2026-01-28 16:46:00+00:00,255.08749389648438,255.10000610351562,254.94500732421875,254.9600067138672,39829
2026-01-28 16:47:00+00:00,255.13670349121094,255.14999389648438,255.0699005126953,255.0800018310547,34997
2026-01-28 16:48:00+00:00,254.9600067138672,255.15750122070312,254.9199981689453,255.13999938964844,33276
2026-01-28 16:49:00+00:00,254.95989990234375,255.0800018310547,254.94000244140625,254.97000122070312,28547
2026-01-28 16:50:00+00:00,255.10000610351562,255.1300048828125,254.86990356445312,254.94000244140625,46356
2026-01-28 16:51:00+00:00,254.92999267578125,255.1300048828125,254.8699951171875,255.10499572753906,41105
2026-01-28 16:52:00+00:00,254.80999755859375,254.92999267578125,254.78880310058594,254.91000366210938,41296
2026-01-28 16:53:00+00:00,254.75999450683594,254.89990234375,254.75999450683594,254.8000030517578,25434
2026-01-28 16:54:00+00:00,254.9250030517578,254.9600067138672,254.74000549316406,254.75,30352
2026-01-28 16:55:00+00:00,255.11000061035156,255.16000366210938,254.9250030517578,254.9250030517578,28064
2026-01-28 16:56:00+00:00,255.17999267578125,255.25999450683594,255.10000610351562,255.1199951171875,26718
2026-01-28 16:57:00+00:00,255.28500366210938,255.33999633789062,255.13999938964844,255.17999267578125,63525
2026-01-28 16:58:00+00:00,255.25999450683594,255.30499267578125,255.17999267578125,255.27999877929688,31325
2026-01-28 16:59:00+00:00,255.33999633789062,255.36500549316406,255.24620056152344,255.26089477539062,21054
2026-01-28 17:00:00+00:00,255.30999755859375,255.3699951171875,255.27999877929688,255.3300018310547,23707
2026-01-28 17:01:00+00:00,255.27999877929688,255.4199981689453,255.27999877929688,255.31500244140625,23031
2026-01-28 17:02:00+00:00,255.3800048828125,255.3800048828125,255.27499389648438,255.27999877929688,26042
2026-01-28 17:03:00+00:00,255.19000244140625,255.39999389648438,255.19000244140625,255.3800048828125,45083
2026-01-28 17:04:00+00:00,255.1992950439453,255.2799072265625,255.14999389648438,255.22000122070312,23725
2026-01-28 17:05:00+00:00,255.19000244140625,255.25999450683594,255.1501007080078,255.2100067138672,19166
2026-01-28 17:06:00+00:00,255.13999938964844,255.17999267578125,255.07809448242188,255.16000366210938,22437
2026-01-28 17:07:00+00:00,255.16000366210938,255.1699981689453,255.0915985107422,255.14999389648438,14268
2026-01-28 17:08:00+00:00,255.22999572753906,255.27999877929688,255.18499755859375,255.18499755859375,34668
2026-01-28 17:09:00+00:00,255.1999969482422,255.25999450683594,255.1199951171875,255.22999572753906,21290
2026-01-28 17:10:00+00:00,255.24000549316406,255.35000610351562,255.14999389648438,255.20989990234375,25549
2026-01-28 17:11:00+00:00,255.33999633789062,255.40260314941406,255.22000122070312,255.23330688476562,21781
2026-01-28 17:12:00+00:00,255.1999969482422,255.3300018310547,255.16009521484375,255.3300018310547,30170
2026-01-28 17:13:00+00:00,255.22000122070312,255.3000030517578,255.2100067138672,255.22000122070312,28910
2026-01-28 17:14:00+00:00,255.25,255.27000427246094,255.1999969482422,255.22500610351562,35946
2026-01-28 17:15:00+00:00,255.1699981689453,255.27999877929688,255.15049743652344,255.23699951171875,23031
2026-01-28 17:16:00+00:00,255.22000122070312,255.25999450683594,255.1699981689453,255.1699981689453,22833
2026-01-28 17:17:00+00:00,255.19500732421875,255.25999450683594,255.1898956298828,255.24000549316406,20167
2026-01-28 17:18:00+00:00,255.2646026611328,255.27000427246094,255.16000366210938,255.19000244140625,16292
2026-01-28 17:19:00+00:00,255.35000610351562,255.36000061035156,255.25,255.26539611816406,15248
2026-01-28 17:20:00+00:00,255.3300018310547,255.39999389648438,255.30999755859375,255.3583984375,30749
2026-01-28 17:21:00+00:00,255.17999267578125,255.3800048828125,255.17999267578125,255.33999633789062,37936
2026-01-28 17:22:00+00:00,254.9250030517578,255.19000244140625,254.88999938964844,255.19000244140625,66049
2026-01-28 17:23:00+00:00,254.7310028076172,254.9499969482422,254.6999969482422,254.93499755859375,63728
2026-01-28 17:24:00+00:00,254.77000427246094,254.82000732421875,254.6999969482422,254.74000549316406,50238
2026-01-28 17:25:00+00:00,254.69000244140625,254.80999755859375,254.66000366210938,254.75999450683594,42499
2026-01-28 17:26:00+00:00,254.7899932861328,254.85000610351562,254.6999969482422,254.6999969482422,28903
2026-01-28 17:27:00+00:00,254.7899932861328,254.8300018310547,254.75770568847656,254.8000030517578,23927
2026-01-28 17:28:00+00:00,254.8000030517578,254.85989379882812,254.75999450683594,254.77000427246094,26343
2026-01-28 17:29:00+00:00,254.82000732421875,254.83999633789062,254.7899932861328,254.80999755859375,13714
2026-01-28 17:30:00+00:00,254.82000732421875,254.8300018310547,254.77000427246094,254.8000030517578,16742
2026-01-28 17:31:00+00:00,254.66000366210938,254.8509979248047,254.66000366210938,254.82000732421875,30466
2026-01-28 17:32:00+00:00,254.72500610351562,254.75999450683594,254.6199951171875,254.66000366210938,24815
2026-01-28 17:33:00+00:00,254.60499572753906,254.72129821777344,254.55999755859375,254.72129821777344,32309
2026-01-28 17:34:00+00:00,254.6591033935547,254.67999267578125,254.60000610351562,254.61000061035156,25191
2026-01-28 17:35:00+00:00,254.66000366210938,254.72999572753906,254.61000061035156,254.6439971923828,25608
2026-01-28 17:36:00+00:00,254.63999938964844,254.69000244140625,254.63999938964844,254.65330505371094,24856
2026-01-28 17:37:00+00:00,254.66000366210938,254.72000122070312,254.63499450683594,254.63499450683594,28978
2026-01-28 17:38:00+00:00,254.54969787597656,254.67999267578125,254.50999450683594,254.64999389648438,33240
2026-01-28 17:39:00+00:00,254.63999938964844,254.64999389648438,254.5449981689453,254.54989624023438,26368
2026-01-28 17:40:00+00:00,254.64990234375,254.75990295410156,254.6300048828125,254.64999389648438,48524
2026-01-28 17:41:00+00:00,254.8800048828125,254.89999389648438,254.64739990234375,254.64999389648438,37757
2026-01-28 17:42:00+00:00,254.889892578125,254.92999267578125,254.82000732421875,254.88999938964844,25092
2026-01-28 17:43:00+00:00,255.08990478515625,255.11000061035156,254.8699951171875,254.8699951171875,36567
2026-01-28 17:44:00+00:00,255.02999877929688,255.08999633789062,255.00999450683594,255.0843048095703,37412
2026-01-28 17:45:00+00:00,254.9293975830078,255.0496063232422,254.89999389648438,255.02999877929688,32543
2026-01-28 17:46:00+00:00,254.97000122070312,255.0,254.9044952392578,254.9149932861328,14822
2026-01-28 17:47:00+00:00,255.07009887695312,255.08999633789062,254.97999572753906,254.97999572753906,21967
2026-01-28 17:48:00+00:00,254.9600067138672,255.0800018310547,254.94000244140625,255.0800018310547,20764
2026-01-28 17:49:00+00:00,255.0500030517578,255.0500030517578,254.9499969482422,254.9499969482422,17271
2026-01-28 17:50:00+00:00,254.9250030517578,255.11000061035156,254.89999389648438,255.02999877929688,47812
2026-01-28 17:51:00+00:00,254.83999633789062,254.9250030517578,254.78109741210938,254.91000366210938,150524
2026-01-28 17:52:00+00:00,254.83999633789062,254.87989807128906,254.75999450683594,254.82000732421875,14594
2026-01-28 17:53:00+00:00,254.89999389648438,254.97000122070312,254.83999633789062,254.875,20719
2026-01-28 17:54:00+00:00,254.8300018310547,254.9600067138672,254.8000030517578,254.88999938964844,32030
2026-01-28 17:55:00+00:00,254.86000061035156,254.9499969482422,254.72000122070312,254.83999633789062,184057
2026-01-28 17:56:00+00:00,254.91000366210938,254.97000122070312,254.86680603027344,254.86680603027344,18573
2026-01-28 17:57:00+00:00,254.94000244140625,254.97000122070312,254.8800048828125,254.92999267578125,12744
2026-01-28 17:58:00+00:00,254.82330322265625,254.99000549316406,254.82090759277344,254.9499969482422,0
2026-01-28 17:59:00+00:00,254.8300018310547,254.89500427246094,254.7899932861328,254.8300018310547,23381
2026-01-28 18:00:00+00:00,254.71009826660156,254.82000732421875,254.7100067138672,254.82000732421875,16043
2026-01-28 18:01:00+00:00,254.5500030517578,254.77999877929688,254.5399932861328,254.72999572753906,25513
2026-01-28 18:02:00+00:00,254.60899353027344,254.64999389648438,254.5449981689453,254.5449981689453,28110
2026-01-28 18:03:00+00:00,254.63999938964844,254.69000244140625,254.55999755859375,254.6199951171875,22519
2026-01-28 18:04:00+00:00,254.8101043701172,254.83999633789062,254.6300048828125,254.63009643554688,22722
2026-01-28 18:05:00+00:00,254.9600067138672,254.99420166015625,254.80999755859375,254.82000732421875,31177
2026-01-28 18:06:00+00:00,254.9600067138672,254.99000549316406,254.93099975585938,254.94000244140625,19825
2026-01-28 18:07:00+00:00,254.81829833984375,255.0,254.8000030517578,254.9600067138672,35401
2026-01-28 18:08:00+00:00,254.89999389648438,254.91000366210938,254.8300018310547,254.8300018310547,19365
2026-01-28 18:09:00+00:00,254.94000244140625,254.99000549316406,254.85000610351562,254.8800048828125,18659
2026-01-28 18:10:00+00:00,254.85000610351562,254.94000244140625,254.83999633789062,254.92999267578125,23134
2026-01-28 18:11:00+00:00,254.86500549316406,254.86500549316406,254.82000732421875,254.85000610351562,16303
2026-01-28 18:12:00+00:00,254.9398956298828,255.0,254.8699951171875,254.8699951171875,36004
2026-01-28 18:13:00+00:00,254.94000244140625,254.94000244140625,254.8800048828125,254.92999267578125,17735
2026-01-28 18:14:00+00:00,254.9550018310547,255.0,254.94000244140625,254.94009399414062,19552
2026-01-28 18:15:00+00:00,254.99000549316406,254.99000549316406,254.9499969482422,254.9499969482422,17961
2026-01-28 18:16:00+00:00,255.22500610351562,255.22500610351562,254.98260498046875,254.98480224609375,55233
2026-01-28 18:17:00+00:00,255.3000030517578,255.30999755859375,255.22779846191406,255.22779846191406,33727
2026-01-28 18:18:00+00:00,255.21499633789062,255.30999755859375,255.2100067138672,255.27999877929688,24887
2026-01-28 18:19:00+00:00,255.2899932861328,255.31500244140625,255.19009399414062,255.2100067138672,27180
2026-01-28 18:20:00+00:00,255.2949981689453,255.38999938964844,255.27999877929688,255.29930114746094,31926
2026-01-28 18:21:00+00:00,255.24850463867188,255.34500122070312,255.24000549316406,255.3000030517578,25052
2026-01-28 18:22:00+00:00,255.1999969482422,255.2899932861328,255.1938934326172,255.25,24671
2026-01-28 18:23:00+00:00,255.1999053955078,255.24000549316406,255.1699981689453,255.20989990234375,18562
2026-01-28 18:24:00+00:00,255.29989624023438,255.3000030517578,255.18499755859375,255.19500732421875,23265
2026-01-28 18:25:00+00:00,255.24000549316406,255.2949981689453,255.22999572753906,255.2899932861328,21983
2026-01-28 18:26:00+00:00,255.2949981689453,255.2949981689453,255.22999572753906,255.22999572753906,16953
2026-01-28 18:27:00+00:00,255.2949981689453,255.33999633789062,255.25999450683594,255.2899932861328,22813
2026-01-28 18:28:00+00:00,255.2449951171875,255.32000732421875,255.24000549316406,255.2899932861328,17750
2026-01-28 18:29:00+00:00,255.2550048828125,255.30999755859375,255.25,255.25,13464
2026-01-28 18:30:00+00:00,255.28500366210938,255.34500122070312,255.25999450683594,255.25999450683594,27504
2026-01-28 18:31:00+00:00,255.22999572753906,255.29750061035156,255.22999572753906,255.27999877929688,23079
2026-01-28 18:32:00+00:00,255.16000366210938,255.22000122070312,255.15499877929688,255.22000122070312,20034
2026-01-28 18:33:00+00:00,255.08999633789062,255.1649932861328,255.05999755859375,255.16000366210938,42714
2026-01-28 18:34:00+00:00,255.0399932861328,255.14999389648438,254.99000549316406,255.0850067138672,28728
2026-01-28 18:35:00+00:00,255.1199951171875,255.1199951171875,255.02499389648438,255.03500366210938,26417
2026-01-28 18:36:00+00:00,255.125,255.17999267578125,255.05999755859375,255.11000061035156,26386
2026-01-28 18:37:00+00:00,255.02000427246094,255.22000122070312,255.02000427246094,255.125,28966
2026-01-28 18:38:00+00:00,254.94000244140625,255.0258026123047,254.8800048828125,255.0258026123047,26817
2026-01-28 18:39:00+00:00,254.9600067138672,255.02499389648438,254.94400024414062,254.94400024414062,20817
2026-01-28 18:40:00+00:00,255.0399932861328,255.0399932861328,254.97999572753906,254.97999572753906,21568
2026-01-28 18:41:00+00:00,255.125,255.15499877929688,255.02000427246094,255.0500030517578,20673
2026-01-28 18:42:00+00:00,255.3000030517578,255.30999755859375,255.1199951171875,255.1199951171875,21967
2026-01-28 18:43:00+00:00,255.2550048828125,255.3000030517578,255.16000366210938,255.3000030517578,25495
2026-01-28 18:44:00+00:00,255.31500244140625,255.32000732421875,255.25,255.2550048828125,30197
2026-01-28 18:45:00+00:00,255.27499389648438,255.33999633789062,255.27000427246094,255.32000732421875,27115
2026-01-28 18:46:00+00:00,255.21499633789062,255.27999877929688,255.14999389648438,255.27499389648438,39639
2026-01-28 18:47:00+00:00,255.2449951171875,255.2899932861328,255.17999267578125,255.21499633789062,23123
2026-01-28 18:48:00+00:00,255.27999877929688,255.27999877929688,255.19000244140625,255.25,19724
2026-01-28 18:49:00+00:00,255.39999389648438,255.4199981689453,255.27999877929688,255.27999877929688,27412
2026-01-28 18:50:00+00:00,255.5800018310547,255.5800018310547,255.39999389648438,255.39999389648438,36287
2026-01-28 18:51:00+00:00,255.58999633789062,255.67999267578125,255.5399932861328,255.58999633789062,44479
2026-01-28 18:52:00+00:00,255.58999633789062,255.60499572753906,255.5500030517578,255.60000610351562,34242
2026-01-28 18:53:00+00:00,255.5050048828125,255.5998992919922,255.5,255.5998992919922,31720
2026-01-28 18:54:00+00:00,255.69000244140625,255.72000122070312,255.50999450683594,255.50999450683594,39672
2026-01-28 18:55:00+00:00,255.6999969482422,255.75,255.66000366210938,255.67999267578125,25793
2026-01-28 18:56:00+00:00,255.76010131835938,255.77999877929688,255.67999267578125,255.6999969482422,25183
2026-01-28 18:57:00+00:00,255.80999755859375,255.8300018310547,255.7200927734375,255.72999572753906,35264
2026-01-28 18:58:00+00:00,255.75999450683594,255.8800048828125,255.74000549316406,255.8249969482422,44163
2026-01-28 18:59:00+00:00,255.656494140625,255.75,255.61000061035156,255.75,30291
2026-01-28 19:00:00+00:00,255.73800659179688,255.86500549316406,255.5399932861328,255.66000366210938,49608
2026-01-28 19:01:00+00:00,255.3699951171875,255.75,255.35000610351562,255.75,38132
2026-01-28 19:02:00+00:00,255.16000366210938,255.3699951171875,255.1199951171875,255.3699951171875,38687
2026-01-28 19:03:00+00:00,255.1894989013672,255.32000732421875,255.1300048828125,255.13999938964844,32382
2026-01-28 19:04:00+00:00,255.25,255.41000366210938,255.1999969482422,255.2100067138672,26661
2026-01-28 19:05:00+00:00,255.13999938964844,255.32510375976562,255.13999938964844,255.22999572753906,23750
2026-01-28 19:06:00+00:00,255.2899932861328,255.32000732421875,255.13999938964844,255.16000366210938,31463
2026-01-28 19:07:00+00:00,255.30999755859375,255.4398956298828,255.2899932861328,255.3000030517578,32102
2026-01-28 19:08:00+00:00,255.31500244140625,255.40989685058594,255.2899932861328,255.32000732421875,22658
2026-01-28 19:09:00+00:00,255.35000610351562,255.39999389648438,255.2899932861328,255.3300018310547,27047
2026-01-28 19:10:00+00:00,255.27000427246094,255.3300018310547,255.2100067138672,255.3300018310547,29163
2026-01-28 19:11:00+00:00,255.25,255.27499389648438,255.14999389648438,255.27000427246094,36503
2026-01-28 19:12:00+00:00,255.2100067138672,255.2716064453125,255.2100067138672,255.22999572753906,20313
2026-01-28 19:13:00+00:00,255.05999755859375,255.21499633789062,255.05999755859375,255.2100067138672,29058
2026-01-28 19:14:00+00:00,255.00999450683594,255.11000061035156,254.9300994873047,255.05999755859375,49311
2026-01-28 19:15:00+00:00,254.9499969482422,255.00999450683594,254.89999389648438,255.0,40477
2026-01-28 19:16:00+00:00,255.02000427246094,255.0500030517578,254.88999938964844,254.9499969482422,36097
2026-01-28 19:17:00+00:00,254.89999389648438,255.03529357910156,254.8800048828125,255.0,33566
2026-01-28 19:18:00+00:00,254.92999267578125,254.93580627441406,254.77999877929688,254.9199981689453,23683
2026-01-28 19:19:00+00:00,255.11500549316406,255.13999938964844,254.92999267578125,254.92999267578125,45746
2026-01-28 19:20:00+00:00,255.02000427246094,255.14999389648438,255.00999450683594,255.1300048828125,32203
2026-01-28 19:21:00+00:00,254.8699951171875,255.02000427246094,254.85000610351562,255.00999450683594,34045
2026-01-28 19:22:00+00:00,255.04629516601562,255.05999755859375,254.83999633789062,254.86000061035156,23238
2026-01-28 19:23:00+00:00,255.1999969482422,255.1999969482422,255.0399932861328,255.0449981689453,26189
2026-01-28 19:24:00+00:00,255.25999450683594,255.30999755859375,255.13999938964844,255.2100067138672,44152
2026-01-28 19:25:00+00:00,255.2530059814453,255.3300018310547,255.22999572753906,255.27999877929688,30997
2026-01-28 19:26:00+00:00,255.2899932861328,255.3249969482422,255.22000122070312,255.25,23738
2026-01-28 19:27:00+00:00,255.32009887695312,255.36940002441406,255.2899932861328,255.2899932861328,33328
2026-01-28 19:28:00+00:00,255.22000122070312,255.32000732421875,255.21780395507812,255.32000732421875,24856
2026-01-28 19:29:00+00:00,255.11000061035156,255.27000427246094,254.97000122070312,255.2100067138672,84835
2026-01-28 19:30:00+00:00,255.35000610351562,255.49000549316406,255.0500030517578,255.0800018310547,115369
2026-01-28 19:31:00+00:00,255.3000030517578,255.41000366210938,255.1300048828125,255.33999633789062,78762
2026-01-28 19:32:00+00:00,255.5487060546875,255.61990356445312,255.2100067138672,255.30999755859375,72293
2026-01-28 19:33:00+00:00,255.75999450683594,255.89999389648438,255.50999450683594,255.5399932861328,129867
2026-01-28 19:34:00+00:00,255.52000427246094,255.83999633789062,255.47999572753906,255.74000549316406,70063
2026-01-28 19:35:00+00:00,255.43350219726562,255.6300048828125,255.42999267578125,255.52999877929688,50286
2026-01-28 19:36:00+00:00,255.63999938964844,255.67999267578125,255.39500427246094,255.42999267578125,33549
2026-01-28 19:37:00+00:00,255.7469940185547,255.89599609375,255.62770080566406,255.64999389648438,43364
2026-01-28 19:38:00+00:00,255.60000610351562,255.8000030517578,255.5500030517578,255.72999572753906,35324
2026-01-28 19:39:00+00:00,255.4199981689453,255.61000061035156,255.4199981689453,255.5800018310547,40570
2026-01-28 19:40:00+00:00,255.47000122070312,255.49000549316406,255.27000427246094,255.38999938964844,35272
2026-01-28 19:41:00+00:00,255.52000427246094,255.5800018310547,255.34500122070312,255.47999572753906,37222
2026-01-28 19:42:00+00:00,255.63999938964844,255.6750030517578,255.51499938964844,255.51499938964844,24255
2026-01-28 19:43:00+00:00,255.5500030517578,255.7823028564453,255.5500030517578,255.66000366210938,41517
2026-01-28 19:44:00+00:00,255.63999938964844,255.69000244140625,255.52999877929688,255.55999755859375,25217
2026-01-28 19:45:00+00:00,255.8699951171875,255.8699951171875,255.6300048828125,255.63999938964844,34094
2026-01-28 19:46:00+00:00,255.83009338378906,255.94000244140625,255.75,255.8800048828125,43201
2026-01-28 19:47:00+00:00,256.0,256.0299987792969,255.86000061035156,255.86000061035156,41963
2026-01-28 19:48:00+00:00,256.1199951171875,256.2200012207031,255.99000549316406,255.99000549316406,49961
2026-01-28 19:49:00+00:00,255.92999267578125,256.1600036621094,255.9250030517578,256.1300048828125,49524
2026-01-28 19:50:00+00:00,255.80999755859375,255.97000122070312,255.8000030517578,255.94000244140625,54550
2026-01-28 19:51:00+00:00,255.87010192871094,255.89500427246094,255.72000122070312,255.80999755859375,39771
2026-01-28 19:52:00+00:00,255.97000122070312,256.03900146484375,255.88499450683594,255.88499450683594,47992
2026-01-28 19:53:00+00:00,256.0,256.0299987792969,255.8699951171875,255.97500610351562,77904
2026-01-28 19:54:00+00:00,256.1700134277344,256.19000244140625,255.94000244140625,255.97999572753906,49470
2026-01-28 19:55:00+00:00,256.1000061035156,256.19000244140625,256.0799865722656,256.1700134277344,40074
2026-01-28 19:56:00+00:00,256.0599060058594,256.17010498046875,255.99000549316406,256.1000061035156,89669
2026-01-28 19:57:00+00:00,256.07000732421875,256.07000732421875,255.92999267578125,256.04998779296875,53663
2026-01-28 19:58:00+00:00,256.2850036621094,256.29998779296875,256.0899963378906,256.0899963378906,54594
2026-01-28 19:59:00+00:00,256.2900085449219,256.3699951171875,256.25,256.2900085449219,64627
2026-01-28 20:00:00+00:00,256.32000732421875,256.4364929199219,256.2099914550781,256.2900085449219,82651
2026-01-28 20:01:00+00:00,256.5199890136719,256.6400146484375,256.3299865722656,256.3299865722656,104543
2026-01-28 20:02:00+00:00,256.3699951171875,256.5586853027344,256.32000732421875,256.5249938964844,60166
2026-01-28 20:03:00+00:00,256.19000244140625,256.4173889160156,256.17498779296875,256.3800048828125,60010
2026-01-28 20:04:00+00:00,256.1700134277344,256.2099914550781,256.08990478515625,256.19000244140625,50785
2026-01-28 20:05:00+00:00,256.05999755859375,256.2149963378906,256.0450134277344,256.1700134277344,70140
2026-01-28 20:06:00+00:00,256.1199951171875,256.15728759765625,256.0299987792969,256.0450134277344,50931
2026-01-28 20:07:00+00:00,256.0299987792969,256.2200012207031,256.0299987792969,256.1199951171875,58898
2026-01-28 20:08:00+00:00,256.1499938964844,256.1499938964844,256.0299987792969,256.0400085449219,40711
2026-01-28 20:09:00+00:00,256.239990234375,256.2699890136719,256.1499938964844,256.1600036621094,53773
2026-01-28 20:10:00+00:00,256.3349914550781,256.3999938964844,256.2149963378906,256.2300109863281,61127
2026-01-28 20:11:00+00:00,256.2200012207031,256.4100036621094,256.2099914550781,256.3500061035156,54222
2026-01-28 20:12:00+00:00,256.2872009277344,256.32989501953125,256.2001037597656,256.2099914550781,38184
2026-01-28 20:13:00+00:00,256.2752990722656,256.29998779296875,256.2099914550781,256.2799987792969,36178
2026-01-28 20:14:00+00:00,256.20001220703125,256.28900146484375,256.1449890136719,256.2799987792969,52934
2026-01-28 20:15:00+00:00,256.0799865722656,256.19000244140625,255.97000122070312,256.19000244140625,70110
2026-01-28 20:16:00+00:00,256.1499938964844,256.2200012207031,256.0101013183594,256.07501220703125,49078
2026-01-28 20:17:00+00:00,256.2449951171875,256.2699890136719,256.1200866699219,256.1549987792969,43513
2026-01-28 20:18:00+00:00,256.2950134277344,256.2950134277344,256.2398986816406,256.2550048828125,38410
2026-01-28 20:19:00+00:00,256.3494873046875,256.3500061035156,256.2900085449219,256.29010009765625,41014
2026-01-28 20:20:00+00:00,256.0199890136719,256.375,256.0199890136719,256.3450012207031,61548
2026-01-28 20:21:00+00:00,256.1700134277344,256.19000244140625,256.0,256.0299987792969,49766
2026-01-28 20:22:00+00:00,256.05999755859375,256.17999267578125,255.97999572753906,256.1600036621094,80635
2026-01-28 20:23:00+00:00,256.04998779296875,256.09991455078125,256.0199890136719,256.05999755859375,73395
2026-01-28 20:24:00+00:00,256.260009765625,256.3299865722656,256.04010009765625,256.0498962402344,98306
2026-01-28 20:25:00+00:00,256.2384033203125,256.54998779296875,256.2300109863281,256.260009765625,96520
2026-01-28 20:26:00+00:00,256.2200012207031,256.32501220703125,256.2200012207031,256.25,46361
2026-01-28 20:27:00+00:00,256.4100036621094,256.44500732421875,256.2200012207031,256.2300109863281,59775
2026-01-28 20:28:00+00:00,256.4100036621094,256.45379638671875,256.3800048828125,256.4200134277344,45075
2026-01-28 20:29:00+00:00,256.4750061035156,256.5299987792969,256.4100036621094,256.4150085449219,38822
2026-01-28 20:30:00+00:00,256.3799133300781,256.510009765625,256.3299865722656,256.4599914550781,70036
2026-01-28 20:31:00+00:00,256.42498779296875,256.427490234375,256.32000732421875,256.3699951171875,41631
2026-01-28 20:32:00+00:00,256.3699951171875,256.4800109863281,256.3699951171875,256.4200134277344,53174
2026-01-28 20:33:00+00:00,256.239990234375,256.389892578125,256.239990234375,256.3800048828125,52340
2026-01-28 20:34:00+00:00,256.2699890136719,256.29998779296875,256.2049865722656,256.2499084472656,57973
2026-01-28 20:35:00+00:00,256.3800048828125,256.4070129394531,256.18499755859375,256.2650146484375,58445
2026-01-28 20:36:00+00:00,256.3999938964844,256.44000244140625,256.32501220703125,256.3800048828125,51144
2026-01-28 20:37:00+00:00,256.3800048828125,256.4200134277344,256.364990234375,256.3999938964844,45266
2026-01-28 20:38:00+00:00,256.3599853515625,256.389892578125,256.30999755859375,256.3699951171875,40037
2026-01-28 20:39:00+00:00,256.6400146484375,256.6400146484375,256.3599853515625,256.360107421875,81323
2026-01-28 20:40:00+00:00,256.5299987792969,256.639892578125,256.5299987792969,256.6300048828125,73571
2026-01-28 20:41:00+00:00,256.4700012207031,256.5743103027344,256.4150085449219,256.53009033203125,49019
2026-01-28 20:42:00+00:00,256.5150146484375,256.5799865722656,256.45989990234375,256.47088623046875,56887
2026-01-28 20:43:00+00:00,256.510009765625,256.5400085449219,256.4383850097656,256.5199890136719,63726
2026-01-28 20:44:00+00:00,256.5299987792969,256.6199951171875,256.510009765625,256.5150146484375,52439
2026-01-28 20:45:00+00:00,256.4599914550781,256.55499267578125,256.4100036621094,256.510009765625,89168
2026-01-28 20:46:00+00:00,256.2200012207031,256.5,256.17999267578125,256.4700012207031,69254
2026-01-28 20:47:00+00:00,256.2650146484375,256.2799987792969,256.1499938964844,256.2250061035156,52304
2026-01-28 20:48:00+00:00,256.2699890136719,256.3800048828125,256.2641906738281,256.2641906738281,65711
2026-01-28 20:49:00+00:00,256.1300048828125,256.3299865722656,256.1199951171875,256.2799987792969,69300
2026-01-28 20:50:00+00:00,256.3800048828125,256.3900146484375,255.92999267578125,256.1300048828125,134182
2026-01-28 20:51:00+00:00,256.29998779296875,256.44000244140625,256.239990234375,256.3800048828125,73152
2026-01-28 20:52:00+00:00,256.451904296875,256.4800109863281,256.1400146484375,256.30999755859375,76038
2026-01-28 20:53:00+00:00,256.70001220703125,256.7699890136719,256.45001220703125,256.45001220703125,141010
2026-01-28 20:54:00+00:00,256.8299865722656,256.8500061035156,256.70001220703125,256.7049865722656,112550
2026-01-28 20:55:00+00:00,256.80999755859375,256.8999938964844,256.55999755859375,256.8399963378906,151476
2026-01-28 20:56:00+00:00,256.70001220703125,256.8999938964844,256.70001220703125,256.82000732421875,131854
2026-01-28 20:57:00+00:00,256.80010986328125,256.8699951171875,256.70001220703125,256.70001220703125,155119
2026-01-28 20:58:00+00:00,256.8299865722656,256.8399963378906,256.760009765625,256.82000732421875,340210
2026-01-28 20:59:00+00:00,256.44000244140625,256.8399963378906,256.2200012207031,256.8299865722656,583999
2026-01-29 14:30:00+00:00,258.7799987792969,259.4599914550781,257.80999755859375,258.07000732421875,1339583
2026-01-29 14:31:00+00:00,258.5400085449219,259.6499938964844,258.302490234375,258.80999755859375,176819
2026-01-29 14:32:00+00:00,258.2250061035156,258.7799987792969,258.0,258.5799865722656,156628
2026-01-29 14:33:00+00:00,257.82000732421875,258.29998779296875,257.7799987792969,258.2250061035156,130809
2026-01-29 14:34:00+00:00,257.6300048828125,258.1199951171875,257.5299987792969,257.8599853515625,184812
2026-01-29 14:35:00+00:00,257.3251953125,257.80999755859375,257.1499938964844,257.68499755859375,148981
2026-01-29 14:36:00+00:00,257.20001220703125,257.57000732421875,257.1700134277344,257.32000732421875,92829
2026-01-29 14:37:00+00:00,257.0398864746094,257.3399963378906,256.8999938964844,257.1600036621094,92784
2026-01-29 14:38:00+00:00,256.82000732421875,257.1300048828125,256.69000244140625,257.0,128448
2026-01-29 14:39:00+00:00,256.82000732421875,257.05999755859375,256.6000061035156,256.7900085449219,139131
2026-01-29 14:40:00+00:00,256.989990234375,257.05999755859375,256.6210021972656,256.80419921875,88651
2026-01-29 14:41:00+00:00,257.1600036621094,257.239990234375,256.92999267578125,256.9700012207031,89413
2026-01-29 14:42:00+00:00,257.1050109863281,257.32000732421875,256.8299865722656,257.1897888183594,132406
2026-01-29 14:43:00+00:00,256.6700134277344,257.30999755859375,256.6205139160156,257.1000061035156,129899
2026-01-29 14:44:00+00:00,256.2200012207031,256.8999938964844,256.2200012207031,256.68499755859375,126924
2026-01-29 14:45:00+00:00,256.4200134277344,256.4798889160156,256.07000732421875,256.25,120355
2026-01-29 14:46:00+00:00,256.42498779296875,256.52880859375,256.2200012207031,256.42999267578125,92987
2026-01-29 14:47:00+00:00,256.7099914550781,256.7099914550781,256.2900085449219,256.42498779296875,125972
2026-01-29 14:48:00+00:00,256.9549865722656,257.1239929199219,256.69500732421875,256.69500732421875,129261
2026-01-29 14:49:00+00:00,256.8299865722656,257.0799865722656,256.7850036621094,256.9549865722656,81755
2026-01-29 14:50:00+00:00,256.9649963378906,257.05999755859375,256.67999267578125,256.7900085449219,93271
2026-01-29 14:51:00+00:00,257.07000732421875,257.07000732421875,256.7099914550781,256.9800109863281,69725
2026-01-29 14:52:00+00:00,257.0889892578125,257.2049865722656,256.989990234375,257.052001953125,85731
2026-01-29 14:53:00+00:00,256.8349914550781,257.1300048828125,256.8349914550781,257.0799865722656,76556
2026-01-29 14:54:00+00:00,257.3699951171875,257.3699951171875,256.80999755859375,256.82501220703125,94055
2026-01-29 14:55:00+00:00,257.6199951171875,257.6499938964844,257.2200012207031,257.3599853515625,103756
2026-01-29 14:56:00+00:00,257.2699890136719,257.6600036621094,257.2099914550781,257.635009765625,68571
2026-01-29 14:57:00+00:00,256.8299865722656,257.2699890136719,256.7200012207031,257.2200012207031,78984
2026-01-29 14:58:00+00:00,256.8900146484375,256.9100036621094,256.67999267578125,256.80999755859375,82165
2026-01-29 14:59:00+00:00,256.79998779296875,256.989990234375,256.7099914550781,256.92999267578125,95109
2026-01-29 15:00:00+00:00,256.3399963378906,256.82000732421875,256.260009765625,256.80999755859375,119439
2026-01-29 15:01:00+00:00,256.32000732421875,256.5602111816406,256.2300109863281,256.3900146484375,137810
2026-01-29 15:02:00+00:00,256.2950134277344,256.5740051269531,256.19000244140625,256.3599853515625,75304
2026-01-29 15:03:00+00:00,255.9600067138672,256.4599914550781,255.9499969482422,256.30499267578125,91871
2026-01-29 15:04:00+00:00,256.2749938964844,256.2799072265625,255.86000061035156,255.9600067138672,93125
2026-01-29 15:05:00+00:00,255.89999389648438,256.2699890136719,255.89999389648438,256.2699890136719,50111
2026-01-29 15:06:00+00:00,255.69500732421875,255.97000122070312,255.61500549316406,255.8800048828125,110875
2026-01-29 15:07:00+00:00,255.5500030517578,255.82000732421875,255.5399932861328,255.72500610351562,65478
2026-01-29 15:08:00+00:00,255.72999572753906,255.92999267578125,255.5399932861328,255.5399932861328,69046
2026-01-29 15:09:00+00:00,255.83999633789062,255.8800048828125,255.6199951171875,255.74000549316406,64298
2026-01-29 15:10:00+00:00,255.9199981689453,255.9199981689453,255.49000549316406,255.86000061035156,73760
2026-01-29 15:11:00+00:00,256.2699890136719,256.30999755859375,255.8699951171875,255.88999938964844,74314
2026-01-29 15:12:00+00:00,256.0899963378906,256.2950134277344,256.04998779296875,256.260009765625,87039
2026-01-29 15:13:00+00:00,256.4599914550781,256.5,256.0400085449219,256.1700134277344,112875
2026-01-29 15:14:00+00:00,256.3299865722656,256.510009765625,256.29998779296875,256.4700012207031,184627
2026-01-29 15:15:00+00:00,256.8500061035156,256.89990234375,256.364990234375,256.364990234375,76563
2026-01-29 15:16:00+00:00,256.6600036621094,256.8450012207031,256.3999938964844,256.8399963378906,82344
2026-01-29 15:17:00+00:00,256.6400146484375,256.760009765625,256.4150085449219,256.6199951171875,64588
2026-01-29 15:18:00+00:00,256.82000732421875,256.9599914550781,256.6099853515625,256.6400146484375,73204
2026-01-29 15:19:00+00:00,256.67498779296875,256.94000244140625,256.6700134277344,256.8599853515625,68942
2026-01-29 15:20:00+00:00,256.93499755859375,256.94000244140625,256.6000061035156,256.67999267578125,61038
2026-01-29 15:21:00+00:00,256.9800109863281,256.989990234375,256.76458740234375,256.94500732421875,65055
2026-01-29 15:22:00+00:00,257.25,257.42999267578125,256.8999938964844,256.9800109863281,131217
2026-01-29 15:23:00+00:00,257.1050109863281,257.3699951171875,257.0400085449219,257.2500915527344,131904
2026-01-29 15:24:00+00:00,257.2900085449219,257.4200134277344,257.1099853515625,257.1400146484375,89683
2026-01-29 15:25:00+00:00,257.4200134277344,257.5299987792969,257.2799987792969,257.32000732421875,99114
2026-01-29 15:26:00+00:00,257.3699951171875,257.69000244140625,257.30999755859375,257.42999267578125,89275
2026-01-29 15:27:00+00:00,257.06500244140625,257.4800109863281,257.0400085449219,257.3999938964844,144355
2026-01-29 15:28:00+00:00,257.010009765625,257.1300048828125,256.92718505859375,257.07000732421875,65302
2026-01-29 15:29:00+00:00,256.8999938964844,257.0799865722656,256.8599853515625,257.0,73245
2026-01-29 15:30:00+00:00,256.90509033203125,257.0400085449219,256.7300109863281,256.8900146484375,62740
2026-01-29 15:31:00+00:00,256.6499938964844,257.0249938964844,256.55999755859375,256.9200134277344,60118
2026-01-29 15:32:00+00:00,256.3500061035156,256.7099914550781,256.3500061035156,256.6650085449219,68127
2026-01-29 15:33:00+00:00,256.15008544921875,256.3700866699219,256.15008544921875,256.3500061035156,68688
2026-01-29 15:34:00+00:00,256.1217041015625,256.3699951171875,256.0799865722656,256.1700134277344,83814
2026-01-29 15:35:00+00:00,256.1499938964844,256.2200012207031,255.91000366210938,256.1199951171875,83935
2026-01-29 15:36:00+00:00,255.92999267578125,256.1499938964844,255.8300018310547,256.1499938964844,69219
2026-01-29 15:37:00+00:00,255.90989685058594,256.139892578125,255.89999389648438,255.9600067138672,73138
2026-01-29 15:38:00+00:00,255.77000427246094,255.88999938964844,255.71009826660156,255.88999938964844,83585
2026-01-29 15:39:00+00:00,255.83999633789062,256.010009765625,255.67999267578125,255.77499389648438,79098
2026-01-29 15:40:00+00:00,255.72500610351562,255.86000061035156,255.4949951171875,255.86000061035156,149348
2026-01-29 15:41:00+00:00,255.60000610351562,255.77000427246094,255.4199981689453,255.72000122070312,144376
2026-01-29 15:42:00+00:00,255.27000427246094,255.6300048828125,255.2100067138672,255.58999633789062,82123
2026-01-29 15:43:00+00:00,255.0500030517578,255.27999877929688,255.00999450683594,255.26089477539062,88209
2026-01-29 15:44:00+00:00,255.13999938964844,255.13999938964844,254.7899932861328,255.05999755859375,128104
2026-01-29 15:45:00+00:00,255.19000244140625,255.32000732421875,255.0500030517578,255.13999938964844,115602
2026-01-29 15:46:00+00:00,255.1300048828125,255.2449951171875,255.02999877929688,255.2100067138672,65682
2026-01-29 15:47:00+00:00,255.17999267578125,255.33999633789062,254.9600067138672,255.1300048828125,75795
2026-01-29 15:48:00+00:00,255.11000061035156,255.27999877929688,255.07000732421875,255.19000244140625,53716
2026-01-29 15:49:00+00:00,254.72000122070312,255.1300048828125,254.61000061035156,255.1300048828125,82717
2026-01-29 15:50:00+00:00,254.4499969482422,254.7100067138672,254.41000366210938,254.7100067138672,100261
2026-01-29 15:51:00+00:00,254.6300048828125,254.75,254.44000244140625,254.44000244140625,101330
2026-01-29 15:52:00+00:00,254.75990295410156,254.79249572753906,254.6199951171875,254.66619873046875,56066
2026-01-29 15:53:00+00:00,255.0,255.0800018310547,254.64999389648438,254.72999572753906,102835
2026-01-29 15:54:00+00:00,255.04110717773438,255.17999267578125,254.91000366210938,255.00999450683594,68071
2026-01-29 15:55:00+00:00,255.33999633789062,255.35000610351562,254.92999267578125,255.05999755859375,81889
2026-01-29 15:56:00+00:00,255.67999267578125,255.72500610351562,255.2899932861328,255.33999633789062,100716
2026-01-29 15:57:00+00:00,255.69000244140625,255.91000366210938,255.6199951171875,255.69500732421875,76322
2026-01-29 15:58:00+00:00,255.43499755859375,255.7122039794922,255.4149932861328,255.67999267578125,88239
2026-01-29 15:59:00+00:00,255.4550018310547,255.58999633789062,255.37120056152344,255.43460083007812,58990
2026-01-29 16:00:00+00:00,255.33999633789062,255.55999755859375,255.2100067138672,255.4499969482422,55588
2026-01-29 16:01:00+00:00,255.25999450683594,255.4499969482422,255.2100067138672,255.40499877929688,114981
2026-01-29 16:02:00+00:00,255.08999633789062,255.27999877929688,254.89999389648438,255.27999877929688,74608
2026-01-29 16:03:00+00:00,255.28500366210938,255.44000244140625,255.0800018310547,255.1199951171875,84185
2026-01-29 16:04:00+00:00,255.05999755859375,255.52499389648438,255.0399932861328,255.27940368652344,72625
2026-01-29 16:05:00+00:00,255.42999267578125,255.4499969482422,255.00999450683594,255.05499267578125,57514
2026-01-29 16:06:00+00:00,255.4199981689453,255.4600067138672,255.2100067138672,255.39999389648438,80524
2026-01-29 16:07:00+00:00,255.27999877929688,255.4149932861328,255.1999969482422,255.38999938964844,66509
2026-01-29 16:08:00+00:00,255.4600067138672,255.5800018310547,255.22999572753906,255.27499389648438,75993
2026-01-29 16:09:00+00:00,255.78500366210938,255.9199981689453,255.44000244140625,255.4600067138672,77868
2026-01-29 16:10:00+00:00,255.67999267578125,255.8000030517578,255.5399932861328,255.77000427246094,74731
2026-01-29 16:11:00+00:00,255.7949981689453,255.85000610351562,255.6199951171875,255.67999267578125,76462
2026-01-29 16:12:00+00:00,255.8300018310547,255.9199981689453,255.7100067138672,255.82000732421875,56371
2026-01-29 16:13:00+00:00,256.0199890136719,256.0400085449219,255.8000030517578,255.82000732421875,68943
2026-01-29 16:14:00+00:00,255.86000061035156,256.1300048828125,255.85000610351562,256.0249938964844,68506
2026-01-29 16:15:00+00:00,255.7899932861328,255.97999572753906,255.78770446777344,255.8800048828125,86527
2026-01-29 16:16:00+00:00,255.8000030517578,255.9199981689453,255.67999267578125,255.77000427246094,54822
2026-01-29 16:17:00+00:00,255.61000061035156,255.9149932861328,255.55999755859375,255.8000030517578,67774
2026-01-29 16:18:00+00:00,255.60000610351562,255.6199951171875,255.39999389648438,255.60000610351562,62086
2026-01-29 16:19:00+00:00,255.91000366210938,256.010009765625,255.5800018310547,255.6199951171875,73412
2026-01-29 16:20:00+00:00,256.0799865722656,256.12969970703125,255.89999389648438,255.91000366210938,96046
2026-01-29 16:21:00+00:00,256.3900146484375,256.4100036621094,256.07000732421875,256.114990234375,105165
2026-01-29 16:22:00+00:00,255.89059448242188,256.3949890136719,255.86000061035156,256.3949890136719,105514
2026-01-29 16:23:00+00:00,255.9600067138672,256.0899963378906,255.8699951171875,255.8699951171875,49393
2026-01-29 16:24:00+00:00,256.1300048828125,256.260009765625,255.9600067138672,255.99000549316406,100751
2026-01-29 16:25:00+00:00,256.2699890136719,256.30999755859375,256.1400146484375,256.1600036621094,68674
2026-01-29 16:26:00+00:00,255.9499969482422,256.31500244140625,255.91650390625,256.2799987792969,47993
2026-01-29 16:27:00+00:00,256.0,256.0799865722656,255.85009765625,255.9499969482422,65474
2026-01-29 16:28:00+00:00,255.9600067138672,256.0799865722656,255.89500427246094,256.010009765625,104125
2026-01-29 16:29:00+00:00,256.1700134277344,256.2200012207031,255.94000244140625,255.94000244140625,55872
2026-01-29 16:30:00+00:00,256.2699890136719,256.3299865722656,256.1000061035156,256.1300048828125,51380
2026-01-29 16:31:00+00:00,255.82000732421875,256.25,255.8000030517578,256.2344055175781,109323
2026-01-29 16:32:00+00:00,255.7899932861328,255.92999267578125,255.74850463867188,255.82000732421875,42241
2026-01-29 16:33:00+00:00,255.77999877929688,255.92999267578125,255.74000549316406,255.77000427246094,54490
2026-01-29 16:34:00+00:00,255.63009643554688,255.83990478515625,255.63009643554688,255.80499267578125,57122
2026-01-29 16:35:00+00:00,255.47999572753906,255.61000061035156,255.39500427246094,255.61000061035156,48560
2026-01-29 16:36:00+00:00,255.5,255.7010040283203,255.47000122070312,255.47999572753906,40460
2026-01-29 16:37:00+00:00,255.6199951171875,255.79249572753906,255.4600067138672,255.46749877929688,33320
2026-01-29 16:38:00+00:00,255.6699981689453,255.8300018310547,255.60000610351562,255.60000610351562,98914
2026-01-29 16:39:00+00:00,255.77000427246094,255.8699951171875,255.6300048828125,255.6649932861328,52203
2026-01-29 16:40:00+00:00,255.72500610351562,255.84500122070312,255.6999969482422,255.76499938964844,55149
2026-01-29 16:41:00+00:00,255.6199951171875,255.7899932861328,255.59750366210938,255.7198028564453,56179
2026-01-29 16:42:00+00:00,255.625,255.64999389648438,255.5,255.5850067138672,45419
2026-01-29 16:43:00+00:00,255.58999633789062,255.75,255.58999633789062,255.625,42850
2026-01-29 16:44:00+00:00,255.59010314941406,255.72999572753906,255.5500030517578,255.60350036621094,48737
2026-01-29 16:45:00+00:00,255.5449981689453,255.77000427246094,255.53500366210938,255.63999938964844,96100
2026-01-29 16:46:00+00:00,255.5800018310547,255.7050018310547,255.5399932861328,255.5800018310547,51544
2026-01-29 16:47:00+00:00,255.52999877929688,255.69000244140625,255.4600067138672,255.60000610351562,53420
2026-01-29 16:48:00+00:00,255.4801025390625,255.5800018310547,255.4199981689453,255.52000427246094,58279
2026-01-29 16:49:00+00:00,255.51010131835938,255.60000610351562,255.3800048828125,255.47999572753906,41331
2026-01-29 16:50:00+00:00,255.47000122070312,255.64999389648438,255.42999267578125,255.52999877929688,59021
2026-01-29 16:51:00+00:00,255.42999267578125,255.60899353027344,255.4199981689453,255.47000122070312,41472
2026-01-29 16:52:00+00:00,255.2550048828125,255.4550018310547,255.24000549316406,255.39999389648438,52867
2026-01-29 16:53:00+00:00,255.33009338378906,255.41000366210938,255.22999572753906,255.25,40973
2026-01-29 16:54:00+00:00,255.3300018310547,255.39999389648438,255.2949981689453,255.36500549316406,28653
2026-01-29 16:55:00+00:00,255.1699981689453,255.36000061035156,255.1199951171875,255.3350067138672,43542
2026-01-29 16:56:00+00:00,255.38009643554688,255.38499450683594,255.14999389648438,255.16000366210938,32332
2026-01-29 16:57:00+00:00,255.32000732421875,255.41000366210938,255.27000427246094,255.39500427246094,34809
2026-01-29 16:58:00+00:00,255.30999755859375,255.31900024414062,255.22509765625,255.30999755859375,27305
2026-01-29 16:59:00+00:00,255.38999938964844,255.52999877929688,255.30999755859375,255.30999755859375,36917
2026-01-29 17:00:00+00:00,255.55999755859375,255.6999969482422,255.34500122070312,255.39999389648438,44392
2026-01-29 17:01:00+00:00,255.88999938964844,255.9199981689453,255.5800018310547,255.5800018310547,38783
2026-01-29 17:02:00+00:00,256.17498779296875,256.17999267578125,255.7550048828125,255.8699951171875,68439
2026-01-29 17:03:00+00:00,255.97000122070312,256.2799987792969,255.97000122070312,256.17498779296875,69264
2026-01-29 17:04:00+00:00,255.9600067138672,256.07000732421875,255.88999938964844,255.968994140625,44907
2026-01-29 17:05:00+00:00,255.94000244140625,256.1099853515625,255.78500366210938,256.0,45988
2026-01-29 17:06:00+00:00,255.72500610351562,255.97999572753906,255.68080139160156,255.94500732421875,65750
2026-01-29 17:07:00+00:00,256.0299987792969,256.0398864746094,255.7200927734375,255.7449951171875,35927
2026-01-29 17:08:00+00:00,256.0199890136719,256.1000061035156,255.9149932861328,256.0299987792969,50490
2026-01-29 17:09:00+00:00,256.0299987792969,256.07000732421875,255.968994140625,256.010009765625,27555
2026-01-29 17:10:00+00:00,256.114990234375,256.1449890136719,255.97500610351562,256.0,33382
2026-01-29 17:11:00+00:00,256.19000244140625,256.32000732421875,256.0799865722656,256.1000061035156,52532
2026-01-29 17:12:00+00:00,256.30999755859375,256.3500061035156,256.19500732421875,256.19500732421875,38991
2026-01-29 17:13:00+00:00,256.57080078125,256.5899963378906,256.30999755859375,256.30999755859375,64709
2026-01-29 17:14:00+00:00,256.54998779296875,256.7550048828125,256.5299987792969,256.5899963378906,68213
2026-01-29 17:15:00+00:00,256.4700012207031,256.67498779296875,256.45001220703125,256.55999755859375,104855
2026-01-29 17:16:00+00:00,256.2799987792969,256.4599914550781,256.260009765625,256.45001220703125,57866
2026-01-29 17:17:00+00:00,256.1400146484375,256.3399963378906,256.0799865722656,256.2699890136719,59633
2026-01-29 17:18:00+00:00,256.1199951171875,256.17999267578125,256.010009765625,256.125,38414
2026-01-29 17:19:00+00:00,256.2926025390625,256.2926025390625,256.0899963378906,256.1199951171875,29818
2026-01-29 17:20:00+00:00,256.3900146484375,256.4800109863281,256.32000732421875,256.3599853515625,82636
2026-01-29 17:21:00+00:00,256.489990234375,256.6199951171875,256.3900146484375,256.3999938964844,91277
2026-01-29 17:22:00+00:00,256.5849914550781,256.5849914550781,256.3493957519531,256.5,71927
2026-01-29 17:23:00+00:00,256.69439697265625,256.7300109863281,256.5350036621094,256.5849914550781,62546
2026-01-29 17:24:00+00:00,256.6499938964844,256.7699890136719,256.5400085449219,256.69500732421875,80572
2026-01-29 17:25:00+00:00,256.93499755859375,257.1000061035156,256.6600036621094,256.6600036621094,152756
2026-01-29 17:26:00+00:00,256.8500061035156,256.95001220703125,256.75,256.9200134277344,92759
2026-01-29 17:27:00+00:00,257.139404296875,257.139404296875,256.8630065917969,256.8900146484375,89537
2026-01-29 17:28:00+00:00,257.3399963378906,257.3500061035156,257.1199951171875,257.1409912109375,109806
2026-01-29 17:29:00+00:00,257.2200012207031,257.4100036621094,257.1499938964844,257.3500061035156,115944
2026-01-29 17:30:00+00:00,257.17999267578125,257.3500061035156,257.1600036621094,257.20001220703125,72856
2026-01-29 17:31:00+00:00,257.4200134277344,257.44000244140625,257.17120361328125,257.17999267578125,65645
2026-01-29 17:32:00+00:00,257.2900085449219,257.4700012207031,257.2250061035156,257.4219055175781,99175
2026-01-29 17:33:00+00:00,257.239990234375,257.34698486328125,257.19000244140625,257.2799987792969,66053
2026-01-29 17:34:00+00:00,257.3900146484375,257.39990234375,257.2099914550781,257.2149963378906,62610
2026-01-29 17:35:00+00:00,257.42999267578125,257.4599914550781,257.3500061035156,257.3800048828125,53680
2026-01-29 17:36:00+00:00,257.4800109863281,257.55999755859375,257.3955993652344,257.44000244140625,55144
2026-01-29 17:37:00+00:00,257.6199951171875,257.6700134277344,257.489990234375,257.489990234375,90083
2026-01-29 17:38:00+00:00,257.4700012207031,257.6700134277344,257.4700012207031,257.625,57919
2026-01-29 17:39:00+00:00,257.25,257.45001220703125,257.1600036621094,257.45001220703125,59093
2026-01-29 17:40:00+00:00,257.0400085449219,257.25,257.010009765625,257.25,42193
2026-01-29 17:41:00+00:00,257.1000061035156,257.1400146484375,257.0199890136719,257.04998779296875,49229
2026-01-29 17:42:00+00:00,256.9200134277344,257.2025146484375,256.8999938964844,257.1050109863281,55034
2026-01-29 17:43:00+00:00,256.9630126953125,257.010009765625,256.8500061035156,256.8999938964844,36329
2026-01-29 17:44:00+00:00,257.05999755859375,257.1300048828125,256.9800109863281,256.9800109863281,48331
2026-01-29 17:45:00+00:00,256.9200134277344,257.07000732421875,256.9200134277344,257.05999755859375,35507
2026-01-29 17:46:00+00:00,256.95001220703125,257.010009765625,256.8699951171875,256.9100036621094,50428
2026-01-29 17:47:00+00:00,256.7799987792969,256.9700012207031,256.7300109863281,256.9200134277344,55638
2026-01-29 17:48:00+00:00,256.8699951171875,256.92999267578125,256.7699890136719,256.7799987792969,54018
2026-01-29 17:49:00+00:00,256.9200134277344,257.20001220703125,256.8599853515625,256.8599853515625,61075
2026-01-29 17:50:00+00:00,256.79998779296875,256.92999267578125,256.7377014160156,256.9100036621094,40329
2026-01-29 17:51:00+00:00,256.69000244140625,256.79998779296875,256.6700134277344,256.79998779296875,57253
2026-01-29 17:52:00+00:00,256.70001220703125,256.760009765625,256.5899963378906,256.7099914550781,73764
2026-01-29 17:53:00+00:00,256.7099914550781,256.75,256.5899963378906,256.6698913574219,61147
2026-01-29 17:54:00+00:00,256.7569885253906,256.8599853515625,256.54998779296875,256.7099914550781,172887
2026-01-29 17:55:00+00:00,256.8800048828125,256.989990234375,256.739990234375,256.80499267578125,57260
2026-01-29 17:56:00+00:00,256.9700012207031,257.0299987792969,256.8500061035156,256.8800048828125,73510
2026-01-29 17:57:00+00:00,256.7900085449219,256.9800109863281,256.7300109863281,256.9599914550781,58776
2026-01-29 17:58:00+00:00,256.9849853515625,256.989990234375,256.7550048828125,256.7900085449219,63316
2026-01-29 17:59:00+00:00,256.93499755859375,257.0400085449219,256.82000732421875,256.9700012207031,67087
2026-01-29 18:00:00+00:00,256.8699951171875,257.0299987792969,256.8414001464844,256.9800109863281,24485
2026-01-29 18:01:00+00:00,256.79998779296875,256.8550109863281,256.6400146484375,256.8500061035156,38651
2026-01-29 18:02:00+00:00,256.8901062011719,256.9100036621094,256.79998779296875,256.79998779296875,22114
2026-01-29 18:03:00+00:00,257.1099853515625,257.2900085449219,256.9049987792969,256.9049987792969,42310
2026-01-29 18:04:00+00:00,257.05499267578125,257.1400146484375,256.9599914550781,257.1050109863281,41889
2026-01-29 18:05:00+00:00,257.2189025878906,257.260009765625,257.05999755859375,257.05999755859375,51729
2026-01-29 18:06:00+00:00,257.1700134277344,257.2699890136719,257.1400146484375,257.20001220703125,42877
2026-01-29 18:07:00+00:00,257.0,257.20001220703125,257.0,257.17999267578125,46343
2026-01-29 18:08:00+00:00,256.95001220703125,257.05999755859375,256.95001220703125,256.9700012207031,30230
2026-01-29 18:09:00+00:00,256.9599914550781,256.98699951171875,256.7900085449219,256.92999267578125,32714
2026-01-29 18:10:00+00:00,256.92498779296875,257.07000732421875,256.9200134277344,256.9599914550781,26114
2026-01-29 18:11:00+00:00,257.0299987792969,257.05999755859375,256.860595703125,256.95001220703125,33527
2026-01-29 18:12:00+00:00,257.0199890136719,257.1549987792969,256.9800109863281,257.0299987792969,31444
2026-01-29 18:13:00+00:00,256.99261474609375,257.1099853515625,256.9800109863281,257.0199890136719,34860
2026-01-29 18:14:00+00:00,256.95001220703125,257.09979248046875,256.94000244140625,257.0,231866
2026-01-29 18:15:00+00:00,256.9789123535156,257.0400085449219,256.8699951171875,256.92999267578125,38117
2026-01-29 18:16:00+00:00,256.8349914550781,257.0,256.79998779296875,256.9800109863281,37996
2026-01-29 18:17:00+00:00,256.7699890136719,256.8699951171875,256.7438049316406,256.8399963378906,34050
2026-01-29 18:18:00+00:00,256.82000732421875,256.9100036621094,256.7300109863281,256.75,44668
2026-01-29 18:19:00+00:00,256.8599853515625,256.8999938964844,256.7900085449219,256.80999755859375,28300
2026-01-29 18:20:00+00:00,256.95001220703125,257.0400085449219,256.8800048828125,256.8900146484375,51182
2026-01-29 18:21:00+00:00,256.8800048828125,256.94000244140625,256.7699890136719,256.9100036621094,46495
2026-01-29 18:22:00+00:00,257.0,257.0799865722656,256.8699951171875,256.8999938964844,30772
2026-01-29 18:23:00+00:00,257.0400085449219,257.1000061035156,257.0050048828125,257.0090026855469,33333
2026-01-29 18:24:00+00:00,257.05999755859375,257.0899963378906,257.010009765625,257.05999755859375,26368
2026-01-29 18:25:00+00:00,257.04998779296875,257.1099853515625,257.0,257.0299987792969,38669
2026-01-29 18:26:00+00:00,257.1600036621094,257.239990234375,257.05999755859375,257.07000732421875,37079
2026-01-29 18:27:00+00:00,257.2099914550781,257.32000732421875,257.1700134277344,257.1700134277344,58761
2026-01-29 18:28:00+00:00,257.4200134277344,257.45001220703125,257.1700134277344,257.20001220703125,40587
2026-01-29 18:29:00+00:00,257.3800048828125,257.4599914550781,257.3450012207031,257.4200134277344,59820
2026-01-29 18:30:00+00:00,257.29998779296875,257.4200134277344,257.2699890136719,257.364990234375,73642
2026-01-29 18:31:00+00:00,257.3739929199219,257.45001220703125,257.17999267578125,257.2699890136719,63710
2026-01-29 18:32:00+00:00,257.32000732421875,257.45001220703125,257.31500244140625,257.3699951171875,44321
2026-01-29 18:33:00+00:00,257.43499755859375,257.45001220703125,257.30999755859375,257.30999755859375,64223
2026-01-29 18:34:00+00:00,257.57000732421875,257.57000732421875,257.44000244140625,257.44000244140625,55901
2026-01-29 18:35:00+00:00,257.614990234375,257.6650085449219,257.53009033203125,257.55999755859375,56931
2026-01-29 18:36:00+00:00,257.75,257.82000732421875,257.6199951171875,257.6199951171875,52767
2026-01-29 18:37:00+00:00,257.8699951171875,257.8699951171875,257.739990234375,257.760009765625,66716
2026-01-29 18:38:00+00:00,257.9049987792969,257.989990234375,257.7998962402344,257.8599853515625,71205
2026-01-29 18:39:00+00:00,257.8599853515625,257.9700012207031,257.79998779296875,257.8999938964844,78303
2026-01-29 18:40:00+00:00,257.8500061035156,258.0299987792969,257.82000732421875,257.8699035644531,83215
2026-01-29 18:41:00+00:00,257.80499267578125,257.8900146484375,257.79998779296875,257.864990234375,43037
2026-01-29 18:42:00+00:00,257.625,257.82000732421875,257.55999755859375,257.82000732421875,47951
2026-01-29 18:43:00+00:00,257.6300048828125,257.7349853515625,257.6099853515625,257.6099853515625,68073
2026-01-29 18:44:00+00:00,257.6200866699219,257.6499938964844,257.552001953125,257.6300048828125,44533
2026-01-29 18:45:00+00:00,257.4601135253906,257.6400146484375,257.4601135253906,257.6300048828125,37287
2026-01-29 18:46:00+00:00,257.3999938964844,257.4599914550781,257.3800048828125,257.4599914550781,41436
2026-01-29 18:47:00+00:00,257.3999938964844,257.4497985839844,257.3599853515625,257.4100036621094,34661
2026-01-29 18:48:00+00:00,257.3599853515625,257.4840087890625,257.3127136230469,257.4049987792969,40590
2026-01-29 18:49:00+00:00,257.468994140625,257.4775085449219,257.3599853515625,257.3599853515625,42909
2026-01-29 18:50:00+00:00,257.45001220703125,257.5400085449219,257.44000244140625,257.4700012207031,36030
2026-01-29 18:51:00+00:00,257.3999938964844,257.5050048828125,257.3900146484375,257.4599914550781,55633
2026-01-29 18:52:00+00:00,257.2799987792969,257.4599914550781,257.2699890136719,257.4200134277344,73520
2026-01-29 18:53:00+00:00,257.2799987792969,257.3299865722656,257.25,257.2674865722656,38161
2026-01-29 18:54:00+00:00,257.2225036621094,257.30999755859375,257.17999267578125,257.2900085449219,32717
2026-01-29 18:55:00+00:00,257.3699951171875,257.3800048828125,257.1600036621094,257.2300109863281,44440
2026-01-29 18:56:00+00:00,257.385009765625,257.45001220703125,257.37799072265625,257.37799072265625,29698
2026-01-29 18:57:00+00:00,257.3399963378906,257.3999938964844,257.2701110839844,257.385009765625,55399
2026-01-29 18:58:00+00:00,257.25,257.42999267578125,257.25,257.3500061035156,41820
2026-01-29 18:59:00+00:00,257.3299865722656,257.3699951171875,257.2200012207031,257.25,30309
2026-01-29 19:00:00+00:00,257.3699951171875,257.42999267578125,257.32000732421875,257.3399963378906,61886
2026-01-29 19:01:00+00:00,257.3999938964844,257.4150085449219,257.2200012207031,257.3900146484375,52087
2026-01-29 19:02:00+00:00,257.3399963378906,257.5299072265625,257.31500244140625,257.3800048828125,49153
2026-01-29 19:03:00+00:00,257.2900085449219,257.4200134277344,257.260009765625,257.3399963378906,71718
2026-01-29 19:04:00+00:00,257.30999755859375,257.4100036621094,257.2799987792969,257.29998779296875,42331
2026-01-29 19:05:00+00:00,257.55999755859375,257.55999755859375,257.30999755859375,257.32000732421875,33546
2026-01-29 19:06:00+00:00,257.5400085449219,257.6700134277344,257.5199890136719,257.5600891113281,71287
2026-01-29 19:07:00+00:00,257.6510009765625,257.68450927734375,257.5199890136719,257.5400085449219,43432
2026-01-29 19:08:00+00:00,257.6400146484375,257.7200012207031,257.55999755859375,257.6400146484375,31101
2026-01-29 19:09:00+00:00,257.6400146484375,257.6700134277344,257.55999755859375,257.64990234375,32544
2026-01-29 19:10:00+00:00,257.67498779296875,257.6899108886719,257.6199035644531,257.6400146484375,28654
2026-01-29 19:11:00+00:00,257.7099914550781,257.7200012207031,257.5950012207031,257.6700134277344,42820
2026-01-29 19:12:00+00:00,257.7550048828125,257.80999755859375,257.69000244140625,257.7200012207031,44224
2026-01-29 19:13:00+00:00,257.7799987792969,257.82501220703125,257.739990234375,257.75,30589
2026-01-29 19:14:00+00:00,257.80999755859375,257.8800048828125,257.75,257.7799987792969,63359
2026-01-29 19:15:00+00:00,257.82000732421875,257.8999938964844,257.80999755859375,257.81280517578125,38138
2026-01-29 19:16:00+00:00,257.8699951171875,257.8699951171875,257.7799987792969,257.79998779296875,38457
2026-01-29 19:17:00+00:00,257.9200134277344,257.94500732421875,257.8200988769531,257.8500061035156,42847
2026-01-29 19:18:00+00:00,257.989990234375,258.1000061035156,257.9200134277344,257.92999267578125,70002
2026-01-29 19:19:00+00:00,257.9599914550781,258.0599060058594,257.93011474609375,257.9849853515625,52332
2026-01-29 19:20:00+00:00,258.0799865722656,258.1000061035156,257.94000244140625,257.95001220703125,59728
2026-01-29 19:21:00+00:00,258.07000732421875,258.1617126464844,258.0199890136719,258.0799865722656,89631
2026-01-29 19:22:00+00:00,258.1600036621094,258.1816101074219,258.0537109375,258.07000732421875,36064
2026-01-29 19:23:00+00:00,258.0799865722656,258.1700134277344,258.05999755859375,258.1700134277344,56845
2026-01-29 19:24:00+00:00,258.1199951171875,258.1449890136719,258.010009765625,258.0899963378906,58889
2026-01-29 19:25:00+00:00,258.1300048828125,258.1690979003906,258.05499267578125,258.1199951171875,49491
2026-01-29 19:26:00+00:00,258.04998779296875,258.17999267578125,258.0199890136719,258.1300048828125,73350
2026-01-29 19:27:00+00:00,258.1199951171875,258.1199951171875,258.0400085449219,258.04998779296875,46970
2026-01-29 19:28:00+00:00,258.07000732421875,258.1400146484375,258.07000732421875,258.1400146484375,41181
2026-01-29 19:29:00+00:00,258.1449890136719,258.1499938964844,258.05999755859375,258.05999755859375,77232
2026-01-29 19:30:00+00:00,258.125,258.32000732421875,258.0625915527344,258.1449890136719,132819
2026-01-29 19:31:00+00:00,258.1400146484375,258.1600036621094,258.0400085449219,258.1199951171875,61052
2026-01-29 19:32:00+00:00,258.1099853515625,258.1899108886719,258.0799865722656,258.1400146484375,43161
2026-01-29 19:33:00+00:00,258.19000244140625,258.260009765625,258.0799865722656,258.1099853515625,43556
2026-01-29 19:34:00+00:00,258.29998779296875,258.32000732421875,258.1700134277344,258.19000244140625,63473
2026-01-29 19:35:00+00:00,258.25,258.3900146484375,258.2301025390625,258.30999755859375,95047
2026-01-29 19:36:00+00:00,258.20001220703125,258.2900085449219,258.17999267578125,258.239990234375,64363
2026-01-29 19:37:00+00:00,258.1600036621094,258.19000244140625,258.05999755859375,258.17999267578125,95070
2026-01-29 19:38:00+00:00,258.04998779296875,258.2200012207031,258.0199890136719,258.1676940917969,49201
2026-01-29 19:39:00+00:00,258.0508117675781,258.1199951171875,257.9501037597656,258.07000732421875,32173
2026-01-29 19:40:00+00:00,258.0199890136719,258.1300048828125,257.9100036621094,258.0899963378906,56892
2026-01-29 19:41:00+00:00,258.0400085449219,258.1499938964844,258.0199890136719,258.0400085449219,63183
2026-01-29 19:42:00+00:00,257.96258544921875,258.0400085449219,257.96258544921875,258.0299987792969,56878
2026-01-29 19:43:00+00:00,257.92999267578125,258.0,257.9100036621094,257.9762878417969,44610
2026-01-29 19:44:00+00:00,258.0299987792969,258.0400085449219,257.8999938964844,257.9200134277344,42185
2026-01-29 19:45:00+00:00,257.9649963378906,258.07989501953125,257.94500732421875,258.0299987792969,49629
2026-01-29 19:46:00+00:00,257.8500061035156,258.010009765625,257.8301086425781,257.9800109863281,51980
2026-01-29 19:47:00+00:00,257.7749938964844,257.8900146484375,257.7401123046875,257.8399963378906,57947
2026-01-29 19:48:00+00:00,257.8800048828125,257.8900146484375,257.760009765625,257.7799987792969,39969
2026-01-29 19:49:00+00:00,257.8900146484375,257.92999267578125,257.8349914550781,257.8999938964844,42488
2026-01-29 19:50:00+00:00,257.8999938964844,257.9750061035156,257.8599853515625,257.9049987792969,54812
2026-01-29 19:51:00+00:00,257.8900146484375,257.95989990234375,257.8699951171875,257.89990234375,41806
2026-01-29 19:52:00+00:00,257.9085998535156,257.92498779296875,257.8399963378906,257.8949890136719,49255
2026-01-29 19:53:00+00:00,257.9350891113281,257.94989013671875,257.8900146484375,257.9100036621094,40909
2026-01-29 19:54:00+00:00,257.94500732421875,257.9800109863281,257.8804931640625,257.94000244140625,56925
2026-01-29 19:55:00+00:00,257.9100036621094,257.9599914550781,257.9100036621094,257.94000244140625,49783
2026-01-29 19:56:00+00:00,257.9549865722656,257.9700012207031,257.8949890136719,257.9100036621094,47211
2026-01-29 19:57:00+00:00,257.989990234375,258.010009765625,257.92999267578125,257.95001220703125,64821
2026-01-29 19:58:00+00:00,258.04010009765625,258.07501220703125,257.9938049316406,258.0,70092
2026-01-29 19:59:00+00:00,257.9200134277344,258.04998779296875,257.8699951171875,258.04998779296875,95495
2026-01-29 20:00:00+00:00,257.8599853515625,257.94000244140625,257.8500061035156,257.92498779296875,65754
2026-01-29 20:01:00+00:00,257.9898986816406,258.010009765625,257.83990478515625,257.85479736328125,66922
2026-01-29 20:02:00+00:00,258.05499267578125,258.05499267578125,257.9700012207031,257.9849853515625,56784
2026-01-29 20:03:00+00:00,258.1600036621094,258.19000244140625,258.0299987792969,258.05999755859375,56888
2026-01-29 20:04:00+00:00,258.04998779296875,258.2218933105469,258.04998779296875,258.15008544921875,71057
2026-01-29 20:05:00+00:00,258.125,258.125,257.9700012207031,258.04998779296875,71413
2026-01-29 20:06:00+00:00,258.2699890136719,258.3299865722656,258.1000061035156,258.110107421875,83309
2026-01-29 20:07:00+00:00,258.2900085449219,258.32000732421875,258.239990234375,258.2699890136719,63472
2026-01-29 20:08:00+00:00,258.4645080566406,258.4800109863281,258.29998779296875,258.29998779296875,92374
2026-01-29 20:09:00+00:00,258.4898986816406,258.5199890136719,258.4200134277344,258.4649963378906,88074
2026-01-29 20:10:00+00:00,258.32000732421875,258.5050048828125,258.30999755859375,258.4849853515625,64278
2026-01-29 20:11:00+00:00,258.20001220703125,258.3399963378906,258.1700134277344,258.32501220703125,81638
2026-01-29 20:12:00+00:00,258.2900085449219,258.3550109863281,258.17999267578125,258.19000244140625,61013
2026-01-29 20:13:00+00:00,258.2799987792969,258.30999755859375,258.1600036621094,258.30499267578125,85542
2026-01-29 20:14:00+00:00,258.19000244140625,258.3320007324219,258.1000061035156,258.2799987792969,126492
2026-01-29 20:15:00+00:00,258.2699890136719,258.29998779296875,258.1400146484375,258.1899108886719,83357
2026-01-29 20:16:00+00:00,258.4700012207031,258.510009765625,258.260009765625,258.2699890136719,139991
2026-01-29 20:17:00+00:00,258.3699951171875,258.5299987792969,258.3299865722656,258.4700012207031,86516
2026-01-29 20:18:00+00:00,258.3999938964844,258.4200134277344,258.3299865722656,258.3699951171875,95350
2026-01-29 20:19:00+00:00,258.5299987792969,258.5400085449219,258.3599853515625,258.4100036621094,93305
2026-01-29 20:20:00+00:00,258.4849853515625,258.5683898925781,258.4800109863281,258.5299987792969,136215
2026-01-29 20:21:00+00:00,258.5281066894531,258.54998779296875,258.4649963378906,258.4849853515625,72975
2026-01-29 20:22:00+00:00,258.5150146484375,258.55999755859375,258.4599914550781,258.5299987792969,95718
2026-01-29 20:23:00+00:00,258.3699951171875,258.5199890136719,258.2850036621094,258.5151062011719,122719
2026-01-29 20:24:00+00:00,258.32501220703125,258.4100036621094,258.2799987792969,258.3800048828125,71910
2026-01-29 20:25:00+00:00,258.41009521484375,258.4599914550781,258.3299865722656,258.3299865722656,84746
2026-01-29 20:26:00+00:00,258.4400939941406,258.4700012207031,258.3999938964844,258.4100036621094,58117
2026-01-29 20:27:00+00:00,258.3599853515625,258.4601135253906,258.3500061035156,258.45001220703125,62997
2026-01-29 20:28:00+00:00,258.2950134277344,258.3900146484375,258.2799987792969,258.3550109863281,74093
2026-01-29 20:29:00+00:00,258.2950134277344,258.3900146484375,258.2699890136719,258.2900085449219,71037
2026-01-29 20:30:00+00:00,258.2550048828125,258.375,258.2099914550781,258.30999755859375,98862
2026-01-29 20:31:00+00:00,258.1600036621094,258.29998779296875,258.1000061035156,258.25,85153
2026-01-29 20:32:00+00:00,257.9800109863281,258.20001220703125,257.9800109863281,258.16571044921875,131496
2026-01-29 20:33:00+00:00,257.9200134277344,258.0899963378906,257.9100036621094,257.9700012207031,95145
2026-01-29 20:34:00+00:00,258.1400146484375,258.1695861816406,257.9100036621094,257.92999267578125,129029
2026-01-29 20:35:00+00:00,258.1700134277344,258.2200012207031,258.1000061035156,258.1449890136719,66333
2026-01-29 20:36:00+00:00,258.20001220703125,258.25,258.1499938964844,258.17999267578125,84320
2026-01-29 20:37:00+00:00,258.239990234375,258.260009765625,258.1300048828125,258.2001037597656,137797
2026-01-29 20:38:00+00:00,258.2799987792969,258.3299865722656,258.2200012207031,258.25,86952
2026-01-29 20:39:00+00:00,258.3345947265625,258.45001220703125,258.26580810546875,258.2799987792969,114796
2026-01-29 20:40:00+00:00,258.3500061035156,258.5199890136719,258.29998779296875,258.33990478515625,93033
2026-01-29 20:41:00+00:00,258.29998779296875,258.4200134277344,258.2799987792969,258.3399963378906,94770
2026-01-29 20:42:00+00:00,258.3949890136719,258.4200134277344,258.2950134277344,258.29998779296875,62521
2026-01-29 20:43:00+00:00,258.42999267578125,258.4700012207031,258.3500061035156,258.3949890136719,76927
2026-01-29 20:44:00+00:00,258.44000244140625,258.5400085449219,258.4100036621094,258.4100036621094,95918
2026-01-29 20:45:00+00:00,258.45001220703125,258.489990234375,258.2749938964844,258.43499755859375,126260
2026-01-29 20:46:00+00:00,258.57000732421875,258.6400146484375,258.42999267578125,258.45001220703125,107358
2026-01-29 20:47:00+00:00,258.56500244140625,258.6000061035156,258.5,258.55999755859375,138675
2026-01-29 20:48:00+00:00,258.625,258.6499938964844,258.489990234375,258.55999755859375,138848
2026-01-29 20:49:00+00:00,258.6700134277344,258.69989013671875,258.5799865722656,258.6299133300781,116420
2026-01-29 20:50:00+00:00,259.1883850097656,259.20001220703125,258.6700134277344,258.6700134277344,266700
2026-01-29 20:51:00+00:00,259.1700134277344,259.2898864746094,259.0899963378906,259.19000244140625,197451
2026-01-29 20:52:00+00:00,259.2300109863281,259.3500061035156,259.1099853515625,259.1700134277344,218658
2026-01-29 20:53:00+00:00,259.0559997558594,259.29998779296875,259.04998779296875,259.2300109863281,226427
2026-01-29 20:54:00+00:00,258.6400146484375,259.1000061035156,258.610107421875,259.04998779296875,344328
2026-01-29 20:55:00+00:00,258.57501220703125,258.6700134277344,258.17999267578125,258.6300048828125,323472
2026-01-29 20:56:00+00:00,258.3999938964844,258.5799865722656,258.34991455078125,258.5799865722656,296333
2026-01-29 20:57:00+00:00,258.57000732421875,258.5799865722656,258.3699951171875,258.4100036621094,307267
2026-01-29 20:58:00+00:00,258.4367980957031,258.5899963378906,258.32000732421875,258.57000732421875,414661
2026-01-29 20:59:00+00:00,258.17498779296875,258.510009765625,257.75,258.44000244140625,1161853
2026-01-30 14:30:00+00:00,255.52999877929688,256.9599914550781,254.49000549316406,255.1649932861328,5800249
2026-01-30 14:31:00+00:00,253.44000244140625,255.639892578125,253.44000244140625,255.4700927734375,587282
2026-01-30 14:32:00+00:00,252.3800048828125,253.6300048828125,252.3300018310547,253.48500061035156,546083
2026-01-30 14:33:00+00:00,253.07000732421875,253.30999755859375,252.17999267578125,252.42999267578125,486432
2026-01-30 14:34:00+00:00,254.0,254.36000061035156,252.80999755859375,253.07000732421875,468372
2026-01-30 14:35:00+00:00,254.57000732421875,254.6300048828125,253.82000732421875,254.0,289639
2026-01-30 14:36:00+00:00,254.74000549316406,255.0800018310547,254.0,254.4499969482422,254043
2026-01-30 14:37:00+00:00,255.2899932861328,255.57000732421875,254.61000061035156,254.77999877929688,320310
2026-01-30 14:38:00+00:00,254.77000427246094,255.5,254.67999267578125,255.2801055908203,217683
2026-01-30 14:39:00+00:00,255.09500122070312,255.19000244140625,254.5399932861328,254.77999877929688,162576
2026-01-30 14:40:00+00:00,254.44009399414062,255.21749877929688,253.8800048828125,255.13900756835938,257665
2026-01-30 14:41:00+00:00,253.88499450683594,254.91000366210938,253.85000610351562,254.5050048828125,188947
2026-01-30 14:42:00+00:00,253.73019409179688,253.9499969482422,253.110107421875,253.9499969482422,242406
2026-01-30 14:43:00+00:00,253.40359497070312,254.0,252.9600067138672,253.75999450683594,331183
2026-01-30 14:44:00+00:00,253.5399932861328,253.85000610351562,253.36000061035156,253.3780059814453,183996
2026-01-30 14:45:00+00:00,253.14999389648438,253.6199951171875,253.0200958251953,253.50039672851562,240977
2026-01-30 14:46:00+00:00,252.9600067138672,253.25999450683594,252.72999572753906,253.1300048828125,320798
2026-01-30 14:47:00+00:00,253.1168975830078,253.56919860839844,252.7899932861328,252.94000244140625,175051
2026-01-30 14:48:00+00:00,253.25999450683594,253.4398956298828,253.0,253.13999938964844,166757
2026-01-30 14:49:00+00:00,254.21499633789062,254.25509643554688,253.13999938964844,253.35000610351562,252191
2026-01-30 14:50:00+00:00,253.65499877929688,254.55349731445312,253.61000061035156,254.1627960205078,272689
2026-01-30 14:51:00+00:00,254.14500427246094,254.25,253.64999389648438,253.64999389648438,118480
2026-01-30 14:52:00+00:00,254.26499938964844,254.97999572753906,254.09500122070312,254.13999938964844,187051
2026-01-30 14:53:00+00:00,254.64999389648438,254.69000244140625,254.20350646972656,254.27000427246094,147086
2026-01-30 14:54:00+00:00,254.96499633789062,255.13999938964844,254.5800018310547,254.66000366210938,232612
2026-01-30 14:55:00+00:00,254.7899932861328,255.21139526367188,254.77000427246094,254.9499969482422,166005
2026-01-30 14:56:00+00:00,254.9600067138672,255.42999267578125,254.77000427246094,254.7899932861328,164088
2026-01-30 14:57:00+00:00,255.16000366210938,255.4550018310547,254.97999572753906,254.9949951171875,174404
2026-01-30 14:58:00+00:00,255.80999755859375,255.83999633789062,254.9600067138672,255.13999938964844,161836
2026-01-30 14:59:00+00:00,256.2900085449219,256.3900146484375,255.6501007080078,255.77999877929688,295896
2026-01-30 15:00:00+00:00,256.3999938964844,256.8949890136719,256.239990234375,256.29998779296875,271580
2026-01-30 15:01:00+00:00,256.8949890136719,257.09991455078125,256.3999938964844,256.4200134277344,216847
2026-01-30 15:02:00+00:00,256.9200134277344,257.010009765625,256.340087890625,256.9100036621094,209557
2026-01-30 15:03:00+00:00,257.0799865722656,257.1885986328125,256.8699951171875,256.9200134277344,189851
2026-01-30 15:04:00+00:00,256.0050048828125,257.1600036621094,255.94000244140625,257.0950012207031,305918
2026-01-30 15:05:00+00:00,256.8299865722656,256.8800048828125,255.86000061035156,255.97000122070312,143761
2026-01-30 15:06:00+00:00,257.3301086425781,257.45989990234375,256.6700134277344,256.8599853515625,163316
2026-01-30 15:07:00+00:00,257.34100341796875,257.5,256.8599853515625,257.37860107421875,186809
2026-01-30 15:08:00+00:00,256.875,257.55999755859375,256.70001220703125,257.364990234375,140075
2026-01-30 15:09:00+00:00,256.8450012207031,257.07501220703125,256.68499755859375,256.9750061035156,91583
2026-01-30 15:10:00+00:00,256.9999084472656,257.0150146484375,256.5799865722656,256.8210144042969,127645
2026-01-30 15:11:00+00:00,257.6199951171875,257.6400146484375,256.9100036621094,256.9700927734375,202627
2026-01-30 15:12:00+00:00,257.3800048828125,257.6700134277344,257.239990234375,257.5799865722656,157086
2026-01-30 15:13:00+00:00,257.635009765625,257.80999755859375,257.32000732421875,257.4198913574219,167286
2026-01-30 15:14:00+00:00,258.2699890136719,258.3599853515625,257.489990234375,257.6449890136719,185368
2026-01-30 15:15:00+00:00,258.1449890136719,258.3800048828125,257.94000244140625,258.2749938964844,182336
2026-01-30 15:16:00+00:00,258.5899963378906,258.70001220703125,258.1199951171875,258.135009765625,206872
2026-01-30 15:17:00+00:00,258.3900146484375,258.69989013671875,258.17010498046875,258.6199035644531,5870990
2026-01-30 15:18:00+00:00,257.8598937988281,258.4700012207031,257.7300109863281,258.3999938964844,0
2026-01-30 15:19:00+00:00,257.010009765625,257.8500061035156,256.9100036621094,257.80999755859375,157963
2026-01-30 15:20:00+00:00,256.8299865722656,257.2900085449219,256.6000061035156,257.0,168939
2026-01-30 15:21:00+00:00,256.6600036621094,256.9798889160156,256.6400146484375,256.8599853515625,104429
2026-01-30 15:22:00+00:00,256.8100891113281,257.1400146484375,256.6199951171875,256.6499938964844,104629
2026-01-30 15:23:00+00:00,256.6400146484375,256.9700012207031,256.55999755859375,256.8399963378906,102267
2026-01-30 15:24:00+00:00,256.8599853515625,256.92999267578125,256.55999755859375,256.639892578125,69660
2026-01-30 15:25:00+00:00,256.90771484375,256.95001220703125,256.4200134277344,256.8251037597656,92821
2026-01-30 15:26:00+00:00,256.5899963378906,256.94000244140625,256.44000244140625,256.9200134277344,90860
2026-01-30 15:27:00+00:00,256.4599914550781,256.8299865722656,256.4100036621094,256.54998779296875,98792
2026-01-30 15:28:00+00:00,254.89500427246094,256.4717102050781,254.8000030517578,256.4549865722656,354136
2026-01-30 15:29:00+00:00,254.0,255.00999450683594,253.92999267578125,254.9199981689453,208306
2026-01-30 15:30:00+00:00,254.38999938964844,254.47999572753906,253.69500732421875,254.0800018310547,200561
2026-01-30 15:31:00+00:00,254.54220581054688,254.86990356445312,254.3699951171875,254.3699951171875,145108
2026-01-30 15:32:00+00:00,254.73500061035156,254.85000610351562,254.41000366210938,254.5500030517578,148297
2026-01-30 15:33:00+00:00,254.9199981689453,254.9499969482422,254.61000061035156,254.72000122070312,101136
2026-01-30 15:34:00+00:00,254.9949951171875,255.0800018310547,254.6999969482422,254.9199981689453,99200
2026-01-30 15:35:00+00:00,255.67999267578125,255.67999267578125,255.0,255.0,142215
2026-01-30 15:36:00+00:00,255.27000427246094,255.74000549316406,255.13999938964844,255.68499755859375,120922
2026-01-30 15:37:00+00:00,255.19000244140625,255.42999267578125,254.94000244140625,255.2449951171875,82046
2026-01-30 15:38:00+00:00,255.55499267578125,255.57000732421875,255.12010192871094,255.24000549316406,91604
2026-01-30 15:39:00+00:00,255.35000610351562,255.66000366210938,255.33999633789062,255.5800018310547,99737
2026-01-30 15:40:00+00:00,255.55999755859375,255.63999938964844,255.3000030517578,255.39999389648438,81588
2026-01-30 15:41:00+00:00,255.6649932861328,255.74000549316406,255.4199981689453,255.57000732421875,107050
2026-01-30 15:42:00+00:00,255.69000244140625,255.89999389648438,255.57000732421875,255.6649932861328,109503
2026-01-30 15:43:00+00:00,255.79299926757812,255.85000610351562,255.5,255.67999267578125,71177
2026-01-30 15:44:00+00:00,255.60499572753906,255.97000122070312,255.59010314941406,255.82000732421875,81044
2026-01-30 15:45:00+00:00,255.76499938964844,255.8000030517578,255.56300354003906,255.59010314941406,67090
2026-01-30 15:46:00+00:00,255.46009826660156,255.83999633789062,255.44859313964844,255.76499938964844,78551
2026-01-30 15:47:00+00:00,255.27999877929688,255.67990112304688,255.22000122070312,255.50999450683594,86521
2026-01-30 15:48:00+00:00,255.35000610351562,255.46749877929688,255.24000549316406,255.28500366210938,78213
2026-01-30 15:49:00+00:00,255.07000732421875,255.39500427246094,255.0500030517578,255.35000610351562,76766
2026-01-30 15:50:00+00:00,255.02499389648438,255.30999755859375,254.84109497070312,255.0749969482422,87871
2026-01-30 15:51:00+00:00,254.9199981689453,255.27000427246094,254.85000610351562,255.02000427246094,60971
2026-01-30 15:52:00+00:00,255.08299255371094,255.21499633789062,254.85000610351562,254.9199981689453,81732
2026-01-30 15:53:00+00:00,254.94000244140625,255.1199951171875,254.8699951171875,255.0800018310547,73209
2026-01-30 15:54:00+00:00,255.0500030517578,255.08999633789062,254.86000061035156,254.97000122070312,75685
2026-01-30 15:55:00+00:00,254.83999633789062,255.14999389648438,254.8249969482422,255.0749969482422,97946
2026-01-30 15:56:00+00:00,255.06500244140625,255.08999633789062,254.83999633789062,254.83999633789062,88323
2026-01-30 15:57:00+00:00,254.97000122070312,255.0800018310547,254.78509521484375,255.0800018310547,79079
2026-01-30 15:58:00+00:00,254.7899932861328,255.1199951171875,254.7899932861328,254.97999572753906,113314
2026-01-30 15:59:00+00:00,254.94000244140625,254.94000244140625,254.67999267578125,254.80499267578125,69606
2026-01-30 16:00:00+00:00,254.97000122070312,255.11000061035156,254.82009887695312,254.9149932861328,118469
2026-01-30 16:01:00+00:00,254.8699951171875,255.02999877929688,254.75,254.97999572753906,72437
2026-01-30 16:02:00+00:00,255.13499450683594,255.19000244140625,254.83999633789062,254.89999389648438,70081
2026-01-30 16:03:00+00:00,255.4149932861328,255.50999450683594,255.0800018310547,255.14999389648438,96988
2026-01-30 16:04:00+00:00,255.28990173339844,255.47999572753906,255.27000427246094,255.39010620117188,94967
2026-01-30 16:05:00+00:00,255.0399932861328,255.27999877929688,255.02000427246094,255.27999877929688,48483
2026-01-30 16:06:00+00:00,255.4600067138672,255.4949951171875,255.07000732421875,255.08999633789062,90294
2026-01-30 16:07:00+00:00,256.06500244140625,256.07989501953125,255.47000122070312,255.49000549316406,97256
2026-01-30 16:08:00+00:00,255.93499755859375,256.260009765625,255.88999938964844,256.0799865722656,88584
2026-01-30 16:09:00+00:00,255.75999450683594,256.0,255.72000122070312,255.95089721679688,75025
2026-01-30 16:10:00+00:00,255.97999572753906,255.97999572753906,255.72999572753906,255.75999450683594,55857
2026-01-30 16:11:00+00:00,255.55999755859375,256.1300048828125,255.0800018310547,255.9604949951172,171609
2026-01-30 16:12:00+00:00,255.60000610351562,256.0299987792969,255.54010009765625,255.57960510253906,97187
2026-01-30 16:13:00+00:00,255.27999877929688,255.6199951171875,255.19500732421875,255.5850067138672,78924
2026-01-30 16:14:00+00:00,255.5,255.69000244140625,255.25999450683594,255.27000427246094,67078
2026-01-30 16:15:00+00:00,255.38999938964844,255.53500366210938,255.18060302734375,255.53500366210938,89772
2026-01-30 16:16:00+00:00,255.52499389648438,255.60499572753906,255.37269592285156,255.39999389648438,61776
2026-01-30 16:17:00+00:00,255.52999877929688,255.74000549316406,255.49000549316406,255.53500366210938,75786
2026-01-30 16:18:00+00:00,255.69500732421875,255.75999450683594,255.47500610351562,255.52999877929688,70287
2026-01-30 16:19:00+00:00,255.52999877929688,255.72000122070312,255.4499969482422,255.68499755859375,55999
2026-01-30 16:20:00+00:00,255.97999572753906,255.9949951171875,255.47500610351562,255.52000427246094,92941
2026-01-30 16:21:00+00:00,255.75999450683594,256.07000732421875,255.60000610351562,255.9801025390625,82306
2026-01-30 16:22:00+00:00,255.75,255.80250549316406,255.47000122070312,255.77999877929688,62256
2026-01-30 16:23:00+00:00,256.04998779296875,256.1700134277344,255.77499389648438,255.77499389648438,89853
2026-01-30 16:24:00+00:00,256.1400146484375,256.1400146484375,255.82009887695312,256.04998779296875,71696
2026-01-30 16:25:00+00:00,256.32000732421875,256.35400390625,256.07000732421875,256.14788818359375,74518
2026-01-30 16:26:00+00:00,256.1499938964844,256.3699951171875,256.010009765625,256.32000732421875,84872
2026-01-30 16:27:00+00:00,256.29998779296875,256.3999938964844,256.1600036621094,256.1600036621094,71016
2026-01-30 16:28:00+00:00,256.4700927734375,256.4800109863281,256.1700134277344,256.29998779296875,58581
2026-01-30 16:29:00+00:00,256.6875,256.9049987792969,256.4599914550781,256.4700012207031,95037
2026-01-30 16:30:00+00:00,256.8721008300781,256.873291015625,256.57000732421875,256.69000244140625,69199
2026-01-30 16:31:00+00:00,256.80999755859375,256.9800109863281,256.739990234375,256.8638000488281,94504
2026-01-30 16:32:00+00:00,256.4800109863281,256.8299865722656,256.4200134277344,256.82000732421875,105199
2026-01-30 16:33:00+00:00,256.5299987792969,256.7200927734375,256.3999938964844,256.5,81132
2026-01-30 16:34:00+00:00,256.7699890136719,256.80999755859375,256.5199890136719,256.5199890136719,83981
2026-01-30 16:35:00+00:00,256.8800048828125,257.04998779296875,256.7749938964844,256.7749938964844,86368
2026-01-30 16:36:00+00:00,256.7200012207031,256.9551086425781,256.6325988769531,256.8699951171875,67019
2026-01-30 16:37:00+00:00,256.7550048828125,256.864990234375,256.6300048828125,256.7650146484375,66291
2026-01-30 16:38:00+00:00,256.7799987792969,256.7799987792969,256.55999755859375,256.7699890136719,71504
2026-01-30 16:39:00+00:00,256.35809326171875,256.82000732421875,256.3299865722656,256.7959899902344,44746
2026-01-30 16:40:00+00:00,256.9446105957031,256.9800109863281,256.30029296875,256.3363037109375,68523
2026-01-30 16:41:00+00:00,256.8699951171875,257.03009033203125,256.7900085449219,256.989990234375,53653
2026-01-30 16:42:00+00:00,256.5299987792969,256.8999938964844,256.5299987792969,256.8800048828125,105870
2026-01-30 16:43:00+00:00,256.8800048828125,256.9100036621094,256.45001220703125,256.510009765625,92825
2026-01-30 16:44:00+00:00,256.80999755859375,257.1400146484375,256.80999755859375,256.8699951171875,79467
2026-01-30 16:45:00+00:00,256.6400146484375,257.1300048828125,256.54998779296875,256.82000732421875,71841
2026-01-30 16:46:00+00:00,256.8500061035156,256.8599853515625,256.5450134277344,256.625,54187
2026-01-30 16:47:00+00:00,256.5600891113281,256.8669128417969,256.53619384765625,256.8349914550781,37590
2026-01-30 16:48:00+00:00,256.489990234375,256.6997985839844,256.3949890136719,256.5199890136719,49564
2026-01-30 16:49:00+00:00,256.3301086425781,256.55999755859375,256.135009765625,256.4700012207031,92409
2026-01-30 16:50:00+00:00,256.385009765625,256.4800109863281,256.2699890136719,256.3299865722656,52283
2026-01-30 16:51:00+00:00,256.2900085449219,256.4100036621094,256.2200012207031,256.3999938964844,49004
2026-01-30 16:52:00+00:00,256.2200012207031,256.2699890136719,256.05999755859375,256.25,52690
2026-01-30 16:53:00+00:00,256.3800048828125,256.42999267578125,256.2250061035156,256.2250061035156,45580
2026-01-30 16:54:00+00:00,256.45001220703125,256.57000732421875,256.29998779296875,256.3500061035156,49074
2026-01-30 16:55:00+00:00,256.476806640625,256.5849914550781,256.30999755859375,256.4100036621094,55014
2026-01-30 16:56:00+00:00,256.3699951171875,256.52239990234375,256.18011474609375,256.4800109863281,43251
2026-01-30 16:57:00+00:00,256.07000732421875,256.360107421875,256.05999755859375,256.360107421875,32525
2026-01-30 16:58:00+00:00,256.010009765625,256.0614013671875,255.8800048828125,256.04998779296875,61767
2026-01-30 16:59:00+00:00,256.1050109863281,256.1499938964844,255.92999267578125,255.99000549316406,53392
2026-01-30 17:00:00+00:00,255.82000732421875,256.1499938964844,255.6300048828125,256.0899963378906,79732
2026-01-30 17:01:00+00:00,255.77999877929688,255.92999267578125,255.66000366210938,255.82000732421875,40667
2026-01-30 17:02:00+00:00,255.5,255.8800048828125,255.35000610351562,255.8000030517578,85134
2026-01-30 17:03:00+00:00,255.08999633789062,255.52499389648438,254.8800048828125,255.49009704589844,86839
2026-01-30 17:04:00+00:00,255.13999938964844,255.25999450683594,254.94810485839844,255.0800018310547,63983
2026-01-30 17:05:00+00:00,254.8000030517578,255.17999267578125,254.6999969482422,255.1649932861328,65769
2026-01-30 17:06:00+00:00,254.39999389648438,254.77000427246094,254.3800048828125,254.7550048828125,92370
2026-01-30 17:07:00+00:00,254.4199981689453,254.5500030517578,254.2834930419922,254.36000061035156,94052
2026-01-30 17:08:00+00:00,254.4199981689453,254.5,254.35000610351562,254.42999267578125,54353
2026-01-30 17:09:00+00:00,254.39999389648438,254.55999755859375,254.30999755859375,254.38999938964844,107235
2026-01-30 17:10:00+00:00,254.52499389648438,254.6199951171875,254.32000732421875,254.3699951171875,92343
2026-01-30 17:11:00+00:00,254.49000549316406,254.64999389648438,254.4300994873047,254.52000427246094,57418
2026-01-30 17:12:00+00:00,254.55999755859375,254.5850067138672,254.41000366210938,254.47999572753906,51950
2026-01-30 17:13:00+00:00,254.47000122070312,254.656005859375,254.44000244140625,254.5500030517578,40028
2026-01-30 17:14:00+00:00,254.52499389648438,254.74000549316406,254.44000244140625,254.47000122070312,51595
2026-01-30 17:15:00+00:00,254.6699981689453,254.6699981689453,254.44000244140625,254.52499389648438,53122
2026-01-30 17:16:00+00:00,254.46859741210938,254.67999267578125,254.41000366210938,254.6699981689453,55556
2026-01-30 17:17:00+00:00,254.6999053955078,254.6999053955078,254.38999938964844,254.4499969482422,75372
2026-01-30 17:18:00+00:00,254.80999755859375,254.80999755859375,254.58999633789062,254.6699981689453,84181
2026-01-30 17:19:00+00:00,254.75999450683594,254.86000061035156,254.64999389648438,254.77999877929688,45604
2026-01-30 17:20:00+00:00,254.8197021484375,254.9600067138672,254.75999450683594,254.75999450683594,57151
2026-01-30 17:21:00+00:00,254.75,254.8300018310547,254.47000122070312,254.8300018310547,71799
2026-01-30 17:22:00+00:00,255.07000732421875,255.10000610351562,254.75160217285156,254.77000427246094,65955
2026-01-30 17:23:00+00:00,255.02000427246094,255.25,254.99000549316406,255.10000610351562,75290
2026-01-30 17:24:00+00:00,255.04989624023438,255.1300048828125,254.94000244140625,255.0500030517578,73363
2026-01-30 17:25:00+00:00,255.27000427246094,255.3699951171875,255.02000427246094,255.02999877929688,65144
2026-01-30 17:26:00+00:00,255.47500610351562,255.5050048828125,255.2550048828125,255.2550048828125,69461
2026-01-30 17:27:00+00:00,255.22999572753906,255.5,255.0850067138672,255.47999572753906,64566
2026-01-30 17:28:00+00:00,255.17999267578125,255.27000427246094,255.0800018310547,255.22999572753906,67047
2026-01-30 17:29:00+00:00,255.2100067138672,255.27000427246094,255.02000427246094,255.1999969482422,82880
2026-01-30 17:30:00+00:00,255.1699981689453,255.33999633789062,255.0,255.16000366210938,53002
2026-01-30 17:31:00+00:00,255.02000427246094,255.24000549316406,254.90420532226562,255.13999938964844,61869
2026-01-30 17:32:00+00:00,255.02999877929688,255.10000610351562,254.99000549316406,255.00999450683594,30987
2026-01-30 17:33:00+00:00,254.72999572753906,255.13999938964844,254.72999572753906,255.07000732421875,51089
2026-01-30 17:34:00+00:00,254.91969299316406,254.9199981689453,254.72000122070312,254.74000549316406,49487
2026-01-30 17:35:00+00:00,254.7050018310547,254.89500427246094,254.5399932861328,254.89500427246094,54109
2026-01-30 17:36:00+00:00,255.14259338378906,255.14259338378906,254.6898956298828,254.72000122070312,69536
2026-01-30 17:37:00+00:00,255.08999633789062,255.15499877929688,254.99000549316406,255.14990234375,43444
2026-01-30 17:38:00+00:00,255.01499938964844,255.27000427246094,255.00999450683594,255.0800018310547,57943
2026-01-30 17:39:00+00:00,254.97500610351562,255.0399932861328,254.9149932861328,255.01499938964844,55433
2026-01-30 17:40:00+00:00,254.83999633789062,255.0399932861328,254.80999755859375,254.9199981689453,47468
2026-01-30 17:41:00+00:00,254.6199951171875,254.86000061035156,254.58999633789062,254.8350067138672,85071
2026-01-30 17:42:00+00:00,254.63999938964844,254.71499633789062,254.58299255371094,254.63499450683594,50520
2026-01-30 17:43:00+00:00,254.7799072265625,254.8251953125,254.63009643554688,254.63499450683594,38178
2026-01-30 17:44:00+00:00,254.7100067138672,254.83999633789062,254.67999267578125,254.76499938964844,57061
2026-01-30 17:45:00+00:00,254.99000549316406,255.0074005126953,254.67999267578125,254.7100067138672,46279
2026-01-30 17:46:00+00:00,255.10000610351562,255.22999572753906,254.9199981689453,255.02999877929688,64992
2026-01-30 17:47:00+00:00,254.9499969482422,255.22000122070312,254.9499969482422,255.11000061035156,44445
2026-01-30 17:48:00+00:00,255.0240936279297,255.1300048828125,254.92999267578125,255.0,42634
2026-01-30 17:49:00+00:00,255.0399932861328,255.08999633789062,254.88999938964844,255.0399932861328,45403
2026-01-30 17:50:00+00:00,255.125,255.22000122070312,255.0153045654297,255.04600524902344,34067
2026-01-30 17:51:00+00:00,255.15989685058594,255.2100067138672,255.0,255.11000061035156,37404
2026-01-30 17:52:00+00:00,254.74000549316406,255.1699981689453,254.72000122070312,255.1699981689453,52284
2026-01-30 17:53:00+00:00,254.8699951171875,254.97999572753906,254.72999572753906,254.72999572753906,74167
2026-01-30 17:54:00+00:00,254.7100067138672,254.9199981689453,254.69000244140625,254.91000366210938,38539
2026-01-30 17:55:00+00:00,254.88499450683594,254.88999938964844,254.7100067138672,254.7100067138672,37510
2026-01-30 17:56:00+00:00,254.99920654296875,255.1300048828125,254.86500549316406,254.9250030517578,39193
2026-01-30 17:57:00+00:00,255.08990478515625,255.08999633789062,254.8800048828125,255.00999450683594,40902
2026-01-30 17:58:00+00:00,254.93499755859375,255.07000732421875,254.86000061035156,255.05999755859375,34372
2026-01-30 17:59:00+00:00,254.85499572753906,254.9499969482422,254.74000549316406,254.9499969482422,28450
2026-01-30 18:00:00+00:00,254.8699951171875,254.9499969482422,254.77000427246094,254.83999633789062,39694
2026-01-30 18:01:00+00:00,254.92999267578125,254.9499969482422,254.7100067138672,254.85000610351562,36903
2026-01-30 18:02:00+00:00,254.99000549316406,255.0500030517578,254.86000061035156,254.9199981689453,34890
2026-01-30 18:03:00+00:00,255.13999938964844,255.17999267578125,254.9499969482422,254.99000549316406,47839
2026-01-30 18:04:00+00:00,255.10000610351562,255.1999969482422,255.07000732421875,255.14500427246094,52677
2026-01-30 18:05:00+00:00,255.36500549316406,255.3699951171875,255.07000732421875,255.10000610351562,75728
2026-01-30 18:06:00+00:00,255.46180725097656,255.5399932861328,255.26739501953125,255.39999389648438,66868
2026-01-30 18:07:00+00:00,255.4600067138672,255.57989501953125,255.4300994873047,255.47000122070312,60411
2026-01-30 18:08:00+00:00,255.54010009765625,255.55999755859375,255.3800048828125,255.4499969482422,39839
2026-01-30 18:09:00+00:00,255.35000610351562,255.55499267578125,255.2550048828125,255.55499267578125,55126
2026-01-30 18:10:00+00:00,255.23989868164062,255.3699951171875,255.19000244140625,255.35000610351562,31587
2026-01-30 18:11:00+00:00,255.4550018310547,255.5,255.22000122070312,255.23939514160156,57122
2026-01-30 18:12:00+00:00,255.625,255.6300048828125,255.36000061035156,255.4550018310547,51176
2026-01-30 18:13:00+00:00,255.49989318847656,255.64999389648438,255.49000549316406,255.63259887695312,67616
2026-01-30 18:14:00+00:00,255.4600067138672,255.5299072265625,255.4001007080078,255.49989318847656,35044
2026-01-30 18:15:00+00:00,255.2899932861328,255.49000549316406,255.25,255.4499969482422,41439
2026-01-30 18:16:00+00:00,255.25999450683594,255.4199981689453,255.21499633789062,255.27999877929688,69411
2026-01-30 18:17:00+00:00,255.38009643554688,255.38999938964844,255.1199951171875,255.27000427246094,45988
2026-01-30 18:18:00+00:00,255.10000610351562,255.3800048828125,255.10000610351562,255.3699951171875,36118
2026-01-30 18:19:00+00:00,254.94500732421875,255.13999938964844,254.91000366210938,255.09500122070312,63290
2026-01-30 18:20:00+00:00,254.72500610351562,255.14500427246094,254.69000244140625,254.97000122070312,102815
2026-01-30 18:21:00+00:00,254.8896942138672,254.88999938964844,254.5800018310547,254.75,109707
2026-01-30 18:22:00+00:00,254.8800048828125,254.91000366210938,254.5800018310547,254.8800048828125,90471
2026-01-30 18:23:00+00:00,255.3249969482422,255.4199981689453,254.82000732421875,254.83999633789062,99835
2026-01-30 18:24:00+00:00,255.62049865722656,255.7050018310547,255.3300018310547,255.3350067138672,73367
2026-01-30 18:25:00+00:00,255.67999267578125,255.89999389648438,255.625,255.6300048828125,68441
2026-01-30 18:26:00+00:00,255.91009521484375,255.94000244140625,255.6699981689453,255.7100067138672,43818
2026-01-30 18:27:00+00:00,255.96380615234375,255.97000122070312,255.82000732421875,255.9398956298828,79592
2026-01-30 18:28:00+00:00,255.8699951171875,256.05999755859375,255.7899932861328,255.9530029296875,78706
2026-01-30 18:29:00+00:00,256.05499267578125,256.07000732421875,255.84500122070312,255.86000061035156,42763
2026-01-30 18:30:00+00:00,255.9600067138672,256.25,255.92999267578125,256.05499267578125,64713
2026-01-30 18:31:00+00:00,255.91000366210938,256.1400146484375,255.88499450683594,255.97999572753906,31877
2026-01-30 18:32:00+00:00,255.89500427246094,255.92999267578125,255.77999877929688,255.92999267578125,41172
2026-01-30 18:33:00+00:00,255.96099853515625,256.0350036621094,255.8249969482422,255.89999389648438,60556
2026-01-30 18:34:00+00:00,255.97500610351562,256.07000732421875,255.84500122070312,255.97000122070312,44360
2026-01-30 18:35:00+00:00,256.1000061035156,256.1700134277344,255.8800048828125,255.9600067138672,80428
2026-01-30 18:36:00+00:00,256.3599853515625,256.3699951171875,256.04998779296875,256.0799865722656,57632
2026-01-30 18:37:00+00:00,256.44000244140625,256.489990234375,256.27301025390625,256.3599853515625,74127
2026-01-30 18:38:00+00:00,256.1099853515625,256.4800109863281,256.1099853515625,256.44000244140625,32483
2026-01-30 18:39:00+00:00,256.2699890136719,256.2699890136719,255.97000122070312,256.1000061035156,58281
2026-01-30 18:40:00+00:00,256.20001220703125,256.3193054199219,256.1099853515625,256.2799987792969,44919
2026-01-30 18:41:00+00:00,256.2099914550781,256.260009765625,256.1000061035156,256.17999267578125,32705
2026-01-30 18:42:00+00:00,256.1099853515625,256.20001220703125,256.05999755859375,256.20001220703125,96663
2026-01-30 18:43:00+00:00,256.125,256.2301025390625,255.8699951171875,256.1199951171875,80216
2026-01-30 18:44:00+00:00,256.1466979980469,256.2799987792969,256.0899963378906,256.1400146484375,39874
2026-01-30 18:45:00+00:00,256.375,256.57000732421875,256.1099853515625,256.1400146484375,48451
2026-01-30 18:46:00+00:00,256.5950012207031,256.6799011230469,256.375,256.375,43993
2026-01-30 18:47:00+00:00,256.6700134277344,256.7200012207031,256.6199951171875,256.6199951171875,28769
2026-01-30 18:48:00+00:00,256.739990234375,256.7799987792969,256.67010498046875,256.67999267578125,30615
2026-01-30 18:49:00+00:00,256.8900146484375,256.9599914550781,256.7608947753906,256.7799987792969,40224
2026-01-30 18:50:00+00:00,256.864990234375,257.0,256.8522033691406,256.8900146484375,47692
2026-01-30 18:51:00+00:00,256.7200012207031,256.860107421875,256.6549987792969,256.860107421875,37320
2026-01-30 18:52:00+00:00,256.7900085449219,256.79998779296875,256.67999267578125,256.7300109863281,53151
2026-01-30 18:53:00+00:00,256.6099853515625,256.8450012207031,255.75,256.7799987792969,233150
2026-01-30 18:54:00+00:00,256.8500061035156,256.8500061035156,256.4949951171875,256.5899963378906,63966
2026-01-30 18:55:00+00:00,256.875,256.9800109863281,256.79998779296875,256.8500061035156,67449
2026-01-30 18:56:00+00:00,257.0299987792969,257.0899963378906,256.8800048828125,256.885009765625,73160
2026-01-30 18:57:00+00:00,257.30999755859375,257.3500061035156,257.010009765625,257.0400085449219,74052
2026-01-30 18:58:00+00:00,257.4750061035156,257.5899963378906,257.239990234375,257.30999755859375,88656
2026-01-30 18:59:00+00:00,257.3500061035156,257.6000061035156,257.3500061035156,257.510009765625,77922
2026-01-30 19:00:00+00:00,257.43499755859375,257.5400085449219,257.364990234375,257.375,57314
2026-01-30 19:01:00+00:00,257.44000244140625,257.55499267578125,257.3900146484375,257.44000244140625,35751
2026-01-30 19:02:00+00:00,257.4549865722656,257.69000244140625,257.42999267578125,257.42999267578125,62474
2026-01-30 19:03:00+00:00,257.70001220703125,257.7099914550781,257.4599914550781,257.5199890136719,37133
2026-01-30 19:04:00+00:00,257.74700927734375,257.760009765625,257.6600036621094,257.70001220703125,53475
2026-01-30 19:05:00+00:00,257.8800048828125,257.9100036621094,257.7200012207031,257.7300109863281,89863
2026-01-30 19:06:00+00:00,257.9750061035156,258.0799865722656,257.8883972167969,257.8883972167969,119950
2026-01-30 19:07:00+00:00,257.9200134277344,258.0400085449219,257.8900146484375,257.989990234375,64098
2026-01-30 19:08:00+00:00,257.8699951171875,257.95001220703125,257.7699890136719,257.91900634765625,57386
2026-01-30 19:09:00+00:00,257.8699951171875,257.89990234375,257.7250061035156,257.8699951171875,57539
2026-01-30 19:10:00+00:00,257.70001220703125,257.8999938964844,257.69000244140625,257.8800048828125,65716
2026-01-30 19:11:00+00:00,257.70001220703125,257.8699951171875,257.67999267578125,257.7001037597656,46066
2026-01-30 19:12:00+00:00,257.7349853515625,257.80999755859375,257.69500732421875,257.69500732421875,38391
2026-01-30 19:13:00+00:00,257.739990234375,257.7550048828125,257.54901123046875,257.739990234375,78944
2026-01-30 19:14:00+00:00,257.7900085449219,257.8699951171875,257.6424865722656,257.7300109863281,100610
2026-01-30 19:15:00+00:00,257.9200134277344,257.92999267578125,257.739990234375,257.7699890136719,45410
2026-01-30 19:16:00+00:00,257.7200012207031,257.9100036621094,257.67999267578125,257.9100036621094,52425
2026-01-30 19:17:00+00:00,257.3299865722656,257.7300109863281,257.3299865722656,257.7200012207031,62423
2026-01-30 19:18:00+00:00,257.3599853515625,257.6050109863281,257.3299865722656,257.3399963378906,98149
2026-01-30 19:19:00+00:00,257.57000732421875,257.6398010253906,257.3900146484375,257.3900146484375,88127
2026-01-30 19:20:00+00:00,257.6400146484375,257.79998779296875,257.54010009765625,257.55499267578125,52623
2026-01-30 19:21:00+00:00,257.8450012207031,257.8699951171875,257.57000732421875,257.635009765625,40953
2026-01-30 19:22:00+00:00,257.67999267578125,257.8450012207031,257.5899963378906,257.8450012207031,49353
2026-01-30 19:23:00+00:00,257.80499267578125,257.864990234375,257.6400146484375,257.6700134277344,37052
2026-01-30 19:24:00+00:00,257.7950134277344,257.9700012207031,257.7605895996094,257.79998779296875,58932
2026-01-30 19:25:00+00:00,257.6099853515625,257.8583068847656,257.6050109863281,257.8016052246094,43772
2026-01-30 19:26:00+00:00,257.8399963378906,257.8399963378906,257.5899963378906,257.610107421875,40099
2026-01-30 19:27:00+00:00,257.9200134277344,257.92999267578125,257.7900085449219,257.8450012207031,44142
2026-01-30 19:28:00+00:00,257.8800048828125,257.9700012207031,257.8399963378906,257.92999267578125,45457
2026-01-30 19:29:00+00:00,257.5849914550781,257.9049987792969,257.4599914550781,257.8800048828125,80414
2026-01-30 19:30:00+00:00,257.55499267578125,257.75,257.4700012207031,257.6000061035156,79354
2026-01-30 19:31:00+00:00,257.7250061035156,257.75,257.4100036621094,257.57000732421875,65575
2026-01-30 19:32:00+00:00,257.7799987792969,257.8500061035156,257.6300048828125,257.7300109863281,42932
2026-01-30 19:33:00+00:00,257.9601135253906,257.9898986816406,257.7300109863281,257.7850036621094,54909
2026-01-30 19:34:00+00:00,257.989990234375,258.05999755859375,257.9100036621094,257.9700012207031,67552
2026-01-30 19:35:00+00:00,258.0199890136719,258.1499938964844,257.9580993652344,258.0199890136719,50875
2026-01-30 19:36:00+00:00,257.8799133300781,258.0400085449219,257.7699890136719,258.0,56314
2026-01-30 19:37:00+00:00,258.05999755859375,258.0700988769531,257.8763122558594,257.8900146484375,44939
2026-01-30 19:38:00+00:00,258.1000061035156,258.1199951171875,257.9599914550781,258.07550048828125,40438
2026-01-30 19:39:00+00:00,258.19000244140625,258.20001220703125,258.1099853515625,258.12249755859375,38305
2026-01-30 19:40:00+00:00,258.3399963378906,258.3599853515625,258.1883850097656,258.19000244140625,90542
2026-01-30 19:41:00+00:00,258.2300109863281,258.3900146484375,258.1300048828125,258.3399963378906,106193
2026-01-30 19:42:00+00:00,258.289794921875,258.42999267578125,258.17999267578125,258.2349853515625,60139
2026-01-30 19:43:00+00:00,258.29998779296875,258.32000732421875,258.1400146484375,258.2900085449219,53898
2026-01-30 19:44:00+00:00,258.0950012207031,258.3399963378906,258.0950012207031,258.32000732421875,44258
2026-01-30 19:45:00+00:00,258.10260009765625,258.1600036621094,257.9599914550781,258.0899963378906,54798
2026-01-30 19:46:00+00:00,258.14959716796875,258.2699890136719,258.04998779296875,258.1000061035156,42977
2026-01-30 19:47:00+00:00,258.2250061035156,258.2699890136719,258.0899963378906,258.14898681640625,45491
2026-01-30 19:48:00+00:00,258.0199890136719,258.2799987792969,258.0,258.2250061035156,52668
2026-01-30 19:49:00+00:00,258.1499938964844,258.239990234375,258.0,258.0199890136719,44956
2026-01-30 19:50:00+00:00,258.3100891113281,258.3299865722656,258.1499938964844,258.1499938964844,50005
2026-01-30 19:51:00+00:00,258.260009765625,258.3699951171875,258.260009765625,258.3399963378906,54859
2026-01-30 19:52:00+00:00,258.5950012207031,258.6600036621094,258.2900085449219,258.2900085449219,123018
2026-01-30 19:53:00+00:00,258.6167907714844,258.8500061035156,258.4150085449219,258.61859130859375,148961
2026-01-30 19:54:00+00:00,258.659912109375,258.70001220703125,258.57000732421875,258.6099853515625,55382
2026-01-30 19:55:00+00:00,258.82000732421875,258.94000244140625,258.6300048828125,258.6449890136719,124663
2026-01-30 19:56:00+00:00,258.67999267578125,258.79998779296875,258.6000061035156,258.7900085449219,90581
2026-01-30 19:57:00+00:00,258.5400085449219,258.71990966796875,258.4700927734375,258.6899108886719,89579
2026-01-30 19:58:00+00:00,258.5050048828125,258.6700134277344,258.4700012207031,258.54998779296875,82739
2026-01-30 19:59:00+00:00,258.2699890136719,258.5115966796875,258.2300109863281,258.5,89113
2026-01-30 20:00:00+00:00,258.4100036621094,258.4700012207031,258.25,258.2900085449219,71290
2026-01-30 20:01:00+00:00,258.2091064453125,258.5299987792969,258.19000244140625,258.402099609375,86587
2026-01-30 20:02:00+00:00,258.1099853515625,258.20001220703125,258.0450134277344,258.1942138671875,83206
2026-01-30 20:03:00+00:00,258.0899963378906,258.19000244140625,258.07000732421875,258.10980224609375,43827
2026-01-30 20:04:00+00:00,257.9700012207031,258.1099853515625,257.95001220703125,258.1099853515625,62024
2026-01-30 20:05:00+00:00,257.9219970703125,258.0849914550781,257.9200134277344,257.9800109863281,13398992
2026-01-30 20:06:00+00:00,257.5799865722656,257.95989990234375,257.5799865722656,257.92279052734375,0
2026-01-30 20:07:00+00:00,257.9309997558594,258.0199890136719,257.55999755859375,257.55999755859375,65840
2026-01-30 20:08:00+00:00,258.1700134277344,258.2099914550781,257.70001220703125,257.92999267578125,76754
2026-01-30 20:09:00+00:00,258.4599914550781,258.4800109863281,258.1300964355469,258.1600036621094,95090
2026-01-30 20:10:00+00:00,258.6400146484375,258.6400146484375,258.44000244140625,258.4800109863281,109224
2026-01-30 20:11:00+00:00,258.489990234375,258.69000244140625,258.4599914550781,258.6400146484375,90886
2026-01-30 20:12:00+00:00,258.5849914550781,258.7300109863281,258.460205078125,258.5,78141
2026-01-30 20:13:00+00:00,258.7200012207031,258.7300109863281,258.5400085449219,258.5849914550781,67991
2026-01-30 20:14:00+00:00,258.6499938964844,258.739990234375,258.5,258.7250061035156,97921
2026-01-30 20:15:00+00:00,258.4700012207031,258.6499938964844,258.45001220703125,258.6499938964844,84933
2026-01-30 20:16:00+00:00,258.7799987792969,258.8699035644531,258.4800109863281,258.5,102462
2026-01-30 20:17:00+00:00,258.8500061035156,258.8900146484375,258.69000244140625,258.75,67651
2026-01-30 20:18:00+00:00,258.9800109863281,259.0458984375,258.8399963378906,258.8599853515625,109240
2026-01-30 20:19:00+00:00,259.20001220703125,259.2200012207031,258.9599914550781,259.0,93702
2026-01-30 20:20:00+00:00,259.2300109863281,259.2699890136719,259.0899963378906,259.19000244140625,154744
2026-01-30 20:21:00+00:00,259.14581298828125,259.2900085449219,259.1000061035156,259.2200012207031,106144
2026-01-30 20:22:00+00:00,259.30999755859375,259.3399963378906,259.04998779296875,259.1300048828125,106536
2026-01-30 20:23:00+00:00,259.2200012207031,259.45001220703125,259.19000244140625,259.3500061035156,117976
2026-01-30 20:24:00+00:00,259.3800048828125,259.3900146484375,259.2099914550781,259.25,97765
2026-01-30 20:25:00+00:00,259.5899963378906,259.6600036621094,259.3800048828125,259.3800048828125,173314
2026-01-30 20:26:00+00:00,259.489990234375,259.69000244140625,259.44000244140625,259.55999755859375,116899
2026-01-30 20:27:00+00:00,259.5899963378906,259.6400146484375,259.3800048828125,259.4849853515625,137063
2026-01-30 20:28:00+00:00,259.7699890136719,259.81988525390625,259.5150146484375,259.5799865722656,137135
2026-01-30 20:29:00+00:00,259.9100036621094,259.9100036621094,259.739990234375,259.751708984375,154699
2026-01-30 20:30:00+00:00,259.8999938964844,260.1199951171875,259.82000732421875,259.9200134277344,316535
2026-01-30 20:31:00+00:00,260.07000732421875,260.1300048828125,259.8699951171875,259.8900146484375,152142
2026-01-30 20:32:00+00:00,260.0150146484375,260.1524963378906,259.9100036621094,260.07000732421875,119878
2026-01-30 20:33:00+00:00,260.5400085449219,260.54998779296875,260.010009765625,260.010009765625,247422
2026-01-30 20:34:00+00:00,260.44000244140625,260.5799865722656,260.3299865722656,260.5400085449219,163950
2026-01-30 20:35:00+00:00,260.5249938964844,260.5799865722656,260.3900146484375,260.44000244140625,151832
2026-01-30 20:36:00+00:00,260.5,260.599609375,260.3800048828125,260.53680419921875,129756
2026-01-30 20:37:00+00:00,260.1400146484375,260.58990478515625,260.0849914550781,260.4800109863281,154098
2026-01-30 20:38:00+00:00,260.489990234375,260.54998779296875,260.1099853515625,260.1099853515625,129514
2026-01-30 20:39:00+00:00,260.7099914550781,260.7499084472656,260.5199890136719,260.5199890136719,194272
2026-01-30 20:40:00+00:00,260.7898864746094,260.8900146484375,260.70001220703125,260.7300109863281,168315
2026-01-30 20:41:00+00:00,260.90008544921875,261.0,260.760009765625,260.7900085449219,166757
2026-01-30 20:42:00+00:00,260.8699951171875,260.9800109863281,260.760009765625,260.8900146484375,169566
2026-01-30 20:43:00+00:00,260.8999938964844,261.0400085449219,260.7699890136719,260.8699951171875,174076
2026-01-30 20:44:00+00:00,260.989990234375,261.0249938964844,260.8999938964844,260.9100036621094,144387
2026-01-30 20:45:00+00:00,261.3399963378906,261.3399963378906,260.9599914550781,260.9800109863281,204472
2026-01-30 20:46:00+00:00,261.2550048828125,261.3599853515625,261.2200012207031,261.3399963378906,171530
2026-01-30 20:47:00+00:00,261.4200134277344,261.4549865722656,261.25,261.2550048828125,141732
2026-01-30 20:48:00+00:00,261.69000244140625,261.7049865722656,261.4100036621094,261.4316101074219,170525
2026-01-30 20:49:00+00:00,261.7974853515625,261.89990234375,261.67999267578125,261.69000244140625,227867
2026-01-30 20:50:00+00:00,261.4100036621094,261.8900146484375,261.3800048828125,261.80999755859375,320042
2026-01-30 20:51:00+00:00,261.0249938964844,261.489990234375,260.9100036621094,261.4198913574219,324233
2026-01-30 20:52:00+00:00,260.7690124511719,261.1000061035156,260.5899963378906,261.0199890136719,285602
2026-01-30 20:53:00+00:00,259.95001220703125,260.7900085449219,259.8500061035156,260.7699890136719,300682
2026-01-30 20:54:00+00:00,259.7900085449219,260.0899963378906,259.0600891113281,259.95001220703125,463393
2026-01-30 20:55:00+00:00,259.8299865722656,260.0199890136719,258.8999938964844,259.79998779296875,603386
2026-01-30 20:56:00+00:00,259.8599853515625,260.0400085449219,259.6600036621094,259.8299865722656,375311
2026-01-30 20:57:00+00:00,259.57000732421875,259.8699951171875,259.364990234375,259.8699951171875,574705
2026-01-30 20:58:00+00:00,259.8699951171875,259.92999267578125,259.5150146484375,259.6000061035156,683270
2026-01-30 20:59:00+00:00,259.4800109863281,260.05999755859375,258.0,259.8800048828125,1973068
