Price,Close,High,Low,Open,Volume
Ticker,AAPL,AAPL,AAPL,AAPL,AAPL
Datetime,,,,,
2026-05-06 13:30,281.75,282.97,281.54999,281.91501,2021289
2026-05-06 13:31,282.51999,282.59,281.57999,281.76001,223624
2026-05-06 13:32,282.06,282.60999,281.87,282.51999,142636
2026-05-06 13:33,281.92001,281.98999,281.09,281.98999,146588
2026-05-06 13:34,281.19501,282.12,281.07501,281.89001,300629
2026-05-06 13:35,281.39001,281.67999,281.17999,281.17999,167564
2026-05-06 13:36,282.72501,282.75,281.34,281.35999,223598
2026-05-06 13:37,282.6633,283.01001,282.63,282.73001,178418
2026-05-06 13:38,282.62,283.10001,282.42001,282.63,172290
2026-05-06 13:39,282.98499,283.13,282.63,282.63,151651
2026-05-06 13:40,282.95001,283.10001,282.79501,282.9917,157783
2026-05-06 13:41,283.25,283.41,282.76999,282.92999,223414
2026-05-06 13:42,282.55151,283.20999,282.54141,283.20999,105617
2026-05-06 13:43,282.39499,282.56201,282.23999,282.56201,93357
2026-05-06 13:44,282.95001,282.95001,282.25171,282.39499,130825
2026-05-06 13:45,282.63501,283.0,282.58011,282.97501,118706
2026-05-06 13:46,283.42999,283.44,282.59,282.67001,206773
2026-05-06 13:47,284.05499,284.17999,283.17001,283.42999,208721
2026-05-06 13:48,284.54999,284.62,283.72,284.04999,171684
2026-05-06 13:49,284.5,284.63,284.26001,284.54681,163202
2026-05-06 13:50,284.48001,285.19,284.32001,284.51001,502779
2026-05-06 13:51,284.67999,284.73001,283.82999,284.45499,134342
2026-05-06 13:52,285.10001,285.19989,284.63,284.69,158383
2026-05-06 13:53,285.39001,285.42001,285.0,285.10999,199541
2026-05-06 13:54,285.38101,285.58099,285.06009,285.37,199214
2026-05-06 13:55,285.25,285.48001,285.13062,285.38,141289
2026-05-06 13:56,285.17999,285.37,284.89999,285.26999,125164
2026-05-06 13:57,285.26999,285.38,285.0,285.20901,104325
2026-05-06 13:58,285.785,285.82999,285.12,285.22,176779
2026-05-06 13:59,286.14001,286.24899,285.76999,285.81,285339
2026-05-06 14:00,286.0,286.29001,285.70999,286.14999,205223
2026-05-06 14:01,286.16,286.17999,285.78,286.0,231195
2026-05-06 14:02,285.97,286.29999,285.84,286.16,207842
2026-05-06 14:03,285.88,286.09,285.59961,285.95001,151612
2026-05-06 14:04,286.17001,286.34,285.85001,285.875,158095
2026-05-06 14:05,285.72501,286.26001,285.62,286.185,152505
2026-05-06 14:06,285.81,285.95499,285.60999,285.73001,100442
2026-05-06 14:07,285.82999,285.92001,285.60001,285.80499,94265
2026-05-06 14:08,286.0,286.04001,285.7001,285.79001,119948
2026-05-06 14:09,286.32001,286.5,286.02499,286.04001,193718
2026-05-06 14:10,286.11499,286.35001,286.04999,286.32001,97818
2026-05-06 14:11,286.13,286.29999,286.04001,286.10501,90722
2026-05-06 14:12,286.28,286.46951,286.01001,286.14001,117277
2026-05-06 14:13,286.34991,286.44,286.04001,286.26999,151488
2026-05-06 14:14,286.39499,286.60999,286.17999,286.35001,145332
2026-05-06 14:15,286.51999,286.57999,286.31,286.41,84028
2026-05-06 14:16,286.435,286.60999,286.31,286.51501,96017
2026-05-06 14:17,286.57999,286.64999,286.42999,286.435,98436
2026-05-06 14:18,286.5,286.63,286.42001,286.5899,78909
2026-05-06 14:19,286.45499,286.72,286.23001,286.48999,148874
2026-05-06 14:20,286.59009,286.70001,286.457,286.47,105532
2026-05-06 14:21,286.22,286.67001,286.10999,286.62,116765
2026-05-06 14:22,286.45499,286.54001,286.20001,286.2291,111265
2026-05-06 14:23,286.185,286.51001,286.17999,286.48001,68566
2026-05-06 14:24,285.82001,286.20001,285.64999,286.185,185579
2026-05-06 14:25,285.91,286.01001,285.79001,285.79999,70970
2026-05-06 14:26,285.67999,286.07999,285.60001,285.92999,97551
2026-05-06 14:27,285.60999,285.76999,285.57001,285.67999,105996
2026-05-06 14:28,286.14001,286.20001,285.57001,285.59,222863
2026-05-06 14:29,286.10999,286.17999,285.85999,286.14999,132431
2026-05-06 14:30,286.16501,286.26999,286.0,286.13,93365
2026-05-06 14:31,286.23001,286.34,286.01251,286.17001,95024
2026-05-06 14:32,286.22699,286.25,285.92001,286.23999,52660
2026-05-06 14:33,285.70099,286.26001,285.70001,286.23001,74526
2026-05-06 14:34,285.52951,285.75,285.42999,285.70999,90395
2026-05-06 14:35,285.72009,285.79999,285.39001,285.52509,60705
2026-05-06 14:36,285.82001,285.85999,285.565,285.70001,60236
2026-05-06 14:37,285.32001,285.79999,285.32001,285.78,111141
2026-05-06 14:38,285.57999,285.66,285.32999,285.32999,121813
2026-05-06 14:39,285.23999,285.57999,285.14999,285.57001,134048
2026-05-06 14:40,285.14999,285.31,285.04999,285.23499,111911
2026-05-06 14:41,285.12,285.20999,285.01999,285.16,68442
2026-05-06 14:42,285.42999,285.45001,285.1167,285.125,96331
2026-05-06 14:43,285.03,285.5,285.03,285.40549,92319
2026-05-06 14:44,285.07999,285.13989,285.04001,285.05499,879272
2026-05-06 14:45,284.91199,285.12,284.88,285.07999,195950
2026-05-06 14:46,285.0,285.07999,284.73999,284.89999,91937
2026-05-06 14:47,285.0766,285.16,284.89999,284.98001,68916
2026-05-06 14:48,284.89999,285.19,284.88,285.10999,87060
2026-05-06 14:49,284.85001,284.9675,284.79001,284.92001,90767
2026-05-06 14:50,284.98999,285.06989,284.815,284.85001,70544
2026-05-06 14:51,285.09,285.16,284.82001,284.98999,94905
2026-05-06 14:52,284.95999,285.12,284.905,285.07999,56962
2026-05-06 14:53,284.83499,284.95999,284.67999,284.92001,87549
2026-05-06 14:54,284.84,284.89999,284.77499,284.82001,74485
2026-05-06 14:55,284.84,284.88501,284.7951,284.84,52160
2026-05-06 14:56,284.64999,284.85001,284.64001,284.84,62870
2026-05-06 14:57,284.75,284.94,284.59,284.64999,92500
2026-05-06 14:58,284.66199,284.76999,284.62,284.76501,46328
2026-05-06 14:59,284.87,284.89001,284.61011,284.66,57684
2026-05-06 15:00,285.07999,285.10001,284.78769,284.86499,115288
2026-05-06 15:01,285.14999,285.41,284.98999,285.09,169731
2026-05-06 15:02,285.13501,285.14999,285.07999,285.11499,45655
2026-05-06 15:03,284.80499,285.13779,284.76001,285.13501,80367
2026-05-06 15:04,284.73999,284.81,284.63,284.79001,57517
2026-05-06 15:05,284.785,284.81909,284.57001,284.73001,50784
2026-05-06 15:06,284.79749,284.95001,284.73001,284.785,60085
2026-05-06 15:07,284.60001,284.79999,284.5701,284.79999,58748
2026-05-06 15:08,284.535,284.60001,284.39999,284.59,136713
2026-05-06 15:09,284.59,284.70001,284.51001,284.51999,64064
2026-05-06 15:10,284.67001,284.67999,284.5416,284.60001,61943
2026-05-06 15:11,284.80499,284.98999,284.65009,284.66501,94398
2026-05-06 15:12,284.31,284.82001,284.30801,284.81,88292
2026-05-06 15:13,283.98001,284.345,283.88,284.31,157382
2026-05-06 15:14,284.20499,284.23999,283.95999,283.97501,117221
2026-05-06 15:15,284.3201,284.47989,284.19,284.19,615456
2026-05-06 15:16,284.505,284.60001,284.28,284.34,127049
2026-05-06 15:17,284.59,284.72,284.49011,284.51999,59695
2026-05-06 15:18,284.10001,284.62,284.10001,284.60999,67877
2026-05-06 15:19,284.54999,284.64999,284.09,284.10999,74045
2026-05-06 15:20,284.42001,284.58499,284.39001,284.54501,66770
2026-05-06 15:21,284.535,284.63,284.41501,284.42499,60225
2026-05-06 15:22,284.37,284.67001,284.35999,284.51001,61549
2026-05-06 15:23,284.44,284.54999,284.29001,284.38,50670
2026-05-06 15:24,284.32999,284.45999,284.28,284.44,76228
2026-05-06 15:25,284.20001,284.35999,284.19,284.32999,68475
2026-05-06 15:26,284.26999,284.35001,284.19,284.19,47375
2026-05-06 15:27,284.39999,284.45001,284.26501,284.26501,68102
2026-05-06 15:28,284.29999,284.41,284.29001,284.39999,50969
2026-05-06 15:29,284.73999,284.78,284.26999,284.29999,466150
2026-05-06 15:30,284.84,284.89001,284.64999,284.73999,111368
2026-05-06 15:31,285.07001,285.13,284.76001,284.84,106599
2026-05-06 15:32,284.79001,285.10001,284.67999,285.04999,56688
2026-05-06 15:33,285.04001,285.09,284.73999,284.81989,97941
2026-05-06 15:34,285.01999,285.22,285.01999,285.03,64070
2026-05-06 15:35,284.95001,285.10251,284.92001,285.035,53241
2026-05-06 15:36,285.38,285.3873,284.95001,284.98001,89915
2026-05-06 15:37,285.29001,285.48001,285.20001,285.38,105016
2026-05-06 15:38,285.42999,285.5,285.20999,285.26001,59363
2026-05-06 15:39,285.595,285.69,285.42001,285.42999,77544
2026-05-06 15:40,285.57501,285.60001,285.4501,285.59,50909
2026-05-06 15:41,285.20001,285.64499,285.20001,285.57501,61924
2026-05-06 15:42,285.20001,285.26001,285.06,285.20001,42000
2026-05-06 15:43,285.10999,285.29999,285.10999,285.19501,39235
2026-05-06 15:44,285.51001,285.79999,285.10001,285.10999,113493
2026-05-06 15:45,285.24991,285.56,285.23999,285.51999,50404
2026-05-06 15:46,285.10501,285.25949,285.04999,285.25,49143
2026-05-06 15:47,285.005,285.12,284.95999,285.09,34191
2026-05-06 15:48,285.26001,285.39001,284.9801,285.01999,66256
2026-05-06 15:49,285.31,285.38,285.20001,285.25,54200
2026-05-06 15:50,285.29999,285.35989,285.20001,285.31921,41490
2026-05-06 15:51,285.07001,285.34,285.04999,285.28,51506
2026-05-06 15:52,285.27499,285.31,285.07001,285.10001,56773
2026-05-06 15:53,285.31061,285.5,285.26999,285.26999,72201
2026-05-06 15:54,285.5,285.53989,285.23999,285.32501,60238
2026-05-06 15:55,285.56,285.64999,285.48001,285.495,86143
2026-05-06 15:56,285.67001,285.70001,285.5,285.56,36961
2026-05-06 15:57,285.79999,286.0,285.64499,285.69,841003
2026-05-06 15:58,285.87979,285.89001,285.7301,285.79999,52935
2026-05-06 15:59,285.595,285.88,285.58139,285.85001,57603
2026-05-06 16:00,285.56,285.73001,285.54001,285.595,44775
2026-05-06 16:01,285.59,285.67499,285.53,285.56,49326
2026-05-06 16:02,285.57999,285.69,285.5202,285.60999,47144
2026-05-06 16:03,285.54999,285.63,285.51999,285.57999,31691
2026-05-06 16:04,285.30499,285.57001,285.28,285.53711,57309
2026-05-06 16:05,285.38071,285.45001,285.28149,285.30499,44955
2026-05-06 16:06,285.38,285.41501,285.26999,285.38,36109
2026-05-06 16:07,285.5,285.51999,285.3689,285.39999,35772
2026-05-06 16:08,285.29501,285.51999,285.29001,285.5,32610
2026-05-06 16:09,285.38,285.38,285.26001,285.29001,27465
2026-05-06 16:10,285.45001,285.45001,285.20999,285.38,51431
2026-05-06 16:11,285.42999,285.54001,285.38,285.44501,83173
2026-05-06 16:12,285.42999,285.45001,285.30011,285.42999,38791
2026-05-06 16:13,285.22501,285.44,285.22,285.42999,50811
2026-05-06 16:14,285.31,285.35989,285.22501,285.22501,31084
2026-05-06 16:15,285.44,285.47,285.31,285.31,39481
2026-05-06 16:16,285.495,285.53,285.44,285.44,42584
2026-05-06 16:17,285.26511,285.495,285.255,285.495,47963
2026-05-06 16:18,285.45001,285.45999,285.26001,285.285,35557
2026-05-06 16:19,285.48001,285.5,285.39011,285.44,36972
2026-05-06 16:20,285.37,285.60001,285.285,285.47,34363
2026-05-06 16:21,285.72501,285.7995,285.32999,285.37,162881
2026-05-06 16:22,285.60001,285.8898,285.57999,285.72501,71063
2026-05-06 16:23,285.655,285.685,285.54999,285.60001,52777
2026-05-06 16:24,285.87,285.875,285.57999,285.64999,77788
2026-05-06 16:25,286.30499,286.37,285.87,285.875,293769
2026-05-06 16:26,286.07001,286.32001,286.035,286.32001,58159
2026-05-06 16:27,286.0401,286.0899,285.9505,286.07501,34014
2026-05-06 16:28,286.14001,286.20999,286.03,286.04999,63323
2026-05-06 16:29,286.26001,286.32001,286.10001,286.14001,73950
2026-05-06 16:30,286.07999,286.37,286.05499,286.255,61889
2026-05-06 16:31,286.10001,286.10999,286.03,286.06,31577
2026-05-06 16:32,286.03,286.14999,286.01001,286.10001,52169
2026-05-06 16:33,285.92999,286.03,285.85999,286.03,40683
2026-05-06 16:34,286.10001,286.10999,285.91501,285.92999,42109
2026-05-06 16:35,286.14001,286.1499,286.06,286.10501,27132
2026-05-06 16:36,286.01001,286.14999,285.95999,286.14001,31127
2026-05-06 16:37,286.01999,286.07501,286.01001,286.01999,25481
2026-05-06 16:38,286.0,286.04999,285.92499,286.01849,43516
2026-05-06 16:39,286.065,286.07001,285.92999,285.98499,33001
2026-05-06 16:40,286.20999,286.25,286.04999,286.05301,41965
2026-05-06 16:41,286.28,286.30011,286.20001,286.20001,48543
2026-05-06 16:42,286.39999,286.42001,286.23001,286.26999,40530
2026-05-06 16:43,286.54001,286.60999,286.38,286.39999,138950
2026-05-06 16:44,286.63501,286.64999,286.44,286.54001,61861
2026-05-06 16:45,286.92001,287.13,286.63501,286.63501,356297
2026-05-06 16:46,286.98499,287.06,286.85999,286.91501,74737
2026-05-06 16:47,286.67999,286.99771,286.64001,286.98499,80650
2026-05-06 16:48,286.60001,286.73999,286.54999,286.67001,64339
2026-05-06 16:49,286.48499,286.63,286.45001,286.60001,67035
2026-05-06 16:50,286.30499,286.49991,286.29999,286.48999,58221
2026-05-06 16:51,286.25,286.34,286.20999,286.29999,52013
2026-05-06 16:52,286.17999,286.23001,286.1001,286.20001,46964
2026-05-06 16:53,286.20001,286.255,286.13,286.17999,30278
2026-05-06 16:54,285.92999,286.23001,285.92999,286.20999,62534
2026-05-06 16:55,285.95999,285.97,285.89999,285.92999,56387
2026-05-06 16:56,286.035,286.035,285.92999,285.9675,37488
2026-05-06 16:57,285.815,286.06,285.79999,286.03,70100
2026-05-06 16:58,285.875,285.875,285.70999,285.802,64679
2026-05-06 16:59,286.23001,286.26999,285.87,285.875,148981
2026-05-06 17:00,285.815,286.26999,285.78,286.25,89698
2026-05-06 17:01,285.91,285.95001,285.815,285.815,30543
2026-05-06 17:02,286.04999,286.19,285.91,285.91,54984
2026-05-06 17:03,285.95999,286.13,285.95999,286.04001,51148
2026-05-06 17:04,285.97501,286.13989,285.89999,285.92001,85162
2026-05-06 17:05,286.07471,286.12,285.93011,285.98001,59140
2026-05-06 17:06,286.04501,286.14001,285.98999,286.07001,43419
2026-05-06 17:07,286.12,286.16501,286.03009,286.04001,46829
2026-05-06 17:08,286.24011,286.26001,286.10999,286.125,43224
2026-05-06 17:09,286.16,286.37,286.099,286.25,126937
2026-05-06 17:10,286.11499,286.19,286.06,286.16,50270
2026-05-06 17:11,286.23999,286.33499,286.07001,286.10999,75131
2026-05-06 17:12,286.42999,286.44,286.23999,286.23999,62443
2026-05-06 17:13,286.59,286.59271,286.39001,286.42999,65789
2026-05-06 17:14,286.73001,286.82001,286.56,286.57999,63529
2026-05-06 17:15,286.70999,286.83499,286.67999,286.73001,49663
2026-05-06 17:16,286.82001,286.8251,286.685,286.70999,57786
2026-05-06 17:17,286.78,286.85999,286.70999,286.81,87700
2026-05-06 17:18,286.85001,286.89001,286.76999,286.78,43345
2026-05-06 17:19,286.95999,286.98999,286.83499,286.85999,48087
2026-05-06 17:20,286.81,286.95499,286.73999,286.95499,58330
2026-05-06 17:21,286.9046,286.94,286.79501,286.81,30880
2026-05-06 17:22,286.95001,286.965,286.80011,286.91,58969
2026-05-06 17:23,286.88,286.97501,286.84,286.95999,40728
2026-05-06 17:24,286.94,286.94,286.86011,286.88,31597
2026-05-06 17:25,286.89999,286.96991,286.87,286.94,34772
2026-05-06 17:26,286.98499,287.04001,286.89001,286.89001,89526
2026-05-06 17:27,286.89771,287.0,286.78201,286.98001,36792
2026-05-06 17:28,286.87009,286.94,286.85999,286.89499,34670
2026-05-06 17:29,286.73499,286.88,286.73001,286.88,47606
2026-05-06 17:30,286.70001,286.80981,286.66,286.73001,44216
2026-05-06 17:31,286.79001,286.79999,286.64999,286.70001,42275
2026-05-06 17:32,286.97,286.98001,286.75,286.79001,43265
2026-05-06 17:33,287.05679,287.09991,286.88,286.97501,79652
2026-05-06 17:34,286.91501,287.07001,286.90009,287.06,37379
2026-05-06 17:35,286.95001,286.95001,286.85001,286.92999,37980
2026-05-06 17:36,286.92499,287.0,286.92001,286.95999,32015
2026-05-06 17:37,286.91,286.935,286.88,286.92999,25513
2026-05-06 17:38,286.79501,286.90009,286.79001,286.89999,28206
2026-05-06 17:39,286.79501,286.85999,286.76999,286.78989,27707
2026-05-06 17:40,286.76999,286.80499,286.73001,286.79001,34731
2026-05-06 17:41,286.79999,286.82001,286.73999,286.78,36804
2026-05-06 17:42,286.76001,286.87,286.75,286.81,39021
2026-05-06 17:43,286.655,286.79501,286.57001,286.76001,96694
2026-05-06 17:44,286.69,286.77499,286.64999,286.668,45540
2026-05-06 17:45,286.65009,286.73001,286.64999,286.70001,68086
2026-05-06 17:46,286.85501,286.89001,286.60999,286.65009,38118
2026-05-06 17:47,287.07501,287.28949,286.85751,286.87,166836
2026-05-06 17:48,287.103,287.17999,287.03851,287.07501,55958
2026-05-06 17:49,286.98999,287.13,286.97,287.10999,52986
2026-05-06 17:50,287.0,287.06979,286.8501,287.01001,62955
2026-05-06 17:51,287.17999,287.20999,287.01501,287.01999,48086
2026-05-06 17:52,287.38269,287.39001,287.14001,287.185,62922
2026-05-06 17:53,287.56,287.60999,287.38,287.38,159713
2026-05-06 17:54,287.53989,287.57999,287.48999,287.55499,51798
2026-05-06 17:55,287.51501,287.66,287.5,287.53989,91935
2026-05-06 17:56,287.69009,287.75,287.51001,287.51199,66894
2026-05-06 17:57,287.64001,287.75,287.62009,287.70001,72107
2026-05-06 17:58,287.64001,287.70911,287.6001,287.63501,46079
2026-05-06 17:59,287.664,287.70001,287.63501,287.64999,56133
2026-05-06 18:00,287.82001,287.85001,287.64999,287.66,102597
2026-05-06 18:01,287.75,287.84,287.73001,287.82001,79897
2026-05-06 18:02,287.39999,287.75,287.345,287.75,126272
2026-05-06 18:03,287.48001,287.5,287.29999,287.42001,61666
2026-05-06 18:04,287.32001,287.51999,287.32001,287.495,42187
2026-05-06 18:05,287.34,287.435,287.26501,287.32999,116425
2026-05-06 18:06,287.34009,287.39999,287.28009,287.35999,63310
2026-05-06 18:07,287.32501,287.41,287.23999,287.35001,64433
2026-05-06 18:08,287.25,287.35999,287.17001,287.32999,85414
2026-05-06 18:09,287.03,287.25,286.95001,287.25,121189
2026-05-06 18:10,287.07001,287.07001,286.935,287.04001,80061
2026-05-06 18:11,286.85141,287.1499,286.84,287.07001,80702
2026-05-06 18:12,286.785,286.89001,286.71011,286.85001,85805
2026-05-06 18:13,287.0499,287.07999,286.76999,286.79001,84625
2026-05-06 18:14,286.98001,287.04501,286.95999,287.04001,44116
2026-05-06 18:15,286.95001,287.04999,286.94,286.97,81816
2026-05-06 18:16,286.97,287.01501,286.91,286.95001,43186
2026-05-06 18:17,286.88,286.97,286.82001,286.97,46829
2026-05-06 18:18,286.85501,286.89999,286.79501,286.88,112064
2026-05-06 18:19,286.92999,286.95001,286.84,286.85001,34252
2026-05-06 18:20,286.92001,286.965,286.89001,286.935,26438
2026-05-06 18:21,287.27011,287.27011,286.84,286.91501,97105
2026-05-06 18:22,287.26001,287.28,287.14001,287.28,31946
2026-05-06 18:23,287.45001,287.47,287.23499,287.26001,47687
2026-05-06 18:24,287.45999,287.48499,287.42999,287.44989,38175
2026-05-06 18:25,287.44,287.47,287.36499,287.45001,39124
2026-05-06 18:26,287.556,287.57999,287.44,287.44501,75185
2026-05-06 18:27,287.41,287.55499,287.37,287.55499,111204
2026-05-06 18:28,287.26999,287.42999,287.26001,287.42001,40994
2026-05-06 18:29,287.17999,287.32999,287.09,287.27499,62144
2026-05-06 18:30,287.12,287.22501,287.10999,287.16589,50315
2026-05-06 18:31,287.07999,287.16501,287.0,287.14001,50756
2026-05-06 18:32,286.83499,287.1199,286.76001,287.09,58013
2026-05-06 18:33,286.85001,286.88,286.67001,286.82999,61650
2026-05-06 18:34,286.84,286.88,286.78,286.85001,37910
2026-05-06 18:35,286.98001,287.0,286.82501,286.82501,48507
2026-05-06 18:36,287.04999,287.12,286.92999,286.99139,436697
2026-05-06 18:37,287.04999,287.06299,286.995,287.04999,43646
2026-05-06 18:38,287.01901,287.06,286.88,287.04999,72246
2026-05-06 18:39,287.04999,287.10999,286.94,287.01999,47300
2026-05-06 18:40,287.01999,287.07501,286.98999,287.04001,41003
2026-05-06 18:41,287.0,287.04001,286.935,287.02509,28361
2026-05-06 18:42,286.97501,287.02499,286.95499,287.01001,29509
2026-05-06 18:43,287.04999,287.04999,286.95001,286.98001,36916
2026-05-06 18:44,287.09,287.14999,287.04999,287.04999,33007
2026-05-06 18:45,287.125,287.20001,287.09009,287.095,32439
2026-05-06 18:46,286.98001,287.13989,286.97,287.13989,55258
2026-05-06 18:47,286.85999,287.03,286.85999,286.97,38821
2026-05-06 18:48,286.75299,286.87991,286.66501,286.85999,53885
2026-05-06 18:49,286.73999,286.82999,286.73001,286.745,41603
2026-05-06 18:50,287.00021,287.07001,286.73001,286.73001,90262
2026-05-06 18:51,287.035,287.04999,286.95001,287.01001,34642
2026-05-06 18:52,287.07501,287.13,287.01001,287.035,45143
2026-05-06 18:53,287.10501,287.1499,287.07001,287.07501,45267
2026-05-06 18:54,287.16501,287.17001,287.09,287.10501,37800
2026-05-06 18:55,287.01001,287.19,287.01001,287.16501,54329
2026-05-06 18:56,287.10999,287.10999,287.0,287.00909,145777
2026-05-06 18:57,287.26999,287.35999,287.10001,287.10001,57351
2026-05-06 18:58,287.2608,287.37,287.22,287.26999,76076
2026-05-06 18:59,287.30151,287.30499,287.25,287.28,47610
2026-05-06 19:00,287.38,287.39001,287.26501,287.30499,52924
2026-05-06 19:01,287.54501,287.60001,287.319,287.38,78008
2026-05-06 19:02,287.57999,287.63,287.48499,287.54001,80574
2026-05-06 19:03,287.4697,287.599,287.42999,287.599,101816
2026-05-06 19:04,287.38901,287.54999,287.34,287.45999,58583
2026-05-06 19:05,287.25,287.41,287.20999,287.375,126260
2026-05-06 19:06,287.29999,287.30801,287.20499,287.26001,56936
2026-05-06 19:07,287.44,287.44,287.25,287.30801,61940
2026-05-06 19:08,287.51001,287.51999,287.39999,287.435,53011
2026-05-06 19:09,287.435,287.53,287.405,287.51999,48299
2026-05-06 19:10,287.48999,287.51999,287.44,287.44,45947
2026-05-06 19:11,287.41,287.51001,287.38501,287.48999,62010
2026-05-06 19:12,287.47,287.495,287.39999,287.39999,47902
2026-05-06 19:13,287.60001,287.60999,287.42001,287.45999,68855
2026-05-06 19:14,287.60001,287.62,287.54001,287.60999,62085
2026-05-06 19:15,287.565,287.64001,287.53,287.60999,57510
2026-05-06 19:16,287.70999,287.72,287.54001,287.565,99733
2026-05-06 19:17,287.685,287.76999,287.64001,287.70999,59445
2026-05-06 19:18,287.86499,287.88,287.60001,287.685,89047
2026-05-06 19:19,287.66,287.89999,287.66,287.85999,113337
2026-05-06 19:20,287.64001,287.69,287.57001,287.66,54240
2026-05-06 19:21,287.62,287.67499,287.595,287.64001,77092
2026-05-06 19:22,287.60501,287.67001,287.58499,287.62,59219
2026-05-06 19:23,287.51001,287.62991,287.48999,287.60501,165234
2026-05-06 19:24,287.53,287.60001,287.48001,287.51001,64356
2026-05-06 19:25,287.48999,287.60001,287.44,287.54001,66307
2026-05-06 19:26,287.57001,287.60999,287.44,287.48999,61082
2026-05-06 19:27,287.54501,287.57999,287.465,287.57999,104384
2026-05-06 19:28,287.61499,287.64001,287.54501,287.54501,68348
2026-05-06 19:29,287.76001,287.79999,287.61011,287.62,81889
2026-05-06 19:30,287.62,287.76001,287.58011,287.76001,78715
2026-05-06 19:31,287.64499,287.66501,287.57001,287.60999,63701
2026-05-06 19:32,287.60999,287.66,287.55011,287.64499,86496
2026-05-06 19:33,287.53,287.63501,287.48001,287.60999,65383
2026-05-06 19:34,287.57999,287.60999,287.53,287.53,74451
2026-05-06 19:35,287.505,287.57999,287.5,287.57001,65020
2026-05-06 19:36,287.52991,287.54999,287.39999,287.505,106044
2026-05-06 19:37,287.595,287.60999,287.51999,287.53,279184
2026-05-06 19:38,287.44501,287.64001,287.41,287.60001,102586
2026-05-06 19:39,287.39999,287.48499,287.35999,287.45001,59698
2026-05-06 19:40,287.38501,287.45001,287.29999,287.41,114459
2026-05-06 19:41,287.42499,287.52499,287.35001,287.38611,91166
2026-05-06 19:42,287.26501,287.60001,287.26001,287.42499,114130
2026-05-06 19:43,287.32501,287.35001,287.26001,287.26999,83423
2026-05-06 19:44,287.255,287.32999,287.23999,287.32501,84126
2026-05-06 19:45,287.23499,287.31,287.20499,287.23999,95369
2026-05-06 19:46,287.16501,287.25,287.16,287.23499,316597
2026-05-06 19:47,287.14499,287.19989,287.04001,287.16,80409
2026-05-06 19:48,287.26001,287.29999,287.12,287.14499,76791
2026-05-06 19:49,287.20001,287.28,287.09,287.26001,108499
2026-05-06 19:50,287.595,287.69501,287.20999,287.20999,170116
2026-05-06 19:51,287.69,287.70001,287.565,287.60001,122010
2026-05-06 19:52,287.64999,287.75,287.57999,287.685,162550
2026-05-06 19:53,287.70999,287.75,287.53,287.64001,177394
2026-05-06 19:54,287.81,287.94,287.70999,287.70999,216341
2026-05-06 19:55,287.755,288.03,287.57999,287.82001,490847
2026-05-06 19:56,287.66501,287.77499,287.66,287.755,224348
2026-05-06 19:57,287.64999,287.69,287.5,287.66501,300572
2026-05-06 19:58,287.53,287.64999,287.41,287.64999,608482
2026-05-06 19:59,287.53,287.57999,287.39001,287.53,1134772
2026-05-07 13:30,288.79999,289.47,288.20001,289.26999,1611213
2026-05-07 13:31,289.10001,289.19,288.48001,288.79001,196390
2026-05-07 13:32,289.35001,289.73999,288.82001,289.07999,270098
2026-05-07 13:33,289.61499,289.98999,289.25,289.35001,284143
2026-05-07 13:34,288.99991,290.14999,288.75,289.63,769428
2026-05-07 13:35,289.35999,289.379,288.39999,289.0,206093
2026-05-07 13:36,289.89999,290.07001,289.17999,289.32001,276871
2026-05-07 13:37,289.29501,290.32999,289.10001,289.95001,283840
2026-05-07 13:38,289.435,289.655,289.25009,289.28,149561
2026-05-07 13:39,289.20999,289.64001,289.13,289.44,109790
2026-05-07 13:40,289.10999,289.37,288.89999,289.26001,150930
2026-05-07 13:41,288.85999,289.23999,288.79999,289.11499,125462
2026-05-07 13:42,289.33499,289.53,288.85001,288.88,108969
2026-05-07 13:43,289.79001,289.79999,289.28,289.34879,114157
2026-05-07 13:44,289.64001,289.86499,289.45999,289.79001,155150
2026-05-07 13:45,289.9075,290.35999,289.54999,289.64001,367011
2026-05-07 13:46,289.42001,289.92001,289.1503,289.92001,181088
2026-05-07 13:47,289.5799,289.79999,288.98999,289.39001,164446
2026-05-07 13:48,289.44,289.85999,289.44,289.54999,94900
2026-05-07 13:49,289.28448,289.47,289.19501,289.42999,127533
2026-05-07 13:50,289.48999,289.5,289.19,289.28,76830
2026-05-07 13:51,289.37,289.51959,289.26999,289.48001,69476
2026-05-07 13:52,289.06,289.37,288.84,289.35001,178053
2026-05-07 13:53,289.20999,289.23999,289.01999,289.09,75723
2026-05-07 13:54,289.67001,289.69,289.23001,289.25989,66523
2026-05-07 13:55,289.39999,289.6701,289.32999,289.66,83025
2026-05-07 13:56,289.69,289.89999,289.38,289.38,117950
2026-05-07 13:57,290.07001,290.22,289.64999,289.67499,198705
2026-05-07 13:58,290.51001,290.62,290.065,290.065,224022
2026-05-07 13:59,291.03,291.06,290.44,290.5,435406
2026-05-07 14:00,291.35999,291.41,290.92001,291.01001,263528
2026-05-07 14:01,291.85999,291.88,291.32001,291.32999,277588
2026-05-07 14:02,291.73001,292.07001,291.54999,291.87,339604
2026-05-07 14:03,291.42999,291.88989,291.26999,291.75,131994
2026-05-07 14:04,291.61499,291.66,291.33011,291.41,120080
2026-05-07 14:05,291.45999,291.85001,291.42999,291.60999,295345
2026-05-07 14:06,291.69,291.79999,291.41,291.45999,87367
2026-05-07 14:07,291.87009,292.13,291.6601,291.72009,273798
2026-05-07 14:08,291.32999,291.98999,291.29999,291.89999,118184
2026-05-07 14:09,291.23999,291.39999,290.91,291.33981,167828
2026-05-07 14:10,290.95001,291.35999,290.70999,291.26001,196745
2026-05-07 14:11,290.76001,290.91,290.69,290.91,163583
2026-05-07 14:12,290.4902,290.785,290.41,290.73999,101540
2026-05-07 14:13,290.63,290.72,290.48001,290.51001,61621
2026-05-07 14:14,290.32999,290.63,290.29001,290.63,142195
2026-05-07 14:15,289.94879,290.41,289.73999,290.35001,189736
2026-05-07 14:16,290.10999,290.16501,289.89999,289.92999,151372
2026-05-07 14:17,290.44,290.45001,290.09,290.13,144146
2026-05-07 14:18,290.67999,290.75,290.42999,290.44949,123092
2026-05-07 14:19,290.62,290.70999,290.31,290.67999,163449
2026-05-07 14:20,290.67999,290.75,290.521,290.62,87978
2026-05-07 14:21,290.67999,290.75,290.38,290.67001,175430
2026-05-07 14:22,290.88,290.98999,290.66,290.6799,156643
2026-05-07 14:23,291.01999,291.01999,290.57999,290.89001,107457
2026-05-07 14:24,290.8699,291.12,290.62259,291.03,104412
2026-05-07 14:25,290.92499,291.13,290.80011,290.82001,82966
2026-05-07 14:26,290.86981,290.98001,290.75,290.92499,56241
2026-05-07 14:27,290.71011,290.95001,290.66,290.85001,173376
2026-05-07 14:28,290.56,290.76999,290.45001,290.74341,75051
2026-05-07 14:29,290.47,290.56989,290.37,290.52509,90857
2026-05-07 14:30,290.54999,290.62869,290.37009,290.47,86838
2026-05-07 14:31,290.57999,290.69,290.45001,290.54001,46970
2026-05-07 14:32,290.48001,290.66959,290.44,290.58511,39361
2026-05-07 14:33,290.465,290.48999,290.26501,290.44,57727
2026-05-07 14:34,290.48001,290.70001,290.45001,290.45001,49615
2026-05-07 14:35,290.01501,290.53,290.01001,290.5,68530
2026-05-07 14:36,290.04001,290.23499,289.92001,290.01501,82845
2026-05-07 14:37,290.345,290.37991,290.04001,290.06,81246
2026-05-07 14:38,290.23999,290.42999,290.17499,290.375,68252
2026-05-07 14:39,290.16501,290.29999,290.13,290.23001,97727
2026-05-07 14:40,290.185,290.23999,289.94,290.16,155059
2026-05-07 14:41,290.2999,290.48001,290.185,290.185,54027
2026-05-07 14:42,290.34,290.48001,290.26001,290.29001,51141
2026-05-07 14:43,290.56,290.62,290.34,290.34,73176
2026-05-07 14:44,290.73001,290.8299,290.54999,290.54999,81364
2026-05-07 14:45,290.82999,291.0,290.6312,290.72501,167084
2026-05-07 14:46,290.53,290.89999,290.53,290.8501,53533
2026-05-07 14:47,290.37979,290.59,290.20001,290.54001,105070
2026-05-07 14:48,290.285,290.38501,290.10001,290.37,99720
2026-05-07 14:49,290.45999,290.56,290.25,290.285,71454
2026-05-07 14:50,290.31,290.54001,290.31,290.45999,48884
2026-05-07 14:51,290.38501,290.56,290.29999,290.31,62611
2026-05-07 14:52,290.51999,290.51999,290.3501,290.39999,48080
2026-05-07 14:53,290.47501,290.60001,290.35001,290.51999,51089
2026-05-07 14:54,290.785,290.79999,290.48001,290.48001,77170
2026-05-07 14:55,290.87,290.9325,290.755,290.7999,91205
2026-05-07 14:56,290.86499,290.93701,290.84,290.875,48340
2026-05-07 14:57,290.96011,291.04001,290.79999,290.85999,99631
2026-05-07 14:58,291.09799,291.10001,290.92999,290.95999,63843
2026-05-07 14:59,290.97949,291.10999,290.8201,291.09509,53738
2026-05-07 15:00,290.88501,290.98001,290.75,290.965,43670
2026-05-07 15:01,290.87701,290.97,290.70999,290.85999,59504
2026-05-07 15:02,291.10999,291.13,290.8501,290.88,68976
2026-05-07 15:03,291.06,291.23001,291.01999,291.12,73780
2026-05-07 15:04,290.92999,291.07001,290.89999,291.06,66994
2026-05-07 15:05,290.70999,291.03,290.70001,290.92499,49208
2026-05-07 15:06,290.60999,290.78,290.53,290.73001,98071
2026-05-07 15:07,290.70001,290.85001,290.56,290.64011,67693
2026-05-07 15:08,290.51999,290.67999,290.48999,290.67999,79004
2026-05-07 15:09,290.685,290.70499,290.41,290.51001,87880
2026-05-07 15:10,290.9899,291.01999,290.67001,290.685,71637
2026-05-07 15:11,291.01001,291.13,290.92001,290.97,79846
2026-05-07 15:12,290.91989,291.04999,290.89001,291.01999,51840
2026-05-07 15:13,290.9201,291.13,290.76001,290.89999,68727
2026-05-07 15:14,291.01999,291.17001,290.89999,290.9256,81355
2026-05-07 15:15,291.10001,291.14999,290.98999,291.02011,78380
2026-05-07 15:16,291.32999,291.39001,291.07971,291.10001,145625
2026-05-07 15:17,291.125,291.32501,291.06,291.32501,46689
2026-05-07 15:18,291.09,291.22,290.98999,291.12,52544
2026-05-07 15:19,290.94989,291.11981,290.89011,291.09,40404
2026-05-07 15:20,290.98001,291.06,290.85001,290.92999,45007
2026-05-07 15:21,291.08221,291.12,290.935,290.98001,38733
2026-05-07 15:22,291.28,291.29001,291.0401,291.05499,51299
2026-05-07 15:23,291.20599,291.29001,291.10989,291.26999,47200
2026-05-07 15:24,290.88,291.22,290.79999,291.20001,51246
2026-05-07 15:25,290.69,290.84,290.62,290.82001,67567
2026-05-07 15:26,290.59009,290.75,290.42999,290.69,52863
2026-05-07 15:27,290.64001,290.755,290.58499,290.58499,38195
2026-05-07 15:28,290.39999,290.62,290.35001,290.62,61908
2026-05-07 15:29,290.2001,290.405,290.20001,290.35999,87902
2026-05-07 15:30,290.31,290.3385,290.19,290.20001,65414
2026-05-07 15:31,290.2644,290.33969,290.17999,290.32999,71213
2026-05-07 15:32,290.22501,290.29999,290.03,290.27499,62675
2026-05-07 15:33,290.26999,290.32999,290.17999,290.22501,45344
2026-05-07 15:34,290.69501,290.73999,290.26001,290.28009,98984
2026-05-07 15:35,290.60999,290.715,290.51999,290.67999,32980
2026-05-07 15:36,290.51501,290.71991,290.51001,290.60999,34337
2026-05-07 15:37,290.48499,290.57001,290.39001,290.51999,51543
2026-05-07 15:38,290.17999,290.57001,290.17001,290.48499,60470
2026-05-07 15:39,289.87,290.2099,289.85999,290.14999,73526
2026-05-07 15:40,289.745,289.92999,289.63,289.88,235212
2026-05-07 15:41,289.8699,289.87,289.66101,289.76001,34299
2026-05-07 15:42,289.92499,289.97,289.82001,289.86499,45842
2026-05-07 15:43,289.785,289.91,289.75,289.91,39007
2026-05-07 15:44,289.87,289.93991,289.73999,289.79999,35615
2026-05-07 15:45,289.94,289.98999,289.81,289.83011,59102
2026-05-07 15:46,289.92001,290.03,289.85001,289.935,71758
2026-05-07 15:47,289.89999,289.98999,289.82999,289.9101,47455
2026-05-07 15:48,289.5,289.935,289.47009,289.905,68242
2026-05-07 15:49,289.685,289.87,289.41,289.5,142421
2026-05-07 15:50,289.625,289.67999,289.50729,289.67001,56091
2026-05-07 15:51,289.34,289.66501,289.31,289.625,96966
2026-05-07 15:52,289.28989,289.37,289.19,289.35001,72177
2026-05-07 15:53,289.45001,289.48999,289.2301,289.26999,56454
2026-05-07 15:54,289.37,289.46991,289.3201,289.44,26729
2026-05-07 15:55,289.31,289.38,289.22,289.34,50992
2026-05-07 15:56,289.29001,289.37,289.08011,289.31,36740
2026-05-07 15:57,289.32001,289.35001,289.2301,289.29999,46214
2026-05-07 15:58,289.24249,289.31,289.13,289.31,52357
2026-05-07 15:59,289.31931,289.32999,289.13,289.2215,74357
2026-05-07 16:00,289.14999,289.43991,289.13,289.29999,53623
2026-05-07 16:01,289.14001,289.21289,289.01001,289.15979,73859
2026-05-07 16:02,288.92001,289.14999,288.87,289.10001,76974
2026-05-07 16:03,289.06,289.13,288.78,288.89999,119673
2026-05-07 16:04,289.01999,289.18869,288.89999,289.05151,65393
2026-05-07 16:05,289.1705,289.23001,288.94,289.0,55028
2026-05-07 16:06,289.38,289.40991,289.12,289.16251,55908
2026-05-07 16:07,289.42001,289.48999,289.28,289.37,55824
2026-05-07 16:08,289.20001,289.42999,289.19,289.41101,70140
2026-05-07 16:09,289.25,289.34,289.13,289.20331,61578
2026-05-07 16:10,289.35501,289.42001,289.20499,289.23999,43864
2026-05-07 16:11,289.54501,289.60999,289.33099,289.35501,65140
2026-05-07 16:12,289.53,289.56,289.38,289.56,68407
2026-05-07 16:13,289.37,289.60001,289.34009,289.56,49369
2026-05-07 16:14,289.51999,289.63,289.33939,289.37,50291
2026-05-07 16:15,289.44,289.59,289.29999,289.51999,73741
2026-05-07 16:16,289.48001,289.57001,289.32001,289.44,90542
2026-05-07 16:17,289.42999,289.59,289.34009,289.47,51860
2026-05-07 16:18,289.435,289.51001,289.345,289.42999,45061
2026-05-07 16:19,289.2001,289.47,289.17999,289.44,56296
2026-05-07 16:20,289.37,289.37,289.17999,289.215,70306
2026-05-07 16:21,289.345,289.42001,289.26501,289.35001,41107
2026-05-07 16:22,289.29001,289.47,289.25,289.345,39816
2026-05-07 16:23,289.41501,289.51501,289.2901,289.29999,48457
2026-05-07 16:24,289.54999,289.70001,289.42999,289.42999,63592
2026-05-07 16:25,289.56,289.60001,289.4501,289.56,41247
2026-05-07 16:26,289.55499,289.5899,289.48001,289.57999,43148
2026-05-07 16:27,289.53,289.64001,289.44,289.54001,34363
2026-05-07 16:28,289.38501,289.54001,289.20999,289.51001,52499
2026-05-07 16:29,289.41,289.44501,289.2601,289.38,34782
2026-05-07 16:30,289.28,289.57501,289.25,289.42499,57523
2026-05-07 16:31,289.13501,289.29001,288.88,289.28,134115
2026-05-07 16:32,289.1601,289.20001,289.01501,289.13501,59498
2026-05-07 16:33,289.05499,289.2063,289.01999,289.14999,188963
2026-05-07 16:34,289.20999,289.20999,289.01001,289.07001,22158
2026-05-07 16:35,289.29999,289.39001,289.11151,289.19,56952
2026-05-07 16:36,289.35501,289.38,289.26001,289.30499,25010
2026-05-07 16:37,289.16,289.35501,289.13,289.35501,27179
2026-05-07 16:38,289.53,289.57999,289.14999,289.14999,75813
2026-05-07 16:39,289.60001,289.61499,289.51001,289.56,29974
2026-05-07 16:40,289.56,289.655,289.54501,289.60001,40976
2026-05-07 16:41,289.48999,289.58499,289.44,289.565,31062
2026-05-07 16:42,289.28,289.48999,289.26801,289.48999,25326
2026-05-07 16:43,289.20999,289.32001,289.14999,289.285,25519
2026-05-07 16:44,289.28,289.32001,289.20999,289.20999,22113
2026-05-07 16:45,289.12,289.32999,289.1001,289.27499,39498
2026-05-07 16:46,289.00009,289.19,289.0,289.13501,55082
2026-05-07 16:47,289.17999,289.17999,289.01501,289.01501,41023
2026-05-07 16:48,289.10001,289.19,289.07999,289.1709,24462
2026-05-07 16:49,289.07001,289.12,289.01999,289.09,29037
2026-05-07 16:50,289.0,289.12,288.95001,289.04501,55305
2026-05-07 16:51,289.005,289.07001,288.95999,289.01501,56266
2026-05-07 16:52,288.73999,289.04001,288.64001,289.0,94971
2026-05-07 16:53,288.66,288.79001,288.63,288.72501,51827
2026-05-07 16:54,288.78,288.85001,288.66,288.69,40608
2026-05-07 16:55,288.7601,288.87,288.75,288.79001,49049
2026-05-07 16:56,288.625,288.77991,288.59,288.76001,152053
2026-05-07 16:57,288.38,288.66,288.37,288.625,65084
2026-05-07 16:58,288.48999,288.5,288.35001,288.38501,39943
2026-05-07 16:59,288.62991,288.63,288.23999,288.5,76360
2026-05-07 17:00,288.7301,288.76999,288.59698,288.6301,53081
2026-05-07 17:01,288.67999,288.78,288.60999,288.73001,31462
2026-05-07 17:02,288.625,288.70999,288.5,288.67999,33303
2026-05-07 17:03,288.79001,288.79001,288.54999,288.62,26516
2026-05-07 17:04,288.7919,288.935,288.7919,288.79999,49691
2026-05-07 17:05,288.66,288.79999,288.66,288.79999,23538
2026-05-07 17:06,288.73999,288.80499,288.59,288.66501,36221
2026-05-07 17:07,288.94989,289.04999,288.79001,288.79001,87271
2026-05-07 17:08,289.10501,289.12,288.9325,288.95001,36953
2026-05-07 17:09,289.095,289.10999,288.98999,289.10999,48568
2026-05-07 17:10,289.23001,289.32999,289.10001,289.10001,48654
2026-05-07 17:11,289.17999,289.21991,289.07001,289.20001,38300
2026-05-07 17:12,289.08499,289.23999,288.94501,289.20001,45339
2026-05-07 17:13,289.14999,289.20001,289.06,289.08499,41797
2026-05-07 17:14,289.22,289.23999,289.09,289.14999,42702
2026-05-07 17:15,289.00751,289.20999,289.00751,289.20999,45313
2026-05-07 17:16,288.91,289.0,288.73001,289.0,84428
2026-05-07 17:17,288.91,288.97989,288.79999,288.92499,25802
2026-05-07 17:18,289.02499,289.04001,288.89001,288.91501,38324
2026-05-07 17:19,289.10999,289.13,288.97,289.02499,51929
2026-05-07 17:20,288.91,289.13,288.88,289.12,42938
2026-05-07 17:21,289.13,289.17001,288.88,288.95999,37423
2026-05-07 17:22,289.18719,289.29001,289.1001,289.14001,36856
2026-05-07 17:23,289.20901,289.35001,289.20001,289.20001,40806
2026-05-07 17:24,289.33499,289.35999,289.215,289.215,50901
2026-05-07 17:25,289.0899,289.57999,289.07001,289.35001,117222
2026-05-07 17:26,288.73499,289.12,288.6701,289.0307,52705
2026-05-07 17:27,288.73999,288.87909,288.56,288.72,47790
2026-05-07 17:28,288.84,288.85999,288.48001,288.75,83155
2026-05-07 17:29,288.76501,289.02991,288.71509,288.83499,36419
2026-05-07 17:30,288.85999,288.89001,288.70001,288.745,33687
2026-05-07 17:31,288.84,288.89001,288.67001,288.84,27307
2026-05-07 17:32,288.92001,288.95999,288.79999,288.81,25028
2026-05-07 17:33,288.79001,288.95001,288.72,288.90009,25196
2026-05-07 17:34,288.85001,288.88,288.69,288.78,30877
2026-05-07 17:35,288.79001,288.85001,288.66,288.82999,29968
2026-05-07 17:36,288.85001,288.85001,288.60999,288.76999,47935
2026-05-07 17:37,288.952,289.01001,288.81,288.84,33735
2026-05-07 17:38,288.81,289.01001,288.76999,288.97,22633
2026-05-07 17:39,288.815,288.88,288.77969,288.81,43406
2026-05-07 17:40,288.66501,288.92001,288.64001,288.81961,29049
2026-05-07 17:41,288.70999,288.70999,288.57001,288.64999,32099
2026-05-07 17:42,288.66,288.76001,288.60999,288.70499,21516
2026-05-07 17:43,288.67001,288.789,288.60999,288.67001,38544
2026-05-07 17:44,288.76999,288.79001,288.63,288.67001,23162
2026-05-07 17:45,288.60001,288.82999,288.60001,288.75,30075
2026-05-07 17:46,288.39001,288.60989,288.35001,288.60501,66887
2026-05-07 17:47,288.35999,288.50989,288.26999,288.375,77179
2026-05-07 17:48,288.09991,288.38,287.89999,288.32001,170013
2026-05-07 17:49,288.28,288.31,288.01999,288.07001,49354
2026-05-07 17:50,288.25989,288.31,288.14001,288.26999,49098
2026-05-07 17:51,288.20999,288.41,288.10999,288.245,51781
2026-05-07 17:52,288.10999,288.22,288.07001,288.20001,33812
2026-05-07 17:53,288.28,288.34,288.10001,288.10001,29348
2026-05-07 17:54,288.33011,288.35999,288.21039,288.26501,25463
2026-05-07 17:55,288.37,288.41501,288.31,288.35001,23928
2026-05-07 17:56,288.69009,288.755,288.35999,288.38,63452
2026-05-07 17:57,288.79999,288.89001,288.68219,288.6907,44104
2026-05-07 17:58,288.92499,288.987,288.78,288.815,39592
2026-05-07 17:59,289.10999,289.14999,288.92499,288.94,110177
2026-05-07 18:00,289.04999,289.28,289.04001,289.13,53480
2026-05-07 18:01,288.965,289.07999,288.89001,289.04999,62845
2026-05-07 18:02,288.92001,288.98001,288.7601,288.965,29707
2026-05-07 18:03,288.845,288.94,288.82001,288.91,29651
2026-05-07 18:04,288.95999,288.98001,288.81,288.845,35215
2026-05-07 18:05,289.04501,289.04999,288.92001,288.92999,40592
2026-05-07 18:06,288.98499,289.09,288.94,289.03,40082
2026-05-07 18:07,289.06989,289.07999,288.95001,288.97,34219
2026-05-07 18:08,288.935,289.07001,288.92999,289.04001,26862
2026-05-07 18:09,288.98001,289.01001,288.89001,288.935,58035
2026-05-07 18:10,288.98001,289.01001,288.82001,288.97,36227
2026-05-07 18:11,289.2038,289.23001,288.95999,288.98001,48468
2026-05-07 18:12,289.1087,289.23001,289.095,289.23001,30018
2026-05-07 18:13,289.01999,289.09,288.935,289.09,44217
2026-05-07 18:14,288.84,289.095,288.73001,289.01999,90048
2026-05-07 18:15,288.89999,288.98001,288.82001,288.84,46326
2026-05-07 18:16,288.95499,288.95999,288.8801,288.8801,27259
2026-05-07 18:17,288.88501,288.98001,288.85001,288.95999,24283
2026-05-07 18:18,289.0,289.0,288.79999,288.87881,34957
2026-05-07 18:19,288.95499,289.04001,288.89001,289.005,52542
2026-05-07 18:20,289.10501,289.76999,288.95001,288.95999,357609
2026-05-07 18:21,288.94,289.17001,288.85559,289.11499,80795
2026-05-07 18:22,288.88501,289.07001,288.82001,288.94,68545
2026-05-07 18:23,288.83499,289.01001,288.73999,288.88501,47106
2026-05-07 18:24,288.69989,288.91501,288.60001,288.83499,43832
2026-05-07 18:25,288.62991,288.70999,288.60999,288.6998,44628
2026-05-07 18:26,288.6098,288.70999,288.56,288.61499,38702
2026-05-07 18:27,288.655,288.66989,288.5,288.595,54495
2026-05-07 18:28,288.64999,288.75,288.63501,288.66,42423
2026-05-07 18:29,288.26999,288.64661,288.26999,288.64499,53947
2026-05-07 18:30,288.12,288.34,288.10001,288.28,72451
2026-05-07 18:31,288.07001,288.16,288.0,288.13,55713
2026-05-07 18:32,288.07501,288.13,288.01001,288.065,53926
2026-05-07 18:33,288.17789,288.20999,288.10001,288.10999,49536
2026-05-07 18:34,288.26001,288.26999,288.09,288.14999,29318
2026-05-07 18:35,288.16,288.27499,288.16,288.26901,40134
2026-05-07 18:36,288.23499,288.27499,288.14001,288.14001,25998
2026-05-07 18:37,288.02011,288.24011,287.95001,288.22,38870
2026-05-07 18:38,288.01999,288.08499,287.94,288.0498,58616
2026-05-07 18:39,287.905,288.03,287.79501,288.01999,97432
2026-05-07 18:40,287.79999,287.92999,287.72,287.91101,55882
2026-05-07 18:41,287.81,287.97989,287.76001,287.79501,43461
2026-05-07 18:42,287.88071,287.93719,287.78,287.81,43931
2026-05-07 18:43,287.85999,287.89499,287.755,287.89499,48918
2026-05-07 18:44,287.47,287.8588,287.35999,287.8588,92915
2026-05-07 18:45,287.41,287.53,287.20999,287.48499,82948
2026-05-07 18:46,287.35669,287.45001,287.25,287.41,48064
2026-05-07 18:47,287.28,287.36499,287.20999,287.34,57501
2026-05-07 18:48,287.14001,287.29999,287.13,287.26999,83383
2026-05-07 18:49,287.005,287.14001,286.85999,287.14001,95346
2026-05-07 18:50,287.04001,287.13,287.01001,287.01001,54823
2026-05-07 18:51,287.26001,287.26001,286.95001,287.04001,94921
2026-05-07 18:52,287.14499,287.26999,287.04001,287.2301,60481
2026-05-07 18:53,287.11331,287.17001,286.98001,287.17001,49381
2026-05-07 18:54,286.95001,287.19,286.91,287.10001,42935
2026-05-07 18:55,287.03,287.10999,286.87,286.92001,76583
2026-05-07 18:56,287.13,287.19,287.02499,287.03,54613
2026-05-07 18:57,287.32001,287.38,287.07501,287.1124,67832
2026-05-07 18:58,287.42001,287.5,287.28,287.33499,65550
2026-05-07 18:59,287.42001,287.56,287.38,287.42001,65265
2026-05-07 19:00,287.31,287.45499,287.20001,287.405,57360
2026-05-07 19:01,287.26501,287.35999,287.12,287.30499,61301
2026-05-07 19:02,286.89999,287.26001,286.85999,287.26001,80589
2026-05-07 19:03,286.53,286.92001,286.51999,286.905,86474
2026-05-07 19:04,286.53,286.67999,286.39001,286.54001,93322
2026-05-07 19:05,286.98001,286.98001,286.54001,286.54001,77679
2026-05-07 19:06,287.06,287.0899,286.85001,286.97,91876
2026-05-07 19:07,286.91,287.07501,286.75,287.04999,105512
2026-05-07 19:08,286.745,286.9501,286.70999,286.89001,82353
2026-05-07 19:09,286.57001,286.75,286.54001,286.74991,72496
2026-05-07 19:10,286.19501,286.69,286.16,286.54001,530551
2026-05-07 19:11,286.01001,286.26001,285.78,286.20999,216566
2026-05-07 19:12,286.19,286.25,285.89999,286.0,162229
2026-05-07 19:13,286.29999,286.32999,286.16,286.18069,110528
2026-05-07 19:14,286.375,286.5199,286.20999,286.29999,117084
2026-05-07 19:15,286.57999,286.73001,286.26999,286.375,106327
2026-05-07 19:16,286.73001,286.82001,286.54999,286.57999,94408
2026-05-07 19:17,286.48001,286.87,286.42999,286.78,235054
2026-05-07 19:18,286.48001,286.70001,286.41,286.45001,67117
2026-05-07 19:19,286.48999,286.56,286.28,286.48999,88943
2026-05-07 19:20,286.53549,286.59,286.405,286.47,52742
2026-05-07 19:21,286.345,286.57001,286.25,286.53021,67337
2026-05-07 19:22,286.38,286.48001,286.29001,286.34509,44409
2026-05-07 19:23,286.42999,286.5,286.25,286.38,46369
2026-05-07 19:24,286.34991,286.44,286.29501,286.44,56114
2026-05-07 19:25,286.29999,286.39499,286.19,286.32999,67425
2026-05-07 19:26,286.51999,286.57999,286.29001,286.29001,69690
2026-05-07 19:27,286.67001,286.73001,286.48001,286.52499,63475
2026-05-07 19:28,286.70999,286.73001,286.62021,286.67001,47813
2026-05-07 19:29,286.73999,286.79999,286.64999,286.70999,81141
2026-05-07 19:30,286.67001,286.73499,286.57999,286.73499,85246
2026-05-07 19:31,286.76999,286.85001,286.67999,286.67999,55478
2026-05-07 19:32,286.76501,286.78,286.54501,286.7601,65782
2026-05-07 19:33,287.05371,287.06,286.70999,286.7637,82365
2026-05-07 19:34,286.935,287.12,286.935,287.04001,60187
2026-05-07 19:35,286.86499,287.01001,286.86499,286.94,62886
2026-05-07 19:36,287.08499,287.17999,286.82999,286.88,89870
2026-05-07 19:37,287.13,287.25,287.07999,287.09,54792
2026-05-07 19:38,287.13,287.17001,287.01999,287.14001,62234
2026-05-07 19:39,287.17001,287.29501,287.12009,287.13,76140
2026-05-07 19:40,286.95999,287.19,286.93069,287.14999,56524
2026-05-07 19:41,286.87991,287.03,286.87,286.96011,69117
2026-05-07 19:42,286.85001,286.89999,286.82001,286.88,65818
2026-05-07 19:43,286.905,287.0,286.79999,286.85001,66143
2026-05-07 19:44,286.91,286.95999,286.84,286.90509,60894
2026-05-07 19:45,286.73001,286.89999,286.67001,286.89001,55235
2026-05-07 19:46,286.82001,286.9024,286.67999,286.72,68867
2026-05-07 19:47,286.78,286.82001,286.69,286.81,34247
2026-05-07 19:48,286.755,286.78989,286.67001,286.78,42380
2026-05-07 19:49,286.7504,286.92001,286.70999,286.76001,62854
2026-05-07 19:50,287.065,287.07001,286.78,286.78,99562
2026-05-07 19:51,287.17001,287.20001,286.95999,287.07001,104772
2026-05-07 19:52,286.84,287.20001,286.64999,287.16,158428
2026-05-07 19:53,286.75,286.87,286.66,286.84,96291
2026-05-07 19:54,286.72501,286.94,286.28,286.76001,153490
2026-05-07 19:55,287.41,287.51001,286.67999,286.72,232737
2026-05-07 19:56,287.32001,287.5,287.25,287.41,172263
2026-05-07 19:57,287.16,287.45001,287.09,287.32001,199649
2026-05-07 19:58,287.42001,287.42001,287.10999,287.17001,237508
2026-05-07 19:59,287.47,287.56,287.35001,287.42001,522707
2026-05-08 13:30,290.91,291.98001,290.0,290.10999,1722732
2026-05-08 13:31,292.345,292.45999,290.91,290.965,443773
2026-05-08 13:32,292.56,292.92999,292.09,292.35431,421861
2026-05-08 13:33,292.785,292.92001,291.98999,292.55011,385407
2026-05-08 13:34,293.01511,293.37,292.77499,292.79999,402768
2026-05-08 13:35,293.10001,293.29001,292.75,293.0,293230
2026-05-08 13:36,293.09,293.35001,292.92001,293.07999,264558
2026-05-08 13:37,292.81601,293.59,292.81,293.12,325787
2026-05-08 13:38,293.41,293.66,292.57001,292.81,247354
2026-05-08 13:39,292.82001,293.53,292.62,293.44,215441
2026-05-08 13:40,292.95999,293.47,292.62299,292.81049,441425
2026-05-08 13:41,292.815,293.17001,292.51999,292.98001,164197
2026-05-08 13:42,293.1684,293.1684,292.66,292.82001,171001
2026-05-08 13:43,292.98001,293.20001,292.78,293.151,126809
2026-05-08 13:44,293.39999,293.44,292.91,292.95999,139967
2026-05-08 13:45,293.72,293.72501,293.25,293.38,272606
2026-05-08 13:46,294.32999,294.44,293.70999,293.715,393861
2026-05-08 13:47,294.31,294.55499,294.07001,294.29001,307786
2026-05-08 13:48,293.63251,294.41,293.47,294.31149,191671
2026-05-08 13:49,293.6001,293.85001,293.45999,293.62,175424
2026-05-08 13:50,293.45499,293.85999,293.20001,293.60001,129982
2026-05-08 13:51,293.57059,293.73999,293.42001,293.42999,120345
2026-05-08 13:52,293.51001,293.79001,293.2901,293.60999,137884
2026-05-08 13:53,293.45999,293.69,293.45001,293.53,79975
2026-05-08 13:54,293.32001,293.5,293.25,293.4675,92059
2026-05-08 13:55,293.31,293.48001,293.215,293.35999,116103
2026-05-08 13:56,293.25,293.32999,293.17999,293.25,71811
2026-05-08 13:57,293.681,293.75,293.23999,293.23999,151678
2026-05-08 13:58,293.72501,293.85999,293.57999,293.715,90325
2026-05-08 13:59,293.89099,293.98999,293.60501,293.72501,130747
2026-05-08 14:00,293.185,293.98001,293.13,293.91,177035
2026-05-08 14:01,293.5,293.62,293.14001,293.185,152152
2026-05-08 14:02,293.52499,293.59991,293.20999,293.51001,99473
2026-05-08 14:03,293.5101,293.64999,293.35001,293.539,70944
2026-05-08 14:04,293.67001,293.69989,293.35001,293.54999,71185
2026-05-08 14:05,293.64499,293.67999,293.37,293.66501,95846
2026-05-08 14:06,293.67499,293.75,293.39001,293.64499,72625
2026-05-08 14:07,293.0506,293.7001,293.04999,293.67499,141135
2026-05-08 14:08,292.91501,293.22,292.85001,293.04999,185779
2026-05-08 14:09,292.96109,293.10001,292.70001,292.91501,142080
2026-05-08 14:10,292.66,292.98001,292.51999,292.95999,115964
2026-05-08 14:11,292.87,293.07001,292.6564,292.6564,92988
2026-05-08 14:12,293.07001,293.10999,292.7001,292.85999,69418
2026-05-08 14:13,293.11499,293.17001,293.0,293.09,78729
2026-05-08 14:14,293.26501,293.26999,292.98999,293.11499,73260
2026-05-08 14:15,293.29999,293.37,293.04999,293.28,58687
2026-05-08 14:16,293.47,293.54001,293.29501,293.29501,87322
2026-05-08 14:17,293.23499,293.48499,293.10999,293.48499,88438
2026-05-08 14:18,292.85001,293.26001,292.745,293.26001,147692
2026-05-08 14:19,293.31,293.31,292.77539,292.82999,106085
2026-05-08 14:20,293.38,293.48499,293.16501,293.32001,68228
2026-05-08 14:21,293.14999,293.41501,293.14499,293.41,62317
2026-05-08 14:22,293.29999,293.42001,293.17001,293.17001,89685
2026-05-08 14:23,293.53009,293.66,293.26001,293.29001,130383
2026-05-08 14:24,293.8399,293.85001,293.53009,293.54501,132651
2026-05-08 14:25,293.76001,293.81,293.62009,293.79001,78254
2026-05-08 14:26,293.54001,293.79001,293.51001,293.745,119505
2026-05-08 14:27,293.51999,293.67001,293.39001,293.50009,104173
2026-05-08 14:28,293.92001,293.92499,293.48999,293.5,105784
2026-05-08 14:29,293.785,293.95001,293.745,293.92999,110507
2026-05-08 14:30,293.91,293.98999,293.69,293.76999,145442
2026-05-08 14:31,293.99799,294.07999,293.84061,293.91,177118
2026-05-08 14:32,294.14001,294.23001,293.87,293.9801,141815
2026-05-08 14:33,294.23001,294.35999,294.04999,294.10999,161658
2026-05-08 14:34,294.09,294.45999,294.04999,294.23001,157639
2026-05-08 14:35,293.79001,294.09,293.75,294.09,232292
2026-05-08 14:36,294.16,294.17999,293.70001,293.79001,187993
2026-05-08 14:37,294.04001,294.20999,293.95001,294.14001,77182
2026-05-08 14:38,294.22501,294.23001,293.92499,294.06,95906
2026-05-08 14:39,294.23999,294.32999,293.95999,294.23001,122036
2026-05-08 14:40,294.29501,294.39011,294.14999,294.22501,85646
2026-05-08 14:41,294.09,294.45001,294.07001,294.29001,119137
2026-05-08 14:42,294.345,294.36499,294.04999,294.09,87743
2026-05-08 14:43,294.35999,294.38989,294.23001,294.345,73360
2026-05-08 14:44,294.35999,294.45999,294.28,294.35501,146060
2026-05-08 14:45,294.345,294.41,294.22,294.33121,110242
2026-05-08 14:46,294.14001,294.48999,294.07999,294.35001,132187
2026-05-08 14:47,294.07001,294.22,294.06,294.16,68473
2026-05-08 14:48,294.27991,294.29999,294.03,294.04999,65625
2026-05-08 14:49,294.39001,294.64999,294.17999,294.29999,195015
2026-05-08 14:50,294.42499,294.47,294.20999,294.38501,96540
2026-05-08 14:51,294.49121,294.60001,294.26001,294.40149,116271
2026-05-08 14:52,294.37009,294.55991,294.35001,294.47009,72875
2026-05-08 14:53,294.23999,294.40451,294.14999,294.39001,73890
2026-05-08 14:54,294.61499,294.70999,294.16,294.25,184676
2026-05-08 14:55,294.57999,294.76001,294.54999,294.63,136026
2026-05-08 14:56,293.76999,294.5975,293.73001,294.57001,311108
2026-05-08 14:57,293.42001,293.85001,293.42001,293.79001,170926
2026-05-08 14:58,293.45999,293.79999,293.41,293.42499,213103
2026-05-08 14:59,293.56,293.63,293.39999,293.44299,112137
2026-05-08 15:00,293.70999,293.70999,293.35999,293.54001,167030
2026-05-08 15:01,294.035,294.14999,293.5401,293.69,121695
2026-05-08 15:02,293.94501,294.07001,293.76999,294.04001,117739
2026-05-08 15:03,293.98499,294.16,293.82999,293.95001,110778
2026-05-08 15:04,293.98499,294.13,293.85001,293.98001,109603
2026-05-08 15:05,294.065,294.14001,293.95999,293.97,68983
2026-05-08 15:06,294.11499,294.23001,294.02499,294.09,91166
2026-05-08 15:07,293.66,294.20999,293.60999,294.11499,86285
2026-05-08 15:08,293.79999,293.88,293.64999,293.64999,47370
2026-05-08 15:09,293.905,293.91,293.75,293.80801,58145
2026-05-08 15:10,293.67001,293.99179,293.57999,293.92001,80506
2026-05-08 15:11,293.63501,293.69,293.53,293.67499,31426
2026-05-08 15:12,293.39999,293.60001,293.39999,293.60001,91901
2026-05-08 15:13,293.07001,293.39999,293.04001,293.38,143012
2026-05-08 15:14,293.11499,293.17999,293.03,293.07501,111315
2026-05-08 15:15,293.255,293.27011,293.10999,293.13501,51882
2026-05-08 15:16,293.22,293.26941,293.13501,293.26501,45282
2026-05-08 15:17,293.13,293.23499,292.98041,293.23499,139584
2026-05-08 15:18,292.5,293.14999,292.42001,293.12201,179890
2026-05-08 15:19,292.745,292.79999,292.51001,292.51001,123792
2026-05-08 15:20,292.98001,293.01999,292.69,292.76001,82714
2026-05-08 15:21,293.35001,293.39001,292.95999,292.98999,137245
2026-05-08 15:22,293.19,293.41,293.17001,293.34,43818
2026-05-08 15:23,293.17499,293.28,293.09,293.20999,584049
2026-05-08 15:24,293.20001,293.27829,293.07999,293.20001,48984
2026-05-08 15:25,293.02649,293.22,292.95999,293.19,39293
2026-05-08 15:26,292.95999,293.04501,292.7811,293.04501,87154
2026-05-08 15:27,293.03,293.10001,292.89499,292.95999,57940
2026-05-08 15:28,292.88,293.04001,292.86499,293.03,53601
2026-05-08 15:29,292.85001,292.88,292.70999,292.87,97007
2026-05-08 15:30,292.5499,292.89001,292.45999,292.85001,165891
2026-05-08 15:31,292.78,292.82501,292.48001,292.54999,100702
2026-05-08 15:32,292.72,292.79001,292.62,292.76999,75792
2026-05-08 15:33,292.82001,292.8699,292.715,292.715,68244
2026-05-08 15:34,292.6698,292.85001,292.60999,292.82001,92143
2026-05-08 15:35,292.60001,292.70001,292.54999,292.65009,57965
2026-05-08 15:36,292.79999,292.85001,292.54999,292.60001,70511
2026-05-08 15:37,292.59,292.85989,292.57001,292.79001,60340
2026-05-08 15:38,292.76999,292.76999,292.57001,292.60999,75709
2026-05-08 15:39,292.75,292.85999,292.62,292.79001,66139
2026-05-08 15:40,292.76001,292.79999,292.66,292.75,48622
2026-05-08 15:41,292.95001,293.04001,292.76999,292.76999,63209
2026-05-08 15:42,292.785,292.95221,292.78,292.95221,56576
2026-05-08 15:43,292.61011,292.79999,292.57999,292.78,57864
2026-05-08 15:44,292.70001,292.73999,292.57999,292.60999,30749
2026-05-08 15:45,292.69,292.76999,292.60999,292.72,33610
2026-05-08 15:46,292.79001,292.85001,292.69,292.69,36663
2026-05-08 15:47,292.95001,293.01999,292.76999,292.785,44416
2026-05-08 15:48,292.89999,292.98001,292.815,292.9679,77819
2026-05-08 15:49,292.78,292.91,292.64001,292.89999,43775
2026-05-08 15:50,292.64999,292.79001,292.59,292.79001,49863
2026-05-08 15:51,292.60999,292.78,292.51999,292.65149,45559
2026-05-08 15:52,292.37,292.70001,292.34,292.63,65490
2026-05-08 15:53,292.45001,292.45001,292.29999,292.36499,49044
2026-05-08 15:54,292.51001,292.60999,292.44501,292.45001,41954
2026-05-08 15:55,292.39001,292.57999,292.3725,292.53,41295
2026-05-08 15:56,292.54001,292.64999,292.40009,292.42499,66400
2026-05-08 15:57,292.26001,292.565,292.23999,292.56,55255
2026-05-08 15:58,292.19,292.28989,292.18011,292.26001,45194
2026-05-08 15:59,292.315,292.34,292.19,292.19,40889
2026-05-08 16:00,292.44009,292.45999,292.28,292.29999,38336
2026-05-08 16:01,292.53,292.56989,292.35001,292.45001,58121
2026-05-08 16:02,292.375,292.54001,292.375,292.54001,44627
2026-05-08 16:03,292.33029,292.39999,292.32001,292.375,24348
2026-05-08 16:04,292.52499,292.53,292.29501,292.34,36271
2026-05-08 16:05,292.45999,292.57001,292.42999,292.51999,50762
2026-05-08 16:06,292.45999,292.54001,292.39999,292.47,49429
2026-05-08 16:07,292.595,292.64001,292.45999,292.45999,43326
2026-05-08 16:08,292.47,292.64001,292.39999,292.60999,48154
2026-05-08 16:09,292.48001,292.565,292.48001,292.48499,42855
2026-05-08 16:10,292.6702,292.79999,292.465,292.47,70580
2026-05-08 16:11,292.72,292.75,292.67001,292.69,38556
2026-05-08 16:12,292.77499,292.798,292.64999,292.72989,74512
2026-05-08 16:13,292.81009,292.84,292.75,292.77499,36124
2026-05-08 16:14,292.84,292.85999,292.69,292.81,64116
2026-05-08 16:15,292.85501,292.91699,292.79999,292.84,35606
2026-05-08 16:16,292.76001,292.89001,292.75009,292.87991,31963
2026-05-08 16:17,292.755,292.82999,292.755,292.76501,40414
2026-05-08 16:18,292.70999,292.745,292.64999,292.73999,25511
2026-05-08 16:19,292.70999,292.78,292.67999,292.72501,27445
2026-05-08 16:20,292.72,292.79999,292.69601,292.73499,31928
2026-05-08 16:21,292.62,292.75,292.48999,292.72,41873
2026-05-08 16:22,292.54001,292.64999,292.53,292.64001,30643
2026-05-08 16:23,292.69,292.70001,292.51501,292.54999,40265
2026-05-08 16:24,292.64001,292.70001,292.62009,292.64999,26544
2026-05-08 16:25,292.66971,292.7099,292.54999,292.64001,62419
2026-05-08 16:26,292.85501,292.91,292.62,292.67001,81022
2026-05-08 16:27,292.75,292.85501,292.7179,292.85501,50360
2026-05-08 16:28,292.67499,292.79999,292.67499,292.75009,54024
2026-05-08 16:29,292.79999,292.85999,292.60501,292.67499,65439
2026-05-08 16:30,292.63501,292.79999,292.57999,292.79999,37676
2026-05-08 16:31,292.48999,292.67999,292.44,292.63501,55942
2026-05-08 16:32,292.63,292.67001,292.46011,292.5,36031
2026-05-08 16:33,292.57999,292.62,292.47501,292.60001,50818
2026-05-08 16:34,292.67999,292.70499,292.57001,292.60999,542194
2026-05-08 16:35,292.64999,292.73001,292.6297,292.69989,38343
2026-05-08 16:36,292.62,292.66,292.54501,292.66,37729
2026-05-08 16:37,292.35501,292.63,292.29999,292.60999,91020
2026-05-08 16:38,292.22501,292.37,292.20001,292.34,54113
2026-05-08 16:39,292.22,292.26501,292.20001,292.20999,38065
2026-05-08 16:40,292.14499,292.27991,292.10999,292.22501,55039
2026-05-08 16:41,292.23001,292.25,292.07999,292.13,66184
2026-05-08 16:42,292.07999,292.25,292.07001,292.2309,52162
2026-05-08 16:43,292.05991,292.13,292.03,292.07999,26352
2026-05-08 16:44,291.98001,292.0799,291.93011,292.05499,54844
2026-05-08 16:45,292.04501,292.08401,291.98001,292.01001,47355
2026-05-08 16:46,291.95001,292.07001,291.88,292.04501,51565
2026-05-08 16:47,292.03,292.10001,291.92001,291.92999,53491
2026-05-08 16:48,292.28009,292.32999,292.01999,292.03,110913
2026-05-08 16:49,292.29999,292.32001,292.17999,292.29999,38315
2026-05-08 16:50,292.125,292.30499,292.07999,292.29001,54162
2026-05-08 16:51,292.22,292.29001,292.125,292.125,44893
2026-05-08 16:52,292.16,292.267,292.09009,292.2399,44922
2026-05-08 16:53,292.22501,292.26001,292.11011,292.14999,47408
2026-05-08 16:54,292.25,292.29999,292.10999,292.23001,53521
2026-05-08 16:55,292.19,292.26501,292.13,292.2579,34061
2026-05-08 16:56,292.2901,292.32999,292.10999,292.17001,61558
2026-05-08 16:57,292.29001,292.60001,292.23999,292.34,64441
2026-05-08 16:58,292.17999,292.29001,292.1301,292.27499,27513
2026-05-08 16:59,292.14001,292.1799,292.08499,292.17001,45356
2026-05-08 17:00,292.2204,292.25,292.07999,292.13901,45746
2026-05-08 17:01,292.25,292.42001,292.03101,292.22,61512
2026-05-08 17:02,292.26001,292.33511,292.245,292.26999,54148
2026-05-08 17:03,291.93011,292.26999,291.87,292.25,67792
2026-05-08 17:04,291.95499,292.02499,291.91,291.95499,76260
2026-05-08 17:05,291.97,292.035,291.92001,291.97,35647
2026-05-08 17:06,291.94501,292.0,291.92001,291.95001,34838
2026-05-08 17:07,291.94,292.005,291.9101,291.94501,43982
2026-05-08 17:08,291.97501,292.01501,291.91299,291.94,41534
2026-05-08 17:09,291.91,292.02802,291.86041,291.9725,49692
2026-05-08 17:10,292.10001,292.19,291.91,291.91,83426
2026-05-08 17:11,292.0,292.10001,291.95001,292.10001,46461
2026-05-08 17:12,292.14001,292.14001,292.0,292.0,33755
2026-05-08 17:13,292.36499,292.39001,292.07001,292.13501,58966
2026-05-08 17:14,292.51999,292.63,292.34,292.35999,82756
2026-05-08 17:15,292.47009,292.59,292.4101,292.52499,53286
2026-05-08 17:16,292.42001,292.54999,292.38,292.49881,30324
2026-05-08 17:17,292.51501,292.54501,292.3801,292.41,32801
2026-05-08 17:18,292.47,292.51709,292.39011,292.5,631677
2026-05-08 17:19,292.51001,292.51999,292.44,292.5,33841
2026-05-08 17:20,292.44061,292.51001,292.38,292.5,34843
2026-05-08 17:21,292.26999,292.4599,292.26999,292.44,31895
2026-05-08 17:22,292.05991,292.28,292.04999,292.26999,32733
2026-05-08 17:23,291.905,292.07001,291.88,292.0676,38688
2026-05-08 17:24,291.91,291.95999,291.75009,291.88,71177
2026-05-08 17:25,291.89999,291.95001,291.82001,291.905,28073
2026-05-08 17:26,292.00009,292.04999,291.88,291.89001,40779
2026-05-08 17:27,291.98999,292.01001,291.87,292.0,29078
2026-05-08 17:28,292.04001,292.05069,291.98001,292.0,29814
2026-05-08 17:29,292.14999,292.17999,291.98499,292.04001,52502
2026-05-08 17:30,292.23999,292.25,292.10999,292.14001,44954
2026-05-08 17:31,292.32999,292.39999,292.20999,292.23001,31333
2026-05-08 17:32,292.44501,292.479,292.28,292.32999,37559
2026-05-08 17:33,292.465,292.5,292.41,292.48999,36114
2026-05-08 17:34,292.54001,292.57999,292.42001,292.47,47089
2026-05-08 17:35,292.45999,292.5498,292.39999,292.54001,38435
2026-05-08 17:36,292.405,292.5098,292.405,292.45999,33784
2026-05-08 17:37,292.54999,292.60001,292.41,292.41,42328
2026-05-08 17:38,292.57999,292.62,292.53,292.55499,77959
2026-05-08 17:39,292.53,292.565,292.41501,292.54999,62923
2026-05-08 17:40,292.47501,292.53989,292.40009,292.53,27924
2026-05-08 17:41,292.47,292.51001,292.45001,292.47501,26803
2026-05-08 17:42,292.45999,292.5199,292.45001,292.45999,37312
2026-05-08 17:43,292.35001,292.48001,292.3378,292.47,53489
2026-05-08 17:44,292.28,292.36011,292.23001,292.36011,25865
2026-05-08 17:45,292.20999,292.315,292.19,292.28,43082
2026-05-08 17:46,292.35001,292.39001,292.21011,292.224,20704
2026-05-08 17:47,292.26999,292.32001,292.23999,292.32001,26300
2026-05-08 17:48,292.34,292.34991,292.23001,292.26999,21720
2026-05-08 17:49,292.32999,292.42999,292.32999,292.34,24172
2026-05-08 17:50,292.35001,292.38,292.26999,292.32999,23040
2026-05-08 17:51,292.35001,292.39001,292.30011,292.3483,41384
2026-05-08 17:52,292.38,292.44501,292.31,292.345,29711
2026-05-08 17:53,292.37,292.39001,292.29999,292.38989,26229
2026-05-08 17:54,292.49881,292.49881,292.35001,292.35001,34756
2026-05-08 17:55,292.28,292.495,292.28,292.48499,31638
2026-05-08 17:56,292.37,292.37,292.26999,292.28,18093
2026-05-08 17:57,292.315,292.39999,292.31,292.38,26904
2026-05-08 17:58,292.2103,292.34619,292.20999,292.315,30031
2026-05-08 17:59,292.13501,292.31961,292.13501,292.21561,37466
2026-05-08 18:00,292.185,292.39999,292.07001,292.13,104015
2026-05-08 18:01,292.30499,292.47,292.17261,292.185,46251
2026-05-08 18:02,292.30499,292.39999,292.29999,292.30499,24851
2026-05-08 18:03,292.28,292.42001,292.25,292.31,35658
2026-05-08 18:04,292.22,292.3389,292.20499,292.28,25456
2026-05-08 18:05,292.23999,292.31,292.16501,292.26001,26363
2026-05-08 18:06,292.26001,292.29999,292.19,292.23001,27375
2026-05-08 18:07,292.30499,292.32001,292.22,292.26001,43492
2026-05-08 18:08,292.26001,292.31,292.23099,292.30499,38470
2026-05-08 18:09,292.22501,292.26581,292.19,292.26501,27664
2026-05-08 18:10,292.32001,292.35001,292.23001,292.23001,40597
2026-05-08 18:11,292.51501,292.53931,292.31,292.32001,55265
2026-05-08 18:12,292.5,292.51501,292.39999,292.50101,48305
2026-05-08 18:13,292.565,292.57999,292.46201,292.505,35536
2026-05-08 18:14,292.64001,292.74991,292.57001,292.57001,33670
2026-05-08 18:15,292.66,292.73999,292.62,292.62,54051
2026-05-08 18:16,292.58499,292.70999,292.57001,292.66,28066
2026-05-08 18:17,292.625,292.64001,292.57001,292.58499,23145
2026-05-08 18:18,292.625,292.66,292.59,292.62,26105
2026-05-08 18:19,292.57599,292.67999,292.57001,292.62,27506
2026-05-08 18:20,292.66,292.6893,292.57001,292.57001,28157
2026-05-08 18:21,292.48001,292.64999,292.48001,292.64999,229140
2026-05-08 18:22,292.48999,292.5,292.44,292.47,29324
2026-05-08 18:23,292.57001,292.57999,292.47501,292.48001,31734
2026-05-08 18:24,292.64001,292.66,292.57001,292.57321,43849
2026-05-08 18:25,292.63,292.66,292.5701,292.64999,60090
2026-05-08 18:26,292.66,292.67001,292.60501,292.64001,36318
2026-05-08 18:27,292.63,292.67999,292.63,292.67001,23398
2026-05-08 18:28,292.785,292.84,292.63,292.63501,56543
2026-05-08 18:29,292.72299,292.85999,292.715,292.79001,77730
2026-05-08 18:30,292.85001,292.92999,292.75449,292.76511,45415
2026-05-08 18:31,292.82001,292.87,292.72,292.83691,40148
2026-05-08 18:32,292.87,292.93161,292.81,292.82999,30002
2026-05-08 18:33,292.845,292.95001,292.82001,292.88,40552
2026-05-08 18:34,292.85999,292.89001,292.83011,292.85001,26355
2026-05-08 18:35,292.87,292.88,292.84,292.8501,29078
2026-05-08 18:36,292.79501,292.89999,292.78,292.87,55968
2026-05-08 18:37,292.82001,292.85001,292.78,292.7999,122702
2026-05-08 18:38,292.70001,292.85001,292.64999,292.82999,38250
2026-05-08 18:39,292.70499,292.7399,292.63501,292.6825,33207
2026-05-08 18:40,292.66501,292.76001,292.60999,292.70999,38159
2026-05-08 18:41,292.67999,292.69,292.63,292.66501,32717
2026-05-08 18:42,292.72501,292.76999,292.67001,292.67001,29774
2026-05-08 18:43,292.70001,292.73499,292.66,292.72501,39797
2026-05-08 18:44,292.64001,292.76999,292.60999,292.67001,69557
2026-05-08 18:45,292.70499,292.75,292.57999,292.66,40231
2026-05-08 18:46,292.70999,292.72,292.59,292.70001,42462
2026-05-08 18:47,292.47501,292.75,292.39001,292.70871,54584
2026-05-08 18:48,292.60999,292.67001,292.48999,292.48999,46599
2026-05-08 18:49,292.76999,292.785,292.57001,292.60999,75486
2026-05-08 18:50,292.79001,292.82001,292.73001,292.76999,53197
2026-05-08 18:51,292.76999,292.82999,292.72501,292.76999,56242
2026-05-08 18:52,292.72501,292.76001,292.63,292.755,49611
2026-05-08 18:53,292.79001,292.815,292.71011,292.72,44155
2026-05-08 18:54,292.73999,292.85001,292.64001,292.79999,49717
2026-05-08 18:55,292.72501,292.79999,292.66,292.745,44329
2026-05-08 18:56,292.77499,292.82999,292.63,292.72,61743
2026-05-08 18:57,292.92999,292.94699,292.76999,292.827,56051
2026-05-08 18:58,292.95499,292.95999,292.79001,292.92001,87895
2026-05-08 18:59,292.88501,292.95999,292.81,292.95001,66110
2026-05-08 19:00,293.04001,293.07999,292.89001,292.89001,91308
2026-05-08 19:01,292.89999,293.04999,292.82001,293.04999,61819
2026-05-08 19:02,292.64999,292.92001,292.61011,292.88501,49822
2026-05-08 19:03,292.67999,292.83499,292.60999,292.66,52361
2026-05-08 19:04,292.77441,292.82999,292.69,292.69,30377
2026-05-08 19:05,292.69669,292.88,292.64001,292.76999,39093
2026-05-08 19:06,292.91,292.92499,292.70001,292.70001,42409
2026-05-08 19:07,292.85001,292.97,292.81,292.91,38426
2026-05-08 19:08,292.77499,292.91,292.76999,292.85001,47103
2026-05-08 19:09,292.81,292.88,292.76001,292.77499,40860
2026-05-08 19:10,292.72021,292.81,292.64999,292.81,50786
2026-05-08 19:11,292.77499,292.81,292.69,292.73001,63334
2026-05-08 19:12,292.84,292.86499,292.73001,292.79001,76614
2026-05-08 19:13,292.85999,292.91,292.755,292.84,52908
2026-05-08 19:14,293.02499,293.0499,292.69,292.82999,335451
2026-05-08 19:15,293.07501,293.10501,292.92999,293.04999,112585
2026-05-08 19:16,293.20001,293.23999,293.07001,293.07999,104990
2026-05-08 19:17,293.31,293.375,293.16,293.20001,158883
2026-05-08 19:18,293.41,293.42001,293.2601,293.315,94595
2026-05-08 19:19,293.51001,293.60001,293.40009,293.41,141644
2026-05-08 19:20,293.39999,293.54999,293.38,293.5,68418
2026-05-08 19:21,293.22501,293.42001,293.12299,293.39999,91585
2026-05-08 19:22,293.29001,293.35999,293.20001,293.22501,126210
2026-05-08 19:23,293.19501,293.5,293.19,293.29001,82707
2026-05-08 19:24,293.05499,293.19501,293.03,293.19501,57735
2026-05-08 19:25,293.04999,293.11551,292.98001,293.04999,65536
2026-05-08 19:26,293.10001,293.125,293.04001,293.04999,56923
2026-05-08 19:27,293.32001,293.44,293.09,293.095,75871
2026-05-08 19:28,293.42499,293.42499,293.29999,293.32999,85706
2026-05-08 19:29,293.42999,293.45999,293.29999,293.42499,74519
2026-05-08 19:30,293.32999,293.47,293.30219,293.45001,87212
2026-05-08 19:31,293.42999,293.53,293.3501,293.35999,73579
2026-05-08 19:32,293.51501,293.54999,293.39999,293.43201,69642
2026-05-08 19:33,293.465,293.56,293.39999,293.51999,91178
2026-05-08 19:34,293.57999,293.60001,293.42999,293.47,75477
2026-05-08 19:35,293.5383,293.64999,293.52499,293.57999,82815
2026-05-08 19:36,293.69,293.70001,293.53,293.54001,76154
2026-05-08 19:37,293.63,293.70001,293.60999,293.6701,57088
2026-05-08 19:38,293.67999,293.72,293.63,293.63,74211
2026-05-08 19:39,293.62,293.70001,293.60001,293.685,74296
2026-05-08 19:40,293.57001,293.67001,293.51001,293.62,97677
2026-05-08 19:41,293.72,293.73001,293.56,293.57999,73559
2026-05-08 19:42,293.73999,293.73999,293.62,293.72,70656
2026-05-08 19:43,293.78,293.85999,293.73001,293.73001,110212
2026-05-08 19:44,293.73999,293.81,293.69,293.77499,124195
2026-05-08 19:45,293.70999,293.75,293.66,293.73001,89499
2026-05-08 19:46,293.76501,293.79999,293.67999,293.70999,105595
2026-05-08 19:47,293.73999,293.85001,293.73999,293.76501,143863
2026-05-08 19:48,293.83511,293.84,293.67001,293.73499,61509
2026-05-08 19:49,293.85999,294.0,293.83401,293.83401,124161
2026-05-08 19:50,293.89999,294.06989,293.76001,293.85001,243015
2026-05-08 19:51,294.02499,294.06,293.88,293.91501,243822
2026-05-08 19:52,294.01001,294.14999,293.98001,294.01999,136015
2026-05-08 19:53,294.04001,294.10999,294.0,294.04001,117522
2026-05-08 19:54,294.08499,294.25,294.01001,294.03,208956
2026-05-08 19:55,293.625,294.14001,293.57101,294.07001,811686
2026-05-08 19:56,293.58499,293.66,293.45999,293.63,282768
2026-05-08 19:57,293.47,293.63,293.42001,293.59,388892
2026-05-08 19:58,293.41,293.63,293.39999,293.48999,497791
2026-05-08 19:59,293.28,293.44,293.10001,293.41,1395612
2026-05-11 13:30,292.31,292.70001,291.42999,291.979,1620714
2026-05-11 13:31,291.54999,292.66681,291.23999,292.30499,254495
2026-05-11 13:32,290.75,291.56,290.64999,291.54001,224507
2026-05-11 13:33,290.76599,291.20001,290.66,290.73001,187409
2026-05-11 13:34,291.2301,291.32001,290.5,290.79001,194698
2026-05-11 13:35,291.17001,291.42001,290.70999,291.28,220359
2026-05-11 13:36,290.5975,291.38,290.54001,291.14001,173736
2026-05-11 13:37,290.53,290.98999,290.53,290.625,150159
2026-05-11 13:38,291.07999,291.29999,290.42001,290.51001,158179
2026-05-11 13:39,291.04001,291.17639,290.5,291.10999,351196
2026-05-11 13:40,291.05499,291.20999,290.5,290.98099,170996
2026-05-11 13:41,290.79999,291.09,290.60001,291.04999,130523
2026-05-11 13:42,290.6492,290.84421,290.45999,290.84421,150836
2026-05-11 13:43,290.73001,290.73001,290.51999,290.64999,102000
2026-05-11 13:44,290.32999,290.70999,290.29999,290.69,151585
2026-05-11 13:45,290.6665,290.69,290.32999,290.32999,108040
2026-05-11 13:46,290.89499,291.03,290.61499,290.64999,122051
2026-05-11 13:47,290.84,290.95001,290.76001,290.82999,88675
2026-05-11 13:48,290.57999,290.93579,290.57999,290.83499,122464
2026-05-11 13:49,290.26001,290.64001,290.23001,290.5553,107989
2026-05-11 13:50,290.53,290.57001,290.23001,290.26001,106256
2026-05-11 13:51,290.72021,290.82999,290.28,290.51001,115182
2026-05-11 13:52,290.76999,290.92001,290.70001,290.72,120213
2026-05-11 13:53,290.82999,290.94989,290.67001,290.76001,95110
2026-05-11 13:54,290.77011,290.82999,290.39999,290.82999,100757
2026-05-11 13:55,291.04001,291.1792,290.6994,290.76999,98637
2026-05-11 13:56,290.92999,291.19,290.85001,291.01999,84642
2026-05-11 13:57,291.29001,291.29001,290.98001,290.98001,116615
2026-05-11 13:58,291.52509,291.52509,291.20999,291.26999,99988
2026-05-11 13:59,291.62,291.75,291.51999,291.52499,129830
2026-05-11 14:00,291.56,291.66,291.29999,291.60001,115889
2026-05-11 14:01,291.89999,291.89999,291.51999,291.57999,136880
2026-05-11 14:02,291.88501,292.16,291.841,291.92001,168879
2026-05-11 14:03,292.07999,292.13,291.8017,291.88,92329
2026-05-11 14:04,292.20001,292.25,291.81,292.10001,111381
2026-05-11 14:05,292.13,292.35999,292.04001,292.20001,200115
2026-05-11 14:06,292.20499,292.26001,292.04001,292.10999,153616
2026-05-11 14:07,292.095,292.44,292.07001,292.19,212751
2026-05-11 14:08,291.76501,292.16501,291.67999,292.09,151707
2026-05-11 14:09,291.875,292.17999,291.75021,291.76001,130831
2026-05-11 14:10,292.14001,292.32001,291.81,291.875,92888
2026-05-11 14:11,291.82001,292.17999,291.79999,292.10999,94540
2026-05-11 14:12,292.22501,292.22501,291.76999,291.82999,55722
2026-05-11 14:13,292.04099,292.2399,291.965,292.20999,122796
2026-05-11 14:14,292.26999,292.28,291.98999,292.04001,57911
2026-05-11 14:15,292.37,292.37,292.16,292.25,63064
2026-05-11 14:16,292.39001,292.50989,292.3501,292.375,96243
2026-05-11 14:17,292.41,292.41,292.185,292.39001,60922
2026-05-11 14:18,292.505,292.54999,292.345,292.405,112153
2026-05-11 14:19,292.52499,292.72,292.38,292.5,84185
2026-05-11 14:20,292.89999,292.94,292.53,292.58371,106721
2026-05-11 14:21,292.95001,292.95999,292.80081,292.92999,88114
2026-05-11 14:22,292.82001,292.96011,292.785,292.94,106101
2026-05-11 14:23,292.81,292.96991,292.70001,292.82999,101328
2026-05-11 14:24,293.0,293.10999,292.81,292.8204,131153
2026-05-11 14:25,292.92001,293.14999,292.92001,293.005,128686
2026-05-11 14:26,292.36499,292.92001,292.36499,292.92001,139247
2026-05-11 14:27,291.995,292.38,291.97,292.35999,130224
2026-05-11 14:28,291.93011,292.12,291.93011,291.995,59591
2026-05-11 14:29,292.04501,292.16,291.92999,291.95001,64139
2026-05-11 14:30,291.88501,292.04501,291.76001,292.04501,83574
2026-05-11 14:31,291.92999,292.04001,291.75,291.905,184360
2026-05-11 14:32,292.22,292.24991,291.76999,291.92999,59778
2026-05-11 14:33,292.20999,292.3399,292.17999,292.22861,60600
2026-05-11 14:34,292.35999,292.41,292.17999,292.20599,53587
2026-05-11 14:35,292.32001,292.43939,292.2699,292.35501,52972
2026-05-11 14:36,292.25,292.35999,292.23999,292.33899,48451
2026-05-11 14:37,292.38,292.51001,292.18509,292.26501,129377
2026-05-11 14:38,292.48999,292.53,292.34,292.37,40110
2026-05-11 14:39,292.53,292.64999,292.51999,292.51999,71798
2026-05-11 14:40,292.54999,292.62,292.48001,292.54999,39281
2026-05-11 14:41,292.4101,292.54999,292.29999,292.54001,106397
2026-05-11 14:42,292.47961,292.48999,292.29001,292.4024,40753
2026-05-11 14:43,292.60501,292.64999,292.45001,292.48999,62277
2026-05-11 14:44,292.59,292.66,292.54001,292.60999,124148
2026-05-11 14:45,292.53,292.64999,292.53,292.58499,41091
2026-05-11 14:46,292.76001,292.79999,292.39999,292.5,96358
2026-05-11 14:47,292.88,292.94,292.76001,292.79001,37368
2026-05-11 14:48,293.05499,293.07999,292.87,292.88,71851
2026-05-11 14:49,292.84052,293.04999,292.83011,293.035,66464
2026-05-11 14:50,292.71509,292.91,292.64001,292.84,37470
2026-05-11 14:51,292.97,293.04999,292.67999,292.70001,59968
2026-05-11 14:52,292.98001,293.04999,292.83499,292.95999,39270
2026-05-11 14:53,292.78,292.98499,292.75,292.98499,47252
2026-05-11 14:54,292.5816,292.785,292.55029,292.78,52482
2026-05-11 14:55,292.67999,292.73999,292.56,292.63501,29433
2026-05-11 14:56,292.92001,292.95999,292.67001,292.6709,48605
2026-05-11 14:57,292.64999,292.95001,292.57999,292.92001,64333
2026-05-11 14:58,292.535,292.70001,292.51999,292.64001,38151
2026-05-11 14:59,292.54999,292.69,292.42999,292.51999,46221
2026-05-11 15:00,292.46011,292.57999,292.44,292.53009,53985
2026-05-11 15:01,292.47,292.53,292.38,292.45999,396733
2026-05-11 15:02,292.42499,292.54001,292.39999,292.45499,50159
2026-05-11 15:03,292.39999,292.44958,292.25,292.42499,83900
2026-05-11 15:04,292.60999,292.64001,292.32999,292.39499,65782
2026-05-11 15:05,292.64999,292.70999,292.51001,292.62,55886
2026-05-11 15:06,292.82001,292.89001,292.63019,292.64999,46080
2026-05-11 15:07,293.035,293.04999,292.79999,292.79999,73160
2026-05-11 15:08,293.0,293.04001,292.91,293.03,81064
2026-05-11 15:09,293.20001,293.23999,293.0,293.005,116655
2026-05-11 15:10,293.13,293.3699,293.07001,293.20001,76894
2026-05-11 15:11,293.2225,293.36499,293.13,293.13,90238
2026-05-11 15:12,293.07999,293.22,293.07001,293.20001,87782
2026-05-11 15:13,293.01001,293.13,292.94,293.07999,116112
2026-05-11 15:14,293.07999,293.14001,292.89999,293.01001,104508
2026-05-11 15:15,293.17999,293.20001,292.86011,293.07001,76316
2026-05-11 15:16,293.06,293.17999,292.965,293.17499,51477
2026-05-11 15:17,293.215,293.23999,293.03009,293.09,47256
2026-05-11 15:18,293.51999,293.5499,293.22501,293.22501,173704
2026-05-11 15:19,293.29501,293.59,293.20999,293.52509,61629
2026-05-11 15:20,293.33499,293.41,293.26001,293.32501,42882
2026-05-11 15:21,293.10001,293.35999,293.07001,293.32999,53363
2026-05-11 15:22,293.07999,293.19,293.065,293.11499,26200
2026-05-11 15:23,293.19,293.26999,293.01501,293.09,40888
2026-05-11 15:24,293.255,293.32999,293.20001,293.245,51976
2026-05-11 15:25,293.33499,293.34879,293.14999,293.26001,37690
2026-05-11 15:26,293.42499,293.45999,293.28,293.32001,38347
2026-05-11 15:27,293.42999,293.51001,293.35001,293.41,60348
2026-05-11 15:28,293.54999,293.57999,293.35001,293.42001,57843
2026-05-11 15:29,293.3699,293.56,293.32999,293.54001,37480
2026-05-11 15:30,293.45001,293.51999,293.315,293.37,121472
2026-05-11 15:31,293.32501,293.51001,293.32001,293.47,47436
2026-05-11 15:32,293.39001,293.42999,293.29999,293.32101,26164
2026-05-11 15:33,293.51001,293.599,293.39001,293.39001,49002
2026-05-11 15:34,293.45999,293.595,293.45999,293.5,40366
2026-05-11 15:35,293.42001,293.57999,293.375,293.45999,85114
2026-05-11 15:36,293.52499,293.54999,293.41,293.41,43982
2026-05-11 15:37,293.5,293.57999,293.48499,293.53,31258
2026-05-11 15:38,293.51999,293.56,293.44,293.5,32765
2026-05-11 15:39,293.51511,293.54999,293.45999,293.51001,39165
2026-05-11 15:40,293.57501,293.62,293.5,293.52991,46376
2026-05-11 15:41,293.73001,293.78339,293.56,293.57001,77947
2026-05-11 15:42,293.85001,293.88,293.67001,293.72,72390
2026-05-11 15:43,293.655,293.85001,293.60999,293.85001,59301
2026-05-11 15:44,293.23001,293.66501,292.92001,293.66,392135
2026-05-11 15:45,293.22009,293.34991,293.16,293.23001,40625
2026-05-11 15:46,293.29999,293.34991,293.23499,293.23999,41618
2026-05-11 15:47,293.33499,293.35001,293.20999,293.29999,61411
2026-05-11 15:48,293.23999,293.35001,293.22501,293.35001,42537
2026-05-11 15:49,293.07999,293.26501,293.04001,293.26501,60695
2026-05-11 15:50,293.07001,293.08499,292.88,293.05499,126420
2026-05-11 15:51,293.065,293.07001,292.88,293.06201,50859
2026-05-11 15:52,292.89001,293.07999,292.81009,293.05011,47612
2026-05-11 15:53,292.91,293.035,292.85001,292.88,64965
2026-05-11 15:54,292.965,293.03,292.85999,292.91,43107
2026-05-11 15:55,292.845,293.04999,292.82001,292.965,65582
2026-05-11 15:56,292.88501,292.8999,292.79999,292.85999,37921
2026-05-11 15:57,292.81,292.91501,292.79001,292.88501,45979
2026-05-11 15:58,292.57999,292.87,292.45999,292.79999,110219
2026-05-11 15:59,292.51999,292.70001,292.51999,292.57001,86556
2026-05-11 16:00,292.39999,292.51999,292.35001,292.51999,80086
2026-05-11 16:01,292.345,292.48999,292.34,292.39001,39929
2026-05-11 16:02,292.07999,292.3699,292.07999,292.35501,52460
2026-05-11 16:03,292.17001,292.22,292.04169,292.065,36553
2026-05-11 16:04,292.10001,292.20999,292.10001,292.16,40729
2026-05-11 16:05,291.995,292.14999,291.97,292.10999,175258
2026-05-11 16:06,291.95001,292.005,291.845,291.995,75066
2026-05-11 16:07,291.95999,292.05991,291.82141,291.94,65945
2026-05-11 16:08,291.95999,291.98499,291.88,291.98499,42135
2026-05-11 16:09,292.17999,292.19949,291.95999,291.97009,103290
2026-05-11 16:10,292.23999,292.23999,292.16,292.185,58303
2026-05-11 16:11,292.26001,292.37,292.21011,292.25,60788
2026-05-11 16:12,292.23401,292.29501,292.20499,292.26001,36228
2026-05-11 16:13,292.17499,292.28989,292.14999,292.23001,53605
2026-05-11 16:14,292.1799,292.27499,292.10001,292.16501,39067
2026-05-11 16:15,292.17999,292.19,292.10001,292.17001,29748
2026-05-11 16:16,292.35999,292.36911,292.17999,292.17999,41253
2026-05-11 16:17,292.26999,292.38,292.25,292.35001,43111
2026-05-11 16:18,292.34991,292.35999,292.26001,292.28,138453
2026-05-11 16:19,292.29001,292.38,292.29001,292.3277,43162
2026-05-11 16:20,292.23001,292.32001,292.17999,292.28,169504
2026-05-11 16:21,292.285,292.285,292.17001,292.22501,30242
2026-05-11 16:22,292.28,292.32001,292.20499,292.29999,22610
2026-05-11 16:23,292.29999,292.38989,292.29001,292.29001,29407
2026-05-11 16:24,292.23001,292.34,292.21579,292.32001,40130
2026-05-11 16:25,292.255,292.27991,292.14001,292.22,26024
2026-05-11 16:26,292.23001,292.31,292.22009,292.255,20583
2026-05-11 16:27,292.38,292.39001,292.185,292.22,24318
2026-05-11 16:28,292.32501,292.44,292.31,292.37009,43557
2026-05-11 16:29,292.41501,292.44,292.3251,292.3251,25127
2026-05-11 16:30,292.37,292.41501,292.31,292.41501,21830
2026-05-11 16:31,292.35001,292.44,292.34,292.39001,67854
2026-05-11 16:32,292.53,292.70499,292.34,292.34,75874
2026-05-11 16:33,292.34,292.54501,292.31,292.54501,39647
2026-05-11 16:34,292.26999,292.48001,292.26999,292.35999,34802
2026-05-11 16:35,292.25,292.28,292.20999,292.26999,24829
2026-05-11 16:36,292.35001,292.39999,292.25,292.26001,28369
2026-05-11 16:37,292.35999,292.39001,292.34,292.35931,18718
2026-05-11 16:38,292.505,292.55991,292.34,292.34,26920
2026-05-11 16:39,292.505,292.57999,292.42001,292.51001,24319
2026-05-11 16:40,292.45001,292.54999,292.44,292.51999,35329
2026-05-11 16:41,292.14001,292.45001,292.13,292.45001,47032
2026-05-11 16:42,292.125,292.29999,292.06,292.14999,75856
2026-05-11 16:43,291.83499,292.22,291.82501,292.125,127898
2026-05-11 16:44,291.60001,291.8399,291.56,291.83499,82683
2026-05-11 16:45,291.50989,291.6153,291.41,291.60999,105973
2026-05-11 16:46,291.345,291.5,291.30701,291.48999,96113
2026-05-11 16:47,291.315,291.39001,291.23999,291.345,85776
2026-05-11 16:48,291.28,291.315,291.19,291.315,92641
2026-05-11 16:49,291.13,291.29001,291.07999,291.26999,91153
2026-05-11 16:50,291.09,291.23999,291.07001,291.1109,96098
2026-05-11 16:51,291.13,291.14999,291.01999,291.09,91655
2026-05-11 16:52,291.12,291.17999,291.09,291.13,47129
2026-05-11 16:53,291.20999,291.35001,291.12,291.12991,64402
2026-05-11 16:54,291.14001,291.25,291.10001,291.20999,63680
2026-05-11 16:55,290.815,291.14001,290.7533,291.14001,123034
2026-05-11 16:56,290.67001,290.83511,290.67001,290.82001,51252
2026-05-11 16:57,291.09,291.16,290.63,290.66,136759
2026-05-11 16:58,291.10001,291.29999,291.04999,291.09,278774
2026-05-11 16:59,290.79999,291.17999,290.75,291.104,47012
2026-05-11 17:00,291.12,291.12,290.69101,290.80011,69945
2026-05-11 17:01,291.22501,291.28,291.03,291.125,56928
2026-05-11 17:02,291.155,291.298,291.12,291.25,48985
2026-05-11 17:03,291.10999,291.20001,291.07999,291.14999,47706
2026-05-11 17:04,291.16501,291.17001,291.06,291.125,36840
2026-05-11 17:05,291.26001,291.31,291.16,291.17001,48527
2026-05-11 17:06,291.32501,291.37,291.26001,291.26511,41616
2026-05-11 17:07,291.35001,291.42001,291.28,291.32001,42568
2026-05-11 17:08,291.19501,291.35999,291.14001,291.34,38356
2026-05-11 17:09,291.27499,291.38,291.17001,291.19501,37309
2026-05-11 17:10,291.45001,291.45001,291.22021,291.26501,24435
2026-05-11 17:11,291.59,291.63,291.42999,291.45001,68685
2026-05-11 17:12,291.51999,291.5899,291.38,291.5899,50937
2026-05-11 17:13,291.47989,291.6694,291.44,291.57001,49343
2026-05-11 17:14,291.38,291.53,291.35001,291.48999,43786
2026-05-11 17:15,291.42001,291.44,291.29999,291.35001,43197
2026-05-11 17:16,291.37,291.41501,291.34,291.41501,27924
2026-05-11 17:17,291.38,291.4101,291.32999,291.38,28619
2026-05-11 17:18,291.34,291.43991,291.31,291.38,51635
2026-05-11 17:19,291.47,291.54999,291.34,291.358,37573
2026-05-11 17:20,291.48001,291.51999,291.35001,291.47,43511
2026-05-11 17:21,291.62,291.625,291.45999,291.49911,35420
2026-05-11 17:22,291.66,291.76001,291.63,291.63501,31089
2026-05-11 17:23,291.69,291.72501,291.62,291.66,30859
2026-05-11 17:24,291.84,291.845,291.69,291.69,40455
2026-05-11 17:25,291.95499,291.96011,291.84,291.84,35100
2026-05-11 17:26,291.98499,291.98999,291.88,291.95499,26770
2026-05-11 17:27,291.9501,292.01929,291.92001,292.0,150063
2026-05-11 17:28,292.0,292.005,291.92001,291.965,31415
2026-05-11 17:29,291.94,292.02399,291.9202,292.0,33317
2026-05-11 17:30,291.95001,291.9899,291.91,291.93991,27018
2026-05-11 17:31,291.85001,291.96011,291.82999,291.95999,23451
2026-05-11 17:32,291.905,291.91,291.81009,291.85001,29059
2026-05-11 17:33,291.97,291.98001,291.85001,291.905,29730
2026-05-11 17:34,291.98999,292.03,291.94,291.95999,24407
2026-05-11 17:35,291.90509,291.98999,291.89001,291.98401,28221
2026-05-11 17:36,291.98001,291.98001,291.82999,291.89001,17368
2026-05-11 17:37,291.92001,291.98001,291.89999,291.98001,26680
2026-05-11 17:38,291.92999,291.95999,291.82001,291.92999,29906
2026-05-11 17:39,291.92999,291.97,291.8801,291.92001,24547
2026-05-11 17:40,291.83499,291.95001,291.80011,291.92999,28866
2026-05-11 17:41,291.81,291.85001,291.72501,291.83499,27676
2026-05-11 17:42,291.935,291.95999,291.81,291.82001,28498
2026-05-11 17:43,291.97989,292.00461,291.90469,291.92999,15572
2026-05-11 17:44,291.95999,292.01001,291.95999,291.97,29673
2026-05-11 17:45,291.92999,292.03,291.92999,291.95999,24948
2026-05-11 17:46,291.87,291.95001,291.81,291.92499,38980
2026-05-11 17:47,291.87009,291.89999,291.85999,291.875,13345
2026-05-11 17:48,291.92001,291.92999,291.79001,291.88,31966
2026-05-11 17:49,291.965,292.00159,291.87,291.92001,21472
2026-05-11 17:50,291.98999,292.03,291.95999,291.95999,22118
2026-05-11 17:51,291.9603,292.01001,291.95499,292.01001,25596
2026-05-11 17:52,291.98001,292.02499,291.965,291.97,34530
2026-05-11 17:53,292.0,292.0,291.90009,291.983,52198
2026-05-11 17:54,292.0101,292.09,291.9939,292.0,51544
2026-05-11 17:55,291.935,292.02011,291.9201,292.01001,37510
2026-05-11 17:56,291.98999,292.01001,291.91,291.94,19822
2026-05-11 17:57,292.11499,292.16,292.0,292.0,43658
2026-05-11 17:58,292.10001,292.14499,292.07001,292.13,30446
2026-05-11 17:59,292.065,292.10001,291.95001,292.10001,86826
2026-05-11 18:00,292.30499,292.35999,292.07001,292.07751,147738
2026-05-11 18:01,292.6925,292.70959,292.25,292.30499,246447
2026-05-11 18:02,292.75,292.78,292.621,292.67999,59052
2026-05-11 18:03,292.83499,292.88,292.75,292.75,37826
2026-05-11 18:04,292.89001,292.89001,292.81,292.84,34834
2026-05-11 18:05,292.85001,292.9101,292.75,292.89001,54993
2026-05-11 18:06,292.84,292.98001,292.82001,292.85999,40019
2026-05-11 18:07,292.66,292.87,292.655,292.83011,55791
2026-05-11 18:08,292.565,292.67001,292.565,292.64001,54730
2026-05-11 18:09,292.64999,292.69,292.56,292.565,39125
2026-05-11 18:10,292.5,292.66,292.5,292.64999,29396
2026-05-11 18:11,292.54999,292.57999,292.465,292.5,34350
2026-05-11 18:12,292.52499,292.59,292.51001,292.55011,18252
2026-05-11 18:13,292.52499,292.58499,292.5,292.51999,24505
2026-05-11 18:14,292.59,292.62,292.47,292.52499,33707
2026-05-11 18:15,292.47501,292.57999,292.37,292.57999,96426
2026-05-11 18:16,292.39999,292.5199,292.37,292.47,41292
2026-05-11 18:17,292.48001,292.56,292.38,292.42001,35421
2026-05-11 18:18,292.5,292.51511,292.42999,292.48001,28628
2026-05-11 18:19,292.44501,292.51999,292.39999,292.505,23024
2026-05-11 18:20,292.29999,292.48001,292.285,292.44009,69207
2026-05-11 18:21,292.34,292.37,292.28009,292.29999,44847
2026-05-11 18:22,292.35001,292.35999,292.2901,292.34,29785
2026-05-11 18:23,292.28,292.39999,292.26999,292.35999,36001
2026-05-11 18:24,292.01501,292.32001,292.00009,292.28,46435
2026-05-11 18:25,291.79001,292.04999,291.73001,292.01501,112050
2026-05-11 18:26,291.82001,291.84,291.76001,291.7804,50923
2026-05-11 18:27,291.78,291.88931,291.76001,291.81,64024
2026-05-11 18:28,291.76999,291.84,291.73001,291.79001,42016
2026-05-11 18:29,291.73999,291.82999,291.73999,291.76999,30525
2026-05-11 18:30,291.57999,291.73999,291.54999,291.73999,46731
2026-05-11 18:31,291.82501,291.85001,291.55042,291.59,61669
2026-05-11 18:32,291.69971,291.82501,291.651,291.82501,34108
2026-05-11 18:33,291.75851,291.76999,291.57001,291.69,43057
2026-05-11 18:34,291.79999,291.82501,291.72,291.76511,29477
2026-05-11 18:35,291.88,291.94781,291.79999,291.81,28779
2026-05-11 18:36,291.91,291.92001,291.8201,291.88,31119
2026-05-11 18:37,291.85989,291.91,291.85001,291.91,21792
2026-05-11 18:38,291.82999,291.95999,291.82089,291.85501,35103
2026-05-11 18:39,291.77499,291.845,291.67499,291.8399,51597
2026-05-11 18:40,291.73001,291.82001,291.67999,291.77499,20781
2026-05-11 18:41,291.76999,291.82001,291.70001,291.75,26113
2026-05-11 18:42,291.69,291.84,291.69,291.78,25393
2026-05-11 18:43,291.73001,291.74161,291.685,291.70499,21397
2026-05-11 18:44,291.72,291.77011,291.67001,291.70999,24951
2026-05-11 18:45,291.53,291.73999,291.42401,291.72,80193
2026-05-11 18:46,291.47,291.53,291.3801,291.505,60411
2026-05-11 18:47,291.62,291.63,291.46039,291.47,32179
2026-05-11 18:48,291.67499,291.67499,291.57001,291.62,30120
2026-05-11 18:49,291.715,291.79999,291.66,291.67001,51761
2026-05-11 18:50,291.57999,291.715,291.57001,291.70999,39377
2026-05-11 18:51,291.51001,291.60999,291.42499,291.58499,44741
2026-05-11 18:52,291.54001,291.57001,291.51999,291.56,25737
2026-05-11 18:53,291.54999,291.60001,291.54001,291.54999,28073
2026-05-11 18:54,291.45001,291.56,291.405,291.54001,40060
2026-05-11 18:55,291.22,291.45999,291.20999,291.45001,45808
2026-05-11 18:56,291.17999,291.26999,291.17999,291.22,34609
2026-05-11 18:57,291.29999,291.33011,291.17001,291.20499,43960
2026-05-11 18:58,291.39001,291.41,291.28009,291.29999,34366
2026-05-11 18:59,291.44,291.51999,291.35001,291.39499,56219
2026-05-11 19:00,291.31,291.435,291.285,291.42001,45971
2026-05-11 19:01,291.26111,291.35999,291.22,291.31,38752
2026-05-11 19:02,291.16,291.27991,291.12,291.26001,53725
2026-05-11 19:03,291.16501,291.19,291.09,291.16,43675
2026-05-11 19:04,290.992,291.16501,290.98499,291.16501,47872
2026-05-11 19:05,291.10999,291.18991,290.92529,290.98999,49240
2026-05-11 19:06,291.23001,291.25,291.09,291.12,49650
2026-05-11 19:07,291.37,291.42999,291.185,291.21011,32596
2026-05-11 19:08,291.38,291.48999,291.36011,291.39001,36910
2026-05-11 19:09,291.41,291.44501,291.29999,291.37,33825
2026-05-11 19:10,291.38,291.45001,291.34,291.42999,39066
2026-05-11 19:11,291.54321,291.56,291.35999,291.38,35983
2026-05-11 19:12,291.625,291.638,291.51999,291.54001,37228
2026-05-11 19:13,291.57999,291.67999,291.5,291.625,65558
2026-05-11 19:14,291.59,291.64001,291.57001,291.57001,45667
2026-05-11 19:15,291.54999,291.625,291.5,291.58499,49733
2026-05-11 19:16,291.5,291.62991,291.48001,291.57999,36477
2026-05-11 19:17,291.23001,291.51001,291.19,291.51001,116875
2026-05-11 19:18,291.04999,291.31,291.03,291.20999,111454
2026-05-11 19:19,291.10501,291.17999,291.01999,291.04999,71711
2026-05-11 19:20,290.95999,291.14999,290.95001,291.11499,54638
2026-05-11 19:21,291.0,291.03,290.85999,290.97,71097
2026-05-11 19:22,291.06,291.10001,290.98999,291.01001,36330
2026-05-11 19:23,291.23001,291.26999,291.07001,291.07001,63385
2026-05-11 19:24,291.3399,291.39999,291.22501,291.22501,53371
2026-05-11 19:25,291.39001,291.42999,291.32001,291.32999,46023
2026-05-11 19:26,291.39001,291.435,291.32501,291.39999,62356
2026-05-11 19:27,291.75,291.81,291.39999,291.40781,78280
2026-05-11 19:28,291.92001,291.96991,291.75,291.75,69098
2026-05-11 19:29,292.14999,292.2099,291.875,291.89011,147813
2026-05-11 19:30,291.88,292.16,291.81,292.1459,85129
2026-05-11 19:31,292.04001,292.07001,291.82999,291.88,44735
2026-05-11 19:32,292.17001,292.20999,292.04001,292.04001,86511
2026-05-11 19:33,292.13,292.23001,292.10001,292.17499,44397
2026-05-11 19:34,292.11499,292.23001,292.07001,292.11499,47332
2026-05-11 19:35,292.10999,292.14001,292.07999,292.10001,34941
2026-05-11 19:36,292.215,292.23001,292.10001,292.10001,35571
2026-05-11 19:37,292.22,292.37,292.17001,292.215,55443
2026-05-11 19:38,292.12,292.23999,292.01001,292.23999,48043
2026-05-11 19:39,292.32999,292.34,292.12,292.12,96982
2026-05-11 19:40,292.29001,292.47,292.28,292.33011,54725
2026-05-11 19:41,292.07501,292.29001,292.07001,292.29001,63668
2026-05-11 19:42,292.095,292.095,292.0,292.07001,78289
2026-05-11 19:43,292.07501,292.09,291.98001,292.07999,56986
2026-05-11 19:44,292.005,292.09,291.95001,292.09,49439
2026-05-11 19:45,292.37,292.42001,291.94,291.98001,104592
2026-05-11 19:46,292.5,292.51001,292.285,292.35999,191690
2026-05-11 19:47,292.35001,292.54001,292.35001,292.5199,211047
2026-05-11 19:48,292.4007,292.42999,292.28,292.35001,63594
2026-05-11 19:49,292.40311,292.4201,292.3201,292.41,122196
2026-05-11 19:50,292.6134,292.66501,292.39999,292.39999,94694
2026-05-11 19:51,292.60501,292.62,292.5,292.61499,88821
2026-05-11 19:52,292.58011,292.69,292.57001,292.60501,67669
2026-05-11 19:53,292.56009,292.7399,292.51999,292.59,135557
2026-05-11 19:54,292.60999,292.69,292.35001,292.56,119193
2026-05-11 19:55,292.72,292.76001,292.51001,292.60999,139478
2026-05-11 19:56,292.54999,292.75,292.45999,292.70999,155317
2026-05-11 19:57,292.53,292.60999,292.45999,292.5401,158512
2026-05-11 19:58,292.54001,292.60001,292.48001,292.53,238882
2026-05-11 19:59,292.73999,292.79999,292.5,292.54001,533991
2026-05-12 13:30,293.5,293.685,292.67999,292.755,4487124
2026-05-12 13:31,292.87,293.54001,292.64999,293.48001,144985
2026-05-12 13:32,293.095,293.095,292.64999,292.91,110267
2026-05-12 13:33,292.92001,293.47,292.79001,293.14999,122046
2026-05-12 13:34,293.26001,293.29999,292.85999,292.92499,110203
2026-05-12 13:35,292.92499,293.31,292.72,293.26999,133069
2026-05-12 13:36,292.88501,293.10001,292.73999,292.97,148626
2026-05-12 13:37,292.98999,293.10001,292.61499,292.858,98751
2026-05-12 13:38,293.48001,293.60001,292.79999,293.01511,120022
2026-05-12 13:39,292.91,293.49869,292.76999,293.48001,84852
2026-05-12 13:40,293.13501,293.28,292.66,292.905,105144
2026-05-12 13:41,292.95499,293.23001,292.81,293.12,140512
2026-05-12 13:42,292.98999,293.47,292.98001,293.01801,104514
2026-05-12 13:43,293.79321,293.85001,292.95999,293.07999,182607
2026-05-12 13:44,293.59,293.85999,293.51999,293.81,107775
2026-05-12 13:45,293.48999,293.76999,293.245,293.54999,98235
2026-05-12 13:46,293.02701,293.5,292.85001,293.45001,147186
2026-05-12 13:47,293.01999,293.20001,292.84061,292.98999,82614
2026-05-12 13:48,292.88,293.12,292.75,293.07001,114103
2026-05-12 13:49,293.17999,293.29999,292.81,292.88,79402
2026-05-12 13:50,293.28,293.35001,293.14001,293.155,84292
2026-05-12 13:51,293.17999,293.34399,292.96011,293.26001,65038
2026-05-12 13:52,293.25,293.31,293.01001,293.17999,77260
2026-05-12 13:53,293.54279,293.54279,293.22,293.26001,120202
2026-05-12 13:54,293.51999,293.6698,293.20999,293.42001,116808
2026-05-12 13:55,293.57999,293.72,293.42181,293.5,74071
2026-05-12 13:56,293.92999,293.98999,293.34,293.60001,105943
2026-05-12 13:57,293.73001,293.97,293.57999,293.92999,111008
2026-05-12 13:58,293.92929,293.9299,293.41,293.7677,172177
2026-05-12 13:59,294.05499,294.172,293.89001,293.92001,241420
2026-05-12 14:00,293.77499,294.17001,293.66,294.07999,178620
2026-05-12 14:01,293.81,294.10001,293.66,293.78,125745
2026-05-12 14:02,293.87,294.17999,293.79001,293.82001,105378
2026-05-12 14:03,293.26001,293.92001,293.26001,293.86499,161027
2026-05-12 14:04,293.35001,293.47,293.22,293.32001,91175
2026-05-12 14:05,293.23889,293.57999,293.20999,293.35999,95056
2026-05-12 14:06,293.48001,293.54999,293.13,293.20001,112073
2026-05-12 14:07,293.89209,294.06,293.45001,293.45001,118101
2026-05-12 14:08,294.26001,294.44,293.88,293.91501,206468
2026-05-12 14:09,294.0,294.34991,294.0,294.28,86660
2026-05-12 14:10,293.97,294.10999,293.82001,294.06,73733
2026-05-12 14:11,293.76999,294.16989,293.70001,293.98999,177142
2026-05-12 14:12,293.96881,293.96991,293.62,293.73999,64639
2026-05-12 14:13,294.185,294.25,293.88,293.97,74324
2026-05-12 14:14,294.44931,294.45001,294.14001,294.185,110511
2026-05-12 14:15,294.5,294.67999,294.38,294.45001,138169
2026-05-12 14:16,294.32999,294.64999,294.20001,294.495,84427
2026-05-12 14:17,294.47849,294.5,294.03,294.32001,75842
2026-05-12 14:18,294.5499,294.67291,294.45001,294.461,74885
2026-05-12 14:19,294.64999,294.81,294.51999,294.53,125163
2026-05-12 14:20,294.45999,294.76001,294.35999,294.65009,99673
2026-05-12 14:21,294.51001,294.66,294.37,294.45999,73579
2026-05-12 14:22,294.46011,294.6499,294.45999,294.505,47337
2026-05-12 14:23,294.39999,294.5799,294.35001,294.48999,65151
2026-05-12 14:24,294.26001,294.4501,294.26001,294.42001,69136
2026-05-12 14:25,294.10999,294.25,293.87,294.25,277345
2026-05-12 14:26,294.17999,294.23001,294.04999,294.10999,86312
2026-05-12 14:27,294.17999,294.35001,294.12,294.16,76858
2026-05-12 14:28,293.7901,294.18961,293.76999,294.17001,81234
2026-05-12 14:29,293.93991,293.95001,293.66,293.78,66723
2026-05-12 14:30,294.02499,294.12,293.78,293.91,103323
2026-05-12 14:31,293.60001,294.04999,293.54999,294.04999,110626
2026-05-12 14:32,293.535,293.64499,293.25,293.60999,110808
2026-05-12 14:33,293.92001,293.98001,293.51999,293.54001,98791
2026-05-12 14:34,294.03,294.10001,293.75,293.89499,123597
2026-05-12 14:35,293.76001,294.09,293.67001,294.02121,75309
2026-05-12 14:36,294.17999,294.2131,293.75,293.75,83954
2026-05-12 14:37,293.93011,294.20999,293.8801,294.17999,72743
2026-05-12 14:38,293.85999,293.95001,293.82001,293.94,50047
2026-05-12 14:39,294.245,294.25,293.85501,293.85501,54650
2026-05-12 14:40,294.13,294.48001,294.10999,294.245,99850
2026-05-12 14:41,294.32999,294.41,294.04001,294.13,50210
2026-05-12 14:42,294.431,294.48001,294.21021,294.32001,73648
2026-05-12 14:43,294.57001,294.59,294.375,294.45001,74414
2026-05-12 14:44,294.685,294.71881,294.565,294.59,66945
2026-05-12 14:45,294.465,294.72,294.43011,294.67001,57255
2026-05-12 14:46,294.51999,294.54001,294.29999,294.465,51018
2026-05-12 14:47,294.565,294.70001,294.51999,294.53,75051
2026-05-12 14:48,294.53,294.73999,294.495,294.55719,66813
2026-05-12 14:49,294.565,294.70999,294.51999,294.54001,45784
2026-05-12 14:50,294.62,294.67001,294.51001,294.54999,44463
2026-05-12 14:51,294.38751,294.64999,294.35999,294.625,82065
2026-05-12 14:52,294.25,294.51001,294.16,294.42001,69752
2026-05-12 14:53,294.065,294.32001,294.0,294.26999,70267
2026-05-12 14:54,294.34,294.38,293.97,294.065,68957
2026-05-12 14:55,294.42499,294.47501,294.20999,294.32031,64634
2026-05-12 14:56,294.42001,294.53,294.34,294.41,53700
2026-05-12 14:57,294.39001,294.51999,294.35001,294.47,45927
2026-05-12 14:58,294.55499,294.64001,294.39001,294.39499,79072
2026-05-12 14:59,294.8201,294.84,294.48999,294.56,111505
2026-05-12 15:00,294.64499,294.8999,294.62009,294.82001,78852
2026-05-12 15:01,294.64001,294.79999,294.6301,294.64499,74497
2026-05-12 15:02,294.14001,294.63,294.10001,294.63,101702
2026-05-12 15:03,294.17499,294.35999,294.04501,294.11499,63071
2026-05-12 15:04,294.48999,294.48999,294.16,294.17499,61504
2026-05-12 15:05,294.23499,294.57999,294.17999,294.48099,80150
2026-05-12 15:06,294.37,294.4498,294.065,294.215,81730
2026-05-12 15:07,294.595,294.62,294.36499,294.38501,59558
2026-05-12 15:08,294.54999,294.67001,294.37,294.60001,69668
2026-05-12 15:09,294.35001,294.62,294.32999,294.54999,51008
2026-05-12 15:10,294.51999,294.56,294.35001,294.36499,50465
2026-05-12 15:11,294.25,294.54001,294.21011,294.51999,56637
2026-05-12 15:12,294.29999,294.42999,294.23999,294.25,46237
2026-05-12 15:13,293.98819,294.28,293.94,294.26999,88381
2026-05-12 15:14,293.88,294.0,293.82001,293.98499,110616
2026-05-12 15:15,293.87,293.94,293.76001,293.89001,66080
2026-05-12 15:16,294.09,294.14001,293.88,293.88,79272
2026-05-12 15:17,294.04001,294.20999,294.0,294.10001,92226
2026-05-12 15:18,294.02499,294.26999,293.97,294.04501,61367
2026-05-12 15:19,294.00699,294.13,293.95001,294.0101,52460
2026-05-12 15:20,294.005,294.05991,293.91,294.01001,49149
2026-05-12 15:21,293.91501,294.12259,293.84009,294.005,52159
2026-05-12 15:22,294.173,294.25,293.89999,293.89999,67331
2026-05-12 15:23,294.17001,294.26999,294.14001,294.17001,58407
2026-05-12 15:24,294.39001,294.42001,293.98999,294.17001,102717
2026-05-12 15:25,294.25,294.405,294.17001,294.38,56703
2026-05-12 15:26,294.14001,294.32501,294.06,294.23499,82464
2026-05-12 15:27,294.07001,294.35001,294.01999,294.14499,61427
2026-05-12 15:28,293.98001,294.09,293.89999,294.04999,69879
2026-05-12 15:29,294.37,294.38,293.98001,293.98001,55877
2026-05-12 15:30,294.26001,294.45001,294.19,294.35999,53011
2026-05-12 15:31,294.29001,294.35001,294.14001,294.23999,49256
2026-05-12 15:32,294.19,294.38,294.17001,294.30499,52384
2026-05-12 15:33,294.10999,294.26999,294.06,294.185,32462
2026-05-12 15:34,293.57001,294.14001,293.57001,294.13,64344
2026-05-12 15:35,293.67499,293.82001,293.45999,293.56989,67480
2026-05-12 15:36,293.715,293.76001,293.5675,293.66,39200
2026-05-12 15:37,293.63049,293.75,293.62,293.73001,32358
2026-05-12 15:38,293.57999,293.69,293.51001,293.64999,39000
2026-05-12 15:39,293.94501,293.97,293.565,293.57999,70535
2026-05-12 15:40,293.88501,294.01001,293.85999,293.95001,36677
2026-05-12 15:41,293.82001,293.92999,293.79001,293.88,34627
2026-05-12 15:42,293.98669,293.98999,293.82501,293.82501,35230
2026-05-12 15:43,294.078,294.10999,293.98999,293.98999,40623
2026-05-12 15:44,294.14499,294.21991,293.98001,294.07001,33945
2026-05-12 15:45,294.07999,294.20499,294.06,294.16,26024
2026-05-12 15:46,294.03009,294.12,294.0,294.07999,33660
2026-05-12 15:47,294.18011,294.29999,294.035,294.035,44510
2026-05-12 15:48,294.10999,294.22,294.0506,294.18771,36196
2026-05-12 15:49,293.97501,294.10999,293.94409,294.10001,33063
2026-05-12 15:50,293.94,294.04999,293.85999,293.98999,38261
2026-05-12 15:51,293.81,293.95999,293.79001,293.95999,46157
2026-05-12 15:52,293.85999,293.85999,293.63,293.80499,51122
2026-05-12 15:53,293.98001,294.04999,293.82999,293.86499,43534
2026-05-12 15:54,294.07999,294.09,293.94,293.98001,53664
2026-05-12 15:55,294.28,294.35001,294.06,294.10001,79747
2026-05-12 15:56,294.1799,294.29501,294.12,294.28201,45733
2026-05-12 15:57,294.28,294.38,294.17001,294.17999,74545
2026-05-12 15:58,294.27499,294.38501,294.22,294.29001,60760
2026-05-12 15:59,294.45001,294.45999,294.23999,294.26999,63296
2026-05-12 16:00,294.31,294.53,294.28,294.45999,95027
2026-05-12 16:01,294.39999,294.42001,294.2312,294.285,46895
2026-05-12 16:02,294.5,294.53,294.29001,294.39499,57530
2026-05-12 16:03,294.57001,294.57001,294.34,294.495,74327
2026-05-12 16:04,294.64001,294.78,294.56,294.57001,85520
2026-05-12 16:05,294.48999,294.6676,294.48001,294.66501,55150
2026-05-12 16:06,294.53,294.54001,294.41501,294.49921,39468
2026-05-12 16:07,294.54001,294.57001,294.41,294.54001,54215
2026-05-12 16:08,294.42001,294.56,294.35999,294.54001,36758
2026-05-12 16:09,294.08841,294.37,294.08841,294.37,60075
2026-05-12 16:10,293.78,294.095,293.75,294.095,59531
2026-05-12 16:11,293.97,293.98499,293.72501,293.75,47074
2026-05-12 16:12,293.82001,294.03,293.79999,293.95999,46450
2026-05-12 16:13,293.905,293.935,293.79001,293.82001,33915
2026-05-12 16:14,293.85501,293.89999,293.76001,293.89999,41340
2026-05-12 16:15,293.88,293.88501,293.78,293.845,31835
2026-05-12 16:16,294.0,294.07001,293.88589,293.89001,37824
2026-05-12 16:17,294.03,294.04001,293.90549,294.04001,25313
2026-05-12 16:18,294.08011,294.20001,294.04999,294.04999,37984
2026-05-12 16:19,294.04999,294.26001,294.04501,294.07001,45272
2026-05-12 16:20,294.08499,294.10999,293.98999,294.04999,58590
2026-05-12 16:21,293.92001,294.17001,293.89999,294.10001,43438
2026-05-12 16:22,293.92001,293.97501,293.82999,293.92499,35214
2026-05-12 16:23,293.92999,293.97,293.88501,293.91,32264
2026-05-12 16:24,293.67999,293.965,293.57999,293.935,78841
2026-05-12 16:25,293.79001,293.82001,293.64999,293.70001,26794
2026-05-12 16:26,293.9548,293.97501,293.81,293.81,24201
2026-05-12 16:27,293.95999,293.98001,293.88,293.94,22013
2026-05-12 16:28,293.89999,293.97,293.87,293.97,34024
2026-05-12 16:29,293.95999,294.03,293.845,293.875,37022
2026-05-12 16:30,293.92001,293.97,293.79001,293.95001,32306
2026-05-12 16:31,293.91,293.97,293.87,293.91,37762
2026-05-12 16:32,294.04001,294.07001,293.78,293.89999,49352
2026-05-12 16:33,293.97,294.10001,293.95999,294.04001,30070
2026-05-12 16:34,294.23499,294.25,293.98001,293.98001,42205
2026-05-12 16:35,294.32999,294.37991,294.22,294.23999,48465
2026-05-12 16:36,294.25,294.35999,294.20001,294.32999,34215
2026-05-12 16:37,294.32501,294.35999,294.22,294.25,28407
2026-05-12 16:38,294.35001,294.42001,294.29999,294.34,44402
2026-05-12 16:39,294.35001,294.44,294.345,294.35999,45845
2026-05-12 16:40,294.32999,294.48001,294.32001,294.35001,38808
2026-05-12 16:41,294.34,294.35999,294.20999,294.32999,39563
2026-05-12 16:42,294.565,294.59,294.31,294.32001,49620
2026-05-12 16:43,294.39499,294.59,294.35001,294.56,46337
2026-05-12 16:44,294.29001,294.45001,294.26001,294.39499,30783
2026-05-12 16:45,294.095,294.32001,294.01001,294.29001,52425
2026-05-12 16:46,294.10501,294.17001,294.04501,294.06,52387
2026-05-12 16:47,293.96509,294.1601,293.92999,294.10501,52565
2026-05-12 16:48,293.82001,293.95959,293.73001,293.94,58942
2026-05-12 16:49,293.81699,293.8999,293.70001,293.82999,40251
2026-05-12 16:50,293.97,293.98999,293.81,293.81,39485
2026-05-12 16:51,293.94,294.04999,293.88,293.95001,53114
2026-05-12 16:52,293.89001,293.98999,293.80701,293.94,57737
2026-05-12 16:53,293.91,293.98999,293.8201,293.89999,95636
2026-05-12 16:54,293.72,293.92001,293.61011,293.89001,70669
2026-05-12 16:55,293.565,293.78,293.51999,293.76001,85218
2026-05-12 16:56,293.76999,293.81,293.53,293.57001,42964
2026-05-12 16:57,293.89001,293.89001,293.70999,293.76501,31558
2026-05-12 16:58,293.845,293.92001,293.75299,293.89999,45239
2026-05-12 16:59,293.88501,293.92499,293.76999,293.84,61377
2026-05-12 17:00,293.72501,293.91,293.69031,293.89999,41416
2026-05-12 17:01,294.03009,294.09,293.69,293.69,87306
2026-05-12 17:02,294.17499,294.27881,293.97,294.03009,81690
2026-05-12 17:03,294.37021,294.39999,294.17999,294.19,54334
2026-05-12 17:04,294.51001,294.56,294.38,294.38,45369
2026-05-12 17:05,294.33499,294.51999,294.33499,294.5,43023
2026-05-12 17:06,294.36011,294.38,294.14999,294.29501,35901
2026-05-12 17:07,294.37,294.423,294.26999,294.35999,27581
2026-05-12 17:08,294.45999,294.51999,294.26999,294.29999,41913
2026-05-12 17:09,294.44501,294.48001,294.37,294.42999,41911
2026-05-12 17:10,294.22,294.44501,294.22,294.44,35848
2026-05-12 17:11,294.22,294.28,294.19,294.22501,40325
2026-05-12 17:12,294.28,294.32001,294.17001,294.22,74338
2026-05-12 17:13,294.20999,294.34,294.17999,294.26999,34292
2026-05-12 17:14,294.14999,294.26001,294.07999,294.22,46404
2026-05-12 17:15,294.065,294.16501,294.01999,294.14001,47773
2026-05-12 17:16,293.84,294.12,293.84,294.07999,38915
2026-05-12 17:17,293.755,293.89499,293.67999,293.87,48295
2026-05-12 17:18,293.65009,293.74399,293.625,293.73999,103135
2026-05-12 17:19,293.79999,293.85999,293.62021,293.66501,58748
2026-05-12 17:20,293.79001,293.85999,293.73499,293.79999,55918
2026-05-12 17:21,293.57999,293.82999,293.55029,293.785,109704
2026-05-12 17:22,293.48001,293.59,293.38,293.58499,55635
2026-05-12 17:23,293.53,293.54001,293.44501,293.48001,48358
2026-05-12 17:24,293.56,293.67001,293.51001,293.51001,66207
2026-05-12 17:25,293.76501,293.76999,293.53,293.56,82228
2026-05-12 17:26,294.0199,294.0199,293.75,293.76501,68742
2026-05-12 17:27,293.94,294.0899,293.94,294.01999,52392
2026-05-12 17:28,294.02499,294.04999,293.83499,293.92999,45176
2026-05-12 17:29,293.89999,294.02991,293.85001,294.01999,47215
2026-05-12 17:30,293.98999,294.01001,293.69,293.89999,62149
2026-05-12 17:31,294.02991,294.04999,293.91,293.98999,419800
2026-05-12 17:32,293.89999,294.02499,293.73999,294.01999,88375
2026-05-12 17:33,293.85001,293.905,293.79001,293.905,40334
2026-05-12 17:34,293.875,293.92001,293.79999,293.85001,36963
2026-05-12 17:35,293.94,293.95999,293.85999,293.875,47333
2026-05-12 17:36,293.92999,293.94,293.75,293.94,494339
2026-05-12 17:37,293.97501,294.155,293.91,293.94,63774
2026-05-12 17:38,294.23999,294.23999,293.95001,293.97,61057
2026-05-12 17:39,294.26501,294.31,294.22,294.23999,35030
2026-05-12 17:40,294.10999,294.35001,294.04999,294.27991,44160
2026-05-12 17:41,294.14001,294.20999,294.10999,294.10999,26781
2026-05-12 17:42,294.22,294.25,294.14001,294.14999,35457
2026-05-12 17:43,294.2399,294.25,294.1601,294.22,28569
2026-05-12 17:44,294.32999,294.35001,294.22,294.23001,65824
2026-05-12 17:45,294.22,294.32999,294.22,294.31,19133
2026-05-12 17:46,294.41501,294.435,294.17001,294.21301,40531
2026-05-12 17:47,294.19229,294.39999,294.13779,294.39001,43023
2026-05-12 17:48,294.07959,294.28,294.06,294.20001,27680
2026-05-12 17:49,294.01239,294.10501,293.95001,294.07501,35746
2026-05-12 17:50,294.09851,294.19,293.98999,294.01999,25874
2026-05-12 17:51,294.14999,294.20001,294.09,294.10501,22044
2026-05-12 17:52,294.23999,294.29999,294.14999,294.16,24782
2026-05-12 17:53,294.33011,294.37,294.20999,294.24911,30731
2026-05-12 17:54,294.32501,294.36499,294.26001,294.34,22555
2026-05-12 17:55,294.18011,294.32999,294.17001,294.32001,33484
2026-05-12 17:56,294.17999,294.19,294.07001,294.17999,26971
2026-05-12 17:57,294.13,294.28,294.10001,294.17999,26096
2026-05-12 17:58,294.23999,294.23999,294.13,294.14001,22347
2026-05-12 17:59,294.29999,294.3299,294.1701,294.23001,27235
2026-05-12 18:00,294.35999,294.37,294.25,294.29999,27540
2026-05-12 18:01,294.185,294.33499,294.17001,294.32001,23141
2026-05-12 18:02,294.07001,294.185,294.01001,294.17999,50712
2026-05-12 18:03,294.13,294.13,294.035,294.0502,27456
2026-05-12 18:04,294.185,294.19,294.08499,294.13,21181
2026-05-12 18:05,294.13,294.22,294.10001,294.17001,29400
2026-05-12 18:06,294.12,294.22501,294.12,294.14001,23576
2026-05-12 18:07,294.185,294.29001,294.07999,294.13,163116
2026-05-12 18:08,294.16501,294.20001,294.11169,294.185,28783
2026-05-12 18:09,294.22,294.27499,294.14999,294.17999,123428
2026-05-12 18:10,294.17001,294.31,294.16,294.20999,31180
2026-05-12 18:11,294.02301,294.23001,294.01999,294.17999,32180
2026-05-12 18:12,294.0354,294.07001,293.98999,294.03961,31232
2026-05-12 18:13,294.07999,294.09009,294.01001,294.06989,24745
2026-05-12 18:14,294.07001,294.09,294.04001,294.07501,24891
2026-05-12 18:15,293.95001,294.09,293.94501,294.07001,32765
2026-05-12 18:16,293.95499,294.0,293.91,293.96991,32869
2026-05-12 18:17,293.98999,293.98999,293.92999,293.97,25101
2026-05-12 18:18,293.95999,293.98001,293.85999,293.98001,31509
2026-05-12 18:19,294.03,294.04999,293.89999,293.95001,22610
2026-05-12 18:20,293.97,294.02499,293.95999,294.02499,24344
2026-05-12 18:21,293.92499,294.0,293.91501,293.96021,37258
2026-05-12 18:22,294.12,294.14001,293.90009,293.92499,53435
2026-05-12 18:23,294.04001,294.16,293.92999,294.13,101026
2026-05-12 18:24,294.07999,294.19,294.04999,294.04999,47089
2026-05-12 18:25,294.17499,294.23001,294.08499,294.10101,72705
2026-05-12 18:26,294.39499,294.44,294.19,294.19,57600
2026-05-12 18:27,294.48499,294.51999,294.39001,294.39999,59721
2026-05-12 18:28,294.48001,294.505,294.35999,294.48001,42971
2026-05-12 18:29,294.64999,294.66,294.45001,294.48001,82196
2026-05-12 18:30,294.44501,294.62,294.35999,294.62,71105
2026-05-12 18:31,294.47,294.53,294.39001,294.44,58446
2026-05-12 18:32,294.42499,294.47,294.39001,294.47,32844
2026-05-12 18:33,294.29999,294.39999,294.27499,294.39001,42669
2026-05-12 18:34,294.26501,294.285,294.16,294.26999,30972
2026-05-12 18:35,294.10999,294.28,294.07999,294.26001,42065
2026-05-12 18:36,294.29999,294.31989,294.11499,294.13,25385
2026-05-12 18:37,294.41,294.45001,294.30081,294.31,58004
2026-05-12 18:38,294.41,294.42001,294.14001,294.39999,76288
2026-05-12 18:39,294.29001,294.435,294.29001,294.42999,35876
2026-05-12 18:40,294.31,294.34009,294.23001,294.2999,28188
2026-05-12 18:41,294.38501,294.41,294.31,294.31,30417
2026-05-12 18:42,294.42969,294.4599,294.39001,294.39001,31906
2026-05-12 18:43,294.26001,294.41,294.23999,294.41,32444
2026-05-12 18:44,294.375,294.39001,294.245,294.29001,34916
2026-05-12 18:45,294.38,294.5,294.36499,294.39001,42391
2026-05-12 18:46,294.37,294.45999,294.35101,294.38,61690
2026-05-12 18:47,294.35989,294.42001,294.31,294.36499,33550
2026-05-12 18:48,294.285,294.35669,294.20999,294.345,39355
2026-05-12 18:49,294.245,294.31,294.16501,294.28,31835
2026-05-12 18:50,294.24109,294.29999,294.19,294.23999,28960
2026-05-12 18:51,294.14001,294.245,294.14001,294.23999,34900
2026-05-12 18:52,294.01999,294.17001,294.01999,294.14999,42844
2026-05-12 18:53,294.29501,294.29999,294.0,294.01501,52355
2026-05-12 18:54,294.14999,294.32999,294.14001,294.28,35560
2026-05-12 18:55,294.14001,294.20001,294.09,294.14999,33319
2026-05-12 18:56,294.29001,294.29001,294.14001,294.14001,38021
2026-05-12 18:57,294.32501,294.47,294.23999,294.29001,82848
2026-05-12 18:58,294.4101,294.45999,294.26999,294.32501,57253
2026-05-12 18:59,294.435,294.54001,294.39999,294.39999,99639
2026-05-12 19:00,294.41,294.42001,294.29001,294.42001,37084
2026-05-12 19:01,294.38501,294.42999,294.29999,294.42001,41762
2026-05-12 19:02,294.45999,294.45999,294.38,294.38501,37859
2026-05-12 19:03,294.54501,294.60001,294.45999,294.47,40054
2026-05-12 19:04,294.42001,294.56,294.41,294.54501,41566
2026-05-12 19:05,294.51999,294.51999,294.35999,294.42499,36575
2026-05-12 19:06,294.56,294.59,294.48999,294.51001,49472
2026-05-12 19:07,294.54001,294.5899,294.505,294.56,32165
2026-05-12 19:08,294.52328,294.5499,294.47,294.52499,40257
2026-05-12 19:09,294.48001,294.59,294.39999,294.51999,50905
2026-05-12 19:10,294.44501,294.59,294.44009,294.48001,59226
2026-05-12 19:11,294.41,294.47,294.35001,294.44501,58644
2026-05-12 19:12,294.37,294.44971,294.19,294.41,126141
2026-05-12 19:13,294.55499,294.57501,294.37,294.38,46739
2026-05-12 19:14,294.59,294.64001,294.505,294.54001,52248
2026-05-12 19:15,294.70999,294.73999,294.57999,294.60501,80882
2026-05-12 19:16,294.5,294.72,294.5,294.70999,66958
2026-05-12 19:17,294.51001,294.56,294.46011,294.5,36687
2026-05-12 19:18,294.45999,294.51001,294.38,294.51001,64712
2026-05-12 19:19,294.39001,294.53,294.32999,294.4501,68431
2026-05-12 19:20,294.47,294.48999,294.32001,294.39001,51387
2026-05-12 19:21,294.505,294.53,294.47,294.48001,54167
2026-05-12 19:22,294.44501,294.51999,294.44501,294.50931,53286
2026-05-12 19:23,294.37,294.5,294.34,294.44,37280
2026-05-12 19:24,294.48001,294.51001,294.37,294.37,504880
2026-05-12 19:25,294.505,294.51999,294.47009,294.48999,38859
2026-05-12 19:26,294.70001,294.715,294.48001,294.50009,54159
2026-05-12 19:27,294.85001,294.89999,294.6601,294.69501,109857
2026-05-12 19:28,294.86499,294.92001,294.84,294.85999,79451
2026-05-12 19:29,294.80069,294.85999,294.76999,294.85999,53709
2026-05-12 19:30,294.85001,294.89001,294.76001,294.79999,64873
2026-05-12 19:31,294.73499,294.85999,294.72,294.82999,56448
2026-05-12 19:32,294.79001,294.79001,294.71951,294.73999,45527
2026-05-12 19:33,294.64011,294.79999,294.62,294.79501,64837
2026-05-12 19:34,294.742,294.85501,294.64001,294.64999,60455
2026-05-12 19:35,294.685,294.76001,294.67499,294.73001,48114
2026-05-12 19:36,294.505,294.69,294.5,294.69,70633
2026-05-12 19:37,294.565,294.565,294.405,294.50009,47397
2026-05-12 19:38,294.39999,294.64001,294.37,294.58011,53270
2026-05-12 19:39,294.48001,294.54001,294.39499,294.39499,37329
2026-05-12 19:40,294.36499,294.48499,294.35999,294.47,49687
2026-05-12 19:41,294.45999,294.48999,294.35999,294.37,60403
2026-05-12 19:42,294.60999,294.62,294.41,294.45999,51048
2026-05-12 19:43,294.595,294.66,294.56,294.61499,49966
2026-05-12 19:44,294.67001,294.67001,294.56,294.59,44542
2026-05-12 19:45,294.64001,294.70001,294.54999,294.64999,73162
2026-05-12 19:46,294.75,294.79001,294.58499,294.64001,61591
2026-05-12 19:47,294.73999,294.84,294.70999,294.75,79076
2026-05-12 19:48,294.66,294.745,294.625,294.72,55059
2026-05-12 19:49,294.48001,294.70001,294.45999,294.67001,64054
2026-05-12 19:50,294.89011,294.91,294.48001,294.48999,138203
2026-05-12 19:51,294.91,294.92001,294.79999,294.91,88195
2026-05-12 19:52,295.06,295.07001,294.85001,294.92999,563091
2026-05-12 19:53,295.19501,295.26999,295.04001,295.04999,200955
2026-05-12 19:54,294.75,295.19,294.59,295.19,264374
2026-05-12 19:55,294.56,294.87,294.45001,294.76999,244800
2026-05-12 19:56,294.51001,294.64001,294.45001,294.55099,259264
2026-05-12 19:57,294.64001,294.75,294.48001,294.51001,211955
2026-05-12 19:58,294.82501,294.85001,294.60001,294.64001,345347
2026-05-12 19:59,294.87,294.89001,294.59,294.82501,595447
2026-05-13 13:30,294.16,294.70999,293.56,293.63,3464501
2026-05-13 13:31,294.88501,295.0,294.16,294.255,174782
2026-05-13 13:32,295.64499,295.89001,294.82999,294.875,330886
2026-05-13 13:33,296.54001,296.72,295.59,295.64999,360528
2026-05-13 13:34,296.92999,296.98999,296.15271,296.57999,206363
2026-05-13 13:35,296.64001,296.97919,296.34,296.91,139156
2026-05-13 13:36,296.58499,296.98001,296.26001,296.60001,137513
2026-05-13 13:37,297.33499,297.35001,296.58499,296.58499,249096
2026-05-13 13:38,297.07999,297.39999,296.85999,297.315,164416
2026-05-13 13:39,297.04001,297.35999,296.97,297.12,136467
2026-05-13 13:40,297.15439,297.29999,296.60001,297.0499,150499
2026-05-13 13:41,296.75,297.5098,296.655,297.14999,201811
2026-05-13 13:42,296.60999,297.09,296.42999,296.76001,218993
2026-05-13 13:43,296.67001,297.03,296.565,296.64001,121226
2026-05-13 13:44,296.97,296.98001,296.56219,296.66,88083
2026-05-13 13:45,296.82001,297.07001,296.4501,296.97,139560
2026-05-13 13:46,296.5351,296.91,296.38,296.79999,149867
2026-05-13 13:47,295.99719,296.54001,295.82999,296.51001,165147
2026-05-13 13:48,295.81,296.29999,295.745,296.09,160574
2026-05-13 13:49,295.82001,295.91,295.53,295.82999,131574
2026-05-13 13:50,296.1412,296.17001,295.79001,295.79999,93884
2026-05-13 13:51,296.06,296.37,295.85501,296.14001,117100
2026-05-13 13:52,296.26999,296.48001,296.04999,296.07999,102795
2026-05-13 13:53,296.10999,296.27802,295.98001,296.26999,79046
2026-05-13 13:54,295.89499,296.39001,295.87,296.12,95535
2026-05-13 13:55,295.44,295.98999,295.42001,295.89001,177441
2026-05-13 13:56,295.655,295.85001,295.39999,295.44,86066
2026-05-13 13:57,296.005,296.01001,295.60999,295.66989,79500
2026-05-13 13:58,296.05991,296.23001,295.95001,295.98999,80796
2026-05-13 13:59,295.39999,296.07001,295.37,296.06,98628
2026-05-13 14:00,295.20999,295.57999,295.142,295.41501,131247
2026-05-13 14:01,295.78,295.79001,295.16,295.19,118192
2026-05-13 14:02,295.41,295.82001,295.35999,295.79001,88422
2026-05-13 14:03,295.51999,295.59991,295.37,295.435,91153
2026-05-13 14:04,295.39999,295.61499,295.125,295.51999,79375
2026-05-13 14:05,295.39999,295.67999,295.29001,295.35001,74948
2026-05-13 14:06,295.26511,295.45999,295.13989,295.41,61651
2026-05-13 14:07,295.26001,295.39001,295.155,295.27499,53376
2026-05-13 14:08,295.36499,295.44,295.17999,295.26001,45681
2026-05-13 14:09,295.3299,295.57999,295.26001,295.37,72168
2026-05-13 14:10,295.23001,295.31,295.20001,295.31,472861
2026-05-13 14:11,295.33841,295.39999,295.17999,295.23001,53948
2026-05-13 14:12,295.66501,295.78,295.34,295.34,101453
2026-05-13 14:13,296.07001,296.07999,295.65451,295.6785,97565
2026-05-13 14:14,295.57501,296.04999,295.56,296.04999,58345
2026-05-13 14:15,295.42001,295.76999,295.42001,295.56,70806
2026-05-13 14:16,295.4512,295.48999,295.29001,295.45001,62106
2026-05-13 14:17,295.42999,295.54999,295.375,295.47198,54772
2026-05-13 14:18,295.6066,295.66,295.47,295.48999,54391
2026-05-13 14:19,295.92001,295.95001,295.60999,295.64001,72231
2026-05-13 14:20,296.04999,296.07001,295.89011,295.9101,78392
2026-05-13 14:21,295.85999,296.07001,295.79999,296.04501,71934
2026-05-13 14:22,295.56,295.92001,295.54001,295.89001,59611
2026-05-13 14:23,295.535,295.67999,295.44,295.565,62830
2026-05-13 14:24,295.67499,295.67499,295.4906,295.54501,55537
2026-05-13 14:25,295.565,295.73999,295.53,295.67999,178742
2026-05-13 14:26,295.625,295.73001,295.56,295.57001,39173
2026-05-13 14:27,295.1232,295.64001,295.12,295.62881,229816
2026-05-13 14:28,295.57999,295.57999,295.12601,295.13,74491
2026-05-13 14:29,295.14999,295.63,295.12,295.59,92578
2026-05-13 14:30,295.4501,295.64001,295.16,295.17001,141282
2026-05-13 14:31,295.48001,295.51999,295.32999,295.45001,61394
2026-05-13 14:32,295.6116,295.63989,295.39999,295.46069,76148
2026-05-13 14:33,295.42001,295.66931,295.41,295.62,60623
2026-05-13 14:34,295.58499,295.69901,295.42499,295.42999,62930
2026-05-13 14:35,295.37,295.63,295.28,295.59,45750
2026-05-13 14:36,295.64001,295.66,295.3764,295.39001,54806
2026-05-13 14:37,295.45999,295.70001,295.45999,295.62,51314
2026-05-13 14:38,295.91,295.91,295.45001,295.47,196647
2026-05-13 14:39,295.62,295.92999,295.62,295.91,56837
2026-05-13 14:40,295.54999,295.66,295.28,295.60999,65322
2026-05-13 14:41,295.73001,295.73999,295.51001,295.56,46658
2026-05-13 14:42,296.17001,296.20001,295.70999,295.72501,164817
2026-05-13 14:43,296.224,296.27991,296.04001,296.16,54296
2026-05-13 14:44,296.3595,296.37,296.19,296.22501,98756
2026-05-13 14:45,296.39999,296.42001,296.22,296.35501,54221
2026-05-13 14:46,296.4166,296.66,296.39001,296.41,94183
2026-05-13 14:47,296.69,296.70001,296.42001,296.42001,72621
2026-05-13 14:48,296.5,296.69,296.45001,296.69,48580
2026-05-13 14:49,296.60001,296.66,296.48999,296.5,55029
2026-05-13 14:50,296.57501,296.63501,296.48001,296.62,37296
2026-05-13 14:51,296.29999,296.57001,296.25,296.57001,43736
2026-05-13 14:52,296.435,296.5,296.22,296.30499,40150
2026-05-13 14:53,296.29999,296.47,296.23499,296.42999,60948
2026-05-13 14:54,296.19,296.32001,296.16,296.31,53489
2026-05-13 14:55,296.42001,296.44501,296.19,296.19,36420
2026-05-13 14:56,296.38,296.41,296.25,296.40091,35291
2026-05-13 14:57,296.39001,296.5188,296.34,296.37039,53219
2026-05-13 14:58,296.51999,296.51999,296.38,296.39999,40444
2026-05-13 14:59,296.47501,296.57999,296.41,296.53,34418
2026-05-13 15:00,296.74951,296.74951,296.48001,296.51001,90593
2026-05-13 15:01,296.79001,296.82999,296.70999,296.75,74987
2026-05-13 15:02,296.63,296.79999,296.54999,296.79001,43119
2026-05-13 15:03,296.57999,296.64999,296.5,296.61649,110410
2026-05-13 15:04,296.70499,296.75,296.56,296.57999,174247
2026-05-13 15:05,296.51999,296.76001,296.45999,296.70001,69353
2026-05-13 15:06,296.39999,296.51999,296.35001,296.51501,114884
2026-05-13 15:07,296.39001,296.45001,296.26001,296.405,64217
2026-05-13 15:08,296.565,296.57001,296.37,296.38,39038
2026-05-13 15:09,296.44,296.60999,296.38,296.56,78721
2026-05-13 15:10,296.53,296.60001,296.4104,296.4104,33502
2026-05-13 15:11,296.47,296.565,296.45999,296.51501,47434
2026-05-13 15:12,296.67999,296.69501,296.47,296.47,37134
2026-05-13 15:13,296.76501,296.79999,296.67999,296.67999,54420
2026-05-13 15:14,296.785,296.82501,296.72,296.76501,52579
2026-05-13 15:15,296.67068,296.91,296.61099,296.79401,68394
2026-05-13 15:16,296.66501,296.8399,296.62,296.685,52348
2026-05-13 15:17,296.79501,296.82999,296.52029,296.66501,52694
2026-05-13 15:18,296.8725,296.88,296.76999,296.7995,41778
2026-05-13 15:19,296.8699,296.94,296.79999,296.88,43183
2026-05-13 15:20,296.85999,296.89319,296.79001,296.85001,45602
2026-05-13 15:21,296.82999,296.85001,296.70999,296.84,32308
2026-05-13 15:22,296.82999,296.98499,296.80481,296.82501,59555
2026-05-13 15:23,296.92001,296.94,296.79001,296.83499,27106
2026-05-13 15:24,296.86499,296.94,296.82999,296.91,33731
2026-05-13 15:25,296.7254,296.85001,296.70999,296.85001,43621
2026-05-13 15:26,296.95511,296.98499,296.66,296.72,88910
2026-05-13 15:27,296.935,296.98999,296.84,296.95499,346155
2026-05-13 15:28,297.13,297.25,296.92001,296.92001,234147
2026-05-13 15:29,296.94,297.13699,296.91,297.13,97947
2026-05-13 15:30,297.0896,297.13,296.819,296.935,66597
2026-05-13 15:31,297.76001,297.76001,297.07001,297.09,147481
2026-05-13 15:32,297.76999,297.85001,297.73999,297.75671,88261
2026-05-13 15:33,297.95499,298.0,297.76001,297.76999,224851
2026-05-13 15:34,297.85001,297.95999,297.67569,297.95499,330431
2026-05-13 15:35,297.92749,297.92749,297.72,297.85001,72292
2026-05-13 15:36,297.84,297.98999,297.75,297.94,57551
2026-05-13 15:37,297.89999,298.01001,297.84,297.84,99330
2026-05-13 15:38,297.76501,297.94,297.73001,297.89999,65533
2026-05-13 15:39,297.36499,297.78,297.35999,297.77991,51481
2026-05-13 15:40,297.26001,297.4599,297.26001,297.35751,45946
2026-05-13 15:41,297.16,297.25,297.16,297.25,43476
2026-05-13 15:42,297.25729,297.29999,297.14999,297.16,37040
2026-05-13 15:43,297.45999,297.57001,297.24799,297.2514,46077
2026-05-13 15:44,297.48001,297.51001,297.29999,297.465,36354
2026-05-13 15:45,297.345,297.48001,297.2778,297.48001,47901
2026-05-13 15:46,297.14499,297.35999,297.12,297.35001,49978
2026-05-13 15:47,297.12009,297.16,297.06,297.16,33452
2026-05-13 15:48,297.07999,297.14499,297.06,297.13,27899
2026-05-13 15:49,297.26001,297.30499,297.07999,297.07999,411358
2026-05-13 15:50,297.215,297.32001,297.12,297.29001,47994
2026-05-13 15:51,297.13501,297.29001,297.13,297.20499,38015
2026-05-13 15:52,297.29501,297.29501,297.05011,297.13501,30227
2026-05-13 15:53,297.1665,297.32501,297.14001,297.31,28844
2026-05-13 15:54,297.28,297.29501,297.20001,297.22,30742
2026-05-13 15:55,296.92999,297.285,296.92999,297.285,46318
2026-05-13 15:56,296.80499,296.94501,296.76999,296.91501,66703
2026-05-13 15:57,296.75,296.83499,296.75,296.80499,40953
2026-05-13 15:58,296.82001,296.84991,296.76001,296.76001,52212
2026-05-13 15:59,296.92001,297.01001,296.72079,296.82999,59767
2026-05-13 16:00,296.95001,296.98001,296.82999,296.935,38859
2026-05-13 16:01,296.89999,296.95999,296.81,296.90509,22987
2026-05-13 16:02,296.905,296.94,296.84,296.89999,44008
2026-05-13 16:03,296.8501,296.92001,296.78,296.92001,49003
2026-05-13 16:04,297.02499,297.02499,296.85001,296.86499,38164
2026-05-13 16:05,297.005,297.03,296.96649,297.02499,26854
2026-05-13 16:06,297.0,297.07001,296.92499,297.0,38973
2026-05-13 16:07,296.9631,297.01999,296.92999,296.98999,21206
2026-05-13 16:08,296.94089,296.98001,296.89999,296.97,28871
2026-05-13 16:09,296.92499,296.95999,296.85999,296.95999,21806
2026-05-13 16:10,296.87631,297.0,296.79999,296.94,47646
2026-05-13 16:11,296.85001,296.89001,296.79001,296.875,29862
2026-05-13 16:12,296.94501,297.01001,296.86499,296.87,30483
2026-05-13 16:13,296.845,296.95999,296.84,296.95001,31308
2026-05-13 16:14,296.93579,297.04999,296.83499,296.845,34678
2026-05-13 16:15,297.048,297.06,296.9144,296.92999,23218
2026-05-13 16:16,297.06,297.13501,297.01001,297.04001,51790
2026-05-13 16:17,297.08499,297.12,297.01999,297.06,26422
2026-05-13 16:18,296.88,297.095,296.88,297.07999,18600
2026-05-13 16:19,297.0,297.01999,296.85001,296.88501,133031
2026-05-13 16:20,297.32999,297.38,297.0,297.0,93640
2026-05-13 16:21,297.35501,297.37,297.29001,297.33301,23801
2026-05-13 16:22,297.34,297.39001,297.32001,297.35501,25403
2026-05-13 16:23,297.40009,297.44,297.32001,297.32999,30774
2026-05-13 16:24,297.82001,297.85999,297.39999,297.39999,142070
2026-05-13 16:25,297.9599,298.0,297.79999,297.82001,89974
2026-05-13 16:26,298.01031,298.07001,297.905,297.95499,121606
2026-05-13 16:27,298.20511,298.20999,297.92999,298.0,188104
2026-05-13 16:28,298.41,298.42999,298.17499,298.20001,109463
2026-05-13 16:29,298.40009,298.54999,298.31,298.39499,131439
2026-05-13 16:30,298.51001,298.53,298.33099,298.39001,112418
2026-05-13 16:31,298.66,298.67999,298.42001,298.51501,205817
2026-05-13 16:32,298.495,298.698,298.495,298.66501,113897
2026-05-13 16:33,298.67499,298.79999,298.495,298.495,85925
2026-05-13 16:34,298.845,298.85001,298.5,298.67999,73063
2026-05-13 16:35,299.16,299.19,298.73999,298.85001,364098
2026-05-13 16:36,298.91,299.23999,298.90399,299.17001,155242
2026-05-13 16:37,299.09,299.14001,298.89001,298.91,107136
2026-05-13 16:38,299.01999,299.11499,298.90201,299.11499,98752
2026-05-13 16:39,299.01041,299.10999,298.98999,299.03,88418
2026-05-13 16:40,299.215,299.22,298.995,299.0101,64170
2026-05-13 16:41,299.17001,299.23999,299.155,299.21979,109189
2026-05-13 16:42,299.22501,299.41,299.16,299.17001,136298
2026-05-13 16:43,299.39001,299.39001,299.16,299.22009,190258
2026-05-13 16:44,299.29001,299.42001,299.20001,299.38,123031
2026-05-13 16:45,299.3251,299.38989,299.22,299.2901,66322
2026-05-13 16:46,299.005,299.32999,298.95999,299.32999,114579
2026-05-13 16:47,299.28009,299.28009,298.98999,299.01001,81088
2026-05-13 16:48,299.23999,299.34,299.20001,299.26999,63080
2026-05-13 16:49,299.01511,299.23999,299.0,299.23999,110779
2026-05-13 16:50,298.97501,299.04001,298.89001,299.01001,73783
2026-05-13 16:51,298.92001,299.065,298.86499,298.97501,92052
2026-05-13 16:52,298.85001,298.94,298.80511,298.94,54010
2026-05-13 16:53,298.98001,298.98001,298.79001,298.85001,69958
2026-05-13 16:54,299.17001,299.17001,298.952,298.98999,48639
2026-05-13 16:55,299.315,299.38,299.16,299.17499,74528
2026-05-13 16:56,299.12,299.33499,299.07101,299.31,60178
2026-05-13 16:57,299.34,299.35999,299.1275,299.14999,52520
2026-05-13 16:58,299.32001,299.41,299.20999,299.345,62636
2026-05-13 16:59,299.14999,299.34,299.12009,299.32001,153277
2026-05-13 17:00,299.45001,299.45001,299.12,299.16,86785
2026-05-13 17:01,299.52499,299.57999,299.44,299.45499,94581
2026-05-13 17:02,299.5,299.57001,299.4201,299.53,68751
2026-05-13 17:03,299.70001,299.70999,299.52011,299.535,91456
2026-05-13 17:04,299.62,299.79001,299.57999,299.69501,173806
2026-05-13 17:05,299.69989,299.72,299.59,299.62,66239
2026-05-13 17:06,299.85999,299.87,299.604,299.69501,137592
2026-05-13 17:07,299.59,299.84,299.48001,299.84,56775
2026-05-13 17:08,299.80499,299.81,299.57999,299.59,70913
2026-05-13 17:09,299.68979,299.87,299.57019,299.81,76120
2026-05-13 17:10,299.86499,299.87,299.685,299.70001,42820
2026-05-13 17:11,299.69501,299.85999,299.66,299.85999,60614
2026-05-13 17:12,299.73001,299.78,299.51999,299.62,70513
2026-05-13 17:13,299.63501,299.79999,299.63,299.72501,42972
2026-05-13 17:14,299.52151,299.76501,299.51001,299.6499,94985
2026-05-13 17:15,299.81,299.82999,299.51001,299.51999,68553
2026-05-13 17:16,299.57501,299.89999,299.54501,299.79999,167047
2026-05-13 17:17,300.25,300.29001,299.4715,299.57999,1180029
2026-05-13 17:18,299.94501,300.37,299.79999,300.26999,136724
2026-05-13 17:19,299.685,299.9696,299.60001,299.94501,97332
2026-05-13 17:20,299.41,299.70001,299.35001,299.70001,130821
2026-05-13 17:21,299.29001,299.53,299.21011,299.41,65233
2026-05-13 17:22,299.32501,299.41,299.28,299.29001,52034
2026-05-13 17:23,299.21851,299.43991,299.20001,299.31219,39854
2026-05-13 17:24,299.315,299.34,299.20001,299.20001,54892
2026-05-13 17:25,299.51501,299.53,299.28299,299.302,53785
2026-05-13 17:26,299.54501,299.54501,299.41501,299.51001,74812
2026-05-13 17:27,299.63501,299.70999,299.51999,299.54501,82760
2026-05-13 17:28,299.95999,299.97,299.57001,299.64001,123829
2026-05-13 17:29,300.125,300.315,299.94901,299.97,176027
2026-05-13 17:30,300.11249,300.29001,300.0,300.10999,151603
2026-05-13 17:31,300.31,300.39001,300.14001,300.16,127717
2026-05-13 17:32,300.13,300.45999,300.12,300.31,237043
2026-05-13 17:33,300.435,300.45999,300.10999,300.138,112621
2026-05-13 17:34,300.53201,300.63,300.42999,300.44009,135387
2026-05-13 17:35,300.31,300.57001,300.29001,300.53989,102239
2026-05-13 17:36,300.20001,300.44,300.1001,300.31,61036
2026-05-13 17:37,300.44,300.44,300.17001,300.20001,101651
2026-05-13 17:38,300.54001,300.565,300.40469,300.40469,105033
2026-05-13 17:39,300.23001,300.5,300.2178,300.465,90451
2026-05-13 17:40,300.32001,300.48999,300.22,300.23001,94983
2026-05-13 17:41,300.32001,300.42999,300.23499,300.32001,70988
2026-05-13 17:42,300.37,300.38,300.26001,300.32001,59482
2026-05-13 17:43,300.61011,300.64999,300.34,300.35999,124170
2026-05-13 17:44,300.535,300.72,300.535,300.60999,69310
2026-05-13 17:45,300.685,300.69,300.42999,300.5351,62854
2026-05-13 17:46,300.66501,300.72,300.60501,300.69,90335
2026-05-13 17:47,300.73999,300.77991,300.64749,300.64999,74873
2026-05-13 17:48,300.74011,300.79999,300.70999,300.73999,72870
2026-05-13 17:49,300.87009,300.91,300.72,300.76001,87093
2026-05-13 17:50,300.82999,300.92001,300.77499,300.88,78567
2026-05-13 17:51,300.65359,300.85001,300.59,300.82999,107760
2026-05-13 17:52,300.54999,300.72,300.50009,300.65991,74983
2026-05-13 17:53,300.48999,300.57999,300.35999,300.54999,105882
2026-05-13 17:54,300.45999,300.54999,300.42001,300.4809,59068
2026-05-13 17:55,300.32999,300.48499,300.26001,300.44,39825
2026-05-13 17:56,300.0777,300.38,300.07001,300.32999,58224
2026-05-13 17:57,300.10001,300.10001,299.875,300.07001,103103
2026-05-13 17:58,300.06,300.20001,299.98999,300.10001,113478
2026-05-13 17:59,300.16501,300.20801,299.98999,300.04001,78432
2026-05-13 18:00,299.98001,300.19,299.84,300.14999,163052
2026-05-13 18:01,299.95749,299.97501,299.81,299.95999,106864
2026-05-13 18:02,300.03,300.13,299.965,299.97,77235
2026-05-13 18:03,300.035,300.10999,300.01001,300.06,48702
2026-05-13 18:04,299.95001,300.07501,299.94009,300.035,52266
2026-05-13 18:05,299.94,300.0,299.87149,299.95999,81346
2026-05-13 18:06,299.92499,300.04999,299.9111,299.95001,54786
2026-05-13 18:07,299.89609,300.0,299.883,299.92499,53783
2026-05-13 18:08,300.06,300.12,299.85999,299.89001,65650
2026-05-13 18:09,299.94971,300.12,299.90009,300.06,56096
2026-05-13 18:10,299.86011,299.98999,299.85999,299.935,38467
2026-05-13 18:11,300.03,300.06,299.85999,299.875,74647
2026-05-13 18:12,300.04199,300.09009,300.01511,300.01999,37218
2026-05-13 18:13,300.125,300.12979,300.01999,300.04501,57446
2026-05-13 18:14,300.1799,300.25,300.12,300.125,82979
2026-05-13 18:15,300.45001,300.48001,300.17001,300.17499,131887
2026-05-13 18:16,300.17001,300.495,300.13,300.45999,56525
2026-05-13 18:17,300.29999,300.35999,300.16101,300.16101,70391
2026-05-13 18:18,300.26001,300.37,300.19,300.29999,80354
2026-05-13 18:19,300.16,300.26999,300.07001,300.26001,77082
2026-05-13 18:20,300.26749,300.34,300.12,300.16,62190
2026-05-13 18:21,300.07999,300.29001,300.06,300.29001,53736
2026-05-13 18:22,300.255,300.26001,300.04501,300.07001,48138
2026-05-13 18:23,300.29999,300.32999,300.215,300.26001,59147
2026-05-13 18:24,300.20999,300.42999,300.20001,300.29999,53516
2026-05-13 18:25,299.94501,300.21011,299.88071,300.21011,73723
2026-05-13 18:26,300.03989,300.10001,299.92001,299.94501,50778
2026-05-13 18:27,299.83499,300.04501,299.832,300.04001,51236
2026-05-13 18:28,299.85999,299.88989,299.76999,299.83499,46201
2026-05-13 18:29,299.715,299.85999,299.70999,299.8508,54005
2026-05-13 18:30,299.535,299.72,299.51999,299.70999,71415
2026-05-13 18:31,299.52509,299.64001,299.44,299.54001,56739
2026-05-13 18:32,299.54001,299.64001,299.48999,299.52509,35214
2026-05-13 18:33,299.56,299.56,299.45001,299.54001,78644
2026-05-13 18:34,299.58499,299.625,299.54999,299.565,44303
2026-05-13 18:35,299.53,299.64001,299.52011,299.58499,33944
2026-05-13 18:36,299.41,299.5499,299.39499,299.5499,56499
2026-05-13 18:37,299.39999,299.42709,299.37009,299.41501,31725
2026-05-13 18:38,299.45001,299.48001,299.34,299.39499,41690
2026-05-13 18:39,299.32999,299.44501,299.32999,299.44501,41614
2026-05-13 18:40,299.38501,299.41,299.26999,299.33499,72915
2026-05-13 18:41,299.30499,299.39999,299.28009,299.38501,40549
2026-05-13 18:42,299.26999,299.3501,299.26001,299.31,64502
2026-05-13 18:43,299.31,299.32999,299.22,299.2775,46739
2026-05-13 18:44,299.32999,299.39001,299.29999,299.31,40757
2026-05-13 18:45,299.47159,299.48999,299.32999,299.32999,63850
2026-05-13 18:46,299.45001,299.57999,299.38,299.48001,60237
2026-05-13 18:47,299.56,299.56,299.39999,299.45999,42689
2026-05-13 18:48,299.51001,299.67999,299.51001,299.54999,52938
2026-05-13 18:49,299.53989,299.56,299.47751,299.51001,63169
2026-05-13 18:50,299.51501,299.54999,299.45001,299.53,45345
2026-05-13 18:51,299.465,299.52991,299.39999,299.51999,44368
2026-05-13 18:52,299.39001,299.48001,299.2616,299.46991,48085
2026-05-13 18:53,299.35001,299.44,299.30499,299.375,41449
2026-05-13 18:54,299.5,299.54001,299.35001,299.35999,58338
2026-05-13 18:55,299.45001,299.53,299.45001,299.505,39752
2026-05-13 18:56,299.42001,299.47,299.39999,299.45499,32132
2026-05-13 18:57,299.29999,299.42999,299.23001,299.42999,34260
2026-05-13 18:58,299.33499,299.39999,299.29001,299.31,32112
2026-05-13 18:59,299.4101,299.45001,299.32501,299.32999,53885
2026-05-13 19:00,299.5,299.53,299.39499,299.42999,40122
2026-05-13 19:01,299.45999,299.5,299.39999,299.4805,38227
2026-05-13 19:02,299.42999,299.535,299.42001,299.44501,61270
2026-05-13 19:03,299.44,299.51001,299.42499,299.42999,36167
2026-05-13 19:04,299.17001,299.45001,299.10001,299.44,132887
2026-05-13 19:05,299.215,299.25,299.14001,299.16,72853
2026-05-13 19:06,298.97009,299.26501,298.95001,299.21011,102249
2026-05-13 19:07,299.04001,299.04001,298.87,298.97,89648
2026-05-13 19:08,299.12,299.19,299.04001,299.04001,51248
2026-05-13 19:09,299.17499,299.18939,299.07001,299.14001,41792
2026-05-13 19:10,299.08371,299.27499,299.07001,299.17001,57635
2026-05-13 19:11,299.07001,299.10501,298.97,299.08499,53640
2026-05-13 19:12,299.07999,299.16,299.06189,299.06909,40159
2026-05-13 19:13,299.04999,299.10001,299.0,299.0701,67522
2026-05-13 19:14,299.02499,299.13989,299.0,299.0596,53130
2026-05-13 19:15,298.9501,299.01999,298.91,299.01999,52959
2026-05-13 19:16,298.92499,298.97501,298.91,298.95999,41588
2026-05-13 19:17,298.98001,299.0,298.92999,298.92999,45043
2026-05-13 19:18,298.82999,298.98001,298.82999,298.97501,53119
2026-05-13 19:19,298.85001,298.91501,298.82001,298.83011,72823
2026-05-13 19:20,298.91299,298.97,298.85001,298.85999,47299
2026-05-13 19:21,298.83499,298.97,298.82001,298.92999,60990
2026-05-13 19:22,298.87,298.89001,298.75,298.84,74545
2026-05-13 19:23,299.0,299.09698,298.87,298.87,88025
2026-05-13 19:24,298.73999,299.00989,298.73999,299.005,74234
2026-05-13 19:25,298.67999,298.75,298.64999,298.72501,81359
2026-05-13 19:26,298.625,298.73999,298.61499,298.67999,72188
2026-05-13 19:27,298.82001,298.82501,298.63,298.63,67708
2026-05-13 19:28,298.79999,298.83499,298.75,298.81839,44859
2026-05-13 19:29,299.14999,299.17999,298.79501,298.79501,79712
2026-05-13 19:30,299.0,299.17999,298.98029,299.14999,94970
2026-05-13 19:31,299.04001,299.06,298.88,298.995,98311
2026-05-13 19:32,299.14001,299.25,299.04001,299.04999,107960
2026-05-13 19:33,299.125,299.14999,299.04999,299.14001,71563
2026-05-13 19:34,299.2901,299.31,299.125,299.125,73784
2026-05-13 19:35,299.20999,299.37,299.12,299.29001,78448
2026-05-13 19:36,299.28,299.28,299.07001,299.20499,52050
2026-05-13 19:37,299.315,299.35001,299.26501,299.28,81380
2026-05-13 19:38,299.30499,299.41989,299.26999,299.32001,71729
2026-05-13 19:39,299.32651,299.3602,299.29001,299.31,70048
2026-05-13 19:40,299.35001,299.42001,299.34,299.34,55792
2026-05-13 19:41,299.3801,299.39999,299.31,299.35001,68388
2026-05-13 19:42,299.29999,299.45001,299.26001,299.383,81236
2026-05-13 19:43,299.41,299.42001,299.29001,299.29431,59583
2026-05-13 19:44,299.44,299.44,299.35001,299.39999,61892
2026-05-13 19:45,299.405,299.45001,299.37,299.42999,68658
2026-05-13 19:46,299.3847,299.42499,299.3201,299.41501,62893
2026-05-13 19:47,299.39001,299.44,299.29999,299.38,60292
2026-05-13 19:48,299.41,299.44,299.35999,299.39001,41061
2026-05-13 19:49,299.23001,299.41,299.20001,299.41,74902
2026-05-13 19:50,299.23999,299.26999,298.98999,299.22,174515
2026-05-13 19:51,299.13,299.25,299.07001,299.23001,120421
2026-05-13 19:52,299.20001,299.28,299.13,299.13,99916
2026-05-13 19:53,299.07999,299.23001,299.03,299.20999,132251
2026-05-13 19:54,299.32999,299.35001,299.0,299.07999,173678
2026-05-13 19:55,299.25,299.48001,299.23999,299.34,152142
2026-05-13 19:56,299.25,299.29999,299.17499,299.23999,243541
2026-05-13 19:57,299.29001,299.35001,299.23999,299.25,192777
2026-05-13 19:58,299.20001,299.29999,299.16,299.29001,327401
2026-05-13 19:59,298.88,299.23999,298.85001,299.20001,818925
2026-05-14 13:30,299.76001,300.35001,299.03101,299.82001,1574084
2026-05-14 13:31,298.995,299.95999,298.95001,299.67899,204524
2026-05-14 13:32,298.32001,299.10001,298.23999,298.98999,144174
2026-05-14 13:33,297.57999,298.42001,297.54819,298.30661,214760
2026-05-14 13:34,297.75,297.85999,297.48999,297.56,127931
2026-05-14 13:35,297.54501,297.79001,297.28,297.70999,148649
2026-05-14 13:36,298.06,298.11829,297.53,297.5441,153636
2026-05-14 13:37,297.66422,298.20511,297.66422,298.07501,104323
2026-05-14 13:38,297.42499,297.7666,297.17001,297.70001,137009
2026-05-14 13:39,297.57999,297.69,297.32999,297.42001,85473
2026-05-14 13:40,297.73999,297.73999,297.19501,297.5791,116991
2026-05-14 13:41,297.70999,298.04999,297.69,297.73499,131998
2026-05-14 13:42,297.97,298.03601,297.64001,297.73499,116077
2026-05-14 13:43,297.82501,298.20459,297.82001,297.95499,103880
2026-05-14 13:44,297.63,297.82999,297.44,297.82999,99850
2026-05-14 13:45,298.01001,298.12,297.60001,297.64001,111619
2026-05-14 13:46,298.20001,298.34,297.98999,298.01999,102619
2026-05-14 13:47,298.435,298.45999,298.17001,298.22,107177
2026-05-14 13:48,298.45499,298.64001,298.32999,298.44501,125935
2026-05-14 13:49,298.56,298.60001,298.17001,298.4501,105728
2026-05-14 13:50,298.25,298.62,298.17999,298.57001,84667
2026-05-14 13:51,298.31,298.34869,297.905,298.24319,99092
2026-05-14 13:52,298.06,298.3399,297.92001,298.28,75531
2026-05-14 13:53,298.10001,298.29001,297.73819,298.06,80800
2026-05-14 13:54,298.01001,298.23999,297.98999,298.13,64984
2026-05-14 13:55,297.89499,298.20001,297.78,297.98999,68964
2026-05-14 13:56,298.08011,298.20001,297.72,297.89001,117517
2026-05-14 13:57,298.17999,298.22989,298.04999,298.09,49063
2026-05-14 13:58,297.78,298.185,297.70999,298.17999,65503
2026-05-14 13:59,297.39001,297.91501,297.29999,297.79001,121754
2026-05-14 14:00,297.22,297.3999,297.17499,297.35001,99057
2026-05-14 14:01,297.2355,297.29999,297.07999,297.20999,66720
2026-05-14 14:02,297.25,297.50061,297.17999,297.25,74053
2026-05-14 14:03,297.34,297.40991,297.19,297.25,51800
2026-05-14 14:04,297.2438,297.47,297.1701,297.34,64193
2026-05-14 14:05,297.57001,297.5799,297.20999,297.22,71628
2026-05-14 14:06,297.67499,297.72,297.54001,297.59,100361
2026-05-14 14:07,298.07999,298.10999,297.57999,297.67001,97909
2026-05-14 14:08,297.87,298.10809,297.79999,298.10809,68778
2026-05-14 14:09,297.72501,297.95499,297.6701,297.87,56843
2026-05-14 14:10,298.06989,298.07001,297.66,297.70999,62155
2026-05-14 14:11,297.845,298.091,297.76999,298.06,72188
2026-05-14 14:12,298.08499,298.09,297.84,297.85999,55640
2026-05-14 14:13,298.478,298.5,298.09,298.09,65951
2026-05-14 14:14,298.35001,298.5,298.23999,298.48639,79305
2026-05-14 14:15,298.6499,298.6499,298.32001,298.33499,75630
2026-05-14 14:16,298.63,298.76999,298.54999,298.63019,158046
2026-05-14 14:17,298.56,298.66501,298.45001,298.62,61451
2026-05-14 14:18,298.69971,298.75,298.54999,298.57001,79788
2026-05-14 14:19,298.72,298.77039,298.55499,298.70001,123180
2026-05-14 14:20,298.565,298.75,298.51001,298.72,50458
2026-05-14 14:21,298.44,298.57751,298.31,298.57751,60011
2026-05-14 14:22,298.255,298.44,298.20999,298.44,46343
2026-05-14 14:23,298.22,298.28,298.07001,298.245,49811
2026-05-14 14:24,298.07001,298.23999,298.02011,298.20999,55037
2026-05-14 14:25,298.19501,298.23001,298.0,298.04999,80750
2026-05-14 14:26,298.30099,298.34769,298.17001,298.20001,81826
2026-05-14 14:27,298.23499,298.42001,298.20001,298.29999,66600
2026-05-14 14:28,298.06,298.23499,298.01001,298.23001,87935
2026-05-14 14:29,297.935,298.12,297.9201,298.06,137822
2026-05-14 14:30,297.79501,297.95999,297.69,297.95001,101346
2026-05-14 14:31,298.25,298.28,297.73001,297.755,70630
2026-05-14 14:32,297.84,298.26001,297.82999,298.22009,83454
2026-05-14 14:33,297.85999,297.935,297.72,297.82001,69812
2026-05-14 14:34,297.89001,297.97,297.785,297.84,37453
2026-05-14 14:35,297.89999,297.98001,297.84,297.8938,35297
2026-05-14 14:36,297.87,297.95999,297.82999,297.89999,25506
2026-05-14 14:37,297.63,297.8999,297.62,297.88,70055
2026-05-14 14:38,297.70999,297.73001,297.57999,297.64999,44579
2026-05-14 14:39,297.98999,297.98999,297.70999,297.715,48234
2026-05-14 14:40,297.92499,298.12,297.92499,297.98999,64324
2026-05-14 14:41,297.935,297.98709,297.745,297.87,53878
2026-05-14 14:42,298.0715,298.07999,297.82001,297.92999,65188
2026-05-14 14:43,298.32999,298.35001,298.01999,298.07001,42977
2026-05-14 14:44,298.44,298.44,298.29001,298.33499,62598
2026-05-14 14:45,298.59,298.63,298.38,298.435,81496
2026-05-14 14:46,298.54001,298.655,298.51999,298.57999,53151
2026-05-14 14:47,298.67499,298.70999,298.51999,298.53,58472
2026-05-14 14:48,298.62,298.87991,298.59,298.67001,71645
2026-05-14 14:49,298.34079,298.64001,298.2825,298.62,57742
2026-05-14 14:50,298.60999,298.64999,298.345,298.345,39288
2026-05-14 14:51,298.58499,298.71561,298.44,298.60999,86858
2026-05-14 14:52,298.44501,298.59,298.33499,298.57001,61873
2026-05-14 14:53,298.48001,298.5,298.39001,298.45499,55824
2026-05-14 14:54,298.69199,298.69199,298.35999,298.47,112840
2026-05-14 14:55,298.51001,298.7699,298.41,298.70001,79378
2026-05-14 14:56,298.57001,298.67001,298.5,298.51001,51216
2026-05-14 14:57,298.70999,298.72,298.535,298.565,59941
2026-05-14 14:58,298.67001,298.72,298.59,298.70999,53712
2026-05-14 14:59,298.625,298.70001,298.57999,298.67999,53905
2026-05-14 15:00,298.38,298.73001,297.78,298.63,239160
2026-05-14 15:01,298.60999,298.70001,298.42999,298.44,54538
2026-05-14 15:02,298.4902,298.62,298.375,298.60001,61313
2026-05-14 15:03,298.48999,298.59,298.39001,298.505,40789
2026-05-14 15:04,298.41,298.57501,298.39001,298.48999,42543
2026-05-14 15:05,298.45001,298.48999,298.345,298.39001,41683
2026-05-14 15:06,298.45001,298.57999,298.43011,298.47,79741
2026-05-14 15:07,298.84579,298.85001,298.39999,298.47,66365
2026-05-14 15:08,298.98999,299.10001,298.76999,298.82999,120746
2026-05-14 15:09,298.78,299.06,298.75,299.0,78164
2026-05-14 15:10,298.98999,299.07999,298.76001,298.76001,38641
2026-05-14 15:11,299.01999,299.18439,298.97,298.98999,65258
2026-05-14 15:12,298.99011,299.04999,298.85001,299.01999,63742
2026-05-14 15:13,299.04001,299.13,298.94501,298.995,57037
2026-05-14 15:14,299.01001,299.1098,298.95001,299.06,58628
2026-05-14 15:15,299.37,299.42001,298.98999,299.03,70865
2026-05-14 15:16,299.285,299.42001,299.27499,299.37,52126
2026-05-14 15:17,299.345,299.41,299.20999,299.28989,56627
2026-05-14 15:18,299.32501,299.47,299.32501,299.35001,80472
2026-05-14 15:19,299.07001,299.33011,299.04001,299.32999,55098
2026-05-14 15:20,299.16,299.20001,299.04019,299.07501,58155
2026-05-14 15:21,299.17001,299.28,299.11081,299.16,42609
2026-05-14 15:22,299.19501,299.22101,299.10001,299.17001,36868
2026-05-14 15:23,299.06,299.26001,299.06,299.17999,32099
2026-05-14 15:24,299.12021,299.23001,299.04999,299.04999,48047
2026-05-14 15:25,299.1127,299.25,299.10001,299.14001,61818
2026-05-14 15:26,299.25,299.25,299.09,299.10999,35037
2026-05-14 15:27,299.45999,299.465,299.23999,299.23999,43287
2026-05-14 15:28,299.29999,299.47,299.22,299.45999,38243
2026-05-14 15:29,299.065,299.32001,299.04999,299.28,55947
2026-05-14 15:30,299.17999,299.20999,298.99121,299.07001,70161
2026-05-14 15:31,299.20999,299.27499,299.14999,299.18991,80617
2026-05-14 15:32,299.20999,299.336,299.10001,299.20001,65548
2026-05-14 15:33,299.04001,299.35001,299.04001,299.20999,60240
2026-05-14 15:34,299.04999,299.13019,299.0101,299.04001,33935
2026-05-14 15:35,298.95999,299.10001,298.94,299.07001,41435
2026-05-14 15:36,298.9071,299.04001,298.89001,298.95499,53115
2026-05-14 15:37,298.92999,298.97449,298.84,298.89999,32507
2026-05-14 15:38,298.79001,298.92999,298.75,298.92999,40885
2026-05-14 15:39,299.0351,299.0351,298.76001,298.785,43261
2026-05-14 15:40,299.09,299.16,299.0,299.04999,131693
2026-05-14 15:41,299.32001,299.34,299.07501,299.10001,48008
2026-05-14 15:42,299.19501,299.35999,299.19501,299.31009,108567
2026-05-14 15:43,299.10001,299.26001,299.03,299.20419,82223
2026-05-14 15:44,299.14499,299.19229,299.07001,299.10001,46534
2026-05-14 15:45,299.29999,299.3317,299.14001,299.155,26990
2026-05-14 15:46,299.23999,299.32999,299.22,299.29501,60196
2026-05-14 15:47,299.23001,299.285,299.17001,299.23499,29376
2026-05-14 15:48,299.16,299.23999,299.16,299.23001,26129
2026-05-14 15:49,299.12,299.20999,299.12,299.1731,105782
2026-05-14 15:50,299.07999,299.13989,299.04001,299.10999,34496
2026-05-14 15:51,299.035,299.07999,298.98001,299.061,35083
2026-05-14 15:52,299.10999,299.13501,299.03,299.03,25391
2026-05-14 15:53,298.89999,299.10999,298.85001,299.10999,108107
2026-05-14 15:54,298.78,298.92999,298.76999,298.92001,33277
2026-05-14 15:55,298.78009,298.91,298.76001,298.76999,42465
2026-05-14 15:56,298.845,298.94,298.76999,298.79999,32648
2026-05-14 15:57,298.81,298.89001,298.80499,298.85501,30286
2026-05-14 15:58,298.79999,298.94501,298.78,298.82001,46361
2026-05-14 15:59,299.155,299.155,298.79001,298.79999,36078
2026-05-14 16:00,299.03,299.20001,299.01999,299.155,37793
2026-05-14 16:01,298.76999,299.05991,298.76001,299.03,35246
2026-05-14 16:02,298.91501,298.92001,298.78,298.81,32832
2026-05-14 16:03,298.95001,298.98499,298.89001,298.91251,30791
2026-05-14 16:04,298.92001,299.14001,298.88,298.94,52293
2026-05-14 16:05,298.92001,299.0,298.89001,298.95499,22975
2026-05-14 16:06,298.95999,299.0,298.92999,298.92999,27215
2026-05-14 16:07,299.01999,299.06989,298.95999,298.95999,20801
2026-05-14 16:08,298.95499,299.09,298.92999,299.01999,23537
2026-05-14 16:09,298.8808,298.95499,298.8801,298.95499,29721
2026-05-14 16:10,298.88501,298.91501,298.81,298.88,32033
2026-05-14 16:11,298.90009,298.905,298.84,298.88,25211
2026-05-14 16:12,298.87,298.94,298.87,298.90991,30096
2026-05-14 16:13,298.60999,298.8801,298.60001,298.8801,51890
2026-05-14 16:14,298.64999,298.69,298.59,298.60001,30342
2026-05-14 16:15,298.767,298.76999,298.64999,298.64999,32830
2026-05-14 16:16,298.97,298.9798,298.70001,298.73999,40249
2026-05-14 16:17,298.92001,299.03,298.91,298.98001,27453
2026-05-14 16:18,298.89999,298.95001,298.85999,298.92001,22787
2026-05-14 16:19,298.76001,298.89999,298.76001,298.89001,24391
2026-05-14 16:20,298.79999,298.82999,298.685,298.75,286046
2026-05-14 16:21,298.76999,298.84,298.685,298.79501,331359
2026-05-14 16:22,298.74991,298.80939,298.71011,298.76999,27543
2026-05-14 16:23,298.60501,298.76999,298.59,298.75,29202
2026-05-14 16:24,298.60001,298.67001,298.54999,298.60001,42350
2026-05-14 16:25,298.75,298.76001,298.47,298.61499,85286
2026-05-14 16:26,298.5,298.755,298.5,298.745,52339
2026-05-14 16:27,298.46011,298.54001,298.45999,298.53,30167
2026-05-14 16:28,298.39001,298.47989,298.38,298.47009,30589
2026-05-14 16:29,298.30991,298.42001,298.28,298.39499,43110
2026-05-14 16:30,298.41,298.45001,298.29999,298.31,25349
2026-05-14 16:31,298.41,298.47,298.39001,298.42001,29299
2026-05-14 16:32,298.47,298.51001,298.38,298.4101,35667
2026-05-14 16:33,298.39999,298.51251,298.39999,298.47,61920
2026-05-14 16:34,298.29999,298.39999,298.22,298.39999,35266
2026-05-14 16:35,298.06,298.29999,298.04999,298.29001,36088
2026-05-14 16:36,298.19501,298.19501,298.03009,298.06,64651
2026-05-14 16:37,298.02499,298.20999,298.02499,298.19,42379
2026-05-14 16:38,298.07501,298.13,298.0,298.0,59034
2026-05-14 16:39,298.11499,298.11499,298.01999,298.0701,30448
2026-05-14 16:40,298.3251,298.34,298.13,298.13,37264
2026-05-14 16:41,298.22501,298.35999,298.20999,298.32001,34998
2026-05-14 16:42,298.2399,298.2601,298.19,298.23001,26151
2026-05-14 16:43,298.07999,298.23999,298.04001,298.22501,30062
2026-05-14 16:44,298.13,298.17001,298.01999,298.08209,41067
2026-05-14 16:45,297.29999,298.12,297.0,298.10999,457808
2026-05-14 16:46,296.65271,297.37,295.97,297.26001,445350
2026-05-14 16:47,296.94,296.9899,296.5,296.64001,134611
2026-05-14 16:48,296.95999,297.26999,296.78,296.965,118350
2026-05-14 16:49,296.45499,297.06,296.42999,296.935,106010
2026-05-14 16:50,295.75,296.57999,295.38,296.48001,298414
2026-05-14 16:51,296.64999,296.67001,295.73499,295.78,224442
2026-05-14 16:52,296.98999,297.0799,296.535,296.69971,137788
2026-05-14 16:53,297.26501,297.39999,296.91,297.01001,280132
2026-05-14 16:54,297.76001,297.76001,297.23001,297.26001,69798
2026-05-14 16:55,297.72501,297.87,297.63,297.72,88679
2026-05-14 16:56,297.67999,297.74979,297.48001,297.73001,73377
2026-05-14 16:57,297.57001,297.73999,297.56,297.65009,72403
2026-05-14 16:58,297.48499,297.63,297.45999,297.57999,70888
2026-05-14 16:59,297.60001,297.70001,297.47,297.47,43302
2026-05-14 17:00,297.86499,297.97,297.5701,297.5701,77659
2026-05-14 17:01,297.685,297.88989,297.63,297.87,33701
2026-05-14 17:02,297.51999,297.70999,297.45001,297.68729,75864
2026-05-14 17:03,297.64999,297.72,297.48999,297.51001,54759
2026-05-14 17:04,297.64999,297.73001,297.64001,297.65009,26273
2026-05-14 17:05,297.70001,297.73001,297.57999,297.64001,22810
2026-05-14 17:06,297.845,297.85999,297.56,297.72,40489
2026-05-14 17:07,297.64499,297.85999,297.63,297.82999,28488
2026-05-14 17:08,297.57501,297.66,297.55499,297.64499,31147
2026-05-14 17:09,297.54001,297.67999,297.48001,297.57501,24044
2026-05-14 17:10,297.755,297.755,297.47,297.54001,29244
2026-05-14 17:11,297.87991,297.88,297.72,297.73001,70135
2026-05-14 17:12,297.79999,297.9299,297.76999,297.85999,51149
2026-05-14 17:13,297.94,297.95999,297.78,297.79001,39037
2026-05-14 17:14,297.63,297.98999,297.63,297.95001,84060
2026-05-14 17:15,297.57999,297.67499,297.48999,297.60999,31241
2026-05-14 17:16,297.38501,297.60999,297.35999,297.59509,38074
2026-05-14 17:17,297.79999,297.85999,297.38,297.39001,58897
2026-05-14 17:18,297.76001,297.845,297.61011,297.79001,41230
2026-05-14 17:19,297.66,297.75,297.60001,297.75,27137
2026-05-14 17:20,297.63,297.66,297.53009,297.64499,27620
2026-05-14 17:21,297.70999,297.73001,297.56,297.62,36296
2026-05-14 17:22,297.84,297.87991,297.67499,297.715,30620
2026-05-14 17:23,297.89499,297.95999,297.84,297.85001,34653
2026-05-14 17:24,297.89001,297.94,297.82001,297.87009,31411
2026-05-14 17:25,298.04001,298.04999,297.82999,297.89999,43869
2026-05-14 17:26,297.92999,298.14001,297.92999,298.04999,40340
2026-05-14 17:27,298.0,298.0,297.89001,297.92999,44442
2026-05-14 17:28,298.19,298.20001,297.98001,298.0,41117
2026-05-14 17:29,298.38,298.41,298.14001,298.18039,63005
2026-05-14 17:30,298.44501,298.51001,298.32001,298.409,61632
2026-05-14 17:31,298.42001,298.5,298.39001,298.45001,40344
2026-05-14 17:32,298.48001,298.51999,298.39999,298.418,42974
2026-05-14 17:33,298.54999,298.62991,298.44,298.47531,47243
2026-05-14 17:34,298.48001,298.56,298.44,298.55029,30785
2026-05-14 17:35,298.39999,298.51999,298.35001,298.48001,65145
2026-05-14 17:36,298.0,298.45001,297.92001,298.38501,84299
2026-05-14 17:37,298.1178,298.17001,297.98001,298.0,41233
2026-05-14 17:38,298.19,298.23999,298.01999,298.10501,24683
2026-05-14 17:39,298.17999,298.26001,298.14999,298.185,29919
2026-05-14 17:40,298.215,298.245,298.08499,298.16,32174
2026-05-14 17:41,298.05029,298.25,298.05029,298.20999,22576
2026-05-14 17:42,298.03,298.16,298.0,298.07501,56515
2026-05-14 17:43,298.11499,298.20999,298.0101,298.01999,43586
2026-05-14 17:44,298.20999,298.21991,298.06,298.1171,21527
2026-05-14 17:45,298.25,298.34,298.16501,298.2001,34757
2026-05-14 17:46,298.34,298.35999,298.23999,298.23999,46662
2026-05-14 17:47,298.20511,298.32999,298.15359,298.32001,35638
2026-05-14 17:48,298.2309,298.25,298.10001,298.20001,25463
2026-05-14 17:49,298.17001,298.25,298.1506,298.23999,26536
2026-05-14 17:50,298.20999,298.22,298.14001,298.17001,23797
2026-05-14 17:51,298.20999,298.24701,298.14001,298.22,23581
2026-05-14 17:52,298.20999,298.29971,298.20001,298.215,34921
2026-05-14 17:53,298.23999,298.26001,298.13,298.20999,25068
2026-05-14 17:54,298.23001,298.26511,298.20001,298.245,27896
2026-05-14 17:55,298.245,298.32999,298.10999,298.23001,42081
2026-05-14 17:56,298.37,298.37,298.23999,298.245,29114
2026-05-14 17:57,298.47,298.5,298.345,298.38501,222923
2026-05-14 17:58,298.32001,298.51001,298.32001,298.47,64064
2026-05-14 17:59,298.19,298.35001,298.17999,298.32001,22988
2026-05-14 18:00,297.98141,298.185,297.905,298.17999,42761
2026-05-14 18:01,297.73999,298.01001,297.72501,297.98999,37632
2026-05-14 18:02,297.97,298.03,297.73001,297.73001,39547
2026-05-14 18:03,297.64999,298.0,297.54999,298.0,60367
2026-05-14 18:04,297.73001,297.79501,297.63,297.64001,42136
2026-05-14 18:05,297.79001,297.8786,297.72501,297.73999,30965
2026-05-14 18:06,297.97,297.97501,297.76999,297.76999,25749
2026-05-14 18:07,297.95001,297.97699,297.89499,297.95001,35497
2026-05-14 18:08,298.07999,298.07999,297.92999,297.95001,24100
2026-05-14 18:09,298.12,298.14999,298.03,298.08551,31770
2026-05-14 18:10,298.155,298.155,298.06,298.12,32169
2026-05-14 18:11,298.245,298.28,298.133,298.133,29290
2026-05-14 18:12,298.23001,298.33929,298.19,298.26001,30665
2026-05-14 18:13,298.19501,298.2399,298.16,298.22501,35595
2026-05-14 18:14,298.34,298.35501,298.19,298.19,31257
2026-05-14 18:15,298.45499,298.48999,298.35001,298.35001,47122
2026-05-14 18:16,298.35001,298.47,298.34,298.45999,27140
2026-05-14 18:17,298.25,298.38501,298.23499,298.35001,30373
2026-05-14 18:18,298.34,298.345,298.25009,298.26511,23046
2026-05-14 18:19,298.42999,298.44971,298.35001,298.35001,27113
2026-05-14 18:20,298.42001,298.45999,298.37,298.45999,27982
2026-05-14 18:21,298.41,298.45999,298.38,298.42999,25173
2026-05-14 18:22,298.45001,298.48001,298.38,298.40009,27298
2026-05-14 18:23,298.39999,298.45999,298.3801,298.45999,21450
2026-05-14 18:24,298.37021,298.45999,298.35001,298.39499,60692
2026-05-14 18:25,298.37,298.42749,298.32001,298.39999,42130
2026-05-14 18:26,298.29999,298.39999,298.27249,298.35001,27788
2026-05-14 18:27,298.32999,298.38,298.26001,298.29501,33634
2026-05-14 18:28,298.41501,298.42999,298.34,298.34,24876
2026-05-14 18:29,298.37,298.44,298.32001,298.42001,17830
2026-05-14 18:30,298.45999,298.48001,298.34,298.36499,34783
2026-05-14 18:31,298.44989,298.51721,298.39999,298.465,304074
2026-05-14 18:32,298.50009,298.56,298.45001,298.45001,30177
2026-05-14 18:33,298.48999,298.50009,298.38,298.50009,32501
2026-05-14 18:34,298.42001,298.48001,298.39999,298.48001,17520
2026-05-14 18:35,298.405,298.44,298.37021,298.41501,25818
2026-05-14 18:36,298.37,298.45001,298.34,298.40302,26627
2026-05-14 18:37,298.28,298.38,298.25,298.34,36496
2026-05-14 18:38,298.35001,298.35001,298.26999,298.26999,323049
2026-05-14 18:39,298.26001,298.35999,298.22299,298.35001,31927
2026-05-14 18:40,298.29001,298.39999,298.25,298.26001,37399
2026-05-14 18:41,298.29001,298.32999,298.26001,298.26001,20765
2026-05-14 18:42,298.4039,298.44,298.28851,298.28851,20666
2026-05-14 18:43,298.47989,298.5,298.39001,298.405,25068
2026-05-14 18:44,298.26941,298.47,298.25,298.45499,28664
2026-05-14 18:45,298.32001,298.32999,298.23999,298.26001,102391
2026-05-14 18:46,298.29501,298.35001,298.28,298.3125,27594
2026-05-14 18:47,298.33499,298.39999,298.29001,298.29999,46411
2026-05-14 18:48,298.39001,298.44,298.34,298.34,54548
2026-05-14 18:49,298.42499,298.44,298.35999,298.38501,25923
2026-05-14 18:50,298.3501,298.44,298.31,298.42999,39282
2026-05-14 18:51,298.42001,298.4696,298.32001,298.37,39635
2026-05-14 18:52,298.51959,298.54001,298.42999,298.42999,63345
2026-05-14 18:53,298.60999,298.62,298.47,298.51251,45305
2026-05-14 18:54,298.70959,298.73999,298.60001,298.60001,46158
2026-05-14 18:55,298.70999,298.76001,298.63,298.70001,42107
2026-05-14 18:56,298.61499,298.78,298.61499,298.73001,43281
2026-05-14 18:57,298.57999,298.63501,298.57001,298.60999,33030
2026-05-14 18:58,298.685,298.70001,298.55011,298.57999,40056
2026-05-14 18:59,298.59,298.76999,298.5881,298.67999,43115
2026-05-14 19:00,298.57001,298.60999,298.5,298.60001,36314
2026-05-14 19:01,298.63,298.69,298.51999,298.56,33040
2026-05-14 19:02,298.755,298.77499,298.66,298.66,36274
2026-05-14 19:03,298.79001,298.84,298.75641,298.76001,41486
2026-05-14 19:04,298.84991,298.85001,298.79001,298.79999,34861
2026-05-14 19:05,298.8757,298.95001,298.82001,298.82999,37892
2026-05-14 19:06,298.79999,298.91,298.79001,298.89001,35444
2026-05-14 19:07,298.77991,298.92001,298.75,298.79999,41731
2026-05-14 19:08,298.76001,298.78,298.69,298.78,29119
2026-05-14 19:09,298.89999,298.935,298.73999,298.75,42501
2026-05-14 19:10,298.92999,298.95001,298.84,298.91,56662
2026-05-14 19:11,298.92999,298.94501,298.87,298.9201,31209
2026-05-14 19:12,298.85001,298.95001,298.84,298.92999,34193
2026-05-14 19:13,298.82001,298.87,298.79999,298.85999,30810
2026-05-14 19:14,298.85501,298.85501,298.79001,298.81,25222
2026-05-14 19:15,298.89001,298.92999,298.815,298.85501,44947
2026-05-14 19:16,298.85999,298.905,298.85001,298.89499,24927
2026-05-14 19:17,298.97919,298.98001,298.85999,298.85999,41513
2026-05-14 19:18,298.97,299.01999,298.89001,298.97501,96251
2026-05-14 19:19,298.935,299.04999,298.905,298.98001,49523
2026-05-14 19:20,299.04999,299.04999,298.91501,298.935,45802
2026-05-14 19:21,299.01001,299.04001,298.92999,299.04001,24066
2026-05-14 19:22,299.05011,299.082,298.98001,299.01999,36266
2026-05-14 19:23,298.995,299.05499,298.98001,299.04999,20731
2026-05-14 19:24,299.03,299.03,298.97,298.98999,34736
2026-05-14 19:25,299.12,299.12,298.97,299.01999,86226
2026-05-14 19:26,299.12,299.151,299.09,299.12,37928
2026-05-14 19:27,299.08499,299.19,299.07001,299.12,55388
2026-05-14 19:28,299.07001,299.17999,299.0401,299.08499,47109
2026-05-14 19:29,299.07501,299.20001,299.04001,299.04001,50828
2026-05-14 19:30,298.97009,299.07999,298.92499,299.07999,39156
2026-05-14 19:31,298.91019,299.0,298.89001,298.97,41117
2026-05-14 19:32,298.8175,298.92001,298.78,298.91,55428
2026-05-14 19:33,298.79001,298.84,298.76099,298.84,34854
2026-05-14 19:34,298.72,298.8075,298.66,298.7955,55312
2026-05-14 19:35,298.70999,298.75,298.69,298.72,47817
2026-05-14 19:36,298.84,298.84,298.70999,298.70999,60612
2026-05-14 19:37,298.76999,298.84,298.70001,298.84,44163
2026-05-14 19:38,298.785,298.87,298.76999,298.78,40862
2026-05-14 19:39,298.82999,298.89999,298.78,298.78,46613
2026-05-14 19:40,298.82001,298.89001,298.82001,298.84,69246
2026-05-14 19:41,298.72,298.82999,298.66,298.82501,59559
2026-05-14 19:42,298.70999,298.85001,298.69,298.73001,58499
2026-05-14 19:43,298.73999,298.745,298.67999,298.70999,44102
2026-05-14 19:44,298.67999,298.73001,298.67001,298.73001,64134
2026-05-14 19:45,298.60999,298.69,298.54999,298.69,56425
2026-05-14 19:46,298.59,298.69501,298.59,298.62,57943
2026-05-14 19:47,298.595,298.60001,298.505,298.60001,47893
2026-05-14 19:48,298.45001,298.64001,298.43799,298.60001,61869
2026-05-14 19:49,298.3255,298.47501,298.26999,298.45001,54915
2026-05-14 19:50,298.10001,298.46991,298.06,298.32999,205449
2026-05-14 19:51,298.03,298.14001,298.01001,298.095,92802
2026-05-14 19:52,298.10999,298.14999,298.04001,298.04001,99708
2026-05-14 19:53,298.14999,298.14999,298.07001,298.10999,101503
2026-05-14 19:54,298.26199,298.32001,298.04999,298.14999,121299
2026-05-14 19:55,298.03,298.26999,298.03,298.26999,133339
2026-05-14 19:56,298.03,298.03,297.88,298.02499,177028
2026-05-14 19:57,298.04019,298.10001,298.02499,298.0365,158371
2026-05-14 19:58,298.07001,298.10001,298.005,298.04501,237627
2026-05-14 19:59,298.16501,298.26999,298.01001,298.05499,731061
2026-05-15 13:30,296.98999,298.17999,296.89001,297.755,4767239
2026-05-15 13:31,298.17999,298.26501,296.53,296.97,284075
2026-05-15 13:32,298.17001,298.54001,298.0,298.23999,185193
2026-05-15 13:33,297.54999,298.20001,297.35001,298.20001,105651
2026-05-15 13:34,297.42001,297.59,297.1908,297.56,164587
2026-05-15 13:35,297.26501,297.59,297.22,297.37,164154
2026-05-15 13:36,298.12,298.14001,297.04999,297.255,134894
2026-05-15 13:37,297.17999,298.23999,297.14441,298.13,111554
2026-05-15 13:38,296.91501,297.20731,296.85999,297.16501,157779
2026-05-15 13:39,297.44,297.85999,296.87,296.94,122050
2026-05-15 13:40,297.45001,297.54999,297.14999,297.45001,66628
2026-05-15 13:41,297.875,297.94,297.39999,297.47,119013
2026-05-15 13:42,297.52499,297.905,297.47,297.905,51128
2026-05-15 13:43,297.345,297.57501,297.14999,297.52499,53012
2026-05-15 13:44,297.20001,297.52499,297.04001,297.34,64940
2026-05-15 13:45,296.89001,297.29999,296.73001,297.17999,110384
2026-05-15 13:46,297.035,297.20001,296.79001,296.85559,93934
2026-05-15 13:47,296.89001,297.42999,296.75,297.07001,115716
2026-05-15 13:48,297.07999,297.20001,296.66101,296.88,105145
2026-05-15 13:49,296.88,297.10501,296.82501,297.07999,67928
2026-05-15 13:50,297.39999,297.47,296.845,296.87759,120766
2026-05-15 13:51,297.57001,297.70001,297.31,297.42999,84484
2026-05-15 13:52,298.01001,298.03699,297.54999,297.59,137815
2026-05-15 13:53,298.155,298.155,297.82001,298.04999,80864
2026-05-15 13:54,298.51999,298.59,298.15051,298.16791,143910
2026-05-15 13:55,298.655,298.67999,298.39499,298.52499,94339
2026-05-15 13:56,298.22,298.67999,298.17999,298.67999,99773
2026-05-15 13:57,298.04929,298.22501,298.03,298.20001,80078
2026-05-15 13:58,297.82999,298.10001,297.78,298.04001,84482
2026-05-15 13:59,298.07501,298.17999,297.82999,297.85001,99081
2026-05-15 14:00,298.26999,298.51999,298.04999,298.10001,107642
2026-05-15 14:01,297.98999,298.39011,297.90009,298.26501,76269
2026-05-15 14:02,298.065,298.12,297.85999,297.98999,48160
2026-05-15 14:03,297.97,298.10999,297.84,298.06009,46456
2026-05-15 14:04,297.73999,298.02499,297.70001,297.92999,101635
2026-05-15 14:05,297.91,297.9101,297.61169,297.70001,61713
2026-05-15 14:06,297.70999,298.09009,297.70999,297.88,79558
2026-05-15 14:07,297.63501,297.73999,297.535,297.72,34393
2026-05-15 14:08,297.82001,297.84,297.56,297.64999,55538
2026-05-15 14:09,297.69,297.91,297.625,297.85999,49362
2026-05-15 14:10,298.63,298.70001,297.70499,297.70499,108212
2026-05-15 14:11,298.51999,298.6969,298.39001,298.69,91846
2026-05-15 14:12,298.78,298.8299,298.45499,298.54001,96180
2026-05-15 14:13,298.95001,298.98999,298.76999,298.80991,96036
2026-05-15 14:14,299.06,299.10001,298.86011,298.95999,119522
2026-05-15 14:15,299.13831,299.20999,298.92001,299.0751,84680
2026-05-15 14:16,299.28799,299.33701,299.07999,299.17001,92569
2026-05-15 14:17,299.39001,299.39999,299.22,299.26999,88130
2026-05-15 14:18,299.38501,299.487,299.22,299.39999,64843
2026-05-15 14:19,299.51001,299.54001,299.33011,299.38,117929
2026-05-15 14:20,299.60001,299.64001,299.39001,299.5,89090
2026-05-15 14:21,299.57999,299.70999,299.51999,299.595,105068
2026-05-15 14:22,299.63751,299.85001,299.45999,299.59,93271
2026-05-15 14:23,299.60001,299.69,299.38,299.63,85322
2026-05-15 14:24,299.53,299.70001,299.48999,299.57999,64397
2026-05-15 14:25,299.315,299.54001,299.23001,299.5,54974
2026-05-15 14:26,299.255,299.35999,299.17001,299.32999,75811
2026-05-15 14:27,299.065,299.28,299.06,299.255,75521
2026-05-15 14:28,299.16,299.22,299.02499,299.10001,69234
2026-05-15 14:29,299.29001,299.29999,299.0,299.16,47690
2026-05-15 14:30,299.66,299.67001,299.23999,299.26999,67269
2026-05-15 14:31,299.73001,299.82001,299.56,299.64001,76997
2026-05-15 14:32,299.58499,299.79279,299.51001,299.77841,43485
2026-05-15 14:33,299.73999,299.92999,299.58499,299.58499,86943
2026-05-15 14:34,299.85999,299.88,299.70499,299.737,38212
2026-05-15 14:35,299.85999,299.92999,299.75,299.85999,59212
2026-05-15 14:36,299.91,299.95001,299.77811,299.85001,67038
2026-05-15 14:37,299.92999,299.98001,299.87,299.91501,61585
2026-05-15 14:38,300.18939,300.29999,299.92499,299.94,347515
2026-05-15 14:39,300.31,300.41,300.125,300.16,120192
2026-05-15 14:40,300.57001,300.59,300.31949,300.32999,146959
2026-05-15 14:41,300.70001,300.70999,300.45999,300.57999,106463
2026-05-15 14:42,300.85999,300.88,300.60001,300.64999,144891
2026-05-15 14:43,300.88,300.98001,300.70999,300.88,156802
2026-05-15 14:44,300.80499,300.92001,300.70001,300.87,110576
2026-05-15 14:45,300.76001,300.88,300.66,300.81,111722
2026-05-15 14:46,300.48001,300.82999,300.47,300.755,119714
2026-05-15 14:47,300.55701,300.7999,300.38,300.48001,160009
2026-05-15 14:48,300.396,300.52991,300.14999,300.474,98078
2026-05-15 14:49,300.56131,300.59,300.3501,300.39001,76654
2026-05-15 14:50,300.35999,300.59,300.15021,300.54001,77958
2026-05-15 14:51,300.495,300.56,300.20001,300.35999,81572
2026-05-15 14:52,300.59,300.66901,300.29999,300.47,153250
2026-05-15 14:53,300.42001,300.69989,300.42001,300.59,68946
2026-05-15 14:54,300.97,300.98001,300.42001,300.42001,81534
2026-05-15 14:55,300.92001,301.14999,300.79999,300.98001,219781
2026-05-15 14:56,301.035,301.10999,300.81,300.9198,103387
2026-05-15 14:57,300.70001,301.14999,300.60999,301.065,209233
2026-05-15 14:58,300.95001,300.97,300.66,300.71011,92426
2026-05-15 14:59,300.92499,301.25,300.91,300.95001,198338
2026-05-15 15:00,301.16501,301.28,300.94,300.94,130326
2026-05-15 15:01,301.315,301.32999,301.07001,301.22,110691
2026-05-15 15:02,301.33499,301.48001,301.28,301.315,193101
2026-05-15 15:03,301.28,301.32999,300.97,301.32999,84939
2026-05-15 15:04,301.5,301.67999,301.29001,301.29001,223199
2026-05-15 15:05,301.42999,301.54999,301.36011,301.54999,85597
2026-05-15 15:06,301.23499,301.5,301.1601,301.42999,118242
2026-05-15 15:07,301.13,301.35501,301.0,301.22501,86368
2026-05-15 15:08,301.41501,301.48001,301.14499,301.14499,108826
2026-05-15 15:09,301.60999,301.73001,301.32001,301.41501,117317
2026-05-15 15:10,301.69,301.72,301.58011,301.63,1596047
2026-05-15 15:11,301.95999,301.97,301.63,301.72,129941
2026-05-15 15:12,302.19,302.20001,301.8501,301.95999,239866
2026-05-15 15:13,302.17999,302.29999,302.09,302.20999,180122
2026-05-15 15:14,301.94501,302.23999,301.70999,302.17001,153817
2026-05-15 15:15,301.92499,302.09531,301.76001,301.95999,72032
2026-05-15 15:16,302.42001,302.44989,301.92001,301.92999,186140
2026-05-15 15:17,302.565,302.57999,302.39001,302.44,210894
2026-05-15 15:18,302.37,302.58939,302.31009,302.57999,132249
2026-05-15 15:19,302.33441,302.44,302.26001,302.35001,73861
2026-05-15 15:20,302.54999,302.54999,302.31009,302.34,90300
2026-05-15 15:21,302.54501,302.79001,302.54001,302.56,126002
2026-05-15 15:22,302.29001,302.616,302.20001,302.54501,103892
2026-05-15 15:23,302.22009,302.29999,301.97,302.28,59125
2026-05-15 15:24,302.375,302.39001,302.14999,302.22,62315
2026-05-15 15:25,302.03,302.42999,301.89001,302.39001,86584
2026-05-15 15:26,302.20001,302.25,302.01999,302.04001,52630
2026-05-15 15:27,302.32501,302.5,302.20499,302.20499,93571
2026-05-15 15:28,302.255,302.41,302.20999,302.35989,67351
2026-05-15 15:29,301.96951,302.35501,301.94,302.23999,64591
2026-05-15 15:30,302.51019,302.54001,301.98999,301.98999,107875
2026-05-15 15:31,302.505,302.60001,302.42999,302.51001,137915
2026-05-15 15:32,302.29501,302.56,302.29501,302.48999,92653
2026-05-15 15:33,302.14001,302.35001,302.11069,302.29999,774477
2026-05-15 15:34,302.04999,302.32999,302.04001,302.09,38222
2026-05-15 15:35,302.20001,302.20999,302.03,302.04001,60858
2026-05-15 15:36,302.10999,302.31989,302.10999,302.20001,42175
2026-05-15 15:37,302.35001,302.35001,302.1488,302.1488,47028
2026-05-15 15:38,302.05499,302.35001,301.90051,302.32501,61859
2026-05-15 15:39,302.0751,302.38,302.04001,302.0513,83768
2026-05-15 15:40,302.25,302.26001,302.01001,302.04999,45960
2026-05-15 15:41,302.29501,302.29501,302.15009,302.25699,62039
2026-05-15 15:42,301.81,302.30801,301.76419,302.29999,96374
2026-05-15 15:43,301.72,301.84,301.62839,301.84,84289
2026-05-15 15:44,301.42499,301.73831,301.35999,301.72,67717
2026-05-15 15:45,301.38,301.5,301.32001,301.44,37623
2026-05-15 15:46,301.5,301.60001,301.35999,301.39511,388140
2026-05-15 15:47,301.2825,301.53,301.272,301.51501,455870
2026-05-15 15:48,301.22,301.35999,301.19699,301.28,44739
2026-05-15 15:49,301.23001,301.29001,301.1601,301.20499,43213
2026-05-15 15:50,301.04999,301.26001,300.89001,301.25,67543
2026-05-15 15:51,300.86499,301.04999,300.8371,301.04999,64574
2026-05-15 15:52,301.17001,301.21021,300.85831,300.85999,66927
2026-05-15 15:53,301.08499,301.20999,301.03,301.19,52627
2026-05-15 15:54,300.96011,301.26999,300.95999,301.08499,56945
2026-05-15 15:55,300.875,300.98499,300.72,300.98499,56775
2026-05-15 15:56,300.82001,300.85999,300.64001,300.85999,68388
2026-05-15 15:57,300.79999,300.88501,300.70999,300.815,33971
2026-05-15 15:58,300.88,300.89001,300.79999,300.82999,32715
2026-05-15 15:59,301.02499,301.09991,300.88,300.88,46373
2026-05-15 16:00,301.185,301.23001,301.0,301.10001,47140
2026-05-15 16:01,301.19501,301.22,301.07001,301.20001,37296
2026-05-15 16:02,301.44,301.45001,301.19,301.20999,48414
2026-05-15 16:03,301.22501,301.48001,301.20999,301.44,41922
2026-05-15 16:04,301.12,301.23001,301.03009,301.22949,40817
2026-05-15 16:05,301.10999,301.13,300.9003,301.13,36612
2026-05-15 16:06,300.91501,301.19,300.871,301.10501,78935
2026-05-15 16:07,301.04001,301.08499,300.92001,300.92999,45384
2026-05-15 16:08,301.09009,301.27499,301.02011,301.04001,44250
2026-05-15 16:09,301.14999,301.155,301.04001,301.09,31378
2026-05-15 16:10,300.91,301.19,300.91,301.19,71976
2026-05-15 16:11,301.09,301.11011,300.91,300.91,26093
2026-05-15 16:12,301.14001,301.16,301.01999,301.10001,23602
2026-05-15 16:13,301.17999,301.23999,301.14999,301.16,32571
2026-05-15 16:14,301.17999,301.32001,301.17999,301.20499,43875
2026-05-15 16:15,300.85001,301.19,300.85001,301.19,32372
2026-05-15 16:16,300.87,300.92001,300.82501,300.85001,31217
2026-05-15 16:17,300.85501,300.88,300.75,300.88,43555
2026-05-15 16:18,300.95001,300.97501,300.84,300.87,33017
2026-05-15 16:19,301.12,301.19,300.9581,300.9581,35743
2026-05-15 16:20,301.22989,301.22989,301.09,301.10999,27357
2026-05-15 16:21,301.34979,301.3765,301.17999,301.23001,38700
2026-05-15 16:22,301.44,301.45001,301.32001,301.32999,61693
2026-05-15 16:23,301.64999,301.67999,301.39001,301.42999,68990
2026-05-15 16:24,301.72,301.82001,301.64999,301.67981,131123
2026-05-15 16:25,301.7775,301.81,301.59271,301.70999,59957
2026-05-15 16:26,301.52499,301.79001,301.5011,301.79001,244052
2026-05-15 16:27,301.73001,301.745,301.48001,301.53,62634
2026-05-15 16:28,301.78,301.94,301.7149,301.73999,61080
2026-05-15 16:29,301.81,301.82001,301.51999,301.78,47608
2026-05-15 16:30,301.6575,301.79001,301.48499,301.79001,49559
2026-05-15 16:31,301.81009,301.83499,301.60999,301.655,30817
2026-05-15 16:32,302.04501,302.04999,301.83499,301.83499,103957
2026-05-15 16:33,302.07001,302.19,301.98001,302.04251,70263
2026-05-15 16:34,302.01999,302.13,302.01001,302.04001,50381
2026-05-15 16:35,301.73001,302.07001,301.72,302.04501,30613
2026-05-15 16:36,301.82999,301.905,301.70999,301.72501,44292
2026-05-15 16:37,301.81,301.85999,301.76999,301.83499,30368
2026-05-15 16:38,301.73001,301.84,301.71011,301.79001,24324
2026-05-15 16:39,301.77499,301.82999,301.69,301.70999,62031
2026-05-15 16:40,301.82999,301.88,301.78,301.78,37537
2026-05-15 16:41,301.64249,301.87,301.60001,301.82999,41396
2026-05-15 16:42,301.67499,301.76999,301.56,301.63,55047
2026-05-15 16:43,301.8399,301.84,301.65009,301.70001,29501
2026-05-15 16:44,301.91,301.91,301.82001,301.83499,37796
2026-05-15 16:45,302.10001,302.10001,301.82001,301.91501,54152
2026-05-15 16:46,302.10501,302.19,302.07001,302.10501,48571
2026-05-15 16:47,302.23001,302.30499,302.10001,302.10501,85110
2026-05-15 16:48,302.155,302.26999,302.14001,302.23499,31061
2026-05-15 16:49,302.17999,302.23001,302.13,302.155,27601
2026-05-15 16:50,302.215,302.26001,302.12,302.215,35115
2026-05-15 16:51,302.034,302.42001,302.01999,302.23999,112550
2026-05-15 16:52,301.905,302.10999,301.89001,302.035,61305
2026-05-15 16:53,302.06,302.16,301.84,301.905,86914
2026-05-15 16:54,301.79001,302.12,301.77499,302.04001,62753
2026-05-15 16:55,301.815,301.97,301.78,301.79001,40262
2026-05-15 16:56,301.98999,302.03989,301.79001,301.815,36262
2026-05-15 16:57,302.57999,302.60999,302.01999,302.01999,217118
2026-05-15 16:58,301.89011,302.60999,301.89011,302.57501,142279
2026-05-15 16:59,302.0,302.03,301.84201,301.89001,191037
2026-05-15 17:00,301.85999,302.0,301.75,302.0,267995
2026-05-15 17:01,302.08011,302.09,301.79999,301.85999,34429
2026-05-15 17:02,302.20001,302.20001,301.95001,302.07999,45751
2026-05-15 17:03,302.19919,302.22,302.10999,302.20001,32858
2026-05-15 17:04,302.29001,302.30499,302.17999,302.19501,30795
2026-05-15 17:05,302.375,302.39999,302.14999,302.29501,49835
2026-05-15 17:06,302.35999,302.42001,302.29001,302.375,41888
2026-05-15 17:07,302.315,302.39999,302.28,302.35501,28359
2026-05-15 17:08,302.47,302.47,302.31,302.315,30636
2026-05-15 17:09,302.42001,302.53,302.39499,302.45499,43591
2026-05-15 17:10,302.505,302.57999,302.34,302.42999,33930
2026-05-15 17:11,302.58499,302.72,302.42001,302.51001,70457
2026-05-15 17:12,302.63501,302.67001,302.55011,302.60999,39853
2026-05-15 17:13,302.63501,302.67999,302.57001,302.64001,40153
2026-05-15 17:14,302.66,302.67999,302.59009,302.64001,25350
2026-05-15 17:15,302.5,302.65509,302.47,302.655,29143
2026-05-15 17:16,302.48999,302.56979,302.41,302.5,29166
2026-05-15 17:17,302.49091,302.54001,302.39999,302.48001,45572
2026-05-15 17:18,302.57001,302.60999,302.5,302.5,37108
2026-05-15 17:19,302.48691,302.57999,302.47,302.57001,25268
2026-05-15 17:20,302.54001,302.54001,302.35999,302.5,41462
2026-05-15 17:21,302.60999,302.64001,302.54001,302.56,29238
2026-05-15 17:22,302.63,302.78,302.41501,302.60999,115117
2026-05-15 17:23,302.84,303.0,302.5802,302.63,217573
2026-05-15 17:24,302.89999,302.95001,302.6701,302.81,89669
2026-05-15 17:25,302.91501,302.97,302.84,302.91,46727
2026-05-15 17:26,303.021,303.17001,302.88,302.92249,461179
2026-05-15 17:27,303.10989,303.20001,302.89999,303.00009,83812
2026-05-15 17:28,303.01999,303.14001,302.9201,303.10001,49836
2026-05-15 17:29,303.12,303.17001,303.0,303.03,60243
2026-05-15 17:30,302.97,303.14001,302.85599,303.10001,55552
2026-05-15 17:31,303.01001,303.03,302.9126,302.98001,34148
2026-05-15 17:32,302.84,303.13,302.82999,303.01001,62681
2026-05-15 17:33,302.82999,302.92001,302.73999,302.84,40490
2026-05-15 17:34,302.79001,302.89001,302.79001,302.84,35093
2026-05-15 17:35,302.82999,302.84,302.67999,302.81,71459
2026-05-15 17:36,302.82999,302.87,302.76999,302.87,33593
2026-05-15 17:37,302.63,302.8399,302.59,302.8201,36727
2026-05-15 17:38,302.66,302.66,302.56,302.64001,38290
2026-05-15 17:39,302.625,302.73499,302.58499,302.64999,194298
2026-05-15 17:40,302.57999,302.64001,302.51999,302.62,54222
2026-05-15 17:41,302.45999,302.57999,302.41,302.56,57190
2026-05-15 17:42,302.45499,302.48999,302.39999,302.44,40961
2026-05-15 17:43,302.55499,302.60001,302.44501,302.45001,31774
2026-05-15 17:44,302.45001,302.57999,302.42001,302.54999,40735
2026-05-15 17:45,302.505,302.54001,302.45001,302.47,23385
2026-05-15 17:46,302.34,302.51999,302.34,302.51001,36893
2026-05-15 17:47,302.38501,302.41,302.34009,302.35999,35066
2026-05-15 17:48,302.39999,302.42999,302.29001,302.37,68480
2026-05-15 17:49,302.39001,302.42001,302.36499,302.39499,41691
2026-05-15 17:50,302.38,302.435,302.35001,302.38,315709
2026-05-15 17:51,302.45999,302.46069,302.32199,302.3999,126171
2026-05-15 17:52,302.43991,302.5,302.39001,302.47,38657
2026-05-15 17:53,302.505,302.57001,302.42001,302.44,33213
2026-05-15 17:54,302.5,302.54501,302.5,302.505,22834
2026-05-15 17:55,302.42001,302.505,302.39999,302.505,32456
2026-05-15 17:56,302.35501,302.42001,302.34,302.42001,40973
2026-05-15 17:57,302.155,302.39999,302.10999,302.35501,103793
2026-05-15 17:58,302.26059,302.29501,302.12,302.17001,24430
2026-05-15 17:59,302.23001,302.26001,302.14999,302.26001,32700
2026-05-15 18:00,302.34009,302.35999,302.23499,302.23999,41412
2026-05-15 18:01,302.36499,302.41,302.29999,302.35001,66731
2026-05-15 18:02,302.37399,302.47,302.34009,302.35501,48005
2026-05-15 18:03,302.20001,302.405,302.19,302.37399,30938
2026-05-15 18:04,302.1601,302.215,302.14001,302.19,33113
2026-05-15 18:05,302.16,302.25,302.12,302.17001,49647
2026-05-15 18:06,302.01501,302.16,301.95999,302.16,64766
2026-05-15 18:07,302.01001,302.09991,301.89999,302.03,943771
2026-05-15 18:08,302.07001,302.10001,301.98999,302.01001,55744
2026-05-15 18:09,302.03,302.14999,302.01001,302.06,52278
2026-05-15 18:10,302.07001,302.07999,302.0,302.03,32852
2026-05-15 18:11,301.98999,302.10001,301.98001,302.04999,47694
2026-05-15 18:12,301.92999,302.01501,301.84,301.9812,61248
2026-05-15 18:13,301.98999,302.04999,301.92999,301.935,44242
2026-05-15 18:14,301.89999,302.04001,301.87,301.98499,43061
2026-05-15 18:15,301.64499,301.91,301.6308,301.89999,111479
2026-05-15 18:16,301.54999,301.70999,301.54001,301.66,43328
2026-05-15 18:17,301.51501,301.57999,301.44,301.57999,67966
2026-05-15 18:18,301.29501,301.57001,301.20999,301.53,64304
2026-05-15 18:19,301.20001,301.29999,301.14001,301.29999,36389
2026-05-15 18:20,301.31,301.39001,301.20001,301.20999,54152
2026-05-15 18:21,301.28,301.35999,301.26999,301.30499,32136
2026-05-15 18:22,301.38501,301.41501,301.22,301.26999,40799
2026-05-15 18:23,301.39999,301.42001,301.31,301.39001,36715
2026-05-15 18:24,301.30499,301.45001,301.26999,301.39999,53783
2026-05-15 18:25,301.32471,301.38,301.245,301.30499,52286
2026-05-15 18:26,301.19,301.33511,301.11801,301.33511,45229
2026-05-15 18:27,301.23499,301.25,301.14999,301.19,38581
2026-05-15 18:28,301.20499,301.26511,301.15009,301.23001,33935
2026-05-15 18:29,301.26501,301.34991,301.17999,301.20001,48434
2026-05-15 18:30,301.10501,301.31961,301.07999,301.28,62241
2026-05-15 18:31,300.79099,301.10001,300.76999,301.10001,74559
2026-05-15 18:32,300.7301,300.79999,300.57001,300.78,82191
2026-05-15 18:33,300.57001,300.76999,300.56,300.745,41356
2026-05-15 18:34,300.73001,300.7699,300.51001,300.56,46186
2026-05-15 18:35,300.72,300.85001,300.67001,300.73001,57102
2026-05-15 18:36,301.01501,301.02991,300.685,300.72,78424
2026-05-15 18:37,301.03,301.19,301.0,301.01501,86880
2026-05-15 18:38,301.01501,301.08499,300.92001,301.03,38514
2026-05-15 18:39,301.07001,301.09,301.0,301.03,53338
2026-05-15 18:40,301.04001,301.12,301.01999,301.07001,50767
2026-05-15 18:41,301.14999,301.16,301.01501,301.04999,30109
2026-05-15 18:42,301.13501,301.17001,301.04999,301.155,68078
2026-05-15 18:43,301.16,301.23999,301.06009,301.14999,45079
2026-05-15 18:44,301.25,301.25,301.16,301.19,29788
2026-05-15 18:45,301.26001,301.2691,301.095,301.23999,82935
2026-05-15 18:46,301.31,301.35999,301.23999,301.26001,61441
2026-05-15 18:47,301.35999,301.37,301.23999,301.31,31835
2026-05-15 18:48,301.42001,301.48999,301.32999,301.35999,68716
2026-05-15 18:49,301.41,301.45999,301.35001,301.42499,69249
2026-05-15 18:50,301.5,301.57999,301.38129,301.40701,113157
2026-05-15 18:51,301.5159,301.54999,301.45001,301.48859,41715
2026-05-15 18:52,301.41,301.51999,301.39999,301.51501,61265
2026-05-15 18:53,301.435,301.47,301.30499,301.44,34601
2026-05-15 18:54,301.66,301.72,301.41351,301.45001,65241
2026-05-15 18:55,301.59,301.70001,301.57999,301.64999,104061
2026-05-15 18:56,301.69501,301.72971,301.59,301.595,58847
2026-05-15 18:57,301.54001,301.7034,301.51999,301.69,42320
2026-05-15 18:58,301.56,301.60999,301.53,301.535,40538
2026-05-15 18:59,301.66501,301.67499,301.56,301.56,36661
2026-05-15 19:00,301.61349,301.76001,301.60999,301.66501,83945
2026-05-15 19:01,301.52991,301.69,301.51001,301.62,39116
2026-05-15 19:02,301.2999,301.53,301.27399,301.51001,39242
2026-05-15 19:03,301.25989,301.34,301.23999,301.2814,36196
2026-05-15 19:04,301.16,301.25,301.09,301.25,40160
2026-05-15 19:05,301.14001,301.23001,301.12,301.17001,41082
2026-05-15 19:06,301.10999,301.17999,301.01999,301.14001,77801
2026-05-15 19:07,301.245,301.26999,301.1001,301.10999,65960
2026-05-15 19:08,301.215,301.29501,301.20001,301.245,40199
2026-05-15 19:09,300.98001,301.26001,300.97769,301.20999,546629
2026-05-15 19:10,300.905,300.98999,300.85501,300.97,45911
2026-05-15 19:11,300.85999,300.95001,300.85999,300.89999,37373
2026-05-15 19:12,300.97,301.0,300.875,300.875,60012
2026-05-15 19:13,300.89999,300.97009,300.85001,300.97009,30901
2026-05-15 19:14,300.81989,300.92499,300.7204,300.89899,68923
2026-05-15 19:15,300.81,300.82999,300.73001,300.82001,38701
2026-05-15 19:16,300.60001,300.79999,300.60001,300.7912,41118
2026-05-15 19:17,300.56,300.62,300.51001,300.59,50697
2026-05-15 19:18,300.47,300.59,300.42001,300.57001,108051
2026-05-15 19:19,300.4201,300.57001,300.4201,300.48001,47529
2026-05-15 19:20,300.45999,300.48001,300.33151,300.42001,61974
2026-05-15 19:21,300.35001,300.5997,300.35001,300.45499,70559
2026-05-15 19:22,300.02011,300.33029,300.01599,300.33029,84630
2026-05-15 19:23,300.0,300.04001,299.88,300.03,104733
2026-05-15 19:24,299.95999,300.03,299.88,299.98999,69213
2026-05-15 19:25,300.26999,300.32999,299.95999,299.97,67689
2026-05-15 19:26,300.38,300.42001,300.26999,300.26999,54212
2026-05-15 19:27,300.35999,300.41,300.30011,300.38,50387
2026-05-15 19:28,300.38989,300.41,300.35001,300.35501,304143
2026-05-15 19:29,300.2634,300.42001,300.25,300.39001,68970
2026-05-15 19:30,300.26001,300.28,300.14011,300.28,55434
2026-05-15 19:31,300.32001,300.4678,300.25,300.26001,54793
2026-05-15 19:32,300.22,300.34,300.20999,300.34,73238
2026-05-15 19:33,300.15991,300.20999,300.10999,300.20999,53655
2026-05-15 19:34,300.23001,300.23279,300.12,300.14999,57892
2026-05-15 19:35,300.41,300.41,300.19501,300.2157,49488
2026-05-15 19:36,300.38,300.42999,300.29001,300.42001,43832
2026-05-15 19:37,300.20999,300.35999,300.19501,300.35999,70542
2026-05-15 19:38,300.07999,300.29999,300.07001,300.23001,57193
2026-05-15 19:39,300.09,300.17001,300.01999,300.07001,62696
2026-05-15 19:40,300.04001,300.13,299.92999,300.09,70243
2026-05-15 19:41,300.09,300.10001,299.99319,300.03,70176
2026-05-15 19:42,300.05499,300.10999,300.04999,300.09009,45701
2026-05-15 19:43,299.85999,300.07001,299.82999,300.05499,87971
2026-05-15 19:44,299.85999,299.92001,299.79999,299.8699,103933
2026-05-15 19:45,299.90009,300.03,299.84,299.87,78947
2026-05-15 19:46,300.07999,300.09,299.89999,299.92001,113591
2026-05-15 19:47,300.19,300.26001,300.06,300.07999,85105
2026-05-15 19:48,300.17001,300.20999,300.04001,300.18039,52981
2026-05-15 19:49,300.10501,300.17999,300.04999,300.17001,92426
2026-05-15 19:50,299.82999,300.09,299.79999,300.09,155790
2026-05-15 19:51,299.94,299.98001,299.76999,299.82999,132846
2026-05-15 19:52,299.76501,299.94,299.63,299.94,207791
2026-05-15 19:53,299.88,300.0,299.64999,299.76001,142496
2026-05-15 19:54,300.22,300.23001,299.82999,299.87,199460
2026-05-15 19:55,300.57999,300.66,300.23001,300.23001,263974
2026-05-15 19:56,300.4299,300.57501,300.35001,300.57001,238640
2026-05-15 19:57,300.41,300.5,300.34,300.42001,288844
2026-05-15 19:58,300.23999,300.42001,300.14001,300.41251,452689
2026-05-15 19:59,300.22,300.39999,300.10001,300.245,1156529
