Price,Close,High,Low,Open,Volume
Ticker,SI=F,SI=F,SI=F,SI=F,SI=F
Datetime,,,,,
2026-05-07 04:00,78.1,78.105,78.035,78.085,0
2026-05-07 04:01,78.21,78.23,78.18,78.18,15
2026-05-07 04:02,78.175,78.195,78.175,78.195,10
2026-05-07 04:03,78.15,78.155,78.14,78.14,6
2026-05-07 04:05,78.145,78.185,78.145,78.185,14
2026-05-07 04:06,78.14,78.155,78.14,78.155,8
2026-05-07 04:07,78.13,78.13,78.105,78.13,6
2026-05-07 04:08,78.075,78.075,78.075,78.075,1
2026-05-07 04:09,78.11,78.11,78.09,78.09,3
2026-05-07 04:10,78.165,78.165,78.15,78.15,4
2026-05-07 04:11,78.065,78.105,78.055,78.105,22
2026-05-07 04:12,78.025,78.05,78.025,78.04,17
2026-05-07 04:13,78.025,78.045,78.01,78.025,29
2026-05-07 04:14,77.98,78.045,77.98,78.025,19
2026-05-07 04:15,77.99,78.02,77.985,78.015,7
2026-05-07 04:16,78.05,78.07,78.035,78.035,3
2026-05-07 04:17,78.035,78.085,78.03,78.085,10
2026-05-07 04:18,78.03,78.03,78.03,78.03,1
2026-05-07 04:19,78.045,78.045,78.025,78.025,2
2026-05-07 04:20,77.99,78.02,77.99,78.01,4
2026-05-07 04:21,78.06,78.06,78.06,78.06,1
2026-05-07 04:22,78.095,78.095,78.055,78.055,6
2026-05-07 04:24,78.155,78.155,78.135,78.135,3
2026-05-07 04:25,78.14,78.15,78.14,78.15,2
2026-05-07 04:26,78.12,78.12,78.1,78.105,3
2026-05-07 04:27,78.14,78.155,78.14,78.155,5
2026-05-07 04:28,78.13,78.13,78.13,78.13,2
2026-05-07 04:29,78.115,78.115,78.115,78.115,1
2026-05-07 04:30,78.135,78.145,78.12,78.12,50
2026-05-07 04:31,78.105,78.105,78.1,78.105,4
2026-05-07 04:32,78.12,78.155,78.12,78.15,3
2026-05-07 04:33,78.105,78.115,78.105,78.115,7
2026-05-07 04:34,78.04,78.09,78.03,78.09,13
2026-05-07 04:35,78.06,78.06,78.02,78.02,4
2026-05-07 04:36,78.13,78.145,78.06,78.06,11
2026-05-07 04:37,78.1,78.1,78.1,78.1,1
2026-05-07 04:40,78.185,78.205,78.17,78.17,9
2026-05-07 04:41,78.2,78.205,78.18,78.18,7
2026-05-07 04:42,78.18,78.205,78.18,78.205,8
2026-05-07 04:44,78.21,78.21,78.21,78.21,2
2026-05-07 04:45,78.19,78.19,78.19,78.19,1
2026-05-07 04:46,78.175,78.18,78.175,78.18,4
2026-05-07 04:47,78.2,78.2,78.175,78.175,3
2026-05-07 04:48,78.155,78.185,78.145,78.18,7
2026-05-07 04:49,78.16,78.16,78.155,78.155,2
2026-05-07 04:50,78.17,78.18,78.14,78.14,7
2026-05-07 04:52,78.175,78.175,78.175,78.175,1
2026-05-07 04:53,78.19,78.22,78.19,78.195,3
2026-05-07 04:54,78.175,78.21,78.175,78.21,2
2026-05-07 04:58,78.175,78.175,78.175,78.175,1
2026-05-07 04:59,78.205,78.205,78.195,78.195,2
2026-05-07 05:00,78.23,78.245,78.19,78.19,21
2026-05-07 05:01,78.235,78.25,78.225,78.25,4
2026-05-07 05:02,78.35,78.37,78.27,78.27,41
2026-05-07 05:03,78.36,78.405,78.35,78.36,25
2026-05-07 05:04,78.365,78.4,78.365,78.37,8
2026-05-07 05:05,78.345,78.365,78.345,78.36,11
2026-05-07 05:06,78.36,78.36,78.35,78.35,7
2026-05-07 05:07,78.345,78.345,78.345,78.345,5
2026-05-07 05:08,78.375,78.375,78.375,78.375,7
2026-05-07 05:09,78.38,78.38,78.38,78.38,1
2026-05-07 05:10,78.385,78.385,78.385,78.385,1
2026-05-07 05:11,78.395,78.395,78.395,78.395,1
2026-05-07 05:12,78.4,78.4,78.4,78.4,2
2026-05-07 05:13,78.41,78.43,78.405,78.405,11
2026-05-07 05:14,78.4,78.4,78.4,78.4,2
2026-05-07 05:15,78.39,78.39,78.35,78.37,5
2026-05-07 05:16,78.335,78.37,78.33,78.37,11
2026-05-07 05:17,78.34,78.35,78.325,78.35,25
2026-05-07 05:18,78.295,78.34,78.295,78.325,79
2026-05-07 05:19,78.26,78.295,78.26,78.29,11
2026-05-07 05:20,78.21,78.245,78.21,78.245,6
2026-05-07 05:21,78.22,78.24,78.22,78.235,9
2026-05-07 05:22,78.095,78.225,78.045,78.225,117
2026-05-07 05:23,78.105,78.155,78.08,78.08,23
2026-05-07 05:24,78.165,78.165,78.165,78.165,1
2026-05-07 05:25,78.13,78.13,78.13,78.13,2
2026-05-07 05:27,78.15,78.15,78.15,78.15,1
2026-05-07 05:30,78.265,78.265,78.09,78.145,42
2026-05-07 05:31,78.285,78.325,78.26,78.27,12
2026-05-07 05:32,78.345,78.36,78.255,78.27,17
2026-05-07 05:33,78.435,78.47,78.36,78.36,36
2026-05-07 05:34,78.385,78.425,78.38,78.425,76
2026-05-07 05:35,78.495,78.495,78.395,78.4,71
2026-05-07 05:36,78.445,78.46,78.405,78.46,15
2026-05-07 05:37,78.43,78.48,78.43,78.475,8
2026-05-07 05:38,78.45,78.46,78.445,78.46,3
2026-05-07 05:39,78.455,78.455,78.425,78.455,10
2026-05-07 05:40,78.4,78.4,78.4,78.4,2
2026-05-07 05:41,78.415,78.415,78.39,78.39,2
2026-05-07 05:42,78.44,78.475,78.42,78.425,11
2026-05-07 05:43,78.49,78.49,78.45,78.46,15
2026-05-07 05:44,78.46,78.505,78.455,78.49,64
2026-05-07 05:45,78.4,78.435,78.39,78.435,4
2026-05-07 05:46,78.435,78.435,78.42,78.42,3
2026-05-07 05:47,78.46,78.47,78.42,78.42,3
2026-05-07 05:48,78.41,78.455,78.41,78.45,6
2026-05-07 05:49,78.425,78.425,78.425,78.425,2
2026-05-07 05:50,78.415,78.415,78.38,78.4,6
2026-05-07 05:51,78.385,78.405,78.385,78.405,8
2026-05-07 05:52,78.41,78.41,78.39,78.39,10
2026-05-07 05:53,78.425,78.425,78.425,78.425,3
2026-05-07 05:54,78.345,78.38,78.345,78.375,7
2026-05-07 05:55,78.355,78.415,78.335,78.34,45
2026-05-07 05:56,78.415,78.415,78.35,78.38,11
2026-05-07 05:57,78.275,78.385,78.275,78.385,52
2026-05-07 05:58,78.26,78.28,78.16,78.28,54
2026-05-07 05:59,78.24,78.255,78.24,78.25,24
2026-05-07 06:00,78.37,78.4,78.23,78.23,25
2026-05-07 06:01,78.415,78.45,78.37,78.395,29
2026-05-07 06:02,78.44,78.485,78.395,78.43,40
2026-05-07 06:03,78.455,78.47,78.45,78.47,4
2026-05-07 06:04,78.46,78.505,78.455,78.47,9
2026-05-07 06:05,78.46,78.49,78.46,78.49,10
2026-05-07 06:06,78.48,78.535,78.48,78.495,19
2026-05-07 06:07,78.545,78.55,78.48,78.48,13
2026-05-07 06:08,78.485,78.535,78.485,78.535,6
2026-05-07 06:09,78.475,78.475,78.475,78.475,2
2026-05-07 06:10,78.515,78.535,78.51,78.51,7
2026-05-07 06:11,78.595,78.62,78.55,78.55,78
2026-05-07 06:12,78.575,78.655,78.575,78.595,38
2026-05-07 06:13,78.625,78.655,78.555,78.575,44
2026-05-07 06:14,78.6,78.615,78.585,78.61,18
2026-05-07 06:15,78.59,78.59,78.55,78.565,19
2026-05-07 06:16,78.74,78.74,78.59,78.59,91
2026-05-07 06:17,78.74,78.785,78.74,78.75,16
2026-05-07 06:18,78.73,78.745,78.69,78.705,22
2026-05-07 06:19,78.76,78.76,78.715,78.73,17
2026-05-07 06:20,78.815,78.82,78.735,78.745,169
2026-05-07 06:21,78.85,78.86,78.77,78.82,85
2026-05-07 06:22,78.925,78.93,78.8,78.85,147
2026-05-07 06:23,78.865,78.925,78.86,78.925,64
2026-05-07 06:24,78.85,78.88,78.85,78.855,21
2026-05-07 06:25,78.905,78.96,78.87,78.88,46
2026-05-07 06:26,78.875,78.98,78.87,78.93,32
2026-05-07 06:27,78.92,78.94,78.895,78.895,84
2026-05-07 06:28,78.925,78.925,78.88,78.91,55
2026-05-07 06:29,78.99,78.995,78.95,78.95,139
2026-05-07 06:30,79.02,79.05,78.96,78.995,180
2026-05-07 06:31,79.09,79.1,78.975,78.995,98
2026-05-07 06:32,79.09,79.13,79.07,79.08,38
2026-05-07 06:33,79.12,79.12,79.08,79.12,38
2026-05-07 06:34,79.215,79.22,79.1,79.105,175
2026-05-07 06:35,79.22,79.27,79.22,79.225,37
2026-05-07 06:36,79.245,79.27,79.175,79.2,82
2026-05-07 06:37,79.235,79.26,79.21,79.26,49
2026-05-07 06:38,79.23,79.245,79.215,79.245,59
2026-05-07 06:39,79.245,79.245,79.19,79.22,65
2026-05-07 06:40,79.335,79.335,79.235,79.245,134
2026-05-07 06:41,79.27,79.385,79.27,79.33,93
2026-05-07 06:42,79.31,79.335,79.245,79.285,65
2026-05-07 06:43,79.435,79.475,79.27,79.305,154
2026-05-07 06:44,79.4,79.46,79.35,79.44,58
2026-05-07 06:45,79.24,79.4,79.24,79.375,60
2026-05-07 06:46,79.3,79.3,79.25,79.265,46
2026-05-07 06:47,79.26,79.3,79.24,79.28,47
2026-05-07 06:48,79.205,79.26,79.205,79.25,20
2026-05-07 06:49,79.22,79.26,79.2,79.22,24
2026-05-07 06:50,79.28,79.29,79.25,79.25,17
2026-05-07 06:51,79.28,79.28,79.245,79.25,12
2026-05-07 06:52,79.28,79.305,79.28,79.3,9
2026-05-07 06:53,79.295,79.305,79.27,79.275,9
2026-05-07 06:54,79.25,79.3,79.245,79.27,9
2026-05-07 06:55,79.305,79.31,79.25,79.255,16
2026-05-07 06:56,79.325,79.355,79.305,79.315,50
2026-05-07 06:57,79.34,79.34,79.32,79.32,29
2026-05-07 06:58,79.33,79.345,79.32,79.34,20
2026-05-07 06:59,79.34,79.34,79.28,79.32,26
2026-05-07 07:00,79.305,79.34,79.28,79.315,25
2026-05-07 07:01,79.23,79.29,79.23,79.285,29
2026-05-07 07:02,79.25,79.275,79.23,79.23,19
2026-05-07 07:03,79.19,79.23,79.175,79.23,47
2026-05-07 07:04,79.305,79.305,79.175,79.195,45
2026-05-07 07:05,79.265,79.34,79.245,79.305,35
2026-05-07 07:06,79.345,79.37,79.24,79.285,24
2026-05-07 07:07,79.54,79.54,79.31,79.345,225
2026-05-07 07:08,79.555,79.555,79.46,79.545,75
2026-05-07 07:09,79.545,79.56,79.5,79.525,52
2026-05-07 07:10,79.615,79.62,79.535,79.58,62
2026-05-07 07:11,79.68,79.7,79.615,79.62,106
2026-05-07 07:12,79.705,79.735,79.69,79.7,66
2026-05-07 07:13,79.74,79.78,79.72,79.725,75
2026-05-07 07:14,79.885,79.945,79.74,79.755,450
2026-05-07 07:15,79.82,80.0,79.785,79.895,158
2026-05-07 07:16,79.98,79.985,79.785,79.82,80
2026-05-07 07:17,79.915,80.005,79.915,79.95,79
2026-05-07 07:18,79.865,79.98,79.865,79.9,62
2026-05-07 07:19,79.86,79.87,79.815,79.865,37
2026-05-07 07:20,79.785,79.91,79.77,79.86,73
2026-05-07 07:21,79.825,79.825,79.75,79.79,47
2026-05-07 07:22,79.86,79.865,79.82,79.825,20
2026-05-07 07:23,79.785,79.88,79.785,79.875,21
2026-05-07 07:24,79.825,79.84,79.75,79.77,46
2026-05-07 07:25,79.805,79.86,79.785,79.85,12
2026-05-07 07:26,79.82,79.89,79.815,79.815,25
2026-05-07 07:27,79.78,79.84,79.78,79.84,32
2026-05-07 07:28,79.79,79.805,79.77,79.805,11
2026-05-07 07:29,79.815,79.835,79.76,79.79,15
2026-05-07 07:30,79.78,79.85,79.78,79.815,23
2026-05-07 07:31,79.82,79.84,79.79,79.83,11
2026-05-07 07:32,79.9,79.92,79.785,79.795,36
2026-05-07 07:33,79.875,79.92,79.865,79.895,24
2026-05-07 07:34,79.93,79.975,79.84,79.865,49
2026-05-07 07:35,79.935,79.965,79.93,79.93,12
2026-05-07 07:36,79.915,79.95,79.91,79.945,18
2026-05-07 07:37,79.96,79.96,79.87,79.9,43
2026-05-07 07:38,79.95,79.965,79.935,79.945,13
2026-05-07 07:39,79.92,79.93,79.92,79.93,3
2026-05-07 07:40,79.96,79.985,79.9,79.91,23
2026-05-07 07:41,79.97,80.08,79.96,79.98,81
2026-05-07 07:42,80.075,80.075,79.955,79.955,47
2026-05-07 07:43,80.04,80.075,80.025,80.05,21
2026-05-07 07:44,80.05,80.085,80.025,80.035,28
2026-05-07 07:45,80.025,80.12,80.015,80.085,57
2026-05-07 07:46,80.005,80.06,80.0,80.025,25
2026-05-07 07:47,79.995,80.025,79.99,79.995,20
2026-05-07 07:48,79.99,80.05,79.955,79.97,51
2026-05-07 07:49,79.995,80.01,79.94,79.95,17
2026-05-07 07:50,80.055,80.065,80.005,80.005,17
2026-05-07 07:51,80.205,80.21,80.06,80.06,50
2026-05-07 07:52,80.19,80.25,80.19,80.21,39
2026-05-07 07:53,80.135,80.165,80.105,80.15,46
2026-05-07 07:54,80.11,80.165,80.1,80.165,14
2026-05-07 07:55,80.1,80.13,80.095,80.13,21
2026-05-07 07:56,80.16,80.16,80.095,80.105,12
2026-05-07 07:57,80.2,80.2,80.145,80.16,86
2026-05-07 07:58,80.255,80.26,80.195,80.215,33
2026-05-07 07:59,80.2,80.255,80.2,80.25,32
2026-05-07 08:00,80.23,80.26,80.2,80.225,33
2026-05-07 08:01,80.37,80.37,80.2,80.205,187
2026-05-07 08:02,80.335,80.38,80.295,80.36,36
2026-05-07 08:03,80.345,80.365,80.325,80.35,12
2026-05-07 08:04,80.335,80.365,80.33,80.33,27
2026-05-07 08:05,80.325,80.325,80.295,80.32,13
2026-05-07 08:06,80.375,80.375,80.325,80.325,20
2026-05-07 08:07,80.27,80.355,80.27,80.355,29
2026-05-07 08:08,80.24,80.295,80.24,80.27,10
2026-05-07 08:09,80.265,80.265,80.22,80.245,34
2026-05-07 08:10,80.185,80.25,80.175,80.24,16
2026-05-07 08:11,80.15,80.24,80.135,80.185,13
2026-05-07 08:12,80.18,80.21,80.145,80.15,29
2026-05-07 08:13,80.21,80.22,80.185,80.185,13
2026-05-07 08:14,80.145,80.22,80.145,80.22,25
2026-05-07 08:15,80.105,80.16,80.07,80.16,20
2026-05-07 08:16,80.125,80.125,80.09,80.11,15
2026-05-07 08:17,80.165,80.195,80.145,80.165,13
2026-05-07 08:18,80.1,80.17,80.065,80.13,26
2026-05-07 08:19,80.1,80.11,80.065,80.08,20
2026-05-07 08:20,80.135,80.15,80.09,80.095,27
2026-05-07 08:21,80.135,80.145,80.105,80.125,18
2026-05-07 08:22,80.155,80.17,80.13,80.135,9
2026-05-07 08:23,80.19,80.19,80.105,80.15,33
2026-05-07 08:24,80.195,80.205,80.165,80.2,21
2026-05-07 08:25,80.12,80.23,80.05,80.215,90
2026-05-07 08:26,80.115,80.15,80.065,80.09,13
2026-05-07 08:27,80.11,80.125,80.11,80.11,3
2026-05-07 08:28,80.25,80.26,80.15,80.15,18
2026-05-07 08:29,80.22,80.275,80.22,80.27,12
2026-05-07 08:30,80.305,80.315,80.245,80.26,39
2026-05-07 08:31,80.335,80.38,80.29,80.295,47
2026-05-07 08:32,80.325,80.345,80.305,80.315,23
2026-05-07 08:33,80.3,80.33,80.3,80.33,7
2026-05-07 08:34,80.22,80.3,80.22,80.3,10
2026-05-07 08:35,80.27,80.27,80.185,80.22,48
2026-05-07 08:36,80.195,80.25,80.185,80.245,10
2026-05-07 08:37,80.225,80.225,80.225,80.225,1
2026-05-07 08:38,80.2,80.2,80.14,80.18,14
2026-05-07 08:39,80.16,80.175,80.16,80.175,6
2026-05-07 08:40,80.21,80.215,80.195,80.215,4
2026-05-07 08:41,80.12,80.215,80.11,80.205,19
2026-05-07 08:42,80.145,80.155,80.11,80.11,17
2026-05-07 08:43,80.125,80.165,80.125,80.165,4
2026-05-07 08:44,80.09,80.13,80.08,80.13,38
2026-05-07 08:45,80.1,80.11,80.08,80.08,38
2026-05-07 08:46,80.095,80.1,80.065,80.07,12
2026-05-07 08:47,80.075,80.075,80.05,80.075,6
2026-05-07 08:48,80.085,80.135,80.085,80.09,23
2026-05-07 08:49,80.09,80.1,80.035,80.08,17
2026-05-07 08:50,80.03,80.1,80.03,80.1,15
2026-05-07 08:51,80.07,80.075,80.015,80.03,20
2026-05-07 08:52,80.12,80.155,80.075,80.09,33
2026-05-07 08:53,80.18,80.185,80.135,80.135,16
2026-05-07 08:54,80.095,80.185,80.095,80.185,11
2026-05-07 08:55,80.105,80.11,80.07,80.075,33
2026-05-07 08:56,80.085,80.085,80.06,80.075,14
2026-05-07 08:57,80.055,80.08,80.015,80.08,18
2026-05-07 08:58,80.085,80.085,80.045,80.045,16
2026-05-07 08:59,80.12,80.16,80.1,80.1,17
2026-05-07 09:00,80.115,80.125,80.065,80.115,27
2026-05-07 09:01,80.035,80.08,80.025,80.08,22
2026-05-07 09:02,80.0,80.07,79.995,80.03,29
2026-05-07 09:03,79.965,79.995,79.935,79.995,42
2026-05-07 09:04,80.035,80.045,79.97,79.975,37
2026-05-07 09:05,80.085,80.09,80.04,80.04,15
2026-05-07 09:06,80.16,80.17,80.105,80.105,30
2026-05-07 09:07,80.2,80.235,80.15,80.155,20
2026-05-07 09:08,80.185,80.22,80.18,80.195,29
2026-05-07 09:09,80.19,80.2,80.19,80.2,2
2026-05-07 09:10,80.27,80.27,80.175,80.175,17
2026-05-07 09:11,80.22,80.255,80.22,80.25,14
2026-05-07 09:12,80.22,80.25,80.22,80.225,10
2026-05-07 09:13,80.225,80.245,80.205,80.205,7
2026-05-07 09:14,80.235,80.26,80.215,80.215,19
2026-05-07 09:15,80.215,80.275,80.215,80.25,25
2026-05-07 09:16,80.235,80.235,80.19,80.205,25
2026-05-07 09:17,80.235,80.235,80.2,80.225,16
2026-05-07 09:18,80.215,80.215,80.195,80.195,4
2026-05-07 09:19,80.23,80.235,80.21,80.235,20
2026-05-07 09:20,80.225,80.225,80.215,80.22,4
2026-05-07 09:21,80.18,80.225,80.18,80.225,12
2026-05-07 09:22,80.215,80.22,80.215,80.22,5
2026-05-07 09:23,80.235,80.235,80.23,80.23,2
2026-05-07 09:24,80.21,80.22,80.185,80.215,36
2026-05-07 09:25,80.205,80.205,80.205,80.205,2
2026-05-07 09:26,80.215,80.22,80.205,80.205,7
2026-05-07 09:27,80.21,80.22,80.195,80.205,17
2026-05-07 09:28,80.2,80.2,80.165,80.2,25
2026-05-07 09:29,80.26,80.305,80.21,80.215,42
2026-05-07 09:30,80.305,80.315,80.25,80.255,56
2026-05-07 09:31,80.385,80.4,80.29,80.29,86
2026-05-07 09:32,80.38,80.39,80.34,80.36,35
2026-05-07 09:33,80.355,80.425,80.345,80.385,116
2026-05-07 09:34,80.45,80.45,80.34,80.34,53
2026-05-07 09:35,80.525,80.53,80.445,80.45,171
2026-05-07 09:36,80.555,80.58,80.51,80.51,100
2026-05-07 09:37,80.57,80.61,80.555,80.555,68
2026-05-07 09:38,80.53,80.57,80.505,80.565,36
2026-05-07 09:39,80.605,80.62,80.55,80.55,38
2026-05-07 09:40,80.675,80.68,80.59,80.59,47
2026-05-07 09:41,80.69,80.73,80.675,80.69,57
2026-05-07 09:42,80.69,80.72,80.685,80.695,38
2026-05-07 09:43,80.72,80.725,80.68,80.685,18
2026-05-07 09:44,80.725,80.75,80.71,80.725,22
2026-05-07 09:45,80.725,80.755,80.705,80.73,54
2026-05-07 09:46,80.695,80.73,80.66,80.73,27
2026-05-07 09:47,80.71,80.72,80.68,80.715,56
2026-05-07 09:48,80.755,80.76,80.7,80.7,21
2026-05-07 09:49,80.75,80.76,80.735,80.76,13
2026-05-07 09:50,80.71,80.745,80.66,80.74,68
2026-05-07 09:51,80.775,80.775,80.69,80.69,26
2026-05-07 09:52,80.715,80.78,80.67,80.77,104
2026-05-07 09:53,80.71,80.71,80.68,80.7,13
2026-05-07 09:54,80.705,80.745,80.685,80.725,72
2026-05-07 09:55,80.71,80.725,80.68,80.72,18
2026-05-07 09:56,80.725,80.755,80.68,80.7,72
2026-05-07 09:57,80.765,80.775,80.73,80.735,33
2026-05-07 09:58,80.735,80.77,80.715,80.765,32
2026-05-07 09:59,80.7,80.76,80.7,80.75,20
2026-05-07 10:00,80.675,80.695,80.65,80.685,79
2026-05-07 10:01,80.815,80.815,80.65,80.66,142
2026-05-07 10:02,80.835,80.89,80.82,80.825,59
2026-05-07 10:03,80.795,80.835,80.795,80.825,56
2026-05-07 10:04,80.77,80.8,80.76,80.795,12
2026-05-07 10:05,80.83,80.83,80.775,80.775,12
2026-05-07 10:06,80.8,80.865,80.79,80.85,60
2026-05-07 10:07,80.83,80.83,80.8,80.8,13
2026-05-07 10:08,80.855,80.875,80.825,80.825,32
2026-05-07 10:09,80.895,80.895,80.83,80.86,16
2026-05-07 10:10,80.855,80.935,80.85,80.88,60
2026-05-07 10:11,80.92,80.935,80.835,80.88,40
2026-05-07 10:12,80.935,80.975,80.915,80.915,35
2026-05-07 10:13,80.94,80.95,80.885,80.93,19
2026-05-07 10:14,80.95,80.99,80.945,80.945,17
2026-05-07 10:15,80.945,80.965,80.87,80.965,31
2026-05-07 10:16,80.88,80.94,80.88,80.94,2
2026-05-07 10:17,80.865,80.97,80.865,80.915,41
2026-05-07 10:18,80.865,80.865,80.82,80.86,20
2026-05-07 10:19,80.75,80.865,80.745,80.865,37
2026-05-07 10:20,80.735,80.805,80.735,80.76,24
2026-05-07 10:21,80.775,80.775,80.725,80.74,30
2026-05-07 10:22,80.86,80.88,80.79,80.79,36
2026-05-07 10:23,80.885,80.895,80.855,80.875,32
2026-05-07 10:24,80.87,80.9,80.85,80.9,13
2026-05-07 10:25,80.84,80.92,80.84,80.895,26
2026-05-07 10:26,80.86,80.86,80.845,80.845,4
2026-05-07 10:27,80.79,80.85,80.78,80.85,13
2026-05-07 10:28,80.78,80.82,80.78,80.805,30
2026-05-07 10:29,80.815,80.815,80.78,80.785,14
2026-05-07 10:30,80.845,80.85,80.83,80.845,9
2026-05-07 10:31,80.805,80.845,80.72,80.845,64
2026-05-07 10:32,80.835,80.835,80.79,80.79,11
2026-05-07 10:33,80.81,80.835,80.81,80.835,2
2026-05-07 10:34,80.78,80.825,80.74,80.785,23
2026-05-07 10:35,80.805,80.805,80.79,80.79,3
2026-05-07 10:36,80.835,80.9,80.825,80.845,25
2026-05-07 10:37,80.9,80.905,80.875,80.875,5
2026-05-07 10:38,80.98,81.03,80.9,80.9,70
2026-05-07 10:39,80.995,81.015,80.975,80.985,42
2026-05-07 10:40,80.955,81.01,80.935,81.01,41
2026-05-07 10:41,80.975,80.995,80.955,80.96,16
2026-05-07 10:42,80.985,80.995,80.94,80.98,18
2026-05-07 10:43,81.04,81.055,80.99,80.99,35
2026-05-07 10:44,81.05,81.08,81.035,81.06,73
2026-05-07 10:45,81.03,81.09,81.03,81.075,35
2026-05-07 10:46,80.965,81.015,80.965,81.015,16
2026-05-07 10:47,80.975,80.975,80.94,80.955,24
2026-05-07 10:48,80.975,81.02,80.975,81.02,12
2026-05-07 10:49,80.92,80.98,80.915,80.98,34
2026-05-07 10:50,80.9,80.95,80.9,80.93,11
2026-05-07 10:51,80.95,80.95,80.895,80.91,12
2026-05-07 10:52,80.98,80.995,80.955,80.955,7
2026-05-07 10:53,80.94,80.975,80.925,80.975,20
2026-05-07 10:54,80.985,80.995,80.94,80.94,13
2026-05-07 10:55,80.91,80.96,80.91,80.96,13
2026-05-07 10:56,80.91,80.925,80.845,80.9,66
2026-05-07 10:57,80.86,80.915,80.845,80.915,6
2026-05-07 10:58,80.865,80.865,80.865,80.865,1
2026-05-07 10:59,80.825,80.88,80.825,80.85,36
2026-05-07 11:00,80.92,80.94,80.81,80.845,124
2026-05-07 11:01,80.94,80.94,80.89,80.92,28
2026-05-07 11:02,80.975,80.975,80.925,80.94,15
2026-05-07 11:03,80.91,80.98,80.91,80.98,17
2026-05-07 11:04,80.945,80.96,80.92,80.935,11
2026-05-07 11:05,80.975,80.975,80.925,80.975,21
2026-05-07 11:06,80.945,80.97,80.945,80.965,7
2026-05-07 11:07,80.965,80.965,80.93,80.955,10
2026-05-07 11:08,81.02,81.025,80.94,80.94,19
2026-05-07 11:09,80.995,81.015,80.985,81.015,44
2026-05-07 11:10,80.975,81.03,80.94,81.03,83
2026-05-07 11:11,80.97,80.995,80.97,80.98,19
2026-05-07 11:12,80.945,81.005,80.94,80.985,21
2026-05-07 11:13,80.92,80.95,80.905,80.94,33
2026-05-07 11:14,80.865,80.925,80.865,80.92,30
2026-05-07 11:15,80.845,80.88,80.8,80.88,30
2026-05-07 11:16,80.86,80.88,80.83,80.835,18
2026-05-07 11:17,80.81,80.85,80.8,80.85,25
2026-05-07 11:18,80.84,80.86,80.82,80.83,14
2026-05-07 11:19,80.915,80.93,80.835,80.835,27
2026-05-07 11:20,80.915,80.95,80.895,80.895,11
2026-05-07 11:21,80.865,80.91,80.865,80.91,11
2026-05-07 11:22,80.875,80.875,80.85,80.875,7
2026-05-07 11:23,80.97,80.97,80.89,80.89,18
2026-05-07 11:24,81.09,81.13,80.97,80.98,94
2026-05-07 11:25,81.155,81.19,81.075,81.08,41
2026-05-07 11:26,81.23,81.24,81.16,81.195,104
2026-05-07 11:27,81.235,81.295,81.22,81.23,181
2026-05-07 11:28,81.185,81.24,81.12,81.215,66
2026-05-07 11:29,81.18,81.185,81.155,81.18,15
2026-05-07 11:30,81.275,81.275,81.17,81.195,55
2026-05-07 11:31,81.31,81.345,81.26,81.26,254
2026-05-07 11:32,81.345,81.365,81.31,81.32,37
2026-05-07 11:33,81.375,81.405,81.34,81.34,109
2026-05-07 11:34,81.385,81.405,81.36,81.36,30
2026-05-07 11:35,81.435,81.51,81.37,81.39,130
2026-05-07 11:36,81.425,81.495,81.41,81.435,51
2026-05-07 11:37,81.385,81.42,81.375,81.42,190
2026-05-07 11:38,81.43,81.45,81.37,81.37,68
2026-05-07 11:39,81.435,81.455,81.395,81.425,37
2026-05-07 11:40,81.435,81.52,81.42,81.435,47
2026-05-07 11:41,81.435,81.455,81.42,81.455,19
2026-05-07 11:42,81.4,81.475,81.395,81.445,54
2026-05-07 11:43,81.445,81.45,81.36,81.37,46
2026-05-07 11:44,81.395,81.42,81.395,81.41,12
2026-05-07 11:45,81.385,81.435,81.325,81.385,124
2026-05-07 11:46,81.445,81.455,81.42,81.42,22
2026-05-07 11:47,81.455,81.465,81.415,81.455,45
2026-05-07 11:48,81.44,81.49,81.435,81.44,112
2026-05-07 11:49,81.425,81.485,81.41,81.47,75
2026-05-07 11:50,81.34,81.455,81.32,81.445,60
2026-05-07 11:51,81.38,81.43,81.335,81.335,100
2026-05-07 11:52,81.405,81.43,81.375,81.38,138
2026-05-07 11:53,81.4,81.415,81.39,81.415,18
2026-05-07 11:54,81.38,81.43,81.37,81.4,55
2026-05-07 11:55,81.405,81.43,81.375,81.395,25
2026-05-07 11:56,81.375,81.41,81.375,81.405,9
2026-05-07 11:57,81.425,81.505,81.405,81.405,122
2026-05-07 11:58,81.42,81.455,81.42,81.43,27
2026-05-07 11:59,81.46,81.46,81.4,81.42,18
2026-05-07 12:00,81.53,81.555,81.445,81.46,113
2026-05-07 12:01,81.56,81.585,81.505,81.53,81
2026-05-07 12:02,81.615,81.65,81.55,81.57,79
2026-05-07 12:03,81.655,81.68,81.605,81.62,94
2026-05-07 12:04,81.56,81.655,81.56,81.655,61
2026-05-07 12:05,81.615,81.63,81.565,81.565,51
2026-05-07 12:06,81.675,81.685,81.615,81.635,54
2026-05-07 12:07,81.62,81.69,81.605,81.685,67
2026-05-07 12:08,81.625,81.64,81.595,81.63,38
2026-05-07 12:09,81.655,81.665,81.605,81.605,16
2026-05-07 12:10,81.71,81.78,81.62,81.655,197
2026-05-07 12:11,81.76,81.79,81.68,81.71,55
2026-05-07 12:12,81.775,81.78,81.74,81.76,62
2026-05-07 12:13,81.9,81.93,81.775,81.775,124
2026-05-07 12:14,81.9,81.94,81.855,81.91,139
2026-05-07 12:15,81.945,81.955,81.87,81.87,61
2026-05-07 12:16,82.095,82.11,81.945,81.945,119
2026-05-07 12:17,82.13,82.15,82.055,82.115,102
2026-05-07 12:18,82.205,82.24,82.1,82.12,104
2026-05-07 12:19,82.175,82.235,82.155,82.2,117
2026-05-07 12:20,82.135,82.17,82.055,82.16,127
2026-05-07 12:21,81.995,82.17,81.985,82.15,123
2026-05-07 12:22,81.675,81.995,81.655,81.995,272
2026-05-07 12:23,81.655,81.8,81.655,81.695,82
2026-05-07 12:24,81.67,81.765,81.645,81.65,85
2026-05-07 12:25,82.005,82.015,81.66,81.665,267
2026-05-07 12:26,82.09,82.13,81.99,81.995,203
2026-05-07 12:27,82.09,82.1,82.0,82.075,155
2026-05-07 12:28,82.05,82.11,82.035,82.07,74
2026-05-07 12:29,82.08,82.115,82.055,82.065,55
2026-05-07 12:30,82.005,82.14,82.005,82.13,128
2026-05-07 12:31,81.85,82.0,81.815,82.0,242
2026-05-07 12:32,81.99,81.99,81.855,81.865,52
2026-05-07 12:33,81.995,82.04,81.955,82.0,106
2026-05-07 12:34,81.945,82.03,81.93,82.015,69
2026-05-07 12:35,81.81,81.97,81.8,81.95,132
2026-05-07 12:36,81.77,81.89,81.75,81.825,92
2026-05-07 12:37,81.81,81.81,81.73,81.79,40
2026-05-07 12:38,81.875,81.89,81.805,81.82,72
2026-05-07 12:39,81.895,81.93,81.875,81.885,55
2026-05-07 12:40,81.88,81.91,81.86,81.88,53
2026-05-07 12:41,82.0,82.015,81.865,81.865,69
2026-05-07 12:42,81.99,82.06,81.985,82.005,162
2026-05-07 12:43,82.03,82.035,81.99,81.99,25
2026-05-07 12:44,82.09,82.15,81.995,82.005,95
2026-05-07 12:45,82.075,82.125,82.04,82.1,91
2026-05-07 12:46,82.035,82.075,82.02,82.075,26
2026-05-07 12:47,82.015,82.025,81.97,82.025,44
2026-05-07 12:48,82.075,82.075,82.0,82.0,31
2026-05-07 12:49,82.145,82.19,82.075,82.08,101
2026-05-07 12:50,82.005,82.17,82.005,82.17,68
2026-05-07 12:51,82.055,82.06,82.01,82.01,48
2026-05-07 12:52,82.1,82.12,82.015,82.05,50
2026-05-07 12:53,82.085,82.13,82.08,82.105,29
2026-05-07 12:54,82.05,82.1,82.03,82.1,24
2026-05-07 12:55,82.015,82.075,82.0,82.05,69
2026-05-07 12:56,82.04,82.08,82.0,82.015,34
2026-05-07 12:57,82.01,82.03,81.98,82.03,82
2026-05-07 12:58,81.96,82.035,81.955,82.01,67
2026-05-07 12:59,82.005,82.09,81.955,81.975,231
2026-05-07 13:00,81.655,82.025,81.635,82.02,486
2026-05-07 13:01,81.7,81.75,81.61,81.655,264
2026-05-07 13:02,81.655,81.72,81.525,81.69,234
2026-05-07 13:03,81.705,81.725,81.545,81.66,101
2026-05-07 13:04,81.76,81.78,81.62,81.72,76
2026-05-07 13:05,81.8,81.805,81.68,81.745,81
2026-05-07 13:06,81.805,81.825,81.745,81.8,81
2026-05-07 13:07,81.745,81.83,81.735,81.795,192
2026-05-07 13:08,81.715,81.76,81.66,81.725,73
2026-05-07 13:09,81.715,81.75,81.66,81.71,53
2026-05-07 13:10,81.615,81.745,81.555,81.745,155
2026-05-07 13:11,81.52,81.62,81.515,81.59,71
2026-05-07 13:12,81.585,81.625,81.535,81.535,95
2026-05-07 13:13,81.425,81.585,81.425,81.58,107
2026-05-07 13:14,81.4,81.465,81.365,81.455,105
2026-05-07 13:15,81.58,81.58,81.39,81.39,179
2026-05-07 13:16,81.74,81.78,81.585,81.59,282
2026-05-07 13:17,81.755,81.805,81.74,81.75,76
2026-05-07 13:18,81.775,81.79,81.715,81.755,29
2026-05-07 13:19,81.815,81.825,81.75,81.76,30
2026-05-07 13:20,81.72,81.83,81.71,81.82,105
2026-05-07 13:21,81.72,81.765,81.65,81.75,90
2026-05-07 13:22,81.715,81.725,81.685,81.72,36
2026-05-07 13:23,81.715,81.775,81.665,81.705,77
2026-05-07 13:24,81.725,81.725,81.675,81.705,30
2026-05-07 13:25,81.62,81.72,81.62,81.72,52
2026-05-07 13:26,81.645,81.665,81.615,81.615,50
2026-05-07 13:27,81.54,81.635,81.54,81.635,38
2026-05-07 13:28,81.61,81.625,81.49,81.54,130
2026-05-07 13:29,81.525,81.635,81.525,81.615,85
2026-05-07 13:30,81.475,81.53,81.39,81.53,190
2026-05-07 13:31,81.57,81.675,81.47,81.47,113
2026-05-07 13:32,81.685,81.695,81.56,81.56,97
2026-05-07 13:33,81.73,81.735,81.61,81.68,107
2026-05-07 13:34,81.77,81.83,81.725,81.725,136
2026-05-07 13:35,81.66,81.8,81.62,81.79,62
2026-05-07 13:36,81.675,81.71,81.615,81.675,62
2026-05-07 13:37,81.675,81.72,81.605,81.645,41
2026-05-07 13:38,81.705,81.71,81.655,81.695,22
2026-05-07 13:39,81.735,81.745,81.67,81.725,49
2026-05-07 13:40,81.685,81.74,81.635,81.73,48
2026-05-07 13:41,81.73,81.85,81.69,81.69,94
2026-05-07 13:42,81.76,81.8,81.725,81.745,35
2026-05-07 13:43,81.8,81.81,81.71,81.75,30
2026-05-07 13:44,81.785,81.865,81.76,81.81,38
2026-05-07 13:45,81.56,81.84,81.56,81.79,159
2026-05-07 13:46,81.715,81.735,81.555,81.555,78
2026-05-07 13:47,81.485,81.71,81.4,81.71,89
2026-05-07 13:48,81.595,81.595,81.435,81.485,99
2026-05-07 13:49,81.535,81.595,81.46,81.58,65
2026-05-07 13:50,81.65,81.665,81.505,81.54,45
2026-05-07 13:51,81.565,81.665,81.565,81.64,72
2026-05-07 13:52,81.64,81.64,81.54,81.55,56
2026-05-07 13:53,81.635,81.72,81.595,81.645,83
2026-05-07 13:54,81.65,81.7,81.62,81.64,56
2026-05-07 13:55,81.715,81.805,81.685,81.69,101
2026-05-07 13:56,81.745,81.785,81.725,81.725,87
2026-05-07 13:57,81.84,81.9,81.76,81.765,91
2026-05-07 13:58,81.88,81.905,81.82,81.82,56
2026-05-07 13:59,81.815,81.895,81.795,81.875,33
2026-05-07 14:00,81.89,81.9,81.805,81.835,87
2026-05-07 14:01,81.835,81.895,81.805,81.885,83
2026-05-07 14:02,81.825,81.885,81.79,81.88,44
2026-05-07 14:03,81.86,81.86,81.76,81.83,74
2026-05-07 14:04,81.88,81.89,81.8,81.85,38
2026-05-07 14:05,81.855,81.88,81.775,81.865,33
2026-05-07 14:06,81.825,81.895,81.82,81.875,40
2026-05-07 14:07,81.86,81.885,81.805,81.805,32
2026-05-07 14:08,81.83,81.85,81.805,81.85,29
2026-05-07 14:09,81.84,81.89,81.84,81.845,25
2026-05-07 14:10,81.845,81.92,81.845,81.86,33
2026-05-07 14:11,82.03,82.05,81.82,81.83,126
2026-05-07 14:12,82.21,82.235,82.02,82.02,124
2026-05-07 14:13,82.325,82.37,82.155,82.22,231
2026-05-07 14:14,82.335,82.375,82.28,82.35,189
2026-05-07 14:15,82.08,82.385,82.065,82.34,256
2026-05-07 14:16,82.19,82.25,81.835,82.055,358
2026-05-07 14:17,82.15,82.275,82.145,82.165,114
2026-05-07 14:18,82.075,82.14,82.055,82.14,36
2026-05-07 14:19,82.075,82.075,82.035,82.065,42
2026-05-07 14:20,82.165,82.165,82.05,82.085,42
2026-05-07 14:21,82.19,82.215,82.125,82.185,36
2026-05-07 14:22,82.14,82.18,82.13,82.175,82
2026-05-07 14:23,82.105,82.135,82.03,82.135,49
2026-05-07 14:24,82.225,82.24,82.115,82.14,76
2026-05-07 14:25,82.24,82.265,82.2,82.225,77
2026-05-07 14:26,82.22,82.25,82.2,82.22,25
2026-05-07 14:27,82.23,82.25,82.155,82.19,36
2026-05-07 14:28,82.23,82.24,82.19,82.225,39
2026-05-07 14:29,82.26,82.325,82.225,82.235,98
2026-05-07 14:30,82.33,82.38,82.245,82.26,134
2026-05-07 14:31,82.35,82.37,82.26,82.345,117
2026-05-07 14:32,82.32,82.38,82.295,82.35,106
2026-05-07 14:33,82.455,82.475,82.325,82.33,261
2026-05-07 14:34,82.385,82.435,82.35,82.435,122
2026-05-07 14:35,82.19,82.37,82.19,82.37,110
2026-05-07 14:36,82.24,82.285,82.195,82.21,103
2026-05-07 14:37,82.235,82.31,82.225,82.27,24
2026-05-07 14:38,82.255,82.265,82.225,82.225,42
2026-05-07 14:39,82.325,82.35,82.25,82.255,86
2026-05-07 14:40,82.3,82.345,82.275,82.34,35
2026-05-07 14:41,82.29,82.405,82.27,82.29,72
2026-05-07 14:42,82.34,82.34,82.28,82.285,24
2026-05-07 14:43,82.385,82.435,82.335,82.335,76
2026-05-07 14:44,82.32,82.41,82.275,82.41,34
2026-05-07 14:45,82.49,82.495,82.335,82.335,105
2026-05-07 14:46,82.52,82.55,82.46,82.49,126
2026-05-07 14:47,82.525,82.57,82.495,82.535,128
2026-05-07 14:48,82.49,82.565,82.435,82.5,100
2026-05-07 14:49,82.465,82.51,82.46,82.485,45
2026-05-07 14:50,82.485,82.53,82.46,82.485,46
2026-05-07 14:51,82.495,82.515,82.465,82.51,44
2026-05-07 14:52,82.485,82.5,82.455,82.495,22
2026-05-07 14:53,82.51,82.52,82.465,82.47,22
2026-05-07 14:54,82.605,82.645,82.51,82.51,74
2026-05-07 14:55,82.6,82.65,82.575,82.605,117
2026-05-07 14:56,82.6,82.635,82.59,82.62,56
2026-05-07 14:57,82.625,82.675,82.575,82.605,92
2026-05-07 14:58,82.535,82.63,82.525,82.625,58
2026-05-07 14:59,82.55,82.57,82.49,82.53,54
2026-05-07 15:00,82.445,82.56,82.43,82.545,111
2026-05-07 15:01,82.38,82.46,82.36,82.455,69
2026-05-07 15:02,82.345,82.39,82.345,82.375,55
2026-05-07 15:03,82.32,82.37,82.31,82.335,74
2026-05-07 15:04,82.355,82.39,82.305,82.325,64
2026-05-07 15:05,82.375,82.41,82.33,82.34,69
2026-05-07 15:06,82.31,82.39,82.29,82.35,110
2026-05-07 15:07,82.3,82.315,82.27,82.3,54
2026-05-07 15:08,82.305,82.375,82.29,82.3,51
2026-05-07 15:09,82.24,82.295,82.235,82.295,54
2026-05-07 15:10,82.24,82.26,82.21,82.235,59
2026-05-07 15:11,82.24,82.285,82.23,82.23,37
2026-05-07 15:12,82.155,82.23,82.14,82.23,110
2026-05-07 15:13,82.13,82.15,82.085,82.145,53
2026-05-07 15:14,82.105,82.13,82.05,82.13,48
2026-05-07 15:15,82.035,82.14,81.99,82.085,93
2026-05-07 15:16,82.1,82.1,82.04,82.04,58
2026-05-07 15:17,82.155,82.16,82.07,82.12,32
2026-05-07 15:18,82.11,82.13,82.06,82.13,19
2026-05-07 15:19,82.11,82.12,82.07,82.105,50
2026-05-07 15:20,82.035,82.115,82.035,82.115,23
2026-05-07 15:30,81.675,81.68,77.303,77.303,1254
2026-05-07 15:31,81.72,81.73,81.64,81.655,65
2026-05-07 15:32,81.76,81.78,81.7,81.715,40
2026-05-07 15:33,81.78,81.835,81.765,81.785,70
2026-05-07 15:34,81.795,81.85,81.79,81.81,39
2026-05-07 15:35,81.785,81.82,81.75,81.76,32
2026-05-07 15:36,81.735,81.82,81.735,81.765,94
2026-05-07 15:37,81.755,81.79,81.715,81.74,72
2026-05-07 15:38,81.655,81.78,81.655,81.735,26
2026-05-07 15:39,81.695,81.715,81.63,81.63,31
2026-05-07 15:40,81.565,81.695,81.565,81.695,46
2026-05-07 15:41,81.6,81.615,81.54,81.565,75
2026-05-07 15:42,81.65,81.65,81.58,81.6,42
2026-05-07 15:43,81.53,81.66,81.53,81.66,80
2026-05-07 15:44,81.545,81.585,81.52,81.54,76
2026-05-07 15:45,81.52,81.565,81.5,81.54,29
2026-05-07 15:46,81.43,81.535,81.43,81.535,68
2026-05-07 15:47,81.42,81.5,81.42,81.435,47
2026-05-07 15:48,81.435,81.505,81.415,81.415,55
2026-05-07 15:49,81.41,81.445,81.405,81.44,66
2026-05-07 15:50,81.445,81.445,81.365,81.405,94
2026-05-07 15:51,81.33,81.475,81.285,81.435,177
2026-05-07 15:52,81.115,81.275,81.055,81.275,217
2026-05-07 15:53,81.115,81.21,81.095,81.105,82
2026-05-07 15:54,81.22,81.28,81.125,81.125,55
2026-05-07 15:55,81.135,81.225,81.065,81.22,63
2026-05-07 15:56,81.125,81.14,81.08,81.14,57
2026-05-07 15:57,81.125,81.205,81.095,81.1,137
2026-05-07 15:58,80.98,81.115,80.915,81.11,258
2026-05-07 15:59,80.975,81.005,80.91,80.965,106
2026-05-07 16:00,80.855,80.985,80.81,80.965,189
2026-05-07 16:01,80.795,80.925,80.795,80.865,172
2026-05-07 16:02,81.01,81.01,80.775,80.8,236
2026-05-07 16:03,80.97,81.045,80.925,81.005,113
2026-05-07 16:04,80.785,81.01,80.765,80.955,247
2026-05-07 16:05,80.775,80.835,80.75,80.775,83
2026-05-07 16:06,80.76,80.825,80.755,80.795,77
2026-05-07 16:07,80.66,80.75,80.62,80.75,179
2026-05-07 16:08,80.645,80.695,80.595,80.655,95
2026-05-07 16:09,80.53,80.68,80.425,80.64,198
2026-05-07 16:10,80.445,80.63,80.4,80.525,217
2026-05-07 16:11,80.42,80.495,80.36,80.445,126
2026-05-07 16:12,80.355,80.455,80.355,80.435,78
2026-05-07 16:13,80.39,80.425,80.33,80.34,54
2026-05-07 16:14,80.39,80.45,80.37,80.395,36
2026-05-07 16:15,80.22,80.375,80.17,80.375,175
2026-05-07 16:16,80.215,80.255,80.145,80.225,120
2026-05-07 16:17,80.175,80.205,80.1,80.195,149
2026-05-07 16:18,79.985,80.21,79.96,80.19,180
2026-05-07 16:19,80.005,80.05,79.905,79.965,162
2026-05-07 16:20,80.29,80.29,79.975,80.01,199
2026-05-07 16:21,80.145,80.325,80.145,80.28,150
2026-05-07 16:22,80.325,80.37,80.16,80.16,134
2026-05-07 16:23,80.49,80.5,80.295,80.325,205
2026-05-07 16:24,80.495,80.5,80.38,80.495,99
2026-05-07 16:25,80.6,80.61,80.495,80.51,126
2026-05-07 16:26,80.615,80.64,80.55,80.59,128
2026-05-07 16:27,80.67,80.67,80.59,80.63,76
2026-05-07 16:28,80.63,80.72,80.615,80.68,86
2026-05-07 16:29,80.55,80.63,80.505,80.62,44
2026-05-07 16:30,80.32,80.585,80.32,80.55,181
2026-05-07 16:31,80.345,80.395,80.295,80.31,107
2026-05-07 16:32,80.56,80.56,80.34,80.34,54
2026-05-07 16:33,80.48,80.575,80.44,80.55,80
2026-05-07 16:34,80.535,80.535,80.485,80.485,66
2026-05-07 16:35,80.495,80.54,80.465,80.54,29
2026-05-07 16:36,80.49,80.49,80.415,80.465,44
2026-05-07 16:37,80.41,80.47,80.4,80.46,41
2026-05-07 16:38,80.28,80.405,80.235,80.405,159
2026-05-07 16:39,80.235,80.305,80.235,80.29,26
2026-05-07 16:40,80.35,80.355,80.24,80.245,40
2026-05-07 16:41,80.35,80.375,80.3,80.335,40
2026-05-07 16:42,80.31,80.35,80.265,80.35,53
2026-05-07 16:43,80.265,80.385,80.265,80.315,31
2026-05-07 16:44,80.315,80.315,80.245,80.245,40
2026-05-07 16:45,80.42,80.42,80.305,80.34,32
2026-05-07 16:46,80.35,80.445,80.345,80.41,39
2026-05-07 16:47,80.415,80.435,80.34,80.34,17
2026-05-07 16:48,80.425,80.495,80.405,80.405,38
2026-05-07 16:49,80.405,80.435,80.38,80.43,85
2026-05-07 16:50,80.415,80.415,80.325,80.365,53
2026-05-07 16:51,80.355,80.42,80.34,80.42,22
2026-05-07 16:52,80.355,80.355,80.275,80.355,70
2026-05-07 16:53,80.445,80.47,80.34,80.36,85
2026-05-07 16:54,80.465,80.48,80.405,80.46,38
2026-05-07 16:55,80.5,80.54,80.475,80.49,69
2026-05-07 16:56,80.39,80.495,80.37,80.465,36
2026-05-07 16:57,80.34,80.415,80.325,80.37,44
2026-05-07 16:58,80.435,80.46,80.32,80.33,29
2026-05-07 16:59,80.42,80.44,80.395,80.435,38
2026-05-07 17:00,80.365,80.41,80.295,80.405,67
2026-05-07 17:01,80.335,80.375,80.31,80.35,32
2026-05-07 17:02,80.355,80.4,80.29,80.325,51
2026-05-07 17:03,80.46,80.46,80.355,80.355,25
2026-05-07 17:04,80.46,80.48,80.42,80.45,25
2026-05-07 17:05,80.435,80.49,80.38,80.44,47
2026-05-07 17:06,80.465,80.47,80.365,80.43,52
2026-05-07 17:07,80.47,80.5,80.445,80.47,49
2026-05-07 17:08,80.55,80.55,80.455,80.455,44
2026-05-07 17:09,80.445,80.555,80.395,80.55,57
2026-05-07 17:10,80.36,80.49,80.355,80.43,55
2026-05-07 17:11,80.35,80.385,80.32,80.355,44
2026-05-07 17:12,80.28,80.375,80.255,80.365,95
2026-05-07 17:13,80.195,80.275,80.145,80.27,201
2026-05-07 17:14,80.21,80.24,80.15,80.2,65
2026-05-07 17:15,80.07,80.2,80.055,80.2,110
2026-05-07 17:16,80.105,80.12,80.035,80.07,102
2026-05-07 17:17,79.99,80.085,79.97,80.085,95
2026-05-07 17:18,79.81,80.0,79.81,80.0,158
2026-05-07 17:19,79.68,79.805,79.62,79.805,255
2026-05-07 17:20,79.695,79.73,79.66,79.7,104
2026-05-07 17:21,79.765,79.835,79.7,79.7,126
2026-05-07 17:22,79.885,79.9,79.74,79.74,86
2026-05-07 17:23,80.175,80.175,79.915,79.915,210
2026-05-07 17:24,80.165,80.275,80.115,80.18,578
2026-05-07 17:25,79.87,80.3,79.735,80.16,402
2026-05-07 17:26,79.63,79.885,79.62,79.86,337
2026-05-07 17:27,79.44,79.67,79.35,79.67,324
2026-05-07 17:28,79.69,79.71,79.345,79.445,202
2026-05-07 17:29,79.625,79.8,79.59,79.705,112
2026-05-07 17:30,79.625,79.635,79.455,79.62,90
2026-05-07 17:31,79.635,79.66,79.49,79.615,93
2026-05-07 17:32,79.64,79.72,79.565,79.59,63
2026-05-07 17:33,79.535,79.665,79.51,79.64,68
2026-05-07 17:34,79.705,79.72,79.54,79.54,62
2026-05-07 17:35,79.655,79.68,79.61,79.675,55
2026-05-07 17:36,79.675,79.73,79.635,79.64,48
2026-05-07 17:37,79.805,79.865,79.65,79.73,56
2026-05-07 17:38,79.78,79.855,79.755,79.815,56
2026-05-07 17:39,79.91,79.91,79.8,79.8,44
2026-05-07 17:40,79.935,79.96,79.86,79.9,79
2026-05-07 17:41,79.89,79.955,79.865,79.915,39
2026-05-07 17:42,79.895,79.965,79.895,79.9,50
2026-05-07 17:43,79.85,79.88,79.835,79.88,20
2026-05-07 17:44,79.81,79.92,79.8,79.91,31
2026-05-07 17:45,79.805,79.84,79.795,79.825,32
2026-05-07 17:46,79.795,79.865,79.795,79.825,40
2026-05-07 17:47,79.895,79.955,79.805,79.815,39
2026-05-07 17:48,79.865,79.87,79.835,79.87,10
2026-05-07 17:49,79.81,79.845,79.765,79.845,17
2026-05-07 17:50,79.825,79.825,79.755,79.79,28
2026-05-07 17:51,79.825,79.88,79.825,79.855,16
2026-05-07 17:52,79.8,79.865,79.8,79.865,17
2026-05-07 17:53,79.85,79.85,79.845,79.845,5
2026-05-07 17:54,79.95,79.95,79.85,79.85,20
2026-05-07 17:55,79.98,80.05,79.935,79.97,138
2026-05-07 17:56,80.135,80.3,79.97,80.005,326
2026-05-07 17:57,80.17,80.23,80.135,80.135,109
2026-05-07 17:58,80.185,80.19,80.14,80.175,36
2026-05-07 17:59,80.28,80.28,80.175,80.195,57
2026-05-07 18:00,80.195,80.285,80.19,80.285,67
2026-05-07 18:01,80.24,80.26,80.195,80.195,24
2026-05-07 18:02,80.225,80.245,80.14,80.23,41
2026-05-07 18:03,80.16,80.25,80.13,80.225,27
2026-05-07 18:04,80.175,80.205,80.125,80.18,26
2026-05-07 18:05,80.215,80.23,80.17,80.175,20
2026-05-07 18:06,80.28,80.28,80.235,80.235,24
2026-05-07 18:07,80.285,80.285,80.235,80.28,11
2026-05-07 18:08,80.3,80.305,80.25,80.28,24
2026-05-07 18:09,80.175,80.31,80.145,80.3,42
2026-05-07 18:10,80.18,80.205,80.1,80.165,25
2026-05-07 18:11,80.17,80.2,80.135,80.16,26
2026-05-07 18:12,80.2,80.2,80.14,80.155,28
2026-05-07 18:13,80.12,80.2,80.105,80.2,16
2026-05-07 18:14,80.12,80.16,80.12,80.145,7
2026-05-07 18:15,80.135,80.195,80.13,80.19,18
2026-05-07 18:16,80.135,80.17,80.115,80.17,8
2026-05-07 18:17,80.125,80.155,80.125,80.155,11
2026-05-07 18:18,80.2,80.2,80.155,80.155,5
2026-05-07 18:19,80.125,80.185,80.12,80.185,11
2026-05-07 18:20,80.18,80.18,80.135,80.16,18
2026-05-07 18:21,80.185,80.2,80.185,80.2,11
2026-05-07 18:22,80.07,80.105,80.045,80.105,45
2026-05-07 18:23,80.07,80.07,80.07,80.07,1
2026-05-07 18:24,80.02,80.04,80.02,80.03,4
2026-05-07 18:25,80.045,80.045,79.985,80.0,15
2026-05-07 18:26,80.105,80.105,80.05,80.05,7
2026-05-07 18:27,80.07,80.09,80.05,80.09,10
2026-05-07 18:28,80.125,80.145,80.095,80.095,7
2026-05-07 18:29,80.16,80.16,80.11,80.13,14
2026-05-07 18:30,80.135,80.17,80.135,80.14,7
2026-05-07 18:31,80.16,80.175,80.15,80.155,5
2026-05-07 18:32,80.165,80.195,80.15,80.175,11
2026-05-07 18:33,80.195,80.2,80.155,80.155,27
2026-05-07 18:34,80.12,80.155,80.12,80.15,8
2026-05-07 18:35,80.125,80.2,80.125,80.155,12
2026-05-07 18:36,80.175,80.175,80.13,80.14,28
2026-05-07 18:37,80.005,80.18,80.0,80.175,30
2026-05-07 18:38,79.97,80.01,79.86,80.01,129
2026-05-07 18:39,80.03,80.06,79.9,79.955,41
2026-05-07 18:40,79.985,80.015,79.95,80.01,9
2026-05-07 18:41,79.93,79.99,79.915,79.975,12
2026-05-07 18:42,80.06,80.06,79.945,79.945,10
2026-05-07 18:43,79.975,80.085,79.955,80.055,52
2026-05-07 18:44,79.83,80.05,79.745,79.985,110
2026-05-07 18:45,79.675,79.83,79.44,79.83,275
2026-05-07 18:46,79.78,79.795,79.69,79.69,39
2026-05-07 18:47,79.67,79.785,79.645,79.785,40
2026-05-07 18:48,79.62,79.665,79.575,79.61,24
2026-05-07 18:49,79.455,79.57,79.455,79.57,42
2026-05-07 18:50,79.21,79.445,79.15,79.445,157
2026-05-07 18:51,79.405,79.405,79.21,79.21,63
2026-05-07 18:52,79.42,79.42,79.31,79.395,43
2026-05-07 18:53,79.42,79.43,79.295,79.425,65
2026-05-07 18:54,79.355,79.47,79.26,79.425,62
2026-05-07 18:55,79.49,79.54,79.285,79.305,134
2026-05-07 18:56,79.6,79.62,79.445,79.485,62
2026-05-07 18:57,79.605,79.65,79.585,79.615,26
2026-05-07 18:58,79.71,79.71,79.64,79.64,56
2026-05-07 18:59,79.755,79.78,79.705,79.715,53
2026-05-07 19:00,79.74,79.88,79.74,79.76,32
2026-05-07 19:01,79.62,79.725,79.6,79.71,32
2026-05-07 19:02,79.565,79.63,79.56,79.63,17
2026-05-07 19:03,79.575,79.585,79.53,79.53,8
2026-05-07 19:04,79.6,79.625,79.6,79.6,7
2026-05-07 19:05,79.67,79.675,79.65,79.65,14
2026-05-07 19:06,79.65,79.675,79.65,79.675,13
2026-05-07 19:07,79.745,79.745,79.6,79.615,36
2026-05-07 19:08,79.74,79.785,79.73,79.73,20
2026-05-07 19:09,79.755,79.755,79.735,79.735,2
2026-05-07 19:10,79.74,79.8,79.735,79.74,6
2026-05-07 19:11,79.775,79.78,79.75,79.765,10
2026-05-07 19:12,79.745,79.78,79.74,79.765,26
2026-05-07 19:13,79.79,79.82,79.755,79.815,12
2026-05-07 19:14,79.775,79.775,79.775,79.775,13
2026-05-07 19:15,79.77,79.77,79.725,79.745,10
2026-05-07 19:16,79.8,79.8,79.735,79.76,9
2026-05-07 19:17,79.585,79.77,79.585,79.77,49
2026-05-07 19:18,79.485,79.58,79.455,79.555,51
2026-05-07 19:19,79.475,79.545,79.41,79.52,26
2026-05-07 19:20,79.49,79.49,79.38,79.44,19
2026-05-07 19:21,79.515,79.515,79.48,79.505,11
2026-05-07 19:22,79.51,79.56,79.51,79.515,12
2026-05-07 19:23,79.435,79.505,79.36,79.505,44
2026-05-07 19:24,79.35,79.4,79.32,79.395,36
2026-05-07 19:25,79.375,79.375,79.27,79.31,55
2026-05-07 19:26,79.46,79.465,79.315,79.345,29
2026-05-07 19:27,79.635,79.655,79.44,79.44,60
2026-05-07 19:28,79.51,79.62,79.51,79.62,14
2026-05-07 19:29,79.525,79.525,79.47,79.51,16
2026-05-07 19:30,79.57,79.62,79.525,79.53,21
2026-05-07 19:31,79.605,79.62,79.6,79.605,7
2026-05-07 19:32,79.61,79.61,79.55,79.55,15
2026-05-07 19:33,79.67,79.67,79.61,79.61,15
2026-05-07 19:34,79.725,79.725,79.675,79.675,54
2026-05-07 19:35,79.695,79.72,79.695,79.715,37
2026-05-07 19:36,79.77,79.785,79.695,79.695,15
2026-05-07 19:37,79.84,79.85,79.72,79.76,40
2026-05-07 19:38,79.83,79.86,79.82,79.85,36
2026-05-07 19:39,79.83,79.86,79.82,79.82,6
2026-05-07 19:40,79.84,79.855,79.835,79.855,6
2026-05-07 19:41,79.795,79.87,79.79,79.85,38
2026-05-07 19:42,79.745,79.83,79.745,79.805,25
2026-05-07 19:43,79.78,79.78,79.7,79.74,41
2026-05-07 19:44,79.815,79.825,79.78,79.795,7
2026-05-07 19:45,79.735,79.82,79.735,79.82,7
2026-05-07 19:46,79.67,79.75,79.67,79.75,16
2026-05-07 19:47,79.66,79.67,79.645,79.67,20
2026-05-07 19:48,79.66,79.66,79.65,79.65,6
2026-05-07 19:49,79.745,79.77,79.68,79.68,26
2026-05-07 19:50,79.78,79.82,79.77,79.77,10
2026-05-07 19:51,79.8,79.8,79.725,79.745,14
2026-05-07 19:52,79.685,79.815,79.555,79.815,225
2026-05-07 19:53,79.71,79.71,79.63,79.685,75
2026-05-07 19:54,79.745,79.745,79.71,79.73,26
2026-05-07 19:55,79.625,79.725,79.62,79.72,83
2026-05-07 19:56,79.645,79.655,79.575,79.605,18
2026-05-07 19:57,79.725,79.755,79.635,79.635,29
2026-05-07 19:58,79.68,79.705,79.655,79.695,18
2026-05-07 19:59,79.635,79.68,79.62,79.67,45
2026-05-07 20:00,79.72,79.73,79.63,79.64,40
2026-05-07 20:01,79.77,79.78,79.645,79.73,56
2026-05-07 20:02,80.03,80.11,79.81,79.81,121
2026-05-07 20:03,80.09,80.175,80.035,80.035,90
2026-05-07 20:04,80.245,80.355,80.065,80.09,100
2026-05-07 20:05,80.225,80.245,80.18,80.24,61
2026-05-07 20:06,80.205,80.225,80.185,80.225,11
2026-05-07 20:07,80.235,80.235,80.17,80.185,18
2026-05-07 20:08,80.185,80.245,80.185,80.235,15
2026-05-07 20:09,80.09,80.21,80.075,80.2,29
2026-05-07 20:10,80.16,80.16,80.07,80.09,10
2026-05-07 20:11,80.14,80.165,80.14,80.165,2
2026-05-07 20:12,80.13,80.16,80.13,80.155,21
2026-05-07 20:13,80.105,80.135,80.08,80.125,30
2026-05-07 20:14,80.145,80.145,80.12,80.14,8
2026-05-07 20:15,80.135,80.14,80.12,80.14,4
2026-05-07 20:16,80.13,80.13,80.075,80.1,34
2026-05-07 20:17,80.155,80.155,80.075,80.11,26
2026-05-07 20:18,80.215,80.215,80.17,80.195,5
2026-05-07 20:19,80.26,80.27,80.215,80.215,10
2026-05-07 20:20,80.25,80.265,80.25,80.265,5
2026-05-07 20:21,80.2,80.25,80.2,80.225,15
2026-05-07 20:22,80.235,80.255,80.23,80.235,20
2026-05-07 20:23,80.305,80.32,80.275,80.275,12
2026-05-07 20:24,80.27,80.315,80.27,80.315,14
2026-05-07 20:25,80.3,80.3,80.29,80.295,30
2026-05-07 20:26,80.29,80.315,80.29,80.315,3
2026-05-07 20:27,80.355,80.355,80.3,80.3,11
2026-05-07 20:28,80.335,80.355,80.335,80.355,8
2026-05-07 20:30,80.16,80.28,80.125,80.28,82
2026-05-07 20:31,80.31,80.33,80.15,80.16,113
2026-05-07 20:32,80.295,80.31,80.295,80.31,6
2026-05-07 20:33,80.28,80.285,80.28,80.285,3
2026-05-07 20:34,80.24,80.255,80.24,80.255,5
2026-05-07 20:35,80.3,80.3,80.285,80.285,2
2026-05-07 20:36,80.255,80.29,80.255,80.26,4
2026-05-07 20:37,79.79,80.26,79.745,80.245,90
2026-05-07 20:38,79.82,80.045,79.79,79.905,63
2026-05-07 20:39,79.655,79.815,79.63,79.805,52
2026-05-07 20:40,79.785,79.785,79.62,79.635,21
2026-05-07 20:41,79.84,79.86,79.775,79.8,19
2026-05-07 20:42,79.83,79.83,79.76,79.8,11
2026-05-07 20:43,79.715,79.865,79.715,79.84,29
2026-05-07 20:44,79.7,79.745,79.65,79.73,33
2026-05-07 20:45,79.635,79.71,79.625,79.71,27
2026-05-07 20:46,79.71,79.725,79.57,79.645,20
2026-05-07 20:47,79.575,79.655,79.575,79.655,12
2026-05-07 20:48,79.675,79.685,79.635,79.635,9
2026-05-07 20:49,79.755,79.805,79.715,79.715,27
2026-05-07 20:50,79.685,79.78,79.665,79.775,20
2026-05-07 20:51,79.69,79.69,79.69,79.69,1
2026-05-07 20:52,79.665,79.665,79.665,79.665,1
2026-05-07 20:53,79.54,79.735,79.54,79.735,46
2026-05-07 20:54,79.48,79.62,79.48,79.57,39
2026-05-07 20:55,79.265,79.485,79.245,79.47,92
2026-05-07 20:56,79.05,79.265,78.955,79.265,121
2026-05-07 20:57,79.115,79.115,78.985,79.045,36
2026-05-07 20:58,79.01,79.205,78.965,79.115,71
2026-05-07 20:59,78.915,79.1,78.85,79.015,67
2026-05-07 22:00,78.835,78.845,78.58,78.8,0
2026-05-07 22:01,79.03,79.1,78.845,78.875,90
2026-05-07 22:02,78.92,79.06,78.88,79.035,47
2026-05-07 22:03,79.105,79.105,78.91,78.91,12
2026-05-07 22:04,79.165,79.2,79.13,79.13,12
2026-05-07 22:05,78.89,79.14,78.88,79.14,40
2026-05-07 22:06,78.935,78.935,78.865,78.91,11
2026-05-07 22:07,78.9,78.91,78.87,78.895,13
2026-05-07 22:08,78.96,78.96,78.755,78.91,47
2026-05-07 22:09,79.095,79.095,78.99,78.99,21
2026-05-07 22:10,79.2,79.2,79.13,79.13,17
2026-05-07 22:11,79.265,79.265,79.2,79.2,20
2026-05-07 22:12,79.395,79.405,79.265,79.27,66
2026-05-07 22:13,79.115,79.375,79.115,79.375,52
2026-05-07 22:14,79.205,79.205,79.095,79.125,51
2026-05-07 22:15,79.18,79.19,79.18,79.19,4
2026-05-07 22:16,79.265,79.36,79.165,79.165,45
2026-05-07 22:17,79.205,79.26,79.205,79.245,30
2026-05-07 22:18,79.25,79.25,79.22,79.24,3
2026-05-07 22:19,79.245,79.245,79.2,79.215,6
2026-05-07 22:20,79.205,79.225,79.2,79.225,6
2026-05-07 22:21,79.34,79.36,79.165,79.17,28
2026-05-07 22:22,79.29,79.39,79.29,79.35,28
2026-05-07 22:23,79.335,79.335,79.27,79.27,3
2026-05-07 22:24,79.31,79.355,79.29,79.33,9
2026-05-07 22:25,79.335,79.34,79.33,79.33,5
2026-05-07 22:26,79.355,79.39,79.35,79.35,8
2026-05-07 22:27,79.395,79.395,79.39,79.39,8
2026-05-07 22:28,79.325,79.335,79.32,79.335,20
2026-05-07 22:30,79.38,79.38,79.335,79.335,2
2026-05-07 22:31,79.365,79.365,79.365,79.365,1
2026-05-07 22:32,79.4,79.4,79.315,79.325,8
2026-05-07 22:33,79.295,79.39,79.295,79.375,10
2026-05-07 22:34,79.2,79.335,79.195,79.32,31
2026-05-07 22:35,79.265,79.265,79.18,79.185,6
2026-05-07 22:36,79.225,79.265,79.22,79.22,12
2026-05-07 22:37,79.17,79.225,79.17,79.225,8
2026-05-07 22:38,79.205,79.22,79.205,79.22,2
2026-05-07 22:39,79.265,79.265,79.19,79.195,7
2026-05-07 22:40,79.215,79.29,79.215,79.265,8
2026-05-07 22:41,79.12,79.165,79.12,79.165,14
2026-05-07 22:42,79.075,79.075,79.075,79.075,1
2026-05-07 22:43,79.14,79.14,79.12,79.12,3
2026-05-07 22:44,79.145,79.145,79.145,79.145,1
2026-05-07 22:45,79.07,79.1,79.07,79.1,41
2026-05-07 22:46,79.045,79.075,79.025,79.075,41
2026-05-07 22:47,79.06,79.065,79.035,79.035,3
2026-05-07 22:48,78.92,79.0,78.92,79.0,46
2026-05-07 22:49,78.92,78.975,78.92,78.975,7
2026-05-07 22:50,78.91,78.91,78.8,78.895,40
2026-05-07 22:51,78.995,79.01,78.91,78.925,12
2026-05-07 22:52,78.965,78.98,78.965,78.98,2
2026-05-07 22:53,78.925,78.96,78.925,78.96,3
2026-05-07 22:54,79.015,79.015,78.98,78.985,10
2026-05-07 22:55,78.945,78.995,78.94,78.995,18
2026-05-07 22:56,78.985,78.985,78.98,78.98,3
2026-05-07 22:57,79.08,79.08,79.04,79.04,6
2026-05-07 22:58,78.99,79.065,78.99,79.065,3
2026-05-07 22:59,79.04,79.04,79.0,79.0,2
2026-05-07 23:00,79.1,79.1,79.05,79.05,5
2026-05-07 23:01,79.145,79.16,79.115,79.12,5
2026-05-07 23:02,79.14,79.14,79.09,79.09,6
2026-05-07 23:03,79.15,79.17,79.1,79.16,6
2026-05-07 23:04,79.155,79.155,79.155,79.155,1
2026-05-07 23:05,79.16,79.16,79.16,79.16,1
2026-05-07 23:06,79.12,79.135,79.115,79.135,5
2026-05-07 23:08,79.19,79.205,79.175,79.175,16
2026-05-07 23:09,79.315,79.315,79.195,79.195,19
2026-05-07 23:10,79.28,79.315,79.28,79.3,9
2026-05-07 23:11,79.32,79.32,79.32,79.32,1
2026-05-07 23:12,79.3,79.34,79.3,79.34,13
2026-05-07 23:13,79.26,79.26,79.25,79.26,23
2026-05-07 23:14,79.225,79.23,79.195,79.23,19
2026-05-07 23:15,79.295,79.295,79.26,79.26,8
2026-05-07 23:16,79.3,79.305,79.28,79.28,15
2026-05-07 23:17,79.33,79.33,79.3,79.3,2
2026-05-07 23:18,79.28,79.3,79.28,79.3,8
2026-05-07 23:19,79.32,79.32,79.32,79.32,1
2026-05-07 23:20,79.44,79.47,79.355,79.355,21
2026-05-07 23:21,79.595,79.595,79.46,79.46,54
2026-05-07 23:22,79.475,79.555,79.475,79.55,25
2026-05-07 23:23,79.51,79.51,79.475,79.475,6
2026-05-07 23:24,79.52,79.58,79.52,79.545,9
2026-05-07 23:25,79.52,79.54,79.485,79.51,14
2026-05-07 23:26,79.52,79.575,79.52,79.545,14
2026-05-07 23:27,79.555,79.555,79.515,79.53,9
2026-05-07 23:28,79.625,79.625,79.575,79.575,18
2026-05-07 23:29,79.52,79.62,79.52,79.61,17
2026-05-07 23:30,79.605,79.605,79.6,79.6,4
2026-05-07 23:31,79.515,79.565,79.515,79.565,4
2026-05-07 23:32,79.53,79.53,79.51,79.51,9
2026-05-07 23:33,79.62,79.625,79.6,79.6,3
2026-05-07 23:34,79.62,79.62,79.595,79.595,3
2026-05-07 23:35,79.6,79.6,79.6,79.6,2
2026-05-07 23:36,79.585,79.605,79.57,79.605,13
2026-05-07 23:37,79.555,79.585,79.555,79.585,2
2026-05-07 23:38,79.57,79.58,79.57,79.57,3
2026-05-07 23:39,79.555,79.555,79.555,79.555,2
2026-05-07 23:40,79.56,79.56,79.56,79.56,1
2026-05-07 23:41,79.51,79.52,79.51,79.52,2
2026-05-07 23:42,79.56,79.56,79.545,79.545,4
2026-05-07 23:43,79.535,79.555,79.535,79.555,2
2026-05-07 23:44,79.535,79.535,79.505,79.515,4
2026-05-07 23:45,79.62,79.625,79.605,79.605,6
2026-05-07 23:46,79.645,79.66,79.62,79.625,7
2026-05-07 23:47,79.6,79.635,79.6,79.635,16
2026-05-07 23:48,79.645,79.645,79.62,79.62,9
2026-05-07 23:50,79.735,79.78,79.68,79.68,17
2026-05-07 23:51,79.74,79.74,79.705,79.71,21
2026-05-07 23:52,79.715,79.75,79.695,79.75,37
2026-05-07 23:53,79.765,79.765,79.765,79.765,2
2026-05-07 23:54,79.735,79.77,79.735,79.77,5
2026-05-07 23:55,79.755,79.755,79.735,79.735,2
2026-05-07 23:56,79.77,79.77,79.755,79.765,3
2026-05-07 23:57,79.705,79.75,79.705,79.73,7
2026-05-07 23:58,79.695,79.7,79.625,79.7,15
2026-05-07 23:59,79.745,79.745,79.72,79.72,3
2026-05-08 00:00,79.825,79.875,79.71,79.75,35
2026-05-08 00:01,79.765,79.84,79.765,79.77,10
2026-05-08 00:02,79.69,79.73,79.67,79.73,12
2026-05-08 00:03,79.77,79.77,79.76,79.76,2
2026-05-08 00:04,79.745,79.795,79.725,79.75,7
2026-05-08 00:06,79.875,79.875,79.78,79.78,11
2026-05-08 00:07,79.825,79.9,79.825,79.9,22
2026-05-08 00:08,79.92,79.925,79.81,79.825,70
2026-05-08 00:09,79.9,79.94,79.88,79.88,13
2026-05-08 00:10,79.95,79.975,79.93,79.945,25
2026-05-08 00:11,79.88,79.935,79.88,79.935,10
2026-05-08 00:12,79.75,79.845,79.75,79.845,10
2026-05-08 00:13,79.675,79.78,79.675,79.78,14
2026-05-08 00:14,79.705,79.705,79.655,79.685,10
2026-05-08 00:15,79.58,79.685,79.525,79.685,52
2026-05-08 00:16,79.58,79.58,79.535,79.56,5
2026-05-08 00:17,79.525,79.605,79.5,79.595,13
2026-05-08 00:18,79.36,79.49,79.345,79.49,20
2026-05-08 00:19,79.345,79.405,79.335,79.4,27
2026-05-08 00:20,79.355,79.355,79.325,79.325,4
2026-05-08 00:21,79.49,79.49,79.355,79.355,13
2026-05-08 00:22,79.565,79.565,79.495,79.495,13
2026-05-08 00:23,79.575,79.63,79.575,79.59,15
2026-05-08 00:24,79.57,79.57,79.545,79.57,10
2026-05-08 00:25,79.57,79.62,79.57,79.58,27
2026-05-08 00:26,79.615,79.655,79.59,79.595,38
2026-05-08 00:27,79.51,79.6,79.51,79.595,23
2026-05-08 00:28,79.315,79.505,79.315,79.495,14
2026-05-08 00:29,79.375,79.375,79.32,79.32,9
2026-05-08 00:30,79.385,79.39,79.34,79.34,6
2026-05-08 00:31,79.415,79.415,79.4,79.4,2
2026-05-08 00:32,79.5,79.5,79.44,79.44,8
2026-05-08 00:33,79.485,79.485,79.485,79.485,1
2026-05-08 00:34,79.475,79.525,79.46,79.46,10
2026-05-08 00:35,79.56,79.56,79.55,79.55,4
2026-05-08 00:37,79.57,79.57,79.565,79.565,2
2026-05-08 00:38,79.55,79.55,79.55,79.55,1
2026-05-08 00:39,79.575,79.605,79.555,79.58,19
2026-05-08 00:40,79.58,79.605,79.58,79.605,2
2026-05-08 00:41,79.685,79.685,79.59,79.59,11
2026-05-08 00:42,79.65,79.685,79.65,79.685,2
2026-05-08 00:43,79.66,79.7,79.63,79.63,9
2026-05-08 00:44,79.58,79.65,79.58,79.65,5
2026-05-08 00:45,79.42,79.515,79.42,79.515,17
2026-05-08 00:46,79.365,79.4,79.35,79.4,14
2026-05-08 00:47,79.435,79.445,79.395,79.395,9
2026-05-08 00:48,79.485,79.485,79.415,79.42,5
2026-05-08 00:49,79.45,79.455,79.45,79.455,2
2026-05-08 00:50,79.45,79.45,79.395,79.43,6
2026-05-08 00:51,79.405,79.46,79.405,79.45,3
2026-05-08 00:52,79.425,79.435,79.395,79.405,11
2026-05-08 00:53,79.395,79.405,79.39,79.405,7
2026-05-08 00:54,79.395,79.395,79.395,79.395,1
2026-05-08 00:55,79.415,79.415,79.41,79.41,2
2026-05-08 00:56,79.505,79.505,79.46,79.46,14
2026-05-08 00:57,79.565,79.565,79.52,79.52,3
2026-05-08 00:58,79.565,79.595,79.555,79.595,17
2026-05-08 00:59,79.61,79.67,79.515,79.545,44
2026-05-08 01:00,79.9,79.975,79.575,79.605,101
2026-05-08 01:01,80.0,80.07,79.855,79.885,53
2026-05-08 01:02,80.035,80.035,79.9,79.945,24
2026-05-08 01:03,80.125,80.18,80.005,80.02,62
2026-05-08 01:04,80.135,80.17,80.09,80.13,13
2026-05-08 01:05,80.23,80.24,80.15,80.15,52
2026-05-08 01:06,80.345,80.385,80.215,80.23,56
2026-05-08 01:07,80.325,80.39,80.31,80.325,66
2026-05-08 01:08,80.36,80.395,80.32,80.38,25
2026-05-08 01:09,80.305,80.435,80.305,80.38,33
2026-05-08 01:10,80.415,80.415,80.285,80.29,35
2026-05-08 01:11,80.45,80.525,80.395,80.41,104
2026-05-08 01:12,80.355,80.455,80.355,80.455,46
2026-05-08 01:13,80.33,80.38,80.33,80.355,13
2026-05-08 01:14,80.3,80.35,80.295,80.33,15
2026-05-08 01:15,80.24,80.3,80.205,80.3,28
2026-05-08 01:16,80.32,80.32,80.235,80.24,21
2026-05-08 01:17,80.365,80.365,80.315,80.315,9
2026-05-08 01:18,80.42,80.42,80.315,80.37,21
2026-05-08 01:19,80.4,80.4,80.385,80.385,4
2026-05-08 01:20,80.315,80.4,80.315,80.4,18
2026-05-08 01:21,80.375,80.39,80.345,80.355,17
2026-05-08 01:22,80.395,80.395,80.37,80.39,4
2026-05-08 01:23,80.435,80.435,80.4,80.405,13
2026-05-08 01:24,80.36,80.405,80.345,80.39,12
2026-05-08 01:25,80.47,80.47,80.35,80.36,14
2026-05-08 01:26,80.43,80.5,80.43,80.485,25
2026-05-08 01:27,80.455,80.51,80.435,80.435,7
2026-05-08 01:28,80.42,80.505,80.42,80.505,16
2026-05-08 01:29,80.44,80.445,80.41,80.43,11
2026-05-08 01:30,80.4,80.5,80.39,80.445,20
2026-05-08 01:31,80.465,80.465,80.31,80.36,32
2026-05-08 01:32,80.5,80.565,80.42,80.43,31
2026-05-08 01:33,80.49,80.495,80.445,80.485,17
2026-05-08 01:34,80.475,80.545,80.475,80.535,11
2026-05-08 01:35,80.48,80.485,80.45,80.475,17
2026-05-08 01:36,80.405,80.5,80.385,80.5,29
2026-05-08 01:37,80.25,80.41,80.25,80.41,24
2026-05-08 01:38,80.21,80.28,80.14,80.24,34
2026-05-08 01:39,80.26,80.26,80.175,80.215,9
2026-05-08 01:40,80.215,80.25,80.2,80.25,6
2026-05-08 01:41,80.17,80.25,80.14,80.2,10
2026-05-08 01:42,80.19,80.19,80.145,80.15,3
2026-05-08 01:43,80.26,80.26,80.21,80.22,8
2026-05-08 01:44,80.245,80.27,80.195,80.245,11
2026-05-08 01:45,80.395,80.44,80.285,80.285,14
2026-05-08 01:46,80.47,80.5,80.435,80.44,30
2026-05-08 01:47,80.45,80.455,80.405,80.455,17
2026-05-08 01:48,80.535,80.59,80.45,80.46,47
2026-05-08 01:49,80.72,80.75,80.545,80.545,158
2026-05-08 01:50,80.59,80.735,80.575,80.73,189
2026-05-08 01:51,80.58,80.61,80.565,80.61,26
2026-05-08 01:52,80.51,80.575,80.495,80.565,22
2026-05-08 01:53,80.545,80.545,80.51,80.51,10
2026-05-08 01:54,80.475,80.52,80.45,80.52,9
2026-05-08 01:55,80.525,80.525,80.465,80.465,12
2026-05-08 01:56,80.55,80.575,80.53,80.575,9
2026-05-08 01:57,80.545,80.595,80.54,80.595,12
2026-05-08 01:58,80.575,80.575,80.555,80.565,8
2026-05-08 01:59,80.47,80.51,80.465,80.505,19
2026-05-08 02:00,80.535,80.535,80.475,80.485,11
2026-05-08 02:01,80.47,80.485,80.425,80.485,8
2026-05-08 02:02,80.53,80.54,80.43,80.43,10
2026-05-08 02:03,80.65,80.66,80.59,80.59,31
2026-05-08 02:04,80.65,80.695,80.61,80.67,24
2026-05-08 02:05,80.66,80.66,80.63,80.63,5
2026-05-08 02:06,80.605,80.61,80.575,80.61,7
2026-05-08 02:07,80.55,80.59,80.53,80.59,17
2026-05-08 02:08,80.56,80.56,80.535,80.535,2
2026-05-08 02:09,80.625,80.64,80.585,80.62,5
2026-05-08 02:10,80.585,80.6,80.585,80.59,5
2026-05-08 02:11,80.55,80.55,80.53,80.53,2
2026-05-08 02:12,80.525,80.555,80.515,80.555,12
2026-05-08 02:13,80.49,80.5,80.405,80.485,28
2026-05-08 02:14,80.445,80.495,80.435,80.495,8
2026-05-08 02:15,80.4,80.415,80.4,80.41,11
2026-05-08 02:16,80.295,80.385,80.26,80.38,70
2026-05-08 02:17,80.255,80.28,80.23,80.275,70
2026-05-08 02:18,80.25,80.285,80.23,80.285,24
2026-05-08 02:19,80.24,80.275,80.23,80.275,12
2026-05-08 02:20,80.37,80.37,80.365,80.365,2
2026-05-08 02:21,80.34,80.36,80.34,80.36,4
2026-05-08 02:22,80.27,80.33,80.27,80.33,3
2026-05-08 02:23,80.26,80.29,80.26,80.29,2
2026-05-08 02:24,80.295,80.33,80.295,80.31,12
2026-05-08 02:25,80.28,80.28,80.265,80.27,3
2026-05-08 02:26,80.315,80.315,80.315,80.315,1
2026-05-08 02:27,80.3,80.3,80.3,80.3,1
2026-05-08 02:28,80.345,80.355,80.325,80.34,9
2026-05-08 02:29,80.34,80.34,80.325,80.34,3
2026-05-08 02:30,80.335,80.38,80.245,80.245,19
2026-05-08 02:31,80.28,80.335,80.235,80.335,8
2026-05-08 02:32,80.195,80.245,80.195,80.245,8
2026-05-08 02:33,80.13,80.26,80.125,80.23,33
2026-05-08 02:34,80.16,80.18,80.14,80.14,5
2026-05-08 02:35,80.08,80.285,80.05,80.26,65
2026-05-08 02:36,79.97,80.09,79.9,80.09,101
2026-05-08 02:37,80.055,80.08,79.945,79.975,27
2026-05-08 02:38,79.995,80.095,79.95,80.05,46
2026-05-08 02:39,80.085,80.1,80.02,80.035,32
2026-05-08 02:40,80.195,80.2,80.08,80.08,18
2026-05-08 02:41,80.23,80.23,80.175,80.175,9
2026-05-08 02:42,80.215,80.215,80.17,80.19,3
2026-05-08 02:43,80.23,80.23,80.22,80.22,2
2026-05-08 02:44,80.1,80.18,80.07,80.18,13
2026-05-08 02:45,80.2,80.2,80.07,80.07,31
2026-05-08 02:46,80.255,80.255,80.21,80.22,30
2026-05-08 02:47,80.095,80.26,80.095,80.245,9
2026-05-08 02:48,80.125,80.125,80.07,80.115,7
2026-05-08 02:49,80.32,80.325,80.13,80.13,17
2026-05-08 02:50,80.275,80.375,80.275,80.35,11
2026-05-08 02:51,80.285,80.29,80.28,80.28,16
2026-05-08 02:52,80.255,80.315,80.255,80.305,8
2026-05-08 02:53,80.145,80.195,80.13,80.195,9
2026-05-08 02:54,80.265,80.275,80.17,80.17,51
2026-05-08 02:55,80.255,80.255,80.255,80.255,1
2026-05-08 02:56,80.175,80.25,80.175,80.25,9
2026-05-08 02:57,80.165,80.17,80.12,80.145,15
2026-05-08 02:58,80.155,80.225,80.155,80.225,5
2026-05-08 02:59,80.195,80.195,80.17,80.17,8
2026-05-08 03:00,80.27,80.27,80.21,80.21,6
2026-05-08 03:01,80.12,80.17,80.12,80.17,5
2026-05-08 03:02,80.145,80.15,80.1,80.12,11
2026-05-08 03:03,80.2,80.2,80.2,80.2,2
2026-05-08 03:04,80.28,80.31,80.23,80.23,12
2026-05-08 03:05,80.28,80.28,80.28,80.28,1
2026-05-08 03:06,80.215,80.24,80.215,80.24,2
2026-05-08 03:07,80.215,80.22,80.21,80.22,4
2026-05-08 03:08,80.29,80.29,80.2,80.205,5
2026-05-08 03:09,80.31,80.31,80.31,80.31,1
2026-05-08 03:10,80.36,80.38,80.325,80.335,10
2026-05-08 03:11,80.365,80.37,80.35,80.37,11
2026-05-08 03:12,80.365,80.39,80.365,80.37,8
2026-05-08 03:13,80.33,80.35,80.33,80.345,12
2026-05-08 03:14,80.385,80.385,80.35,80.35,16
2026-05-08 03:15,80.435,80.47,80.405,80.405,30
2026-05-08 03:16,80.42,80.45,80.38,80.45,60
2026-05-08 03:17,80.415,80.42,80.415,80.42,32
2026-05-08 03:18,80.365,80.435,80.365,80.435,10
2026-05-08 03:19,80.445,80.445,80.445,80.445,1
2026-05-08 03:20,80.32,80.405,80.315,80.405,12
2026-05-08 03:21,80.335,80.35,80.315,80.35,7
2026-05-08 03:22,80.335,80.335,80.335,80.335,1
2026-05-08 03:23,80.345,80.345,80.345,80.345,3
2026-05-08 03:25,80.32,80.37,80.31,80.37,6
2026-05-08 03:26,80.26,80.325,80.255,80.31,14
2026-05-08 03:27,80.335,80.335,80.315,80.315,14
2026-05-08 03:28,80.355,80.355,80.35,80.35,2
2026-05-08 03:29,80.34,80.35,80.34,80.35,2
2026-05-08 03:30,80.395,80.395,80.355,80.355,8
2026-05-08 03:31,80.515,80.525,80.445,80.46,22
2026-05-08 03:32,80.51,80.51,80.51,80.51,1
2026-05-08 03:33,80.52,80.52,80.45,80.455,8
2026-05-08 03:34,80.65,80.685,80.565,80.565,58
2026-05-08 03:35,80.59,80.65,80.59,80.65,56
2026-05-08 03:36,80.535,80.565,80.535,80.565,9
2026-05-08 03:37,80.525,80.525,80.51,80.525,17
2026-05-08 03:38,80.505,80.525,80.485,80.52,6
2026-05-08 03:39,80.42,80.43,80.42,80.43,2
2026-05-08 03:40,80.46,80.47,80.455,80.47,23
2026-05-08 03:41,80.51,80.51,80.51,80.51,1
2026-05-08 03:42,80.49,80.545,80.49,80.545,15
2026-05-08 03:43,80.475,80.51,80.47,80.485,5
2026-05-08 03:44,80.515,80.515,80.515,80.515,1
2026-05-08 03:46,80.5,80.5,80.5,80.5,1
2026-05-08 03:47,80.45,80.5,80.45,80.5,6
2026-05-08 03:48,80.39,80.455,80.38,80.455,85
2026-05-08 03:49,80.415,80.43,80.4,80.42,14
2026-05-08 03:50,80.4,80.405,80.395,80.4,8
2026-05-08 03:51,80.395,80.445,80.395,80.405,14
2026-05-08 03:52,80.37,80.375,80.37,80.375,2
2026-05-08 03:53,80.395,80.395,80.395,80.395,1
2026-05-08 03:54,80.34,80.36,80.29,80.36,12
2026-05-08 03:55,80.355,80.355,80.355,80.355,3
2026-05-08 03:57,80.385,80.385,80.345,80.345,5
2026-05-08 03:58,80.415,80.415,80.415,80.415,1
2026-05-08 04:00,80.43,80.46,80.43,80.43,5
2026-05-08 04:01,80.42,80.445,80.405,80.445,4
2026-05-08 04:02,80.43,80.43,80.43,80.43,1
2026-05-08 04:03,80.495,80.495,80.435,80.435,4
2026-05-08 04:04,80.435,80.435,80.435,80.435,1
2026-05-08 04:05,80.38,80.39,80.38,80.39,4
2026-05-08 04:06,80.405,80.405,80.375,80.375,22
2026-05-08 04:07,80.405,80.405,80.405,80.405,1
2026-05-08 04:08,80.39,80.39,80.39,80.39,1
2026-05-08 04:09,80.405,80.425,80.405,80.425,3
2026-05-08 04:10,80.435,80.435,80.435,80.435,2
2026-05-08 04:12,80.335,80.37,80.335,80.37,15
2026-05-08 04:13,80.31,80.37,80.31,80.35,30
2026-05-08 04:14,80.25,80.315,80.25,80.29,19
2026-05-08 04:15,80.23,80.27,80.22,80.265,32
2026-05-08 04:16,80.255,80.275,80.22,80.225,8
2026-05-08 04:17,80.305,80.305,80.295,80.295,3
2026-05-08 04:18,80.315,80.315,80.285,80.31,3
2026-05-08 04:19,80.35,80.365,80.325,80.325,12
2026-05-08 04:20,80.32,80.325,80.32,80.325,4
2026-05-08 04:23,80.36,80.36,80.36,80.36,2
2026-05-08 04:24,80.345,80.345,80.335,80.335,2
2026-05-08 04:26,80.31,80.32,80.31,80.32,4
2026-05-08 04:27,80.335,80.335,80.305,80.305,4
2026-05-08 04:28,80.31,80.32,80.31,80.32,6
2026-05-08 04:29,80.345,80.345,80.29,80.305,7
2026-05-08 04:30,80.37,80.37,80.365,80.37,7
2026-05-08 04:31,80.3,80.31,80.3,80.31,4
2026-05-08 04:32,80.25,80.29,80.25,80.29,4
2026-05-08 04:33,80.225,80.25,80.225,80.25,2
2026-05-08 04:34,80.22,80.24,80.22,80.24,5
2026-05-08 04:35,80.155,80.22,80.155,80.22,12
2026-05-08 04:36,80.06,80.19,80.03,80.19,81
2026-05-08 04:37,79.99,80.08,79.945,80.06,65
2026-05-08 04:38,80.03,80.03,79.98,79.98,23
2026-05-08 04:39,79.93,80.035,79.91,80.035,19
2026-05-08 04:40,79.86,79.935,79.82,79.93,32
2026-05-08 04:41,79.915,79.915,79.895,79.9,6
2026-05-08 04:42,79.915,79.98,79.915,79.945,9
2026-05-08 04:43,79.935,79.945,79.92,79.935,13
2026-05-08 04:44,80.055,80.055,80.005,80.005,5
2026-05-08 04:45,80.0,80.075,80.0,80.07,9
2026-05-08 04:46,80.03,80.03,80.025,80.03,3
2026-05-08 04:47,79.975,80.035,79.975,80.015,4
2026-05-08 04:48,80.04,80.04,80.04,80.04,1
2026-05-08 04:49,80.125,80.125,80.085,80.085,7
2026-05-08 04:50,80.12,80.155,80.12,80.155,7
2026-05-08 04:51,80.17,80.17,80.13,80.13,10
2026-05-08 04:52,80.2,80.2,80.155,80.17,7
2026-05-08 04:53,80.205,80.205,80.175,80.185,7
2026-05-08 04:54,80.27,80.27,80.23,80.26,13
2026-05-08 04:55,80.205,80.27,80.205,80.27,3
2026-05-08 04:57,80.225,80.225,80.205,80.205,5
2026-05-08 04:58,80.21,80.21,80.21,80.21,1
2026-05-08 04:59,80.11,80.175,80.085,80.175,12
2026-05-08 05:00,80.175,80.175,80.175,80.175,1
2026-05-08 05:01,80.2,80.2,80.17,80.17,3
2026-05-08 05:02,80.205,80.205,80.195,80.2,7
2026-05-08 05:03,80.195,80.21,80.195,80.21,4
2026-05-08 05:04,80.2,80.2,80.195,80.195,3
2026-05-08 05:07,80.22,80.235,80.19,80.205,6
2026-05-08 05:08,80.26,80.26,80.26,80.26,1
2026-05-08 05:09,80.255,80.28,80.255,80.28,4
2026-05-08 05:10,80.265,80.28,80.265,80.265,3
2026-05-08 05:11,80.215,80.265,80.215,80.265,21
2026-05-08 05:12,80.26,80.26,80.26,80.26,1
2026-05-08 05:15,80.2,80.235,80.2,80.22,22
2026-05-08 05:16,80.235,80.235,80.235,80.235,3
2026-05-08 05:17,80.245,80.325,80.225,80.325,26
2026-05-08 05:18,80.275,80.275,80.225,80.225,7
2026-05-08 05:19,80.3,80.3,80.275,80.28,4
2026-05-08 05:20,80.375,80.375,80.365,80.365,5
2026-05-08 05:21,80.36,80.4,80.36,80.4,8
2026-05-08 05:22,80.375,80.375,80.34,80.35,9
2026-05-08 05:23,80.365,80.4,80.35,80.4,6
2026-05-08 05:24,80.38,80.38,80.38,80.38,1
2026-05-08 05:26,80.345,80.345,80.345,80.345,1
2026-05-08 05:28,80.4,80.4,80.38,80.38,3
2026-05-08 05:29,80.465,80.47,80.415,80.415,12
2026-05-08 05:30,80.795,80.795,80.465,80.465,86
2026-05-08 05:31,80.735,80.79,80.705,80.775,16
2026-05-08 05:32,80.9,80.93,80.76,80.77,45
2026-05-08 05:33,80.905,80.905,80.835,80.875,9
2026-05-08 05:34,80.87,80.905,80.835,80.87,16
2026-05-08 05:35,80.785,80.815,80.76,80.8,36
2026-05-08 05:36,80.815,80.815,80.75,80.77,14
2026-05-08 05:37,80.78,80.875,80.78,80.875,7
2026-05-08 05:38,80.71,80.755,80.695,80.755,19
2026-05-08 05:39,80.655,80.705,80.625,80.705,25
2026-05-08 05:40,80.705,80.705,80.65,80.65,12
2026-05-08 05:41,80.75,80.76,80.69,80.69,19
2026-05-08 05:42,80.76,80.76,80.725,80.75,9
2026-05-08 05:43,80.755,80.775,80.725,80.77,8
2026-05-08 05:44,80.73,80.77,80.73,80.77,12
2026-05-08 05:45,80.755,80.795,80.755,80.775,9
2026-05-08 05:46,80.69,80.69,80.67,80.675,5
2026-05-08 05:47,80.71,80.735,80.705,80.71,12
2026-05-08 05:49,80.72,80.725,80.7,80.725,3
2026-05-08 05:50,80.725,80.77,80.72,80.77,9
2026-05-08 05:51,80.7,80.7,80.695,80.695,2
2026-05-08 05:52,80.68,80.685,80.68,80.685,2
2026-05-08 05:53,80.755,80.765,80.69,80.705,9
2026-05-08 05:54,80.745,80.745,80.74,80.745,4
2026-05-08 05:55,80.9,80.94,80.785,80.785,89
2026-05-08 05:56,81.065,81.075,80.87,80.93,86
2026-05-08 05:57,80.995,81.05,80.975,81.05,78
2026-05-08 05:58,80.95,80.98,80.95,80.97,12
2026-05-08 05:59,80.97,81.005,80.955,80.955,8
2026-05-08 06:00,80.68,81.045,80.61,80.995,105
2026-05-08 06:01,80.89,80.9,80.695,80.715,52
2026-05-08 06:02,80.95,80.95,80.885,80.915,36
2026-05-08 06:03,81.08,81.1,80.9,80.935,57
2026-05-08 06:04,81.16,81.25,81.07,81.08,69
2026-05-08 06:05,81.07,81.175,81.05,81.175,42
2026-05-08 06:06,81.2,81.225,81.065,81.075,31
2026-05-08 06:07,81.145,81.21,81.125,81.195,20
2026-05-08 06:08,81.12,81.17,81.09,81.115,44
2026-05-08 06:09,81.195,81.195,81.125,81.125,19
2026-05-08 06:10,81.17,81.24,81.155,81.21,27
2026-05-08 06:11,81.045,81.205,81.045,81.175,59
2026-05-08 06:12,81.075,81.08,81.02,81.035,12
2026-05-08 06:13,81.02,81.08,81.005,81.075,22
2026-05-08 06:14,80.94,81.025,80.94,81.025,30
2026-05-08 06:15,80.955,80.96,80.93,80.95,33
2026-05-08 06:16,80.9,80.935,80.88,80.935,37
2026-05-08 06:17,80.95,80.95,80.85,80.875,22
2026-05-08 06:18,81.0,81.0,80.96,80.96,4
2026-05-08 06:19,80.99,81.01,80.965,80.97,27
2026-05-08 06:20,81.035,81.04,80.965,81.01,36
2026-05-08 06:21,80.965,81.0,80.94,81.0,8
2026-05-08 06:22,80.945,81.01,80.945,81.0,13
2026-05-08 06:23,80.975,81.055,80.95,80.95,24
2026-05-08 06:24,80.965,81.035,80.95,80.97,32
2026-05-08 06:25,81.0,81.0,80.95,80.975,5
2026-05-08 06:26,81.005,81.065,81.0,81.035,16
2026-05-08 06:27,81.09,81.09,80.965,80.99,18
2026-05-08 06:28,81.21,81.21,81.08,81.1,59
2026-05-08 06:29,81.205,81.21,81.115,81.195,40
2026-05-08 06:30,81.13,81.215,81.12,81.215,37
2026-05-08 06:31,81.1,81.1,81.085,81.09,6
2026-05-08 06:32,81.135,81.135,81.09,81.1,12
2026-05-08 06:33,81.14,81.19,81.13,81.14,57
2026-05-08 06:34,81.02,81.14,81.02,81.14,16
2026-05-08 06:35,81.01,81.04,80.995,81.0,7
2026-05-08 06:36,81.035,81.04,81.035,81.035,10
2026-05-08 06:37,81.045,81.06,81.015,81.015,3
2026-05-08 06:38,81.04,81.045,81.01,81.045,12
2026-05-08 06:39,80.99,81.005,80.945,81.0,20
2026-05-08 06:40,81.095,81.115,81.03,81.03,22
2026-05-08 06:41,81.16,81.16,81.095,81.095,14
2026-05-08 06:42,81.095,81.165,81.075,81.13,13
2026-05-08 06:43,81.13,81.16,81.11,81.135,7
2026-05-08 06:44,81.06,81.13,81.06,81.11,26
2026-05-08 06:45,80.95,81.03,80.94,81.005,20
2026-05-08 06:46,80.86,80.935,80.855,80.935,23
2026-05-08 06:47,80.86,80.875,80.82,80.85,18
2026-05-08 06:48,80.85,80.855,80.795,80.815,16
2026-05-08 06:49,80.875,80.88,80.81,80.82,22
2026-05-08 06:50,80.935,80.935,80.865,80.88,10
2026-05-08 06:51,80.915,80.96,80.85,80.935,59
2026-05-08 06:52,80.91,80.92,80.89,80.89,5
2026-05-08 06:53,80.93,80.93,80.91,80.91,4
2026-05-08 06:54,80.98,81.015,80.935,80.945,34
2026-05-08 06:55,80.885,80.97,80.885,80.97,12
2026-05-08 06:56,80.9,80.92,80.895,80.895,11
2026-05-08 06:57,80.885,80.91,80.885,80.91,4
2026-05-08 06:58,80.86,80.92,80.835,80.915,26
2026-05-08 06:59,80.85,80.87,80.85,80.87,5
2026-05-08 07:00,80.77,80.87,80.76,80.81,56
2026-05-08 07:01,80.79,80.8,80.725,80.8,38
2026-05-08 07:02,80.8,80.845,80.73,80.76,33
2026-05-08 07:03,80.8,80.82,80.77,80.775,9
2026-05-08 07:04,80.795,80.805,80.765,80.765,18
2026-05-08 07:05,80.8,80.855,80.8,80.835,14
2026-05-08 07:06,80.72,80.765,80.705,80.765,14
2026-05-08 07:07,80.745,80.775,80.67,80.7,19
2026-05-08 07:08,80.705,80.735,80.67,80.735,39
2026-05-08 07:09,80.685,80.715,80.665,80.715,19
2026-05-08 07:10,80.685,80.685,80.645,80.67,16
2026-05-08 07:11,80.655,80.695,80.65,80.695,4
2026-05-08 07:12,80.62,80.655,80.61,80.655,34
2026-05-08 07:13,80.56,80.6,80.54,80.6,18
2026-05-08 07:14,80.5,80.64,80.47,80.555,54
2026-05-08 07:15,80.575,80.595,80.46,80.465,25
2026-05-08 07:16,80.425,80.53,80.395,80.525,33
2026-05-08 07:17,80.375,80.43,80.34,80.42,44
2026-05-08 07:18,80.31,80.39,80.285,80.39,19
2026-05-08 07:19,80.405,80.435,80.305,80.335,51
2026-05-08 07:20,80.295,80.44,80.275,80.405,27
2026-05-08 07:21,80.295,80.335,80.27,80.31,21
2026-05-08 07:22,80.145,80.29,80.12,80.29,67
2026-05-08 07:23,80.185,80.185,80.095,80.135,73
2026-05-08 07:24,80.15,80.185,80.075,80.175,23
2026-05-08 07:25,79.92,80.13,79.91,80.13,78
2026-05-08 07:26,79.96,79.975,79.86,79.935,50
2026-05-08 07:27,80.065,80.09,79.91,79.91,26
2026-05-08 07:28,80.12,80.215,80.085,80.085,54
2026-05-08 07:29,80.18,80.195,80.13,80.135,29
2026-05-08 07:30,80.015,80.16,79.91,80.15,72
2026-05-08 07:31,80.05,80.075,79.975,79.975,18
2026-05-08 07:32,80.065,80.09,80.04,80.065,20
2026-05-08 07:33,80.205,80.205,80.115,80.12,45
2026-05-08 07:34,80.165,80.245,80.155,80.22,25
2026-05-08 07:35,80.23,80.24,80.135,80.135,22
2026-05-08 07:36,80.225,80.24,80.18,80.235,30
2026-05-08 07:37,80.28,80.31,80.23,80.24,29
2026-05-08 07:38,80.245,80.275,80.245,80.25,9
2026-05-08 07:39,80.26,80.265,80.24,80.24,6
2026-05-08 07:40,80.245,80.305,80.22,80.295,26
2026-05-08 07:41,80.26,80.26,80.235,80.235,4
2026-05-08 07:42,80.26,80.28,80.255,80.255,3
2026-05-08 07:43,80.305,80.325,80.26,80.26,31
2026-05-08 07:44,80.33,80.33,80.275,80.295,27
2026-05-08 07:45,80.46,80.525,80.355,80.355,59
2026-05-08 07:46,80.465,80.5,80.465,80.48,17
2026-05-08 07:47,80.46,80.48,80.425,80.48,27
2026-05-08 07:48,80.475,80.485,80.41,80.45,23
2026-05-08 07:49,80.465,80.495,80.435,80.465,9
2026-05-08 07:50,80.485,80.52,80.485,80.51,8
2026-05-08 07:51,80.415,80.475,80.39,80.45,14
2026-05-08 07:52,80.425,80.44,80.38,80.44,6
2026-05-08 07:53,80.455,80.455,80.4,80.4,14
2026-05-08 07:54,80.46,80.475,80.455,80.46,7
2026-05-08 07:55,80.39,80.45,80.375,80.45,6
2026-05-08 07:56,80.37,80.38,80.27,80.38,22
2026-05-08 07:57,80.41,80.41,80.37,80.375,10
2026-05-08 07:58,80.475,80.485,80.425,80.425,19
2026-05-08 07:59,80.425,80.49,80.4,80.49,20
2026-05-08 08:00,80.475,80.475,80.39,80.43,36
2026-05-08 08:01,80.46,80.515,80.44,80.46,21
2026-05-08 08:02,80.435,80.455,80.4,80.425,10
2026-05-08 08:03,80.42,80.465,80.42,80.435,6
2026-05-08 08:04,80.45,80.45,80.45,80.45,1
2026-05-08 08:05,80.385,80.465,80.385,80.45,30
2026-05-08 08:06,80.345,80.42,80.345,80.41,27
2026-05-08 08:07,80.395,80.395,80.38,80.38,2
2026-05-08 08:08,80.345,80.39,80.345,80.37,9
2026-05-08 08:09,80.445,80.445,80.355,80.355,6
2026-05-08 08:10,80.435,80.48,80.435,80.48,14
2026-05-08 08:11,80.395,80.43,80.395,80.425,5
2026-05-08 08:12,80.495,80.495,80.46,80.46,6
2026-05-08 08:13,80.475,80.485,80.47,80.485,4
2026-05-08 08:14,80.55,80.565,80.515,80.515,23
2026-05-08 08:15,80.575,80.605,80.545,80.545,27
2026-05-08 08:16,80.55,80.64,80.55,80.64,25
2026-05-08 08:17,80.575,80.58,80.56,80.58,17
2026-05-08 08:18,80.635,80.635,80.595,80.595,11
2026-05-08 08:19,80.59,80.635,80.59,80.635,10
2026-05-08 08:20,80.61,80.63,80.59,80.59,14
2026-05-08 08:21,80.83,80.85,80.6,80.6,45
2026-05-08 08:22,80.805,80.875,80.8,80.84,52
2026-05-08 08:23,80.78,80.78,80.745,80.765,12
2026-05-08 08:24,80.77,80.815,80.77,80.775,17
2026-05-08 08:25,80.84,80.875,80.77,80.77,17
2026-05-08 08:26,80.825,80.855,80.76,80.8,40
2026-05-08 08:27,80.8,80.835,80.755,80.79,27
2026-05-08 08:28,80.8,80.845,80.8,80.815,34
2026-05-08 08:29,80.785,80.785,80.785,80.785,4
2026-05-08 08:30,80.785,80.81,80.76,80.795,14
2026-05-08 08:31,80.8,80.805,80.79,80.79,8
2026-05-08 08:32,80.815,80.85,80.79,80.79,7
2026-05-08 08:33,80.82,80.82,80.82,80.82,1
2026-05-08 08:34,80.795,80.875,80.77,80.825,31
2026-05-08 08:35,80.79,80.88,80.79,80.845,28
2026-05-08 08:36,80.85,80.85,80.845,80.845,2
2026-05-08 08:37,80.82,80.83,80.79,80.8,12
2026-05-08 08:38,80.75,80.84,80.75,80.83,22
2026-05-08 08:39,80.77,80.77,80.77,80.77,1
2026-05-08 08:40,80.755,80.77,80.735,80.77,3
2026-05-08 08:41,80.71,80.71,80.71,80.71,1
2026-05-08 08:42,80.67,80.74,80.67,80.74,30
2026-05-08 08:43,80.675,80.675,80.65,80.65,6
2026-05-08 08:44,80.64,80.65,80.64,80.64,12
2026-05-08 08:45,80.67,80.67,80.63,80.63,3
2026-05-08 08:46,80.7,80.7,80.675,80.7,13
2026-05-08 08:47,80.675,80.675,80.675,80.675,2
2026-05-08 08:48,80.735,80.77,80.665,80.675,38
2026-05-08 08:49,80.735,80.78,80.735,80.75,10
2026-05-08 08:50,80.69,80.74,80.69,80.73,17
2026-05-08 08:51,80.7,80.715,80.67,80.68,21
2026-05-08 08:52,80.705,80.705,80.705,80.705,2
2026-05-08 08:55,80.695,80.705,80.65,80.66,6
2026-05-08 08:56,80.705,80.705,80.66,80.66,3
2026-05-08 08:57,80.715,80.72,80.715,80.72,2
2026-05-08 08:58,80.68,80.72,80.68,80.69,13
2026-05-08 08:59,80.685,80.71,80.67,80.71,3
2026-05-08 09:00,80.595,80.7,80.595,80.7,10
2026-05-08 09:01,80.65,80.66,80.65,80.65,10
2026-05-08 09:02,80.69,80.69,80.69,80.69,7
2026-05-08 09:03,80.755,80.79,80.755,80.785,16
2026-05-08 09:04,80.78,80.78,80.775,80.78,13
2026-05-08 09:05,80.725,80.75,80.715,80.75,7
2026-05-08 09:06,80.8,80.8,80.75,80.75,11
2026-05-08 09:07,80.84,80.895,80.84,80.85,24
2026-05-08 09:08,80.785,80.87,80.775,80.87,13
2026-05-08 09:09,80.835,80.835,80.81,80.81,10
2026-05-08 09:10,80.82,80.83,80.82,80.83,3
2026-05-08 09:11,80.82,80.82,80.775,80.795,8
2026-05-08 09:12,80.815,80.835,80.815,80.835,6
2026-05-08 09:13,80.815,80.815,80.78,80.785,10
2026-05-08 09:14,80.845,80.845,80.845,80.845,1
2026-05-08 09:15,80.84,80.87,80.84,80.85,3
2026-05-08 09:16,80.86,80.86,80.83,80.83,4
2026-05-08 09:17,80.82,80.845,80.805,80.845,12
2026-05-08 09:18,80.905,80.905,80.885,80.885,8
2026-05-08 09:19,80.87,80.915,80.87,80.915,12
2026-05-08 09:20,80.955,80.96,80.855,80.88,17
2026-05-08 09:21,80.96,80.985,80.955,80.955,29
2026-05-08 09:22,80.95,80.96,80.935,80.96,5
2026-05-08 09:23,80.97,81.035,80.92,80.92,34
2026-05-08 09:24,80.945,81.005,80.94,81.005,18
2026-05-08 09:25,80.995,80.995,80.955,80.975,14
2026-05-08 09:26,81.065,81.065,81.0,81.0,14
2026-05-08 09:27,81.11,81.135,81.06,81.08,46
2026-05-08 09:28,81.05,81.095,81.025,81.095,14
2026-05-08 09:29,81.015,81.02,80.995,81.02,16
2026-05-08 09:30,80.96,81.015,80.96,81.015,8
2026-05-08 09:31,80.82,80.995,80.82,80.985,20
2026-05-08 09:32,80.875,80.885,80.82,80.86,17
2026-05-08 09:33,80.775,80.815,80.77,80.815,13
2026-05-08 09:34,80.875,80.875,80.8,80.8,39
2026-05-08 09:35,80.92,80.965,80.905,80.905,32
2026-05-08 09:36,80.895,80.9,80.895,80.9,3
2026-05-08 09:37,80.91,80.91,80.91,80.91,1
2026-05-08 09:38,80.88,80.89,80.87,80.89,3
2026-05-08 09:39,80.945,80.945,80.855,80.915,7
2026-05-08 09:40,80.89,80.935,80.875,80.935,6
2026-05-08 09:41,80.96,80.96,80.86,80.86,17
2026-05-08 09:42,80.97,80.98,80.97,80.97,3
2026-05-08 09:43,80.945,80.945,80.87,80.91,19
2026-05-08 09:44,80.905,80.95,80.905,80.945,9
2026-05-08 09:45,80.86,80.91,80.86,80.895,33
2026-05-08 09:46,80.73,80.81,80.73,80.81,33
2026-05-08 09:47,80.735,80.755,80.725,80.725,27
2026-05-08 09:48,80.7,80.755,80.7,80.755,29
2026-05-08 09:49,80.73,80.73,80.685,80.715,30
2026-05-08 09:50,80.695,80.73,80.65,80.72,24
2026-05-08 09:51,80.715,80.73,80.7,80.715,14
2026-05-08 09:52,80.61,80.685,80.585,80.685,53
2026-05-08 09:53,80.595,80.63,80.57,80.63,36
2026-05-08 09:54,80.64,80.665,80.605,80.605,5
2026-05-08 09:55,80.62,80.665,80.59,80.665,9
2026-05-08 09:56,80.645,80.645,80.585,80.63,13
2026-05-08 09:57,80.71,80.71,80.67,80.67,3
2026-05-08 09:58,80.705,80.725,80.705,80.715,3
2026-05-08 09:59,80.74,80.77,80.705,80.705,49
2026-05-08 10:00,80.805,80.835,80.755,80.755,55
2026-05-08 10:01,80.82,80.835,80.8,80.805,9
2026-05-08 10:02,80.815,80.83,80.795,80.83,15
2026-05-08 10:03,80.89,80.89,80.77,80.8,47
2026-05-08 10:04,80.905,80.915,80.855,80.915,12
2026-05-08 10:05,80.875,80.875,80.87,80.87,8
2026-05-08 10:06,80.86,80.91,80.85,80.91,16
2026-05-08 10:07,80.88,80.88,80.85,80.88,6
2026-05-08 10:08,80.835,80.875,80.835,80.855,9
2026-05-08 10:09,80.8,80.83,80.78,80.83,13
2026-05-08 10:10,80.785,80.815,80.76,80.76,6
2026-05-08 10:11,80.795,80.795,80.795,80.795,9
2026-05-08 10:12,80.8,80.825,80.8,80.825,7
2026-05-08 10:13,80.855,80.855,80.795,80.805,11
2026-05-08 10:15,80.905,80.93,80.875,80.885,26
2026-05-08 10:17,80.93,80.93,80.925,80.925,2
2026-05-08 10:18,80.945,80.97,80.945,80.96,4
2026-05-08 10:19,80.965,80.965,80.93,80.93,14
2026-05-08 10:20,80.97,80.97,80.97,80.97,2
2026-05-08 10:21,80.945,80.95,80.945,80.95,2
2026-05-08 10:22,81.05,81.05,80.96,80.96,25
2026-05-08 10:23,81.2,81.2,81.07,81.07,39
2026-05-08 10:24,81.19,81.25,81.19,81.235,61
2026-05-08 10:25,81.15,81.18,81.145,81.155,12
2026-05-08 10:26,81.2,81.2,81.16,81.185,15
2026-05-08 10:27,81.165,81.17,81.115,81.125,20
2026-05-08 10:28,81.13,81.16,81.125,81.15,6
2026-05-08 10:29,81.1,81.145,81.075,81.145,35
2026-05-08 10:30,81.09,81.1,81.08,81.08,3
2026-05-08 10:31,81.115,81.14,81.11,81.14,3
2026-05-08 10:32,81.08,81.115,81.08,81.11,8
2026-05-08 10:34,81.135,81.165,81.12,81.145,8
2026-05-08 10:35,81.125,81.15,81.125,81.15,13
2026-05-08 10:36,81.235,81.25,81.15,81.15,44
2026-05-08 10:37,81.25,81.285,81.245,81.245,24
2026-05-08 10:38,81.25,81.255,81.23,81.235,16
2026-05-08 10:39,81.29,81.29,81.23,81.26,12
2026-05-08 10:40,81.345,81.345,81.295,81.295,15
2026-05-08 10:41,81.33,81.33,81.23,81.325,34
2026-05-08 10:42,81.37,81.41,81.335,81.335,70
2026-05-08 10:43,81.38,81.38,81.355,81.355,7
2026-05-08 10:44,81.29,81.335,81.29,81.335,9
2026-05-08 10:45,81.305,81.325,81.275,81.295,15
2026-05-08 10:46,81.295,81.295,81.27,81.275,7
2026-05-08 10:47,81.3,81.31,81.285,81.285,12
2026-05-08 10:48,81.25,81.25,81.22,81.24,7
2026-05-08 10:49,81.23,81.23,81.21,81.21,5
2026-05-08 10:50,81.2,81.23,81.2,81.215,6
2026-05-08 10:51,81.16,81.2,81.15,81.195,33
2026-05-08 10:52,81.22,81.22,81.15,81.16,12
2026-05-08 10:53,81.195,81.205,81.195,81.205,7
2026-05-08 10:54,81.155,81.16,81.155,81.16,2
2026-05-08 10:55,80.975,81.165,80.915,81.16,90
2026-05-08 10:56,81.1,81.1,80.985,81.005,35
2026-05-08 10:57,81.13,81.13,81.075,81.075,7
2026-05-08 10:58,81.19,81.205,81.185,81.19,12
2026-05-08 10:59,81.165,81.2,81.125,81.17,20
2026-05-08 11:00,81.185,81.335,81.145,81.185,146
2026-05-08 11:01,81.165,81.235,81.15,81.185,61
2026-05-08 11:02,81.2,81.235,81.155,81.155,37
2026-05-08 11:03,81.15,81.19,81.15,81.18,18
2026-05-08 11:04,81.29,81.29,81.19,81.2,32
2026-05-08 11:05,81.26,81.325,81.23,81.315,25
2026-05-08 11:06,81.185,81.265,81.145,81.245,53
2026-05-08 11:07,81.175,81.22,81.165,81.165,12
2026-05-08 11:08,81.155,81.19,81.155,81.185,11
2026-05-08 11:09,81.2,81.2,81.14,81.16,16
2026-05-08 11:10,81.11,81.25,81.095,81.205,27
2026-05-08 11:11,81.02,81.13,81.01,81.13,36
2026-05-08 11:12,81.045,81.105,81.045,81.05,13
2026-05-08 11:13,81.055,81.12,81.055,81.095,13
2026-05-08 11:14,81.125,81.125,81.05,81.05,13
2026-05-08 11:15,81.13,81.175,81.12,81.12,10
2026-05-08 11:16,81.19,81.205,81.15,81.15,10
2026-05-08 11:17,81.105,81.18,81.1,81.18,11
2026-05-08 11:18,81.105,81.145,81.105,81.125,7
2026-05-08 11:19,81.125,81.13,81.11,81.115,12
2026-05-08 11:20,81.165,81.18,81.115,81.115,14
2026-05-08 11:21,81.155,81.185,81.13,81.17,29
2026-05-08 11:22,81.13,81.175,81.115,81.14,11
2026-05-08 11:23,81.17,81.185,81.165,81.165,5
2026-05-08 11:24,81.165,81.165,81.115,81.165,5
2026-05-08 11:25,81.13,81.165,81.13,81.14,4
2026-05-08 11:26,81.165,81.165,81.155,81.155,2
2026-05-08 11:27,81.145,81.145,81.145,81.145,1
2026-05-08 11:28,81.145,81.145,81.135,81.135,2
2026-05-08 11:29,81.14,81.14,81.14,81.14,1
2026-05-08 11:30,81.125,81.145,81.125,81.135,8
2026-05-08 11:31,81.095,81.125,81.055,81.11,12
2026-05-08 11:32,81.125,81.125,81.075,81.075,53
2026-05-08 11:33,81.18,81.18,81.145,81.16,52
2026-05-08 11:34,81.145,81.155,81.125,81.155,7
2026-05-08 11:35,81.235,81.3,81.17,81.17,40
2026-05-08 11:36,81.21,81.26,81.21,81.225,37
2026-05-08 11:37,81.285,81.285,81.21,81.21,51
2026-05-08 11:38,81.235,81.29,81.235,81.29,16
2026-05-08 11:39,81.25,81.25,81.21,81.21,11
2026-05-08 11:40,81.225,81.235,81.21,81.21,13
2026-05-08 11:41,81.155,81.195,81.155,81.18,9
2026-05-08 11:42,81.18,81.205,81.165,81.165,17
2026-05-08 11:43,81.2,81.2,81.17,81.17,3
2026-05-08 11:44,81.19,81.195,81.17,81.19,5
2026-05-08 11:45,81.07,81.195,81.05,81.195,40
2026-05-08 11:46,81.07,81.095,81.005,81.055,50
2026-05-08 11:47,81.04,81.1,81.01,81.065,22
2026-05-08 11:48,81.12,81.12,81.045,81.045,10
2026-05-08 11:49,81.09,81.12,81.05,81.12,15
2026-05-08 11:50,81.135,81.16,81.085,81.1,23
2026-05-08 11:51,81.16,81.16,81.11,81.11,6
2026-05-08 11:52,81.07,81.16,81.04,81.16,10
2026-05-08 11:53,81.12,81.13,81.09,81.09,14
2026-05-08 11:54,81.15,81.155,81.095,81.115,8
2026-05-08 11:55,81.255,81.31,81.17,81.17,48
2026-05-08 11:56,81.21,81.275,81.21,81.265,17
2026-05-08 11:57,81.26,81.26,81.2,81.21,41
2026-05-08 11:58,81.31,81.31,81.245,81.255,19
2026-05-08 11:59,81.29,81.295,81.27,81.295,16
2026-05-08 12:00,81.32,81.395,81.29,81.3,69
2026-05-08 12:01,81.37,81.37,81.32,81.335,12
2026-05-08 12:02,81.35,81.38,81.335,81.38,16
2026-05-08 12:03,81.24,81.33,81.2,81.33,28
2026-05-08 12:04,81.2,81.24,81.18,81.24,19
2026-05-08 12:05,81.17,81.205,81.15,81.2,21
2026-05-08 12:06,81.21,81.25,81.145,81.165,36
2026-05-08 12:07,81.28,81.28,81.205,81.205,11
2026-05-08 12:08,81.27,81.3,81.27,81.3,8
2026-05-08 12:09,81.28,81.295,81.245,81.295,10
2026-05-08 12:10,81.145,81.285,81.145,81.265,78
2026-05-08 12:11,81.055,81.155,80.98,81.14,94
2026-05-08 12:12,81.095,81.125,80.99,81.015,46
2026-05-08 12:13,81.04,81.11,81.04,81.095,15
2026-05-08 12:14,81.06,81.145,81.06,81.07,21
2026-05-08 12:15,81.07,81.095,81.04,81.08,26
2026-05-08 12:16,81.055,81.09,81.02,81.05,25
2026-05-08 12:17,81.145,81.155,81.065,81.065,43
2026-05-08 12:18,81.14,81.14,81.115,81.14,15
2026-05-08 12:19,81.12,81.16,81.12,81.155,16
2026-05-08 12:20,81.21,81.255,81.175,81.2,50
2026-05-08 12:21,81.18,81.235,81.18,81.225,30
2026-05-08 12:22,81.08,81.155,81.08,81.135,27
2026-05-08 12:23,81.02,81.075,81.0,81.065,57
2026-05-08 12:24,81.015,81.045,80.965,81.015,40
2026-05-08 12:25,81.045,81.045,80.905,81.01,94
2026-05-08 12:26,80.98,81.025,80.965,81.025,30
2026-05-08 12:27,81.065,81.07,80.985,80.985,39
2026-05-08 12:28,81.16,81.16,81.07,81.07,31
2026-05-08 12:29,81.14,81.175,81.105,81.17,35
2026-05-08 12:30,81.11,81.35,80.92,81.155,191
2026-05-08 12:31,81.225,81.26,81.125,81.14,120
2026-05-08 12:32,81.33,81.38,81.235,81.235,142
2026-05-08 12:33,81.645,81.645,81.35,81.36,226
2026-05-08 12:34,81.715,81.75,81.525,81.635,176
2026-05-08 12:35,81.615,81.76,81.61,81.72,124
2026-05-08 12:36,81.745,81.775,81.585,81.6,87
2026-05-08 12:37,81.71,81.86,81.665,81.71,227
2026-05-08 12:38,81.78,81.8,81.69,81.7,96
2026-05-08 12:39,81.905,81.91,81.77,81.77,112
2026-05-08 12:40,81.895,81.99,81.885,81.885,182
2026-05-08 12:41,81.86,81.915,81.81,81.885,164
2026-05-08 12:42,81.83,81.88,81.83,81.84,50
2026-05-08 12:43,81.98,81.99,81.715,81.83,151
2026-05-08 12:44,81.79,82.0,81.78,81.975,126
2026-05-08 12:45,81.715,81.815,81.685,81.8,76
2026-05-08 12:46,81.815,81.85,81.68,81.685,53
2026-05-08 12:47,81.815,81.86,81.8,81.815,38
2026-05-08 12:48,81.815,81.825,81.765,81.81,40
2026-05-08 12:49,81.79,81.84,81.79,81.825,20
2026-05-08 12:50,81.7,81.825,81.69,81.825,40
2026-05-08 12:51,81.785,81.785,81.67,81.68,49
2026-05-08 12:52,81.86,81.875,81.815,81.85,39
2026-05-08 12:53,81.92,81.94,81.815,81.845,71
2026-05-08 12:54,82.02,82.04,81.86,81.945,113
2026-05-08 12:55,82.005,82.055,81.975,82.01,82
2026-05-08 12:56,82.015,82.065,81.975,81.975,75
2026-05-08 12:57,81.98,82.015,81.97,82.015,10
2026-05-08 12:58,81.78,82.015,81.74,81.965,133
2026-05-08 12:59,81.73,81.82,81.595,81.77,180
2026-05-08 13:00,81.68,81.74,81.55,81.71,265
2026-05-08 13:01,81.735,81.735,81.605,81.68,86
2026-05-08 13:02,81.67,81.83,81.67,81.75,93
2026-05-08 13:03,81.735,81.74,81.615,81.68,31
2026-05-08 13:04,81.655,81.73,81.55,81.73,100
2026-05-08 13:05,81.645,81.695,81.575,81.665,97
2026-05-08 13:06,81.445,81.63,81.4,81.63,148
2026-05-08 13:07,81.365,81.46,81.27,81.46,181
2026-05-08 13:08,81.33,81.395,81.3,81.38,80
2026-05-08 13:09,81.345,81.36,81.3,81.33,61
2026-05-08 13:10,81.315,81.42,81.29,81.38,56
2026-05-08 13:11,81.245,81.305,81.235,81.305,56
2026-05-08 13:12,81.18,81.3,81.115,81.225,153
2026-05-08 13:13,81.135,81.225,81.11,81.18,71
2026-05-08 13:14,81.17,81.23,81.12,81.135,62
2026-05-08 13:15,81.225,81.235,81.13,81.165,80
2026-05-08 13:16,81.33,81.355,81.22,81.225,96
2026-05-08 13:17,81.415,81.42,81.33,81.34,50
2026-05-08 13:18,81.37,81.385,81.33,81.385,31
2026-05-08 13:19,81.425,81.425,81.34,81.34,28
2026-05-08 13:20,81.505,81.525,81.435,81.46,28
2026-05-08 13:21,81.46,81.505,81.39,81.465,54
2026-05-08 13:22,81.51,81.51,81.405,81.45,35
2026-05-08 13:23,81.52,81.57,81.49,81.51,48
2026-05-08 13:24,81.545,81.55,81.51,81.515,10
2026-05-08 13:25,81.6,81.645,81.55,81.55,32
2026-05-08 13:26,81.615,81.655,81.585,81.63,37
2026-05-08 13:27,81.595,81.64,81.555,81.625,34
2026-05-08 13:28,81.57,81.58,81.53,81.57,18
2026-05-08 13:29,81.545,81.575,81.5,81.575,24
2026-05-08 13:30,81.635,81.68,81.5,81.55,138
2026-05-08 13:31,81.735,81.735,81.62,81.63,52
2026-05-08 13:32,81.785,81.88,81.75,81.75,102
2026-05-08 13:33,81.965,81.98,81.77,81.77,147
2026-05-08 13:34,81.96,82.0,81.915,81.975,159
2026-05-08 13:35,82.105,82.155,81.965,81.965,252
2026-05-08 13:36,82.08,82.16,82.055,82.115,129
2026-05-08 13:37,81.91,82.07,81.91,82.07,129
2026-05-08 13:38,81.89,81.945,81.85,81.905,63
2026-05-08 13:39,81.85,81.935,81.845,81.9,79
2026-05-08 13:40,81.925,81.955,81.71,81.86,109
2026-05-08 13:41,81.72,82.02,81.715,81.97,110
2026-05-08 13:42,81.77,81.77,81.625,81.745,129
2026-05-08 13:43,81.755,81.805,81.69,81.78,44
2026-05-08 13:44,81.775,81.815,81.73,81.77,29
2026-05-08 13:45,81.73,81.82,81.73,81.82,28
2026-05-08 13:46,81.85,81.85,81.685,81.725,20
2026-05-08 13:47,81.94,81.965,81.825,81.86,103
2026-05-08 13:48,81.865,81.95,81.865,81.925,36
2026-05-08 13:49,81.94,81.94,81.85,81.865,24
2026-05-08 13:50,81.895,81.955,81.885,81.955,20
2026-05-08 13:51,81.98,82.0,81.87,81.87,48
2026-05-08 13:52,81.96,82.045,81.96,82.04,48
2026-05-08 13:53,81.845,82.0,81.845,81.95,59
2026-05-08 13:54,81.83,81.86,81.755,81.835,118
2026-05-08 13:55,81.915,81.945,81.81,81.845,35
2026-05-08 13:56,81.905,81.94,81.905,81.91,25
2026-05-08 13:57,82.09,82.09,81.95,81.95,80
2026-05-08 13:58,81.97,82.075,81.95,82.075,66
2026-05-08 13:59,82.075,82.08,81.99,81.99,22
2026-05-08 14:00,81.945,82.125,81.925,82.075,136
2026-05-08 14:01,81.885,81.955,81.88,81.95,37
2026-05-08 14:02,81.905,81.94,81.85,81.9,61
2026-05-08 14:03,81.87,81.92,81.86,81.885,18
2026-05-08 14:04,81.795,81.875,81.75,81.865,132
2026-05-08 14:05,81.74,81.775,81.67,81.77,136
2026-05-08 14:06,81.59,81.73,81.525,81.73,172
2026-05-08 14:07,81.47,81.62,81.45,81.585,80
2026-05-08 14:08,81.53,81.53,81.405,81.47,68
2026-05-08 14:09,81.325,81.52,81.28,81.52,130
2026-05-08 14:10,81.185,81.335,81.04,81.32,151
2026-05-08 14:11,81.295,81.3,81.095,81.18,115
2026-05-08 14:12,81.36,81.36,81.165,81.315,57
2026-05-08 14:13,81.525,81.535,81.325,81.33,128
2026-05-08 14:14,81.5,81.54,81.445,81.52,53
2026-05-08 14:15,81.515,81.55,81.455,81.48,46
2026-05-08 14:16,81.56,81.57,81.46,81.52,146
2026-05-08 14:17,81.55,81.64,81.535,81.56,76
2026-05-08 14:18,81.515,81.555,81.49,81.55,65
2026-05-08 14:19,81.44,81.49,81.37,81.47,73
2026-05-08 14:20,81.32,81.46,81.255,81.46,104
2026-05-08 14:21,81.345,81.365,81.29,81.33,46
2026-05-08 14:22,81.355,81.44,81.355,81.44,31
2026-05-08 14:23,81.345,81.365,81.23,81.34,43
2026-05-08 14:24,81.385,81.39,81.315,81.35,25
2026-05-08 14:25,81.51,81.535,81.39,81.4,64
2026-05-08 14:26,81.505,81.555,81.495,81.495,25
2026-05-08 14:27,81.32,81.495,81.315,81.495,93
2026-05-08 14:28,81.235,81.335,81.23,81.33,70
2026-05-08 14:29,81.16,81.325,81.15,81.235,73
2026-05-08 14:30,81.1,81.22,81.07,81.16,103
2026-05-08 14:31,81.265,81.295,81.065,81.065,81
2026-05-08 14:32,81.27,81.305,81.23,81.265,51
2026-05-08 14:33,81.195,81.25,81.13,81.25,52
2026-05-08 14:34,81.305,81.36,81.235,81.235,36
2026-05-08 14:35,81.275,81.35,81.245,81.34,35
2026-05-08 14:36,81.32,81.32,81.23,81.265,33
2026-05-08 14:37,81.38,81.38,81.28,81.32,44
2026-05-08 14:38,81.42,81.42,81.35,81.39,20
2026-05-08 14:39,81.47,81.47,81.355,81.44,75
2026-05-08 14:40,81.465,81.505,81.43,81.43,23
2026-05-08 14:41,81.455,81.465,81.44,81.465,9
2026-05-08 14:42,81.44,81.505,81.425,81.425,24
2026-05-08 14:43,81.495,81.495,81.435,81.475,19
2026-05-08 14:44,81.47,81.52,81.45,81.52,28
2026-05-08 14:45,81.45,81.47,81.43,81.47,47
2026-05-08 14:46,81.435,81.435,81.37,81.435,25
2026-05-08 14:47,81.44,81.495,81.415,81.48,23
2026-05-08 14:48,81.305,81.425,81.27,81.425,37
2026-05-08 14:49,81.335,81.345,81.275,81.3,16
2026-05-08 14:50,81.22,81.35,81.22,81.31,22
2026-05-08 14:51,81.215,81.27,81.21,81.245,60
2026-05-08 14:52,81.18,81.265,81.15,81.2,41
2026-05-08 14:53,81.17,81.18,81.105,81.165,71
2026-05-08 14:54,81.255,81.255,81.14,81.15,81
2026-05-08 14:55,81.26,81.26,81.23,81.255,10
2026-05-08 14:56,81.185,81.27,81.135,81.27,32
2026-05-08 14:57,81.18,81.22,81.175,81.185,16
2026-05-08 14:58,81.2,81.23,81.17,81.19,8
2026-05-08 14:59,81.19,81.215,81.14,81.215,21
2026-05-08 15:00,81.225,81.225,81.05,81.13,58
2026-05-08 15:01,81.205,81.28,81.2,81.24,42
2026-05-08 15:02,81.13,81.255,81.125,81.245,25
2026-05-08 15:03,81.125,81.19,81.1,81.18,19
2026-05-08 15:04,81.16,81.18,81.135,81.135,17
2026-05-08 15:05,81.19,81.2,81.16,81.16,38
2026-05-08 15:06,81.345,81.37,81.24,81.245,77
2026-05-08 15:07,81.33,81.38,81.33,81.34,41
2026-05-08 15:08,81.38,81.38,81.35,81.35,22
2026-05-08 15:09,81.25,81.35,81.23,81.35,30
2026-05-08 15:10,81.275,81.275,81.23,81.23,7
2026-05-08 15:11,81.27,81.31,81.265,81.305,14
2026-05-08 15:12,80.94,81.26,80.93,81.26,136
2026-05-08 15:13,80.83,80.945,80.77,80.945,194
2026-05-08 15:14,80.74,80.86,80.66,80.86,103
2026-05-08 15:15,80.79,80.83,80.69,80.74,100
2026-05-08 15:16,80.725,80.77,80.68,80.77,93
2026-05-08 15:17,80.66,80.74,80.585,80.73,121
2026-05-08 15:18,80.575,80.675,80.55,80.67,91
2026-05-08 15:19,80.68,80.735,80.615,80.615,65
2026-05-08 15:20,80.79,80.79,80.685,80.715,34
2026-05-08 15:21,80.845,80.86,80.78,80.8,59
2026-05-08 15:22,80.73,80.845,80.66,80.845,44
2026-05-08 15:23,80.695,80.815,80.68,80.735,34
2026-05-08 15:24,80.775,80.8,80.71,80.71,20
2026-05-08 15:25,80.735,80.75,80.675,80.75,32
2026-05-08 15:26,80.68,80.785,80.68,80.73,54
2026-05-08 15:27,80.785,80.845,80.66,80.7,102
2026-05-08 15:28,80.785,80.81,80.775,80.805,21
2026-05-08 15:29,80.89,80.895,80.75,80.755,62
2026-05-08 15:30,80.64,80.98,80.535,80.9,189
2026-05-08 15:31,80.665,80.665,80.45,80.605,162
2026-05-08 15:32,80.665,80.69,80.62,80.62,16
2026-05-08 15:33,80.63,80.695,80.63,80.655,21
2026-05-08 15:34,80.685,80.685,80.605,80.645,23
2026-05-08 15:35,80.71,80.75,80.67,80.7,81
2026-05-08 15:36,80.735,80.8,80.69,80.695,47
2026-05-08 15:37,80.7,80.775,80.665,80.77,26
2026-05-08 15:38,80.775,80.775,80.675,80.705,21
2026-05-08 15:39,80.78,80.835,80.74,80.8,39
2026-05-08 15:40,80.75,80.78,80.74,80.755,20
2026-05-08 15:41,80.71,80.75,80.695,80.73,15
2026-05-08 15:42,80.705,80.715,80.63,80.665,40
2026-05-08 15:43,80.58,80.7,80.46,80.695,98
2026-05-08 15:44,80.56,80.59,80.515,80.53,14
2026-05-08 15:45,80.57,80.57,80.43,80.55,43
2026-05-08 15:46,80.55,80.585,80.51,80.55,28
2026-05-08 15:47,80.63,80.65,80.54,80.55,26
2026-05-08 15:48,80.625,80.665,80.62,80.655,13
2026-05-08 15:49,80.62,80.64,80.59,80.62,22
2026-05-08 15:50,80.67,80.69,80.64,80.64,18
2026-05-08 15:51,80.655,80.69,80.62,80.66,22
2026-05-08 15:52,80.565,80.66,80.55,80.65,8
2026-05-08 15:53,80.615,80.615,80.585,80.585,11
2026-05-08 15:54,80.635,80.655,80.615,80.655,10
2026-05-08 15:55,80.465,80.615,80.465,80.615,31
2026-05-08 15:56,80.555,80.575,80.445,80.445,21
2026-05-08 15:57,80.505,80.59,80.505,80.58,17
2026-05-08 15:58,80.455,80.535,80.45,80.535,35
2026-05-08 15:59,80.475,80.55,80.45,80.45,138
2026-05-08 16:00,80.505,80.545,80.445,80.47,157
2026-05-08 16:01,80.54,80.57,80.475,80.52,51
2026-05-08 16:02,80.575,80.575,80.53,80.57,37
2026-05-08 16:03,80.5,80.55,80.425,80.55,27
2026-05-08 16:04,80.45,80.5,80.445,80.49,16
2026-05-08 16:05,80.625,80.64,80.445,80.445,57
2026-05-08 16:06,80.595,80.63,80.585,80.63,16
2026-05-08 16:07,80.62,80.65,80.61,80.615,17
2026-05-08 16:08,80.5,80.61,80.5,80.61,20
2026-05-08 16:09,80.57,80.57,80.51,80.51,9
2026-05-08 16:10,80.6,80.615,80.525,80.525,28
2026-05-08 16:11,80.66,80.66,80.62,80.62,12
2026-05-08 16:12,80.665,80.67,80.63,80.665,33
2026-05-08 16:13,80.72,80.75,80.635,80.64,78
2026-05-08 16:14,80.71,80.735,80.71,80.72,24
2026-05-08 16:15,80.8,80.825,80.735,80.735,24
2026-05-08 16:16,80.77,80.815,80.74,80.78,29
2026-05-08 16:17,80.78,80.79,80.765,80.785,13
2026-05-08 16:18,80.81,80.82,80.76,80.76,18
2026-05-08 16:19,80.73,80.81,80.73,80.805,14
2026-05-08 16:20,80.765,80.81,80.73,80.73,50
2026-05-08 16:21,80.77,80.785,80.77,80.785,5
2026-05-08 16:22,80.81,80.845,80.79,80.8,39
2026-05-08 16:23,80.845,80.85,80.805,80.805,37
2026-05-08 16:24,80.81,80.825,80.75,80.82,46
2026-05-08 16:25,80.845,80.885,80.82,80.82,45
2026-05-08 16:26,80.89,80.91,80.855,80.855,26
2026-05-08 16:27,80.915,80.95,80.895,80.895,36
2026-05-08 16:28,80.99,81.005,80.89,80.905,72
2026-05-08 16:29,81.025,81.035,80.98,80.99,40
2026-05-08 16:30,80.985,81.075,80.975,81.045,43
2026-05-08 16:31,81.015,81.04,80.985,80.985,20
2026-05-08 16:32,81.005,81.03,80.99,81.015,13
2026-05-08 16:33,81.065,81.085,81.015,81.02,17
2026-05-08 16:34,81.01,81.035,81.01,81.035,4
2026-05-08 16:35,80.97,81.02,80.95,81.0,27
2026-05-08 16:36,81.0,81.02,80.96,80.96,15
2026-05-08 16:37,81.025,81.025,81.005,81.005,6
2026-05-08 16:38,80.965,80.98,80.955,80.98,10
2026-05-08 16:39,80.955,80.975,80.94,80.965,18
2026-05-08 16:40,80.97,80.98,80.95,80.955,10
2026-05-08 16:41,80.88,80.95,80.87,80.93,46
2026-05-08 16:42,80.9,80.92,80.87,80.87,26
2026-05-08 16:43,80.91,80.915,80.88,80.915,15
2026-05-08 16:44,80.89,80.92,80.885,80.915,23
2026-05-08 16:45,80.9,80.925,80.865,80.895,15
2026-05-08 16:46,80.875,80.925,80.865,80.905,26
2026-05-08 16:47,80.83,80.95,80.83,80.89,29
2026-05-08 16:48,80.795,80.835,80.795,80.835,20
2026-05-08 16:49,80.735,80.795,80.715,80.785,43
2026-05-08 16:50,80.74,80.75,80.73,80.735,7
2026-05-08 16:51,80.76,80.765,80.73,80.73,14
2026-05-08 16:52,80.755,80.77,80.755,80.76,3
2026-05-08 16:53,80.79,80.825,80.765,80.765,21
2026-05-08 16:54,80.725,80.795,80.71,80.795,12
2026-05-08 16:55,80.635,80.76,80.615,80.745,42
2026-05-08 16:56,80.63,80.645,80.6,80.61,24
2026-05-08 16:57,80.66,80.67,80.6,80.645,19
2026-05-08 16:58,80.64,80.65,80.62,80.63,13
2026-05-08 16:59,80.635,80.65,80.625,80.63,12
2026-05-08 17:00,80.66,80.74,80.62,80.625,27
2026-05-08 17:01,80.65,80.7,80.65,80.665,24
2026-05-08 17:02,80.65,80.66,80.635,80.65,13
2026-05-08 17:03,80.61,80.64,80.595,80.63,14
2026-05-08 17:04,80.695,80.7,80.61,80.61,25
2026-05-08 17:05,80.7,80.7,80.67,80.7,34
2026-05-08 17:06,80.725,80.735,80.685,80.685,27
2026-05-08 17:07,80.67,80.71,80.67,80.7,25
2026-05-08 17:08,80.705,80.72,80.66,80.665,32
2026-05-08 17:09,80.62,80.695,80.615,80.695,20
2026-05-08 17:10,80.64,80.64,80.59,80.615,41
2026-05-08 17:11,80.65,80.68,80.65,80.655,13
2026-05-08 17:12,80.645,80.66,80.6,80.66,97
2026-05-08 17:13,80.64,80.64,80.62,80.635,11
2026-05-08 17:14,80.61,80.625,80.58,80.625,34
2026-05-08 17:15,80.685,80.695,80.61,80.61,43
2026-05-08 17:16,80.705,80.73,80.685,80.69,38
2026-05-08 17:17,80.795,80.795,80.705,80.71,53
2026-05-08 17:18,80.77,80.785,80.75,80.775,19
2026-05-08 17:19,80.78,80.805,80.76,80.76,75
2026-05-08 17:20,80.75,80.8,80.75,80.775,18
2026-05-08 17:21,80.845,80.855,80.75,80.76,57
2026-05-08 17:22,80.84,80.865,80.81,80.85,57
2026-05-08 17:23,80.785,80.85,80.785,80.85,106
2026-05-08 17:24,80.89,80.905,80.77,80.77,726
2026-05-08 17:25,80.92,80.95,80.875,80.885,90
2026-05-08 17:26,80.88,80.92,80.88,80.91,27
2026-05-08 17:27,80.945,80.955,80.92,80.92,48
2026-05-08 17:28,80.95,80.95,80.93,80.93,12
2026-05-08 17:29,80.915,80.96,80.915,80.93,24
2026-05-08 17:30,80.905,80.955,80.905,80.92,16
2026-05-08 17:31,80.925,80.925,80.895,80.895,6
2026-05-08 17:32,80.875,80.915,80.875,80.905,29
2026-05-08 17:33,80.905,80.905,80.87,80.875,28
2026-05-08 17:34,81.005,81.03,80.905,80.915,66
2026-05-08 17:35,81.005,81.01,80.99,81.005,16
2026-05-08 17:36,81.025,81.05,81.015,81.015,13
2026-05-08 17:37,80.965,81.025,80.96,81.025,15
2026-05-08 17:38,80.97,80.985,80.945,80.96,11
2026-05-08 17:39,80.935,80.96,80.935,80.945,8
2026-05-08 17:40,80.91,80.93,80.905,80.93,7
2026-05-08 17:41,80.915,80.95,80.915,80.95,6
2026-05-08 17:42,80.935,80.935,80.935,80.935,4
2026-05-08 17:43,80.95,80.95,80.95,80.95,5
2026-05-08 17:44,80.97,80.97,80.97,80.97,3
2026-05-08 17:45,80.975,80.98,80.955,80.96,6
2026-05-08 17:46,80.99,80.99,80.96,80.965,6
2026-05-08 17:47,80.99,81.0,80.99,80.995,4
2026-05-08 17:48,80.98,80.98,80.96,80.96,10
2026-05-08 17:49,80.94,80.995,80.935,80.995,26
2026-05-08 17:50,80.95,80.96,80.91,80.94,47
2026-05-08 17:51,80.935,80.935,80.915,80.925,9
2026-05-08 17:52,80.945,80.95,80.905,80.92,13
2026-05-08 17:53,80.965,80.97,80.96,80.96,7
2026-05-08 17:54,80.975,80.975,80.95,80.975,8
2026-05-08 17:55,80.97,80.995,80.96,80.985,11
2026-05-08 17:56,80.965,80.975,80.95,80.95,7
2026-05-08 17:57,80.915,80.945,80.91,80.945,18
2026-05-08 17:58,80.95,80.95,80.885,80.91,33
2026-05-08 17:59,80.915,80.955,80.905,80.955,7
2026-05-08 18:00,81.04,81.16,80.905,80.925,293
2026-05-08 18:01,81.135,81.135,81.06,81.06,31
2026-05-08 18:02,81.16,81.195,81.145,81.145,54
2026-05-08 18:03,81.155,81.18,81.155,81.165,19
2026-05-08 18:04,81.195,81.24,81.145,81.145,28
2026-05-08 18:05,81.235,81.265,81.225,81.245,43
2026-05-08 18:06,81.31,81.32,81.255,81.255,55
2026-05-08 18:07,81.265,81.32,81.23,81.31,112
2026-05-08 18:08,81.285,81.305,81.26,81.26,8
2026-05-08 18:09,81.245,81.26,81.245,81.255,14
2026-05-08 18:10,81.31,81.31,81.24,81.25,21
2026-05-08 18:11,81.34,81.39,81.33,81.33,29
2026-05-08 18:12,81.37,81.375,81.345,81.35,10
2026-05-08 18:13,81.4,81.4,81.35,81.375,19
2026-05-08 18:14,81.38,81.44,81.38,81.39,22
2026-05-08 18:15,81.32,81.4,81.32,81.4,10
2026-05-08 18:16,81.36,81.36,81.32,81.33,11
2026-05-08 18:17,81.36,81.365,81.35,81.355,6
2026-05-08 18:18,81.345,81.345,81.345,81.345,11
2026-05-08 18:19,81.285,81.335,81.265,81.335,32
2026-05-08 18:20,81.25,81.28,81.245,81.275,31
2026-05-08 18:21,81.25,81.275,81.235,81.235,24
2026-05-08 18:22,81.28,81.285,81.255,81.255,16
2026-05-08 18:23,81.265,81.265,81.265,81.265,1
2026-05-08 18:24,81.18,81.245,81.18,81.24,19
2026-05-08 18:25,81.115,81.19,81.08,81.19,60
2026-05-08 18:26,81.155,81.17,81.11,81.11,24
2026-05-08 18:27,81.13,81.165,81.105,81.165,5
2026-05-08 18:28,81.13,81.15,81.13,81.135,12
2026-05-08 18:29,81.2,81.21,81.155,81.155,28
2026-05-08 18:30,81.165,81.165,81.16,81.165,6
2026-05-08 18:31,81.105,81.125,81.105,81.115,6
2026-05-08 18:32,81.15,81.15,81.15,81.15,1
2026-05-08 18:33,81.165,81.165,81.135,81.135,12
2026-05-08 18:34,81.165,81.19,81.155,81.175,11
2026-05-08 18:35,81.165,81.165,81.155,81.155,5
2026-05-08 18:36,81.13,81.145,81.115,81.145,25
2026-05-08 18:37,81.105,81.125,81.105,81.125,2
2026-05-08 18:38,81.135,81.145,81.1,81.1,6
2026-05-08 18:39,81.11,81.15,81.11,81.15,3
2026-05-08 18:40,81.09,81.11,81.06,81.11,28
2026-05-08 18:41,81.055,81.075,81.055,81.07,8
2026-05-08 18:42,81.105,81.105,81.07,81.07,8
2026-05-08 18:43,81.11,81.11,81.105,81.11,4
2026-05-08 18:44,81.07,81.125,81.07,81.12,8
2026-05-08 18:45,81.07,81.07,81.05,81.05,7
2026-05-08 18:46,81.045,81.08,81.04,81.06,6
2026-05-08 18:47,81.065,81.065,81.04,81.04,2
2026-05-08 18:48,81.055,81.055,81.05,81.05,3
2026-05-08 18:49,81.07,81.07,81.015,81.065,19
2026-05-08 18:50,81.06,81.09,81.06,81.075,4
2026-05-08 18:51,81.06,81.08,81.06,81.065,10
2026-05-08 18:52,81.065,81.08,81.065,81.08,4
2026-05-08 18:53,81.045,81.045,81.045,81.045,1
2026-05-08 18:54,81.035,81.09,81.0,81.08,13
2026-05-08 18:55,80.99,80.995,80.965,80.995,15
2026-05-08 18:56,81.055,81.055,81.005,81.005,8
2026-05-08 18:57,81.04,81.04,81.03,81.03,4
2026-05-08 18:58,81.075,81.11,81.04,81.04,16
2026-05-08 18:59,81.015,81.06,81.015,81.06,18
2026-05-08 19:00,81.065,81.065,81.005,81.005,2
2026-05-08 19:01,81.115,81.14,81.07,81.075,19
2026-05-08 19:02,81.11,81.115,81.08,81.11,35
2026-05-08 19:03,81.065,81.13,81.065,81.12,15
2026-05-08 19:04,80.99,81.075,80.97,81.06,29
2026-05-08 19:05,80.99,81.0,80.98,80.995,4
2026-05-08 19:06,81.07,81.075,81.005,81.005,26
2026-05-08 19:07,80.995,81.08,80.995,81.075,27
2026-05-08 19:08,80.99,81.0,80.99,80.995,8
2026-05-08 19:09,80.99,80.99,80.98,80.98,3
2026-05-08 19:10,81.005,81.005,81.005,81.005,1
2026-05-08 19:11,81.0,81.0,81.0,81.0,2
2026-05-08 19:12,81.0,81.0,80.985,80.985,7
2026-05-08 19:13,80.97,81.015,80.965,80.995,23
2026-05-08 19:14,80.97,80.97,80.955,80.955,5
2026-05-08 19:15,80.97,80.985,80.97,80.985,6
2026-05-08 19:16,80.995,80.995,80.975,80.99,6
2026-05-08 19:17,81.01,81.02,81.0,81.005,15
2026-05-08 19:18,81.01,81.01,81.005,81.005,8
2026-05-08 19:19,80.995,81.01,80.99,81.01,10
2026-05-08 19:20,81.0,81.015,81.0,81.005,5
2026-05-08 19:21,80.965,80.975,80.955,80.97,7
2026-05-08 19:22,80.99,80.99,80.975,80.975,3
2026-05-08 19:23,81.015,81.03,80.97,80.97,33
2026-05-08 19:24,80.995,81.03,80.99,81.01,17
2026-05-08 19:25,80.985,80.99,80.965,80.985,11
2026-05-08 19:26,81.075,81.075,80.995,80.995,26
2026-05-08 19:27,81.12,81.12,81.045,81.045,74
2026-05-08 19:28,81.08,81.135,81.08,81.13,19
2026-05-08 19:29,81.07,81.07,81.06,81.06,3
2026-05-08 19:30,81.055,81.055,81.02,81.035,9
2026-05-08 19:31,81.035,81.05,81.025,81.05,5
2026-05-08 19:32,81.015,81.04,81.0,81.04,4
2026-05-08 19:33,81.055,81.055,81.035,81.035,3
2026-05-08 19:34,81.09,81.1,81.08,81.08,6
2026-05-08 19:35,81.04,81.07,81.04,81.07,4
2026-05-08 19:36,81.105,81.115,81.05,81.05,11
2026-05-08 19:37,81.125,81.14,81.125,81.14,5
2026-05-08 19:38,81.135,81.135,81.11,81.12,4
2026-05-08 19:39,81.14,81.14,81.115,81.115,6
2026-05-08 19:40,81.25,81.25,81.12,81.135,44
2026-05-08 19:41,81.23,81.26,81.22,81.24,31
2026-05-08 19:42,81.22,81.235,81.205,81.215,16
2026-05-08 19:43,81.235,81.235,81.215,81.23,5
2026-05-08 19:44,81.275,81.275,81.22,81.22,9
2026-05-08 19:45,81.285,81.3,81.285,81.285,12
2026-05-08 19:46,81.26,81.295,81.255,81.27,21
2026-05-08 19:47,81.295,81.3,81.245,81.245,14
2026-05-08 19:48,81.275,81.29,81.275,81.29,6
2026-05-08 19:49,81.245,81.285,81.245,81.27,12
2026-05-08 19:50,81.23,81.28,81.195,81.24,53
2026-05-08 19:51,81.235,81.235,81.225,81.225,6
2026-05-08 19:52,81.225,81.26,81.225,81.25,8
2026-05-08 19:53,81.165,81.24,81.155,81.24,34
2026-05-08 19:54,81.185,81.21,81.165,81.165,34
2026-05-08 19:55,81.13,81.18,81.12,81.18,66
2026-05-08 19:56,81.125,81.15,81.115,81.13,41
2026-05-08 19:57,81.15,81.155,81.125,81.135,13
2026-05-08 19:58,81.15,81.175,81.135,81.16,31
2026-05-08 19:59,81.19,81.195,81.135,81.15,23
2026-05-08 20:00,81.115,81.19,81.1,81.19,26
2026-05-08 20:01,81.065,81.105,81.055,81.105,37
2026-05-08 20:02,81.055,81.08,81.02,81.08,28
2026-05-08 20:03,81.065,81.075,81.05,81.06,21
2026-05-08 20:04,81.035,81.075,81.025,81.075,27
2026-05-08 20:05,81.04,81.04,81.015,81.03,12
2026-05-08 20:06,81.04,81.05,81.035,81.05,3
2026-05-08 20:07,81.0,81.02,81.0,81.005,8
2026-05-08 20:08,80.99,81.0,80.985,81.0,5
2026-05-08 20:09,80.98,81.01,80.97,80.99,9
2026-05-08 20:10,80.91,80.97,80.91,80.97,18
2026-05-08 20:11,80.905,80.915,80.9,80.91,8
2026-05-08 20:12,80.905,80.91,80.9,80.91,4
2026-05-08 20:13,80.91,80.92,80.895,80.92,4
2026-05-08 20:14,80.935,80.965,80.92,80.92,6
2026-05-08 20:15,80.915,80.93,80.905,80.93,7
2026-05-08 20:16,80.945,80.96,80.905,80.905,18
2026-05-08 20:17,80.885,80.945,80.885,80.935,13
2026-05-08 20:18,80.865,80.89,80.865,80.875,16
2026-05-08 20:19,80.82,80.865,80.82,80.865,19
2026-05-08 20:20,80.835,80.845,80.815,80.815,7
2026-05-08 20:21,80.89,80.89,80.845,80.845,4
2026-05-08 20:22,80.84,80.895,80.84,80.895,9
2026-05-08 20:23,80.85,80.85,80.85,80.85,1
2026-05-08 20:24,80.845,80.905,80.845,80.875,5
2026-05-08 20:25,80.85,80.85,80.845,80.845,2
2026-05-08 20:27,80.83,80.83,80.83,80.83,1
2026-05-08 20:28,80.83,80.855,80.83,80.835,16
2026-05-08 20:29,80.885,80.885,80.85,80.85,5
2026-05-08 20:30,80.85,80.875,80.845,80.875,9
2026-05-08 20:31,80.86,80.86,80.83,80.83,6
2026-05-08 20:32,80.9,80.9,80.86,80.86,3
2026-05-08 20:33,80.87,80.885,80.86,80.885,6
2026-05-08 20:34,80.915,80.915,80.86,80.885,30
2026-05-08 20:35,80.925,80.945,80.9,80.9,14
2026-05-08 20:36,80.935,80.935,80.935,80.935,1
2026-05-08 20:37,80.975,80.975,80.94,80.94,8
2026-05-08 20:38,80.92,80.94,80.915,80.94,3
2026-05-08 20:39,80.915,80.915,80.9,80.9,2
2026-05-08 20:40,80.925,80.925,80.895,80.895,4
2026-05-08 20:41,80.895,80.905,80.895,80.905,2
2026-05-08 20:42,80.905,80.915,80.895,80.895,7
2026-05-08 20:43,80.905,80.905,80.905,80.905,1
2026-05-08 20:44,80.885,80.89,80.885,80.89,3
2026-05-08 20:45,80.87,80.905,80.865,80.905,11
2026-05-08 20:46,80.87,80.885,80.87,80.885,3
2026-05-08 20:47,80.885,80.885,80.885,80.885,1
2026-05-08 20:48,80.92,80.92,80.88,80.88,29
2026-05-08 20:49,80.9,80.91,80.9,80.91,14
2026-05-08 20:50,80.855,80.91,80.855,80.895,6
2026-05-08 20:51,80.84,80.87,80.82,80.845,31
2026-05-08 20:52,80.845,80.85,80.82,80.82,6
2026-05-08 20:53,80.81,80.845,80.805,80.845,12
2026-05-08 20:54,80.85,80.85,80.81,80.84,20
2026-05-08 20:55,80.825,80.84,80.805,80.84,10
2026-05-08 20:56,80.855,80.885,80.835,80.88,12
2026-05-08 20:57,80.85,80.85,80.83,80.85,7
2026-05-08 20:58,80.87,80.87,80.86,80.86,4
2026-05-08 20:59,80.865,80.87,80.835,80.87,14
2026-05-10 22:10,79.925,79.925,79.925,79.925,0
2026-05-10 22:11,80.03,80.03,79.93,79.93,19
2026-05-10 22:12,80.075,80.075,80.0,80.0,30
2026-05-10 22:13,80.0,80.07,79.975,80.06,22
2026-05-10 22:14,79.97,80.005,79.955,80.005,10
2026-05-10 22:15,79.93,79.98,79.93,79.98,9
2026-05-10 22:16,79.93,79.95,79.92,79.92,3
2026-05-10 22:17,79.755,79.915,79.755,79.915,30
2026-05-10 22:18,79.77,79.825,79.77,79.825,10
2026-05-10 22:19,79.805,79.805,79.78,79.805,3
2026-05-10 22:20,79.885,79.885,79.865,79.865,4
2026-05-10 22:21,79.9,79.905,79.885,79.885,5
2026-05-10 22:22,79.9,79.915,79.9,79.915,4
2026-05-10 22:23,79.91,79.95,79.91,79.93,8
2026-05-10 22:24,80.01,80.015,79.965,79.965,5
2026-05-10 22:25,80.015,80.035,80.015,80.02,7
2026-05-10 22:26,80.075,80.075,80.015,80.015,14
2026-05-10 22:27,80.165,80.165,80.08,80.085,24
2026-05-10 22:28,80.19,80.195,80.145,80.17,18
2026-05-10 22:29,80.23,80.23,80.15,80.165,18
2026-05-10 22:30,80.165,80.225,80.165,80.18,11
2026-05-10 22:31,80.225,80.25,80.16,80.16,31
2026-05-10 22:32,80.195,80.225,80.195,80.205,23
2026-05-10 22:33,80.255,80.255,80.2,80.22,17
2026-05-10 22:34,80.315,80.335,80.22,80.22,19
2026-05-10 22:35,80.235,80.31,80.23,80.31,12
2026-05-10 22:36,80.26,80.265,80.26,80.265,3
2026-05-10 22:37,80.155,80.25,80.135,80.25,20
2026-05-10 22:38,80.155,80.2,80.155,80.2,14
2026-05-10 22:39,80.17,80.17,80.09,80.135,6
2026-05-10 22:40,80.175,80.21,80.175,80.185,4
2026-05-10 22:41,80.195,80.195,80.195,80.195,1
2026-05-10 22:42,80.18,80.18,80.17,80.17,2
2026-05-10 22:44,80.325,80.325,80.225,80.225,7
2026-05-10 22:45,80.285,80.3,80.285,80.3,7
2026-05-10 22:46,80.335,80.365,80.325,80.325,9
2026-05-10 22:47,80.395,80.395,80.36,80.36,11
2026-05-10 22:48,80.39,80.42,80.365,80.42,5
2026-05-10 22:49,80.465,80.465,80.39,80.4,16
2026-05-10 22:50,80.415,80.455,80.4,80.455,18
2026-05-10 22:51,80.42,80.425,80.375,80.42,31
2026-05-10 22:52,80.38,80.38,80.365,80.375,6
2026-05-10 22:53,80.38,80.4,80.38,80.385,7
2026-05-10 22:54,80.355,80.4,80.345,80.4,19
2026-05-10 22:55,80.415,80.415,80.335,80.34,18
2026-05-10 22:56,80.41,80.41,80.405,80.405,2
2026-05-10 22:57,80.49,80.53,80.465,80.48,9
2026-05-10 22:58,80.51,80.515,80.47,80.47,4
2026-05-10 22:59,80.45,80.525,80.45,80.52,12
2026-05-10 23:00,80.515,80.525,80.43,80.44,13
2026-05-10 23:01,80.48,80.485,80.48,80.485,2
2026-05-10 23:02,80.47,80.475,80.465,80.475,3
2026-05-10 23:03,80.51,80.51,80.45,80.46,13
2026-05-10 23:04,80.645,80.65,80.515,80.545,21
2026-05-10 23:05,80.635,80.645,80.555,80.61,27
2026-05-10 23:06,80.65,80.65,80.62,80.625,6
2026-05-10 23:07,80.64,80.655,80.64,80.655,4
2026-05-10 23:08,80.62,80.655,80.595,80.655,5
2026-05-10 23:09,80.6,80.635,80.6,80.635,4
2026-05-10 23:10,80.575,80.59,80.56,80.59,10
2026-05-10 23:11,80.565,80.625,80.53,80.605,42
2026-05-10 23:12,80.61,80.625,80.57,80.57,7
2026-05-10 23:13,80.58,80.625,80.58,80.605,16
2026-05-10 23:14,80.56,80.59,80.52,80.58,22
2026-05-10 23:15,80.575,80.575,80.54,80.54,13
2026-05-10 23:16,80.625,80.665,80.58,80.58,31
2026-05-10 23:17,80.645,80.665,80.645,80.655,3
2026-05-10 23:18,80.665,80.69,80.63,80.67,11
2026-05-10 23:19,80.725,80.74,80.67,80.67,16
2026-05-10 23:20,80.73,80.8,80.73,80.75,21
2026-05-10 23:22,80.725,80.74,80.685,80.74,11
2026-05-10 23:23,80.695,80.695,80.695,80.695,1
2026-05-10 23:24,80.75,80.75,80.725,80.725,22
2026-05-10 23:26,80.755,80.755,80.755,80.755,1
2026-05-10 23:27,80.78,80.78,80.77,80.77,2
2026-05-10 23:28,80.74,80.74,80.74,80.74,1
2026-05-10 23:29,80.725,80.725,80.705,80.705,2
2026-05-10 23:30,80.75,80.75,80.7,80.7,6
2026-05-10 23:31,80.705,80.74,80.705,80.74,2
2026-05-10 23:32,80.75,80.75,80.715,80.715,11
2026-05-10 23:33,80.74,80.76,80.74,80.76,10
2026-05-10 23:34,80.755,80.785,80.73,80.73,26
2026-05-10 23:35,80.77,80.77,80.74,80.745,4
2026-05-10 23:37,80.72,80.75,80.72,80.75,3
2026-05-10 23:39,80.74,80.75,80.74,80.75,4
2026-05-10 23:40,80.81,80.81,80.76,80.76,19
2026-05-10 23:41,80.76,80.76,80.745,80.745,6
2026-05-10 23:42,80.68,80.725,80.68,80.725,22
2026-05-10 23:43,80.665,80.7,80.665,80.695,5
2026-05-10 23:44,80.71,80.71,80.71,80.71,1
2026-05-10 23:45,80.55,80.65,80.55,80.65,11
2026-05-10 23:46,80.575,80.575,80.57,80.57,2
2026-05-10 23:47,80.61,80.61,80.61,80.61,1
2026-05-10 23:48,80.725,80.725,80.61,80.61,8
2026-05-10 23:49,80.73,80.73,80.73,80.73,1
2026-05-10 23:50,80.7,80.725,80.7,80.725,7
2026-05-10 23:51,80.67,80.685,80.67,80.685,3
2026-05-10 23:52,80.6,80.61,80.575,80.61,8
2026-05-10 23:54,80.63,80.63,80.63,80.63,1
2026-05-10 23:56,80.55,80.55,80.55,80.55,7
2026-05-10 23:57,80.55,80.55,80.55,80.55,1
2026-05-10 23:58,80.525,80.525,80.525,80.525,1
2026-05-10 23:59,80.49,80.51,80.415,80.51,20
2026-05-11 00:00,80.415,80.47,80.375,80.46,61
2026-05-11 00:01,80.44,80.46,80.355,80.355,15
2026-05-11 00:02,80.49,80.5,80.45,80.45,14
2026-05-11 00:03,80.44,80.48,80.36,80.465,39
2026-05-11 00:04,80.47,80.47,80.47,80.47,1
2026-05-11 00:05,80.615,80.655,80.54,80.55,16
2026-05-11 00:06,80.56,80.605,80.56,80.605,4
2026-05-11 00:08,80.56,80.57,80.55,80.55,4
2026-05-11 00:09,80.46,80.535,80.455,80.535,8
2026-05-11 00:10,80.395,80.485,80.395,80.475,13
2026-05-11 00:11,80.45,80.45,80.415,80.43,6
2026-05-11 00:12,80.445,80.45,80.41,80.41,3
2026-05-11 00:13,80.35,80.415,80.33,80.415,18
2026-05-11 00:14,80.45,80.45,80.345,80.355,14
2026-05-11 00:15,80.375,80.465,80.33,80.46,27
2026-05-11 00:16,80.375,80.39,80.375,80.39,7
2026-05-11 00:17,80.385,80.405,80.305,80.35,22
2026-05-11 00:18,80.375,80.375,80.375,80.375,1
2026-05-11 00:19,80.395,80.415,80.36,80.36,4
2026-05-11 00:20,80.545,80.565,80.36,80.36,41
2026-05-11 00:21,80.565,80.575,80.54,80.55,19
2026-05-11 00:22,80.595,80.595,80.565,80.565,6
2026-05-11 00:23,80.595,80.61,80.595,80.595,5
2026-05-11 00:24,80.585,80.585,80.585,80.585,2
2026-05-11 00:25,80.67,80.7,80.585,80.585,24
2026-05-11 00:26,80.615,80.66,80.585,80.66,6
2026-05-11 00:27,80.555,80.605,80.52,80.605,8
2026-05-11 00:28,80.545,80.55,80.525,80.525,4
2026-05-11 00:29,80.565,80.565,80.565,80.565,1
2026-05-11 00:30,80.65,80.65,80.55,80.61,11
2026-05-11 00:31,80.815,80.85,80.65,80.65,35
2026-05-11 00:32,80.95,80.95,80.81,80.81,35
2026-05-11 00:33,80.93,80.93,80.895,80.905,27
2026-05-11 00:34,80.905,80.925,80.885,80.925,3
2026-05-11 00:35,80.91,80.925,80.855,80.925,12
2026-05-11 00:36,81.005,81.03,80.9,80.9,33
2026-05-11 00:37,80.915,81.035,80.915,80.975,17
2026-05-11 00:38,80.825,80.915,80.825,80.9,19
2026-05-11 00:39,80.78,80.805,80.74,80.805,42
2026-05-11 00:40,80.83,80.85,80.78,80.78,23
2026-05-11 00:41,80.83,80.89,80.83,80.835,16
2026-05-11 00:42,80.87,80.875,80.84,80.84,13
2026-05-11 00:43,80.73,80.87,80.73,80.87,7
2026-05-11 00:44,80.79,80.795,80.745,80.745,20
2026-05-11 00:45,80.76,80.76,80.72,80.725,5
2026-05-11 00:46,80.755,80.79,80.755,80.79,3
2026-05-11 00:47,80.76,80.76,80.715,80.715,3
2026-05-11 00:48,80.745,80.745,80.715,80.715,26
2026-05-11 00:49,80.675,80.715,80.66,80.685,10
2026-05-11 00:50,80.73,80.73,80.655,80.675,6
2026-05-11 00:51,80.71,80.71,80.655,80.655,10
2026-05-11 00:52,80.2,80.665,80.11,80.665,100
2026-05-11 00:53,80.4,80.4,80.125,80.25,94
2026-05-11 00:54,80.47,80.47,80.39,80.39,13
2026-05-11 00:55,80.32,80.45,80.305,80.45,14
2026-05-11 00:56,80.26,80.3,80.215,80.3,74
2026-05-11 00:57,80.42,80.43,80.25,80.25,11
2026-05-11 00:58,80.385,80.46,80.385,80.45,7
2026-05-11 00:59,80.555,80.565,80.47,80.48,27
2026-05-11 01:00,80.09,80.63,80.06,80.505,154
2026-05-11 01:01,80.155,80.25,80.055,80.075,82
2026-05-11 01:02,80.305,80.305,80.135,80.165,24
2026-05-11 01:03,80.52,80.55,80.27,80.27,67
2026-05-11 01:04,80.685,80.705,80.46,80.515,21
2026-05-11 01:05,80.825,80.86,80.585,80.65,77
2026-05-11 01:06,80.775,80.885,80.76,80.805,27
2026-05-11 01:07,80.855,80.89,80.8,80.8,27
2026-05-11 01:08,80.815,80.815,80.74,80.755,8
2026-05-11 01:09,80.605,80.715,80.605,80.71,6
2026-05-11 01:10,80.3,80.615,80.255,80.58,54
2026-05-11 01:11,80.465,80.47,80.3,80.365,17
2026-05-11 01:12,80.54,80.56,80.48,80.51,26
2026-05-11 01:13,80.505,80.605,80.505,80.555,6
2026-05-11 01:14,80.46,80.575,80.46,80.47,12
2026-05-11 01:15,80.505,80.51,80.435,80.5,11
2026-05-11 01:16,80.69,80.69,80.525,80.525,13
2026-05-11 01:17,80.74,80.765,80.65,80.65,17
2026-05-11 01:18,80.705,80.705,80.7,80.7,3
2026-05-11 01:19,80.76,80.79,80.76,80.79,2
2026-05-11 01:20,80.8,80.8,80.71,80.765,18
2026-05-11 01:21,80.86,80.86,80.795,80.795,6
2026-05-11 01:22,81.11,81.11,80.825,80.83,78
2026-05-11 01:23,81.11,81.18,81.085,81.125,31
2026-05-11 01:24,81.075,81.11,81.05,81.1,17
2026-05-11 01:25,81.06,81.22,81.025,81.065,29
2026-05-11 01:26,81.17,81.195,81.115,81.13,32
2026-05-11 01:27,81.195,81.275,81.175,81.21,34
2026-05-11 01:28,81.245,81.29,81.115,81.125,89
2026-05-11 01:29,81.15,81.27,81.15,81.27,26
2026-05-11 01:30,81.085,81.16,81.06,81.16,17
2026-05-11 01:31,81.045,81.125,80.985,81.09,70
2026-05-11 01:32,81.08,81.12,80.98,81.0,40
2026-05-11 01:33,81.255,81.28,81.055,81.1,36
2026-05-11 01:34,81.14,81.21,81.11,81.21,6
2026-05-11 01:35,81.085,81.195,81.085,81.18,32
2026-05-11 01:36,81.165,81.18,81.055,81.055,9
2026-05-11 01:37,81.11,81.225,81.11,81.215,4
2026-05-11 01:38,81.275,81.28,81.1,81.125,18
2026-05-11 01:39,81.195,81.285,81.195,81.255,11
2026-05-11 01:40,81.09,81.22,81.05,81.215,41
2026-05-11 01:41,81.22,81.235,81.09,81.11,26
2026-05-11 01:42,81.3,81.3,81.145,81.165,22
2026-05-11 01:43,81.205,81.205,81.175,81.18,10
2026-05-11 01:44,81.215,81.295,81.19,81.22,22
2026-05-11 01:45,81.255,81.255,81.175,81.25,10
2026-05-11 01:46,81.15,81.225,81.15,81.225,6
2026-05-11 01:47,81.23,81.23,81.215,81.215,5
2026-05-11 01:48,81.275,81.275,81.2,81.215,8
2026-05-11 01:49,81.33,81.365,81.26,81.265,18
2026-05-11 01:50,81.15,81.265,81.12,81.265,23
2026-05-11 01:51,81.04,81.12,81.0,81.12,48
2026-05-11 01:52,81.3,81.405,81.02,81.02,277
2026-05-11 01:53,81.315,81.34,81.165,81.285,61
2026-05-11 01:54,81.27,81.35,81.27,81.335,26
2026-05-11 01:55,81.165,81.28,81.15,81.28,136
2026-05-11 01:56,81.215,81.215,81.125,81.125,9
2026-05-11 01:57,81.17,81.2,81.17,81.195,4
2026-05-11 01:58,81.25,81.295,81.17,81.2,22
2026-05-11 01:59,81.3,81.345,81.235,81.235,12
2026-05-11 02:00,81.615,81.615,81.345,81.345,72
2026-05-11 02:01,81.655,81.67,81.545,81.585,53
2026-05-11 02:02,81.725,81.765,81.615,81.64,190
2026-05-11 02:03,81.72,81.775,81.69,81.725,35
2026-05-11 02:04,81.58,81.75,81.575,81.72,183
2026-05-11 02:05,81.565,81.63,81.565,81.61,18
2026-05-11 02:06,81.295,81.53,81.295,81.53,70
2026-05-11 02:07,81.32,81.345,81.22,81.32,17
2026-05-11 02:08,81.385,81.385,81.365,81.365,6
2026-05-11 02:09,81.455,81.475,81.45,81.46,15
2026-05-11 02:10,81.495,81.505,81.44,81.44,14
2026-05-11 02:11,81.58,81.58,81.45,81.46,11
2026-05-11 02:12,81.55,81.585,81.485,81.575,14
2026-05-11 02:13,81.585,81.6,81.53,81.565,18
2026-05-11 02:14,81.505,81.56,81.505,81.56,9
2026-05-11 02:15,81.485,81.525,81.465,81.51,6
2026-05-11 02:16,81.505,81.505,81.5,81.5,3
2026-05-11 02:17,81.515,81.56,81.505,81.505,5
2026-05-11 02:18,81.515,81.535,81.515,81.535,5
2026-05-11 02:19,81.45,81.46,81.45,81.46,3
2026-05-11 02:20,81.425,81.425,81.4,81.42,21
2026-05-11 02:21,81.47,81.51,81.465,81.475,13
2026-05-11 02:22,81.45,81.46,81.45,81.46,3
2026-05-11 02:23,81.465,81.47,81.41,81.41,9
2026-05-11 02:24,81.485,81.485,81.44,81.44,11
2026-05-11 02:25,81.46,81.48,81.46,81.48,3
2026-05-11 02:26,81.54,81.54,81.5,81.5,5
2026-05-11 02:27,81.56,81.585,81.56,81.56,3
2026-05-11 02:28,81.585,81.6,81.575,81.575,9
2026-05-11 02:29,81.635,81.635,81.6,81.6,9
2026-05-11 02:30,81.805,81.835,81.62,81.62,60
2026-05-11 02:31,81.91,81.92,81.805,81.84,69
2026-05-11 02:32,81.835,81.95,81.815,81.925,28
2026-05-11 02:33,81.835,81.835,81.805,81.83,6
2026-05-11 02:34,81.845,81.85,81.845,81.85,2
2026-05-11 02:35,81.865,81.87,81.815,81.815,5
2026-05-11 02:36,81.97,81.97,81.89,81.9,22
2026-05-11 02:37,82.155,82.19,81.98,81.99,162
2026-05-11 02:38,82.08,82.175,82.05,82.175,29
2026-05-11 02:39,82.18,82.205,82.03,82.065,115
2026-05-11 02:40,82.065,82.185,82.035,82.185,18
2026-05-11 02:41,81.98,82.04,81.98,82.035,24
2026-05-11 02:42,82.0,82.0,81.91,81.94,12
2026-05-11 02:43,81.95,82.0,81.94,82.0,9
2026-05-11 02:44,81.865,81.905,81.845,81.905,17
2026-05-11 02:45,81.95,81.99,81.855,81.865,12
2026-05-11 02:46,82.005,82.005,81.945,81.965,24
2026-05-11 02:47,81.965,81.965,81.96,81.96,2
2026-05-11 02:48,81.815,81.95,81.76,81.95,25
2026-05-11 02:49,81.76,81.8,81.72,81.79,41
2026-05-11 02:50,81.625,81.745,81.595,81.74,44
2026-05-11 02:51,81.65,81.65,81.61,81.625,18
2026-05-11 02:52,81.605,81.645,81.535,81.63,33
2026-05-11 02:53,81.55,81.675,81.53,81.65,23
2026-05-11 02:54,81.645,81.65,81.55,81.55,22
2026-05-11 02:55,81.545,81.695,81.52,81.65,27
2026-05-11 02:56,81.51,81.595,81.48,81.555,22
2026-05-11 02:57,81.53,81.53,81.48,81.525,32
2026-05-11 02:58,81.63,81.68,81.465,81.5,55
2026-05-11 02:59,81.525,81.58,81.47,81.55,11
2026-05-11 03:00,81.47,81.535,81.455,81.505,12
2026-05-11 03:01,81.4,81.44,81.285,81.42,56
2026-05-11 03:02,81.435,81.5,81.435,81.435,18
2026-05-11 03:03,81.59,81.59,81.42,81.425,36
2026-05-11 03:04,81.53,81.605,81.52,81.575,15
2026-05-11 03:05,81.6,81.63,81.545,81.545,20
2026-05-11 03:06,81.595,81.62,81.595,81.61,4
2026-05-11 03:07,81.5,81.5,81.5,81.5,1
2026-05-11 03:08,81.57,81.57,81.485,81.485,7
2026-05-11 03:09,81.59,81.64,81.59,81.59,5
2026-05-11 03:10,81.59,81.59,81.59,81.59,1
2026-05-11 03:11,81.63,81.63,81.585,81.585,7
2026-05-11 03:12,81.68,81.69,81.62,81.64,25
2026-05-11 03:13,81.615,81.665,81.575,81.665,7
2026-05-11 03:14,81.59,81.67,81.59,81.64,16
2026-05-11 03:15,81.55,81.59,81.5,81.59,16
2026-05-11 03:16,81.49,81.515,81.49,81.49,7
2026-05-11 03:17,81.54,81.54,81.49,81.49,11
2026-05-11 03:18,81.495,81.53,81.49,81.51,10
2026-05-11 03:19,81.51,81.555,81.505,81.555,15
2026-05-11 03:20,81.47,81.505,81.455,81.505,9
2026-05-11 03:21,81.42,81.435,81.405,81.435,9
2026-05-11 03:22,81.465,81.47,81.38,81.4,37
2026-05-11 03:23,81.475,81.485,81.37,81.48,31
2026-05-11 03:24,81.545,81.545,81.48,81.48,4
2026-05-11 03:25,81.46,81.52,81.46,81.52,3
2026-05-11 03:26,81.525,81.525,81.525,81.525,2
2026-05-11 03:27,81.53,81.55,81.51,81.55,6
2026-05-11 03:28,81.56,81.56,81.56,81.56,1
2026-05-11 03:29,81.535,81.535,81.535,81.535,1
2026-05-11 03:30,81.42,81.575,81.42,81.575,16
2026-05-11 03:31,81.36,81.435,81.34,81.435,17
2026-05-11 03:32,81.355,81.375,81.31,81.36,16
2026-05-11 03:33,81.335,81.405,81.295,81.365,9
2026-05-11 03:34,81.31,81.345,81.285,81.325,15
2026-05-11 03:35,81.31,81.405,81.31,81.32,13
2026-05-11 03:36,81.28,81.355,81.265,81.355,25
2026-05-11 03:37,81.225,81.29,81.225,81.29,13
2026-05-11 03:38,81.16,81.215,81.155,81.215,94
2026-05-11 03:39,81.23,81.23,81.145,81.175,6
2026-05-11 03:40,81.335,81.335,81.285,81.285,9
2026-05-11 03:41,81.24,81.35,81.235,81.34,17
2026-05-11 03:42,81.2,81.265,81.2,81.265,38
2026-05-11 03:43,81.22,81.235,81.205,81.205,4
2026-05-11 03:44,81.28,81.28,81.28,81.28,1
2026-05-11 03:45,81.29,81.29,81.29,81.29,2
2026-05-11 03:46,81.265,81.27,81.26,81.27,3
2026-05-11 03:48,81.305,81.31,81.29,81.31,3
2026-05-11 03:49,81.18,81.35,81.18,81.345,10
2026-05-11 03:50,81.115,81.19,81.115,81.19,6
2026-05-11 03:51,81.165,81.195,81.165,81.195,2
2026-05-11 03:52,81.2,81.2,81.165,81.165,5
2026-05-11 03:53,81.145,81.145,81.13,81.13,2
2026-05-11 03:54,81.16,81.16,81.145,81.145,3
2026-05-11 03:55,81.16,81.165,81.15,81.165,4
2026-05-11 03:57,81.15,81.15,81.15,81.15,1
2026-05-11 03:58,81.2,81.2,81.2,81.2,1
2026-05-11 04:02,81.15,81.15,81.06,81.15,30
2026-05-11 04:03,81.08,81.125,81.07,81.125,12
2026-05-11 04:04,81.11,81.11,81.105,81.105,2
2026-05-11 04:05,81.12,81.12,81.12,81.12,2
2026-05-11 04:06,81.145,81.145,81.125,81.125,2
2026-05-11 04:07,81.215,81.23,81.2,81.2,5
2026-05-11 04:08,81.22,81.23,81.22,81.23,3
2026-05-11 04:09,81.11,81.145,81.11,81.145,3
2026-05-11 04:10,81.11,81.11,81.065,81.065,6
2026-05-11 04:11,81.13,81.155,81.105,81.105,6
2026-05-11 04:12,81.08,81.08,81.07,81.07,3
2026-05-11 04:13,81.075,81.095,81.075,81.08,6
2026-05-11 04:14,81.08,81.08,81.06,81.065,12
2026-05-11 04:15,81.15,81.15,81.085,81.085,3
2026-05-11 04:16,81.095,81.155,81.095,81.155,9
2026-05-11 04:17,81.035,81.07,81.01,81.07,21
2026-05-11 04:18,80.99,81.02,80.975,81.015,21
2026-05-11 04:19,80.96,81.01,80.95,81.01,13
2026-05-11 04:20,80.93,80.97,80.93,80.97,7
2026-05-11 04:21,80.91,80.97,80.89,80.97,39
2026-05-11 04:22,80.975,80.975,80.905,80.905,5
2026-05-11 04:23,81.04,81.04,80.95,80.95,6
2026-05-11 04:24,81.06,81.06,81.06,81.06,1
2026-05-11 04:25,81.01,81.02,81.01,81.02,2
2026-05-11 04:26,81.08,81.1,81.015,81.02,9
2026-05-11 04:27,81.085,81.085,81.08,81.08,2
2026-05-11 04:28,81.11,81.125,81.09,81.09,18
2026-05-11 04:29,80.985,81.01,80.985,81.01,2
2026-05-11 04:30,80.865,80.955,80.83,80.955,37
2026-05-11 04:31,80.85,80.86,80.85,80.855,8
2026-05-11 04:32,80.81,80.85,80.75,80.85,50
2026-05-11 04:33,80.885,80.91,80.83,80.83,9
2026-05-11 04:34,80.95,80.95,80.89,80.915,9
2026-05-11 04:35,80.895,80.925,80.885,80.925,6
2026-05-11 04:36,80.925,80.925,80.865,80.9,7
2026-05-11 04:37,80.93,80.93,80.92,80.92,2
2026-05-11 04:38,80.93,80.93,80.93,80.93,3
2026-05-11 04:39,80.85,80.915,80.825,80.915,9
2026-05-11 04:40,80.865,80.87,80.86,80.865,6
2026-05-11 04:43,80.945,80.945,80.92,80.93,5
2026-05-11 04:44,80.935,80.96,80.935,80.96,3
2026-05-11 04:45,80.935,80.965,80.935,80.965,4
2026-05-11 04:46,80.94,80.94,80.92,80.92,6
2026-05-11 04:48,80.96,80.965,80.96,80.96,3
2026-05-11 04:49,80.995,81.0,80.98,80.995,7
2026-05-11 04:50,81.03,81.03,80.995,80.995,3
2026-05-11 04:51,81.02,81.03,80.995,81.03,13
2026-05-11 04:52,81.0,81.02,80.965,81.02,20
2026-05-11 04:53,80.96,80.98,80.96,80.98,2
2026-05-11 04:54,80.94,80.95,80.925,80.95,21
2026-05-11 04:56,80.9,80.9,80.895,80.9,3
2026-05-11 04:57,80.94,80.94,80.915,80.915,8
2026-05-11 04:58,80.92,80.92,80.92,80.92,1
2026-05-11 04:59,80.835,80.88,80.835,80.88,5
2026-05-11 05:00,80.91,80.91,80.86,80.86,4
2026-05-11 05:01,80.935,80.99,80.91,80.91,10
2026-05-11 05:02,80.955,80.955,80.955,80.955,2
2026-05-11 05:03,81.015,81.03,80.995,80.995,11
2026-05-11 05:04,81.045,81.05,81.035,81.035,11
2026-05-11 05:05,81.08,81.08,81.015,81.05,25
2026-05-11 05:06,80.995,81.05,80.995,81.04,23
2026-05-11 05:07,80.905,81.005,80.895,81.0,21
2026-05-11 05:08,80.805,80.875,80.775,80.875,44
2026-05-11 05:09,80.9,80.9,80.82,80.825,29
2026-05-11 05:10,80.825,80.875,80.82,80.87,8
2026-05-11 05:11,80.785,80.835,80.78,80.835,21
2026-05-11 05:12,80.835,80.835,80.8,80.8,3
2026-05-11 05:14,80.87,80.87,80.87,80.87,1
2026-05-11 05:15,80.89,80.93,80.88,80.88,27
2026-05-11 05:16,80.86,80.88,80.86,80.87,10
2026-05-11 05:17,80.865,80.865,80.865,80.865,10
2026-05-11 05:18,80.85,80.85,80.85,80.85,1
2026-05-11 05:19,80.86,80.875,80.86,80.875,7
2026-05-11 05:20,80.855,80.855,80.805,80.85,7
2026-05-11 05:23,80.87,80.885,80.87,80.88,10
2026-05-11 05:24,80.915,80.915,80.865,80.865,9
2026-05-11 05:25,80.875,80.955,80.875,80.93,12
2026-05-11 05:26,80.835,80.875,80.83,80.87,10
2026-05-11 05:27,80.825,80.825,80.795,80.82,4
2026-05-11 05:28,80.775,80.805,80.775,80.805,3
2026-05-11 05:29,80.725,80.76,80.695,80.76,41
2026-05-11 05:30,80.75,80.985,80.7,80.715,161
2026-05-11 05:31,80.975,81.0,80.745,80.785,33
2026-05-11 05:32,80.98,80.98,80.9,80.915,32
2026-05-11 05:33,81.11,81.125,80.95,80.95,36
2026-05-11 05:34,81.18,81.18,81.075,81.085,25
2026-05-11 05:35,81.145,81.215,81.14,81.175,25
2026-05-11 05:36,81.03,81.15,81.03,81.15,15
2026-05-11 05:37,81.085,81.12,81.055,81.055,12
2026-05-11 05:38,81.0,81.045,81.0,81.045,2
2026-05-11 05:39,81.01,81.07,81.01,81.07,3
2026-05-11 05:40,81.01,81.01,81.01,81.01,3
2026-05-11 05:41,80.99,81.045,80.99,81.045,5
2026-05-11 05:42,80.86,80.985,80.86,80.985,17
2026-05-11 05:43,80.63,80.825,80.59,80.825,114
2026-05-11 05:44,80.56,80.645,80.555,80.605,15
2026-05-11 05:45,80.485,80.55,80.445,80.55,100
2026-05-11 05:46,80.47,80.53,80.43,80.465,42
2026-05-11 05:47,80.51,80.51,80.445,80.475,14
2026-05-11 05:48,80.61,80.61,80.54,80.545,7
2026-05-11 05:49,80.635,80.725,80.635,80.65,16
2026-05-11 05:50,80.56,80.655,80.56,80.65,9
2026-05-11 05:51,80.505,80.61,80.5,80.61,28
2026-05-11 05:52,80.495,80.51,80.435,80.455,17
2026-05-11 05:53,80.56,80.565,80.485,80.565,31
2026-05-11 05:54,80.58,80.6,80.58,80.6,2
2026-05-11 05:55,80.32,80.44,80.315,80.44,66
2026-05-11 05:56,80.31,80.37,80.275,80.3,29
2026-05-11 05:57,80.505,80.505,80.32,80.325,56
2026-05-11 05:58,80.395,80.5,80.385,80.455,36
2026-05-11 05:59,80.395,80.48,80.395,80.42,14
2026-05-11 06:00,80.515,80.515,80.4,80.43,24
2026-05-11 06:01,80.535,80.555,80.48,80.505,20
2026-05-11 06:02,80.56,80.56,80.48,80.53,13
2026-05-11 06:03,80.625,80.625,80.52,80.52,38
2026-05-11 06:04,80.695,80.73,80.65,80.65,29
2026-05-11 06:05,80.73,80.73,80.69,80.705,5
2026-05-11 06:06,80.685,80.735,80.62,80.735,30
2026-05-11 06:07,80.655,80.69,80.595,80.67,26
2026-05-11 06:08,80.78,80.78,80.64,80.69,28
2026-05-11 06:09,80.765,80.775,80.715,80.775,8
2026-05-11 06:10,80.72,80.79,80.72,80.755,15
2026-05-11 06:11,80.695,80.775,80.695,80.755,15
2026-05-11 06:12,80.825,80.845,80.715,80.725,35
2026-05-11 06:13,80.855,80.855,80.77,80.8,27
2026-05-11 06:14,80.81,80.88,80.81,80.83,14
2026-05-11 06:15,80.86,80.895,80.805,80.805,20
2026-05-11 06:16,80.9,80.9,80.815,80.85,9
2026-05-11 06:17,80.87,80.875,80.83,80.875,7
2026-05-11 06:18,80.84,80.86,80.825,80.825,11
2026-05-11 06:19,80.835,80.85,80.825,80.85,4
2026-05-11 06:20,80.9,80.93,80.785,80.8,16
2026-05-11 06:21,80.83,80.905,80.83,80.895,13
2026-05-11 06:22,80.805,80.82,80.78,80.805,10
2026-05-11 06:23,80.865,80.9,80.835,80.865,17
2026-05-11 06:24,80.875,80.885,80.845,80.865,10
2026-05-11 06:25,80.905,80.905,80.83,80.885,26
2026-05-11 06:26,80.94,80.99,80.915,80.92,37
2026-05-11 06:27,80.945,80.945,80.935,80.935,4
2026-05-11 06:28,80.88,80.96,80.88,80.91,14
2026-05-11 06:29,80.945,80.945,80.9,80.915,15
2026-05-11 06:30,81.08,81.165,80.99,81.0,86
2026-05-11 06:31,81.02,81.06,81.02,81.06,18
2026-05-11 06:32,81.04,81.05,81.04,81.04,10
2026-05-11 06:33,81.085,81.085,81.04,81.045,14
2026-05-11 06:34,80.95,81.075,80.95,81.07,8
2026-05-11 06:35,80.965,81.0,80.935,80.95,9
2026-05-11 06:36,81.035,81.055,81.005,81.005,11
2026-05-11 06:37,81.015,81.065,81.015,81.065,10
2026-05-11 06:38,81.065,81.085,81.01,81.01,18
2026-05-11 06:39,81.02,81.02,80.995,81.005,25
2026-05-11 06:40,81.0,81.02,81.0,81.02,3
2026-05-11 06:41,80.965,80.99,80.925,80.99,13
2026-05-11 06:42,80.98,80.98,80.945,80.98,15
2026-05-11 06:43,81.065,81.065,80.975,80.975,8
2026-05-11 06:44,81.05,81.075,81.045,81.045,11
2026-05-11 06:45,81.05,81.05,80.99,81.035,15
2026-05-11 06:46,81.06,81.06,81.06,81.06,1
2026-05-11 06:47,81.04,81.065,81.02,81.04,17
2026-05-11 06:48,81.13,81.13,81.08,81.08,21
2026-05-11 06:49,81.105,81.135,81.105,81.13,11
2026-05-11 06:50,81.05,81.125,81.03,81.095,9
2026-05-11 06:51,81.12,81.12,81.06,81.07,5
2026-05-11 06:52,81.25,81.25,81.14,81.14,28
2026-05-11 06:53,81.21,81.29,81.21,81.255,38
2026-05-11 06:54,81.2,81.235,81.2,81.235,4
2026-05-11 06:55,81.185,81.225,81.17,81.2,17
2026-05-11 06:56,81.19,81.215,81.19,81.19,4
2026-05-11 06:57,81.2,81.2,81.155,81.155,3
2026-05-11 06:58,81.165,81.21,81.165,81.21,17
2026-05-11 06:59,81.16,81.195,81.145,81.15,27
2026-05-11 07:00,81.105,81.23,81.105,81.15,23
2026-05-11 07:01,81.075,81.125,81.07,81.07,8
2026-05-11 07:02,81.05,81.115,81.05,81.115,3
2026-05-11 07:03,81.075,81.075,81.025,81.075,7
2026-05-11 07:04,81.08,81.08,81.075,81.075,2
2026-05-11 07:05,81.025,81.025,81.02,81.02,3
2026-05-11 07:06,81.03,81.055,81.015,81.055,5
2026-05-11 07:07,81.035,81.035,81.01,81.01,4
2026-05-11 07:08,81.02,81.07,80.99,81.05,11
2026-05-11 07:09,81.03,81.03,80.975,81.0,14
2026-05-11 07:10,81.06,81.07,81.015,81.025,8
2026-05-11 07:11,81.045,81.09,81.035,81.06,10
2026-05-11 07:12,81.005,81.02,80.99,81.02,11
2026-05-11 07:13,80.995,80.995,80.97,80.995,7
2026-05-11 07:14,80.98,81.005,80.92,80.995,34
2026-05-11 07:15,80.97,80.99,80.95,80.97,7
2026-05-11 07:16,80.96,80.99,80.96,80.99,3
2026-05-11 07:17,80.96,80.975,80.96,80.975,2
2026-05-11 07:18,80.965,80.965,80.925,80.925,5
2026-05-11 07:19,80.965,80.965,80.965,80.965,7
2026-05-11 07:20,80.975,80.99,80.975,80.975,4
2026-05-11 07:21,80.975,80.975,80.95,80.96,3
2026-05-11 07:22,81.04,81.04,81.02,81.03,16
2026-05-11 07:23,81.075,81.09,81.025,81.03,17
2026-05-11 07:24,81.06,81.06,81.06,81.06,1
2026-05-11 07:25,81.14,81.145,81.09,81.09,25
2026-05-11 07:26,81.065,81.135,81.065,81.135,23
2026-05-11 07:27,81.08,81.13,81.065,81.11,19
2026-05-11 07:28,81.08,81.09,81.065,81.065,18
2026-05-11 07:29,81.075,81.075,81.05,81.065,6
2026-05-11 07:30,81.12,81.125,81.1,81.105,11
2026-05-11 07:31,81.03,81.09,81.03,81.09,8
2026-05-11 07:32,81.01,81.02,81.01,81.02,2
2026-05-11 07:33,80.935,80.98,80.93,80.965,17
2026-05-11 07:34,80.945,80.945,80.92,80.92,8
2026-05-11 07:35,80.89,80.91,80.885,80.91,5
2026-05-11 07:36,80.94,80.955,80.89,80.915,13
2026-05-11 07:37,80.93,80.94,80.92,80.92,3
2026-05-11 07:38,80.975,80.99,80.965,80.965,15
2026-05-11 07:39,80.9,80.97,80.895,80.97,16
2026-05-11 07:40,80.98,80.98,80.945,80.945,3
2026-05-11 07:41,81.03,81.07,80.99,80.99,26
2026-05-11 07:42,80.995,81.03,80.99,81.03,3
2026-05-11 07:43,80.965,80.965,80.965,80.965,1
2026-05-11 07:44,80.945,80.98,80.94,80.96,21
2026-05-11 07:45,80.9,80.93,80.9,80.93,12
2026-05-11 07:46,80.87,80.9,80.87,80.9,8
2026-05-11 07:47,80.76,80.835,80.72,80.83,42
2026-05-11 07:48,80.76,80.79,80.76,80.765,6
2026-05-11 07:49,80.8,80.8,80.75,80.75,7
2026-05-11 07:50,80.8,80.8,80.78,80.785,5
2026-05-11 07:51,80.795,80.795,80.775,80.775,4
2026-05-11 07:52,80.75,80.825,80.75,80.825,3
2026-05-11 07:53,80.875,80.88,80.75,80.75,16
2026-05-11 07:55,80.835,80.835,80.835,80.835,10
2026-05-11 07:56,80.83,80.845,80.83,80.845,12
2026-05-11 07:57,80.845,80.845,80.81,80.81,3
2026-05-11 07:58,80.79,80.83,80.79,80.83,3
2026-05-11 07:59,80.835,80.835,80.775,80.775,5
2026-05-11 08:00,80.845,80.86,80.84,80.855,12
2026-05-11 08:02,80.835,80.9,80.835,80.9,16
2026-05-11 08:03,80.775,80.865,80.76,80.865,11
2026-05-11 08:04,80.915,80.915,80.84,80.84,8
2026-05-11 08:05,81.02,81.03,80.915,80.915,25
2026-05-11 08:06,80.955,81.035,80.925,81.03,34
2026-05-11 08:07,80.985,80.985,80.925,80.925,13
2026-05-11 08:08,80.89,80.955,80.86,80.955,25
2026-05-11 08:09,80.8,80.83,80.8,80.83,6
2026-05-11 08:10,80.91,80.91,80.755,80.755,18
2026-05-11 08:11,81.005,81.005,80.93,80.93,14
2026-05-11 08:12,81.045,81.05,81.0,81.0,13
2026-05-11 08:13,81.075,81.075,81.075,81.075,1
2026-05-11 08:14,81.05,81.065,81.035,81.065,3
2026-05-11 08:15,81.11,81.11,81.035,81.035,4
2026-05-11 08:16,81.095,81.105,81.06,81.095,22
2026-05-11 08:18,81.1,81.12,81.095,81.095,6
2026-05-11 08:19,81.14,81.16,81.115,81.115,16
2026-05-11 08:20,81.075,81.2,81.075,81.14,47
2026-05-11 08:21,81.195,81.225,81.065,81.065,17
2026-05-11 08:22,81.18,81.235,81.18,81.235,42
2026-05-11 08:23,81.155,81.165,81.11,81.14,14
2026-05-11 08:24,81.115,81.16,81.115,81.16,3
2026-05-11 08:25,81.13,81.13,81.105,81.115,8
2026-05-11 08:26,81.07,81.09,81.055,81.085,19
2026-05-11 08:27,81.06,81.06,81.06,81.06,2
2026-05-11 08:28,81.065,81.065,81.065,81.065,1
2026-05-11 08:29,80.955,81.015,80.955,81.015,20
2026-05-11 08:30,80.985,80.985,80.93,80.93,4
2026-05-11 08:31,81.0,81.0,81.0,81.0,1
2026-05-11 08:32,81.065,81.065,81.05,81.055,3
2026-05-11 08:33,81.035,81.04,81.035,81.04,2
2026-05-11 08:34,81.03,81.045,81.03,81.045,3
2026-05-11 08:35,80.955,81.045,80.955,81.02,19
2026-05-11 08:36,80.985,80.99,80.975,80.99,4
2026-05-11 08:37,81.03,81.03,81.005,81.02,8
2026-05-11 08:38,81.005,81.005,81.005,81.005,2
2026-05-11 08:39,80.925,80.955,80.925,80.955,7
2026-05-11 08:40,80.97,80.97,80.97,80.97,1
2026-05-11 08:41,80.945,80.96,80.94,80.96,31
2026-05-11 08:43,80.97,80.99,80.97,80.99,19
2026-05-11 08:44,80.955,80.955,80.955,80.955,7
2026-05-11 08:45,80.96,80.96,80.96,80.96,2
2026-05-11 08:46,80.935,80.955,80.915,80.955,8
2026-05-11 08:47,80.88,80.96,80.88,80.96,7
2026-05-11 08:48,80.91,80.92,80.91,80.92,4
2026-05-11 08:49,80.945,80.945,80.92,80.92,8
2026-05-11 08:50,80.92,80.945,80.88,80.945,6
2026-05-11 08:52,80.915,80.915,80.915,80.915,1
2026-05-11 08:53,80.895,80.91,80.89,80.91,7
2026-05-11 08:54,80.89,80.9,80.87,80.89,37
2026-05-11 08:56,80.895,80.895,80.895,80.895,3
2026-05-11 08:57,80.845,80.845,80.845,80.845,20
2026-05-11 08:58,80.895,80.895,80.85,80.86,9
2026-05-11 08:59,80.82,80.9,80.82,80.89,25
2026-05-11 09:00,80.74,80.82,80.69,80.82,51
2026-05-11 09:01,80.785,80.785,80.765,80.78,10
2026-05-11 09:02,80.825,80.825,80.8,80.8,5
2026-05-11 09:03,80.815,80.815,80.78,80.78,5
2026-05-11 09:04,80.8,80.805,80.8,80.805,2
2026-05-11 09:05,80.765,80.835,80.765,80.81,15
2026-05-11 09:06,80.805,80.825,80.8,80.8,8
2026-05-11 09:07,80.8,80.8,80.8,80.8,1
2026-05-11 09:08,80.795,80.795,80.795,80.795,1
2026-05-11 09:09,80.765,80.765,80.765,80.765,2
2026-05-11 09:10,80.795,80.795,80.795,80.795,1
2026-05-11 09:11,80.795,80.81,80.795,80.795,6
2026-05-11 09:12,80.845,80.845,80.825,80.825,8
2026-05-11 09:13,80.83,80.83,80.82,80.82,3
2026-05-11 09:14,80.85,80.86,80.85,80.855,8
2026-05-11 09:15,80.88,80.88,80.88,80.88,1
2026-05-11 09:16,80.855,80.88,80.855,80.875,5
2026-05-11 09:17,80.86,80.86,80.84,80.84,3
2026-05-11 09:18,80.865,80.865,80.865,80.865,1
2026-05-11 09:19,80.84,80.84,80.84,80.84,1
2026-05-11 09:20,80.825,80.855,80.82,80.82,11
2026-05-11 09:21,80.78,80.83,80.78,80.83,15
2026-05-11 09:22,80.78,80.79,80.78,80.785,6
2026-05-11 09:23,80.76,80.76,80.75,80.75,3
2026-05-11 09:24,80.68,80.77,80.68,80.77,12
2026-05-11 09:25,80.68,80.725,80.68,80.71,11
2026-05-11 09:26,80.715,80.715,80.685,80.695,10
2026-05-11 09:27,80.745,80.745,80.745,80.745,1
2026-05-11 09:28,80.7,80.7,80.7,80.7,2
2026-05-11 09:29,80.705,80.705,80.705,80.705,5
2026-05-11 09:30,80.67,80.725,80.66,80.69,30
2026-05-11 09:31,80.605,80.675,80.58,80.675,40
2026-05-11 09:32,80.635,80.64,80.635,80.64,7
2026-05-11 09:33,80.585,80.635,80.57,80.635,14
2026-05-11 09:34,80.615,80.625,80.615,80.625,3
2026-05-11 09:35,80.715,80.715,80.645,80.645,11
2026-05-11 09:36,80.695,80.695,80.675,80.695,12
2026-05-11 09:37,80.72,80.72,80.685,80.685,11
2026-05-11 09:38,80.755,80.755,80.725,80.75,4
2026-05-11 09:39,80.76,80.76,80.755,80.755,7
2026-05-11 09:40,80.745,80.745,80.745,80.745,1
2026-05-11 09:41,80.8,80.8,80.725,80.74,16
2026-05-11 09:42,80.775,80.805,80.775,80.785,9
2026-05-11 09:43,80.825,80.825,80.825,80.825,1
2026-05-11 09:44,80.88,80.88,80.815,80.83,39
2026-05-11 09:45,80.88,80.88,80.83,80.865,13
2026-05-11 09:46,80.905,80.955,80.89,80.89,21
2026-05-11 09:47,80.9,80.915,80.9,80.905,14
2026-05-11 09:48,80.9,80.92,80.88,80.92,5
2026-05-11 09:49,80.855,80.89,80.855,80.89,4
2026-05-11 09:51,80.765,80.865,80.765,80.865,7
2026-05-11 09:52,80.83,80.83,80.805,80.805,8
2026-05-11 09:54,80.815,80.815,80.815,80.815,2
2026-05-11 09:55,80.785,80.785,80.785,80.785,6
2026-05-11 09:56,80.76,80.765,80.735,80.765,5
2026-05-11 09:57,80.755,80.755,80.755,80.755,1
2026-05-11 09:58,80.695,80.76,80.685,80.715,12
2026-05-11 09:59,80.715,80.715,80.71,80.71,3
2026-05-11 10:00,80.73,80.73,80.69,80.69,3
2026-05-11 10:01,80.76,80.785,80.745,80.745,7
2026-05-11 10:02,80.765,80.765,80.755,80.755,2
2026-05-11 10:03,80.75,80.75,80.75,80.75,1
2026-05-11 10:07,80.72,80.745,80.72,80.745,3
2026-05-11 10:08,80.775,80.775,80.74,80.74,3
2026-05-11 10:09,80.785,80.785,80.78,80.78,3
2026-05-11 10:10,80.83,80.83,80.83,80.83,3
2026-05-11 10:11,80.795,80.81,80.78,80.81,9
2026-05-11 10:13,80.765,80.765,80.765,80.765,1
2026-05-11 10:14,80.805,80.805,80.79,80.79,6
2026-05-11 10:15,80.79,80.82,80.79,80.82,4
2026-05-11 10:16,80.81,80.85,80.81,80.84,9
2026-05-11 10:17,80.85,80.87,80.85,80.865,9
2026-05-11 10:18,80.88,80.88,80.88,80.88,1
2026-05-11 10:20,80.83,80.87,80.81,80.87,21
2026-05-11 10:21,80.89,80.89,80.795,80.81,41
2026-05-11 10:22,80.915,80.93,80.905,80.905,6
2026-05-11 10:23,80.93,80.93,80.895,80.895,4
2026-05-11 10:24,80.945,80.945,80.925,80.935,3
2026-05-11 10:25,80.985,80.99,80.945,80.945,15
2026-05-11 10:26,80.995,81.005,80.965,81.0,13
2026-05-11 10:27,80.97,80.99,80.97,80.99,3
2026-05-11 10:28,80.96,80.96,80.95,80.95,2
2026-05-11 10:29,80.935,80.96,80.935,80.95,5
2026-05-11 10:30,81.005,81.02,80.95,80.95,15
2026-05-11 10:31,81.085,81.12,81.01,81.035,25
2026-05-11 10:32,81.12,81.12,81.095,81.105,13
2026-05-11 10:33,81.105,81.12,81.105,81.115,7
2026-05-11 10:34,81.1,81.105,81.09,81.105,5
2026-05-11 10:35,81.075,81.1,81.05,81.1,17
2026-05-11 10:36,81.02,81.085,81.02,81.075,7
2026-05-11 10:37,80.985,81.07,80.985,81.07,12
2026-05-11 10:38,80.98,81.03,80.975,81.01,31
2026-05-11 10:39,80.955,80.955,80.91,80.955,17
2026-05-11 10:40,80.955,81.01,80.955,81.0,8
2026-05-11 10:41,81.0,81.0,80.945,80.965,5
2026-05-11 10:42,80.985,81.0,80.985,81.0,5
2026-05-11 10:43,80.98,80.98,80.98,80.98,1
2026-05-11 10:44,81.05,81.05,81.025,81.025,15
2026-05-11 10:45,81.05,81.06,81.03,81.06,4
2026-05-11 10:46,80.995,81.0,80.975,80.995,13
2026-05-11 10:47,81.015,81.015,80.91,80.96,28
2026-05-11 10:48,81.025,81.025,81.01,81.02,6
2026-05-11 10:49,81.05,81.065,81.04,81.055,5
2026-05-11 10:50,81.05,81.05,81.05,81.05,2
2026-05-11 10:52,81.12,81.12,81.09,81.09,2
2026-05-11 10:53,81.1,81.13,81.095,81.13,5
2026-05-11 10:54,81.085,81.085,81.075,81.075,2
2026-05-11 10:55,81.055,81.055,81.05,81.055,3
2026-05-11 10:56,80.97,81.05,80.97,81.05,22
2026-05-11 10:57,80.995,81.01,80.98,80.98,3
2026-05-11 10:58,80.975,80.985,80.95,80.95,6
2026-05-11 10:59,80.965,80.97,80.96,80.96,3
2026-05-11 11:00,80.945,81.04,80.92,80.945,81
2026-05-11 11:01,80.99,81.0,80.96,80.96,50
2026-05-11 11:02,80.97,81.005,80.97,81.0,13
2026-05-11 11:03,81.035,81.035,80.99,80.99,33
2026-05-11 11:04,81.05,81.075,80.97,81.06,32
2026-05-11 11:05,81.035,81.08,81.035,81.08,15
2026-05-11 11:06,81.04,81.04,81.02,81.03,12
2026-05-11 11:07,81.035,81.06,81.03,81.05,12
2026-05-11 11:08,80.96,81.03,80.96,81.03,4
2026-05-11 11:09,81.015,81.015,81.0,81.0,3
2026-05-11 11:10,81.045,81.05,81.035,81.035,3
2026-05-11 11:11,81.035,81.04,81.015,81.04,4
2026-05-11 11:12,80.985,81.025,80.97,81.02,15
2026-05-11 11:13,81.015,81.015,80.985,80.985,7
2026-05-11 11:14,81.045,81.045,81.035,81.035,4
2026-05-11 11:15,80.975,81.035,80.975,81.03,13
2026-05-11 11:16,80.98,81.0,80.98,81.0,4
2026-05-11 11:17,81.005,81.005,81.0,81.0,2
2026-05-11 11:18,81.08,81.08,81.03,81.03,12
2026-05-11 11:19,81.055,81.1,81.055,81.095,7
2026-05-11 11:20,81.075,81.075,81.065,81.065,3
2026-05-11 11:21,81.105,81.105,81.075,81.09,3
2026-05-11 11:23,81.065,81.125,81.065,81.125,11
2026-05-11 11:24,81.1,81.1,81.085,81.085,15
2026-05-11 11:25,81.035,81.1,81.035,81.085,3
2026-05-11 11:26,81.02,81.03,81.02,81.03,2
2026-05-11 11:28,81.145,81.16,81.09,81.09,27
2026-05-11 11:29,81.195,81.205,81.125,81.125,28
2026-05-11 11:30,81.265,81.265,81.14,81.21,56
2026-05-11 11:31,81.37,81.395,81.27,81.275,127
2026-05-11 11:32,81.37,81.395,81.335,81.38,58
2026-05-11 11:33,81.4,81.43,81.37,81.4,71
2026-05-11 11:34,81.44,81.465,81.385,81.395,33
2026-05-11 11:35,81.45,81.45,81.375,81.4,31
2026-05-11 11:36,81.55,81.59,81.465,81.48,139
2026-05-11 11:37,81.615,81.64,81.57,81.57,57
2026-05-11 11:38,81.745,81.785,81.575,81.61,158
2026-05-11 11:39,81.77,81.785,81.7,81.75,59
2026-05-11 11:40,81.78,81.815,81.745,81.745,58
2026-05-11 11:41,81.875,81.905,81.78,81.78,99
2026-05-11 11:42,81.94,81.975,81.885,81.91,81
2026-05-11 11:43,81.865,81.98,81.85,81.955,26
2026-05-11 11:44,81.785,81.87,81.77,81.87,36
2026-05-11 11:45,81.835,81.835,81.805,81.805,13
2026-05-11 11:46,81.735,81.845,81.735,81.845,22
2026-05-11 11:47,81.75,81.75,81.71,81.73,10
2026-05-11 11:48,81.76,81.765,81.695,81.715,30
2026-05-11 11:49,81.72,81.77,81.655,81.77,75
2026-05-11 11:50,81.56,81.71,81.515,81.71,81
2026-05-11 11:51,81.57,81.57,81.515,81.535,32
2026-05-11 11:52,81.53,81.53,81.525,81.525,4
2026-05-11 11:53,81.6,81.6,81.43,81.475,33
2026-05-11 11:54,81.705,81.705,81.58,81.605,49
2026-05-11 11:55,81.66,81.715,81.66,81.71,15
2026-05-11 11:56,81.835,81.835,81.655,81.665,54
2026-05-11 11:57,81.835,81.865,81.805,81.825,61
2026-05-11 11:58,81.89,81.89,81.8,81.8,33
2026-05-11 11:59,81.93,81.95,81.885,81.885,20
2026-05-11 12:00,81.945,81.99,81.905,81.955,61
2026-05-11 12:01,82.08,82.11,81.96,81.96,169
2026-05-11 12:02,82.075,82.11,82.03,82.09,111
2026-05-11 12:03,81.98,82.075,81.945,82.07,66
2026-05-11 12:04,81.9,82.005,81.88,81.97,59
2026-05-11 12:05,81.775,81.93,81.755,81.905,90
2026-05-11 12:06,81.81,81.81,81.745,81.785,52
2026-05-11 12:07,81.81,81.815,81.75,81.815,46
2026-05-11 12:08,81.845,81.855,81.82,81.83,20
2026-05-11 12:09,81.805,81.845,81.745,81.825,48
2026-05-11 12:10,81.765,81.825,81.73,81.795,43
2026-05-11 12:11,81.715,81.775,81.67,81.775,40
2026-05-11 12:12,81.785,81.795,81.71,81.71,37
2026-05-11 12:13,81.74,81.78,81.705,81.78,24
2026-05-11 12:14,81.75,81.75,81.685,81.72,17
2026-05-11 12:15,81.805,81.85,81.71,81.715,95
2026-05-11 12:16,81.83,81.85,81.77,81.825,30
2026-05-11 12:17,81.945,81.985,81.835,81.84,77
2026-05-11 12:18,82.1,82.11,81.925,81.945,55
2026-05-11 12:19,82.08,82.11,82.01,82.065,132
2026-05-11 12:20,82.195,82.24,82.065,82.065,147
2026-05-11 12:21,82.905,82.965,82.215,82.215,661
2026-05-11 12:22,83.14,83.15,82.82,82.865,455
2026-05-11 12:23,83.285,83.38,83.115,83.16,337
2026-05-11 12:24,83.525,83.59,83.205,83.255,557
2026-05-11 12:25,83.1,83.54,83.07,83.54,362
2026-05-11 12:26,83.19,83.23,83.025,83.085,113
2026-05-11 12:27,83.395,83.525,83.15,83.175,152
2026-05-11 12:28,83.34,83.485,83.31,83.41,97
2026-05-11 12:29,83.625,83.73,83.305,83.33,225
2026-05-11 12:30,83.69,83.78,83.555,83.625,204
2026-05-11 12:31,83.76,83.9,83.705,83.73,366
2026-05-11 12:32,83.78,83.86,83.715,83.77,114
2026-05-11 12:33,83.71,83.785,83.68,83.785,125
2026-05-11 12:34,83.755,83.865,83.63,83.69,170
2026-05-11 12:35,83.915,83.975,83.73,83.755,238
2026-05-11 12:36,83.925,83.965,83.855,83.915,172
2026-05-11 12:37,83.93,83.98,83.865,83.885,85
2026-05-11 12:38,83.69,84.0,83.685,83.955,280
2026-05-11 12:39,83.72,83.75,83.66,83.72,108
2026-05-11 12:40,83.625,83.7,83.61,83.7,153
2026-05-11 12:41,83.52,83.63,83.5,83.63,144
2026-05-11 12:42,83.625,83.65,83.515,83.52,79
2026-05-11 12:43,83.575,83.745,83.555,83.63,113
2026-05-11 12:44,83.54,83.63,83.505,83.58,155
2026-05-11 12:45,83.79,83.79,83.515,83.515,373
2026-05-11 12:46,83.67,83.78,83.64,83.76,231
2026-05-11 12:47,83.535,83.81,83.51,83.675,221
2026-05-11 12:48,83.66,83.76,83.465,83.535,213
2026-05-11 12:49,83.685,83.76,83.6,83.625,147
2026-05-11 12:50,83.67,83.74,83.635,83.69,115
2026-05-11 12:51,83.82,83.855,83.69,83.695,102
2026-05-11 12:52,83.905,83.91,83.8,83.83,81
2026-05-11 12:53,84.045,84.14,83.855,83.91,316
2026-05-11 12:54,84.18,84.185,84.005,84.035,312
2026-05-11 12:55,84.24,84.26,84.1,84.17,251
2026-05-11 12:56,84.475,84.55,84.225,84.23,300
2026-05-11 12:57,84.545,84.655,84.46,84.46,224
2026-05-11 12:58,84.565,84.66,84.505,84.505,270
2026-05-11 12:59,84.435,84.585,84.35,84.575,320
2026-05-11 13:00,84.615,84.69,84.31,84.455,701
2026-05-11 13:01,84.495,84.62,84.45,84.62,189
2026-05-11 13:02,84.655,84.835,84.5,84.5,211
2026-05-11 13:03,84.675,84.685,84.525,84.64,246
2026-05-11 13:04,84.96,84.985,84.67,84.685,192
2026-05-11 13:05,85.15,85.155,84.92,84.965,252
2026-05-11 13:06,85.24,85.32,85.055,85.14,242
2026-05-11 13:07,85.295,85.36,85.22,85.235,252
2026-05-11 13:08,85.545,85.555,85.285,85.3,336
2026-05-11 13:09,85.69,85.745,85.545,85.545,440
2026-05-11 13:10,85.49,85.82,85.46,85.69,586
2026-05-11 13:11,85.345,85.595,85.305,85.485,239
2026-05-11 13:12,85.56,85.62,85.33,85.365,291
2026-05-11 13:13,85.78,85.825,85.52,85.565,236
2026-05-11 13:14,85.865,85.95,85.745,85.76,230
2026-05-11 13:15,85.685,85.88,85.685,85.875,177
2026-05-11 13:16,85.82,85.87,85.61,85.695,220
2026-05-11 13:17,85.75,85.86,85.72,85.835,160
2026-05-11 13:18,85.9,85.955,85.74,85.74,147
2026-05-11 13:19,85.875,85.995,85.84,85.91,104
2026-05-11 13:20,85.93,86.0,85.815,85.855,189
2026-05-11 13:21,85.7,85.915,85.675,85.915,206
2026-05-11 13:22,85.73,85.755,85.58,85.705,404
2026-05-11 13:23,85.875,85.93,85.665,85.71,276
2026-05-11 13:24,85.755,85.925,85.73,85.87,102
2026-05-11 13:25,85.985,86.0,85.705,85.705,245
2026-05-11 13:26,86.08,86.115,85.915,85.93,282
2026-05-11 13:27,86.055,86.125,85.99,86.05,197
2026-05-11 13:28,85.92,86.06,85.87,86.045,369
2026-05-11 13:29,85.975,86.095,85.885,85.9,210
2026-05-11 13:30,85.91,86.04,85.8,85.995,221
2026-05-11 13:31,86.14,86.17,85.88,85.915,154
2026-05-11 13:32,86.055,86.2,85.975,86.155,118
2026-05-11 13:33,86.115,86.2,86.055,86.07,213
2026-05-11 13:34,86.075,86.195,86.01,86.13,147
2026-05-11 13:35,85.99,86.1,85.97,86.065,148
2026-05-11 13:36,86.095,86.145,85.945,85.99,145
2026-05-11 13:37,86.085,86.13,86.0,86.075,132
2026-05-11 13:38,86.24,86.255,86.03,86.05,226
2026-05-11 13:39,86.165,86.33,86.14,86.235,168
2026-05-11 13:40,86.335,86.37,86.18,86.18,184
2026-05-11 13:41,86.595,86.605,86.355,86.37,275
2026-05-11 13:42,86.615,86.675,86.585,86.61,251
2026-05-11 13:43,86.615,86.685,86.55,86.61,305
2026-05-11 13:44,86.625,86.64,86.555,86.625,160
2026-05-11 13:45,86.555,86.635,86.455,86.625,219
2026-05-11 13:46,86.41,86.575,86.35,86.565,210
2026-05-11 13:47,86.305,86.47,86.305,86.405,230
2026-05-11 13:48,86.335,86.355,86.235,86.31,350
2026-05-11 13:49,86.38,86.42,86.3,86.37,212
2026-05-11 13:50,86.28,86.45,86.275,86.395,116
2026-05-11 13:51,86.265,86.375,86.25,86.28,163
2026-05-11 13:52,86.325,86.355,86.2,86.265,144
2026-05-11 13:53,86.445,86.51,86.315,86.33,234
2026-05-11 13:54,86.375,86.45,86.36,86.425,106
2026-05-11 13:55,86.465,86.465,86.285,86.36,378
2026-05-11 13:56,86.52,86.57,86.44,86.48,168
2026-05-11 13:57,86.495,86.55,86.465,86.54,72
2026-05-11 13:58,86.555,86.615,86.48,86.49,162
2026-05-11 13:59,86.37,86.56,86.37,86.555,73
2026-05-11 14:00,86.2,86.42,86.18,86.36,193
2026-05-11 14:01,86.055,86.255,86.05,86.2,299
2026-05-11 14:02,85.915,86.12,85.915,86.115,309
2026-05-11 14:03,85.74,85.955,85.735,85.94,303
2026-05-11 14:04,85.715,85.785,85.695,85.735,236
2026-05-11 14:05,85.615,85.79,85.575,85.735,177
2026-05-11 14:06,85.34,85.64,85.31,85.605,376
2026-05-11 14:07,85.26,85.35,85.17,85.34,274
2026-05-11 14:08,85.565,85.575,85.25,85.265,321
2026-05-11 14:09,85.61,85.695,85.51,85.53,181
2026-05-11 14:10,85.54,85.625,85.41,85.615,129
2026-05-11 14:11,85.71,85.71,85.425,85.54,153
2026-05-11 14:12,85.705,85.765,85.595,85.705,161
2026-05-11 14:13,85.87,85.87,85.68,85.705,103
2026-05-11 14:14,85.905,85.925,85.84,85.87,206
2026-05-11 14:15,85.73,85.935,85.725,85.91,160
2026-05-11 14:16,85.765,85.835,85.68,85.715,119
2026-05-11 14:17,85.73,85.77,85.685,85.77,46
2026-05-11 14:18,85.885,85.885,85.73,85.73,46
2026-05-11 14:19,85.86,85.9,85.785,85.9,36
2026-05-11 14:20,85.78,85.855,85.765,85.835,35
2026-05-11 14:21,85.735,85.83,85.68,85.79,155
2026-05-11 14:22,85.725,85.76,85.69,85.705,71
2026-05-11 14:23,85.65,85.795,85.65,85.75,43
2026-05-11 14:24,85.72,85.75,85.635,85.65,75
2026-05-11 14:25,85.61,85.745,85.585,85.72,91
2026-05-11 14:26,85.635,85.645,85.535,85.605,81
2026-05-11 14:27,85.45,85.64,85.435,85.64,122
2026-05-11 14:28,85.5,85.56,85.415,85.46,118
2026-05-11 14:29,85.415,85.5,85.38,85.495,79
2026-05-11 14:30,85.57,85.57,85.39,85.425,78
2026-05-11 14:31,85.285,85.59,85.22,85.56,262
2026-05-11 14:32,85.2,85.265,84.975,85.26,345
2026-05-11 14:33,85.17,85.215,85.06,85.18,185
2026-05-11 14:34,85.28,85.285,85.065,85.15,99
2026-05-11 14:35,85.47,85.48,85.255,85.29,205
2026-05-11 14:36,85.36,85.55,85.265,85.485,155
2026-05-11 14:37,85.505,85.515,85.32,85.36,99
2026-05-11 14:38,85.44,85.525,85.44,85.525,43
2026-05-11 14:39,85.485,85.535,85.445,85.445,38
2026-05-11 14:40,85.46,85.5,85.445,85.48,32
2026-05-11 14:41,85.62,85.62,85.415,85.45,50
2026-05-11 14:42,85.755,85.77,85.62,85.645,164
2026-05-11 14:43,85.76,85.815,85.73,85.745,108
2026-05-11 14:44,85.74,85.78,85.74,85.75,35
2026-05-11 14:45,85.78,85.805,85.73,85.745,33
2026-05-11 14:46,85.72,85.76,85.67,85.75,43
2026-05-11 14:47,85.575,85.725,85.54,85.725,74
2026-05-11 14:48,85.575,85.655,85.535,85.58,51
2026-05-11 14:49,85.625,85.625,85.53,85.56,93
2026-05-11 14:50,85.61,85.655,85.58,85.605,28
2026-05-11 14:51,85.635,85.665,85.6,85.61,51
2026-05-11 14:52,85.635,85.635,85.59,85.615,29
2026-05-11 14:53,85.745,85.745,85.63,85.63,36
2026-05-11 14:54,85.72,85.73,85.69,85.71,25
2026-05-11 14:55,85.665,85.725,85.665,85.69,24
2026-05-11 14:56,85.575,85.645,85.555,85.645,45
2026-05-11 14:57,85.58,85.625,85.515,85.57,62
2026-05-11 14:58,85.64,85.655,85.565,85.57,56
2026-05-11 14:59,85.7,85.715,85.64,85.65,34
2026-05-11 15:00,85.65,85.69,85.62,85.68,58
2026-05-11 15:01,85.835,85.84,85.625,85.655,92
2026-05-11 15:02,85.82,85.87,85.8,85.835,96
2026-05-11 15:03,85.865,85.965,85.84,85.84,150
2026-05-11 15:04,85.905,85.91,85.83,85.84,50
2026-05-11 15:05,85.91,85.91,85.85,85.885,20
2026-05-11 15:06,85.955,86.05,85.935,85.945,88
2026-05-11 15:07,85.965,86.0,85.95,85.96,78
2026-05-11 15:08,86.065,86.07,85.91,85.96,57
2026-05-11 15:09,86.065,86.1,86.025,86.06,49
2026-05-11 15:10,86.12,86.2,86.065,86.085,104
2026-05-11 15:11,86.175,86.27,86.08,86.12,219
2026-05-11 15:12,86.1,86.195,86.055,86.175,55
2026-05-11 15:13,86.045,86.1,86.03,86.08,25
2026-05-11 15:14,86.015,86.055,85.96,86.045,152
2026-05-11 15:15,86.185,86.195,85.94,86.02,114
2026-05-11 15:16,86.235,86.25,86.165,86.19,94
2026-05-11 15:17,86.36,86.38,86.22,86.23,99
2026-05-11 15:18,86.425,86.44,86.31,86.37,134
2026-05-11 15:19,86.35,86.43,86.35,86.4,64
2026-05-11 15:20,86.4,86.43,86.285,86.335,80
2026-05-11 15:21,86.38,86.415,86.34,86.39,65
2026-05-11 15:22,86.415,86.43,86.38,86.39,45
2026-05-11 15:23,86.465,86.465,86.36,86.42,56
2026-05-11 15:24,86.61,86.635,86.45,86.45,111
2026-05-11 15:25,86.49,86.635,86.49,86.605,64
2026-05-11 15:26,86.41,86.49,86.4,86.49,52
2026-05-11 15:27,86.405,86.445,86.385,86.41,56
2026-05-11 15:28,86.45,86.49,86.42,86.42,30
2026-05-11 15:29,86.43,86.445,86.385,86.445,54
2026-05-11 15:30,86.52,86.52,86.43,86.44,66
2026-05-11 15:31,86.51,86.555,86.495,86.495,30
2026-05-11 15:32,86.435,86.505,86.415,86.505,52
2026-05-11 15:33,86.385,86.445,86.385,86.44,40
2026-05-11 15:34,86.385,86.415,86.355,86.355,53
2026-05-11 15:35,86.365,86.435,86.33,86.39,66
2026-05-11 15:36,86.51,86.52,86.36,86.36,48
2026-05-11 15:37,86.41,86.565,86.41,86.51,58
2026-05-11 15:38,86.49,86.5,86.4,86.435,43
2026-05-11 15:39,86.535,86.55,86.485,86.485,23
2026-05-11 15:40,86.48,86.56,86.46,86.55,22
2026-05-11 15:41,86.56,86.56,86.465,86.47,28
2026-05-11 15:42,86.715,86.715,86.49,86.565,178
2026-05-11 15:43,86.655,86.73,86.625,86.71,143
2026-05-11 15:44,86.52,86.68,86.46,86.63,186
2026-05-11 15:45,86.51,86.52,86.35,86.455,142
2026-05-11 15:46,86.425,86.55,86.395,86.5,106
2026-05-11 15:47,86.415,86.51,86.415,86.435,89
2026-05-11 15:48,86.48,86.48,86.38,86.405,35
2026-05-11 15:49,86.505,86.545,86.475,86.475,58
2026-05-11 15:50,86.455,86.485,86.4,86.485,52
2026-05-11 15:51,86.54,86.54,86.44,86.465,29
2026-05-11 15:52,86.595,86.625,86.5,86.52,19
2026-05-11 15:53,86.65,86.65,86.59,86.59,20
2026-05-11 15:54,86.67,86.68,86.57,86.65,57
2026-05-11 15:55,86.685,86.72,86.605,86.63,91
2026-05-11 15:56,86.64,86.685,86.635,86.685,57
2026-05-11 15:57,86.64,86.655,86.615,86.655,20
2026-05-11 15:58,86.715,86.8,86.625,86.625,117
2026-05-11 15:59,86.725,86.76,86.685,86.735,21
2026-05-11 16:00,86.73,86.76,86.675,86.745,27
2026-05-11 16:01,86.685,86.795,86.655,86.74,62
2026-05-11 16:02,86.7,86.715,86.67,86.68,25
2026-05-11 16:03,86.71,86.75,86.7,86.7,19
2026-05-11 16:04,86.64,86.71,86.605,86.685,28
2026-05-11 16:05,86.605,86.635,86.565,86.63,53
2026-05-11 16:06,86.58,86.59,86.545,86.59,41
2026-05-11 16:07,86.65,86.665,86.585,86.59,36
2026-05-11 16:08,86.54,86.65,86.54,86.65,44
2026-05-11 16:09,86.52,86.565,86.505,86.56,30
2026-05-11 16:10,86.525,86.54,86.51,86.52,19
2026-05-11 16:11,86.51,86.575,86.485,86.52,57
2026-05-11 16:12,86.525,86.53,86.49,86.495,46
2026-05-11 16:13,86.39,86.505,86.345,86.505,79
2026-05-11 16:14,86.4,86.43,86.395,86.395,29
2026-05-11 16:15,86.34,86.435,86.315,86.42,60
2026-05-11 16:16,86.335,86.44,86.325,86.335,70
2026-05-11 16:17,86.29,86.32,86.25,86.31,113
2026-05-11 16:18,86.32,86.345,86.27,86.295,28
2026-05-11 16:19,86.395,86.4,86.28,86.31,47
2026-05-11 16:20,86.28,86.365,86.28,86.365,35
2026-05-11 16:21,86.24,86.31,86.225,86.29,59
2026-05-11 16:22,86.285,86.3,86.255,86.255,27
2026-05-11 16:23,86.285,86.345,86.27,86.32,33
2026-05-11 16:24,86.335,86.36,86.265,86.28,37
2026-05-11 16:25,86.395,86.41,86.32,86.33,29
2026-05-11 16:26,86.32,86.39,86.315,86.385,26
2026-05-11 16:27,86.355,86.37,86.22,86.325,66
2026-05-11 16:28,86.27,86.36,86.27,86.36,42
2026-05-11 16:29,86.29,86.33,86.255,86.26,22
2026-05-11 16:30,86.33,86.33,86.205,86.27,48
2026-05-11 16:31,86.37,86.42,86.33,86.33,45
2026-05-11 16:32,86.37,86.395,86.33,86.375,22
2026-05-11 16:33,86.23,86.355,86.22,86.355,50
2026-05-11 16:34,86.255,86.27,86.245,86.245,8
2026-05-11 16:35,86.175,86.215,86.155,86.215,48
2026-05-11 16:36,86.14,86.235,86.11,86.185,54
2026-05-11 16:37,86.185,86.205,86.12,86.155,37
2026-05-11 16:38,86.19,86.2,86.12,86.19,52
2026-05-11 16:39,86.24,86.295,86.17,86.17,52
2026-05-11 16:40,86.265,86.3,86.2,86.23,28
2026-05-11 16:41,86.07,86.28,86.07,86.28,114
2026-05-11 16:42,85.92,86.08,85.86,86.08,187
2026-05-11 16:43,85.97,85.97,85.775,85.875,158
2026-05-11 16:44,85.86,85.955,85.815,85.955,53
2026-05-11 16:45,85.885,85.885,85.73,85.855,92
2026-05-11 16:46,85.84,85.935,85.79,85.91,54
2026-05-11 16:47,85.95,85.99,85.83,85.83,39
2026-05-11 16:48,85.9,85.94,85.885,85.94,17
2026-05-11 16:49,85.915,85.95,85.9,85.915,31
2026-05-11 16:50,85.89,85.9,85.85,85.895,31
2026-05-11 16:51,85.945,85.945,85.865,85.865,23
2026-05-11 16:52,85.85,85.96,85.85,85.96,23
2026-05-11 16:53,85.855,85.855,85.785,85.845,37
2026-05-11 16:54,85.89,85.945,85.87,85.885,30
2026-05-11 16:55,85.85,85.96,85.84,85.9,96
2026-05-11 16:56,85.915,85.915,85.8,85.86,49
2026-05-11 16:57,85.82,85.945,85.8,85.91,49
2026-05-11 16:58,85.95,85.95,85.85,85.865,28
2026-05-11 16:59,85.94,86.04,85.92,85.97,90
2026-05-11 17:00,85.945,86.045,85.905,85.96,64
2026-05-11 17:01,85.97,85.99,85.94,85.965,33
2026-05-11 17:02,85.9,86.0,85.885,85.995,45
2026-05-11 17:03,85.845,85.955,85.835,85.885,58
2026-05-11 17:04,85.905,85.915,85.865,85.865,18
2026-05-11 17:05,85.96,86.025,85.895,85.92,28
2026-05-11 17:06,85.99,86.015,85.955,85.975,46
2026-05-11 17:07,85.91,85.975,85.855,85.975,49
2026-05-11 17:08,85.965,85.965,85.91,85.925,68
2026-05-11 17:09,85.89,85.955,85.885,85.95,29
2026-05-11 17:10,85.95,85.95,85.855,85.885,53
2026-05-11 17:11,85.975,86.015,85.925,85.945,72
2026-05-11 17:12,85.795,85.97,85.785,85.97,90
2026-05-11 17:13,85.83,85.86,85.79,85.79,66
2026-05-11 17:14,85.81,85.845,85.77,85.8,57
2026-05-11 17:15,85.83,85.83,85.75,85.785,71
2026-05-11 17:16,85.795,85.87,85.78,85.82,60
2026-05-11 17:17,85.8,85.855,85.795,85.805,31
2026-05-11 17:18,85.78,85.835,85.78,85.82,45
2026-05-11 17:19,85.785,85.8,85.76,85.78,85
2026-05-11 17:20,85.84,85.86,85.785,85.8,92
2026-05-11 17:21,85.905,85.93,85.88,85.88,121
2026-05-11 17:22,85.915,85.95,85.865,85.905,130
2026-05-11 17:23,85.9,85.995,85.89,85.905,220
2026-05-11 17:24,86.01,86.02,85.805,85.885,1243
2026-05-11 17:25,86.16,86.165,85.995,86.015,241
2026-05-11 17:26,86.15,86.175,86.13,86.155,101
2026-05-11 17:27,86.16,86.19,86.105,86.145,145
2026-05-11 17:28,86.16,86.195,86.125,86.175,39
2026-05-11 17:29,86.135,86.195,86.12,86.17,42
2026-05-11 17:30,86.255,86.255,86.13,86.135,53
2026-05-11 17:31,86.285,86.325,86.24,86.265,84
2026-05-11 17:32,86.29,86.315,86.27,86.27,21
2026-05-11 17:33,86.27,86.33,86.27,86.3,37
2026-05-11 17:34,86.285,86.29,86.255,86.26,30
2026-05-11 17:35,86.25,86.275,86.21,86.275,23
2026-05-11 17:36,86.295,86.295,86.255,86.26,14
2026-05-11 17:37,86.315,86.315,86.27,86.275,7
2026-05-11 17:38,86.33,86.335,86.295,86.305,31
2026-05-11 17:39,86.275,86.335,86.275,86.325,23
2026-05-11 17:40,86.33,86.34,86.28,86.29,14
2026-05-11 17:41,86.37,86.385,86.315,86.325,32
2026-05-11 17:42,86.33,86.345,86.325,86.345,6
2026-05-11 17:43,86.305,86.335,86.305,86.335,9
2026-05-11 17:44,86.33,86.335,86.33,86.335,2
2026-05-11 17:45,86.35,86.38,86.295,86.3,49
2026-05-11 17:46,86.36,86.385,86.345,86.36,18
2026-05-11 17:47,86.36,86.36,86.35,86.35,5
2026-05-11 17:48,86.35,86.35,86.35,86.35,1
2026-05-11 17:49,86.275,86.36,86.275,86.35,19
2026-05-11 17:50,86.28,86.28,86.23,86.26,21
2026-05-11 17:51,86.275,86.28,86.265,86.28,11
2026-05-11 17:52,86.285,86.29,86.27,86.28,13
2026-05-11 17:53,86.255,86.275,86.25,86.275,51
2026-05-11 17:54,86.27,86.27,86.23,86.26,11
2026-05-11 17:55,86.3,86.325,86.27,86.275,49
2026-05-11 17:56,86.32,86.32,86.285,86.285,11
2026-05-11 17:57,86.335,86.335,86.315,86.32,6
2026-05-11 17:58,86.315,86.32,86.295,86.31,8
2026-05-11 17:59,86.395,86.395,86.31,86.32,27
2026-05-11 18:00,86.43,86.43,86.375,86.395,51
2026-05-11 18:01,86.375,86.46,86.375,86.435,31
2026-05-11 18:02,86.39,86.395,86.375,86.395,16
2026-05-11 18:03,86.45,86.455,86.395,86.395,22
2026-05-11 18:04,86.475,86.505,86.44,86.455,37
2026-05-11 18:05,86.44,86.455,86.43,86.455,15
2026-05-11 18:06,86.46,86.475,86.45,86.45,10
2026-05-11 18:07,86.59,86.59,86.48,86.485,47
2026-05-11 18:08,86.49,86.61,86.46,86.57,89
2026-05-11 18:09,86.465,86.495,86.465,86.49,19
2026-05-11 18:10,86.42,86.47,86.39,86.47,30
2026-05-11 18:11,86.35,86.435,86.345,86.42,48
2026-05-11 18:12,86.345,86.345,86.27,86.315,26
2026-05-11 18:13,86.39,86.41,86.34,86.34,18
2026-05-11 18:14,86.33,86.375,86.33,86.375,8
2026-05-11 18:15,86.3,86.36,86.3,86.345,21
2026-05-11 18:16,86.355,86.36,86.315,86.315,21
2026-05-11 18:17,86.39,86.405,86.37,86.37,11
2026-05-11 18:18,86.37,86.395,86.37,86.385,4
2026-05-11 18:19,86.35,86.355,86.35,86.355,4
2026-05-11 18:20,86.35,86.355,86.225,86.355,126
2026-05-11 18:21,86.34,86.355,86.315,86.34,19
2026-05-11 18:22,86.325,86.355,86.32,86.35,11
2026-05-11 18:23,86.29,86.375,86.28,86.34,22
2026-05-11 18:24,86.365,86.365,86.29,86.29,11
2026-05-11 18:25,86.37,86.37,86.33,86.335,6
2026-05-11 18:26,86.43,86.43,86.385,86.39,12
2026-05-11 18:27,86.395,86.43,86.39,86.425,137
2026-05-11 18:28,86.46,86.46,86.41,86.41,89
2026-05-11 18:29,86.58,86.645,86.455,86.465,175
2026-05-11 18:30,86.6,86.6,86.555,86.56,38
2026-05-11 18:31,86.62,86.64,86.595,86.595,22
2026-05-11 18:32,86.6,86.645,86.6,86.635,15
2026-05-11 18:33,86.6,86.615,86.6,86.615,8
2026-05-11 18:34,86.585,86.585,86.585,86.585,1
2026-05-11 18:35,86.65,86.675,86.605,86.605,14
2026-05-11 18:36,86.65,86.65,86.6,86.63,17
2026-05-11 18:37,86.65,86.655,86.62,86.655,7
2026-05-11 18:38,86.68,86.69,86.645,86.645,21
2026-05-11 18:39,86.655,86.685,86.655,86.675,19
2026-05-11 18:40,86.575,86.645,86.575,86.645,29
2026-05-11 18:41,86.57,86.605,86.56,86.585,15
2026-05-11 18:42,86.585,86.585,86.55,86.57,12
2026-05-11 18:43,86.6,86.605,86.575,86.575,9
2026-05-11 18:44,86.605,86.65,86.605,86.62,21
2026-05-11 18:45,86.55,86.625,86.515,86.625,19
2026-05-11 18:46,86.57,86.58,86.565,86.565,5
2026-05-11 18:47,86.605,86.605,86.585,86.59,18
2026-05-11 18:48,86.605,86.605,86.595,86.605,10
2026-05-11 18:49,86.585,86.595,86.585,86.595,3
2026-05-11 18:50,86.565,86.59,86.565,86.58,8
2026-05-11 18:51,86.635,86.66,86.6,86.6,15
2026-05-11 18:52,86.645,86.665,86.64,86.655,10
2026-05-11 18:53,86.635,86.655,86.635,86.65,11
2026-05-11 18:54,86.64,86.64,86.605,86.625,11
2026-05-11 18:55,86.72,86.725,86.62,86.635,27
2026-05-11 18:56,86.765,86.83,86.7,86.705,113
2026-05-11 18:57,86.7,86.795,86.675,86.785,42
2026-05-11 18:58,86.71,86.72,86.665,86.705,18
2026-05-11 18:59,86.56,86.685,86.56,86.685,37
2026-05-11 19:00,86.61,86.61,86.515,86.55,24
2026-05-11 19:01,86.58,86.655,86.58,86.62,12
2026-05-11 19:02,86.56,86.59,86.56,86.59,10
2026-05-11 19:03,86.565,86.575,86.54,86.54,4
2026-05-11 19:04,86.58,86.595,86.57,86.57,8
2026-05-11 19:05,86.65,86.65,86.585,86.585,16
2026-05-11 19:06,86.74,86.74,86.655,86.655,26
2026-05-11 19:07,86.785,86.8,86.735,86.735,19
2026-05-11 19:08,86.82,86.83,86.765,86.78,26
2026-05-11 19:09,86.795,86.845,86.795,86.81,33
2026-05-11 19:10,86.8,86.835,86.76,86.805,29
2026-05-11 19:11,86.725,86.8,86.715,86.8,17
2026-05-11 19:12,86.765,86.77,86.725,86.745,14
2026-05-11 19:13,86.7,86.775,86.685,86.755,27
2026-05-11 19:14,86.685,86.73,86.685,86.71,20
2026-05-11 19:15,86.685,86.74,86.68,86.7,21
2026-05-11 19:16,86.69,86.75,86.685,86.695,22
2026-05-11 19:17,86.7,86.7,86.665,86.68,11
2026-05-11 19:18,86.715,86.76,86.71,86.71,13
2026-05-11 19:19,86.7,86.725,86.7,86.72,10
2026-05-11 19:20,86.67,86.705,86.655,86.705,12
2026-05-11 19:21,86.68,86.685,86.675,86.675,4
2026-05-11 19:22,86.725,86.725,86.655,86.665,7
2026-05-11 19:23,86.73,86.74,86.695,86.695,13
2026-05-11 19:24,86.68,86.76,86.68,86.755,7
2026-05-11 19:25,86.67,86.705,86.67,86.705,11
2026-05-11 19:26,86.665,86.685,86.66,86.66,7
2026-05-11 19:27,86.725,86.75,86.65,86.65,32
2026-05-11 19:28,86.705,86.71,86.675,86.71,8
2026-05-11 19:29,86.715,86.715,86.69,86.69,7
2026-05-11 19:30,86.745,86.76,86.66,86.7,193
2026-05-11 19:31,86.715,86.795,86.715,86.745,73
2026-05-11 19:32,86.655,86.74,86.655,86.71,114
2026-05-11 19:33,86.58,86.655,86.57,86.655,59
2026-05-11 19:34,86.575,86.605,86.515,86.58,67
2026-05-11 19:35,86.63,86.63,86.59,86.6,7
2026-05-11 19:36,86.74,86.74,86.615,86.625,18
2026-05-11 19:37,86.75,86.75,86.695,86.74,19
2026-05-11 19:38,86.74,86.76,86.74,86.755,20
2026-05-11 19:39,86.73,86.735,86.65,86.735,106
2026-05-11 19:40,86.77,86.79,86.74,86.75,106
2026-05-11 19:41,86.745,86.775,86.74,86.76,5
2026-05-11 19:42,86.73,86.76,86.725,86.76,17
2026-05-11 19:43,86.76,86.76,86.725,86.725,3
2026-05-11 19:44,86.745,86.765,86.715,86.745,12
2026-05-11 19:45,86.8,86.84,86.755,86.755,26
2026-05-11 19:46,86.815,86.835,86.77,86.79,15
2026-05-11 19:47,86.84,86.85,86.815,86.83,22
2026-05-11 19:48,86.875,86.875,86.82,86.845,25
2026-05-11 19:49,86.825,86.85,86.795,86.835,10
2026-05-11 19:50,86.85,86.875,86.815,86.84,42
2026-05-11 19:51,86.815,86.85,86.815,86.845,24
2026-05-11 19:52,86.845,86.845,86.81,86.81,8
2026-05-11 19:53,86.84,86.865,86.83,86.84,17
2026-05-11 19:54,86.85,86.855,86.825,86.83,16
2026-05-11 19:55,86.885,86.895,86.84,86.85,97
2026-05-11 19:56,86.78,86.885,86.74,86.875,138
2026-05-11 19:57,86.82,86.845,86.755,86.77,80
2026-05-11 19:58,86.865,86.87,86.825,86.825,32
2026-05-11 19:59,86.835,86.86,86.815,86.86,42
2026-05-11 20:00,86.84,86.875,86.84,86.87,16
2026-05-11 20:01,86.865,86.865,86.86,86.865,6
2026-05-11 20:02,86.82,86.84,86.805,86.84,6
2026-05-11 20:03,86.795,86.82,86.795,86.82,10
2026-05-11 20:04,86.8,86.8,86.78,86.78,10
2026-05-11 20:05,86.75,86.79,86.75,86.79,5
2026-05-11 20:06,86.715,86.765,86.705,86.765,15
2026-05-11 20:07,86.66,86.715,86.66,86.7,16
2026-05-11 20:08,86.625,86.67,86.59,86.67,25
2026-05-11 20:09,86.62,86.645,86.61,86.61,18
2026-05-11 20:10,86.63,86.63,86.595,86.62,26
2026-05-11 20:11,86.435,86.63,86.345,86.615,148
2026-05-11 20:12,86.43,86.465,86.34,86.42,47
2026-05-11 20:13,86.615,86.645,86.435,86.435,66
2026-05-11 20:14,86.58,86.62,86.56,86.62,13
2026-05-11 20:15,86.56,86.565,86.545,86.565,7
2026-05-11 20:16,86.575,86.575,86.57,86.57,3
2026-05-11 20:17,86.585,86.585,86.55,86.55,7
2026-05-11 20:18,86.605,86.605,86.6,86.6,2
2026-05-11 20:19,86.67,86.67,86.615,86.615,8
2026-05-11 20:20,86.63,86.66,86.63,86.66,4
2026-05-11 20:21,86.645,86.645,86.61,86.63,8
2026-05-11 20:22,86.63,86.63,86.63,86.63,1
2026-05-11 20:23,86.585,86.585,86.585,86.585,1
2026-05-11 20:24,86.62,86.62,86.615,86.62,4
2026-05-11 20:25,86.635,86.635,86.635,86.635,1
2026-05-11 20:26,86.635,86.635,86.615,86.615,4
2026-05-11 20:27,86.68,86.68,86.635,86.635,2
2026-05-11 20:28,86.7,86.725,86.7,86.7,14
2026-05-11 20:29,86.715,86.725,86.71,86.71,5
2026-05-11 20:30,86.735,86.75,86.71,86.71,18
2026-05-11 20:31,86.715,86.725,86.715,86.725,6
2026-05-11 20:32,86.88,86.88,86.72,86.72,30
2026-05-11 20:33,86.885,86.895,86.88,86.88,5
2026-05-11 20:34,86.885,86.89,86.885,86.89,6
2026-05-11 20:35,86.91,86.945,86.855,86.885,51
2026-05-11 20:37,86.905,86.905,86.905,86.905,22
2026-05-11 20:38,86.92,86.92,86.915,86.915,3
2026-05-11 20:39,86.89,86.915,86.89,86.9,6
2026-05-11 20:40,86.87,86.89,86.865,86.89,8
2026-05-11 20:41,86.89,86.9,86.885,86.89,10
2026-05-11 20:42,86.88,86.88,86.88,86.88,1
2026-05-11 20:43,86.895,86.9,86.885,86.895,5
2026-05-11 20:44,86.9,86.9,86.885,86.885,2
2026-05-11 20:45,86.905,86.92,86.88,86.885,15
2026-05-11 20:46,86.94,86.94,86.915,86.915,2
2026-05-11 20:47,86.94,86.955,86.935,86.94,8
2026-05-11 20:48,86.965,86.975,86.93,86.96,22
2026-05-11 20:49,86.93,86.97,86.93,86.955,11
2026-05-11 20:50,86.885,86.97,86.885,86.94,15
2026-05-11 20:51,86.775,86.845,86.775,86.845,19
2026-05-11 20:52,86.84,86.84,86.735,86.77,16
2026-05-11 20:53,86.855,86.855,86.835,86.835,3
2026-05-11 20:54,86.815,86.865,86.785,86.85,24
2026-05-11 20:55,86.77,86.845,86.735,86.845,19
2026-05-11 20:56,86.835,86.835,86.77,86.795,13
2026-05-11 20:57,86.805,86.84,86.805,86.81,7
2026-05-11 20:58,86.845,86.845,86.81,86.83,6
2026-05-11 20:59,86.805,86.87,86.805,86.84,30
2026-05-11 22:00,87.045,87.085,86.74,86.74,0
2026-05-11 22:01,86.995,87.04,86.97,87.01,21
2026-05-11 22:02,87.095,87.135,86.995,87.015,50
2026-05-11 22:03,87.05,87.1,87.05,87.095,12
2026-05-11 22:04,87.06,87.075,87.02,87.02,9
2026-05-11 22:05,87.07,87.07,87.015,87.05,7
2026-05-11 22:06,87.05,87.08,87.05,87.08,3
2026-05-11 22:07,87.03,87.055,87.03,87.055,7
2026-05-11 22:08,87.05,87.095,87.015,87.015,15
2026-05-11 22:09,86.965,87.1,86.965,87.075,15
2026-05-11 22:10,87.025,87.025,86.915,86.965,14
2026-05-11 22:11,87.005,87.01,86.975,86.98,13
2026-05-11 22:13,86.975,86.975,86.965,86.975,5
2026-05-11 22:14,87.02,87.02,86.995,86.995,2
2026-05-11 22:15,87.0,87.005,87.0,87.005,3
2026-05-11 22:16,87.01,87.01,86.975,86.975,11
2026-05-11 22:17,87.0,87.02,86.97,87.02,17
2026-05-11 22:18,86.995,87.025,86.995,87.02,3
2026-05-11 22:19,87.04,87.055,87.01,87.015,23
2026-05-11 22:20,87.025,87.05,87.025,87.04,6
2026-05-11 22:22,87.03,87.045,87.03,87.045,9
2026-05-11 22:23,87.065,87.075,87.045,87.045,8
2026-05-11 22:24,87.05,87.07,87.05,87.05,4
2026-05-11 22:25,87.05,87.05,87.05,87.05,1
2026-05-11 22:26,87.065,87.065,87.06,87.06,3
2026-05-11 22:27,87.185,87.185,87.075,87.075,22
2026-05-11 22:28,87.15,87.2,87.14,87.18,36
2026-05-11 22:29,87.12,87.14,87.12,87.14,2
2026-05-11 22:30,87.095,87.095,87.07,87.095,9
2026-05-11 22:31,87.17,87.2,87.13,87.15,16
2026-05-11 22:32,87.28,87.345,87.16,87.16,135
2026-05-11 22:33,87.32,87.34,87.225,87.275,61
2026-05-11 22:34,87.29,87.335,87.29,87.315,7
2026-05-11 22:35,87.245,87.25,87.215,87.245,12
2026-05-11 22:36,87.24,87.24,87.23,87.23,8
2026-05-11 22:37,87.265,87.265,87.19,87.225,12
2026-05-11 22:38,87.285,87.285,87.245,87.265,16
2026-05-11 22:39,87.24,87.25,87.235,87.25,6
2026-05-11 22:40,87.275,87.275,87.27,87.27,2
2026-05-11 22:41,87.395,87.395,87.29,87.29,13
2026-05-11 22:42,87.37,87.44,87.37,87.405,22
2026-05-11 22:43,87.46,87.475,87.37,87.38,22
2026-05-11 22:44,87.535,87.535,87.47,87.48,61
2026-05-11 22:45,87.545,87.545,87.5,87.545,22
2026-05-11 22:46,87.755,87.775,87.56,87.57,95
2026-05-11 22:47,87.765,87.79,87.68,87.73,35
2026-05-11 22:48,87.755,87.795,87.735,87.775,49
2026-05-11 22:49,87.7,87.75,87.7,87.75,14
2026-05-11 22:50,87.625,87.71,87.625,87.71,26
2026-05-11 22:51,87.72,87.745,87.615,87.615,30
2026-05-11 22:52,87.695,87.7,87.665,87.695,8
2026-05-11 22:53,87.695,87.74,87.695,87.715,5
2026-05-11 22:54,87.76,87.76,87.68,87.68,23
2026-05-11 22:55,87.635,87.74,87.635,87.74,30
2026-05-11 22:56,87.69,87.7,87.65,87.65,14
2026-05-11 22:57,87.685,87.685,87.685,87.685,2
2026-05-11 22:58,87.69,87.695,87.675,87.695,9
2026-05-11 22:59,87.66,87.69,87.635,87.655,22
2026-05-11 23:00,87.655,87.765,87.655,87.7,46
2026-05-11 23:01,87.63,87.705,87.575,87.69,67
2026-05-11 23:02,87.6,87.66,87.53,87.655,39
2026-05-11 23:03,87.565,87.655,87.565,87.61,27
2026-05-11 23:04,87.615,87.625,87.585,87.585,11
2026-05-11 23:05,87.645,87.645,87.615,87.615,6
2026-05-11 23:06,87.765,87.77,87.64,87.64,17
2026-05-11 23:07,87.9,87.92,87.73,87.73,38
2026-05-11 23:08,87.815,87.92,87.815,87.87,24
2026-05-11 23:09,87.76,87.825,87.76,87.8,19
2026-05-11 23:10,87.7,87.76,87.7,87.76,18
2026-05-11 23:11,86.835,87.7,86.835,87.7,249
2026-05-11 23:12,87.195,87.28,86.86,86.86,82
2026-05-11 23:13,87.25,87.31,87.18,87.195,47
2026-05-11 23:14,87.165,87.245,87.03,87.245,85
2026-05-11 23:15,87.395,87.4,87.175,87.175,52
2026-05-11 23:16,87.31,87.4,87.29,87.38,14
2026-05-11 23:17,87.365,87.365,87.31,87.31,6
2026-05-11 23:18,87.325,87.335,87.325,87.325,3
2026-05-11 23:19,87.375,87.375,87.325,87.325,5
2026-05-11 23:20,87.385,87.395,87.335,87.34,16
2026-05-11 23:21,87.45,87.515,87.42,87.42,12
2026-05-11 23:22,87.46,87.46,87.43,87.43,8
2026-05-11 23:23,87.42,87.46,87.42,87.46,5
2026-05-11 23:24,87.395,87.395,87.395,87.395,1
2026-05-11 23:25,87.36,87.39,87.185,87.39,114
2026-05-11 23:26,87.355,87.355,87.355,87.355,13
2026-05-11 23:27,87.415,87.415,87.415,87.415,1
2026-05-11 23:28,87.4,87.4,87.39,87.39,2
2026-05-11 23:29,87.39,87.415,87.39,87.4,10
2026-05-11 23:30,87.365,87.365,87.36,87.365,11
2026-05-11 23:31,87.735,87.735,87.4,87.4,90
2026-05-11 23:32,87.68,87.785,87.66,87.725,39
2026-05-11 23:33,87.725,87.75,87.65,87.65,17
2026-05-11 23:34,87.8,87.82,87.7,87.715,78
2026-05-11 23:35,87.85,87.865,87.78,87.825,58
2026-05-11 23:36,87.705,87.95,87.665,87.825,237
2026-05-11 23:37,87.94,87.975,87.685,87.695,147
2026-05-11 23:38,87.985,88.0,87.865,87.955,226
2026-05-11 23:39,87.76,87.975,87.76,87.975,34
2026-05-11 23:40,87.815,87.825,87.76,87.765,44
2026-05-11 23:41,87.72,87.81,87.705,87.81,12
2026-05-11 23:42,87.615,87.715,87.615,87.705,24
2026-05-11 23:43,87.655,87.7,87.655,87.66,4
2026-05-11 23:44,87.635,87.67,87.635,87.67,10
2026-05-11 23:45,87.62,87.665,87.62,87.66,8
2026-05-11 23:46,87.54,87.615,87.54,87.615,21
2026-05-11 23:47,87.535,87.545,87.515,87.525,14
2026-05-11 23:48,87.595,87.595,87.535,87.535,4
2026-05-11 23:49,87.64,87.64,87.6,87.6,4
2026-05-11 23:50,87.62,87.64,87.61,87.625,5
2026-05-11 23:52,87.825,87.85,87.66,87.66,20
2026-05-11 23:53,87.77,87.805,87.77,87.775,13
2026-05-11 23:54,87.74,87.785,87.74,87.785,9
2026-05-11 23:55,87.785,87.785,87.725,87.73,6
2026-05-11 23:56,87.76,87.805,87.73,87.74,19
2026-05-11 23:57,87.78,87.805,87.78,87.805,4
2026-05-11 23:58,87.895,87.945,87.79,87.79,24
2026-05-11 23:59,87.93,87.985,87.89,87.89,50
2026-05-12 00:00,87.41,87.91,87.37,87.91,62
2026-05-12 00:01,87.305,87.365,87.19,87.365,42
2026-05-12 00:02,87.375,87.4,87.225,87.38,35
2026-05-12 00:03,87.315,87.34,87.27,87.34,18
2026-05-12 00:04,87.55,87.55,87.4,87.4,33
2026-05-12 00:05,87.475,87.615,87.475,87.5,29
2026-05-12 00:06,87.505,87.53,87.41,87.445,8
2026-05-12 00:07,87.445,87.49,87.44,87.49,4
2026-05-12 00:08,87.54,87.54,87.535,87.535,3
2026-05-12 00:09,87.61,87.61,87.49,87.49,3
2026-05-12 00:10,87.56,87.725,87.56,87.6,28
2026-05-12 00:11,87.53,87.56,87.51,87.555,10
2026-05-12 00:12,87.615,87.615,87.54,87.54,5
2026-05-12 00:13,87.435,87.52,87.435,87.52,13
2026-05-12 00:14,87.56,87.605,87.49,87.49,16
2026-05-12 00:15,87.595,87.595,87.5,87.505,11
2026-05-12 00:16,87.625,87.65,87.535,87.63,15
2026-05-12 00:17,87.73,87.73,87.625,87.625,8
2026-05-12 00:18,87.705,87.785,87.705,87.75,4
2026-05-12 00:19,87.655,87.75,87.62,87.75,15
2026-05-12 00:20,87.67,87.67,87.625,87.65,5
2026-05-12 00:21,87.575,87.635,87.575,87.63,6
2026-05-12 00:22,87.425,87.565,87.39,87.565,33
2026-05-12 00:23,87.12,87.425,86.985,87.425,44
2026-05-12 00:24,87.28,87.33,87.135,87.135,64
2026-05-12 00:25,87.395,87.445,87.29,87.29,143
2026-05-12 00:26,87.5,87.5,87.445,87.445,7
2026-05-12 00:27,87.42,87.5,87.41,87.5,9
2026-05-12 00:28,87.345,87.405,87.345,87.405,7
2026-05-12 00:30,87.27,87.345,87.235,87.345,28
2026-05-12 00:31,87.315,87.315,87.31,87.31,3
2026-05-12 00:32,87.265,87.31,87.24,87.31,9
2026-05-12 00:33,87.21,87.265,87.21,87.265,8
2026-05-12 00:34,87.2,87.26,87.2,87.26,3
2026-05-12 00:35,87.22,87.22,87.21,87.21,4
2026-05-12 00:37,87.3,87.335,87.3,87.3,8
2026-05-12 00:38,87.3,87.335,87.25,87.335,14
2026-05-12 00:39,87.29,87.29,87.25,87.26,8
2026-05-12 00:40,87.295,87.295,87.265,87.27,15
2026-05-12 00:41,87.28,87.28,87.24,87.28,14
2026-05-12 00:42,87.165,87.28,87.15,87.28,7
2026-05-12 00:43,87.125,87.205,87.12,87.205,31
2026-05-12 00:44,87.06,87.155,87.06,87.14,25
2026-05-12 00:45,87.14,87.21,87.095,87.095,29
2026-05-12 00:46,87.08,87.215,87.08,87.16,9
2026-05-12 00:47,87.08,87.13,87.02,87.065,23
2026-05-12 00:48,87.09,87.16,87.09,87.1,5
2026-05-12 00:49,87.105,87.105,87.09,87.09,3
2026-05-12 00:50,87.065,87.1,87.05,87.1,6
2026-05-12 00:51,87.09,87.11,87.09,87.11,3
2026-05-12 00:52,87.075,87.09,87.05,87.09,8
2026-05-12 00:53,86.995,87.0,86.945,87.0,10
2026-05-12 00:54,87.0,87.0,86.91,86.995,26
2026-05-12 00:55,87.03,87.03,86.98,87.0,12
2026-05-12 00:56,86.98,87.025,86.94,87.015,23
2026-05-12 00:57,87.05,87.055,86.98,86.985,33
2026-05-12 00:58,86.925,87.005,86.925,87.005,16
2026-05-12 00:59,86.77,86.92,86.72,86.92,109
2026-05-12 01:00,87.095,87.18,86.575,86.76,186
2026-05-12 01:01,87.305,87.32,87.12,87.13,91
2026-05-12 01:02,87.41,87.42,87.12,87.29,71
2026-05-12 01:03,87.365,87.465,87.35,87.36,47
2026-05-12 01:04,87.08,87.38,87.08,87.365,46
2026-05-12 01:05,87.31,87.31,87.0,87.0,57
2026-05-12 01:06,87.455,87.615,87.295,87.3,112
2026-05-12 01:07,87.63,87.63,87.35,87.465,71
2026-05-12 01:08,87.55,87.575,87.485,87.56,32
2026-05-12 01:09,87.615,87.645,87.485,87.515,25
2026-05-12 01:10,87.55,87.62,87.53,87.62,14
2026-05-12 01:11,87.54,87.635,87.54,87.585,43
2026-05-12 01:12,87.51,87.565,87.47,87.545,30
2026-05-12 01:13,87.47,87.55,87.45,87.53,26
2026-05-12 01:14,87.5,87.555,87.5,87.555,7
2026-05-12 01:15,87.56,87.56,87.4,87.455,17
2026-05-12 01:16,87.42,87.6,87.42,87.57,23
2026-05-12 01:17,87.515,87.515,87.41,87.42,9
2026-05-12 01:18,87.55,87.55,87.405,87.495,30
2026-05-12 01:19,87.63,87.76,87.61,87.61,50
2026-05-12 01:20,87.675,87.76,87.655,87.7,25
2026-05-12 01:21,87.69,87.71,87.63,87.675,26
2026-05-12 01:22,87.63,87.705,87.62,87.705,40
2026-05-12 01:23,87.68,87.75,87.63,87.63,33
2026-05-12 01:24,87.67,87.73,87.67,87.675,7
2026-05-12 01:25,87.5,87.765,87.48,87.67,69
2026-05-12 01:26,87.355,87.52,87.31,87.48,55
2026-05-12 01:27,87.22,87.425,87.1,87.39,56
2026-05-12 01:28,87.225,87.23,87.055,87.2,53
2026-05-12 01:29,87.05,87.245,87.05,87.245,36
2026-05-12 01:30,87.145,87.145,87.04,87.04,36
2026-05-12 01:31,87.13,87.23,87.13,87.19,11
2026-05-12 01:32,87.305,87.33,87.195,87.195,35
2026-05-12 01:33,87.345,87.345,87.295,87.33,11
2026-05-12 01:34,87.05,87.26,87.025,87.245,33
2026-05-12 01:35,86.975,87.12,86.975,87.055,59
2026-05-12 01:36,86.865,86.98,86.85,86.965,81
2026-05-12 01:37,86.87,86.955,86.81,86.845,34
2026-05-12 01:38,86.62,86.845,86.57,86.845,194
2026-05-12 01:39,86.465,86.71,86.31,86.62,204
2026-05-12 01:40,86.295,86.585,86.285,86.5,51
2026-05-12 01:41,86.305,86.35,86.175,86.305,159
2026-05-12 01:42,86.45,86.465,86.215,86.315,89
2026-05-12 01:43,86.56,86.565,86.44,86.45,54
2026-05-12 01:44,86.79,86.825,86.56,86.59,81
2026-05-12 01:45,86.755,86.805,86.66,86.79,82
2026-05-12 01:46,86.645,86.78,86.615,86.74,51
2026-05-12 01:47,86.665,86.75,86.63,86.69,32
2026-05-12 01:48,86.78,86.78,86.635,86.645,24
2026-05-12 01:49,86.87,86.88,86.755,86.755,21
2026-05-12 01:50,86.745,86.89,86.725,86.875,43
2026-05-12 01:51,86.785,86.81,86.725,86.735,38
2026-05-12 01:52,86.78,86.845,86.78,86.815,13
2026-05-12 01:53,86.845,86.86,86.805,86.825,14
2026-05-12 01:54,86.815,86.88,86.735,86.83,24
2026-05-12 01:55,86.695,86.76,86.63,86.76,38
2026-05-12 01:56,86.73,86.765,86.66,86.7,17
2026-05-12 01:57,86.695,86.86,86.695,86.81,21
2026-05-12 01:58,86.69,86.695,86.68,86.68,4
2026-05-12 01:59,86.7,86.74,86.57,86.7,26
2026-05-12 02:00,86.87,86.88,86.74,86.74,26
2026-05-12 02:01,86.89,86.9,86.8,86.85,26
2026-05-12 02:02,86.875,86.89,86.795,86.89,17
2026-05-12 02:03,86.78,86.91,86.76,86.91,20
2026-05-12 02:04,86.905,86.905,86.805,86.825,19
2026-05-12 02:05,86.825,86.94,86.825,86.91,14
2026-05-12 02:06,86.835,86.855,86.745,86.855,10
2026-05-12 02:07,86.865,86.865,86.815,86.855,6
2026-05-12 02:08,86.89,86.89,86.85,86.85,3
2026-05-12 02:09,86.9,86.9,86.83,86.83,26
2026-05-12 02:10,87.115,87.115,86.905,86.905,57
2026-05-12 02:11,87.14,87.16,87.095,87.115,54
2026-05-12 02:12,87.095,87.185,87.075,87.15,18
2026-05-12 02:13,86.92,87.175,86.92,87.12,46
2026-05-12 02:14,86.955,86.955,86.83,86.93,38
2026-05-12 02:15,86.915,86.965,86.845,86.965,28
2026-05-12 02:16,86.96,86.96,86.9,86.915,12
2026-05-12 02:17,86.99,87.0,86.92,86.925,11
2026-05-12 02:18,86.935,86.96,86.935,86.96,11
2026-05-12 02:19,86.79,86.95,86.79,86.95,11
2026-05-12 02:20,86.845,86.86,86.765,86.81,35
2026-05-12 02:21,86.825,86.84,86.815,86.83,10
2026-05-12 02:22,86.85,86.85,86.815,86.83,15
2026-05-12 02:23,86.835,86.84,86.835,86.84,2
2026-05-12 02:24,86.845,86.87,86.83,86.83,13
2026-05-12 02:25,86.8,86.855,86.8,86.85,15
2026-05-12 02:26,86.7,86.75,86.695,86.75,25
2026-05-12 02:27,86.67,86.68,86.615,86.65,18
2026-05-12 02:28,86.715,86.74,86.61,86.68,26
2026-05-12 02:29,86.695,86.73,86.695,86.73,2
2026-05-12 02:30,86.465,86.895,86.465,86.735,77
2026-05-12 02:31,86.45,86.5,86.33,86.465,87
2026-05-12 02:32,86.445,86.505,86.44,86.46,14
2026-05-12 02:33,86.46,86.5,86.32,86.405,43
2026-05-12 02:34,86.395,86.5,86.325,86.5,29
2026-05-12 02:35,86.35,86.4,86.295,86.4,50
2026-05-12 02:36,86.43,86.45,86.305,86.345,49
2026-05-12 02:37,86.445,86.48,86.435,86.45,24
2026-05-12 02:38,86.315,86.455,86.285,86.455,23
2026-05-12 02:39,86.375,86.43,86.325,86.325,24
2026-05-12 02:40,86.32,86.345,86.225,86.345,66
2026-05-12 02:41,86.37,86.43,86.315,86.34,18
2026-05-12 02:42,86.485,86.5,86.375,86.43,30
2026-05-12 02:43,86.555,86.56,86.49,86.505,15
2026-05-12 02:44,86.665,86.665,86.585,86.585,11
2026-05-12 02:45,86.785,86.79,86.655,86.655,27
2026-05-12 02:46,86.85,86.895,86.795,86.8,17
2026-05-12 02:47,86.765,86.86,86.74,86.845,27
2026-05-12 02:48,86.655,86.77,86.635,86.74,55
2026-05-12 02:49,86.7,86.7,86.585,86.645,11
2026-05-12 02:50,86.9,86.9,86.7,86.7,28
2026-05-12 02:51,86.88,86.88,86.8,86.865,24
2026-05-12 02:52,87.105,87.12,86.92,86.92,70
2026-05-12 02:53,87.115,87.145,87.045,87.105,38
2026-05-12 02:54,87.08,87.09,87.045,87.08,16
2026-05-12 02:55,87.05,87.1,87.03,87.09,16
2026-05-12 02:56,87.06,87.06,86.995,87.0,15
2026-05-12 02:57,86.97,87.03,86.93,87.03,16
2026-05-12 02:58,87.035,87.05,86.99,86.99,8
2026-05-12 02:59,86.965,87.045,86.965,87.045,9
2026-05-12 03:00,87.05,87.07,86.98,86.995,15
2026-05-12 03:01,86.895,87.105,86.895,87.045,23
2026-05-12 03:02,86.89,86.94,86.88,86.89,16
2026-05-12 03:03,86.9,86.92,86.9,86.91,5
2026-05-12 03:04,87.025,87.025,86.885,86.885,7
2026-05-12 03:05,87.02,87.02,86.985,87.0,10
2026-05-12 03:06,86.98,87.03,86.975,86.99,9
2026-05-12 03:07,86.98,87.0,86.98,86.995,12
2026-05-12 03:08,86.89,86.985,86.88,86.985,11
2026-05-12 03:09,86.885,86.935,86.885,86.935,7
2026-05-12 03:10,86.875,86.945,86.875,86.905,9
2026-05-12 03:11,86.94,86.98,86.79,86.835,12
2026-05-12 03:12,86.84,86.915,86.84,86.915,6
2026-05-12 03:13,86.84,86.86,86.83,86.86,7
2026-05-12 03:14,86.965,87.005,86.885,86.885,59
2026-05-12 03:15,86.935,86.98,86.935,86.975,6
2026-05-12 03:16,86.93,86.93,86.9,86.91,13
2026-05-12 03:17,86.89,86.95,86.865,86.95,11
2026-05-12 03:18,86.865,86.875,86.86,86.875,12
2026-05-12 03:19,86.805,86.85,86.8,86.85,16
2026-05-12 03:20,86.805,86.82,86.8,86.815,7
2026-05-12 03:21,86.735,86.83,86.735,86.795,13
2026-05-12 03:22,86.685,86.715,86.625,86.7,46
2026-05-12 03:23,86.73,86.765,86.715,86.72,7
2026-05-12 03:24,86.695,86.74,86.69,86.7,7
2026-05-12 03:25,86.685,86.71,86.67,86.67,6
2026-05-12 03:26,86.68,86.68,86.62,86.65,9
2026-05-12 03:27,86.695,86.695,86.645,86.695,8
2026-05-12 03:28,86.605,86.66,86.605,86.66,27
2026-05-12 03:29,86.695,86.7,86.61,86.63,17
2026-05-12 03:30,86.755,86.775,86.72,86.72,24
2026-05-12 03:31,86.875,86.875,86.78,86.78,14
2026-05-12 03:32,86.805,86.885,86.8,86.885,12
2026-05-12 03:33,86.835,86.86,86.81,86.81,6
2026-05-12 03:34,86.855,86.86,86.85,86.86,5
2026-05-12 03:35,86.87,86.875,86.845,86.85,8
2026-05-12 03:36,86.99,86.995,86.87,86.88,14
2026-05-12 03:37,87.03,87.03,86.98,86.98,12
2026-05-12 03:38,87.02,87.045,87.005,87.02,8
2026-05-12 03:39,87.06,87.06,87.025,87.04,14
2026-05-12 03:40,87.11,87.12,87.05,87.05,29
2026-05-12 03:41,87.0,87.065,87.0,87.05,6
2026-05-12 03:42,87.065,87.065,87.05,87.05,2
2026-05-12 03:43,86.94,87.03,86.94,87.03,7
2026-05-12 03:44,86.905,86.94,86.905,86.94,3
2026-05-12 03:45,86.765,86.94,86.765,86.94,24
2026-05-12 03:46,86.76,86.795,86.76,86.795,5
2026-05-12 03:47,86.835,86.86,86.795,86.795,11
2026-05-12 03:48,86.865,86.885,86.835,86.87,9
2026-05-12 03:49,86.805,86.815,86.805,86.815,3
2026-05-12 03:50,86.735,86.735,86.735,86.735,1
2026-05-12 03:51,86.79,86.81,86.79,86.81,2
2026-05-12 03:52,86.88,86.88,86.875,86.875,2
2026-05-12 03:53,86.935,86.935,86.905,86.905,4
2026-05-12 03:54,86.76,86.95,86.74,86.95,44
2026-05-12 03:55,86.695,86.795,86.675,86.78,22
2026-05-12 03:56,86.635,86.715,86.615,86.715,18
2026-05-12 03:57,86.72,86.72,86.565,86.61,25
2026-05-12 03:58,86.765,86.775,86.765,86.77,8
2026-05-12 04:00,86.765,86.78,86.765,86.78,2
2026-05-12 04:01,86.92,86.92,86.81,86.81,15
2026-05-12 04:02,86.81,86.87,86.81,86.87,9
2026-05-12 04:03,86.765,86.84,86.745,86.82,6
2026-05-12 04:04,86.795,86.795,86.745,86.745,3
2026-05-12 04:05,86.88,86.88,86.81,86.81,10
2026-05-12 04:06,86.895,86.895,86.85,86.86,6
2026-05-12 04:07,86.94,86.94,86.875,86.905,36
2026-05-12 04:08,86.865,86.98,86.865,86.96,9
2026-05-12 04:10,87.0,87.0,86.935,86.935,11
2026-05-12 04:11,86.95,86.965,86.925,86.965,6
2026-05-12 04:12,86.92,86.95,86.92,86.95,3
2026-05-12 04:13,86.92,86.92,86.92,86.92,1
2026-05-12 04:15,87.08,87.08,86.95,86.95,17
2026-05-12 04:16,87.145,87.18,87.115,87.12,26
2026-05-12 04:17,87.14,87.165,87.14,87.15,6
2026-05-12 04:18,86.97,87.07,86.935,87.07,13
2026-05-12 04:19,86.955,86.985,86.875,86.98,17
2026-05-12 04:20,87.03,87.03,86.96,86.96,4
2026-05-12 04:21,87.07,87.075,87.0,87.0,9
2026-05-12 04:22,86.995,87.075,86.995,87.075,5
2026-05-12 04:23,86.95,86.98,86.935,86.96,8
2026-05-12 04:24,86.96,86.985,86.945,86.945,9
2026-05-12 04:25,86.955,86.965,86.955,86.965,8
2026-05-12 04:26,86.98,86.98,86.96,86.96,2
2026-05-12 04:27,86.955,86.99,86.955,86.97,18
2026-05-12 04:28,86.945,86.95,86.945,86.95,2
2026-05-12 04:29,86.815,86.93,86.785,86.93,73
2026-05-12 04:30,86.83,86.83,86.795,86.805,35
2026-05-12 04:31,86.815,86.84,86.815,86.83,6
2026-05-12 04:32,86.855,86.875,86.815,86.84,17
2026-05-12 04:33,86.865,86.91,86.845,86.895,24
2026-05-12 04:34,86.81,86.825,86.795,86.825,5
2026-05-12 04:35,86.805,86.825,86.805,86.81,3
2026-05-12 04:36,86.925,86.96,86.81,86.835,26
2026-05-12 04:37,86.965,87.0,86.94,86.94,20
2026-05-12 04:38,86.955,86.975,86.95,86.975,5
2026-05-12 04:39,86.97,87.02,86.97,86.995,17
2026-05-12 04:40,86.95,86.95,86.95,86.95,1
2026-05-12 04:41,86.89,86.9,86.89,86.9,2
2026-05-12 04:42,86.865,86.91,86.865,86.91,6
2026-05-12 04:43,86.885,86.885,86.885,86.885,1
2026-05-12 04:44,86.92,86.92,86.915,86.915,3
2026-05-12 04:45,86.97,86.97,86.96,86.96,3
2026-05-12 04:47,86.83,86.915,86.815,86.885,12
2026-05-12 04:48,86.72,86.8,86.72,86.8,24
2026-05-12 04:49,86.77,86.77,86.77,86.77,1
2026-05-12 04:50,86.78,86.78,86.765,86.765,5
2026-05-12 04:51,86.695,86.72,86.695,86.72,5
2026-05-12 04:52,86.575,86.75,86.575,86.67,45
2026-05-12 04:53,86.71,86.71,86.62,86.62,10
2026-05-12 04:54,86.63,86.655,86.59,86.64,18
2026-05-12 04:55,86.7,86.7,86.585,86.615,16
2026-05-12 04:56,86.715,86.715,86.665,86.665,2
2026-05-12 04:57,86.8,86.8,86.725,86.725,21
2026-05-12 04:58,86.77,86.775,86.745,86.745,4
2026-05-12 04:59,86.72,86.755,86.72,86.755,3
2026-05-12 05:00,86.605,86.635,86.56,86.635,21
2026-05-12 05:01,86.79,86.79,86.72,86.735,11
2026-05-12 05:02,86.8,86.8,86.74,86.75,6
2026-05-12 05:03,86.805,86.815,86.785,86.815,6
2026-05-12 05:04,86.835,86.835,86.82,86.82,10
2026-05-12 05:05,86.87,86.87,86.835,86.85,6
2026-05-12 05:06,86.815,86.885,86.815,86.885,8
2026-05-12 05:07,86.775,86.79,86.73,86.765,10
2026-05-12 05:08,86.615,86.76,86.585,86.76,46
2026-05-12 05:09,86.58,86.62,86.53,86.615,37
2026-05-12 05:10,86.535,86.565,86.535,86.565,24
2026-05-12 05:11,86.45,86.57,86.45,86.57,30
2026-05-12 05:12,86.335,86.46,86.31,86.455,126
2026-05-12 05:13,86.445,86.46,86.315,86.345,40
2026-05-12 05:14,86.44,86.48,86.41,86.435,23
2026-05-12 05:15,86.485,86.51,86.46,86.46,34
2026-05-12 05:16,86.485,86.515,86.465,86.465,10
2026-05-12 05:17,86.355,86.465,86.355,86.465,12
2026-05-12 05:18,86.355,86.375,86.32,86.375,25
2026-05-12 05:19,86.355,86.37,86.34,86.37,9
2026-05-12 05:20,86.535,86.535,86.395,86.395,11
2026-05-12 05:21,86.51,86.51,86.495,86.5,3
2026-05-12 05:22,86.44,86.455,86.405,86.405,9
2026-05-12 05:23,86.425,86.465,86.405,86.415,16
2026-05-12 05:24,86.45,86.53,86.45,86.465,24
2026-05-12 05:25,86.46,86.46,86.43,86.435,5
2026-05-12 05:26,86.43,86.47,86.43,86.47,7
2026-05-12 05:27,86.505,86.515,86.445,86.445,5
2026-05-12 05:28,86.48,86.48,86.465,86.47,3
2026-05-12 05:29,86.51,86.51,86.48,86.48,4
2026-05-12 05:30,86.72,86.72,86.425,86.49,61
2026-05-12 05:31,86.75,86.795,86.695,86.72,37
2026-05-12 05:32,86.705,86.83,86.7,86.745,29
2026-05-12 05:33,86.68,86.8,86.68,86.745,24
2026-05-12 05:34,86.32,86.655,86.2,86.655,162
2026-05-12 05:35,86.485,86.51,86.28,86.35,55
2026-05-12 05:36,86.325,86.455,86.285,86.455,25
2026-05-12 05:37,86.345,86.345,86.26,86.26,9
2026-05-12 05:38,86.37,86.37,86.245,86.26,18
2026-05-12 05:39,86.47,86.47,86.395,86.395,3
2026-05-12 05:40,86.375,86.415,86.365,86.415,7
2026-05-12 05:41,86.295,86.335,86.255,86.285,9
2026-05-12 05:42,86.225,86.285,86.215,86.285,27
2026-05-12 05:43,86.25,86.315,86.25,86.295,15
2026-05-12 05:44,86.32,86.32,86.215,86.215,11
2026-05-12 05:45,86.255,86.42,86.245,86.35,21
2026-05-12 05:46,86.245,86.305,86.205,86.305,27
2026-05-12 05:47,86.35,86.35,86.24,86.27,10
2026-05-12 05:48,86.28,86.36,86.28,86.36,16
2026-05-12 05:49,86.3,86.34,86.3,86.32,5
2026-05-12 05:50,86.23,86.305,86.215,86.305,18
2026-05-12 05:51,86.065,86.235,86.0,86.225,180
2026-05-12 05:52,86.085,86.16,86.05,86.065,42
2026-05-12 05:53,86.125,86.125,85.995,86.065,60
2026-05-12 05:54,85.95,86.16,85.9,86.145,102
2026-05-12 05:55,86.16,86.16,85.88,85.965,140
2026-05-12 05:56,86.25,86.26,86.14,86.185,61
2026-05-12 05:57,86.325,86.325,86.255,86.27,31
2026-05-12 05:58,86.235,86.355,86.225,86.34,17
2026-05-12 05:59,86.21,86.21,86.175,86.2,7
2026-05-12 06:00,85.865,86.215,85.785,86.215,188
2026-05-12 06:01,85.89,86.05,85.86,85.87,103
2026-05-12 06:02,85.855,85.915,85.8,85.905,35
2026-05-12 06:03,85.7,85.845,85.64,85.845,137
2026-05-12 06:04,85.735,85.755,85.685,85.7,39
2026-05-12 06:05,85.81,85.885,85.735,85.775,40
2026-05-12 06:06,85.75,85.825,85.71,85.82,60
2026-05-12 06:07,85.79,85.8,85.635,85.745,41
2026-05-12 06:08,85.7,85.81,85.68,85.805,40
2026-05-12 06:09,85.725,85.745,85.685,85.735,33
2026-05-12 06:10,85.55,85.705,85.525,85.695,125
2026-05-12 06:11,85.575,85.605,85.49,85.56,72
2026-05-12 06:12,85.6,85.675,85.565,85.64,36
2026-05-12 06:13,85.52,85.61,85.51,85.595,23
2026-05-12 06:14,85.545,85.545,85.45,85.54,88
2026-05-12 06:15,85.645,85.66,85.545,85.565,44
2026-05-12 06:16,85.57,85.645,85.52,85.645,31
2026-05-12 06:17,85.73,85.73,85.53,85.54,79
2026-05-12 06:18,85.78,85.81,85.705,85.74,45
2026-05-12 06:19,85.75,85.805,85.73,85.795,18
2026-05-12 06:20,85.79,85.795,85.725,85.725,25
2026-05-12 06:21,85.785,85.795,85.735,85.735,21
2026-05-12 06:22,85.65,85.79,85.65,85.79,12
2026-05-12 06:23,85.47,85.61,85.445,85.605,56
2026-05-12 06:24,85.45,85.515,85.45,85.475,23
2026-05-12 06:25,85.5,85.515,85.4,85.45,41
2026-05-12 06:26,85.39,85.51,85.36,85.51,30
2026-05-12 06:27,85.415,85.465,85.37,85.4,51
2026-05-12 06:28,85.405,85.43,85.37,85.415,40
2026-05-12 06:29,85.375,85.395,85.335,85.38,58
2026-05-12 06:30,85.41,85.41,85.345,85.385,82
2026-05-12 06:31,85.385,85.42,85.225,85.4,111
2026-05-12 06:32,85.305,85.4,85.26,85.38,32
2026-05-12 06:33,85.355,85.4,85.29,85.29,55
2026-05-12 06:34,85.4,85.455,85.36,85.36,37
2026-05-12 06:35,85.545,85.55,85.405,85.405,57
2026-05-12 06:36,85.43,85.51,85.395,85.51,36
2026-05-12 06:37,85.385,85.48,85.385,85.45,156
2026-05-12 06:38,85.325,85.325,85.215,85.315,64
2026-05-12 06:39,85.33,85.35,85.235,85.345,64
2026-05-12 06:40,85.24,85.285,85.2,85.285,27
2026-05-12 06:41,85.21,85.265,85.165,85.265,59
2026-05-12 06:42,85.08,85.17,85.08,85.17,79
2026-05-12 06:43,85.21,85.24,85.045,85.1,59
2026-05-12 06:44,85.17,85.215,85.13,85.17,42
2026-05-12 06:45,85.21,85.21,85.15,85.15,23
2026-05-12 06:46,85.32,85.32,85.23,85.23,35
2026-05-12 06:47,85.31,85.36,85.285,85.315,42
2026-05-12 06:48,85.205,85.31,85.185,85.295,28
2026-05-12 06:49,84.765,85.19,84.745,85.19,314
2026-05-12 06:50,84.64,84.805,84.605,84.79,243
2026-05-12 06:51,84.65,84.725,84.575,84.655,167
2026-05-12 06:52,84.525,84.66,84.46,84.645,274
2026-05-12 06:53,84.775,84.795,84.5,84.555,191
2026-05-12 06:54,84.715,84.785,84.64,84.76,62
2026-05-12 06:55,84.58,84.725,84.46,84.725,98
2026-05-12 06:56,84.525,84.6,84.525,84.555,28
2026-05-12 06:57,84.69,84.72,84.52,84.525,66
2026-05-12 06:58,84.9,84.925,84.715,84.715,163
2026-05-12 06:59,84.91,84.915,84.85,84.9,74
2026-05-12 07:00,84.745,84.98,84.705,84.875,124
2026-05-12 07:01,84.57,84.745,84.51,84.695,108
2026-05-12 07:02,84.465,84.55,84.43,84.55,39
2026-05-12 07:03,84.265,84.54,84.19,84.485,158
2026-05-12 07:04,84.21,84.295,84.15,84.285,100
2026-05-12 07:05,84.25,84.25,84.16,84.225,27
2026-05-12 07:06,84.54,84.555,84.22,84.25,117
2026-05-12 07:07,84.415,84.51,84.33,84.51,44
2026-05-12 07:08,84.52,84.52,84.43,84.43,32
2026-05-12 07:09,84.685,84.7,84.58,84.58,66
2026-05-12 07:10,84.69,84.715,84.625,84.675,53
2026-05-12 07:11,84.86,84.86,84.7,84.7,80
2026-05-12 07:12,84.795,84.855,84.785,84.85,18
2026-05-12 07:13,84.775,84.85,84.755,84.77,56
2026-05-12 07:14,84.815,84.825,84.745,84.77,15
2026-05-12 07:15,84.86,84.865,84.69,84.805,47
2026-05-12 07:16,84.9,84.9,84.845,84.875,17
2026-05-12 07:17,84.93,85.055,84.9,84.9,62
2026-05-12 07:18,84.99,85.035,84.92,84.92,59
2026-05-12 07:19,85.05,85.055,84.97,84.985,28
2026-05-12 07:20,84.94,85.06,84.92,85.045,21
2026-05-12 07:21,84.93,85.005,84.9,84.92,37
2026-05-12 07:22,84.925,84.945,84.92,84.945,7
2026-05-12 07:23,84.91,84.91,84.87,84.87,2
2026-05-12 07:24,84.85,84.925,84.85,84.91,25
2026-05-12 07:25,84.92,84.92,84.825,84.845,16
2026-05-12 07:26,84.83,84.9,84.72,84.9,33
2026-05-12 07:27,84.92,84.92,84.84,84.84,15
2026-05-12 07:28,84.88,84.915,84.855,84.915,6
2026-05-12 07:29,84.895,84.915,84.88,84.89,8
2026-05-12 07:30,84.88,84.92,84.835,84.92,10
2026-05-12 07:31,84.84,84.88,84.84,84.855,6
2026-05-12 07:32,84.83,84.83,84.8,84.83,6
2026-05-12 07:33,84.86,84.9,84.805,84.835,32
2026-05-12 07:34,84.865,84.905,84.865,84.87,20
2026-05-12 07:35,84.875,84.88,84.865,84.87,11
2026-05-12 07:36,84.865,84.865,84.825,84.86,10
2026-05-12 07:37,84.92,84.92,84.86,84.86,27
2026-05-12 07:38,84.79,84.955,84.79,84.93,29
2026-05-12 07:39,84.855,84.855,84.73,84.755,18
2026-05-12 07:40,84.865,84.91,84.86,84.91,10
2026-05-12 07:41,84.9,84.9,84.875,84.875,2
2026-05-12 07:42,84.92,84.94,84.91,84.91,18
2026-05-12 07:43,85.035,85.055,84.885,84.9,66
2026-05-12 07:44,84.96,85.035,84.955,85.035,52
2026-05-12 07:45,84.92,84.995,84.85,84.955,50
2026-05-12 07:46,84.93,84.93,84.88,84.92,18
2026-05-12 07:47,84.92,84.96,84.92,84.95,18
2026-05-12 07:48,84.88,84.92,84.88,84.92,7
2026-05-12 07:49,84.935,84.935,84.855,84.865,12
2026-05-12 07:50,84.98,84.98,84.815,84.9,64
2026-05-12 07:51,85.205,85.295,84.985,85.005,402
2026-05-12 07:52,85.215,85.225,85.135,85.19,72
2026-05-12 07:53,85.185,85.315,85.185,85.24,67
2026-05-12 07:54,85.245,85.355,85.125,85.175,60
2026-05-12 07:55,85.305,85.315,85.22,85.275,47
2026-05-12 07:56,85.36,85.36,85.27,85.3,26
2026-05-12 07:57,85.37,85.405,85.35,85.35,16
2026-05-12 07:58,85.28,85.4,85.28,85.36,33
2026-05-12 07:59,85.16,85.255,85.155,85.255,38
2026-05-12 08:00,85.295,85.31,85.16,85.16,104
2026-05-12 08:01,85.315,85.335,85.255,85.32,47
2026-05-12 08:02,85.41,85.41,85.3,85.3,24
2026-05-12 08:03,85.31,85.37,85.285,85.37,44
2026-05-12 08:04,85.3,85.345,85.3,85.315,6
2026-05-12 08:05,85.255,85.3,85.245,85.245,9
2026-05-12 08:06,85.105,85.215,85.07,85.215,74
2026-05-12 08:07,85.0,85.095,84.99,85.095,42
2026-05-12 08:08,84.99,85.04,84.95,85.01,72
2026-05-12 08:09,85.04,85.04,84.99,85.005,24
2026-05-12 08:10,84.92,85.045,84.905,85.045,32
2026-05-12 08:11,84.785,84.91,84.755,84.905,123
2026-05-12 08:12,84.91,84.91,84.79,84.79,16
2026-05-12 08:13,84.96,84.96,84.9,84.905,17
2026-05-12 08:14,84.88,84.955,84.865,84.93,18
2026-05-12 08:15,84.795,84.84,84.79,84.84,11
2026-05-12 08:16,84.805,84.855,84.795,84.795,16
2026-05-12 08:17,84.85,84.915,84.845,84.865,12
2026-05-12 08:18,84.93,84.93,84.89,84.89,2
2026-05-12 08:19,84.83,84.9,84.805,84.9,24
2026-05-12 08:20,84.935,84.935,84.855,84.855,15
2026-05-12 08:21,85.04,85.07,84.985,84.985,44
2026-05-12 08:22,85.06,85.07,84.99,85.07,15
2026-05-12 08:23,85.06,85.095,85.045,85.045,11
2026-05-12 08:24,85.0,85.12,85.0,85.105,34
2026-05-12 08:25,84.985,84.985,84.95,84.95,6
2026-05-12 08:26,85.01,85.025,84.975,84.975,5
2026-05-12 08:27,85.01,85.025,85.0,85.025,4
2026-05-12 08:28,85.02,85.02,85.0,85.0,4
2026-05-12 08:29,84.975,85.02,84.955,85.02,13
2026-05-12 08:30,84.925,85.01,84.925,84.96,36
2026-05-12 08:31,84.895,84.935,84.845,84.9,15
2026-05-12 08:32,84.8,84.93,84.78,84.925,52
2026-05-12 08:33,84.82,84.85,84.765,84.765,29
2026-05-12 08:34,84.76,84.775,84.74,84.775,14
2026-05-12 08:35,84.77,84.82,84.76,84.765,27
2026-05-12 08:36,84.63,84.735,84.63,84.735,18
2026-05-12 08:37,84.715,84.72,84.655,84.655,5
2026-05-12 08:38,84.75,84.75,84.72,84.735,4
2026-05-12 08:39,84.82,84.83,84.72,84.72,23
2026-05-12 08:40,84.775,84.79,84.74,84.79,5
2026-05-12 08:41,84.84,84.84,84.765,84.785,16
2026-05-12 08:42,84.8,84.83,84.8,84.83,3
2026-05-12 08:43,84.87,84.87,84.87,84.87,3
2026-05-12 08:44,84.875,84.875,84.835,84.835,2
2026-05-12 08:45,85.07,85.07,84.775,84.82,52
2026-05-12 08:46,84.955,85.045,84.935,85.045,19
2026-05-12 08:47,84.955,84.99,84.95,84.95,10
2026-05-12 08:48,84.955,84.99,84.955,84.99,8
2026-05-12 08:49,84.945,84.945,84.9,84.915,44
2026-05-12 08:50,84.895,84.91,84.88,84.9,10
2026-05-12 08:51,84.965,84.97,84.9,84.9,10
2026-05-12 08:52,84.92,84.925,84.92,84.925,4
2026-05-12 08:54,84.92,84.955,84.905,84.925,6
2026-05-12 08:55,84.925,84.94,84.925,84.94,6
2026-05-12 08:56,84.86,84.865,84.86,84.865,9
2026-05-12 08:57,84.915,84.915,84.91,84.91,2
2026-05-12 08:58,84.98,84.98,84.95,84.95,5
2026-05-12 08:59,84.975,84.995,84.975,84.995,2
2026-05-12 09:00,84.95,85.01,84.935,84.975,21
2026-05-12 09:01,84.88,84.95,84.88,84.95,10
2026-05-12 09:02,84.945,84.945,84.85,84.855,8
2026-05-12 09:03,84.96,84.975,84.945,84.975,4
2026-05-12 09:04,84.9,84.925,84.9,84.92,3
2026-05-12 09:05,84.8,84.88,84.78,84.88,24
2026-05-12 09:06,84.765,84.8,84.755,84.765,10
2026-05-12 09:07,84.78,84.78,84.76,84.76,7
2026-05-12 09:08,84.83,84.83,84.76,84.78,16
2026-05-12 09:09,84.79,84.79,84.76,84.78,4
2026-05-12 09:10,84.905,84.905,84.815,84.815,7
2026-05-12 09:11,84.865,84.925,84.865,84.925,7
2026-05-12 09:12,84.805,84.865,84.805,84.865,4
2026-05-12 09:13,84.775,84.805,84.765,84.805,6
2026-05-12 09:14,84.74,84.8,84.74,84.785,9
2026-05-12 09:15,84.75,84.755,84.725,84.725,7
2026-05-12 09:16,84.77,84.77,84.77,84.77,2
2026-05-12 09:17,84.76,84.76,84.73,84.73,4
2026-05-12 09:18,84.84,84.84,84.76,84.76,30
2026-05-12 09:19,84.765,84.81,84.765,84.81,3
2026-05-12 09:20,84.745,84.745,84.73,84.73,3
2026-05-12 09:21,84.69,84.71,84.64,84.7,23
2026-05-12 09:22,84.66,84.675,84.625,84.635,22
2026-05-12 09:23,84.745,84.745,84.64,84.64,18
2026-05-12 09:24,84.75,84.75,84.725,84.725,2
2026-05-12 09:25,84.705,84.74,84.705,84.74,4
2026-05-12 09:26,84.66,84.7,84.63,84.7,4
2026-05-12 09:27,84.615,84.73,84.565,84.695,49
2026-05-12 09:28,84.61,84.65,84.6,84.63,10
2026-05-12 09:29,84.68,84.68,84.545,84.585,32
2026-05-12 09:30,84.91,84.975,84.7,84.7,81
2026-05-12 09:31,84.835,84.91,84.77,84.91,18
2026-05-12 09:32,84.885,84.885,84.87,84.87,2
2026-05-12 09:33,85.005,85.015,84.855,84.865,84
2026-05-12 09:34,84.91,85.11,84.905,85.03,41
2026-05-12 09:35,84.855,84.935,84.855,84.905,17
2026-05-12 09:36,84.8,84.875,84.8,84.875,17
2026-05-12 09:37,84.815,84.83,84.81,84.81,4
2026-05-12 09:38,84.82,84.82,84.805,84.815,3
2026-05-12 09:39,84.92,84.955,84.83,84.835,17
2026-05-12 09:40,84.905,84.905,84.89,84.89,11
2026-05-12 09:41,84.92,84.92,84.92,84.92,4
2026-05-12 09:42,84.855,84.88,84.82,84.88,43
2026-05-12 09:43,84.77,84.845,84.765,84.845,33
2026-05-12 09:44,84.72,84.795,84.685,84.78,95
2026-05-12 09:45,84.72,84.74,84.71,84.74,5
2026-05-12 09:46,84.705,84.71,84.695,84.705,9
2026-05-12 09:47,84.73,84.755,84.68,84.71,10
2026-05-12 09:48,84.79,84.79,84.755,84.755,17
2026-05-12 09:49,84.83,84.83,84.78,84.78,14
2026-05-12 09:50,84.85,84.88,84.835,84.835,34
2026-05-12 09:51,84.775,84.835,84.775,84.835,15
2026-05-12 09:52,84.725,84.785,84.72,84.785,10
2026-05-12 09:53,84.655,84.725,84.64,84.695,63
2026-05-12 09:54,84.6,84.63,84.56,84.615,46
2026-05-12 09:55,84.555,84.605,84.555,84.605,18
2026-05-12 09:56,84.65,84.69,84.58,84.58,26
2026-05-12 09:57,84.6,84.64,84.585,84.64,16
2026-05-12 09:58,84.635,84.665,84.625,84.64,13
2026-05-12 09:59,84.7,84.705,84.685,84.685,9
2026-05-12 10:00,84.78,84.78,84.675,84.68,24
2026-05-12 10:01,84.82,84.85,84.805,84.805,15
2026-05-12 10:02,84.815,84.85,84.795,84.85,49
2026-05-12 10:03,84.85,84.85,84.83,84.83,6
2026-05-12 10:04,84.96,84.96,84.85,84.85,42
2026-05-12 10:05,84.925,84.94,84.925,84.935,20
2026-05-12 10:06,84.93,84.94,84.88,84.94,36
2026-05-12 10:07,84.965,84.99,84.92,84.92,67
2026-05-12 10:08,85.05,85.05,84.985,84.99,20
2026-05-12 10:09,85.02,85.055,84.98,85.03,55
2026-05-12 10:10,85.08,85.08,85.02,85.02,29
2026-05-12 10:11,85.055,85.125,85.05,85.05,16
2026-05-12 10:12,85.145,85.145,85.075,85.075,16
2026-05-12 10:13,85.065,85.13,85.05,85.13,15
2026-05-12 10:14,85.09,85.09,85.05,85.05,123
2026-05-12 10:15,84.96,85.05,84.96,85.05,3
2026-05-12 10:16,84.77,84.93,84.745,84.91,36
2026-05-12 10:17,84.81,84.845,84.79,84.795,39
2026-05-12 10:18,84.84,84.845,84.805,84.845,34
2026-05-12 10:20,84.82,84.845,84.76,84.845,78
2026-05-12 10:21,84.855,84.855,84.835,84.835,4
2026-05-12 10:22,84.78,84.86,84.78,84.855,54
2026-05-12 10:23,84.78,84.79,84.775,84.775,5
2026-05-12 10:25,84.865,84.865,84.77,84.79,11
2026-05-12 10:26,84.8,84.85,84.77,84.85,20
2026-05-12 10:27,84.715,84.795,84.685,84.795,27
2026-05-12 10:28,84.795,84.8,84.795,84.795,8
2026-05-12 10:29,84.71,84.745,84.71,84.745,5
2026-05-12 10:30,84.485,84.71,84.42,84.71,82
2026-05-12 10:31,84.455,84.505,84.42,84.485,35
2026-05-12 10:32,84.355,84.48,84.32,84.48,74
2026-05-12 10:33,84.365,84.405,84.335,84.355,25
2026-05-12 10:34,84.445,84.55,84.355,84.355,74
2026-05-12 10:35,84.505,84.54,84.455,84.455,25
2026-05-12 10:36,84.6,84.6,84.44,84.52,35
2026-05-12 10:37,84.565,84.58,84.535,84.58,5
2026-05-12 10:38,84.525,84.58,84.525,84.565,22
2026-05-12 10:39,84.325,84.5,84.295,84.5,84
2026-05-12 10:40,84.4,84.4,84.285,84.345,62
2026-05-12 10:41,84.585,84.585,84.455,84.455,20
2026-05-12 10:42,84.495,84.57,84.495,84.57,25
2026-05-12 10:43,84.51,84.51,84.4,84.425,9
2026-05-12 10:44,84.395,84.48,84.395,84.45,16
2026-05-12 10:45,84.415,84.445,84.375,84.395,17
2026-05-12 10:46,84.42,84.45,84.42,84.45,2
2026-05-12 10:47,84.295,84.4,84.295,84.4,12
2026-05-12 10:48,84.31,84.35,84.25,84.3,23
2026-05-12 10:49,84.4,84.4,84.315,84.325,14
2026-05-12 10:50,84.45,84.495,84.365,84.38,28
2026-05-12 10:51,84.375,84.45,84.31,84.45,24
2026-05-12 10:52,84.44,84.48,84.375,84.38,43
2026-05-12 10:53,84.46,84.46,84.415,84.435,19
2026-05-12 10:54,84.455,84.46,84.42,84.42,25
2026-05-12 10:55,84.36,84.45,84.36,84.45,15
2026-05-12 10:56,84.335,84.375,84.325,84.375,26
2026-05-12 10:57,84.355,84.425,84.335,84.365,15
2026-05-12 10:58,84.32,84.36,84.315,84.35,26
2026-05-12 10:59,84.445,84.445,84.35,84.365,16
2026-05-12 11:00,84.36,84.54,84.335,84.48,73
2026-05-12 11:01,84.225,84.39,84.12,84.35,171
2026-05-12 11:02,84.21,84.26,84.175,84.225,31
2026-05-12 11:03,84.175,84.335,84.15,84.235,51
2026-05-12 11:04,84.225,84.24,84.16,84.2,33
2026-05-12 11:05,83.95,84.21,83.82,84.21,418
2026-05-12 11:06,84.115,84.145,83.885,83.95,88
2026-05-12 11:07,84.245,84.3,84.14,84.14,56
2026-05-12 11:08,84.265,84.265,84.15,84.22,43
2026-05-12 11:09,84.36,84.36,84.225,84.25,43
2026-05-12 11:10,84.3,84.69,84.3,84.385,122
2026-05-12 11:11,84.255,84.32,84.255,84.305,20
2026-05-12 11:12,84.215,84.345,84.215,84.295,22
2026-05-12 11:13,84.07,84.23,84.02,84.21,59
2026-05-12 11:14,84.125,84.125,84.04,84.05,18
2026-05-12 11:15,84.285,84.29,84.145,84.155,31
2026-05-12 11:16,84.24,84.345,84.21,84.285,23
2026-05-12 11:17,84.275,84.275,84.245,84.245,9
2026-05-12 11:18,84.285,84.285,84.16,84.255,18
2026-05-12 11:19,84.32,84.32,84.265,84.3,50
2026-05-12 11:20,84.225,84.3,84.225,84.3,12
2026-05-12 11:21,84.205,84.255,84.185,84.255,13
2026-05-12 11:22,84.195,84.205,84.11,84.175,28
2026-05-12 11:23,84.14,84.165,84.125,84.16,17
2026-05-12 11:24,84.06,84.13,83.995,84.13,45
2026-05-12 11:25,84.125,84.125,84.045,84.055,25
2026-05-12 11:26,84.115,84.13,84.085,84.085,7
2026-05-12 11:27,84.25,84.275,84.115,84.115,20
2026-05-12 11:28,84.28,84.32,84.215,84.245,8
2026-05-12 11:29,84.37,84.37,84.28,84.3,39
2026-05-12 11:30,84.39,84.45,84.35,84.35,62
2026-05-12 11:31,84.395,84.435,84.37,84.38,40
2026-05-12 11:32,84.4,84.45,84.4,84.41,16
2026-05-12 11:33,84.4,84.405,84.35,84.38,20
2026-05-12 11:34,84.37,84.435,84.37,84.4,7
2026-05-12 11:35,84.52,84.52,84.39,84.39,53
2026-05-12 11:36,84.48,84.5,84.47,84.48,17
2026-05-12 11:37,84.4,84.505,84.4,84.505,14
2026-05-12 11:38,84.445,84.445,84.375,84.39,12
2026-05-12 11:39,84.545,84.55,84.5,84.5,17
2026-05-12 11:40,84.515,84.57,84.515,84.56,52
2026-05-12 11:41,84.605,84.635,84.515,84.52,69
2026-05-12 11:42,84.575,84.615,84.545,84.58,55
2026-05-12 11:43,84.67,84.67,84.565,84.565,23
2026-05-12 11:44,84.645,84.72,84.645,84.67,43
2026-05-12 11:45,84.725,84.725,84.605,84.64,23
2026-05-12 11:46,84.69,84.7,84.675,84.7,9
2026-05-12 11:47,84.635,84.665,84.595,84.665,18
2026-05-12 11:48,84.655,84.655,84.635,84.645,8
2026-05-12 11:49,84.615,84.685,84.615,84.675,19
2026-05-12 11:50,84.615,84.635,84.59,84.635,17
2026-05-12 11:51,84.615,84.645,84.615,84.645,5
2026-05-12 11:52,84.625,84.63,84.525,84.63,20
2026-05-12 11:53,84.665,84.665,84.595,84.625,35
2026-05-12 11:54,84.835,84.855,84.66,84.67,93
2026-05-12 11:55,84.86,84.86,84.775,84.81,31
2026-05-12 11:56,84.85,84.89,84.815,84.855,41
2026-05-12 11:57,84.865,84.88,84.785,84.82,21
2026-05-12 11:58,84.86,84.905,84.86,84.89,19
2026-05-12 11:59,84.87,84.87,84.795,84.8,20
2026-05-12 12:00,84.76,84.895,84.76,84.87,52
2026-05-12 12:01,84.735,84.79,84.735,84.765,32
2026-05-12 12:02,84.685,84.755,84.67,84.69,40
2026-05-12 12:03,84.65,84.725,84.65,84.685,164
2026-05-12 12:04,84.575,84.65,84.535,84.65,48
2026-05-12 12:05,84.575,84.62,84.525,84.59,39
2026-05-12 12:06,84.45,84.575,84.38,84.56,67
2026-05-12 12:07,84.345,84.415,84.315,84.39,44
2026-05-12 12:08,84.26,84.35,84.25,84.34,57
2026-05-12 12:09,84.3,84.315,84.23,84.28,25
2026-05-12 12:10,84.325,84.335,84.275,84.275,19
2026-05-12 12:11,84.345,84.345,84.235,84.325,17
2026-05-12 12:12,84.375,84.435,84.355,84.355,41
2026-05-12 12:13,84.37,84.375,84.33,84.36,18
2026-05-12 12:14,84.37,84.4,84.33,84.35,49
2026-05-12 12:15,84.595,84.645,84.325,84.35,103
2026-05-12 12:16,84.62,84.635,84.545,84.625,39
2026-05-12 12:17,84.55,84.635,84.55,84.605,26
2026-05-12 12:18,84.595,84.635,84.53,84.53,66
2026-05-12 12:19,84.62,84.705,84.6,84.6,71
2026-05-12 12:20,84.7,84.77,84.605,84.605,76
2026-05-12 12:21,84.6,84.67,84.535,84.65,64
2026-05-12 12:22,84.435,84.64,84.435,84.61,54
2026-05-12 12:23,84.49,84.495,84.4,84.42,42
2026-05-12 12:24,84.33,84.475,84.305,84.475,44
2026-05-12 12:25,84.62,84.62,84.28,84.29,124
2026-05-12 12:26,84.6,84.63,84.55,84.6,96
2026-05-12 12:27,84.55,84.595,84.53,84.56,34
2026-05-12 12:28,84.59,84.615,84.525,84.525,39
2026-05-12 12:29,84.69,84.695,84.57,84.64,77
2026-05-12 12:30,84.375,84.74,84.355,84.6,95
2026-05-12 12:31,84.135,84.44,84.135,84.415,99
2026-05-12 12:32,84.26,84.305,84.04,84.145,123
2026-05-12 12:33,84.285,84.34,84.25,84.275,36
2026-05-12 12:34,84.32,84.4,84.245,84.265,66
2026-05-12 12:35,84.285,84.35,84.23,84.325,74
2026-05-12 12:36,84.46,84.47,84.245,84.295,111
2026-05-12 12:37,84.525,84.685,84.485,84.5,129
2026-05-12 12:38,84.67,84.69,84.565,84.585,68
2026-05-12 12:39,84.75,84.755,84.675,84.69,66
2026-05-12 12:40,84.77,84.83,84.63,84.71,73
2026-05-12 12:41,84.825,84.85,84.735,84.75,76
2026-05-12 12:42,84.98,85.03,84.835,84.835,254
2026-05-12 12:43,85.225,85.23,84.96,84.97,217
2026-05-12 12:44,85.025,85.195,85.01,85.195,96
2026-05-12 12:45,85.24,85.295,85.03,85.03,74
2026-05-12 12:46,85.26,85.38,85.195,85.26,86
2026-05-12 12:47,85.215,85.26,85.18,85.25,80
2026-05-12 12:48,85.2,85.25,85.175,85.205,32
2026-05-12 12:49,85.39,85.39,85.145,85.205,70
2026-05-12 12:50,85.305,85.4,85.29,85.37,70
2026-05-12 12:51,85.35,85.4,85.295,85.34,55
2026-05-12 12:52,85.47,85.58,85.375,85.375,195
2026-05-12 12:53,85.375,85.47,85.365,85.445,90
2026-05-12 12:54,85.43,85.465,85.38,85.385,23
2026-05-12 12:55,85.425,85.505,85.355,85.44,47
2026-05-12 12:56,85.195,85.39,85.195,85.385,57
2026-05-12 12:57,85.245,85.27,85.19,85.19,35
2026-05-12 12:58,85.215,85.3,85.185,85.27,36
2026-05-12 12:59,85.235,85.255,85.2,85.235,50
2026-05-12 13:00,85.54,85.545,85.185,85.205,259
2026-05-12 13:01,85.545,85.63,85.51,85.555,127
2026-05-12 13:02,85.58,85.66,85.5,85.54,154
2026-05-12 13:03,85.42,85.625,85.33,85.555,156
2026-05-12 13:04,85.225,85.485,85.195,85.43,137
2026-05-12 13:05,85.195,85.245,85.025,85.225,72
2026-05-12 13:06,85.23,85.235,85.105,85.195,50
2026-05-12 13:07,85.18,85.225,85.135,85.18,38
2026-05-12 13:08,85.26,85.3,85.195,85.195,49
2026-05-12 13:09,85.2,85.265,85.15,85.265,45
2026-05-12 13:10,85.13,85.235,85.1,85.21,40
2026-05-12 13:11,85.225,85.225,84.985,85.075,129
2026-05-12 13:12,85.09,85.225,85.045,85.215,40
2026-05-12 13:13,85.105,85.16,85.02,85.11,43
2026-05-12 13:14,85.135,85.145,85.015,85.09,72
2026-05-12 13:15,84.94,85.09,84.855,85.09,114
2026-05-12 13:16,84.73,84.94,84.695,84.925,121
2026-05-12 13:17,84.75,84.82,84.68,84.74,86
2026-05-12 13:18,84.85,84.91,84.67,84.74,97
2026-05-12 13:19,84.77,84.91,84.76,84.855,144
2026-05-12 13:20,84.775,84.85,84.75,84.785,74
2026-05-12 13:21,84.92,84.93,84.785,84.785,68
2026-05-12 13:22,85.0,85.025,84.875,84.93,95
2026-05-12 13:23,85.035,85.07,84.97,84.995,62
2026-05-12 13:24,85.1,85.13,84.92,85.0,75
2026-05-12 13:25,85.06,85.06,84.99,85.04,43
2026-05-12 13:26,85.05,85.1,84.96,85.04,62
2026-05-12 13:27,85.155,85.195,85.08,85.105,89
2026-05-12 13:28,85.2,85.25,85.155,85.16,53
2026-05-12 13:29,85.2,85.22,85.145,85.19,59
2026-05-12 13:30,85.3,85.3,85.15,85.2,137
2026-05-12 13:31,85.405,85.495,85.26,85.295,121
2026-05-12 13:32,85.34,85.42,85.26,85.4,81
2026-05-12 13:33,85.375,85.435,85.275,85.31,120
2026-05-12 13:34,85.38,85.38,85.235,85.335,95
2026-05-12 13:35,85.315,85.41,85.275,85.39,105
2026-05-12 13:36,85.445,85.475,85.345,85.345,124
2026-05-12 13:37,85.71,85.775,85.435,85.445,260
2026-05-12 13:38,85.78,85.83,85.685,85.715,250
2026-05-12 13:39,85.895,85.94,85.695,85.745,189
2026-05-12 13:40,85.84,85.92,85.805,85.895,116
2026-05-12 13:41,85.83,85.875,85.795,85.815,122
2026-05-12 13:42,85.965,85.975,85.81,85.84,157
2026-05-12 13:43,85.935,86.015,85.915,85.955,194
2026-05-12 13:44,85.93,86.01,85.825,85.945,132
2026-05-12 13:45,86.02,86.05,85.91,85.925,96
2026-05-12 13:46,85.835,86.03,85.79,86.02,206
2026-05-12 13:47,85.815,85.975,85.79,85.81,117
2026-05-12 13:48,85.6,85.86,85.6,85.845,133
2026-05-12 13:49,85.795,85.8,85.585,85.615,89
2026-05-12 13:50,85.685,85.735,85.6,85.695,66
2026-05-12 13:51,85.65,85.68,85.59,85.68,54
2026-05-12 13:52,85.645,85.655,85.58,85.655,46
2026-05-12 13:53,85.755,85.78,85.645,85.66,123
2026-05-12 13:54,85.71,85.75,85.71,85.745,15
2026-05-12 13:55,85.61,85.645,85.53,85.635,85
2026-05-12 13:56,85.445,85.61,85.4,85.61,106
2026-05-12 13:57,85.45,85.51,85.37,85.445,176
2026-05-12 13:58,85.185,85.42,85.17,85.42,156
2026-05-12 13:59,85.175,85.23,85.12,85.205,144
2026-05-12 14:00,85.16,85.23,85.0,85.185,192
2026-05-12 14:01,85.41,85.41,85.17,85.17,156
2026-05-12 14:02,85.545,85.57,85.355,85.375,129
2026-05-12 14:03,85.625,85.725,85.575,85.575,179
2026-05-12 14:04,85.63,85.67,85.53,85.61,71
2026-05-12 14:05,85.715,85.755,85.64,85.66,61
2026-05-12 14:06,85.555,85.69,85.55,85.69,66
2026-05-12 14:07,85.68,85.71,85.585,85.59,39
2026-05-12 14:08,85.71,85.74,85.655,85.7,38
2026-05-12 14:09,85.79,85.815,85.695,85.71,83
2026-05-12 14:10,85.73,85.855,85.72,85.795,54
2026-05-12 14:11,85.775,85.775,85.69,85.72,35
2026-05-12 14:12,85.865,85.915,85.765,85.765,82
2026-05-12 14:13,86.015,86.07,85.865,85.865,163
2026-05-12 14:14,86.055,86.13,86.015,86.015,167
2026-05-12 14:15,85.965,86.07,85.915,86.055,147
2026-05-12 14:16,85.76,85.99,85.72,85.98,79
2026-05-12 14:17,85.735,85.785,85.69,85.77,140
2026-05-12 14:18,85.63,85.81,85.6,85.745,139
2026-05-12 14:19,85.815,85.815,85.62,85.62,86
2026-05-12 14:20,85.91,85.91,85.77,85.825,73
2026-05-12 14:21,85.86,85.93,85.825,85.92,70
2026-05-12 14:22,85.81,85.94,85.77,85.86,29
2026-05-12 14:23,85.745,85.835,85.735,85.775,28
2026-05-12 14:24,85.795,85.81,85.7,85.725,43
2026-05-12 14:25,85.905,85.905,85.765,85.78,75
2026-05-12 14:26,85.785,85.905,85.76,85.88,62
2026-05-12 14:27,85.91,85.96,85.81,85.81,56
2026-05-12 14:28,85.735,85.92,85.71,85.92,84
2026-05-12 14:29,85.71,85.79,85.64,85.735,63
2026-05-12 14:30,85.5,85.695,85.45,85.695,160
2026-05-12 14:31,85.545,85.56,85.365,85.5,174
2026-05-12 14:32,85.43,85.64,85.425,85.555,134
2026-05-12 14:33,85.485,85.51,85.22,85.425,260
2026-05-12 14:34,85.71,85.72,85.47,85.485,126
2026-05-12 14:35,85.45,85.795,85.45,85.71,147
2026-05-12 14:36,85.525,85.555,85.435,85.435,76
2026-05-12 14:37,85.675,85.675,85.55,85.55,40
2026-05-12 14:38,85.705,85.78,85.66,85.66,46
2026-05-12 14:39,85.755,85.77,85.67,85.72,17
2026-05-12 14:40,85.64,85.77,85.615,85.745,36
2026-05-12 14:41,85.67,85.69,85.62,85.66,12
2026-05-12 14:42,85.675,85.675,85.615,85.665,35
2026-05-12 14:43,85.705,85.74,85.645,85.66,69
2026-05-12 14:44,85.68,85.715,85.67,85.715,10
2026-05-12 14:45,85.545,85.67,85.5,85.655,65
2026-05-12 14:46,85.505,85.55,85.475,85.53,49
2026-05-12 14:47,85.47,85.515,85.41,85.5,36
2026-05-12 14:48,85.44,85.49,85.44,85.44,24
2026-05-12 14:49,85.335,85.41,85.315,85.405,72
2026-05-12 14:50,85.24,85.355,85.23,85.315,85
2026-05-12 14:51,85.28,85.3,85.09,85.22,270
2026-05-12 14:52,85.31,85.355,85.245,85.245,76
2026-05-12 14:53,85.28,85.375,85.26,85.28,39
2026-05-12 14:54,85.36,85.375,85.255,85.27,59
2026-05-12 14:55,85.29,85.425,85.245,85.35,161
2026-05-12 14:56,85.175,85.28,85.155,85.28,87
2026-05-12 14:57,84.99,85.15,84.965,85.13,312
2026-05-12 14:58,85.025,85.07,84.905,85.02,257
2026-05-12 14:59,85.02,85.065,84.995,85.02,105
2026-05-12 15:00,84.96,85.125,84.895,85.01,86
2026-05-12 15:01,84.905,85.03,84.83,84.98,263
2026-05-12 15:02,84.86,84.93,84.72,84.885,145
2026-05-12 15:03,84.87,85.025,84.86,84.86,95
2026-05-12 15:04,85.01,85.01,84.88,84.91,46
2026-05-12 15:05,85.035,85.035,84.885,84.95,53
2026-05-12 15:06,84.96,85.07,84.945,85.035,53
2026-05-12 15:07,85.085,85.135,84.975,84.98,60
2026-05-12 15:08,85.01,85.135,84.95,85.075,54
2026-05-12 15:09,85.12,85.12,84.955,85.01,66
2026-05-12 15:10,85.105,85.105,85.03,85.105,77
2026-05-12 15:11,84.95,85.11,84.905,85.11,33
2026-05-12 15:12,84.84,84.93,84.75,84.93,96
2026-05-12 15:13,84.885,84.9,84.79,84.825,41
2026-05-12 15:14,84.715,84.855,84.715,84.855,56
2026-05-12 15:15,84.66,84.765,84.595,84.7,169
2026-05-12 15:16,84.59,84.665,84.525,84.655,157
2026-05-12 15:17,84.435,84.57,84.42,84.57,177
2026-05-12 15:18,84.4,84.47,84.31,84.44,210
2026-05-12 15:19,84.465,84.47,84.32,84.385,100
2026-05-12 15:20,84.315,84.47,84.295,84.455,78
2026-05-12 15:21,84.225,84.39,84.125,84.325,172
2026-05-12 15:22,83.865,84.245,83.855,84.21,305
2026-05-12 15:23,83.79,83.865,83.67,83.865,534
2026-05-12 15:24,83.845,83.92,83.685,83.81,261
2026-05-12 15:25,84.2,84.27,83.75,83.84,260
2026-05-12 15:26,84.255,84.32,84.16,84.19,170
2026-05-12 15:27,84.19,84.26,84.06,84.2,102
2026-05-12 15:28,84.11,84.305,84.11,84.23,55
2026-05-12 15:29,84.275,84.29,84.07,84.075,85
2026-05-12 15:30,84.28,84.385,84.265,84.265,119
2026-05-12 15:31,84.3,84.315,84.18,84.24,58
2026-05-12 15:32,84.485,84.485,84.3,84.33,124
2026-05-12 15:33,84.5,84.555,84.445,84.49,112
2026-05-12 15:34,84.58,84.645,84.455,84.485,93
2026-05-12 15:35,84.585,84.635,84.515,84.595,81
2026-05-12 15:36,84.595,84.6,84.51,84.58,34
2026-05-12 15:37,84.64,84.68,84.58,84.605,29
2026-05-12 15:38,84.765,84.78,84.66,84.66,41
2026-05-12 15:39,84.765,84.825,84.75,84.76,105
2026-05-12 15:40,84.69,84.81,84.69,84.765,81
2026-05-12 15:41,84.665,84.785,84.665,84.72,139
2026-05-12 15:42,84.73,84.73,84.64,84.66,59
2026-05-12 15:43,84.71,84.745,84.67,84.7,35
2026-05-12 15:44,84.745,84.775,84.715,84.755,34
2026-05-12 15:45,84.85,84.9,84.745,84.76,59
2026-05-12 15:46,84.705,84.86,84.695,84.85,171
2026-05-12 15:47,84.765,84.765,84.71,84.715,25
2026-05-12 15:48,84.745,84.81,84.72,84.73,30
2026-05-12 15:49,84.73,84.76,84.7,84.755,19
2026-05-12 15:50,84.69,84.76,84.615,84.725,49
2026-05-12 15:51,84.75,84.765,84.665,84.675,49
2026-05-12 15:52,84.81,84.82,84.75,84.755,42
2026-05-12 15:53,84.755,84.855,84.755,84.815,44
2026-05-12 15:54,84.825,84.865,84.755,84.78,47
2026-05-12 15:55,84.83,84.83,84.78,84.825,20
2026-05-12 15:56,84.86,84.88,84.82,84.835,73
2026-05-12 15:57,84.835,84.89,84.805,84.845,86
2026-05-12 15:58,84.865,84.89,84.81,84.82,95
2026-05-12 15:59,84.77,84.875,84.77,84.86,41
2026-05-12 16:00,84.94,84.95,84.7,84.805,98
2026-05-12 16:01,85.04,85.045,84.955,84.955,99
2026-05-12 16:02,85.08,85.08,84.98,85.03,57
2026-05-12 16:03,85.05,85.14,84.99,85.08,193
2026-05-12 16:04,85.07,85.11,85.05,85.085,44
2026-05-12 16:05,85.07,85.095,85.05,85.065,30
2026-05-12 16:06,85.05,85.085,85.05,85.075,12
2026-05-12 16:07,85.04,85.15,85.04,85.045,46
2026-05-12 16:08,85.035,85.07,84.975,85.04,88
2026-05-12 16:09,85.045,85.065,84.995,85.015,37
2026-05-12 16:10,85.035,85.06,84.98,85.025,66
2026-05-12 16:11,85.055,85.075,85.04,85.05,22
2026-05-12 16:12,85.06,85.07,85.045,85.055,18
2026-05-12 16:13,85.15,85.205,85.1,85.1,142
2026-05-12 16:14,85.145,85.155,85.12,85.155,11
2026-05-12 16:15,85.14,85.15,85.085,85.12,24
2026-05-12 16:16,85.165,85.21,85.15,85.15,53
2026-05-12 16:17,85.135,85.185,85.115,85.185,65
2026-05-12 16:18,85.14,85.14,85.11,85.135,12
2026-05-12 16:19,85.1,85.135,85.065,85.135,26
2026-05-12 16:20,85.09,85.11,85.055,85.09,30
2026-05-12 16:21,85.0,85.095,84.985,85.095,46
2026-05-12 16:22,85.02,85.06,84.99,85.0,378
2026-05-12 16:23,85.04,85.06,85.025,85.025,28
2026-05-12 16:24,85.08,85.08,85.02,85.045,27
2026-05-12 16:25,85.065,85.12,85.055,85.09,15
2026-05-12 16:26,85.02,85.065,85.015,85.045,39
2026-05-12 16:27,85.105,85.11,84.945,85.01,184
2026-05-12 16:28,85.105,85.14,85.095,85.1,32
2026-05-12 16:29,85.035,85.13,85.035,85.125,24
2026-05-12 16:30,85.025,85.05,85.01,85.05,10
2026-05-12 16:31,84.99,85.04,84.98,85.01,87
2026-05-12 16:32,85.095,85.115,84.95,85.0,264
2026-05-12 16:33,85.045,85.09,85.025,85.09,50
2026-05-12 16:34,85.09,85.09,85.055,85.065,11
2026-05-12 16:35,85.095,85.115,85.085,85.105,35
2026-05-12 16:36,85.16,85.17,85.115,85.115,42
2026-05-12 16:37,85.1,85.125,85.07,85.125,30
2026-05-12 16:38,85.075,85.075,85.05,85.075,13
2026-05-12 16:39,85.06,85.1,85.045,85.06,12
2026-05-12 16:40,85.07,85.115,85.06,85.06,15
2026-05-12 16:41,84.965,85.055,84.955,85.055,41
2026-05-12 16:42,84.925,84.97,84.915,84.97,30
2026-05-12 16:43,85.025,85.035,84.91,84.92,42
2026-05-12 16:44,84.97,85.035,84.965,85.025,23
2026-05-12 16:45,84.89,84.99,84.88,84.98,36
2026-05-12 16:46,84.91,84.92,84.82,84.9,36
2026-05-12 16:47,84.845,84.925,84.835,84.925,26
2026-05-12 16:48,84.805,84.855,84.795,84.845,17
2026-05-12 16:49,84.895,84.92,84.795,84.825,37
2026-05-12 16:50,84.96,84.96,84.88,84.905,18
2026-05-12 16:51,85.035,85.04,84.915,84.95,25
2026-05-12 16:52,84.965,85.055,84.955,85.03,36
2026-05-12 16:53,84.995,84.995,84.975,84.99,9
2026-05-12 16:54,84.9,84.985,84.89,84.985,17
2026-05-12 16:55,85.075,85.075,84.97,84.97,24
2026-05-12 16:56,85.235,85.245,85.1,85.1,68
2026-05-12 16:57,85.285,85.32,85.22,85.235,97
2026-05-12 16:58,85.285,85.315,85.27,85.275,33
2026-05-12 16:59,85.28,85.36,85.25,85.285,68
2026-05-12 17:00,85.41,85.415,85.3,85.3,96
2026-05-12 17:01,85.465,85.5,85.425,85.425,180
2026-05-12 17:02,85.515,85.52,85.465,85.465,53
2026-05-12 17:03,85.39,85.505,85.39,85.49,68
2026-05-12 17:04,85.4,85.45,85.39,85.4,71
2026-05-12 17:05,85.57,85.57,85.39,85.4,49
2026-05-12 17:06,85.665,85.695,85.495,85.585,158
2026-05-12 17:07,85.615,85.65,85.6,85.65,30
2026-05-12 17:08,85.565,85.625,85.555,85.615,68
2026-05-12 17:09,85.575,85.6,85.575,85.585,16
2026-05-12 17:10,85.555,85.58,85.51,85.575,146
2026-05-12 17:11,85.54,85.58,85.515,85.515,22
2026-05-12 17:12,85.525,85.55,85.47,85.515,51
2026-05-12 17:13,85.555,85.59,85.51,85.525,48
2026-05-12 17:14,85.585,85.6,85.525,85.595,37
2026-05-12 17:15,85.62,85.64,85.585,85.595,55
2026-05-12 17:16,85.675,85.705,85.6,85.62,53
2026-05-12 17:17,85.645,85.7,85.635,85.695,44
2026-05-12 17:18,85.68,85.7,85.62,85.655,35
2026-05-12 17:19,85.64,85.685,85.64,85.665,31
2026-05-12 17:20,85.65,85.68,85.63,85.66,48
2026-05-12 17:21,85.675,85.675,85.635,85.635,27
2026-05-12 17:22,85.735,85.765,85.69,85.695,56
2026-05-12 17:23,85.605,85.735,85.595,85.735,146
2026-05-12 17:24,85.615,85.65,85.5,85.6,645
2026-05-12 17:25,85.645,85.715,85.605,85.615,80
2026-05-12 17:26,85.645,85.645,85.6,85.635,23
2026-05-12 17:27,85.635,85.65,85.595,85.635,24
2026-05-12 17:28,85.65,85.655,85.62,85.64,17
2026-05-12 17:29,85.57,85.64,85.57,85.625,34
2026-05-12 17:30,85.55,85.615,85.53,85.595,44
2026-05-12 17:31,85.53,85.575,85.5,85.555,24
2026-05-12 17:32,85.6,85.605,85.515,85.525,45
2026-05-12 17:33,85.57,85.655,85.57,85.6,20
2026-05-12 17:34,85.625,85.635,85.615,85.625,8
2026-05-12 17:35,85.56,85.615,85.545,85.605,14
2026-05-12 17:36,85.62,85.625,85.57,85.57,26
2026-05-12 17:37,85.615,85.64,85.59,85.6,64
2026-05-12 17:38,85.74,85.76,85.595,85.6,38
2026-05-12 17:39,85.815,85.83,85.74,85.765,57
2026-05-12 17:40,85.86,85.865,85.79,85.805,53
2026-05-12 17:41,85.825,85.85,85.795,85.83,19
2026-05-12 17:42,85.855,85.86,85.835,85.84,15
2026-05-12 17:43,85.9,85.93,85.87,85.875,48
2026-05-12 17:44,85.93,85.955,85.895,85.895,41
2026-05-12 17:45,85.95,85.98,85.905,85.94,26
2026-05-12 17:46,85.86,85.93,85.86,85.92,44
2026-05-12 17:47,85.905,85.905,85.85,85.875,21
2026-05-12 17:48,85.875,85.91,85.865,85.91,10
2026-05-12 17:49,85.815,85.87,85.805,85.865,43
2026-05-12 17:50,85.745,85.835,85.745,85.835,31
2026-05-12 17:51,85.735,85.79,85.73,85.75,35
2026-05-12 17:52,85.74,85.76,85.74,85.76,10
2026-05-12 17:53,85.82,85.855,85.725,85.74,42
2026-05-12 17:54,85.835,85.835,85.805,85.825,6
2026-05-12 17:55,85.8,85.85,85.78,85.85,8
2026-05-12 17:56,85.765,85.79,85.76,85.79,5
2026-05-12 17:57,85.79,85.79,85.74,85.74,8
2026-05-12 17:58,85.725,85.745,85.725,85.745,4
2026-05-12 17:59,85.72,85.755,85.685,85.725,37
2026-05-12 18:00,85.76,85.775,85.7,85.72,14
2026-05-12 18:01,85.89,85.935,85.775,85.775,60
2026-05-12 18:02,85.795,85.91,85.69,85.885,131
2026-05-12 18:03,85.755,85.82,85.755,85.805,36
2026-05-12 18:04,85.635,85.76,85.635,85.74,55
2026-05-12 18:05,85.67,85.67,85.615,85.615,23
2026-05-12 18:06,85.665,85.665,85.66,85.66,7
2026-05-12 18:07,85.56,85.67,85.535,85.665,35
2026-05-12 18:08,85.605,85.64,85.56,85.56,67
2026-05-12 18:09,85.625,85.64,85.57,85.585,17
2026-05-12 18:10,85.65,85.66,85.63,85.645,12
2026-05-12 18:11,85.57,85.635,85.56,85.635,25
2026-05-12 18:12,85.575,85.61,85.55,85.55,14
2026-05-12 18:13,85.61,85.635,85.6,85.635,16
2026-05-12 18:14,85.695,85.695,85.6,85.6,25
2026-05-12 18:15,85.75,85.75,85.66,85.685,26
2026-05-12 18:16,85.755,85.78,85.735,85.755,35
2026-05-12 18:17,85.74,85.74,85.72,85.73,9
2026-05-12 18:18,85.765,85.765,85.73,85.73,9
2026-05-12 18:19,85.885,85.885,85.79,85.79,29
2026-05-12 18:20,85.935,85.98,85.835,85.855,52
2026-05-12 18:21,85.915,85.965,85.905,85.93,8
2026-05-12 18:22,85.945,85.955,85.9,85.945,19
2026-05-12 18:23,85.935,85.95,85.91,85.95,31
2026-05-12 18:24,85.95,85.97,85.925,85.925,23
2026-05-12 18:25,85.985,86.03,85.94,85.94,52
2026-05-12 18:26,86.005,86.04,85.975,86.0,26
2026-05-12 18:27,86.06,86.075,86.02,86.02,39
2026-05-12 18:28,86.085,86.13,86.06,86.06,83
2026-05-12 18:29,86.05,86.115,86.05,86.11,46
2026-05-12 18:30,86.085,86.085,86.035,86.045,15
2026-05-12 18:31,86.085,86.17,86.085,86.09,58
2026-05-12 18:32,86.2,86.2,86.12,86.13,71
2026-05-12 18:33,86.155,86.19,86.135,86.185,36
2026-05-12 18:34,86.25,86.25,86.165,86.165,30
2026-05-12 18:35,86.35,86.35,86.22,86.245,94
2026-05-12 18:36,86.375,86.42,86.34,86.355,43
2026-05-12 18:37,86.365,86.4,86.345,86.38,43
2026-05-12 18:38,86.375,86.42,86.365,86.365,69
2026-05-12 18:39,86.31,86.405,86.31,86.38,71
2026-05-12 18:40,86.37,86.38,86.295,86.295,8
2026-05-12 18:41,86.45,86.45,86.31,86.38,40
2026-05-12 18:42,86.46,86.605,86.45,86.45,110
2026-05-12 18:43,86.52,86.525,86.465,86.465,49
2026-05-12 18:44,86.575,86.59,86.5,86.5,47
2026-05-12 18:45,86.57,86.58,86.54,86.56,22
2026-05-12 18:46,86.515,86.545,86.495,86.545,45
2026-05-12 18:47,86.47,86.51,86.425,86.51,52
2026-05-12 18:48,86.405,86.465,86.405,86.465,8
2026-05-12 18:49,86.44,86.44,86.37,86.41,23
2026-05-12 18:50,86.545,86.55,86.44,86.46,44
2026-05-12 18:51,86.57,86.57,86.505,86.535,22
2026-05-12 18:52,86.725,86.725,86.56,86.56,52
2026-05-12 18:53,86.755,86.795,86.715,86.715,41
2026-05-12 18:54,86.735,86.79,86.73,86.775,31
2026-05-12 18:55,86.82,86.84,86.75,86.765,54
2026-05-12 18:56,86.79,86.83,86.775,86.81,29
2026-05-12 18:57,86.785,86.815,86.73,86.795,39
2026-05-12 18:58,86.805,86.86,86.78,86.78,59
2026-05-12 18:59,86.735,86.8,86.72,86.8,39
2026-05-12 19:00,86.85,86.865,86.755,86.755,36
2026-05-12 19:01,86.83,86.85,86.78,86.85,50
2026-05-12 19:02,86.885,86.91,86.83,86.83,48
2026-05-12 19:03,86.85,86.92,86.845,86.9,24
2026-05-12 19:04,86.89,86.895,86.875,86.875,4
2026-05-12 19:05,86.875,86.905,86.865,86.865,22
2026-05-12 19:06,86.915,86.92,86.855,86.875,43
2026-05-12 19:07,86.98,86.985,86.925,86.94,33
2026-05-12 19:08,86.985,87.01,86.96,86.985,68
2026-05-12 19:09,87.0,87.0,86.945,86.98,32
2026-05-12 19:10,86.96,87.015,86.96,87.0,44
2026-05-12 19:11,87.015,87.02,86.95,86.95,34
2026-05-12 19:12,87.11,87.125,87.02,87.02,64
2026-05-12 19:13,87.09,87.145,87.09,87.11,35
2026-05-12 19:14,86.96,87.09,86.95,87.09,88
2026-05-12 19:15,86.94,87.015,86.94,86.98,51
2026-05-12 19:16,86.82,86.935,86.815,86.925,97
2026-05-12 19:17,86.78,86.82,86.78,86.82,31
2026-05-12 19:18,86.91,86.915,86.82,86.82,20
2026-05-12 19:19,86.88,86.945,86.865,86.915,44
2026-05-12 19:20,86.825,86.925,86.815,86.905,18
2026-05-12 19:21,86.82,86.86,86.805,86.855,12
2026-05-12 19:22,86.745,86.815,86.645,86.815,206
2026-05-12 19:23,86.79,86.81,86.76,86.77,35
2026-05-12 19:24,86.795,86.85,86.795,86.805,11
2026-05-12 19:25,86.815,86.845,86.8,86.815,27
2026-05-12 19:26,86.91,86.925,86.81,86.81,30
2026-05-12 19:27,86.93,86.93,86.89,86.915,100
2026-05-12 19:28,86.87,86.92,86.865,86.92,34
2026-05-12 19:29,86.905,86.92,86.895,86.905,8
2026-05-12 19:30,86.975,86.985,86.915,86.935,67
2026-05-12 19:31,87.04,87.045,86.98,86.98,21
2026-05-12 19:32,87.135,87.135,86.985,87.03,42
2026-05-12 19:33,87.135,87.17,87.135,87.135,31
2026-05-12 19:34,87.21,87.24,87.12,87.12,56
2026-05-12 19:35,87.16,87.26,87.15,87.225,61
2026-05-12 19:36,87.215,87.225,87.205,87.205,46
2026-05-12 19:37,87.16,87.225,87.135,87.225,26
2026-05-12 19:38,87.17,87.225,87.17,87.225,16
2026-05-12 19:39,87.15,87.165,87.14,87.155,18
2026-05-12 19:40,87.15,87.15,87.105,87.15,49
2026-05-12 19:41,87.22,87.22,87.17,87.17,3
2026-05-12 19:42,87.18,87.205,87.175,87.205,9
2026-05-12 19:43,87.21,87.225,87.205,87.22,30
2026-05-12 19:44,87.225,87.27,87.22,87.225,73
2026-05-12 19:45,87.225,87.235,87.205,87.215,13
2026-05-12 19:46,87.25,87.25,87.21,87.225,28
2026-05-12 19:47,87.23,87.26,87.23,87.25,20
2026-05-12 19:48,87.27,87.27,87.2,87.215,26
2026-05-12 19:49,87.245,87.27,87.235,87.27,16
2026-05-12 19:50,87.245,87.28,87.2,87.25,112
2026-05-12 19:51,87.32,87.325,87.285,87.285,19
2026-05-12 19:52,87.33,87.34,87.285,87.3,19
2026-05-12 19:53,87.37,87.42,87.285,87.3,54
2026-05-12 19:54,87.37,87.4,87.34,87.35,47
2026-05-12 19:55,87.405,87.43,87.355,87.37,35
2026-05-12 19:56,87.44,87.46,87.395,87.395,30
2026-05-12 19:57,87.45,87.46,87.4,87.45,25
2026-05-12 19:58,87.435,87.455,87.36,87.435,40
2026-05-12 19:59,87.375,87.45,87.36,87.45,19
2026-05-12 20:00,87.445,87.45,87.36,87.375,28
2026-05-12 20:01,87.455,87.455,87.405,87.41,10
2026-05-12 20:02,87.33,87.45,87.33,87.425,30
2026-05-12 20:03,87.265,87.325,87.265,87.305,29
2026-05-12 20:04,87.3,87.3,87.25,87.275,17
2026-05-12 20:05,87.26,87.305,87.26,87.3,14
2026-05-12 20:06,87.295,87.3,87.28,87.28,16
2026-05-12 20:07,87.23,87.295,87.23,87.295,34
2026-05-12 20:08,87.21,87.25,87.21,87.245,32
2026-05-12 20:09,87.27,87.275,87.245,87.245,13
2026-05-12 20:10,87.255,87.265,87.255,87.265,8
2026-05-12 20:11,87.26,87.26,87.19,87.245,85
2026-05-12 20:12,87.3,87.32,87.26,87.26,26
2026-05-12 20:13,87.27,87.285,87.265,87.285,5
2026-05-12 20:14,87.3,87.3,87.27,87.275,5
2026-05-12 20:15,87.305,87.33,87.3,87.305,11
2026-05-12 20:16,87.31,87.31,87.3,87.3,2
2026-05-12 20:17,87.3,87.315,87.3,87.315,3
2026-05-12 20:18,87.4,87.4,87.33,87.33,9
2026-05-12 20:19,87.305,87.39,87.305,87.385,20
2026-05-12 20:20,87.275,87.305,87.27,87.305,11
2026-05-12 20:21,87.275,87.275,87.275,87.275,1
2026-05-12 20:22,87.245,87.28,87.245,87.27,7
2026-05-12 20:23,87.22,87.23,87.205,87.23,20
2026-05-12 20:24,87.225,87.225,87.195,87.215,12
2026-05-12 20:25,87.19,87.23,87.19,87.22,7
2026-05-12 20:26,87.235,87.235,87.19,87.195,9
2026-05-12 20:27,87.265,87.28,87.24,87.24,11
2026-05-12 20:28,87.27,87.27,87.265,87.27,7
2026-05-12 20:29,87.225,87.25,87.225,87.25,8
2026-05-12 20:30,87.215,87.25,87.215,87.25,4
2026-05-12 20:31,87.25,87.25,87.215,87.215,7
2026-05-12 20:33,87.255,87.28,87.22,87.22,5
2026-05-12 20:34,87.24,87.25,87.24,87.25,2
2026-05-12 20:35,87.205,87.24,87.195,87.24,9
2026-05-12 20:37,87.27,87.27,87.27,87.27,4
2026-05-12 20:38,87.245,87.255,87.24,87.255,3
2026-05-12 20:39,87.22,87.22,87.22,87.22,2
2026-05-12 20:40,87.235,87.255,87.21,87.215,10
2026-05-12 20:41,87.165,87.245,87.165,87.23,15
2026-05-12 20:42,87.17,87.175,87.13,87.15,19
2026-05-12 20:43,87.165,87.17,87.165,87.17,8
2026-05-12 20:44,87.215,87.22,87.21,87.21,4
2026-05-12 20:45,87.19,87.235,87.19,87.23,10
2026-05-12 20:46,87.185,87.185,87.185,87.185,1
2026-05-12 20:47,87.165,87.165,87.165,87.165,5
2026-05-12 20:48,87.225,87.225,87.195,87.195,5
2026-05-12 20:49,87.235,87.235,87.22,87.22,5
2026-05-12 20:50,87.245,87.27,87.235,87.26,9
2026-05-12 20:51,87.19,87.25,87.19,87.25,47
2026-05-12 20:52,87.195,87.195,87.195,87.195,1
2026-05-12 20:53,87.205,87.205,87.205,87.205,2
2026-05-12 20:54,87.14,87.195,87.13,87.195,20
2026-05-12 20:55,87.17,87.175,87.115,87.115,8
2026-05-12 20:56,87.16,87.19,87.155,87.155,5
2026-05-12 20:57,87.185,87.19,87.16,87.17,10
2026-05-12 20:58,87.175,87.185,87.16,87.165,11
2026-05-12 20:59,87.205,87.245,87.205,87.205,15
2026-05-12 22:00,87.31,87.48,87.31,87.32,0
2026-05-12 22:01,87.295,87.3,87.295,87.3,3
2026-05-12 22:02,87.405,87.405,87.265,87.295,24
2026-05-12 22:03,87.405,87.44,87.305,87.36,26
2026-05-12 22:04,87.565,87.57,87.42,87.42,63
2026-05-12 22:05,87.495,87.585,87.495,87.575,16
2026-05-12 22:06,87.46,87.53,87.46,87.46,11
2026-05-12 22:07,87.43,87.43,87.43,87.43,1
2026-05-12 22:08,87.345,87.42,87.34,87.42,11
2026-05-12 22:09,87.315,87.36,87.315,87.35,5
2026-05-12 22:10,87.36,87.36,87.335,87.36,4
2026-05-12 22:11,87.4,87.435,87.37,87.37,11
2026-05-12 22:12,87.405,87.405,87.405,87.405,1
2026-05-12 22:13,87.425,87.43,87.385,87.4,9
2026-05-12 22:14,87.435,87.455,87.435,87.445,3
2026-05-12 22:15,87.45,87.46,87.45,87.45,5
2026-05-12 22:17,87.47,87.47,87.47,87.47,1
2026-05-12 22:18,87.575,87.575,87.475,87.475,20
2026-05-12 22:19,87.525,87.575,87.525,87.575,25
2026-05-12 22:20,87.63,87.65,87.56,87.56,20
2026-05-12 22:21,87.615,87.65,87.61,87.65,8
2026-05-12 22:22,87.59,87.635,87.59,87.615,13
2026-05-12 22:23,87.615,87.645,87.58,87.59,11
2026-05-12 22:24,87.56,87.605,87.54,87.605,15
2026-05-12 22:25,87.565,87.565,87.52,87.555,10
2026-05-12 22:26,87.51,87.56,87.505,87.56,10
2026-05-12 22:27,87.535,87.54,87.5,87.5,29
2026-05-12 22:28,87.52,87.52,87.52,87.52,3
2026-05-12 22:29,87.59,87.595,87.545,87.545,14
2026-05-12 22:30,87.55,87.585,87.54,87.585,10
2026-05-12 22:31,87.55,87.585,87.55,87.585,11
2026-05-12 22:32,87.56,87.565,87.56,87.565,2
2026-05-12 22:33,87.6,87.62,87.6,87.62,3
2026-05-12 22:34,87.615,87.63,87.6,87.63,4
2026-05-12 22:35,87.59,87.615,87.565,87.565,9
2026-05-12 22:37,87.55,87.55,87.55,87.55,1
2026-05-12 22:38,87.59,87.59,87.59,87.59,1
2026-05-12 22:40,87.56,87.56,87.535,87.56,4
2026-05-12 22:41,87.505,87.52,87.505,87.52,2
2026-05-12 22:42,87.505,87.55,87.505,87.53,5
2026-05-12 22:43,87.52,87.52,87.5,87.5,8
2026-05-12 22:44,87.515,87.53,87.515,87.53,5
2026-05-12 22:45,87.525,87.525,87.525,87.525,1
2026-05-12 22:47,87.55,87.58,87.55,87.555,3
2026-05-12 22:49,87.53,87.545,87.52,87.52,7
2026-05-12 22:50,87.53,87.555,87.53,87.54,3
2026-05-12 22:52,87.53,87.53,87.53,87.53,1
2026-05-12 22:53,87.65,87.65,87.56,87.56,16
2026-05-12 22:54,87.64,87.68,87.64,87.655,12
2026-05-12 22:55,87.67,87.725,87.655,87.655,17
2026-05-12 22:56,87.615,87.65,87.615,87.65,16
2026-05-12 22:57,87.52,87.575,87.52,87.575,13
2026-05-12 22:58,87.49,87.525,87.48,87.525,12
2026-05-12 22:59,87.465,87.465,87.465,87.465,1
2026-05-12 23:00,87.48,87.485,87.45,87.465,7
2026-05-12 23:01,87.52,87.52,87.52,87.52,2
2026-05-12 23:02,87.51,87.52,87.5,87.5,4
2026-05-12 23:03,87.5,87.5,87.5,87.5,4
2026-05-12 23:04,87.525,87.525,87.48,87.48,2
2026-05-12 23:05,87.49,87.51,87.49,87.51,4
2026-05-12 23:06,87.485,87.485,87.485,87.485,1
2026-05-12 23:07,87.52,87.52,87.51,87.51,2
2026-05-12 23:08,87.595,87.595,87.53,87.53,4
2026-05-12 23:09,87.57,87.57,87.565,87.565,2
2026-05-12 23:10,87.48,87.525,87.475,87.5,10
2026-05-12 23:11,87.505,87.52,87.505,87.52,2
2026-05-12 23:12,87.49,87.49,87.49,87.49,1
2026-05-12 23:13,87.455,87.47,87.435,87.47,6
2026-05-12 23:14,87.43,87.455,87.425,87.435,10
2026-05-12 23:15,87.44,87.44,87.41,87.42,8
2026-05-12 23:16,87.42,87.42,87.42,87.42,1
2026-05-12 23:17,87.5,87.5,87.43,87.43,27
2026-05-12 23:18,87.475,87.48,87.475,87.48,2
2026-05-12 23:19,87.38,87.43,87.32,87.43,18
2026-05-12 23:20,87.36,87.38,87.35,87.365,6
2026-05-12 23:21,87.375,87.375,87.36,87.36,3
2026-05-12 23:22,87.445,87.455,87.39,87.39,5
2026-05-12 23:23,87.42,87.42,87.42,87.42,5
2026-05-12 23:24,87.515,87.515,87.48,87.48,10
2026-05-12 23:25,87.515,87.52,87.51,87.52,6
2026-05-12 23:26,87.52,87.52,87.52,87.52,2
2026-05-12 23:27,87.51,87.51,87.5,87.5,4
2026-05-12 23:28,87.52,87.53,87.5,87.5,5
2026-05-12 23:29,87.54,87.54,87.53,87.53,2
2026-05-12 23:30,87.5,87.5,87.5,87.5,1
2026-05-12 23:31,87.525,87.525,87.525,87.525,1
2026-05-12 23:32,87.55,87.575,87.535,87.575,11
2026-05-12 23:33,87.55,87.575,87.55,87.575,5
2026-05-12 23:34,87.57,87.57,87.54,87.545,10
2026-05-12 23:35,87.545,87.59,87.53,87.59,8
2026-05-12 23:36,87.56,87.56,87.525,87.525,2
2026-05-12 23:37,87.62,87.67,87.555,87.555,12
2026-05-12 23:38,87.725,87.725,87.635,87.635,19
2026-05-12 23:39,87.66,87.735,87.66,87.725,16
2026-05-12 23:40,87.65,87.68,87.65,87.68,4
2026-05-12 23:41,87.67,87.705,87.67,87.685,9
2026-05-12 23:42,87.7,87.725,87.63,87.675,41
2026-05-12 23:43,87.655,87.685,87.62,87.645,45
2026-05-12 23:44,87.775,87.785,87.675,87.675,92
2026-05-12 23:45,87.91,87.92,87.8,87.8,36
2026-05-12 23:46,87.88,87.9,87.835,87.9,51
2026-05-12 23:47,87.77,87.855,87.77,87.855,12
2026-05-12 23:48,87.695,87.715,87.665,87.715,35
2026-05-12 23:49,87.74,87.74,87.705,87.705,3
2026-05-12 23:50,87.665,87.705,87.665,87.705,6
2026-05-12 23:51,87.69,87.69,87.69,87.69,1
2026-05-12 23:52,87.675,87.68,87.61,87.64,23
2026-05-12 23:53,87.98,88.02,87.645,87.66,151
2026-05-12 23:54,87.925,87.98,87.88,87.98,21
2026-05-12 23:55,87.88,87.96,87.875,87.955,20
2026-05-12 23:56,87.885,87.885,87.825,87.85,11
2026-05-12 23:57,87.935,87.935,87.92,87.92,6
2026-05-12 23:58,87.89,87.96,87.89,87.96,3
2026-05-12 23:59,87.895,87.895,87.885,87.885,4
2026-05-13 00:00,87.81,88.01,87.81,87.86,141
2026-05-13 00:01,87.78,87.905,87.78,87.845,59
2026-05-13 00:02,87.905,87.93,87.7,87.74,30
2026-05-13 00:03,88.08,88.08,87.99,87.99,31
2026-05-13 00:04,88.13,88.355,88.015,88.07,488
2026-05-13 00:05,88.12,88.215,88.12,88.14,46
2026-05-13 00:06,88.035,88.14,88.02,88.12,50
2026-05-13 00:07,88.06,88.085,88.0,88.015,27
2026-05-13 00:08,88.035,88.05,87.935,87.96,21
2026-05-13 00:09,87.9,88.07,87.9,88.04,42
2026-05-13 00:10,88.03,88.03,87.86,87.87,158
2026-05-13 00:11,88.125,88.15,88.015,88.055,23
2026-05-13 00:12,88.075,88.145,88.075,88.12,14
2026-05-13 00:13,88.02,88.05,87.98,88.05,31
2026-05-13 00:14,87.92,88.03,87.915,88.03,4
2026-05-13 00:15,88.055,88.055,87.895,87.91,19
2026-05-13 00:16,88.06,88.06,88.06,88.06,1
2026-05-13 00:17,88.075,88.135,88.02,88.02,9
2026-05-13 00:18,88.125,88.125,88.07,88.07,7
2026-05-13 00:19,88.185,88.2,88.165,88.165,15
2026-05-13 00:20,88.18,88.235,88.125,88.205,21
2026-05-13 00:21,88.245,88.28,88.205,88.205,35
2026-05-13 00:22,88.26,88.26,88.205,88.22,19
2026-05-13 00:23,88.26,88.3,88.235,88.24,19
2026-05-13 00:24,88.21,88.22,88.13,88.2,26
2026-05-13 00:25,88.205,88.225,88.205,88.21,5
2026-05-13 00:26,88.27,88.28,88.245,88.245,9
2026-05-13 00:27,88.25,88.28,88.2,88.28,29
2026-05-13 00:28,88.115,88.22,88.1,88.19,17
2026-05-13 00:29,88.2,88.2,88.1,88.105,24
2026-05-13 00:30,88.27,88.27,88.235,88.245,23
2026-05-13 00:31,88.29,88.33,88.26,88.28,27
2026-05-13 00:32,88.195,88.235,88.195,88.235,26
2026-05-13 00:33,88.205,88.205,88.175,88.175,8
2026-05-13 00:34,88.21,88.21,88.21,88.21,1
2026-05-13 00:35,88.205,88.21,88.185,88.21,7
2026-05-13 00:36,88.03,88.17,88.03,88.17,36
2026-05-13 00:37,88.18,88.18,88.06,88.06,17
2026-05-13 00:38,88.12,88.18,88.12,88.18,11
2026-05-13 00:39,88.23,88.23,88.065,88.065,22
2026-05-13 00:40,88.375,88.44,88.235,88.255,55
2026-05-13 00:41,88.305,88.4,88.3,88.38,24
2026-05-13 00:42,88.31,88.33,88.275,88.32,12
2026-05-13 00:43,88.235,88.295,88.235,88.295,12
2026-05-13 00:44,88.22,88.235,88.195,88.235,10
2026-05-13 00:45,88.005,88.25,88.0,88.18,30
2026-05-13 00:46,88.085,88.085,88.02,88.02,4
2026-05-13 00:47,88.055,88.075,88.025,88.07,11
2026-05-13 00:48,88.05,88.05,88.05,88.05,2
2026-05-13 00:49,88.005,88.025,87.975,88.025,5
2026-05-13 00:50,87.98,88.02,87.965,88.02,12
2026-05-13 00:51,88.085,88.11,87.91,87.91,29
2026-05-13 00:52,87.985,88.06,87.985,88.06,26
2026-05-13 00:53,88.04,88.06,88.0,88.0,20
2026-05-13 00:54,88.055,88.055,87.96,87.985,36
2026-05-13 00:55,88.18,88.195,88.055,88.055,26
2026-05-13 00:56,88.21,88.265,88.185,88.2,46
2026-05-13 00:57,88.11,88.225,88.11,88.215,14
2026-05-13 00:58,88.115,88.155,88.11,88.14,10
2026-05-13 00:59,87.94,88.11,87.93,88.11,92
2026-05-13 01:00,88.235,88.33,87.84,87.965,310
2026-05-13 01:01,87.955,88.345,87.845,88.245,86
2026-05-13 01:02,88.31,88.315,87.9,87.945,76
2026-05-13 01:03,88.105,88.25,88.045,88.25,50
2026-05-13 01:04,88.075,88.18,88.055,88.14,26
2026-05-13 01:05,87.88,88.13,87.845,88.07,178
2026-05-13 01:06,87.875,87.94,87.82,87.9,55
2026-05-13 01:07,87.725,87.835,87.705,87.835,76
2026-05-13 01:08,88.02,88.13,87.745,87.745,67
2026-05-13 01:09,88.135,88.2,88.02,88.02,22
2026-05-13 01:10,88.36,88.39,88.105,88.11,57
2026-05-13 01:11,88.46,88.51,88.365,88.39,112
2026-05-13 01:12,88.545,88.58,88.485,88.495,72
2026-05-13 01:13,88.38,88.55,88.345,88.55,62
2026-05-13 01:14,88.29,88.385,88.22,88.375,74
2026-05-13 01:15,88.19,88.395,88.19,88.32,31
2026-05-13 01:16,88.095,88.23,88.095,88.185,18
2026-05-13 01:17,88.085,88.185,88.035,88.145,25
2026-05-13 01:18,88.12,88.12,87.935,88.065,48
2026-05-13 01:19,88.03,88.115,88.005,88.08,46
2026-05-13 01:20,87.925,88.02,87.905,88.02,24
2026-05-13 01:21,87.955,87.985,87.915,87.915,10
2026-05-13 01:22,87.965,88.0,87.965,88.0,5
2026-05-13 01:23,87.885,88.015,87.885,88.01,28
2026-05-13 01:24,87.885,87.89,87.82,87.89,17
2026-05-13 01:25,87.785,87.815,87.67,87.815,47
2026-05-13 01:26,87.86,87.88,87.75,87.75,22
2026-05-13 01:27,87.63,87.865,87.59,87.865,53
2026-05-13 01:28,87.575,87.7,87.57,87.655,48
2026-05-13 01:29,87.57,87.625,87.54,87.61,73
2026-05-13 01:30,87.71,87.715,87.52,87.54,45
2026-05-13 01:31,87.6,87.73,87.6,87.715,18
2026-05-13 01:32,87.58,87.62,87.5,87.535,68
2026-05-13 01:33,87.535,87.625,87.5,87.62,43
2026-05-13 01:34,87.55,87.595,87.53,87.55,22
2026-05-13 01:35,87.415,87.53,87.305,87.53,124
2026-05-13 01:36,87.55,87.57,87.325,87.415,129
2026-05-13 01:37,87.575,87.665,87.49,87.57,74
2026-05-13 01:38,87.56,87.58,87.455,87.57,41
2026-05-13 01:39,87.63,87.64,87.525,87.545,26
2026-05-13 01:40,87.71,87.76,87.615,87.635,40
2026-05-13 01:41,87.735,87.735,87.645,87.655,23
2026-05-13 01:42,87.91,87.91,87.7,87.72,113
2026-05-13 01:43,87.895,87.905,87.86,87.875,25
2026-05-13 01:44,87.825,87.91,87.77,87.875,54
2026-05-13 01:45,87.85,87.935,87.845,87.88,18
2026-05-13 01:46,87.85,87.865,87.805,87.86,9
2026-05-13 01:47,87.825,87.825,87.775,87.795,10
2026-05-13 01:48,87.835,87.865,87.78,87.865,10
2026-05-13 01:49,88.0,88.045,87.86,87.86,63
2026-05-13 01:50,87.945,88.0,87.945,87.995,11
2026-05-13 01:51,88.02,88.035,87.915,87.92,29
2026-05-13 01:52,87.805,88.03,87.795,88.03,17
2026-05-13 01:53,87.81,87.845,87.79,87.795,15
2026-05-13 01:54,87.765,87.81,87.765,87.79,14
2026-05-13 01:55,87.705,87.735,87.625,87.72,38
2026-05-13 01:56,87.65,87.69,87.65,87.685,13
2026-05-13 01:57,87.52,87.6,87.5,87.57,82
2026-05-13 01:58,87.575,87.62,87.55,87.55,12
2026-05-13 01:59,87.555,87.555,87.445,87.55,54
2026-05-13 02:00,87.635,87.645,87.53,87.53,18
2026-05-13 02:01,87.63,87.68,87.62,87.645,10
2026-05-13 02:02,87.785,87.785,87.675,87.675,19
2026-05-13 02:03,87.86,87.86,87.74,87.79,23
2026-05-13 02:04,87.905,87.955,87.84,87.84,9
2026-05-13 02:05,87.935,87.935,87.805,87.84,18
2026-05-13 02:06,87.87,87.98,87.82,87.94,30
2026-05-13 02:07,87.655,87.87,87.655,87.87,39
2026-05-13 02:08,87.56,87.68,87.535,87.665,86
2026-05-13 02:09,87.55,87.595,87.5,87.545,44
2026-05-13 02:10,87.555,87.59,87.49,87.525,34
2026-05-13 02:11,87.71,87.74,87.58,87.58,33
2026-05-13 02:12,87.725,87.765,87.725,87.735,7
2026-05-13 02:13,87.76,87.76,87.715,87.715,9
2026-05-13 02:14,87.635,87.705,87.635,87.695,28
2026-05-13 02:15,87.645,87.645,87.59,87.59,5
2026-05-13 02:16,87.7,87.73,87.7,87.73,2
2026-05-13 02:17,87.69,87.695,87.62,87.665,9
2026-05-13 02:18,87.56,87.69,87.56,87.67,28
2026-05-13 02:19,87.635,87.635,87.61,87.61,9
2026-05-13 02:20,87.64,87.68,87.64,87.645,8
2026-05-13 02:21,87.66,87.675,87.625,87.675,7
2026-05-13 02:22,87.73,87.73,87.625,87.625,6
2026-05-13 02:23,87.69,87.71,87.69,87.71,4
2026-05-13 02:24,87.725,87.74,87.695,87.715,6
2026-05-13 02:25,87.77,87.77,87.72,87.72,12
2026-05-13 02:26,87.725,87.825,87.725,87.815,29
2026-05-13 02:27,87.685,87.725,87.685,87.725,4
2026-05-13 02:28,87.58,87.64,87.58,87.64,12
2026-05-13 02:29,87.675,87.69,87.645,87.645,7
2026-05-13 02:30,87.5,87.695,87.485,87.695,61
2026-05-13 02:31,87.51,87.52,87.4,87.49,50
2026-05-13 02:32,87.415,87.52,87.35,87.495,68
2026-05-13 02:33,87.375,87.5,87.375,87.405,15
2026-05-13 02:34,87.425,87.435,87.39,87.405,11
2026-05-13 02:35,87.605,87.605,87.43,87.44,59
2026-05-13 02:36,87.5,87.59,87.49,87.59,19
2026-05-13 02:37,87.49,87.515,87.465,87.515,18
2026-05-13 02:38,87.61,87.61,87.505,87.535,8
2026-05-13 02:39,87.42,87.59,87.42,87.59,25
2026-05-13 02:40,87.455,87.465,87.41,87.41,7
2026-05-13 02:41,87.565,87.565,87.51,87.525,4
2026-05-13 02:43,87.36,87.445,87.33,87.44,36
2026-05-13 02:44,87.335,87.4,87.325,87.38,19
2026-05-13 02:45,87.31,87.38,87.28,87.37,27
2026-05-13 02:46,87.2,87.33,87.2,87.3,34
2026-05-13 02:47,87.105,87.19,87.05,87.19,148
2026-05-13 02:48,87.08,87.125,86.98,87.11,88
2026-05-13 02:49,87.145,87.165,87.05,87.05,26
2026-05-13 02:50,87.06,87.255,87.06,87.18,44
2026-05-13 02:51,87.06,87.08,87.04,87.04,14
2026-05-13 02:52,86.785,87.03,86.66,87.03,197
2026-05-13 02:53,86.75,86.84,86.715,86.815,62
2026-05-13 02:54,86.76,86.84,86.73,86.75,19
2026-05-13 02:55,86.835,86.89,86.74,86.74,27
2026-05-13 02:56,87.01,87.01,86.825,86.825,44
2026-05-13 02:57,86.98,86.995,86.915,86.965,18
2026-05-13 02:58,86.955,87.05,86.945,86.99,24
2026-05-13 02:59,86.905,87.015,86.9,87.015,8
2026-05-13 03:00,86.965,86.99,86.92,86.97,14
2026-05-13 03:01,86.905,87.02,86.905,86.975,14
2026-05-13 03:02,86.8,86.885,86.8,86.865,21
2026-05-13 03:03,86.91,86.91,86.785,86.785,14
2026-05-13 03:04,87.005,87.01,86.91,86.91,12
2026-05-13 03:05,87.01,87.02,86.99,87.02,7
2026-05-13 03:06,87.03,87.07,87.02,87.02,13
2026-05-13 03:07,86.915,87.015,86.85,87.015,14
2026-05-13 03:08,86.885,86.905,86.885,86.9,9
2026-05-13 03:09,86.885,86.915,86.845,86.915,5
2026-05-13 03:10,86.98,87.045,86.86,86.88,22
2026-05-13 03:11,86.98,86.98,86.97,86.97,2
2026-05-13 03:12,87.045,87.05,87.02,87.02,4
2026-05-13 03:13,87.115,87.115,87.065,87.065,19
2026-05-13 03:14,87.115,87.13,87.085,87.105,13
2026-05-13 03:15,87.13,87.165,87.105,87.105,16
2026-05-13 03:16,87.145,87.19,87.115,87.18,20
2026-05-13 03:17,87.045,87.135,87.015,87.135,33
2026-05-13 03:18,87.085,87.085,87.085,87.085,1
2026-05-13 03:19,87.21,87.245,87.15,87.155,18
2026-05-13 03:20,87.245,87.245,87.19,87.205,36
2026-05-13 03:21,87.27,87.28,87.24,87.25,23
2026-05-13 03:22,87.175,87.245,87.15,87.22,13
2026-05-13 03:23,87.195,87.195,87.15,87.15,2
2026-05-13 03:24,87.195,87.23,87.18,87.18,27
2026-05-13 03:25,87.2,87.24,87.155,87.175,41
2026-05-13 03:26,87.235,87.265,87.225,87.225,13
2026-05-13 03:27,87.295,87.3,87.29,87.29,7
2026-05-13 03:28,87.375,87.38,87.31,87.31,17
2026-05-13 03:29,87.28,87.35,87.255,87.35,7
2026-05-13 03:30,87.32,87.33,87.27,87.28,21
2026-05-13 03:31,87.34,87.34,87.27,87.295,11
2026-05-13 03:32,87.36,87.385,87.28,87.28,28
2026-05-13 03:33,87.51,87.57,87.385,87.385,88
2026-05-13 03:34,87.53,87.57,87.515,87.515,45
2026-05-13 03:35,87.595,87.595,87.485,87.565,34
2026-05-13 03:36,87.57,87.58,87.57,87.57,3
2026-05-13 03:37,87.615,87.625,87.56,87.58,22
2026-05-13 03:38,87.68,87.71,87.615,87.615,42
2026-05-13 03:39,87.635,87.65,87.625,87.65,8
2026-05-13 03:40,87.63,87.64,87.595,87.6,11
2026-05-13 03:41,87.595,87.63,87.59,87.615,25
2026-05-13 03:43,87.66,87.66,87.66,87.66,1
2026-05-13 03:44,87.605,87.63,87.605,87.605,4
2026-05-13 03:45,87.53,87.645,87.53,87.61,18
2026-05-13 03:46,87.655,87.685,87.565,87.565,24
2026-05-13 03:47,87.51,87.66,87.51,87.66,15
2026-05-13 03:48,87.54,87.615,87.5,87.525,21
2026-05-13 03:49,87.595,87.595,87.535,87.555,9
2026-05-13 03:50,87.53,87.635,87.5,87.63,34
2026-05-13 03:51,87.48,87.525,87.445,87.525,23
2026-05-13 03:52,87.495,87.535,87.45,87.475,18
2026-05-13 03:53,87.39,87.47,87.365,87.47,55
2026-05-13 03:54,87.385,87.385,87.35,87.38,10
2026-05-13 03:55,87.37,87.415,87.37,87.385,10
2026-05-13 03:56,87.345,87.365,87.345,87.355,3
2026-05-13 03:57,87.3,87.355,87.3,87.335,34
2026-05-13 03:58,87.275,87.305,87.275,87.3,7
2026-05-13 04:00,87.44,87.44,87.34,87.34,13
2026-05-13 04:01,87.395,87.415,87.395,87.415,3
2026-05-13 04:02,87.495,87.495,87.44,87.44,10
2026-05-13 04:03,87.495,87.5,87.495,87.5,3
2026-05-13 04:04,87.425,87.46,87.425,87.46,7
2026-05-13 04:05,87.47,87.47,87.44,87.44,2
2026-05-13 04:06,87.425,87.49,87.425,87.47,13
2026-05-13 04:07,87.41,87.415,87.36,87.415,12
2026-05-13 04:08,87.385,87.41,87.385,87.41,3
2026-05-13 04:09,87.39,87.405,87.37,87.405,5
2026-05-13 04:10,87.36,87.36,87.36,87.36,3
2026-05-13 04:11,87.415,87.415,87.355,87.37,5
2026-05-13 04:12,87.415,87.415,87.375,87.38,5
2026-05-13 04:13,87.435,87.435,87.435,87.435,2
2026-05-13 04:14,87.38,87.41,87.38,87.41,4
2026-05-13 04:16,87.345,87.425,87.345,87.42,9
2026-05-13 04:17,87.47,87.47,87.38,87.38,9
2026-05-13 04:18,87.44,87.465,87.44,87.465,3
2026-05-13 04:19,87.44,87.455,87.43,87.455,10
2026-05-13 04:20,87.46,87.485,87.435,87.45,29
2026-05-13 04:21,87.44,87.44,87.425,87.44,7
2026-05-13 04:22,87.415,87.43,87.415,87.43,4
2026-05-13 04:23,87.465,87.48,87.42,87.44,10
2026-05-13 04:24,87.465,87.465,87.44,87.46,4
2026-05-13 04:25,87.445,87.445,87.445,87.445,1
2026-05-13 04:26,87.375,87.435,87.365,87.435,9
2026-05-13 04:27,87.37,87.38,87.365,87.38,5
2026-05-13 04:28,87.355,87.405,87.355,87.405,6
2026-05-13 04:29,87.37,87.37,87.37,87.37,1
2026-05-13 04:30,87.335,87.35,87.335,87.35,4
2026-05-13 04:31,87.425,87.425,87.395,87.395,5
2026-05-13 04:32,87.355,87.395,87.355,87.395,5
2026-05-13 04:33,87.32,87.355,87.3,87.34,9
2026-05-13 04:34,87.235,87.295,87.215,87.29,41
2026-05-13 04:35,87.23,87.25,87.22,87.22,7
2026-05-13 04:36,87.175,87.195,87.155,87.195,21
2026-05-13 04:37,87.175,87.215,87.16,87.165,25
2026-05-13 04:38,87.185,87.21,87.185,87.19,7
2026-05-13 04:39,87.23,87.265,87.195,87.2,12
2026-05-13 04:40,87.1,87.19,87.1,87.19,12
2026-05-13 04:41,87.15,87.155,87.125,87.125,6
2026-05-13 04:42,87.17,87.17,87.17,87.17,1
2026-05-13 04:43,87.215,87.235,87.215,87.235,3
2026-05-13 04:44,87.155,87.2,87.155,87.2,8
2026-05-13 04:45,87.135,87.15,87.125,87.125,6
2026-05-13 04:46,87.145,87.165,87.135,87.165,4
2026-05-13 04:47,87.17,87.17,87.15,87.15,12
2026-05-13 04:48,87.2,87.205,87.2,87.205,8
2026-05-13 04:49,87.26,87.26,87.245,87.245,2
2026-05-13 04:51,87.155,87.205,87.155,87.205,7
2026-05-13 04:52,87.12,87.165,87.12,87.165,15
2026-05-13 04:53,87.115,87.115,87.11,87.11,6
2026-05-13 04:54,87.115,87.175,87.065,87.175,48
2026-05-13 04:55,87.16,87.17,87.14,87.17,19
2026-05-13 04:56,87.155,87.19,87.145,87.17,14
2026-05-13 04:57,87.1,87.135,87.1,87.135,18
2026-05-13 04:58,87.12,87.12,87.065,87.065,8
2026-05-13 04:59,87.125,87.16,87.12,87.12,9
2026-05-13 05:00,87.08,87.08,87.07,87.07,3
2026-05-13 05:01,87.075,87.1,87.06,87.1,25
2026-05-13 05:02,87.125,87.13,87.01,87.06,24
2026-05-13 05:03,87.235,87.235,87.155,87.16,16
2026-05-13 05:04,87.38,87.38,87.245,87.245,18
2026-05-13 05:05,87.41,87.41,87.36,87.4,4
2026-05-13 05:06,87.375,87.445,87.375,87.43,8
2026-05-13 05:07,87.33,87.41,87.305,87.41,28
2026-05-13 05:08,87.375,87.38,87.335,87.335,4
2026-05-13 05:09,87.35,87.375,87.31,87.35,25
2026-05-13 05:11,87.41,87.415,87.385,87.385,7
2026-05-13 05:12,87.355,87.435,87.355,87.435,5
2026-05-13 05:13,87.33,87.365,87.315,87.315,6
2026-05-13 05:14,87.335,87.335,87.335,87.335,1
2026-05-13 05:15,87.23,87.31,87.23,87.31,10
2026-05-13 05:16,87.2,87.25,87.2,87.225,9
2026-05-13 05:17,87.045,87.185,87.045,87.18,44
2026-05-13 05:18,86.985,87.055,86.985,87.04,36
2026-05-13 05:19,86.93,86.995,86.93,86.995,21
2026-05-13 05:20,87.04,87.06,86.98,86.98,14
2026-05-13 05:21,87.03,87.075,87.01,87.075,33
2026-05-13 05:22,87.105,87.105,87.07,87.08,5
2026-05-13 05:23,87.075,87.11,87.075,87.11,7
2026-05-13 05:24,86.91,87.07,86.91,87.07,24
2026-05-13 05:25,86.885,86.955,86.875,86.955,18
2026-05-13 05:26,86.91,86.95,86.91,86.95,4
2026-05-13 05:27,86.85,86.905,86.85,86.87,9
2026-05-13 05:28,86.895,86.935,86.85,86.85,21
2026-05-13 05:29,86.85,86.875,86.835,86.85,19
2026-05-13 05:30,86.57,86.85,86.33,86.825,339
2026-05-13 05:31,86.59,86.66,86.525,86.585,35
2026-05-13 05:32,86.495,86.61,86.46,86.61,34
2026-05-13 05:33,86.77,86.8,86.51,86.51,71
2026-05-13 05:34,86.755,86.805,86.735,86.755,44
2026-05-13 05:35,86.765,86.79,86.7,86.775,10
2026-05-13 05:36,86.845,86.905,86.81,86.82,23
2026-05-13 05:37,86.845,86.9,86.845,86.845,27
2026-05-13 05:38,86.835,86.835,86.785,86.785,7
2026-05-13 05:39,86.91,86.935,86.85,86.85,3
2026-05-13 05:40,86.95,86.95,86.93,86.93,3
2026-05-13 05:41,86.76,86.91,86.76,86.91,19
2026-05-13 05:42,86.72,86.775,86.675,86.725,33
2026-05-13 05:43,86.695,86.765,86.68,86.73,19
2026-05-13 05:44,86.71,86.8,86.7,86.7,18
2026-05-13 05:45,86.81,86.81,86.75,86.75,6
2026-05-13 05:46,86.75,86.84,86.74,86.83,9
2026-05-13 05:47,86.71,86.725,86.7,86.725,9
2026-05-13 05:48,86.745,86.785,86.695,86.745,22
2026-05-13 05:49,86.74,86.785,86.68,86.78,13
2026-05-13 05:50,86.755,86.795,86.745,86.77,9
2026-05-13 05:51,86.765,86.765,86.675,86.735,16
2026-05-13 05:52,86.85,86.92,86.845,86.845,12
2026-05-13 05:53,86.89,86.89,86.875,86.875,3
2026-05-13 05:54,86.905,86.905,86.905,86.905,2
2026-05-13 05:55,86.98,86.99,86.935,86.935,9
2026-05-13 05:56,87.08,87.08,86.965,86.975,10
2026-05-13 05:57,87.045,87.11,87.04,87.07,11
2026-05-13 05:58,87.11,87.12,87.045,87.055,9
2026-05-13 05:59,87.135,87.175,87.1,87.1,20
2026-05-13 06:00,87.16,87.185,87.13,87.15,23
2026-05-13 06:01,87.13,87.185,87.105,87.17,44
2026-05-13 06:02,87.095,87.115,87.08,87.09,9
2026-05-13 06:03,87.065,87.105,87.02,87.105,16
2026-05-13 06:04,87.325,87.325,87.095,87.115,79
2026-05-13 06:05,87.37,87.375,87.275,87.305,46
2026-05-13 06:06,87.285,87.385,87.275,87.365,40
2026-05-13 06:07,87.225,87.3,87.21,87.275,40
2026-05-13 06:08,87.325,87.345,87.19,87.19,33
2026-05-13 06:09,87.385,87.405,87.33,87.33,36
2026-05-13 06:10,87.31,87.335,87.295,87.335,4
2026-05-13 06:11,87.27,87.34,87.27,87.335,3
2026-05-13 06:12,87.35,87.4,87.35,87.35,8
2026-05-13 06:13,87.41,87.41,87.325,87.35,7
2026-05-13 06:14,87.405,87.405,87.36,87.375,11
2026-05-13 06:15,87.565,87.61,87.415,87.415,122
2026-05-13 06:16,87.575,87.595,87.545,87.56,45
2026-05-13 06:17,87.565,87.585,87.55,87.555,29
2026-05-13 06:18,87.595,87.655,87.595,87.6,41
2026-05-13 06:19,87.585,87.605,87.58,87.58,25
2026-05-13 06:20,87.44,87.51,87.425,87.5,32
2026-05-13 06:21,87.32,87.415,87.265,87.415,92
2026-05-13 06:22,87.395,87.395,87.34,87.34,13
2026-05-13 06:23,87.4,87.41,87.34,87.4,25
2026-05-13 06:24,87.465,87.49,87.42,87.42,29
2026-05-13 06:25,87.435,87.435,87.355,87.36,18
2026-05-13 06:26,87.37,87.45,87.365,87.45,10
2026-05-13 06:27,87.405,87.405,87.405,87.405,1
2026-05-13 06:28,87.365,87.41,87.36,87.38,11
2026-05-13 06:29,87.325,87.37,87.28,87.37,12
2026-05-13 06:30,87.33,87.35,87.28,87.285,17
2026-05-13 06:31,87.29,87.375,87.29,87.375,23
2026-05-13 06:32,87.34,87.34,87.31,87.325,7
2026-05-13 06:33,87.465,87.465,87.35,87.35,35
2026-05-13 06:34,87.45,87.52,87.435,87.47,21
2026-05-13 06:35,87.51,87.51,87.43,87.465,33
2026-05-13 06:36,87.455,87.485,87.42,87.485,17
2026-05-13 06:37,87.465,87.465,87.455,87.455,8
2026-05-13 06:38,87.42,87.435,87.395,87.42,12
2026-05-13 06:39,87.46,87.5,87.46,87.49,22
2026-05-13 06:40,87.42,87.505,87.4,87.445,34
2026-05-13 06:41,87.57,87.57,87.43,87.43,25
2026-05-13 06:42,87.52,87.555,87.5,87.555,18
2026-05-13 06:43,87.525,87.525,87.505,87.525,12
2026-05-13 06:44,87.525,87.57,87.525,87.555,46
2026-05-13 06:45,87.5,87.54,87.49,87.54,14
2026-05-13 06:46,87.405,87.54,87.405,87.505,13
2026-05-13 06:47,87.405,87.45,87.405,87.425,11
2026-05-13 06:48,87.475,87.475,87.45,87.46,5
2026-05-13 06:49,87.465,87.5,87.46,87.49,18
2026-05-13 06:50,87.275,87.46,87.275,87.46,29
2026-05-13 06:51,87.31,87.315,87.305,87.305,3
2026-05-13 06:52,87.23,87.315,87.205,87.29,31
2026-05-13 06:53,87.335,87.335,87.21,87.24,34
2026-05-13 06:54,87.225,87.285,87.225,87.285,12
2026-05-13 06:55,87.225,87.25,87.18,87.18,8
2026-05-13 06:56,87.245,87.28,87.245,87.255,9
2026-05-13 06:57,87.295,87.315,87.25,87.255,43
2026-05-13 06:58,87.32,87.355,87.285,87.35,31
2026-05-13 06:59,87.345,87.395,87.3,87.3,29
2026-05-13 07:00,87.485,87.505,87.31,87.315,55
2026-05-13 07:01,87.35,87.475,87.31,87.47,22
2026-05-13 07:02,87.31,87.36,87.305,87.36,36
2026-05-13 07:03,87.38,87.475,87.33,87.33,54
2026-05-13 07:04,87.345,87.38,87.335,87.38,6
2026-05-13 07:05,87.325,87.39,87.305,87.355,17
2026-05-13 07:06,87.315,87.35,87.31,87.335,7
2026-05-13 07:07,87.325,87.405,87.325,87.33,22
2026-05-13 07:08,87.325,87.35,87.325,87.35,8
2026-05-13 07:09,87.32,87.375,87.305,87.305,12
2026-05-13 07:10,87.25,87.32,87.25,87.305,51
2026-05-13 07:11,87.215,87.295,87.21,87.245,26
2026-05-13 07:12,87.235,87.26,87.22,87.22,12
2026-05-13 07:13,87.355,87.37,87.23,87.23,13
2026-05-13 07:14,87.4,87.42,87.375,87.405,30
2026-05-13 07:15,87.54,87.54,87.395,87.395,17
2026-05-13 07:16,87.55,87.6,87.52,87.525,33
2026-05-13 07:17,87.53,87.555,87.5,87.555,8
2026-05-13 07:18,87.53,87.555,87.52,87.545,15
2026-05-13 07:19,87.565,87.605,87.545,87.585,21
2026-05-13 07:20,87.625,87.625,87.555,87.555,46
2026-05-13 07:21,87.58,87.67,87.58,87.65,17
2026-05-13 07:22,87.53,87.565,87.465,87.565,28
2026-05-13 07:23,87.5,87.505,87.5,87.505,3
2026-05-13 07:24,87.435,87.515,87.405,87.515,17
2026-05-13 07:25,87.515,87.55,87.455,87.455,66
2026-05-13 07:26,87.47,87.505,87.47,87.505,3
2026-05-13 07:27,87.475,87.495,87.44,87.495,5
2026-05-13 07:28,87.515,87.535,87.48,87.49,24
2026-05-13 07:29,87.505,87.515,87.475,87.495,7
2026-05-13 07:30,87.4,87.51,87.38,87.51,13
2026-05-13 07:31,87.385,87.42,87.38,87.42,18
2026-05-13 07:32,87.365,87.365,87.315,87.36,13
2026-05-13 07:33,87.36,87.36,87.345,87.36,8
2026-05-13 07:35,87.45,87.45,87.385,87.42,13
2026-05-13 07:36,87.36,87.445,87.36,87.445,8
2026-05-13 07:37,87.37,87.37,87.37,87.37,3
2026-05-13 07:38,87.31,87.31,87.31,87.31,1
2026-05-13 07:39,87.285,87.32,87.285,87.29,12
2026-05-13 07:40,87.26,87.28,87.26,87.28,5
2026-05-13 07:41,87.34,87.345,87.34,87.345,2
2026-05-13 07:42,87.295,87.3,87.295,87.3,2
2026-05-13 07:43,87.35,87.35,87.285,87.285,20
2026-05-13 07:44,87.335,87.395,87.335,87.38,7
2026-05-13 07:45,87.38,87.38,87.335,87.34,10
2026-05-13 07:46,87.31,87.41,87.31,87.41,10
2026-05-13 07:47,87.255,87.29,87.235,87.285,10
2026-05-13 07:48,87.27,87.29,87.27,87.27,3
2026-05-13 07:49,87.2,87.235,87.15,87.235,26
2026-05-13 07:50,87.105,87.2,87.08,87.2,34
2026-05-13 07:51,87.1,87.12,87.095,87.12,21
2026-05-13 07:52,87.165,87.17,87.095,87.1,17
2026-05-13 07:53,87.145,87.17,87.13,87.13,10
2026-05-13 07:54,87.08,87.11,87.03,87.11,25
2026-05-13 07:55,87.12,87.135,87.075,87.075,10
2026-05-13 07:56,87.105,87.105,87.08,87.095,25
2026-05-13 07:57,87.055,87.135,87.03,87.13,19
2026-05-13 07:58,87.185,87.185,87.055,87.055,48
2026-05-13 07:59,87.23,87.26,87.185,87.185,22
2026-05-13 08:00,87.245,87.27,87.155,87.235,24
2026-05-13 08:01,87.25,87.27,87.25,87.25,7
2026-05-13 08:02,87.24,87.245,87.21,87.245,3
2026-05-13 08:03,87.24,87.255,87.22,87.22,4
2026-05-13 08:04,87.13,87.13,87.12,87.13,7
2026-05-13 08:05,87.165,87.175,87.165,87.175,2
2026-05-13 08:06,87.095,87.15,87.095,87.15,13
2026-05-13 08:07,87.235,87.235,87.11,87.14,15
2026-05-13 08:08,87.195,87.195,87.195,87.195,1
2026-05-13 08:09,87.24,87.24,87.215,87.235,3
2026-05-13 08:10,87.275,87.295,87.265,87.29,8
2026-05-13 08:11,87.265,87.295,87.265,87.275,3
2026-05-13 08:12,87.235,87.235,87.17,87.21,10
2026-05-13 08:13,87.245,87.245,87.19,87.225,3
2026-05-13 08:14,87.19,87.225,87.18,87.225,6
2026-05-13 08:15,87.195,87.225,87.195,87.215,5
2026-05-13 08:16,87.135,87.2,87.11,87.17,28
2026-05-13 08:17,87.125,87.18,87.125,87.16,32
2026-05-13 08:18,87.16,87.165,87.125,87.125,22
2026-05-13 08:19,87.105,87.12,87.095,87.12,11
2026-05-13 08:20,87.195,87.195,87.095,87.105,34
2026-05-13 08:21,87.18,87.2,87.165,87.2,5
2026-05-13 08:22,87.175,87.225,87.175,87.185,14
2026-05-13 08:23,87.16,87.185,87.14,87.17,20
2026-05-13 08:24,87.125,87.135,87.125,87.135,9
2026-05-13 08:25,87.1,87.1,87.09,87.095,5
2026-05-13 08:26,87.045,87.1,86.99,87.1,26
2026-05-13 08:27,86.94,87.055,86.94,87.04,40
2026-05-13 08:28,86.97,86.97,86.92,86.95,15
2026-05-13 08:29,87.02,87.02,86.895,86.93,42
2026-05-13 08:30,87.0,87.075,87.0,87.045,21
2026-05-13 08:31,87.03,87.03,87.03,87.03,3
2026-05-13 08:32,87.04,87.08,87.04,87.05,16
2026-05-13 08:33,87.06,87.06,87.045,87.05,4
2026-05-13 08:34,87.14,87.14,87.075,87.085,22
2026-05-13 08:35,87.165,87.21,87.165,87.2,6
2026-05-13 08:36,87.145,87.145,87.145,87.145,4
2026-05-13 08:37,87.17,87.185,87.17,87.185,7
2026-05-13 08:38,87.21,87.21,87.145,87.155,7
2026-05-13 08:39,87.175,87.205,87.15,87.19,6
2026-05-13 08:40,87.175,87.225,87.155,87.205,25
2026-05-13 08:41,87.135,87.14,87.08,87.085,17
2026-05-13 08:42,87.09,87.13,87.09,87.13,2
2026-05-13 08:43,86.97,87.095,86.97,87.095,28
2026-05-13 08:44,87.01,87.01,86.985,86.985,2
2026-05-13 08:45,87.03,87.04,87.02,87.02,4
2026-05-13 08:46,87.0,87.02,86.975,87.02,3
2026-05-13 08:47,87.005,87.005,86.985,86.985,5
2026-05-13 08:48,87.015,87.015,87.015,87.015,1
2026-05-13 08:49,86.97,87.02,86.94,87.02,8
2026-05-13 08:50,87.005,87.005,86.97,86.975,6
2026-05-13 08:51,87.01,87.025,87.005,87.005,6
2026-05-13 08:53,87.145,87.155,87.045,87.045,25
2026-05-13 08:54,87.225,87.225,87.13,87.155,17
2026-05-13 08:55,87.225,87.25,87.16,87.225,35
2026-05-13 08:56,87.18,87.25,87.18,87.25,6
2026-05-13 08:57,87.185,87.195,87.12,87.16,20
2026-05-13 08:58,87.215,87.215,87.17,87.17,4
2026-05-13 08:59,87.185,87.235,87.185,87.21,4
2026-05-13 09:00,87.18,87.21,87.165,87.165,7
2026-05-13 09:01,87.155,87.22,87.155,87.2,6
2026-05-13 09:02,87.215,87.215,87.17,87.17,2
2026-05-13 09:03,87.22,87.22,87.205,87.205,4
2026-05-13 09:04,87.185,87.185,87.17,87.17,2
2026-05-13 09:05,87.155,87.195,87.14,87.18,9
2026-05-13 09:06,87.13,87.18,87.13,87.18,4
2026-05-13 09:07,87.135,87.135,87.11,87.12,5
2026-05-13 09:08,87.165,87.165,87.145,87.145,5
2026-05-13 09:09,87.135,87.2,87.115,87.16,18
2026-05-13 09:10,87.115,87.13,87.11,87.11,7
2026-05-13 09:11,87.075,87.1,87.06,87.1,7
2026-05-13 09:12,87.085,87.085,87.085,87.085,1
2026-05-13 09:13,87.065,87.135,87.04,87.135,13
2026-05-13 09:14,86.96,87.01,86.96,87.01,7
2026-05-13 09:15,87.02,87.02,87.02,87.02,1
2026-05-13 09:16,86.955,86.985,86.955,86.97,9
2026-05-13 09:17,86.9,86.98,86.9,86.98,12
2026-05-13 09:18,86.895,86.93,86.89,86.895,16
2026-05-13 09:19,86.915,86.915,86.915,86.915,2
2026-05-13 09:20,86.98,86.98,86.915,86.915,6
2026-05-13 09:21,86.97,86.97,86.93,86.955,13
2026-05-13 09:22,86.945,86.965,86.875,86.965,19
2026-05-13 09:23,86.985,86.985,86.935,86.935,11
2026-05-13 09:24,86.93,86.95,86.895,86.94,25
2026-05-13 09:25,87.045,87.065,86.965,86.97,81
2026-05-13 09:26,87.115,87.19,87.085,87.105,98
2026-05-13 09:27,87.145,87.145,87.12,87.12,5
2026-05-13 09:28,87.12,87.125,87.075,87.125,15
2026-05-13 09:29,87.075,87.15,87.075,87.14,7
2026-05-13 09:30,87.005,87.075,87.005,87.075,10
2026-05-13 09:31,87.02,87.085,86.99,87.045,45
2026-05-13 09:32,87.19,87.19,87.085,87.085,10
2026-05-13 09:33,87.16,87.22,87.15,87.195,9
2026-05-13 09:34,87.15,87.18,87.125,87.18,16
2026-05-13 09:35,87.295,87.305,87.145,87.145,52
2026-05-13 09:36,87.275,87.335,87.275,87.305,28
2026-05-13 09:37,87.25,87.28,87.24,87.255,12
2026-05-13 09:38,87.29,87.29,87.22,87.22,20
2026-05-13 09:39,87.27,87.295,87.265,87.295,8
2026-05-13 09:40,87.27,87.305,87.25,87.305,6
2026-05-13 09:42,87.255,87.27,87.255,87.27,8
2026-05-13 09:43,87.27,87.27,87.26,87.26,2
2026-05-13 09:44,87.275,87.295,87.275,87.295,14
2026-05-13 09:45,87.35,87.36,87.305,87.32,15
2026-05-13 09:46,87.28,87.36,87.28,87.36,11
2026-05-13 09:47,87.285,87.32,87.285,87.32,3
2026-05-13 09:48,87.31,87.31,87.275,87.275,4
2026-05-13 09:49,87.35,87.35,87.35,87.35,7
2026-05-13 09:50,87.37,87.38,87.355,87.38,16
2026-05-13 09:51,87.46,87.465,87.385,87.385,26
2026-05-13 09:52,87.475,87.495,87.46,87.46,21
2026-05-13 09:53,87.565,87.565,87.46,87.46,49
2026-05-13 09:54,87.595,87.61,87.55,87.575,65
2026-05-13 09:55,87.58,87.62,87.58,87.62,3
2026-05-13 09:56,87.575,87.61,87.555,87.605,26
2026-05-13 09:57,87.595,87.6,87.575,87.575,16
2026-05-13 09:58,87.53,87.59,87.53,87.59,24
2026-05-13 09:59,87.53,87.545,87.53,87.545,12
2026-05-13 10:00,87.59,87.59,87.535,87.535,18
2026-05-13 10:01,87.565,87.595,87.565,87.585,10
2026-05-13 10:02,87.62,87.65,87.53,87.53,29
2026-05-13 10:03,87.61,87.65,87.59,87.62,26
2026-05-13 10:04,87.73,87.755,87.64,87.645,45
2026-05-13 10:05,87.755,87.755,87.705,87.715,24
2026-05-13 10:06,87.72,87.765,87.72,87.755,18
2026-05-13 10:07,87.735,87.735,87.695,87.71,6
2026-05-13 10:08,88.075,88.085,87.77,87.77,186
2026-05-13 10:09,88.2,88.235,88.04,88.075,85
2026-05-13 10:10,88.095,88.195,88.01,88.165,62
2026-05-13 10:11,88.06,88.15,88.035,88.095,50
2026-05-13 10:12,87.92,88.12,87.87,88.055,76
2026-05-13 10:13,87.94,88.01,87.92,87.95,24
2026-05-13 10:14,87.835,87.91,87.83,87.91,17
2026-05-13 10:15,87.72,87.825,87.72,87.825,38
2026-05-13 10:16,87.66,87.7,87.63,87.7,22
2026-05-13 10:17,87.665,87.705,87.655,87.69,46
2026-05-13 10:18,87.725,87.725,87.69,87.69,11
2026-05-13 10:19,87.68,87.745,87.68,87.73,26
2026-05-13 10:20,87.77,87.77,87.68,87.7,20
2026-05-13 10:21,87.825,87.825,87.78,87.8,26
2026-05-13 10:22,87.93,87.93,87.805,87.825,39
2026-05-13 10:23,87.87,87.93,87.87,87.925,14
2026-05-13 10:24,87.79,87.855,87.79,87.855,16
2026-05-13 10:25,87.78,87.805,87.765,87.805,9
2026-05-13 10:26,87.615,87.795,87.615,87.795,18
2026-05-13 10:27,87.62,87.65,87.6,87.6,22
2026-05-13 10:28,87.605,87.625,87.57,87.625,21
2026-05-13 10:29,87.675,87.715,87.63,87.63,10
2026-05-13 10:30,87.585,87.655,87.585,87.645,13
2026-05-13 10:31,87.64,87.675,87.585,87.595,26
2026-05-13 10:32,87.655,87.7,87.655,87.66,30
2026-05-13 10:33,87.54,87.7,87.52,87.645,32
2026-05-13 10:34,87.55,87.59,87.55,87.57,18
2026-05-13 10:35,87.555,87.58,87.52,87.55,21
2026-05-13 10:36,87.55,87.55,87.525,87.545,6
2026-05-13 10:37,87.52,87.54,87.52,87.54,9
2026-05-13 10:38,87.485,87.52,87.485,87.52,27
2026-05-13 10:39,87.505,87.515,87.505,87.515,2
2026-05-13 10:40,87.51,87.52,87.475,87.5,17
2026-05-13 10:41,87.54,87.54,87.5,87.5,4
2026-05-13 10:42,87.57,87.585,87.54,87.55,13
2026-05-13 10:43,87.52,87.61,87.51,87.605,15
2026-05-13 10:44,87.53,87.54,87.505,87.515,9
2026-05-13 10:45,87.495,87.53,87.495,87.53,4
2026-05-13 10:46,87.495,87.53,87.485,87.53,7
2026-05-13 10:47,87.5,87.52,87.485,87.485,4
2026-05-13 10:48,87.57,87.575,87.49,87.55,9
2026-05-13 10:49,87.55,87.595,87.55,87.57,6
2026-05-13 10:50,87.56,87.56,87.515,87.53,6
2026-05-13 10:51,87.52,87.6,87.52,87.6,9
2026-05-13 10:52,87.51,87.51,87.455,87.495,12
2026-05-13 10:53,87.51,87.51,87.49,87.5,4
2026-05-13 10:54,87.465,87.495,87.465,87.495,5
2026-05-13 10:55,87.47,87.48,87.455,87.48,5
2026-05-13 10:56,87.41,87.47,87.395,87.47,20
2026-05-13 10:57,87.47,87.47,87.4,87.4,3
2026-05-13 10:58,87.355,87.455,87.355,87.455,22
2026-05-13 10:59,87.395,87.395,87.365,87.37,9
2026-05-13 11:00,87.375,87.435,87.33,87.395,34
2026-05-13 11:01,87.48,87.585,87.41,87.44,53
2026-05-13 11:02,87.47,87.48,87.45,87.46,23
2026-05-13 11:03,87.365,87.46,87.365,87.46,13
2026-05-13 11:04,87.4,87.41,87.4,87.405,12
2026-05-13 11:05,87.355,87.425,87.335,87.42,42
2026-05-13 11:06,87.39,87.39,87.34,87.34,15
2026-05-13 11:07,87.44,87.47,87.4,87.4,16
2026-05-13 11:08,87.525,87.525,87.46,87.46,13
2026-05-13 11:09,87.5,87.515,87.5,87.5,6
2026-05-13 11:10,87.65,87.71,87.5,87.5,71
2026-05-13 11:11,87.655,87.665,87.635,87.655,16
2026-05-13 11:12,87.625,87.665,87.61,87.665,15
2026-05-13 11:13,87.625,87.655,87.625,87.625,7
2026-05-13 11:14,87.85,87.85,87.595,87.615,43
2026-05-13 11:15,87.76,87.865,87.74,87.845,31
2026-05-13 11:16,87.805,87.82,87.745,87.765,12
2026-05-13 11:17,87.74,87.785,87.74,87.765,15
2026-05-13 11:18,87.645,87.7,87.53,87.7,42
2026-05-13 11:19,87.69,87.7,87.67,87.67,5
2026-05-13 11:20,87.66,87.695,87.63,87.695,17
2026-05-13 11:21,87.73,87.73,87.67,87.67,16
2026-05-13 11:22,87.785,87.805,87.74,87.745,44
2026-05-13 11:23,87.81,87.835,87.785,87.81,10
2026-05-13 11:24,87.75,87.805,87.75,87.805,10
2026-05-13 11:25,87.74,87.74,87.74,87.74,3
2026-05-13 11:26,87.765,87.775,87.715,87.74,15
2026-05-13 11:27,87.8,87.81,87.735,87.75,11
2026-05-13 11:28,87.83,87.83,87.795,87.805,11
2026-05-13 11:29,87.805,87.845,87.775,87.84,14
2026-05-13 11:30,87.885,87.9,87.765,87.765,18
2026-05-13 11:31,87.96,87.99,87.91,87.91,57
2026-05-13 11:32,88.03,88.06,87.92,87.92,47
2026-05-13 11:33,88.13,88.13,87.94,88.055,48
2026-05-13 11:34,88.165,88.3,88.12,88.12,108
2026-05-13 11:35,88.285,88.31,88.165,88.195,87
2026-05-13 11:36,88.165,88.295,88.16,88.255,81
2026-05-13 11:37,88.14,88.175,88.115,88.175,17
2026-05-13 11:38,88.2,88.2,88.125,88.14,14
2026-05-13 11:39,88.2,88.23,88.165,88.165,28
2026-05-13 11:40,88.22,88.22,88.135,88.175,49
2026-05-13 11:41,88.19,88.235,88.155,88.22,25
2026-05-13 11:42,88.26,88.28,88.16,88.16,25
2026-05-13 11:43,88.255,88.275,88.23,88.235,12
2026-05-13 11:44,88.175,88.27,88.16,88.27,19
2026-05-13 11:45,88.31,88.32,88.18,88.18,87
2026-05-13 11:46,88.355,88.385,88.28,88.29,48
2026-05-13 11:47,88.25,88.345,88.25,88.335,24
2026-05-13 11:48,88.22,88.255,88.215,88.25,15
2026-05-13 11:49,88.08,88.2,88.08,88.185,27
2026-05-13 11:50,88.06,88.07,87.995,88.07,51
2026-05-13 11:51,88.025,88.03,87.97,88.03,37
2026-05-13 11:52,88.01,88.03,87.965,88.03,26
2026-05-13 11:53,88.065,88.065,88.0,88.0,8
2026-05-13 11:54,88.05,88.05,88.035,88.05,6
2026-05-13 11:55,87.975,88.04,87.955,88.04,17
2026-05-13 11:56,87.95,88.0,87.935,87.975,29
2026-05-13 11:57,87.925,87.96,87.915,87.935,13
2026-05-13 11:58,87.86,87.935,87.82,87.935,44
2026-05-13 11:59,87.865,87.87,87.845,87.845,23
2026-05-13 12:00,87.85,87.885,87.83,87.85,26
2026-05-13 12:01,87.795,87.85,87.705,87.85,55
2026-05-13 12:02,87.84,87.865,87.835,87.84,23
2026-05-13 12:03,87.885,87.885,87.835,87.84,13
2026-05-13 12:04,88.025,88.05,87.885,87.895,62
2026-05-13 12:05,88.025,88.025,87.95,88.01,32
2026-05-13 12:06,87.92,87.99,87.905,87.99,31
2026-05-13 12:07,87.915,87.965,87.905,87.945,30
2026-05-13 12:08,87.925,87.925,87.87,87.9,19
2026-05-13 12:09,87.85,87.88,87.845,87.88,9
2026-05-13 12:10,87.8,87.86,87.775,87.86,21
2026-05-13 12:11,87.805,87.84,87.79,87.805,50
2026-05-13 12:12,87.87,87.87,87.785,87.825,22
2026-05-13 12:13,87.835,87.875,87.835,87.875,57
2026-05-13 12:14,87.825,87.845,87.8,87.845,11
2026-05-13 12:15,87.76,87.82,87.73,87.82,25
2026-05-13 12:16,87.63,87.765,87.565,87.765,104
2026-05-13 12:17,87.625,87.645,87.56,87.625,70
2026-05-13 12:18,87.565,87.605,87.52,87.605,44
2026-05-13 12:19,87.415,87.565,87.405,87.565,45
2026-05-13 12:20,87.34,87.48,87.27,87.405,151
2026-05-13 12:21,87.345,87.36,87.18,87.32,96
2026-05-13 12:22,87.18,87.33,87.05,87.315,125
2026-05-13 12:23,87.31,87.315,87.175,87.175,50
2026-05-13 12:24,87.32,87.42,87.26,87.265,65
2026-05-13 12:25,87.415,87.415,87.305,87.33,64
2026-05-13 12:26,87.39,87.395,87.325,87.39,68
2026-05-13 12:27,87.435,87.435,87.335,87.365,54
2026-05-13 12:28,87.43,87.47,87.405,87.425,54
2026-05-13 12:29,87.46,87.51,87.395,87.435,46
2026-05-13 12:30,87.25,87.5,87.04,87.5,214
2026-05-13 12:31,87.205,87.28,87.095,87.24,94
2026-05-13 12:32,87.085,87.235,86.92,87.21,234
2026-05-13 12:33,87.07,87.12,86.91,87.095,136
2026-05-13 12:34,87.16,87.215,87.005,87.08,114
2026-05-13 12:35,87.07,87.285,87.04,87.15,127
2026-05-13 12:36,86.775,87.065,86.77,87.065,190
2026-05-13 12:37,86.71,86.835,86.69,86.77,111
2026-05-13 12:38,86.845,86.845,86.7,86.725,114
2026-05-13 12:39,86.83,86.915,86.78,86.845,113
2026-05-13 12:40,86.81,86.905,86.745,86.83,122
2026-05-13 12:41,86.99,87.02,86.81,86.81,65
2026-05-13 12:42,87.01,87.045,86.97,87.01,58
2026-05-13 12:43,87.04,87.09,86.945,87.025,44
2026-05-13 12:44,87.125,87.15,87.055,87.06,91
2026-05-13 12:45,87.04,87.11,87.01,87.095,52
2026-05-13 12:46,86.815,87.06,86.765,87.035,117
2026-05-13 12:47,86.9,86.92,86.795,86.835,42
2026-05-13 12:48,86.855,86.935,86.805,86.925,25
2026-05-13 12:49,86.92,86.92,86.8,86.845,187
2026-05-13 12:50,87.03,87.03,86.925,86.935,38
2026-05-13 12:51,86.835,87.06,86.835,87.03,94
2026-05-13 12:52,86.94,86.94,86.86,86.88,32
2026-05-13 12:53,86.96,86.965,86.905,86.925,50
2026-05-13 12:54,86.95,87.035,86.915,86.965,68
2026-05-13 12:55,86.9,86.95,86.85,86.95,35
2026-05-13 12:56,86.91,86.91,86.845,86.91,21
2026-05-13 12:57,87.09,87.11,86.935,86.97,148
2026-05-13 12:58,87.2,87.265,87.055,87.07,160
2026-05-13 12:59,87.095,87.19,87.04,87.19,92
2026-05-13 13:00,87.305,87.305,87.09,87.095,100
2026-05-13 13:01,87.21,87.32,87.17,87.285,103
2026-05-13 13:02,87.4,87.41,87.235,87.235,63
2026-05-13 13:03,87.375,87.44,87.34,87.42,127
2026-05-13 13:04,87.38,87.44,87.355,87.37,74
2026-05-13 13:05,87.425,87.46,87.4,87.4,63
2026-05-13 13:06,87.385,87.505,87.375,87.415,92
2026-05-13 13:07,87.39,87.45,87.39,87.4,34
2026-05-13 13:08,87.465,87.53,87.43,87.43,86
2026-05-13 13:09,87.445,87.5,87.41,87.49,37
2026-05-13 13:10,87.525,87.525,87.39,87.4,34
2026-05-13 13:11,87.52,87.57,87.505,87.545,56
2026-05-13 13:12,87.6,87.605,87.5,87.51,42
2026-05-13 13:13,87.62,87.62,87.55,87.61,51
2026-05-13 13:14,87.665,87.705,87.6,87.6,53
2026-05-13 13:15,87.63,87.675,87.6,87.675,52
2026-05-13 13:16,87.63,87.69,87.62,87.625,70
2026-05-13 13:17,87.75,87.765,87.64,87.64,71
2026-05-13 13:18,87.785,87.82,87.73,87.73,62
2026-05-13 13:19,87.78,87.795,87.755,87.795,32
2026-05-13 13:20,87.75,87.775,87.695,87.745,83
2026-05-13 13:21,87.755,87.755,87.67,87.73,46
2026-05-13 13:22,87.71,87.745,87.665,87.745,13
2026-05-13 13:23,87.8,87.825,87.71,87.71,214
2026-05-13 13:24,87.76,87.82,87.745,87.81,34
2026-05-13 13:25,87.77,87.785,87.715,87.785,34
2026-05-13 13:26,87.75,87.75,87.72,87.75,32
2026-05-13 13:27,87.615,87.7,87.555,87.7,105
2026-05-13 13:28,87.62,87.64,87.565,87.605,45
2026-05-13 13:29,87.625,87.685,87.625,87.635,38
2026-05-13 13:30,87.725,87.725,87.56,87.62,97
2026-05-13 13:31,87.625,87.725,87.615,87.71,81
2026-05-13 13:32,87.785,87.885,87.625,87.625,127
2026-05-13 13:33,87.73,87.84,87.67,87.78,72
2026-05-13 13:34,87.65,87.725,87.565,87.705,72
2026-05-13 13:35,87.46,87.655,87.46,87.655,85
2026-05-13 13:36,87.38,87.445,87.315,87.445,183
2026-05-13 13:37,87.345,87.385,87.33,87.35,34
2026-05-13 13:38,87.305,87.38,87.255,87.375,60
2026-05-13 13:39,87.37,87.37,87.215,87.28,74
2026-05-13 13:40,87.595,87.63,87.36,87.38,78
2026-05-13 13:41,87.745,87.785,87.59,87.59,210
2026-05-13 13:42,87.99,88.03,87.65,87.73,367
2026-05-13 13:43,87.87,88.08,87.81,88.015,162
2026-05-13 13:44,87.795,87.88,87.78,87.86,32
2026-05-13 13:45,87.85,87.855,87.75,87.81,58
2026-05-13 13:46,87.58,87.855,87.475,87.855,128
2026-05-13 13:47,87.5,87.58,87.43,87.555,72
2026-05-13 13:48,87.37,87.49,87.325,87.475,108
2026-05-13 13:49,87.485,87.485,87.215,87.365,127
2026-05-13 13:50,87.35,87.535,87.335,87.475,77
2026-05-13 13:51,87.535,87.59,87.335,87.345,47
2026-05-13 13:52,87.625,87.655,87.555,87.555,68
2026-05-13 13:53,87.7,87.71,87.585,87.625,77
2026-05-13 13:54,87.915,87.915,87.69,87.705,153
2026-05-13 13:55,87.775,87.945,87.775,87.93,105
2026-05-13 13:56,87.78,87.855,87.76,87.8,64
2026-05-13 13:57,87.88,87.91,87.765,87.775,58
2026-05-13 13:58,87.79,87.9,87.775,87.865,67
2026-05-13 13:59,87.825,87.87,87.785,87.8,51
2026-05-13 14:00,87.62,87.825,87.62,87.8,139
2026-05-13 14:01,87.73,87.73,87.57,87.615,45
2026-05-13 14:02,87.755,87.78,87.695,87.725,48
2026-05-13 14:03,87.82,87.85,87.775,87.775,41
2026-05-13 14:04,87.93,87.995,87.835,87.835,94
2026-05-13 14:05,88.02,88.05,87.925,87.935,133
2026-05-13 14:06,87.935,88.02,87.905,88.015,92
2026-05-13 14:07,88.185,88.19,87.985,87.985,115
2026-05-13 14:08,88.095,88.145,87.99,88.135,57
2026-05-13 14:09,87.99,88.09,87.99,88.065,48
2026-05-13 14:10,88.085,88.135,87.965,87.98,33
2026-05-13 14:11,88.135,88.185,88.07,88.07,77
2026-05-13 14:12,88.19,88.22,88.075,88.14,134
2026-05-13 14:13,88.21,88.29,88.145,88.21,78
2026-05-13 14:14,88.195,88.215,88.175,88.2,26
2026-05-13 14:15,88.105,88.22,88.105,88.19,61
2026-05-13 14:16,88.05,88.15,87.99,88.11,74
2026-05-13 14:17,87.995,88.065,87.975,88.065,39
2026-05-13 14:18,87.87,87.99,87.83,87.99,116
2026-05-13 14:19,87.855,87.915,87.84,87.885,59
2026-05-13 14:20,87.95,87.965,87.855,87.855,44
2026-05-13 14:21,88.08,88.08,87.975,87.975,46
2026-05-13 14:22,88.18,88.18,88.07,88.1,51
2026-05-13 14:23,88.135,88.22,88.135,88.135,29
2026-05-13 14:24,88.28,88.3,88.15,88.15,96
2026-05-13 14:25,88.36,88.42,88.23,88.25,132
2026-05-13 14:26,88.285,88.435,88.285,88.365,117
2026-05-13 14:27,88.31,88.32,88.255,88.31,80
2026-05-13 14:28,88.38,88.415,88.27,88.29,63
2026-05-13 14:29,88.44,88.5,88.365,88.4,124
2026-05-13 14:30,88.465,88.485,88.395,88.41,128
2026-05-13 14:31,88.68,88.7,88.46,88.46,340
2026-05-13 14:32,88.655,88.725,88.59,88.66,135
2026-05-13 14:33,88.68,88.73,88.605,88.615,76
2026-05-13 14:34,88.92,88.945,88.67,88.67,406
2026-05-13 14:35,88.89,88.965,88.815,88.905,150
2026-05-13 14:36,88.83,88.96,88.82,88.915,121
2026-05-13 14:37,88.695,88.825,88.665,88.825,119
2026-05-13 14:38,88.78,88.78,88.645,88.71,51
2026-05-13 14:39,88.77,88.77,88.695,88.76,95
2026-05-13 14:40,88.735,88.83,88.72,88.765,79
2026-05-13 14:41,88.685,88.79,88.685,88.735,28
2026-05-13 14:42,88.87,88.885,88.71,88.71,86
2026-05-13 14:43,88.805,88.915,88.805,88.89,74
2026-05-13 14:44,88.685,88.82,88.63,88.815,183
2026-05-13 14:45,88.53,88.77,88.475,88.69,239
2026-05-13 14:46,88.555,88.58,88.485,88.535,70
2026-05-13 14:47,88.91,88.93,88.565,88.575,113
2026-05-13 14:48,88.8,88.98,88.785,88.92,96
2026-05-13 14:49,88.76,88.84,88.705,88.8,50
2026-05-13 14:50,88.725,88.83,88.725,88.8,33
2026-05-13 14:51,88.765,88.785,88.72,88.76,21
2026-05-13 14:52,88.78,88.83,88.755,88.76,64
2026-05-13 14:53,88.825,88.885,88.775,88.775,42
2026-05-13 14:54,88.78,88.81,88.76,88.81,32
2026-05-13 14:55,88.79,88.79,88.675,88.77,49
2026-05-13 14:56,88.69,88.75,88.665,88.75,21
2026-05-13 14:57,88.74,88.815,88.7,88.705,38
2026-05-13 14:58,88.635,88.715,88.635,88.715,59
2026-05-13 14:59,88.595,88.695,88.575,88.655,70
2026-05-13 15:00,88.67,88.7,88.525,88.585,58
2026-05-13 15:01,88.72,88.775,88.64,88.64,67
2026-05-13 15:02,88.855,88.875,88.705,88.72,68
2026-05-13 15:03,88.75,88.84,88.75,88.84,37
2026-05-13 15:04,88.785,88.82,88.75,88.755,30
2026-05-13 15:05,88.735,88.82,88.725,88.82,48
2026-05-13 15:06,88.865,88.865,88.735,88.735,42
2026-05-13 15:07,88.87,88.92,88.815,88.85,32
2026-05-13 15:08,89.26,89.26,88.87,88.875,287
2026-05-13 15:09,89.275,89.315,89.2,89.24,234
2026-05-13 15:10,89.25,89.38,89.195,89.27,273
2026-05-13 15:11,89.125,89.29,89.115,89.26,115
2026-05-13 15:12,89.15,89.175,89.09,89.14,93
2026-05-13 15:13,89.195,89.21,89.1,89.115,83
2026-05-13 15:14,89.08,89.165,89.08,89.16,20
2026-05-13 15:15,89.165,89.185,89.05,89.075,76
2026-05-13 15:16,89.16,89.18,89.1,89.165,59
2026-05-13 15:17,89.13,89.2,89.125,89.14,49
2026-05-13 15:18,89.045,89.14,89.025,89.135,58
2026-05-13 15:19,89.135,89.135,89.04,89.055,49
2026-05-13 15:20,89.055,89.145,88.99,89.14,93
2026-05-13 15:21,89.07,89.075,89.01,89.04,25
2026-05-13 15:22,89.18,89.185,89.065,89.065,44
2026-05-13 15:23,89.095,89.17,89.095,89.17,53
2026-05-13 15:24,89.085,89.12,89.075,89.1,28
2026-05-13 15:25,89.03,89.09,88.995,89.06,50
2026-05-13 15:26,89.115,89.12,89.02,89.03,39
2026-05-13 15:27,89.06,89.08,89.0,89.07,45
2026-05-13 15:28,89.045,89.135,89.02,89.06,47
2026-05-13 15:29,89.11,89.14,89.05,89.065,18
2026-05-13 15:30,88.975,89.095,88.935,89.09,85
2026-05-13 15:31,89.015,89.09,88.97,88.97,79
2026-05-13 15:32,88.99,89.045,88.935,89.0,44
2026-05-13 15:33,89.06,89.065,88.96,88.97,33
2026-05-13 15:34,89.235,89.26,89.095,89.095,48
2026-05-13 15:35,89.285,89.31,89.205,89.245,89
2026-05-13 15:36,89.34,89.375,89.275,89.315,82
2026-05-13 15:37,89.41,89.435,89.36,89.375,94
2026-05-13 15:38,89.39,89.45,89.36,89.41,46
2026-05-13 15:39,89.39,89.425,89.365,89.37,34
2026-05-13 15:40,89.345,89.46,89.345,89.39,91
2026-05-13 15:41,89.305,89.35,89.305,89.34,33
2026-05-13 15:42,89.355,89.39,89.32,89.32,53
2026-05-13 15:43,89.365,89.425,89.345,89.395,35
2026-05-13 15:44,89.36,89.405,89.34,89.375,77
2026-05-13 15:45,89.365,89.37,89.33,89.365,15
2026-05-13 15:46,89.4,89.425,89.335,89.34,23
2026-05-13 15:47,89.4,89.41,89.365,89.39,38
2026-05-13 15:48,89.375,89.41,89.335,89.385,26
2026-05-13 15:49,89.465,89.485,89.32,89.35,73
2026-05-13 15:50,89.33,89.49,89.33,89.48,33
2026-05-13 15:51,89.355,89.355,89.29,89.325,45
2026-05-13 15:52,89.385,89.415,89.365,89.365,18
2026-05-13 15:53,89.365,89.38,89.32,89.37,54
2026-05-13 15:54,89.345,89.395,89.34,89.36,20
2026-05-13 15:55,89.4,89.43,89.32,89.355,45
2026-05-13 15:56,89.505,89.54,89.41,89.43,101
2026-05-13 15:57,89.48,89.495,89.45,89.49,51
2026-05-13 15:58,89.515,89.515,89.44,89.48,40
2026-05-13 15:59,89.555,89.565,89.455,89.475,115
2026-05-13 16:00,89.64,89.675,89.51,89.56,100
2026-05-13 16:01,89.635,89.68,89.59,89.63,105
2026-05-13 16:02,89.695,89.74,89.595,89.595,150
2026-05-13 16:03,89.68,89.76,89.68,89.715,135
2026-05-13 16:04,89.72,89.795,89.665,89.675,262
2026-05-13 16:05,89.745,89.76,89.655,89.75,94
2026-05-13 16:06,89.73,89.79,89.71,89.745,104
2026-05-13 16:07,89.82,89.84,89.725,89.735,74
2026-05-13 16:08,89.84,89.88,89.805,89.82,151
2026-05-13 16:09,89.86,89.86,89.76,89.84,123
2026-05-13 16:10,89.87,89.965,89.84,89.85,180
2026-05-13 16:11,89.8,89.87,89.745,89.865,87
2026-05-13 16:12,89.76,89.845,89.745,89.83,102
2026-05-13 16:13,89.86,89.89,89.72,89.745,148
2026-05-13 16:14,89.93,89.935,89.83,89.88,41
2026-05-13 16:15,89.945,90.025,89.9,89.935,330
2026-05-13 16:16,89.955,90.03,89.94,89.95,83
2026-05-13 16:17,89.805,90.045,89.775,89.97,180
2026-05-13 16:18,89.76,89.81,89.715,89.79,99
2026-05-13 16:19,89.705,89.855,89.685,89.755,148
2026-05-13 16:20,89.8,89.8,89.67,89.71,44
2026-05-13 16:21,89.79,89.875,89.78,89.78,81
2026-05-13 16:22,89.84,89.855,89.755,89.79,29
2026-05-13 16:23,89.9,89.92,89.825,89.845,49
2026-05-13 16:24,89.865,90.105,89.86,89.9,298
2026-05-13 16:25,89.89,89.98,89.845,89.905,89
2026-05-13 16:26,89.835,89.93,89.835,89.9,115
2026-05-13 16:27,90.035,90.04,89.83,89.84,90
2026-05-13 16:28,90.09,90.09,90.01,90.045,96
2026-05-13 16:29,90.03,90.08,90.0,90.065,58
2026-05-13 16:30,89.985,90.085,89.97,90.055,75
2026-05-13 16:31,89.84,90.01,89.785,90.0,211
2026-05-13 16:32,89.835,89.885,89.82,89.85,49
2026-05-13 16:33,89.88,89.925,89.775,89.825,165
2026-05-13 16:34,89.875,89.91,89.785,89.87,85
2026-05-13 16:35,89.8,89.9,89.8,89.88,20
2026-05-13 16:36,89.86,89.86,89.77,89.81,53
2026-05-13 16:37,89.81,89.885,89.81,89.875,50
2026-05-13 16:38,89.875,89.925,89.805,89.805,93
2026-05-13 16:39,89.955,89.99,89.905,89.905,52
2026-05-13 16:40,89.81,89.935,89.785,89.935,231
2026-05-13 16:41,89.805,89.82,89.75,89.815,107
2026-05-13 16:42,89.735,89.82,89.73,89.79,137
2026-05-13 16:43,89.715,89.745,89.59,89.72,145
2026-05-13 16:44,89.68,89.73,89.66,89.71,95
2026-05-13 16:45,89.805,89.835,89.645,89.685,193
2026-05-13 16:46,89.76,89.795,89.69,89.795,106
2026-05-13 16:47,89.745,89.81,89.745,89.755,28
2026-05-13 16:48,89.755,89.77,89.71,89.76,50
2026-05-13 16:49,89.675,89.78,89.65,89.765,97
2026-05-13 16:50,89.605,89.675,89.58,89.675,56
2026-05-13 16:51,89.52,89.64,89.475,89.62,192
2026-05-13 16:52,89.54,89.56,89.505,89.52,68
2026-05-13 16:53,89.41,89.535,89.395,89.535,169
2026-05-13 16:54,89.4,89.45,89.365,89.41,119
2026-05-13 16:55,89.38,89.445,89.36,89.385,111
2026-05-13 16:56,89.39,89.43,89.35,89.395,53
2026-05-13 16:57,89.405,89.46,89.395,89.405,70
2026-05-13 16:58,89.385,89.395,89.33,89.395,55
2026-05-13 16:59,89.365,89.4,89.34,89.375,38
2026-05-13 17:00,89.58,89.58,89.34,89.375,92
2026-05-13 17:01,89.615,89.64,89.555,89.59,63
2026-05-13 17:02,89.585,89.61,89.545,89.61,44
2026-05-13 17:03,89.59,89.59,89.535,89.56,60
2026-05-13 17:04,89.545,89.605,89.545,89.6,31
2026-05-13 17:05,89.655,89.655,89.55,89.55,31
2026-05-13 17:06,89.735,89.735,89.66,89.66,46
2026-05-13 17:07,89.725,89.74,89.705,89.73,38
2026-05-13 17:08,89.69,89.73,89.655,89.73,56
2026-05-13 17:09,89.73,89.73,89.685,89.705,26
2026-05-13 17:10,89.76,89.785,89.735,89.735,86
2026-05-13 17:11,89.69,89.78,89.69,89.75,49
2026-05-13 17:12,89.73,89.75,89.695,89.695,27
2026-05-13 17:13,89.78,89.8,89.74,89.74,85
2026-05-13 17:14,89.8,89.83,89.8,89.805,58
2026-05-13 17:15,89.755,89.795,89.745,89.795,44
2026-05-13 17:16,89.69,89.775,89.65,89.775,104
2026-05-13 17:17,89.695,89.74,89.695,89.7,46
2026-05-13 17:18,89.715,89.72,89.68,89.7,31
2026-05-13 17:19,89.765,89.765,89.685,89.715,39
2026-05-13 17:20,89.795,89.805,89.755,89.775,79
2026-05-13 17:21,89.825,89.84,89.78,89.795,48
2026-05-13 17:22,89.835,89.84,89.8,89.835,48
2026-05-13 17:23,89.665,89.83,89.665,89.82,111
2026-05-13 17:24,89.275,89.67,89.22,89.665,987
2026-05-13 17:25,89.26,89.29,89.175,89.265,212
2026-05-13 17:26,89.27,89.32,89.235,89.265,114
2026-05-13 17:27,89.295,89.38,89.25,89.305,115
2026-05-13 17:28,89.26,89.295,89.25,89.295,20
2026-05-13 17:29,89.21,89.335,89.175,89.275,60
2026-05-13 17:30,89.115,89.235,89.105,89.235,56
2026-05-13 17:31,89.13,89.155,89.04,89.1,129
2026-05-13 17:32,89.145,89.18,89.08,89.1,44
2026-05-13 17:33,89.045,89.13,89.02,89.13,28
2026-05-13 17:34,88.8,89.065,88.795,89.065,278
2026-05-13 17:35,88.84,88.89,88.795,88.825,62
2026-05-13 17:36,88.885,88.915,88.78,88.85,44
2026-05-13 17:37,88.895,88.92,88.865,88.905,60
2026-05-13 17:38,88.84,88.975,88.84,88.95,36
2026-05-13 17:39,88.915,88.925,88.86,88.87,14
2026-05-13 17:40,89.0,89.035,88.975,88.98,40
2026-05-13 17:41,88.765,88.985,88.765,88.965,97
2026-05-13 17:42,88.735,88.815,88.71,88.785,40
2026-05-13 17:43,88.805,88.825,88.75,88.765,32
2026-05-13 17:44,88.67,88.78,88.62,88.78,91
2026-05-13 17:45,88.635,88.715,88.6,88.67,30
2026-05-13 17:46,88.79,88.79,88.64,88.645,40
2026-05-13 17:47,88.625,88.805,88.625,88.79,49
2026-05-13 17:48,88.595,88.66,88.59,88.595,25
2026-05-13 17:49,88.66,88.66,88.605,88.605,16
2026-05-13 17:50,88.715,88.715,88.625,88.655,13
2026-05-13 17:51,88.725,88.74,88.67,88.735,18
2026-05-13 17:52,88.68,88.72,88.63,88.72,28
2026-05-13 17:53,88.645,88.695,88.645,88.66,26
2026-05-13 17:54,88.57,88.615,88.515,88.615,118
2026-05-13 17:55,88.615,88.62,88.54,88.57,21
2026-05-13 17:56,88.575,88.68,88.575,88.62,32
2026-05-13 17:57,88.65,88.65,88.565,88.59,8
2026-05-13 17:58,88.645,88.645,88.64,88.64,15
2026-05-13 17:59,88.59,88.625,88.54,88.615,21
2026-05-13 18:00,88.615,88.66,88.525,88.54,40
2026-05-13 18:01,88.68,88.71,88.595,88.595,24
2026-05-13 18:02,88.775,88.785,88.68,88.71,44
2026-05-13 18:03,88.835,88.835,88.74,88.74,21
2026-05-13 18:04,88.815,88.875,88.8,88.82,57
2026-05-13 18:05,88.83,88.86,88.775,88.8,63
2026-05-13 18:06,88.825,88.835,88.785,88.83,16
2026-05-13 18:07,88.82,88.85,88.815,88.825,15
2026-05-13 18:08,88.93,88.93,88.815,88.835,48
2026-05-13 18:09,88.935,88.945,88.895,88.92,24
2026-05-13 18:10,88.935,88.935,88.915,88.915,5
2026-05-13 18:11,88.93,88.93,88.88,88.92,24
2026-05-13 18:12,88.96,88.975,88.935,88.95,60
2026-05-13 18:13,88.925,88.995,88.905,88.975,31
2026-05-13 18:14,88.925,88.93,88.905,88.93,16
2026-05-13 18:15,88.905,88.97,88.905,88.945,22
2026-05-13 18:16,88.835,88.9,88.81,88.9,49
2026-05-13 18:17,88.7,88.825,88.7,88.825,36
2026-05-13 18:18,88.71,88.75,88.645,88.665,38
2026-05-13 18:19,88.75,88.765,88.72,88.735,14
2026-05-13 18:20,88.765,88.765,88.7,88.73,13
2026-05-13 18:21,88.72,88.76,88.715,88.76,6
2026-05-13 18:22,88.65,88.7,88.62,88.7,32
2026-05-13 18:23,88.75,88.75,88.645,88.66,66
2026-05-13 18:24,88.815,88.815,88.715,88.715,8
2026-05-13 18:25,88.84,88.84,88.79,88.79,13
2026-05-13 18:26,88.86,88.895,88.83,88.855,55
2026-05-13 18:27,88.855,88.855,88.8,88.855,37
2026-05-13 18:28,88.91,88.91,88.835,88.855,17
2026-05-13 18:29,88.875,88.91,88.865,88.905,23
2026-05-13 18:30,88.85,88.89,88.85,88.865,18
2026-05-13 18:31,88.815,88.93,88.815,88.88,50
2026-05-13 18:32,88.775,88.825,88.72,88.825,99
2026-05-13 18:33,88.68,88.775,88.665,88.76,74
2026-05-13 18:34,88.69,88.69,88.65,88.68,24
2026-05-13 18:35,88.565,88.69,88.565,88.69,80
2026-05-13 18:36,88.46,88.565,88.435,88.565,114
2026-05-13 18:37,88.475,88.505,88.435,88.46,40
2026-05-13 18:38,88.545,88.575,88.485,88.49,16
2026-05-13 18:39,88.525,88.545,88.485,88.51,16
2026-05-13 18:40,88.56,88.56,88.525,88.535,12
2026-05-13 18:41,88.56,88.595,88.545,88.545,18
2026-05-13 18:42,88.53,88.62,88.53,88.59,12
2026-05-13 18:43,88.475,88.505,88.43,88.505,34
2026-05-13 18:44,88.415,88.455,88.36,88.41,66
2026-05-13 18:45,88.5,88.52,88.415,88.415,44
2026-05-13 18:46,88.27,88.475,88.255,88.475,76
2026-05-13 18:47,88.09,88.295,87.94,88.265,286
2026-05-13 18:48,88.205,88.27,88.04,88.075,52
2026-05-13 18:49,88.15,88.21,88.1,88.195,42
2026-05-13 18:50,88.28,88.28,88.18,88.19,55
2026-05-13 18:51,88.275,88.315,88.22,88.26,89
2026-05-13 18:52,88.315,88.32,88.265,88.285,16
2026-05-13 18:53,88.39,88.39,88.235,88.285,91
2026-05-13 18:54,88.48,88.495,88.34,88.365,83
2026-05-13 18:55,88.45,88.465,88.415,88.46,10
2026-05-13 18:56,88.48,88.5,88.44,88.48,34
2026-05-13 18:57,88.475,88.525,88.475,88.5,20
2026-05-13 18:58,88.34,88.47,88.32,88.455,77
2026-05-13 18:59,88.225,88.3,88.22,88.3,29
2026-05-13 19:00,88.31,88.315,88.22,88.255,15
2026-05-13 19:01,88.29,88.29,88.255,88.275,18
2026-05-13 19:02,88.255,88.29,88.25,88.25,11
2026-05-13 19:03,88.305,88.315,88.25,88.255,32
2026-05-13 19:04,88.27,88.28,88.265,88.28,19
2026-05-13 19:05,88.275,88.3,88.275,88.3,21
2026-05-13 19:06,88.335,88.335,88.28,88.28,10
2026-05-13 19:07,88.33,88.33,88.295,88.3,10
2026-05-13 19:08,88.38,88.415,88.35,88.35,26
2026-05-13 19:09,88.425,88.43,88.41,88.415,8
2026-05-13 19:10,88.44,88.45,88.4,88.415,20
2026-05-13 19:11,88.445,88.5,88.425,88.425,32
2026-05-13 19:12,88.465,88.465,88.43,88.455,13
2026-05-13 19:13,88.46,88.465,88.445,88.45,16
2026-05-13 19:14,88.6,88.61,88.455,88.46,95
2026-05-13 19:15,88.57,88.6,88.555,88.59,24
2026-05-13 19:16,88.515,88.55,88.515,88.55,10
2026-05-13 19:17,88.595,88.595,88.545,88.545,15
2026-05-13 19:18,88.605,88.615,88.6,88.6,14
2026-05-13 19:19,88.44,88.62,88.44,88.62,64
2026-05-13 19:20,88.44,88.44,88.43,88.44,17
2026-05-13 19:21,88.48,88.48,88.445,88.445,6
2026-05-13 19:22,88.5,88.505,88.445,88.485,5
2026-05-13 19:23,88.465,88.525,88.465,88.525,7
2026-05-13 19:24,88.425,88.44,88.4,88.42,7
2026-05-13 19:25,88.435,88.455,88.405,88.41,8
2026-05-13 19:26,88.465,88.465,88.44,88.465,3
2026-05-13 19:27,88.49,88.505,88.45,88.46,26
2026-05-13 19:28,88.45,88.475,88.45,88.47,4
2026-05-13 19:29,88.465,88.49,88.445,88.47,8
2026-05-13 19:30,88.46,88.48,88.46,88.48,5
2026-05-13 19:31,88.425,88.49,88.425,88.48,17
2026-05-13 19:32,88.42,88.495,88.42,88.44,16
2026-05-13 19:33,88.34,88.385,88.34,88.385,5
2026-05-13 19:34,88.365,88.365,88.305,88.335,20
2026-05-13 19:35,88.37,88.37,88.31,88.325,6
2026-05-13 19:36,88.37,88.37,88.345,88.36,9
2026-05-13 19:37,88.395,88.395,88.37,88.37,13
2026-05-13 19:39,88.475,88.51,88.4,88.4,73
2026-05-13 19:40,88.455,88.48,88.43,88.48,10
2026-05-13 19:41,88.46,88.46,88.43,88.45,7
2026-05-13 19:42,88.4,88.42,88.4,88.42,6
2026-05-13 19:44,88.44,88.44,88.4,88.4,2
2026-05-13 19:45,88.4,88.415,88.395,88.415,7
2026-05-13 19:46,88.43,88.455,88.42,88.42,4
2026-05-13 19:47,88.42,88.465,88.42,88.465,15
2026-05-13 19:48,88.475,88.475,88.435,88.44,22
2026-05-13 19:49,88.425,88.46,88.425,88.46,13
2026-05-13 19:50,88.325,88.4,88.285,88.375,72
2026-05-13 19:51,88.36,88.38,88.33,88.33,18
2026-05-13 19:52,88.345,88.395,88.345,88.395,6
2026-05-13 19:53,88.32,88.34,88.27,88.34,23
2026-05-13 19:54,88.325,88.35,88.325,88.345,5
2026-05-13 19:55,88.345,88.365,88.345,88.365,2
2026-05-13 19:56,88.28,88.35,88.265,88.345,63
2026-05-13 19:57,88.345,88.35,88.27,88.305,23
2026-05-13 19:58,88.37,88.37,88.31,88.335,15
2026-05-13 19:59,88.315,88.365,88.315,88.355,28
2026-05-13 20:00,88.28,88.33,88.175,88.315,99
2026-05-13 20:01,88.245,88.28,88.24,88.28,12
2026-05-13 20:02,88.185,88.23,88.185,88.23,10
2026-05-13 20:03,88.15,88.175,88.14,88.175,28
2026-05-13 20:04,88.135,88.18,88.135,88.16,20
2026-05-13 20:05,88.165,88.175,88.14,88.175,22
2026-05-13 20:06,88.215,88.22,88.15,88.185,54
2026-05-13 20:07,88.19,88.235,88.15,88.23,14
2026-05-13 20:08,88.265,88.265,88.22,88.22,11
2026-05-13 20:09,88.315,88.315,88.255,88.255,34
2026-05-13 20:10,88.35,88.35,88.325,88.325,7
2026-05-13 20:11,88.32,88.345,88.32,88.345,8
2026-05-13 20:12,88.275,88.275,88.275,88.275,1
2026-05-13 20:13,88.28,88.28,88.28,88.28,1
2026-05-13 20:15,88.265,88.29,88.265,88.29,3
2026-05-13 20:16,88.295,88.295,88.275,88.275,2
2026-05-13 20:17,88.265,88.29,88.265,88.29,3
2026-05-13 20:18,88.26,88.28,88.26,88.27,4
2026-05-13 20:20,88.295,88.295,88.295,88.295,1
2026-05-13 20:21,88.37,88.37,88.3,88.325,28
2026-05-13 20:22,88.37,88.37,88.37,88.37,2
2026-05-13 20:23,88.375,88.375,88.36,88.36,5
2026-05-13 20:24,88.42,88.42,88.375,88.375,17
2026-05-13 20:25,88.42,88.435,88.4,88.415,15
2026-05-13 20:26,88.41,88.41,88.41,88.41,1
2026-05-13 20:27,88.44,88.46,88.44,88.44,13
2026-05-13 20:28,88.355,88.385,88.35,88.37,15
2026-05-13 20:29,88.305,88.36,88.3,88.36,21
2026-05-13 20:30,88.35,88.35,88.315,88.32,9
2026-05-13 20:31,88.305,88.335,88.305,88.335,4
2026-05-13 20:32,88.26,88.275,88.26,88.275,5
2026-05-13 20:33,88.13,88.245,88.13,88.245,47
2026-05-13 20:34,88.14,88.195,88.125,88.135,19
2026-05-13 20:35,88.135,88.135,88.11,88.13,17
2026-05-13 20:36,88.165,88.165,88.165,88.165,2
2026-05-13 20:37,88.19,88.195,88.145,88.145,21
2026-05-13 20:38,88.22,88.22,88.195,88.195,2
2026-05-13 20:39,88.225,88.225,88.225,88.225,2
2026-05-13 20:40,88.255,88.255,88.22,88.22,2
2026-05-13 20:41,88.23,88.23,88.22,88.225,4
2026-05-13 20:42,88.19,88.225,88.19,88.225,3
2026-05-13 20:43,88.225,88.24,88.2,88.2,6
2026-05-13 20:44,88.23,88.24,88.215,88.215,3
2026-05-13 20:45,88.265,88.265,88.265,88.265,2
2026-05-13 20:46,88.19,88.195,88.185,88.195,5
2026-05-13 20:48,88.215,88.215,88.17,88.17,3
2026-05-13 20:49,88.18,88.2,88.18,88.185,3
2026-05-13 20:50,88.135,88.18,88.11,88.155,30
2026-05-13 20:51,88.12,88.135,88.12,88.135,8
2026-05-13 20:52,88.17,88.175,88.145,88.145,15
2026-05-13 20:53,88.105,88.17,88.095,88.17,20
2026-05-13 20:54,88.13,88.13,88.095,88.1,3
2026-05-13 20:55,88.075,88.14,88.075,88.14,21
2026-05-13 20:56,88.14,88.14,88.11,88.14,5
2026-05-13 20:57,88.165,88.165,88.13,88.13,2
2026-05-13 20:58,88.115,88.15,88.115,88.15,11
2026-05-13 20:59,88.155,88.175,88.14,88.14,7
2026-05-13 22:00,88.305,88.345,88.125,88.125,0
2026-05-13 22:01,88.22,88.415,88.22,88.325,35
2026-05-13 22:02,88.32,88.385,88.23,88.26,16
2026-05-13 22:03,88.31,88.325,88.3,88.3,6
2026-05-13 22:04,88.345,88.36,88.32,88.32,5
2026-05-13 22:05,88.355,88.355,88.315,88.315,4
2026-05-13 22:06,88.365,88.365,88.355,88.36,11
2026-05-13 22:07,88.335,88.365,88.335,88.345,10
2026-05-13 22:08,88.3,88.32,88.3,88.32,2
2026-05-13 22:09,88.255,88.265,88.23,88.265,9
2026-05-13 22:11,88.255,88.255,88.22,88.22,2
2026-05-13 22:14,88.3,88.305,88.26,88.26,10
2026-05-13 22:15,88.315,88.315,88.3,88.305,3
2026-05-13 22:16,88.49,88.49,88.335,88.335,31
2026-05-13 22:17,88.445,88.495,88.445,88.485,9
2026-05-13 22:18,88.395,88.415,88.385,88.415,6
2026-05-13 22:19,88.435,88.46,88.4,88.41,10
2026-05-13 22:20,88.42,88.46,88.42,88.455,10
2026-05-13 22:22,88.46,88.46,88.41,88.41,10
2026-05-13 22:23,88.435,88.455,88.435,88.445,5
2026-05-13 22:24,88.47,88.47,88.45,88.45,3
2026-05-13 22:25,88.47,88.48,88.425,88.425,9
2026-05-13 22:26,88.53,88.565,88.475,88.475,60
2026-05-13 22:27,88.475,88.48,88.475,88.48,2
2026-05-13 22:28,88.46,88.485,88.425,88.425,20
2026-05-13 22:29,88.46,88.46,88.44,88.45,7
2026-05-13 22:30,88.505,88.51,88.48,88.48,8
2026-05-13 22:31,88.45,88.49,88.45,88.49,7
2026-05-13 22:32,88.46,88.46,88.415,88.415,3
2026-05-13 22:35,88.48,88.48,88.48,88.48,1
2026-05-13 22:36,88.49,88.49,88.49,88.49,1
2026-05-13 22:37,88.475,88.475,88.475,88.475,1
2026-05-13 22:38,88.485,88.51,88.485,88.505,4
2026-05-13 22:39,88.515,88.515,88.5,88.51,3
2026-05-13 22:40,88.52,88.525,88.515,88.52,5
2026-05-13 22:41,88.57,88.57,88.535,88.535,11
2026-05-13 22:42,88.59,88.59,88.55,88.55,11
2026-05-13 22:43,88.605,88.605,88.59,88.6,6
2026-05-13 22:44,88.625,88.635,88.6,88.6,7
2026-05-13 22:45,88.605,88.605,88.605,88.605,1
2026-05-13 22:47,88.55,88.585,88.54,88.57,95
2026-05-13 22:48,88.51,88.51,88.48,88.5,12
2026-05-13 22:49,88.5,88.52,88.5,88.51,25
2026-05-13 22:50,88.5,88.505,88.495,88.495,9
2026-05-13 22:52,88.555,88.57,88.55,88.55,27
2026-05-13 22:53,88.54,88.55,88.535,88.55,5
2026-05-13 22:54,88.545,88.55,88.535,88.535,9
2026-05-13 22:55,88.55,88.55,88.55,88.55,1
2026-05-13 22:56,88.525,88.56,88.525,88.555,7
2026-05-13 22:57,88.535,88.545,88.505,88.51,16
2026-05-13 22:58,88.525,88.525,88.525,88.525,1
2026-05-13 22:59,88.515,88.54,88.5,88.5,14
2026-05-13 23:00,88.555,88.555,88.535,88.535,3
2026-05-13 23:01,88.575,88.575,88.565,88.565,45
2026-05-13 23:02,88.565,88.585,88.565,88.585,4
2026-05-13 23:03,88.495,88.59,88.48,88.59,30
2026-05-13 23:04,88.415,88.455,88.405,88.455,15
2026-05-13 23:05,88.47,88.475,88.405,88.405,13
2026-05-13 23:06,88.525,88.525,88.49,88.49,9
2026-05-13 23:07,88.52,88.52,88.52,88.52,1
2026-05-13 23:08,88.525,88.57,88.525,88.54,8
2026-05-13 23:10,88.525,88.54,88.525,88.525,4
2026-05-13 23:11,88.585,88.585,88.535,88.535,11
2026-05-13 23:13,88.575,88.575,88.575,88.575,1
2026-05-13 23:14,88.555,88.585,88.555,88.585,3
2026-05-13 23:15,88.555,88.555,88.555,88.555,2
2026-05-13 23:17,88.5,88.56,88.5,88.56,7
2026-05-13 23:18,88.505,88.505,88.48,88.48,5
2026-05-13 23:19,88.475,88.475,88.475,88.475,1
2026-05-13 23:20,88.465,88.465,88.465,88.465,1
2026-05-13 23:22,88.46,88.46,88.46,88.46,1
2026-05-13 23:23,88.44,88.44,88.44,88.44,1
2026-05-13 23:24,88.36,88.435,88.36,88.435,17
2026-05-13 23:25,88.3,88.36,88.3,88.36,11
2026-05-13 23:26,88.27,88.335,88.23,88.335,21
2026-05-13 23:27,88.295,88.3,88.265,88.3,7
2026-05-13 23:28,88.325,88.325,88.315,88.32,3
2026-05-13 23:29,88.35,88.38,88.315,88.315,16
2026-05-13 23:30,88.325,88.345,88.32,88.345,5
2026-05-13 23:31,88.335,88.335,88.29,88.305,3
2026-05-13 23:33,88.33,88.34,88.33,88.335,6
2026-05-13 23:34,88.34,88.34,88.29,88.315,9
2026-05-13 23:36,88.435,88.445,88.335,88.35,35
2026-05-13 23:37,88.31,88.395,88.31,88.395,8
2026-05-13 23:38,88.375,88.39,88.335,88.34,12
2026-05-13 23:39,88.345,88.345,88.345,88.345,1
2026-05-13 23:40,88.355,88.355,88.355,88.355,1
2026-05-13 23:41,88.355,88.355,88.285,88.325,10
2026-05-13 23:42,88.355,88.355,88.355,88.355,2
2026-05-13 23:43,88.325,88.35,88.325,88.35,3
2026-05-13 23:44,88.295,88.35,88.295,88.35,5
2026-05-13 23:45,88.175,88.34,88.125,88.34,48
2026-05-13 23:46,88.22,88.22,88.17,88.175,16
2026-05-13 23:47,88.295,88.295,88.21,88.21,18
2026-05-13 23:48,88.24,88.285,88.24,88.285,5
2026-05-13 23:49,88.225,88.225,88.225,88.225,1
2026-05-13 23:50,88.24,88.25,88.2,88.2,6
2026-05-13 23:51,88.2,88.255,88.195,88.255,13
2026-05-13 23:52,88.17,88.17,88.1,88.165,33
2026-05-13 23:53,88.205,88.205,88.17,88.17,3
2026-05-13 23:54,88.24,88.275,88.205,88.215,30
2026-05-13 23:55,88.335,88.355,88.265,88.265,31
2026-05-13 23:56,88.355,88.355,88.355,88.355,1
2026-05-13 23:57,88.405,88.405,88.365,88.365,14
2026-05-13 23:58,88.4,88.41,88.395,88.41,8
2026-05-13 23:59,88.415,88.42,88.39,88.39,5
2026-05-14 00:00,88.515,88.515,88.4,88.4,47
2026-05-14 00:01,88.465,88.54,88.44,88.54,9
2026-05-14 00:02,88.41,88.455,88.41,88.42,5
2026-05-14 00:03,88.065,88.385,88.065,88.385,87
2026-05-14 00:04,88.215,88.26,88.105,88.12,34
2026-05-14 00:05,88.28,88.305,88.265,88.27,19
2026-05-14 00:06,88.32,88.395,88.28,88.28,31
2026-05-14 00:07,88.145,88.25,88.07,88.25,53
2026-05-14 00:08,88.1,88.15,88.09,88.145,10
2026-05-14 00:09,88.355,88.39,88.16,88.19,101
2026-05-14 00:10,88.31,88.38,88.265,88.38,58
2026-05-14 00:11,88.315,88.35,88.27,88.29,9
2026-05-14 00:12,88.41,88.41,88.355,88.355,10
2026-05-14 00:13,88.385,88.56,88.365,88.45,132
2026-05-14 00:14,88.455,88.465,88.375,88.375,12
2026-05-14 00:15,88.515,88.57,88.485,88.485,21
2026-05-14 00:16,88.54,88.54,88.535,88.54,3
2026-05-14 00:17,88.62,88.71,88.55,88.55,54
2026-05-14 00:18,88.55,88.62,88.55,88.62,19
2026-05-14 00:19,88.26,88.52,88.235,88.52,85
2026-05-14 00:20,88.295,88.365,88.265,88.325,34
2026-05-14 00:21,88.33,88.33,88.24,88.3,8
2026-05-14 00:22,88.26,88.305,88.26,88.305,6
2026-05-14 00:23,88.295,88.295,88.29,88.29,2
2026-05-14 00:24,88.33,88.33,88.29,88.3,7
2026-05-14 00:25,88.195,88.25,88.16,88.25,13
2026-05-14 00:26,88.185,88.19,88.15,88.15,4
2026-05-14 00:27,88.195,88.245,88.175,88.18,24
2026-05-14 00:28,88.145,88.205,88.13,88.165,13
2026-05-14 00:29,88.225,88.23,88.125,88.15,15
2026-05-14 00:30,88.335,88.335,88.225,88.225,13
2026-05-14 00:31,88.3,88.355,88.3,88.34,6
2026-05-14 00:32,88.165,88.245,88.165,88.245,6
2026-05-14 00:33,88.18,88.185,88.145,88.145,8
2026-05-14 00:34,88.11,88.165,88.11,88.165,11
2026-05-14 00:35,88.115,88.13,88.03,88.1,34
2026-05-14 00:36,88.145,88.19,88.14,88.14,11
2026-05-14 00:37,88.105,88.14,88.08,88.14,8
2026-05-14 00:38,88.125,88.125,88.125,88.125,1
2026-05-14 00:39,88.17,88.17,88.16,88.16,3
2026-05-14 00:40,88.13,88.195,88.13,88.195,9
2026-05-14 00:42,88.19,88.205,88.125,88.125,66
2026-05-14 00:43,88.235,88.235,88.2,88.2,8
2026-05-14 00:44,88.37,88.38,88.265,88.265,66
2026-05-14 00:45,88.425,88.425,88.365,88.39,31
2026-05-14 00:46,88.425,88.51,88.41,88.42,80
2026-05-14 00:47,88.555,88.565,88.26,88.41,134
2026-05-14 00:48,88.575,88.59,88.525,88.54,20
2026-05-14 00:49,88.665,88.7,88.575,88.585,26
2026-05-14 00:50,88.495,88.655,88.415,88.655,70
2026-05-14 00:51,88.39,88.555,88.365,88.495,102
2026-05-14 00:52,88.45,88.45,88.405,88.405,7
2026-05-14 00:53,88.51,88.51,88.42,88.425,32
2026-05-14 00:54,88.5,88.525,88.48,88.5,37
2026-05-14 00:55,88.58,88.58,88.455,88.5,139
2026-05-14 00:56,88.57,88.615,88.565,88.58,16
2026-05-14 00:57,88.58,88.59,88.51,88.58,77
2026-05-14 00:58,88.67,88.67,88.585,88.585,20
2026-05-14 00:59,88.745,88.82,88.67,88.67,126
2026-05-14 01:00,89.07,89.135,88.735,88.75,363
2026-05-14 01:01,89.115,89.15,88.975,89.065,86
2026-05-14 01:02,88.965,89.165,88.965,89.08,89
2026-05-14 01:03,88.575,88.95,88.49,88.95,223
2026-05-14 01:04,88.665,88.695,88.35,88.59,140
2026-05-14 01:05,88.28,88.62,88.28,88.62,54
2026-05-14 01:06,88.09,88.365,88.015,88.36,123
2026-05-14 01:07,88.125,88.295,87.945,88.035,123
2026-05-14 01:08,88.08,88.365,87.98,88.13,140
2026-05-14 01:09,88.155,88.35,88.125,88.125,68
2026-05-14 01:10,88.195,88.315,88.155,88.225,49
2026-05-14 01:11,88.3,88.4,88.22,88.265,25
2026-05-14 01:12,88.3,88.385,88.265,88.35,16
2026-05-14 01:13,87.795,88.235,87.63,88.235,289
2026-05-14 01:14,87.91,87.96,87.685,87.825,107
2026-05-14 01:15,88.035,88.05,87.815,87.85,80
2026-05-14 01:16,88.04,88.065,87.895,88.04,25
2026-05-14 01:17,88.125,88.16,88.01,88.04,37
2026-05-14 01:18,88.0,88.15,88.0,88.14,25
2026-05-14 01:19,87.775,87.88,87.68,87.88,71
2026-05-14 01:20,88.02,88.055,87.775,87.775,23
2026-05-14 01:21,88.11,88.12,87.995,88.015,50
2026-05-14 01:22,88.2,88.2,88.04,88.135,63
2026-05-14 01:23,88.185,88.24,88.135,88.135,33
2026-05-14 01:24,88.23,88.3,88.19,88.215,18
2026-05-14 01:25,88.25,88.32,88.23,88.275,19
2026-05-14 01:26,88.245,88.26,88.18,88.21,11
2026-05-14 01:27,88.255,88.265,88.175,88.205,14
2026-05-14 01:28,88.33,88.37,88.3,88.3,33
2026-05-14 01:29,88.285,88.325,88.25,88.325,11
2026-05-14 01:30,88.195,88.235,88.14,88.195,21
2026-05-14 01:31,88.1,88.24,88.05,88.235,36
2026-05-14 01:32,88.125,88.165,88.045,88.07,11
2026-05-14 01:33,88.085,88.17,88.075,88.165,6
2026-05-14 01:34,88.125,88.125,87.995,88.05,16
2026-05-14 01:35,88.025,88.205,87.995,88.165,44
2026-05-14 01:36,88.06,88.125,88.02,88.1,21
2026-05-14 01:37,88.065,88.135,88.03,88.135,11
2026-05-14 01:38,87.965,88.02,87.87,88.02,33
2026-05-14 01:39,88.035,88.045,87.98,87.98,10
2026-05-14 01:40,87.93,87.95,87.92,87.93,15
2026-05-14 01:41,87.9,87.93,87.865,87.885,19
2026-05-14 01:42,87.875,87.9,87.775,87.9,22
2026-05-14 01:43,88.01,88.015,87.875,87.875,22
2026-05-14 01:44,88.005,88.035,88.005,88.035,6
2026-05-14 01:45,88.155,88.18,88.035,88.05,16
2026-05-14 01:46,87.99,88.03,87.975,88.03,12
2026-05-14 01:47,88.21,88.22,88.055,88.055,22
2026-05-14 01:48,88.28,88.28,88.235,88.235,16
2026-05-14 01:49,88.325,88.35,88.265,88.265,26
2026-05-14 01:50,88.29,88.32,88.28,88.32,15
2026-05-14 01:51,88.08,88.265,88.08,88.265,18
2026-05-14 01:52,87.855,88.06,87.825,88.06,42
2026-05-14 01:53,88.02,88.02,87.91,87.91,16
2026-05-14 01:54,87.91,87.96,87.91,87.96,6
2026-05-14 01:55,87.905,87.945,87.83,87.925,28
2026-05-14 01:56,87.795,87.885,87.73,87.885,55
2026-05-14 01:57,87.69,87.885,87.67,87.865,28
2026-05-14 01:58,87.685,87.76,87.635,87.76,43
2026-05-14 01:59,87.905,87.925,87.695,87.71,30
2026-05-14 02:00,87.815,87.95,87.815,87.95,34
2026-05-14 02:01,87.875,87.895,87.8,87.815,18
2026-05-14 02:02,87.98,88.01,87.81,87.83,18
2026-05-14 02:03,87.92,88.07,87.92,87.99,28
2026-05-14 02:04,88.02,88.02,87.955,87.98,4
2026-05-14 02:05,87.985,88.06,87.985,88.045,8
2026-05-14 02:06,87.94,88.05,87.94,88.045,6
2026-05-14 02:07,87.985,88.01,87.97,88.01,3
2026-05-14 02:08,87.835,88.005,87.815,87.975,22
2026-05-14 02:09,87.915,87.915,87.82,87.82,5
2026-05-14 02:10,87.835,87.88,87.815,87.88,5
2026-05-14 02:11,87.8,87.865,87.8,87.83,4
2026-05-14 02:12,87.72,87.8,87.72,87.785,18
2026-05-14 02:13,87.695,87.725,87.64,87.7,35
2026-05-14 02:14,87.72,87.745,87.705,87.745,8
2026-05-14 02:15,87.765,87.785,87.755,87.775,7
2026-05-14 02:16,87.75,87.775,87.72,87.755,11
2026-05-14 02:17,87.855,87.88,87.77,87.77,21
2026-05-14 02:18,87.805,87.87,87.805,87.87,75
2026-05-14 02:19,87.84,87.84,87.835,87.835,2
2026-05-14 02:20,87.865,87.885,87.83,87.88,8
2026-05-14 02:21,87.815,87.855,87.815,87.855,4
2026-05-14 02:22,87.865,87.88,87.865,87.875,12
2026-05-14 02:23,87.86,87.885,87.86,87.885,3
2026-05-14 02:24,87.92,87.92,87.79,87.805,19
2026-05-14 02:25,88.115,88.12,87.925,87.925,74
2026-05-14 02:26,88.09,88.135,88.04,88.135,8
2026-05-14 02:27,88.035,88.045,88.02,88.02,5
2026-05-14 02:28,88.005,88.06,88.005,88.06,3
2026-05-14 02:29,88.085,88.09,88.085,88.09,14
2026-05-14 02:30,88.02,88.075,87.905,88.075,87
2026-05-14 02:31,88.175,88.205,88.04,88.04,38
2026-05-14 02:32,88.285,88.37,88.165,88.195,88
2026-05-14 02:33,88.3,88.325,88.265,88.305,13
2026-05-14 02:34,88.345,88.345,88.275,88.33,13
2026-05-14 02:35,88.34,88.375,88.32,88.32,22
2026-05-14 02:36,88.13,88.32,88.13,88.32,22
2026-05-14 02:37,88.225,88.225,88.14,88.14,9
2026-05-14 02:38,88.195,88.255,88.195,88.22,15
2026-05-14 02:39,88.065,88.18,88.06,88.18,17
2026-05-14 02:40,87.91,88.115,87.91,88.06,29
2026-05-14 02:41,87.855,87.92,87.85,87.885,16
2026-05-14 02:42,87.915,87.92,87.9,87.9,4
2026-05-14 02:43,87.755,87.93,87.725,87.93,37
2026-05-14 02:44,87.94,87.94,87.79,87.79,10
2026-05-14 02:45,88.0,88.0,87.895,87.925,13
2026-05-14 02:46,87.905,88.005,87.905,87.995,16
2026-05-14 02:47,87.755,87.85,87.71,87.85,11
2026-05-14 02:48,87.52,87.78,87.445,87.78,208
2026-05-14 02:49,87.49,87.555,87.375,87.5,87
2026-05-14 02:50,87.53,87.54,87.42,87.54,36
2026-05-14 02:51,87.57,87.595,87.52,87.55,36
2026-05-14 02:52,87.615,87.65,87.605,87.605,18
2026-05-14 02:53,87.54,87.605,87.535,87.605,9
2026-05-14 02:54,87.725,87.725,87.575,87.58,22
2026-05-14 02:55,87.615,87.705,87.615,87.7,21
2026-05-14 02:56,87.66,87.66,87.54,87.625,28
2026-05-14 02:57,87.745,87.76,87.695,87.705,14
2026-05-14 02:58,87.65,87.74,87.65,87.74,17
2026-05-14 02:59,87.63,87.63,87.575,87.63,23
2026-05-14 03:00,87.74,87.74,87.625,87.625,8
2026-05-14 03:01,87.765,87.785,87.74,87.74,10
2026-05-14 03:02,87.885,87.91,87.74,87.755,73
2026-05-14 03:03,87.865,87.9,87.86,87.86,23
2026-05-14 03:04,87.725,87.83,87.705,87.83,37
2026-05-14 03:05,87.685,87.785,87.685,87.785,8
2026-05-14 03:06,87.58,87.76,87.58,87.76,56
2026-05-14 03:07,87.475,87.6,87.475,87.59,48
2026-05-14 03:08,87.38,87.405,87.27,87.405,160
2026-05-14 03:09,87.35,87.375,87.29,87.37,83
2026-05-14 03:10,87.215,87.41,87.2,87.36,60
2026-05-14 03:11,87.305,87.315,87.21,87.225,41
2026-05-14 03:12,87.245,87.3,87.2,87.3,30
2026-05-14 03:13,87.28,87.325,87.245,87.25,14
2026-05-14 03:14,87.265,87.31,87.205,87.305,26
2026-05-14 03:15,87.365,87.405,87.315,87.315,34
2026-05-14 03:16,87.355,87.41,87.355,87.375,7
2026-05-14 03:17,87.36,87.36,87.31,87.35,14
2026-05-14 03:18,87.305,87.445,87.305,87.37,23
2026-05-14 03:19,87.17,87.32,87.16,87.27,21
2026-05-14 03:20,87.245,87.29,87.195,87.195,20
2026-05-14 03:21,87.165,87.235,87.13,87.235,53
2026-05-14 03:22,87.315,87.315,87.155,87.155,34
2026-05-14 03:23,87.465,87.475,87.305,87.315,48
2026-05-14 03:24,87.455,87.495,87.42,87.46,26
2026-05-14 03:25,87.41,87.515,87.345,87.465,44
2026-05-14 03:26,87.545,87.57,87.435,87.435,37
2026-05-14 03:27,87.605,87.63,87.545,87.545,19
2026-05-14 03:28,87.665,87.675,87.59,87.605,76
2026-05-14 03:29,87.665,87.67,87.645,87.67,22
2026-05-14 03:30,87.51,87.71,87.51,87.7,76
2026-05-14 03:31,87.485,87.59,87.485,87.53,18
2026-05-14 03:32,87.44,87.505,87.405,87.49,26
2026-05-14 03:33,87.465,87.465,87.435,87.45,3
2026-05-14 03:34,87.4,87.45,87.335,87.445,23
2026-05-14 03:35,87.5,87.5,87.395,87.395,70
2026-05-14 03:36,87.445,87.51,87.445,87.49,28
2026-05-14 03:37,87.435,87.465,87.41,87.435,51
2026-05-14 03:38,87.175,87.43,87.175,87.43,58
2026-05-14 03:39,87.095,87.195,87.075,87.195,67
2026-05-14 03:40,87.175,87.175,87.05,87.09,61
2026-05-14 03:41,87.05,87.175,86.99,87.175,83
2026-05-14 03:42,87.005,87.12,86.965,87.085,41
2026-05-14 03:43,87.165,87.18,87.065,87.065,23
2026-05-14 03:44,87.12,87.155,87.09,87.14,14
2026-05-14 03:45,87.21,87.215,87.115,87.135,16
2026-05-14 03:46,87.18,87.215,87.135,87.205,18
2026-05-14 03:47,87.03,87.24,87.03,87.15,52
2026-05-14 03:48,87.05,87.05,86.91,87.01,109
2026-05-14 03:49,87.11,87.12,87.005,87.025,16
2026-05-14 03:50,87.055,87.13,87.01,87.13,69
2026-05-14 03:51,87.06,87.08,87.055,87.055,4
2026-05-14 03:53,86.95,87.05,86.94,87.035,46
2026-05-14 03:54,86.985,86.99,86.945,86.95,13
2026-05-14 03:55,86.955,86.97,86.935,86.97,12
2026-05-14 03:56,87.045,87.09,86.97,86.97,46
2026-05-14 03:57,87.085,87.11,87.0,87.01,16
2026-05-14 03:58,87.025,87.105,87.025,87.105,15
2026-05-14 04:00,86.88,86.955,86.805,86.955,52
2026-05-14 04:01,86.905,86.905,86.86,86.88,10
2026-05-14 04:02,86.975,86.975,86.94,86.94,21
2026-05-14 04:03,86.92,86.98,86.92,86.92,13
2026-05-14 04:04,86.835,86.92,86.8,86.92,33
2026-05-14 04:05,87.03,87.1,86.9,86.9,52
2026-05-14 04:06,86.985,87.05,86.985,87.02,3
2026-05-14 04:07,87.105,87.105,87.06,87.06,11
2026-05-14 04:08,87.135,87.15,87.115,87.115,23
2026-05-14 04:09,87.18,87.2,87.12,87.12,9
2026-05-14 04:10,87.17,87.23,87.155,87.17,43
2026-05-14 04:11,87.14,87.185,87.12,87.18,7
2026-05-14 04:12,87.19,87.2,87.155,87.17,20
2026-05-14 04:13,87.245,87.27,87.18,87.18,21
2026-05-14 04:14,87.225,87.24,87.185,87.235,35
2026-05-14 04:15,87.25,87.27,87.235,87.235,12
2026-05-14 04:16,87.27,87.31,87.255,87.255,15
2026-05-14 04:17,87.28,87.29,87.27,87.27,4
2026-05-14 04:18,87.315,87.315,87.3,87.3,3
2026-05-14 04:19,87.34,87.34,87.305,87.31,18
2026-05-14 04:20,87.355,87.385,87.33,87.33,12
2026-05-14 04:21,87.39,87.44,87.385,87.385,22
2026-05-14 04:22,87.45,87.46,87.4,87.405,24
2026-05-14 04:23,87.465,87.465,87.45,87.455,10
2026-05-14 04:24,87.525,87.53,87.455,87.465,15
2026-05-14 04:25,87.68,87.7,87.505,87.51,45
2026-05-14 04:26,87.805,87.805,87.595,87.665,60
2026-05-14 04:27,87.745,87.88,87.745,87.785,107
2026-05-14 04:28,87.61,87.71,87.61,87.71,44
2026-05-14 04:29,87.665,87.665,87.59,87.62,14
2026-05-14 04:30,87.715,87.76,87.66,87.66,56
2026-05-14 04:31,87.72,87.755,87.65,87.69,40
2026-05-14 04:32,87.875,87.905,87.74,87.74,16
2026-05-14 04:33,87.88,87.915,87.845,87.9,54
2026-05-14 04:34,87.805,87.86,87.78,87.855,15
2026-05-14 04:35,87.78,87.835,87.775,87.805,29
2026-05-14 04:36,87.79,87.845,87.75,87.845,21
2026-05-14 04:37,87.68,87.74,87.68,87.725,32
2026-05-14 04:38,87.695,87.705,87.695,87.705,5
2026-05-14 04:39,87.68,87.71,87.68,87.71,16
2026-05-14 04:40,87.62,87.685,87.62,87.685,27
2026-05-14 04:41,87.725,87.725,87.695,87.695,14
2026-05-14 04:42,87.67,87.73,87.67,87.73,4
2026-05-14 04:43,87.62,87.65,87.565,87.65,40
2026-05-14 04:44,87.685,87.685,87.68,87.68,2
2026-05-14 04:45,87.63,87.65,87.63,87.65,6
2026-05-14 04:46,87.65,87.65,87.635,87.635,6
2026-05-14 04:47,87.755,87.755,87.705,87.71,12
2026-05-14 04:48,87.76,87.775,87.74,87.75,7
2026-05-14 04:49,87.73,87.755,87.73,87.735,7
2026-05-14 04:50,87.66,87.72,87.66,87.72,15
2026-05-14 04:51,87.68,87.7,87.67,87.67,23
2026-05-14 04:52,87.625,87.63,87.62,87.63,3
2026-05-14 04:53,87.65,87.65,87.625,87.625,4
2026-05-14 04:54,87.68,87.68,87.66,87.66,4
2026-05-14 04:55,87.76,87.775,87.69,87.69,40
2026-05-14 04:56,87.76,87.76,87.74,87.74,8
2026-05-14 04:57,87.55,87.695,87.54,87.695,75
2026-05-14 04:58,87.555,87.64,87.515,87.57,71
2026-05-14 04:59,87.5,87.545,87.48,87.54,16
2026-05-14 05:00,87.48,87.505,87.445,87.485,45
2026-05-14 05:01,87.49,87.49,87.465,87.47,9
2026-05-14 05:02,87.465,87.51,87.465,87.505,18
2026-05-14 05:03,87.49,87.515,87.465,87.48,14
2026-05-14 05:04,87.635,87.635,87.505,87.52,85
2026-05-14 05:05,87.655,87.685,87.64,87.64,6
2026-05-14 05:06,87.665,87.675,87.65,87.655,5
2026-05-14 05:07,87.655,87.67,87.62,87.65,33
2026-05-14 05:08,87.67,87.68,87.605,87.645,28
2026-05-14 05:09,87.66,87.665,87.655,87.665,3
2026-05-14 05:10,87.75,87.785,87.67,87.67,35
2026-05-14 05:11,87.67,87.72,87.67,87.72,10
2026-05-14 05:12,87.685,87.685,87.68,87.68,2
2026-05-14 05:13,87.655,87.705,87.655,87.705,3
2026-05-14 05:14,87.495,87.63,87.475,87.63,47
2026-05-14 05:15,87.485,87.485,87.445,87.47,8
2026-05-14 05:16,87.53,87.53,87.48,87.51,24
2026-05-14 05:17,87.53,87.53,87.53,87.53,1
2026-05-14 05:18,87.485,87.495,87.485,87.495,3
2026-05-14 05:19,87.555,87.555,87.475,87.51,16
2026-05-14 05:20,87.535,87.545,87.535,87.545,4
2026-05-14 05:21,87.505,87.54,87.505,87.54,10
2026-05-14 05:22,87.525,87.525,87.525,87.525,1
2026-05-14 05:23,87.54,87.54,87.54,87.54,1
2026-05-14 05:24,87.575,87.64,87.575,87.585,31
2026-05-14 05:25,87.505,87.545,87.49,87.54,35
2026-05-14 05:26,87.465,87.465,87.405,87.46,19
2026-05-14 05:27,87.505,87.505,87.5,87.5,2
2026-05-14 05:28,87.435,87.48,87.425,87.47,39
2026-05-14 05:29,87.48,87.48,87.435,87.435,4
2026-05-14 05:30,87.73,87.765,87.44,87.455,54
2026-05-14 05:31,87.725,87.735,87.65,87.73,15
2026-05-14 05:32,87.765,87.765,87.665,87.72,5
2026-05-14 05:33,87.76,87.84,87.75,87.78,35
2026-05-14 05:34,87.705,87.765,87.695,87.76,39
2026-05-14 05:35,87.71,87.735,87.685,87.685,13
2026-05-14 05:36,87.69,87.705,87.635,87.705,29
2026-05-14 05:37,87.69,87.725,87.645,87.725,31
2026-05-14 05:38,87.74,87.75,87.71,87.71,12
2026-05-14 05:39,87.815,87.9,87.73,87.73,187
2026-05-14 05:40,87.84,87.84,87.765,87.805,8
2026-05-14 05:41,87.86,87.91,87.825,87.84,20
2026-05-14 05:42,87.835,87.91,87.835,87.85,17
2026-05-14 05:43,87.855,87.865,87.785,87.86,39
2026-05-14 05:44,87.88,87.88,87.82,87.84,8
2026-05-14 05:45,88.04,88.06,87.885,87.885,45
2026-05-14 05:46,87.97,88.01,87.92,88.0,54
2026-05-14 05:47,87.86,87.995,87.86,87.915,52
2026-05-14 05:48,87.845,87.955,87.845,87.885,35
2026-05-14 05:49,87.855,87.855,87.81,87.84,11
2026-05-14 05:50,87.895,87.915,87.895,87.91,5
2026-05-14 05:51,87.85,87.915,87.835,87.9,20
2026-05-14 05:52,87.855,87.855,87.855,87.855,1
2026-05-14 05:53,87.765,87.805,87.74,87.77,9
2026-05-14 05:54,87.725,87.785,87.725,87.78,9
2026-05-14 05:55,87.715,87.72,87.645,87.72,62
2026-05-14 05:56,87.695,87.75,87.695,87.73,13
2026-05-14 05:58,87.7,87.805,87.7,87.77,34
2026-05-14 05:59,87.51,87.705,87.51,87.705,22
2026-05-14 06:00,87.615,87.635,87.475,87.5,30
2026-05-14 06:01,87.685,87.685,87.61,87.615,15
2026-05-14 06:02,87.72,87.73,87.6,87.67,20
2026-05-14 06:03,87.835,87.87,87.76,87.76,36
2026-05-14 06:04,87.785,87.87,87.76,87.84,17
2026-05-14 06:05,87.845,87.845,87.79,87.8,10
2026-05-14 06:06,87.82,87.85,87.81,87.85,7
2026-05-14 06:07,87.8,87.805,87.75,87.79,14
2026-05-14 06:08,87.64,87.765,87.635,87.76,22
2026-05-14 06:09,87.72,87.72,87.7,87.7,4
2026-05-14 06:10,87.72,87.72,87.72,87.72,2
2026-05-14 06:11,87.695,87.77,87.695,87.695,9
2026-05-14 06:12,87.605,87.605,87.595,87.6,7
2026-05-14 06:13,87.6,87.615,87.56,87.615,6
2026-05-14 06:14,87.65,87.65,87.605,87.605,6
2026-05-14 06:15,87.635,87.635,87.595,87.605,6
2026-05-14 06:16,87.595,87.625,87.55,87.62,12
2026-05-14 06:17,87.595,87.63,87.58,87.63,16
2026-05-14 06:18,87.585,87.6,87.575,87.6,5
2026-05-14 06:19,87.7,87.7,87.695,87.695,5
2026-05-14 06:20,87.72,87.74,87.69,87.69,5
2026-05-14 06:21,87.735,87.8,87.73,87.8,8
2026-05-14 06:22,87.66,87.735,87.64,87.72,12
2026-05-14 06:23,87.59,87.625,87.58,87.625,7
2026-05-14 06:24,87.66,87.66,87.645,87.645,2
2026-05-14 06:25,87.695,87.695,87.665,87.685,5
2026-05-14 06:26,87.75,87.75,87.71,87.725,19
2026-05-14 06:27,87.75,87.755,87.75,87.755,3
2026-05-14 06:28,87.775,87.82,87.765,87.765,14
2026-05-14 06:29,87.705,87.765,87.705,87.765,10
2026-05-14 06:30,87.725,87.725,87.63,87.66,10
2026-05-14 06:31,87.755,87.755,87.725,87.725,5
2026-05-14 06:32,87.775,87.775,87.745,87.745,3
2026-05-14 06:33,87.785,87.785,87.75,87.755,4
2026-05-14 06:34,87.75,87.785,87.735,87.785,13
2026-05-14 06:35,87.77,87.8,87.75,87.755,12
2026-05-14 06:36,87.755,87.775,87.735,87.765,6
2026-05-14 06:37,87.685,87.78,87.66,87.78,32
2026-05-14 06:38,87.665,87.7,87.665,87.695,9
2026-05-14 06:39,87.665,87.665,87.61,87.645,34
2026-05-14 06:40,87.545,87.63,87.52,87.63,21
2026-05-14 06:41,87.64,87.665,87.54,87.54,34
2026-05-14 06:42,87.69,87.725,87.66,87.66,13
2026-05-14 06:43,87.645,87.645,87.645,87.645,3
2026-05-14 06:44,87.84,87.86,87.655,87.655,32
2026-05-14 06:45,87.94,87.99,87.8,87.825,63
2026-05-14 06:46,87.87,87.97,87.85,87.97,39
2026-05-14 06:47,87.85,87.89,87.83,87.89,10
2026-05-14 06:48,87.8,87.84,87.76,87.84,17
2026-05-14 06:49,87.55,87.785,87.53,87.785,50
2026-05-14 06:50,87.625,87.65,87.575,87.575,17
2026-05-14 06:51,87.715,87.715,87.625,87.625,26
2026-05-14 06:52,87.8,87.8,87.7,87.725,18
2026-05-14 06:53,87.79,87.82,87.79,87.79,4
2026-05-14 06:54,87.75,87.8,87.75,87.79,11
2026-05-14 06:55,87.69,87.75,87.69,87.725,15
2026-05-14 06:56,87.67,87.735,87.66,87.705,4
2026-05-14 06:57,87.75,87.76,87.69,87.69,16
2026-05-14 06:58,87.775,87.775,87.715,87.725,11
2026-05-14 06:59,87.76,87.76,87.75,87.76,7
2026-05-14 07:00,87.61,87.7,87.515,87.7,53
2026-05-14 07:01,87.615,87.615,87.565,87.58,15
2026-05-14 07:02,87.735,87.735,87.65,87.65,12
2026-05-14 07:03,87.63,87.745,87.595,87.745,13
2026-05-14 07:04,87.555,87.63,87.44,87.63,46
2026-05-14 07:05,87.495,87.56,87.48,87.555,15
2026-05-14 07:06,87.465,87.49,87.445,87.49,16
2026-05-14 07:07,87.545,87.575,87.535,87.535,13
2026-05-14 07:08,87.615,87.625,87.55,87.58,19
2026-05-14 07:09,87.54,87.57,87.475,87.57,20
2026-05-14 07:10,87.545,87.57,87.52,87.54,10
2026-05-14 07:12,87.405,87.46,87.28,87.46,78
2026-05-14 07:13,87.29,87.38,87.2,87.365,84
2026-05-14 07:14,87.325,87.365,87.315,87.32,9
2026-05-14 07:15,87.335,87.375,87.25,87.33,33
2026-05-14 07:16,87.385,87.41,87.31,87.31,18
2026-05-14 07:17,87.4,87.43,87.335,87.4,19
2026-05-14 07:18,87.43,87.43,87.365,87.37,12
2026-05-14 07:19,87.42,87.47,87.415,87.425,36
2026-05-14 07:20,87.34,87.45,87.34,87.415,18
2026-05-14 07:21,87.4,87.405,87.335,87.335,7
2026-05-14 07:22,87.5,87.505,87.41,87.41,8
2026-05-14 07:23,87.56,87.575,87.505,87.505,16
2026-05-14 07:24,87.64,87.64,87.58,87.58,5
2026-05-14 07:25,87.655,87.655,87.635,87.645,7
2026-05-14 07:26,87.7,87.7,87.67,87.67,6
2026-05-14 07:27,87.86,87.89,87.71,87.71,81
2026-05-14 07:28,87.845,87.92,87.83,87.89,36
2026-05-14 07:29,87.865,87.88,87.845,87.855,8
2026-05-14 07:30,87.765,87.855,87.765,87.855,12
2026-05-14 07:31,87.74,87.75,87.74,87.75,2
2026-05-14 07:32,87.895,87.94,87.675,87.675,41
2026-05-14 07:33,87.99,88.055,87.885,87.885,55
2026-05-14 07:34,88.05,88.05,87.97,87.99,38
2026-05-14 07:35,88.115,88.135,88.03,88.055,45
2026-05-14 07:36,88.13,88.165,88.065,88.1,44
2026-05-14 07:37,88.04,88.115,88.04,88.115,12
2026-05-14 07:38,88.095,88.125,88.02,88.025,29
2026-05-14 07:39,87.96,88.1,87.96,88.08,35
2026-05-14 07:40,88.0,88.025,87.955,87.955,14
2026-05-14 07:41,88.125,88.13,88.03,88.035,22
2026-05-14 07:42,88.14,88.14,88.09,88.13,8
2026-05-14 07:43,88.02,88.105,88.02,88.105,17
2026-05-14 07:44,87.95,88.045,87.95,88.03,10
2026-05-14 07:45,87.95,87.975,87.93,87.93,6
2026-05-14 07:46,87.94,87.94,87.9,87.93,17
2026-05-14 07:47,87.845,87.925,87.845,87.925,12
2026-05-14 07:48,87.77,87.805,87.755,87.795,19
2026-05-14 07:49,87.86,87.86,87.76,87.78,27
2026-05-14 07:50,87.76,87.83,87.7,87.83,19
2026-05-14 07:51,87.795,87.795,87.66,87.72,24
2026-05-14 07:52,87.825,87.825,87.78,87.79,7
2026-05-14 07:53,87.825,87.83,87.815,87.83,12
2026-05-14 07:54,87.76,87.805,87.705,87.79,21
2026-05-14 07:55,87.835,87.835,87.74,87.74,13
2026-05-14 07:56,87.805,87.865,87.805,87.865,11
2026-05-14 07:57,87.765,87.845,87.765,87.845,9
2026-05-14 07:58,87.645,87.74,87.635,87.74,24
2026-05-14 07:59,87.585,87.63,87.515,87.61,32
2026-05-14 08:00,87.78,87.78,87.51,87.56,24
2026-05-14 08:01,87.745,87.8,87.745,87.77,15
2026-05-14 08:02,87.8,87.8,87.67,87.695,15
2026-05-14 08:03,87.77,87.81,87.77,87.805,10
2026-05-14 08:04,87.695,87.695,87.695,87.695,1
2026-05-14 08:05,87.705,87.705,87.645,87.65,7
2026-05-14 08:06,87.65,87.71,87.635,87.68,10
2026-05-14 08:07,87.73,87.73,87.645,87.645,7
2026-05-14 08:08,87.755,87.765,87.75,87.75,7
2026-05-14 08:09,87.7,87.775,87.7,87.755,10
2026-05-14 08:10,87.71,87.71,87.71,87.71,1
2026-05-14 08:11,87.755,87.755,87.75,87.75,2
2026-05-14 08:12,87.79,87.8,87.76,87.775,10
2026-05-14 08:13,87.85,87.895,87.81,87.81,18
2026-05-14 08:14,87.845,87.905,87.84,87.895,13
2026-05-14 08:15,87.93,87.93,87.905,87.905,13
2026-05-14 08:16,87.95,87.95,87.92,87.93,6
2026-05-14 08:17,87.85,87.93,87.85,87.93,12
2026-05-14 08:18,87.905,87.905,87.905,87.905,1
2026-05-14 08:19,87.825,87.905,87.825,87.905,15
2026-05-14 08:20,87.925,87.925,87.86,87.86,2
2026-05-14 08:21,87.82,87.895,87.82,87.88,7
2026-05-14 08:22,87.88,87.88,87.85,87.85,3
2026-05-14 08:23,87.855,87.86,87.82,87.86,23
2026-05-14 08:24,87.92,87.925,87.835,87.835,14
2026-05-14 08:25,87.945,87.965,87.925,87.925,6
2026-05-14 08:26,87.925,88.005,87.925,87.965,10
2026-05-14 08:27,87.91,87.915,87.9,87.915,6
2026-05-14 08:28,87.985,88.0,87.95,87.95,22
2026-05-14 08:29,88.035,88.035,87.975,87.975,9
2026-05-14 08:30,88.16,88.16,88.065,88.085,55
2026-05-14 08:31,88.005,88.125,88.005,88.12,19
2026-05-14 08:32,88.015,88.015,87.965,87.99,11
2026-05-14 08:33,87.985,88.005,87.985,88.0,3
2026-05-14 08:34,87.95,87.955,87.95,87.955,3
2026-05-14 08:35,88.04,88.04,87.96,87.96,22
2026-05-14 08:36,88.055,88.055,88.03,88.04,11
2026-05-14 08:37,88.03,88.035,88.01,88.03,6
2026-05-14 08:38,87.95,88.015,87.95,88.015,5
2026-05-14 08:39,87.935,87.935,87.9,87.9,16
2026-05-14 08:40,87.87,87.88,87.87,87.88,3
2026-05-14 08:41,87.83,87.885,87.81,87.88,12
2026-05-14 08:42,87.86,87.875,87.81,87.84,16
2026-05-14 08:43,87.69,87.8,87.675,87.8,23
2026-05-14 08:44,87.71,87.72,87.665,87.675,11
2026-05-14 08:45,87.72,87.72,87.72,87.72,1
2026-05-14 08:46,87.71,87.755,87.71,87.755,4
2026-05-14 08:47,87.7,87.72,87.675,87.7,5
2026-05-14 08:48,87.665,87.715,87.665,87.705,21
2026-05-14 08:49,87.76,87.76,87.69,87.69,9
2026-05-14 08:50,87.675,87.7,87.65,87.7,12
2026-05-14 08:51,87.685,87.705,87.665,87.665,7
2026-05-14 08:52,87.67,87.735,87.67,87.735,6
2026-05-14 08:53,87.67,87.675,87.67,87.67,4
2026-05-14 08:55,87.67,87.685,87.645,87.645,8
2026-05-14 08:56,87.7,87.705,87.67,87.67,17
2026-05-14 08:57,87.64,87.705,87.64,87.705,14
2026-05-14 08:58,87.655,87.655,87.645,87.65,8
2026-05-14 08:59,87.58,87.625,87.575,87.625,7
2026-05-14 09:00,87.63,87.63,87.545,87.575,37
2026-05-14 09:01,87.505,87.63,87.485,87.63,104
2026-05-14 09:02,87.555,87.565,87.515,87.515,12
2026-05-14 09:03,87.555,87.595,87.55,87.55,5
2026-05-14 09:04,87.58,87.58,87.58,87.58,1
2026-05-14 09:05,87.565,87.585,87.545,87.585,8
2026-05-14 09:06,87.6,87.6,87.535,87.535,8
2026-05-14 09:07,87.65,87.655,87.6,87.605,7
2026-05-14 09:08,87.655,87.655,87.585,87.585,6
2026-05-14 09:09,87.725,87.725,87.66,87.66,25
2026-05-14 09:10,87.6,87.82,87.58,87.715,75
2026-05-14 09:11,87.65,87.65,87.63,87.63,2
2026-05-14 09:12,87.605,87.625,87.6,87.625,8
2026-05-14 09:15,87.63,87.645,87.615,87.645,5
2026-05-14 09:16,87.715,87.715,87.67,87.67,4
2026-05-14 09:17,87.7,87.73,87.7,87.73,5
2026-05-14 09:19,87.72,87.72,87.665,87.665,5
2026-05-14 09:20,87.76,87.76,87.75,87.75,3
2026-05-14 09:21,87.745,87.745,87.72,87.72,6
2026-05-14 09:22,87.745,87.75,87.725,87.75,3
2026-05-14 09:23,87.74,87.74,87.74,87.74,1
2026-05-14 09:25,87.655,87.665,87.655,87.655,4
2026-05-14 09:26,87.715,87.715,87.625,87.625,14
2026-05-14 09:27,87.66,87.66,87.655,87.655,2
2026-05-14 09:28,87.64,87.69,87.64,87.69,2
2026-05-14 09:29,87.585,87.61,87.585,87.61,6
2026-05-14 09:30,87.555,87.575,87.52,87.53,8
2026-05-14 09:31,87.6,87.6,87.545,87.57,8
2026-05-14 09:32,87.56,87.615,87.545,87.615,12
2026-05-14 09:33,87.56,87.56,87.56,87.56,1
2026-05-14 09:34,87.62,87.62,87.595,87.595,4
2026-05-14 09:35,87.59,87.64,87.59,87.64,7
2026-05-14 09:36,87.405,87.52,87.365,87.52,43
2026-05-14 09:37,87.3,87.415,87.3,87.39,94
2026-05-14 09:38,87.4,87.425,87.25,87.3,51
2026-05-14 09:39,87.485,87.485,87.39,87.39,23
2026-05-14 09:40,87.54,87.54,87.46,87.46,22
2026-05-14 09:41,87.665,87.685,87.54,87.55,46
2026-05-14 09:42,87.77,87.77,87.64,87.665,53
2026-05-14 09:43,87.78,87.875,87.78,87.8,31
2026-05-14 09:44,87.76,87.815,87.715,87.805,17
2026-05-14 09:45,87.87,87.87,87.775,87.775,100
2026-05-14 09:46,87.97,88.01,87.87,87.875,58
2026-05-14 09:47,87.935,87.97,87.915,87.92,19
2026-05-14 09:48,87.965,87.985,87.93,87.93,10
2026-05-14 09:49,88.02,88.035,87.95,87.95,64
2026-05-14 09:50,87.925,88.035,87.925,88.03,37
2026-05-14 09:51,87.85,87.91,87.85,87.91,10
2026-05-14 09:52,87.88,87.905,87.85,87.865,23
2026-05-14 09:53,87.83,87.87,87.83,87.87,5
2026-05-14 09:54,87.865,87.865,87.78,87.82,24
2026-05-14 09:55,87.88,87.91,87.85,87.86,33
2026-05-14 09:56,87.93,87.94,87.815,87.815,41
2026-05-14 09:57,87.885,87.97,87.885,87.935,30
2026-05-14 09:58,87.82,87.9,87.82,87.9,16
2026-05-14 09:59,87.73,87.835,87.73,87.795,45
2026-05-14 10:00,87.735,87.76,87.73,87.745,21
2026-05-14 10:01,87.71,87.745,87.705,87.715,55
2026-05-14 10:02,87.67,87.7,87.67,87.685,44
2026-05-14 10:03,87.645,87.67,87.62,87.665,16
2026-05-14 10:04,87.615,87.65,87.6,87.65,13
2026-05-14 10:05,87.6,87.64,87.6,87.62,11
2026-05-14 10:06,87.6,87.625,87.535,87.6,54
2026-05-14 10:07,87.55,87.58,87.53,87.58,34
2026-05-14 10:08,87.495,87.555,87.45,87.55,35
2026-05-14 10:09,87.535,87.535,87.485,87.485,32
2026-05-14 10:10,87.625,87.625,87.47,87.54,30
2026-05-14 10:11,87.825,87.835,87.605,87.62,88
2026-05-14 10:12,87.565,87.785,87.565,87.765,78
2026-05-14 10:13,87.525,87.55,87.475,87.55,26
2026-05-14 10:14,87.555,87.555,87.51,87.525,9
2026-05-14 10:15,87.55,87.59,87.535,87.56,21
2026-05-14 10:16,87.545,87.585,87.53,87.56,20
2026-05-14 10:17,87.545,87.565,87.47,87.495,31
2026-05-14 10:18,87.58,87.63,87.565,87.595,59
2026-05-14 10:19,87.585,87.61,87.555,87.555,16
2026-05-14 10:20,87.55,87.55,87.535,87.55,18
2026-05-14 10:21,87.495,87.54,87.48,87.52,25
2026-05-14 10:22,87.565,87.565,87.5,87.52,27
2026-05-14 10:23,87.4,87.515,87.4,87.515,35
2026-05-14 10:24,87.41,87.41,87.355,87.395,25
2026-05-14 10:25,87.465,87.51,87.41,87.445,39
2026-05-14 10:26,87.51,87.53,87.475,87.49,26
2026-05-14 10:27,87.45,87.51,87.45,87.46,17
2026-05-14 10:28,87.54,87.54,87.425,87.46,40
2026-05-14 10:29,87.47,87.525,87.47,87.52,46
2026-05-14 10:30,87.54,87.54,87.48,87.48,49
2026-05-14 10:31,87.5,87.57,87.47,87.55,33
2026-05-14 10:32,87.42,87.445,87.42,87.44,3
2026-05-14 10:33,87.425,87.425,87.39,87.41,14
2026-05-14 10:34,87.42,87.425,87.395,87.405,13
2026-05-14 10:35,87.395,87.44,87.395,87.44,6
2026-05-14 10:36,87.41,87.455,87.365,87.38,49
2026-05-14 10:37,87.45,87.485,87.4,87.4,78
2026-05-14 10:38,87.445,87.485,87.44,87.44,21
2026-05-14 10:39,87.45,87.46,87.42,87.435,15
2026-05-14 10:40,87.47,87.47,87.435,87.445,61
2026-05-14 10:41,87.475,87.475,87.42,87.445,11
2026-05-14 10:42,87.48,87.485,87.42,87.44,26
2026-05-14 10:43,87.39,87.48,87.37,87.48,65
2026-05-14 10:44,87.445,87.445,87.38,87.4,59
2026-05-14 10:45,87.46,87.52,87.43,87.455,37
2026-05-14 10:46,87.5,87.5,87.455,87.485,9
2026-05-14 10:47,87.415,87.47,87.4,87.47,36
2026-05-14 10:48,87.47,87.475,87.44,87.44,13
2026-05-14 10:49,87.495,87.495,87.475,87.49,9
2026-05-14 10:50,87.58,87.585,87.495,87.495,23
2026-05-14 10:51,87.465,87.585,87.465,87.54,29
2026-05-14 10:52,87.43,87.49,87.415,87.465,12
2026-05-14 10:53,87.605,87.615,87.42,87.425,70
2026-05-14 10:54,87.565,87.68,87.56,87.635,60
2026-05-14 10:55,87.59,87.625,87.58,87.595,12
2026-05-14 10:56,87.58,87.62,87.56,87.62,3
2026-05-14 10:57,87.595,87.6,87.595,87.6,3
2026-05-14 10:58,87.735,87.735,87.595,87.625,62
2026-05-14 10:59,87.71,87.785,87.665,87.745,120
2026-05-14 11:00,87.605,87.82,87.6,87.71,81
2026-05-14 11:01,87.62,87.655,87.6,87.635,27
2026-05-14 11:02,87.555,87.63,87.535,87.63,45
2026-05-14 11:03,87.46,87.545,87.45,87.54,26
2026-05-14 11:04,87.375,87.44,87.375,87.415,23
2026-05-14 11:05,87.345,87.405,87.285,87.35,54
2026-05-14 11:06,87.295,87.365,87.255,87.365,31
2026-05-14 11:07,87.43,87.43,87.3,87.3,46
2026-05-14 11:08,87.5,87.5,87.36,87.44,76
2026-05-14 11:09,87.51,87.595,87.465,87.515,52
2026-05-14 11:10,87.465,87.545,87.46,87.53,32
2026-05-14 11:11,87.46,87.5,87.46,87.47,12
2026-05-14 11:12,87.495,87.495,87.455,87.47,5
2026-05-14 11:13,87.53,87.53,87.49,87.49,13
2026-05-14 11:14,87.555,87.575,87.55,87.55,10
2026-05-14 11:15,87.47,87.54,87.47,87.54,17
2026-05-14 11:16,87.49,87.49,87.49,87.49,1
2026-05-14 11:17,87.405,87.45,87.4,87.45,20
2026-05-14 11:18,87.445,87.445,87.4,87.4,16
2026-05-14 11:19,87.39,87.45,87.39,87.435,23
2026-05-14 11:20,87.425,87.455,87.36,87.36,46
2026-05-14 11:21,87.355,87.45,87.355,87.45,14
2026-05-14 11:22,87.365,87.39,87.34,87.34,6
2026-05-14 11:23,87.3,87.33,87.295,87.33,11
2026-05-14 11:24,87.28,87.28,87.28,87.28,3
2026-05-14 11:25,87.1,87.26,87.1,87.24,92
2026-05-14 11:26,87.05,87.1,87.04,87.07,43
2026-05-14 11:27,87.17,87.2,87.065,87.07,39
2026-05-14 11:28,87.21,87.21,87.165,87.2,62
2026-05-14 11:29,87.12,87.215,87.12,87.215,14
2026-05-14 11:30,87.12,87.22,87.12,87.12,27
2026-05-14 11:31,87.09,87.14,87.09,87.115,33
2026-05-14 11:32,87.08,87.105,87.04,87.095,39
2026-05-14 11:33,87.21,87.215,87.07,87.07,14
2026-05-14 11:34,87.235,87.26,87.22,87.22,9
2026-05-14 11:35,87.205,87.25,87.205,87.23,17
2026-05-14 11:36,87.24,87.25,87.21,87.21,8
2026-05-14 11:37,87.23,87.26,87.22,87.235,16
2026-05-14 11:38,87.285,87.3,87.245,87.245,16
2026-05-14 11:39,87.355,87.36,87.28,87.28,21
2026-05-14 11:40,87.38,87.4,87.35,87.355,44
2026-05-14 11:41,87.37,87.385,87.37,87.385,6
2026-05-14 11:42,87.395,87.43,87.385,87.395,9
2026-05-14 11:43,87.32,87.35,87.32,87.345,5
2026-05-14 11:44,87.38,87.38,87.34,87.34,11
2026-05-14 11:45,87.34,87.34,87.315,87.32,7
2026-05-14 11:46,87.43,87.43,87.355,87.355,21
2026-05-14 11:47,87.485,87.495,87.455,87.47,12
2026-05-14 11:48,87.56,87.595,87.485,87.485,48
2026-05-14 11:49,87.54,87.57,87.52,87.57,17
2026-05-14 11:50,87.545,87.595,87.505,87.55,40
2026-05-14 11:51,87.58,87.58,87.56,87.56,5
2026-05-14 11:52,87.56,87.61,87.56,87.61,12
2026-05-14 11:53,87.54,87.555,87.54,87.545,15
2026-05-14 11:54,87.61,87.61,87.545,87.545,9
2026-05-14 11:55,87.63,87.63,87.575,87.575,14
2026-05-14 11:56,87.575,87.61,87.555,87.61,18
2026-05-14 11:57,87.455,87.58,87.45,87.58,13
2026-05-14 11:58,87.44,87.52,87.44,87.485,29
2026-05-14 11:59,87.29,87.49,87.29,87.465,43
2026-05-14 12:00,87.29,87.3,87.23,87.24,30
2026-05-14 12:01,87.485,87.495,87.295,87.315,31
2026-05-14 12:02,87.525,87.56,87.48,87.48,46
2026-05-14 12:03,87.55,87.59,87.52,87.54,20
2026-05-14 12:04,87.505,87.555,87.475,87.555,22
2026-05-14 12:05,87.41,87.49,87.375,87.49,39
2026-05-14 12:06,87.395,87.425,87.365,87.42,17
2026-05-14 12:07,87.455,87.475,87.425,87.435,12
2026-05-14 12:08,87.37,87.43,87.36,87.43,14
2026-05-14 12:09,87.425,87.425,87.385,87.385,6
2026-05-14 12:10,87.395,87.475,87.39,87.43,13
2026-05-14 12:11,87.505,87.505,87.445,87.455,7
2026-05-14 12:12,87.41,87.495,87.365,87.495,82
2026-05-14 12:13,87.475,87.485,87.425,87.445,30
2026-05-14 12:14,87.46,87.5,87.45,87.495,34
2026-05-14 12:15,87.53,87.565,87.465,87.49,18
2026-05-14 12:16,87.515,87.525,87.48,87.525,8
2026-05-14 12:17,87.465,87.52,87.46,87.52,5
2026-05-14 12:18,87.475,87.475,87.435,87.46,11
2026-05-14 12:19,87.475,87.485,87.425,87.48,25
2026-05-14 12:20,87.585,87.6,87.45,87.46,81
2026-05-14 12:21,87.59,87.605,87.48,87.6,55
2026-05-14 12:22,87.585,87.63,87.545,87.555,49
2026-05-14 12:23,87.515,87.625,87.505,87.605,74
2026-05-14 12:24,87.305,87.515,87.26,87.515,106
2026-05-14 12:25,87.29,87.37,87.215,87.325,97
2026-05-14 12:26,87.35,87.36,87.2,87.3,148
2026-05-14 12:27,87.3,87.35,87.3,87.34,17
2026-05-14 12:28,87.18,87.32,87.18,87.31,41
2026-05-14 12:29,87.15,87.2,87.11,87.165,79
2026-05-14 12:30,87.085,87.285,86.965,87.285,146
2026-05-14 12:31,87.105,87.165,87.075,87.09,62
2026-05-14 12:32,87.135,87.21,87.08,87.135,52
2026-05-14 12:33,87.185,87.255,87.105,87.15,60
2026-05-14 12:34,87.09,87.225,87.045,87.19,70
2026-05-14 12:35,87.22,87.265,87.015,87.075,186
2026-05-14 12:36,87.09,87.2,87.09,87.2,102
2026-05-14 12:37,87.105,87.235,87.105,87.115,43
2026-05-14 12:38,87.06,87.18,87.06,87.105,45
2026-05-14 12:39,87.2,87.25,87.07,87.07,75
2026-05-14 12:40,87.265,87.275,87.185,87.22,139
2026-05-14 12:41,87.255,87.265,87.175,87.26,30
2026-05-14 12:42,87.16,87.27,87.14,87.27,32
2026-05-14 12:43,87.005,87.175,86.985,87.145,102
2026-05-14 12:44,86.795,87.015,86.75,87.005,233
2026-05-14 12:45,86.84,86.85,86.67,86.785,136
2026-05-14 12:46,86.87,86.88,86.795,86.865,58
2026-05-14 12:47,86.94,86.965,86.865,86.88,72
2026-05-14 12:48,86.985,86.99,86.93,86.955,55
2026-05-14 12:49,87.105,87.12,87.0,87.0,37
2026-05-14 12:50,87.165,87.195,87.1,87.1,77
2026-05-14 12:51,87.08,87.175,87.08,87.175,52
2026-05-14 12:52,87.125,87.125,87.075,87.095,13
2026-05-14 12:53,87.09,87.12,87.02,87.12,51
2026-05-14 12:54,87.07,87.125,87.07,87.11,11
2026-05-14 12:55,87.085,87.12,87.065,87.09,17
2026-05-14 12:56,87.155,87.195,87.1,87.1,15
2026-05-14 12:57,87.135,87.24,87.135,87.18,73
2026-05-14 12:58,87.19,87.195,87.145,87.155,13
2026-05-14 12:59,87.125,87.22,87.105,87.19,51
2026-05-14 13:00,86.95,87.335,86.905,87.12,231
2026-05-14 13:01,86.865,86.99,86.81,86.965,172
2026-05-14 13:02,86.665,86.9,86.625,86.875,168
2026-05-14 13:03,86.555,86.715,86.48,86.695,285
2026-05-14 13:04,86.62,86.64,86.52,86.59,99
2026-05-14 13:05,86.75,86.755,86.615,86.615,68
2026-05-14 13:06,86.72,86.775,86.695,86.74,55
2026-05-14 13:07,86.69,86.78,86.625,86.695,85
2026-05-14 13:08,86.79,86.85,86.68,86.685,100
2026-05-14 13:09,86.705,86.77,86.615,86.77,91
2026-05-14 13:10,86.885,86.99,86.685,86.685,150
2026-05-14 13:11,86.865,86.905,86.84,86.87,18
2026-05-14 13:12,86.78,86.89,86.76,86.89,79
2026-05-14 13:13,86.82,86.84,86.75,86.81,40
2026-05-14 13:14,86.84,86.865,86.81,86.82,18
2026-05-14 13:15,86.72,86.87,86.68,86.85,28
2026-05-14 13:16,86.59,86.665,86.57,86.665,74
2026-05-14 13:17,86.47,86.595,86.41,86.595,210
2026-05-14 13:18,86.1,86.49,86.04,86.45,311
2026-05-14 13:19,86.0,86.215,85.765,86.12,659
2026-05-14 13:20,86.045,86.125,85.89,85.99,266
2026-05-14 13:21,86.25,86.26,86.05,86.065,207
2026-05-14 13:22,86.235,86.295,86.125,86.265,104
2026-05-14 13:23,86.315,86.35,86.13,86.225,158
2026-05-14 13:24,86.35,86.39,86.285,86.3,130
2026-05-14 13:25,86.39,86.4,86.31,86.335,81
2026-05-14 13:26,86.2,86.4,86.2,86.37,76
2026-05-14 13:27,86.01,86.345,86.01,86.245,59
2026-05-14 13:28,86.07,86.08,85.99,86.055,83
2026-05-14 13:29,85.95,86.095,85.925,86.05,107
2026-05-14 13:30,85.73,85.91,85.51,85.91,544
2026-05-14 13:31,85.685,85.755,85.51,85.72,263
2026-05-14 13:32,85.74,85.78,85.645,85.695,214
2026-05-14 13:33,85.41,85.75,85.315,85.75,335
2026-05-14 13:34,85.365,85.44,85.265,85.44,265
2026-05-14 13:35,85.285,85.455,85.245,85.37,119
2026-05-14 13:36,85.23,85.325,85.215,85.295,117
2026-05-14 13:37,85.195,85.3,85.17,85.225,107
2026-05-14 13:38,85.425,85.44,85.195,85.195,194
2026-05-14 13:39,85.51,85.55,85.415,85.42,220
2026-05-14 13:40,85.135,85.545,85.115,85.545,297
2026-05-14 13:41,85.045,85.215,84.96,85.11,342
2026-05-14 13:42,84.735,85.08,84.64,85.05,413
2026-05-14 13:43,84.99,85.04,84.73,84.745,252
2026-05-14 13:44,85.02,85.05,84.785,84.975,257
2026-05-14 13:45,85.23,85.33,85.005,85.005,292
2026-05-14 13:46,85.225,85.25,85.015,85.23,143
2026-05-14 13:47,85.125,85.285,85.12,85.215,105
2026-05-14 13:48,85.16,85.185,85.015,85.1,95
2026-05-14 13:49,85.325,85.4,85.15,85.175,110
2026-05-14 13:50,85.185,85.4,85.185,85.325,199
2026-05-14 13:51,85.17,85.255,85.1,85.185,112
2026-05-14 13:52,85.0,85.15,84.925,85.15,133
2026-05-14 13:53,85.13,85.13,84.965,84.99,63
2026-05-14 13:54,85.17,85.17,85.0,85.135,35
2026-05-14 13:55,85.04,85.195,84.975,85.19,71
2026-05-14 13:56,84.945,85.065,84.9,85.015,104
2026-05-14 13:57,84.745,84.975,84.73,84.94,195
2026-05-14 13:58,84.765,84.86,84.67,84.75,134
2026-05-14 13:59,84.485,84.805,84.375,84.8,383
2026-05-14 14:00,84.64,84.69,84.36,84.47,412
2026-05-14 14:01,84.815,84.855,84.605,84.63,171
2026-05-14 14:02,84.83,84.88,84.77,84.795,92
2026-05-14 14:03,84.845,84.89,84.725,84.815,107
2026-05-14 14:04,84.8,84.86,84.665,84.855,95
2026-05-14 14:05,84.745,84.83,84.66,84.815,59
2026-05-14 14:06,84.7,84.82,84.7,84.75,78
2026-05-14 14:07,84.55,84.745,84.53,84.705,67
2026-05-14 14:08,84.515,84.57,84.385,84.565,191
2026-05-14 14:09,84.655,84.705,84.465,84.5,116
2026-05-14 14:10,84.91,84.91,84.675,84.7,97
2026-05-14 14:11,84.99,85.005,84.855,84.915,144
2026-05-14 14:12,85.14,85.155,84.96,84.975,243
2026-05-14 14:13,85.045,85.165,84.93,85.14,210
2026-05-14 14:14,85.125,85.125,85.005,85.03,76
2026-05-14 14:15,85.215,85.215,85.035,85.13,160
2026-05-14 14:16,85.285,85.285,85.095,85.22,159
2026-05-14 14:17,85.28,85.3,85.225,85.29,102
2026-05-14 14:18,85.315,85.315,85.235,85.26,92
2026-05-14 14:19,85.41,85.425,85.315,85.315,148
2026-05-14 14:20,85.505,85.575,85.43,85.43,228
2026-05-14 14:21,85.58,85.58,85.44,85.5,160
2026-05-14 14:22,85.46,85.605,85.46,85.56,85
2026-05-14 14:23,85.365,85.485,85.365,85.465,119
2026-05-14 14:24,85.305,85.415,85.255,85.4,63
2026-05-14 14:25,85.135,85.32,85.135,85.3,65
2026-05-14 14:26,85.195,85.23,85.09,85.145,95
2026-05-14 14:27,85.2,85.26,85.155,85.235,66
2026-05-14 14:28,85.255,85.27,85.155,85.21,40
2026-05-14 14:29,85.225,85.225,85.125,85.215,48
2026-05-14 14:30,85.19,85.225,85.17,85.21,19
2026-05-14 14:31,85.325,85.415,85.235,85.235,99
2026-05-14 14:32,85.25,85.355,85.25,85.34,33
2026-05-14 14:33,85.26,85.29,85.195,85.265,71
2026-05-14 14:34,85.31,85.31,85.23,85.23,38
2026-05-14 14:35,85.38,85.41,85.265,85.33,58
2026-05-14 14:36,85.31,85.41,85.285,85.41,48
2026-05-14 14:37,85.4,85.4,85.3,85.3,49
2026-05-14 14:38,85.37,85.43,85.31,85.4,32
2026-05-14 14:39,85.35,85.39,85.335,85.355,29
2026-05-14 14:40,85.5,85.515,85.34,85.365,85
2026-05-14 14:41,85.475,85.54,85.45,85.505,64
2026-05-14 14:42,85.515,85.56,85.47,85.47,61
2026-05-14 14:43,85.26,85.46,85.26,85.46,49
2026-05-14 14:44,85.36,85.37,85.265,85.265,76
2026-05-14 14:45,85.425,85.47,85.37,85.37,49
2026-05-14 14:46,85.325,85.485,85.305,85.44,36
2026-05-14 14:47,85.375,85.405,85.34,85.34,14
2026-05-14 14:48,85.375,85.465,85.36,85.375,34
2026-05-14 14:49,85.375,85.375,85.3,85.36,20
2026-05-14 14:50,85.51,85.515,85.395,85.41,35
2026-05-14 14:51,85.455,85.495,85.405,85.495,34
2026-05-14 14:52,85.34,85.48,85.34,85.48,23
2026-05-14 14:53,85.31,85.38,85.255,85.36,49
2026-05-14 14:54,85.255,85.325,85.15,85.325,47
2026-05-14 14:55,85.44,85.44,85.245,85.245,42
2026-05-14 14:56,85.33,85.43,85.305,85.43,57
2026-05-14 14:57,85.185,85.355,85.12,85.32,80
2026-05-14 14:58,85.22,85.245,85.175,85.185,55
2026-05-14 14:59,85.02,85.2,85.02,85.2,54
2026-05-14 15:00,85.09,85.09,84.97,85.01,177
2026-05-14 15:01,85.215,85.23,85.045,85.08,77
2026-05-14 15:02,85.225,85.26,85.175,85.225,38
2026-05-14 15:03,85.115,85.215,85.115,85.2,43
2026-05-14 15:04,85.0,85.135,84.975,85.135,149
2026-05-14 15:05,85.12,85.16,85.02,85.02,56
2026-05-14 15:06,85.21,85.21,85.13,85.15,47
2026-05-14 15:07,85.185,85.25,85.175,85.25,25
2026-05-14 15:08,85.195,85.22,85.18,85.18,13
2026-05-14 15:09,85.285,85.295,85.19,85.22,14
2026-05-14 15:10,85.335,85.35,85.245,85.295,39
2026-05-14 15:11,85.325,85.355,85.3,85.32,31
2026-05-14 15:12,85.335,85.355,85.31,85.355,21
2026-05-14 15:13,85.385,85.385,85.29,85.31,14
2026-05-14 15:14,85.34,85.41,85.335,85.405,32
2026-05-14 15:15,85.375,85.375,85.21,85.335,58
2026-05-14 15:16,85.485,85.505,85.395,85.4,84
2026-05-14 15:17,85.505,85.505,85.455,85.495,41
2026-05-14 15:18,85.59,85.6,85.48,85.515,67
2026-05-14 15:19,85.57,85.655,85.57,85.58,123
2026-05-14 15:20,85.515,85.6,85.515,85.55,61
2026-05-14 15:21,85.515,85.56,85.49,85.51,30
2026-05-14 15:22,85.59,85.59,85.535,85.55,71
2026-05-14 15:23,85.585,85.635,85.555,85.58,42
2026-05-14 15:24,85.67,85.7,85.58,85.61,56
2026-05-14 15:25,85.715,85.725,85.625,85.675,38
2026-05-14 15:26,85.705,85.745,85.7,85.715,64
2026-05-14 15:27,85.72,85.765,85.695,85.715,62
2026-05-14 15:28,85.685,85.735,85.67,85.735,33
2026-05-14 15:29,85.675,85.695,85.645,85.665,57
2026-05-14 15:30,85.72,85.72,85.605,85.605,29
2026-05-14 15:31,85.695,85.71,85.67,85.71,27
2026-05-14 15:32,85.655,85.685,85.655,85.68,13
2026-05-14 15:33,85.75,85.8,85.685,85.685,56
2026-05-14 15:34,85.805,85.805,85.74,85.75,32
2026-05-14 15:35,85.77,85.8,85.745,85.8,18
2026-05-14 15:36,85.71,85.77,85.675,85.76,52
2026-05-14 15:37,85.66,85.765,85.64,85.74,28
2026-05-14 15:38,85.61,85.685,85.58,85.675,56
2026-05-14 15:39,85.675,85.675,85.595,85.61,44
2026-05-14 15:40,85.645,85.71,85.645,85.665,39
2026-05-14 15:41,85.61,85.73,85.61,85.675,71
2026-05-14 15:42,85.595,85.605,85.56,85.605,50
2026-05-14 15:43,85.505,85.585,85.47,85.585,52
2026-05-14 15:44,85.545,85.56,85.505,85.505,17
2026-05-14 15:45,85.55,85.58,85.535,85.575,27
2026-05-14 15:46,85.495,85.57,85.495,85.525,43
2026-05-14 15:47,85.495,85.515,85.465,85.51,35
2026-05-14 15:48,85.59,85.625,85.485,85.5,48
2026-05-14 15:49,85.58,85.585,85.55,85.575,18
2026-05-14 15:50,85.465,85.595,85.41,85.59,56
2026-05-14 15:51,85.45,85.48,85.45,85.47,10
2026-05-14 15:52,85.4,85.515,85.38,85.475,53
2026-05-14 15:53,85.435,85.435,85.38,85.415,20
2026-05-14 15:54,85.41,85.47,85.41,85.445,12
2026-05-14 15:55,85.355,85.48,85.285,85.455,107
2026-05-14 15:56,85.4,85.42,85.36,85.375,24
2026-05-14 15:57,85.425,85.425,85.355,85.4,39
2026-05-14 15:58,85.4,85.43,85.39,85.43,11
2026-05-14 15:59,85.435,85.455,85.42,85.42,23
2026-05-14 16:00,85.42,85.54,85.42,85.445,37
2026-05-14 16:01,85.33,85.485,85.32,85.425,113
2026-05-14 16:02,85.27,85.34,85.27,85.335,23
2026-05-14 16:03,85.195,85.3,85.13,85.275,116
2026-05-14 16:04,85.22,85.22,85.135,85.18,40
2026-05-14 16:05,85.26,85.31,85.145,85.225,74
2026-05-14 16:06,85.24,85.275,85.215,85.275,42
2026-05-14 16:07,85.195,85.225,85.16,85.225,18
2026-05-14 16:08,85.21,85.21,85.135,85.165,38
2026-05-14 16:09,85.3,85.3,85.205,85.21,20
2026-05-14 16:10,85.305,85.325,85.24,85.295,31
2026-05-14 16:11,85.345,85.37,85.315,85.34,40
2026-05-14 16:12,85.405,85.445,85.355,85.355,44
2026-05-14 16:13,85.385,85.45,85.365,85.39,32
2026-05-14 16:14,85.34,85.41,85.325,85.375,28
2026-05-14 16:15,85.47,85.47,85.35,85.355,18
2026-05-14 16:16,85.415,85.475,85.405,85.475,19
2026-05-14 16:17,85.47,85.47,85.425,85.425,14
2026-05-14 16:18,85.52,85.535,85.48,85.48,26
2026-05-14 16:19,85.505,85.515,85.485,85.5,14
2026-05-14 16:20,85.445,85.5,85.44,85.5,19
2026-05-14 16:21,85.495,85.5,85.435,85.445,8
2026-05-14 16:22,85.345,85.515,85.325,85.51,61
2026-05-14 16:23,85.36,85.36,85.335,85.345,21
2026-05-14 16:24,85.295,85.365,85.295,85.36,33
2026-05-14 16:25,85.27,85.3,85.24,85.295,23
2026-05-14 16:26,85.2,85.26,85.175,85.26,45
2026-05-14 16:27,85.27,85.27,85.18,85.2,36
2026-05-14 16:28,85.195,85.255,85.165,85.255,19
2026-05-14 16:29,85.19,85.2,85.18,85.18,11
2026-05-14 16:30,85.185,85.26,85.17,85.225,25
2026-05-14 16:31,85.165,85.235,85.13,85.195,35
2026-05-14 16:32,85.235,85.245,85.175,85.175,22
2026-05-14 16:33,85.14,85.22,85.11,85.22,23
2026-05-14 16:34,85.11,85.175,85.11,85.11,23
2026-05-14 16:35,84.99,85.16,84.98,85.15,43
2026-05-14 16:36,84.935,85.035,84.82,85.015,220
2026-05-14 16:37,84.955,84.96,84.91,84.94,72
2026-05-14 16:38,85.065,85.065,84.98,84.98,37
2026-05-14 16:39,84.985,85.07,84.965,85.07,27
2026-05-14 16:40,85.06,85.14,85.02,85.02,28
2026-05-14 16:41,85.155,85.155,85.06,85.06,54
2026-05-14 16:42,85.195,85.235,85.135,85.16,63
2026-05-14 16:43,85.18,85.195,85.145,85.19,32
2026-05-14 16:44,85.16,85.16,85.095,85.15,18
2026-05-14 16:45,85.075,85.215,85.035,85.15,86
2026-05-14 16:46,85.11,85.11,85.06,85.07,17
2026-05-14 16:47,85.155,85.155,85.105,85.105,17
2026-05-14 16:48,85.21,85.21,85.15,85.19,18
2026-05-14 16:49,85.225,85.245,85.18,85.22,49
2026-05-14 16:50,85.22,85.24,85.195,85.22,21
2026-05-14 16:51,85.23,85.27,85.22,85.22,13
2026-05-14 16:52,85.235,85.245,85.2,85.24,11
2026-05-14 16:53,85.305,85.315,85.22,85.26,108
2026-05-14 16:54,85.28,85.31,85.26,85.29,31
2026-05-14 16:55,85.305,85.325,85.28,85.285,148
2026-05-14 16:56,85.225,85.29,85.165,85.29,50
2026-05-14 16:57,85.265,85.27,85.215,85.23,26
2026-05-14 16:58,85.28,85.29,85.26,85.285,40
2026-05-14 16:59,85.285,85.34,85.27,85.275,28
2026-05-14 17:00,85.385,85.42,85.3,85.3,46
2026-05-14 17:01,85.395,85.44,85.36,85.405,74
2026-05-14 17:02,85.4,85.4,85.355,85.38,43
2026-05-14 17:03,85.415,85.44,85.385,85.395,57
2026-05-14 17:04,85.415,85.425,85.37,85.395,37
2026-05-14 17:05,85.39,85.475,85.39,85.435,75
2026-05-14 17:06,85.32,85.4,85.295,85.4,34
2026-05-14 17:07,85.26,85.34,85.26,85.325,42
2026-05-14 17:08,85.27,85.325,85.26,85.28,21
2026-05-14 17:09,85.155,85.27,85.155,85.27,82
2026-05-14 17:10,85.19,85.225,85.145,85.17,61
2026-05-14 17:11,85.2,85.23,85.155,85.2,28
2026-05-14 17:12,85.11,85.21,85.11,85.21,45
2026-05-14 17:13,85.15,85.175,85.12,85.125,29
2026-05-14 17:14,85.175,85.21,85.135,85.15,47
2026-05-14 17:15,85.22,85.225,85.13,85.16,29
2026-05-14 17:16,85.215,85.245,85.2,85.24,35
2026-05-14 17:17,85.185,85.235,85.145,85.235,31
2026-05-14 17:18,85.125,85.19,85.11,85.19,36
2026-05-14 17:19,85.165,85.165,85.12,85.13,46
2026-05-14 17:20,85.26,85.275,85.165,85.165,59
2026-05-14 17:21,85.35,85.385,85.27,85.27,93
2026-05-14 17:22,85.4,85.4,85.32,85.335,72
2026-05-14 17:23,85.34,85.405,85.31,85.4,64
2026-05-14 17:24,85.285,85.425,85.27,85.355,554
2026-05-14 17:25,85.31,85.32,85.265,85.285,99
2026-05-14 17:26,85.33,85.34,85.25,85.32,26
2026-05-14 17:27,85.325,85.345,85.285,85.345,30
2026-05-14 17:28,85.325,85.345,85.31,85.32,18
2026-05-14 17:29,85.28,85.365,85.28,85.31,26
2026-05-14 17:30,85.255,85.33,85.23,85.31,19
2026-05-14 17:31,85.23,85.325,85.23,85.3,11
2026-05-14 17:32,85.28,85.28,85.255,85.255,18
2026-05-14 17:33,85.24,85.305,85.24,85.275,38
2026-05-14 17:34,85.29,85.29,85.24,85.245,15
2026-05-14 17:35,85.285,85.305,85.255,85.26,27
2026-05-14 17:36,85.33,85.33,85.27,85.29,13
2026-05-14 17:37,85.31,85.345,85.31,85.335,10
2026-05-14 17:38,85.32,85.325,85.3,85.31,6
2026-05-14 17:40,85.395,85.42,85.31,85.31,28
2026-05-14 17:41,85.385,85.395,85.355,85.385,14
2026-05-14 17:42,85.47,85.47,85.41,85.41,14
2026-05-14 17:43,85.475,85.51,85.45,85.465,42
2026-05-14 17:44,85.47,85.485,85.44,85.455,24
2026-05-14 17:45,85.415,85.48,85.395,85.465,163
2026-05-14 17:46,85.445,85.45,85.41,85.425,54
2026-05-14 17:47,85.415,85.485,85.385,85.47,46
2026-05-14 17:48,85.41,85.425,85.405,85.42,7
2026-05-14 17:49,85.46,85.465,85.43,85.44,15
2026-05-14 17:50,85.485,85.485,85.465,85.465,18
2026-05-14 17:51,85.445,85.445,85.38,85.425,23
2026-05-14 17:52,85.38,85.455,85.38,85.455,16
2026-05-14 17:53,85.42,85.42,85.4,85.4,4
2026-05-14 17:54,85.38,85.41,85.35,85.41,13
2026-05-14 17:55,85.425,85.44,85.385,85.385,24
2026-05-14 17:56,85.35,85.42,85.34,85.42,14
2026-05-14 17:57,85.385,85.385,85.355,85.365,10
2026-05-14 17:58,85.345,85.35,85.345,85.35,3
2026-05-14 17:59,85.335,85.36,85.335,85.35,7
2026-05-14 18:00,85.205,85.335,85.185,85.335,61
2026-05-14 18:01,85.035,85.22,85.03,85.21,152
2026-05-14 18:02,85.055,85.15,85.01,85.01,60
2026-05-14 18:03,84.965,85.025,84.885,85.025,121
2026-05-14 18:04,84.935,85.02,84.9,84.985,65
2026-05-14 18:05,84.96,85.0,84.91,84.93,60
2026-05-14 18:06,85.13,85.135,84.935,84.935,64
2026-05-14 18:07,85.1,85.1,85.07,85.09,5
2026-05-14 18:08,85.165,85.165,85.11,85.11,37
2026-05-14 18:09,85.09,85.115,85.09,85.11,10
2026-05-14 18:10,85.09,85.105,85.085,85.105,5
2026-05-14 18:11,85.07,85.14,85.045,85.135,9
2026-05-14 18:12,85.115,85.115,85.08,85.08,12
2026-05-14 18:13,85.1,85.1,85.085,85.085,12
2026-05-14 18:14,85.18,85.235,85.13,85.13,76
2026-05-14 18:15,85.21,85.21,85.165,85.175,10
2026-05-14 18:16,85.2,85.22,85.2,85.22,6
2026-05-14 18:17,85.225,85.23,85.185,85.185,15
2026-05-14 18:18,85.21,85.23,85.21,85.22,8
2026-05-14 18:19,85.21,85.225,85.2,85.205,10
2026-05-14 18:20,85.235,85.26,85.215,85.23,10
2026-05-14 18:21,85.23,85.24,85.2,85.23,13
2026-05-14 18:22,85.2,85.2,85.2,85.2,2
2026-05-14 18:23,85.145,85.19,85.14,85.19,6
2026-05-14 18:24,85.16,85.205,85.15,85.15,6
2026-05-14 18:25,85.17,85.17,85.14,85.15,17
2026-05-14 18:26,85.165,85.165,85.165,85.165,1
2026-05-14 18:27,85.165,85.165,85.14,85.14,2
2026-05-14 18:28,85.09,85.1,85.09,85.1,2
2026-05-14 18:29,85.1,85.12,85.1,85.11,13
2026-05-14 18:30,85.105,85.13,85.08,85.08,34
2026-05-14 18:31,85.11,85.115,85.06,85.09,11
2026-05-14 18:32,85.11,85.14,85.095,85.095,7
2026-05-14 18:33,85.1,85.13,85.1,85.13,4
2026-05-14 18:34,85.075,85.075,85.06,85.06,2
2026-05-14 18:35,85.1,85.1,85.08,85.08,5
2026-05-14 18:36,85.03,85.085,85.03,85.085,3
2026-05-14 18:37,84.98,85.005,84.965,85.005,41
2026-05-14 18:38,85.015,85.015,84.985,85.0,8
2026-05-14 18:39,84.995,85.015,84.995,85.005,6
2026-05-14 18:40,84.915,84.95,84.915,84.95,5
2026-05-14 18:41,84.97,84.97,84.895,84.905,11
2026-05-14 18:42,84.95,84.955,84.95,84.955,2
2026-05-14 18:43,84.925,84.97,84.925,84.97,4
2026-05-14 18:44,84.88,84.92,84.88,84.92,13
2026-05-14 18:45,84.775,84.91,84.66,84.91,179
2026-05-14 18:46,84.885,84.885,84.785,84.785,108
2026-05-14 18:47,84.945,84.95,84.88,84.89,23
2026-05-14 18:48,84.945,84.965,84.94,84.955,8
2026-05-14 18:49,84.94,84.96,84.94,84.96,6
2026-05-14 18:50,84.97,84.995,84.96,84.96,27
2026-05-14 18:51,84.98,85.01,84.98,84.99,5
2026-05-14 18:52,84.965,84.99,84.965,84.99,2
2026-05-14 18:53,84.925,84.95,84.88,84.95,53
2026-05-14 18:54,84.905,84.92,84.905,84.91,3
2026-05-14 18:55,84.97,84.985,84.935,84.935,19
2026-05-14 18:56,84.97,84.97,84.935,84.96,9
2026-05-14 18:57,84.945,84.975,84.945,84.975,7
2026-05-14 18:58,84.97,85.0,84.96,84.96,14
2026-05-14 18:59,85.03,85.03,84.99,85.0,11
2026-05-14 19:00,84.97,85.035,84.97,85.035,11
2026-05-14 19:01,84.99,85.015,84.98,85.015,9
2026-05-14 19:02,84.925,84.985,84.925,84.97,8
2026-05-14 19:03,84.885,84.92,84.88,84.92,20
2026-05-14 19:04,84.875,84.905,84.87,84.905,14
2026-05-14 19:05,84.845,84.935,84.845,84.91,14
2026-05-14 19:06,84.8,84.83,84.8,84.83,14
2026-05-14 19:07,84.81,84.85,84.795,84.81,22
2026-05-14 19:08,84.785,84.81,84.775,84.775,12
2026-05-14 19:09,84.795,84.81,84.795,84.805,6
2026-05-14 19:10,84.82,84.82,84.795,84.795,6
2026-05-14 19:11,84.795,84.795,84.76,84.765,7
2026-05-14 19:12,84.77,84.795,84.755,84.795,5
2026-05-14 19:13,84.665,84.775,84.665,84.77,32
2026-05-14 19:14,84.675,84.69,84.605,84.68,109
2026-05-14 19:15,84.68,84.69,84.66,84.685,33
2026-05-14 19:16,84.79,84.79,84.715,84.715,11
2026-05-14 19:17,84.75,84.785,84.725,84.785,19
2026-05-14 19:18,84.71,84.77,84.71,84.77,9
2026-05-14 19:19,84.59,84.7,84.57,84.695,75
2026-05-14 19:20,84.69,84.7,84.575,84.575,109
2026-05-14 19:21,84.565,84.675,84.565,84.675,18
2026-05-14 19:22,84.635,84.64,84.605,84.605,8
2026-05-14 19:23,84.735,84.735,84.575,84.645,76
2026-05-14 19:24,84.755,84.77,84.74,84.75,16
2026-05-14 19:25,84.76,84.79,84.75,84.75,28
2026-05-14 19:26,84.745,84.745,84.725,84.73,9
2026-05-14 19:27,84.72,84.73,84.71,84.73,8
2026-05-14 19:28,84.7,84.74,84.69,84.71,18
2026-05-14 19:29,84.555,84.72,84.555,84.715,35
2026-05-14 19:30,84.57,84.575,84.505,84.57,43
2026-05-14 19:31,84.55,84.615,84.53,84.61,37
2026-05-14 19:32,84.505,84.61,84.48,84.54,53
2026-05-14 19:33,84.575,84.61,84.5,84.5,25
2026-05-14 19:34,84.615,84.615,84.58,84.615,13
2026-05-14 19:35,84.59,84.59,84.535,84.59,24
2026-05-14 19:36,84.555,84.62,84.555,84.615,9
2026-05-14 19:37,84.465,84.56,84.445,84.55,63
2026-05-14 19:38,84.235,84.485,84.175,84.47,374
2026-05-14 19:39,84.2,84.235,84.195,84.23,46
2026-05-14 19:40,84.3,84.305,84.185,84.195,170
2026-05-14 19:41,84.26,84.305,84.075,84.295,163
2026-05-14 19:42,84.25,84.305,84.25,84.275,17
2026-05-14 19:43,84.11,84.25,84.075,84.245,86
2026-05-14 19:44,84.055,84.115,84.01,84.105,115
2026-05-14 19:45,84.13,84.15,83.965,84.03,94
2026-05-14 19:46,84.015,84.18,83.965,84.18,137
2026-05-14 19:47,83.92,84.02,83.87,84.02,158
2026-05-14 19:48,84.07,84.07,83.895,83.93,150
2026-05-14 19:49,84.12,84.135,84.06,84.085,84
2026-05-14 19:50,84.125,84.15,84.075,84.1,30
2026-05-14 19:51,84.115,84.145,84.055,84.135,36
2026-05-14 19:52,84.15,84.175,84.12,84.15,20
2026-05-14 19:53,84.215,84.215,84.12,84.12,17
2026-05-14 19:54,84.2,84.205,84.14,84.165,36
2026-05-14 19:55,84.26,84.26,84.17,84.2,64
2026-05-14 19:56,84.025,84.265,84.0,84.265,75
2026-05-14 19:57,84.055,84.105,84.055,84.075,18
2026-05-14 19:58,84.09,84.13,84.045,84.055,29
2026-05-14 19:59,84.045,84.11,84.035,84.1,48
2026-05-14 20:00,84.165,84.165,84.045,84.05,20
2026-05-14 20:01,84.175,84.205,84.14,84.165,23
2026-05-14 20:02,84.16,84.185,84.135,84.185,20
2026-05-14 20:03,84.0,84.17,84.0,84.165,37
2026-05-14 20:04,83.865,84.005,83.83,84.005,83
2026-05-14 20:05,83.86,83.87,83.81,83.85,44
2026-05-14 20:06,83.885,83.885,83.865,83.865,18
2026-05-14 20:07,83.935,83.94,83.855,83.87,31
2026-05-14 20:08,83.925,83.945,83.89,83.89,20
2026-05-14 20:09,83.98,83.985,83.925,83.925,30
2026-05-14 20:10,83.935,83.96,83.91,83.96,7
2026-05-14 20:11,83.945,83.95,83.94,83.94,6
2026-05-14 20:12,83.915,83.955,83.895,83.955,24
2026-05-14 20:13,83.855,83.89,83.845,83.89,22
2026-05-14 20:14,83.81,83.855,83.805,83.855,26
2026-05-14 20:15,83.845,83.855,83.82,83.82,12
2026-05-14 20:16,83.775,83.875,83.73,83.85,51
2026-05-14 20:17,83.805,83.84,83.795,83.8,17
2026-05-14 20:18,83.835,83.84,83.8,83.805,22
2026-05-14 20:19,83.84,83.85,83.82,83.82,4
2026-05-14 20:20,83.88,83.88,83.84,83.84,16
2026-05-14 20:21,83.815,83.855,83.815,83.855,7
2026-05-14 20:22,83.825,83.825,83.815,83.82,5
2026-05-14 20:23,83.835,83.845,83.835,83.845,3
2026-05-14 20:24,83.86,83.86,83.86,83.86,2
2026-05-14 20:25,83.815,83.865,83.805,83.865,6
2026-05-14 20:26,83.795,83.815,83.765,83.815,9
2026-05-14 20:27,83.78,83.785,83.76,83.785,7
2026-05-14 20:28,83.78,83.78,83.75,83.76,12
2026-05-14 20:29,83.83,83.83,83.82,83.82,23
2026-05-14 20:30,83.83,83.83,83.79,83.83,12
2026-05-14 20:31,83.785,83.82,83.775,83.82,11
2026-05-14 20:32,83.835,83.85,83.815,83.815,9
2026-05-14 20:33,83.79,83.835,83.79,83.835,6
2026-05-14 20:34,83.755,83.765,83.625,83.765,127
2026-05-14 20:35,83.745,83.765,83.745,83.755,14
2026-05-14 20:36,83.73,83.75,83.7,83.745,25
2026-05-14 20:37,83.845,83.845,83.705,83.705,65
2026-05-14 20:38,83.765,83.83,83.765,83.83,12
2026-05-14 20:39,83.75,83.75,83.74,83.74,3
2026-05-14 20:40,83.8,83.8,83.785,83.785,3
2026-05-14 20:41,83.995,83.995,83.84,83.84,33
2026-05-14 20:42,83.965,84.035,83.955,83.99,64
2026-05-14 20:43,83.99,83.99,83.95,83.955,34
2026-05-14 20:44,84.01,84.025,84.005,84.01,27
2026-05-14 20:45,84.015,84.025,84.0,84.005,16
2026-05-14 20:46,84.03,84.03,84.03,84.03,2
2026-05-14 20:47,84.04,84.06,84.04,84.045,9
2026-05-14 20:48,84.035,84.075,84.03,84.03,7
2026-05-14 20:49,84.035,84.04,84.035,84.04,2
2026-05-14 20:50,84.05,84.05,84.05,84.05,1
2026-05-14 20:51,84.01,84.035,84.01,84.035,7
2026-05-14 20:52,84.0,84.075,84.0,84.03,14
2026-05-14 20:53,84.035,84.05,84.01,84.01,7
2026-05-14 20:54,84.035,84.05,84.03,84.035,10
2026-05-14 20:55,84.085,84.095,84.075,84.075,5
2026-05-14 20:56,84.02,84.07,84.02,84.07,6
2026-05-14 20:57,84.015,84.04,84.015,84.035,8
2026-05-14 20:58,84.06,84.06,84.06,84.06,1
2026-05-14 20:59,84.01,84.09,84.01,84.055,35
2026-05-14 22:00,83.915,84.115,83.86,84.0,0
2026-05-14 22:01,83.91,83.965,83.845,83.945,31
2026-05-14 22:02,83.955,83.955,83.9,83.925,5
2026-05-14 22:03,83.97,83.97,83.955,83.965,5
2026-05-14 22:04,84.065,84.065,83.975,83.975,8
2026-05-14 22:05,84.045,84.045,83.995,84.035,13
2026-05-14 22:06,84.16,84.16,84.06,84.075,18
2026-05-14 22:07,84.085,84.14,84.085,84.14,8
2026-05-14 22:08,84.1,84.1,84.0,84.04,13
2026-05-14 22:09,84.115,84.115,84.08,84.105,5
2026-05-14 22:10,84.175,84.175,84.16,84.16,6
2026-05-14 22:11,84.145,84.16,84.125,84.16,5
2026-05-14 22:12,84.105,84.16,84.105,84.15,19
2026-05-14 22:13,84.06,84.085,84.06,84.085,3
2026-05-14 22:14,84.09,84.09,84.07,84.07,3
2026-05-14 22:15,84.135,84.135,84.09,84.11,19
2026-05-14 22:16,84.11,84.125,84.1,84.1,7
2026-05-14 22:17,84.075,84.1,84.075,84.09,4
2026-05-14 22:18,84.045,84.065,84.04,84.065,8
2026-05-14 22:19,84.115,84.135,84.1,84.115,13
2026-05-14 22:20,84.095,84.12,84.085,84.105,6
2026-05-14 22:21,84.05,84.08,84.05,84.08,3
2026-05-14 22:22,84.085,84.1,84.085,84.085,5
2026-05-14 22:23,84.07,84.095,84.07,84.085,15
2026-05-14 22:24,84.09,84.09,84.06,84.06,4
2026-05-14 22:25,84.095,84.095,84.045,84.075,14
2026-05-14 22:26,84.085,84.085,84.075,84.075,2
2026-05-14 22:27,84.055,84.12,84.055,84.1,9
2026-05-14 22:28,84.115,84.115,84.075,84.075,11
2026-05-14 22:30,84.125,84.175,84.125,84.165,9
2026-05-14 22:31,84.175,84.225,84.175,84.175,19
2026-05-14 22:32,84.22,84.23,84.2,84.23,4
2026-05-14 22:33,84.16,84.23,84.16,84.225,7
2026-05-14 22:34,84.17,84.17,84.155,84.16,7
2026-05-14 22:35,84.25,84.25,84.19,84.19,9
2026-05-14 22:36,84.25,84.25,84.21,84.23,5
2026-05-14 22:37,84.225,84.245,84.2,84.235,17
2026-05-14 22:38,84.225,84.225,84.225,84.225,1
2026-05-14 22:39,84.27,84.27,84.22,84.23,31
2026-05-14 22:40,84.35,84.365,84.285,84.285,28
2026-05-14 22:41,84.345,84.365,84.345,84.345,13
2026-05-14 22:42,84.345,84.38,84.345,84.38,7
2026-05-14 22:43,84.34,84.375,84.34,84.34,9
2026-05-14 22:44,84.38,84.38,84.31,84.345,17
2026-05-14 22:45,84.355,84.38,84.35,84.375,9
2026-05-14 22:46,84.33,84.355,84.33,84.355,5
2026-05-14 22:47,84.34,84.34,84.325,84.335,3
2026-05-14 22:48,84.265,84.325,84.25,84.315,62
2026-05-14 22:49,84.27,84.27,84.245,84.255,3
2026-05-14 22:50,84.24,84.24,84.24,84.24,1
2026-05-14 22:51,84.195,84.235,84.195,84.235,14
2026-05-14 22:52,84.22,84.225,84.15,84.16,19
2026-05-14 22:53,84.235,84.235,84.21,84.21,3
2026-05-14 22:54,84.255,84.255,84.255,84.255,2
2026-05-14 22:55,84.275,84.29,84.275,84.275,5
2026-05-14 22:57,84.275,84.295,84.245,84.295,8
2026-05-14 22:58,84.285,84.295,84.28,84.28,5
2026-05-14 22:59,84.285,84.285,84.285,84.285,2
2026-05-14 23:00,84.245,84.285,84.245,84.285,3
2026-05-14 23:01,84.245,84.245,84.225,84.225,7
2026-05-14 23:02,84.26,84.265,84.235,84.265,4
2026-05-14 23:03,84.295,84.295,84.295,84.295,4
2026-05-14 23:04,84.32,84.32,84.275,84.275,4
2026-05-14 23:05,84.27,84.335,84.27,84.335,13
2026-05-14 23:06,84.25,84.25,84.25,84.25,2
2026-05-14 23:07,84.26,84.26,84.26,84.26,1
2026-05-14 23:08,84.245,84.245,84.24,84.24,4
2026-05-14 23:09,84.235,84.235,84.235,84.235,7
2026-05-14 23:11,84.21,84.225,84.17,84.18,5
2026-05-14 23:12,84.195,84.195,84.195,84.195,2
2026-05-14 23:14,84.105,84.16,84.1,84.16,10
2026-05-14 23:15,83.99,84.06,83.99,84.06,17
2026-05-14 23:16,84.065,84.085,84.025,84.03,18
2026-05-14 23:17,84.055,84.065,84.035,84.045,22
2026-05-14 23:18,84.055,84.055,84.0,84.035,16
2026-05-14 23:19,84.03,84.07,84.0,84.07,14
2026-05-14 23:20,84.07,84.07,84.0,84.035,23
2026-05-14 23:21,83.975,84.06,83.94,84.06,42
2026-05-14 23:22,83.955,83.98,83.925,83.965,20
2026-05-14 23:23,83.935,83.945,83.91,83.915,7
2026-05-14 23:24,84.035,84.035,83.95,83.95,14
2026-05-14 23:25,84.075,84.08,84.05,84.05,6
2026-05-14 23:26,84.245,84.245,84.135,84.135,31
2026-05-14 23:27,84.29,84.3,84.27,84.27,17
2026-05-14 23:28,84.25,84.3,84.24,84.295,34
2026-05-14 23:29,84.285,84.29,84.26,84.26,8
2026-05-14 23:30,84.325,84.345,84.305,84.305,21
2026-05-14 23:31,84.045,84.3,84.03,84.28,33
2026-05-14 23:32,84.12,84.12,84.12,84.12,1
2026-05-14 23:33,84.05,84.05,84.015,84.045,10
2026-05-14 23:34,83.785,84.125,83.725,84.07,143
2026-05-14 23:35,83.705,83.9,83.685,83.765,57
2026-05-14 23:36,83.68,83.775,83.68,83.705,38
2026-05-14 23:37,83.865,83.865,83.315,83.615,194
2026-05-14 23:38,83.915,83.95,83.89,83.89,9
2026-05-14 23:39,83.86,83.9,83.86,83.9,5
2026-05-14 23:40,83.85,83.9,83.85,83.89,6
2026-05-14 23:41,84.01,84.01,83.895,83.895,28
2026-05-14 23:42,84.005,84.025,83.995,83.995,4
2026-05-14 23:43,84.1,84.1,83.99,84.025,16
2026-05-14 23:44,84.18,84.18,84.125,84.125,10
2026-05-14 23:46,84.13,84.175,84.115,84.155,26
2026-05-14 23:47,84.01,84.075,83.99,84.075,27
2026-05-14 23:48,83.91,83.955,83.89,83.94,26
2026-05-14 23:49,83.98,83.98,83.95,83.95,51
2026-05-14 23:50,83.945,83.945,83.945,83.945,1
2026-05-14 23:51,83.985,83.985,83.91,83.91,20
2026-05-14 23:52,84.1,84.1,84.015,84.015,39
2026-05-14 23:53,83.975,84.035,83.96,84.035,18
2026-05-14 23:54,83.86,84.0,83.81,84.0,32
2026-05-14 23:55,83.74,83.83,83.73,83.83,8
2026-05-14 23:56,83.72,83.745,83.665,83.69,29
2026-05-14 23:57,83.83,83.83,83.74,83.745,12
2026-05-14 23:58,83.87,83.87,83.825,83.86,4
2026-05-14 23:59,83.985,83.99,83.84,83.84,29
2026-05-15 00:00,83.825,84.065,83.815,83.96,40
2026-05-15 00:01,83.7,83.865,83.6,83.86,40
2026-05-15 00:02,83.905,83.93,83.615,83.72,55
2026-05-15 00:03,84.05,84.055,83.93,83.945,11
2026-05-15 00:04,83.875,83.965,83.875,83.965,30
2026-05-15 00:05,83.865,83.9,83.865,83.87,5
2026-05-15 00:06,83.78,83.975,83.78,83.975,20
2026-05-15 00:07,83.825,83.835,83.79,83.81,7
2026-05-15 00:08,83.88,83.88,83.815,83.815,2
2026-05-15 00:09,83.87,83.875,83.83,83.83,5
2026-05-15 00:10,83.88,83.92,83.84,83.92,5
2026-05-15 00:11,83.71,83.88,83.71,83.88,24
2026-05-15 00:12,83.71,83.725,83.685,83.7,6
2026-05-15 00:13,83.67,83.685,83.64,83.655,11
2026-05-15 00:14,83.725,83.765,83.685,83.695,8
2026-05-15 00:15,84.135,84.18,83.785,83.785,111
2026-05-15 00:16,83.975,84.125,83.935,84.11,33
2026-05-15 00:17,84.03,84.03,83.92,83.99,14
2026-05-15 00:18,84.045,84.14,83.97,83.97,32
2026-05-15 00:19,84.11,84.11,84.06,84.06,4
2026-05-15 00:20,83.915,83.965,83.915,83.965,2
2026-05-15 00:21,84.015,84.015,83.905,83.915,8
2026-05-15 00:22,83.86,83.99,83.85,83.99,11
2026-05-15 00:23,83.77,83.87,83.75,83.87,38
2026-05-15 00:24,83.79,83.805,83.79,83.805,4
2026-05-15 00:25,83.43,83.82,83.32,83.79,113
2026-05-15 00:26,83.51,83.585,83.34,83.435,79
2026-05-15 00:27,83.605,83.615,83.5,83.5,7
2026-05-15 00:28,83.55,83.635,83.55,83.62,7
2026-05-15 00:29,83.425,83.585,83.4,83.585,30
2026-05-15 00:30,83.105,83.45,83.065,83.45,241
2026-05-15 00:31,83.005,83.2,82.955,83.085,175
2026-05-15 00:32,83.03,83.075,82.895,82.985,70
2026-05-15 00:33,82.955,83.12,82.905,83.08,65
2026-05-15 00:34,83.065,83.07,82.95,82.965,76
2026-05-15 00:35,82.98,83.1,82.945,83.065,33
2026-05-15 00:36,83.035,83.05,82.91,82.965,27
2026-05-15 00:37,83.08,83.08,82.935,83.03,20
2026-05-15 00:38,83.05,83.05,82.995,83.0,10
2026-05-15 00:39,82.915,83.0,82.845,83.0,38
2026-05-15 00:40,82.6,82.935,82.535,82.92,171
2026-05-15 00:41,82.615,82.645,82.51,82.615,60
2026-05-15 00:42,82.72,82.81,82.63,82.67,107
2026-05-15 00:43,82.555,82.735,82.4,82.735,144
2026-05-15 00:44,82.74,82.805,82.56,82.56,102
2026-05-15 00:45,82.56,82.83,82.555,82.78,76
2026-05-15 00:46,82.85,82.85,82.505,82.535,66
2026-05-15 00:47,82.9,82.9,82.835,82.88,15
2026-05-15 00:48,82.68,82.88,82.68,82.88,24
2026-05-15 00:49,82.835,82.835,82.72,82.73,17
2026-05-15 00:50,82.505,82.855,82.505,82.81,20
2026-05-15 00:51,82.52,82.535,82.335,82.49,154
2026-05-15 00:52,82.525,82.595,82.475,82.55,58
2026-05-15 00:53,82.3,82.545,82.255,82.515,73
2026-05-15 00:54,82.31,82.375,82.25,82.295,36
2026-05-15 00:55,82.4,82.48,82.27,82.315,40
2026-05-15 00:56,82.285,82.455,82.28,82.425,46
2026-05-15 00:57,82.4,82.43,82.275,82.305,35
2026-05-15 00:58,82.59,82.59,82.46,82.46,79
2026-05-15 00:59,82.95,83.015,82.615,82.615,264
2026-05-15 01:00,82.595,83.01,82.47,82.97,377
2026-05-15 01:01,82.69,82.7,82.355,82.655,137
2026-05-15 01:02,82.675,82.845,82.47,82.72,90
2026-05-15 01:03,82.525,82.78,82.475,82.63,62
2026-05-15 01:04,82.435,82.52,82.19,82.52,85
2026-05-15 01:05,82.46,82.525,82.33,82.425,55
2026-05-15 01:06,82.24,82.6,82.155,82.54,88
2026-05-15 01:07,82.155,82.245,82.115,82.245,91
2026-05-15 01:08,82.2,82.225,82.065,82.15,78
2026-05-15 01:09,81.86,82.27,81.8,82.23,253
2026-05-15 01:10,81.8,81.89,81.715,81.84,215
2026-05-15 01:11,81.76,81.865,81.61,81.775,152
2026-05-15 01:12,81.69,81.805,81.6,81.78,95
2026-05-15 01:13,81.93,81.93,81.715,81.72,85
2026-05-15 01:14,81.935,82.03,81.86,81.94,53
2026-05-15 01:15,81.885,81.955,81.6,81.92,88
2026-05-15 01:16,81.965,82.02,81.91,81.92,54
2026-05-15 01:17,81.95,82.055,81.82,81.98,58
2026-05-15 01:18,82.015,82.04,81.93,81.975,18
2026-05-15 01:19,81.98,82.015,81.9,81.975,10
2026-05-15 01:20,82.025,82.095,81.86,81.945,23
2026-05-15 01:21,81.785,81.985,81.735,81.985,71
2026-05-15 01:22,81.9,81.91,81.74,81.74,15
2026-05-15 01:23,81.745,81.83,81.65,81.83,33
2026-05-15 01:24,81.905,82.005,81.725,81.725,51
2026-05-15 01:25,81.86,81.92,81.75,81.855,16
2026-05-15 01:26,81.705,81.76,81.465,81.76,165
2026-05-15 01:27,81.65,81.71,81.54,81.695,83
2026-05-15 01:28,81.455,81.635,81.45,81.61,68
2026-05-15 01:29,81.46,81.535,81.435,81.465,31
2026-05-15 01:30,81.485,81.555,81.435,81.47,44
2026-05-15 01:31,81.54,81.605,81.415,81.48,68
2026-05-15 01:32,81.59,81.635,81.44,81.47,24
2026-05-15 01:33,81.625,81.63,81.555,81.565,41
2026-05-15 01:34,81.74,81.74,81.58,81.64,54
2026-05-15 01:35,81.8,81.8,81.71,81.75,38
2026-05-15 01:36,81.825,81.955,81.79,81.805,57
2026-05-15 01:37,81.855,81.905,81.77,81.835,42
2026-05-15 01:38,81.78,81.875,81.745,81.84,39
2026-05-15 01:39,81.845,81.99,81.765,81.765,34
2026-05-15 01:40,81.92,82.015,81.87,81.87,112
2026-05-15 01:41,81.955,82.05,81.88,81.88,86
2026-05-15 01:42,82.01,82.04,81.96,81.99,27
2026-05-15 01:43,82.0,82.06,81.955,82.05,48
2026-05-15 01:44,82.065,82.065,81.99,82.03,21
2026-05-15 01:45,82.04,82.055,81.97,82.03,25
2026-05-15 01:46,81.925,82.075,81.925,82.01,33
2026-05-15 01:47,81.895,81.895,81.79,81.84,20
2026-05-15 01:48,81.76,81.885,81.685,81.855,48
2026-05-15 01:49,81.76,81.835,81.75,81.775,6
2026-05-15 01:50,81.78,81.84,81.74,81.805,12
2026-05-15 01:51,81.495,81.73,81.495,81.71,26
2026-05-15 01:52,81.37,81.5,81.315,81.47,169
2026-05-15 01:53,81.085,81.41,81.015,81.41,239
2026-05-15 01:54,81.1,81.175,81.05,81.14,58
2026-05-15 01:55,81.155,81.23,81.065,81.145,40
2026-05-15 01:56,81.24,81.24,81.13,81.18,18
2026-05-15 01:57,81.19,81.22,81.115,81.175,23
2026-05-15 01:58,81.35,81.36,81.185,81.215,93
2026-05-15 01:59,81.215,81.39,81.215,81.325,54
2026-05-15 02:00,81.345,81.345,81.08,81.235,55
2026-05-15 02:01,81.265,81.355,81.175,81.355,21
2026-05-15 02:02,81.39,81.39,81.175,81.25,36
2026-05-15 02:03,81.44,81.44,81.3,81.3,19
2026-05-15 02:04,81.335,81.405,81.25,81.405,42
2026-05-15 02:05,81.38,81.415,81.28,81.345,39
2026-05-15 02:06,81.37,81.405,81.29,81.4,20
2026-05-15 02:07,81.405,81.5,81.375,81.39,39
2026-05-15 02:08,81.445,81.465,81.37,81.39,21
2026-05-15 02:09,81.56,81.56,81.435,81.445,26
2026-05-15 02:10,81.635,81.64,81.535,81.535,87
2026-05-15 02:11,81.495,81.595,81.46,81.57,48
2026-05-15 02:12,81.45,81.485,81.435,81.47,12
2026-05-15 02:13,81.575,81.59,81.47,81.48,26
2026-05-15 02:14,81.52,81.61,81.515,81.595,46
2026-05-15 02:15,81.385,81.49,81.315,81.49,30
2026-05-15 02:16,81.45,81.45,81.39,81.39,8
2026-05-15 02:17,81.43,81.45,81.43,81.45,2
2026-05-15 02:18,81.585,81.585,81.49,81.49,13
2026-05-15 02:19,81.585,81.585,81.525,81.54,8
2026-05-15 02:20,81.59,81.615,81.575,81.585,21
2026-05-15 02:21,81.585,81.62,81.545,81.6,9
2026-05-15 02:22,81.545,81.595,81.545,81.59,6
2026-05-15 02:23,81.505,81.55,81.485,81.55,11
2026-05-15 02:24,81.535,81.57,81.535,81.57,2
2026-05-15 02:25,81.64,81.64,81.465,81.48,11
2026-05-15 02:26,81.625,81.66,81.59,81.65,13
2026-05-15 02:27,81.6,81.63,81.57,81.62,11
2026-05-15 02:28,81.565,81.625,81.545,81.625,3
2026-05-15 02:29,81.515,81.55,81.51,81.54,17
2026-05-15 02:30,81.635,81.64,81.54,81.54,41
2026-05-15 02:31,81.45,81.645,81.45,81.645,19
2026-05-15 02:32,81.43,81.51,81.43,81.465,15
2026-05-15 02:33,81.46,81.49,81.42,81.49,6
2026-05-15 02:34,81.555,81.56,81.455,81.475,20
2026-05-15 02:35,81.555,81.67,81.555,81.555,21
2026-05-15 02:36,81.65,81.65,81.52,81.615,18
2026-05-15 02:37,81.67,81.675,81.62,81.645,16
2026-05-15 02:38,81.69,81.69,81.67,81.67,5
2026-05-15 02:39,81.49,81.665,81.49,81.63,17
2026-05-15 02:40,81.41,81.455,81.39,81.455,17
2026-05-15 02:41,81.42,81.505,81.42,81.46,16
2026-05-15 02:42,81.445,81.445,81.435,81.44,3
2026-05-15 02:43,81.56,81.56,81.53,81.53,3
2026-05-15 02:44,81.69,81.715,81.58,81.58,26
2026-05-15 02:45,81.785,81.805,81.69,81.715,29
2026-05-15 02:46,81.64,81.74,81.62,81.74,14
2026-05-15 02:47,81.7,81.705,81.66,81.66,22
2026-05-15 02:48,81.685,81.695,81.64,81.695,10
2026-05-15 02:49,81.665,81.7,81.645,81.69,7
2026-05-15 02:50,81.67,81.67,81.65,81.65,6
2026-05-15 02:51,81.89,81.9,81.585,81.63,133
2026-05-15 02:52,81.965,81.965,81.9,81.91,54
2026-05-15 02:53,81.88,81.975,81.865,81.97,46
2026-05-15 02:54,82.0,82.0,81.875,81.88,40
2026-05-15 02:55,82.03,82.05,81.955,82.0,35
2026-05-15 02:56,81.985,82.09,81.985,82.06,34
2026-05-15 02:57,81.99,82.04,81.975,81.995,17
2026-05-15 02:58,81.9,81.97,81.9,81.96,11
2026-05-15 02:59,81.82,81.9,81.805,81.89,17
2026-05-15 03:00,81.945,81.945,81.82,81.845,55
2026-05-15 03:01,81.86,81.955,81.815,81.92,32
2026-05-15 03:02,81.815,81.895,81.815,81.895,27
2026-05-15 03:03,81.865,81.865,81.785,81.8,16
2026-05-15 03:04,81.945,81.95,81.9,81.9,16
2026-05-15 03:05,82.03,82.07,81.955,81.965,24
2026-05-15 03:06,82.03,82.03,82.005,82.01,6
2026-05-15 03:07,81.91,81.985,81.91,81.985,23
2026-05-15 03:08,81.965,81.965,81.875,81.9,15
2026-05-15 03:09,81.94,81.985,81.9,81.92,15
2026-05-15 03:10,81.95,81.985,81.93,81.96,11
2026-05-15 03:11,81.985,81.985,81.965,81.965,2
2026-05-15 03:12,81.975,82.025,81.955,81.955,30
2026-05-15 03:13,81.845,81.98,81.845,81.97,13
2026-05-15 03:14,81.815,81.825,81.775,81.825,10
2026-05-15 03:15,81.81,81.84,81.79,81.83,9
2026-05-15 03:16,81.69,81.785,81.635,81.785,45
2026-05-15 03:17,81.61,81.69,81.585,81.69,18
2026-05-15 03:18,81.625,81.635,81.595,81.605,24
2026-05-15 03:19,81.54,81.615,81.535,81.615,30
2026-05-15 03:20,81.415,81.55,81.35,81.55,45
2026-05-15 03:21,81.455,81.5,81.375,81.395,32
2026-05-15 03:22,81.46,81.46,81.395,81.425,10
2026-05-15 03:23,81.465,81.49,81.435,81.435,21
2026-05-15 03:24,81.495,81.505,81.45,81.49,18
2026-05-15 03:25,81.485,81.51,81.435,81.495,22
2026-05-15 03:26,81.415,81.47,81.395,81.47,9
2026-05-15 03:27,81.44,81.46,81.42,81.42,12
2026-05-15 03:28,81.42,81.475,81.375,81.475,18
2026-05-15 03:29,81.43,81.43,81.405,81.42,8
2026-05-15 03:30,81.57,81.575,81.425,81.47,76
2026-05-15 03:31,81.55,81.57,81.505,81.57,13
2026-05-15 03:32,81.59,81.59,81.53,81.555,20
2026-05-15 03:33,81.555,81.62,81.555,81.585,11
2026-05-15 03:34,81.35,81.52,81.265,81.52,62
2026-05-15 03:35,81.375,81.38,81.3,81.38,23
2026-05-15 03:36,81.46,81.46,81.395,81.395,11
2026-05-15 03:37,81.605,81.605,81.475,81.48,55
2026-05-15 03:38,81.59,81.655,81.59,81.605,17
2026-05-15 03:39,81.59,81.59,81.495,81.58,17
2026-05-15 03:40,81.605,81.62,81.59,81.59,4
2026-05-15 03:41,81.64,81.64,81.565,81.6,11
2026-05-15 03:42,81.775,81.78,81.65,81.65,46
2026-05-15 03:43,81.8,81.83,81.785,81.785,14
2026-05-15 03:44,81.65,81.75,81.65,81.75,18
2026-05-15 03:45,81.645,81.645,81.645,81.645,1
2026-05-15 03:46,81.655,81.665,81.635,81.65,10
2026-05-15 03:47,81.625,81.675,81.62,81.675,5
2026-05-15 03:48,81.67,81.67,81.67,81.67,1
2026-05-15 03:49,81.665,81.675,81.665,81.675,2
2026-05-15 03:50,81.675,81.72,81.675,81.69,7
2026-05-15 03:51,81.705,81.705,81.66,81.685,5
2026-05-15 03:52,81.69,81.71,81.69,81.71,3
2026-05-15 03:53,81.675,81.675,81.675,81.675,1
2026-05-15 03:54,81.57,81.69,81.55,81.69,31
2026-05-15 03:55,81.56,81.615,81.56,81.615,5
2026-05-15 03:56,81.635,81.66,81.475,81.565,50
2026-05-15 03:57,81.795,81.805,81.675,81.675,27
2026-05-15 03:58,81.82,81.84,81.8,81.8,10
2026-05-15 04:00,81.86,81.86,81.82,81.825,9
2026-05-15 04:01,81.755,81.8,81.755,81.8,4
2026-05-15 04:02,81.715,81.755,81.715,81.755,3
2026-05-15 04:03,81.675,81.71,81.675,81.71,8
2026-05-15 04:05,81.9,81.92,81.74,81.74,27
2026-05-15 04:06,81.845,81.905,81.845,81.905,4
2026-05-15 04:07,81.85,81.895,81.83,81.855,6
2026-05-15 04:08,81.86,81.89,81.86,81.86,7
2026-05-15 04:09,81.885,81.885,81.83,81.85,20
2026-05-15 04:10,81.825,81.835,81.82,81.835,6
2026-05-15 04:11,81.83,81.855,81.81,81.855,3
2026-05-15 04:12,81.865,81.865,81.865,81.865,2
2026-05-15 04:13,81.885,81.885,81.815,81.815,3
2026-05-15 04:14,81.925,81.925,81.89,81.905,9
2026-05-15 04:15,81.835,81.935,81.835,81.935,19
2026-05-15 04:16,81.895,81.895,81.87,81.87,3
2026-05-15 04:17,81.86,81.865,81.85,81.86,10
2026-05-15 04:18,81.84,81.84,81.84,81.84,6
2026-05-15 04:19,81.78,81.835,81.78,81.835,32
2026-05-15 04:20,81.655,81.735,81.655,81.71,9
2026-05-15 04:21,81.65,81.665,81.605,81.65,16
2026-05-15 04:22,81.585,81.62,81.54,81.6,18
2026-05-15 04:23,81.57,81.615,81.525,81.535,13
2026-05-15 04:24,81.6,81.62,81.6,81.62,3
2026-05-15 04:25,81.63,81.63,81.63,81.63,1
2026-05-15 04:26,81.74,81.74,81.62,81.62,30
2026-05-15 04:27,81.795,81.795,81.685,81.705,36
2026-05-15 04:28,81.765,81.82,81.765,81.785,52
2026-05-15 04:29,81.82,81.82,81.785,81.785,5
2026-05-15 04:30,81.755,81.755,81.755,81.755,1
2026-05-15 04:32,81.875,81.875,81.81,81.81,15
2026-05-15 04:33,81.805,81.84,81.805,81.84,4
2026-05-15 04:34,81.795,81.795,81.765,81.765,4
2026-05-15 04:35,81.805,81.87,81.805,81.87,7
2026-05-15 04:36,81.845,81.86,81.845,81.86,3
2026-05-15 04:37,81.79,81.81,81.77,81.77,4
2026-05-15 04:38,81.725,81.77,81.725,81.77,3
2026-05-15 04:39,81.795,81.795,81.735,81.735,3
2026-05-15 04:41,81.805,81.805,81.805,81.805,1
2026-05-15 04:42,81.775,81.775,81.775,81.775,1
2026-05-15 04:43,81.5,81.7,81.495,81.7,6
2026-05-15 04:44,81.44,81.515,81.39,81.505,40
2026-05-15 04:45,81.52,81.545,81.44,81.445,32
2026-05-15 04:46,81.515,81.525,81.445,81.445,7
2026-05-15 04:47,81.505,81.505,81.475,81.505,6
2026-05-15 04:48,81.54,81.58,81.515,81.515,4
2026-05-15 04:49,81.565,81.575,81.545,81.545,5
2026-05-15 04:50,81.64,81.64,81.575,81.575,7
2026-05-15 04:51,81.525,81.615,81.525,81.615,8
2026-05-15 04:52,81.505,81.515,81.495,81.505,8
2026-05-15 04:53,81.505,81.545,81.505,81.545,2
2026-05-15 04:54,81.515,81.515,81.5,81.505,3
2026-05-15 04:57,81.485,81.485,81.43,81.445,5
2026-05-15 04:58,81.53,81.53,81.465,81.465,6
2026-05-15 04:59,81.395,81.515,81.35,81.505,51
2026-05-15 05:00,81.355,81.39,81.295,81.38,21
2026-05-15 05:01,81.335,81.335,81.26,81.275,24
2026-05-15 05:02,81.305,81.305,81.205,81.3,41
2026-05-15 05:03,81.135,81.27,81.125,81.25,52
2026-05-15 05:04,81.09,81.17,81.085,81.14,55
2026-05-15 05:05,80.995,81.08,80.89,81.08,134
2026-05-15 05:06,80.895,81.0,80.895,80.975,44
2026-05-15 05:07,80.85,80.935,80.79,80.93,65
2026-05-15 05:08,80.78,80.89,80.76,80.85,54
2026-05-15 05:09,80.86,80.86,80.75,80.77,19
2026-05-15 05:10,80.815,80.835,80.795,80.815,14
2026-05-15 05:11,80.79,80.85,80.75,80.82,30
2026-05-15 05:12,80.815,80.87,80.795,80.795,29
2026-05-15 05:13,80.705,80.76,80.635,80.76,74
2026-05-15 05:14,80.83,80.835,80.67,80.675,52
2026-05-15 05:15,80.895,80.925,80.785,80.785,28
2026-05-15 05:16,80.78,80.935,80.78,80.93,21
2026-05-15 05:17,80.615,80.8,80.615,80.775,37
2026-05-15 05:18,80.55,80.66,80.55,80.66,33
2026-05-15 05:19,80.515,80.59,80.46,80.55,91
2026-05-15 05:20,80.475,80.57,80.405,80.54,100
2026-05-15 05:21,80.705,80.725,80.48,80.49,138
2026-05-15 05:22,80.605,80.755,80.605,80.705,59
2026-05-15 05:23,80.49,80.58,80.475,80.565,33
2026-05-15 05:24,80.64,80.64,80.475,80.475,34
2026-05-15 05:25,80.64,80.675,80.605,80.62,22
2026-05-15 05:26,80.56,80.61,80.53,80.61,21
2026-05-15 05:27,80.6,80.66,80.555,80.555,22
2026-05-15 05:28,80.65,80.72,80.625,80.625,52
2026-05-15 05:29,80.63,80.68,80.59,80.61,29
2026-05-15 05:30,80.14,80.675,80.08,80.635,572
2026-05-15 05:31,79.89,80.175,79.84,80.135,357
2026-05-15 05:32,79.76,79.865,79.69,79.855,128
2026-05-15 05:33,79.47,79.815,79.455,79.73,198
2026-05-15 05:34,79.315,79.55,79.155,79.53,387
2026-05-15 05:35,79.16,79.355,79.015,79.3,313
2026-05-15 05:36,79.395,79.4,79.095,79.175,168
2026-05-15 05:37,78.91,79.42,78.845,79.39,387
2026-05-15 05:38,78.75,78.995,78.65,78.9,371
2026-05-15 05:39,78.83,78.875,78.6,78.82,278
2026-05-15 05:40,78.51,78.86,78.2,78.855,761
2026-05-15 05:41,78.585,78.69,78.43,78.47,230
2026-05-15 05:42,78.63,78.785,78.48,78.53,198
2026-05-15 05:43,78.62,78.905,78.57,78.615,162
2026-05-15 05:44,78.57,78.795,78.51,78.65,126
2026-05-15 05:45,78.48,78.635,78.41,78.555,200
2026-05-15 05:46,78.355,78.555,78.24,78.47,128
2026-05-15 05:47,78.155,78.475,78.145,78.355,186
2026-05-15 05:48,78.435,78.465,78.1,78.195,199
2026-05-15 05:49,78.405,78.48,78.295,78.43,80
2026-05-15 05:50,78.925,78.925,78.445,78.48,147
2026-05-15 05:51,78.76,78.93,78.675,78.92,126
2026-05-15 05:52,78.745,78.875,78.66,78.75,79
2026-05-15 05:53,78.91,78.91,78.715,78.76,74
2026-05-15 05:54,78.785,78.92,78.785,78.9,53
2026-05-15 05:55,78.875,78.91,78.7,78.77,60
2026-05-15 05:56,78.675,78.86,78.595,78.86,39
2026-05-15 05:57,78.8,78.8,78.59,78.665,60
2026-05-15 05:58,78.645,78.81,78.62,78.785,22
2026-05-15 05:59,78.355,78.65,78.355,78.61,71
2026-05-15 06:00,78.525,78.595,78.33,78.355,142
2026-05-15 06:01,78.64,78.68,78.415,78.5,75
2026-05-15 06:02,78.495,78.655,78.46,78.64,98
2026-05-15 06:03,78.6,78.65,78.4,78.48,88
2026-05-15 06:04,78.615,78.67,78.555,78.585,48
2026-05-15 06:05,78.625,78.69,78.485,78.625,74
2026-05-15 06:06,78.65,78.745,78.6,78.65,110
2026-05-15 06:07,78.525,78.745,78.525,78.645,76
2026-05-15 06:08,78.585,78.67,78.35,78.575,140
2026-05-15 06:09,78.305,78.545,78.105,78.545,128
2026-05-15 06:10,78.07,78.325,77.955,78.315,179
2026-05-15 06:11,78.48,78.495,78.13,78.13,198
2026-05-15 06:12,78.53,78.56,78.36,78.48,92
2026-05-15 06:13,78.745,78.775,78.485,78.525,58
2026-05-15 06:14,78.78,78.78,78.6,78.7,61
2026-05-15 06:15,78.81,78.895,78.69,78.79,122
2026-05-15 06:16,79.06,79.08,78.82,78.86,114
2026-05-15 06:17,79.08,79.19,79.025,79.035,148
2026-05-15 06:18,78.995,79.085,78.925,79.08,89
2026-05-15 06:19,78.98,79.035,78.945,79.01,79
2026-05-15 06:20,78.915,78.99,78.85,78.925,68
2026-05-15 06:21,79.105,79.145,78.96,78.96,61
2026-05-15 06:22,79.025,79.145,78.93,79.12,124
2026-05-15 06:23,79.005,79.075,78.97,79.025,108
2026-05-15 06:24,78.91,79.01,78.835,79.01,67
2026-05-15 06:25,78.89,78.915,78.86,78.9,42
2026-05-15 06:26,79.04,79.06,78.87,78.87,80
2026-05-15 06:27,78.835,79.01,78.835,79.01,26
2026-05-15 06:28,78.785,78.8,78.685,78.8,24
2026-05-15 06:29,78.765,78.82,78.73,78.795,39
2026-05-15 06:30,79.06,79.115,78.785,78.785,80
2026-05-15 06:31,78.99,79.12,78.99,79.015,24
2026-05-15 06:32,79.1,79.1,78.95,78.985,30
2026-05-15 06:33,79.045,79.09,78.98,79.055,37
2026-05-15 06:34,78.97,79.06,78.92,79.01,50
2026-05-15 06:35,79.03,79.03,78.92,78.975,36
2026-05-15 06:36,78.955,79.085,78.9,79.04,37
2026-05-15 06:37,78.86,78.915,78.84,78.915,24
2026-05-15 06:38,78.885,78.91,78.8,78.84,43
2026-05-15 06:39,78.87,78.98,78.87,78.885,43
2026-05-15 06:40,78.925,78.93,78.785,78.87,24
2026-05-15 06:41,78.92,79.03,78.895,78.94,34
2026-05-15 06:42,78.935,78.96,78.9,78.91,21
2026-05-15 06:43,78.98,79.0,78.93,78.95,24
2026-05-15 06:44,78.9,79.0,78.855,79.0,22
2026-05-15 06:45,79.045,79.045,78.94,78.94,56
2026-05-15 06:46,78.995,79.12,78.975,79.055,35
2026-05-15 06:47,78.98,79.015,78.935,78.99,19
2026-05-15 06:48,78.79,79.025,78.785,78.97,57
2026-05-15 06:49,79.02,79.075,78.79,78.79,63
2026-05-15 06:50,78.92,79.06,78.885,79.02,31
2026-05-15 06:51,78.995,78.995,78.905,78.905,8
2026-05-15 06:52,78.8,78.95,78.8,78.93,29
2026-05-15 06:53,78.75,78.82,78.73,78.8,27
2026-05-15 06:54,78.72,78.79,78.62,78.745,32
2026-05-15 06:55,78.705,78.785,78.685,78.765,31
2026-05-15 06:56,78.745,78.805,78.65,78.675,26
2026-05-15 06:57,78.66,78.77,78.655,78.71,33
2026-05-15 06:58,78.725,78.75,78.635,78.695,27
2026-05-15 06:59,78.765,78.79,78.685,78.71,34
2026-05-15 07:00,78.82,78.835,78.58,78.8,76
2026-05-15 07:01,78.69,78.96,78.515,78.815,150
2026-05-15 07:02,78.805,78.835,78.62,78.725,68
2026-05-15 07:03,78.905,78.965,78.76,78.76,53
2026-05-15 07:04,78.885,78.94,78.805,78.88,23
2026-05-15 07:05,78.95,79.0,78.9,78.905,47
2026-05-15 07:06,78.89,78.92,78.86,78.915,22
2026-05-15 07:07,78.84,78.965,78.8,78.935,53
2026-05-15 07:08,78.93,78.93,78.83,78.84,47
2026-05-15 07:09,79.13,79.135,78.915,78.915,55
2026-05-15 07:10,79.23,79.23,79.095,79.125,67
2026-05-15 07:11,79.4,79.4,79.21,79.235,167
2026-05-15 07:12,79.445,79.455,79.38,79.38,47
2026-05-15 07:13,79.635,79.635,79.435,79.46,81
2026-05-15 07:14,79.625,79.67,79.585,79.62,79
2026-05-15 07:15,79.66,79.73,79.61,79.62,68
2026-05-15 07:16,79.5,79.645,79.455,79.645,64
2026-05-15 07:17,79.585,79.6,79.45,79.48,81
2026-05-15 07:18,79.635,79.635,79.545,79.575,69
2026-05-15 07:19,79.62,79.625,79.55,79.605,76
2026-05-15 07:20,79.695,79.785,79.62,79.62,130
2026-05-15 07:21,79.74,79.76,79.68,79.68,43
2026-05-15 07:22,79.745,79.78,79.645,79.71,91
2026-05-15 07:23,79.545,79.73,79.54,79.73,115
2026-05-15 07:24,79.55,79.6,79.475,79.57,86
2026-05-15 07:25,79.46,79.55,79.41,79.55,45
2026-05-15 07:26,79.42,79.44,79.37,79.43,46
2026-05-15 07:27,79.54,79.56,79.44,79.44,23
2026-05-15 07:28,79.6,79.61,79.56,79.56,47
2026-05-15 07:29,79.635,79.655,79.54,79.57,42
2026-05-15 07:30,79.545,79.655,79.545,79.63,32
2026-05-15 07:31,79.535,79.575,79.535,79.54,17
2026-05-15 07:32,79.61,79.63,79.555,79.555,27
2026-05-15 07:33,79.45,79.62,79.45,79.62,94
2026-05-15 07:34,79.5,79.5,79.45,79.46,30
2026-05-15 07:35,79.545,79.565,79.48,79.48,46
2026-05-15 07:36,79.535,79.59,79.49,79.52,63
2026-05-15 07:37,79.39,79.51,79.325,79.51,54
2026-05-15 07:38,79.49,79.5,79.405,79.42,21
2026-05-15 07:39,79.555,79.575,79.465,79.475,96
2026-05-15 07:40,79.49,79.515,79.405,79.515,29
2026-05-15 07:41,79.435,79.49,79.38,79.46,24
2026-05-15 07:42,79.445,79.475,79.395,79.435,25
2026-05-15 07:43,79.46,79.495,79.395,79.42,19
2026-05-15 07:44,79.545,79.555,79.465,79.465,21
2026-05-15 07:45,79.56,79.565,79.505,79.555,15
2026-05-15 07:46,79.515,79.56,79.48,79.56,24
2026-05-15 07:47,79.495,79.54,79.47,79.52,38
2026-05-15 07:48,79.54,79.54,79.495,79.51,10
2026-05-15 07:49,79.38,79.57,79.31,79.565,70
2026-05-15 07:50,79.3,79.375,79.28,79.375,66
2026-05-15 07:51,79.195,79.29,79.195,79.29,41
2026-05-15 07:52,79.24,79.25,79.205,79.225,25
2026-05-15 07:53,79.235,79.285,79.215,79.285,14
2026-05-15 07:54,79.34,79.35,79.235,79.235,17
2026-05-15 07:55,79.41,79.425,79.315,79.325,26
2026-05-15 07:56,79.35,79.43,79.35,79.39,14
2026-05-15 07:57,79.33,79.38,79.31,79.38,11
2026-05-15 07:58,79.26,79.345,79.26,79.325,14
2026-05-15 07:59,79.36,79.36,79.27,79.27,19
2026-05-15 08:00,79.29,79.44,79.29,79.375,48
2026-05-15 08:01,78.94,79.27,78.9,79.27,133
2026-05-15 08:02,78.855,78.965,78.82,78.945,100
2026-05-15 08:03,78.995,78.995,78.88,78.89,48
2026-05-15 08:04,78.905,79.015,78.775,79.005,55
2026-05-15 08:05,79.105,79.115,78.88,78.9,62
2026-05-15 08:06,79.0,79.105,78.98,79.09,31
2026-05-15 08:07,79.085,79.11,78.935,78.98,36
2026-05-15 08:08,78.97,79.12,78.97,79.045,27
2026-05-15 08:09,79.065,79.09,78.935,78.97,16
2026-05-15 08:10,79.055,79.095,78.91,79.075,72
2026-05-15 08:11,78.965,79.06,78.965,79.025,16
2026-05-15 08:12,79.03,79.09,79.03,79.06,28
2026-05-15 08:13,78.92,79.02,78.92,79.02,7
2026-05-15 08:14,78.995,79.045,78.915,78.94,43
2026-05-15 08:15,78.83,78.945,78.83,78.945,41
2026-05-15 08:16,78.61,78.81,78.58,78.77,85
2026-05-15 08:17,78.665,78.71,78.44,78.61,238
2026-05-15 08:18,78.73,78.76,78.585,78.665,81
2026-05-15 08:19,78.745,78.815,78.695,78.755,55
2026-05-15 08:20,78.68,78.785,78.68,78.69,76
2026-05-15 08:21,78.58,78.67,78.525,78.67,41
2026-05-15 08:22,78.765,78.765,78.58,78.645,25
2026-05-15 08:23,78.69,78.735,78.58,78.715,33
2026-05-15 08:24,78.705,78.73,78.685,78.71,24
2026-05-15 08:25,78.76,78.76,78.685,78.685,11
2026-05-15 08:26,78.67,78.7,78.6,78.655,21
2026-05-15 08:27,78.55,78.67,78.505,78.645,77
2026-05-15 08:28,78.63,78.655,78.52,78.52,23
2026-05-15 08:29,78.565,78.625,78.53,78.625,36
2026-05-15 08:30,78.38,78.55,78.29,78.55,102
2026-05-15 08:31,78.475,78.475,78.35,78.375,64
2026-05-15 08:32,78.54,78.59,78.455,78.455,32
2026-05-15 08:33,78.405,78.49,78.335,78.49,30
2026-05-15 08:34,78.45,78.485,78.38,78.445,13
2026-05-15 08:35,78.455,78.51,78.455,78.495,9
2026-05-15 08:36,78.53,78.53,78.41,78.43,10
2026-05-15 08:37,78.535,78.55,78.46,78.515,6
2026-05-15 08:38,78.8,78.8,78.56,78.56,32
2026-05-15 08:39,78.91,78.97,78.8,78.805,93
2026-05-15 08:40,78.855,78.97,78.835,78.93,107
2026-05-15 08:41,78.93,78.93,78.835,78.835,16
2026-05-15 08:42,79.015,79.03,78.91,78.91,63
2026-05-15 08:43,79.0,79.035,78.935,79.025,43
2026-05-15 08:44,79.1,79.1,78.975,79.0,45
2026-05-15 08:45,79.02,79.135,79.02,79.11,51
2026-05-15 08:46,78.81,79.015,78.8,78.995,39
2026-05-15 08:47,78.905,78.985,78.76,78.785,60
2026-05-15 08:48,78.915,78.94,78.9,78.9,8
2026-05-15 08:49,78.905,78.94,78.905,78.935,5
2026-05-15 08:50,78.9,78.92,78.885,78.92,3
2026-05-15 08:51,78.82,78.855,78.78,78.85,25
2026-05-15 08:52,78.79,78.84,78.77,78.84,12
2026-05-15 08:53,78.8,78.81,78.79,78.79,6
2026-05-15 08:54,78.73,78.79,78.73,78.785,7
2026-05-15 08:55,78.62,78.68,78.5,78.68,44
2026-05-15 08:56,78.69,78.7,78.6,78.6,17
2026-05-15 08:57,78.655,78.66,78.6,78.66,6
2026-05-15 08:58,78.555,78.63,78.54,78.62,28
2026-05-15 08:59,78.575,78.59,78.5,78.52,31
2026-05-15 09:00,78.585,78.655,78.585,78.62,28
2026-05-15 09:01,78.5,78.59,78.485,78.59,17
2026-05-15 09:02,78.515,78.52,78.455,78.52,8
2026-05-15 09:03,78.625,78.625,78.53,78.53,53
2026-05-15 09:04,78.73,78.745,78.59,78.615,47
2026-05-15 09:05,78.91,78.95,78.745,78.745,47
2026-05-15 09:06,78.635,78.875,78.635,78.875,22
2026-05-15 09:07,78.585,78.695,78.565,78.64,28
2026-05-15 09:08,78.59,78.62,78.54,78.585,19
2026-05-15 09:09,78.675,78.675,78.565,78.575,29
2026-05-15 09:10,78.395,78.695,78.385,78.695,82
2026-05-15 09:11,78.37,78.45,78.36,78.39,33
2026-05-15 09:12,78.465,78.465,78.325,78.36,15
2026-05-15 09:13,78.455,78.485,78.415,78.475,8
2026-05-15 09:14,78.385,78.425,78.24,78.425,51
2026-05-15 09:15,78.145,78.45,78.095,78.385,78
2026-05-15 09:16,78.105,78.16,77.7,78.145,361
2026-05-15 09:17,77.93,78.015,77.89,78.015,60
2026-05-15 09:18,78.12,78.12,77.86,77.95,99
2026-05-15 09:19,78.14,78.14,78.05,78.135,46
2026-05-15 09:20,78.105,78.155,78.04,78.115,47
2026-05-15 09:21,78.155,78.195,78.115,78.115,28
2026-05-15 09:22,78.09,78.12,77.945,78.09,44
2026-05-15 09:23,78.115,78.115,78.045,78.105,16
2026-05-15 09:24,78.12,78.215,78.09,78.095,37
2026-05-15 09:25,78.16,78.21,78.08,78.105,28
2026-05-15 09:26,78.17,78.2,78.12,78.135,16
2026-05-15 09:27,78.27,78.27,78.155,78.18,34
2026-05-15 09:28,78.265,78.3,78.2,78.245,34
2026-05-15 09:29,78.4,78.4,78.29,78.3,31
2026-05-15 09:30,78.415,78.47,78.34,78.385,32
2026-05-15 09:31,78.4,78.435,78.385,78.415,37
2026-05-15 09:32,78.455,78.455,78.385,78.385,17
2026-05-15 09:33,78.45,78.45,78.425,78.44,10
2026-05-15 09:34,78.385,78.465,78.385,78.46,22
2026-05-15 09:35,78.365,78.43,78.34,78.41,56
2026-05-15 09:36,78.145,78.41,78.125,78.375,52
2026-05-15 09:37,78.12,78.18,78.05,78.17,84
2026-05-15 09:38,77.985,78.165,77.945,78.115,115
2026-05-15 09:39,78.14,78.14,77.945,77.98,36
2026-05-15 09:40,78.11,78.205,78.1,78.185,41
2026-05-15 09:41,78.095,78.155,78.07,78.145,49
2026-05-15 09:42,78.025,78.075,77.98,78.075,31
2026-05-15 09:43,77.89,78.12,77.89,78.015,93
2026-05-15 09:44,77.875,77.9,77.785,77.9,80
2026-05-15 09:45,77.85,77.875,77.76,77.865,52
2026-05-15 09:46,77.885,77.91,77.79,77.83,32
2026-05-15 09:47,77.895,77.92,77.76,77.87,178
2026-05-15 09:48,77.865,77.985,77.84,77.9,133
2026-05-15 09:49,77.74,77.925,77.705,77.905,127
2026-05-15 09:50,77.455,77.705,77.2,77.705,673
2026-05-15 09:51,77.62,77.63,77.45,77.48,148
2026-05-15 09:52,77.725,77.81,77.63,77.66,124
2026-05-15 09:53,77.645,77.72,77.615,77.7,35
2026-05-15 09:54,77.73,77.745,77.63,77.675,47
2026-05-15 09:55,77.71,77.72,77.51,77.72,78
2026-05-15 09:56,77.955,77.99,77.75,77.75,242
2026-05-15 09:57,77.84,77.96,77.83,77.96,25
2026-05-15 09:58,77.84,77.86,77.78,77.85,27
2026-05-15 09:59,77.855,77.955,77.85,77.86,76
2026-05-15 10:00,77.955,77.955,77.815,77.885,42
2026-05-15 10:01,77.885,77.975,77.81,77.96,58
2026-05-15 10:02,77.935,77.985,77.9,77.905,50
2026-05-15 10:03,78.045,78.05,77.935,77.955,64
2026-05-15 10:04,78.005,78.09,78.0,78.025,26
2026-05-15 10:05,78.215,78.245,78.065,78.065,100
2026-05-15 10:06,78.255,78.365,78.23,78.23,138
2026-05-15 10:07,78.275,78.295,78.22,78.25,25
2026-05-15 10:08,78.415,78.415,78.245,78.27,50
2026-05-15 10:09,78.4,78.48,78.375,78.43,37
2026-05-15 10:10,78.39,78.42,78.345,78.375,12
2026-05-15 10:11,78.415,78.465,78.36,78.365,28
2026-05-15 10:12,78.465,78.49,78.4,78.405,29
2026-05-15 10:13,78.485,78.56,78.405,78.485,97
2026-05-15 10:14,78.545,78.585,78.5,78.5,115
2026-05-15 10:15,78.545,78.545,78.465,78.53,59
2026-05-15 10:16,78.7,78.715,78.495,78.495,126
2026-05-15 10:17,78.625,78.755,78.625,78.725,63
2026-05-15 10:18,78.61,78.68,78.57,78.625,33
2026-05-15 10:19,78.58,78.615,78.53,78.605,19
2026-05-15 10:20,78.735,78.755,78.58,78.6,38
2026-05-15 10:21,78.8,78.8,78.745,78.745,38
2026-05-15 10:22,79.055,79.055,78.8,78.8,156
2026-05-15 10:23,79.015,79.12,78.98,79.055,214
2026-05-15 10:24,78.955,79.03,78.925,79.02,81
2026-05-15 10:25,78.905,79.015,78.905,78.93,44
2026-05-15 10:26,79.06,79.09,78.86,78.925,111
2026-05-15 10:27,78.89,79.04,78.85,79.04,71
2026-05-15 10:28,78.965,78.97,78.885,78.885,30
2026-05-15 10:29,78.88,78.945,78.875,78.945,21
2026-05-15 10:30,78.89,78.935,78.84,78.89,63
2026-05-15 10:31,78.85,78.9,78.845,78.9,18
2026-05-15 10:32,78.85,78.885,78.835,78.835,48
2026-05-15 10:33,78.94,78.94,78.83,78.88,69
2026-05-15 10:34,78.785,78.93,78.77,78.93,44
2026-05-15 10:35,78.85,78.9,78.8,78.8,50
2026-05-15 10:36,78.785,78.855,78.77,78.84,40
2026-05-15 10:37,78.705,78.86,78.665,78.815,47
2026-05-15 10:38,78.71,78.765,78.71,78.735,12
2026-05-15 10:39,78.675,78.715,78.65,78.715,25
2026-05-15 10:40,78.735,78.75,78.65,78.665,30
2026-05-15 10:41,78.71,78.735,78.71,78.735,6
2026-05-15 10:42,78.77,78.77,78.695,78.715,24
2026-05-15 10:43,78.765,78.78,78.76,78.77,15
2026-05-15 10:44,79.085,79.085,78.74,78.755,133
2026-05-15 10:45,79.215,79.245,79.025,79.065,98
2026-05-15 10:46,79.175,79.35,79.11,79.255,99
2026-05-15 10:47,79.29,79.3,79.2,79.215,30
2026-05-15 10:48,79.235,79.345,79.225,79.265,136
2026-05-15 10:49,79.035,79.29,79.005,79.25,80
2026-05-15 10:50,79.16,79.17,79.045,79.045,33
2026-05-15 10:51,79.415,79.44,79.08,79.12,79
2026-05-15 10:52,79.43,79.515,79.375,79.435,116
2026-05-15 10:53,79.5,79.525,79.435,79.445,63
2026-05-15 10:54,79.51,79.55,79.46,79.48,53
2026-05-15 10:55,79.285,79.52,79.27,79.51,74
2026-05-15 10:56,79.23,79.305,79.215,79.295,50
2026-05-15 10:57,79.325,79.34,79.185,79.22,43
2026-05-15 10:58,79.43,79.45,79.345,79.36,53
2026-05-15 10:59,79.34,79.48,79.32,79.465,27
2026-05-15 11:00,79.375,79.48,79.31,79.31,81
2026-05-15 11:01,79.23,79.38,79.22,79.36,55
2026-05-15 11:02,79.195,79.265,79.145,79.22,77
2026-05-15 11:03,79.215,79.22,79.18,79.22,10
2026-05-15 11:04,79.155,79.245,79.155,79.205,44
2026-05-15 11:05,79.14,79.215,79.09,79.145,73
2026-05-15 11:06,79.175,79.245,79.16,79.16,24
2026-05-15 11:07,79.135,79.15,79.12,79.15,17
2026-05-15 11:08,79.17,79.25,79.12,79.19,36
2026-05-15 11:09,79.11,79.175,79.09,79.17,36
2026-05-15 11:10,79.24,79.24,79.1,79.105,24
2026-05-15 11:11,79.15,79.28,79.135,79.24,48
2026-05-15 11:12,79.135,79.23,79.1,79.18,37
2026-05-15 11:13,79.165,79.185,79.12,79.125,21
2026-05-15 11:14,79.165,79.205,79.14,79.16,25
2026-05-15 11:15,79.175,79.175,79.125,79.15,13
2026-05-15 11:16,79.14,79.175,79.115,79.15,38
2026-05-15 11:17,79.245,79.255,79.135,79.135,30
2026-05-15 11:18,79.215,79.245,79.17,79.2,40
2026-05-15 11:19,79.235,79.255,79.23,79.23,16
2026-05-15 11:20,79.265,79.375,79.23,79.235,73
2026-05-15 11:21,79.19,79.265,79.17,79.265,20
2026-05-15 11:22,79.185,79.215,79.16,79.205,15
2026-05-15 11:23,79.15,79.195,79.145,79.17,34
2026-05-15 11:24,79.205,79.21,79.175,79.18,11
2026-05-15 11:25,78.94,79.215,78.935,79.215,66
2026-05-15 11:26,78.91,79.0,78.9,78.975,49
2026-05-15 11:27,78.94,78.995,78.91,78.91,36
2026-05-15 11:28,79.025,79.04,78.92,78.94,32
2026-05-15 11:29,79.01,79.035,78.96,79.035,16
2026-05-15 11:30,78.905,79.035,78.89,79.03,42
2026-05-15 11:31,78.975,78.975,78.905,78.905,21
2026-05-15 11:32,78.945,78.98,78.93,78.96,12
2026-05-15 11:33,78.95,78.995,78.925,78.955,28
2026-05-15 11:34,78.935,78.955,78.91,78.935,20
2026-05-15 11:35,78.96,78.98,78.95,78.98,7
2026-05-15 11:36,78.85,78.94,78.84,78.935,37
2026-05-15 11:37,78.85,78.85,78.82,78.85,16
2026-05-15 11:38,78.865,78.87,78.82,78.83,27
2026-05-15 11:39,78.735,78.855,78.62,78.85,112
2026-05-15 11:40,78.765,78.8,78.735,78.75,22
2026-05-15 11:41,78.745,78.775,78.74,78.76,21
2026-05-15 11:42,78.77,78.775,78.745,78.765,19
2026-05-15 11:43,78.785,78.815,78.77,78.77,29
2026-05-15 11:44,78.74,78.755,78.74,78.755,5
2026-05-15 11:45,78.88,78.88,78.74,78.74,55
2026-05-15 11:46,78.93,78.975,78.885,78.895,54
2026-05-15 11:47,78.9,78.965,78.875,78.965,31
2026-05-15 11:48,78.95,79.005,78.91,78.94,35
2026-05-15 11:49,78.965,78.995,78.965,78.995,22
2026-05-15 11:50,78.95,78.97,78.93,78.96,28
2026-05-15 11:51,78.96,79.015,78.91,79.015,18
2026-05-15 11:52,78.93,78.965,78.9,78.925,37
2026-05-15 11:53,78.99,78.99,78.94,78.95,11
2026-05-15 11:54,78.975,79.04,78.96,78.97,32
2026-05-15 11:55,78.775,78.955,78.765,78.955,35
2026-05-15 11:56,78.875,78.875,78.775,78.815,12
2026-05-15 11:57,78.905,78.93,78.85,78.855,11
2026-05-15 11:58,78.745,78.89,78.74,78.89,25
2026-05-15 11:59,78.79,78.8,78.775,78.79,11
2026-05-15 12:00,78.67,78.765,78.63,78.765,81
2026-05-15 12:01,78.64,78.66,78.54,78.645,46
2026-05-15 12:02,78.65,78.65,78.565,78.61,30
2026-05-15 12:03,78.665,78.67,78.645,78.665,19
2026-05-15 12:04,78.6,78.675,78.595,78.65,16
2026-05-15 12:05,78.67,78.69,78.61,78.61,11
2026-05-15 12:06,78.595,78.615,78.545,78.615,29
2026-05-15 12:07,78.58,78.585,78.525,78.545,15
2026-05-15 12:08,78.63,78.64,78.555,78.555,23
2026-05-15 12:09,78.605,78.63,78.565,78.58,12
2026-05-15 12:10,78.715,78.755,78.625,78.625,47
2026-05-15 12:11,78.585,78.7,78.54,78.7,33
2026-05-15 12:12,78.495,78.605,78.45,78.605,67
2026-05-15 12:13,78.54,78.54,78.46,78.48,18
2026-05-15 12:14,78.485,78.495,78.425,78.495,41
2026-05-15 12:15,78.705,78.73,78.445,78.445,51
2026-05-15 12:16,78.695,78.7,78.66,78.7,15
2026-05-15 12:17,78.615,78.74,78.605,78.715,22
2026-05-15 12:18,78.575,78.61,78.535,78.61,27
2026-05-15 12:19,78.635,78.64,78.545,78.55,25
2026-05-15 12:20,78.895,78.895,78.65,78.65,57
2026-05-15 12:21,78.98,79.015,78.89,78.9,71
2026-05-15 12:22,79.04,79.04,78.915,78.965,71
2026-05-15 12:23,78.93,79.035,78.9,79.02,27
2026-05-15 12:24,78.945,78.95,78.845,78.95,42
2026-05-15 12:25,78.77,78.92,78.55,78.92,188
2026-05-15 12:26,78.735,78.87,78.735,78.775,47
2026-05-15 12:27,78.76,78.795,78.725,78.735,40
2026-05-15 12:28,78.715,78.74,78.685,78.74,24
2026-05-15 12:29,78.795,78.83,78.69,78.69,39
2026-05-15 12:30,78.405,78.75,78.365,78.735,149
2026-05-15 12:31,78.52,78.52,78.315,78.395,119
2026-05-15 12:32,78.55,78.55,78.435,78.51,73
2026-05-15 12:33,78.545,78.665,78.52,78.54,45
2026-05-15 12:34,78.405,78.565,78.36,78.555,189
2026-05-15 12:35,78.36,78.4,78.3,78.37,110
2026-05-15 12:36,78.24,78.345,78.23,78.34,87
2026-05-15 12:37,78.26,78.285,78.17,78.285,44
2026-05-15 12:38,78.17,78.27,78.1,78.23,63
2026-05-15 12:39,78.17,78.19,78.115,78.175,36
2026-05-15 12:40,78.025,78.17,77.9,78.17,137
2026-05-15 12:41,78.0,78.04,77.945,78.015,121
2026-05-15 12:42,78.025,78.03,77.95,78.0,85
2026-05-15 12:43,78.025,78.045,77.945,78.04,27
2026-05-15 12:44,77.995,78.05,77.965,78.045,62
2026-05-15 12:45,77.995,77.995,77.9,77.95,43
2026-05-15 12:46,78.035,78.075,77.945,77.965,55
2026-05-15 12:47,78.065,78.09,78.01,78.055,39
2026-05-15 12:48,77.98,78.07,77.965,78.045,51
2026-05-15 12:49,77.845,77.985,77.775,77.985,135
2026-05-15 12:50,77.825,77.87,77.7,77.86,132
2026-05-15 12:51,78.105,78.105,77.81,77.815,129
2026-05-15 12:52,78.14,78.14,78.05,78.095,60
2026-05-15 12:53,78.065,78.16,78.02,78.135,46
2026-05-15 12:54,78.06,78.1,78.02,78.1,45
2026-05-15 12:55,78.0,78.035,77.92,78.035,54
2026-05-15 12:56,77.93,78.06,77.93,77.98,42
2026-05-15 12:57,77.94,77.945,77.83,77.945,51
2026-05-15 12:58,77.875,77.95,77.875,77.925,29
2026-05-15 12:59,77.645,77.88,77.595,77.88,198
2026-05-15 13:00,77.425,77.735,77.22,77.62,634
2026-05-15 13:01,77.275,77.515,77.235,77.425,179
2026-05-15 13:02,77.245,77.395,77.15,77.29,215
2026-05-15 13:03,77.27,77.335,77.085,77.26,202
2026-05-15 13:04,77.335,77.43,77.19,77.26,137
2026-05-15 13:05,77.56,77.61,77.325,77.34,159
2026-05-15 13:06,77.535,77.58,77.465,77.58,128
2026-05-15 13:07,77.285,77.525,77.16,77.525,101
2026-05-15 13:08,77.095,77.35,77.07,77.295,147
2026-05-15 13:09,76.95,77.055,76.7,77.055,687
2026-05-15 13:10,76.94,77.07,76.875,76.93,172
2026-05-15 13:11,77.0,77.065,76.9,76.985,74
2026-05-15 13:12,77.23,77.23,76.94,76.99,172
2026-05-15 13:13,77.1,77.23,77.1,77.22,149
2026-05-15 13:14,77.285,77.295,77.085,77.095,145
2026-05-15 13:15,77.15,77.28,77.095,77.28,92
2026-05-15 13:16,77.265,77.275,77.0,77.12,74
2026-05-15 13:17,77.28,77.28,77.175,77.26,83
2026-05-15 13:18,77.495,77.52,77.285,77.285,166
2026-05-15 13:19,77.48,77.52,77.405,77.475,171
2026-05-15 13:20,77.49,77.495,77.385,77.49,52
2026-05-15 13:21,77.57,77.575,77.47,77.5,67
2026-05-15 13:22,77.55,77.59,77.5,77.565,118
2026-05-15 13:23,77.555,77.575,77.445,77.53,64
2026-05-15 13:24,77.625,77.625,77.51,77.56,96
2026-05-15 13:25,77.675,77.765,77.635,77.635,244
2026-05-15 13:26,77.535,77.695,77.49,77.69,184
2026-05-15 13:27,77.45,77.57,77.45,77.57,85
2026-05-15 13:28,77.405,77.475,77.38,77.445,84
2026-05-15 13:29,77.48,77.48,77.385,77.405,41
2026-05-15 13:30,77.4,77.535,77.305,77.49,300
2026-05-15 13:31,77.265,77.4,77.195,77.4,130
2026-05-15 13:32,77.275,77.29,77.19,77.235,82
2026-05-15 13:33,77.26,77.35,77.2,77.235,89
2026-05-15 13:34,77.35,77.35,77.22,77.25,75
2026-05-15 13:35,77.12,77.325,77.085,77.295,124
2026-05-15 13:36,77.135,77.205,77.04,77.115,149
2026-05-15 13:37,76.74,77.16,76.7,77.125,312
2026-05-15 13:38,76.765,76.85,76.68,76.735,161
2026-05-15 13:39,76.73,76.9,76.63,76.77,248
2026-05-15 13:40,76.755,76.79,76.605,76.71,238
2026-05-15 13:41,76.725,76.76,76.47,76.735,299
2026-05-15 13:42,76.755,76.855,76.66,76.7,152
2026-05-15 13:43,76.605,76.74,76.585,76.74,112
2026-05-15 13:44,76.42,76.615,76.395,76.615,229
2026-05-15 13:45,76.26,76.495,76.22,76.41,336
2026-05-15 13:46,76.365,76.365,76.175,76.28,362
2026-05-15 13:47,76.475,76.475,76.24,76.34,186
2026-05-15 13:48,76.515,76.585,76.42,76.425,154
2026-05-15 13:49,76.7,76.7,76.5,76.51,163
2026-05-15 13:50,76.7,76.78,76.59,76.7,212
2026-05-15 13:51,76.595,76.735,76.46,76.725,100
2026-05-15 13:52,76.735,76.74,76.59,76.59,98
2026-05-15 13:53,76.88,76.885,76.725,76.735,120
2026-05-15 13:54,76.99,77.045,76.86,76.86,222
2026-05-15 13:55,77.09,77.1,76.91,76.955,153
2026-05-15 13:56,77.145,77.175,77.075,77.075,167
2026-05-15 13:57,77.045,77.125,76.945,77.125,130
2026-05-15 13:58,76.81,77.055,76.805,77.055,128
2026-05-15 13:59,76.83,76.855,76.725,76.845,100
2026-05-15 14:00,76.59,76.905,76.59,76.835,127
2026-05-15 14:01,76.485,76.72,76.44,76.645,135
2026-05-15 14:02,76.705,76.715,76.48,76.49,197
2026-05-15 14:03,76.595,76.775,76.58,76.715,333
2026-05-15 14:04,76.675,76.705,76.47,76.575,160
2026-05-15 14:05,76.785,76.785,76.655,76.675,145
2026-05-15 14:06,76.685,76.83,76.665,76.77,77
2026-05-15 14:07,76.74,76.775,76.685,76.685,43
2026-05-15 14:08,76.655,76.8,76.595,76.73,64
2026-05-15 14:09,76.565,76.72,76.54,76.655,51
2026-05-15 14:10,76.75,76.76,76.55,76.56,75
2026-05-15 14:11,76.83,76.88,76.63,76.7,112
2026-05-15 14:12,77.02,77.02,76.805,76.845,123
2026-05-15 14:13,77.15,77.175,77.0,77.035,123
2026-05-15 14:14,77.075,77.22,77.075,77.13,104
2026-05-15 14:15,76.81,77.11,76.74,77.07,209
2026-05-15 14:16,76.965,77.0,76.78,76.81,184
2026-05-15 14:17,77.25,77.3,76.955,76.98,287
2026-05-15 14:18,77.32,77.345,77.18,77.255,136
2026-05-15 14:19,77.38,77.38,77.185,77.295,147
2026-05-15 14:20,77.5,77.5,77.37,77.4,175
2026-05-15 14:21,77.335,77.51,77.335,77.445,125
2026-05-15 14:22,77.27,77.425,77.27,77.31,134
2026-05-15 14:23,77.325,77.39,77.27,77.305,80
2026-05-15 14:24,77.295,77.45,77.295,77.325,200
2026-05-15 14:25,77.28,77.31,77.175,77.285,69
2026-05-15 14:26,77.2,77.33,77.165,77.315,156
2026-05-15 14:27,77.275,77.315,77.195,77.195,96
2026-05-15 14:28,77.345,77.38,77.205,77.26,93
2026-05-15 14:29,77.28,77.36,77.225,77.36,25
2026-05-15 14:30,77.33,77.355,77.26,77.295,81
2026-05-15 14:31,77.185,77.435,77.185,77.34,104
2026-05-15 14:32,77.195,77.29,77.185,77.24,62
2026-05-15 14:33,77.125,77.225,77.075,77.195,90
2026-05-15 14:34,77.16,77.21,77.08,77.125,71
2026-05-15 14:35,77.2,77.315,77.145,77.155,89
2026-05-15 14:36,77.21,77.21,77.105,77.19,49
2026-05-15 14:37,77.235,77.3,77.195,77.235,55
2026-05-15 14:38,77.18,77.28,77.12,77.26,62
2026-05-15 14:39,77.135,77.24,77.135,77.185,61
2026-05-15 14:40,77.135,77.14,77.105,77.13,28
2026-05-15 14:41,76.89,77.175,76.89,77.155,132
2026-05-15 14:42,76.995,76.995,76.825,76.895,60
2026-05-15 14:43,76.91,77.015,76.87,77.015,46
2026-05-15 14:44,76.955,76.985,76.855,76.9,82
2026-05-15 14:45,76.815,76.955,76.765,76.94,56
2026-05-15 14:46,76.745,76.86,76.7,76.83,102
2026-05-15 14:47,76.71,76.835,76.71,76.755,46
2026-05-15 14:48,76.715,76.755,76.67,76.705,82
2026-05-15 14:49,76.735,76.785,76.68,76.71,36
2026-05-15 14:50,76.74,76.75,76.575,76.75,132
2026-05-15 14:51,76.715,76.75,76.65,76.75,81
2026-05-15 14:52,76.835,76.875,76.705,76.74,65
2026-05-15 14:53,76.78,76.845,76.74,76.82,45
2026-05-15 14:54,77.085,77.09,76.785,76.785,167
2026-05-15 14:55,76.995,77.125,76.94,77.105,84
2026-05-15 14:56,77.135,77.135,77.015,77.015,50
2026-05-15 14:57,77.28,77.33,77.115,77.16,178
2026-05-15 14:58,77.26,77.28,77.215,77.27,47
2026-05-15 14:59,77.255,77.265,77.175,77.24,66
2026-05-15 15:00,77.195,77.285,77.165,77.265,131
2026-05-15 15:01,77.25,77.365,77.2,77.2,96
2026-05-15 15:02,77.08,77.26,77.045,77.245,131
2026-05-15 15:03,77.065,77.065,76.97,77.025,78
2026-05-15 15:04,76.925,77.105,76.89,77.045,144
2026-05-15 15:05,76.99,77.02,76.86,76.92,61
2026-05-15 15:06,76.96,77.065,76.96,77.03,33
2026-05-15 15:07,76.985,77.015,76.98,76.98,15
2026-05-15 15:08,77.085,77.1,76.99,77.03,44
2026-05-15 15:09,77.17,77.17,77.07,77.09,66
2026-05-15 15:10,77.18,77.225,77.125,77.165,44
2026-05-15 15:11,77.06,77.175,77.045,77.155,67
2026-05-15 15:12,77.055,77.065,76.99,77.06,43
2026-05-15 15:13,77.035,77.1,77.035,77.06,20
2026-05-15 15:14,76.945,77.02,76.815,77.02,108
2026-05-15 15:15,76.85,76.96,76.81,76.925,84
2026-05-15 15:16,76.83,76.875,76.8,76.84,118
2026-05-15 15:17,76.88,76.9,76.775,76.82,63
2026-05-15 15:18,76.835,76.895,76.83,76.89,35
2026-05-15 15:19,76.795,76.86,76.77,76.83,34
2026-05-15 15:20,76.94,76.945,76.805,76.82,65
2026-05-15 15:21,76.96,76.97,76.92,76.94,86
2026-05-15 15:22,76.985,77.01,76.97,76.98,27
2026-05-15 15:23,76.77,76.935,76.76,76.92,81
2026-05-15 15:24,76.725,76.77,76.645,76.77,70
2026-05-15 15:25,76.76,76.795,76.645,76.68,46
2026-05-15 15:26,76.8,76.805,76.745,76.745,43
2026-05-15 15:27,76.805,76.86,76.73,76.78,46
2026-05-15 15:28,76.73,76.8,76.7,76.8,56
2026-05-15 15:29,76.825,76.825,76.695,76.745,34
2026-05-15 15:30,76.985,76.985,76.83,76.83,83
2026-05-15 15:31,76.945,77.02,76.885,76.98,86
2026-05-15 15:32,76.91,76.995,76.91,76.94,44
2026-05-15 15:33,76.91,76.975,76.875,76.92,60
2026-05-15 15:34,76.82,76.945,76.82,76.885,40
2026-05-15 15:35,76.87,76.87,76.77,76.79,23
2026-05-15 15:36,76.85,76.92,76.82,76.86,34
2026-05-15 15:37,76.835,76.885,76.79,76.865,31
2026-05-15 15:38,76.775,76.885,76.775,76.82,65
2026-05-15 15:39,76.745,76.805,76.71,76.805,24
2026-05-15 15:40,76.775,76.78,76.675,76.735,65
2026-05-15 15:41,76.875,76.885,76.73,76.73,59
2026-05-15 15:42,76.875,76.89,76.82,76.885,52
2026-05-15 15:43,76.875,76.895,76.805,76.85,98
2026-05-15 15:44,76.88,76.88,76.765,76.865,53
2026-05-15 15:45,76.905,76.93,76.855,76.895,81
2026-05-15 15:46,76.88,76.915,76.845,76.895,30
2026-05-15 15:47,76.845,76.89,76.82,76.89,33
2026-05-15 15:48,76.75,76.89,76.75,76.855,48
2026-05-15 15:49,76.705,76.785,76.695,76.77,27
2026-05-15 15:50,76.79,76.79,76.655,76.725,58
2026-05-15 15:51,76.745,76.815,76.735,76.78,25
2026-05-15 15:52,76.645,76.78,76.62,76.77,134
2026-05-15 15:53,76.605,76.675,76.585,76.645,37
2026-05-15 15:54,76.575,76.605,76.485,76.605,97
2026-05-15 15:55,76.495,76.565,76.4,76.565,99
2026-05-15 15:56,76.445,76.48,76.415,76.48,31
2026-05-15 15:57,76.495,76.58,76.435,76.46,72
2026-05-15 15:58,76.56,76.58,76.48,76.48,21
2026-05-15 15:59,76.6,76.61,76.575,76.6,14
2026-05-15 16:00,76.64,76.71,76.585,76.605,76
2026-05-15 16:01,76.715,76.715,76.59,76.61,57
2026-05-15 16:02,76.655,76.755,76.635,76.725,26
2026-05-15 16:03,76.53,76.64,76.51,76.64,37
2026-05-15 16:04,76.555,76.555,76.505,76.54,21
2026-05-15 16:05,76.6,76.615,76.515,76.55,40
2026-05-15 16:06,76.345,76.59,76.33,76.59,83
2026-05-15 16:07,76.44,76.44,76.35,76.355,32
2026-05-15 16:08,76.46,76.46,76.405,76.42,34
2026-05-15 16:09,76.42,76.46,76.42,76.445,18
2026-05-15 16:10,76.375,76.465,76.375,76.41,38
2026-05-15 16:11,76.375,76.38,76.29,76.365,41
2026-05-15 16:12,76.29,76.385,76.28,76.385,21
2026-05-15 16:13,76.36,76.36,76.285,76.285,43
2026-05-15 16:14,76.42,76.42,76.35,76.385,30
2026-05-15 16:15,76.465,76.49,76.405,76.42,56
2026-05-15 16:16,76.4,76.5,76.365,76.5,48
2026-05-15 16:17,76.44,76.45,76.395,76.405,25
2026-05-15 16:18,76.47,76.47,76.37,76.435,42
2026-05-15 16:19,76.47,76.49,76.425,76.48,32
2026-05-15 16:20,76.555,76.555,76.48,76.48,44
2026-05-15 16:21,76.585,76.615,76.56,76.59,46
2026-05-15 16:22,76.705,76.705,76.59,76.605,25
2026-05-15 16:23,76.7,76.71,76.64,76.7,48
2026-05-15 16:24,76.745,76.78,76.665,76.7,50
2026-05-15 16:25,76.695,76.855,76.645,76.795,135
2026-05-15 16:26,76.685,76.7,76.665,76.685,22
2026-05-15 16:27,76.715,76.72,76.635,76.665,22
2026-05-15 16:28,76.625,76.725,76.625,76.725,44
2026-05-15 16:29,76.695,76.695,76.64,76.64,11
2026-05-15 16:30,76.7,76.85,76.675,76.705,119
2026-05-15 16:31,76.705,76.745,76.69,76.69,46
2026-05-15 16:32,76.755,76.78,76.685,76.715,30
2026-05-15 16:33,76.77,76.81,76.77,76.785,66
2026-05-15 16:34,76.84,76.86,76.745,76.76,26
2026-05-15 16:35,76.75,76.86,76.73,76.86,23
2026-05-15 16:36,76.74,76.785,76.72,76.765,29
2026-05-15 16:37,76.785,76.815,76.745,76.755,18
2026-05-15 16:38,76.735,76.815,76.735,76.775,22
2026-05-15 16:39,76.72,76.775,76.72,76.75,28
2026-05-15 16:40,76.775,76.785,76.69,76.7,50
2026-05-15 16:41,76.76,76.85,76.76,76.795,28
2026-05-15 16:42,76.75,76.79,76.735,76.79,33
2026-05-15 16:43,76.695,76.78,76.695,76.77,29
2026-05-15 16:44,76.76,76.765,76.68,76.71,29
2026-05-15 16:45,76.805,76.83,76.775,76.79,26
2026-05-15 16:46,76.71,76.8,76.705,76.795,36
2026-05-15 16:47,76.78,76.78,76.705,76.71,16
2026-05-15 16:48,76.785,76.835,76.785,76.81,17
2026-05-15 16:49,76.73,76.785,76.705,76.785,23
2026-05-15 16:50,76.74,76.76,76.7,76.725,35
2026-05-15 16:51,76.665,76.71,76.635,76.71,15
2026-05-15 16:52,76.595,76.655,76.58,76.635,66
2026-05-15 16:53,76.645,76.66,76.585,76.585,75
2026-05-15 16:54,76.56,76.675,76.56,76.67,40
2026-05-15 16:55,76.59,76.63,76.555,76.58,45
2026-05-15 16:56,76.58,76.605,76.555,76.58,63
2026-05-15 16:57,76.58,76.61,76.535,76.565,32
2026-05-15 16:58,76.57,76.61,76.54,76.595,40
2026-05-15 16:59,76.69,76.705,76.595,76.595,35
2026-05-15 17:00,76.71,76.73,76.605,76.67,47
2026-05-15 17:01,76.915,76.925,76.68,76.7,113
2026-05-15 17:02,76.945,76.985,76.895,76.93,146
2026-05-15 17:03,76.84,76.96,76.8,76.96,121
2026-05-15 17:04,76.875,76.9,76.83,76.83,35
2026-05-15 17:05,76.985,76.99,76.875,76.875,40
2026-05-15 17:06,77.01,77.055,76.94,76.98,78
2026-05-15 17:07,76.97,77.015,76.945,76.99,70
2026-05-15 17:08,77.045,77.075,76.965,76.985,93
2026-05-15 17:09,76.98,77.065,76.945,77.045,58
2026-05-15 17:10,77.085,77.115,76.985,76.985,118
2026-05-15 17:11,77.065,77.115,77.04,77.07,110
2026-05-15 17:12,77.045,77.075,77.015,77.065,61
2026-05-15 17:13,77.05,77.065,77.005,77.02,69
2026-05-15 17:14,77.1,77.12,77.04,77.065,54
2026-05-15 17:15,77.075,77.12,77.075,77.115,56
2026-05-15 17:16,77.055,77.11,77.055,77.095,48
2026-05-15 17:17,77.05,77.095,77.05,77.075,20
2026-05-15 17:18,77.1,77.115,77.075,77.08,44
2026-05-15 17:19,77.08,77.12,77.055,77.11,49
2026-05-15 17:20,77.115,77.14,77.065,77.075,62
2026-05-15 17:21,77.13,77.16,77.11,77.135,53
2026-05-15 17:22,77.225,77.23,77.13,77.135,76
2026-05-15 17:23,77.145,77.22,77.11,77.22,165
2026-05-15 17:24,77.705,77.71,77.165,77.165,1252
2026-05-15 17:25,77.655,77.695,77.58,77.695,232
2026-05-15 17:26,77.725,77.805,77.625,77.64,249
2026-05-15 17:27,77.715,77.735,77.655,77.7,67
2026-05-15 17:28,77.7,77.7,77.64,77.685,37
2026-05-15 17:29,77.58,77.69,77.55,77.675,183
2026-05-15 17:30,77.585,77.59,77.505,77.57,100
2026-05-15 17:31,77.48,77.58,77.46,77.565,59
2026-05-15 17:32,77.485,77.51,77.435,77.45,86
2026-05-15 17:33,77.565,77.57,77.47,77.47,36
2026-05-15 17:34,77.635,77.635,77.56,77.56,36
2026-05-15 17:35,77.655,77.74,77.61,77.64,82
2026-05-15 17:36,77.635,77.68,77.62,77.675,65
2026-05-15 17:37,77.615,77.67,77.585,77.625,50
2026-05-15 17:38,77.71,77.74,77.63,77.63,45
2026-05-15 17:39,77.77,77.77,77.69,77.7,54
2026-05-15 17:40,77.755,77.79,77.73,77.755,55
2026-05-15 17:41,77.67,77.76,77.635,77.76,31
2026-05-15 17:42,77.68,77.72,77.665,77.665,13
2026-05-15 17:43,77.67,77.705,77.67,77.69,12
2026-05-15 17:44,77.66,77.68,77.66,77.675,13
2026-05-15 17:45,77.665,77.69,77.61,77.67,21
2026-05-15 17:46,77.635,77.7,77.615,77.675,34
2026-05-15 17:47,77.685,77.695,77.62,77.62,17
2026-05-15 17:48,77.615,77.705,77.61,77.685,29
2026-05-15 17:49,77.555,77.625,77.555,77.615,17
2026-05-15 17:50,77.515,77.56,77.49,77.56,59
2026-05-15 17:51,77.495,77.54,77.49,77.54,51
2026-05-15 17:52,77.51,77.51,77.49,77.5,8
2026-05-15 17:53,77.435,77.52,77.435,77.505,19
2026-05-15 17:54,77.46,77.47,77.42,77.42,28
2026-05-15 17:55,77.39,77.46,77.37,77.46,55
2026-05-15 17:56,77.435,77.435,77.37,77.38,16
2026-05-15 17:57,77.455,77.515,77.445,77.445,40
2026-05-15 17:58,77.475,77.485,77.475,77.485,6
2026-05-15 17:59,77.515,77.535,77.455,77.465,14
2026-05-15 18:00,77.54,77.59,77.52,77.52,45
2026-05-15 18:01,77.535,77.54,77.51,77.535,19
2026-05-15 18:02,77.44,77.545,77.395,77.54,60
2026-05-15 18:03,77.505,77.515,77.415,77.415,15
2026-05-15 18:04,77.51,77.51,77.49,77.5,12
2026-05-15 18:05,77.535,77.57,77.515,77.515,25
2026-05-15 18:06,77.47,77.52,77.47,77.52,22
2026-05-15 18:07,77.485,77.515,77.485,77.515,7
2026-05-15 18:08,77.395,77.51,77.395,77.51,21
2026-05-15 18:09,77.465,77.49,77.375,77.4,87
2026-05-15 18:10,77.505,77.52,77.44,77.46,14
2026-05-15 18:11,77.475,77.505,77.475,77.5,12
2026-05-15 18:12,77.5,77.55,77.49,77.49,34
2026-05-15 18:13,77.52,77.52,77.505,77.515,3
2026-05-15 18:14,77.575,77.59,77.53,77.58,15
2026-05-15 18:15,77.56,77.61,77.56,77.56,34
2026-05-15 18:16,77.54,77.57,77.54,77.55,17
2026-05-15 18:17,77.485,77.555,77.485,77.555,21
2026-05-15 18:18,77.34,77.5,77.325,77.5,78
2026-05-15 18:19,77.365,77.365,77.235,77.335,59
2026-05-15 18:20,77.385,77.435,77.375,77.38,19
2026-05-15 18:21,77.31,77.37,77.305,77.36,36
2026-05-15 18:22,77.37,77.37,77.32,77.32,21
2026-05-15 18:23,77.42,77.42,77.375,77.375,24
2026-05-15 18:24,77.425,77.48,77.41,77.425,40
2026-05-15 18:25,77.44,77.45,77.39,77.41,14
2026-05-15 18:26,77.38,77.42,77.365,77.42,11
2026-05-15 18:27,77.365,77.39,77.36,77.37,8
2026-05-15 18:28,77.375,77.405,77.35,77.35,14
2026-05-15 18:29,77.4,77.4,77.365,77.37,20
2026-05-15 18:30,77.28,77.415,77.28,77.4,36
2026-05-15 18:31,77.115,77.275,77.115,77.275,74
2026-05-15 18:32,77.19,77.22,77.105,77.12,38
2026-05-15 18:33,77.22,77.235,77.2,77.2,12
2026-05-15 18:34,77.215,77.245,77.205,77.205,9
2026-05-15 18:35,77.18,77.245,77.15,77.22,32
2026-05-15 18:36,77.165,77.18,77.145,77.175,15
2026-05-15 18:37,77.17,77.2,77.16,77.18,18
2026-05-15 18:38,77.14,77.17,77.11,77.16,28
2026-05-15 18:39,77.19,77.19,77.145,77.15,23
2026-05-15 18:40,77.14,77.185,77.14,77.185,15
2026-05-15 18:41,77.195,77.195,77.15,77.15,17
2026-05-15 18:42,77.215,77.215,77.155,77.19,13
2026-05-15 18:43,77.26,77.27,77.23,77.23,29
2026-05-15 18:44,77.29,77.29,77.22,77.245,15
2026-05-15 18:45,77.19,77.28,77.19,77.275,17
2026-05-15 18:46,77.26,77.27,77.175,77.175,35
2026-05-15 18:47,77.215,77.245,77.215,77.245,7
2026-05-15 18:48,77.305,77.305,77.215,77.215,23
2026-05-15 18:49,77.3,77.365,77.295,77.31,23
2026-05-15 18:50,77.36,77.415,77.315,77.315,25
2026-05-15 18:51,77.38,77.38,77.355,77.365,8
2026-05-15 18:52,77.4,77.41,77.355,77.38,14
2026-05-15 18:53,77.41,77.435,77.365,77.43,31
2026-05-15 18:54,77.38,77.435,77.375,77.425,31
2026-05-15 18:55,77.395,77.405,77.345,77.345,5
2026-05-15 18:56,77.375,77.4,77.37,77.4,18
2026-05-15 18:57,77.345,77.39,77.345,77.38,13
2026-05-15 18:58,77.295,77.33,77.295,77.33,10
2026-05-15 18:59,77.32,77.33,77.295,77.295,9
2026-05-15 19:00,77.26,77.315,77.245,77.315,20
2026-05-15 19:01,77.265,77.265,77.265,77.265,2
2026-05-15 19:02,77.25,77.27,77.25,77.27,6
2026-05-15 19:03,77.185,77.24,77.185,77.24,14
2026-05-15 19:04,77.065,77.185,77.065,77.175,44
2026-05-15 19:05,77.15,77.165,77.08,77.08,19
2026-05-15 19:06,77.09,77.12,77.08,77.12,15
2026-05-15 19:07,77.02,77.08,76.965,77.08,55
2026-05-15 19:08,77.01,77.065,77.01,77.03,39
2026-05-15 19:09,77.005,77.02,76.99,77.005,9
2026-05-15 19:10,77.005,77.01,76.975,76.995,17
2026-05-15 19:11,77.01,77.03,76.975,77.015,13
2026-05-15 19:12,76.905,77.02,76.885,77.005,104
2026-05-15 19:13,76.93,76.97,76.88,76.92,41
2026-05-15 19:14,76.94,76.955,76.935,76.935,9
2026-05-15 19:15,76.9,76.935,76.88,76.935,16
2026-05-15 19:16,76.925,76.94,76.87,76.905,32
2026-05-15 19:17,76.96,76.96,76.915,76.93,6
2026-05-15 19:18,77.02,77.02,76.895,76.895,28
2026-05-15 19:19,77.025,77.055,76.995,77.005,19
2026-05-15 19:20,77.035,77.055,77.025,77.03,17
2026-05-15 19:21,76.965,77.02,76.965,76.985,9
2026-05-15 19:22,76.98,76.98,76.95,76.95,11
2026-05-15 19:23,76.95,76.985,76.95,76.98,11
2026-05-15 19:24,76.865,76.92,76.845,76.905,20
2026-05-15 19:25,76.88,76.895,76.85,76.86,27
2026-05-15 19:26,76.81,76.88,76.81,76.88,12
2026-05-15 19:27,76.87,76.87,76.795,76.805,33
2026-05-15 19:28,76.895,76.895,76.85,76.87,11
2026-05-15 19:29,76.89,76.9,76.88,76.895,14
2026-05-15 19:30,76.975,76.985,76.915,76.925,20
2026-05-15 19:31,77.005,77.045,76.99,76.99,23
2026-05-15 19:32,76.9,77.0,76.9,77.0,12
2026-05-15 19:33,76.91,76.98,76.89,76.89,29
2026-05-15 19:34,76.925,76.94,76.915,76.915,15
2026-05-15 19:35,76.955,76.955,76.9,76.915,13
2026-05-15 19:36,76.96,77.005,76.96,76.965,15
2026-05-15 19:37,76.98,77.0,76.96,76.96,8
2026-05-15 19:38,77.025,77.025,76.955,76.955,19
2026-05-15 19:39,77.01,77.06,77.01,77.015,21
2026-05-15 19:40,77.0,77.005,76.945,77.0,28
2026-05-15 19:41,76.955,76.99,76.955,76.985,16
2026-05-15 19:42,76.96,77.0,76.95,76.955,27
2026-05-15 19:43,76.93,76.945,76.885,76.945,26
2026-05-15 19:44,76.855,76.93,76.855,76.93,36
2026-05-15 19:45,76.85,76.895,76.85,76.885,12
2026-05-15 19:46,76.785,76.855,76.78,76.85,36
2026-05-15 19:47,76.85,76.85,76.775,76.785,14
2026-05-15 19:48,76.805,76.855,76.8,76.815,47
2026-05-15 19:49,76.84,76.855,76.795,76.815,41
2026-05-15 19:50,76.835,76.835,76.8,76.83,33
2026-05-15 19:51,76.88,76.885,76.815,76.815,24
2026-05-15 19:52,76.755,76.88,76.73,76.87,131
2026-05-15 19:53,76.715,76.775,76.7,76.755,59
2026-05-15 19:54,76.735,76.755,76.685,76.715,43
2026-05-15 19:55,76.74,76.78,76.72,76.73,59
2026-05-15 19:56,76.695,76.725,76.695,76.7,16
2026-05-15 19:57,76.665,76.725,76.665,76.705,61
2026-05-15 19:58,76.675,76.695,76.66,76.675,22
2026-05-15 19:59,76.68,76.705,76.65,76.66,36
2026-05-15 20:00,76.54,76.655,76.54,76.655,31
2026-05-15 20:01,76.555,76.555,76.485,76.555,43
2026-05-15 20:02,76.46,76.545,76.44,76.545,56
2026-05-15 20:03,76.45,76.45,76.43,76.445,12
2026-05-15 20:04,76.385,76.44,76.355,76.44,24
2026-05-15 20:05,76.21,76.385,76.21,76.385,92
2026-05-15 20:06,76.165,76.235,76.1,76.23,149
2026-05-15 20:07,76.305,76.305,76.18,76.185,38
2026-05-15 20:08,76.38,76.395,76.25,76.29,46
2026-05-15 20:09,76.225,76.385,76.225,76.36,36
2026-05-15 20:10,76.27,76.275,76.225,76.25,16
2026-05-15 20:11,76.185,76.285,76.185,76.25,66
2026-05-15 20:12,76.315,76.315,76.16,76.16,23
2026-05-15 20:13,76.285,76.31,76.275,76.31,38
2026-05-15 20:14,76.245,76.285,76.23,76.285,25
2026-05-15 20:15,76.2,76.245,76.18,76.245,30
2026-05-15 20:16,76.215,76.215,76.155,76.205,17
2026-05-15 20:17,76.22,76.22,76.2,76.22,5
2026-05-15 20:18,76.21,76.225,76.195,76.195,15
2026-05-15 20:19,76.195,76.215,76.09,76.215,162
2026-05-15 20:20,76.15,76.215,76.125,76.2,14
2026-05-15 20:21,76.1,76.155,76.09,76.155,22
2026-05-15 20:22,76.19,76.19,76.13,76.145,48
2026-05-15 20:23,76.215,76.235,76.165,76.165,44
2026-05-15 20:24,76.285,76.285,76.21,76.22,18
2026-05-15 20:25,76.22,76.25,76.2,76.25,18
2026-05-15 20:26,76.24,76.24,76.24,76.24,1
2026-05-15 20:27,76.22,76.28,76.22,76.26,7
2026-05-15 20:28,76.255,76.255,76.255,76.255,1
2026-05-15 20:29,76.34,76.34,76.275,76.275,31
2026-05-15 20:30,76.425,76.465,76.35,76.35,43
2026-05-15 20:31,76.415,76.46,76.415,76.45,10
2026-05-15 20:32,76.455,76.455,76.42,76.455,6
2026-05-15 20:33,76.425,76.455,76.425,76.455,8
2026-05-15 20:34,76.41,76.41,76.395,76.395,4
2026-05-15 20:35,76.36,76.395,76.36,76.395,8
2026-05-15 20:36,76.43,76.43,76.36,76.37,11
2026-05-15 20:37,76.445,76.445,76.415,76.415,9
2026-05-15 20:39,76.435,76.435,76.39,76.39,5
2026-05-15 20:40,76.38,76.39,76.35,76.39,7
2026-05-15 20:41,76.385,76.385,76.385,76.385,1
2026-05-15 20:42,76.38,76.38,76.38,76.38,1
2026-05-15 20:43,76.355,76.355,76.355,76.355,1
2026-05-15 20:44,76.375,76.375,76.375,76.375,1
2026-05-15 20:45,76.415,76.45,76.39,76.395,16
2026-05-15 20:46,76.395,76.43,76.395,76.425,8
2026-05-15 20:47,76.38,76.38,76.35,76.375,3
2026-05-15 20:48,76.33,76.38,76.33,76.38,9
2026-05-15 20:49,76.24,76.33,76.24,76.325,30
2026-05-15 20:50,76.215,76.255,76.215,76.24,16
2026-05-15 20:51,76.215,76.215,76.215,76.215,1
2026-05-15 20:52,76.28,76.28,76.235,76.25,7
2026-05-15 20:53,76.205,76.26,76.205,76.26,21
2026-05-15 20:54,76.275,76.275,76.245,76.245,6
2026-05-15 20:55,76.28,76.28,76.245,76.25,7
2026-05-15 20:56,76.255,76.295,76.23,76.245,25
2026-05-15 20:57,76.265,76.295,76.245,76.27,38
2026-05-15 20:58,76.34,76.36,76.275,76.28,27
2026-05-15 20:59,77.547,77.547,76.28,76.34,15
