Price,Close,High,Low,Open,Volume
Ticker,AMZN,AMZN,AMZN,AMZN,AMZN
Datetime,,,,,
2026-05-19 09:30,261.64999,262.215,261.06,262.01999,1160993
2026-05-19 09:31,260.53,261.76001,260.41,261.73999,223860
2026-05-19 09:32,259.82001,260.57999,259.63,260.48001,446230
2026-05-19 09:33,260.26999,260.38,259.70001,259.82001,310429
2026-05-19 09:34,260.755,260.85001,259.95499,260.32501,197643
2026-05-19 09:35,260.53,260.89001,260.09,260.75,168572
2026-05-19 09:36,261.061,261.23001,260.32999,260.54001,142857
2026-05-19 09:37,260.69989,261.24991,260.32999,261.07001,154989
2026-05-19 09:38,260.39999,260.72931,260.39999,260.70999,126948
2026-05-19 09:39,260.30499,260.45001,259.84,260.41,212381
2026-05-19 09:40,260.19,260.38,260.0,260.29001,118320
2026-05-19 09:41,259.875,260.32001,259.69501,260.20001,155255
2026-05-19 09:42,260.14001,260.25,259.72,259.82999,112315
2026-05-19 09:43,260.23001,260.70001,260.12,260.16,197469
2026-05-19 09:44,259.4639,260.35001,259.4639,260.17999,192399
2026-05-19 09:45,259.17999,259.60001,259.17001,259.45999,262076
2026-05-19 09:46,259.07999,259.33231,258.79001,259.19,210037
2026-05-19 09:47,259.37,259.5,258.89001,259.04001,90633
2026-05-19 09:48,259.79999,259.92001,259.285,259.41849,186720
2026-05-19 09:49,259.58499,260.10001,259.47,259.78,139312
2026-05-19 09:50,259.27499,259.63,259.255,259.63,118407
2026-05-19 09:51,259.73999,259.79999,259.13,259.31,100450
2026-05-19 09:52,260.16501,260.22,259.70001,259.81,110374
2026-05-19 09:53,260.17001,260.32001,259.95001,260.13,186199
2026-05-19 09:54,260.18991,260.31,259.98499,260.14001,86969
2026-05-19 09:55,260.29501,260.465,260.10999,260.10999,102592
2026-05-19 09:56,260.10999,260.48999,259.94,260.29001,100980
2026-05-19 09:57,260.10001,260.215,259.98001,260.095,85314
2026-05-19 09:58,260.23001,260.42001,259.92999,260.08499,98004
2026-05-19 09:59,260.51999,260.67001,260.20999,260.23001,106643
2026-05-19 10:00,260.19,260.60001,260.12,260.54001,90821
2026-05-19 10:01,260.13501,260.34,260.01999,260.22,66040
2026-05-19 10:02,259.70001,260.23001,259.67999,260.16,82226
2026-05-19 10:03,260.01001,260.01001,259.6618,259.67139,78835
2026-05-19 10:04,260.51999,260.59,259.97,260.005,131745
2026-05-19 10:05,260.27899,260.5,260.10001,260.48001,81181
2026-05-19 10:06,259.92999,260.57001,259.85501,260.23001,121709
2026-05-19 10:07,259.60999,260.23001,259.375,260.0,145142
2026-05-19 10:08,259.60999,259.85001,259.5,259.56,73419
2026-05-19 10:09,259.79999,259.84,259.45001,259.57999,79556
2026-05-19 10:10,259.89001,259.92001,259.60999,259.78839,89957
2026-05-19 10:11,259.04999,259.97501,259.04999,259.89001,104578
2026-05-19 10:12,258.79999,259.12,258.45001,259.01001,200169
2026-05-19 10:13,258.37,258.88501,258.3501,258.79001,105514
2026-05-19 10:14,257.91,258.39551,257.76999,258.38,255525
2026-05-19 10:15,257.73001,257.92999,257.48001,257.91479,175109
2026-05-19 10:16,257.81,257.95001,257.67999,257.75,119952
2026-05-19 10:17,257.81,257.98001,257.66501,257.7822,148536
2026-05-19 10:18,257.51999,258.01501,257.45001,257.81,178923
2026-05-19 10:19,257.185,257.54999,257.14011,257.5,253460
2026-05-19 10:20,257.14999,257.48901,257.07999,257.20001,145492
2026-05-19 10:21,256.7399,257.20001,256.68011,257.17499,178835
2026-05-19 10:22,256.95001,256.95001,256.5,256.73999,190753
2026-05-19 10:23,257.30469,257.35599,256.90009,256.95999,124418
2026-05-19 10:24,257.48001,257.57001,257.29001,257.29999,117778
2026-05-19 10:25,257.41,257.56,257.17999,257.5,133290
2026-05-19 10:26,257.7399,257.85999,257.44501,257.44501,168951
2026-05-19 10:27,257.54001,257.89499,257.54001,257.70001,94009
2026-05-19 10:28,257.16,257.67499,257.10999,257.51001,135401
2026-05-19 10:29,257.09509,257.29001,256.85999,257.13501,188830
2026-05-19 10:30,257.23999,257.45001,257.10001,257.10001,126662
2026-05-19 10:31,257.345,257.57001,257.23001,257.23001,77274
2026-05-19 10:32,257.02499,257.39499,256.85001,257.39499,86413
2026-05-19 10:33,257.14999,257.17999,256.905,256.98999,106441
2026-05-19 10:34,257.01001,257.16,256.78,257.16,111558
2026-05-19 10:35,256.88,257.06,256.79999,257.02499,92490
2026-05-19 10:36,256.82999,257.07999,256.81,256.88501,74427
2026-05-19 10:37,256.92499,256.95001,256.60001,256.79999,117907
2026-05-19 10:38,256.98001,257.08499,256.76999,256.91,114287
2026-05-19 10:39,257.10999,257.39001,256.965,256.97501,118505
2026-05-19 10:40,257.46011,257.54001,256.95999,257.14999,107042
2026-05-19 10:41,257.35999,257.474,257.25009,257.34,82087
2026-05-19 10:42,257.62009,257.73001,257.35999,257.39001,96218
2026-05-19 10:43,257.17001,257.70001,257.16,257.66,239315
2026-05-19 10:44,257.29501,257.345,256.91,257.07999,103170
2026-05-19 10:45,257.10001,257.47,257.09,257.32001,78525
2026-05-19 10:46,257.125,257.23001,257.0,257.07001,67505
2026-05-19 10:47,256.78,257.17999,256.78,257.11499,169453
2026-05-19 10:48,256.60001,256.82999,256.29001,256.76001,230966
2026-05-19 10:49,256.76501,256.82001,256.51999,256.625,114492
2026-05-19 10:50,256.685,256.7688,256.47,256.75009,95317
2026-05-19 10:51,256.97,256.98001,256.55499,256.67999,64214
2026-05-19 10:52,257.01999,257.11499,256.79001,256.95511,66914
2026-05-19 10:53,257.10001,257.315,256.88,256.97,69206
2026-05-19 10:54,256.75,257.16,256.75,257.09,55114
2026-05-19 10:55,256.94,257.02991,256.67001,256.73001,65176
2026-05-19 10:56,256.755,256.94501,256.67999,256.89999,66265
2026-05-19 10:57,257.07999,257.17001,256.73999,256.73999,67511
2026-05-19 10:58,256.82999,257.09,256.82501,257.06,58601
2026-05-19 10:59,256.905,256.97,256.70999,256.82999,69269
2026-05-19 11:00,257.04999,257.14001,256.88501,256.92999,137283
2026-05-19 11:01,256.94,257.29999,256.90979,257.04999,65437
2026-05-19 11:02,257.19,257.39999,256.79001,256.92889,95968
2026-05-19 11:03,257.20001,257.39001,257.07999,257.19,74138
2026-05-19 11:04,257.29999,257.44,257.14999,257.17499,55668
2026-05-19 11:05,257.17001,257.38,257.13501,257.32001,49765
2026-05-19 11:06,257.42499,257.5,257.14001,257.17499,44757
2026-05-19 11:07,256.97989,257.41501,256.92001,257.41501,94530
2026-05-19 11:08,256.92999,257.1199,256.89001,256.92999,53836
2026-05-19 11:09,257.32001,257.32001,256.89999,256.92001,39971
2026-05-19 11:10,257.39001,257.47,257.29501,257.35001,49503
2026-05-19 11:11,257.29999,257.57001,257.23999,257.3895,75251
2026-05-19 11:12,257.245,257.45001,257.20169,257.34,52006
2026-05-19 11:13,257.035,257.29001,257.03,257.255,60148
2026-05-19 11:14,257.03,257.12,256.95999,257.04999,58090
2026-05-19 11:15,256.92999,257.07999,256.85999,257.01001,87932
2026-05-19 11:16,256.70999,256.95001,256.70999,256.91,62377
2026-05-19 11:17,256.59711,256.74991,256.56201,256.70001,89367
2026-05-19 11:18,256.60001,256.75,256.54999,256.6149,56378
2026-05-19 11:19,256.44,256.60999,256.37,256.5798,130556
2026-05-19 11:20,256.09979,256.5,256.01001,256.44,147148
2026-05-19 11:21,256.22501,256.35999,256.04001,256.09,82107
2026-05-19 11:22,256.03,256.32999,256.03,256.22501,74975
2026-05-19 11:23,255.94501,256.14001,255.92,256.04001,137499
2026-05-19 11:24,255.80901,255.99001,255.75,255.92999,141069
2026-05-19 11:25,255.9747,255.9747,255.57001,255.8,144646
2026-05-19 11:26,255.97,256.20999,255.89999,255.96671,109238
2026-05-19 11:27,256.065,256.09,255.81,255.97,60501
2026-05-19 11:28,255.9099,256.07999,255.8,256.065,74804
2026-05-19 11:29,255.85001,255.97,255.825,255.87,57813
2026-05-19 11:30,256.09,256.09,255.765,255.8,82924
2026-05-19 11:31,256.17001,256.17001,255.92999,256.10001,88342
2026-05-19 11:32,256.08499,256.20001,256.0545,256.14999,90872
2026-05-19 11:33,256.05499,256.17001,256.01999,256.07999,137783
2026-05-19 11:34,255.97,256.13,255.95,256.065,69235
2026-05-19 11:35,255.99001,256.09,255.84,255.96001,75197
2026-05-19 11:36,256.13,256.17001,255.91,255.946,52761
2026-05-19 11:37,256.31,256.31,256.01001,256.11499,73376
2026-05-19 11:38,256.47501,256.48001,256.20001,256.27911,78632
2026-05-19 11:39,256.30499,256.47501,256.23001,256.47501,61880
2026-05-19 11:40,256.29999,256.42001,256.215,256.30499,50389
2026-05-19 11:41,256.10501,256.29999,256.07501,256.29501,64806
2026-05-19 11:42,256.35999,256.41,256.07999,256.07999,80711
2026-05-19 11:43,256.0405,256.37,256.01999,256.345,87921
2026-05-19 11:44,256.07501,256.16,255.97,256.09,76375
2026-05-19 11:45,255.85001,256.09,255.825,256.07999,60995
2026-05-19 11:46,255.925,255.99001,255.82001,255.83,59359
2026-05-19 11:47,255.84,255.97,255.82001,255.925,68338
2026-05-19 11:48,255.98,255.98,255.78,255.84,60557
2026-05-19 11:49,256.06,256.09,255.92999,255.96001,54819
2026-05-19 11:50,255.84,256.07999,255.77,256.05499,54835
2026-05-19 11:51,255.63499,255.87,255.52,255.84,83338
2026-05-19 11:52,255.785,255.84,255.64,255.64,60154
2026-05-19 11:53,255.83501,255.91499,255.74001,255.78999,82905
2026-05-19 11:54,255.59,255.85001,255.55,255.85001,94064
2026-05-19 11:55,255.36,255.58,255.33,255.58,174570
2026-05-19 11:56,255.565,255.63499,255.19,255.35001,130632
2026-05-19 11:57,255.67,255.7,255.52,255.575,66817
2026-05-19 11:58,255.565,255.685,255.48,255.6795,54036
2026-05-19 11:59,255.56,255.6499,255.5101,255.58,51335
2026-05-19 12:00,255.815,255.82001,255.53011,255.57001,82202
2026-05-19 12:01,255.66,255.88,255.59,255.82001,72529
2026-05-19 12:02,255.72501,255.89,255.66499,255.6799,49873
2026-05-19 12:03,256.0,256.04999,255.69,255.7,75005
2026-05-19 12:04,256.13,256.13501,255.89,256.005,260791
2026-05-19 12:05,256.26001,256.29001,256.07999,256.13,88243
2026-05-19 12:06,256.32999,256.36499,256.10501,256.26001,111588
2026-05-19 12:07,256.35501,256.44,256.20001,256.32501,105506
2026-05-19 12:08,256.34,256.44501,256.34,256.35999,52150
2026-05-19 12:09,255.99001,256.39999,255.9184,256.35001,82941
2026-05-19 12:10,255.92,256.04999,255.86,255.97501,49289
2026-05-19 12:11,255.91299,256.08871,255.8999,255.925,37260
2026-05-19 12:12,255.86,255.935,255.8,255.92,46262
2026-05-19 12:13,255.75999,255.91,255.75,255.88,64534
2026-05-19 12:14,255.94,255.95,255.7599,255.77,49400
2026-05-19 12:15,256.095,256.138,255.95,255.95,60292
2026-05-19 12:16,255.97501,256.14001,255.92999,256.10001,62626
2026-05-19 12:17,255.96001,255.98,255.78999,255.94501,63842
2026-05-19 12:18,256.07001,256.10999,255.95,255.96001,35944
2026-05-19 12:19,256.17999,256.25,256.09,256.09,48955
2026-05-19 12:20,256.23001,256.26001,256.09,256.17999,49882
2026-05-19 12:21,256.07999,256.23001,256.01001,256.23001,33594
2026-05-19 12:22,256.07501,256.17001,255.98,256.07001,31091
2026-05-19 12:23,256.095,256.13,256.02499,256.09,31475
2026-05-19 12:24,256.17999,256.17999,256.04501,256.09,41487
2026-05-19 12:25,256.32001,256.39999,256.1799,256.1799,45934
2026-05-19 12:26,256.25,256.44,256.22,256.31,58277
2026-05-19 12:27,256.42001,256.45001,256.16501,256.255,42092
2026-05-19 12:28,256.405,256.45001,256.3201,256.37,47531
2026-05-19 12:29,256.23999,256.48999,256.23999,256.41,39017
2026-05-19 12:30,256.31,256.35999,256.19,256.26001,44173
2026-05-19 12:31,256.39001,256.45999,256.29001,256.29001,41739
2026-05-19 12:32,256.5,256.54401,256.36499,256.38501,67414
2026-05-19 12:33,256.35001,256.54999,256.32001,256.48999,83115
2026-05-19 12:34,256.41,256.41,256.32001,256.35001,59959
2026-05-19 12:35,256.32999,256.48999,256.3031,256.39499,53961
2026-05-19 12:36,256.20999,256.37,256.19,256.32001,55281
2026-05-19 12:37,256.185,256.25,256.07501,256.23999,55631
2026-05-19 12:38,256.3201,256.35999,256.07999,256.17001,79625
2026-05-19 12:39,256.29999,256.37,256.26501,256.32001,47637
2026-05-19 12:40,256.28,256.39999,256.28,256.32001,39084
2026-05-19 12:41,256.26001,256.31,256.14999,256.28,83835
2026-05-19 12:42,256.22,256.315,256.17001,256.26001,37143
2026-05-19 12:43,256.45999,256.47949,256.20999,256.22,55240
2026-05-19 12:44,256.66,256.67999,256.44501,256.44501,64040
2026-05-19 12:45,256.69501,256.75,256.56,256.67999,65934
2026-05-19 12:46,256.64001,256.82001,256.60501,256.70001,87218
2026-05-19 12:47,256.72,256.72,256.56,256.63,58539
2026-05-19 12:48,256.78,256.81,256.62,256.75,44873
2026-05-19 12:49,257.0,257.07001,256.78,256.78,100530
2026-05-19 12:50,257.10001,257.12,256.89001,257.01999,61316
2026-05-19 12:51,257.14001,257.25,257.08301,257.10999,55824
2026-05-19 12:52,257.24991,257.255,257.10001,257.14999,436810
2026-05-19 12:53,257.42001,257.42999,257.20999,257.25,63302
2026-05-19 12:54,257.36499,257.47,257.34,257.41501,59661
2026-05-19 12:55,257.44,257.44,257.33499,257.36499,49868
2026-05-19 12:56,257.52499,257.52499,257.39001,257.44,79988
2026-05-19 12:57,257.595,257.73001,257.45001,257.53,57689
2026-05-19 12:58,257.84,257.85001,257.59,257.59,70028
2026-05-19 12:59,258.01001,258.09,257.7601,257.84509,138451
2026-05-19 13:00,257.935,258.01999,257.89001,257.98999,117063
2026-05-19 13:01,258.02499,258.06,257.79501,257.94,98115
2026-05-19 13:02,258.07999,258.10999,257.8501,258.04001,71980
2026-05-19 13:03,258.26999,258.26999,257.95999,258.07999,71269
2026-05-19 13:04,258.42999,258.4873,258.27499,258.28,62352
2026-05-19 13:05,258.32001,258.57001,258.31,258.44,137460
2026-05-19 13:06,258.20999,258.3299,258.14011,258.31,72362
2026-05-19 13:07,258.39999,258.42999,258.14999,258.21011,53165
2026-05-19 13:08,258.51501,258.54001,258.38,258.38,106956
2026-05-19 13:09,258.45001,258.59,258.45001,258.51999,62846
2026-05-19 13:10,258.35001,258.54001,258.30011,258.47501,64318
2026-05-19 13:11,258.14999,258.3999,258.14999,258.35999,63437
2026-05-19 13:12,258.15009,258.19,258.10999,258.19,46737
2026-05-19 13:13,258.315,258.315,258.13,258.17999,38886
2026-05-19 13:14,258.17999,258.35999,258.14999,258.315,35526
2026-05-19 13:15,258.25,258.32001,258.17001,258.17001,42376
2026-05-19 13:16,258.32001,258.35019,258.23999,258.26001,40582
2026-05-19 13:17,258.26001,258.35001,258.25,258.315,43370
2026-05-19 13:18,258.23999,258.28,258.14999,258.25751,55795
2026-05-19 13:19,258.35001,258.39001,258.23001,258.23999,57794
2026-05-19 13:20,258.48001,258.48999,258.37241,258.38,50953
2026-05-19 13:21,258.56,258.66379,258.44,258.45999,127483
2026-05-19 13:22,258.59,258.76001,258.42001,258.54999,99878
2026-05-19 13:23,258.56,258.60001,258.44,258.58499,60556
2026-05-19 13:24,258.83499,258.95499,258.5,258.5,117747
2026-05-19 13:25,258.655,259.06549,258.64999,258.85001,104502
2026-05-19 13:26,258.39001,258.66,258.37091,258.64499,86937
2026-05-19 13:27,258.505,258.59,258.38,258.39499,63054
2026-05-19 13:28,258.39001,258.54999,258.35999,258.505,39924
2026-05-19 13:29,258.39001,258.45001,258.32001,258.39999,56872
2026-05-19 13:30,258.66,258.79871,258.39999,258.39999,95886
2026-05-19 13:31,258.625,258.84,258.625,258.67999,63029
2026-05-19 13:32,258.62,258.63,258.45999,258.60999,57935
2026-05-19 13:33,258.67999,258.79001,258.60999,258.625,77562
2026-05-19 13:34,258.48499,258.689,258.48001,258.689,44456
2026-05-19 13:35,258.69,258.73001,258.45001,258.45999,49560
2026-05-19 13:36,258.68011,258.79999,258.54999,258.69501,57494
2026-05-19 13:37,258.72501,258.73999,258.66,258.70001,40210
2026-05-19 13:38,258.81,258.87,258.715,258.715,44412
2026-05-19 13:39,258.82999,258.85501,258.67001,258.81,50482
2026-05-19 13:40,258.67819,259.0,258.54999,258.87,66480
2026-05-19 13:41,258.69809,258.82999,258.63501,258.69,39842
2026-05-19 13:42,258.88,258.92999,258.70001,258.70001,50530
2026-05-19 13:43,258.76999,258.88,258.73999,258.87,50477
2026-05-19 13:44,258.85501,258.8999,258.7001,258.76489,43403
2026-05-19 13:45,258.81641,258.905,258.73001,258.86801,41215
2026-05-19 13:46,258.59,258.79001,258.57001,258.79001,80924
2026-05-19 13:47,258.53,258.67001,258.50119,258.60001,44129
2026-05-19 13:48,258.60999,258.6134,258.42001,258.53,60130
2026-05-19 13:49,258.73001,258.75,258.60999,258.62,54100
2026-05-19 13:50,258.77991,258.79001,258.68079,258.72,37564
2026-05-19 13:51,258.76001,258.78,258.69501,258.76501,55993
2026-05-19 13:52,258.82001,258.82001,258.56,258.76001,43520
2026-05-19 13:53,259.01501,259.01501,258.79501,258.84,49024
2026-05-19 13:54,259.23999,259.25,258.94,259.01999,85013
2026-05-19 13:55,259.14999,259.38,259.14679,259.28,68901
2026-05-19 13:56,259.14999,259.26999,259.06009,259.17999,63055
2026-05-19 13:57,259.10999,259.17999,259.09,259.14001,30935
2026-05-19 13:58,259.14511,259.25,259.10001,259.10999,36996
2026-05-19 13:59,259.17499,259.23999,259.14999,259.16,51929
2026-05-19 14:00,259.12,259.20001,259.0701,259.16,31573
2026-05-19 14:01,259.20001,259.22,259.14001,259.14001,35186
2026-05-19 14:02,259.255,259.26501,259.04501,259.20999,41310
2026-05-19 14:03,259.39001,259.48001,259.26999,259.26999,62157
2026-05-19 14:04,259.51001,259.52899,259.41,259.41,56284
2026-05-19 14:05,259.655,259.70499,259.51001,259.51001,67386
2026-05-19 14:06,259.63,259.75,259.63,259.64001,66518
2026-05-19 14:07,259.70999,259.75,259.60501,259.63,56665
2026-05-19 14:08,259.44,259.70999,259.405,259.70001,46025
2026-05-19 14:09,259.59,259.62,259.44019,259.45001,42814
2026-05-19 14:10,259.57999,259.73499,259.46011,259.56009,51601
2026-05-19 14:11,259.48001,259.71991,259.48001,259.57999,44946
2026-05-19 14:12,259.495,259.54999,259.37149,259.495,34123
2026-05-19 14:13,259.32501,259.5,259.31009,259.495,42245
2026-05-19 14:14,259.20001,259.45999,259.17999,259.32501,41401
2026-05-19 14:15,259.07999,259.29919,256.79999,259.23999,134531
2026-05-19 14:16,258.88501,259.0899,258.87,259.07001,56056
2026-05-19 14:17,259.03,259.09,258.82001,258.87,48976
2026-05-19 14:18,259.04001,259.12,258.98001,259.035,31177
2026-05-19 14:19,259.19501,259.20999,259.06,259.06,36765
2026-05-19 14:20,259.32001,259.35001,259.19,259.19,41509
2026-05-19 14:21,259.34,259.35999,259.22501,259.32001,46092
2026-05-19 14:22,259.32001,259.39999,259.07001,259.3399,72119
2026-05-19 14:23,259.34,259.42999,259.2644,259.29999,32099
2026-05-19 14:24,259.19,259.35001,259.16,259.34,42289
2026-05-19 14:25,259.33499,259.33499,259.22,259.22,23433
2026-05-19 14:26,259.44,259.45999,259.29001,259.31989,42672
2026-05-19 14:27,259.19,259.435,259.17999,259.42001,45826
2026-05-19 14:28,259.27011,259.3002,259.07001,259.17001,39344
2026-05-19 14:29,259.23999,259.45999,259.20999,259.31,40018
2026-05-19 14:30,259.23999,259.28,259.11499,259.25,35990
2026-05-19 14:31,259.34,259.34,259.19009,259.20001,26726
2026-05-19 14:32,259.3999,259.42999,259.26001,259.32999,34238
2026-05-19 14:33,259.48001,259.5,259.33499,259.37,29539
2026-05-19 14:34,259.32001,259.50989,259.29999,259.5,35720
2026-05-19 14:35,259.45999,259.45999,259.29001,259.35999,28697
2026-05-19 14:36,259.28,259.48001,259.28,259.45999,26025
2026-05-19 14:37,259.35001,259.35001,259.25,259.25,24929
2026-05-19 14:38,259.26999,259.38501,259.23001,259.35001,27000
2026-05-19 14:39,259.20001,259.36499,259.17999,259.29001,37978
2026-05-19 14:40,259.14499,259.20001,259.07129,259.16501,47659
2026-05-19 14:41,259.14999,259.16,259.04999,259.16,28300
2026-05-19 14:42,259.185,259.22501,259.12149,259.16,40151
2026-05-19 14:43,259.25,259.25,259.1601,259.17999,33073
2026-05-19 14:44,259.20999,259.23999,259.14999,259.23999,25467
2026-05-19 14:45,259.19,259.22,259.12,259.19,31765
2026-05-19 14:46,259.23999,259.29999,259.2005,259.20999,25702
2026-05-19 14:47,259.23001,259.29999,259.20001,259.23999,23503
2026-05-19 14:48,259.36499,259.39001,259.20999,259.26501,58357
2026-05-19 14:49,259.44501,259.48999,259.375,259.38501,35317
2026-05-19 14:50,259.29001,259.44501,259.25,259.44501,38914
2026-05-19 14:51,259.22,259.29999,259.19,259.29999,31159
2026-05-19 14:52,259.19,259.23999,259.09,259.19,34086
2026-05-19 14:53,259.01999,259.17499,258.9325,259.16,50444
2026-05-19 14:54,258.99011,259.14182,258.98001,259.01999,43541
2026-05-19 14:55,258.79999,258.98999,258.77011,258.98999,67877
2026-05-19 14:56,258.98499,259.03989,258.79999,258.79999,52463
2026-05-19 14:57,259.20999,259.23001,258.97009,258.98499,43363
2026-05-19 14:58,259.14999,259.35999,259.14999,259.215,63602
2026-05-19 14:59,259.20999,259.28,259.03,259.13,58645
2026-05-19 15:00,259.39001,259.44601,259.16,259.17999,45390
2026-05-19 15:01,259.10999,259.39499,259.07001,259.39499,43251
2026-05-19 15:02,258.965,259.125,258.95999,259.125,39862
2026-05-19 15:03,258.91,259.07001,258.91,258.95001,40969
2026-05-19 15:04,258.91,258.95999,258.84,258.94,41138
2026-05-19 15:05,259.01999,259.01999,258.888,258.89001,24740
2026-05-19 15:06,258.95999,259.07999,258.95001,259.03,45614
2026-05-19 15:07,259.09,259.13,258.95001,258.97,39987
2026-05-19 15:08,259.29501,259.32001,259.07999,259.07999,62693
2026-05-19 15:09,259.20999,259.39999,259.20001,259.28,39070
2026-05-19 15:10,259.29999,259.39001,259.14999,259.20999,50077
2026-05-19 15:11,259.17999,259.34,259.13,259.31,34558
2026-05-19 15:12,259.23001,259.315,259.19,259.19,36617
2026-05-19 15:13,259.23499,259.26999,259.12,259.23001,54201
2026-05-19 15:14,259.42001,259.42999,259.22,259.22,38890
2026-05-19 15:15,259.45001,259.45999,259.35501,259.42999,53862
2026-05-19 15:16,259.35999,259.44501,259.29999,259.44501,70738
2026-05-19 15:17,259.35999,259.38,259.19009,259.35999,52134
2026-05-19 15:18,259.42001,259.53,259.35999,259.36499,44378
2026-05-19 15:19,259.35999,259.41,259.32001,259.41,47348
2026-05-19 15:20,259.35999,259.42499,259.34,259.35001,43283
2026-05-19 15:21,259.3999,259.39999,259.26999,259.35501,43209
2026-05-19 15:22,259.20999,259.39001,259.20001,259.38501,70343
2026-05-19 15:23,259.1199,259.26501,259.10001,259.20499,43532
2026-05-19 15:24,258.98001,259.10001,258.98001,259.09,48819
2026-05-19 15:25,259.005,259.01001,258.87,258.98001,51860
2026-05-19 15:26,259.04001,259.06,258.94,259.01001,66113
2026-05-19 15:27,259.12991,259.13,258.935,259.04001,44578
2026-05-19 15:28,259.17999,259.2699,259.10999,259.10999,43720
2026-05-19 15:29,259.185,259.19,259.04999,259.17001,31994
2026-05-19 15:30,259.01999,259.23999,259.005,259.19,59642
2026-05-19 15:31,259.23999,259.23999,258.95001,259.01001,740716
2026-05-19 15:32,259.20999,259.26001,259.16,259.23999,54971
2026-05-19 15:33,259.13,259.285,259.10999,259.20001,42705
2026-05-19 15:34,259.10001,259.17001,259.095,259.14001,26346
2026-05-19 15:35,259.0192,259.15009,259.01401,259.10999,38227
2026-05-19 15:36,259.0603,259.14999,259.01001,259.02499,43855
2026-05-19 15:37,259.1001,259.16,259.07001,259.07001,34229
2026-05-19 15:38,259.06,259.125,259.01001,259.10999,33117
2026-05-19 15:39,259.04999,259.12,259.04001,259.09,39825
2026-05-19 15:40,259.05499,259.06,258.89001,259.03,65683
2026-05-19 15:41,259.04999,259.10001,258.89999,259.03,47471
2026-05-19 15:42,258.92499,259.09219,258.89999,259.09219,38763
2026-05-19 15:43,258.95999,258.95999,258.8801,258.94,42752
2026-05-19 15:44,259.0,259.03,258.92001,258.97,45266
2026-05-19 15:45,258.95999,259.05991,258.92001,259.0,64709
2026-05-19 15:46,259.185,259.185,258.97,258.97,62682
2026-05-19 15:47,259.29001,259.3699,259.17001,259.17999,74474
2026-05-19 15:48,259.17999,259.31,259.16,259.285,73908
2026-05-19 15:49,259.19,259.32501,259.17001,259.20999,63508
2026-05-19 15:50,259.01001,259.19,258.87,259.19,145106
2026-05-19 15:51,258.92999,259.0484,258.89999,259.01501,120178
2026-05-19 15:52,259.155,259.22,258.94,258.94,89195
2026-05-19 15:53,259.20499,259.27991,259.14001,259.17999,105719
2026-05-19 15:54,259.16,259.42001,259.04001,259.20999,178316
2026-05-19 15:55,258.94009,259.10001,258.73001,259.10001,272925
2026-05-19 15:56,259.01999,259.14999,258.905,258.95001,234998
2026-05-19 15:57,259.22,259.26999,258.995,259.03,330553
2026-05-19 15:58,259.35001,259.35001,259.20001,259.22501,401862
2026-05-19 15:59,259.42001,259.42999,259.29001,259.3587,1010246
2026-05-20 09:30,260.45999,261.17001,260.04999,260.13199,1189831
2026-05-20 09:31,261.505,261.57001,260.39999,260.4118,162291
2026-05-20 09:32,261.20999,261.59,260.92001,261.42001,109406
2026-05-20 09:33,261.255,261.37,260.95999,261.26501,136757
2026-05-20 09:34,260.64999,261.27499,260.63,261.27499,147620
2026-05-20 09:35,259.95001,260.70001,259.89001,260.66501,126821
2026-05-20 09:36,259.89001,260.16501,259.75,259.94501,122863
2026-05-20 09:37,259.85001,259.92999,259.53299,259.89001,85592
2026-05-20 09:38,260.0,260.07999,259.79999,259.89001,76686
2026-05-20 09:39,260.41,260.44,259.95999,260.035,105920
2026-05-20 09:40,260.89499,260.95001,260.29999,260.43561,130021
2026-05-20 09:41,261.04001,261.42999,260.91,260.97,160020
2026-05-20 09:42,261.44,261.57999,261.14001,261.14001,110100
2026-05-20 09:43,261.51501,261.85001,261.39999,261.43979,151811
2026-05-20 09:44,261.59,261.85501,261.285,261.51501,176254
2026-05-20 09:45,261.82001,261.98859,261.51001,261.57001,195138
2026-05-20 09:46,262.45499,262.46552,261.76001,261.83499,211083
2026-05-20 09:47,263.08499,263.09,262.36499,262.47,332783
2026-05-20 09:48,262.08499,263.12,261.92999,263.10501,221495
2026-05-20 09:49,261.44989,262.07001,261.39999,262.07001,166934
2026-05-20 09:50,261.37991,261.8855,261.34,261.42499,102025
2026-05-20 09:51,261.04501,261.44,260.965,261.32999,106109
2026-05-20 09:52,261.37,261.40909,260.98001,261.02499,69843
2026-05-20 09:53,261.5,261.67001,261.32001,261.37,80194
2026-05-20 09:54,261.20999,261.565,261.04001,261.48569,81819
2026-05-20 09:55,260.8139,261.28,260.75,261.17001,70638
2026-05-20 09:56,260.995,261.16,260.715,260.77499,84959
2026-05-20 09:57,261.20999,261.29501,260.97,261.005,63273
2026-05-20 09:58,261.23001,261.29001,261.06,261.17001,45670
2026-05-20 09:59,261.48001,261.6199,261.20001,261.26999,107478
2026-05-20 10:00,261.29999,261.51999,261.16,261.495,97198
2026-05-20 10:01,261.07001,261.63,260.95999,261.31,88392
2026-05-20 10:02,261.2001,261.35501,261.03,261.0401,122899
2026-05-20 10:03,261.0817,261.42001,261.01019,261.23999,80168
2026-05-20 10:04,261.73001,261.75,261.12,261.12,92821
2026-05-20 10:05,261.17999,261.75,261.10001,261.73001,105608
2026-05-20 10:06,261.19009,261.255,260.93329,261.17999,67668
2026-05-20 10:07,261.14999,261.29001,261.07999,261.24911,44169
2026-05-20 10:08,260.83499,261.22,260.83499,261.17999,54889
2026-05-20 10:09,260.85999,260.935,260.57001,260.81,77459
2026-05-20 10:10,261.01001,261.16,260.73999,260.89001,76511
2026-05-20 10:11,260.56,260.95001,260.405,260.95001,91382
2026-05-20 10:12,260.56,260.77829,260.47,260.59,47582
2026-05-20 10:13,260.79001,260.85999,260.54001,260.60001,36513
2026-05-20 10:14,261.29001,261.73001,260.78,260.81,137607
2026-05-20 10:15,261.56009,261.60001,261.14001,261.32001,52374
2026-05-20 10:16,262.48001,262.5,261.42999,261.57999,162065
2026-05-20 10:17,262.17999,262.62949,262.14001,262.5,118430
2026-05-20 10:18,262.08499,262.56369,262.04001,262.20001,78282
2026-05-20 10:19,262.28,262.39001,262.10999,262.10999,61433
2026-05-20 10:20,262.41,262.63,262.22501,262.245,101384
2026-05-20 10:21,262.35999,262.57501,262.23499,262.42099,125251
2026-05-20 10:22,262.35001,262.45001,262.26501,262.375,58607
2026-05-20 10:23,261.95001,262.45001,261.92499,262.41,86163
2026-05-20 10:24,261.83499,262.215,261.79001,261.98001,99799
2026-05-20 10:25,261.88,261.92499,261.47,261.81,52697
2026-05-20 10:26,262.0,262.13,261.84,261.85001,44595
2026-05-20 10:27,262.07001,262.25,261.98001,262.0,54443
2026-05-20 10:28,262.05499,262.07999,261.92001,262.04001,41522
2026-05-20 10:29,262.14001,262.17001,261.92001,262.07001,46655
2026-05-20 10:30,262.48001,262.57501,262.17001,262.17001,109129
2026-05-20 10:31,262.69,262.72,262.45999,262.48001,86017
2026-05-20 10:32,262.67999,262.79999,262.64999,262.70499,79836
2026-05-20 10:33,262.59,262.78,262.48999,262.67001,88384
2026-05-20 10:34,262.47,263.0,262.42999,262.60999,124581
2026-05-20 10:35,262.43991,262.63,262.35001,262.48999,69662
2026-05-20 10:36,262.57999,262.76001,262.405,262.44,76624
2026-05-20 10:37,262.42001,262.64499,262.37,262.61292,78452
2026-05-20 10:38,262.58661,262.64001,262.35999,262.39001,64837
2026-05-20 10:39,262.465,262.7099,262.465,262.57501,60214
2026-05-20 10:40,262.34,262.56,262.27499,262.465,67898
2026-05-20 10:41,262.26501,262.36899,262.20001,262.32999,55382
2026-05-20 10:42,262.35001,262.435,262.23499,262.23999,40889
2026-05-20 10:43,262.44,262.45361,262.3201,262.35999,41562
2026-05-20 10:44,262.59,262.60001,262.45999,262.47,49926
2026-05-20 10:45,262.56,262.82001,262.48001,262.63501,84985
2026-05-20 10:46,262.595,262.75,262.56,262.62,56920
2026-05-20 10:47,262.565,262.69,262.53009,262.59,47900
2026-05-20 10:48,262.70001,262.82999,262.55499,262.57001,94048
2026-05-20 10:49,262.85999,262.92999,262.715,262.73001,63789
2026-05-20 10:50,263.01001,263.20001,262.79861,262.89001,103004
2026-05-20 10:51,263.25,263.25,262.89999,262.98999,50936
2026-05-20 10:52,263.23999,263.42001,263.17999,263.28,78075
2026-05-20 10:53,263.54999,263.54999,263.23001,263.255,55015
2026-05-20 10:54,263.54999,263.59991,263.42001,263.59,71456
2026-05-20 10:55,263.98999,264.16,263.5,263.51999,134933
2026-05-20 10:56,264.08401,264.22,263.92819,264.0,106703
2026-05-20 10:57,264.33499,264.35001,263.97,264.10001,87098
2026-05-20 10:58,264.07001,264.48499,264.06,264.31,116010
2026-05-20 10:59,264.25,264.37,264.07999,264.07999,62538
2026-05-20 11:00,264.32001,264.47,264.20999,264.23001,65690
2026-05-20 11:01,264.35001,264.37,264.1337,264.32501,82890
2026-05-20 11:02,264.42999,264.54999,264.32999,264.34,90906
2026-05-20 11:03,264.35999,264.595,264.28,264.42001,89015
2026-05-20 11:04,264.18439,264.45999,264.16501,264.34009,74172
2026-05-20 11:05,264.19,264.25,264.1105,264.17001,54474
2026-05-20 11:06,264.12451,264.22,264.01999,264.20999,42810
2026-05-20 11:07,263.94,264.22,263.87,264.10001,47639
2026-05-20 11:08,263.91501,264.02499,263.85599,263.95001,75979
2026-05-20 11:09,263.91,263.97,263.87,263.89999,49740
2026-05-20 11:10,263.75009,263.98001,263.73999,263.92999,53248
2026-05-20 11:11,263.73499,263.76999,263.629,263.755,56906
2026-05-20 11:12,263.69131,263.79001,263.62,263.72,56273
2026-05-20 11:13,263.69,263.79001,263.64001,263.66,85214
2026-05-20 11:14,263.75,263.785,263.62,263.67001,65854
2026-05-20 11:15,264.72,264.87991,263.64999,263.78,248036
2026-05-20 11:16,265.20999,265.34,264.39069,264.64001,299877
2026-05-20 11:17,264.35501,265.22501,264.32999,265.22501,98030
2026-05-20 11:18,264.19,264.42999,264.07501,264.32999,120329
2026-05-20 11:19,264.34,264.39001,264.04999,264.19,102840
2026-05-20 11:20,264.6601,264.79999,264.29999,264.32501,49329
2026-05-20 11:21,264.60001,264.78,264.54999,264.70999,44019
2026-05-20 11:22,264.53,264.66,264.45001,264.57501,39181
2026-05-20 11:23,264.58011,264.64001,264.44009,264.56,45605
2026-05-20 11:24,264.64001,264.67001,264.48001,264.59009,49463
2026-05-20 11:25,264.48401,264.67999,264.38,264.62,55083
2026-05-20 11:26,264.53,264.59,264.42001,264.51999,29309
2026-05-20 11:27,264.42999,264.53,264.3233,264.51001,57383
2026-05-20 11:28,264.29001,264.48859,264.28,264.42999,53763
2026-05-20 11:29,264.12,264.34,264.07999,264.32999,41743
2026-05-20 11:30,264.5401,264.54999,264.10999,264.14001,49333
2026-05-20 11:31,264.55511,264.60001,264.45999,264.60001,59463
2026-05-20 11:32,264.7951,264.7951,264.4801,264.62,47945
2026-05-20 11:33,264.69,264.89999,264.64001,264.81,59669
2026-05-20 11:34,264.77499,264.81,264.72,264.73999,40892
2026-05-20 11:35,264.76001,264.82501,264.69,264.77499,32827
2026-05-20 11:36,264.465,264.76501,264.45499,264.75,32454
2026-05-20 11:37,264.56989,264.60501,264.42001,264.48499,40586
2026-05-20 11:38,264.63989,264.64999,264.51001,264.52509,29111
2026-05-20 11:39,264.84399,264.84991,264.59711,264.64999,56068
2026-05-20 11:40,264.67001,264.92499,264.62,264.84601,39953
2026-05-20 11:41,264.92001,264.92001,264.70001,264.70001,58968
2026-05-20 11:42,264.91,264.98999,264.85999,264.94,62372
2026-05-20 11:43,264.92001,265.04999,264.89001,264.91,64581
2026-05-20 11:44,265.17999,265.20001,264.92001,264.92001,53286
2026-05-20 11:45,265.51999,265.51999,265.12,265.17999,94645
2026-05-20 11:46,265.32001,265.57999,265.32001,265.53,81817
2026-05-20 11:47,265.245,265.37,265.19,265.32001,84718
2026-05-20 11:48,265.19,265.29001,265.14999,265.23499,168453
2026-05-20 11:49,265.26999,265.29999,265.16119,265.19,37930
2026-05-20 11:50,265.29501,265.35999,265.27499,265.29001,35208
2026-05-20 11:51,265.35999,265.41,265.24011,265.37,37678
2026-05-20 11:52,265.48999,265.50989,265.29999,265.37,43713
2026-05-20 11:53,265.25,265.51001,265.22009,265.51001,50574
2026-05-20 11:54,264.90509,265.27499,264.90302,265.27499,72249
2026-05-20 11:55,265.04999,265.06,264.89999,264.92001,45975
2026-05-20 11:56,265.34,265.36761,265.01001,265.01001,44279
2026-05-20 11:57,265.0,265.34,264.94,265.32999,44034
2026-05-20 11:58,265.01001,265.07999,264.91,264.91,49155
2026-05-20 11:59,264.92999,265.01999,264.70999,265.0069,41967
2026-05-20 12:00,264.95999,264.98999,264.82999,264.92999,41141
2026-05-20 12:01,264.89001,264.95999,264.7804,264.94009,43016
2026-05-20 12:02,264.75,264.89999,264.72501,264.89999,50198
2026-05-20 12:03,264.51999,264.72,264.45999,264.72,54611
2026-05-20 12:04,264.63,264.69,264.45001,264.52499,43368
2026-05-20 12:05,264.70001,264.71991,264.59,264.63,36224
2026-05-20 12:06,264.72,264.84619,264.6752,264.71991,61266
2026-05-20 12:07,264.73499,264.76999,264.64001,264.73499,67962
2026-05-20 12:08,264.35989,264.73499,264.34509,264.73499,41034
2026-05-20 12:09,264.3591,264.37,264.29999,264.34,44504
2026-05-20 12:10,264.41769,264.42001,264.26501,264.35001,31374
2026-05-20 12:11,264.37,264.42389,264.29001,264.4101,31901
2026-05-20 12:12,264.33081,264.42001,264.3204,264.41,26814
2026-05-20 12:13,264.42999,264.45999,264.26001,264.33499,39307
2026-05-20 12:14,264.5,264.55991,264.32999,264.4451,64538
2026-05-20 12:15,264.27191,264.5,264.04999,264.5,47442
2026-05-20 12:16,264.17001,264.31,264.14001,264.27991,29958
2026-05-20 12:17,264.0,264.17999,263.95001,264.17999,39623
2026-05-20 12:18,263.965,264.0,263.82001,263.97,51140
2026-05-20 12:19,263.89999,263.9585,263.79999,263.95499,32169
2026-05-20 12:20,263.75,263.97501,263.651,263.92499,62175
2026-05-20 12:21,263.70001,263.78,263.64001,263.715,35992
2026-05-20 12:22,263.67499,263.73999,263.64999,263.715,46831
2026-05-20 12:23,263.76999,263.78989,263.64999,263.67999,53457
2026-05-20 12:24,263.64999,263.76501,263.59,263.76001,51029
2026-05-20 12:25,263.44,263.64999,263.42999,263.64999,50727
2026-05-20 12:26,263.26999,263.52499,263.26001,263.435,48816
2026-05-20 12:27,263.48001,263.54999,263.25009,263.28,43252
2026-05-20 12:28,263.39999,263.44501,263.32999,263.42001,27989
2026-05-20 12:29,263.39999,263.47,263.33511,263.38,35446
2026-05-20 12:30,263.285,263.39999,263.21301,263.39001,40844
2026-05-20 12:31,263.04999,263.28,263.04001,263.26999,134354
2026-05-20 12:32,263.1301,263.29901,263.06,263.09839,40320
2026-05-20 12:33,262.85001,263.16,262.79999,263.16,71875
2026-05-20 12:34,262.95499,262.98999,262.82999,262.87,52950
2026-05-20 12:35,262.98001,262.98999,262.84,262.95001,71165
2026-05-20 12:36,263.0,263.03,262.83099,262.97,113580
2026-05-20 12:37,262.8299,263.07999,262.81,263.01001,61488
2026-05-20 12:38,262.95001,262.95001,262.69,262.82999,54157
2026-05-20 12:39,262.9801,263.0199,262.92001,262.95999,37139
2026-05-20 12:40,262.94,263.01999,262.81,263.01001,58648
2026-05-20 12:41,263.0,263.0994,262.9201,262.94501,52385
2026-05-20 12:42,262.98001,263.04001,262.80011,263.0,83554
2026-05-20 12:43,263.20001,263.245,262.92001,262.98499,86284
2026-05-20 12:44,263.11499,263.2233,263.04999,263.20499,42228
2026-05-20 12:45,262.81,263.16751,262.81,263.14969,57114
2026-05-20 12:46,263.07001,263.18829,262.82001,262.82001,60745
2026-05-20 12:47,262.82999,263.14999,262.82999,263.08499,48270
2026-05-20 12:48,262.625,262.87,262.62,262.84,38761
2026-05-20 12:49,262.79001,262.79999,262.57999,262.62,34534
2026-05-20 12:50,262.76001,262.9079,262.67001,262.79001,48710
2026-05-20 12:51,262.76001,262.83701,262.69,262.76501,32997
2026-05-20 12:52,262.62039,262.83301,262.60999,262.76031,32582
2026-05-20 12:53,262.77991,262.79999,262.57999,262.62,34964
2026-05-20 12:54,262.815,262.89749,262.75,262.77499,34337
2026-05-20 12:55,262.89499,262.94958,262.76001,262.79001,29762
2026-05-20 12:56,262.82001,262.94,262.82001,262.89999,41858
2026-05-20 12:57,262.82001,262.82001,262.76001,262.78,33036
2026-05-20 12:58,262.905,262.92001,262.76999,262.82001,30924
2026-05-20 12:59,263.01001,263.17001,262.89499,262.89999,51965
2026-05-20 13:00,263.17999,263.25879,262.92999,263.0896,74561
2026-05-20 13:01,263.20001,263.25989,263.125,263.17001,41583
2026-05-20 13:02,263.06,263.20001,262.92999,263.185,31703
2026-05-20 13:03,262.85999,263.10999,262.85999,263.04001,35220
2026-05-20 13:04,262.76999,262.89001,262.655,262.85001,55474
2026-05-20 13:05,262.50989,262.81,262.48001,262.76001,56818
2026-05-20 13:06,262.45499,262.54001,262.37,262.495,66082
2026-05-20 13:07,262.48999,262.54999,262.41501,262.44501,52361
2026-05-20 13:08,262.5,262.5199,262.375,262.5,31962
2026-05-20 13:09,262.59009,262.63,262.47,262.48001,35764
2026-05-20 13:10,262.565,262.60001,262.45999,262.59,27667
2026-05-20 13:11,262.62,262.7164,262.57999,262.59,26506
2026-05-20 13:12,262.63,262.67001,262.53,262.63,33337
2026-05-20 13:13,262.89999,263.20001,262.60999,262.67001,96026
2026-05-20 13:14,263.04999,263.12,262.85001,262.91,59596
2026-05-20 13:15,262.95999,263.0325,262.92499,263.0325,25262
2026-05-20 13:16,262.87,263.01001,262.86011,262.95001,20061
2026-05-20 13:17,262.94,263.03,262.88,262.88,37012
2026-05-20 13:18,263.06,263.14001,262.92001,262.92001,41453
2026-05-20 13:19,262.92001,263.04999,262.87,263.01291,34207
2026-05-20 13:20,263.04001,263.07501,262.91,262.92499,31590
2026-05-20 13:21,263.0148,263.09991,262.98999,263.07001,20141
2026-05-20 13:22,263.01001,263.09,262.95999,263.03,23656
2026-05-20 13:23,262.98001,263.0499,262.94501,263.0267,29190
2026-05-20 13:24,263.04999,263.07001,262.97,262.97501,23167
2026-05-20 13:25,263.04001,263.10999,263.01001,263.06,35311
2026-05-20 13:26,263.08499,263.17001,263.01001,263.03,27165
2026-05-20 13:27,263.23999,263.23999,263.03,263.07999,45279
2026-05-20 13:28,263.23999,263.2998,263.23001,263.23999,54222
2026-05-20 13:29,263.3801,263.47,263.22,263.23999,65306
2026-05-20 13:30,263.44501,263.54001,263.39499,263.39499,47152
2026-05-20 13:31,263.47,263.5,263.32999,263.44,46880
2026-05-20 13:32,263.39999,263.48999,263.32001,263.45999,39611
2026-05-20 13:33,263.19501,263.34,263.17001,263.3399,36951
2026-05-20 13:34,263.35501,263.38,263.20001,263.20999,26166
2026-05-20 13:35,263.39999,263.39999,263.22501,263.35001,35665
2026-05-20 13:36,263.60001,263.67999,263.36499,263.4212,82839
2026-05-20 13:37,263.46991,263.67001,263.44,263.60001,45927
2026-05-20 13:38,263.45999,263.5199,263.42999,263.45499,37252
2026-05-20 13:39,263.67999,263.73001,263.465,263.465,48907
2026-05-20 13:40,263.55579,263.6561,263.53,263.64001,31294
2026-05-20 13:41,263.56,263.60999,263.49011,263.54501,22637
2026-05-20 13:42,263.51001,263.59991,263.5,263.55011,31051
2026-05-20 13:43,263.38,263.48999,263.37,263.48999,28858
2026-05-20 13:44,263.4899,263.54999,263.37,263.405,58402
2026-05-20 13:45,263.53,263.5368,263.39001,263.45999,31417
2026-05-20 13:46,263.51801,263.58691,263.48999,263.535,26379
2026-05-20 13:47,263.4209,263.56,263.41,263.51999,37160
2026-05-20 13:48,263.5,263.5,263.39999,263.41,36196
2026-05-20 13:49,263.505,263.53,263.45999,263.5,27971
2026-05-20 13:50,263.48999,263.54999,263.45999,263.51001,30793
2026-05-20 13:51,263.47,263.62,263.45999,263.49051,32331
2026-05-20 13:52,263.39001,263.5,263.32001,263.45499,92272
2026-05-20 13:53,263.28009,263.45001,263.27399,263.39001,80786
2026-05-20 13:54,263.42999,263.5,263.29001,263.31,94831
2026-05-20 13:55,263.5,263.54001,263.37,263.39999,55616
2026-05-20 13:56,263.46881,263.69,263.4501,263.51001,53379
2026-05-20 13:57,263.30499,263.435,263.28,263.39999,20420
2026-05-20 13:58,263.37479,263.39001,263.31,263.33499,22044
2026-05-20 13:59,263.465,263.48999,263.35999,263.35999,17940
2026-05-20 14:00,263.37,263.45001,263.13,263.45001,66906
2026-05-20 14:01,263.39001,263.39001,263.26999,263.38,17134
2026-05-20 14:02,263.375,263.41,263.30151,263.41,33007
2026-05-20 14:03,263.42999,263.54001,263.39999,263.39999,28477
2026-05-20 14:04,263.39999,263.4599,263.345,263.4213,16006
2026-05-20 14:05,263.5,263.51501,263.34,263.39001,22032
2026-05-20 14:06,263.54001,263.552,263.44,263.51001,27359
2026-05-20 14:07,263.64999,263.70999,263.53,263.55499,42831
2026-05-20 14:08,263.4837,263.655,263.44,263.655,32813
2026-05-20 14:09,263.67499,263.70499,263.48001,263.48001,61365
2026-05-20 14:10,263.70499,263.7399,263.54001,263.66251,30915
2026-05-20 14:11,263.60999,263.73999,263.60001,263.715,34788
2026-05-20 14:12,263.59,263.61499,263.48001,263.60001,22216
2026-05-20 14:13,263.60501,263.67001,263.57999,263.60999,23281
2026-05-20 14:14,263.72,263.72311,263.60001,263.60501,22138
2026-05-20 14:15,263.81,263.82001,263.67999,263.715,47111
2026-05-20 14:16,263.905,263.94,263.71991,263.82999,44788
2026-05-20 14:17,263.89999,263.92999,263.875,263.8801,29295
2026-05-20 14:18,263.79999,263.923,263.73999,263.89999,23351
2026-05-20 14:19,263.83499,263.92999,263.81,263.815,38105
2026-05-20 14:20,263.76001,263.91501,263.7406,263.84,40078
2026-05-20 14:21,263.79001,263.79001,263.685,263.785,20750
2026-05-20 14:22,263.84,263.84,263.78,263.79999,16902
2026-05-20 14:23,263.82501,263.88501,263.79999,263.86499,25701
2026-05-20 14:24,263.75,263.935,263.70999,263.82501,48201
2026-05-20 14:25,263.82001,263.84,263.685,263.73499,44006
2026-05-20 14:26,263.83511,263.84,263.785,263.82999,46828
2026-05-20 14:27,263.89499,263.89999,263.79999,263.82001,42665
2026-05-20 14:28,263.82001,263.94,263.76501,263.89001,41615
2026-05-20 14:29,263.85501,263.91,263.78,263.81,38010
2026-05-20 14:30,263.92001,263.94,263.87,263.87,19131
2026-05-20 14:31,263.85989,263.94,263.84,263.91,18155
2026-05-20 14:32,263.83011,263.85101,263.81,263.85001,27935
2026-05-20 14:33,263.88,263.935,263.84,263.84,26641
2026-05-20 14:34,263.95499,264.0,263.87,263.87,68198
2026-05-20 14:35,264.0,264.04001,263.95001,263.97,23132
2026-05-20 14:36,263.94009,264.04001,263.94009,264.0,25482
2026-05-20 14:37,264.10001,264.10001,263.9101,263.96701,37083
2026-05-20 14:38,264.10001,264.14001,264.0799,264.10999,27841
2026-05-20 14:39,264.10999,264.23999,264.08011,264.10001,35863
2026-05-20 14:40,264.17001,264.17999,264.04001,264.14001,25584
2026-05-20 14:41,264.24991,264.2699,264.14999,264.20001,32448
2026-05-20 14:42,264.19,264.26999,264.12,264.23499,28735
2026-05-20 14:43,264.07001,264.17999,263.92999,264.17999,41386
2026-05-20 14:44,263.9295,264.09219,263.92001,264.07001,55778
2026-05-20 14:45,264.01999,264.06009,263.85999,263.89499,34755
2026-05-20 14:46,264.09131,264.09131,263.98901,264.03,31835
2026-05-20 14:47,263.98999,264.09,263.98999,264.08499,37058
2026-05-20 14:48,264.13,264.14001,263.95001,263.98999,29133
2026-05-20 14:49,264.04001,264.22501,264.04001,264.14001,56979
2026-05-20 14:50,264.06,264.22,264.01999,264.04001,61476
2026-05-20 14:51,263.86499,264.07999,263.83011,264.06989,28731
2026-05-20 14:52,264.245,264.26001,263.845,263.85999,52111
2026-05-20 14:53,264.22,264.254,264.19,264.2301,26643
2026-05-20 14:54,264.27499,264.34,264.23999,264.23999,33441
2026-05-20 14:55,264.35001,264.36249,264.23001,264.25,32196
2026-05-20 14:56,264.44,264.44,264.34,264.35999,39211
2026-05-20 14:57,264.47,264.53,264.42999,264.44501,53891
2026-05-20 14:58,264.51999,264.57001,264.43231,264.47,50762
2026-05-20 14:59,264.37,264.53,264.33499,264.53,42514
2026-05-20 15:00,264.4599,264.45999,264.32001,264.36499,40976
2026-05-20 15:01,264.54001,264.59,264.42001,264.45499,45439
2026-05-20 15:02,264.57501,264.63,264.53,264.54001,36224
2026-05-20 15:03,264.39499,264.56989,264.35001,264.56989,82340
2026-05-20 15:04,264.38,264.51001,264.38,264.39999,36906
2026-05-20 15:05,264.29999,264.37399,264.285,264.37,44475
2026-05-20 15:06,264.26501,264.32001,264.23999,264.29999,49399
2026-05-20 15:07,264.4101,264.435,264.25,264.26001,34735
2026-05-20 15:08,264.35999,264.45001,264.32001,264.39999,43594
2026-05-20 15:09,264.48999,264.48999,264.35501,264.35501,45207
2026-05-20 15:10,264.35999,264.54001,264.31061,264.48001,52890
2026-05-20 15:11,264.41,264.44501,264.35999,264.35999,29813
2026-05-20 15:12,264.56,264.57999,264.3703,264.41,42303
2026-05-20 15:13,264.66,264.67999,264.53,264.57001,39451
2026-05-20 15:14,264.73999,264.73999,264.64001,264.685,75882
2026-05-20 15:15,264.66,264.79999,264.60999,264.75,61847
2026-05-20 15:16,264.72,264.755,264.62,264.65811,43338
2026-05-20 15:17,264.60999,264.745,264.59079,264.745,32691
2026-05-20 15:18,264.48499,264.64001,264.45999,264.60999,67705
2026-05-20 15:19,264.32629,264.51001,264.32001,264.51001,107038
2026-05-20 15:20,264.29001,264.34961,264.23001,264.34,116851
2026-05-20 15:21,264.23999,264.315,264.22351,264.28,114307
2026-05-20 15:22,264.25949,264.26999,264.16,264.23999,79942
2026-05-20 15:23,264.26999,264.29999,264.19,264.26001,62805
2026-05-20 15:24,264.28,264.35999,264.22009,264.26999,45334
2026-05-20 15:25,264.23999,264.29001,264.16,264.26999,44933
2026-05-20 15:26,264.20001,264.29999,264.20001,264.23999,49151
2026-05-20 15:27,264.17999,264.23001,264.12,264.20999,40919
2026-05-20 15:28,264.20001,264.22,264.17001,264.17999,28779
2026-05-20 15:29,264.23001,264.23999,264.17001,264.20001,33490
2026-05-20 15:30,264.12,264.23999,264.12,264.23499,49704
2026-05-20 15:31,264.20999,264.23999,264.07281,264.10001,43687
2026-05-20 15:32,264.08499,264.26999,264.04999,264.22,53720
2026-05-20 15:33,264.21829,264.21829,263.95999,264.07501,48651
2026-05-20 15:34,264.15991,264.26001,264.14999,264.2139,46373
2026-05-20 15:35,264.32999,264.32999,264.16061,264.17001,51151
2026-05-20 15:36,264.375,264.38989,264.28,264.32999,41642
2026-05-20 15:37,264.42029,264.42029,264.33011,264.38989,37757
2026-05-20 15:38,264.39499,264.48001,264.38,264.45001,31024
2026-05-20 15:39,264.5,264.63,264.32001,264.41,98261
2026-05-20 15:40,264.57001,264.60001,264.51001,264.51999,54480
2026-05-20 15:41,264.62,264.64191,264.48001,264.54999,49963
2026-05-20 15:42,264.71011,264.71011,264.6124,264.62,52055
2026-05-20 15:43,264.73999,264.79001,264.69,264.70999,50830
2026-05-20 15:44,264.74899,264.76999,264.7001,264.73001,49016
2026-05-20 15:45,264.745,264.75,264.64001,264.73999,63184
2026-05-20 15:46,264.845,264.89999,264.75,264.75,70277
2026-05-20 15:47,264.81,264.85999,264.79001,264.85999,57147
2026-05-20 15:48,264.89999,264.935,264.82001,264.82501,54342
2026-05-20 15:49,264.72,264.92001,264.71991,264.89001,72012
2026-05-20 15:50,264.685,264.79001,264.57001,264.70001,996220
2026-05-20 15:51,264.86121,264.86121,264.61499,264.70001,101204
2026-05-20 15:52,264.88,264.97,264.84,264.85999,93609
2026-05-20 15:53,265.10999,265.17001,264.88,264.88,199337
2026-05-20 15:54,265.12,265.23001,264.97,265.10001,186389
2026-05-20 15:55,265.14001,265.35001,265.112,265.112,257082
2026-05-20 15:56,264.995,265.17999,264.94501,265.13501,300613
2026-05-20 15:57,264.95001,265.06,264.82999,265.0,302471
2026-05-20 15:58,264.89499,264.98999,264.89001,264.95001,308899
2026-05-20 15:59,265.01001,265.09,264.89001,264.89499,703046
2026-05-21 09:30,262.75,264.51999,262.58499,263.54999,1258206
2026-05-21 09:31,261.51999,263.16,261.37,262.686,370852
2026-05-21 09:32,261.7659,261.89001,261.37,261.51999,357340
2026-05-21 09:33,261.89001,262.13,261.65009,261.70999,226532
2026-05-21 09:34,261.965,262.29999,261.76001,261.94,186016
2026-05-21 09:35,261.89999,262.0303,261.69,261.95999,214546
2026-05-21 09:36,262.35001,262.42001,261.68799,261.92001,222133
2026-05-21 09:37,262.55499,262.60501,262.06,262.38,132619
2026-05-21 09:38,262.29001,262.55499,262.19,262.54999,142889
2026-05-21 09:39,261.63,262.29001,261.53,262.27499,182476
2026-05-21 09:40,261.87,261.95999,261.47,261.60999,215360
2026-05-21 09:41,261.70001,261.85999,261.45251,261.84,155628
2026-05-21 09:42,261.79999,261.82999,261.51999,261.67999,87340
2026-05-21 09:43,261.92749,262.14999,261.60031,261.815,150756
2026-05-21 09:44,261.82999,262.04001,261.72,261.97,90572
2026-05-21 09:45,261.69,262.14999,261.64999,261.79999,144330
2026-05-21 09:46,261.82501,261.97,261.67001,261.69,90733
2026-05-21 09:47,261.66501,261.81,261.45001,261.81,106889
2026-05-21 09:48,261.76001,261.82999,261.51999,261.64999,103356
2026-05-21 09:49,262.04999,262.12,261.69,261.76999,119981
2026-05-21 09:50,262.35999,262.45001,262.04001,262.0929,162784
2026-05-21 09:51,262.62,262.64001,262.25,262.35501,120987
2026-05-21 09:52,263.39001,263.57999,262.60001,262.60001,272135
2026-05-21 09:53,262.97501,263.64999,262.85999,263.35001,135659
2026-05-21 09:54,263.56,263.57999,262.89001,262.96869,101681
2026-05-21 09:55,263.36499,263.685,263.29001,263.5,119451
2026-05-21 09:56,263.16501,263.39499,262.935,263.36499,90092
2026-05-21 09:57,263.17999,263.45001,263.13,263.13501,49376
2026-05-21 09:58,263.44,263.60999,263.02499,263.17999,99049
2026-05-21 09:59,263.35001,263.69501,263.26001,263.45999,73087
2026-05-21 10:00,263.17999,263.48001,263.07001,263.32999,76060
2026-05-21 10:01,263.22009,263.26001,263.06,263.16501,103123
2026-05-21 10:02,263.25,263.41,263.20999,263.23499,82205
2026-05-21 10:03,263.0899,263.34821,263.07999,263.23001,89353
2026-05-21 10:04,262.655,263.14001,262.64001,263.01001,70452
2026-05-21 10:05,262.26999,262.81,262.25,262.67999,88548
2026-05-21 10:06,262.23499,262.45001,262.215,262.29001,65292
2026-05-21 10:07,262.715,262.73251,262.13,262.20999,114116
2026-05-21 10:08,263.17001,263.23999,262.715,262.72,109476
2026-05-21 10:09,263.17999,263.29001,262.94501,263.185,84804
2026-05-21 10:10,263.34009,263.42001,263.06,263.17999,145731
2026-05-21 10:11,262.79999,263.48999,262.72,263.36499,171163
2026-05-21 10:12,263.20499,263.35001,262.72501,262.75,123907
2026-05-21 10:13,263.17001,263.23001,263.0,263.20499,122058
2026-05-21 10:14,262.77499,263.29999,262.7142,263.17499,151366
2026-05-21 10:15,262.75,263.10001,262.6001,262.76001,152270
2026-05-21 10:16,263.07999,263.09,262.57001,262.64999,105492
2026-05-21 10:17,263.29001,263.57001,263.07999,263.07999,87357
2026-05-21 10:18,263.32001,263.34,262.66,263.29001,73410
2026-05-21 10:19,263.28,263.64001,263.23999,263.30499,86057
2026-05-21 10:20,263.12,263.32001,263.04001,263.29001,90661
2026-05-21 10:21,262.76001,263.17001,262.73001,263.10999,92011
2026-05-21 10:22,263.03,263.09,262.73999,262.76999,80599
2026-05-21 10:23,263.17999,263.31,263.01999,263.01999,92964
2026-05-21 10:24,263.22,263.28,263.035,263.14001,46978
2026-05-21 10:25,263.54001,263.54999,263.17499,263.17999,58732
2026-05-21 10:26,263.23001,263.54501,263.17999,263.53,56830
2026-05-21 10:27,263.59,263.59,263.17999,263.22501,58513
2026-05-21 10:28,263.38501,263.56,263.33499,263.54001,72207
2026-05-21 10:29,263.66,263.79001,263.34,263.38,69893
2026-05-21 10:30,263.74091,263.92999,263.54501,263.64999,87087
2026-05-21 10:31,263.63501,263.92001,263.59,263.72501,97220
2026-05-21 10:32,263.51999,263.73001,263.48499,263.72,55094
2026-05-21 10:33,263.39001,263.54001,263.32501,263.54001,66199
2026-05-21 10:34,263.64499,263.69,263.37,263.39001,72952
2026-05-21 10:35,263.78,263.95999,262.5,263.59,338876
2026-05-21 10:36,263.97,264.01001,263.75,263.75,65922
2026-05-21 10:37,264.09,264.2001,263.9201,263.9201,60533
2026-05-21 10:38,264.0,264.10989,263.85999,264.07001,54106
2026-05-21 10:39,264.0499,264.0499,263.89999,263.97,44473
2026-05-21 10:40,263.63501,264.04999,263.60001,264.04999,53824
2026-05-21 10:41,263.64499,263.655,263.4267,263.62,52974
2026-05-21 10:42,263.79999,263.83911,263.53448,263.655,47117
2026-05-21 10:43,263.7699,263.91,263.69601,263.76999,44083
2026-05-21 10:44,263.85999,263.94,263.60999,263.76999,55537
2026-05-21 10:45,263.98001,264.0,263.73999,263.85999,43705
2026-05-21 10:46,263.47,264.04999,263.47,263.98001,89311
2026-05-21 10:47,263.39999,263.59,263.32999,263.45001,107478
2026-05-21 10:48,263.5,263.62,263.405,263.42999,33797
2026-05-21 10:49,263.70001,263.76001,263.35999,263.48001,47543
2026-05-21 10:50,263.655,263.79001,263.57001,263.70999,58644
2026-05-21 10:51,264.035,264.17999,263.62,263.62,88649
2026-05-21 10:52,264.19501,264.25,263.88,264.01151,80960
2026-05-21 10:53,264.22,264.22009,264.07999,264.1701,39020
2026-05-21 10:54,264.3201,264.35999,264.16,264.22,63800
2026-05-21 10:55,264.44,264.59,264.3201,264.35001,70797
2026-05-21 10:56,264.315,264.51999,264.17999,264.44501,65199
2026-05-21 10:57,264.41501,264.54001,264.26001,264.32001,47447
2026-05-21 10:58,264.435,264.51999,264.33499,264.39999,59503
2026-05-21 10:59,264.41,264.62,264.35999,264.44,62016
2026-05-21 11:00,264.45999,264.54999,264.37,264.41,71729
2026-05-21 11:01,264.32999,264.48999,264.28,264.45999,69706
2026-05-21 11:02,264.62,264.72,264.34,264.34,62015
2026-05-21 11:03,264.57501,264.64999,264.51001,264.60999,47770
2026-05-21 11:04,264.48001,264.62,263.25,264.60001,234889
2026-05-21 11:05,264.20001,264.53,264.12131,264.53,60813
2026-05-21 11:06,264.14999,264.29999,264.03,264.20001,64530
2026-05-21 11:07,263.94,264.17999,263.81009,264.13,83118
2026-05-21 11:08,263.92999,264.16,263.8501,263.94501,50067
2026-05-21 11:09,264.04001,264.10001,263.81,263.91,46483
2026-05-21 11:10,264.25,264.26999,263.67999,264.03,70614
2026-05-21 11:11,264.20999,264.30869,264.07999,264.255,71755
2026-05-21 11:12,264.14999,264.245,263.94,264.19141,44765
2026-05-21 11:13,264.76001,264.79999,264.09,264.12,69023
2026-05-21 11:14,264.79999,264.905,264.0,264.73999,121693
2026-05-21 11:15,264.8075,264.95999,264.76001,264.85999,61941
2026-05-21 11:16,264.92001,264.98001,264.73999,264.8699,48992
2026-05-21 11:17,264.70001,264.92001,264.65009,264.905,70426
2026-05-21 11:18,264.745,264.81,264.64999,264.69,43943
2026-05-21 11:19,264.48999,264.81,264.42001,264.78,52247
2026-05-21 11:20,264.48999,264.67001,264.31,264.465,131557
2026-05-21 11:21,264.51999,264.57001,264.35001,264.465,57905
2026-05-21 11:22,264.72,264.79999,264.5,264.52499,53638
2026-05-21 11:23,264.81,264.92001,264.64999,264.73001,58802
2026-05-21 11:24,264.57501,264.82999,264.56,264.81,43232
2026-05-21 11:25,264.76001,264.86499,264.48499,264.54999,77222
2026-05-21 11:26,264.67999,264.78,264.51999,264.76001,61426
2026-05-21 11:27,264.64999,264.73001,264.60001,264.70001,46879
2026-05-21 11:28,264.80249,264.80499,264.63,264.63,71268
2026-05-21 11:29,264.70001,264.81,264.67499,264.79999,33348
2026-05-21 11:30,264.77499,264.88,264.69,264.70511,55315
2026-05-21 11:31,264.54001,264.77991,264.47,264.76999,74469
2026-05-21 11:32,264.73999,264.81,264.5007,264.57001,38482
2026-05-21 11:33,264.71011,264.82001,264.64001,264.73001,40767
2026-05-21 11:34,264.60999,264.79999,264.54999,264.78,53812
2026-05-21 11:35,264.78,264.84,264.57001,264.63,32235
2026-05-21 11:36,264.85001,264.91,264.57999,264.75,35044
2026-05-21 11:37,265.07501,265.0896,264.81009,264.87,107094
2026-05-21 11:38,265.01001,265.20001,264.5,265.07001,138970
2026-05-21 11:39,265.16501,265.28,264.98999,265.01001,54580
2026-05-21 11:40,265.12,265.23001,265.12,265.17999,37135
2026-05-21 11:41,265.13,265.14249,264.91,265.10001,62564
2026-05-21 11:42,265.20999,265.20999,265.02499,265.1163,24712
2026-05-21 11:43,265.2471,265.32999,265.20001,265.22,37905
2026-05-21 11:44,265.12,265.22,265.04999,265.22,38000
2026-05-21 11:45,265.215,265.29999,265.11499,265.1199,41491
2026-05-21 11:46,265.29501,265.40729,265.17499,265.23001,54526
2026-05-21 11:47,265.42001,265.42999,265.21951,265.29999,53930
2026-05-21 11:48,265.52499,265.57999,265.42001,265.42001,60429
2026-05-21 11:49,265.54999,265.54999,265.39999,265.51999,38953
2026-05-21 11:50,265.45999,265.63,265.45999,265.54501,33719
2026-05-21 11:51,265.53699,265.63,265.42999,265.47,31438
2026-05-21 11:52,265.63,265.64999,265.48999,265.54001,28117
2026-05-21 11:53,265.60989,265.64999,265.48001,265.62,46260
2026-05-21 11:54,265.63,265.72,265.59,265.59,41680
2026-05-21 11:55,265.69,265.70001,265.57001,265.62,42137
2026-05-21 11:56,265.57999,265.67999,265.57199,265.66,36945
2026-05-21 11:57,265.63,265.70499,265.54001,265.58499,50204
2026-05-21 11:58,265.73001,265.78,265.42001,265.60999,71937
2026-05-21 11:59,265.60001,265.7999,265.60001,265.73001,47482
2026-05-21 12:00,265.67001,265.715,265.51001,265.64999,45755
2026-05-21 12:01,265.5,265.79001,265.5,265.67001,43751
2026-05-21 12:02,265.51999,265.64001,265.45001,265.51001,49981
2026-05-21 12:03,265.82999,265.87,265.5,265.51999,62357
2026-05-21 12:04,265.82999,265.92001,265.79999,265.82999,39399
2026-05-21 12:05,265.70001,265.89001,265.70001,265.82001,62413
2026-05-21 12:06,265.47501,265.69,265.42999,265.67999,47832
2026-05-21 12:07,265.67001,265.70999,265.44,265.44,66335
2026-05-21 12:08,265.61499,265.69,265.39001,265.66,59351
2026-05-21 12:09,265.73001,265.76511,265.54001,265.62,47689
2026-05-21 12:10,265.60501,265.73999,265.59,265.73999,51461
2026-05-21 12:11,265.62009,265.72,265.47,265.60501,59208
2026-05-21 12:12,265.505,265.70001,265.405,265.64001,58811
2026-05-21 12:13,265.28,265.5,265.17999,265.5,111852
2026-05-21 12:14,265.43799,265.43799,265.19009,265.25,35108
2026-05-21 12:15,265.26999,265.5,265.22,265.42999,54558
2026-05-21 12:16,265.20001,265.40399,265.12,265.255,52453
2026-05-21 12:17,265.23001,265.31,265.20001,265.215,34507
2026-05-21 12:18,265.20001,265.2999,265.17001,265.19,31051
2026-05-21 12:19,265.07001,265.22,264.95001,265.20001,51336
2026-05-21 12:20,265.05011,265.17001,265.02179,265.06,44871
2026-05-21 12:21,265.01001,265.12,265.0,265.04999,33272
2026-05-21 12:22,265.04999,265.34,264.98499,265.01001,79822
2026-05-21 12:23,265.16,265.20001,265.0,265.06,63067
2026-05-21 12:24,265.07501,265.14999,264.97,265.14999,56903
2026-05-21 12:25,264.98999,265.12,264.89999,265.09,50074
2026-05-21 12:26,265.0704,265.19,264.9649,264.98999,29739
2026-05-21 12:27,265.23499,265.24561,265.095,265.10999,36880
2026-05-21 12:28,265.17001,265.23001,265.12,265.22,24780
2026-05-21 12:29,265.09,265.19,265.01001,265.17999,32675
2026-05-21 12:30,265.13,265.20001,265.06,265.07999,29142
2026-05-21 12:31,265.14001,265.17001,265.10001,265.13501,22247
2026-05-21 12:32,265.095,265.12,264.89999,265.12,49982
2026-05-21 12:33,265.14999,265.23001,265.10999,265.10999,31716
2026-05-21 12:34,265.14999,265.17001,265.07001,265.155,28557
2026-05-21 12:35,265.32001,265.345,265.14001,265.14001,22483
2026-05-21 12:36,265.05499,265.29999,265.02151,265.29999,39024
2026-05-21 12:37,265.1228,265.1539,265.03,265.07001,27992
2026-05-21 12:38,265.03,265.14001,264.91,265.14001,32227
2026-05-21 12:39,265.07999,265.11301,264.95001,265.04001,41108
2026-05-21 12:40,265.03,265.14499,264.95001,265.10001,59972
2026-05-21 12:41,265.17999,265.17999,264.96951,265.04001,32255
2026-05-21 12:42,265.39999,265.39999,265.17001,265.22,42451
2026-05-21 12:43,265.26999,265.38,265.26001,265.3656,30796
2026-05-21 12:44,265.29001,265.42999,264.75,265.26001,135168
2026-05-21 12:45,265.48999,265.5,265.27499,265.29999,37786
2026-05-21 12:46,265.42001,265.5,265.39999,265.5,28389
2026-05-21 12:47,265.48001,265.48001,265.35001,265.45001,41051
2026-05-21 12:48,265.565,265.76501,265.0,265.47501,176174
2026-05-21 12:49,265.70999,265.73999,265.57999,265.59,32615
2026-05-21 12:50,265.75,265.78,265.54999,265.70499,68606
2026-05-21 12:51,265.995,266.07001,265.73959,265.755,117176
2026-05-21 12:52,266.12,266.1925,265.95999,265.95999,60732
2026-05-21 12:53,266.34,266.37,266.01999,266.10999,87044
2026-05-21 12:54,266.1701,266.32999,266.16,266.32999,53677
2026-05-21 12:55,266.23001,266.29001,266.10001,266.19,37168
2026-05-21 12:56,266.34,266.34,266.18011,266.26001,34382
2026-05-21 12:57,266.32999,266.35999,266.20999,266.33499,48394
2026-05-21 12:58,266.29001,266.35999,266.28149,266.34,28552
2026-05-21 12:59,266.39001,266.44989,266.285,266.29001,59862
2026-05-21 13:00,266.39999,266.5701,266.39001,266.41,56545
2026-05-21 13:01,266.73999,266.75,266.39999,266.41,49646
2026-05-21 13:02,266.86249,266.94,266.66,266.72,112153
2026-05-21 13:03,266.81,266.89001,266.78,266.85001,62542
2026-05-21 13:04,266.77011,266.8858,266.67068,266.82581,58137
2026-05-21 13:05,266.84991,266.85001,266.76999,266.79501,26251
2026-05-21 13:06,266.73001,266.89499,266.67001,266.82001,33462
2026-05-21 13:07,266.73999,266.82001,266.73001,266.745,19737
2026-05-21 13:08,266.76001,266.78751,266.66,266.715,19228
2026-05-21 13:09,266.70001,266.79001,266.70001,266.76001,32075
2026-05-21 13:10,267.375,267.42999,266.67999,266.67999,166428
2026-05-21 13:11,267.14001,267.60001,267.14001,267.39999,149029
2026-05-21 13:12,266.98499,267.23999,266.79999,267.19501,95563
2026-05-21 13:13,266.60999,267.01001,266.60501,266.98999,71725
2026-05-21 13:14,266.32999,266.63,266.26999,266.60999,110965
2026-05-21 13:15,266.56,266.63,266.29001,266.32501,141797
2026-05-21 13:16,267.23999,267.23999,266.54999,266.57999,140673
2026-05-21 13:17,266.95999,267.39999,266.92999,267.23999,100249
2026-05-21 13:18,266.88989,267.01001,266.73999,267.01001,525255
2026-05-21 13:19,266.67001,266.88,266.565,266.87,83165
2026-05-21 13:20,267.01999,267.04999,266.64999,266.67001,61000
2026-05-21 13:21,267.28,267.28,266.91,267.01999,99101
2026-05-21 13:22,267.22,267.44,267.01999,267.26001,162613
2026-05-21 13:23,267.12,267.35999,266.84,267.23999,115733
2026-05-21 13:24,267.13501,267.29999,266.92999,267.10999,86802
2026-05-21 13:25,267.30499,267.42499,267.16,267.16,55363
2026-05-21 13:26,267.45999,267.465,267.23001,267.32001,74351
2026-05-21 13:27,267.34,267.59991,267.29001,267.46011,71976
2026-05-21 13:28,267.39999,267.45001,267.23001,267.345,83834
2026-05-21 13:29,267.31,267.44501,267.28,267.4118,44592
2026-05-21 13:30,267.39499,267.45999,267.26501,267.31,52162
2026-05-21 13:31,267.31,267.39999,267.17999,267.34,61234
2026-05-21 13:32,267.53,267.54001,267.26999,267.28,76259
2026-05-21 13:33,267.35001,267.54999,267.271,267.51001,51036
2026-05-21 13:34,267.62,267.69931,267.29001,267.35001,58496
2026-05-21 13:35,267.92001,267.94,267.59,267.60501,83917
2026-05-21 13:36,268.125,268.14001,267.89999,267.91501,140813
2026-05-21 13:37,268.26999,268.35999,268.095,268.13,116752
2026-05-21 13:38,268.23999,268.32999,268.22,268.25,50271
2026-05-21 13:39,268.35001,268.42999,268.17001,268.255,144098
2026-05-21 13:40,268.655,268.67001,268.32999,268.36499,122777
2026-05-21 13:41,268.86499,268.92001,268.64001,268.66,152271
2026-05-21 13:42,268.7601,268.95499,268.70999,268.905,103934
2026-05-21 13:43,268.76001,268.88,268.72,268.76761,85466
2026-05-21 13:44,269.14249,269.19,268.72,268.76489,167523
2026-05-21 13:45,268.95499,269.16,268.81201,269.14499,119673
2026-05-21 13:46,268.98999,269.0,268.78,268.95999,116350
2026-05-21 13:47,269.11499,269.20999,268.98499,268.98499,112242
2026-05-21 13:48,269.16501,269.22,269.01999,269.11499,80393
2026-05-21 13:49,269.04999,269.2099,269.04001,269.151,71518
2026-05-21 13:50,269.01999,269.07999,268.97,269.03,65778
2026-05-21 13:51,269.19949,269.28,269.02499,269.02499,80538
2026-05-21 13:52,269.35001,269.38,269.19,269.19,67983
2026-05-21 13:53,269.07501,269.3793,269.065,269.32001,64269
2026-05-21 13:54,269.14001,269.17001,268.89001,269.06021,75893
2026-05-21 13:55,269.01001,269.26999,269.01001,269.14001,47973
2026-05-21 13:56,269.08011,269.125,268.98999,268.98999,52085
2026-05-21 13:57,269.11499,269.18851,269.09009,269.10999,49718
2026-05-21 13:58,269.04001,269.19,269.0,269.14001,123530
2026-05-21 13:59,268.77991,269.10001,268.73999,269.02499,64378
2026-05-21 14:00,269.035,269.06,268.71011,268.76001,68861
2026-05-21 14:01,268.741,269.065,268.69,269.04999,66411
2026-05-21 14:02,268.85999,268.88,268.67999,268.79999,39929
2026-05-21 14:03,269.04001,269.10001,268.87,268.87,41994
2026-05-21 14:04,268.5,269.12,268.495,269.04999,83661
2026-05-21 14:05,268.45001,268.57309,268.31,268.48001,65094
2026-05-21 14:06,268.87,268.95999,268.44,268.44,40897
2026-05-21 14:07,268.76001,268.89999,268.70001,268.87,38015
2026-05-21 14:08,268.935,268.97,268.72501,268.75,29951
2026-05-21 14:09,268.8103,268.95001,268.80011,268.91,37010
2026-05-21 14:10,268.70499,268.85501,268.66,268.81,34575
2026-05-21 14:11,268.72501,268.76501,268.60999,268.67999,41958
2026-05-21 14:12,268.75,268.79999,268.60999,268.72021,114811
2026-05-21 14:13,268.67001,268.80399,268.66,268.78,38395
2026-05-21 14:14,268.54999,268.76999,268.505,268.64999,65517
2026-05-21 14:15,268.69501,268.72,268.54999,268.57001,56933
2026-05-21 14:16,268.82001,268.84,268.66,268.69,51724
2026-05-21 14:17,268.95001,268.95001,268.76999,268.82001,80222
2026-05-21 14:18,269.10999,269.17999,268.89001,268.92999,72093
2026-05-21 14:19,269.07999,269.19,269.04501,269.10001,50643
2026-05-21 14:20,269.25,269.25,269.06009,269.09,43432
2026-05-21 14:21,269.38,269.4899,269.22,269.23999,85255
2026-05-21 14:22,269.2106,269.47501,269.19,269.39001,81889
2026-05-21 14:23,268.92999,269.2258,268.92001,269.22,64068
2026-05-21 14:24,268.91,269.04001,268.83099,268.92999,116471
2026-05-21 14:25,268.85999,268.98999,268.82001,268.92001,34386
2026-05-21 14:26,268.85501,268.89999,268.82001,268.89001,42712
2026-05-21 14:27,268.72,268.84991,268.67999,268.84,44797
2026-05-21 14:28,268.8168,268.84,268.73001,268.73001,47810
2026-05-21 14:29,268.76501,268.815,268.60001,268.815,40021
2026-05-21 14:30,268.82001,268.82999,268.64999,268.76001,69952
2026-05-21 14:31,268.88,268.92001,268.76999,268.7901,39967
2026-05-21 14:32,268.685,268.94,268.67999,268.88,35591
2026-05-21 14:33,268.74011,268.76001,268.67001,268.69,38481
2026-05-21 14:34,268.72,268.82001,268.62,268.73999,29076
2026-05-21 14:35,268.64999,268.73499,268.62,268.73001,34988
2026-05-21 14:36,268.73001,268.79001,268.64001,268.67001,39090
2026-05-21 14:37,268.84,268.91,268.72,268.73999,44888
2026-05-21 14:38,268.905,268.92999,268.73999,268.82999,52026
2026-05-21 14:39,268.82001,268.98001,268.70999,268.91,28208
2026-05-21 14:40,268.92499,268.94,268.73001,268.8291,44310
2026-05-21 14:41,268.89539,269.07999,268.87,268.94,48990
2026-05-21 14:42,268.95499,268.95499,268.84,268.87,28043
2026-05-21 14:43,268.85999,268.9899,268.76999,268.94,44696
2026-05-21 14:44,268.79999,268.92999,268.79999,268.83499,28165
2026-05-21 14:45,268.75009,268.87,268.64999,268.79999,30691
2026-05-21 14:46,268.67001,268.79501,268.62,268.76999,36530
2026-05-21 14:47,268.70999,268.81,268.66,268.72,31076
2026-05-21 14:48,268.17999,268.70999,268.04999,268.70999,219726
2026-05-21 14:49,268.29001,268.3699,268.19501,268.20999,32543
2026-05-21 14:50,268.38,268.44501,268.23001,268.26001,26431
2026-05-21 14:51,268.465,268.47501,268.26099,268.345,30720
2026-05-21 14:52,267.64001,268.48001,267.53,268.48001,110345
2026-05-21 14:53,267.69501,267.94,267.56,267.625,43712
2026-05-21 14:54,267.14001,267.91,267.13,267.70999,90418
2026-05-21 14:55,267.14001,267.255,266.95499,267.13,134814
2026-05-21 14:56,267.07001,267.32999,267.04001,267.17001,44452
2026-05-21 14:57,267.17999,267.26001,267.0296,267.09,39895
2026-05-21 14:58,267.16501,267.25601,267.06821,267.22,36651
2026-05-21 14:59,267.37,267.37,267.07999,267.13,36501
2026-05-21 15:00,267.35001,267.47,267.29001,267.35001,27982
2026-05-21 15:01,267.48999,267.51999,267.29999,267.35001,39766
2026-05-21 15:02,267.28009,267.51999,267.28,267.51999,32465
2026-05-21 15:03,267.67001,267.70999,267.26999,267.28,41464
2026-05-21 15:04,267.70001,267.73999,267.64999,267.67999,30875
2026-05-21 15:05,267.70999,267.785,267.67999,267.69009,27309
2026-05-21 15:06,267.48001,267.78,267.42001,267.72,63116
2026-05-21 15:07,267.56,267.60779,267.42999,267.42999,49041
2026-05-21 15:08,267.86499,267.92999,267.505,267.53,54658
2026-05-21 15:09,268.05499,268.07999,267.87,267.87,36057
2026-05-21 15:10,267.965,268.0799,267.89999,268.05991,54916
2026-05-21 15:11,267.91,267.98999,267.9046,267.94501,40844
2026-05-21 15:12,268.04999,268.09,267.91,267.91,32526
2026-05-21 15:13,268.03,268.07001,267.98999,268.04999,26760
2026-05-21 15:14,268.0499,268.04999,267.91,268.01999,32104
2026-05-21 15:15,268.07999,268.125,268.01001,268.07001,39607
2026-05-21 15:16,268.04001,268.19,268.00739,268.10999,44964
2026-05-21 15:17,268.0,268.05719,267.89999,268.035,72982
2026-05-21 15:18,268.04999,268.06,267.95999,268.0,42742
2026-05-21 15:19,268.06,268.07001,267.95001,268.03,43960
2026-05-21 15:20,268.07489,268.17001,268.04999,268.05499,34643
2026-05-21 15:21,268.04001,268.09,267.95999,268.07001,32073
2026-05-21 15:22,268.1178,268.12,267.965,268.0,34500
2026-05-21 15:23,268.12,268.12,268.04999,268.06,19913
2026-05-21 15:24,268.01999,268.16,268.0101,268.11951,32775
2026-05-21 15:25,268.10501,268.14999,268.04501,268.04999,40012
2026-05-21 15:26,268.15829,268.17999,268.065,268.095,45956
2026-05-21 15:27,268.09991,268.23001,268.07001,268.17001,53738
2026-05-21 15:28,268.30991,268.34,268.07999,268.07999,78896
2026-05-21 15:29,268.2684,268.29999,268.06,268.29001,62410
2026-05-21 15:30,268.25949,268.42001,268.21011,268.23001,56213
2026-05-21 15:31,268.35001,268.35001,268.1601,268.25989,65217
2026-05-21 15:32,268.34,268.44,268.3071,268.35999,321694
2026-05-21 15:33,268.1604,268.34,268.14999,268.32001,59879
2026-05-21 15:34,268.22989,268.23999,268.12,268.155,55542
2026-05-21 15:35,268.42499,268.44501,268.23999,268.23999,69882
2026-05-21 15:36,268.55499,268.60001,268.38501,268.42001,54236
2026-05-21 15:37,268.57999,268.60999,268.47,268.54001,38210
2026-05-21 15:38,268.60999,268.63,268.5401,268.57001,30857
2026-05-21 15:39,268.755,268.76001,268.60999,268.60999,52207
2026-05-21 15:40,268.82999,268.89999,268.73999,268.76001,60421
2026-05-21 15:41,268.73999,268.89999,268.73999,268.84,51595
2026-05-21 15:42,268.728,268.76001,268.60001,268.72501,50928
2026-05-21 15:43,268.92001,268.92999,268.70001,268.72501,47994
2026-05-21 15:44,268.87,268.95999,268.87,268.92001,54264
2026-05-21 15:45,268.655,268.88,268.655,268.85999,73786
2026-05-21 15:46,268.79999,268.81,268.51001,268.66989,59542
2026-05-21 15:47,268.715,268.80499,268.70001,268.78,57012
2026-05-21 15:48,268.72,268.79001,268.62,268.67999,56765
2026-05-21 15:49,268.62,268.75,268.57999,268.73001,63170
2026-05-21 15:50,268.76001,268.95999,268.64001,268.64999,95319
2026-05-21 15:51,268.67001,268.79999,268.67001,268.79501,75149
2026-05-21 15:52,268.62799,268.67999,268.56,268.64001,74975
2026-05-21 15:53,268.60001,268.70001,268.54999,268.59,92836
2026-05-21 15:54,268.44,268.58499,268.32001,268.57999,164092
2026-05-21 15:55,268.38901,268.60001,268.23001,268.44,196954
2026-05-21 15:56,268.76001,268.81,268.37,268.38,451858
2026-05-21 15:57,268.70001,268.82999,268.57001,268.73001,174897
2026-05-21 15:58,268.66,268.78,268.57999,268.69,225317
2026-05-21 15:59,268.39001,268.67969,268.37,268.66,496701
2026-05-22 09:30,268.95499,269.0993,268.06,268.64999,998138
2026-05-22 09:31,269.23001,269.70001,268.89001,269.01001,165820
2026-05-22 09:32,269.47,269.54999,269.0,269.255,150507
2026-05-22 09:33,269.42001,269.70001,269.04001,269.48999,130802
2026-05-22 09:34,269.47,269.69,269.34,269.44,100028
2026-05-22 09:35,268.81009,269.51999,268.81009,269.44501,160043
2026-05-22 09:36,269.09,269.28,268.84,268.98999,100963
2026-05-22 09:37,269.4534,269.48001,268.94009,269.07001,121147
2026-05-22 09:38,269.435,269.64999,269.32999,269.45999,149737
2026-05-22 09:39,268.95999,269.64999,268.89499,269.42999,123293
2026-05-22 09:40,268.98999,269.37,268.86499,268.92001,74921
2026-05-22 09:41,269.5199,269.58899,268.92499,269.01001,107775
2026-05-22 09:42,269.37,269.785,269.28,269.47,186054
2026-05-22 09:43,269.10999,269.48999,269.04001,269.345,99725
2026-05-22 09:44,269.08139,269.2999,268.97,269.16,65048
2026-05-22 09:45,269.23999,269.32001,268.98499,269.01001,74596
2026-05-22 09:46,269.5502,269.5502,269.14999,269.23001,62865
2026-05-22 09:47,269.3501,269.62,269.215,269.57001,81556
2026-05-22 09:48,268.8125,269.41501,268.65009,269.375,126425
2026-05-22 09:49,268.70999,268.755,268.26999,268.70999,123041
2026-05-22 09:50,268.625,268.87,268.60999,268.70001,110664
2026-05-22 09:51,268.64999,268.67999,268.3215,268.54999,101731
2026-05-22 09:52,268.32001,268.66,268.09,268.64001,137009
2026-05-22 09:53,268.36499,268.42001,268.09,268.3399,73238
2026-05-22 09:54,268.30499,268.54001,268.19,268.32999,88569
2026-05-22 09:55,268.19501,268.44989,268.13,268.26999,89500
2026-05-22 09:56,268.42499,268.42999,268.10999,268.19501,58049
2026-05-22 09:57,268.42001,268.51001,268.29999,268.42499,53611
2026-05-22 09:58,268.42499,268.51001,268.35501,268.41501,68186
2026-05-22 09:59,268.39999,268.5,268.20999,268.42999,46946
2026-05-22 10:00,267.91,268.35999,267.75,268.35999,119892
2026-05-22 10:01,268.03,268.14001,267.92001,267.94,73013
2026-05-22 10:02,268.14999,268.215,267.98001,268.04501,54716
2026-05-22 10:03,268.405,268.51999,268.14001,268.16,89702
2026-05-22 10:04,268.31,268.565,268.23001,268.42999,66754
2026-05-22 10:05,268.32001,268.38989,268.13,268.285,45720
2026-05-22 10:06,268.20499,268.42001,268.16,268.39999,49924
2026-05-22 10:07,267.685,268.2099,267.655,268.19,79452
2026-05-22 10:08,267.59,267.755,267.48001,267.70999,82421
2026-05-22 10:09,267.87,267.89001,267.5,267.595,54133
2026-05-22 10:10,268.10001,268.13,267.76999,267.84711,66333
2026-05-22 10:11,268.18259,268.22,268.03,268.07001,56036
2026-05-22 10:12,267.98001,268.20999,267.85999,268.17001,90221
2026-05-22 10:13,267.64499,267.95001,267.54999,267.95001,76054
2026-05-22 10:14,268.07999,268.185,267.63,267.64001,77012
2026-05-22 10:15,268.35001,268.41,268.0632,268.07999,105469
2026-05-22 10:16,268.11499,268.35999,268.07599,268.35999,48112
2026-05-22 10:17,268.22,268.26999,268.10001,268.10001,51077
2026-05-22 10:18,268.17999,268.26501,267.97141,268.23999,48933
2026-05-22 10:19,268.1503,268.18991,268.065,268.18991,24985
2026-05-22 10:20,268.29501,268.32501,268.15009,268.17001,34450
2026-05-22 10:21,268.32501,268.39951,268.20001,268.26001,51679
2026-05-22 10:22,267.92001,268.29999,267.91501,268.29999,76764
2026-05-22 10:23,267.98999,268.08499,267.88,267.95001,53087
2026-05-22 10:24,268.14999,268.21909,267.95001,267.95001,39467
2026-05-22 10:25,268.44,268.48001,268.10999,268.17999,29591
2026-05-22 10:26,268.5455,268.57001,268.42499,268.47,47024
2026-05-22 10:27,268.47,268.54999,268.38,268.54999,60857
2026-05-22 10:28,268.35501,268.46771,268.31009,268.45001,35777
2026-05-22 10:29,268.48999,268.5,268.32999,268.38501,34425
2026-05-22 10:30,268.44,268.54999,268.29999,268.51001,46493
2026-05-22 10:31,268.64001,268.64999,268.41049,268.42001,61057
2026-05-22 10:32,268.58499,268.75101,268.57501,268.62,69085
2026-05-22 10:33,268.64001,268.70999,268.51999,268.58011,57166
2026-05-22 10:34,268.47,268.64001,268.36499,268.64001,51310
2026-05-22 10:35,268.60501,268.67001,268.45999,268.48499,76354
2026-05-22 10:36,268.72,268.77371,268.595,268.595,65743
2026-05-22 10:37,268.58249,268.78,268.58249,268.73001,64662
2026-05-22 10:38,268.57501,268.6348,268.41,268.6348,32235
2026-05-22 10:39,268.48999,268.61938,268.44,268.58499,45456
2026-05-22 10:40,268.45511,268.505,268.3801,268.48499,38578
2026-05-22 10:41,268.47,268.5,268.35999,268.45999,48403
2026-05-22 10:42,268.57999,268.57999,268.38,268.48499,47584
2026-05-22 10:43,268.57999,268.66,268.45999,268.60001,52669
2026-05-22 10:44,268.5,268.64999,268.44,268.59009,51062
2026-05-22 10:45,268.435,268.51501,268.41501,268.495,55881
2026-05-22 10:46,268.38501,268.51001,268.32001,268.42499,46318
2026-05-22 10:47,268.29999,268.41,268.22009,268.4025,31102
2026-05-22 10:48,268.23999,268.32999,268.23001,268.29001,28654
2026-05-22 10:49,268.19,268.33011,268.17001,268.25,27857
2026-05-22 10:50,268.20499,268.25,268.12,268.17001,29045
2026-05-22 10:51,268.26999,268.31,268.10999,268.19009,79942
2026-05-22 10:52,268.31,268.35001,268.10001,268.23999,71426
2026-05-22 10:53,268.10999,268.43991,268.06,268.29999,55555
2026-05-22 10:54,268.04999,268.13,267.95001,268.13,39965
2026-05-22 10:55,268.215,268.215,268.035,268.07501,52949
2026-05-22 10:56,268.285,268.5,268.20001,268.23999,52763
2026-05-22 10:57,268.25,268.39001,268.20999,268.2999,38349
2026-05-22 10:58,268.34,268.39001,268.20999,268.20999,29578
2026-05-22 10:59,268.10999,268.33499,268.10999,268.33499,45772
2026-05-22 11:00,267.92001,268.20999,267.91,268.07001,52380
2026-05-22 11:01,268.01001,268.04001,267.92001,267.92001,37852
2026-05-22 11:02,268.20499,268.20999,267.95001,268.01501,36265
2026-05-22 11:03,268.28009,268.34,268.16,268.20999,223172
2026-05-22 11:04,268.22,268.39999,268.16721,268.29001,31961
2026-05-22 11:05,268.47,268.55991,268.20999,268.20999,57139
2026-05-22 11:06,268.48001,268.54379,268.42001,268.48999,47074
2026-05-22 11:07,268.69501,268.74991,268.48999,268.51001,78462
2026-05-22 11:08,268.85999,268.85999,268.64001,268.70001,64773
2026-05-22 11:09,269.07999,269.08899,268.85001,268.87,88158
2026-05-22 11:10,269.06,269.14001,268.93011,269.0885,43861
2026-05-22 11:11,268.94,269.07001,268.89999,269.04001,71896
2026-05-22 11:12,268.82001,268.95001,268.82001,268.935,49774
2026-05-22 11:13,268.89499,268.92001,268.82001,268.85211,25277
2026-05-22 11:14,268.91,268.91501,268.81,268.91501,42030
2026-05-22 11:15,269.23001,269.25,268.85999,268.91,106740
2026-05-22 11:16,269.14001,269.22501,268.9801,269.22,66697
2026-05-22 11:17,269.0668,269.20001,269.06,269.14001,412026
2026-05-22 11:18,269.14001,269.20001,269.01999,269.04001,83334
2026-05-22 11:19,269.11499,269.20001,269.10999,269.14099,37484
2026-05-22 11:20,269.0531,269.10999,268.92999,269.10999,38773
2026-05-22 11:21,269.14499,269.14499,268.9234,269.07999,25495
2026-05-22 11:22,268.94,269.14999,268.94,269.14999,23453
2026-05-22 11:23,268.875,268.965,268.79001,268.95001,53939
2026-05-22 11:24,268.82001,268.89999,268.81,268.88,38897
2026-05-22 11:25,268.70001,268.82501,268.70001,268.82501,35312
2026-05-22 11:26,268.62,268.82001,268.60001,268.70001,29664
2026-05-22 11:27,268.72,268.81,268.60001,268.60001,46399
2026-05-22 11:28,268.73999,268.7897,268.66501,268.76001,24296
2026-05-22 11:29,269.04001,269.04001,268.72,268.73999,53414
2026-05-22 11:30,269.16,269.16,268.95999,269.07999,64560
2026-05-22 11:31,269.07999,269.28,269.07999,269.16,51571
2026-05-22 11:32,269.19,269.22,269.05151,269.07999,41104
2026-05-22 11:33,269.10999,269.23499,269.07001,269.20999,33076
2026-05-22 11:34,269.17001,269.23001,269.10999,269.11499,49775
2026-05-22 11:35,269.16501,269.17001,269.0,269.1402,38430
2026-05-22 11:36,269.17001,269.23999,269.09,269.17001,33261
2026-05-22 11:37,269.13,269.20999,269.125,269.125,25864
2026-05-22 11:38,269.04999,269.14001,269.01001,269.13501,53175
2026-05-22 11:39,269.03,269.05688,268.90009,269.05688,38031
2026-05-22 11:40,269.005,269.07999,268.99271,269.04501,23637
2026-05-22 11:41,268.97,268.98001,268.91501,268.98001,26531
2026-05-22 11:42,268.95499,269.0,268.92181,268.991,44143
2026-05-22 11:43,269.04999,269.04999,268.95999,268.95999,40862
2026-05-22 11:44,269.05499,269.07721,269.0,269.035,23038
2026-05-22 11:45,268.95999,269.07999,268.91,269.06,40547
2026-05-22 11:46,269.0,269.09,268.88,268.95001,47104
2026-05-22 11:47,269.01999,269.07001,268.95999,268.995,43143
2026-05-22 11:48,269.04999,269.04999,268.98001,269.01999,40561
2026-05-22 11:49,268.94449,269.09,268.94,269.04999,26576
2026-05-22 11:50,268.995,269.0,268.85501,268.85999,32901
2026-05-22 11:51,269.04501,269.04501,268.97,268.98001,33756
2026-05-22 11:52,269.09,269.12,268.98999,269.04001,42990
2026-05-22 11:53,269.289,269.289,269.06,269.09,26753
2026-05-22 11:54,268.98169,269.2886,268.98169,269.26999,37287
2026-05-22 11:55,269.03,269.06989,268.965,269.01999,33650
2026-05-22 11:56,269.22009,269.22009,269.03,269.03,35630
2026-05-22 11:57,269.13,269.23001,269.12231,269.23001,21571
2026-05-22 11:58,269.28,269.29001,269.10001,269.12,20720
2026-05-22 11:59,269.26001,269.29999,269.20999,269.26999,25348
2026-05-22 12:00,269.06,269.29999,268.98999,269.28,61221
2026-05-22 12:01,269.29001,269.29001,269.07001,269.07001,26751
2026-05-22 12:02,269.07751,269.285,269.07001,269.26999,43989
2026-05-22 12:03,269.20999,269.31,269.14499,269.17999,58426
2026-05-22 12:04,269.11499,269.20999,269.10001,269.20999,21481
2026-05-22 12:05,269.07001,269.13,269.03,269.12,28744
2026-05-22 12:06,268.93011,269.07501,268.89999,269.07501,43283
2026-05-22 12:07,268.91,268.995,268.84,268.94,45887
2026-05-22 12:08,268.89001,269.02991,268.89001,268.92001,24648
2026-05-22 12:09,268.94501,268.97,268.86499,268.92001,28020
2026-05-22 12:10,268.6297,268.94,268.60999,268.94,48888
2026-05-22 12:11,268.6196,268.6499,268.53,268.61499,34100
2026-05-22 12:12,268.54501,268.62,268.51001,268.60001,22268
2026-05-22 12:13,268.45999,268.59979,268.42999,268.535,39584
2026-05-22 12:14,268.3501,268.46991,268.345,268.46991,27288
2026-05-22 12:15,268.1499,268.37,268.125,268.35001,43715
2026-05-22 12:16,268.255,268.29001,268.16,268.16,30545
2026-05-22 12:17,268.16,268.28,268.12,268.2699,20090
2026-05-22 12:18,268.2399,268.26001,268.06,268.16501,39580
2026-05-22 12:19,268.17499,268.25,268.1701,268.23499,27070
2026-05-22 12:20,268.29089,268.34,268.17001,268.185,29472
2026-05-22 12:21,268.26001,268.29999,268.20999,268.29999,31180
2026-05-22 12:22,268.25,268.3299,268.23001,268.26999,25367
2026-05-22 12:23,268.25,268.26999,268.19,268.2399,26975
2026-05-22 12:24,268.12,268.2446,268.10999,268.2301,42991
2026-05-22 12:25,268.25,268.255,268.10001,268.12,42161
2026-05-22 12:26,268.42999,268.42999,268.25,268.26001,44358
2026-05-22 12:27,268.51001,268.54959,268.42999,268.44501,57306
2026-05-22 12:28,268.17999,268.505,268.155,268.505,53632
2026-05-22 12:29,268.23999,268.28,268.14001,268.19,45023
2026-05-22 12:30,268.22,268.2598,268.17999,268.245,12030
2026-05-22 12:31,268.14001,268.20999,268.08191,268.19,62954
2026-05-22 12:32,268.10001,268.17999,268.065,268.14499,61522
2026-05-22 12:33,267.87,268.12,267.85001,268.10501,86151
2026-05-22 12:34,267.73999,267.89999,267.67999,267.87,52442
2026-05-22 12:35,267.78,267.79999,267.60001,267.75,41127
2026-05-22 12:36,267.73001,267.79999,267.66,267.76999,26821
2026-05-22 12:37,267.67999,267.7699,267.66,267.73001,36577
2026-05-22 12:38,267.715,267.73599,267.6001,267.69,41260
2026-05-22 12:39,267.70999,267.755,267.54001,267.73001,42247
2026-05-22 12:40,267.63,267.70001,267.60999,267.69,28386
2026-05-22 12:41,267.73001,267.73999,267.61359,267.625,25950
2026-05-22 12:42,267.73001,267.755,267.67001,267.73999,37022
2026-05-22 12:43,267.685,267.785,267.67999,267.73001,22478
2026-05-22 12:44,267.58011,267.79761,267.5401,267.70999,27013
2026-05-22 12:45,267.66501,267.67999,267.60999,267.60999,22455
2026-05-22 12:46,267.70001,267.78,267.64999,267.67001,26347
2026-05-22 12:47,267.6947,267.78,267.685,267.69,23830
2026-05-22 12:48,267.66,267.73999,267.60999,267.70001,30496
2026-05-22 12:49,267.64011,267.72989,267.63,267.655,25944
2026-05-22 12:50,267.64001,267.69,267.63879,267.64499,44016
2026-05-22 12:51,267.66501,267.73999,267.66501,267.73499,12879
2026-05-22 12:52,267.64001,267.67001,267.61331,267.67001,19252
2026-05-22 12:53,267.73001,267.73001,267.64011,267.64999,15886
2026-05-22 12:54,267.6759,267.73999,267.64999,267.72,41353
2026-05-22 12:55,267.625,267.70001,267.535,267.70001,35127
2026-05-22 12:56,267.70001,267.70001,267.595,267.61011,18891
2026-05-22 12:57,267.54501,267.72,267.54501,267.69501,45992
2026-05-22 12:58,267.64001,267.64001,267.565,267.565,19041
2026-05-22 12:59,267.64001,267.67001,267.63,267.64001,18953
2026-05-22 13:00,267.64001,267.67001,267.57999,267.655,25596
2026-05-22 13:01,267.655,267.7196,267.60999,267.63,19378
2026-05-22 13:02,267.60001,267.64999,267.58499,267.64001,16736
2026-05-22 13:03,267.59,267.63141,267.45001,267.63141,66249
2026-05-22 13:04,267.6611,267.67001,267.57001,267.62,26711
2026-05-22 13:05,267.63,267.69,267.54999,267.64999,36211
2026-05-22 13:06,267.54001,267.60001,267.51999,267.60001,22413
2026-05-22 13:07,267.57999,267.59,267.5,267.56,21612
2026-05-22 13:08,267.56,267.58499,267.51001,267.57001,32444
2026-05-22 13:09,267.57501,267.62,267.53,267.54999,19336
2026-05-22 13:10,267.70999,267.70999,267.57999,267.5878,29188
2026-05-22 13:11,267.69501,267.73999,267.67001,267.70001,30879
2026-05-22 13:12,267.63,267.73999,267.60999,267.70181,21826
2026-05-22 13:13,267.69,267.70999,267.64001,267.64999,35906
2026-05-22 13:14,267.70999,267.73001,267.66,267.69989,39269
2026-05-22 13:15,267.75079,267.78989,267.68341,267.68399,29168
2026-05-22 13:16,267.685,267.75,267.67001,267.75,29052
2026-05-22 13:17,267.81339,267.82001,267.67999,267.69989,29425
2026-05-22 13:18,267.84,267.89001,267.76001,267.81,53975
2026-05-22 13:19,267.48001,267.85999,267.42999,267.79001,97141
2026-05-22 13:20,267.815,267.84991,267.35001,267.45999,77046
2026-05-22 13:21,267.78,267.89001,267.73999,267.82001,36746
2026-05-22 13:22,267.76999,267.82001,267.69,267.77081,40451
2026-05-22 13:23,267.7601,267.784,267.73499,267.76001,20913
2026-05-22 13:24,267.84,267.84,267.73999,267.76501,21061
2026-05-22 13:25,267.97501,267.99011,267.82999,267.85001,26838
2026-05-22 13:26,268.03,268.05499,267.92999,267.98001,48155
2026-05-22 13:27,268.41,268.41,268.0,268.035,79035
2026-05-22 13:28,268.84,268.97,268.41,268.41501,201130
2026-05-22 13:29,269.35001,269.35999,268.63,268.85501,159582
2026-05-22 13:30,269.315,269.60001,269.22,269.35001,121259
2026-05-22 13:31,269.04001,269.37991,269.04001,269.35001,77196
2026-05-22 13:32,269.14499,269.17999,268.98999,269.06,51821
2026-05-22 13:33,269.04999,269.14001,269.04001,269.13,36868
2026-05-22 13:34,269.01001,269.12,269.01001,269.04001,36369
2026-05-22 13:35,268.82001,269.04501,268.82001,268.98999,61946
2026-05-22 13:36,268.67999,268.83499,268.62,268.79999,56105
2026-05-22 13:37,268.75989,268.81,268.66,268.66,74105
2026-05-22 13:38,268.70001,268.91989,268.70001,268.7381,79992
2026-05-22 13:39,268.75,268.84,268.70001,268.70001,56163
2026-05-22 13:40,268.98999,269.03,268.72501,268.73999,112569
2026-05-22 13:41,268.85001,269.01001,268.84,269.005,46565
2026-05-22 13:42,268.79001,268.85999,268.73999,268.85999,61428
2026-05-22 13:43,268.72,268.81,268.70999,268.76001,50972
2026-05-22 13:44,268.57001,268.76999,268.5,268.73969,61511
2026-05-22 13:45,268.54001,268.60989,268.5,268.56,63455
2026-05-22 13:46,268.35999,268.57001,268.35999,268.54001,72911
2026-05-22 13:47,268.39011,268.43991,268.32999,268.38,79580
2026-05-22 13:48,268.39001,268.47,268.35501,268.38101,90074
2026-05-22 13:49,268.39999,268.47,268.39999,268.42999,53813
2026-05-22 13:50,268.2699,268.4371,268.24011,268.42999,56653
2026-05-22 13:51,268.57001,268.57999,268.22501,268.26001,78389
2026-05-22 13:52,268.44,268.64999,268.43481,268.57001,26399
2026-05-22 13:53,268.53,268.53,268.42001,268.45999,29244
2026-05-22 13:54,268.57501,268.57501,268.38,268.51501,47712
2026-05-22 13:55,268.58191,268.63,268.51001,268.57999,24609
2026-05-22 13:56,268.08499,268.57999,268.04001,268.57999,65036
2026-05-22 13:57,268.17499,268.28,268.06,268.07999,35287
2026-05-22 13:58,268.11499,268.19,268.11499,268.16,17931
2026-05-22 13:59,267.92499,268.13,267.89001,268.13,57335
2026-05-22 14:00,267.89999,268.0,267.85089,267.92001,41636
2026-05-22 14:01,267.9137,268.04501,267.79001,267.89001,41857
2026-05-22 14:02,268.01999,268.0686,267.875,267.92001,29233
2026-05-22 14:03,267.965,268.04001,267.95001,268.01999,31141
2026-05-22 14:04,267.86499,268.065,267.60001,267.965,106509
2026-05-22 14:05,267.905,267.905,267.78,267.85001,48627
2026-05-22 14:06,267.94989,267.98001,267.798,267.905,20317
2026-05-22 14:07,267.81009,267.98001,267.76859,267.92999,24569
2026-05-22 14:08,267.79999,267.85001,267.76999,267.82501,20961
2026-05-22 14:09,267.81979,267.85001,267.78,267.78,23302
2026-05-22 14:10,267.80011,267.92499,267.79999,267.81,20303
2026-05-22 14:11,267.82501,267.88,267.78,267.82001,20357
2026-05-22 14:12,267.82501,267.85999,267.7735,267.84,23335
2026-05-22 14:13,267.79999,267.85001,267.79001,267.84,14926
2026-05-22 14:14,267.84991,267.84991,267.78,267.81989,19588
2026-05-22 14:15,267.78,267.85001,267.72971,267.82999,28654
2026-05-22 14:16,267.84,267.87991,267.75009,267.76999,21146
2026-05-22 14:17,267.80499,267.85001,267.75,267.82001,29857
2026-05-22 14:18,267.82999,267.89999,267.79999,267.81,25824
2026-05-22 14:19,267.88501,267.92999,267.85501,267.85501,18797
2026-05-22 14:20,268.01001,268.07001,267.88,267.91,20407
2026-05-22 14:21,268.07501,268.11951,268.0,268.0,25083
2026-05-22 14:22,268.12839,268.12839,267.98001,268.07999,38492
2026-05-22 14:23,268.06,268.12,268.05011,268.10999,19633
2026-05-22 14:24,268.10001,268.10001,268.035,268.04999,25234
2026-05-22 14:25,267.98999,268.095,267.98999,268.07999,27406
2026-05-22 14:26,267.95499,267.995,267.92999,267.98499,20261
2026-05-22 14:27,268.07999,268.07999,267.97,267.97,15293
2026-05-22 14:28,268.00989,268.04001,267.92999,268.04001,29962
2026-05-22 14:29,268.01001,268.03,267.95999,267.98999,25640
2026-05-22 14:30,268.0,268.04999,267.98001,268.0,24979
2026-05-22 14:31,268.01001,268.065,267.91501,267.98499,25997
2026-05-22 14:32,268.04999,268.07999,267.98999,268.0,30922
2026-05-22 14:33,268.03009,268.14999,268.03009,268.04999,24615
2026-05-22 14:34,268.07001,268.09,268.01001,268.04999,26841
2026-05-22 14:35,267.95001,268.069,267.95001,268.06,26356
2026-05-22 14:36,268.01001,268.01001,267.95499,267.96552,22992
2026-05-22 14:37,268.035,268.07999,267.98001,268.04001,24253
2026-05-22 14:38,267.84009,268.01999,267.76999,268.01999,37126
2026-05-22 14:39,268.1232,268.32999,267.85001,267.85001,102588
2026-05-22 14:40,268.10999,268.14999,268.06,268.1228,21652
2026-05-22 14:41,268.07541,268.12,268.03,268.10999,20906
2026-05-22 14:42,268.20999,268.215,268.05069,268.065,23321
2026-05-22 14:43,268.26001,268.28,268.19009,268.19009,27977
2026-05-22 14:44,268.13501,268.26501,268.12,268.26501,11872
2026-05-22 14:45,268.215,268.285,268.13309,268.14459,46550
2026-05-22 14:46,268.23999,268.26501,268.2001,268.2001,14910
2026-05-22 14:47,268.00491,268.23999,267.98209,268.20999,32136
2026-05-22 14:48,267.92999,268.035,267.91,268.035,16238
2026-05-22 14:49,267.86011,267.92999,267.85999,267.91,19089
2026-05-22 14:50,267.84991,267.87,267.82001,267.85999,20139
2026-05-22 14:51,267.84439,267.89499,267.82001,267.85001,26071
2026-05-22 14:52,267.77991,267.86749,267.75491,267.85999,29535
2026-05-22 14:53,267.81,267.85001,267.70001,267.755,39072
2026-05-22 14:54,267.78049,267.85001,267.76001,267.81,23576
2026-05-22 14:55,267.71399,267.79501,267.66,267.79501,27847
2026-05-22 14:56,267.7175,267.76981,267.67999,267.70001,30699
2026-05-22 14:57,267.64001,267.73999,267.63,267.72,27644
2026-05-22 14:58,267.63,267.67499,267.53,267.64999,44480
2026-05-22 14:59,267.59,267.64819,267.55499,267.63,37025
2026-05-22 15:00,267.53,267.565,267.46011,267.565,44740
2026-05-22 15:01,267.34,267.59,267.32999,267.51999,76730
2026-05-22 15:02,267.23999,267.57999,267.17001,267.32999,127066
2026-05-22 15:03,267.29501,267.35999,267.20001,267.25,87425
2026-05-22 15:04,267.47,267.49881,267.224,267.29001,28381
2026-05-22 15:05,267.48001,267.51001,267.43011,267.45999,26832
2026-05-22 15:06,267.32999,267.48001,267.13,267.47,56598
2026-05-22 15:07,267.39001,267.4097,267.32999,267.32999,33337
2026-05-22 15:08,267.33499,267.45001,267.32999,267.37,26302
2026-05-22 15:09,267.435,267.45001,267.29001,267.33499,25088
2026-05-22 15:10,267.51001,267.56,267.44,267.44989,52920
2026-05-22 15:11,267.32001,267.5,267.315,267.5,38554
2026-05-22 15:12,267.35501,267.35999,267.22501,267.31,39200
2026-05-22 15:13,267.2699,267.35501,267.20001,267.35391,28431
2026-05-22 15:14,267.20999,267.25,267.125,267.25,37474
2026-05-22 15:15,267.13989,267.20001,267.01999,267.17999,72227
2026-05-22 15:16,267.04999,267.10999,266.97009,267.10999,51592
2026-05-22 15:17,266.9595,267.07001,266.84,267.04999,110586
2026-05-22 15:18,266.95999,267.04001,266.91501,266.95001,45959
2026-05-22 15:19,266.88,266.98001,266.85999,266.98001,32311
2026-05-22 15:20,266.75,266.88,266.70999,266.88,75778
2026-05-22 15:21,266.69,266.76999,266.57001,266.755,58472
2026-05-22 15:22,266.66501,266.73999,266.60001,266.67999,73413
2026-05-22 15:23,266.76001,266.81989,266.64999,266.66501,54564
2026-05-22 15:24,266.70999,266.845,266.69,266.76999,48457
2026-05-22 15:25,266.73999,266.81989,266.73001,266.73001,29154
2026-05-22 15:26,266.79001,266.82001,266.67999,266.76999,54074
2026-05-22 15:27,266.89999,266.92499,266.79001,266.79501,35084
2026-05-22 15:28,266.86499,266.98001,266.82001,266.8801,70167
2026-05-22 15:29,266.80499,266.89001,266.67001,266.87,112662
2026-05-22 15:30,266.73001,266.84,266.69,266.82001,87137
2026-05-22 15:31,266.97,267.0,266.72,266.73499,53234
2026-05-22 15:32,267.06,267.13,266.84,266.96991,74906
2026-05-22 15:33,267.14499,267.14499,266.98001,267.05499,52037
2026-05-22 15:34,267.07001,267.16501,267.04999,267.14499,52114
2026-05-22 15:35,267.13,267.17001,267.0,267.06,69854
2026-05-22 15:36,267.10001,267.14999,267.035,267.12,32154
2026-05-22 15:37,266.8999,267.10001,266.85999,267.10001,47105
2026-05-22 15:38,266.9498,266.9498,266.73999,266.87,97317
2026-05-22 15:39,267.12,267.1297,266.94501,266.94501,51079
2026-05-22 15:40,267.14999,267.25,267.10001,267.10001,74078
2026-05-22 15:41,266.95499,267.14001,266.95001,267.14001,32649
2026-05-22 15:42,266.92999,267.0,266.84,266.94,39233
2026-05-22 15:43,266.97,267.07999,266.92499,266.95001,55837
2026-05-22 15:44,266.92001,267.04001,266.92001,266.95999,56239
2026-05-22 15:45,266.98001,266.98099,266.89001,266.92001,51820
2026-05-22 15:46,266.78,266.97501,266.63,266.97501,104705
2026-05-22 15:47,266.76999,266.7999,266.64999,266.76999,50348
2026-05-22 15:48,266.88,266.91,266.72,266.75,44840
2026-05-22 15:49,266.79999,266.89999,266.67999,266.88,87525
2026-05-22 15:50,266.57999,266.82001,266.35001,266.82001,163851
2026-05-22 15:51,266.625,266.70001,266.51999,266.59,154583
2026-05-22 15:52,266.67499,266.72,266.60999,266.63,106071
2026-05-22 15:53,266.63501,266.755,266.57999,266.67001,154802
2026-05-22 15:54,266.79001,266.81,266.53,266.63,126505
2026-05-22 15:55,267.01999,267.04999,266.76999,266.79999,176427
2026-05-22 15:56,266.89001,267.10001,266.85999,267.01999,163382
2026-05-22 15:57,266.83499,267.01999,266.82001,266.88,198221
2026-05-22 15:58,266.56,266.83499,266.55499,266.82999,358686
2026-05-22 15:59,266.29999,266.66,266.23999,266.57001,720087
2026-05-26 09:30,268.5,269.20001,267.33499,267.57501,1583688
2026-05-26 09:31,268.745,269.29999,268.32001,268.52499,147554
2026-05-26 09:32,268.35999,268.95001,268.35999,268.78,182376
2026-05-26 09:33,267.76001,268.38,267.60001,268.32001,151441
2026-05-26 09:34,268.35999,268.64001,267.73001,267.87,151842
2026-05-26 09:35,268.2131,268.51999,268.13501,268.32999,165469
2026-05-26 09:36,267.85501,268.29001,267.82999,268.215,101056
2026-05-26 09:37,267.70499,268.06,267.60001,267.82999,122258
2026-05-26 09:38,267.38,268.0,267.35001,267.69501,207533
2026-05-26 09:39,267.26511,267.42001,267.07001,267.31009,132034
2026-05-26 09:40,267.03,267.2774,267.03,267.2774,95415
2026-05-26 09:41,267.10001,267.26001,266.92001,267.03,120376
2026-05-26 09:42,267.07001,267.5,267.01999,267.10001,109933
2026-05-26 09:43,266.97739,267.22,266.82001,267.09,168934
2026-05-26 09:44,266.9617,267.2399,266.95001,266.98001,62916
2026-05-26 09:45,267.35999,267.37991,266.95001,266.98001,105782
2026-05-26 09:46,267.51999,267.54999,267.12,267.38,115756
2026-05-26 09:47,267.04001,267.51501,267.03,267.51501,77953
2026-05-26 09:48,266.815,267.07001,266.63,267.07001,132251
2026-05-26 09:49,267.16,267.22501,266.66501,266.81,157282
2026-05-26 09:50,266.24301,267.12991,266.142,267.06,137658
2026-05-26 09:51,266.04999,266.42999,266.04999,266.22,135672
2026-05-26 09:52,265.94,266.16989,265.85999,266.04489,128155
2026-05-26 09:53,265.83499,266.0,265.66,265.95001,140107
2026-05-26 09:54,266.125,266.14999,265.76999,265.85739,92625
2026-05-26 09:55,266.487,266.54999,266.03,266.14001,104707
2026-05-26 09:56,266.5,266.67999,266.28,266.49521,79738
2026-05-26 09:57,266.41501,266.63,266.2204,266.505,88289
2026-05-26 09:58,266.45999,266.45999,266.18121,266.35999,106704
2026-05-26 09:59,266.75,266.78,266.37,266.435,95535
2026-05-26 10:00,267.07999,267.07999,266.70001,266.73999,91843
2026-05-26 10:01,267.10001,267.17001,267.01999,267.07999,72856
2026-05-26 10:02,267.13501,267.25,267.01001,267.10019,96797
2026-05-26 10:03,267.26501,267.28,266.8801,267.07999,98398
2026-05-26 10:04,267.28439,267.29999,267.08499,267.25,94722
2026-05-26 10:05,267.56989,267.63,267.03,267.29001,475104
2026-05-26 10:06,267.97501,268.0499,267.51999,267.60001,124545
2026-05-26 10:07,267.94501,268.008,267.82999,267.95001,93640
2026-05-26 10:08,267.73999,268.22,267.73999,267.95999,123234
2026-05-26 10:09,268.01999,268.069,267.7301,267.745,78380
2026-05-26 10:10,267.98999,268.07001,267.92999,267.98999,78381
2026-05-26 10:11,268.0,268.01001,267.76001,267.98999,71068
2026-05-26 10:12,267.91501,268.01999,267.82999,267.995,54279
2026-05-26 10:13,267.95001,268.06,267.81009,267.91,76843
2026-05-26 10:14,267.98499,268.03,267.832,267.97,80227
2026-05-26 10:15,267.95499,268.05688,267.87,268.0,70700
2026-05-26 10:16,267.57501,267.98541,267.51999,267.95999,104181
2026-05-26 10:17,267.3252,267.56329,267.29999,267.56,101383
2026-05-26 10:18,267.05511,267.35999,267.03,267.32001,82464
2026-05-26 10:19,267.26999,267.31,266.97,267.07001,74335
2026-05-26 10:20,267.28,267.34,267.155,267.27789,78724
2026-05-26 10:21,266.91501,267.37,266.905,267.28,89088
2026-05-26 10:22,266.45169,267.10001,266.45169,266.93011,104148
2026-05-26 10:23,266.28931,266.57999,266.26999,266.4201,147405
2026-05-26 10:24,266.06989,266.29001,266.04001,266.29001,84650
2026-05-26 10:25,266.09,266.17999,266.01999,266.05499,93376
2026-05-26 10:26,265.81,266.07999,265.75,266.07999,104225
2026-05-26 10:27,265.67001,266.06659,265.66299,265.84,136957
2026-05-26 10:28,265.63,265.9248,265.60001,265.67499,134439
2026-05-26 10:29,265.444,265.87,265.41,265.60999,115931
2026-05-26 10:30,264.73499,265.41449,264.67999,265.4101,242890
2026-05-26 10:31,264.87,265.02499,264.70999,264.75,189498
2026-05-26 10:32,264.92999,264.98999,264.69,264.86911,105738
2026-05-26 10:33,264.76501,264.98001,264.69,264.89999,128352
2026-05-26 10:34,264.64499,264.76501,264.4653,264.76501,147760
2026-05-26 10:35,264.88989,264.88989,264.54999,264.62,91205
2026-05-26 10:36,264.94501,265.03,264.82001,264.88501,98960
2026-05-26 10:37,265.27939,265.28989,264.85001,264.92001,91229
2026-05-26 10:38,265.12,265.35001,265.065,265.26001,93261
2026-05-26 10:39,265.0098,265.16251,264.95001,265.12,103309
2026-05-26 10:40,264.82861,265.005,264.75,265.005,56244
2026-05-26 10:41,264.75,264.92001,264.72,264.82001,87361
2026-05-26 10:42,264.34781,264.81,264.34009,264.72751,120975
2026-05-26 10:43,264.4726,264.54001,264.20001,264.32501,94623
2026-05-26 10:44,264.57001,264.64999,264.35001,264.5,85283
2026-05-26 10:45,264.43701,264.57999,264.24011,264.57001,64753
2026-05-26 10:46,264.39001,264.51001,264.35999,264.42001,52119
2026-05-26 10:47,264.41,264.45999,264.22,264.39999,96118
2026-05-26 10:48,264.67001,264.70999,264.29501,264.36499,137719
2026-05-26 10:49,264.5,264.85001,264.47501,264.67001,91002
2026-05-26 10:50,264.23999,264.51001,264.14001,264.5,120007
2026-05-26 10:51,264.28,264.3866,264.19501,264.21439,92360
2026-05-26 10:52,264.1803,264.34,264.16,264.27261,91831
2026-05-26 10:53,264.5,264.5,264.155,264.17999,72446
2026-05-26 10:54,264.54999,264.69,264.25,264.51501,169423
2026-05-26 10:55,264.54001,264.60989,264.37,264.56,48485
2026-05-26 10:56,264.56,264.62381,264.48999,264.54501,71607
2026-05-26 10:57,264.60001,264.73001,264.51001,264.54999,100205
2026-05-26 10:58,264.505,264.67001,264.44501,264.59,78138
2026-05-26 10:59,264.315,264.547,264.20001,264.53,81555
2026-05-26 11:00,264.17001,264.35999,264.06009,264.34,161257
2026-05-26 11:01,263.91,264.29999,263.89001,264.17999,182722
2026-05-26 11:02,263.92081,263.98001,263.82001,263.91,80374
2026-05-26 11:03,263.905,263.95001,263.8262,263.92001,45560
2026-05-26 11:04,263.92999,264.0,263.85999,263.89999,73080
2026-05-26 11:05,264.07001,264.35999,263.92999,263.9339,111628
2026-05-26 11:06,264.07001,264.07999,263.94,264.07001,72834
2026-05-26 11:07,264.32999,264.35001,264.07501,264.07999,94496
2026-05-26 11:08,264.42001,264.52499,264.28,264.29001,158200
2026-05-26 11:09,264.48499,264.53,264.39001,264.41,53089
2026-05-26 11:10,264.625,264.7691,264.47641,264.48999,72504
2026-05-26 11:11,264.44,264.64499,264.42999,264.60999,66822
2026-05-26 11:12,264.3656,264.565,264.35001,264.435,73749
2026-05-26 11:13,264.33249,264.4599,264.25009,264.38,46742
2026-05-26 11:14,264.35001,264.36499,264.26999,264.34,44081
2026-05-26 11:15,264.26001,264.39999,264.26001,264.34,57438
2026-05-26 11:16,264.20999,264.34,264.14999,264.31,95093
2026-05-26 11:17,264.51001,264.60001,264.215,264.215,55950
2026-05-26 11:18,264.50739,264.55991,264.39999,264.53,39630
2026-05-26 11:19,264.61499,264.76999,264.48001,264.51999,46555
2026-05-26 11:20,264.63501,264.76001,264.48999,264.63,75443
2026-05-26 11:21,264.60999,264.659,264.57001,264.62,46087
2026-05-26 11:22,264.66989,264.75,264.57001,264.60999,43807
2026-05-26 11:23,264.435,264.69,264.41,264.67001,55378
2026-05-26 11:24,264.23999,264.45001,264.23001,264.396,61663
2026-05-26 11:25,264.29999,264.37,264.20001,264.20001,39457
2026-05-26 11:26,264.07999,264.42001,264.04999,264.31,68223
2026-05-26 11:27,263.64001,264.13791,263.625,264.07001,132080
2026-05-26 11:28,263.59,263.76001,263.59,263.64001,98421
2026-05-26 11:29,263.84149,263.86499,263.52011,263.57501,160504
2026-05-26 11:30,263.79001,263.91,263.73999,263.88,83362
2026-05-26 11:31,263.63,263.8125,263.57001,263.8125,60853
2026-05-26 11:32,263.5,263.6485,263.46381,263.625,85174
2026-05-26 11:33,263.48001,263.54001,263.4144,263.505,71281
2026-05-26 11:34,263.58499,263.604,263.45001,263.49991,70798
2026-05-26 11:35,263.53,263.67001,263.53,263.57001,92997
2026-05-26 11:36,263.315,263.66,263.29999,263.53,102478
2026-05-26 11:37,263.54501,263.54999,263.29999,263.30499,70582
2026-05-26 11:38,263.89001,263.89999,263.53989,263.53989,71739
2026-05-26 11:39,263.85999,263.91,263.78,263.89001,42110
2026-05-26 11:40,263.76999,263.8999,263.59,263.87,60377
2026-05-26 11:41,263.75,263.89001,263.73999,263.81,28756
2026-05-26 11:42,263.66,263.78,263.56,263.75281,62100
2026-05-26 11:43,263.565,263.69,263.54001,263.62,42174
2026-05-26 11:44,263.59,263.60001,263.452,263.565,60076
2026-05-26 11:45,263.67001,263.69,263.39011,263.57001,46430
2026-05-26 11:46,263.51999,263.66501,263.41,263.66,52549
2026-05-26 11:47,263.61499,263.72009,263.48001,263.5069,43371
2026-05-26 11:48,263.82001,263.88,263.63,263.65009,43675
2026-05-26 11:49,263.51999,263.79001,263.4682,263.79001,48661
2026-05-26 11:50,263.54501,263.56,263.39999,263.51999,49744
2026-05-26 11:51,263.52011,263.57001,263.42999,263.53,27184
2026-05-26 11:52,263.51999,263.64999,263.42999,263.51001,59019
2026-05-26 11:53,263.5,263.59991,263.45001,263.5,42229
2026-05-26 11:54,263.51999,263.54999,263.42999,263.5032,74733
2026-05-26 11:55,263.51001,263.64001,263.41,263.48999,56640
2026-05-26 11:56,263.51001,263.59,263.35999,263.56,56999
2026-05-26 11:57,263.67499,263.67499,263.41,263.5,41268
2026-05-26 11:58,263.64499,263.70999,263.59,263.67001,35110
2026-05-26 11:59,263.57999,263.6615,263.53,263.63,35070
2026-05-26 12:00,263.69,263.8299,263.60001,263.60001,40459
2026-05-26 12:01,263.745,263.74991,263.65009,263.66,29177
2026-05-26 12:02,263.74011,263.81,263.68201,263.72,51731
2026-05-26 12:03,263.67999,263.76999,263.57999,263.73999,40547
2026-05-26 12:04,263.53009,263.67999,263.53009,263.64999,52736
2026-05-26 12:05,263.66531,263.67001,263.57999,263.57999,28238
2026-05-26 12:06,263.67001,263.72,263.59,263.655,77682
2026-05-26 12:07,263.62,263.72,263.62,263.64999,34361
2026-05-26 12:08,263.56,263.64001,263.44,263.64001,85085
2026-05-26 12:09,263.39999,263.59,263.35999,263.5899,43843
2026-05-26 12:10,263.37,263.45999,263.22,263.39001,77100
2026-05-26 12:11,263.35001,263.37,263.28,263.35999,38057
2026-05-26 12:12,263.30991,263.45999,263.26001,263.35001,73559
2026-05-26 12:13,263.51001,263.51001,263.29999,263.31,42399
2026-05-26 12:14,263.34,263.48999,263.34,263.48001,47024
2026-05-26 12:15,263.30991,263.41,263.29999,263.34,34942
2026-05-26 12:16,263.54001,263.55991,263.26999,263.29999,46951
2026-05-26 12:17,263.70999,263.70999,263.52499,263.535,40991
2026-05-26 12:18,263.80499,263.89999,263.64011,263.70001,47419
2026-05-26 12:19,263.82001,263.85999,263.76001,263.76001,28600
2026-05-26 12:20,263.60501,263.80499,263.56,263.80499,48190
2026-05-26 12:21,263.56879,263.66,263.54999,263.60501,27868
2026-05-26 12:22,263.69,263.72,263.55499,263.55499,42246
2026-05-26 12:23,263.64999,263.69,263.62,263.66501,31489
2026-05-26 12:24,263.64999,263.66,263.59,263.66,48183
2026-05-26 12:25,263.76501,263.76501,263.60999,263.64999,37345
2026-05-26 12:26,263.95999,263.98999,263.76901,263.76999,66728
2026-05-26 12:27,263.89001,263.98001,263.88019,263.95999,31155
2026-05-26 12:28,263.97501,263.98999,263.87,263.88,35264
2026-05-26 12:29,264.06,264.07001,263.94,263.98001,73032
2026-05-26 12:30,264.10999,264.13,264.01001,264.07001,52838
2026-05-26 12:31,264.0,264.08499,263.94501,264.08499,58536
2026-05-26 12:32,264.22,264.22501,264.0148,264.0148,49276
2026-05-26 12:33,264.09,264.23999,264.07999,264.22,36061
2026-05-26 12:34,264.12,264.14001,264.04999,264.10501,48944
2026-05-26 12:35,264.11499,264.185,264.04501,264.14001,56117
2026-05-26 12:36,264.09,264.25,264.04999,264.11749,52507
2026-05-26 12:37,264.01001,264.11499,263.95001,264.10001,50133
2026-05-26 12:38,264.03,264.06,263.92999,264.01001,51231
2026-05-26 12:39,263.92999,264.0899,263.92999,264.01999,30383
2026-05-26 12:40,263.88,263.95001,263.82001,263.91501,36029
2026-05-26 12:41,263.73001,263.85999,263.64999,263.85999,44751
2026-05-26 12:42,263.66501,263.72,263.60001,263.72,34208
2026-05-26 12:43,263.78,263.78,263.62,263.67001,48993
2026-05-26 12:44,263.64499,263.85001,263.63501,263.785,47817
2026-05-26 12:45,263.64999,263.73999,263.60001,263.64999,42885
2026-05-26 12:46,263.62,263.67001,263.565,263.63,33859
2026-05-26 12:47,263.56,263.6799,263.56,263.64999,29460
2026-05-26 12:48,263.56,263.61499,263.51999,263.56,39370
2026-05-26 12:49,263.595,263.64999,263.56,263.56,43905
2026-05-26 12:50,263.715,263.73999,263.54001,263.59,52927
2026-05-26 12:51,263.5,263.75,263.34,263.73001,159448
2026-05-26 12:52,263.595,263.63,263.51999,263.51999,37782
2026-05-26 12:53,263.44,263.60379,263.42001,263.57001,39540
2026-05-26 12:54,263.57999,263.57999,263.45001,263.45801,45034
2026-05-26 12:55,263.45941,263.60001,263.39999,263.565,34507
2026-05-26 12:56,263.45999,263.53,263.37,263.47,37457
2026-05-26 12:57,263.29001,263.48499,263.28,263.47,42148
2026-05-26 12:58,263.35501,263.4299,263.28,263.34,37804
2026-05-26 12:59,263.03,263.42999,263.03,263.35999,85333
2026-05-26 13:00,263.06,263.10001,262.88,263.03,150038
2026-05-26 13:01,263.07001,263.12,263.035,263.05499,44324
2026-05-26 13:02,262.97,263.10001,262.91,263.06,46193
2026-05-26 13:03,262.89001,263.06,262.88,262.97,51418
2026-05-26 13:04,262.81561,262.85999,262.64999,262.8501,94589
2026-05-26 13:05,262.78,262.87,262.76001,262.81,58337
2026-05-26 13:06,262.76999,262.81,262.5,262.79999,219696
2026-05-26 13:07,262.85001,262.97,262.73499,262.78,63482
2026-05-26 13:08,262.88501,262.92999,262.82999,262.85001,34848
2026-05-26 13:09,262.755,262.89569,262.7301,262.88501,41113
2026-05-26 13:10,262.73999,262.79001,262.67999,262.76001,39044
2026-05-26 13:11,262.715,262.76999,262.64001,262.745,39147
2026-05-26 13:12,262.57001,262.79001,262.57001,262.70499,34844
2026-05-26 13:13,262.55499,262.67291,262.39001,262.57999,88032
2026-05-26 13:14,262.4501,262.54001,262.41,262.54001,55603
2026-05-26 13:15,262.42001,262.48999,262.41,262.4559,52874
2026-05-26 13:16,262.29999,262.43991,262.26001,262.42001,60917
2026-05-26 13:17,262.17999,262.37,262.16,262.285,82548
2026-05-26 13:18,262.38,262.38,262.155,262.17999,75756
2026-05-26 13:19,262.26001,262.42001,262.23001,262.37991,78729
2026-05-26 13:20,262.31,262.31989,262.12,262.25,64600
2026-05-26 13:21,262.26001,262.34,262.25,262.31149,50386
2026-05-26 13:22,262.34,262.35001,262.17999,262.25,49403
2026-05-26 13:23,262.23999,262.42001,262.23001,262.34021,64953
2026-05-26 13:24,262.23999,262.28,262.07001,262.23001,87844
2026-05-26 13:25,262.28,262.30499,262.19501,262.26001,43478
2026-05-26 13:26,262.28,262.38501,262.26999,262.29001,52689
2026-05-26 13:27,262.29001,262.42999,262.26999,262.26999,46878
2026-05-26 13:28,262.20999,262.29999,262.10999,262.29501,66981
2026-05-26 13:29,262.28,262.29999,262.14001,262.20001,67907
2026-05-26 13:30,262.20001,262.28781,262.17389,262.26999,41660
2026-05-26 13:31,262.29999,262.31451,262.16501,262.20999,54755
2026-05-26 13:32,262.5,262.5,262.25,262.29001,55933
2026-05-26 13:33,262.54001,262.59,262.45999,262.5,57528
2026-05-26 13:34,262.62,262.66,262.53,262.53299,57271
2026-05-26 13:35,262.60999,262.67999,262.57999,262.60999,39582
2026-05-26 13:36,262.63,262.66,262.51999,262.595,50735
2026-05-26 13:37,262.63,262.63501,262.57001,262.63,29370
2026-05-26 13:38,262.6199,262.68909,262.60001,262.61499,40055
2026-05-26 13:39,262.37,262.63,262.37,262.62,51394
2026-05-26 13:40,262.32001,262.405,262.32001,262.35999,54972
2026-05-26 13:41,262.35001,262.39999,262.31,262.32501,31302
2026-05-26 13:42,262.47,262.53,262.35001,262.35001,39667
2026-05-26 13:43,262.41501,262.47,262.35999,262.45999,29685
2026-05-26 13:44,262.41989,262.48001,262.35629,262.41501,37466
2026-05-26 13:45,262.38,262.4263,262.37,262.42001,31635
2026-05-26 13:46,262.27969,262.38989,262.23499,262.38989,48718
2026-05-26 13:47,262.28009,262.31,262.2019,262.27499,42745
2026-05-26 13:48,262.29001,262.32001,262.26001,262.285,32690
2026-05-26 13:49,262.315,262.41,262.29001,262.2901,50860
2026-05-26 13:50,262.29501,262.3399,262.28,262.32001,45220
2026-05-26 13:51,262.53,262.62,262.29501,262.29501,54571
2026-05-26 13:52,262.42001,262.54999,262.36499,262.51999,56071
2026-05-26 13:53,262.57001,262.64999,262.39999,262.39999,42980
2026-05-26 13:54,262.47,262.57001,262.47,262.54999,25979
2026-05-26 13:55,262.45001,262.5,262.41159,262.45999,27274
2026-05-26 13:56,262.49399,262.56989,262.42001,262.45001,67649
2026-05-26 13:57,262.54999,262.54999,262.45001,262.47,34479
2026-05-26 13:58,262.69501,262.75,262.54999,262.54999,68372
2026-05-26 13:59,262.63501,262.7247,262.57999,262.70999,44491
2026-05-26 14:00,262.62,262.73999,262.55499,262.64001,35418
2026-05-26 14:01,262.64001,262.64499,262.56311,262.60999,32073
2026-05-26 14:02,262.64499,262.67001,262.60999,262.62,32391
2026-05-26 14:03,262.62,262.69,262.55011,262.64499,29764
2026-05-26 14:04,262.67929,262.69,262.60001,262.62991,38358
2026-05-26 14:05,262.64001,262.76001,262.62,262.67999,31135
2026-05-26 14:06,262.63,262.67999,262.59,262.64999,34343
2026-05-26 14:07,262.69,262.69,262.53,262.64999,33792
2026-05-26 14:08,262.875,262.89999,262.69,262.70499,59143
2026-05-26 14:09,262.92001,262.92001,262.80371,262.86111,55158
2026-05-26 14:10,263.13501,263.14001,262.89001,262.95001,78907
2026-05-26 14:11,263.16501,263.17999,263.04001,263.14999,48828
2026-05-26 14:12,263.19,263.25,263.13,263.16501,73798
2026-05-26 14:13,263.2699,263.2699,263.13,263.185,45544
2026-05-26 14:14,263.28009,263.3255,263.23999,263.26001,52579
2026-05-26 14:15,263.34,263.38989,263.29001,263.29001,51995
2026-05-26 14:16,263.22,263.39001,263.20999,263.345,45704
2026-05-26 14:17,263.04999,263.2099,262.95999,263.20001,126895
2026-05-26 14:18,262.96399,263.10999,262.96399,263.05499,52089
2026-05-26 14:19,263.07169,263.0799,262.89001,262.94501,65944
2026-05-26 14:20,263.10001,263.13,263.03,263.07001,53049
2026-05-26 14:21,263.2301,263.2431,263.09009,263.10501,37494
2026-05-26 14:22,263.2709,263.31,263.20999,263.23999,39866
2026-05-26 14:23,263.27499,263.32999,263.25241,263.26999,39602
2026-05-26 14:24,263.23499,263.29001,263.20999,263.26001,38358
2026-05-26 14:25,263.29501,263.32999,263.215,263.23361,61312
2026-05-26 14:26,263.26999,263.32001,263.23001,263.32001,35627
2026-05-26 14:27,263.32001,263.32001,263.26999,263.28,37957
2026-05-26 14:28,263.20001,263.32999,263.19,263.32999,50926
2026-05-26 14:29,263.26501,263.37,263.14999,263.19,71435
2026-05-26 14:30,263.29001,263.38,263.20001,263.26001,80935
2026-05-26 14:31,263.28009,263.32669,263.2301,263.28,29808
2026-05-26 14:32,263.19501,263.29999,263.18011,263.29001,33710
2026-05-26 14:33,263.1893,263.22,263.16,263.17999,47396
2026-05-26 14:34,263.19989,263.25,263.185,263.19339,32514
2026-05-26 14:35,263.3024,263.375,263.13501,263.19,95301
2026-05-26 14:36,263.23001,263.29901,263.22,263.28009,42077
2026-05-26 14:37,263.25,263.29999,263.22,263.22021,38211
2026-05-26 14:38,263.26501,263.28,263.14999,263.23001,46224
2026-05-26 14:39,263.23999,263.27991,263.16,263.27991,32834
2026-05-26 14:40,263.10001,263.26999,263.10001,263.23999,36365
2026-05-26 14:41,263.2002,263.24991,263.09009,263.09009,41936
2026-05-26 14:42,262.96399,263.215,262.95999,263.20999,53323
2026-05-26 14:43,262.85001,262.98001,262.82999,262.97501,69017
2026-05-26 14:44,262.5499,262.88,262.51001,262.87811,88096
2026-05-26 14:45,262.81,262.84,262.51001,262.53,72109
2026-05-26 14:46,262.97989,262.98001,262.82001,262.82001,41106
2026-05-26 14:47,263.02509,263.035,262.89999,262.95999,43336
2026-05-26 14:48,262.98001,263.04001,262.95001,263.0206,31497
2026-05-26 14:49,262.95001,263.01999,262.9101,262.98001,36079
2026-05-26 14:50,262.94,262.97,262.92239,262.95001,36498
2026-05-26 14:51,263.07501,263.09,262.8801,262.92999,42358
2026-05-26 14:52,263.1601,263.20999,263.02499,263.07001,49294
2026-05-26 14:53,263.17499,263.23001,263.151,263.17999,43548
2026-05-26 14:54,263.245,263.25989,263.14001,263.16,46728
2026-05-26 14:55,263.1705,263.29999,263.17001,263.245,44145
2026-05-26 14:56,263.10001,263.22501,263.10001,263.17999,49544
2026-05-26 14:57,262.95999,263.10501,262.95999,263.10001,52877
2026-05-26 14:58,263.0,263.01999,262.94,262.965,45725
2026-05-26 14:59,262.92001,263.10001,262.92001,263.0,58328
2026-05-26 15:00,262.88,262.95999,262.85999,262.95001,49788
2026-05-26 15:01,262.875,262.89999,262.82999,262.88,38776
2026-05-26 15:02,263.0,263.0,262.8627,262.8627,41509
2026-05-26 15:03,263.0,263.01001,262.94,263.0,35945
2026-05-26 15:04,262.97,263.03,262.93991,263.0,53373
2026-05-26 15:05,262.98001,263.0,262.95999,262.98001,33553
2026-05-26 15:06,263.0,263.01001,262.90009,262.97501,66660
2026-05-26 15:07,262.94,262.98999,262.91,262.92499,11617
2026-05-26 15:08,262.94,263.03,262.92001,262.94,60863
2026-05-26 15:09,263.04501,263.12,262.92999,262.935,131300
2026-05-26 15:10,263.05499,263.07999,262.97,263.04999,46068
2026-05-26 15:11,263.16501,263.20001,263.04001,263.04001,43771
2026-05-26 15:12,263.14999,263.185,263.13,263.17001,43757
2026-05-26 15:13,263.04001,263.16,263.03009,263.14499,46308
2026-05-26 15:14,262.95001,263.04001,262.92999,263.03,52805
2026-05-26 15:15,262.97,263.07001,262.92999,262.95999,49090
2026-05-26 15:16,262.995,263.0,262.91,262.95999,41578
2026-05-26 15:17,263.01001,263.06,262.92999,263.02011,42717
2026-05-26 15:18,263.2851,263.32001,263.00009,263.01001,116090
2026-05-26 15:19,263.36499,263.38,263.25,263.28009,121038
2026-05-26 15:20,263.37,263.39999,263.31,263.37,39558
2026-05-26 15:21,263.42999,263.44,263.26001,263.37,57405
2026-05-26 15:22,263.64499,263.6799,263.42001,263.42999,61970
2026-05-26 15:23,263.72989,263.73499,263.59549,263.64499,76688
2026-05-26 15:24,263.85001,263.85001,263.60999,263.70999,65299
2026-05-26 15:25,263.7854,263.84,263.72,263.84,475884
2026-05-26 15:26,263.69,263.79721,263.67001,263.77499,48827
2026-05-26 15:27,264.04031,264.05499,263.66,263.69,116118
2026-05-26 15:28,264.25,264.28,264.0401,264.05499,112861
2026-05-26 15:29,264.26001,264.29999,264.17999,264.255,58895
2026-05-26 15:30,264.5,264.52109,264.23999,264.23999,84629
2026-05-26 15:31,264.53,264.53,264.44,264.5,96515
2026-05-26 15:32,264.56,264.56,264.46011,264.54001,61493
2026-05-26 15:33,264.57999,264.63,264.5,264.57001,56793
2026-05-26 15:34,264.69,264.72989,264.57999,264.57999,74094
2026-05-26 15:35,264.72501,264.73001,264.59,264.69,81536
2026-05-26 15:36,264.70001,264.85001,264.70001,264.73001,81555
2026-05-26 15:37,264.67499,264.70001,264.59009,264.685,75793
2026-05-26 15:38,264.64001,264.67499,264.53,264.67001,59935
2026-05-26 15:39,264.73499,264.75,264.57999,264.64499,74045
2026-05-26 15:40,264.73001,264.73999,264.64999,264.73001,83250
2026-05-26 15:41,264.75,264.79001,264.69049,264.73001,70189
2026-05-26 15:42,264.72,264.75,264.70001,264.73999,49917
2026-05-26 15:43,264.89001,264.91,264.70001,264.70999,85416
2026-05-26 15:44,264.85001,264.95999,264.79999,264.89499,82726
2026-05-26 15:45,264.89499,264.92001,264.79001,264.82999,91478
2026-05-26 15:46,264.935,264.995,264.89001,264.89001,94748
2026-05-26 15:47,264.92999,264.98999,264.92001,264.94,55513
2026-05-26 15:48,265.06,265.07999,264.92999,264.935,108017
2026-05-26 15:49,265.05011,265.07999,265.00009,265.07001,77145
2026-05-26 15:50,265.315,265.32999,265.07999,265.07999,172458
2026-05-26 15:51,265.25,265.45001,265.25,265.31,182698
2026-05-26 15:52,265.35001,265.35001,265.26001,265.26001,169843
2026-05-26 15:53,265.57001,265.60999,265.35001,265.35001,185002
2026-05-26 15:54,265.44501,265.73999,265.41501,265.59,232933
2026-05-26 15:55,265.47,265.66,265.35001,265.45001,190648
2026-05-26 15:56,265.405,265.5,265.32999,265.48001,225438
2026-05-26 15:57,265.36899,265.48001,265.35999,265.39999,197913
2026-05-26 15:58,265.29001,265.3721,265.25,265.36499,302977
2026-05-26 15:59,265.31,265.31,265.19,265.29001,622464
2026-05-27 09:30,267.70499,268.47,266.14999,266.14999,1872831
2026-05-27 09:31,267.35001,268.66,267.3201,267.646,271234
2026-05-27 09:32,266.655,267.85001,266.48001,267.38,189058
2026-05-27 09:33,266.1618,266.70001,266.01001,266.67001,153703
2026-05-27 09:34,266.14999,266.34,265.9111,266.20999,121951
2026-05-27 09:35,265.91,266.22,265.7001,266.17001,116638
2026-05-27 09:36,266.35501,266.4353,265.85999,265.91,112192
2026-05-27 09:37,266.95111,267.1799,266.31,266.36499,158510
2026-05-27 09:38,266.57001,267.13,266.39999,266.99091,194334
2026-05-27 09:39,266.72,266.77011,266.38,266.57001,125634
2026-05-27 09:40,266.29001,266.89001,266.26999,266.70999,129979
2026-05-27 09:41,266.97501,267.07999,266.22,266.29001,135925
2026-05-27 09:42,266.77499,267.28,266.67999,267.07999,142204
2026-05-27 09:43,266.185,266.77499,266.022,266.77499,150707
2026-05-27 09:44,266.72,266.87,266.17999,266.17999,247847
2026-05-27 09:45,267.07999,267.10999,266.59,266.72,186191
2026-05-27 09:46,266.85001,267.39001,266.82501,267.10001,146045
2026-05-27 09:47,267.80011,267.82999,266.84009,266.86011,192449
2026-05-27 09:48,267.84,268.01999,267.52499,267.82999,163409
2026-05-27 09:49,268.375,268.53,267.82001,267.84009,133703
2026-05-27 09:50,268.0701,268.82001,267.91501,268.42001,161487
2026-05-27 09:51,268.08499,268.22,267.85999,268.10999,111605
2026-05-27 09:52,267.3201,268.09799,267.32001,268.07001,107680
2026-05-27 09:53,267.41,267.44,267.10999,267.35001,77985
2026-05-27 09:54,267.72,267.75,267.38,267.44,105133
2026-05-27 09:55,268.09991,268.10999,267.51501,267.70499,93824
2026-05-27 09:56,267.78,268.14999,267.76001,268.06451,105134
2026-05-27 09:57,267.95001,268.12,267.72,267.75,80812
2026-05-27 09:58,267.96991,268.09,267.70001,267.92499,89555
2026-05-27 09:59,268.22,268.29999,267.70999,267.92001,139061
2026-05-27 10:00,268.44,268.51001,268.04999,268.20999,110600
2026-05-27 10:01,268.98499,268.98999,268.42999,268.465,133774
2026-05-27 10:02,269.34,269.60001,268.97021,268.98499,268539
2026-05-27 10:03,269.54999,269.59991,269.07999,269.41,144688
2026-05-27 10:04,270.04501,270.09,269.53,269.565,468897
2026-05-27 10:05,270.035,270.23999,269.88501,270.04999,244219
2026-05-27 10:06,270.04999,270.23001,269.64111,270.02011,232171
2026-05-27 10:07,269.44,270.1499,269.41,270.065,138715
2026-05-27 10:08,269.35999,269.60999,269.23001,269.41,122356
2026-05-27 10:09,269.1799,269.57001,269.10999,269.36911,135622
2026-05-27 10:10,269.53989,269.60001,268.89999,269.16,144315
2026-05-27 10:11,269.61499,269.72,269.41,269.59,75839
2026-05-27 10:12,269.45999,269.69501,269.1825,269.61499,71132
2026-05-27 10:13,269.47571,269.62,269.1517,269.42001,77730
2026-05-27 10:14,269.56,269.62,269.29999,269.48001,92790
2026-05-27 10:15,269.29999,269.92999,269.26999,269.60501,110990
2026-05-27 10:16,270.17999,270.19,269.26999,269.26999,154680
2026-05-27 10:17,270.37,270.4299,270.08499,270.17999,156930
2026-05-27 10:18,270.24991,270.38,269.85999,270.35999,96998
2026-05-27 10:19,270.435,270.5,270.23001,270.23999,124678
2026-05-27 10:20,270.05688,270.66,270.03,270.48001,101306
2026-05-27 10:21,270.2709,270.32001,270.07999,270.07999,79310
2026-05-27 10:22,270.04001,270.34,269.82999,270.31,147018
2026-05-27 10:23,269.76001,270.07001,269.54001,270.00009,121363
2026-05-27 10:24,269.31,269.84921,269.20001,269.79001,106508
2026-05-27 10:25,269.255,269.45001,269.12,269.32001,95000
2026-05-27 10:26,269.51999,269.63,269.20999,269.26001,119700
2026-05-27 10:27,269.63,269.77991,269.39999,269.53,82011
2026-05-27 10:28,269.70999,269.85001,269.61499,269.61499,80205
2026-05-27 10:29,269.89001,270.0,269.67001,269.69,108140
2026-05-27 10:30,269.76001,270.09991,269.76001,269.86499,105870
2026-05-27 10:31,270.28,270.39999,269.76001,269.76001,87626
2026-05-27 10:32,269.70001,270.29999,269.70001,270.29001,94903
2026-05-27 10:33,269.57501,269.97,269.32001,269.72,103053
2026-05-27 10:34,269.98001,270.03,269.58499,269.58499,60622
2026-05-27 10:35,269.755,270.04001,269.755,269.98499,59719
2026-05-27 10:36,269.57999,269.79001,269.38,269.72,91233
2026-05-27 10:37,269.85001,269.91989,269.29999,269.56,92153
2026-05-27 10:38,270.02109,270.065,269.88,269.88,53459
2026-05-27 10:39,270.0,270.10001,269.935,270.0499,156882
2026-05-27 10:40,270.12,270.12,269.95999,270.0,54388
2026-05-27 10:41,270.14999,270.20999,269.97,270.12,74789
2026-05-27 10:42,269.92999,270.20001,269.92001,270.155,49552
2026-05-27 10:43,270.45511,270.45511,269.89001,269.93921,74626
2026-05-27 10:44,270.4263,270.62,270.35001,270.48001,158122
2026-05-27 10:45,270.54501,270.61801,270.4119,270.45999,70145
2026-05-27 10:46,270.60001,270.60001,270.44,270.51001,52607
2026-05-27 10:47,270.67001,270.73001,270.54999,270.61011,83106
2026-05-27 10:48,270.42001,270.70001,270.37,270.68961,60237
2026-05-27 10:49,270.29001,270.45001,270.20001,270.39001,60704
2026-05-27 10:50,270.23001,270.33499,270.19,270.29001,51609
2026-05-27 10:51,269.78,270.23999,269.73001,270.2384,108088
2026-05-27 10:52,270.04001,270.07999,269.75,269.7688,66367
2026-05-27 10:53,270.065,270.10999,269.94,270.04001,45308
2026-05-27 10:54,270.14001,270.18259,270.0,270.09,49596
2026-05-27 10:55,269.92999,270.14999,269.88,270.14001,49947
2026-05-27 10:56,269.99991,270.12,269.85999,269.95999,51240
2026-05-27 10:57,269.92001,270.10999,269.89151,269.97,48806
2026-05-27 10:58,270.06,270.09,269.78009,269.92001,68149
2026-05-27 10:59,270.17001,270.20001,270.0,270.04999,62814
2026-05-27 11:00,270.41,270.47,270.12,270.19,109154
2026-05-27 11:01,270.70001,270.73001,270.41,270.41,94269
2026-05-27 11:02,270.86539,270.88,270.58011,270.70999,98343
2026-05-27 11:03,271.04001,271.17001,270.76999,270.86679,179809
2026-05-27 11:04,271.10999,271.17001,270.95001,271.04001,131271
2026-05-27 11:05,270.8656,271.19,270.79999,271.073,80654
2026-05-27 11:06,270.77499,270.97,270.73001,270.875,73159
2026-05-27 11:07,270.66,270.88,270.60001,270.73001,73262
2026-05-27 11:08,270.68961,270.87,270.608,270.67001,54312
2026-05-27 11:09,270.76501,270.78,270.62,270.67999,32598
2026-05-27 11:10,270.92999,270.94989,270.57001,270.79999,93482
2026-05-27 11:11,271.13,271.13,270.92001,270.92499,77293
2026-05-27 11:12,271.04001,271.14001,271.01001,271.14001,52194
2026-05-27 11:13,270.92001,271.13,270.92001,271.03,70901
2026-05-27 11:14,270.88,271.04001,270.82999,270.92001,43665
2026-05-27 11:15,270.85501,270.89999,270.73001,270.87,50215
2026-05-27 11:16,271.12,271.12,270.81,270.85001,70741
2026-05-27 11:17,271.155,271.42999,271.12,271.12,153400
2026-05-27 11:18,271.38,271.39999,271.01999,271.14001,91814
2026-05-27 11:19,270.95999,271.3999,270.91861,271.384,72224
2026-05-27 11:20,270.91501,271.01999,270.80011,270.98001,79559
2026-05-27 11:21,271.07999,271.25,270.82999,270.95001,168692
2026-05-27 11:22,271.21011,271.29001,271.07999,271.09,92948
2026-05-27 11:23,271.1199,271.29001,271.09,271.20081,74206
2026-05-27 11:24,271.28009,271.35001,271.09,271.10001,83535
2026-05-27 11:25,271.17001,271.44,271.17001,271.28,104321
2026-05-27 11:26,270.91,271.17999,270.84,271.17999,105165
2026-05-27 11:27,270.97501,271.03,270.82999,270.89001,58353
2026-05-27 11:28,271.215,271.23999,270.96011,270.96011,138436
2026-05-27 11:29,271.04999,271.32999,271.02399,271.20999,47291
2026-05-27 11:30,271.01001,271.12,270.89001,271.07999,63982
2026-05-27 11:31,270.85501,271.07999,270.84,270.98999,63957
2026-05-27 11:32,270.95599,271.0,270.82999,270.87,41572
2026-05-27 11:33,270.76001,270.97,270.60001,270.97,70307
2026-05-27 11:34,270.76401,270.78989,270.67001,270.745,49532
2026-05-27 11:35,270.76001,271.0799,270.73999,270.745,78100
2026-05-27 11:36,270.89001,270.91,270.73999,270.76999,41480
2026-05-27 11:37,270.9201,270.94,270.755,270.93991,63536
2026-05-27 11:38,270.77301,270.98999,270.76001,270.95001,47890
2026-05-27 11:39,270.87,270.88501,270.70999,270.81989,37156
2026-05-27 11:40,270.92999,271.10001,270.82999,270.88,68717
2026-05-27 11:41,270.79001,270.95499,270.72,270.94989,51718
2026-05-27 11:42,270.60999,270.89999,270.59,270.79501,56007
2026-05-27 11:43,270.59561,270.63,270.35999,270.59,69767
2026-05-27 11:44,270.33499,270.60999,270.29999,270.60001,51807
2026-05-27 11:45,270.31,270.56,270.29001,270.34,39641
2026-05-27 11:46,270.29001,270.35999,270.19,270.32001,42026
2026-05-27 11:47,270.54999,270.56,270.26999,270.285,71765
2026-05-27 11:48,270.52499,270.53619,270.35001,270.53619,42052
2026-05-27 11:49,270.70001,270.79001,270.45999,270.5,56501
2026-05-27 11:50,270.79999,270.85999,270.67001,270.70001,50007
2026-05-27 11:51,270.67999,270.82001,270.62,270.80499,36875
2026-05-27 11:52,270.80011,270.85989,270.60999,270.66,40234
2026-05-27 11:53,270.89999,270.98001,270.76999,270.79001,39698
2026-05-27 11:54,270.82999,270.98001,270.73001,270.91,47127
2026-05-27 11:55,270.31,270.88,270.31,270.84,51646
2026-05-27 11:56,270.25,270.51001,270.23001,270.34,42735
2026-05-27 11:57,269.965,270.34,269.965,270.26999,87231
2026-05-27 11:58,270.04999,270.13,269.92001,269.95999,27427
2026-05-27 11:59,269.88989,270.04999,269.88501,270.04999,38189
2026-05-27 12:00,269.88,269.91,269.76999,269.89001,50569
2026-05-27 12:01,269.78,269.95999,269.76501,269.89999,48807
2026-05-27 12:02,269.88,269.965,269.70999,269.76999,46790
2026-05-27 12:03,269.48999,269.98999,269.48999,269.89999,64379
2026-05-27 12:04,269.6199,269.81,269.53,269.57999,32278
2026-05-27 12:05,269.625,269.655,269.57001,269.60999,147004
2026-05-27 12:06,269.78,269.79001,269.60001,269.625,24053
2026-05-27 12:07,269.70001,269.9299,269.67999,269.78,35766
2026-05-27 12:08,269.70511,269.755,269.5101,269.70499,33455
2026-05-27 12:09,269.79501,269.82999,269.57001,269.745,27302
2026-05-27 12:10,269.6619,270.04001,269.64001,269.85001,99076
2026-05-27 12:11,269.54999,269.6799,269.54999,269.66501,40935
2026-05-27 12:12,269.51999,269.70999,269.50009,269.57999,40890
2026-05-27 12:13,269.36499,269.52499,269.32001,269.52499,47006
2026-05-27 12:14,269.35999,269.47989,269.35999,269.36499,36736
2026-05-27 12:15,269.53,269.53,269.35999,269.36499,37747
2026-05-27 12:16,269.47,269.54999,269.42999,269.53,39467
2026-05-27 12:17,269.27499,269.47,269.255,269.47,37967
2026-05-27 12:18,269.215,269.39001,269.17999,269.28439,25975
2026-05-27 12:19,269.11499,269.29001,269.10199,269.23001,33559
2026-05-27 12:20,269.26001,269.32999,269.10001,269.10999,47567
2026-05-27 12:21,269.64999,269.67999,269.25,269.25,54749
2026-05-27 12:22,269.72,269.74921,269.60999,269.66501,47007
2026-05-27 12:23,269.755,269.81,269.67001,269.72,49510
2026-05-27 12:24,269.61499,269.785,269.60999,269.755,41587
2026-05-27 12:25,269.405,269.61499,269.3501,269.61499,33641
2026-05-27 12:26,269.38,269.43991,269.32001,269.405,30272
2026-05-27 12:27,270.05499,270.32999,269.38019,269.38019,179020
2026-05-27 12:28,270.48001,270.77499,269.95001,270.05499,219058
2026-05-27 12:29,271.01999,271.16,270.435,270.44501,165343
2026-05-27 12:30,271.45999,271.45999,270.89001,271.01999,126685
2026-05-27 12:31,271.64999,271.71509,271.42001,271.47,138079
2026-05-27 12:32,271.35999,271.63,271.17999,271.63,132458
2026-05-27 12:33,271.53,271.64999,271.35001,271.37,65623
2026-05-27 12:34,271.64001,271.76999,271.50571,271.55499,99165
2026-05-27 12:35,271.89999,271.91,271.3801,271.59,128087
2026-05-27 12:36,271.67001,271.89499,271.64001,271.875,78540
2026-05-27 12:37,272.06,272.17999,271.67001,271.685,208988
2026-05-27 12:38,272.10999,272.13,271.94,272.065,93729
2026-05-27 12:39,272.09,272.41,272.04001,272.11499,143442
2026-05-27 12:40,272.04501,272.13,271.92999,272.10501,101333
2026-05-27 12:41,271.89999,272.07999,271.75,272.06,93882
2026-05-27 12:42,271.98999,272.10999,271.87329,271.89999,55519
2026-05-27 12:43,272.19501,272.23001,271.84091,272.056,74833
2026-05-27 12:44,272.06,272.22,271.81799,272.20001,73515
2026-05-27 12:45,272.04001,272.14999,271.90009,272.04501,75127
2026-05-27 12:46,271.84509,271.95001,271.63501,271.92001,83628
2026-05-27 12:47,271.70999,271.88,271.66,271.85999,48345
2026-05-27 12:48,271.79999,272.0,271.72501,271.73001,64058
2026-05-27 12:49,271.97501,272.17999,271.82999,271.82999,104241
2026-05-27 12:50,272.10999,272.16,271.95001,271.97501,74984
2026-05-27 12:51,271.89001,272.10999,271.79999,272.10999,50523
2026-05-27 12:52,272.09,272.14999,271.76999,271.89499,61280
2026-05-27 12:53,271.67001,272.07501,271.64999,272.07501,55344
2026-05-27 12:54,271.405,271.67999,271.37,271.67001,43047
2026-05-27 12:55,271.39001,271.508,271.29001,271.42499,40901
2026-05-27 12:56,271.10001,271.39999,271.09,271.39301,41330
2026-05-27 12:57,271.17999,271.22501,271.06,271.125,55156
2026-05-27 12:58,271.26999,271.28,271.16,271.19,42038
2026-05-27 12:59,271.34,271.41989,271.2001,271.26001,45445
2026-05-27 13:00,271.30499,271.38,271.25,271.33011,59457
2026-05-27 13:01,271.23001,271.32999,271.20001,271.31,59983
2026-05-27 13:02,271.29001,271.39499,271.23001,271.23001,39985
2026-05-27 13:03,271.375,271.375,271.23999,271.31,35904
2026-05-27 13:04,271.32001,271.38,271.2522,271.3696,42649
2026-05-27 13:05,271.39001,271.45999,271.31,271.31,49215
2026-05-27 13:06,271.10001,271.42999,271.07999,271.39001,68160
2026-05-27 13:07,271.08511,271.12,271.02011,271.10251,32736
2026-05-27 13:08,270.85501,271.12,270.85501,271.09,57004
2026-05-27 13:09,270.5,270.96991,270.5,270.85001,90584
2026-05-27 13:10,270.67001,270.72,270.504,270.504,68825
2026-05-27 13:11,270.37991,270.64499,270.35001,270.64001,61377
2026-05-27 13:12,270.51001,270.57001,270.37,270.39001,39481
2026-05-27 13:13,270.45001,270.51999,270.45001,270.5,26429
2026-05-27 13:14,270.53,270.53,270.42001,270.44,60698
2026-05-27 13:15,270.79999,270.815,270.505,270.51999,101305
2026-05-27 13:16,270.7601,270.89999,270.72,270.75,54552
2026-05-27 13:17,270.84,270.84,270.75,270.78,33993
2026-05-27 13:18,270.85001,270.85001,270.75,270.82001,28178
2026-05-27 13:19,270.82001,270.84009,270.67999,270.83499,22627
2026-05-27 13:20,271.04999,271.06,270.76999,270.82001,91551
2026-05-27 13:21,270.89499,271.07501,270.87,271.04001,41506
2026-05-27 13:22,270.82001,270.9794,270.82001,270.89291,26736
2026-05-27 13:23,270.655,270.84,270.63,270.81,44425
2026-05-27 13:24,270.66,270.75,270.60999,270.66,34663
2026-05-27 13:25,270.625,270.66,270.565,270.64001,29823
2026-05-27 13:26,270.6813,270.70499,270.63,270.64999,28637
2026-05-27 13:27,270.47,270.75,270.44,270.70999,48831
2026-05-27 13:28,270.51999,270.51999,270.44,270.44,22106
2026-05-27 13:29,270.48001,270.57999,270.45001,270.52011,27390
2026-05-27 13:30,270.56,270.56,270.39999,270.44,33498
2026-05-27 13:31,270.67999,270.70001,270.51001,270.5101,39942
2026-05-27 13:32,270.65009,270.76501,270.64001,270.67999,40987
2026-05-27 13:33,270.54001,270.64001,270.39999,270.625,67623
2026-05-27 13:34,270.51999,270.61899,270.51001,270.54501,35678
2026-05-27 13:35,270.57501,270.60999,270.44,270.5105,58558
2026-05-27 13:36,270.60999,270.66,270.48999,270.54999,71108
2026-05-27 13:37,270.59,270.66,270.54001,270.63,62375
2026-05-27 13:38,270.76999,270.785,270.53,270.54999,26063
2026-05-27 13:39,270.58499,270.858,270.54999,270.78,62129
2026-05-27 13:40,270.505,270.6499,270.48001,270.59,73924
2026-05-27 13:41,270.45499,270.54999,270.42001,270.505,63074
2026-05-27 13:42,270.20001,270.47,270.20001,270.44,81942
2026-05-27 13:43,270.10999,270.25,270.09,270.19,80123
2026-05-27 13:44,269.98019,270.16,269.86499,270.14001,91276
2026-05-27 13:45,269.85999,270.04999,269.85999,269.98001,44945
2026-05-27 13:46,269.97,269.97,269.7681,269.89001,41704
2026-05-27 13:47,269.94,269.98001,269.87,269.98001,26571
2026-05-27 13:48,269.76501,269.92001,269.75,269.92001,32961
2026-05-27 13:49,269.81989,269.82001,269.625,269.76001,46329
2026-05-27 13:50,269.70999,269.81,269.69,269.81,31309
2026-05-27 13:51,269.745,269.79999,269.69,269.72,54427
2026-05-27 13:52,269.75009,269.79999,269.70999,269.73801,35940
2026-05-27 13:53,269.82001,269.82999,269.651,269.76999,55581
2026-05-27 13:54,269.89999,269.91,269.72,269.72,53427
2026-05-27 13:55,269.84,270.0,269.84,269.89001,57028
2026-05-27 13:56,269.94,269.98001,269.81,269.82251,52845
2026-05-27 13:57,269.93561,269.95499,269.87,269.935,34322
2026-05-27 13:58,269.88,269.98001,269.85141,269.94,25747
2026-05-27 13:59,269.83679,269.89499,269.79999,269.86151,25489
2026-05-27 14:00,269.79999,269.88,269.75,269.85001,37661
2026-05-27 14:01,269.87,269.89999,269.78,269.78,49247
2026-05-27 14:02,269.88,269.935,269.8501,269.86899,25856
2026-05-27 14:03,269.79001,269.97501,269.76999,269.89999,35407
2026-05-27 14:04,269.73499,269.82501,269.67499,269.78,34833
2026-05-27 14:05,269.75,269.82001,269.67999,269.72,82491
2026-05-27 14:06,269.78,269.81,269.70999,269.75,46735
2026-05-27 14:07,269.82501,270.0,269.77301,269.78,77274
2026-05-27 14:08,269.82999,269.85001,269.74649,269.76001,41747
2026-05-27 14:09,269.8717,269.92999,269.78,269.82001,30466
2026-05-27 14:10,269.91,269.95001,269.8602,269.8999,37861
2026-05-27 14:11,270.125,270.22,269.89999,269.91,92591
2026-05-27 14:12,270.10001,270.20999,270.01001,270.12,98404
2026-05-27 14:13,269.92999,270.12,269.88,270.07999,42082
2026-05-27 14:14,269.9899,270.0,269.92001,269.94501,33217
2026-05-27 14:15,269.94,269.98999,269.84,269.98001,27558
2026-05-27 14:16,269.94,270.04501,269.92499,269.95001,33418
2026-05-27 14:17,269.965,269.98999,269.9147,269.92999,26251
2026-05-27 14:18,269.97501,270.04001,269.92249,269.965,34734
2026-05-27 14:19,270.02499,270.04001,269.95001,269.98001,44715
2026-05-27 14:20,270.17499,270.20001,270.01001,270.01001,79766
2026-05-27 14:21,270.39001,270.41,270.19,270.19,79617
2026-05-27 14:22,270.39001,270.45001,270.33011,270.39001,50704
2026-05-27 14:23,269.98001,270.45999,269.97,270.38501,104079
2026-05-27 14:24,270.12,270.155,269.98999,270.0,96678
2026-05-27 14:25,270.11099,270.16,270.07501,270.10999,35054
2026-05-27 14:26,270.14999,270.19501,270.07001,270.10999,30577
2026-05-27 14:27,270.16501,270.20001,270.13,270.14999,38450
2026-05-27 14:28,270.02011,270.15991,270.01501,270.155,32191
2026-05-27 14:29,269.95001,270.06,269.89999,270.01501,32729
2026-05-27 14:30,270.10999,270.14001,269.95499,269.95999,60947
2026-05-27 14:31,269.87,270.11499,269.76999,270.11499,70453
2026-05-27 14:32,269.70001,269.85999,269.57001,269.85001,43844
2026-05-27 14:33,269.76001,269.85999,269.67499,269.7099,43793
2026-05-27 14:34,269.76511,269.7991,269.70001,269.76999,28840
2026-05-27 14:35,269.57001,269.77499,269.565,269.76999,50465
2026-05-27 14:36,269.29501,269.60001,269.26001,269.57999,71705
2026-05-27 14:37,269.22,269.30991,269.17001,269.29501,45116
2026-05-27 14:38,269.32999,269.52499,269.22501,269.22501,51708
2026-05-27 14:39,269.6268,269.62991,269.29999,269.315,39967
2026-05-27 14:40,269.655,269.655,269.53,269.60999,38058
2026-05-27 14:41,269.67001,269.67999,269.57999,269.65991,41035
2026-05-27 14:42,269.81,269.85999,269.66501,269.67001,52673
2026-05-27 14:43,269.89999,269.89999,269.81,269.83499,28578
2026-05-27 14:44,270.16,270.18991,269.91422,269.92001,41433
2026-05-27 14:45,270.17001,270.215,270.12009,270.16,35076
2026-05-27 14:46,270.1701,270.22,270.16,270.17001,31410
2026-05-27 14:47,270.39999,270.39999,270.17001,270.17001,35107
2026-05-27 14:48,270.47,270.47,270.32001,270.42001,39254
2026-05-27 14:49,270.27499,270.47,270.19,270.47,64940
2026-05-27 14:50,270.53,270.53,270.2601,270.26501,47266
2026-05-27 14:51,270.57999,270.62,270.44,270.54001,48039
2026-05-27 14:52,270.745,270.78,270.58511,270.58511,46044
2026-05-27 14:53,270.58401,270.73999,270.5,270.73999,40993
2026-05-27 14:54,270.67001,270.67001,270.57501,270.59,23398
2026-05-27 14:55,270.79999,270.79999,270.64001,270.67001,43150
2026-05-27 14:56,270.73001,270.83951,270.73001,270.79999,43037
2026-05-27 14:57,270.7128,270.73001,270.59,270.73001,42737
2026-05-27 14:58,270.8696,270.8696,270.73001,270.73001,56117
2026-05-27 14:59,271.04001,271.05499,270.85501,270.85501,62668
2026-05-27 15:00,270.95001,271.16,270.95001,271.04501,64507
2026-05-27 15:01,271.12,271.125,270.92999,270.95999,45107
2026-05-27 15:02,271.22,271.27991,271.13,271.13,44809
2026-05-27 15:03,271.44501,271.47,271.22,271.22,55463
2026-05-27 15:04,271.60999,271.70001,271.39001,271.42999,89589
2026-05-27 15:05,271.35999,271.69,271.34,271.63,80905
2026-05-27 15:06,271.26999,271.39999,271.22,271.35999,52943
2026-05-27 15:07,271.26501,271.32501,271.19501,271.26999,60144
2026-05-27 15:08,271.1601,271.36499,271.15509,271.29999,39442
2026-05-27 15:09,271.2782,271.34,271.14999,271.16,62947
2026-05-27 15:10,271.19,271.35999,271.16599,271.25,56256
2026-05-27 15:11,271.07999,271.23001,271.07999,271.17001,51138
2026-05-27 15:12,271.07001,271.14999,271.03,271.05899,57049
2026-05-27 15:13,271.12,271.16,271.03009,271.06,39566
2026-05-27 15:14,271.20999,271.21991,270.95999,271.095,40294
2026-05-27 15:15,271.14001,271.22501,271.14001,271.21011,45612
2026-05-27 15:16,271.07001,271.17499,271.065,271.14001,50638
2026-05-27 15:17,270.95999,271.16,270.95999,271.07001,36391
2026-05-27 15:18,271.26999,271.54999,270.95001,270.95999,166428
2026-05-27 15:19,271.23999,271.36499,271.22,271.25,79367
2026-05-27 15:20,271.17001,271.32999,271.14001,271.23999,48499
2026-05-27 15:21,271.03,271.16,271.0,271.16,49734
2026-05-27 15:22,270.98001,271.1489,270.965,271.07999,38214
2026-05-27 15:23,270.96011,271.0,270.84,270.965,70101
2026-05-27 15:24,270.91,270.98999,270.89999,270.97501,40191
2026-05-27 15:25,270.81,270.98001,270.81,270.92001,55116
2026-05-27 15:26,270.95001,270.95001,270.73999,270.82999,50165
2026-05-27 15:27,270.95999,271.0,270.89001,270.94,63486
2026-05-27 15:28,271.04999,271.10001,270.95001,270.95001,63298
2026-05-27 15:29,271.31,271.31,271.021,271.04999,58795
2026-05-27 15:30,271.30991,271.35999,271.17349,271.32999,41406
2026-05-27 15:31,271.29001,271.31,271.16,271.3002,43792
2026-05-27 15:32,271.14999,271.28,271.13,271.28,40269
2026-05-27 15:33,271.11499,271.26001,271.0719,271.14999,48948
2026-05-27 15:34,271.20001,271.26001,271.12,271.12,49695
2026-05-27 15:35,271.34991,271.34991,271.23499,271.23499,76761
2026-05-27 15:36,271.26001,271.37,271.22,271.32001,70808
2026-05-27 15:37,271.17499,271.29001,271.17499,271.25,71902
2026-05-27 15:38,271.11499,271.17001,271.04999,271.17001,55620
2026-05-27 15:39,271.20999,271.20999,271.04999,271.10999,43772
2026-05-27 15:40,271.29999,271.32001,271.20999,271.20999,38621
2026-05-27 15:41,271.19,271.30899,271.17999,271.29999,39423
2026-05-27 15:42,271.20001,271.26501,271.14499,271.19501,60746
2026-05-27 15:43,271.185,271.20001,271.10999,271.19,43523
2026-05-27 15:44,271.285,271.285,271.14999,271.19501,49526
2026-05-27 15:45,271.29999,271.35999,271.28,271.29001,57796
2026-05-27 15:46,271.36441,271.4599,271.28,271.29999,56655
2026-05-27 15:47,271.42001,271.45999,271.34,271.35999,68818
2026-05-27 15:48,271.2735,271.44,271.2735,271.41,54970
2026-05-27 15:49,271.315,271.48999,271.20499,271.29001,105773
2026-05-27 15:50,271.31,271.34,270.85001,271.29999,167623
2026-05-27 15:51,271.17001,271.31,271.14001,271.30499,97047
2026-05-27 15:52,271.16,271.23999,271.10999,271.16501,83672
2026-05-27 15:53,270.98001,271.14999,270.82001,271.14999,129017
2026-05-27 15:54,271.23001,271.35001,270.94,270.98001,198245
2026-05-27 15:55,271.34,271.3425,270.92999,271.26001,211474
2026-05-27 15:56,271.64999,271.73001,271.32999,271.32999,230864
2026-05-27 15:57,271.71011,271.75,271.59,271.64999,319934
2026-05-27 15:58,271.85001,271.85999,271.59,271.70999,453667
2026-05-27 15:59,271.86731,271.89001,271.64999,271.84,924172
2026-05-28 09:30,270.26999,272.32001,269.74991,272.23999,1430245
2026-05-28 09:31,270.48499,270.89001,270.0,270.33499,146892
2026-05-28 09:32,270.55359,270.75,270.39999,270.41,107223
2026-05-28 09:33,270.245,270.85001,270.07001,270.60001,158243
2026-05-28 09:34,270.23999,270.66,270.17001,270.19,123313
2026-05-28 09:35,269.85501,270.29999,269.79001,270.25,182333
2026-05-28 09:36,269.89001,270.0,269.69,269.87,125698
2026-05-28 09:37,269.92001,270.04001,269.54999,269.85001,157141
2026-05-28 09:38,269.79999,270.01999,269.70999,269.935,149247
2026-05-28 09:39,269.63,269.82001,269.35001,269.785,203841
2026-05-28 09:40,268.95499,269.66,268.84,269.66,191673
2026-05-28 09:41,269.125,269.20001,268.91,268.98001,129984
2026-05-28 09:42,269.26001,269.32001,269.08499,269.14999,115819
2026-05-28 09:43,268.88,269.35999,268.85999,269.26501,112900
2026-05-28 09:44,268.76001,269.0,268.67551,268.84,158483
2026-05-28 09:45,268.85501,269.04001,268.54999,268.815,98251
2026-05-28 09:46,268.30499,268.82831,268.19,268.79999,200960
2026-05-28 09:47,268.23999,268.37,268.17001,268.30499,122599
2026-05-28 09:48,268.12,268.39999,268.12,268.23999,102402
2026-05-28 09:49,267.85001,269.95001,267.82001,268.09,249970
2026-05-28 09:50,268.20999,268.53,267.64001,267.87,285685
2026-05-28 09:51,267.995,268.29999,267.88,268.19501,117490
2026-05-28 09:52,268.755,268.85001,267.995,267.995,169026
2026-05-28 09:53,268.67001,268.79001,268.39001,268.755,135325
2026-05-28 09:54,268.625,268.88,268.54999,268.69989,117411
2026-05-28 09:55,268.64001,268.72,268.51999,268.625,89039
2026-05-28 09:56,268.8244,268.92679,268.64001,268.67001,84605
2026-05-28 09:57,268.95001,269.17001,268.73999,268.815,99696
2026-05-28 09:58,268.96741,269.04001,268.82999,268.95999,123617
2026-05-28 09:59,268.79999,269.10001,268.73999,268.97,91723
2026-05-28 10:00,268.70001,268.85001,268.59,268.815,110006
2026-05-28 10:01,268.38501,268.75,268.35999,268.70001,96789
2026-05-28 10:02,267.9386,268.42999,267.88,268.42999,122002
2026-05-28 10:03,268.0845,268.16,267.88,267.91,133033
2026-05-28 10:04,267.85001,268.10001,267.79999,268.08691,101474
2026-05-28 10:05,267.70999,268.05499,267.57999,267.85999,125238
2026-05-28 10:06,267.78989,267.815,267.57999,267.70999,77375
2026-05-28 10:07,267.89001,268.07001,267.76999,267.76999,116771
2026-05-28 10:08,267.82999,268.07001,267.71011,267.89999,85495
2026-05-28 10:09,267.81,267.85999,267.73001,267.84,74600
2026-05-28 10:10,267.465,267.87,267.44,267.79001,147304
2026-05-28 10:11,267.52499,267.61801,267.45001,267.465,78794
2026-05-28 10:12,268.75891,268.79001,267.44,267.51501,268788
2026-05-28 10:13,269.39001,269.47,268.34,268.76001,392216
2026-05-28 10:14,268.965,269.48001,268.73999,269.39999,221338
2026-05-28 10:15,268.85999,269.0,268.72,268.98001,143683
2026-05-28 10:16,268.83499,268.88,268.67999,268.85999,130974
2026-05-28 10:17,269.04001,269.10999,268.85501,268.85501,120432
2026-05-28 10:18,269.04999,269.10999,268.85001,269.04501,87861
2026-05-28 10:19,269.29999,269.42999,269.0,269.04999,131262
2026-05-28 10:20,269.4389,269.61499,269.25009,269.28,119769
2026-05-28 10:21,269.315,269.4899,269.03,269.42001,90582
2026-05-28 10:22,269.28,269.37,269.0,269.31,78087
2026-05-28 10:23,269.26971,269.32999,269.14001,269.31879,65436
2026-05-28 10:24,269.57501,269.685,269.23001,269.255,136417
2026-05-28 10:25,269.80011,269.84641,269.44571,269.56,68601
2026-05-28 10:26,269.78,269.98999,269.78,269.84,133918
2026-05-28 10:27,270.0683,270.19,269.67001,269.78,88060
2026-05-28 10:28,269.91,270.2207,269.81,270.09,94435
2026-05-28 10:29,269.70001,270.0,269.67999,269.92999,47600
2026-05-28 10:30,269.67001,269.82999,269.67001,269.70001,92118
2026-05-28 10:31,269.60999,269.79001,269.56,269.67999,51717
2026-05-28 10:32,269.31,269.595,269.29999,269.57999,57248
2026-05-28 10:33,269.28,269.48999,269.25,269.31,89924
2026-05-28 10:34,269.14001,269.26999,269.07001,269.26999,62510
2026-05-28 10:35,269.10999,269.20999,269.0,269.12,55514
2026-05-28 10:36,269.23999,269.29999,269.03,269.13501,81830
2026-05-28 10:37,269.29001,269.32001,269.0936,269.23999,38994
2026-05-28 10:38,269.3201,269.34149,269.07999,269.319,51385
2026-05-28 10:39,269.16,269.32001,269.13,269.29999,46248
2026-05-28 10:40,269.74399,269.76999,269.20001,269.20001,79175
2026-05-28 10:41,269.81,269.89999,269.66,269.73999,42361
2026-05-28 10:42,269.81,269.86301,269.73001,269.79999,34494
2026-05-28 10:43,270.14001,270.14999,269.81,269.82001,93206
2026-05-28 10:44,270.07999,270.17001,270.0,270.14001,89501
2026-05-28 10:45,270.13,270.1799,270.03549,270.06,41106
2026-05-28 10:46,269.86499,270.17999,269.60001,270.10001,83101
2026-05-28 10:47,269.76999,269.92001,269.73999,269.86499,38527
2026-05-28 10:48,270.07501,270.14001,269.79001,269.80991,91161
2026-05-28 10:49,270.04999,270.09,269.9501,270.0571,38242
2026-05-28 10:50,270.19321,270.37,270.04001,270.06,82106
2026-05-28 10:51,270.05569,270.255,270.01999,270.16,49320
2026-05-28 10:52,270.36499,270.36499,269.9501,270.02499,47535
2026-05-28 10:53,270.45499,270.535,270.32501,270.38,83703
2026-05-28 10:54,270.39999,270.48499,270.34,270.45499,45638
2026-05-28 10:55,270.32501,270.48001,270.29999,270.41,43733
2026-05-28 10:56,270.21439,270.37991,270.19,270.35001,54309
2026-05-28 10:57,270.19,270.34,270.06,270.23001,140623
2026-05-28 10:58,269.98001,270.285,269.98001,270.22,48031
2026-05-28 10:59,270.10999,270.13,269.97,269.9899,106043
2026-05-28 11:00,270.35001,270.41501,270.07001,270.11499,74763
2026-05-28 11:01,270.315,270.35001,270.16,270.32999,71345
2026-05-28 11:02,270.23999,270.33499,270.19,270.315,52847
2026-05-28 11:03,270.0,270.245,269.94,270.22501,66302
2026-05-28 11:04,270.19501,270.26999,270.0,270.0,57326
2026-05-28 11:05,270.20999,270.32999,270.09,270.26501,65282
2026-05-28 11:06,270.28,270.45001,270.19501,270.19501,154629
2026-05-28 11:07,270.33499,270.38,270.26999,270.285,40349
2026-05-28 11:08,270.03,270.29001,269.98001,270.26001,52391
2026-05-28 11:09,269.94,270.09,269.94,270.01999,69970
2026-05-28 11:10,269.7244,270.01999,269.7244,269.94,90702
2026-05-28 11:11,269.63559,269.76001,269.595,269.73999,72207
2026-05-28 11:12,269.79001,269.82999,269.62,269.64999,38777
2026-05-28 11:13,269.625,269.82501,269.625,269.79001,52509
2026-05-28 11:14,269.565,269.70999,269.54999,269.625,35152
2026-05-28 11:15,269.47501,269.67999,269.45001,269.59,43238
2026-05-28 11:16,269.42001,269.51999,269.39999,269.47,71721
2026-05-28 11:17,269.31,269.38,269.19,269.38,101486
2026-05-28 11:18,269.23499,269.315,269.16,269.315,55718
2026-05-28 11:19,269.34,269.35001,269.12,269.23499,53246
2026-05-28 11:20,269.25,269.34,269.10001,269.34,68128
2026-05-28 11:21,269.185,269.35999,269.17001,269.26999,87418
2026-05-28 11:22,269.38501,269.48001,269.20999,269.20999,47491
2026-05-28 11:23,269.35999,269.42999,269.3241,269.38,42241
2026-05-28 11:24,269.625,269.64999,269.35001,269.35999,48247
2026-05-28 11:25,269.79001,269.79001,269.56,269.625,49686
2026-05-28 11:26,269.89999,269.93069,269.76151,269.76999,61791
2026-05-28 11:27,269.89499,269.9339,269.87,269.89221,43559
2026-05-28 11:28,269.84,269.92001,269.82999,269.89999,43264
2026-05-28 11:29,269.75,270.03,269.73001,269.82999,117090
2026-05-28 11:30,269.75,269.79001,269.64999,269.75,80539
2026-05-28 11:31,269.89001,269.91,269.76999,269.79999,40913
2026-05-28 11:32,269.76001,269.91501,269.76001,269.88,63859
2026-05-28 11:33,269.64999,269.79999,269.63,269.79001,37537
2026-05-28 11:34,269.57999,269.64999,269.51999,269.64999,47208
2026-05-28 11:35,269.47,269.54999,269.44,269.54001,46297
2026-05-28 11:36,269.57999,269.6199,269.48999,269.48999,38521
2026-05-28 11:37,269.535,269.64001,269.51001,269.57999,354040
2026-05-28 11:38,269.70001,269.72,269.42001,269.54001,56090
2026-05-28 11:39,270.0,270.0,269.70001,269.70001,79097
2026-05-28 11:40,269.79999,270.04999,269.72,269.98001,182983
2026-05-28 11:41,269.78,269.95001,269.75,269.78,91899
2026-05-28 11:42,269.77509,269.85001,269.76169,269.76169,29890
2026-05-28 11:43,269.91501,269.95999,269.76001,269.76999,39122
2026-05-28 11:44,269.84,269.94989,269.81,269.91501,33217
2026-05-28 11:45,269.88,269.89001,269.79999,269.85001,22126
2026-05-28 11:46,269.77499,269.94,269.77499,269.86011,44801
2026-05-28 11:47,269.91,269.91,269.75,269.78,32382
2026-05-28 11:48,269.98001,270.01001,269.82999,269.89999,66462
2026-05-28 11:49,269.94,270.04001,269.92999,270.0,54932
2026-05-28 11:50,270.0,270.04999,269.91,269.935,41406
2026-05-28 11:51,270.23499,270.28,270.04501,270.04501,67454
2026-05-28 11:52,270.14999,270.23499,270.07001,270.23499,30765
2026-05-28 11:53,270.1701,270.22,270.11011,270.17001,33472
2026-05-28 11:54,270.03,270.20999,270.01001,270.17001,60192
2026-05-28 11:55,270.10999,270.13501,270.03,270.04999,30594
2026-05-28 11:56,270.60001,270.60999,270.09009,270.10999,110376
2026-05-28 11:57,270.75,270.76001,270.51001,270.60001,101724
2026-05-28 11:58,270.39001,270.8096,270.34399,270.76001,315764
2026-05-28 11:59,270.37,270.45999,270.29501,270.42499,69596
2026-05-28 12:00,270.30569,270.30569,270.10001,270.29501,45887
2026-05-28 12:01,270.01501,270.35001,270.0,270.29999,45935
2026-05-28 12:02,269.95001,270.10999,269.95001,270.01999,40739
2026-05-28 12:03,269.9599,270.01001,269.85001,269.95999,123861
2026-05-28 12:04,269.78,269.94,269.70999,269.92999,35867
2026-05-28 12:05,269.94501,269.96991,269.78,269.78,29741
2026-05-28 12:06,269.98999,270.04001,269.92999,269.94501,34833
2026-05-28 12:07,270.0,270.07001,269.95001,269.95001,47122
2026-05-28 12:08,270.01999,270.04999,269.95999,269.995,22624
2026-05-28 12:09,269.89999,270.03,269.89999,270.03,19024
2026-05-28 12:10,270.03,270.04999,269.88,269.89001,27588
2026-05-28 12:11,269.965,270.03,269.87,270.03,35594
2026-05-28 12:12,270.19,270.20001,269.94,269.96509,42144
2026-05-28 12:13,270.3331,270.35501,270.17999,270.19,43632
2026-05-28 12:14,270.30499,270.35001,270.26501,270.32501,36761
2026-05-28 12:15,270.2731,270.34,270.25,270.31,23454
2026-05-28 12:16,270.26999,270.32001,270.23001,270.29001,32524
2026-05-28 12:17,270.28,270.28,270.17999,270.23999,35847
2026-05-28 12:18,270.185,270.34991,270.125,270.28,65584
2026-05-28 12:19,270.19,270.285,270.17001,270.20001,30190
2026-05-28 12:20,270.14001,270.20001,270.06009,270.19,25867
2026-05-28 12:21,270.09,270.17999,270.07999,270.14001,23335
2026-05-28 12:22,270.10999,270.14001,270.07361,270.09,29840
2026-05-28 12:23,270.25,270.28,270.10999,270.12,36492
2026-05-28 12:24,270.29001,270.38,270.23001,270.26999,61660
2026-05-28 12:25,270.14001,270.28,270.11499,270.28,38806
2026-05-28 12:26,269.85001,270.13,269.82999,270.13,53014
2026-05-28 12:27,269.729,269.85001,269.70999,269.82501,48899
2026-05-28 12:28,269.53,269.71078,269.53,269.7002,37489
2026-05-28 12:29,269.42999,269.60999,269.39999,269.56,51411
2026-05-28 12:30,269.34,269.45001,269.34,269.42999,37084
2026-05-28 12:31,269.3201,269.35501,269.2601,269.35001,47361
2026-05-28 12:32,269.35501,269.37,269.32999,269.34,28046
2026-05-28 12:33,269.41,269.4899,269.35999,269.35999,42488
2026-05-28 12:34,269.565,269.60001,269.42001,269.42001,38986
2026-05-28 12:35,269.42999,269.58499,269.42001,269.57999,48454
2026-05-28 12:36,269.33011,269.42999,269.29999,269.42999,33466
2026-05-28 12:37,269.29001,269.37,269.26999,269.34,49656
2026-05-28 12:38,269.20999,269.31,269.19,269.29001,30817
2026-05-28 12:39,269.26999,269.31,269.17999,269.20999,42123
2026-05-28 12:40,269.31,269.35001,269.25,269.26001,25748
2026-05-28 12:41,269.62,269.62,269.29999,269.3226,35447
2026-05-28 12:42,269.9201,269.95999,269.61011,269.63,56711
2026-05-28 12:43,270.02499,270.07001,269.9101,269.94,51073
2026-05-28 12:44,270.06009,270.13,270.02011,270.03,48130
2026-05-28 12:45,270.07999,270.07999,270.0,270.07001,25848
2026-05-28 12:46,270.03,270.06,270.01001,270.02151,48840
2026-05-28 12:47,270.10999,270.14001,270.01001,270.03,35322
2026-05-28 12:48,270.10001,270.14999,270.09,270.10001,31430
2026-05-28 12:49,269.89999,270.10001,269.84,270.10001,38576
2026-05-28 12:50,269.82001,269.91,269.77499,269.8876,43190
2026-05-28 12:51,269.94,269.98999,269.82001,269.84509,25144
2026-05-28 12:52,269.92001,270.04999,269.91,269.92999,68429
2026-05-28 12:53,270.01001,270.01001,269.91,269.92001,27475
2026-05-28 12:54,269.95001,270.01999,269.92999,270.01001,29701
2026-05-28 12:55,270.04999,270.04999,269.94,269.95999,36189
2026-05-28 12:56,270.1499,270.14999,270.03641,270.03641,37450
2026-05-28 12:57,270.10999,270.20001,270.07999,270.14001,36434
2026-05-28 12:58,270.10999,270.1496,270.035,270.10001,44898
2026-05-28 12:59,270.07999,270.12,270.04999,270.09,22746
2026-05-28 13:00,270.48001,270.48001,270.09,270.09,87043
2026-05-28 13:01,270.29999,270.51999,270.22009,270.47,47339
2026-05-28 13:02,270.28,270.32999,270.22009,270.30499,56904
2026-05-28 13:03,270.37,270.44501,270.26001,270.27499,50646
2026-05-28 13:04,270.29999,270.38,270.28,270.38,37221
2026-05-28 13:05,270.259,270.34009,270.22,270.32001,39538
2026-05-28 13:06,270.28,270.31,270.20001,270.25,44442
2026-05-28 13:07,270.16,270.35001,270.125,270.28,39688
2026-05-28 13:08,270.23499,270.26001,270.13049,270.16,48552
2026-05-28 13:09,270.2886,270.35501,270.17001,270.25,40794
2026-05-28 13:10,270.45981,270.54999,270.25,270.26999,73765
2026-05-28 13:11,270.45999,270.51001,270.41,270.45001,35966
2026-05-28 13:12,270.42999,270.56,270.39999,270.45999,55258
2026-05-28 13:13,270.5,270.54999,270.42001,270.45001,36939
2026-05-28 13:14,270.5,270.52771,270.45001,270.48999,41159
2026-05-28 13:15,270.56711,270.64969,270.44,270.51501,71688
2026-05-28 13:16,270.67001,270.67001,270.57999,270.59,41990
2026-05-28 13:17,270.715,270.75,270.60999,270.67941,54373
2026-05-28 13:18,270.8064,270.82999,270.66,270.685,69286
2026-05-28 13:19,270.70999,270.85999,270.70001,270.82001,67619
2026-05-28 13:20,270.85001,270.88501,270.64999,270.70001,81134
2026-05-28 13:21,271.07001,271.09,270.82999,270.83011,116688
2026-05-28 13:22,271.10501,271.16501,271.03,271.07001,50843
2026-05-28 13:23,271.14999,271.17999,271.03,271.09,40943
2026-05-28 13:24,271.26999,271.26999,271.07001,271.17001,62501
2026-05-28 13:25,271.35501,271.35999,271.26999,271.29999,52457
2026-05-28 13:26,271.51999,271.5896,271.34,271.3699,83826
2026-05-28 13:27,271.28,271.51999,271.20999,271.51501,67110
2026-05-28 13:28,271.20999,271.5,271.19,271.285,118824
2026-05-28 13:29,271.04001,271.2399,270.87991,271.23001,108559
2026-05-28 13:30,271.34,271.39499,271.02499,271.035,35082
2026-05-28 13:31,271.47501,271.47501,271.25,271.315,38253
2026-05-28 13:32,271.53,271.59879,271.45001,271.47501,49759
2026-05-28 13:33,271.67499,271.70001,271.51001,271.53,936472
2026-05-28 13:34,271.51999,271.67999,271.5,271.67999,39612
2026-05-28 13:35,271.82999,271.84,271.51999,271.51999,88920
2026-05-28 13:36,271.67499,271.87,271.64499,271.85001,56701
2026-05-28 13:37,271.67499,271.69,271.60001,271.67499,41568
2026-05-28 13:38,271.85989,271.85999,271.67001,271.67499,49906
2026-05-28 13:39,271.89499,271.92999,271.82999,271.845,45114
2026-05-28 13:40,271.87,271.92999,271.83499,271.88501,34975
2026-05-28 13:41,271.97,272.05499,271.85999,271.88,128256
2026-05-28 13:42,271.89999,271.9978,271.89001,271.965,58128
2026-05-28 13:43,271.92001,271.98001,271.85999,271.89999,54726
2026-05-28 13:44,272.03,272.04999,271.92999,271.9332,52029
2026-05-28 13:45,272.08499,272.125,272.01001,272.04999,43317
2026-05-28 13:46,272.17999,272.19,272.04999,272.08499,36789
2026-05-28 13:47,272.23001,272.29001,272.19,272.19,52622
2026-05-28 13:48,272.41431,272.45999,272.22,272.23999,71904
2026-05-28 13:49,272.37,272.45001,272.32001,272.41,51881
2026-05-28 13:50,272.30499,272.45001,272.23001,272.35001,56935
2026-05-28 13:51,272.29999,272.37,272.23999,272.29999,41869
2026-05-28 13:52,272.29999,272.38,272.26501,272.29999,45169
2026-05-28 13:53,272.19,272.29999,272.15009,272.29001,59587
2026-05-28 13:54,272.14999,272.22,272.06601,272.17999,59754
2026-05-28 13:55,272.31,272.35999,272.1301,272.14999,64574
2026-05-28 13:56,272.34,272.41959,272.31,272.32501,49890
2026-05-28 13:57,272.41599,272.44,272.30011,272.33499,63151
2026-05-28 13:58,272.35999,272.41,272.32501,272.39999,51512
2026-05-28 13:59,272.32501,272.39999,272.31,272.35999,28482
2026-05-28 14:00,272.26999,272.39999,272.23001,272.32999,59324
2026-05-28 14:01,272.26999,272.32001,272.245,272.26999,35249
2026-05-28 14:02,272.29001,272.32001,272.26999,272.28,46729
2026-05-28 14:03,272.29001,272.33951,272.23001,272.2999,52308
2026-05-28 14:04,272.41,272.465,272.25,272.285,54533
2026-05-28 14:05,272.37,272.44,272.29001,272.42001,42294
2026-05-28 14:06,272.39001,272.41,272.34,272.36081,63612
2026-05-28 14:07,272.45999,272.48001,272.32501,272.39001,41974
2026-05-28 14:08,272.44989,272.47,272.41,272.43219,28956
2026-05-28 14:09,272.36499,272.56,272.35001,272.42001,99724
2026-05-28 14:10,272.0401,272.42999,272.0401,272.37,67813
2026-05-28 14:11,272.06,272.16,271.98001,272.07001,73247
2026-05-28 14:12,271.95001,272.13831,271.91501,272.06,73110
2026-05-28 14:13,272.07001,272.08981,271.97,271.97,93129
2026-05-28 14:14,272.17999,272.215,272.06,272.065,43774
2026-05-28 14:15,272.26999,272.32999,272.13,272.17999,45667
2026-05-28 14:16,272.31,272.41,272.10001,272.27499,68632
2026-05-28 14:17,272.30981,272.41,272.23999,272.33499,55153
2026-05-28 14:18,272.25,272.34,272.23999,272.28,36162
2026-05-28 14:19,272.20001,272.29001,272.19,272.23999,32495
2026-05-28 14:20,272.17001,272.25,272.17001,272.19501,50068
2026-05-28 14:21,272.17999,272.19,272.13,272.17001,37169
2026-05-28 14:22,272.14001,272.17999,272.10999,272.17999,41405
2026-05-28 14:23,272.16,272.16849,272.08499,272.13089,51499
2026-05-28 14:24,272.13,272.17001,272.10001,272.14999,30581
2026-05-28 14:25,272.18011,272.20999,272.11011,272.125,67489
2026-05-28 14:26,272.22,272.29999,272.20499,272.20499,46124
2026-05-28 14:27,272.41501,272.47,272.20999,272.22,159155
2026-05-28 14:28,272.625,272.70001,272.41,272.42999,87165
2026-05-28 14:29,272.655,272.70001,272.57001,272.625,65675
2026-05-28 14:30,272.60001,272.755,272.56,272.655,110721
2026-05-28 14:31,272.64999,272.72989,272.60999,272.62,53855
2026-05-28 14:32,272.69,272.69,272.39001,272.6301,57274
2026-05-28 14:33,272.80499,272.82999,272.67999,272.67999,81734
2026-05-28 14:34,272.90991,272.97,272.79001,272.79999,105825
2026-05-28 14:35,272.94,272.94,272.85001,272.91,56099
2026-05-28 14:36,273.0,273.06,272.85999,272.935,127290
2026-05-28 14:37,273.14999,273.17001,272.97,273.0,84068
2026-05-28 14:38,273.13,273.23001,273.10999,273.13541,73942
2026-05-28 14:39,273.04001,273.20999,273.00009,273.14001,79026
2026-05-28 14:40,273.01999,273.09,273.0,273.06369,39851
2026-05-28 14:41,272.98999,273.065,272.95001,273.01001,87309
2026-05-28 14:42,273.27499,273.28,272.79999,273.0,129263
2026-05-28 14:43,273.259,273.31,273.065,273.27499,80113
2026-05-28 14:44,273.06,273.26501,273.06,273.26501,41557
2026-05-28 14:45,272.97501,273.09,272.94,273.07999,49133
2026-05-28 14:46,273.07999,273.09,272.98889,272.98889,40322
2026-05-28 14:47,273.06479,273.10001,273.01001,273.06,38463
2026-05-28 14:48,273.16,273.1694,273.01999,273.07001,46163
2026-05-28 14:49,273.22,273.29999,273.06,273.17499,104560
2026-05-28 14:50,273.45001,273.45001,273.14499,273.20999,77127
2026-05-28 14:51,273.59,273.64001,273.39499,273.45001,92759
2026-05-28 14:52,273.655,273.73001,273.57001,273.60001,208816
2026-05-28 14:53,273.7485,273.76999,273.6301,273.6301,72830
2026-05-28 14:54,273.70001,273.79001,273.64999,273.75,87808
2026-05-28 14:55,273.77499,273.85001,273.64001,273.72,90639
2026-05-28 14:56,273.81,273.85001,273.72,273.78989,76743
2026-05-28 14:57,274.02371,274.10001,273.79001,273.79001,286803
2026-05-28 14:58,274.14001,274.19,274.0,274.01999,159886
2026-05-28 14:59,273.9834,274.16,273.95001,274.14999,81014
2026-05-28 15:00,273.93301,274.01999,273.84,273.97009,86406
2026-05-28 15:01,273.92499,273.97,273.82001,273.91,59870
2026-05-28 15:02,273.88501,274.0,273.73001,273.92499,247358
2026-05-28 15:03,273.7511,273.89999,273.73029,273.88501,82466
2026-05-28 15:04,273.69739,273.81,273.62,273.79999,90806
2026-05-28 15:05,273.74011,273.797,273.62,273.70001,60285
2026-05-28 15:06,273.59009,273.78,273.53,273.73999,65578
2026-05-28 15:07,273.29999,273.62,273.29001,273.57999,85482
2026-05-28 15:08,273.32001,273.44,273.28,273.28,44630
2026-05-28 15:09,273.32001,273.39001,273.23999,273.31,53982
2026-05-28 15:10,273.38,273.39999,273.29001,273.34451,54387
2026-05-28 15:11,273.59991,273.62,273.38,273.38,59488
2026-05-28 15:12,273.4444,273.6499,273.35999,273.58499,72813
2026-05-28 15:13,273.48001,273.55469,273.35001,273.42499,81133
2026-05-28 15:14,273.48001,273.50171,273.39999,273.47501,43354
2026-05-28 15:15,273.47879,273.51001,273.39999,273.48001,58286
2026-05-28 15:16,273.70999,273.72,273.45001,273.465,76650
2026-05-28 15:17,273.70001,273.78629,273.63,273.70001,70648
2026-05-28 15:18,273.78,273.78,273.67999,273.70001,32598
2026-05-28 15:19,273.76001,273.79999,273.60501,273.79999,51778
2026-05-28 15:20,273.79999,273.82001,273.70099,273.755,56051
2026-05-28 15:21,273.76999,273.81989,273.60999,273.78009,73152
2026-05-28 15:22,273.69,273.76501,273.60999,273.76001,54361
2026-05-28 15:23,273.85999,273.87,273.70001,273.70001,48716
2026-05-28 15:24,273.81,273.85501,273.76001,273.85501,41233
2026-05-28 15:25,273.77499,273.82999,273.75,273.79999,69365
2026-05-28 15:26,273.94901,273.95001,273.76001,273.7601,46296
2026-05-28 15:27,274.0101,274.03,273.92001,273.94,55723
2026-05-28 15:28,274.04501,274.06,273.98749,274.02499,47521
2026-05-28 15:29,274.01999,274.09879,274.0,274.07001,43546
2026-05-28 15:30,273.95001,274.0401,273.95001,274.01999,75733
2026-05-28 15:31,274.07941,274.07999,273.95001,273.95001,52562
2026-05-28 15:32,274.10999,274.14999,273.97,274.07501,90785
2026-05-28 15:33,274.03,274.13501,273.98999,274.12,44950
2026-05-28 15:34,274.19,274.22,274.03,274.03,68372
2026-05-28 15:35,273.95001,274.23999,273.95001,274.20001,84535
2026-05-28 15:36,273.89001,273.98999,273.871,273.94,91557
2026-05-28 15:37,273.85999,273.92999,273.79999,273.905,71845
2026-05-28 15:38,273.94,274.00101,273.85999,273.86499,81488
2026-05-28 15:39,273.92499,273.9595,273.85999,273.94,43711
2026-05-28 15:40,273.76001,273.94501,273.76001,273.9191,51049
2026-05-28 15:41,273.79501,273.81,273.6123,273.76001,103554
2026-05-28 15:42,273.76001,273.82001,273.73999,273.79501,91176
2026-05-28 15:43,273.88501,273.89999,273.75,273.75,94629
2026-05-28 15:44,273.79501,273.92999,273.79001,273.88501,77267
2026-05-28 15:45,273.935,273.94,273.70001,273.79999,97395
2026-05-28 15:46,273.98999,274.01999,273.92999,273.95001,61782
2026-05-28 15:47,273.89999,273.99911,273.84,273.99911,75376
2026-05-28 15:48,273.92001,273.97,273.88501,273.94,64247
2026-05-28 15:49,273.935,273.95999,273.89001,273.92001,101283
2026-05-28 15:50,274.035,274.09,273.66299,273.92999,203954
2026-05-28 15:51,273.75,274.04999,273.75,274.03,132287
2026-05-28 15:52,273.5,273.79999,273.39001,273.76999,134999
2026-05-28 15:53,273.51001,273.57001,273.39001,273.45999,109674
2026-05-28 15:54,274.10999,274.45001,273.37,273.5141,224845
2026-05-28 15:55,273.905,274.10001,273.82001,274.10001,152813
2026-05-28 15:56,274.125,274.13,273.7767,273.92001,240295
2026-05-28 15:57,274.285,274.37,274.07001,274.10001,249771
2026-05-28 15:58,274.13,274.32001,274.10999,274.29001,332213
2026-05-28 15:59,273.95999,274.20001,273.94,274.14001,521005
2026-05-29 09:30,272.53049,273.05499,270.67999,271.315,1602712
2026-05-29 09:31,273.98001,273.98001,272.53,272.66501,232432
2026-05-29 09:32,273.42499,274.07089,273.32999,273.97,241760
2026-05-29 09:33,273.285,273.95999,273.06201,273.41,268948
2026-05-29 09:34,272.84799,273.32001,272.67001,273.285,257705
2026-05-29 09:35,272.94,273.19,272.66,272.82999,166445
2026-05-29 09:36,273.22,273.35001,272.82999,272.89999,120370
2026-05-29 09:37,273.57001,273.65271,272.85001,273.245,144198
2026-05-29 09:38,273.55499,273.87,273.45999,273.57999,106748
2026-05-29 09:39,273.22501,273.69,273.12,273.57999,112519
2026-05-29 09:40,273.79999,273.89999,273.07001,273.2178,182851
2026-05-29 09:41,273.53,273.95999,273.53,273.77499,195985
2026-05-29 09:42,274.11499,274.21991,273.28,273.53,312097
2026-05-29 09:43,274.63501,274.75,274.08011,274.10999,272520
2026-05-29 09:44,274.37631,274.6745,274.14999,274.60999,215703
2026-05-29 09:45,273.60001,274.48001,273.44501,274.41,156744
2026-05-29 09:46,274.09,274.09,273.31,273.57999,188278
2026-05-29 09:47,274.10999,274.32999,274.07999,274.11481,96717
2026-05-29 09:48,273.82001,274.23001,273.73001,274.13,104907
2026-05-29 09:49,274.13501,274.17499,273.76999,273.76999,158331
2026-05-29 09:50,273.76999,274.13,273.755,274.13,98860
2026-05-29 09:51,273.42001,273.91,273.39001,273.78,104296
2026-05-29 09:52,273.51001,273.51001,273.10001,273.42001,124124
2026-05-29 09:53,273.89001,274.02499,273.53,273.53,137855
2026-05-29 09:54,273.89999,274.02499,273.85001,273.905,72958
2026-05-29 09:55,274.32001,274.34,273.85001,273.92001,140368
2026-05-29 09:56,274.45001,274.5,273.98001,274.32001,176553
2026-05-29 09:57,274.34,274.45999,274.01999,274.44,101499
2026-05-29 09:58,273.7399,274.45001,273.7399,274.39001,103036
2026-05-29 09:59,273.32999,273.74991,272.91,273.74991,133249
2026-05-29 10:00,273.12,273.31,272.79999,273.26999,97189
2026-05-29 10:01,272.79999,273.06,272.45001,273.06,130350
2026-05-29 10:02,273.51501,273.5499,272.76001,272.76999,145196
2026-05-29 10:03,273.39001,273.63,273.26001,273.60999,92937
2026-05-29 10:04,273.32999,273.41,273.10001,273.36499,83030
2026-05-29 10:05,272.89999,273.35999,272.76999,273.345,92519
2026-05-29 10:06,272.7901,272.95001,272.47,272.89999,100602
2026-05-29 10:07,272.53,272.94,272.53,272.81,89278
2026-05-29 10:08,272.10501,272.57001,272.065,272.535,97665
2026-05-29 10:09,272.17999,272.26501,271.9801,272.10501,551332
2026-05-29 10:10,272.31,272.35501,272.07001,272.20499,79902
2026-05-29 10:11,272.04999,272.31,271.9501,272.31,89697
2026-05-29 10:12,272.33749,272.33749,272.03,272.06,62543
2026-05-29 10:13,272.07999,272.35999,271.97,272.35999,85114
2026-05-29 10:14,271.64999,272.09,271.59,272.07001,122775
2026-05-29 10:15,271.69989,271.715,271.48001,271.64999,83150
2026-05-29 10:16,271.78,271.87,271.63,271.73001,84232
2026-05-29 10:17,271.55499,271.89001,271.54999,271.78,65767
2026-05-29 10:18,271.69501,271.73999,271.54999,271.56,140118
2026-05-29 10:19,271.71951,271.82001,271.63,271.69501,71121
2026-05-29 10:20,271.69,271.82001,271.65201,271.70999,52166
2026-05-29 10:21,271.70001,271.82999,271.59,271.69,81390
2026-05-29 10:22,271.75,271.89001,271.64999,271.72,97999
2026-05-29 10:23,271.79999,271.89999,271.57999,271.715,84098
2026-05-29 10:24,271.76001,271.905,271.72,271.79001,116424
2026-05-29 10:25,271.83899,271.89999,271.69,271.75,64155
2026-05-29 10:26,271.85001,271.98001,271.78,271.82999,72128
2026-05-29 10:27,271.98999,272.065,271.82999,271.87,94944
2026-05-29 10:28,272.06311,272.065,271.8201,271.98001,59257
2026-05-29 10:29,272.07001,272.14001,271.89499,272.04999,62630
2026-05-29 10:30,271.89999,272.17499,271.89011,272.04501,64854
2026-05-29 10:31,271.38,271.89001,271.37,271.88501,89563
2026-05-29 10:32,271.14999,271.41501,271.10501,271.32999,110877
2026-05-29 10:33,271.215,271.39999,271.14999,271.16,80328
2026-05-29 10:34,271.10001,271.23001,271.07501,271.20999,99136
2026-05-29 10:35,271.14999,271.19159,270.995,271.09,124028
2026-05-29 10:36,271.095,271.155,270.95999,271.155,71397
2026-05-29 10:37,271.07501,271.25989,271.0401,271.10001,70934
2026-05-29 10:38,271.29001,271.32001,271.05499,271.07999,66710
2026-05-29 10:39,271.07999,271.3399,271.03,271.26999,80160
2026-05-29 10:40,271.37,271.3772,271.10001,271.10001,62665
2026-05-29 10:41,271.32999,271.38,271.215,271.35001,69807
2026-05-29 10:42,271.10999,271.32001,271.10501,271.32001,59349
2026-05-29 10:43,271.01999,271.16,270.98999,271.09509,78860
2026-05-29 10:44,271.13501,271.185,270.92001,270.98999,117256
2026-05-29 10:45,270.94,271.14499,270.82999,271.14001,93860
2026-05-29 10:46,270.89999,270.98001,270.81,270.92999,54230
2026-05-29 10:47,270.69,271.0,270.64999,270.92001,78452
2026-05-29 10:48,270.70001,270.87,270.60999,270.67999,98769
2026-05-29 10:49,270.655,270.93909,270.64301,270.69,63055
2026-05-29 10:50,270.84,271.039,270.63,270.66,110429
2026-05-29 10:51,270.98999,271.35001,270.74011,270.81009,164740
2026-05-29 10:52,270.95999,271.10999,270.82999,270.98499,72507
2026-05-29 10:53,271.005,271.20001,270.97299,270.98999,299928
2026-05-29 10:54,271.04999,271.26001,270.92001,271.04001,140723
2026-05-29 10:55,271.63,271.64999,270.95999,271.01999,181587
2026-05-29 10:56,271.62,271.64001,271.46899,271.63,79852
2026-05-29 10:57,271.45999,271.62,271.44,271.6001,148772
2026-05-29 10:58,271.51001,271.53,271.42001,271.45401,105343
2026-05-29 10:59,271.13,271.5231,271.07001,271.48001,134512
2026-05-29 11:00,271.20999,271.35001,271.13,271.14001,62139
2026-05-29 11:01,271.26999,271.37,271.01001,271.22501,86856
2026-05-29 11:02,271.26001,271.44501,271.19501,271.29001,60065
2026-05-29 11:03,271.63,271.67001,271.30499,271.30499,80368
2026-05-29 11:04,271.70001,271.79999,271.62,271.64999,56575
2026-05-29 11:05,271.53,271.75,271.42001,271.70001,77868
2026-05-29 11:06,271.55499,271.63,271.495,271.51999,71841
2026-05-29 11:07,271.60501,271.64499,271.51999,271.57501,48593
2026-05-29 11:08,271.6701,271.70001,271.54999,271.60999,58157
2026-05-29 11:09,271.815,272.005,271.67999,271.67999,76592
2026-05-29 11:10,271.83499,271.87991,271.80499,271.815,37682
2026-05-29 11:11,272.05499,272.10999,271.8201,271.85001,92185
2026-05-29 11:12,272.1398,272.155,272.03,272.07001,59886
2026-05-29 11:13,272.23999,272.23999,272.03699,272.13501,70013
2026-05-29 11:14,272.16501,272.22501,272.1001,272.20999,40993
2026-05-29 11:15,272.36499,272.39749,272.14999,272.17999,63336
2026-05-29 11:16,272.36499,272.40851,272.23001,272.35001,79453
2026-05-29 11:17,272.51999,272.57999,272.26999,272.35999,67338
2026-05-29 11:18,272.35501,272.61499,272.35001,272.51001,78020
2026-05-29 11:19,272.35001,272.44,272.31021,272.35501,30076
2026-05-29 11:20,272.28,272.33499,272.22,272.33499,60640
2026-05-29 11:21,272.26501,272.32001,272.17999,272.28,42897
2026-05-29 11:22,272.37,272.38,272.20999,272.26501,34505
2026-05-29 11:23,272.39001,272.45001,272.29999,272.35001,68515
2026-05-29 11:24,272.435,272.63641,272.37,272.38,108296
2026-05-29 11:25,272.22,272.44,272.17001,272.44,40559
2026-05-29 11:26,272.25,272.27499,272.17999,272.26999,53623
2026-05-29 11:27,272.29001,272.29001,272.155,272.26001,37225
2026-05-29 11:28,272.51999,272.62,272.26001,272.26999,58662
2026-05-29 11:29,272.30499,272.62399,272.28,272.51999,44426
2026-05-29 11:30,272.38501,272.39999,272.20001,272.32501,52923
2026-05-29 11:31,272.42001,272.48001,272.26001,272.39001,42219
2026-05-29 11:32,272.75,272.755,272.44,272.45999,64554
2026-05-29 11:33,272.64001,272.79999,272.64001,272.75,52255
2026-05-29 11:34,272.54999,272.73999,272.54999,272.63,31127
2026-05-29 11:35,272.66501,272.67731,272.53,272.53,31704
2026-05-29 11:36,272.78,272.85989,272.6701,272.67429,54504
2026-05-29 11:37,272.42999,272.82999,272.36011,272.76501,74653
2026-05-29 11:38,272.5,272.53809,272.39999,272.42999,45123
2026-05-29 11:39,272.67001,272.69501,272.42999,272.5,26353
2026-05-29 11:40,272.72501,272.72501,272.63,272.69501,52470
2026-05-29 11:41,272.56,272.73499,272.56,272.715,29807
2026-05-29 11:42,272.625,272.63,272.535,272.5799,39474
2026-05-29 11:43,272.66949,272.69,272.57001,272.60999,57945
2026-05-29 11:44,272.64999,272.70001,272.58011,272.64999,39398
2026-05-29 11:45,272.60501,272.67001,272.54999,272.64999,69684
2026-05-29 11:46,272.54501,272.60989,272.5,272.60001,55644
2026-05-29 11:47,272.5,272.56,272.45999,272.51001,54849
2026-05-29 11:48,272.32001,272.54001,272.31009,272.52499,42715
2026-05-29 11:49,272.60501,272.64999,272.35001,272.35001,55437
2026-05-29 11:50,272.565,272.67001,272.53601,272.60001,29146
2026-05-29 11:51,272.61499,272.64001,272.52499,272.57001,30848
2026-05-29 11:52,272.51999,272.64999,272.51999,272.61499,32820
2026-05-29 11:53,272.51001,272.54001,272.47009,272.51999,29122
2026-05-29 11:54,272.45999,272.48999,272.45999,272.48499,25297
2026-05-29 11:55,272.63501,272.64999,272.42001,272.45499,40313
2026-05-29 11:56,272.70001,272.75,272.625,272.63501,34122
2026-05-29 11:57,272.80042,272.88,272.64999,272.68011,51955
2026-05-29 11:58,272.81009,272.88,272.76001,272.815,70012
2026-05-29 11:59,272.92999,273.04001,272.76999,272.79001,77045
2026-05-29 12:00,272.75,272.935,272.75,272.91,34421
2026-05-29 12:01,272.92999,272.95001,272.70999,272.73999,43525
2026-05-29 12:02,272.8475,273.03,272.815,272.92499,35787
2026-05-29 12:03,272.905,272.91,272.85001,272.85999,25540
2026-05-29 12:04,272.87,272.90799,272.8475,272.89001,31041
2026-05-29 12:05,272.75,272.85001,272.70999,272.85001,31980
2026-05-29 12:06,272.67001,272.79999,272.60001,272.73999,61830
2026-05-29 12:07,272.64001,272.7699,272.60001,272.64499,40638
2026-05-29 12:08,272.6572,272.67001,272.60999,272.60999,26139
2026-05-29 12:09,272.6618,272.70499,272.60001,272.64999,35977
2026-05-29 12:10,272.73001,272.73999,272.63,272.66,51831
2026-05-29 12:11,272.67001,272.75,272.67001,272.75,31294
2026-05-29 12:12,272.60501,272.69031,272.60501,272.66,35715
2026-05-29 12:13,272.60001,272.62,272.47,272.60001,43415
2026-05-29 12:14,272.66501,272.66501,272.57999,272.57999,18630
2026-05-29 12:15,272.69,272.72,272.64999,272.70001,38609
2026-05-29 12:16,272.685,272.75,272.66,272.67999,52056
2026-05-29 12:17,272.715,272.80499,272.67999,272.685,41029
2026-05-29 12:18,272.32001,272.78,272.31,272.715,84755
2026-05-29 12:19,272.29001,272.39001,272.27499,272.34,53948
2026-05-29 12:20,272.14001,272.26999,272.14001,272.26999,63004
2026-05-29 12:21,272.535,272.535,272.13,272.14001,57355
2026-05-29 12:22,272.62,272.67499,272.535,272.535,34821
2026-05-29 12:23,272.60001,272.70499,272.57001,272.60001,35043
2026-05-29 12:24,272.57999,272.66,272.54999,272.60501,127208
2026-05-29 12:25,272.37,272.57001,272.35999,272.57001,41271
2026-05-29 12:26,272.32999,272.37,272.25,272.35001,33104
2026-05-29 12:27,272.28,272.35999,272.26999,272.32501,28409
2026-05-29 12:28,271.95001,272.29001,271.95001,272.29001,33413
2026-05-29 12:29,271.79501,271.98001,271.79001,271.98001,39943
2026-05-29 12:30,271.67001,271.82001,271.655,271.81,43936
2026-05-29 12:31,272.04999,272.20999,271.67001,271.67001,125806
2026-05-29 12:32,272.17001,272.17999,272.065,272.07999,43046
2026-05-29 12:33,272.1066,272.17001,272.03,272.14999,39711
2026-05-29 12:34,272.10001,272.20001,272.10001,272.125,41984
2026-05-29 12:35,272.09,272.14001,272.03,272.09,32002
2026-05-29 12:36,272.01999,272.12,272.0,272.09,23630
2026-05-29 12:37,271.98001,272.26001,271.98001,272.0004,52745
2026-05-29 12:38,272.0101,272.04999,271.92999,271.97009,41602
2026-05-29 12:39,271.98999,272.06989,271.95041,272.03,30672
2026-05-29 12:40,272.04001,272.09,271.95001,271.98999,38868
2026-05-29 12:41,272.13,272.13501,272.0,272.04001,35541
2026-05-29 12:42,272.09,272.14001,272.04001,272.13989,24119
2026-05-29 12:43,272.23709,272.30499,272.07999,272.09,61839
2026-05-29 12:44,272.17001,272.25,272.14001,272.25,34800
2026-05-29 12:45,272.10999,272.28,272.07001,272.19,52384
2026-05-29 12:46,272.04999,272.20499,272.01999,272.14001,42213
2026-05-29 12:47,271.927,272.04001,271.88501,272.01999,43487
2026-05-29 12:48,271.89001,271.90509,271.80499,271.89999,34733
2026-05-29 12:49,271.82999,271.91,271.82999,271.875,29986
2026-05-29 12:50,271.64001,271.80499,271.61011,271.79999,30081
2026-05-29 12:51,271.5899,271.6698,271.57999,271.6698,37644
2026-05-29 12:52,271.45999,271.59,271.35001,271.59,53027
2026-05-29 12:53,271.48001,271.53,271.41501,271.465,35786
2026-05-29 12:54,271.285,271.48499,271.27499,271.48499,29055
2026-05-29 12:55,271.14999,271.31,271.13,271.28989,28413
2026-05-29 12:56,271.19,271.19,271.035,271.13,32268
2026-05-29 12:57,271.0,271.19849,270.95001,271.18839,44392
2026-05-29 12:58,270.88,271.01001,270.87,270.99359,44398
2026-05-29 12:59,270.98001,271.03989,270.82001,270.87,59238
2026-05-29 13:00,271.26001,271.27499,270.95001,270.98001,76424
2026-05-29 13:01,271.41,271.44989,271.26001,271.26001,69314
2026-05-29 13:02,271.20999,271.51999,271.20999,271.42001,53379
2026-05-29 13:03,271.01999,271.20001,271.0,271.20001,41919
2026-05-29 13:04,270.995,271.09,270.92001,271.02689,38815
2026-05-29 13:05,271.05499,271.09,270.97,270.995,29842
2026-05-29 13:06,271.155,271.17001,271.01001,271.06,38496
2026-05-29 13:07,271.32999,271.34949,271.09399,271.14999,44519
2026-05-29 13:08,271.25,271.34949,271.23291,271.3201,50789
2026-05-29 13:09,271.26999,271.31,271.18701,271.26001,38261
2026-05-29 13:10,271.32999,271.34,271.255,271.27011,36099
2026-05-29 13:11,271.29001,271.34,271.17999,271.32001,67464
2026-05-29 13:12,271.10999,271.38,271.09,271.31,63025
2026-05-29 13:13,271.23999,271.25,271.10001,271.13,31046
2026-05-29 13:14,271.14499,271.25989,271.12,271.23999,32994
2026-05-29 13:15,271.12,271.155,271.07001,271.155,38211
2026-05-29 13:16,271.29999,271.29999,271.07791,271.09052,33900
2026-05-29 13:17,271.23999,271.35999,271.23999,271.31,44370
2026-05-29 13:18,271.20499,271.23999,271.09,271.23999,70690
2026-05-29 13:19,271.26999,271.29001,271.20001,271.20001,15733
2026-05-29 13:20,270.98999,271.35001,270.97009,271.27499,125227
2026-05-29 13:21,271.03,271.125,270.87,270.97989,78566
2026-05-29 13:22,270.95999,271.01001,270.85001,271.01001,28968
2026-05-29 13:23,271.0,271.04001,270.92001,270.97989,70024
2026-05-29 13:24,271.28,271.29001,270.97009,270.97009,63132
2026-05-29 13:25,271.16,271.45999,271.14999,271.26001,45218
2026-05-29 13:26,271.14499,271.16501,271.03,271.14999,47278
2026-05-29 13:27,271.12,271.18991,271.07999,271.13,35949
2026-05-29 13:28,271.17001,271.20999,271.10049,271.11499,42349
2026-05-29 13:29,271.23001,271.25,271.11719,271.17001,53642
2026-05-29 13:30,271.07001,271.23001,271.07001,271.23001,61225
2026-05-29 13:31,271.07971,271.14999,271.04001,271.07001,40904
2026-05-29 13:32,270.98499,271.06,270.98001,271.06,45457
2026-05-29 13:33,271.14999,271.14999,270.95001,271.00461,66273
2026-05-29 13:34,271.22,271.23999,271.04001,271.09009,44975
2026-05-29 13:35,271.13,271.20999,271.07999,271.20001,26719
2026-05-29 13:36,271.09,271.14001,271.06,271.13,18258
2026-05-29 13:37,271.17001,271.20001,271.10001,271.10001,35948
2026-05-29 13:38,271.07001,271.2298,271.04999,271.17999,45033
2026-05-29 13:39,271.10999,271.14001,271.03009,271.03009,22430
2026-05-29 13:40,271.17499,271.25,271.10001,271.10001,31667
2026-05-29 13:41,271.09,271.177,271.09,271.17499,19363
2026-05-29 13:42,271.07001,271.10999,271.07001,271.07999,21513
2026-05-29 13:43,271.14001,271.14001,271.01999,271.06,52690
2026-05-29 13:44,271.01999,271.14999,270.995,271.14001,61047
2026-05-29 13:45,271.25009,271.32001,271.01501,271.01501,63016
2026-05-29 13:46,271.34,271.35989,271.23999,271.25,49902
2026-05-29 13:47,271.23499,271.33499,271.23001,271.32001,33679
2026-05-29 13:48,271.285,271.29999,271.23499,271.23499,31367
2026-05-29 13:49,271.285,271.35001,271.26001,271.26999,32524
2026-05-29 13:50,271.245,271.28,271.17001,271.28,26748
2026-05-29 13:51,271.42499,271.53,271.245,271.245,57010
2026-05-29 13:52,271.26501,271.42999,271.23499,271.39999,27505
2026-05-29 13:53,271.28,271.31,271.185,271.25,47207
2026-05-29 13:54,271.23001,271.28,271.23001,271.27011,19765
2026-05-29 13:55,271.05499,271.22,271.0,271.22,64689
2026-05-29 13:56,271.04999,271.13,271.04001,271.05499,31885
2026-05-29 13:57,270.85999,271.04001,270.83499,271.04001,46686
2026-05-29 13:58,270.95001,270.98001,270.85001,270.88,29242
2026-05-29 13:59,270.91089,270.94,270.85001,270.94,31027
2026-05-29 14:00,270.875,270.92999,270.82001,270.89999,40537
2026-05-29 14:01,270.8399,270.93079,270.8399,270.88,23519
2026-05-29 14:02,270.85999,270.935,270.79001,270.82501,43864
2026-05-29 14:03,270.875,270.875,270.82001,270.85999,24679
2026-05-29 14:04,270.98499,270.98499,270.85999,270.85999,25333
2026-05-29 14:05,270.85999,271.06,270.85999,270.98999,47002
2026-05-29 14:06,270.79999,270.87,270.76999,270.87,34786
2026-05-29 14:07,270.85001,270.89999,270.79001,270.79999,33902
2026-05-29 14:08,270.78989,270.84821,270.70001,270.845,38614
2026-05-29 14:09,270.76999,270.82999,270.75,270.785,51897
2026-05-29 14:10,270.755,270.82999,270.715,270.79501,54750
2026-05-29 14:11,270.75,270.79001,270.62009,270.77499,68192
2026-05-29 14:12,270.70999,270.77991,270.67001,270.76001,30560
2026-05-29 14:13,270.70999,270.73001,270.67001,270.70999,31900
2026-05-29 14:14,270.625,270.72,270.54001,270.70999,53342
2026-05-29 14:15,270.5,270.69,270.45001,270.62,81778
2026-05-29 14:16,270.35999,270.51501,270.34,270.48001,43546
2026-05-29 14:17,270.28,270.35999,270.23001,270.35999,61791
2026-05-29 14:18,270.4299,270.47,270.245,270.28,48558
2026-05-29 14:19,270.44,270.53,270.375,270.42001,45796
2026-05-29 14:20,270.60999,270.63,270.42001,270.45001,51360
2026-05-29 14:21,270.82001,270.85001,270.60999,270.60999,69498
2026-05-29 14:22,270.86499,270.875,270.79001,270.82501,52471
2026-05-29 14:23,270.77509,270.85999,270.755,270.85999,38786
2026-05-29 14:24,270.79419,270.81,270.72,270.76639,45901
2026-05-29 14:25,270.72,270.78909,270.69,270.78,29771
2026-05-29 14:26,270.76501,270.79001,270.715,270.715,41966
2026-05-29 14:27,270.73001,270.79001,270.67999,270.78,37585
2026-05-29 14:28,270.72,270.76001,270.63751,270.70999,41656
2026-05-29 14:29,270.64499,270.79501,270.64001,270.73999,31940
2026-05-29 14:30,270.69,270.72,270.64001,270.655,26511
2026-05-29 14:31,270.67999,270.73999,270.64001,270.69,33268
2026-05-29 14:32,270.70001,270.78,270.6601,270.67999,26557
2026-05-29 14:33,270.75,270.815,270.70001,270.70001,33728
2026-05-29 14:34,270.69,270.84,270.66,270.73999,39847
2026-05-29 14:35,270.64059,270.73001,270.64011,270.6601,25442
2026-05-29 14:36,270.67999,270.70999,270.61099,270.6546,29334
2026-05-29 14:37,270.75,270.76999,270.68011,270.69,23162
2026-05-29 14:38,270.72,270.7699,270.72,270.73999,25853
2026-05-29 14:39,270.59,270.73001,270.59,270.73001,52317
2026-05-29 14:40,270.44501,270.60999,270.44,270.60999,89189
2026-05-29 14:41,270.31,270.45999,270.31,270.44501,50143
2026-05-29 14:42,270.31,270.32501,270.13,270.28,57362
2026-05-29 14:43,270.44,270.45001,270.28,270.29999,23028
2026-05-29 14:44,270.39001,270.51999,270.39001,270.435,41753
2026-05-29 14:45,269.8399,270.40009,269.64001,270.39001,198648
2026-05-29 14:46,269.875,269.92999,269.73001,269.845,66445
2026-05-29 14:47,269.98001,270.01001,269.88,269.88,28490
2026-05-29 14:48,270.17001,270.17999,270.0,270.0,42332
2026-05-29 14:49,270.17499,270.2807,270.155,270.17001,35906
2026-05-29 14:50,270.2193,270.255,270.14001,270.17001,32192
2026-05-29 14:51,270.01999,270.2294,270.01999,270.22,41772
2026-05-29 14:52,269.95001,270.03,269.91501,270.02991,41439
2026-05-29 14:53,269.87,269.95001,269.85001,269.9404,41403
2026-05-29 14:54,269.89001,269.94989,269.87,269.87,30183
2026-05-29 14:55,269.94501,269.98001,269.84,269.89001,55589
2026-05-29 14:56,269.95499,270.06,269.94501,269.94751,46776
2026-05-29 14:57,269.84,269.95001,269.84,269.95001,36442
2026-05-29 14:58,269.89001,269.89001,269.76999,269.85001,71319
2026-05-29 14:59,269.82999,269.88,269.80499,269.88,39575
2026-05-29 15:00,269.76999,269.9101,269.70999,269.83499,82850
2026-05-29 15:01,269.73999,269.78,269.67499,269.76999,54167
2026-05-29 15:02,269.94501,269.95999,269.73001,269.75,81262
2026-05-29 15:03,270.08011,270.125,269.91,269.94,100930
2026-05-29 15:04,270.26001,270.29999,270.04001,270.10001,108180
2026-05-29 15:05,270.45001,270.48001,270.26001,270.26001,98569
2026-05-29 15:06,270.53009,270.53989,270.42999,270.48001,70436
2026-05-29 15:07,270.51001,270.63501,270.48001,270.53,87159
2026-05-29 15:08,270.54001,270.62,270.48001,270.5,41310
2026-05-29 15:09,270.315,270.55991,270.29001,270.53,60269
2026-05-29 15:10,270.27499,270.32001,270.21201,270.315,58200
2026-05-29 15:11,270.345,270.35001,270.20999,270.26001,47290
2026-05-29 15:12,270.28,270.35999,270.28,270.35999,46514
2026-05-29 15:13,270.28,270.32932,270.20001,270.2699,43317
2026-05-29 15:14,270.29999,270.34,270.28,270.28,38305
2026-05-29 15:15,270.22501,270.29501,270.17999,270.29501,57079
2026-05-29 15:16,270.39499,270.435,270.20001,270.22,123837
2026-05-29 15:17,270.31,270.42499,270.23999,270.39499,92814
2026-05-29 15:18,270.42999,270.44501,270.29001,270.31,68716
2026-05-29 15:19,270.50009,270.52631,270.32999,270.41501,59327
2026-05-29 15:20,270.56,270.57001,270.44,270.51001,42058
2026-05-29 15:21,270.60001,270.62,270.51019,270.57001,49876
2026-05-29 15:22,270.595,270.64999,270.56,270.62,54379
2026-05-29 15:23,270.5675,270.67999,270.56,270.595,67606
2026-05-29 15:24,270.565,270.60501,270.54999,270.54999,27441
2026-05-29 15:25,270.5,270.57001,270.4437,270.56,36212
2026-05-29 15:26,270.70999,270.70999,270.51001,270.51999,51032
2026-05-29 15:27,270.76599,270.79999,270.715,270.715,44452
2026-05-29 15:28,270.82001,270.88,270.78,270.78,84533
2026-05-29 15:29,270.909,270.95999,270.82999,270.82999,59216
2026-05-29 15:30,271.10001,271.13,270.88,270.90009,76648
2026-05-29 15:31,271.16,271.17999,271.095,271.095,48791
2026-05-29 15:32,271.14499,271.17999,271.01001,271.14999,78653
2026-05-29 15:33,271.07001,271.14999,271.0,271.1499,56062
2026-05-29 15:34,271.17001,271.17001,271.03,271.03,55135
2026-05-29 15:35,271.14969,271.19501,271.12,271.17999,68880
2026-05-29 15:36,271.17999,271.23999,271.07999,271.14999,72737
2026-05-29 15:37,271.32001,271.32001,271.17999,271.19501,53779
2026-05-29 15:38,271.23999,271.35999,271.22089,271.31119,79891
2026-05-29 15:39,271.185,271.28,271.17499,271.26001,55848
2026-05-29 15:40,271.07999,271.19,270.94,271.185,79803
2026-05-29 15:41,271.06,271.17999,271.04999,271.07001,79948
2026-05-29 15:42,271.03,271.12,270.95001,271.06,59841
2026-05-29 15:43,271.10001,271.12,271.03,271.03,58001
2026-05-29 15:44,271.03,271.10001,271.03,271.09,62929
2026-05-29 15:45,270.98001,271.07501,270.97501,271.01999,80492
2026-05-29 15:46,270.84,270.97501,270.82501,270.97501,75647
2026-05-29 15:47,270.7403,270.88,270.73999,270.82999,57508
2026-05-29 15:48,270.94,270.94,270.755,270.76001,84146
2026-05-29 15:49,270.95999,271.0,270.92499,270.94501,74774
2026-05-29 15:50,271.98999,272.13062,270.95001,270.97,357279
2026-05-29 15:51,271.6969,271.98999,271.57001,271.98999,221583
2026-05-29 15:52,271.7341,271.84,271.57001,271.69,170837
2026-05-29 15:53,271.20001,271.81,270.95999,271.73001,279429
2026-05-29 15:54,271.5,271.58499,271.17001,271.20001,234356
2026-05-29 15:55,271.095,271.57999,270.91,271.48999,249417
2026-05-29 15:56,270.89001,271.155,270.85999,271.095,252288
2026-05-29 15:57,270.48499,270.89999,270.48001,270.89001,244235
2026-05-29 15:58,270.48999,270.64001,270.45999,270.48999,328257
2026-05-29 15:59,270.64999,270.82001,270.47,270.5,773433
