Price,Close,High,Low,Open,Volume
Ticker,SI=F,SI=F,SI=F,SI=F,SI=F
Datetime,,,,,
2026-09-17 00:00,64.15,64.16,64.15,64.16,0
2026-09-17 00:01,64.165,64.165,64.135,64.15,8
2026-09-17 00:02,64.155,64.155,64.15,64.15,5
2026-09-17 00:03,64.16,64.16,64.145,64.145,2
2026-09-17 00:04,64.16,64.16,64.16,64.16,1
2026-09-17 00:05,64.135,64.16,64.135,64.135,8
2026-09-17 00:06,64.13,64.145,64.13,64.135,11
2026-09-17 00:07,64.15,64.15,64.11,64.115,7
2026-09-17 00:08,64.16,64.165,64.15,64.16,7
2026-09-17 00:09,64.165,64.17,64.165,64.17,2
2026-09-17 00:10,64.14,64.16,64.14,64.16,5
2026-09-17 00:11,64.15,64.15,64.15,64.15,1
2026-09-17 00:12,64.135,64.135,64.13,64.13,2
2026-09-17 00:13,64.135,64.135,64.135,64.135,3
2026-09-17 00:14,64.12,64.14,64.12,64.13,9
2026-09-17 00:15,64.115,64.13,64.105,64.12,9
2026-09-17 00:16,64.135,64.135,64.115,64.125,18
2026-09-17 00:17,64.12,64.12,64.12,64.12,1
2026-09-17 00:18,64.125,64.13,64.125,64.13,2
2026-09-17 00:19,64.15,64.155,64.15,64.155,2
2026-09-17 00:20,64.125,64.125,64.125,64.125,2
2026-09-17 00:21,64.16,64.17,64.16,64.16,5
2026-09-17 00:22,64.135,64.135,64.135,64.135,1
2026-09-17 00:23,64.135,64.135,64.135,64.135,1
2026-09-17 00:24,64.11,64.11,64.11,64.11,1
2026-09-17 00:25,64.09,64.135,64.08,64.11,24
2026-09-17 00:26,64.09,64.09,64.075,64.085,10
2026-09-17 00:27,64.085,64.085,64.08,64.08,4
2026-09-17 00:28,64.08,64.09,64.07,64.09,5
2026-09-17 00:30,64.04,64.065,64.04,64.065,7
2026-09-17 00:31,64.095,64.095,64.05,64.05,3
2026-09-17 00:32,64.08,64.1,64.08,64.1,2
2026-09-17 00:33,64.07,64.07,64.07,64.07,2
2026-09-17 00:34,64.07,64.07,64.07,64.07,1
2026-09-17 00:35,64.06,64.07,64.06,64.07,10
2026-09-17 00:36,64.08,64.08,64.07,64.075,3
2026-09-17 00:37,64.115,64.135,64.115,64.115,10
2026-09-17 00:38,64.145,64.145,64.12,64.12,3
2026-09-17 00:39,64.14,64.175,64.14,64.15,21
2026-09-17 00:40,64.135,64.135,64.135,64.135,1
2026-09-17 00:41,64.125,64.125,64.125,64.125,1
2026-09-17 00:42,64.13,64.135,64.13,64.135,3
2026-09-17 00:43,64.205,64.215,64.135,64.135,20
2026-09-17 00:44,64.19,64.19,64.19,64.19,1
2026-09-17 00:45,64.22,64.23,64.215,64.215,4
2026-09-17 00:46,64.235,64.24,64.23,64.23,16
2026-09-17 00:47,64.23,64.23,64.23,64.23,2
2026-09-17 00:48,64.24,64.24,64.23,64.23,3
2026-09-17 00:49,64.235,64.235,64.225,64.23,4
2026-09-17 00:50,64.205,64.205,64.195,64.2,6
2026-09-17 00:51,64.205,64.205,64.195,64.195,3
2026-09-17 00:53,64.185,64.185,64.185,64.185,2
2026-09-17 00:54,64.18,64.185,64.18,64.185,3
2026-09-17 00:55,64.135,64.145,64.135,64.145,9
2026-09-17 00:56,64.16,64.16,64.15,64.15,2
2026-09-17 00:57,64.19,64.19,64.165,64.17,9
2026-09-17 00:58,64.165,64.165,64.165,64.165,2
2026-09-17 00:59,64.175,64.18,64.175,64.18,2
2026-09-17 01:00,64.2,64.205,64.19,64.19,5
2026-09-17 01:01,64.2,64.21,64.19,64.19,16
2026-09-17 01:02,64.205,64.205,64.205,64.205,2
2026-09-17 01:03,64.18,64.2,64.18,64.2,2
2026-09-17 01:04,64.195,64.195,64.18,64.18,9
2026-09-17 01:05,64.205,64.205,64.205,64.205,3
2026-09-17 01:07,64.17,64.18,64.17,64.18,4
2026-09-17 01:08,64.165,64.175,64.145,64.165,8
2026-09-17 01:09,64.165,64.165,64.165,64.165,2
2026-09-17 01:10,64.125,64.135,64.125,64.135,8
2026-09-17 01:11,64.13,64.13,64.12,64.12,9
2026-09-17 01:12,64.125,64.14,64.125,64.135,4
2026-09-17 01:13,64.17,64.17,64.17,64.17,1
2026-09-17 01:14,64.13,64.13,64.13,64.13,1
2026-09-17 01:15,64.12,64.13,64.115,64.13,6
2026-09-17 01:17,64.095,64.11,64.095,64.11,4
2026-09-17 01:18,64.075,64.075,64.07,64.075,4
2026-09-17 01:19,64.045,64.07,64.045,64.07,6
2026-09-17 01:20,64.01,64.045,64.005,64.045,18
2026-09-17 01:21,64.015,64.015,64.005,64.01,4
2026-09-17 01:22,64.015,64.015,64.015,64.015,3
2026-09-17 01:23,63.965,64.005,63.965,64.005,18
2026-09-17 01:24,63.965,63.965,63.945,63.955,10
2026-09-17 01:25,63.99,63.99,63.97,63.97,3
2026-09-17 01:26,63.95,63.995,63.95,63.99,28
2026-09-17 01:27,63.95,63.95,63.95,63.95,1
2026-09-17 01:28,63.96,63.965,63.94,63.955,10
2026-09-17 01:29,63.92,63.95,63.915,63.94,22
2026-09-17 01:30,64.045,64.06,63.89,63.92,124
2026-09-17 01:31,64.09,64.09,64.015,64.035,19
2026-09-17 01:32,64.105,64.135,64.065,64.065,13
2026-09-17 01:33,64.115,64.125,64.11,64.115,11
2026-09-17 01:34,64.105,64.18,64.09,64.13,36
2026-09-17 01:35,64.135,64.145,64.085,64.115,28
2026-09-17 01:36,64.08,64.125,64.075,64.115,17
2026-09-17 01:37,64.095,64.095,64.08,64.08,5
2026-09-17 01:38,64.145,64.18,64.095,64.095,30
2026-09-17 01:39,64.175,64.175,64.115,64.14,7
2026-09-17 01:40,64.135,64.185,64.135,64.18,6
2026-09-17 01:41,64.105,64.105,64.1,64.1,2
2026-09-17 01:42,64.145,64.15,64.145,64.15,6
2026-09-17 01:43,64.15,64.15,64.14,64.14,4
2026-09-17 01:44,64.135,64.15,64.125,64.14,8
2026-09-17 01:45,64.14,64.16,64.135,64.15,15
2026-09-17 01:46,64.155,64.155,64.125,64.145,5
2026-09-17 01:47,64.18,64.205,64.165,64.165,25
2026-09-17 01:48,64.215,64.235,64.185,64.19,35
2026-09-17 01:49,64.165,64.215,64.14,64.215,22
2026-09-17 01:50,64.17,64.195,64.17,64.19,5
2026-09-17 01:51,64.195,64.195,64.195,64.195,1
2026-09-17 01:52,64.175,64.175,64.175,64.175,1
2026-09-17 01:53,64.19,64.205,64.16,64.16,11
2026-09-17 01:55,64.25,64.25,64.2,64.2,42
2026-09-17 01:56,64.225,64.25,64.21,64.25,92
2026-09-17 01:57,64.155,64.21,64.155,64.21,20
2026-09-17 01:58,64.17,64.175,64.155,64.165,20
2026-09-17 01:59,64.21,64.21,64.175,64.185,10
2026-09-17 02:00,64.155,64.2,64.145,64.195,37
2026-09-17 02:01,64.185,64.21,64.165,64.195,23
2026-09-17 02:02,64.19,64.195,64.17,64.175,20
2026-09-17 02:03,64.22,64.225,64.19,64.19,26
2026-09-17 02:04,64.18,64.23,64.17,64.23,31
2026-09-17 02:05,64.21,64.215,64.18,64.185,11
2026-09-17 02:06,64.29,64.305,64.215,64.215,66
2026-09-17 02:07,64.245,64.265,64.235,64.265,29
2026-09-17 02:08,64.265,64.29,64.24,64.245,19
2026-09-17 02:09,64.25,64.26,64.225,64.255,22
2026-09-17 02:10,64.25,64.265,64.25,64.255,8
2026-09-17 02:11,64.285,64.295,64.205,64.22,23
2026-09-17 02:12,64.28,64.33,64.265,64.3,35
2026-09-17 02:13,64.28,64.29,64.28,64.28,10
2026-09-17 02:14,64.31,64.31,64.27,64.285,34
2026-09-17 02:15,64.21,64.285,64.2,64.285,19
2026-09-17 02:16,64.18,64.2,64.16,64.2,30
2026-09-17 02:17,64.195,64.195,64.16,64.175,15
2026-09-17 02:18,64.23,64.245,64.205,64.205,29
2026-09-17 02:19,64.215,64.235,64.215,64.225,15
2026-09-17 02:20,64.235,64.245,64.225,64.23,10
2026-09-17 02:21,64.21,64.235,64.21,64.225,9
2026-09-17 02:22,64.23,64.255,64.215,64.225,13
2026-09-17 02:23,64.205,64.235,64.205,64.235,9
2026-09-17 02:24,64.22,64.25,64.205,64.205,18
2026-09-17 02:25,64.245,64.265,64.245,64.25,20
2026-09-17 02:26,64.3,64.3,64.245,64.245,27
2026-09-17 02:27,64.27,64.295,64.26,64.295,37
2026-09-17 02:28,64.255,64.27,64.25,64.26,23
2026-09-17 02:29,64.3,64.31,64.255,64.255,38
2026-09-17 02:30,64.295,64.32,64.27,64.295,51
2026-09-17 02:31,64.35,64.365,64.295,64.3,89
2026-09-17 02:32,64.3,64.365,64.295,64.35,50
2026-09-17 02:33,64.35,64.35,64.305,64.305,38
2026-09-17 02:34,64.35,64.35,64.335,64.34,12
2026-09-17 02:35,64.295,64.345,64.295,64.34,45
2026-09-17 02:36,64.27,64.32,64.27,64.3,48
2026-09-17 02:37,64.2,64.275,64.185,64.275,51
2026-09-17 02:38,64.19,64.205,64.19,64.195,19
2026-09-17 02:39,64.19,64.215,64.165,64.215,58
2026-09-17 02:40,64.235,64.235,64.17,64.175,42
2026-09-17 02:41,64.235,64.235,64.22,64.225,11
2026-09-17 02:42,64.275,64.275,64.24,64.245,38
2026-09-17 02:43,64.27,64.28,64.265,64.265,39
2026-09-17 02:44,64.255,64.26,64.24,64.26,9
2026-09-17 02:45,64.265,64.28,64.235,64.245,16
2026-09-17 02:46,64.25,64.27,64.25,64.26,3
2026-09-17 02:47,64.275,64.28,64.245,64.255,19
2026-09-17 02:48,64.285,64.29,64.26,64.265,26
2026-09-17 02:49,64.315,64.34,64.295,64.295,16
2026-09-17 02:50,64.27,64.29,64.26,64.29,14
2026-09-17 02:51,64.245,64.265,64.245,64.265,27
2026-09-17 02:52,64.27,64.27,64.25,64.25,2
2026-09-17 02:53,64.285,64.295,64.235,64.245,23
2026-09-17 02:54,64.27,64.285,64.265,64.28,10
2026-09-17 02:55,64.245,64.28,64.245,64.28,7
2026-09-17 02:56,64.245,64.25,64.225,64.23,16
2026-09-17 02:57,64.285,64.285,64.23,64.255,30
2026-09-17 02:58,64.255,64.29,64.255,64.29,28
2026-09-17 02:59,64.255,64.275,64.255,64.27,21
2026-09-17 03:00,64.255,64.275,64.24,64.275,34
2026-09-17 03:01,64.265,64.27,64.245,64.245,26
2026-09-17 03:02,64.255,64.27,64.245,64.27,10
2026-09-17 03:03,64.275,64.275,64.24,64.25,5
2026-09-17 03:04,64.28,64.28,64.28,64.28,1
2026-09-17 03:05,64.335,64.335,64.275,64.275,24
2026-09-17 03:06,64.305,64.335,64.305,64.335,10
2026-09-17 03:07,64.34,64.35,64.33,64.335,37
2026-09-17 03:08,64.36,64.37,64.345,64.345,32
2026-09-17 03:09,64.38,64.39,64.37,64.37,70
2026-09-17 03:10,64.415,64.425,64.39,64.39,45
2026-09-17 03:11,64.44,64.44,64.405,64.42,49
2026-09-17 03:12,64.38,64.435,64.38,64.435,31
2026-09-17 03:13,64.39,64.405,64.39,64.395,9
2026-09-17 03:14,64.405,64.44,64.405,64.405,18
2026-09-17 03:15,64.485,64.5,64.405,64.405,53
2026-09-17 03:16,64.51,64.52,64.495,64.5,123
2026-09-17 03:17,64.55,64.555,64.51,64.51,63
2026-09-17 03:18,64.565,64.575,64.54,64.54,32
2026-09-17 03:19,64.49,64.56,64.49,64.555,31
2026-09-17 03:20,64.47,64.49,64.46,64.49,16
2026-09-17 03:21,64.42,64.47,64.415,64.47,18
2026-09-17 03:22,64.435,64.44,64.415,64.42,13
2026-09-17 03:23,64.475,64.475,64.445,64.45,5
2026-09-17 03:24,64.535,64.56,64.495,64.495,29
2026-09-17 03:25,64.545,64.55,64.53,64.53,6
2026-09-17 03:26,64.57,64.58,64.55,64.56,21
2026-09-17 03:27,64.755,64.77,64.59,64.595,331
2026-09-17 03:28,64.745,64.78,64.735,64.76,74
2026-09-17 03:29,64.76,64.77,64.74,64.75,26
2026-09-17 03:30,64.8,64.81,64.75,64.75,37
2026-09-17 03:31,64.785,64.815,64.78,64.795,21
2026-09-17 03:32,64.84,64.845,64.79,64.795,15
2026-09-17 03:33,64.85,64.855,64.83,64.85,33
2026-09-17 03:34,64.84,64.87,64.835,64.85,37
2026-09-17 03:35,64.76,64.83,64.76,64.83,81
2026-09-17 03:36,64.8,64.815,64.765,64.77,29
2026-09-17 03:37,64.775,64.805,64.77,64.8,32
2026-09-17 03:38,64.8,64.81,64.78,64.79,40
2026-09-17 03:39,64.87,64.89,64.815,64.815,88
2026-09-17 03:40,64.895,64.905,64.86,64.885,36
2026-09-17 03:41,64.865,64.905,64.865,64.9,33
2026-09-17 03:42,64.815,64.85,64.805,64.85,26
2026-09-17 03:43,64.83,64.835,64.82,64.835,7
2026-09-17 03:44,64.825,64.83,64.8,64.83,58
2026-09-17 03:45,64.81,64.835,64.8,64.83,13
2026-09-17 03:46,64.88,64.89,64.79,64.8,53
2026-09-17 03:47,64.905,64.91,64.87,64.87,21
2026-09-17 03:48,64.86,64.91,64.855,64.9,26
2026-09-17 03:49,64.87,64.905,64.87,64.875,34
2026-09-17 03:50,64.82,64.865,64.82,64.865,37
2026-09-17 03:51,64.825,64.835,64.805,64.815,20
2026-09-17 03:52,64.79,64.845,64.785,64.845,14
2026-09-17 03:53,64.775,64.795,64.775,64.795,26
2026-09-17 03:54,64.76,64.8,64.76,64.79,11
2026-09-17 03:55,64.675,64.745,64.67,64.745,44
2026-09-17 03:56,64.63,64.67,64.625,64.67,37
2026-09-17 03:57,64.77,64.78,64.64,64.64,336
2026-09-17 03:58,64.78,64.805,64.765,64.775,206
2026-09-17 03:59,64.79,64.81,64.79,64.79,11
2026-09-17 04:00,64.775,64.805,64.76,64.795,29
2026-09-17 04:01,64.79,64.805,64.775,64.775,18
2026-09-17 04:02,64.775,64.79,64.765,64.79,13
2026-09-17 04:03,64.73,64.775,64.73,64.775,9
2026-09-17 04:04,64.765,64.775,64.75,64.75,17
2026-09-17 04:05,64.74,64.76,64.735,64.76,16
2026-09-17 04:06,64.72,64.74,64.71,64.74,21
2026-09-17 04:07,64.745,64.745,64.72,64.725,19
2026-09-17 04:08,64.735,64.755,64.725,64.745,12
2026-09-17 04:09,64.73,64.73,64.72,64.72,10
2026-09-17 04:10,64.695,64.725,64.69,64.725,23
2026-09-17 04:11,64.645,64.695,64.625,64.695,39
2026-09-17 04:12,64.57,64.635,64.565,64.635,35
2026-09-17 04:13,64.57,64.57,64.54,64.565,12
2026-09-17 04:14,64.575,64.575,64.555,64.575,14
2026-09-17 04:15,64.555,64.555,64.555,64.555,5
2026-09-17 04:16,64.575,64.575,64.555,64.555,4
2026-09-17 04:17,64.565,64.61,64.565,64.58,14
2026-09-17 04:18,64.53,64.58,64.53,64.575,21
2026-09-17 04:19,64.52,64.55,64.51,64.545,28
2026-09-17 04:20,64.515,64.525,64.515,64.525,6
2026-09-17 04:21,64.525,64.535,64.51,64.51,14
2026-09-17 04:22,64.53,64.53,64.51,64.525,14
2026-09-17 04:23,64.52,64.535,64.52,64.535,6
2026-09-17 04:24,64.54,64.54,64.52,64.535,13
2026-09-17 04:25,64.535,64.55,64.535,64.55,4
2026-09-17 04:26,64.535,64.555,64.53,64.55,12
2026-09-17 04:27,64.53,64.545,64.52,64.535,12
2026-09-17 04:28,64.515,64.55,64.515,64.55,8
2026-09-17 04:29,64.525,64.545,64.525,64.525,12
2026-09-17 04:30,64.495,64.54,64.49,64.54,26
2026-09-17 04:31,64.505,64.51,64.495,64.505,6
2026-09-17 04:32,64.45,64.49,64.445,64.485,41
2026-09-17 04:33,64.47,64.47,64.455,64.455,7
2026-09-17 04:34,64.505,64.505,64.485,64.485,37
2026-09-17 04:35,64.49,64.5,64.49,64.5,12
2026-09-17 04:36,64.455,64.475,64.45,64.475,9
2026-09-17 04:37,64.46,64.47,64.445,64.45,25
2026-09-17 04:38,64.415,64.45,64.415,64.45,19
2026-09-17 04:39,64.445,64.45,64.405,64.415,19
2026-09-17 04:40,64.405,64.425,64.405,64.425,4
2026-09-17 04:41,64.38,64.4,64.375,64.4,11
2026-09-17 04:42,64.39,64.39,64.37,64.37,6
2026-09-17 04:43,64.345,64.365,64.335,64.365,12
2026-09-17 04:44,64.315,64.33,64.315,64.325,6
2026-09-17 04:45,64.285,64.325,64.275,64.325,33
2026-09-17 04:46,64.285,64.295,64.265,64.285,19
2026-09-17 04:47,64.29,64.295,64.26,64.26,25
2026-09-17 04:48,64.3,64.325,64.295,64.315,10
2026-09-17 04:49,64.29,64.305,64.29,64.305,7
2026-09-17 04:50,64.315,64.325,64.285,64.29,19
2026-09-17 04:51,64.31,64.315,64.3,64.305,9
2026-09-17 04:52,64.29,64.31,64.28,64.31,30
2026-09-17 04:53,64.35,64.35,64.285,64.285,16
2026-09-17 04:54,64.345,64.345,64.335,64.34,5
2026-09-17 04:55,64.315,64.36,64.31,64.33,20
2026-09-17 04:56,64.325,64.33,64.32,64.325,11
2026-09-17 04:57,64.345,64.36,64.335,64.335,12
2026-09-17 04:58,64.31,64.33,64.31,64.33,7
2026-09-17 04:59,64.315,64.32,64.3,64.31,7
2026-09-17 05:00,64.34,64.355,64.335,64.335,8
2026-09-17 05:01,64.36,64.365,64.34,64.355,5
2026-09-17 05:02,64.36,64.37,64.335,64.345,10
2026-09-17 05:03,64.35,64.35,64.34,64.34,2
2026-09-17 05:04,64.35,64.36,64.34,64.34,7
2026-09-17 05:05,64.365,64.365,64.365,64.365,1
2026-09-17 05:06,64.41,64.425,64.355,64.355,21
2026-09-17 05:07,64.435,64.435,64.415,64.415,6
2026-09-17 05:08,64.43,64.435,64.42,64.435,4
2026-09-17 05:10,64.48,64.49,64.445,64.445,25
2026-09-17 05:11,64.48,64.485,64.455,64.485,20
2026-09-17 05:12,64.48,64.485,64.48,64.485,6
2026-09-17 05:13,64.505,64.515,64.49,64.49,18
2026-09-17 05:14,64.46,64.485,64.46,64.485,16
2026-09-17 05:15,64.45,64.48,64.45,64.46,30
2026-09-17 05:16,64.445,64.45,64.445,64.45,3
2026-09-17 05:17,64.435,64.45,64.435,64.45,5
2026-09-17 05:18,64.45,64.45,64.435,64.44,6
2026-09-17 05:19,64.435,64.435,64.435,64.435,2
2026-09-17 05:20,64.44,64.445,64.43,64.43,10
2026-09-17 05:21,64.415,64.42,64.415,64.42,3
2026-09-17 05:22,64.43,64.455,64.425,64.44,27
2026-09-17 05:23,64.42,64.43,64.42,64.43,4
2026-09-17 05:24,64.435,64.445,64.435,64.44,4
2026-09-17 05:25,64.46,64.46,64.445,64.445,5
2026-09-17 05:26,64.405,64.41,64.405,64.41,6
2026-09-17 05:27,64.38,64.415,64.38,64.4,16
2026-09-17 05:28,64.38,64.39,64.375,64.39,13
2026-09-17 05:29,64.365,64.375,64.365,64.375,17
2026-09-17 05:30,64.36,64.38,64.355,64.38,18
2026-09-17 05:31,64.395,64.395,64.36,64.36,12
2026-09-17 05:32,64.405,64.415,64.4,64.415,21
2026-09-17 05:33,64.41,64.41,64.38,64.405,14
2026-09-17 05:34,64.39,64.4,64.39,64.4,12
2026-09-17 05:35,64.37,64.405,64.37,64.37,21
2026-09-17 05:36,64.39,64.41,64.385,64.4,6
2026-09-17 05:37,64.45,64.45,64.405,64.405,25
2026-09-17 05:38,64.43,64.445,64.43,64.435,7
2026-09-17 05:39,64.42,64.43,64.42,64.43,6
2026-09-17 05:40,64.42,64.425,64.42,64.42,3
2026-09-17 05:41,64.42,64.43,64.42,64.42,3
2026-09-17 05:42,64.43,64.43,64.425,64.425,2
2026-09-17 05:43,64.43,64.43,64.43,64.43,3
2026-09-17 05:44,64.45,64.45,64.435,64.445,6
2026-09-17 05:45,64.43,64.435,64.43,64.435,8
2026-09-17 05:46,64.415,64.415,64.41,64.415,3
2026-09-17 05:47,64.415,64.415,64.4,64.4,2
2026-09-17 05:48,64.415,64.42,64.395,64.42,3
2026-09-17 05:50,64.45,64.455,64.45,64.45,17
2026-09-17 05:51,64.43,64.43,64.43,64.43,1
2026-09-17 05:52,64.45,64.45,64.435,64.44,5
2026-09-17 05:53,64.45,64.455,64.44,64.455,9
2026-09-17 05:54,64.445,64.445,64.445,64.445,1
2026-09-17 05:55,64.45,64.46,64.45,64.46,2
2026-09-17 05:56,64.4,64.43,64.39,64.43,27
2026-09-17 05:57,64.405,64.42,64.405,64.405,7
2026-09-17 05:58,64.38,64.38,64.37,64.37,4
2026-09-17 05:59,64.385,64.385,64.385,64.385,2
2026-09-17 06:00,64.385,64.385,64.385,64.385,1
2026-09-17 06:01,64.4,64.405,64.38,64.395,6
2026-09-17 06:02,64.36,64.41,64.355,64.41,12
2026-09-17 06:03,64.395,64.395,64.375,64.375,4
2026-09-17 06:04,64.38,64.41,64.375,64.41,9
2026-09-17 06:05,64.37,64.375,64.36,64.36,7
2026-09-17 06:06,64.41,64.415,64.4,64.405,12
2026-09-17 06:07,64.41,64.43,64.405,64.41,15
2026-09-17 06:08,64.37,64.395,64.37,64.395,9
2026-09-17 06:09,64.345,64.35,64.32,64.35,30
2026-09-17 06:10,64.38,64.38,64.37,64.37,6
2026-09-17 06:11,64.435,64.44,64.385,64.385,13
2026-09-17 06:12,64.435,64.455,64.435,64.45,7
2026-09-17 06:13,64.435,64.435,64.42,64.42,15
2026-09-17 06:14,64.4,64.43,64.4,64.43,7
2026-09-17 06:16,64.365,64.38,64.365,64.38,7
2026-09-17 06:19,64.345,64.385,64.345,64.385,13
2026-09-17 06:20,64.375,64.375,64.375,64.375,1
2026-09-17 06:23,64.39,64.395,64.38,64.38,5
2026-09-17 06:24,64.44,64.44,64.385,64.385,9
2026-09-17 06:25,64.435,64.44,64.425,64.425,11
2026-09-17 06:26,64.415,64.45,64.41,64.435,9
2026-09-17 06:27,64.42,64.425,64.42,64.42,13
2026-09-17 06:28,64.43,64.435,64.405,64.42,45
2026-09-17 06:29,64.395,64.42,64.385,64.42,10
2026-09-17 06:30,64.415,64.435,64.405,64.405,12
2026-09-17 06:31,64.37,64.41,64.36,64.41,4
2026-09-17 06:32,64.38,64.38,64.37,64.38,7
2026-09-17 06:33,64.325,64.365,64.325,64.365,28
2026-09-17 06:34,64.375,64.375,64.34,64.34,6
2026-09-17 06:35,64.42,64.425,64.38,64.38,29
2026-09-17 06:36,64.425,64.425,64.425,64.425,1
2026-09-17 06:37,64.425,64.445,64.425,64.44,3
2026-09-17 06:38,64.435,64.435,64.43,64.43,8
2026-09-17 06:39,64.44,64.44,64.425,64.425,4
2026-09-17 06:40,64.43,64.435,64.43,64.435,17
2026-09-17 06:41,64.395,64.395,64.395,64.395,1
2026-09-17 06:42,64.42,64.42,64.395,64.395,17
2026-09-17 06:43,64.455,64.455,64.425,64.425,4
2026-09-17 06:44,64.46,64.465,64.455,64.455,4
2026-09-17 06:45,64.455,64.475,64.45,64.455,19
2026-09-17 06:46,64.45,64.455,64.45,64.455,3
2026-09-17 06:48,64.475,64.475,64.465,64.465,8
2026-09-17 06:49,64.47,64.485,64.45,64.455,30
2026-09-17 06:50,64.485,64.485,64.475,64.475,7
2026-09-17 06:51,64.57,64.58,64.495,64.495,78
2026-09-17 06:52,64.58,64.585,64.555,64.555,25
2026-09-17 06:53,64.545,64.565,64.535,64.565,32
2026-09-17 06:54,64.53,64.545,64.53,64.545,11
2026-09-17 06:55,64.545,64.55,64.525,64.525,32
2026-09-17 06:56,64.59,64.61,64.55,64.55,18
2026-09-17 06:57,64.625,64.625,64.59,64.59,68
2026-09-17 06:58,64.6,64.605,64.585,64.605,13
2026-09-17 06:59,64.575,64.615,64.575,64.605,37
2026-09-17 07:00,64.595,64.63,64.545,64.58,114
2026-09-17 07:01,64.6,64.635,64.555,64.605,97
2026-09-17 07:02,64.63,64.66,64.585,64.605,95
2026-09-17 07:03,64.66,64.66,64.63,64.63,25
2026-09-17 07:04,64.645,64.655,64.625,64.65,23
2026-09-17 07:05,64.645,64.655,64.625,64.64,20
2026-09-17 07:06,64.63,64.65,64.62,64.64,15
2026-09-17 07:07,64.7,64.7,64.65,64.65,21
2026-09-17 07:08,64.705,64.72,64.67,64.695,27
2026-09-17 07:09,64.765,64.79,64.71,64.71,35
2026-09-17 07:10,64.755,64.8,64.755,64.77,39
2026-09-17 07:11,64.64,64.745,64.64,64.74,99
2026-09-17 07:12,64.65,64.67,64.63,64.635,21
2026-09-17 07:13,64.66,64.665,64.63,64.65,31
2026-09-17 07:14,64.73,64.73,64.66,64.66,48
2026-09-17 07:15,64.76,64.775,64.74,64.745,55
2026-09-17 07:16,64.755,64.765,64.735,64.76,23
2026-09-17 07:17,64.715,64.755,64.715,64.755,12
2026-09-17 07:18,64.68,64.705,64.68,64.7,9
2026-09-17 07:19,64.66,64.695,64.655,64.68,23
2026-09-17 07:20,64.755,64.755,64.66,64.66,34
2026-09-17 07:21,64.79,64.79,64.75,64.76,12
2026-09-17 07:22,64.77,64.81,64.765,64.775,34
2026-09-17 07:23,64.765,64.775,64.76,64.77,22
2026-09-17 07:24,64.75,64.765,64.75,64.76,8
2026-09-17 07:25,64.69,64.735,64.68,64.73,35
2026-09-17 07:26,64.71,64.71,64.695,64.7,4
2026-09-17 07:27,64.69,64.71,64.685,64.7,12
2026-09-17 07:28,64.675,64.705,64.675,64.68,13
2026-09-17 07:29,64.695,64.695,64.675,64.68,11
2026-09-17 07:30,64.655,64.69,64.655,64.69,33
2026-09-17 07:31,64.665,64.665,64.645,64.65,50
2026-09-17 07:32,64.66,64.67,64.66,64.67,6
2026-09-17 07:33,64.64,64.65,64.615,64.65,18
2026-09-17 07:34,64.625,64.635,64.62,64.625,32
2026-09-17 07:35,64.625,64.625,64.615,64.615,8
2026-09-17 07:36,64.63,64.63,64.615,64.615,7
2026-09-17 07:37,64.6,64.605,64.58,64.605,29
2026-09-17 07:38,64.6,64.615,64.6,64.605,7
2026-09-17 07:39,64.615,64.62,64.595,64.6,7
2026-09-17 07:40,64.585,64.615,64.585,64.615,17
2026-09-17 07:41,64.565,64.58,64.56,64.58,41
2026-09-17 07:42,64.59,64.595,64.565,64.565,12
2026-09-17 07:43,64.595,64.61,64.58,64.585,17
2026-09-17 07:44,64.595,64.62,64.595,64.595,19
2026-09-17 07:45,64.6,64.6,64.57,64.575,6
2026-09-17 07:46,64.62,64.625,64.61,64.615,17
2026-09-17 07:47,64.65,64.65,64.6,64.61,12
2026-09-17 07:48,64.665,64.68,64.645,64.65,32
2026-09-17 07:49,64.695,64.695,64.66,64.665,23
2026-09-17 07:50,64.72,64.73,64.68,64.695,18
2026-09-17 07:51,64.785,64.785,64.725,64.73,36
2026-09-17 07:52,64.76,64.785,64.75,64.78,35
2026-09-17 07:53,64.795,64.8,64.76,64.765,16
2026-09-17 07:54,64.83,64.835,64.795,64.81,23
2026-09-17 07:55,64.98,64.99,64.825,64.83,354
2026-09-17 07:56,64.925,64.99,64.905,64.98,117
2026-09-17 07:57,65.01,65.025,64.92,64.92,202
2026-09-17 07:58,65.165,65.26,65.005,65.01,589
2026-09-17 07:59,65.255,65.255,65.1,65.165,173
2026-09-17 08:00,65.305,65.34,65.22,65.25,243
2026-09-17 08:01,65.265,65.355,65.25,65.31,133
2026-09-17 08:02,65.205,65.28,65.145,65.245,123
2026-09-17 08:03,65.09,65.215,65.075,65.21,70
2026-09-17 08:04,65.18,65.3,65.09,65.09,421
2026-09-17 08:05,65.275,65.33,65.165,65.18,157
2026-09-17 08:06,65.28,65.295,65.205,65.27,46
2026-09-17 08:07,65.3,65.315,65.225,65.28,121
2026-09-17 08:08,65.395,65.405,65.295,65.31,112
2026-09-17 08:09,65.48,65.51,65.38,65.385,257
2026-09-17 08:10,65.425,65.51,65.425,65.48,103
2026-09-17 08:11,65.55,65.565,65.42,65.425,200
2026-09-17 08:12,65.615,65.625,65.54,65.55,185
2026-09-17 08:13,65.63,65.68,65.615,65.625,127
2026-09-17 08:14,65.71,65.745,65.61,65.625,215
2026-09-17 08:15,65.74,65.74,65.625,65.7,194
2026-09-17 08:16,65.77,65.83,65.72,65.735,306
2026-09-17 08:17,65.795,65.8,65.695,65.77,93
2026-09-17 08:18,65.895,65.905,65.795,65.8,165
2026-09-17 08:19,65.895,65.91,65.83,65.875,108
2026-09-17 08:20,65.86,65.91,65.855,65.905,184
2026-09-17 08:21,66.005,66.045,65.86,65.865,367
2026-09-17 08:22,66.015,66.025,65.975,66.005,128
2026-09-17 08:23,65.985,66.04,65.96,66.01,97
2026-09-17 08:24,65.875,66.01,65.875,65.995,108
2026-09-17 08:25,65.86,65.9,65.765,65.87,205
2026-09-17 08:26,65.965,65.965,65.845,65.865,131
2026-09-17 08:27,66.09,66.09,65.945,65.97,165
2026-09-17 08:28,66.02,66.09,66.015,66.085,141
2026-09-17 08:29,66.12,66.12,66.0,66.025,130
2026-09-17 08:30,65.965,66.07,65.93,66.07,274
2026-09-17 08:31,65.795,65.985,65.78,65.97,244
2026-09-17 08:32,65.785,65.845,65.76,65.8,89
2026-09-17 08:33,65.86,65.87,65.75,65.775,159
2026-09-17 08:34,65.895,65.915,65.85,65.865,90
2026-09-17 08:35,65.865,65.93,65.855,65.895,35
2026-09-17 08:36,65.87,65.9,65.84,65.87,50
2026-09-17 08:37,65.885,65.9,65.85,65.865,36
2026-09-17 08:38,65.85,65.9,65.815,65.885,57
2026-09-17 08:39,65.89,65.915,65.835,65.855,28
2026-09-17 08:40,65.84,65.915,65.835,65.88,63
2026-09-17 08:41,65.835,65.895,65.83,65.84,34
2026-09-17 08:42,65.78,65.83,65.76,65.83,70
2026-09-17 08:43,65.735,65.77,65.725,65.77,68
2026-09-17 08:44,65.69,65.73,65.685,65.73,80
2026-09-17 08:45,65.67,65.71,65.66,65.685,83
2026-09-17 08:46,65.72,65.72,65.665,65.67,76
2026-09-17 08:47,65.71,65.715,65.675,65.71,25
2026-09-17 08:48,65.75,65.75,65.7,65.705,34
2026-09-17 08:49,65.825,65.83,65.765,65.77,86
2026-09-17 08:50,65.86,65.885,65.855,65.875,42
2026-09-17 08:51,65.905,65.92,65.86,65.86,46
2026-09-17 08:52,65.925,65.935,65.89,65.9,23
2026-09-17 08:53,65.97,65.985,65.955,65.955,39
2026-09-17 08:54,65.98,65.985,65.965,65.98,15
2026-09-17 08:55,65.965,65.98,65.95,65.975,30
2026-09-17 08:56,65.94,65.995,65.935,65.95,37
2026-09-17 08:57,65.995,66.005,65.95,65.95,74
2026-09-17 08:58,66.005,66.015,65.97,65.995,45
2026-09-17 08:59,66.0,66.05,65.99,65.995,128
2026-09-17 09:00,66.015,66.015,65.805,65.995,538
2026-09-17 09:01,65.875,66.065,65.865,66.02,201
2026-09-17 09:02,65.915,65.935,65.825,65.875,108
2026-09-17 09:03,65.955,65.975,65.91,65.925,168
2026-09-17 09:04,65.89,65.965,65.89,65.965,92
2026-09-17 09:05,65.83,65.925,65.82,65.91,99
2026-09-17 09:06,65.92,65.92,65.795,65.825,78
2026-09-17 09:07,65.98,66.005,65.9,65.925,156
2026-09-17 09:08,66.015,66.105,65.97,65.99,189
2026-09-17 09:09,65.94,66.035,65.92,66.025,114
2026-09-17 09:10,65.865,65.96,65.855,65.93,76
2026-09-17 09:11,65.935,65.965,65.875,65.875,35
2026-09-17 09:12,65.915,65.95,65.9,65.935,29
2026-09-17 09:13,65.86,65.915,65.86,65.91,21
2026-09-17 09:14,66.03,66.04,65.86,65.87,86
2026-09-17 09:15,66.22,66.235,66.035,66.035,198
2026-09-17 09:16,66.215,66.23,66.12,66.23,119
2026-09-17 09:17,66.15,66.225,66.12,66.22,115
2026-09-17 09:18,66.21,66.24,66.15,66.155,160
2026-09-17 09:19,66.125,66.25,66.105,66.21,143
2026-09-17 09:20,66.145,66.185,66.13,66.135,52
2026-09-17 09:21,66.145,66.16,66.125,66.155,29
2026-09-17 09:22,66.085,66.16,66.085,66.14,28
2026-09-17 09:23,65.995,66.095,65.995,66.095,60
2026-09-17 09:24,65.97,65.995,65.93,65.995,61
2026-09-17 09:25,65.96,65.995,65.94,65.965,43
2026-09-17 09:26,65.95,65.99,65.945,65.965,39
2026-09-17 09:27,65.91,65.955,65.91,65.945,42
2026-09-17 09:28,65.9,65.915,65.87,65.915,75
2026-09-17 09:29,65.865,65.89,65.85,65.89,42
2026-09-17 09:30,65.925,65.93,65.835,65.88,236
2026-09-17 09:31,65.815,65.92,65.81,65.915,112
2026-09-17 09:32,65.905,65.91,65.82,65.82,45
2026-09-17 09:33,66.0,66.01,65.9,65.91,114
2026-09-17 09:34,66.05,66.06,65.955,66.005,49
2026-09-17 09:35,66.07,66.165,66.05,66.06,159
2026-09-17 09:36,66.0,66.09,65.965,66.085,134
2026-09-17 09:37,65.98,66.045,65.975,65.99,62
2026-09-17 09:38,65.89,65.99,65.88,65.97,103
2026-09-17 09:39,65.85,65.925,65.845,65.875,69
2026-09-17 09:40,65.9,65.9,65.835,65.86,73
2026-09-17 09:41,65.825,65.92,65.8,65.89,61
2026-09-17 09:42,65.855,65.87,65.8,65.805,53
2026-09-17 09:43,65.895,65.895,65.755,65.855,75
2026-09-17 09:44,65.885,65.89,65.86,65.89,31
2026-09-17 09:45,65.925,65.94,65.84,65.9,70
2026-09-17 09:46,66.08,66.085,65.905,65.915,115
2026-09-17 09:47,66.18,66.23,66.07,66.08,190
2026-09-17 09:48,66.12,66.205,66.075,66.19,83
2026-09-17 09:49,66.21,66.27,66.11,66.13,194
2026-09-17 09:50,66.225,66.23,66.17,66.21,98
2026-09-17 09:51,66.21,66.26,66.185,66.235,97
2026-09-17 09:52,66.22,66.255,66.19,66.215,44
2026-09-17 09:53,66.22,66.22,66.18,66.22,94
2026-09-17 09:54,66.185,66.235,66.18,66.21,47
2026-09-17 09:55,66.21,66.22,66.185,66.205,29
2026-09-17 09:56,66.255,66.26,66.165,66.2,56
2026-09-17 09:57,66.17,66.245,66.15,66.245,64
2026-09-17 09:58,66.16,66.195,66.135,66.17,36
2026-09-17 09:59,66.23,66.23,66.17,66.19,43
2026-09-17 10:00,66.16,66.245,66.13,66.245,69
2026-09-17 10:01,66.245,66.245,66.135,66.16,84
2026-09-17 10:02,66.265,66.28,66.205,66.24,139
2026-09-17 10:03,66.35,66.35,66.255,66.26,129
2026-09-17 10:04,66.41,66.445,66.34,66.345,294
2026-09-17 10:05,66.4,66.415,66.32,66.405,193
2026-09-17 10:06,66.545,66.555,66.415,66.415,340
2026-09-17 10:07,66.485,66.565,66.47,66.53,306
2026-09-17 10:08,66.555,66.555,66.46,66.49,124
2026-09-17 10:09,66.575,66.67,66.54,66.545,355
2026-09-17 10:10,66.53,66.62,66.53,66.575,132
2026-09-17 10:11,66.525,66.565,66.495,66.535,114
2026-09-17 10:12,66.45,66.52,66.405,66.52,210
2026-09-17 10:13,66.475,66.505,66.455,66.46,138
2026-09-17 10:14,66.535,66.55,66.49,66.49,60
2026-09-17 10:15,66.495,66.525,66.47,66.495,80
2026-09-17 10:16,66.55,66.595,66.49,66.49,83
2026-09-17 10:17,66.525,66.585,66.49,66.555,96
2026-09-17 10:18,66.47,66.52,66.465,66.52,52
2026-09-17 10:19,66.49,66.52,66.46,66.47,77
2026-09-17 10:20,66.43,66.51,66.42,66.495,59
2026-09-17 10:21,66.425,66.43,66.39,66.42,80
2026-09-17 10:22,66.44,66.48,66.43,66.435,54
2026-09-17 10:23,66.45,66.48,66.44,66.45,21
2026-09-17 10:24,66.49,66.515,66.46,66.465,52
2026-09-17 10:25,66.48,66.49,66.445,66.49,48
2026-09-17 10:26,66.55,66.55,66.475,66.495,43
2026-09-17 10:27,66.485,66.555,66.45,66.55,186
2026-09-17 10:28,66.395,66.5,66.395,66.495,54
2026-09-17 10:29,66.38,66.42,66.355,66.4,161
2026-09-17 10:30,66.415,66.415,66.335,66.385,62
2026-09-17 10:31,66.42,66.45,66.405,66.415,67
2026-09-17 10:32,66.41,66.425,66.39,66.415,58
2026-09-17 10:33,66.445,66.465,66.415,66.415,27
2026-09-17 10:34,66.48,66.505,66.43,66.44,85
2026-09-17 10:35,66.46,66.505,66.46,66.5,39
2026-09-17 10:36,66.435,66.485,66.41,66.48,32
2026-09-17 10:37,66.37,66.425,66.325,66.425,116
2026-09-17 10:38,66.34,66.38,66.34,66.37,44
2026-09-17 10:39,66.3,66.345,66.29,66.335,55
2026-09-17 10:40,66.345,66.35,66.275,66.295,119
2026-09-17 10:41,66.32,66.37,66.305,66.34,125
2026-09-17 10:42,66.31,66.325,66.3,66.31,52
2026-09-17 10:43,66.245,66.3,66.24,66.3,55
2026-09-17 10:44,66.27,66.285,66.25,66.255,36
2026-09-17 10:45,66.33,66.33,66.25,66.275,35
2026-09-17 10:46,66.3,66.355,66.3,66.34,35
2026-09-17 10:47,66.245,66.315,66.23,66.28,39
2026-09-17 10:48,66.25,66.275,66.245,66.255,27
2026-09-17 10:49,66.275,66.28,66.25,66.25,22
2026-09-17 10:50,66.215,66.29,66.215,66.29,42
2026-09-17 10:51,66.265,66.28,66.225,66.225,28
2026-09-17 10:52,66.185,66.26,66.175,66.255,44
2026-09-17 10:53,66.115,66.175,66.105,66.17,43
2026-09-17 10:54,66.105,66.145,66.085,66.105,99
2026-09-17 10:55,66.07,66.12,66.055,66.105,128
2026-09-17 10:56,66.065,66.085,66.03,66.065,56
2026-09-17 10:57,66.05,66.075,66.03,66.06,120
2026-09-17 10:58,66.035,66.055,66.01,66.045,46
2026-09-17 10:59,66.06,66.06,66.035,66.04,22
2026-09-17 11:00,66.095,66.1,66.05,66.065,83
2026-09-17 11:01,66.095,66.12,66.075,66.105,46
2026-09-17 11:02,66.135,66.14,66.08,66.085,44
2026-09-17 11:03,66.21,66.215,66.14,66.14,50
2026-09-17 11:04,66.165,66.21,66.165,66.2,24
2026-09-17 11:05,66.145,66.175,66.13,66.15,32
2026-09-17 11:06,66.135,66.16,66.135,66.15,24
2026-09-17 11:07,66.16,66.175,66.11,66.135,58
2026-09-17 11:08,66.165,66.165,66.135,66.155,12
2026-09-17 11:09,66.155,66.165,66.125,66.165,15
2026-09-17 11:10,66.13,66.17,66.13,66.15,20
2026-09-17 11:11,66.14,66.16,66.125,66.14,40
2026-09-17 11:12,66.175,66.195,66.1,66.13,32
2026-09-17 11:13,66.26,66.26,66.17,66.17,35
2026-09-17 11:14,66.285,66.285,66.26,66.27,34
2026-09-17 11:15,66.285,66.305,66.265,66.27,89
2026-09-17 11:16,66.29,66.295,66.255,66.285,67
2026-09-17 11:17,66.325,66.335,66.29,66.29,58
2026-09-17 11:18,66.36,66.365,66.32,66.32,38
2026-09-17 11:19,66.335,66.365,66.335,66.36,25
2026-09-17 11:20,66.335,66.36,66.325,66.33,60
2026-09-17 11:21,66.335,66.35,66.325,66.33,33
2026-09-17 11:22,66.305,66.33,66.305,66.33,21
2026-09-17 11:23,66.335,66.365,66.295,66.3,18
2026-09-17 11:24,66.3,66.34,66.295,66.32,34
2026-09-17 11:25,66.32,66.385,66.315,66.315,66
2026-09-17 11:26,66.25,66.32,66.24,66.32,92
2026-09-17 11:27,66.25,66.27,66.24,66.24,17
2026-09-17 11:28,66.27,66.27,66.245,66.25,5
2026-09-17 11:29,66.305,66.305,66.275,66.285,29
2026-09-17 11:30,66.275,66.31,66.27,66.3,33
2026-09-17 11:31,66.29,66.315,66.285,66.285,23
2026-09-17 11:32,66.28,66.31,66.265,66.29,14
2026-09-17 11:33,66.265,66.27,66.22,66.23,21
2026-09-17 11:34,66.29,66.305,66.245,66.245,27
2026-09-17 11:35,66.33,66.35,66.275,66.3,23
2026-09-17 11:36,66.345,66.35,66.325,66.325,25
2026-09-17 11:37,66.34,66.34,66.325,66.335,50
2026-09-17 11:38,66.33,66.36,66.33,66.345,21
2026-09-17 11:39,66.32,66.335,66.305,66.335,16
2026-09-17 11:40,66.4,66.4,66.33,66.33,44
2026-09-17 11:41,66.395,66.4,66.365,66.385,24
2026-09-17 11:42,66.38,66.425,66.38,66.4,34
2026-09-17 11:43,66.375,66.385,66.36,66.37,18
2026-09-17 11:44,66.405,66.405,66.38,66.38,15
2026-09-17 11:45,66.365,66.4,66.365,66.39,14
2026-09-17 11:46,66.355,66.38,66.355,66.38,20
2026-09-17 11:47,66.31,66.355,66.31,66.355,38
2026-09-17 11:48,66.33,66.34,66.295,66.31,25
2026-09-17 11:49,66.31,66.365,66.275,66.315,107
2026-09-17 11:50,66.3,66.34,66.3,66.31,25
2026-09-17 11:51,66.34,66.35,66.305,66.31,18
2026-09-17 11:52,66.395,66.4,66.355,66.365,34
2026-09-17 11:53,66.375,66.395,66.37,66.395,43
2026-09-17 11:54,66.375,66.375,66.365,66.365,14
2026-09-17 11:55,66.375,66.38,66.34,66.37,24
2026-09-17 11:56,66.335,66.375,66.335,66.37,19
2026-09-17 11:57,66.37,66.37,66.35,66.35,22
2026-09-17 11:58,66.395,66.395,66.37,66.37,17
2026-09-17 11:59,66.41,66.42,66.385,66.385,30
2026-09-17 12:00,66.44,66.45,66.395,66.405,57
2026-09-17 12:01,66.45,66.46,66.44,66.45,39
2026-09-17 12:02,66.425,66.45,66.415,66.45,38
2026-09-17 12:03,66.405,66.43,66.405,66.43,10
2026-09-17 12:04,66.405,66.425,66.4,66.405,38
2026-09-17 12:05,66.395,66.43,66.395,66.415,28
2026-09-17 12:06,66.35,66.4,66.34,66.4,28
2026-09-17 12:07,66.36,66.37,66.34,66.35,26
2026-09-17 12:08,66.355,66.385,66.35,66.375,11
2026-09-17 12:09,66.37,66.385,66.35,66.35,25
2026-09-17 12:10,66.365,66.405,66.36,66.385,16
2026-09-17 12:11,66.33,66.365,66.33,66.36,31
2026-09-17 12:12,66.355,66.355,66.33,66.33,19
2026-09-17 12:13,66.32,66.34,66.315,66.34,32
2026-09-17 12:14,66.305,66.325,66.3,66.315,15
2026-09-17 12:15,66.295,66.315,66.29,66.31,32
2026-09-17 12:16,66.275,66.285,66.27,66.285,20
2026-09-17 12:17,66.29,66.295,66.275,66.285,29
2026-09-17 12:18,66.28,66.285,66.265,66.28,30
2026-09-17 12:19,66.305,66.31,66.255,66.28,33
2026-09-17 12:20,66.27,66.315,66.27,66.305,26
2026-09-17 12:21,66.275,66.285,66.26,66.27,18
2026-09-17 12:22,66.285,66.285,66.26,66.265,13
2026-09-17 12:23,66.29,66.305,66.275,66.275,23
2026-09-17 12:24,66.31,66.31,66.295,66.3,7
2026-09-17 12:25,66.275,66.33,66.275,66.3,20
2026-09-17 12:26,66.27,66.28,66.24,66.27,30
2026-09-17 12:27,66.26,66.27,66.255,66.26,15
2026-09-17 12:28,66.29,66.29,66.255,66.27,16
2026-09-17 12:29,66.29,66.3,66.28,66.29,9
2026-09-17 12:30,66.265,66.295,66.25,66.285,23
2026-09-17 12:31,66.225,66.265,66.22,66.265,26
2026-09-17 12:32,66.165,66.22,66.165,66.21,44
2026-09-17 12:33,66.145,66.175,66.135,66.17,26
2026-09-17 12:34,66.135,66.145,66.1,66.14,40
2026-09-17 12:35,66.17,66.175,66.135,66.135,34
2026-09-17 12:36,66.185,66.185,66.14,66.155,32
2026-09-17 12:37,66.165,66.185,66.155,66.185,22
2026-09-17 12:38,66.125,66.16,66.125,66.16,54
2026-09-17 12:39,66.165,66.165,66.12,66.135,69
2026-09-17 12:40,66.18,66.185,66.16,66.16,24
2026-09-17 12:41,66.185,66.185,66.17,66.175,13
2026-09-17 12:42,66.145,66.18,66.145,66.18,12
2026-09-17 12:43,66.15,66.165,66.135,66.145,30
2026-09-17 12:44,66.175,66.185,66.145,66.165,21
2026-09-17 12:45,66.215,66.215,66.19,66.19,19
2026-09-17 12:46,66.215,66.225,66.205,66.205,17
2026-09-17 12:47,66.21,66.23,66.21,66.225,14
2026-09-17 12:48,66.16,66.2,66.16,66.2,9
2026-09-17 12:49,66.125,66.15,66.125,66.145,11
2026-09-17 12:50,66.09,66.12,66.09,66.12,24
2026-09-17 12:51,66.085,66.1,66.06,66.095,55
2026-09-17 12:52,66.14,66.14,66.085,66.09,21
2026-09-17 12:53,66.17,66.17,66.125,66.135,20
2026-09-17 12:54,66.165,66.18,66.16,66.18,13
2026-09-17 12:55,66.08,66.16,66.025,66.16,423
2026-09-17 12:56,66.105,66.11,66.065,66.09,28
2026-09-17 12:57,66.145,66.145,66.1,66.12,19
2026-09-17 12:58,66.175,66.175,66.145,66.15,16
2026-09-17 12:59,66.2,66.205,66.17,66.17,25
2026-09-17 13:00,66.265,66.265,66.205,66.215,57
2026-09-17 13:01,66.25,66.26,66.225,66.26,35
2026-09-17 13:02,66.19,66.25,66.185,66.245,56
2026-09-17 13:03,66.245,66.245,66.185,66.185,29
2026-09-17 13:04,66.305,66.305,66.245,66.25,23
2026-09-17 13:05,66.335,66.335,66.3,66.305,31
2026-09-17 13:06,66.37,66.38,66.325,66.325,43
2026-09-17 13:07,66.385,66.39,66.37,66.38,26
2026-09-17 13:08,66.365,66.395,66.36,66.39,36
2026-09-17 13:09,66.335,66.37,66.335,66.35,26
2026-09-17 13:10,66.325,66.325,66.29,66.325,50
2026-09-17 13:11,66.33,66.34,66.32,66.325,12
2026-09-17 13:12,66.28,66.31,66.28,66.31,18
2026-09-17 13:13,66.345,66.35,66.295,66.3,38
2026-09-17 13:14,66.31,66.355,66.3,66.355,28
2026-09-17 13:15,66.28,66.325,66.26,66.315,110
2026-09-17 13:16,66.205,66.27,66.2,66.27,62
2026-09-17 13:17,66.21,66.225,66.2,66.2,33
2026-09-17 13:18,66.16,66.195,66.15,66.195,28
2026-09-17 13:19,66.17,66.175,66.14,66.155,31
2026-09-17 13:20,66.185,66.185,66.16,66.18,32
2026-09-17 13:21,66.17,66.175,66.155,66.165,35
2026-09-17 13:22,66.185,66.19,66.14,66.15,59
2026-09-17 13:23,66.13,66.2,66.13,66.19,91
2026-09-17 13:24,66.105,66.135,66.07,66.12,500
2026-09-17 13:25,66.165,66.175,66.11,66.115,67
2026-09-17 13:26,66.115,66.15,66.115,66.15,30
2026-09-17 13:27,66.085,66.115,66.08,66.105,94
2026-09-17 13:28,66.11,66.11,66.075,66.085,28
2026-09-17 13:29,66.105,66.115,66.085,66.1,31
2026-09-17 13:30,66.085,66.125,66.08,66.11,26
2026-09-17 13:31,66.1,66.11,66.09,66.095,19
2026-09-17 13:32,66.11,66.12,66.095,66.1,9
2026-09-17 13:33,66.095,66.13,66.095,66.125,28
2026-09-17 13:34,66.11,66.11,66.095,66.1,22
2026-09-17 13:35,66.135,66.135,66.115,66.115,6
2026-09-17 13:36,66.13,66.15,66.13,66.15,12
2026-09-17 13:37,66.075,66.13,66.075,66.125,31
2026-09-17 13:38,66.065,66.07,66.06,66.07,11
2026-09-17 13:39,66.075,66.075,66.055,66.07,20
2026-09-17 13:40,66.1,66.105,66.1,66.1,3
2026-09-17 13:41,66.115,66.13,66.105,66.115,14
2026-09-17 13:42,66.125,66.13,66.105,66.115,8
2026-09-17 13:43,66.125,66.135,66.125,66.13,11
2026-09-17 13:44,66.12,66.125,66.12,66.125,2
2026-09-17 13:45,66.13,66.135,66.12,66.125,71
2026-09-17 13:46,66.125,66.13,66.1,66.115,26
2026-09-17 13:47,66.125,66.125,66.115,66.12,16
2026-09-17 13:48,66.095,66.115,66.085,66.115,9
2026-09-17 13:49,66.105,66.105,66.105,66.105,4
2026-09-17 13:50,66.11,66.13,66.11,66.11,13
2026-09-17 13:51,66.115,66.115,66.095,66.1,40
2026-09-17 13:52,66.1,66.105,66.08,66.105,17
2026-09-17 13:53,66.1,66.11,66.075,66.08,23
2026-09-17 13:54,66.095,66.1,66.09,66.1,8
2026-09-17 13:55,66.105,66.105,66.105,66.105,1
2026-09-17 13:56,66.11,66.11,66.11,66.11,1
2026-09-17 13:57,66.085,66.125,66.085,66.1,40
2026-09-17 13:58,66.085,66.105,66.08,66.08,25
2026-09-17 13:59,66.085,66.095,66.075,66.08,24
2026-09-17 14:00,66.08,66.105,66.065,66.09,38
2026-09-17 14:01,66.11,66.115,66.1,66.1,30
2026-09-17 14:02,66.07,66.12,66.07,66.105,39
2026-09-17 14:03,66.1,66.1,66.065,66.065,13
2026-09-17 14:04,66.11,66.115,66.095,66.095,6
2026-09-17 14:05,66.13,66.145,66.11,66.11,24
2026-09-17 14:06,66.095,66.135,66.095,66.125,19
2026-09-17 14:07,66.095,66.095,66.07,66.08,19
2026-09-17 14:08,66.115,66.115,66.105,66.105,11
2026-09-17 14:09,66.095,66.105,66.085,66.1,6
2026-09-17 14:10,66.11,66.11,66.075,66.085,33
2026-09-17 14:11,66.12,66.13,66.11,66.11,12
2026-09-17 14:12,66.16,66.16,66.13,66.135,21
2026-09-17 14:13,66.155,66.17,66.145,66.165,14
2026-09-17 14:14,66.17,66.175,66.155,66.16,18
2026-09-17 14:15,66.19,66.19,66.17,66.17,12
2026-09-17 14:16,66.18,66.22,66.18,66.19,36
2026-09-17 14:17,66.165,66.185,66.16,66.18,27
2026-09-17 14:18,66.115,66.155,66.115,66.155,28
2026-09-17 14:19,66.12,66.13,66.12,66.13,6
2026-09-17 14:20,66.1,66.12,66.095,66.115,13
2026-09-17 14:21,66.055,66.09,66.045,66.09,37
2026-09-17 14:22,66.06,66.065,66.035,66.055,14
2026-09-17 14:23,66.075,66.08,66.075,66.075,8
2026-09-17 14:24,66.065,66.08,66.06,66.075,14
2026-09-17 14:25,66.065,66.085,66.065,66.065,12
2026-09-17 14:26,66.075,66.075,66.06,66.06,39
2026-09-17 14:27,66.07,66.075,66.06,66.075,13
2026-09-17 14:28,66.05,66.065,66.045,66.065,30
2026-09-17 14:29,65.975,66.05,65.92,66.05,182
2026-09-17 14:30,65.93,65.985,65.93,65.98,45
2026-09-17 14:31,65.935,65.945,65.925,65.925,37
2026-09-17 14:32,65.95,65.955,65.92,65.935,19
2026-09-17 14:33,65.93,65.95,65.93,65.94,16
2026-09-17 14:34,65.895,65.935,65.895,65.935,21
2026-09-17 14:35,65.85,65.905,65.85,65.9,67
2026-09-17 14:36,65.845,65.855,65.82,65.85,52
2026-09-17 14:37,65.875,65.885,65.85,65.85,14
2026-09-17 14:38,65.86,65.87,65.85,65.86,21
2026-09-17 14:39,65.865,65.87,65.855,65.855,8
2026-09-17 14:40,65.87,65.87,65.855,65.855,6
2026-09-17 14:41,65.89,65.895,65.875,65.885,14
2026-09-17 14:42,65.875,65.885,65.875,65.885,7
2026-09-17 14:43,65.9,65.915,65.88,65.88,6
2026-09-17 14:44,65.93,65.93,65.915,65.915,7
2026-09-17 14:45,65.9,65.93,65.9,65.925,13
2026-09-17 14:46,65.89,65.895,65.87,65.895,22
2026-09-17 14:47,65.875,65.875,65.87,65.87,4
2026-09-17 14:48,65.935,65.935,65.88,65.88,10
2026-09-17 14:49,65.925,65.94,65.925,65.93,5
2026-09-17 14:50,65.87,65.915,65.87,65.915,16
2026-09-17 14:51,65.88,65.895,65.86,65.875,17
2026-09-17 14:52,65.855,65.885,65.845,65.875,14
2026-09-17 14:53,65.845,65.85,65.83,65.845,7
2026-09-17 14:54,65.865,65.865,65.845,65.845,8
2026-09-17 14:55,65.86,65.87,65.86,65.87,2
2026-09-17 14:56,65.84,65.855,65.84,65.855,20
2026-09-17 14:57,65.86,65.86,65.855,65.855,4
2026-09-17 14:58,65.855,65.86,65.855,65.855,5
2026-09-17 14:59,65.85,65.855,65.845,65.855,11
2026-09-17 15:00,65.885,65.89,65.85,65.85,28
2026-09-17 15:01,65.93,65.935,65.88,65.885,14
2026-09-17 15:02,65.92,65.925,65.91,65.92,6
2026-09-17 15:03,65.92,65.92,65.92,65.92,2
2026-09-17 15:04,65.905,65.92,65.905,65.92,10
2026-09-17 15:05,65.91,65.92,65.91,65.915,6
2026-09-17 15:06,65.935,65.945,65.935,65.94,8
2026-09-17 15:07,65.935,65.94,65.92,65.935,7
2026-09-17 15:08,65.94,65.95,65.935,65.935,11
2026-09-17 15:09,65.925,65.94,65.915,65.94,7
2026-09-17 15:10,65.91,65.93,65.91,65.93,8
2026-09-17 15:11,65.91,65.925,65.895,65.905,18
2026-09-17 15:12,65.925,65.925,65.885,65.895,7
2026-09-17 15:13,65.92,65.93,65.92,65.93,8
2026-09-17 15:14,65.91,65.91,65.91,65.91,1
2026-09-17 15:15,65.865,65.895,65.86,65.895,9
2026-09-17 15:16,65.835,65.85,65.835,65.85,6
2026-09-17 15:17,65.77,65.805,65.76,65.805,92
2026-09-17 15:18,65.8,65.805,65.77,65.775,21
2026-09-17 15:19,65.825,65.825,65.795,65.795,12
2026-09-17 15:20,65.8,65.82,65.8,65.82,6
2026-09-17 15:21,65.775,65.8,65.775,65.79,12
2026-09-17 15:22,65.755,65.78,65.755,65.78,34
2026-09-17 15:23,65.74,65.76,65.74,65.76,17
2026-09-17 15:24,65.775,65.79,65.745,65.745,19
2026-09-17 15:25,65.775,65.775,65.77,65.775,9
2026-09-17 15:26,65.79,65.815,65.79,65.8,53
2026-09-17 15:27,65.75,65.79,65.75,65.77,25
2026-09-17 15:28,65.775,65.775,65.74,65.745,14
2026-09-17 15:29,65.74,65.78,65.74,65.78,19
2026-09-17 15:30,65.755,65.78,65.73,65.74,9
2026-09-17 15:31,65.785,65.805,65.76,65.76,4
2026-09-17 15:32,65.775,65.8,65.775,65.785,7
2026-09-17 15:33,65.78,65.78,65.765,65.775,4
2026-09-17 15:34,65.785,65.785,65.765,65.775,4
2026-09-17 15:35,65.76,65.78,65.76,65.765,11
2026-09-17 15:36,65.775,65.775,65.755,65.755,4
2026-09-17 15:37,65.77,65.775,65.76,65.77,5
2026-09-17 15:38,65.77,65.77,65.765,65.765,5
2026-09-17 15:39,65.77,65.77,65.755,65.765,10
2026-09-17 15:41,65.795,65.81,65.79,65.79,12
2026-09-17 15:42,65.8,65.8,65.78,65.795,35
2026-09-17 15:43,65.785,65.805,65.78,65.805,9
2026-09-17 15:44,65.79,65.8,65.79,65.795,6
2026-09-17 15:45,65.835,65.835,65.795,65.795,10
2026-09-17 15:46,65.83,65.86,65.83,65.84,27
2026-09-17 15:47,65.84,65.84,65.825,65.825,5
2026-09-17 15:48,65.815,65.825,65.815,65.825,15
2026-09-17 15:49,65.825,65.825,65.815,65.82,18
2026-09-17 15:50,65.865,65.88,65.82,65.83,18
2026-09-17 15:51,65.855,65.87,65.855,65.865,17
2026-09-17 15:52,65.855,65.875,65.845,65.865,100
2026-09-17 15:53,65.895,65.905,65.84,65.845,57
2026-09-17 15:54,65.84,65.92,65.84,65.895,81
2026-09-17 15:55,65.8,65.86,65.775,65.85,141
2026-09-17 15:56,65.82,65.825,65.8,65.805,31
2026-09-17 15:57,65.85,65.855,65.815,65.83,73
2026-09-17 15:58,65.835,65.86,65.825,65.84,36
2026-09-17 15:59,65.81,65.835,65.805,65.835,25
2026-09-17 16:00,65.815,65.825,65.81,65.815,9
2026-09-17 16:01,65.815,65.83,65.805,65.81,15
2026-09-17 16:03,65.81,65.815,65.805,65.815,13
2026-09-17 16:05,65.81,65.81,65.78,65.79,14
2026-09-17 16:06,65.825,65.825,65.825,65.825,5
2026-09-17 16:08,65.83,65.835,65.83,65.835,6
2026-09-17 16:09,65.815,65.815,65.815,65.815,3
2026-09-17 16:10,65.785,65.8,65.78,65.8,8
2026-09-17 16:11,65.775,65.78,65.765,65.78,22
2026-09-17 16:12,65.76,65.76,65.76,65.76,1
2026-09-17 16:13,65.77,65.775,65.77,65.77,3
2026-09-17 16:14,65.765,65.765,65.765,65.765,1
2026-09-17 16:15,65.77,65.77,65.77,65.77,3
2026-09-17 16:16,65.75,65.755,65.745,65.755,21
2026-09-17 16:17,65.755,65.755,65.75,65.75,2
2026-09-17 16:18,65.78,65.78,65.755,65.76,23
2026-09-17 16:19,65.76,65.795,65.76,65.795,5
2026-09-17 16:20,65.77,65.77,65.77,65.77,1
2026-09-17 16:21,65.77,65.77,65.765,65.765,2
2026-09-17 16:22,65.78,65.78,65.77,65.77,2
2026-09-17 16:23,65.775,65.785,65.775,65.785,2
2026-09-17 16:24,65.77,65.77,65.77,65.77,1
2026-09-17 16:26,65.79,65.8,65.79,65.8,3
2026-09-17 16:27,65.745,65.76,65.745,65.76,17
2026-09-17 16:28,65.765,65.765,65.765,65.765,2
2026-09-17 16:29,65.74,65.76,65.74,65.755,18
2026-09-17 16:30,65.75,65.75,65.745,65.75,10
2026-09-17 16:31,65.715,65.72,65.715,65.72,2
2026-09-17 16:32,65.73,65.735,65.725,65.725,11
2026-09-17 16:33,65.715,65.725,65.715,65.725,3
2026-09-17 16:34,65.72,65.73,65.71,65.725,64
2026-09-17 16:35,65.72,65.72,65.72,65.72,3
2026-09-17 16:36,65.73,65.73,65.73,65.73,1
2026-09-17 16:38,65.7,65.7,65.68,65.7,20
2026-09-17 16:39,65.73,65.74,65.705,65.705,9
2026-09-17 16:40,65.745,65.745,65.725,65.725,5
2026-09-17 16:41,65.74,65.74,65.735,65.74,3
2026-09-17 16:42,65.75,65.75,65.745,65.745,7
2026-09-17 16:43,65.725,65.745,65.72,65.74,19
2026-09-17 16:44,65.71,65.71,65.71,65.71,1
2026-09-17 16:45,65.705,65.72,65.705,65.71,8
2026-09-17 16:46,65.725,65.725,65.72,65.72,6
2026-09-17 16:47,65.71,65.725,65.71,65.715,4
2026-09-17 16:49,65.73,65.73,65.73,65.73,1
2026-09-17 16:50,65.71,65.735,65.71,65.735,16
2026-09-17 16:51,65.74,65.74,65.725,65.725,4
2026-09-17 16:52,65.74,65.755,65.74,65.745,4
2026-09-17 16:53,65.735,65.74,65.735,65.74,5
2026-09-17 16:54,65.745,65.745,65.735,65.735,2
2026-09-17 16:55,65.72,65.74,65.72,65.74,27
2026-09-17 16:56,65.73,65.73,65.73,65.73,4
2026-09-17 16:57,65.74,65.74,65.74,65.74,4
2026-09-17 16:58,65.71,65.735,65.71,65.735,25
2026-09-17 16:59,65.715,65.72,65.7,65.72,14
2026-09-17 18:00,65.785,65.93,65.76,65.765,0
2026-09-17 18:01,65.795,65.8,65.795,65.8,4
2026-09-17 18:02,65.78,65.78,65.74,65.74,10
2026-09-17 18:03,65.78,65.78,65.77,65.77,4
2026-09-17 18:04,65.79,65.79,65.79,65.79,3
2026-09-17 18:05,65.775,65.78,65.76,65.78,6
2026-09-17 18:06,65.785,65.785,65.765,65.78,9
2026-09-17 18:07,65.775,65.775,65.77,65.77,2
2026-09-17 18:08,65.755,65.77,65.75,65.77,3
2026-09-17 18:09,65.775,65.775,65.76,65.76,14
2026-09-17 18:10,65.755,65.755,65.755,65.755,1
2026-09-17 18:11,65.78,65.78,65.765,65.765,4
2026-09-17 18:12,65.825,65.825,65.785,65.785,17
2026-09-17 18:13,65.835,65.835,65.82,65.82,3
2026-09-17 18:14,65.825,65.835,65.81,65.83,12
2026-09-17 18:15,65.835,65.855,65.83,65.83,31
2026-09-17 18:16,65.85,65.85,65.84,65.845,5
2026-09-17 18:17,65.845,65.845,65.845,65.845,2
2026-09-17 18:18,65.815,65.815,65.805,65.805,3
2026-09-17 18:19,65.815,65.84,65.815,65.84,5
2026-09-17 18:20,65.82,65.82,65.805,65.805,4
2026-09-17 18:21,65.825,65.825,65.825,65.825,1
2026-09-17 18:22,65.825,65.835,65.825,65.825,7
2026-09-17 18:23,65.825,65.84,65.825,65.84,2
2026-09-17 18:24,65.795,65.825,65.795,65.825,3
2026-09-17 18:25,65.825,65.825,65.82,65.82,3
2026-09-17 18:26,65.81,65.835,65.81,65.835,16
2026-09-17 18:27,65.8,65.81,65.8,65.81,7
2026-09-17 18:28,65.79,65.81,65.79,65.795,6
2026-09-17 18:29,65.825,65.83,65.8,65.8,26
2026-09-17 18:30,65.835,65.84,65.815,65.82,22
2026-09-17 18:31,65.825,65.835,65.825,65.835,2
2026-09-17 18:32,65.865,65.88,65.85,65.85,17
2026-09-17 18:33,65.84,65.84,65.84,65.84,1
2026-09-17 18:34,65.855,65.855,65.835,65.835,3
2026-09-17 18:35,65.885,65.9,65.875,65.88,19
2026-09-17 18:36,65.89,65.89,65.885,65.885,3
2026-09-17 18:37,65.87,65.88,65.865,65.88,5
2026-09-17 18:38,65.865,65.865,65.865,65.865,1
2026-09-17 18:39,65.875,65.895,65.875,65.895,9
2026-09-17 18:40,65.885,65.885,65.87,65.87,3
2026-09-17 18:41,65.87,65.87,65.865,65.865,2
2026-09-17 18:42,65.85,65.85,65.85,65.85,1
2026-09-17 18:43,65.8,65.83,65.8,65.83,8
2026-09-17 18:45,65.795,65.8,65.795,65.8,3
2026-09-17 18:46,65.8,65.8,65.795,65.795,2
2026-09-17 18:47,65.795,65.805,65.79,65.805,14
2026-09-17 18:48,65.805,65.81,65.805,65.805,3
2026-09-17 18:50,65.785,65.785,65.785,65.785,1
2026-09-17 18:51,65.785,65.795,65.78,65.78,5
2026-09-17 18:52,65.78,65.78,65.78,65.78,1
2026-09-17 18:53,65.795,65.795,65.795,65.795,1
2026-09-17 18:54,65.815,65.815,65.815,65.815,1
2026-09-17 18:55,65.81,65.815,65.81,65.815,4
2026-09-17 18:56,65.83,65.83,65.795,65.8,6
2026-09-17 18:57,65.82,65.82,65.82,65.82,1
2026-09-17 19:00,65.81,65.82,65.81,65.815,6
2026-09-17 19:01,65.8,65.805,65.8,65.805,2
2026-09-17 19:02,65.805,65.805,65.805,65.805,1
2026-09-17 19:05,65.825,65.825,65.815,65.815,13
2026-09-17 19:06,65.825,65.83,65.77,65.815,32
2026-09-17 19:07,65.87,65.87,65.835,65.835,8
2026-09-17 19:08,65.865,65.87,65.86,65.86,4
2026-09-17 19:09,65.87,65.895,65.86,65.87,119
2026-09-17 19:10,65.905,65.905,65.87,65.87,7
2026-09-17 19:11,65.905,65.92,65.905,65.91,9
2026-09-17 19:12,65.91,65.91,65.89,65.905,13
2026-09-17 19:13,65.92,65.93,65.905,65.91,17
2026-09-17 19:14,65.91,65.91,65.905,65.91,30
2026-09-17 19:15,65.89,65.9,65.89,65.9,8
2026-09-17 19:16,65.825,65.89,65.825,65.89,12
2026-09-17 19:17,65.82,65.82,65.82,65.82,2
2026-09-17 19:18,65.865,65.865,65.82,65.82,5
2026-09-17 19:20,65.875,65.875,65.86,65.86,2
2026-09-17 19:21,65.86,65.875,65.86,65.86,3
2026-09-17 19:22,65.9,65.9,65.875,65.875,4
2026-09-17 19:24,65.91,65.91,65.9,65.9,7
2026-09-17 19:25,65.91,65.93,65.91,65.93,8
2026-09-17 19:26,65.875,65.895,65.86,65.895,13
2026-09-17 19:30,65.855,65.87,65.85,65.855,9
2026-09-17 19:32,65.865,65.865,65.865,65.865,1
2026-09-17 19:33,65.87,65.87,65.87,65.87,1
2026-09-17 19:34,65.88,65.88,65.88,65.88,1
2026-09-17 19:35,65.88,65.88,65.88,65.88,10
2026-09-17 19:36,65.855,65.86,65.855,65.86,2
2026-09-17 19:37,65.865,65.865,65.865,65.865,1
2026-09-17 19:39,65.86,65.87,65.86,65.86,14
2026-09-17 19:40,65.885,65.885,65.87,65.88,10
2026-09-17 19:41,65.875,65.895,65.875,65.88,17
2026-09-17 19:42,65.885,65.89,65.885,65.89,4
2026-09-17 19:43,65.865,65.87,65.865,65.87,5
2026-09-17 19:44,65.885,65.885,65.875,65.875,2
2026-09-17 19:45,65.895,65.895,65.875,65.875,15
2026-09-17 19:46,65.885,65.895,65.885,65.89,3
2026-09-17 19:48,65.915,65.92,65.905,65.905,6
2026-09-17 19:49,65.915,65.92,65.91,65.91,15
2026-09-17 19:53,65.935,65.945,65.92,65.92,15
2026-09-17 19:54,65.965,65.965,65.95,65.965,9
2026-09-17 19:55,65.955,65.955,65.945,65.945,2
2026-09-17 19:56,65.93,65.945,65.93,65.945,3
2026-09-17 19:57,65.915,65.915,65.915,65.915,2
2026-09-17 19:58,65.91,65.91,65.91,65.91,1
2026-09-17 20:00,65.85,65.925,65.85,65.91,12
2026-09-17 20:01,65.895,65.895,65.855,65.855,5
2026-09-17 20:02,65.905,65.905,65.895,65.9,4
2026-09-17 20:03,65.895,65.895,65.895,65.895,1
2026-09-17 20:04,65.925,65.925,65.925,65.925,1
2026-09-17 20:05,65.905,65.915,65.9,65.915,7
2026-09-17 20:06,65.945,65.95,65.88,65.88,13
2026-09-17 20:07,65.925,65.93,65.92,65.93,4
2026-09-17 20:08,65.93,65.935,65.905,65.905,11
2026-09-17 20:09,65.935,65.935,65.93,65.93,2
2026-09-17 20:10,65.98,65.995,65.91,65.915,83
2026-09-17 20:11,66.015,66.015,65.98,65.98,34
2026-09-17 20:12,66.025,66.025,65.995,66.005,23
2026-09-17 20:13,66.04,66.05,66.035,66.035,9
2026-09-17 20:14,66.085,66.085,66.055,66.07,13
2026-09-17 20:15,66.085,66.085,66.05,66.07,8
2026-09-17 20:16,66.065,66.075,66.06,66.075,9
2026-09-17 20:17,66.05,66.08,66.05,66.08,9
2026-09-17 20:18,66.055,66.07,66.055,66.055,3
2026-09-17 20:19,66.06,66.07,66.05,66.07,7
2026-09-17 20:20,66.05,66.05,66.05,66.05,1
2026-09-17 20:21,66.05,66.075,66.04,66.075,4
2026-09-17 20:22,66.155,66.175,66.085,66.095,78
2026-09-17 20:23,66.205,66.21,66.16,66.165,29
2026-09-17 20:24,66.16,66.19,66.16,66.19,8
2026-09-17 20:25,66.125,66.18,66.12,66.18,16
2026-09-17 20:26,66.12,66.125,66.11,66.125,5
2026-09-17 20:27,66.125,66.125,66.125,66.125,1
2026-09-17 20:28,66.07,66.12,66.07,66.12,9
2026-09-17 20:29,66.045,66.065,66.03,66.065,14
2026-09-17 20:30,66.115,66.125,66.075,66.075,6
2026-09-17 20:31,66.16,66.16,66.14,66.14,10
2026-09-17 20:32,66.155,66.16,66.155,66.155,6
2026-09-17 20:33,66.145,66.185,66.14,66.17,8
2026-09-17 20:34,66.13,66.13,66.13,66.13,3
2026-09-17 20:35,66.13,66.13,66.13,66.13,1
2026-09-17 20:36,66.145,66.165,66.145,66.145,25
2026-09-17 20:37,66.17,66.17,66.14,66.14,9
2026-09-17 20:38,66.17,66.17,66.15,66.155,6
2026-09-17 20:39,66.155,66.17,66.155,66.17,2
2026-09-17 20:41,66.155,66.17,66.155,66.16,7
2026-09-17 20:42,66.165,66.165,66.165,66.165,1
2026-09-17 20:43,66.16,66.16,66.16,66.16,1
2026-09-17 20:44,66.22,66.22,66.175,66.175,31
2026-09-17 20:45,66.21,66.22,66.21,66.22,8
2026-09-17 20:46,66.17,66.2,66.145,66.2,11
2026-09-17 20:47,66.165,66.2,66.155,66.185,26
2026-09-17 20:48,66.15,66.15,66.135,66.15,15
2026-09-17 20:49,66.135,66.15,66.135,66.15,3
2026-09-17 20:50,66.155,66.17,66.13,66.13,9
2026-09-17 20:51,66.17,66.17,66.16,66.16,3
2026-09-17 20:52,66.175,66.175,66.16,66.165,3
2026-09-17 20:54,66.165,66.175,66.155,66.175,3
2026-09-17 20:56,66.215,66.215,66.185,66.19,15
2026-09-17 20:57,66.24,66.245,66.215,66.245,13
2026-09-17 20:58,66.21,66.22,66.185,66.21,12
2026-09-17 20:59,66.265,66.28,66.215,66.255,45
2026-09-17 21:00,66.365,66.375,66.26,66.28,141
2026-09-17 21:01,66.4,66.47,66.34,66.365,83
2026-09-17 21:02,66.385,66.44,66.38,66.395,27
2026-09-17 21:03,66.43,66.445,66.36,66.36,19
2026-09-17 21:04,66.395,66.42,66.37,66.39,25
2026-09-17 21:05,66.38,66.435,66.38,66.405,64
2026-09-17 21:06,66.485,66.485,66.39,66.4,62
2026-09-17 21:07,66.395,66.47,66.37,66.47,33
2026-09-17 21:08,66.31,66.385,66.31,66.38,34
2026-09-17 21:09,66.305,66.315,66.305,66.31,11
2026-09-17 21:10,66.305,66.325,66.29,66.325,6
2026-09-17 21:11,66.315,66.315,66.28,66.295,14
2026-09-17 21:12,66.34,66.345,66.32,66.32,23
2026-09-17 21:13,66.21,66.34,66.21,66.34,33
2026-09-17 21:14,66.21,66.225,66.195,66.205,31
2026-09-17 21:15,66.215,66.215,66.16,66.195,28
2026-09-17 21:16,66.15,66.195,66.15,66.19,17
2026-09-17 21:17,66.235,66.24,66.2,66.2,21
2026-09-17 21:18,66.225,66.245,66.21,66.21,14
2026-09-17 21:19,66.32,66.35,66.23,66.25,39
2026-09-17 21:20,66.33,66.355,66.33,66.355,7
2026-09-17 21:21,66.395,66.395,66.325,66.325,6
2026-09-17 21:22,66.36,66.39,66.35,66.39,15
2026-09-17 21:23,66.335,66.38,66.335,66.37,7
2026-09-17 21:24,66.33,66.33,66.33,66.33,1
2026-09-17 21:25,66.335,66.355,66.315,66.32,9
2026-09-17 21:26,66.335,66.35,66.325,66.34,16
2026-09-17 21:27,66.34,66.34,66.33,66.33,3
2026-09-17 21:28,66.32,66.36,66.31,66.36,13
2026-09-17 21:29,66.32,66.32,66.3,66.3,9
2026-09-17 21:30,66.355,66.355,66.32,66.325,9
2026-09-17 21:31,66.285,66.32,66.285,66.32,21
2026-09-17 21:32,66.235,66.27,66.21,66.27,20
2026-09-17 21:33,66.175,66.215,66.155,66.215,23
2026-09-17 21:34,66.2,66.235,66.195,66.215,99
2026-09-17 21:35,66.19,66.205,66.18,66.18,35
2026-09-17 21:36,66.255,66.255,66.185,66.2,31
2026-09-17 21:37,66.22,66.255,66.22,66.25,10
2026-09-17 21:38,66.195,66.245,66.195,66.24,11
2026-09-17 21:39,66.16,66.195,66.155,66.19,41
2026-09-17 21:40,66.15,66.17,66.135,66.155,14
2026-09-17 21:41,66.15,66.17,66.14,66.15,25
2026-09-17 21:42,66.13,66.16,66.13,66.145,9
2026-09-17 21:43,66.15,66.18,66.15,66.16,8
2026-09-17 21:44,66.12,66.165,66.12,66.165,6
2026-09-17 21:45,66.14,66.14,66.095,66.11,52
2026-09-17 21:46,66.09,66.115,66.055,66.115,22
2026-09-17 21:47,66.17,66.17,66.105,66.105,19
2026-09-17 21:48,66.18,66.185,66.145,66.145,10
2026-09-17 21:49,66.145,66.155,66.145,66.15,6
2026-09-17 21:50,66.12,66.14,66.11,66.14,8
2026-09-17 21:51,66.08,66.115,66.065,66.115,5
2026-09-17 21:52,66.185,66.185,66.085,66.085,21
2026-09-17 21:53,66.235,66.235,66.185,66.185,15
2026-09-17 21:54,66.23,66.25,66.23,66.25,3
2026-09-17 21:55,66.23,66.24,66.21,66.21,5
2026-09-17 21:56,66.2,66.25,66.2,66.225,37
2026-09-17 21:57,66.255,66.255,66.205,66.215,12
2026-09-17 21:58,66.285,66.305,66.27,66.27,32
2026-09-17 21:59,66.265,66.265,66.25,66.25,5
2026-09-17 22:00,66.245,66.275,66.23,66.275,15
2026-09-17 22:01,66.195,66.275,66.195,66.26,16
2026-09-17 22:02,66.21,66.21,66.19,66.19,2
2026-09-17 22:03,66.245,66.255,66.235,66.245,12
2026-09-17 22:04,66.23,66.23,66.23,66.23,4
2026-09-17 22:05,66.28,66.3,66.24,66.24,21
2026-09-17 22:06,66.28,66.315,66.28,66.31,8
2026-09-17 22:07,66.295,66.3,66.28,66.295,11
2026-09-17 22:08,66.34,66.34,66.315,66.32,7
2026-09-17 22:09,66.3,66.33,66.3,66.33,8
2026-09-17 22:10,66.225,66.265,66.215,66.26,14
2026-09-17 22:11,66.24,66.24,66.22,66.22,2
2026-09-17 22:13,66.27,66.27,66.255,66.26,3
2026-09-17 22:14,66.3,66.3,66.285,66.3,4
2026-09-17 22:15,66.29,66.29,66.29,66.29,1
2026-09-17 22:16,66.3,66.3,66.29,66.29,3
2026-09-17 22:17,66.245,66.315,66.245,66.315,11
2026-09-17 22:20,66.26,66.26,66.25,66.25,5
2026-09-17 22:21,66.245,66.275,66.235,66.235,3
2026-09-17 22:22,66.235,66.24,66.235,66.24,2
2026-09-17 22:23,66.265,66.265,66.265,66.265,1
2026-09-17 22:24,66.295,66.295,66.295,66.295,4
2026-09-17 22:26,66.32,66.32,66.3,66.3,3
2026-09-17 22:27,66.3,66.3,66.295,66.3,3
2026-09-17 22:28,66.28,66.3,66.265,66.3,75
2026-09-17 22:29,66.32,66.32,66.295,66.295,5
2026-09-17 22:30,66.395,66.42,66.29,66.32,52
2026-09-17 22:31,66.405,66.45,66.385,66.4,31
2026-09-17 22:32,66.38,66.385,66.38,66.38,3
2026-09-17 22:33,66.41,66.42,66.39,66.39,9
2026-09-17 22:34,66.385,66.415,66.355,66.415,16
2026-09-17 22:35,66.365,66.395,66.345,66.395,11
2026-09-17 22:36,66.38,66.39,66.375,66.38,12
2026-09-17 22:37,66.28,66.375,66.28,66.375,14
2026-09-17 22:38,66.27,66.275,66.23,66.275,20
2026-09-17 22:39,66.275,66.285,66.255,66.255,7
2026-09-17 22:40,66.295,66.305,66.275,66.28,31
2026-09-17 22:41,66.32,66.32,66.295,66.305,7
2026-09-17 22:42,66.32,66.32,66.3,66.315,6
2026-09-17 22:43,66.265,66.28,66.265,66.28,6
2026-09-17 22:44,66.255,66.305,66.255,66.285,10
2026-09-17 22:45,66.275,66.275,66.23,66.265,10
2026-09-17 22:46,66.35,66.35,66.335,66.335,11
2026-09-17 22:47,66.405,66.405,66.345,66.345,5
2026-09-17 22:48,66.375,66.38,66.37,66.37,6
2026-09-17 22:49,66.38,66.39,66.38,66.385,7
2026-09-17 22:50,66.395,66.395,66.37,66.37,9
2026-09-17 22:51,66.395,66.395,66.36,66.37,35
2026-09-17 22:52,66.375,66.425,66.375,66.385,50
2026-09-17 22:53,66.32,66.37,66.315,66.37,22
2026-09-17 22:54,66.305,66.365,66.285,66.32,73
2026-09-17 22:55,66.25,66.285,66.235,66.265,36
2026-09-17 22:56,66.21,66.31,66.21,66.255,13
2026-09-17 22:57,66.225,66.24,66.21,66.215,14
2026-09-17 22:58,66.12,66.2,66.09,66.2,75
2026-09-17 22:59,66.16,66.175,66.125,66.125,28
2026-09-17 23:00,66.19,66.19,66.145,66.16,14
2026-09-17 23:01,66.24,66.24,66.195,66.195,12
2026-09-17 23:02,66.23,66.265,66.225,66.23,17
2026-09-17 23:03,66.295,66.295,66.245,66.245,20
2026-09-17 23:04,66.37,66.37,66.275,66.3,61
2026-09-17 23:05,66.4,66.455,66.36,66.36,50
2026-09-17 23:06,66.385,66.415,66.385,66.395,71
2026-09-17 23:07,66.41,66.415,66.355,66.38,13
2026-09-17 23:08,66.34,66.425,66.34,66.41,44
2026-09-17 23:09,66.29,66.355,66.29,66.335,26
2026-09-17 23:10,66.295,66.3,66.285,66.285,4
2026-09-17 23:11,66.32,66.32,66.285,66.29,14
2026-09-17 23:12,66.32,66.32,66.315,66.315,3
2026-09-17 23:13,66.305,66.33,66.305,66.33,3
2026-09-17 23:14,66.285,66.315,66.285,66.31,4
2026-09-17 23:15,66.24,66.27,66.24,66.27,20
2026-09-17 23:16,66.175,66.25,66.175,66.25,22
2026-09-17 23:17,66.14,66.19,66.13,66.19,27
2026-09-17 23:18,66.155,66.165,66.115,66.12,19
2026-09-17 23:19,66.14,66.155,66.115,66.155,16
2026-09-17 23:20,66.18,66.185,66.11,66.11,23
2026-09-17 23:21,66.125,66.18,66.12,66.18,7
2026-09-17 23:22,66.08,66.14,66.07,66.14,13
2026-09-17 23:23,66.065,66.11,66.055,66.09,20
2026-09-17 23:24,66.09,66.09,66.065,66.065,8
2026-09-17 23:25,66.085,66.095,66.075,66.085,11
2026-09-17 23:26,66.145,66.145,66.035,66.075,37
2026-09-17 23:27,66.165,66.165,66.14,66.16,15
2026-09-17 23:28,66.195,66.195,66.16,66.16,8
2026-09-17 23:29,66.22,66.225,66.195,66.195,32
2026-09-17 23:30,66.26,66.28,66.215,66.22,25
2026-09-17 23:31,66.27,66.28,66.255,66.27,12
2026-09-17 23:32,66.26,66.265,66.255,66.265,6
2026-09-17 23:33,66.28,66.295,66.26,66.275,45
2026-09-17 23:34,66.405,66.405,66.3,66.305,44
2026-09-17 23:35,66.415,66.42,66.365,66.41,28
2026-09-17 23:36,66.41,66.41,66.39,66.41,19
2026-09-17 23:37,66.425,66.43,66.415,66.425,7
2026-09-17 23:38,66.44,66.45,66.42,66.425,13
2026-09-17 23:39,66.49,66.49,66.41,66.43,46
2026-09-17 23:40,66.475,66.485,66.475,66.475,8
2026-09-17 23:41,66.515,66.525,66.495,66.495,20
2026-09-17 23:42,66.53,66.545,66.51,66.515,33
2026-09-17 23:43,66.565,66.59,66.545,66.545,71
2026-09-17 23:44,66.555,66.56,66.55,66.56,7
2026-09-17 23:45,66.615,66.635,66.56,66.56,69
2026-09-17 23:46,66.585,66.63,66.585,66.63,15
2026-09-17 23:47,66.6,66.62,66.585,66.585,10
2026-09-17 23:48,66.58,66.62,66.575,66.61,22
2026-09-17 23:49,66.575,66.605,66.56,66.565,54
2026-09-17 23:50,66.58,66.58,66.55,66.57,17
2026-09-17 23:51,66.575,66.6,66.575,66.6,10
2026-09-17 23:52,66.59,66.59,66.57,66.585,6
2026-09-17 23:53,66.595,66.6,66.56,66.6,13
2026-09-17 23:54,66.615,66.615,66.59,66.6,4
2026-09-17 23:55,66.63,66.63,66.59,66.6,24
2026-09-17 23:56,66.625,66.625,66.625,66.625,6
2026-09-17 23:57,66.595,66.62,66.585,66.615,18
2026-09-17 23:58,66.58,66.595,66.58,66.585,7
2026-09-18 00:00,66.595,66.62,66.585,66.61,26
2026-09-18 00:01,66.58,66.58,66.565,66.575,8
2026-09-18 00:02,66.575,66.585,66.57,66.57,7
2026-09-18 00:03,66.56,66.57,66.535,66.57,20
2026-09-18 00:04,66.605,66.605,66.58,66.58,9
2026-09-18 00:05,66.575,66.615,66.575,66.615,5
2026-09-18 00:06,66.575,66.58,66.575,66.58,6
2026-09-18 00:07,66.6,66.6,66.595,66.595,3
2026-09-18 00:08,66.58,66.58,66.565,66.575,5
2026-09-18 00:09,66.57,66.57,66.57,66.57,1
2026-09-18 00:10,66.56,66.56,66.56,66.56,2
2026-09-18 00:11,66.555,66.555,66.55,66.55,2
2026-09-18 00:12,66.55,66.555,66.55,66.555,3
2026-09-18 00:13,66.535,66.56,66.53,66.56,16
2026-09-18 00:14,66.495,66.54,66.485,66.525,33
2026-09-18 00:15,66.47,66.495,66.465,66.495,29
2026-09-18 00:16,66.455,66.465,66.425,66.465,17
2026-09-18 00:17,66.44,66.445,66.44,66.445,4
2026-09-18 00:18,66.42,66.435,66.42,66.435,5
2026-09-18 00:20,66.39,66.395,66.375,66.395,16
2026-09-18 00:21,66.385,66.385,66.365,66.385,12
2026-09-18 00:22,66.435,66.435,66.385,66.385,6
2026-09-18 00:24,66.445,66.445,66.435,66.44,4
2026-09-18 00:25,66.45,66.45,66.425,66.425,2
2026-09-18 00:27,66.44,66.44,66.43,66.435,7
2026-09-18 00:28,66.44,66.44,66.43,66.435,3
2026-09-18 00:29,66.45,66.45,66.45,66.45,1
2026-09-18 00:30,66.495,66.495,66.465,66.47,22
2026-09-18 00:31,66.495,66.505,66.49,66.49,8
2026-09-18 00:32,66.52,66.52,66.51,66.51,6
2026-09-18 00:33,66.49,66.52,66.49,66.52,5
2026-09-18 00:34,66.48,66.48,66.44,66.47,13
2026-09-18 00:35,66.5,66.5,66.485,66.485,4
2026-09-18 00:36,66.48,66.5,66.47,66.5,4
2026-09-18 00:37,66.48,66.48,66.48,66.48,1
2026-09-18 00:38,66.485,66.485,66.485,66.485,1
2026-09-18 00:39,66.5,66.51,66.5,66.5,9
2026-09-18 00:40,66.495,66.5,66.495,66.5,5
2026-09-18 00:41,66.5,66.5,66.5,66.5,3
2026-09-18 00:42,66.55,66.555,66.51,66.51,12
2026-09-18 00:43,66.575,66.575,66.565,66.565,3
2026-09-18 00:44,66.595,66.605,66.575,66.575,11
2026-09-18 00:45,66.58,66.615,66.58,66.605,9
2026-09-18 00:46,66.585,66.6,66.57,66.57,6
2026-09-18 00:47,66.57,66.57,66.57,66.57,1
2026-09-18 00:48,66.59,66.59,66.575,66.575,5
2026-09-18 00:49,66.59,66.605,66.585,66.595,5
2026-09-18 00:50,66.59,66.6,66.59,66.6,4
2026-09-18 00:51,66.575,66.59,66.575,66.59,2
2026-09-18 00:52,66.56,66.58,66.56,66.58,21
2026-09-18 00:53,66.525,66.57,66.525,66.555,13
2026-09-18 00:54,66.535,66.55,66.525,66.525,16
2026-09-18 00:55,66.52,66.53,66.52,66.53,3
2026-09-18 00:56,66.56,66.56,66.525,66.525,14
2026-09-18 00:57,66.63,66.63,66.565,66.565,75
2026-09-18 00:58,66.615,66.615,66.6,66.6,3
2026-09-18 00:59,66.66,66.66,66.62,66.62,39
2026-09-18 01:00,66.645,66.66,66.63,66.655,18
2026-09-18 01:01,66.65,66.66,66.65,66.655,5
2026-09-18 01:02,66.59,66.635,66.575,66.635,26
2026-09-18 01:03,66.585,66.585,66.585,66.585,3
2026-09-18 01:04,66.64,66.64,66.595,66.595,29
2026-09-18 01:05,66.64,66.64,66.64,66.64,1
2026-09-18 01:06,66.615,66.625,66.6,66.625,13
2026-09-18 01:07,66.79,66.835,66.635,66.635,209
2026-09-18 01:08,66.785,66.795,66.78,66.78,26
2026-09-18 01:09,66.805,66.815,66.78,66.79,19
2026-09-18 01:10,66.785,66.825,66.785,66.805,35
2026-09-18 01:11,66.785,66.785,66.775,66.78,14
2026-09-18 01:12,66.805,66.805,66.77,66.785,38
2026-09-18 01:13,66.77,66.82,66.765,66.795,229
2026-09-18 01:14,66.745,66.77,66.745,66.765,27
2026-09-18 01:15,66.725,66.765,66.725,66.745,32
2026-09-18 01:16,66.755,66.76,66.74,66.745,26
2026-09-18 01:17,66.79,66.805,66.76,66.78,68
2026-09-18 01:18,66.835,66.835,66.8,66.8,30
2026-09-18 01:19,66.865,66.875,66.825,66.825,72
2026-09-18 01:20,66.87,66.885,66.845,66.87,72
2026-09-18 01:21,66.84,66.875,66.825,66.855,42
2026-09-18 01:22,66.875,66.875,66.835,66.835,27
2026-09-18 01:23,66.835,66.88,66.835,66.865,68
2026-09-18 01:24,66.83,66.835,66.83,66.835,3
2026-09-18 01:25,66.805,66.825,66.795,66.825,9
2026-09-18 01:26,66.82,66.84,66.78,66.805,91
2026-09-18 01:27,66.8,66.83,66.785,66.81,43
2026-09-18 01:28,66.8,66.81,66.795,66.795,7
2026-09-18 01:29,66.82,66.85,66.795,66.795,27
2026-09-18 01:30,66.855,66.88,66.66,66.815,448
2026-09-18 01:31,66.765,66.875,66.695,66.87,181
2026-09-18 01:32,66.82,66.865,66.75,66.75,83
2026-09-18 01:33,66.765,66.855,66.765,66.79,26
2026-09-18 01:34,66.81,66.835,66.795,66.805,17
2026-09-18 01:35,66.84,66.855,66.815,66.815,20
2026-09-18 01:36,66.925,66.94,66.81,66.83,85
2026-09-18 01:37,66.955,67.05,66.885,66.94,292
2026-09-18 01:38,67.095,67.095,66.95,66.96,120
2026-09-18 01:39,67.105,67.14,67.07,67.085,73
2026-09-18 01:40,67.03,67.1,67.025,67.1,107
2026-09-18 01:41,67.04,67.05,67.015,67.035,40
2026-09-18 01:42,67.03,67.055,67.01,67.055,57
2026-09-18 01:43,67.1,67.1,67.035,67.035,20
2026-09-18 01:44,67.115,67.145,67.065,67.095,34
2026-09-18 01:45,67.055,67.105,67.045,67.105,22
2026-09-18 01:46,66.98,67.06,66.98,67.045,37
2026-09-18 01:47,66.98,67.01,66.96,66.975,35
2026-09-18 01:48,66.985,67.005,66.97,66.98,32
2026-09-18 01:49,66.95,67.015,66.95,66.98,57
2026-09-18 01:50,67.025,67.025,66.935,66.935,43
2026-09-18 01:51,67.03,67.055,67.005,67.025,25
2026-09-18 01:52,67.03,67.05,67.0,67.01,45
2026-09-18 01:53,66.995,67.015,66.995,67.015,7
2026-09-18 01:54,67.05,67.055,67.03,67.045,14
2026-09-18 01:55,67.055,67.085,67.05,67.085,7
2026-09-18 01:56,67.055,67.055,67.02,67.02,12
2026-09-18 01:57,67.125,67.125,67.06,67.065,61
2026-09-18 01:58,67.155,67.175,67.12,67.13,80
2026-09-18 01:59,67.17,67.18,67.145,67.175,32
2026-09-18 02:00,67.24,67.255,67.145,67.155,137
2026-09-18 02:01,67.26,67.3,67.235,67.235,90
2026-09-18 02:02,67.265,67.275,67.18,67.25,89
2026-09-18 02:03,67.22,67.24,67.2,67.24,62
2026-09-18 02:04,67.19,67.225,67.175,67.225,34
2026-09-18 02:05,67.175,67.18,67.105,67.18,79
2026-09-18 02:06,67.215,67.225,67.165,67.18,37
2026-09-18 02:07,67.18,67.205,67.16,67.205,27
2026-09-18 02:08,67.24,67.24,67.185,67.185,37
2026-09-18 02:09,67.19,67.215,67.185,67.21,12
2026-09-18 02:10,67.205,67.235,67.18,67.185,38
2026-09-18 02:11,67.22,67.22,67.2,67.205,14
2026-09-18 02:12,67.205,67.24,67.205,67.225,5
2026-09-18 02:13,67.23,67.24,67.2,67.205,6
2026-09-18 02:14,67.2,67.22,67.185,67.22,11
2026-09-18 02:15,67.155,67.24,67.155,67.205,28
2026-09-18 02:16,67.165,67.18,67.15,67.155,14
2026-09-18 02:17,67.125,67.155,67.125,67.145,19
2026-09-18 02:18,67.13,67.13,67.09,67.115,30
2026-09-18 02:19,67.14,67.16,67.125,67.13,10
2026-09-18 02:20,67.14,67.165,67.14,67.14,10
2026-09-18 02:21,67.14,67.145,67.125,67.13,10
2026-09-18 02:22,67.17,67.185,67.14,67.14,19
2026-09-18 02:23,67.2,67.205,67.17,67.17,16
2026-09-18 02:24,67.225,67.225,67.18,67.18,13
2026-09-18 02:25,67.225,67.245,67.205,67.205,21
2026-09-18 02:26,67.225,67.235,67.21,67.215,19
2026-09-18 02:27,67.255,67.265,67.24,67.25,19
2026-09-18 02:28,67.255,67.27,67.24,67.24,27
2026-09-18 02:29,67.255,67.265,67.215,67.25,37
2026-09-18 02:30,67.245,67.265,67.225,67.255,31
2026-09-18 02:31,67.22,67.25,67.22,67.245,11
2026-09-18 02:32,67.285,67.295,67.225,67.23,77
2026-09-18 02:33,67.25,67.285,67.25,67.28,17
2026-09-18 02:34,67.29,67.295,67.255,67.265,25
2026-09-18 02:35,67.275,67.33,67.265,67.3,72
2026-09-18 02:36,67.23,67.265,67.225,67.265,31
2026-09-18 02:37,67.225,67.225,67.21,67.22,20
2026-09-18 02:38,67.215,67.235,67.205,67.225,18
2026-09-18 02:39,67.26,67.27,67.225,67.225,21
2026-09-18 02:40,67.275,67.275,67.23,67.25,21
2026-09-18 02:41,67.29,67.305,67.265,67.265,27
2026-09-18 02:42,67.295,67.325,67.275,67.31,67
2026-09-18 02:43,67.29,67.3,67.29,67.295,3
2026-09-18 02:44,67.315,67.335,67.28,67.28,30
2026-09-18 02:45,67.32,67.325,67.305,67.315,42
2026-09-18 02:46,67.325,67.325,67.295,67.32,14
2026-09-18 02:47,67.3,67.315,67.3,67.31,15
2026-09-18 02:48,67.295,67.305,67.285,67.295,20
2026-09-18 02:49,67.275,67.29,67.265,67.29,16
2026-09-18 02:50,67.235,67.285,67.235,67.265,40
2026-09-18 02:51,67.245,67.25,67.245,67.25,17
2026-09-18 02:52,67.255,67.26,67.245,67.25,15
2026-09-18 02:53,67.21,67.26,67.205,67.255,37
2026-09-18 02:54,67.2,67.22,67.195,67.215,24
2026-09-18 02:55,67.2,67.22,67.185,67.215,21
2026-09-18 02:56,67.225,67.23,67.2,67.2,20
2026-09-18 02:57,67.245,67.265,67.225,67.23,28
2026-09-18 02:58,67.28,67.295,67.255,67.255,22
2026-09-18 02:59,67.305,67.31,67.28,67.285,29
2026-09-18 03:00,67.345,67.355,67.295,67.315,113
2026-09-18 03:01,67.37,67.375,67.315,67.34,74
2026-09-18 03:02,67.3,67.355,67.295,67.345,28
2026-09-18 03:03,67.335,67.345,67.285,67.31,25
2026-09-18 03:04,67.36,67.37,67.345,67.345,67
2026-09-18 03:05,67.355,67.375,67.34,67.355,55
2026-09-18 03:06,67.335,67.36,67.325,67.36,20
2026-09-18 03:07,67.325,67.365,67.325,67.345,20
2026-09-18 03:08,67.375,67.39,67.345,67.345,29
2026-09-18 03:09,67.39,67.405,67.365,67.375,38
2026-09-18 03:10,67.42,67.42,67.395,67.405,18
2026-09-18 03:11,67.42,67.445,67.41,67.42,41
2026-09-18 03:12,67.42,67.43,67.405,67.42,63
2026-09-18 03:13,67.45,67.455,67.43,67.43,43
2026-09-18 03:14,67.42,67.455,67.385,67.455,47
2026-09-18 03:15,67.375,67.435,67.37,67.425,29
2026-09-18 03:16,67.47,67.47,67.37,67.37,45
2026-09-18 03:17,67.475,67.5,67.46,67.475,85
2026-09-18 03:18,67.46,67.48,67.43,67.48,61
2026-09-18 03:19,67.475,67.5,67.465,67.465,30
2026-09-18 03:20,67.48,67.5,67.475,67.48,29
2026-09-18 03:21,67.455,67.495,67.455,67.47,44
2026-09-18 03:22,67.495,67.495,67.445,67.445,34
2026-09-18 03:23,67.475,67.495,67.475,67.49,34
2026-09-18 03:24,67.48,67.48,67.475,67.475,10
2026-09-18 03:25,67.46,67.47,67.445,67.465,15
2026-09-18 03:26,67.445,67.46,67.435,67.46,17
2026-09-18 03:27,67.45,67.455,67.44,67.445,7
2026-09-18 03:28,67.47,67.485,67.44,67.445,18
2026-09-18 03:29,67.535,67.545,67.47,67.47,50
2026-09-18 03:30,67.57,67.57,67.545,67.545,66
2026-09-18 03:31,67.565,67.635,67.565,67.58,222
2026-09-18 03:32,67.56,67.565,67.54,67.555,16
2026-09-18 03:33,67.555,67.57,67.55,67.56,59
2026-09-18 03:34,67.565,67.57,67.545,67.57,26
2026-09-18 03:35,67.565,67.6,67.56,67.57,27
2026-09-18 03:36,67.575,67.58,67.55,67.555,20
2026-09-18 03:37,67.55,67.57,67.515,67.57,74
2026-09-18 03:38,67.575,67.575,67.545,67.55,23
2026-09-18 03:39,67.58,67.595,67.57,67.585,27
2026-09-18 03:40,67.53,67.58,67.53,67.58,21
2026-09-18 03:41,67.53,67.555,67.515,67.535,20
2026-09-18 03:42,67.55,67.585,67.545,67.545,45
2026-09-18 03:43,67.565,67.58,67.535,67.535,22
2026-09-18 03:44,67.515,67.545,67.51,67.545,57
2026-09-18 03:45,67.54,67.555,67.53,67.53,12
2026-09-18 03:46,67.52,67.545,67.515,67.525,27
2026-09-18 03:47,67.565,67.565,67.54,67.54,31
2026-09-18 03:48,67.61,67.62,67.565,67.565,32
2026-09-18 03:49,67.62,67.63,67.615,67.62,9
2026-09-18 03:50,67.64,67.64,67.615,67.635,23
2026-09-18 03:51,67.62,67.66,67.615,67.64,45
2026-09-18 03:52,67.625,67.635,67.605,67.615,10
2026-09-18 03:53,67.64,67.64,67.63,67.64,21
2026-09-18 03:54,67.67,67.675,67.645,67.645,69
2026-09-18 03:55,67.585,67.685,67.585,67.665,114
2026-09-18 03:56,67.55,67.58,67.545,67.58,19
2026-09-18 03:57,67.545,67.56,67.535,67.55,32
2026-09-18 03:58,67.555,67.555,67.525,67.545,18
2026-09-18 03:59,67.535,67.545,67.53,67.545,11
2026-09-18 04:00,67.565,67.585,67.535,67.535,45
2026-09-18 04:01,67.56,67.575,67.535,67.565,17
2026-09-18 04:02,67.53,67.575,67.53,67.56,18
2026-09-18 04:03,67.54,67.545,67.525,67.535,11
2026-09-18 04:04,67.555,67.555,67.53,67.55,20
2026-09-18 04:05,67.555,67.58,67.53,67.565,24
2026-09-18 04:06,67.585,67.585,67.555,67.555,9
2026-09-18 04:07,67.575,67.6,67.57,67.6,33
2026-09-18 04:08,67.565,67.58,67.565,67.575,8
2026-09-18 04:09,67.535,67.555,67.52,67.545,39
2026-09-18 04:10,67.515,67.53,67.49,67.53,55
2026-09-18 04:11,67.51,67.525,67.5,67.525,13
2026-09-18 04:12,67.55,67.555,67.495,67.51,53
2026-09-18 04:13,67.565,67.585,67.54,67.55,33
2026-09-18 04:14,67.52,67.57,67.52,67.565,47
2026-09-18 04:15,67.545,67.56,67.505,67.505,22
2026-09-18 04:16,67.545,67.55,67.53,67.54,22
2026-09-18 04:17,67.57,67.585,67.555,67.56,12
2026-09-18 04:18,67.59,67.59,67.57,67.58,10
2026-09-18 04:19,67.585,67.6,67.57,67.6,23
2026-09-18 04:20,67.635,67.64,67.58,67.585,33
2026-09-18 04:21,67.635,67.665,67.615,67.65,37
2026-09-18 04:22,67.62,67.645,67.62,67.64,17
2026-09-18 04:23,67.645,67.66,67.615,67.62,42
2026-09-18 04:24,67.595,67.64,67.585,67.64,20
2026-09-18 04:25,67.6,67.61,67.6,67.61,23
2026-09-18 04:26,67.57,67.59,67.55,67.59,32
2026-09-18 04:27,67.585,67.595,67.57,67.575,53
2026-09-18 04:28,67.575,67.59,67.56,67.575,24
2026-09-18 04:29,67.535,67.57,67.52,67.57,25
2026-09-18 04:30,67.565,67.575,67.53,67.545,29
2026-09-18 04:31,67.52,67.545,67.52,67.54,15
2026-09-18 04:32,67.54,67.555,67.53,67.53,13
2026-09-18 04:33,67.595,67.6,67.535,67.54,44
2026-09-18 04:34,67.585,67.605,67.585,67.585,25
2026-09-18 04:35,67.53,67.6,67.53,67.6,21
2026-09-18 04:36,67.52,67.54,67.51,67.535,12
2026-09-18 04:37,67.555,67.56,67.52,67.525,15
2026-09-18 04:38,67.53,67.59,67.53,67.555,30
2026-09-18 04:39,67.555,67.56,67.525,67.54,24
2026-09-18 04:40,67.525,67.555,67.515,67.555,29
2026-09-18 04:41,67.535,67.535,67.5,67.525,44
2026-09-18 04:42,67.53,67.54,67.525,67.535,23
2026-09-18 04:43,67.54,67.565,67.53,67.535,18
2026-09-18 04:44,67.56,67.59,67.535,67.555,39
2026-09-18 04:45,67.575,67.575,67.55,67.55,14
2026-09-18 04:46,67.535,67.565,67.53,67.565,8
2026-09-18 04:47,67.57,67.59,67.56,67.56,24
2026-09-18 04:48,67.555,67.57,67.555,67.57,7
2026-09-18 04:49,67.525,67.56,67.525,67.555,29
2026-09-18 04:50,67.59,67.59,67.545,67.545,27
2026-09-18 04:51,67.6,67.605,67.565,67.58,20
2026-09-18 04:52,67.71,67.71,67.61,67.61,87
2026-09-18 04:53,67.75,67.765,67.7,67.72,75
2026-09-18 04:54,67.765,67.815,67.74,67.74,109
2026-09-18 04:55,67.77,67.78,67.755,67.76,18
2026-09-18 04:56,67.825,67.845,67.765,67.765,97
2026-09-18 04:57,67.8,67.845,67.8,67.835,58
2026-09-18 04:58,67.785,67.8,67.775,67.79,14
2026-09-18 04:59,67.79,67.805,67.78,67.78,18
2026-09-18 05:00,67.775,67.805,67.775,67.805,12
2026-09-18 05:01,67.755,67.795,67.755,67.775,12
2026-09-18 05:02,67.76,67.775,67.74,67.77,23
2026-09-18 05:03,67.78,67.785,67.765,67.765,10
2026-09-18 05:04,67.81,67.81,67.78,67.78,9
2026-09-18 05:05,67.82,67.82,67.8,67.8,14
2026-09-18 05:06,67.875,67.88,67.83,67.84,63
2026-09-18 05:07,67.875,67.89,67.86,67.865,25
2026-09-18 05:08,67.885,67.895,67.865,67.865,30
2026-09-18 05:09,67.855,67.885,67.84,67.875,25
2026-09-18 05:10,67.855,67.86,67.835,67.86,30
2026-09-18 05:11,67.865,67.865,67.855,67.855,24
2026-09-18 05:12,67.86,67.87,67.85,67.865,17
2026-09-18 05:13,67.875,67.875,67.865,67.865,4
2026-09-18 05:14,67.87,67.87,67.84,67.865,34
2026-09-18 05:15,67.815,67.86,67.815,67.86,23
2026-09-18 05:16,67.845,67.845,67.82,67.825,5
2026-09-18 05:17,67.815,67.845,67.815,67.83,26
2026-09-18 05:18,67.79,67.815,67.78,67.815,12
2026-09-18 05:19,67.8,67.8,67.78,67.78,4
2026-09-18 05:20,67.805,67.83,67.785,67.805,38
2026-09-18 05:21,67.805,67.81,67.805,67.81,2
2026-09-18 05:22,67.785,67.815,67.785,67.8,7
2026-09-18 05:23,67.77,67.785,67.77,67.785,5
2026-09-18 05:24,67.73,67.76,67.72,67.76,21
2026-09-18 05:25,67.645,67.72,67.63,67.72,51
2026-09-18 05:26,67.655,67.655,67.62,67.65,28
2026-09-18 05:27,67.68,67.68,67.65,67.66,17
2026-09-18 05:28,67.705,67.705,67.67,67.675,12
2026-09-18 05:29,67.705,67.71,67.705,67.71,2
2026-09-18 05:30,67.7,67.71,67.665,67.705,10
2026-09-18 05:31,67.695,67.705,67.69,67.705,14
2026-09-18 05:32,67.715,67.73,67.705,67.71,16
2026-09-18 05:33,67.675,67.71,67.675,67.71,19
2026-09-18 05:34,67.65,67.67,67.65,67.67,7
2026-09-18 05:35,67.65,67.665,67.635,67.65,10
2026-09-18 05:36,67.63,67.675,67.625,67.65,38
2026-09-18 05:37,67.64,67.655,67.635,67.635,5
2026-09-18 05:38,67.57,67.635,67.555,67.63,22
2026-09-18 05:39,67.575,67.58,67.55,67.57,21
2026-09-18 05:40,67.575,67.585,67.55,67.55,19
2026-09-18 05:41,67.58,67.595,67.565,67.595,50
2026-09-18 05:42,67.605,67.61,67.57,67.585,34
2026-09-18 05:43,67.635,67.635,67.61,67.615,21
2026-09-18 05:44,67.6,67.605,67.6,67.605,4
2026-09-18 05:45,67.575,67.595,67.555,67.57,31
2026-09-18 05:46,67.56,67.57,67.54,67.565,18
2026-09-18 05:47,67.57,67.58,67.555,67.565,16
2026-09-18 05:48,67.53,67.57,67.49,67.57,27
2026-09-18 05:49,67.5,67.525,67.49,67.51,37
2026-09-18 05:50,67.505,67.535,67.49,67.505,28
2026-09-18 05:51,67.535,67.55,67.515,67.515,38
2026-09-18 05:52,67.545,67.555,67.53,67.545,26
2026-09-18 05:53,67.55,67.555,67.535,67.555,11
2026-09-18 05:54,67.585,67.585,67.555,67.555,10
2026-09-18 05:55,67.575,67.595,67.575,67.575,9
2026-09-18 05:56,67.56,67.565,67.56,67.56,4
2026-09-18 05:57,67.57,67.57,67.555,67.555,3
2026-09-18 05:58,67.555,67.575,67.555,67.575,4
2026-09-18 05:59,67.57,67.57,67.545,67.56,6
2026-09-18 06:00,67.54,67.59,67.535,67.565,15
2026-09-18 06:01,67.515,67.57,67.515,67.545,24
2026-09-18 06:02,67.525,67.535,67.51,67.515,8
2026-09-18 06:03,67.51,67.515,67.5,67.5,7
2026-09-18 06:04,67.48,67.54,67.475,67.515,32
2026-09-18 06:05,67.525,67.525,67.465,67.47,27
2026-09-18 06:06,67.52,67.52,67.505,67.505,3
2026-09-18 06:07,67.585,67.595,67.55,67.55,18
2026-09-18 06:08,67.565,67.575,67.565,67.575,4
2026-09-18 06:09,67.55,67.57,67.55,67.555,17
2026-09-18 06:10,67.535,67.555,67.535,67.555,3
2026-09-18 06:11,67.525,67.535,67.525,67.525,8
2026-09-18 06:12,67.5,67.54,67.495,67.54,17
2026-09-18 06:13,67.525,67.525,67.49,67.49,14
2026-09-18 06:14,67.48,67.525,67.475,67.525,33
2026-09-18 06:15,67.505,67.505,67.48,67.485,29
2026-09-18 06:16,67.48,67.49,67.47,67.49,22
2026-09-18 06:17,67.5,67.51,67.485,67.485,13
2026-09-18 06:18,67.47,67.515,67.47,67.505,18
2026-09-18 06:19,67.485,67.485,67.45,67.47,43
2026-09-18 06:20,67.525,67.545,67.495,67.5,59
2026-09-18 06:21,67.495,67.52,67.485,67.52,5
2026-09-18 06:22,67.49,67.505,67.49,67.505,8
2026-09-18 06:23,67.51,67.515,67.48,67.48,15
2026-09-18 06:24,67.495,67.495,67.49,67.49,4
2026-09-18 06:26,67.48,67.5,67.48,67.5,9
2026-09-18 06:27,67.48,67.49,67.47,67.49,9
2026-09-18 06:28,67.505,67.51,67.485,67.485,13
2026-09-18 06:29,67.53,67.53,67.495,67.505,14
2026-09-18 06:30,67.525,67.53,67.515,67.515,13
2026-09-18 06:31,67.495,67.525,67.495,67.52,6
2026-09-18 06:32,67.5,67.5,67.485,67.485,10
2026-09-18 06:33,67.52,67.535,67.5,67.5,11
2026-09-18 06:34,67.54,67.54,67.53,67.53,4
2026-09-18 06:35,67.525,67.535,67.51,67.535,11
2026-09-18 06:36,67.51,67.52,67.505,67.52,6
2026-09-18 06:37,67.505,67.515,67.5,67.51,11
2026-09-18 06:38,67.52,67.53,67.51,67.51,14
2026-09-18 06:39,67.505,67.505,67.505,67.505,2
2026-09-18 06:40,67.5,67.5,67.49,67.49,3
2026-09-18 06:41,67.49,67.495,67.475,67.495,7
2026-09-18 06:42,67.465,67.48,67.465,67.475,9
2026-09-18 06:43,67.53,67.555,67.455,67.455,37
2026-09-18 06:44,67.54,67.54,67.515,67.515,6
2026-09-18 06:45,67.525,67.54,67.525,67.54,10
2026-09-18 06:46,67.475,67.51,67.475,67.51,12
2026-09-18 06:47,67.47,67.49,67.47,67.49,3
2026-09-18 06:48,67.455,67.465,67.445,67.465,10
2026-09-18 06:49,67.49,67.49,67.455,67.455,6
2026-09-18 06:50,67.465,67.495,67.465,67.495,16
2026-09-18 06:51,67.455,67.475,67.44,67.445,19
2026-09-18 06:52,67.48,67.48,67.46,67.465,5
2026-09-18 06:53,67.51,67.51,67.495,67.5,5
2026-09-18 06:54,67.485,67.505,67.485,67.495,25
2026-09-18 06:55,67.495,67.5,67.475,67.495,12
2026-09-18 06:56,67.53,67.53,67.48,67.48,19
2026-09-18 06:57,67.55,67.55,67.535,67.535,13
2026-09-18 06:58,67.555,67.555,67.545,67.55,5
2026-09-18 06:59,67.595,67.595,67.56,67.56,39
2026-09-18 07:00,67.595,67.635,67.565,67.605,169
2026-09-18 07:01,67.62,67.645,67.59,67.6,53
2026-09-18 07:02,67.65,67.68,67.62,67.625,34
2026-09-18 07:03,67.68,67.68,67.66,67.67,27
2026-09-18 07:04,67.69,67.69,67.665,67.685,10
2026-09-18 07:05,67.53,67.725,67.51,67.685,298
2026-09-18 07:06,67.56,67.56,67.48,67.52,64
2026-09-18 07:07,67.615,67.615,67.575,67.58,15
2026-09-18 07:08,67.615,67.66,67.615,67.62,17
2026-09-18 07:09,67.655,67.655,67.6,67.6,5
2026-09-18 07:10,67.67,67.68,67.65,67.66,9
2026-09-18 07:11,67.67,67.705,67.67,67.69,15
2026-09-18 07:12,67.69,67.695,67.675,67.675,6
2026-09-18 07:13,67.635,67.685,67.635,67.685,16
2026-09-18 07:14,67.69,67.695,67.63,67.65,18
2026-09-18 07:15,67.665,67.705,67.66,67.68,21
2026-09-18 07:16,67.615,67.66,67.605,67.66,11
2026-09-18 07:17,67.52,67.6,67.515,67.6,40
2026-09-18 07:18,67.57,67.57,67.535,67.535,4
2026-09-18 07:19,67.565,67.6,67.565,67.57,15
2026-09-18 07:20,67.6,67.6,67.57,67.57,16
2026-09-18 07:21,67.64,67.645,67.605,67.605,23
2026-09-18 07:22,67.63,67.63,67.615,67.615,2
2026-09-18 07:23,67.665,67.665,67.625,67.625,4
2026-09-18 07:24,67.645,67.675,67.645,67.675,17
2026-09-18 07:25,67.675,67.69,67.655,67.665,22
2026-09-18 07:26,67.68,67.695,67.665,67.68,58
2026-09-18 07:27,67.625,67.69,67.6,67.69,88
2026-09-18 07:28,67.605,67.65,67.605,67.63,21
2026-09-18 07:29,67.55,67.6,67.55,67.6,28
2026-09-18 07:30,67.575,67.59,67.55,67.55,17
2026-09-18 07:31,67.62,67.625,67.585,67.585,27
2026-09-18 07:32,67.595,67.625,67.585,67.615,14
2026-09-18 07:33,67.605,67.605,67.59,67.59,6
2026-09-18 07:34,67.625,67.63,67.59,67.605,39
2026-09-18 07:35,67.65,67.65,67.615,67.615,9
2026-09-18 07:36,67.675,67.705,67.655,67.655,24
2026-09-18 07:37,67.62,67.68,67.62,67.675,35
2026-09-18 07:38,67.54,67.61,67.535,67.61,19
2026-09-18 07:39,67.555,67.555,67.545,67.545,4
2026-09-18 07:40,67.57,67.57,67.55,67.56,7
2026-09-18 07:41,67.58,67.58,67.58,67.58,2
2026-09-18 07:42,67.535,67.575,67.53,67.575,16
2026-09-18 07:43,67.435,67.525,67.425,67.525,64
2026-09-18 07:44,67.48,67.495,67.435,67.44,84
2026-09-18 07:45,67.48,67.5,67.48,67.48,8
2026-09-18 07:46,67.465,67.48,67.45,67.475,26
2026-09-18 07:47,67.455,67.455,67.4,67.44,48
2026-09-18 07:48,67.44,67.45,67.42,67.44,26
2026-09-18 07:49,67.445,67.45,67.43,67.44,39
2026-09-18 07:50,67.405,67.43,67.4,67.43,9
2026-09-18 07:51,67.355,67.395,67.35,67.39,66
2026-09-18 07:52,67.365,67.375,67.355,67.36,76
2026-09-18 07:53,67.37,67.395,67.355,67.36,12
2026-09-18 07:54,67.33,67.365,67.26,67.365,157
2026-09-18 07:55,67.35,67.355,67.315,67.33,60
2026-09-18 07:56,67.36,67.36,67.335,67.35,21
2026-09-18 07:57,67.34,67.355,67.34,67.355,14
2026-09-18 07:58,67.37,67.385,67.345,67.35,15
2026-09-18 07:59,67.485,67.495,67.39,67.39,76
2026-09-18 08:00,67.385,67.495,67.37,67.48,90
2026-09-18 08:01,67.405,67.445,67.365,67.39,56
2026-09-18 08:02,67.295,67.43,67.295,67.43,55
2026-09-18 08:03,67.285,67.32,67.285,67.31,21
2026-09-18 08:04,67.44,67.5,67.255,67.295,272
2026-09-18 08:05,67.26,67.485,67.26,67.445,134
2026-09-18 08:06,67.245,67.26,67.225,67.26,61
2026-09-18 08:07,67.205,67.245,67.18,67.235,60
2026-09-18 08:08,67.21,67.245,67.195,67.225,99
2026-09-18 08:09,67.2,67.255,67.175,67.205,98
2026-09-18 08:10,67.17,67.21,67.155,67.2,38
2026-09-18 08:11,67.1,67.16,67.09,67.16,61
2026-09-18 08:12,67.14,67.14,67.085,67.09,33
2026-09-18 08:13,67.1,67.14,67.07,67.14,45
2026-09-18 08:14,66.99,67.1,66.975,67.1,173
2026-09-18 08:15,67.02,67.03,67.0,67.005,49
2026-09-18 08:16,67.0,67.03,66.99,67.005,30
2026-09-18 08:17,67.08,67.08,67.0,67.0,55
2026-09-18 08:18,67.105,67.19,67.03,67.075,174
2026-09-18 08:19,67.08,67.1,67.01,67.1,56
2026-09-18 08:20,67.0,67.06,66.995,67.06,50
2026-09-18 08:21,67.01,67.01,66.97,67.0,22
2026-09-18 08:22,67.015,67.03,67.005,67.025,29
2026-09-18 08:23,66.9,66.995,66.88,66.995,92
2026-09-18 08:24,66.77,66.91,66.765,66.905,257
2026-09-18 08:25,66.79,66.82,66.765,66.77,165
2026-09-18 08:26,66.8,66.885,66.785,66.79,92
2026-09-18 08:27,66.86,66.86,66.765,66.8,111
2026-09-18 08:28,66.93,66.93,66.835,66.85,120
2026-09-18 08:29,66.93,66.95,66.885,66.925,112
2026-09-18 08:30,66.995,67.01,66.905,66.91,144
2026-09-18 08:31,67.095,67.11,67.01,67.01,209
2026-09-18 08:32,67.125,67.135,67.095,67.095,98
2026-09-18 08:33,67.185,67.21,67.06,67.115,105
2026-09-18 08:34,67.22,67.23,67.17,67.18,62
2026-09-18 08:35,67.29,67.3,67.23,67.23,137
2026-09-18 08:36,67.31,67.325,67.285,67.285,82
2026-09-18 08:37,67.265,67.305,67.235,67.305,75
2026-09-18 08:38,67.255,67.285,67.225,67.26,87
2026-09-18 08:39,67.23,67.25,67.21,67.235,52
2026-09-18 08:40,67.21,67.265,67.17,67.23,83
2026-09-18 08:41,67.14,67.22,67.105,67.2,131
2026-09-18 08:42,67.145,67.16,67.09,67.14,46
2026-09-18 08:43,67.14,67.165,67.125,67.145,44
2026-09-18 08:44,67.135,67.14,67.11,67.13,6
2026-09-18 08:45,67.15,67.185,67.135,67.15,20
2026-09-18 08:46,67.07,67.14,67.065,67.13,24
2026-09-18 08:47,67.105,67.16,67.06,67.06,125
2026-09-18 08:48,67.1,67.1,67.08,67.095,8
2026-09-18 08:49,67.125,67.135,67.105,67.12,11
2026-09-18 08:50,67.14,67.14,67.09,67.1,37
2026-09-18 08:51,67.105,67.165,67.105,67.14,47
2026-09-18 08:52,67.09,67.11,67.075,67.08,25
2026-09-18 08:53,67.085,67.1,67.065,67.095,49
2026-09-18 08:54,67.115,67.115,67.09,67.095,17
2026-09-18 08:55,67.095,67.135,67.095,67.12,35
2026-09-18 08:56,67.1,67.105,67.07,67.075,16
2026-09-18 08:57,67.06,67.12,67.055,67.11,18
2026-09-18 08:58,67.065,67.09,67.045,67.06,28
2026-09-18 08:59,67.145,67.16,67.06,67.06,131
2026-09-18 09:00,67.17,67.185,67.025,67.15,300
2026-09-18 09:01,67.06,67.19,67.06,67.165,134
2026-09-18 09:02,66.99,67.065,66.97,67.055,48
2026-09-18 09:03,67.055,67.075,66.965,66.995,73
2026-09-18 09:04,67.095,67.095,67.035,67.065,33
2026-09-18 09:05,67.075,67.1,67.035,67.1,67
2026-09-18 09:06,67.165,67.175,67.07,67.07,53
2026-09-18 09:07,67.16,67.18,67.13,67.15,17
2026-09-18 09:08,67.255,67.255,67.15,67.15,112
2026-09-18 09:09,67.185,67.245,67.175,67.24,61
2026-09-18 09:10,67.19,67.195,67.145,67.19,35
2026-09-18 09:11,67.17,67.185,67.145,67.185,17
2026-09-18 09:12,67.145,67.2,67.14,67.185,38
2026-09-18 09:13,67.16,67.16,67.145,67.145,6
2026-09-18 09:14,67.2,67.22,67.15,67.15,15
2026-09-18 09:15,67.255,67.28,67.19,67.205,71
2026-09-18 09:16,67.24,67.255,67.21,67.255,46
2026-09-18 09:17,67.235,67.25,67.235,67.24,9
2026-09-18 09:18,67.275,67.28,67.225,67.225,87
2026-09-18 09:19,67.275,67.305,67.27,67.275,37
2026-09-18 09:20,67.215,67.295,67.205,67.295,37
2026-09-18 09:21,67.145,67.215,67.13,67.21,42
2026-09-18 09:22,67.13,67.15,67.125,67.15,33
2026-09-18 09:23,67.07,67.13,67.065,67.13,33
2026-09-18 09:24,67.015,67.115,66.98,67.095,154
2026-09-18 09:25,67.0,67.015,66.98,67.01,70
2026-09-18 09:26,66.99,67.04,66.975,66.995,56
2026-09-18 09:27,67.025,67.025,66.98,66.985,42
2026-09-18 09:28,67.06,67.075,67.025,67.03,29
2026-09-18 09:29,67.065,67.08,67.045,67.06,21
2026-09-18 09:30,67.01,67.085,66.98,67.075,151
2026-09-18 09:31,66.98,67.01,66.945,66.995,77
2026-09-18 09:32,66.95,66.99,66.95,66.965,41
2026-09-18 09:33,67.0,67.0,66.945,66.945,25
2026-09-18 09:34,66.92,66.995,66.91,66.995,67
2026-09-18 09:35,66.855,66.925,66.835,66.905,99
2026-09-18 09:36,66.88,66.88,66.83,66.83,104
2026-09-18 09:37,66.95,66.95,66.835,66.88,112
2026-09-18 09:38,66.975,67.025,66.945,66.97,86
2026-09-18 09:39,67.025,67.025,66.975,66.99,67
2026-09-18 09:40,66.97,67.03,66.93,67.03,41
2026-09-18 09:41,66.94,66.96,66.91,66.96,49
2026-09-18 09:42,66.935,67.0,66.9,66.935,68
2026-09-18 09:43,66.915,66.985,66.9,66.94,52
2026-09-18 09:44,66.91,66.93,66.895,66.93,32
2026-09-18 09:45,66.96,66.96,66.9,66.915,63
2026-09-18 09:46,66.985,67.0,66.955,66.975,24
2026-09-18 09:47,66.955,66.99,66.935,66.98,48
2026-09-18 09:48,66.97,66.995,66.91,66.945,57
2026-09-18 09:49,66.935,66.975,66.935,66.965,10
2026-09-18 09:50,66.875,66.945,66.86,66.945,48
2026-09-18 09:51,66.87,66.895,66.835,66.88,143
2026-09-18 09:52,66.995,66.995,66.87,66.88,97
2026-09-18 09:53,66.815,66.98,66.775,66.98,214
2026-09-18 09:54,66.84,66.87,66.77,66.815,75
2026-09-18 09:55,66.78,66.825,66.75,66.825,80
2026-09-18 09:56,66.8,66.82,66.77,66.78,39
2026-09-18 09:57,66.74,66.77,66.735,66.77,128
2026-09-18 09:58,66.765,66.775,66.72,66.74,52
2026-09-18 09:59,66.755,66.78,66.72,66.77,35
2026-09-18 10:00,66.79,66.82,66.73,66.755,77
2026-09-18 10:01,66.79,66.8,66.75,66.785,82
2026-09-18 10:02,66.805,66.815,66.785,66.795,61
2026-09-18 10:03,66.84,66.845,66.8,66.805,53
2026-09-18 10:04,66.88,66.895,66.83,66.84,53
2026-09-18 10:05,66.79,66.875,66.765,66.875,79
2026-09-18 10:06,66.8,66.82,66.745,66.8,37
2026-09-18 10:07,66.74,66.81,66.74,66.79,54
2026-09-18 10:08,66.73,66.78,66.705,66.725,101
2026-09-18 10:09,66.75,66.79,66.75,66.75,36
2026-09-18 10:10,66.8,66.8,66.765,66.77,21
2026-09-18 10:11,66.84,66.84,66.805,66.815,35
2026-09-18 10:12,66.845,66.845,66.79,66.84,52
2026-09-18 10:13,66.745,66.865,66.73,66.85,54
2026-09-18 10:14,66.74,66.78,66.735,66.76,26
2026-09-18 10:15,66.735,66.78,66.735,66.745,30
2026-09-18 10:16,66.735,66.775,66.73,66.735,27
2026-09-18 10:17,66.72,66.81,66.72,66.75,32
2026-09-18 10:18,66.665,66.735,66.64,66.725,119
2026-09-18 10:19,66.62,66.68,66.6,66.66,124
2026-09-18 10:20,66.54,66.635,66.505,66.615,177
2026-09-18 10:21,66.54,66.57,66.525,66.545,163
2026-09-18 10:22,66.69,66.69,66.54,66.54,120
2026-09-18 10:23,66.72,66.72,66.685,66.685,34
2026-09-18 10:24,66.73,66.745,66.685,66.73,48
2026-09-18 10:25,66.68,66.755,66.68,66.725,81
2026-09-18 10:26,66.645,66.695,66.645,66.675,66
2026-09-18 10:27,66.67,66.675,66.65,66.655,24
2026-09-18 10:28,66.635,66.675,66.62,66.66,17
2026-09-18 10:29,66.575,66.62,66.57,66.62,29
2026-09-18 10:30,66.62,66.635,66.555,66.565,34
2026-09-18 10:31,66.595,66.67,66.595,66.645,25
2026-09-18 10:32,66.615,66.62,66.565,66.585,30
2026-09-18 10:33,66.66,66.67,66.61,66.615,11
2026-09-18 10:34,66.69,66.7,66.6,66.66,69
2026-09-18 10:35,66.64,66.695,66.64,66.695,20
2026-09-18 10:36,66.64,66.655,66.595,66.645,43
2026-09-18 10:37,66.66,66.68,66.615,66.62,34
2026-09-18 10:38,66.735,66.75,66.64,66.64,149
2026-09-18 10:39,66.84,66.865,66.73,66.745,247
2026-09-18 10:40,66.855,66.87,66.83,66.83,62
2026-09-18 10:41,66.8,66.86,66.795,66.85,43
2026-09-18 10:42,66.815,66.86,66.785,66.81,66
2026-09-18 10:43,66.735,66.805,66.73,66.805,63
2026-09-18 10:44,66.79,66.8,66.73,66.73,30
2026-09-18 10:45,66.78,66.795,66.77,66.785,40
2026-09-18 10:46,66.8,66.85,66.785,66.79,69
2026-09-18 10:47,66.77,66.835,66.77,66.795,60
2026-09-18 10:48,66.815,66.83,66.775,66.8,22
2026-09-18 10:49,66.825,66.85,66.82,66.82,72
2026-09-18 10:50,66.87,66.87,66.835,66.835,46
2026-09-18 10:51,66.91,66.93,66.86,66.865,57
2026-09-18 10:52,66.92,66.93,66.88,66.91,45
2026-09-18 10:53,66.86,66.925,66.86,66.905,55
2026-09-18 10:54,66.86,66.865,66.845,66.865,12
2026-09-18 10:55,66.885,66.895,66.86,66.86,61
2026-09-18 10:56,66.905,66.915,66.885,66.9,32
2026-09-18 10:57,66.89,66.895,66.865,66.88,43
2026-09-18 10:58,66.835,66.9,66.82,66.895,29
2026-09-18 10:59,66.87,66.87,66.82,66.84,22
2026-09-18 11:00,66.86,66.88,66.845,66.87,30
2026-09-18 11:01,66.875,66.875,66.85,66.855,32
2026-09-18 11:02,66.84,66.89,66.83,66.87,57
2026-09-18 11:03,66.885,66.885,66.83,66.84,20
2026-09-18 11:04,66.87,66.905,66.865,66.865,23
2026-09-18 11:05,66.9,66.91,66.88,66.89,23
2026-09-18 11:06,66.89,66.9,66.865,66.9,13
2026-09-18 11:07,66.885,66.885,66.86,66.885,10
2026-09-18 11:08,66.895,66.93,66.865,66.885,89
2026-09-18 11:09,66.815,66.9,66.815,66.895,58
2026-09-18 11:10,66.825,66.825,66.795,66.81,29
2026-09-18 11:11,66.77,66.81,66.77,66.81,23
2026-09-18 11:12,66.77,66.79,66.75,66.78,45
2026-09-18 11:13,66.835,66.835,66.755,66.77,23
2026-09-18 11:14,66.86,66.865,66.82,66.84,38
2026-09-18 11:15,66.895,66.935,66.865,66.87,89
2026-09-18 11:16,66.865,66.91,66.865,66.9,21
2026-09-18 11:17,66.91,66.91,66.88,66.88,20
2026-09-18 11:18,66.9,66.93,66.89,66.91,32
2026-09-18 11:19,66.94,66.94,66.89,66.89,16
2026-09-18 11:20,66.945,66.975,66.925,66.945,37
2026-09-18 11:21,66.895,66.935,66.89,66.935,10
2026-09-18 11:22,66.9,66.9,66.89,66.89,5
2026-09-18 11:23,66.905,66.93,66.905,66.905,17
2026-09-18 11:24,66.89,66.915,66.88,66.905,43
2026-09-18 11:25,66.88,66.9,66.87,66.895,20
2026-09-18 11:26,66.89,66.905,66.875,66.885,48
2026-09-18 11:27,66.895,66.91,66.88,66.88,16
2026-09-18 11:28,66.905,66.905,66.885,66.9,19
2026-09-18 11:29,66.915,66.925,66.895,66.895,24
2026-09-18 11:30,66.905,66.925,66.875,66.91,103
2026-09-18 11:31,66.875,66.915,66.875,66.91,18
2026-09-18 11:32,66.795,66.86,66.795,66.86,63
2026-09-18 11:33,66.845,66.845,66.8,66.8,62
2026-09-18 11:34,66.85,66.85,66.83,66.84,11
2026-09-18 11:35,66.89,66.895,66.855,66.855,23
2026-09-18 11:36,66.885,66.905,66.875,66.895,27
2026-09-18 11:37,66.79,66.87,66.785,66.87,42
2026-09-18 11:38,66.8,66.81,66.785,66.79,18
2026-09-18 11:39,66.8,66.825,66.8,66.8,28
2026-09-18 11:40,66.765,66.79,66.74,66.785,49
2026-09-18 11:41,66.75,66.78,66.735,66.765,34
2026-09-18 11:42,66.78,66.78,66.755,66.76,13
2026-09-18 11:43,66.83,66.86,66.78,66.785,92
2026-09-18 11:44,66.88,66.905,66.84,66.84,40
2026-09-18 11:45,66.85,66.895,66.85,66.88,33
2026-09-18 11:46,66.9,66.9,66.865,66.865,18
2026-09-18 11:47,66.885,66.92,66.885,66.9,32
2026-09-18 11:48,66.905,66.92,66.865,66.9,72
2026-09-18 11:49,66.89,66.905,66.885,66.885,24
2026-09-18 11:50,66.91,66.91,66.855,66.885,32
2026-09-18 11:51,66.9,66.92,66.9,66.915,18
2026-09-18 11:52,66.87,66.89,66.87,66.89,4
2026-09-18 11:53,66.83,66.875,66.825,66.875,29
2026-09-18 11:54,66.81,66.84,66.8,66.84,23
2026-09-18 11:55,66.84,66.845,66.805,66.825,14
2026-09-18 11:56,66.885,66.885,66.85,66.85,10
2026-09-18 11:57,66.86,66.89,66.86,66.89,17
2026-09-18 11:58,66.84,66.855,66.825,66.855,23
2026-09-18 11:59,66.88,66.88,66.83,66.84,36
2026-09-18 12:00,66.825,66.87,66.825,66.87,25
2026-09-18 12:01,66.78,66.825,66.78,66.815,61
2026-09-18 12:02,66.775,66.805,66.765,66.785,110
2026-09-18 12:03,66.78,66.79,66.77,66.775,27
2026-09-18 12:04,66.76,66.785,66.755,66.78,46
2026-09-18 12:05,66.765,66.8,66.765,66.77,60
2026-09-18 12:06,66.79,66.8,66.77,66.78,35
2026-09-18 12:07,66.78,66.81,66.77,66.795,31
2026-09-18 12:08,66.75,66.795,66.75,66.795,20
2026-09-18 12:09,66.8,66.8,66.755,66.755,49
2026-09-18 12:10,66.785,66.805,66.78,66.79,30
2026-09-18 12:11,66.83,66.835,66.775,66.785,51
2026-09-18 12:12,66.88,66.89,66.83,66.83,89
2026-09-18 12:13,66.79,66.89,66.79,66.88,45
2026-09-18 12:14,66.805,66.82,66.785,66.79,17
2026-09-18 12:15,66.79,66.815,66.78,66.805,30
2026-09-18 12:16,66.825,66.835,66.79,66.79,76
2026-09-18 12:17,66.82,66.835,66.815,66.825,33
2026-09-18 12:18,66.865,66.865,66.825,66.825,32
2026-09-18 12:19,66.895,66.895,66.87,66.875,66
2026-09-18 12:20,66.895,66.915,66.89,66.89,149
2026-09-18 12:21,66.945,66.945,66.89,66.89,96
2026-09-18 12:22,67.025,67.035,66.95,66.955,175
2026-09-18 12:23,66.945,67.025,66.94,67.025,70
2026-09-18 12:24,66.935,66.975,66.935,66.955,37
2026-09-18 12:25,67.0,67.0,66.945,66.96,24
2026-09-18 12:26,66.93,66.995,66.93,66.995,19
2026-09-18 12:27,66.91,66.935,66.885,66.93,149
2026-09-18 12:28,67.035,67.07,66.91,66.91,285
2026-09-18 12:29,67.115,67.145,67.03,67.035,169
2026-09-18 12:30,67.125,67.145,67.09,67.11,74
2026-09-18 12:31,67.12,67.155,67.095,67.14,56
2026-09-18 12:32,67.22,67.225,67.125,67.125,94
2026-09-18 12:33,67.315,67.315,67.18,67.22,220
2026-09-18 12:34,67.205,67.325,67.205,67.315,67
2026-09-18 12:35,67.185,67.21,67.165,67.21,62
2026-09-18 12:36,67.225,67.24,67.17,67.175,58
2026-09-18 12:37,67.185,67.25,67.185,67.22,33
2026-09-18 12:38,67.19,67.235,67.185,67.185,40
2026-09-18 12:39,67.225,67.235,67.175,67.2,35
2026-09-18 12:40,67.22,67.255,67.21,67.235,30
2026-09-18 12:41,67.205,67.23,67.195,67.215,29
2026-09-18 12:42,67.185,67.21,67.17,67.2,30
2026-09-18 12:43,67.125,67.185,67.115,67.175,69
2026-09-18 12:44,67.13,67.14,67.105,67.13,30
2026-09-18 12:45,67.135,67.14,67.1,67.13,39
2026-09-18 12:46,67.11,67.145,67.095,67.14,19
2026-09-18 12:47,67.12,67.12,67.07,67.1,67
2026-09-18 12:48,67.145,67.16,67.13,67.13,30
2026-09-18 12:49,67.13,67.16,67.13,67.16,8
2026-09-18 12:50,67.16,67.195,67.13,67.13,41
2026-09-18 12:51,67.155,67.16,67.14,67.14,15
2026-09-18 12:52,67.16,67.17,67.145,67.17,18
2026-09-18 12:53,67.16,67.16,67.135,67.15,17
2026-09-18 12:54,67.15,67.16,67.15,67.16,10
2026-09-18 12:55,67.15,67.15,67.135,67.15,13
2026-09-18 12:56,67.15,67.155,67.14,67.14,14
2026-09-18 12:57,67.155,67.17,67.145,67.16,23
2026-09-18 12:58,67.1,67.18,67.1,67.15,88
2026-09-18 12:59,67.115,67.12,67.09,67.09,38
2026-09-18 13:00,67.11,67.135,67.1,67.115,28
2026-09-18 13:01,67.075,67.12,67.075,67.115,47
2026-09-18 13:02,67.095,67.095,67.065,67.085,20
2026-09-18 13:03,67.155,67.17,67.115,67.115,29
2026-09-18 13:04,67.15,67.17,67.15,67.155,24
2026-09-18 13:05,67.175,67.175,67.14,67.14,20
2026-09-18 13:06,67.18,67.18,67.175,67.18,21
2026-09-18 13:07,67.19,67.19,67.17,67.17,17
2026-09-18 13:08,67.185,67.19,67.175,67.19,10
2026-09-18 13:09,67.18,67.19,67.18,67.18,5
2026-09-18 13:10,67.19,67.19,67.155,67.18,35
2026-09-18 13:11,67.175,67.19,67.15,67.19,16
2026-09-18 13:12,67.15,67.16,67.11,67.16,50
2026-09-18 13:13,67.2,67.2,67.135,67.135,79
2026-09-18 13:14,67.205,67.225,67.19,67.21,61
2026-09-18 13:15,67.225,67.23,67.215,67.22,22
2026-09-18 13:16,67.235,67.255,67.22,67.225,67
2026-09-18 13:17,67.26,67.275,67.235,67.235,87
2026-09-18 13:18,67.175,67.255,67.165,67.25,53
2026-09-18 13:19,67.145,67.185,67.145,67.18,49
2026-09-18 13:20,67.13,67.155,67.125,67.145,56
2026-09-18 13:21,67.125,67.16,67.125,67.14,32
2026-09-18 13:22,67.145,67.16,67.105,67.13,83
2026-09-18 13:23,67.14,67.17,67.13,67.14,33
2026-09-18 13:24,67.155,67.175,67.12,67.12,194
2026-09-18 13:25,67.17,67.2,67.15,67.155,81
2026-09-18 13:26,67.2,67.2,67.16,67.175,30
2026-09-18 13:27,67.2,67.205,67.18,67.2,11
2026-09-18 13:28,67.185,67.195,67.185,67.185,16
2026-09-18 13:29,67.18,67.2,67.165,67.19,34
2026-09-18 13:30,67.18,67.19,67.155,67.18,37
2026-09-18 13:31,67.19,67.21,67.175,67.19,50
2026-09-18 13:32,67.2,67.2,67.17,67.185,40
2026-09-18 13:33,67.215,67.235,67.19,67.195,52
2026-09-18 13:34,67.285,67.29,67.225,67.23,172
2026-09-18 13:35,67.275,67.3,67.26,67.29,48
2026-09-18 13:36,67.325,67.34,67.275,67.275,90
2026-09-18 13:37,67.305,67.335,67.285,67.33,53
2026-09-18 13:38,67.31,67.31,67.285,67.305,32
2026-09-18 13:39,67.285,67.285,67.255,67.28,25
2026-09-18 13:40,67.295,67.295,67.26,67.27,18
2026-09-18 13:41,67.29,67.295,67.275,67.285,17
2026-09-18 13:42,67.3,67.3,67.265,67.3,27
2026-09-18 13:43,67.25,67.31,67.24,67.31,42
2026-09-18 13:44,67.255,67.265,67.23,67.25,46
2026-09-18 13:45,67.255,67.265,67.25,67.26,11
2026-09-18 13:46,67.265,67.265,67.25,67.25,11
2026-09-18 13:47,67.29,67.29,67.265,67.275,14
2026-09-18 13:48,67.305,67.31,67.29,67.295,23
2026-09-18 13:49,67.26,67.295,67.26,67.295,14
2026-09-18 13:50,67.27,67.28,67.255,67.26,11
2026-09-18 13:51,67.255,67.27,67.245,67.27,16
2026-09-18 13:52,67.28,67.28,67.26,67.26,7
2026-09-18 13:53,67.275,67.28,67.27,67.275,8
2026-09-18 13:54,67.25,67.285,67.25,67.265,19
2026-09-18 13:55,67.25,67.26,67.25,67.26,29
2026-09-18 13:56,67.28,67.285,67.255,67.255,28
2026-09-18 13:57,67.265,67.285,67.265,67.28,18
2026-09-18 13:58,67.255,67.26,67.25,67.26,54
2026-09-18 13:59,67.265,67.27,67.255,67.255,11
2026-09-18 14:00,67.245,67.29,67.245,67.265,109
2026-09-18 14:01,67.27,67.27,67.23,67.25,53
2026-09-18 14:02,67.25,67.265,67.25,67.255,9
2026-09-18 14:03,67.25,67.265,67.25,67.255,15
2026-09-18 14:04,67.235,67.255,67.235,67.255,44
2026-09-18 14:05,67.205,67.235,67.205,67.23,47
2026-09-18 14:06,67.2,67.21,67.175,67.205,82
2026-09-18 14:07,67.27,67.28,67.205,67.205,69
2026-09-18 14:08,67.235,67.3,67.235,67.275,52
2026-09-18 14:09,67.21,67.25,67.21,67.24,29
2026-09-18 14:10,67.225,67.23,67.22,67.22,7
2026-09-18 14:11,67.235,67.235,67.2,67.225,149
2026-09-18 14:12,67.24,67.24,67.22,67.23,14
2026-09-18 14:13,67.265,67.27,67.23,67.245,35
2026-09-18 14:14,67.255,67.275,67.245,67.275,28
2026-09-18 14:15,67.26,67.28,67.25,67.26,22
2026-09-18 14:16,67.26,67.26,67.245,67.26,6
2026-09-18 14:17,67.245,67.255,67.225,67.25,12
2026-09-18 14:18,67.24,67.25,67.23,67.25,7
2026-09-18 14:19,67.27,67.275,67.23,67.235,15
2026-09-18 14:20,67.29,67.29,67.25,67.26,24
2026-09-18 14:21,67.32,67.32,67.295,67.305,57
2026-09-18 14:22,67.355,67.38,67.32,67.335,38
2026-09-18 14:23,67.31,67.36,67.305,67.35,15
2026-09-18 14:24,67.305,67.305,67.295,67.305,8
2026-09-18 14:25,67.305,67.305,67.305,67.305,1
2026-09-18 14:26,67.32,67.32,67.31,67.31,9
2026-09-18 14:27,67.345,67.345,67.3,67.3,35
2026-09-18 14:28,67.31,67.325,67.31,67.32,40
2026-09-18 14:29,67.355,67.365,67.31,67.31,53
2026-09-18 14:30,67.29,67.34,67.285,67.34,14
2026-09-18 14:31,67.195,67.27,67.195,67.27,35
2026-09-18 14:32,67.195,67.215,67.195,67.21,53
2026-09-18 14:33,67.175,67.195,67.175,67.19,9
2026-09-18 14:34,67.195,67.195,67.165,67.17,13
2026-09-18 14:35,67.2,67.205,67.185,67.195,22
2026-09-18 14:36,67.2,67.2,67.195,67.2,7
2026-09-18 14:37,67.195,67.195,67.175,67.19,14
2026-09-18 14:38,67.175,67.175,67.175,67.175,2
2026-09-18 14:39,67.135,67.165,67.135,67.165,24
2026-09-18 14:40,67.095,67.14,67.095,67.14,81
2026-09-18 14:41,67.08,67.1,67.08,67.1,17
2026-09-18 14:42,67.07,67.09,67.05,67.08,36
2026-09-18 14:43,67.095,67.105,67.075,67.075,12
2026-09-18 14:44,67.06,67.07,67.05,67.06,14
2026-09-18 14:45,67.06,67.065,67.05,67.05,4
2026-09-18 14:46,67.075,67.08,67.06,67.065,12
2026-09-18 14:47,67.09,67.095,67.075,67.075,27
2026-09-18 14:48,67.1,67.11,67.09,67.1,28
2026-09-18 14:49,67.085,67.095,67.085,67.095,19
2026-09-18 14:50,67.1,67.11,67.08,67.09,7
2026-09-18 14:51,67.065,67.09,67.065,67.09,4
2026-09-18 14:52,67.035,67.05,67.035,67.05,11
2026-09-18 14:53,67.04,67.06,67.035,67.035,52
2026-09-18 14:54,66.99,67.035,66.99,67.03,42
2026-09-18 14:55,67.01,67.015,66.975,66.985,26
2026-09-18 14:56,67.005,67.025,67.005,67.01,5
2026-09-18 14:57,67.005,67.015,67.005,67.01,6
2026-09-18 14:58,67.015,67.015,67.0,67.0,6
2026-09-18 14:59,67.01,67.015,66.995,67.005,46
2026-09-18 15:00,67.015,67.03,67.0,67.0,23
2026-09-18 15:01,66.97,66.995,66.955,66.995,53
2026-09-18 15:02,66.965,66.965,66.93,66.965,46
2026-09-18 15:03,66.955,66.975,66.945,66.965,50
2026-09-18 15:04,66.945,66.985,66.94,66.955,25
2026-09-18 15:05,67.0,67.005,66.955,66.955,15
2026-09-18 15:06,66.98,66.99,66.98,66.99,13
2026-09-18 15:07,66.935,66.955,66.915,66.955,50
2026-09-18 15:08,66.965,66.965,66.93,66.935,41
2026-09-18 15:09,67.055,67.055,66.965,66.965,86
2026-09-18 15:10,67.06,67.075,67.045,67.05,90
2026-09-18 15:11,67.105,67.105,67.055,67.055,30
2026-09-18 15:12,67.105,67.145,67.095,67.11,43
2026-09-18 15:13,67.065,67.095,67.065,67.09,7
2026-09-18 15:14,67.085,67.085,67.065,67.07,25
2026-09-18 15:15,67.065,67.07,67.06,67.07,6
2026-09-18 15:16,67.055,67.08,67.055,67.08,4
2026-09-18 15:17,67.065,67.08,67.065,67.08,8
2026-09-18 15:18,67.05,67.065,67.05,67.065,4
2026-09-18 15:19,67.025,67.035,67.015,67.035,27
2026-09-18 15:20,67.035,67.035,67.02,67.025,5
2026-09-18 15:21,67.055,67.055,67.055,67.055,1
2026-09-18 15:22,67.03,67.05,67.03,67.05,7
2026-09-18 15:23,67.035,67.035,67.02,67.02,10
2026-09-18 15:24,67.02,67.04,67.005,67.04,16
2026-09-18 15:25,66.98,67.015,66.98,67.015,17
2026-09-18 15:26,66.92,66.97,66.92,66.97,30
2026-09-18 15:27,66.955,66.955,66.93,66.93,36
2026-09-18 15:28,66.955,66.955,66.945,66.945,10
2026-09-18 15:29,66.955,66.955,66.95,66.95,4
2026-09-18 15:30,66.93,66.945,66.93,66.945,14
2026-09-18 15:31,66.925,66.95,66.925,66.95,7
2026-09-18 15:32,66.965,66.965,66.93,66.935,21
2026-09-18 15:33,66.97,66.97,66.97,66.97,1
2026-09-18 15:34,66.94,66.96,66.94,66.955,20
2026-09-18 15:35,66.94,66.955,66.935,66.935,8
2026-09-18 15:36,66.98,66.98,66.945,66.95,12
2026-09-18 15:37,66.975,66.99,66.96,66.985,16
2026-09-18 15:38,66.975,66.985,66.975,66.975,4
2026-09-18 15:39,66.985,66.985,66.985,66.985,1
2026-09-18 15:40,66.99,67.0,66.98,66.995,16
2026-09-18 15:41,66.985,66.99,66.985,66.985,5
2026-09-18 15:42,66.97,67.0,66.97,66.985,14
2026-09-18 15:43,66.96,66.975,66.955,66.975,23
2026-09-18 15:44,66.975,66.985,66.96,66.965,23
2026-09-18 15:45,66.955,66.98,66.95,66.98,15
2026-09-18 15:46,66.975,66.975,66.955,66.965,11
2026-09-18 15:47,66.95,66.975,66.95,66.975,26
2026-09-18 15:48,66.965,66.98,66.955,66.955,10
2026-09-18 15:49,66.97,66.975,66.96,66.97,10
2026-09-18 15:50,66.945,66.975,66.945,66.97,18
2026-09-18 15:51,66.935,66.96,66.93,66.95,19
2026-09-18 15:52,66.895,66.94,66.895,66.94,20
2026-09-18 15:53,66.88,66.9,66.87,66.895,46
2026-09-18 15:54,66.84,66.875,66.83,66.875,98
2026-09-18 15:55,66.815,66.875,66.815,66.84,151
2026-09-18 15:56,66.795,66.835,66.765,66.83,81
2026-09-18 15:57,66.855,66.865,66.8,66.8,46
2026-09-18 15:58,66.86,66.885,66.85,66.85,16
2026-09-18 15:59,66.865,66.905,66.85,66.865,35
2026-09-18 16:00,66.91,66.95,66.85,66.865,83
2026-09-18 16:01,66.885,66.915,66.88,66.9,22
2026-09-18 16:02,66.885,66.905,66.885,66.885,9
2026-09-18 16:03,66.875,66.88,66.875,66.875,4
2026-09-18 16:04,66.89,66.9,66.885,66.885,5
2026-09-18 16:05,66.91,66.91,66.875,66.88,15
2026-09-18 16:06,66.92,66.92,66.92,66.92,3
2026-09-18 16:07,66.905,66.92,66.905,66.92,11
2026-09-18 16:08,66.9,66.915,66.895,66.9,16
2026-09-18 16:09,66.89,66.905,66.88,66.895,8
2026-09-18 16:10,66.895,66.915,66.88,66.88,29
2026-09-18 16:11,66.91,66.91,66.895,66.895,6
2026-09-18 16:12,66.94,66.94,66.92,66.92,4
2026-09-18 16:13,66.945,66.98,66.935,66.97,12
2026-09-18 16:14,66.94,66.955,66.935,66.95,11
2026-09-18 16:15,66.935,66.94,66.93,66.935,6
2026-09-18 16:16,66.95,66.95,66.925,66.925,8
2026-09-18 16:17,66.92,66.945,66.91,66.945,7
2026-09-18 16:18,66.905,66.93,66.9,66.93,9
2026-09-18 16:19,66.91,66.91,66.905,66.905,4
2026-09-18 16:20,66.945,66.945,66.91,66.915,9
2026-09-18 16:21,66.945,66.945,66.945,66.945,2
2026-09-18 16:22,66.975,66.975,66.96,66.965,5
2026-09-18 16:23,66.96,66.98,66.96,66.98,2
2026-09-18 16:24,66.965,66.97,66.965,66.97,4
2026-09-18 16:25,66.965,66.965,66.96,66.96,8
2026-09-18 16:26,66.96,66.965,66.96,66.965,5
2026-09-18 16:27,66.955,66.955,66.945,66.955,9
2026-09-18 16:28,66.94,66.945,66.94,66.945,4
2026-09-18 16:29,66.91,66.93,66.91,66.92,7
2026-09-18 16:30,66.945,66.945,66.92,66.93,7
2026-09-18 16:31,66.935,66.95,66.935,66.94,7
2026-09-18 16:32,66.935,66.935,66.935,66.935,2
2026-09-18 16:33,66.96,66.96,66.95,66.95,6
2026-09-18 16:34,66.95,66.965,66.95,66.965,7
2026-09-18 16:35,66.93,66.95,66.93,66.95,4
2026-09-18 16:36,66.91,66.925,66.895,66.925,19
2026-09-18 16:37,66.9,66.9,66.89,66.89,9
2026-09-18 16:38,66.88,66.9,66.88,66.89,7
2026-09-18 16:39,66.875,66.875,66.87,66.87,9
2026-09-18 16:40,66.855,66.87,66.85,66.87,16
2026-09-18 16:41,66.86,66.875,66.86,66.875,6
2026-09-18 16:42,66.875,66.875,66.86,66.865,5
2026-09-18 16:43,66.87,66.87,66.87,66.87,1
2026-09-18 16:44,66.88,66.88,66.865,66.865,2
2026-09-18 16:45,66.845,66.865,66.845,66.865,5
2026-09-18 16:46,66.855,66.855,66.855,66.855,4
2026-09-18 16:47,66.84,66.86,66.83,66.86,19
2026-09-18 16:48,66.845,66.855,66.825,66.825,11
2026-09-18 16:49,66.77,66.83,66.755,66.83,62
2026-09-18 16:50,66.785,66.79,66.77,66.785,13
2026-09-18 16:51,66.755,66.78,66.755,66.78,8
2026-09-18 16:52,66.785,66.795,66.775,66.775,6
2026-09-18 16:53,66.775,66.79,66.775,66.79,7
2026-09-18 16:54,66.795,66.795,66.77,66.77,26
2026-09-18 16:55,66.765,66.795,66.765,66.795,26
2026-09-18 16:56,66.77,66.78,66.765,66.78,10
2026-09-18 16:57,66.785,66.785,66.78,66.78,3
2026-09-18 16:58,66.765,66.785,66.695,66.785,83
2026-09-18 16:59,67.149,67.149,66.77,66.77,20
2026-09-20 18:10,66.785,66.8,66.775,66.8,0
2026-09-20 18:11,66.835,66.84,66.8,66.8,8
2026-09-20 18:12,66.86,66.88,66.83,66.84,14
2026-09-20 18:13,66.855,66.865,66.855,66.865,2
2026-09-20 18:14,66.9,66.9,66.865,66.865,24
2026-09-20 18:15,66.93,66.94,66.915,66.915,20
2026-09-20 18:16,66.945,66.95,66.925,66.925,15
2026-09-20 18:17,66.92,66.96,66.92,66.945,23
2026-09-20 18:18,66.87,66.9,66.87,66.9,5
2026-09-20 18:20,66.825,66.875,66.825,66.875,8
2026-09-20 18:21,66.795,66.82,66.795,66.82,10
2026-09-20 18:22,66.81,66.81,66.81,66.81,4
2026-09-20 18:23,66.835,66.845,66.815,66.82,20
2026-09-20 18:24,66.81,66.835,66.81,66.83,6
2026-09-20 18:25,66.855,66.86,66.825,66.825,6
2026-09-20 18:26,66.89,66.89,66.875,66.875,9
2026-09-20 18:27,66.84,66.9,66.84,66.89,10
2026-09-20 18:28,66.845,66.85,66.815,66.83,15
2026-09-20 18:29,66.895,66.895,66.845,66.845,15
2026-09-20 18:30,66.915,66.925,66.88,66.88,22
2026-09-20 18:31,66.925,66.935,66.9,66.91,11
2026-09-20 18:32,66.905,66.94,66.895,66.915,10
2026-09-20 18:33,66.895,66.91,66.895,66.905,9
2026-09-20 18:34,66.89,66.89,66.89,66.89,2
2026-09-20 18:35,66.9,66.91,66.9,66.91,6
2026-09-20 18:36,66.93,66.93,66.91,66.91,3
2026-09-20 18:37,66.945,66.95,66.935,66.95,9
2026-09-20 18:38,66.92,66.93,66.905,66.93,3
2026-09-20 18:39,66.895,66.93,66.89,66.93,5
2026-09-20 18:40,66.92,66.925,66.92,66.925,3
2026-09-20 18:41,66.915,66.915,66.9,66.9,3
2026-09-20 18:42,66.915,66.915,66.915,66.915,2
2026-09-20 18:43,66.845,66.885,66.845,66.885,5
2026-09-20 18:44,66.85,66.85,66.85,66.85,1
2026-09-20 18:45,66.845,66.845,66.845,66.845,1
2026-09-20 18:46,66.855,66.855,66.845,66.845,3
2026-09-20 18:47,66.885,66.885,66.885,66.885,1
2026-09-20 18:48,66.865,66.865,66.865,66.865,5
2026-09-20 18:49,66.825,66.84,66.825,66.835,6
2026-09-20 18:50,66.855,66.855,66.84,66.84,2
2026-09-20 18:51,66.86,66.875,66.86,66.875,3
2026-09-20 18:53,66.84,66.845,66.825,66.835,12
2026-09-20 18:54,66.86,66.86,66.855,66.855,3
2026-09-20 18:55,66.865,66.865,66.865,66.865,2
2026-09-20 18:56,66.895,66.895,66.86,66.86,7
2026-09-20 18:57,66.895,66.895,66.895,66.895,2
2026-09-20 18:58,66.865,66.87,66.865,66.865,6
2026-09-20 18:59,66.85,66.87,66.85,66.87,12
2026-09-20 19:00,66.87,66.87,66.86,66.86,3
2026-09-20 19:01,66.875,66.895,66.87,66.87,5
2026-09-20 19:02,66.865,66.865,66.865,66.865,1
2026-09-20 19:03,66.87,66.87,66.87,66.87,1
2026-09-20 19:04,66.84,66.84,66.84,66.84,1
2026-09-20 19:06,66.81,66.82,66.81,66.82,4
2026-09-20 19:07,66.82,66.82,66.805,66.815,4
2026-09-20 19:08,66.82,66.84,66.82,66.82,6
2026-09-20 19:09,66.83,66.83,66.815,66.82,3
2026-09-20 19:10,66.855,66.855,66.84,66.84,4
2026-09-20 19:11,66.815,66.84,66.815,66.84,2
2026-09-20 19:12,66.82,66.82,66.82,66.82,1
2026-09-20 19:13,66.845,66.845,66.83,66.83,3
2026-09-20 19:14,66.81,66.835,66.81,66.835,5
2026-09-20 19:15,66.79,66.825,66.785,66.825,10
2026-09-20 19:16,66.78,66.79,66.78,66.79,3
2026-09-20 19:17,66.795,66.795,66.79,66.79,2
2026-09-20 19:18,66.82,66.83,66.815,66.83,6
2026-09-20 19:19,66.83,66.83,66.83,66.83,1
2026-09-20 19:22,66.845,66.845,66.845,66.845,1
2026-09-20 19:23,66.805,66.835,66.8,66.835,15
2026-09-20 19:24,66.805,66.815,66.805,66.815,2
2026-09-20 19:25,66.795,66.805,66.795,66.805,3
2026-09-20 19:26,66.785,66.8,66.785,66.8,2
2026-09-20 19:28,66.81,66.81,66.81,66.81,1
2026-09-20 19:29,66.84,66.84,66.84,66.84,1
2026-09-20 19:30,66.83,66.84,66.83,66.84,2
2026-09-20 19:31,66.93,66.93,66.9,66.9,12
2026-09-20 19:32,66.915,66.93,66.915,66.93,14
2026-09-20 19:33,66.925,66.925,66.915,66.92,9
2026-09-20 19:34,66.92,66.93,66.92,66.93,5
2026-09-20 19:35,66.915,66.915,66.915,66.915,2
2026-09-20 19:36,66.9,66.91,66.9,66.91,5
2026-09-20 19:37,66.88,66.91,66.86,66.91,32
2026-09-20 19:39,66.94,66.955,66.915,66.915,8
2026-09-20 19:40,66.875,66.88,66.875,66.88,4
2026-09-20 19:42,66.88,66.88,66.865,66.865,3
2026-09-20 19:43,66.84,66.865,66.835,66.865,9
2026-09-20 19:44,66.81,66.825,66.8,66.825,18
2026-09-20 19:45,66.745,66.795,66.74,66.795,12
2026-09-20 19:46,66.73,66.75,66.73,66.75,5
2026-09-20 19:47,66.73,66.73,66.725,66.725,6
2026-09-20 19:48,66.73,66.74,66.725,66.725,7
2026-09-20 19:49,66.8,66.8,66.79,66.79,3
2026-09-20 19:50,66.79,66.805,66.785,66.795,5
2026-09-20 19:51,66.78,66.78,66.755,66.77,5
2026-09-20 19:52,66.815,66.815,66.785,66.785,3
2026-09-20 19:53,66.815,66.84,66.815,66.84,2
2026-09-20 19:54,66.8,66.81,66.8,66.81,2
2026-09-20 19:55,66.79,66.79,66.79,66.79,1
2026-09-20 19:56,66.815,66.815,66.8,66.81,3
2026-09-20 19:57,66.83,66.84,66.815,66.815,5
2026-09-20 19:58,66.815,66.815,66.8,66.81,3
2026-09-20 19:59,66.825,66.825,66.825,66.825,1
2026-09-20 20:00,66.82,66.885,66.82,66.835,46
2026-09-20 20:01,66.82,66.84,66.8,66.825,35
2026-09-20 20:02,66.855,66.89,66.855,66.89,8
2026-09-20 20:03,66.9,66.9,66.87,66.87,8
2026-09-20 20:04,66.885,66.89,66.88,66.88,3
2026-09-20 20:05,66.895,66.905,66.85,66.885,31
2026-09-20 20:06,66.955,67.01,66.94,66.94,76
2026-09-20 20:07,67.005,67.01,66.975,66.975,21
2026-09-20 20:08,66.965,66.99,66.945,66.975,7
2026-09-20 20:09,66.875,66.92,66.855,66.92,13
2026-09-20 20:10,66.89,66.895,66.885,66.885,4
2026-09-20 20:11,66.865,66.865,66.825,66.865,28
2026-09-20 20:12,66.895,66.895,66.875,66.875,4
2026-09-20 20:13,66.88,66.9,66.875,66.9,7
2026-09-20 20:14,66.87,66.875,66.87,66.875,4
2026-09-20 20:15,66.735,66.86,66.735,66.855,88
2026-09-20 20:16,66.705,66.805,66.705,66.77,14
2026-09-20 20:17,66.665,66.71,66.66,66.71,25
2026-09-20 20:18,66.685,66.695,66.635,66.66,17
2026-09-20 20:19,66.685,66.69,66.685,66.69,3
2026-09-20 20:20,66.69,66.735,66.67,66.67,83
2026-09-20 20:21,66.67,66.7,66.66,66.69,8
2026-09-20 20:22,66.66,66.7,66.66,66.7,13
2026-09-20 20:23,66.76,66.78,66.69,66.69,17
2026-09-20 20:24,66.815,66.83,66.785,66.785,17
2026-09-20 20:25,66.825,66.825,66.815,66.815,7
2026-09-20 20:26,66.79,66.84,66.77,66.83,14
2026-09-20 20:27,66.815,66.82,66.79,66.795,8
2026-09-20 20:28,66.845,66.855,66.83,66.835,22
2026-09-20 20:29,66.795,66.86,66.795,66.86,15
2026-09-20 20:30,66.815,66.815,66.78,66.78,5
2026-09-20 20:31,66.75,66.835,66.74,66.835,12
2026-09-20 20:32,66.775,66.775,66.725,66.725,15
2026-09-20 20:33,66.8,66.8,66.775,66.775,5
2026-09-20 20:34,66.82,66.85,66.815,66.815,8
2026-09-20 20:35,66.895,66.9,66.81,66.81,39
2026-09-20 20:36,66.85,66.885,66.845,66.885,7
2026-09-20 20:37,66.9,66.9,66.885,66.9,7
2026-09-20 20:38,66.93,66.935,66.895,66.895,11
2026-09-20 20:39,67.035,67.035,66.955,66.955,24
2026-09-20 20:40,67.03,67.09,67.025,67.04,21
2026-09-20 20:41,66.995,67.015,66.97,67.01,13
2026-09-20 20:42,67.03,67.03,66.98,67.0,16
2026-09-20 20:43,67.055,67.07,67.02,67.07,29
2026-09-20 20:44,66.995,67.03,66.97,67.025,27
2026-09-20 20:45,66.99,67.02,66.98,67.005,10
2026-09-20 20:46,66.985,66.99,66.985,66.99,2
2026-09-20 20:47,66.97,66.99,66.965,66.99,6
2026-09-20 20:48,66.98,66.985,66.955,66.96,13
2026-09-20 20:49,66.845,66.96,66.845,66.96,50
2026-09-20 20:50,66.805,66.825,66.8,66.81,13
2026-09-20 20:51,66.87,66.87,66.775,66.79,16
2026-09-20 20:52,66.885,66.9,66.87,66.88,16
2026-09-20 20:53,66.93,66.93,66.895,66.895,7
2026-09-20 20:54,66.9,66.9,66.9,66.9,1
2026-09-20 20:55,66.885,66.925,66.885,66.925,6
2026-09-20 20:56,66.915,66.915,66.89,66.89,2
2026-09-20 20:57,66.9,66.9,66.9,66.9,1
2026-09-20 20:58,66.92,66.94,66.915,66.94,5
2026-09-20 20:59,66.91,67.06,66.905,66.93,113
2026-09-20 21:00,67.235,67.235,66.89,66.915,255
2026-09-20 21:01,67.21,67.295,67.21,67.23,116
2026-09-20 21:02,67.24,67.25,67.15,67.215,62
2026-09-20 21:03,67.265,67.305,67.245,67.25,40
2026-09-20 21:04,67.225,67.275,67.195,67.25,57
2026-09-20 21:05,67.335,67.36,67.2,67.225,53
2026-09-20 21:06,67.405,67.42,67.33,67.335,110
2026-09-20 21:07,67.475,67.5,67.4,67.4,104
2026-09-20 21:08,67.465,67.5,67.445,67.475,27
2026-09-20 21:09,67.45,67.475,67.415,67.46,41
2026-09-20 21:10,67.445,67.46,67.405,67.45,35
2026-09-20 21:11,67.415,67.48,67.365,67.43,37
2026-09-20 21:12,67.495,67.5,67.39,67.41,36
2026-09-20 21:13,67.5,67.53,67.455,67.515,38
2026-09-20 21:14,67.49,67.49,67.435,67.47,12
2026-09-20 21:15,67.535,67.555,67.5,67.5,38
2026-09-20 21:16,67.49,67.52,67.43,67.51,123
2026-09-20 21:17,67.465,67.49,67.435,67.49,27
2026-09-20 21:18,67.38,67.46,67.375,67.46,35
2026-09-20 21:19,67.285,67.365,67.285,67.36,30
2026-09-20 21:20,67.25,67.31,67.25,67.28,28
2026-09-20 21:21,67.305,67.32,67.23,67.24,51
2026-09-20 21:22,67.285,67.3,67.245,67.3,25
2026-09-20 21:23,67.29,67.3,67.225,67.3,19
2026-09-20 21:24,67.32,67.32,67.285,67.285,17
2026-09-20 21:25,67.345,67.365,67.285,67.3,37
2026-09-20 21:26,67.3,67.36,67.29,67.345,19
2026-09-20 21:27,67.21,67.31,67.175,67.31,16
2026-09-20 21:28,67.26,67.26,67.18,67.23,58
2026-09-20 21:29,67.195,67.275,67.165,67.275,20
2026-09-20 21:30,67.22,67.22,67.155,67.195,31
2026-09-20 21:31,67.17,67.215,67.165,67.2,10
2026-09-20 21:32,67.225,67.245,67.155,67.18,13
2026-09-20 21:33,67.24,67.26,67.21,67.23,22
2026-09-20 21:34,67.32,67.32,67.275,67.275,10
2026-09-20 21:35,67.27,67.275,67.23,67.275,14
2026-09-20 21:36,67.23,67.27,67.23,67.27,8
2026-09-20 21:37,67.265,67.29,67.23,67.235,13
2026-09-20 21:38,67.175,67.275,67.16,67.265,13
2026-09-20 21:39,67.205,67.205,67.145,67.16,10
2026-09-20 21:40,67.225,67.235,67.19,67.23,17
2026-09-20 21:41,67.215,67.25,67.215,67.23,9
2026-09-20 21:42,67.18,67.235,67.165,67.23,14
2026-09-20 21:43,67.16,67.225,67.155,67.2,56
2026-09-20 21:44,67.215,67.215,67.145,67.15,28
2026-09-20 21:45,67.21,67.22,67.195,67.195,28
2026-09-20 21:46,67.295,67.295,67.225,67.23,20
2026-09-20 21:47,67.24,67.285,67.24,67.265,34
2026-09-20 21:48,67.24,67.27,67.22,67.225,19
2026-09-20 21:49,67.22,67.26,67.22,67.26,23
2026-09-20 21:50,67.135,67.26,67.115,67.26,37
2026-09-20 21:51,67.17,67.18,67.11,67.135,52
2026-09-20 21:52,67.155,67.2,67.15,67.195,14
2026-09-20 21:53,67.175,67.225,67.16,67.16,12
2026-09-20 21:54,67.18,67.19,67.155,67.155,8
2026-09-20 21:55,67.175,67.175,67.15,67.15,8
2026-09-20 21:56,67.095,67.135,67.06,67.135,24
2026-09-20 21:57,67.115,67.125,67.1,67.11,13
2026-09-20 21:58,67.065,67.125,67.06,67.115,27
2026-09-20 21:59,67.095,67.105,67.065,67.065,8
2026-09-20 22:00,67.08,67.08,67.045,67.075,10
2026-09-20 22:01,67.05,67.095,67.05,67.085,8
2026-09-20 22:02,67.05,67.055,67.02,67.045,36
2026-09-20 22:03,67.06,67.09,67.055,67.08,8
2026-09-20 22:04,67.115,67.115,67.085,67.085,11
2026-09-20 22:05,67.005,67.095,66.99,67.095,47
2026-09-20 22:06,67.07,67.075,66.98,66.99,72
2026-09-20 22:07,67.045,67.065,67.025,67.065,11
2026-09-20 22:08,67.07,67.075,67.05,67.05,27
2026-09-20 22:09,67.055,67.085,67.05,67.075,19
2026-09-20 22:10,66.97,67.035,66.96,67.035,21
2026-09-20 22:11,66.94,66.945,66.91,66.935,19
2026-09-20 22:12,66.965,66.985,66.935,66.965,37
2026-09-20 22:13,67.005,67.005,66.985,66.99,17
2026-09-20 22:14,66.975,67.01,66.955,67.005,12
2026-09-20 22:15,66.935,66.985,66.935,66.975,15
2026-09-20 22:16,66.935,66.935,66.915,66.915,4
2026-09-20 22:17,66.905,66.925,66.905,66.925,2
2026-09-20 22:18,66.955,66.955,66.925,66.925,6
2026-09-20 22:20,66.92,66.945,66.885,66.945,18
2026-09-20 22:21,66.885,66.9,66.885,66.9,13
2026-09-20 22:22,66.84,66.87,66.83,66.87,43
2026-09-20 22:23,66.78,66.83,66.775,66.83,38
2026-09-20 22:24,66.795,66.795,66.725,66.765,32
2026-09-20 22:25,66.805,66.82,66.785,66.795,19
2026-09-20 22:26,66.86,66.86,66.805,66.81,17
2026-09-20 22:27,66.83,66.87,66.83,66.865,25
2026-09-20 22:28,66.93,66.935,66.835,66.835,51
2026-09-20 22:29,66.94,66.96,66.94,66.945,12
2026-09-20 22:30,67.035,67.035,66.92,66.945,67
2026-09-20 22:31,66.885,67.03,66.865,67.025,38
2026-09-20 22:32,66.87,66.925,66.865,66.915,17
2026-09-20 22:33,66.87,66.87,66.86,66.865,6
2026-09-20 22:34,66.87,66.91,66.86,66.9,25
2026-09-20 22:35,66.865,66.905,66.835,66.855,32
2026-09-20 22:36,66.9,66.915,66.87,66.87,27
2026-09-20 22:37,66.94,66.965,66.905,66.905,24
2026-09-20 22:38,66.955,66.955,66.94,66.94,4
2026-09-20 22:39,66.955,66.955,66.915,66.945,10
2026-09-20 22:40,66.89,66.945,66.89,66.945,6
2026-09-20 22:41,66.935,66.935,66.865,66.865,28
2026-09-20 22:42,66.93,66.94,66.9,66.94,8
2026-09-20 22:43,67.0,67.0,66.945,66.955,30
2026-09-20 22:44,66.92,66.95,66.92,66.95,14
2026-09-20 22:45,66.965,66.965,66.91,66.915,19
2026-09-20 22:46,66.985,66.985,66.975,66.975,11
2026-09-20 22:47,66.96,66.965,66.96,66.965,3
2026-09-20 22:48,66.94,66.945,66.92,66.93,16
2026-09-20 22:49,66.905,66.96,66.905,66.935,8
2026-09-20 22:50,66.935,66.94,66.925,66.94,3
2026-09-20 22:51,66.885,66.935,66.875,66.93,16
2026-09-20 22:52,66.9,66.9,66.85,66.865,23
2026-09-20 22:53,66.885,66.915,66.885,66.91,31
2026-09-20 22:54,66.815,66.87,66.815,66.87,9
2026-09-20 22:55,66.815,66.825,66.795,66.8,25
2026-09-20 22:56,66.835,66.865,66.8,66.8,33
2026-09-20 22:57,66.825,66.865,66.81,66.825,20
2026-09-20 22:58,66.77,66.83,66.755,66.83,44
2026-09-20 22:59,66.805,66.805,66.77,66.79,5
2026-09-20 23:00,66.825,66.825,66.82,66.825,4
2026-09-20 23:01,66.735,66.795,66.735,66.78,20
2026-09-20 23:02,66.775,66.775,66.735,66.755,11
2026-09-20 23:03,66.88,66.88,66.79,66.79,26
2026-09-20 23:04,66.92,66.92,66.88,66.885,22
2026-09-20 23:05,66.915,66.92,66.905,66.92,5
2026-09-20 23:06,66.885,66.915,66.885,66.91,6
2026-09-20 23:07,66.815,66.915,66.815,66.905,36
2026-09-20 23:08,66.825,66.825,66.805,66.805,10
2026-09-20 23:09,66.8,66.805,66.77,66.805,25
2026-09-20 23:10,66.845,66.845,66.8,66.805,18
2026-09-20 23:11,66.82,66.855,66.82,66.85,23
2026-09-20 23:12,66.845,66.845,66.82,66.825,14
2026-09-20 23:13,66.85,66.85,66.835,66.845,5
2026-09-20 23:14,66.82,66.82,66.82,66.82,1
2026-09-20 23:15,66.825,66.825,66.81,66.825,9
2026-09-20 23:16,66.845,66.865,66.82,66.84,8
2026-09-20 23:17,66.765,66.85,66.765,66.85,8
2026-09-20 23:18,66.86,66.87,66.76,66.765,24
2026-09-20 23:19,66.825,66.87,66.825,66.87,32
2026-09-20 23:20,66.82,66.825,66.815,66.815,4
2026-09-20 23:21,66.78,66.8,66.765,66.8,17
2026-09-20 23:22,66.795,66.81,66.795,66.81,2
2026-09-20 23:23,66.825,66.825,66.815,66.815,3
2026-09-20 23:24,66.82,66.82,66.805,66.805,2
2026-09-20 23:25,66.805,66.805,66.805,66.805,1
2026-09-20 23:26,66.785,66.8,66.785,66.8,2
2026-09-20 23:27,66.76,66.77,66.74,66.77,13
2026-09-20 23:28,66.765,66.775,66.76,66.77,12
2026-09-20 23:29,66.755,66.77,66.75,66.77,10
2026-09-20 23:30,66.79,66.795,66.76,66.765,11
2026-09-20 23:31,66.785,66.795,66.78,66.78,6
2026-09-20 23:32,66.795,66.8,66.785,66.785,20
2026-09-20 23:33,66.825,66.83,66.79,66.795,25
2026-09-20 23:34,66.86,66.86,66.83,66.83,5
2026-09-20 23:35,66.89,66.93,66.865,66.865,30
2026-09-20 23:36,66.905,66.905,66.88,66.88,13
2026-09-20 23:37,66.905,66.94,66.895,66.9,20
2026-09-20 23:38,66.945,66.945,66.895,66.895,11
2026-09-20 23:39,66.935,66.935,66.925,66.93,3
2026-09-20 23:40,66.945,66.945,66.925,66.925,10
2026-09-20 23:41,66.94,66.95,66.935,66.945,17
2026-09-20 23:42,66.95,66.965,66.935,66.935,28
2026-09-20 23:43,66.98,66.98,66.955,66.955,9
2026-09-20 23:44,66.975,66.975,66.96,66.965,13
2026-09-20 23:45,66.97,66.975,66.955,66.955,4
2026-09-20 23:46,66.915,66.96,66.915,66.96,13
2026-09-20 23:47,66.865,66.895,66.865,66.895,5
2026-09-20 23:48,66.855,66.88,66.85,66.88,12
2026-09-20 23:49,66.815,66.86,66.815,66.855,12
2026-09-20 23:50,66.775,66.815,66.76,66.815,13
2026-09-20 23:51,66.785,66.785,66.755,66.78,14
2026-09-20 23:52,66.8,66.82,66.79,66.79,14
2026-09-20 23:53,66.73,66.8,66.705,66.8,27
2026-09-20 23:54,66.71,66.73,66.68,66.725,35
2026-09-20 23:55,66.66,66.695,66.66,66.695,19
2026-09-20 23:56,66.65,66.685,66.645,66.685,18
2026-09-20 23:57,66.66,66.665,66.635,66.64,32
2026-09-20 23:58,66.645,66.65,66.645,66.65,3
2026-09-21 00:00,66.735,66.735,66.69,66.69,17
2026-09-21 00:01,66.75,66.75,66.7,66.7,17
2026-09-21 00:02,66.745,66.77,66.745,66.765,7
2026-09-21 00:04,66.64,66.71,66.63,66.71,17
2026-09-21 00:05,66.65,66.66,66.635,66.645,23
2026-09-21 00:06,66.67,66.67,66.655,66.665,7
2026-09-21 00:07,66.65,66.665,66.65,66.665,6
2026-09-21 00:08,66.69,66.69,66.64,66.64,10
2026-09-21 00:09,66.71,66.72,66.71,66.72,5
2026-09-21 00:10,66.72,66.73,66.715,66.715,9
2026-09-21 00:11,66.765,66.765,66.735,66.735,35
2026-09-21 00:12,66.825,66.825,66.765,66.765,9
2026-09-21 00:13,66.805,66.825,66.805,66.82,7
2026-09-21 00:14,66.795,66.805,66.795,66.8,3
2026-09-21 00:15,66.81,66.81,66.8,66.8,3
2026-09-21 00:16,66.84,66.84,66.8,66.8,7
2026-09-21 00:17,66.85,66.88,66.85,66.85,20
2026-09-21 00:18,66.9,66.9,66.86,66.86,2
2026-09-21 00:19,66.915,66.915,66.9,66.9,5
2026-09-21 00:20,66.91,66.945,66.91,66.945,5
2026-09-21 00:21,66.9,66.915,66.895,66.915,8
2026-09-21 00:22,66.91,66.91,66.91,66.91,1
2026-09-21 00:23,66.895,66.9,66.89,66.9,3
2026-09-21 00:24,66.855,66.89,66.855,66.89,16
2026-09-21 00:25,66.9,66.9,66.865,66.865,20
2026-09-21 00:26,66.895,66.905,66.87,66.905,9
2026-09-21 00:27,66.92,66.925,66.9,66.9,7
2026-09-21 00:28,66.88,66.905,66.88,66.905,4
2026-09-21 00:29,66.855,66.865,66.85,66.865,18
2026-09-21 00:30,66.795,66.825,66.775,66.825,25
2026-09-21 00:31,66.815,66.815,66.815,66.815,3
2026-09-21 00:32,66.89,66.89,66.81,66.81,18
2026-09-21 00:33,66.89,66.89,66.88,66.88,5
2026-09-21 00:34,66.925,66.925,66.91,66.91,6
2026-09-21 00:35,66.95,66.95,66.925,66.925,6
2026-09-21 00:36,66.94,66.955,66.93,66.955,6
2026-09-21 00:37,66.915,66.95,66.915,66.94,7
2026-09-21 00:38,66.905,66.915,66.9,66.915,7
2026-09-21 00:39,66.915,66.915,66.91,66.91,3
2026-09-21 00:40,66.91,66.94,66.91,66.93,9
2026-09-21 00:41,66.915,66.915,66.915,66.915,2
2026-09-21 00:42,66.89,66.915,66.885,66.915,23
2026-09-21 00:43,66.895,66.93,66.885,66.905,50
2026-09-21 00:44,66.9,66.91,66.895,66.895,7
2026-09-21 00:45,66.895,66.895,66.89,66.89,2
2026-09-21 00:46,66.895,66.895,66.89,66.895,5
2026-09-21 00:48,66.91,66.91,66.91,66.91,1
2026-09-21 00:50,66.885,66.885,66.885,66.885,1
2026-09-21 00:51,66.86,66.875,66.86,66.875,5
2026-09-21 00:52,66.855,66.875,66.855,66.875,10
2026-09-21 00:54,66.84,66.84,66.84,66.84,1
2026-09-21 00:55,66.775,66.825,66.765,66.825,23
2026-09-21 00:56,66.815,66.815,66.78,66.78,12
2026-09-21 00:57,66.77,66.835,66.77,66.835,13
2026-09-21 00:58,66.715,66.775,66.715,66.775,13
2026-09-21 00:59,66.725,66.725,66.715,66.72,6
2026-09-21 01:00,66.68,66.73,66.68,66.725,14
2026-09-21 01:01,66.755,66.755,66.68,66.68,22
2026-09-21 01:02,66.74,66.74,66.74,66.74,1
2026-09-21 01:03,66.76,66.76,66.75,66.75,16
2026-09-21 01:04,66.745,66.76,66.745,66.76,4
2026-09-21 01:05,66.715,66.74,66.715,66.72,10
2026-09-21 01:06,66.73,66.73,66.71,66.73,5
2026-09-21 01:07,66.715,66.715,66.695,66.7,7
2026-09-21 01:08,66.68,66.705,66.68,66.705,8
2026-09-21 01:09,66.685,66.69,66.65,66.67,11
2026-09-21 01:10,66.64,66.67,66.64,66.67,13
2026-09-21 01:11,66.605,66.63,66.605,66.63,7
2026-09-21 01:12,66.675,66.675,66.655,66.655,9
2026-09-21 01:13,66.65,66.655,66.64,66.655,7
2026-09-21 01:14,66.67,66.67,66.67,66.67,1
2026-09-21 01:15,66.64,66.64,66.64,66.64,1
2026-09-21 01:16,66.64,66.64,66.63,66.63,3
2026-09-21 01:17,66.64,66.64,66.64,66.64,1
2026-09-21 01:18,66.66,66.66,66.635,66.635,4
2026-09-21 01:19,66.66,66.665,66.655,66.665,3
2026-09-21 01:20,66.695,66.695,66.685,66.685,5
2026-09-21 01:21,66.725,66.725,66.71,66.71,4
2026-09-21 01:22,66.735,66.735,66.715,66.715,2
2026-09-21 01:23,66.775,66.775,66.75,66.75,2
2026-09-21 01:24,66.745,66.75,66.745,66.75,2
2026-09-21 01:25,66.725,66.745,66.725,66.745,3
2026-09-21 01:26,66.765,66.765,66.765,66.765,1
2026-09-21 01:27,66.725,66.77,66.72,66.77,6
2026-09-21 01:28,66.67,66.7,66.64,66.7,21
2026-09-21 01:29,66.63,66.66,66.625,66.66,13
2026-09-21 01:30,66.755,66.78,66.585,66.62,158
2026-09-21 01:31,66.78,66.78,66.75,66.75,4
2026-09-21 01:32,66.675,66.75,66.65,66.75,10
2026-09-21 01:33,66.645,66.66,66.57,66.615,29
2026-09-21 01:34,66.59,66.65,66.59,66.65,8
2026-09-21 01:35,66.615,66.625,66.58,66.61,19
2026-09-21 01:36,66.67,66.67,66.605,66.605,13
2026-09-21 01:37,66.655,66.665,66.655,66.655,7
2026-09-21 01:38,66.67,66.68,66.655,66.68,5
2026-09-21 01:40,66.68,66.68,66.655,66.655,2
2026-09-21 01:41,66.65,66.705,66.65,66.7,8
2026-09-21 01:42,66.655,66.68,66.64,66.65,13
2026-09-21 01:43,66.65,66.655,66.635,66.655,3
2026-09-21 01:44,66.63,66.645,66.63,66.645,3
2026-09-21 01:45,66.5,66.615,66.365,66.61,360
2026-09-21 01:46,66.53,66.55,66.49,66.505,39
2026-09-21 01:47,66.545,66.565,66.51,66.535,28
2026-09-21 01:48,66.51,66.56,66.51,66.53,58
2026-09-21 01:49,66.545,66.565,66.53,66.55,50
2026-09-21 01:50,66.565,66.565,66.52,66.525,23
2026-09-21 01:51,66.505,66.545,66.465,66.545,44
2026-09-21 01:52,66.585,66.585,66.515,66.52,21
2026-09-21 01:53,66.635,66.65,66.595,66.595,27
2026-09-21 01:54,66.57,66.63,66.565,66.63,12
2026-09-21 01:55,66.595,66.605,66.555,66.56,23
2026-09-21 01:56,66.59,66.63,66.57,66.61,19
2026-09-21 01:57,66.57,66.6,66.565,66.6,5
2026-09-21 01:58,66.59,66.595,66.565,66.57,15
2026-09-21 01:59,66.54,66.57,66.535,66.57,4
2026-09-21 02:00,66.59,66.595,66.545,66.56,26
2026-09-21 02:01,66.615,66.615,66.57,66.595,25
2026-09-21 02:02,66.575,66.625,66.575,66.62,21
2026-09-21 02:03,66.61,66.61,66.57,66.57,9
2026-09-21 02:04,66.62,66.62,66.555,66.585,19
2026-09-21 02:05,66.685,66.685,66.62,66.64,18
2026-09-21 02:06,66.665,66.675,66.62,66.66,13
2026-09-21 02:07,66.665,66.665,66.655,66.655,12
2026-09-21 02:08,66.655,66.655,66.6,66.655,10
2026-09-21 02:09,66.66,66.66,66.66,66.66,11
2026-09-21 02:10,66.665,66.665,66.645,66.65,5
2026-09-21 02:11,66.67,66.68,66.665,66.675,13
2026-09-21 02:12,66.625,66.67,66.615,66.66,19
2026-09-21 02:13,66.6,66.6,66.555,66.6,23
2026-09-21 02:14,66.595,66.62,66.58,66.61,19
2026-09-21 02:15,66.625,66.625,66.59,66.59,17
2026-09-21 02:16,66.625,66.635,66.605,66.635,10
2026-09-21 02:17,66.575,66.655,66.545,66.64,30
2026-09-21 02:18,66.61,66.62,66.55,66.58,14
2026-09-21 02:19,66.54,66.605,66.525,66.6,23
2026-09-21 02:20,66.595,66.605,66.545,66.545,21
2026-09-21 02:21,66.565,66.595,66.545,66.595,21
2026-09-21 02:22,66.515,66.545,66.505,66.545,21
2026-09-21 02:23,66.55,66.57,66.52,66.52,30
2026-09-21 02:24,66.475,66.545,66.46,66.54,29
2026-09-21 02:25,66.46,66.47,66.435,66.465,42
2026-09-21 02:26,66.445,66.495,66.445,66.495,24
2026-09-21 02:27,66.515,66.515,66.445,66.445,27
2026-09-21 02:28,66.48,66.52,66.48,66.52,10
2026-09-21 02:29,66.455,66.495,66.455,66.48,12
2026-09-21 02:30,66.455,66.48,66.445,66.45,22
2026-09-21 02:31,66.475,66.48,66.445,66.445,17
2026-09-21 02:32,66.45,66.475,66.415,66.475,15
2026-09-21 02:33,66.445,66.455,66.44,66.445,8
2026-09-21 02:34,66.445,66.48,66.445,66.455,23
2026-09-21 02:35,66.445,66.45,66.43,66.45,8
2026-09-21 02:36,66.475,66.485,66.44,66.44,16
2026-09-21 02:37,66.475,66.5,66.45,66.485,18
2026-09-21 02:38,66.48,66.48,66.475,66.475,3
2026-09-21 02:39,66.51,66.51,66.48,66.485,14
2026-09-21 02:40,66.56,66.56,66.5,66.51,14
2026-09-21 02:41,66.54,66.565,66.53,66.565,12
2026-09-21 02:42,66.465,66.55,66.465,66.55,18
2026-09-21 02:43,66.485,66.5,66.465,66.485,11
2026-09-21 02:44,66.5,66.51,66.47,66.475,19
2026-09-21 02:45,66.515,66.525,66.495,66.495,13
2026-09-21 02:46,66.54,66.545,66.52,66.53,17
2026-09-21 02:47,66.535,66.535,66.49,66.51,16
2026-09-21 02:48,66.525,66.56,66.525,66.535,10
2026-09-21 02:49,66.545,66.55,66.535,66.535,9
2026-09-21 02:50,66.46,66.515,66.46,66.51,7
2026-09-21 02:51,66.495,66.5,66.45,66.46,18
2026-09-21 02:52,66.51,66.515,66.5,66.5,9
2026-09-21 02:53,66.485,66.485,66.455,66.47,12
2026-09-21 02:54,66.5,66.52,66.475,66.485,44
2026-09-21 02:55,66.51,66.51,66.48,66.49,18
2026-09-21 02:56,66.525,66.55,66.505,66.52,24
2026-09-21 02:57,66.515,66.535,66.505,66.52,17
2026-09-21 02:58,66.505,66.515,66.495,66.515,25
2026-09-21 02:59,66.53,66.53,66.5,66.515,40
2026-09-21 03:00,66.375,66.505,66.345,66.505,100
2026-09-21 03:01,66.395,66.41,66.36,66.39,30
2026-09-21 03:02,66.51,66.535,66.41,66.41,49
2026-09-21 03:03,66.625,66.635,66.525,66.525,49
2026-09-21 03:04,66.585,66.625,66.545,66.625,17
2026-09-21 03:05,66.58,66.59,66.525,66.59,25
2026-09-21 03:06,66.57,66.645,66.56,66.575,22
2026-09-21 03:07,66.565,66.575,66.535,66.565,11
2026-09-21 03:08,66.48,66.55,66.47,66.55,18
2026-09-21 03:09,66.495,66.5,66.44,66.465,23
2026-09-21 03:10,66.405,66.475,66.39,66.475,27
2026-09-21 03:11,66.33,66.405,66.315,66.405,44
2026-09-21 03:12,66.285,66.345,66.26,66.325,58
2026-09-21 03:13,66.29,66.29,66.2,66.28,127
2026-09-21 03:14,66.405,66.405,66.29,66.305,47
2026-09-21 03:15,66.395,66.415,66.39,66.405,9
2026-09-21 03:16,66.41,66.41,66.34,66.34,11
2026-09-21 03:17,66.41,66.47,66.405,66.42,32
2026-09-21 03:18,66.44,66.44,66.395,66.395,13
2026-09-21 03:19,66.44,66.455,66.405,66.44,28
2026-09-21 03:20,66.455,66.47,66.435,66.445,43
2026-09-21 03:21,66.46,66.475,66.42,66.46,19
2026-09-21 03:22,66.465,66.465,66.445,66.45,13
2026-09-21 03:23,66.46,66.47,66.445,66.45,10
2026-09-21 03:24,66.41,66.465,66.41,66.46,4
2026-09-21 03:25,66.395,66.43,66.395,66.43,4
2026-09-21 03:26,66.325,66.385,66.315,66.385,18
2026-09-21 03:27,66.385,66.385,66.35,66.35,7
2026-09-21 03:28,66.425,66.425,66.405,66.41,3
2026-09-21 03:29,66.41,66.435,66.4,66.415,8
2026-09-21 03:30,66.375,66.405,66.375,66.405,4
2026-09-21 03:31,66.39,66.39,66.37,66.37,3
2026-09-21 03:32,66.35,66.385,66.35,66.385,8
2026-09-21 03:33,66.42,66.42,66.355,66.355,3
2026-09-21 03:34,66.45,66.46,66.45,66.45,4
2026-09-21 03:35,66.45,66.45,66.435,66.435,5
2026-09-21 03:36,66.435,66.445,66.42,66.44,14
2026-09-21 03:37,66.45,66.465,66.42,66.42,45
2026-09-21 03:38,66.4,66.465,66.4,66.465,12
2026-09-21 03:39,66.365,66.375,66.365,66.375,4
2026-09-21 03:40,66.345,66.345,66.345,66.345,1
2026-09-21 03:41,66.35,66.35,66.315,66.325,10
2026-09-21 03:42,66.32,66.35,66.305,66.35,4
2026-09-21 03:43,66.235,66.335,66.215,66.33,70
2026-09-21 03:44,66.34,66.365,66.24,66.24,20
2026-09-21 03:45,66.4,66.4,66.32,66.32,8
2026-09-21 03:46,66.37,66.41,66.365,66.41,16
2026-09-21 03:47,66.365,66.39,66.36,66.38,17
2026-09-21 03:48,66.4,66.415,66.35,66.35,35
2026-09-21 03:49,66.415,66.42,66.37,66.415,27
2026-09-21 03:50,66.42,66.45,66.42,66.425,14
2026-09-21 03:51,66.465,66.5,66.46,66.475,27
2026-09-21 03:52,66.48,66.48,66.455,66.48,25
2026-09-21 03:53,66.45,66.485,66.43,66.465,9
2026-09-21 03:54,66.485,66.505,66.44,66.445,29
2026-09-21 03:55,66.485,66.5,66.485,66.5,3
2026-09-21 03:56,66.475,66.49,66.475,66.49,2
2026-09-21 03:57,66.475,66.505,66.47,66.505,8
2026-09-21 03:58,66.425,66.475,66.425,66.475,20
2026-09-21 03:59,66.395,66.415,66.395,66.415,34
2026-09-21 04:00,66.43,66.44,66.385,66.39,47
2026-09-21 04:01,66.495,66.5,66.42,66.42,39
2026-09-21 04:02,66.51,66.525,66.5,66.5,13
2026-09-21 04:03,66.49,66.49,66.465,66.49,9
2026-09-21 04:04,66.5,66.52,66.49,66.515,6
2026-09-21 04:05,66.505,66.535,66.5,66.51,23
2026-09-21 04:06,66.57,66.57,66.54,66.54,53
2026-09-21 04:07,66.505,66.56,66.48,66.56,31
2026-09-21 04:08,66.535,66.535,66.515,66.515,2
2026-09-21 04:09,66.515,66.535,66.48,66.535,10
2026-09-21 04:10,66.55,66.55,66.505,66.515,16
2026-09-21 04:11,66.65,66.65,66.57,66.57,23
2026-09-21 04:12,66.72,66.72,66.64,66.645,30
2026-09-21 04:13,66.695,66.71,66.69,66.71,8
2026-09-21 04:14,66.69,66.715,66.68,66.715,20
2026-09-21 04:15,66.675,66.675,66.675,66.675,2
2026-09-21 04:16,66.73,66.73,66.685,66.685,28
2026-09-21 04:17,66.725,66.765,66.72,66.73,52
2026-09-21 04:18,66.73,66.74,66.73,66.74,4
2026-09-21 04:19,66.74,66.75,66.715,66.715,10
2026-09-21 04:20,66.73,66.735,66.725,66.735,7
2026-09-21 04:21,66.745,66.745,66.735,66.735,8
2026-09-21 04:22,66.745,66.745,66.735,66.74,4
2026-09-21 04:23,66.79,66.79,66.755,66.755,20
2026-09-21 04:24,66.795,66.8,66.785,66.785,21
2026-09-21 04:25,66.785,66.795,66.785,66.785,8
2026-09-21 04:26,66.755,66.77,66.74,66.77,6
2026-09-21 04:27,66.755,66.755,66.755,66.755,1
2026-09-21 04:28,66.76,66.76,66.75,66.755,3
2026-09-21 04:29,66.73,66.765,66.72,66.765,43
2026-09-21 04:30,66.725,66.73,66.675,66.73,34
2026-09-21 04:31,66.755,66.755,66.745,66.745,3
2026-09-21 04:32,66.74,66.785,66.74,66.76,17
2026-09-21 04:33,66.73,66.77,66.715,66.755,52
2026-09-21 04:34,66.72,66.72,66.72,66.72,2
2026-09-21 04:35,66.735,66.745,66.705,66.71,9
2026-09-21 04:36,66.735,66.735,66.725,66.725,3
2026-09-21 04:37,66.69,66.72,66.69,66.72,7
2026-09-21 04:38,66.715,66.75,66.69,66.69,22
2026-09-21 04:39,66.735,66.755,66.73,66.73,9
2026-09-21 04:40,66.72,66.72,66.69,66.69,6
2026-09-21 04:42,66.765,66.765,66.76,66.76,3
2026-09-21 04:43,66.76,66.77,66.75,66.765,14
2026-09-21 04:44,66.795,66.81,66.77,66.77,69
2026-09-21 04:45,66.775,66.795,66.775,66.795,10
2026-09-21 04:46,66.76,66.775,66.76,66.775,9
2026-09-21 04:47,66.71,66.74,66.71,66.74,16
2026-09-21 04:48,66.71,66.72,66.7,66.72,17
2026-09-21 04:49,66.72,66.72,66.72,66.72,1
2026-09-21 04:50,66.71,66.715,66.705,66.715,4
2026-09-21 04:51,66.705,66.705,66.705,66.705,1
2026-09-21 04:52,66.675,66.69,66.655,66.69,13
2026-09-21 04:53,66.66,66.69,66.655,66.68,14
2026-09-21 04:54,66.61,66.645,66.61,66.645,4
2026-09-21 04:55,66.62,66.62,66.59,66.62,32
2026-09-21 04:56,66.63,66.645,66.625,66.64,9
2026-09-21 04:57,66.645,66.645,66.62,66.62,5
2026-09-21 04:59,66.69,66.69,66.685,66.685,3
2026-09-21 05:00,66.67,66.705,66.665,66.69,12
2026-09-21 05:02,66.645,66.655,66.63,66.645,12
2026-09-21 05:03,66.67,66.67,66.645,66.645,8
2026-09-21 05:04,66.605,66.645,66.605,66.645,2
2026-09-21 05:07,66.675,66.685,66.67,66.67,7
2026-09-21 05:08,66.72,66.74,66.705,66.705,18
2026-09-21 05:09,66.695,66.725,66.695,66.725,6
2026-09-21 05:10,66.685,66.715,66.685,66.715,4
2026-09-21 05:11,66.685,66.685,66.685,66.685,1
2026-09-21 05:12,66.71,66.71,66.71,66.71,1
2026-09-21 05:13,66.71,66.72,66.71,66.72,4
2026-09-21 05:14,66.725,66.725,66.695,66.7,18
2026-09-21 05:15,66.72,66.735,66.71,66.73,9
2026-09-21 05:16,66.735,66.74,66.735,66.74,3
2026-09-21 05:17,66.74,66.75,66.735,66.735,5
2026-09-21 05:18,66.73,66.75,66.73,66.74,5
2026-09-21 05:19,66.68,66.715,66.68,66.715,11
2026-09-21 05:20,66.67,66.71,66.67,66.71,10
2026-09-21 05:21,66.705,66.715,66.705,66.71,8
2026-09-21 05:22,66.72,66.72,66.7,66.7,12
2026-09-21 05:23,66.71,66.725,66.71,66.725,6
2026-09-21 05:24,66.7,66.7,66.695,66.7,5
2026-09-21 05:25,66.66,66.66,66.65,66.66,6
2026-09-21 05:26,66.655,66.655,66.655,66.655,1
2026-09-21 05:27,66.66,66.66,66.66,66.66,1
2026-09-21 05:28,66.64,66.66,66.64,66.66,3
2026-09-21 05:29,66.62,66.645,66.615,66.645,6
2026-09-21 05:30,66.59,66.61,66.58,66.605,24
2026-09-21 05:31,66.58,66.62,66.575,66.62,17
2026-09-21 05:32,66.59,66.605,66.55,66.595,30
2026-09-21 05:33,66.57,66.61,66.54,66.59,36
2026-09-21 05:34,66.53,66.55,66.515,66.55,27
2026-09-21 05:35,66.52,66.54,66.485,66.535,50
2026-09-21 05:36,66.62,66.64,66.515,66.515,99
2026-09-21 05:37,66.65,66.65,66.62,66.625,19
2026-09-21 05:38,66.645,66.645,66.63,66.645,5
2026-09-21 05:39,66.65,66.655,66.63,66.655,4
2026-09-21 05:40,66.65,66.665,66.635,66.635,17
2026-09-21 05:41,66.66,66.67,66.65,66.66,11
2026-09-21 05:42,66.655,66.665,66.655,66.665,4
2026-09-21 05:43,66.67,66.67,66.655,66.66,6
2026-09-21 05:44,66.715,66.725,66.685,66.685,16
2026-09-21 05:45,66.73,66.73,66.71,66.71,28
2026-09-21 05:46,66.695,66.73,66.695,66.725,17
2026-09-21 05:47,66.695,66.7,66.695,66.7,2
2026-09-21 05:48,66.69,66.69,66.69,66.69,3
2026-09-21 05:49,66.65,66.7,66.65,66.7,10
2026-09-21 05:50,66.675,66.675,66.66,66.66,5
2026-09-21 05:51,66.69,66.7,66.68,66.68,16
2026-09-21 05:52,66.64,66.69,66.635,66.685,35
2026-09-21 05:53,66.65,66.65,66.63,66.63,2
2026-09-21 05:54,66.665,66.665,66.655,66.655,12
2026-09-21 05:55,66.65,66.67,66.65,66.67,10
2026-09-21 05:56,66.65,66.65,66.645,66.65,4
2026-09-21 05:57,66.625,66.63,66.61,66.63,18
2026-09-21 05:58,66.635,66.64,66.635,66.64,2
2026-09-21 05:59,66.665,66.665,66.66,66.66,4
2026-09-21 06:00,66.65,66.655,66.65,66.655,2
2026-09-21 06:01,66.65,66.675,66.64,66.675,9
2026-09-21 06:02,66.675,66.675,66.675,66.675,3
2026-09-21 06:03,66.715,66.715,66.715,66.715,3
2026-09-21 06:04,66.76,66.76,66.71,66.71,14
2026-09-21 06:05,66.73,66.795,66.73,66.755,59
2026-09-21 06:06,66.755,66.755,66.755,66.755,5
2026-09-21 06:07,66.78,66.8,66.78,66.8,5
2026-09-21 06:08,66.745,66.78,66.745,66.765,34
2026-09-21 06:09,66.72,66.75,66.715,66.75,12
2026-09-21 06:10,66.72,66.72,66.715,66.715,5
2026-09-21 06:11,66.74,66.74,66.725,66.725,4
2026-09-21 06:12,66.74,66.765,66.735,66.75,28
2026-09-21 06:13,66.735,66.735,66.725,66.725,3
2026-09-21 06:14,66.77,66.77,66.745,66.75,9
2026-09-21 06:15,66.8,66.805,66.78,66.785,10
2026-09-21 06:16,66.815,66.845,66.8,66.805,95
2026-09-21 06:17,66.805,66.825,66.8,66.825,41
2026-09-21 06:18,66.805,66.805,66.805,66.805,1
2026-09-21 06:19,66.775,66.79,66.775,66.79,3
2026-09-21 06:20,66.76,66.775,66.76,66.775,4
2026-09-21 06:21,66.75,66.77,66.75,66.77,7
2026-09-21 06:22,66.735,66.75,66.735,66.75,13
2026-09-21 06:23,66.73,66.73,66.71,66.725,10
2026-09-21 06:24,66.715,66.72,66.715,66.72,3
2026-09-21 06:25,66.725,66.74,66.725,66.73,5
2026-09-21 06:26,66.71,66.71,66.71,66.71,1
2026-09-21 06:27,66.695,66.705,66.69,66.705,20
2026-09-21 06:28,66.745,66.745,66.7,66.7,18
2026-09-21 06:29,66.71,66.73,66.695,66.73,14
2026-09-21 06:30,66.71,66.715,66.71,66.71,3
2026-09-21 06:31,66.67,66.7,66.645,66.7,36
2026-09-21 06:32,66.67,66.68,66.67,66.675,3
2026-09-21 06:33,66.665,66.665,66.655,66.655,8
2026-09-21 06:34,66.66,66.665,66.655,66.665,5
2026-09-21 06:35,66.65,66.7,66.65,66.69,18
2026-09-21 06:36,66.64,66.655,66.64,66.645,6
2026-09-21 06:37,66.62,66.64,66.62,66.64,12
2026-09-21 06:38,66.625,66.625,66.62,66.62,3
2026-09-21 06:39,66.615,66.645,66.615,66.645,6
2026-09-21 06:40,66.59,66.625,66.555,66.625,75
2026-09-21 06:41,66.57,66.59,66.565,66.58,20
2026-09-21 06:42,66.58,66.58,66.575,66.575,3
2026-09-21 06:43,66.55,66.59,66.55,66.59,24
2026-09-21 06:44,66.525,66.54,66.515,66.54,20
2026-09-21 06:45,66.52,66.525,66.51,66.51,8
2026-09-21 06:46,66.575,66.575,66.54,66.54,25
2026-09-21 06:47,66.575,66.585,66.565,66.565,5
2026-09-21 06:48,66.545,66.58,66.545,66.57,4
2026-09-21 06:49,66.54,66.54,66.53,66.535,6
2026-09-21 06:50,66.535,66.545,66.535,66.54,4
2026-09-21 06:51,66.535,66.535,66.515,66.52,10
2026-09-21 06:52,66.53,66.54,66.52,66.54,11
2026-09-21 06:53,66.525,66.525,66.52,66.52,2
2026-09-21 06:54,66.535,66.535,66.525,66.525,2
2026-09-21 06:55,66.49,66.51,66.49,66.51,30
2026-09-21 06:56,66.515,66.515,66.495,66.495,10
2026-09-21 06:58,66.43,66.495,66.43,66.495,33
2026-09-21 06:59,66.375,66.45,66.375,66.45,27
2026-09-21 07:00,66.38,66.4,66.33,66.375,122
2026-09-21 07:01,66.4,66.405,66.335,66.385,138
2026-09-21 07:02,66.335,66.4,66.33,66.39,18
2026-09-21 07:03,66.375,66.375,66.33,66.335,12
2026-09-21 07:04,66.37,66.385,66.365,66.365,8
2026-09-21 07:05,66.36,66.405,66.36,66.375,26
2026-09-21 07:06,66.315,66.375,66.315,66.375,14
2026-09-21 07:07,66.33,66.34,66.315,66.32,52
2026-09-21 07:08,66.355,66.355,66.31,66.32,32
2026-09-21 07:09,66.345,66.355,66.33,66.33,11
2026-09-21 07:10,66.39,66.39,66.355,66.36,13
2026-09-21 07:11,66.345,66.39,66.34,66.39,16
2026-09-21 07:12,66.37,66.375,66.345,66.345,22
2026-09-21 07:13,66.385,66.385,66.375,66.375,10
2026-09-21 07:14,66.435,66.435,66.385,66.385,17
2026-09-21 07:15,66.515,66.515,66.435,66.44,32
2026-09-21 07:16,66.52,66.52,66.475,66.495,35
2026-09-21 07:17,66.585,66.595,66.495,66.51,214
2026-09-21 07:18,66.62,66.625,66.585,66.585,39
2026-09-21 07:19,66.685,66.685,66.62,66.625,78
2026-09-21 07:20,66.64,66.69,66.635,66.69,32
2026-09-21 07:21,66.655,66.66,66.655,66.66,2
2026-09-21 07:22,66.67,66.675,66.625,66.65,18
2026-09-21 07:23,66.61,66.64,66.61,66.64,4
2026-09-21 07:24,66.58,66.585,66.58,66.58,7
2026-09-21 07:25,66.585,66.6,66.575,66.6,9
2026-09-21 07:26,66.61,66.615,66.595,66.595,6
2026-09-21 07:27,66.65,66.65,66.6,66.6,22
2026-09-21 07:28,66.65,66.665,66.635,66.645,28
2026-09-21 07:29,66.665,66.67,66.66,66.66,4
2026-09-21 07:30,66.63,66.64,66.615,66.635,23
2026-09-21 07:31,66.745,66.745,66.65,66.65,15
2026-09-21 07:32,66.72,66.75,66.72,66.735,22
2026-09-21 07:33,66.735,66.75,66.735,66.735,14
2026-09-21 07:34,66.775,66.8,66.74,66.74,43
2026-09-21 07:35,66.79,66.795,66.77,66.775,46
2026-09-21 07:36,66.81,66.825,66.795,66.8,16
2026-09-21 07:37,66.84,66.84,66.805,66.805,17
2026-09-21 07:38,66.85,66.93,66.825,66.84,154
2026-09-21 07:39,66.865,66.92,66.825,66.835,117
2026-09-21 07:40,66.89,66.89,66.82,66.85,72
2026-09-21 07:41,66.91,66.94,66.875,66.88,43
2026-09-21 07:42,66.935,66.94,66.89,66.92,56
2026-09-21 07:43,66.94,66.94,66.91,66.915,15
2026-09-21 07:44,66.98,66.99,66.935,66.935,25
2026-09-21 07:45,66.95,66.965,66.94,66.96,11
2026-09-21 07:46,67.0,67.04,66.96,66.97,75
2026-09-21 07:47,67.0,67.01,66.98,66.995,28
2026-09-21 07:48,67.0,67.0,67.0,67.0,2
2026-09-21 07:49,67.005,67.015,66.985,67.0,73
2026-09-21 07:50,67.045,67.045,67.005,67.01,92
2026-09-21 07:51,67.085,67.09,67.035,67.05,79
2026-09-21 07:52,67.15,67.17,67.07,67.08,137
2026-09-21 07:53,67.15,67.18,67.15,67.15,25
2026-09-21 07:54,67.24,67.24,67.16,67.165,53
2026-09-21 07:55,67.19,67.235,67.19,67.23,39
2026-09-21 07:56,67.13,67.215,67.105,67.205,50
2026-09-21 07:57,67.105,67.145,67.085,67.13,43
2026-09-21 07:58,67.095,67.125,67.09,67.105,32
2026-09-21 07:59,67.12,67.13,67.11,67.11,23
2026-09-21 08:00,67.1,67.13,67.08,67.13,42
2026-09-21 08:01,67.07,67.13,67.07,67.09,53
2026-09-21 08:02,67.06,67.11,67.005,67.075,119
2026-09-21 08:03,67.185,67.205,67.07,67.07,105
2026-09-21 08:04,67.23,67.235,67.185,67.185,62
2026-09-21 08:05,67.29,67.32,67.22,67.225,89
2026-09-21 08:06,67.265,67.29,67.235,67.285,36
2026-09-21 08:07,67.16,67.255,67.16,67.255,81
2026-09-21 08:08,67.165,67.175,67.145,67.16,13
2026-09-21 08:09,67.12,67.175,67.115,67.175,21
2026-09-21 08:10,67.1,67.11,67.06,67.11,60
2026-09-21 08:11,67.105,67.11,67.08,67.11,8
2026-09-21 08:12,67.125,67.13,67.1,67.105,17
2026-09-21 08:13,67.135,67.135,67.11,67.12,13
2026-09-21 08:14,67.14,67.14,67.125,67.135,18
2026-09-21 08:15,67.165,67.2,67.135,67.135,70
2026-09-21 08:16,67.175,67.23,67.15,67.155,30
2026-09-21 08:17,67.19,67.195,67.14,67.15,19
2026-09-21 08:18,67.155,67.2,67.145,67.2,38
2026-09-21 08:19,67.16,67.16,67.155,67.155,2
2026-09-21 08:20,67.04,67.19,67.04,67.155,97
2026-09-21 08:21,67.025,67.045,67.01,67.035,29
2026-09-21 08:22,67.045,67.045,67.005,67.01,8
2026-09-21 08:23,67.05,67.065,67.035,67.06,16
2026-09-21 08:24,66.94,67.05,66.925,67.05,101
2026-09-21 08:25,66.92,66.97,66.895,66.935,137
2026-09-21 08:26,66.935,66.945,66.895,66.92,50
2026-09-21 08:27,66.915,66.96,66.89,66.945,37
2026-09-21 08:28,66.9,66.945,66.895,66.93,27
2026-09-21 08:29,66.955,66.955,66.9,66.9,22
2026-09-21 08:30,67.09,67.115,66.93,66.955,127
2026-09-21 08:31,67.15,67.15,67.055,67.075,49
2026-09-21 08:32,67.17,67.185,67.14,67.15,33
2026-09-21 08:33,67.205,67.205,67.15,67.17,38
2026-09-21 08:34,67.23,67.235,67.15,67.21,86
2026-09-21 08:35,67.135,67.225,67.135,67.225,46
2026-09-21 08:36,67.06,67.15,67.06,67.125,81
2026-09-21 08:37,67.08,67.105,67.025,67.04,55
2026-09-21 08:38,67.135,67.135,67.075,67.085,24
2026-09-21 08:39,67.22,67.22,67.115,67.135,66
2026-09-21 08:40,67.19,67.22,67.165,67.22,49
2026-09-21 08:41,67.3,67.3,67.2,67.2,154
2026-09-21 08:42,67.31,67.315,67.28,67.31,37
2026-09-21 08:43,67.265,67.33,67.265,67.31,55
2026-09-21 08:44,67.37,67.435,67.24,67.27,242
2026-09-21 08:45,67.235,67.375,67.235,67.36,67
2026-09-21 08:46,67.125,67.235,67.105,67.22,49
2026-09-21 08:47,67.16,67.16,67.11,67.125,39
2026-09-21 08:48,67.185,67.2,67.16,67.16,50
2026-09-21 08:49,67.18,67.2,67.17,67.195,18
2026-09-21 08:50,67.195,67.22,67.19,67.19,31
2026-09-21 08:51,67.24,67.25,67.195,67.195,20
2026-09-21 08:52,67.265,67.265,67.23,67.245,32
2026-09-21 08:53,67.235,67.265,67.21,67.265,20
2026-09-21 08:54,67.23,67.24,67.2,67.22,19
2026-09-21 08:55,67.165,67.215,67.165,67.215,18
2026-09-21 08:56,67.14,67.175,67.13,67.175,32
2026-09-21 08:57,67.27,67.27,67.15,67.15,28
2026-09-21 08:58,67.33,67.345,67.27,67.27,59
2026-09-21 08:59,67.25,67.325,67.25,67.325,141
2026-09-21 09:00,67.215,67.26,67.14,67.255,386
2026-09-21 09:01,67.185,67.215,67.135,67.215,97
2026-09-21 09:02,67.18,67.235,67.175,67.18,51
2026-09-21 09:03,67.165,67.22,67.155,67.19,66
2026-09-21 09:04,67.195,67.2,67.11,67.15,46
2026-09-21 09:05,67.18,67.225,67.16,67.2,40
2026-09-21 09:06,67.145,67.185,67.135,67.185,22
2026-09-21 09:07,67.155,67.19,67.13,67.145,60
2026-09-21 09:08,67.145,67.145,67.095,67.14,69
2026-09-21 09:09,67.1,67.205,67.095,67.15,40
2026-09-21 09:10,67.075,67.145,67.075,67.11,30
2026-09-21 09:11,67.055,67.09,67.045,67.08,40
2026-09-21 09:12,67.065,67.095,67.065,67.07,25
2026-09-21 09:13,67.08,67.105,67.06,67.065,16
2026-09-21 09:14,67.085,67.1,67.075,67.075,21
2026-09-21 09:15,67.105,67.11,67.08,67.085,30
2026-09-21 09:16,67.095,67.125,67.085,67.115,30
2026-09-21 09:17,67.095,67.095,67.025,67.095,53
2026-09-21 09:18,67.07,67.1,67.05,67.09,42
2026-09-21 09:19,67.09,67.125,67.07,67.07,41
2026-09-21 09:20,67.035,67.09,67.02,67.09,36
2026-09-21 09:21,67.07,67.07,67.03,67.03,21
2026-09-21 09:22,67.055,67.085,67.055,67.06,19
2026-09-21 09:23,67.06,67.08,67.05,67.065,26
2026-09-21 09:24,67.05,67.07,67.05,67.06,18
2026-09-21 09:25,67.085,67.105,67.05,67.055,26
2026-09-21 09:26,67.05,67.19,67.025,67.095,190
2026-09-21 09:27,67.07,67.08,67.045,67.05,48
2026-09-21 09:28,67.06,67.11,67.06,67.09,22
2026-09-21 09:29,67.09,67.09,67.06,67.065,11
2026-09-21 09:30,67.01,67.09,66.96,67.09,158
2026-09-21 09:31,67.025,67.055,66.975,67.005,73
2026-09-21 09:32,66.845,67.02,66.83,67.02,114
2026-09-21 09:33,66.79,66.85,66.77,66.845,167
2026-09-21 09:34,66.815,66.835,66.77,66.785,59
2026-09-21 09:35,66.81,66.87,66.795,66.83,68
2026-09-21 09:36,66.895,66.915,66.77,66.805,79
2026-09-21 09:37,66.89,66.9,66.87,66.895,29
2026-09-21 09:38,66.865,66.88,66.85,66.88,42
2026-09-21 09:39,66.875,66.875,66.825,66.85,74
2026-09-21 09:40,66.9,66.91,66.835,66.87,42
2026-09-21 09:41,66.845,66.92,66.825,66.89,39
2026-09-21 09:42,66.8,66.85,66.8,66.83,24
2026-09-21 09:43,66.82,66.825,66.8,66.805,39
2026-09-21 09:44,66.895,66.91,66.83,66.83,46
2026-09-21 09:45,66.88,66.895,66.845,66.88,55
2026-09-21 09:46,66.955,66.955,66.875,66.885,35
2026-09-21 09:47,66.91,66.965,66.905,66.945,52
2026-09-21 09:48,66.855,66.94,66.835,66.9,61
2026-09-21 09:49,66.96,66.975,66.865,66.865,69
2026-09-21 09:50,66.885,66.975,66.875,66.965,37
2026-09-21 09:51,66.92,66.935,66.855,66.855,40
2026-09-21 09:52,66.865,66.935,66.86,66.91,67
2026-09-21 09:53,66.81,66.865,66.785,66.86,68
2026-09-21 09:54,66.795,66.815,66.79,66.805,24
2026-09-21 09:55,66.795,66.8,66.755,66.78,81
2026-09-21 09:56,66.79,66.79,66.72,66.77,66
2026-09-21 09:57,66.875,66.885,66.79,66.79,119
2026-09-21 09:58,66.825,66.87,66.825,66.86,16
2026-09-21 09:59,66.8,66.845,66.79,66.825,30
2026-09-21 10:00,66.79,66.825,66.775,66.81,51
2026-09-21 10:01,66.815,66.815,66.755,66.79,45
2026-09-21 10:02,66.71,66.815,66.69,66.815,200
2026-09-21 10:03,66.45,66.725,66.445,66.695,538
2026-09-21 10:04,66.52,66.57,66.455,66.455,210
2026-09-21 10:05,66.35,66.565,66.315,66.52,287
2026-09-21 10:06,66.43,66.43,66.32,66.355,175
2026-09-21 10:07,66.55,66.565,66.39,66.425,174
2026-09-21 10:08,66.63,66.64,66.505,66.545,168
2026-09-21 10:09,66.695,66.71,66.625,66.64,99
2026-09-21 10:10,66.69,66.755,66.64,66.7,161
2026-09-21 10:11,66.73,66.755,66.655,66.675,124
2026-09-21 10:12,66.72,66.745,66.71,66.725,39
2026-09-21 10:13,66.725,66.78,66.7,66.705,70
2026-09-21 10:14,66.73,66.745,66.705,66.725,37
2026-09-21 10:15,66.62,66.745,66.62,66.72,99
2026-09-21 10:16,66.645,66.66,66.62,66.62,60
2026-09-21 10:17,66.61,66.64,66.6,66.625,27
2026-09-21 10:18,66.605,66.625,66.6,66.62,32
2026-09-21 10:19,66.605,66.625,66.595,66.615,25
2026-09-21 10:20,66.565,66.61,66.555,66.6,56
2026-09-21 10:21,66.605,66.645,66.55,66.565,112
2026-09-21 10:22,66.625,66.65,66.59,66.605,48
2026-09-21 10:23,66.6,66.615,66.55,66.615,51
2026-09-21 10:24,66.56,66.61,66.535,66.61,32
2026-09-21 10:25,66.595,66.595,66.53,66.565,54
2026-09-21 10:26,66.575,66.615,66.535,66.61,64
2026-09-21 10:27,66.58,66.59,66.545,66.545,37
2026-09-21 10:28,66.575,66.6,66.565,66.58,64
2026-09-21 10:29,66.61,66.65,66.58,66.58,92
2026-09-21 10:30,66.585,66.615,66.56,66.605,65
2026-09-21 10:31,66.59,66.62,66.575,66.61,33
2026-09-21 10:32,66.595,66.6,66.545,66.585,71
2026-09-21 10:33,66.665,66.675,66.6,66.6,43
2026-09-21 10:34,66.535,66.65,66.52,66.65,97
2026-09-21 10:35,66.575,66.585,66.525,66.525,32
2026-09-21 10:36,66.465,66.585,66.46,66.585,51
2026-09-21 10:37,66.48,66.505,66.455,66.465,50
2026-09-21 10:38,66.46,66.49,66.455,66.475,53
2026-09-21 10:39,66.435,66.465,66.42,66.45,62
2026-09-21 10:40,66.465,66.475,66.42,66.42,59
2026-09-21 10:41,66.5,66.575,66.465,66.475,204
2026-09-21 10:42,66.5,66.52,66.475,66.495,44
2026-09-21 10:43,66.44,66.52,66.435,66.505,51
2026-09-21 10:44,66.385,66.45,66.375,66.435,81
2026-09-21 10:45,66.445,66.455,66.375,66.385,92
2026-09-21 10:46,66.495,66.495,66.43,66.435,60
2026-09-21 10:47,66.505,66.55,66.48,66.505,84
2026-09-21 10:48,66.455,66.545,66.45,66.51,51
2026-09-21 10:49,66.46,66.46,66.425,66.46,80
2026-09-21 10:50,66.47,66.475,66.445,66.455,56
2026-09-21 10:51,66.52,66.535,66.47,66.47,44
2026-09-21 10:52,66.54,66.545,66.505,66.52,19
2026-09-21 10:53,66.53,66.565,66.53,66.535,36
2026-09-21 10:54,66.57,66.58,66.535,66.535,81
2026-09-21 10:55,66.49,66.575,66.48,66.575,66
2026-09-21 10:56,66.5,66.515,66.47,66.495,35
2026-09-21 10:57,66.42,66.51,66.42,66.48,62
2026-09-21 10:58,66.46,66.46,66.375,66.425,82
2026-09-21 10:59,66.475,66.48,66.435,66.45,22
2026-09-21 11:00,66.495,66.52,66.46,66.48,67
2026-09-21 11:01,66.515,66.525,66.49,66.505,27
2026-09-21 11:02,66.545,66.55,66.505,66.515,48
2026-09-21 11:03,66.54,66.595,66.54,66.545,25
2026-09-21 11:04,66.62,66.62,66.545,66.55,22
2026-09-21 11:05,66.61,66.615,66.595,66.605,58
2026-09-21 11:06,66.585,66.62,66.575,66.595,35
2026-09-21 11:07,66.605,66.605,66.575,66.575,40
2026-09-21 11:08,66.61,66.61,66.585,66.605,11
2026-09-21 11:09,66.645,66.655,66.59,66.605,30
2026-09-21 11:10,66.615,66.66,66.59,66.66,45
2026-09-21 11:11,66.595,66.635,66.57,66.625,20
2026-09-21 11:12,66.62,66.63,66.6,66.605,15
2026-09-21 11:13,66.655,66.665,66.615,66.65,19
2026-09-21 11:14,66.65,66.65,66.635,66.635,7
2026-09-21 11:15,66.61,66.67,66.61,66.655,36
2026-09-21 11:16,66.66,66.66,66.61,66.61,27
2026-09-21 11:17,66.64,66.645,66.605,66.645,13
2026-09-21 11:18,66.61,66.64,66.595,66.635,11
2026-09-21 11:19,66.625,66.63,66.6,66.6,13
2026-09-21 11:20,66.6,66.63,66.6,66.61,11
2026-09-21 11:21,66.62,66.635,66.595,66.605,36
2026-09-21 11:22,66.625,66.625,66.605,66.605,7
2026-09-21 11:23,66.64,66.64,66.605,66.605,18
2026-09-21 11:24,66.645,66.67,66.64,66.65,17
2026-09-21 11:25,66.66,66.685,66.65,66.66,58
2026-09-21 11:26,66.64,66.665,66.635,66.655,33
2026-09-21 11:27,66.635,66.66,66.63,66.65,47
2026-09-21 11:28,66.65,66.65,66.625,66.64,17
2026-09-21 11:29,66.63,66.65,66.63,66.65,10
2026-09-21 11:30,66.64,66.66,66.64,66.64,19
2026-09-21 11:31,66.64,66.655,66.62,66.63,13
2026-09-21 11:32,66.665,66.68,66.655,66.655,15
2026-09-21 11:33,66.715,66.725,66.655,66.655,46
2026-09-21 11:34,66.7,66.72,66.7,66.715,23
2026-09-21 11:35,66.695,66.705,66.695,66.705,7
2026-09-21 11:36,66.715,66.775,66.675,66.675,185
2026-09-21 11:37,66.66,66.73,66.66,66.73,58
2026-09-21 11:38,66.655,66.675,66.64,66.655,21
2026-09-21 11:39,66.66,66.67,66.645,66.65,17
2026-09-21 11:40,66.625,66.66,66.62,66.66,24
2026-09-21 11:41,66.65,66.655,66.61,66.62,21
2026-09-21 11:42,66.64,66.65,66.63,66.645,14
2026-09-21 11:43,66.63,66.66,66.63,66.645,19
2026-09-21 11:44,66.66,66.665,66.62,66.62,24
2026-09-21 11:45,66.67,66.68,66.65,66.67,44
2026-09-21 11:46,66.685,66.685,66.66,66.66,17
2026-09-21 11:47,66.695,66.695,66.68,66.685,12
2026-09-21 11:48,66.65,66.69,66.64,66.69,27
2026-09-21 11:49,66.625,66.645,66.625,66.645,8
2026-09-21 11:50,66.695,66.785,66.63,66.635,369
2026-09-21 11:51,66.62,66.695,66.62,66.695,58
2026-09-21 11:52,66.6,66.625,66.59,66.625,32
2026-09-21 11:53,66.595,66.6,66.565,66.6,41
2026-09-21 11:54,66.615,66.635,66.59,66.6,21
2026-09-21 11:55,66.645,66.655,66.605,66.61,23
2026-09-21 11:56,66.675,66.675,66.645,66.645,20
2026-09-21 11:57,66.62,66.675,66.615,66.675,11
2026-09-21 11:58,66.65,66.655,66.625,66.625,12
2026-09-21 11:59,66.665,66.665,66.64,66.65,17
2026-09-21 12:00,66.66,66.675,66.635,66.67,55
2026-09-21 12:01,66.705,66.715,66.655,66.655,50
2026-09-21 12:02,66.745,66.75,66.69,66.695,45
2026-09-21 12:03,66.76,66.775,66.735,66.745,39
2026-09-21 12:04,66.76,66.77,66.755,66.76,20
2026-09-21 12:05,66.755,66.765,66.75,66.76,19
2026-09-21 12:06,66.755,66.805,66.74,66.76,59
2026-09-21 12:07,66.815,66.91,66.74,66.74,475
2026-09-21 12:08,66.795,66.815,66.795,66.81,27
2026-09-21 12:09,66.85,66.87,66.785,66.805,78
2026-09-21 12:10,66.88,66.88,66.82,66.87,75
2026-09-21 12:11,66.845,66.865,66.84,66.85,22
2026-09-21 12:12,66.815,66.84,66.8,66.84,43
2026-09-21 12:13,66.815,66.855,66.815,66.83,29
2026-09-21 12:14,66.79,66.81,66.755,66.81,78
2026-09-21 12:15,66.81,66.835,66.8,66.8,56
2026-09-21 12:16,66.845,66.845,66.81,66.81,51
2026-09-21 12:17,66.8,66.855,66.8,66.855,47
2026-09-21 12:18,66.82,66.84,66.805,66.805,43
2026-09-21 12:19,66.83,66.85,66.805,66.805,17
2026-09-21 12:20,66.84,66.84,66.83,66.83,9
2026-09-21 12:21,66.78,66.83,66.78,66.83,52
2026-09-21 12:22,66.79,66.815,66.785,66.79,25
2026-09-21 12:23,66.775,66.785,66.775,66.785,16
2026-09-21 12:24,66.745,66.77,66.745,66.77,15
2026-09-21 12:25,66.73,66.745,66.72,66.745,16
2026-09-21 12:26,66.745,66.745,66.72,66.72,6
2026-09-21 12:27,66.785,66.8,66.735,66.735,31
2026-09-21 12:28,66.75,66.795,66.75,66.785,26
2026-09-21 12:29,66.75,66.755,66.745,66.75,7
2026-09-21 12:30,66.735,66.765,66.725,66.765,19
2026-09-21 12:31,66.73,66.745,66.73,66.735,27
2026-09-21 12:32,66.735,66.75,66.72,66.74,30
2026-09-21 12:33,66.745,66.76,66.735,66.74,16
2026-09-21 12:34,66.76,66.76,66.74,66.745,10
2026-09-21 12:35,66.745,66.745,66.745,66.745,2
2026-09-21 12:36,66.725,66.73,66.71,66.725,12
2026-09-21 12:37,66.72,66.735,66.72,66.735,10
2026-09-21 12:38,66.735,66.745,66.73,66.73,4
2026-09-21 12:39,66.695,66.715,66.685,66.71,15
2026-09-21 12:40,66.69,66.69,66.675,66.685,14
2026-09-21 12:41,66.665,66.685,66.665,66.685,9
2026-09-21 12:42,66.645,66.685,66.64,66.685,29
2026-09-21 12:43,66.6,66.645,66.59,66.645,63
2026-09-21 12:44,66.555,66.605,66.54,66.6,76
2026-09-21 12:45,66.57,66.57,66.535,66.555,27
2026-09-21 12:46,66.56,66.565,66.55,66.555,17
2026-09-21 12:47,66.575,66.575,66.55,66.565,27
2026-09-21 12:48,66.605,66.605,66.575,66.58,28
2026-09-21 12:49,66.59,66.615,66.59,66.615,5
2026-09-21 12:50,66.585,66.61,66.575,66.595,42
2026-09-21 12:51,66.54,66.575,66.54,66.575,11
2026-09-21 12:52,66.525,66.54,66.495,66.54,27
2026-09-21 12:53,66.515,66.535,66.495,66.525,31
2026-09-21 12:54,66.52,66.52,66.505,66.51,31
2026-09-21 12:55,66.53,66.53,66.52,66.52,13
2026-09-21 12:56,66.505,66.535,66.505,66.535,17
2026-09-21 12:57,66.52,66.53,66.515,66.515,12
2026-09-21 12:58,66.5,66.51,66.49,66.51,28
2026-09-21 12:59,66.445,66.5,66.445,66.5,47
2026-09-21 13:00,66.495,66.495,66.45,66.455,44
2026-09-21 13:01,66.525,66.525,66.485,66.49,48
2026-09-21 13:02,66.51,66.535,66.5,66.53,17
2026-09-21 13:03,66.5,66.52,66.5,66.52,48
2026-09-21 13:04,66.495,66.5,66.485,66.5,27
2026-09-21 13:05,66.525,66.525,66.5,66.505,30
2026-09-21 13:06,66.485,66.515,66.485,66.515,24
2026-09-21 13:07,66.49,66.5,66.485,66.49,13
2026-09-21 13:08,66.52,66.52,66.495,66.5,16
2026-09-21 13:09,66.525,66.535,66.51,66.525,36
2026-09-21 13:10,66.55,66.55,66.535,66.54,24
2026-09-21 13:11,66.53,66.55,66.53,66.55,21
2026-09-21 13:12,66.565,66.565,66.535,66.535,23
2026-09-21 13:13,66.555,66.585,66.555,66.565,19
2026-09-21 13:14,66.545,66.545,66.54,66.545,12
2026-09-21 13:15,66.53,66.555,66.53,66.555,28
2026-09-21 13:16,66.53,66.54,66.515,66.54,20
2026-09-21 13:17,66.465,66.525,66.465,66.525,47
2026-09-21 13:18,66.475,66.48,66.425,66.465,62
2026-09-21 13:19,66.445,66.48,66.44,66.475,34
2026-09-21 13:20,66.455,66.455,66.435,66.44,46
2026-09-21 13:21,66.44,66.47,66.43,66.45,40
2026-09-21 13:22,66.46,66.475,66.445,66.445,25
2026-09-21 13:23,66.45,66.475,66.45,66.46,51
2026-09-21 13:24,66.4,66.47,66.38,66.46,370
2026-09-21 13:25,66.41,66.42,66.385,66.405,45
2026-09-21 13:26,66.395,66.4,66.38,66.4,36
2026-09-21 13:27,66.405,66.41,66.39,66.4,51
2026-09-21 13:28,66.395,66.415,66.395,66.415,24
2026-09-21 13:29,66.43,66.44,66.4,66.4,97
2026-09-21 13:30,66.32,66.435,66.315,66.43,81
2026-09-21 13:31,66.335,66.34,66.265,66.32,181
2026-09-21 13:32,66.27,66.325,66.255,66.325,98
2026-09-21 13:33,66.26,66.285,66.24,66.265,60
2026-09-21 13:34,66.255,66.295,66.235,66.255,90
2026-09-21 13:35,66.26,66.275,66.255,66.27,24
2026-09-21 13:36,66.25,66.285,66.25,66.265,34
2026-09-21 13:37,66.215,66.275,66.21,66.26,48
2026-09-21 13:38,66.265,66.27,66.225,66.225,25
2026-09-21 13:39,66.265,66.28,66.265,66.275,18
2026-09-21 13:40,66.31,66.325,66.26,66.26,42
2026-09-21 13:41,66.33,66.33,66.31,66.31,13
2026-09-21 13:42,66.32,66.335,66.31,66.33,16
2026-09-21 13:43,66.285,66.33,66.285,66.32,20
2026-09-21 13:44,66.305,66.305,66.295,66.3,6
2026-09-21 13:45,66.295,66.3,66.27,66.3,10
2026-09-21 13:46,66.305,66.325,66.295,66.295,16
2026-09-21 13:47,66.3,66.315,66.295,66.295,9
2026-09-21 13:48,66.33,66.335,66.31,66.31,18
2026-09-21 13:49,66.325,66.34,66.325,66.33,13
2026-09-21 13:50,66.34,66.34,66.335,66.335,3
2026-09-21 13:51,66.345,66.355,66.33,66.33,26
2026-09-21 13:52,66.36,66.37,66.35,66.35,37
2026-09-21 13:53,66.365,66.375,66.36,66.375,4
2026-09-21 13:54,66.36,66.37,66.36,66.37,3
2026-09-21 13:55,66.38,66.385,66.355,66.36,13
2026-09-21 13:56,66.305,66.375,66.305,66.37,46
2026-09-21 13:57,66.335,66.35,66.305,66.31,40
2026-09-21 13:58,66.36,66.36,66.34,66.345,29
2026-09-21 13:59,66.365,66.37,66.36,66.36,15
2026-09-21 14:00,66.38,66.385,66.37,66.375,13
2026-09-21 14:01,66.385,66.39,66.365,66.39,10
2026-09-21 14:02,66.4,66.405,66.39,66.39,13
2026-09-21 14:03,66.39,66.42,66.39,66.41,30
2026-09-21 14:04,66.41,66.415,66.395,66.405,15
2026-09-21 14:05,66.435,66.445,66.42,66.425,17
2026-09-21 14:06,66.435,66.445,66.425,66.425,12
2026-09-21 14:07,66.47,66.47,66.435,66.435,25
2026-09-21 14:08,66.515,66.515,66.47,66.47,32
2026-09-21 14:09,66.5,66.51,66.49,66.51,9
2026-09-21 14:10,66.47,66.515,66.465,66.515,17
2026-09-21 14:11,66.48,66.48,66.48,66.48,1
2026-09-21 14:12,66.475,66.49,66.475,66.49,7
2026-09-21 14:13,66.5,66.525,66.49,66.49,13
2026-09-21 14:14,66.52,66.52,66.5,66.5,12
2026-09-21 14:15,66.545,66.55,66.51,66.51,35
2026-09-21 14:16,66.54,66.54,66.53,66.535,14
2026-09-21 14:17,66.55,66.565,66.54,66.545,13
2026-09-21 14:18,66.54,66.565,66.54,66.55,12
2026-09-21 14:19,66.525,66.535,66.525,66.535,25
2026-09-21 14:20,66.54,66.555,66.53,66.53,25
2026-09-21 14:21,66.52,66.55,66.52,66.55,14
2026-09-21 14:22,66.535,66.535,66.52,66.52,7
2026-09-21 14:23,66.525,66.545,66.52,66.545,17
2026-09-21 14:24,66.52,66.535,66.51,66.525,36
2026-09-21 14:25,66.52,66.525,66.51,66.52,11
2026-09-21 14:26,66.5,66.5,66.48,66.48,13
2026-09-21 14:27,66.5,66.515,66.5,66.515,8
2026-09-21 14:28,66.52,66.525,66.5,66.51,15
2026-09-21 14:29,66.505,66.525,66.505,66.52,19
2026-09-21 14:30,66.51,66.52,66.51,66.52,3
2026-09-21 14:31,66.505,66.505,66.505,66.505,1
2026-09-21 14:32,66.505,66.51,66.5,66.505,6
2026-09-21 14:33,66.525,66.525,66.505,66.51,8
2026-09-21 14:34,66.525,66.53,66.52,66.53,13
2026-09-21 14:35,66.485,66.515,66.485,66.515,9
2026-09-21 14:36,66.495,66.495,66.485,66.49,9
2026-09-21 14:37,66.51,66.51,66.5,66.505,4
2026-09-21 14:38,66.495,66.51,66.495,66.505,26
2026-09-21 14:39,66.5,66.5,66.485,66.495,7
2026-09-21 14:40,66.485,66.51,66.485,66.505,15
2026-09-21 14:42,66.51,66.51,66.5,66.5,3
2026-09-21 14:43,66.525,66.525,66.52,66.52,10
2026-09-21 14:44,66.535,66.54,66.53,66.53,6
2026-09-21 14:45,66.54,66.57,66.54,66.545,38
2026-09-21 14:46,66.55,66.555,66.54,66.54,8
2026-09-21 14:47,66.585,66.59,66.565,66.565,30
2026-09-21 14:48,66.585,66.595,66.57,66.575,16
2026-09-21 14:49,66.595,66.595,66.59,66.59,2
2026-09-21 14:50,66.605,66.61,66.605,66.61,8
2026-09-21 14:51,66.59,66.6,66.585,66.6,8
2026-09-21 14:52,66.595,66.595,66.595,66.595,2
2026-09-21 14:53,66.595,66.6,66.59,66.59,10
2026-09-21 14:54,66.57,66.595,66.57,66.595,10
2026-09-21 14:55,66.58,66.58,66.565,66.57,7
2026-09-21 14:56,66.595,66.595,66.585,66.585,4
2026-09-21 14:57,66.59,66.59,66.585,66.59,3
2026-09-21 14:58,66.555,66.56,66.555,66.56,6
2026-09-21 14:59,66.56,66.565,66.56,66.56,5
2026-09-21 15:00,66.525,66.555,66.525,66.555,28
2026-09-21 15:01,66.485,66.53,66.485,66.53,15
2026-09-21 15:02,66.495,66.51,66.48,66.485,17
2026-09-21 15:03,66.49,66.505,66.49,66.5,29
2026-09-21 15:04,66.48,66.49,66.48,66.49,4
2026-09-21 15:05,66.505,66.505,66.505,66.505,2
2026-09-21 15:06,66.51,66.51,66.49,66.505,20
2026-09-21 15:07,66.515,66.515,66.505,66.515,7
2026-09-21 15:08,66.555,66.555,66.53,66.535,7
2026-09-21 15:09,66.585,66.585,66.56,66.56,5
2026-09-21 15:10,66.565,66.58,66.565,66.575,10
2026-09-21 15:11,66.565,66.575,66.565,66.575,5
2026-09-21 15:12,66.585,66.59,66.57,66.59,6
2026-09-21 15:13,66.58,66.58,66.57,66.57,4
2026-09-21 15:14,66.56,66.57,66.555,66.57,4
2026-09-21 15:16,66.585,66.585,66.55,66.55,10
2026-09-21 15:17,66.54,66.58,66.54,66.58,7
2026-09-21 15:18,66.54,66.55,66.535,66.55,4
2026-09-21 15:19,66.545,66.55,66.545,66.545,3
2026-09-21 15:20,66.58,66.58,66.55,66.55,12
2026-09-21 15:21,66.575,66.575,66.565,66.565,7
2026-09-21 15:22,66.57,66.57,66.57,66.57,1
2026-09-21 15:23,66.57,66.585,66.57,66.58,72
2026-09-21 15:24,66.57,66.57,66.565,66.565,3
2026-09-21 15:25,66.555,66.56,66.555,66.56,2
2026-09-21 15:26,66.585,66.585,66.565,66.565,3
2026-09-21 15:27,66.625,66.625,66.59,66.59,8
2026-09-21 15:28,66.62,66.635,66.62,66.63,14
2026-09-21 15:29,66.61,66.615,66.61,66.615,2
2026-09-21 15:30,66.61,66.61,66.605,66.605,2
2026-09-21 15:31,66.67,66.67,66.63,66.63,17
2026-09-21 15:32,66.675,66.685,66.655,66.655,20
2026-09-21 15:33,66.675,66.695,66.67,66.67,13
2026-09-21 15:34,66.705,66.72,66.68,66.68,38
2026-09-21 15:35,66.72,66.72,66.695,66.695,5
2026-09-21 15:36,66.71,66.72,66.7,66.72,11
2026-09-21 15:37,66.7,66.725,66.695,66.72,25
2026-09-21 15:38,66.71,66.715,66.71,66.71,4
2026-09-21 15:39,66.745,66.76,66.72,66.72,33
2026-09-21 15:40,66.745,66.795,66.74,66.74,52
2026-09-21 15:41,66.695,66.745,66.695,66.745,19
2026-09-21 15:42,66.665,66.695,66.665,66.69,9
2026-09-21 15:43,66.65,66.665,66.64,66.665,15
2026-09-21 15:44,66.64,66.65,66.64,66.65,4
2026-09-21 15:45,66.65,66.65,66.615,66.64,13
2026-09-21 15:46,66.655,66.655,66.65,66.65,2
2026-09-21 15:47,66.635,66.635,66.635,66.635,2
2026-09-21 15:48,66.62,66.63,66.62,66.625,6
2026-09-21 15:49,66.615,66.625,66.61,66.625,5
2026-09-21 15:50,66.6,66.6,66.58,66.6,23
2026-09-21 15:51,66.575,66.595,66.575,66.585,13
2026-09-21 15:52,66.58,66.595,66.58,66.59,5
2026-09-21 15:53,66.575,66.585,66.56,66.585,38
2026-09-21 15:54,66.595,66.595,66.575,66.575,10
2026-09-21 15:55,66.59,66.6,66.58,66.6,17
2026-09-21 15:56,66.585,66.595,66.58,66.59,22
2026-09-21 15:57,66.605,66.61,66.595,66.595,9
2026-09-21 15:58,66.6,66.61,66.6,66.605,11
2026-09-21 15:59,66.57,66.595,66.565,66.585,93
2026-09-21 16:00,66.515,66.56,66.51,66.555,30
2026-09-21 16:01,66.525,66.525,66.5,66.515,16
2026-09-21 16:02,66.54,66.54,66.52,66.525,17
2026-09-21 16:03,66.53,66.53,66.52,66.52,3
2026-09-21 16:04,66.52,66.525,66.51,66.525,8
2026-09-21 16:05,66.53,66.53,66.515,66.515,2
2026-09-21 16:06,66.53,66.535,66.52,66.53,5
2026-09-21 16:07,66.52,66.54,66.52,66.54,13
2026-09-21 16:08,66.525,66.525,66.52,66.52,3
2026-09-21 16:09,66.54,66.54,66.53,66.54,4
2026-09-21 16:10,66.56,66.56,66.545,66.545,12
2026-09-21 16:11,66.54,66.555,66.54,66.555,4
2026-09-21 16:12,66.53,66.545,66.525,66.545,20
2026-09-21 16:13,66.52,66.53,66.515,66.53,34
2026-09-21 16:14,66.535,66.535,66.52,66.52,4
2026-09-21 16:15,66.515,66.53,66.515,66.52,7
2026-09-21 16:16,66.495,66.505,66.49,66.505,16
2026-09-21 16:17,66.49,66.495,66.48,66.485,17
2026-09-21 16:18,66.495,66.5,66.495,66.5,2
2026-09-21 16:19,66.495,66.495,66.495,66.495,3
2026-09-21 16:20,66.505,66.505,66.495,66.495,14
2026-09-21 16:22,66.505,66.505,66.505,66.505,1
2026-09-21 16:23,66.49,66.505,66.49,66.505,35
2026-09-21 16:24,66.48,66.48,66.475,66.475,36
2026-09-21 16:25,66.485,66.495,66.485,66.485,19
2026-09-21 16:26,66.49,66.49,66.485,66.485,6
2026-09-21 16:27,66.495,66.5,66.49,66.49,17
2026-09-21 16:28,66.505,66.505,66.5,66.505,6
2026-09-21 16:29,66.48,66.5,66.48,66.5,14
2026-09-21 16:30,66.48,66.495,66.475,66.495,5
2026-09-21 16:31,66.48,66.48,66.465,66.475,11
2026-09-21 16:32,66.47,66.49,66.47,66.475,3
2026-09-21 16:33,66.485,66.485,66.475,66.485,3
2026-09-21 16:35,66.505,66.505,66.5,66.5,16
2026-09-21 16:39,66.51,66.51,66.5,66.505,11
2026-09-21 16:40,66.525,66.525,66.5,66.505,18
2026-09-21 16:41,66.505,66.525,66.505,66.525,8
2026-09-21 16:42,66.485,66.51,66.485,66.51,8
2026-09-21 16:44,66.49,66.495,66.49,66.495,4
2026-09-21 16:45,66.495,66.5,66.49,66.495,15
2026-09-21 16:46,66.49,66.49,66.49,66.49,1
2026-09-21 16:47,66.485,66.49,66.485,66.49,3
2026-09-21 16:48,66.48,66.48,66.48,66.48,1
2026-09-21 16:49,66.495,66.495,66.495,66.495,1
2026-09-21 16:50,66.5,66.5,66.5,66.5,2
2026-09-21 16:52,66.505,66.51,66.505,66.51,3
2026-09-21 16:53,66.51,66.51,66.51,66.51,1
2026-09-21 16:54,66.52,66.525,66.505,66.52,11
2026-09-21 16:55,66.525,66.525,66.525,66.525,2
2026-09-21 16:56,66.54,66.54,66.53,66.53,3
2026-09-21 16:57,66.54,66.54,66.53,66.53,4
2026-09-21 16:58,66.54,66.545,66.535,66.545,13
2026-09-21 16:59,66.525,66.54,66.525,66.54,12
2026-09-21 17:00,66.53,66.53,66.53,66.53,1
2026-09-21 18:11,66.645,66.65,66.625,66.64,0
2026-09-21 18:12,66.64,66.64,66.64,66.64,2
2026-09-21 18:15,66.64,66.64,66.625,66.625,4
2026-09-21 18:16,66.64,66.64,66.63,66.63,5
2026-09-21 18:17,66.645,66.645,66.645,66.645,1
2026-09-21 18:19,66.65,66.65,66.645,66.645,2
2026-09-21 18:20,66.64,66.64,66.64,66.64,1
2026-09-21 18:22,66.63,66.63,66.63,66.63,1
2026-09-21 18:23,66.63,66.63,66.63,66.63,2
2026-09-21 18:26,66.64,66.66,66.63,66.63,12
2026-09-21 18:27,66.64,66.64,66.625,66.64,5
2026-09-21 18:28,66.655,66.665,66.655,66.665,2
2026-09-21 18:29,66.69,66.69,66.68,66.68,83
2026-09-21 18:30,66.7,66.73,66.685,66.695,30
2026-09-21 18:31,66.675,66.69,66.675,66.69,11
2026-09-21 18:33,66.68,66.68,66.655,66.66,8
2026-09-21 18:35,66.67,66.67,66.67,66.67,1
2026-09-21 18:36,66.67,66.67,66.67,66.67,1
2026-09-21 18:37,66.675,66.69,66.675,66.68,16
2026-09-21 18:39,66.685,66.685,66.685,66.685,1
2026-09-21 18:40,66.68,66.68,66.675,66.675,3
2026-09-21 18:43,66.67,66.675,66.665,66.675,4
2026-09-21 18:45,66.715,66.715,66.69,66.69,5
2026-09-21 18:46,66.7,66.7,66.7,66.7,1
2026-09-21 18:47,66.765,66.765,66.73,66.73,10
2026-09-21 18:48,66.795,66.81,66.775,66.775,14
2026-09-21 18:49,66.8,66.8,66.78,66.785,15
2026-09-21 18:50,66.81,66.82,66.81,66.81,6
2026-09-21 18:51,66.82,66.82,66.82,66.82,2
2026-09-21 18:52,66.84,66.84,66.835,66.835,2
2026-09-21 18:53,66.865,66.865,66.84,66.84,17
2026-09-21 18:55,66.88,66.89,66.875,66.89,7
2026-09-21 18:56,66.885,66.9,66.885,66.9,9
2026-09-21 18:57,66.925,66.945,66.88,66.88,42
2026-09-21 18:58,66.92,66.92,66.92,66.92,1
2026-09-21 18:59,66.865,66.915,66.865,66.915,11
2026-09-21 19:00,66.905,66.945,66.88,66.885,12
2026-09-21 19:01,66.91,66.925,66.91,66.925,4
2026-09-21 19:03,66.955,66.985,66.935,66.935,13
2026-09-21 19:04,66.96,66.97,66.935,66.935,8
2026-09-21 19:05,66.95,66.95,66.95,66.95,1
2026-09-21 19:06,66.945,66.945,66.92,66.935,6
2026-09-21 19:07,66.91,66.935,66.91,66.935,7
2026-09-21 19:08,66.9,66.91,66.9,66.91,3
2026-09-21 19:09,66.875,66.895,66.875,66.89,5
2026-09-21 19:10,66.88,66.88,66.88,66.88,1
2026-09-21 19:11,66.9,66.9,66.9,66.9,8
2026-09-21 19:12,66.91,66.91,66.895,66.905,12
2026-09-21 19:13,66.92,66.92,66.92,66.92,2
2026-09-21 19:14,66.865,66.87,66.845,66.87,7
2026-09-21 19:15,66.875,66.875,66.875,66.875,34
2026-09-21 19:16,66.92,66.935,66.9,66.9,10
2026-09-21 19:17,66.89,66.92,66.89,66.92,3
2026-09-21 19:18,66.915,66.915,66.895,66.895,3
2026-09-21 19:19,66.87,66.915,66.87,66.915,11
2026-09-21 19:20,66.835,66.855,66.835,66.85,8
2026-09-21 19:21,66.855,66.855,66.835,66.835,5
2026-09-21 19:23,66.85,66.865,66.845,66.865,7
2026-09-21 19:24,66.84,66.87,66.84,66.87,7
2026-09-21 19:25,66.815,66.82,66.805,66.82,9
2026-09-21 19:26,66.83,66.83,66.815,66.815,4
2026-09-21 19:27,66.84,66.84,66.82,66.825,11
2026-09-21 19:28,66.82,66.835,66.82,66.835,5
2026-09-21 19:29,66.82,66.82,66.805,66.805,2
2026-09-21 19:30,66.815,66.835,66.815,66.83,10
2026-09-21 19:31,66.82,66.84,66.815,66.815,7
2026-09-21 19:32,66.895,66.895,66.81,66.81,80
2026-09-21 19:33,66.91,66.92,66.895,66.9,11
2026-09-21 19:34,66.925,66.935,66.91,66.93,14
2026-09-21 19:35,66.92,66.945,66.905,66.91,10
2026-09-21 19:36,66.92,66.925,66.92,66.925,2
2026-09-21 19:37,66.97,67.01,66.955,66.955,37
2026-09-21 19:38,66.995,66.995,66.96,66.99,21
2026-09-21 19:39,66.995,66.995,66.96,66.97,14
2026-09-21 19:40,67.085,67.085,66.985,66.985,44
2026-09-21 19:41,67.08,67.145,67.075,67.095,62
2026-09-21 19:42,67.06,67.085,67.06,67.075,19
2026-09-21 19:43,67.055,67.055,67.055,67.055,4
2026-09-21 19:44,67.085,67.085,67.055,67.055,9
2026-09-21 19:45,67.07,67.08,67.07,67.08,3
2026-09-21 19:46,67.055,67.075,67.045,67.075,9
2026-09-21 19:47,67.04,67.04,67.04,67.04,1
2026-09-21 19:48,67.1,67.1,67.055,67.055,5
2026-09-21 19:49,67.09,67.125,67.09,67.11,18
2026-09-21 19:50,67.06,67.08,67.06,67.07,6
2026-09-21 19:51,67.04,67.07,67.04,67.065,4
2026-09-21 19:52,67.06,67.06,67.03,67.04,4
2026-09-21 19:53,67.065,67.065,67.055,67.055,4
2026-09-21 19:54,67.065,67.065,67.065,67.065,1
2026-09-21 19:55,67.165,67.165,67.06,67.06,59
2026-09-21 19:56,67.1,67.145,67.1,67.145,12
2026-09-21 19:57,67.16,67.16,67.135,67.135,8
2026-09-21 19:58,67.165,67.19,67.165,67.17,21
2026-09-21 19:59,67.15,67.155,67.15,67.155,2
2026-09-21 20:00,67.185,67.19,67.145,67.17,23
2026-09-21 20:01,67.18,67.19,67.165,67.165,14
2026-09-21 20:02,67.28,67.285,67.19,67.2,38
2026-09-21 20:03,67.225,67.28,67.225,67.26,24
2026-09-21 20:04,67.235,67.275,67.22,67.225,31
2026-09-21 20:05,67.245,67.265,67.22,67.24,47
2026-09-21 20:06,67.25,67.265,67.22,67.26,13
2026-09-21 20:07,67.245,67.265,67.2,67.245,46
2026-09-21 20:08,67.225,67.235,67.2,67.205,9
2026-09-21 20:09,67.305,67.325,67.245,67.245,25
2026-09-21 20:10,67.26,67.28,67.255,67.275,13
2026-09-21 20:11,67.215,67.28,67.215,67.275,8
2026-09-21 20:12,67.26,67.265,67.235,67.235,6
2026-09-21 20:13,67.245,67.25,67.245,67.25,4
2026-09-21 20:14,67.2,67.24,67.195,67.24,8
2026-09-21 20:15,67.105,67.195,67.1,67.195,35
2026-09-21 20:16,67.06,67.11,67.06,67.11,28
2026-09-21 20:17,67.065,67.075,67.065,67.075,4
2026-09-21 20:18,66.995,67.03,66.99,67.03,31
2026-09-21 20:19,67.04,67.04,67.005,67.005,9
2026-09-21 20:20,67.05,67.065,67.05,67.065,4
2026-09-21 20:22,67.045,67.045,67.035,67.035,13
2026-09-21 20:23,67.07,67.08,67.06,67.08,13
2026-09-21 20:24,67.04,67.065,67.02,67.065,12
2026-09-21 20:25,66.99,67.035,66.99,67.035,11
2026-09-21 20:26,66.995,67.005,66.975,66.985,55
2026-09-21 20:27,66.995,67.01,66.995,67.01,2
2026-09-21 20:30,66.95,67.01,66.95,66.98,33
2026-09-21 20:31,67.0,67.0,66.945,66.945,4
2026-09-21 20:32,66.955,66.98,66.955,66.98,8
2026-09-21 20:33,66.97,66.98,66.945,66.97,21
2026-09-21 20:34,66.955,66.96,66.955,66.96,3
2026-09-21 20:35,66.89,66.95,66.88,66.95,41
2026-09-21 20:36,66.965,66.985,66.895,66.895,11
2026-09-21 20:37,66.925,66.955,66.925,66.955,10
2026-09-21 20:38,66.905,66.905,66.905,66.905,2
2026-09-21 20:39,66.855,66.89,66.855,66.89,11
2026-09-21 20:40,66.855,66.855,66.825,66.835,5
2026-09-21 20:41,66.91,66.91,66.845,66.845,15
2026-09-21 20:42,66.915,66.93,66.865,66.905,18
2026-09-21 20:43,66.9,66.91,66.9,66.9,7
2026-09-21 20:44,66.965,66.965,66.935,66.935,12
2026-09-21 20:45,66.96,66.995,66.96,66.98,5
2026-09-21 20:46,66.965,66.965,66.965,66.965,3
2026-09-21 20:47,66.945,66.98,66.945,66.945,5
2026-09-21 20:48,66.93,66.945,66.925,66.94,8
2026-09-21 20:49,66.955,66.955,66.95,66.955,3
2026-09-21 20:50,67.0,67.0,66.965,66.965,9
2026-09-21 20:51,67.0,67.02,67.0,67.005,19
2026-09-21 20:52,66.99,67.01,66.99,67.0,6
2026-09-21 20:53,67.0,67.0,66.99,66.99,2
2026-09-21 20:54,66.99,66.995,66.975,66.995,7
2026-09-21 20:55,67.0,67.01,66.995,67.01,9
2026-09-21 20:56,67.01,67.02,66.99,66.99,15
2026-09-21 20:57,67.005,67.025,66.99,67.025,7
2026-09-21 20:59,66.99,67.005,66.925,66.975,99
2026-09-21 21:00,66.91,66.98,66.815,66.98,161
2026-09-21 21:01,66.83,66.92,66.805,66.9,69
2026-09-21 21:02,66.9,66.9,66.825,66.825,40
2026-09-21 21:03,66.935,67.05,66.9,66.915,57
2026-09-21 21:04,66.99,67.0,66.93,66.965,37
2026-09-21 21:05,66.92,66.92,66.92,66.92,1
2026-09-21 21:06,67.015,67.015,66.945,66.945,7
2026-09-21 21:07,67.035,67.04,66.95,67.01,31
2026-09-21 21:08,67.06,67.1,67.0,67.0,33
2026-09-21 21:09,66.99,67.06,66.99,67.05,10
2026-09-21 21:10,67.035,67.035,66.975,66.975,36
2026-09-21 21:11,66.945,67.04,66.93,67.035,20
2026-09-21 21:12,66.97,67.015,66.94,66.94,16
2026-09-21 21:13,66.985,67.0,66.95,66.995,27
2026-09-21 21:14,67.0,67.04,66.965,66.97,21
2026-09-21 21:15,67.035,67.035,66.98,66.985,11
2026-09-21 21:16,66.91,66.99,66.91,66.99,23
2026-09-21 21:17,66.91,66.915,66.885,66.885,15
2026-09-21 21:18,66.96,66.975,66.895,66.91,19
2026-09-21 21:19,66.945,66.945,66.945,66.945,1
2026-09-21 21:20,66.955,66.975,66.94,66.94,9
2026-09-21 21:21,66.84,66.945,66.755,66.945,113
2026-09-21 21:22,66.8,66.81,66.775,66.81,28
2026-09-21 21:23,66.905,66.905,66.825,66.825,24
2026-09-21 21:24,66.85,66.92,66.85,66.9,38
2026-09-21 21:25,66.885,66.955,66.855,66.855,27
2026-09-21 21:26,66.845,66.88,66.83,66.88,20
2026-09-21 21:27,66.825,66.86,66.825,66.85,12
2026-09-21 21:28,66.82,66.84,66.8,66.83,40
2026-09-21 21:29,66.89,66.895,66.845,66.845,7
2026-09-21 21:30,66.85,66.905,66.81,66.87,26
2026-09-21 21:31,66.8,66.845,66.78,66.845,16
2026-09-21 21:32,66.76,66.81,66.76,66.81,11
2026-09-21 21:33,66.79,66.79,66.75,66.775,24
2026-09-21 21:34,66.79,66.835,66.77,66.785,23
2026-09-21 21:35,66.8,66.82,66.8,66.82,2
2026-09-21 21:36,66.815,66.835,66.815,66.835,6
2026-09-21 21:37,66.885,66.885,66.85,66.85,6
2026-09-21 21:38,66.815,66.88,66.815,66.88,9
2026-09-21 21:39,66.85,66.885,66.825,66.825,4
2026-09-21 21:40,66.875,66.88,66.84,66.84,16
2026-09-21 21:41,66.81,66.86,66.805,66.86,8
2026-09-21 21:42,66.845,66.865,66.82,66.825,25
2026-09-21 21:43,66.835,66.865,66.785,66.83,29
2026-09-21 21:44,66.77,66.85,66.77,66.85,30
2026-09-21 21:45,66.795,66.81,66.76,66.78,21
2026-09-21 21:46,66.745,66.8,66.73,66.78,20
2026-09-21 21:47,66.76,66.775,66.76,66.775,2
2026-09-21 21:48,66.75,66.755,66.72,66.75,36
2026-09-21 21:49,66.73,66.73,66.66,66.725,37
2026-09-21 21:50,66.7,66.735,66.695,66.715,10
2026-09-21 21:51,66.755,66.755,66.7,66.705,14
2026-09-21 21:52,66.77,66.78,66.725,66.76,35
2026-09-21 21:53,66.715,66.785,66.715,66.78,17
2026-09-21 21:54,66.745,66.745,66.745,66.745,1
2026-09-21 21:55,66.765,66.81,66.755,66.8,6
2026-09-21 21:56,66.815,66.815,66.75,66.75,3
2026-09-21 21:57,66.75,66.82,66.75,66.82,7
2026-09-21 21:58,66.765,66.785,66.755,66.755,10
2026-09-21 21:59,66.77,66.78,66.77,66.78,2
2026-09-21 22:00,66.81,66.81,66.775,66.795,8
2026-09-21 22:01,66.85,66.87,66.82,66.82,37
2026-09-21 22:02,66.84,66.84,66.84,66.84,1
2026-09-21 22:03,66.79,66.815,66.765,66.815,14
2026-09-21 22:04,66.845,66.855,66.765,66.79,15
2026-09-21 22:05,66.785,66.81,66.785,66.81,6
2026-09-21 22:06,66.795,66.825,66.79,66.81,6
2026-09-21 22:07,66.725,66.765,66.7,66.765,18
2026-09-21 22:08,66.69,66.725,66.645,66.725,25
2026-09-21 22:09,66.66,66.695,66.66,66.695,24
2026-09-21 22:10,66.655,66.67,66.645,66.655,7
2026-09-21 22:11,66.665,66.69,66.66,66.67,9
2026-09-21 22:12,66.645,66.655,66.64,66.655,3
2026-09-21 22:13,66.605,66.645,66.605,66.645,14
2026-09-21 22:14,66.63,66.63,66.625,66.625,3
2026-09-21 22:15,66.615,66.63,66.61,66.63,3
2026-09-21 22:16,66.575,66.61,66.565,66.6,45
2026-09-21 22:17,66.505,66.58,66.485,66.575,82
2026-09-21 22:18,66.55,66.555,66.52,66.52,12
2026-09-21 22:19,66.565,66.59,66.55,66.55,24
2026-09-21 22:20,66.65,66.65,66.565,66.565,14
2026-09-21 22:21,66.62,66.66,66.615,66.66,6
2026-09-21 22:22,66.705,66.71,66.645,66.645,13
2026-09-21 22:23,66.69,66.71,66.69,66.705,9
2026-09-21 22:24,66.67,66.67,66.665,66.665,2
2026-09-21 22:25,66.7,66.71,66.695,66.7,12
2026-09-21 22:26,66.7,66.7,66.695,66.695,3
2026-09-21 22:27,66.76,66.76,66.75,66.75,5
2026-09-21 22:28,66.79,66.79,66.755,66.755,11
2026-09-21 22:29,66.785,66.795,66.785,66.795,6
2026-09-21 22:30,66.765,66.795,66.705,66.775,106
2026-09-21 22:31,66.785,66.785,66.75,66.76,19
2026-09-21 22:32,66.78,66.79,66.76,66.775,20
2026-09-21 22:33,66.785,66.79,66.76,66.775,6
2026-09-21 22:34,66.815,66.815,66.79,66.8,13
2026-09-21 22:35,66.775,66.84,66.775,66.83,17
2026-09-21 22:36,66.83,66.835,66.795,66.795,10
2026-09-21 22:37,66.8,66.83,66.775,66.83,15
2026-09-21 22:38,66.8,66.8,66.79,66.795,3
2026-09-21 22:39,66.79,66.81,66.79,66.81,2
2026-09-21 22:40,66.745,66.805,66.745,66.805,11
2026-09-21 22:41,66.73,66.76,66.705,66.74,19
2026-09-21 22:42,66.75,66.75,66.71,66.72,11
2026-09-21 22:44,66.72,66.72,66.685,66.705,19
2026-09-21 22:45,66.71,66.72,66.68,66.72,21
2026-09-21 22:46,66.67,66.705,66.67,66.695,13
2026-09-21 22:47,66.59,66.665,66.575,66.665,25
2026-09-21 22:48,66.635,66.655,66.615,66.62,14
2026-09-21 22:49,66.64,66.64,66.63,66.63,2
2026-09-21 22:50,66.645,66.655,66.63,66.64,28
2026-09-21 22:51,66.605,66.655,66.6,66.655,12
2026-09-21 22:52,66.61,66.615,66.585,66.585,7
2026-09-21 22:53,66.605,66.605,66.585,66.585,5
2026-09-21 22:54,66.56,66.61,66.54,66.61,20
2026-09-21 22:55,66.57,66.575,66.525,66.54,16
2026-09-21 22:56,66.6,66.61,66.56,66.56,20
2026-09-21 22:57,66.605,66.605,66.57,66.57,7
2026-09-21 22:58,66.595,66.62,66.595,66.605,18
2026-09-21 22:59,66.655,66.655,66.595,66.595,13
2026-09-21 23:00,66.645,66.65,66.62,66.645,7
2026-09-21 23:01,66.655,66.66,66.615,66.635,5
2026-09-21 23:02,66.675,66.675,66.66,66.66,5
2026-09-21 23:03,66.565,66.625,66.555,66.625,10
2026-09-21 23:04,66.585,66.59,66.575,66.575,6
2026-09-21 23:05,66.565,66.585,66.545,66.58,15
2026-09-21 23:06,66.53,66.565,66.52,66.565,19
2026-09-21 23:07,66.515,66.535,66.51,66.53,6
2026-09-21 23:08,66.53,66.54,66.52,66.53,5
2026-09-21 23:09,66.505,66.525,66.495,66.525,26
2026-09-21 23:10,66.52,66.52,66.485,66.505,23
2026-09-21 23:11,66.525,66.535,66.52,66.53,6
2026-09-21 23:12,66.55,66.55,66.54,66.54,4
2026-09-21 23:13,66.575,66.575,66.565,66.565,3
2026-09-21 23:14,66.59,66.59,66.58,66.59,4
2026-09-21 23:15,66.61,66.615,66.585,66.585,10
2026-09-21 23:16,66.575,66.6,66.575,66.6,6
2026-09-21 23:17,66.575,66.575,66.56,66.56,3
2026-09-21 23:18,66.555,66.575,66.555,66.57,4
2026-09-21 23:19,66.55,66.55,66.55,66.55,1
2026-09-21 23:20,66.565,66.565,66.545,66.545,4
2026-09-21 23:21,66.58,66.585,66.58,66.58,4
2026-09-21 23:22,66.585,66.59,66.545,66.545,8
2026-09-21 23:23,66.525,66.565,66.52,66.56,15
2026-09-21 23:24,66.53,66.545,66.53,66.535,6
2026-09-21 23:25,66.575,66.575,66.575,66.575,1
2026-09-21 23:26,66.58,66.585,66.57,66.57,4
2026-09-21 23:27,66.61,66.615,66.6,66.61,13
2026-09-21 23:28,66.655,66.66,66.585,66.6,26
2026-09-21 23:29,66.625,66.635,66.625,66.635,6
2026-09-21 23:30,66.625,66.625,66.625,66.625,2
2026-09-21 23:31,66.595,66.595,66.59,66.59,3
2026-09-21 23:32,66.6,66.6,66.59,66.59,2
2026-09-21 23:33,66.605,66.64,66.605,66.635,17
2026-09-21 23:34,66.61,66.61,66.61,66.61,1
2026-09-21 23:35,66.64,66.64,66.62,66.62,3
2026-09-21 23:36,66.62,66.635,66.62,66.635,8
2026-09-21 23:37,66.61,66.62,66.6,66.62,4
2026-09-21 23:38,66.605,66.62,66.605,66.62,3
2026-09-21 23:39,66.63,66.65,66.62,66.62,15
2026-09-21 23:40,66.62,66.62,66.62,66.62,1
2026-09-21 23:41,66.575,66.58,66.57,66.58,6
2026-09-21 23:42,66.585,66.585,66.585,66.585,1
2026-09-21 23:43,66.5,66.595,66.5,66.595,18
2026-09-21 23:44,66.52,66.52,66.51,66.52,4
2026-09-21 23:45,66.525,66.55,66.525,66.54,7
2026-09-21 23:46,66.515,66.535,66.505,66.535,9
2026-09-21 23:48,66.515,66.515,66.515,66.515,2
2026-09-21 23:49,66.54,66.54,66.54,66.54,1
2026-09-21 23:50,66.505,66.53,66.505,66.53,10
2026-09-21 23:51,66.5,66.505,66.485,66.49,14
2026-09-21 23:52,66.5,66.5,66.5,66.5,1
2026-09-21 23:53,66.47,66.47,66.45,66.47,16
2026-09-21 23:54,66.44,66.465,66.42,66.465,19
2026-09-21 23:55,66.45,66.465,66.45,66.45,7
2026-09-21 23:56,66.455,66.46,66.435,66.45,9
2026-09-21 23:57,66.48,66.48,66.47,66.47,3
2026-09-22 00:00,66.465,66.49,66.45,66.48,32
2026-09-22 00:01,66.415,66.465,66.415,66.465,39
2026-09-22 00:02,66.395,66.43,66.385,66.42,37
2026-09-22 00:03,66.36,66.405,66.36,66.395,27
2026-09-22 00:04,66.41,66.415,66.365,66.365,15
2026-09-22 00:05,66.39,66.415,66.385,66.415,7
2026-09-22 00:06,66.405,66.405,66.39,66.4,6
2026-09-22 00:07,66.42,66.42,66.42,66.42,2
2026-09-22 00:08,66.43,66.43,66.42,66.425,7
2026-09-22 00:09,66.41,66.445,66.41,66.445,5
2026-09-22 00:10,66.435,66.445,66.4,66.41,39
2026-09-22 00:11,66.45,66.46,66.445,66.45,8
2026-09-22 00:12,66.44,66.455,66.44,66.455,3
2026-09-22 00:13,66.425,66.44,66.425,66.435,5
2026-09-22 00:14,66.405,66.45,66.395,66.405,33
2026-09-22 00:15,66.4,66.415,66.385,66.41,7
2026-09-22 00:16,66.375,66.405,66.37,66.4,12
2026-09-22 00:17,66.375,66.38,66.375,66.375,5
2026-09-22 00:18,66.4,66.4,66.365,66.375,7
2026-09-22 00:19,66.4,66.4,66.395,66.4,4
2026-09-22 00:20,66.405,66.425,66.405,66.42,6
2026-09-22 00:21,66.395,66.4,66.395,66.4,2
2026-09-22 00:22,66.45,66.465,66.415,66.415,9
2026-09-22 00:23,66.46,66.46,66.44,66.44,6
2026-09-22 00:24,66.445,66.45,66.43,66.445,11
2026-09-22 00:25,66.43,66.43,66.415,66.415,4
2026-09-22 00:26,66.445,66.45,66.445,66.45,3
2026-09-22 00:27,66.45,66.45,66.45,66.45,1
2026-09-22 00:28,66.445,66.45,66.445,66.45,3
2026-09-22 00:29,66.455,66.455,66.455,66.455,1
2026-09-22 00:30,66.425,66.425,66.425,66.425,1
2026-09-22 00:31,66.455,66.46,66.435,66.435,7
2026-09-22 00:32,66.45,66.45,66.45,66.45,1
2026-09-22 00:33,66.44,66.445,66.44,66.445,3
2026-09-22 00:34,66.445,66.445,66.445,66.445,1
2026-09-22 00:35,66.47,66.47,66.44,66.44,3
2026-09-22 00:36,66.5,66.505,66.485,66.485,7
2026-09-22 00:37,66.495,66.495,66.49,66.495,3
2026-09-22 00:39,66.515,66.515,66.51,66.51,3
2026-09-22 00:41,66.47,66.48,66.47,66.48,5
2026-09-22 00:42,66.48,66.485,66.475,66.485,5
2026-09-22 00:44,66.48,66.48,66.475,66.48,3
2026-09-22 00:46,66.475,66.475,66.475,66.475,1
2026-09-22 00:48,66.43,66.43,66.43,66.43,1
2026-09-22 00:49,66.44,66.44,66.44,66.44,3
2026-09-22 00:50,66.425,66.44,66.425,66.44,2
2026-09-22 00:51,66.445,66.445,66.445,66.445,1
2026-09-22 00:52,66.465,66.475,66.46,66.475,4
2026-09-22 00:53,66.48,66.48,66.47,66.47,2
2026-09-22 00:54,66.485,66.485,66.485,66.485,1
2026-09-22 00:55,66.485,66.49,66.485,66.49,2
2026-09-22 00:57,66.475,66.475,66.475,66.475,1
2026-09-22 00:58,66.475,66.475,66.475,66.475,3
2026-09-22 00:59,66.455,66.455,66.455,66.455,1
2026-09-22 01:01,66.46,66.48,66.45,66.45,4
2026-09-22 01:02,66.47,66.475,66.46,66.465,5
2026-09-22 01:03,66.495,66.505,66.495,66.505,2
2026-09-22 01:04,66.495,66.51,66.495,66.505,8
2026-09-22 01:05,66.51,66.52,66.48,66.51,30
2026-09-22 01:06,66.525,66.54,66.505,66.505,15
2026-09-22 01:07,66.585,66.585,66.54,66.54,10
2026-09-22 01:08,66.58,66.595,66.58,66.59,8
2026-09-22 01:09,66.585,66.585,66.575,66.575,2
2026-09-22 01:10,66.555,66.57,66.55,66.57,8
2026-09-22 01:11,66.56,66.57,66.56,66.57,4
2026-09-22 01:12,66.585,66.585,66.575,66.575,6
2026-09-22 01:13,66.58,66.58,66.57,66.57,15
2026-09-22 01:14,66.59,66.595,66.59,66.595,3
2026-09-22 01:15,66.58,66.6,66.58,66.595,7
2026-09-22 01:16,66.595,66.595,66.59,66.59,4
2026-09-22 01:17,66.56,66.565,66.56,66.565,4
2026-09-22 01:18,66.53,66.53,66.53,66.53,1
2026-09-22 01:19,66.455,66.505,66.45,66.505,10
2026-09-22 01:20,66.44,66.44,66.43,66.435,12
2026-09-22 01:21,66.425,66.425,66.37,66.415,17
2026-09-22 01:22,66.385,66.395,66.375,66.38,16
2026-09-22 01:23,66.34,66.385,66.29,66.385,127
2026-09-22 01:24,66.23,66.345,66.21,66.345,101
2026-09-22 01:25,66.225,66.27,66.215,66.23,52
2026-09-22 01:26,66.105,66.21,65.915,66.21,454
2026-09-22 01:27,66.105,66.125,66.055,66.105,84
2026-09-22 01:28,66.15,66.15,66.09,66.105,25
2026-09-22 01:29,66.125,66.16,66.12,66.15,14
2026-09-22 01:30,65.805,66.16,65.75,66.1,467
2026-09-22 01:31,65.765,65.83,65.76,65.795,107
2026-09-22 01:32,65.875,65.88,65.765,65.77,113
2026-09-22 01:33,65.97,65.98,65.795,65.85,75
2026-09-22 01:34,65.885,66.015,65.885,65.98,54
2026-09-22 01:35,65.64,65.89,65.595,65.88,347
2026-09-22 01:36,65.69,65.715,65.56,65.65,146
2026-09-22 01:37,65.67,65.73,65.67,65.685,58
2026-09-22 01:38,65.63,65.66,65.545,65.66,103
2026-09-22 01:39,65.76,65.785,65.62,65.625,88
2026-09-22 01:40,65.8,65.825,65.75,65.76,62
2026-09-22 01:41,65.815,65.845,65.78,65.79,44
2026-09-22 01:42,65.865,65.865,65.82,65.825,68
2026-09-22 01:43,65.84,65.875,65.815,65.875,24
2026-09-22 01:44,65.805,65.835,65.79,65.825,18
2026-09-22 01:45,65.87,65.905,65.79,65.81,46
2026-09-22 01:46,65.95,65.95,65.845,65.87,60
2026-09-22 01:47,65.99,66.005,65.96,65.96,149
2026-09-22 01:48,66.035,66.065,65.975,65.995,82
2026-09-22 01:49,66.11,66.125,66.045,66.045,120
2026-09-22 01:50,66.14,66.16,66.105,66.11,69
2026-09-22 01:51,66.18,66.18,66.11,66.125,66
2026-09-22 01:52,66.145,66.185,66.145,66.185,40
2026-09-22 01:53,66.07,66.155,66.065,66.15,34
2026-09-22 01:54,66.05,66.07,66.035,66.07,12
2026-09-22 01:55,66.055,66.085,66.04,66.04,17
2026-09-22 01:56,66.015,66.04,66.01,66.04,11
2026-09-22 01:57,65.99,66.015,65.965,66.005,82
2026-09-22 01:58,66.015,66.025,65.985,65.99,33
2026-09-22 01:59,66.02,66.03,65.99,66.03,24
2026-09-22 02:00,66.055,66.06,65.99,66.02,71
2026-09-22 02:01,66.025,66.06,66.025,66.06,35
2026-09-22 02:02,66.045,66.045,66.0,66.005,21
2026-09-22 02:03,66.035,66.085,66.035,66.05,40
2026-09-22 02:04,65.935,66.065,65.93,66.04,38
2026-09-22 02:05,65.93,65.945,65.895,65.945,43
2026-09-22 02:06,65.92,65.945,65.9,65.925,19
2026-09-22 02:07,65.84,65.92,65.84,65.92,12
2026-09-22 02:08,65.86,65.885,65.825,65.835,40
2026-09-22 02:09,65.875,65.875,65.85,65.855,7
2026-09-22 02:10,65.89,65.915,65.875,65.9,22
2026-09-22 02:11,65.78,65.9,65.78,65.895,134
2026-09-22 02:12,65.82,65.825,65.78,65.785,24
2026-09-22 02:13,65.855,65.885,65.81,65.815,28
2026-09-22 02:14,65.845,65.88,65.835,65.875,21
2026-09-22 02:15,65.84,65.85,65.815,65.835,46
2026-09-22 02:16,65.82,65.845,65.82,65.84,20
2026-09-22 02:17,65.825,65.835,65.8,65.815,42
2026-09-22 02:18,65.83,65.845,65.815,65.83,15
2026-09-22 02:19,65.775,65.835,65.775,65.83,41
2026-09-22 02:20,65.76,65.785,65.745,65.785,30
2026-09-22 02:21,65.785,65.795,65.765,65.78,15
2026-09-22 02:22,65.79,65.815,65.79,65.805,26
2026-09-22 02:23,65.8,65.81,65.77,65.8,66
2026-09-22 02:24,65.78,65.82,65.755,65.8,31
2026-09-22 02:25,65.78,65.795,65.74,65.76,41
2026-09-22 02:26,65.79,65.825,65.76,65.79,55
2026-09-22 02:27,65.78,65.795,65.765,65.79,20
2026-09-22 02:28,65.755,65.785,65.745,65.77,17
2026-09-22 02:29,65.765,65.765,65.73,65.73,12
2026-09-22 02:30,65.785,65.785,65.74,65.745,32
2026-09-22 02:31,65.775,65.78,65.74,65.78,31
2026-09-22 02:32,65.8,65.81,65.74,65.75,32
2026-09-22 02:33,65.77,65.825,65.77,65.8,13
2026-09-22 02:34,65.775,65.78,65.77,65.78,9
2026-09-22 02:35,65.8,65.8,65.78,65.78,8
2026-09-22 02:36,65.82,65.82,65.79,65.81,15
2026-09-22 02:37,65.845,65.845,65.81,65.825,21
2026-09-22 02:38,65.83,65.835,65.83,65.835,6
2026-09-22 02:39,65.715,65.84,65.71,65.835,33
2026-09-22 02:40,65.775,65.78,65.715,65.725,27
2026-09-22 02:41,65.795,65.8,65.76,65.76,18
2026-09-22 02:42,65.79,65.8,65.775,65.795,25
2026-09-22 02:43,65.785,65.795,65.77,65.77,15
2026-09-22 02:44,65.825,65.84,65.785,65.785,13
2026-09-22 02:45,65.795,65.825,65.795,65.825,6
2026-09-22 02:46,65.795,65.82,65.795,65.805,8
2026-09-22 02:47,65.77,65.79,65.755,65.79,6
2026-09-22 02:48,65.795,65.82,65.765,65.765,20
2026-09-22 02:49,65.795,65.805,65.78,65.78,18
2026-09-22 02:50,65.765,65.785,65.76,65.77,16
2026-09-22 02:51,65.775,65.795,65.765,65.765,10
2026-09-22 02:52,65.76,65.78,65.755,65.78,23
2026-09-22 02:53,65.74,65.77,65.725,65.765,30
2026-09-22 02:54,65.705,65.735,65.705,65.73,13
2026-09-22 02:55,65.64,65.71,65.635,65.7,46
2026-09-22 02:56,65.685,65.7,65.63,65.63,49
2026-09-22 02:57,65.71,65.71,65.675,65.675,25
2026-09-22 02:58,65.745,65.75,65.725,65.725,24
2026-09-22 02:59,65.75,65.76,65.73,65.73,16
2026-09-22 03:00,65.71,65.75,65.69,65.715,51
2026-09-22 03:01,65.785,65.8,65.73,65.73,29
2026-09-22 03:02,65.835,65.845,65.79,65.79,19
2026-09-22 03:03,65.795,65.835,65.795,65.81,20
2026-09-22 03:04,65.79,65.82,65.79,65.79,17
2026-09-22 03:05,65.765,65.8,65.75,65.785,22
2026-09-22 03:06,65.73,65.755,65.71,65.755,28
2026-09-22 03:07,65.745,65.745,65.715,65.72,6
2026-09-22 03:08,65.73,65.745,65.72,65.745,10
2026-09-22 03:09,65.785,65.785,65.71,65.71,11
2026-09-22 03:10,65.8,65.805,65.71,65.77,39
2026-09-22 03:11,65.8,65.815,65.79,65.81,11
2026-09-22 03:12,65.805,65.815,65.805,65.815,8
2026-09-22 03:13,65.77,65.82,65.77,65.82,9
2026-09-22 03:14,65.775,65.78,65.73,65.77,13
2026-09-22 03:15,65.78,65.78,65.775,65.775,3
2026-09-22 03:16,65.82,65.83,65.8,65.81,15
2026-09-22 03:17,65.845,65.845,65.82,65.825,10
2026-09-22 03:18,65.85,65.86,65.835,65.835,21
2026-09-22 03:19,65.78,65.86,65.78,65.85,42
2026-09-22 03:20,65.76,65.795,65.755,65.775,22
2026-09-22 03:21,65.77,65.775,65.76,65.77,9
2026-09-22 03:22,65.79,65.79,65.745,65.765,21
2026-09-22 03:23,65.775,65.795,65.75,65.79,10
2026-09-22 03:24,65.775,65.78,65.765,65.77,10
2026-09-22 03:25,65.74,65.76,65.725,65.76,17
2026-09-22 03:26,65.72,65.745,65.695,65.735,15
2026-09-22 03:27,65.71,65.72,65.71,65.72,5
2026-09-22 03:28,65.67,65.715,65.67,65.715,20
2026-09-22 03:29,65.615,65.67,65.595,65.67,60
2026-09-22 03:30,65.575,65.605,65.555,65.595,80
2026-09-22 03:31,65.61,65.625,65.52,65.58,121
2026-09-22 03:32,65.47,65.605,65.43,65.605,190
2026-09-22 03:33,65.45,65.475,65.44,65.465,42
2026-09-22 03:34,65.48,65.495,65.425,65.45,37
2026-09-22 03:35,65.515,65.55,65.46,65.475,36
2026-09-22 03:36,65.55,65.565,65.505,65.505,25
2026-09-22 03:37,65.505,65.555,65.485,65.555,56
2026-09-22 03:38,65.53,65.54,65.51,65.51,18
2026-09-22 03:39,65.54,65.555,65.505,65.515,45
2026-09-22 03:40,65.545,65.55,65.52,65.53,22
2026-09-22 03:41,65.555,65.575,65.55,65.56,7
2026-09-22 03:42,65.54,65.54,65.52,65.54,11
2026-09-22 03:43,65.51,65.54,65.51,65.515,14
2026-09-22 03:44,65.54,65.54,65.505,65.52,12
2026-09-22 03:45,65.595,65.6,65.535,65.54,28
2026-09-22 03:46,65.695,65.7,65.595,65.595,32
2026-09-22 03:47,65.675,65.7,65.675,65.695,24
2026-09-22 03:48,65.62,65.66,65.615,65.66,11
2026-09-22 03:49,65.585,65.66,65.585,65.635,11
2026-09-22 03:50,65.53,65.57,65.52,65.565,22
2026-09-22 03:51,65.465,65.53,65.465,65.525,29
2026-09-22 03:52,65.485,65.5,65.47,65.48,30
2026-09-22 03:53,65.45,65.5,65.45,65.495,11
2026-09-22 03:54,65.45,65.49,65.445,65.445,18
2026-09-22 03:55,65.475,65.485,65.46,65.475,14
2026-09-22 03:56,65.455,65.515,65.455,65.46,13
2026-09-22 03:57,65.42,65.455,65.415,65.45,27
2026-09-22 03:58,65.425,65.445,65.41,65.415,28
2026-09-22 03:59,65.43,65.47,65.405,65.425,20
2026-09-22 04:00,65.38,65.45,65.365,65.425,125
2026-09-22 04:01,65.47,65.475,65.365,65.385,62
2026-09-22 04:02,65.46,65.485,65.455,65.47,33
2026-09-22 04:03,65.415,65.45,65.405,65.445,16
2026-09-22 04:04,65.45,65.45,65.395,65.42,11
2026-09-22 04:05,65.495,65.495,65.435,65.435,17
2026-09-22 04:06,65.45,65.48,65.45,65.475,32
2026-09-22 04:07,65.495,65.495,65.415,65.455,18
2026-09-22 04:08,65.52,65.565,65.5,65.505,42
2026-09-22 04:09,65.535,65.545,65.5,65.535,34
2026-09-22 04:10,65.52,65.54,65.515,65.54,17
2026-09-22 04:11,65.505,65.53,65.49,65.53,21
2026-09-22 04:12,65.52,65.545,65.52,65.545,5
2026-09-22 04:13,65.48,65.53,65.465,65.525,20
2026-09-22 04:14,65.435,65.485,65.42,65.48,21
2026-09-22 04:15,65.375,65.415,65.365,65.415,46
2026-09-22 04:16,65.37,65.38,65.35,65.38,31
2026-09-22 04:17,65.33,65.38,65.31,65.38,73
2026-09-22 04:18,65.33,65.345,65.315,65.33,23
2026-09-22 04:19,65.35,65.365,65.33,65.335,28
2026-09-22 04:20,65.315,65.36,65.3,65.36,46
2026-09-22 04:21,65.37,65.375,65.325,65.325,7
2026-09-22 04:22,65.34,65.345,65.325,65.345,11
2026-09-22 04:23,65.3,65.32,65.27,65.32,40
2026-09-22 04:24,65.335,65.42,65.325,65.33,175
2026-09-22 04:25,65.195,65.425,65.195,65.32,276
2026-09-22 04:26,65.27,65.27,65.2,65.2,48
2026-09-22 04:27,65.26,65.285,65.235,65.28,63
2026-09-22 04:28,65.205,65.255,65.165,65.25,68
2026-09-22 04:29,65.25,65.26,65.16,65.195,64
2026-09-22 04:30,65.185,65.24,65.165,65.24,44
2026-09-22 04:31,65.165,65.185,65.105,65.15,152
2026-09-22 04:32,65.16,65.25,65.115,65.16,147
2026-09-22 04:33,65.075,65.16,65.04,65.155,146
2026-09-22 04:34,65.16,65.165,65.08,65.085,28
2026-09-22 04:35,65.21,65.23,65.16,65.16,72
2026-09-22 04:36,65.335,65.335,65.19,65.22,56
2026-09-22 04:37,65.325,65.375,65.325,65.335,33
2026-09-22 04:38,65.4,65.45,65.335,65.34,68
2026-09-22 04:39,65.525,65.54,65.415,65.415,105
2026-09-22 04:40,65.535,65.535,65.465,65.49,47
2026-09-22 04:41,65.635,65.645,65.51,65.52,117
2026-09-22 04:42,65.705,65.73,65.625,65.625,25
2026-09-22 04:43,65.7,65.725,65.655,65.695,56
2026-09-22 04:44,65.725,65.74,65.665,65.71,49
2026-09-22 04:45,65.63,65.745,65.63,65.745,65
2026-09-22 04:46,65.69,65.7,65.645,65.66,28
2026-09-22 04:47,65.755,65.785,65.71,65.71,42
2026-09-22 04:48,65.77,65.805,65.74,65.745,24
2026-09-22 04:49,65.885,65.885,65.76,65.76,30
2026-09-22 04:50,65.945,65.945,65.86,65.875,72
2026-09-22 04:51,65.95,65.975,65.895,65.935,52
2026-09-22 04:52,66.01,66.04,65.965,65.965,85
2026-09-22 04:53,66.045,66.08,66.0,66.015,87
2026-09-22 04:54,65.99,66.065,65.975,66.03,64
2026-09-22 04:55,66.015,66.045,65.97,66.005,72
2026-09-22 04:56,66.095,66.13,66.0,66.035,93
2026-09-22 04:57,66.075,66.115,66.075,66.08,28
2026-09-22 04:58,66.02,66.075,65.97,66.075,81
2026-09-22 04:59,66.06,66.08,66.03,66.03,20
2026-09-22 05:00,66.025,66.075,66.005,66.03,28
2026-09-22 05:01,65.955,66.05,65.955,66.025,49
2026-09-22 05:02,65.92,66.055,65.92,65.965,73
2026-09-22 05:03,65.875,65.92,65.86,65.92,29
2026-09-22 05:04,65.735,65.855,65.735,65.855,51
2026-09-22 05:05,65.705,65.74,65.7,65.72,36
2026-09-22 05:06,65.765,65.765,65.69,65.715,49
2026-09-22 05:07,65.72,65.755,65.71,65.75,24
2026-09-22 05:08,65.75,65.79,65.74,65.74,23
2026-09-22 05:09,65.775,65.83,65.725,65.74,55
2026-09-22 05:10,65.74,65.74,65.695,65.74,32
2026-09-22 05:11,65.785,65.85,65.72,65.745,91
2026-09-22 05:12,65.67,65.75,65.67,65.745,28
2026-09-22 05:13,65.74,65.74,65.665,65.675,17
2026-09-22 05:14,65.725,65.725,65.67,65.725,20
2026-09-22 05:15,65.81,65.815,65.72,65.72,99
2026-09-22 05:16,65.76,65.78,65.725,65.78,34
2026-09-22 05:17,65.79,65.79,65.74,65.74,27
2026-09-22 05:18,65.735,65.785,65.725,65.785,45
2026-09-22 05:19,65.715,65.74,65.715,65.735,8
2026-09-22 05:20,65.745,65.745,65.695,65.705,19
2026-09-22 05:21,65.74,65.755,65.74,65.745,6
2026-09-22 05:22,65.745,65.75,65.71,65.715,19
2026-09-22 05:23,65.705,65.74,65.695,65.74,9
2026-09-22 05:24,65.745,65.775,65.745,65.75,12
2026-09-22 05:25,65.7,65.735,65.7,65.735,13
2026-09-22 05:26,65.685,65.71,65.685,65.695,15
2026-09-22 05:27,65.7,65.72,65.69,65.695,12
2026-09-22 05:28,65.69,65.69,65.69,65.69,2
2026-09-22 05:29,65.73,65.73,65.7,65.7,5
2026-09-22 05:30,65.755,65.765,65.71,65.72,29
2026-09-22 05:31,65.77,65.77,65.745,65.745,11
2026-09-22 05:32,65.77,65.81,65.765,65.785,30
2026-09-22 05:33,65.72,65.78,65.665,65.76,104
2026-09-22 05:34,65.76,65.76,65.725,65.725,8
2026-09-22 05:35,65.74,65.75,65.72,65.75,8
2026-09-22 05:36,65.745,65.75,65.705,65.735,22
2026-09-22 05:37,65.76,65.76,65.76,65.76,1
2026-09-22 05:38,65.76,65.79,65.76,65.78,17
2026-09-22 05:39,65.745,65.76,65.74,65.76,6
2026-09-22 05:40,65.73,65.765,65.73,65.75,15
2026-09-22 05:41,65.77,65.82,65.73,65.73,46
2026-09-22 05:42,65.76,65.76,65.73,65.755,8
2026-09-22 05:43,65.795,65.825,65.77,65.775,27
2026-09-22 05:44,65.805,65.815,65.78,65.8,23
2026-09-22 05:45,65.81,65.84,65.81,65.84,4
2026-09-22 05:46,65.845,65.86,65.815,65.815,83
2026-09-22 05:47,65.87,65.945,65.855,65.855,36
2026-09-22 05:48,65.82,65.9,65.82,65.89,35
2026-09-22 05:49,65.875,65.885,65.815,65.815,55
2026-09-22 05:50,65.87,65.9,65.87,65.87,14
2026-09-22 05:51,65.895,65.92,65.86,65.865,28
2026-09-22 05:52,66.0,66.065,65.835,65.9,237
2026-09-22 05:53,66.165,66.185,65.98,66.005,173
2026-09-22 05:54,66.18,66.18,66.06,66.155,76
2026-09-22 05:55,66.005,66.15,66.005,66.145,64
2026-09-22 05:56,66.145,66.25,65.97,65.975,253
2026-09-22 05:57,66.015,66.105,65.985,66.105,64
2026-09-22 05:58,66.185,66.185,66.05,66.06,53
2026-09-22 05:59,66.175,66.195,66.13,66.18,48
2026-09-22 06:00,66.145,66.16,66.1,66.16,41
2026-09-22 06:01,66.06,66.195,66.06,66.135,54
2026-09-22 06:02,66.11,66.11,66.045,66.075,13
2026-09-22 06:03,66.15,66.155,66.11,66.115,39
2026-09-22 06:04,66.14,66.165,66.13,66.16,17
2026-09-22 06:05,66.125,66.14,66.1,66.135,21
2026-09-22 06:06,66.13,66.145,66.115,66.12,25
2026-09-22 06:07,66.09,66.19,66.08,66.145,69
2026-09-22 06:08,66.085,66.11,66.08,66.11,9
2026-09-22 06:09,66.08,66.13,66.075,66.105,28
2026-09-22 06:10,66.1,66.1,66.075,66.1,9
2026-09-22 06:11,66.06,66.115,66.045,66.11,26
2026-09-22 06:12,66.055,66.08,66.045,66.08,10
2026-09-22 06:13,65.975,66.045,65.965,66.045,46
2026-09-22 06:14,66.0,66.035,66.0,66.0,18
2026-09-22 06:15,66.025,66.045,66.005,66.025,10
2026-09-22 06:16,66.055,66.055,66.025,66.025,19
2026-09-22 06:17,66.065,66.07,66.05,66.06,13
2026-09-22 06:18,66.085,66.105,66.05,66.065,82
2026-09-22 06:19,66.065,66.08,66.05,66.06,8
2026-09-22 06:20,66.07,66.095,66.055,66.095,8
2026-09-22 06:21,66.07,66.07,66.07,66.07,2
2026-09-22 06:22,66.09,66.095,66.07,66.08,6
2026-09-22 06:23,66.075,66.1,66.075,66.09,5
2026-09-22 06:24,66.07,66.09,66.07,66.085,8
2026-09-22 06:25,66.07,66.08,66.065,66.065,4
2026-09-22 06:26,66.065,66.095,66.065,66.085,11
2026-09-22 06:27,66.075,66.085,66.07,66.08,19
2026-09-22 06:28,66.075,66.075,66.045,66.07,9
2026-09-22 06:29,66.04,66.08,66.04,66.065,8
2026-09-22 06:30,66.095,66.11,66.05,66.05,29
2026-09-22 06:31,66.095,66.095,66.06,66.09,22
2026-09-22 06:32,66.07,66.07,66.05,66.05,5
2026-09-22 06:33,66.065,66.065,66.06,66.06,3
2026-09-22 06:34,66.05,66.05,66.05,66.05,2
2026-09-22 06:35,66.045,66.045,66.04,66.04,2
2026-09-22 06:36,66.085,66.085,66.045,66.045,3
2026-09-22 06:37,66.105,66.105,66.065,66.065,5
2026-09-22 06:38,66.1,66.13,66.09,66.11,23
2026-09-22 06:39,66.1,66.1,66.09,66.1,6
2026-09-22 06:40,66.09,66.09,66.085,66.085,2
2026-09-22 06:41,66.14,66.15,66.11,66.11,15
2026-09-22 06:42,66.15,66.18,66.15,66.15,38
2026-09-22 06:43,66.185,66.185,66.15,66.175,13
2026-09-22 06:44,66.14,66.195,66.14,66.185,8
2026-09-22 06:45,66.14,66.15,66.14,66.14,6
2026-09-22 06:46,66.105,66.135,66.1,66.135,10
2026-09-22 06:47,66.13,66.13,66.09,66.09,3
2026-09-22 06:48,66.12,66.15,66.1,66.15,7
2026-09-22 06:49,66.17,66.175,66.135,66.135,19
2026-09-22 06:50,66.2,66.21,66.15,66.15,15
2026-09-22 06:51,66.21,66.225,66.18,66.205,18
2026-09-22 06:52,66.2,66.225,66.185,66.2,22
2026-09-22 06:53,66.23,66.235,66.2,66.2,16
2026-09-22 06:54,66.235,66.24,66.2,66.225,61
2026-09-22 06:55,66.215,66.26,66.21,66.245,42
2026-09-22 06:56,66.22,66.225,66.18,66.205,33
2026-09-22 06:57,66.185,66.2,66.18,66.2,28
2026-09-22 06:58,66.195,66.2,66.17,66.2,17
2026-09-22 06:59,66.09,66.185,66.09,66.185,35
2026-09-22 07:00,66.095,66.13,66.06,66.095,106
2026-09-22 07:01,66.045,66.13,66.045,66.115,54
2026-09-22 07:02,66.085,66.1,66.05,66.05,31
2026-09-22 07:03,66.02,66.07,65.995,66.07,44
2026-09-22 07:04,66.045,66.045,66.01,66.015,17
2026-09-22 07:05,66.03,66.045,66.03,66.04,9
2026-09-22 07:06,66.035,66.065,66.025,66.025,14
2026-09-22 07:07,66.07,66.075,66.045,66.055,14
2026-09-22 07:08,66.04,66.085,66.02,66.065,48
2026-09-22 07:09,65.955,66.095,65.925,66.05,326
2026-09-22 07:10,66.015,66.015,65.905,65.965,105
2026-09-22 07:11,65.965,66.005,65.895,66.005,25
2026-09-22 07:12,65.935,66.015,65.925,65.975,77
2026-09-22 07:13,65.94,65.98,65.93,65.965,21
2026-09-22 07:14,66.02,66.025,65.97,65.97,21
2026-09-22 07:15,66.025,66.05,66.025,66.03,23
2026-09-22 07:16,66.05,66.05,66.025,66.03,25
2026-09-22 07:17,66.01,66.07,66.01,66.07,9
2026-09-22 07:18,65.965,66.01,65.965,66.01,13
2026-09-22 07:19,65.93,65.98,65.915,65.98,14
2026-09-22 07:20,65.955,65.955,65.945,65.95,7
2026-09-22 07:21,65.99,65.99,65.955,65.955,6
2026-09-22 07:22,65.965,65.965,65.94,65.945,13
2026-09-22 07:23,65.955,65.98,65.955,65.97,7
2026-09-22 07:24,65.99,66.0,65.97,65.985,27
2026-09-22 07:25,65.955,65.96,65.94,65.96,26
2026-09-22 07:26,65.985,66.015,65.96,65.96,64
2026-09-22 07:27,65.97,65.97,65.97,65.97,6
2026-09-22 07:28,65.94,65.97,65.93,65.97,8
2026-09-22 07:29,65.98,65.98,65.935,65.95,6
2026-09-22 07:30,65.97,66.01,65.97,65.99,21
2026-09-22 07:31,65.97,66.02,65.95,65.95,77
2026-09-22 07:32,65.98,65.985,65.98,65.98,3
2026-09-22 07:33,65.9,65.97,65.89,65.97,12
2026-09-22 07:34,65.87,65.905,65.86,65.9,23
2026-09-22 07:35,65.895,65.895,65.845,65.86,31
2026-09-22 07:36,65.93,65.93,65.91,65.91,15
2026-09-22 07:37,65.91,65.91,65.91,65.91,2
2026-09-22 07:38,65.92,65.92,65.895,65.9,12
2026-09-22 07:39,65.97,65.985,65.935,65.935,24
2026-09-22 07:40,65.98,65.99,65.98,65.98,9
2026-09-22 07:41,66.05,66.06,65.985,65.985,32
2026-09-22 07:42,66.015,66.045,66.015,66.045,16
2026-09-22 07:43,66.04,66.05,66.015,66.015,12
2026-09-22 07:44,65.965,66.025,65.945,66.025,48
2026-09-22 07:45,66.04,66.075,65.945,65.99,103
2026-09-22 07:46,65.96,66.01,65.96,66.01,10
2026-09-22 07:47,65.98,65.98,65.97,65.975,6
2026-09-22 07:48,65.99,66.015,65.975,65.985,46
2026-09-22 07:49,65.995,66.01,65.99,66.005,11
2026-09-22 07:50,65.995,66.01,65.99,65.99,4
2026-09-22 07:51,65.99,65.995,65.985,65.99,5
2026-09-22 07:52,66.025,66.025,65.98,65.98,4
2026-09-22 07:53,66.01,66.05,66.01,66.02,13
2026-09-22 07:54,66.0,66.045,66.0,66.035,18
2026-09-22 07:55,66.1,66.125,66.045,66.045,70
2026-09-22 07:56,66.11,66.11,66.06,66.095,32
2026-09-22 07:57,66.125,66.14,66.105,66.11,18
2026-09-22 07:58,66.085,66.13,66.08,66.12,20
2026-09-22 07:59,66.09,66.105,66.08,66.08,14
2026-09-22 08:00,66.12,66.135,66.095,66.1,35
2026-09-22 08:01,66.155,66.155,66.11,66.135,15
2026-09-22 08:02,66.19,66.22,66.135,66.15,123
2026-09-22 08:03,66.205,66.22,66.19,66.2,21
2026-09-22 08:04,66.22,66.225,66.21,66.21,17
2026-09-22 08:05,66.2,66.22,66.2,66.22,23
2026-09-22 08:06,66.15,66.18,66.13,66.18,45
2026-09-22 08:07,66.15,66.16,66.15,66.16,4
2026-09-22 08:08,66.14,66.18,66.135,66.155,23
2026-09-22 08:09,66.11,66.165,66.07,66.165,42
2026-09-22 08:10,66.12,66.135,66.1,66.1,20
2026-09-22 08:11,66.095,66.12,66.065,66.11,62
2026-09-22 08:12,66.1,66.105,66.095,66.105,6
2026-09-22 08:13,66.095,66.095,66.08,66.09,6
2026-09-22 08:14,66.085,66.095,66.07,66.095,8
2026-09-22 08:15,66.075,66.075,66.035,66.065,26
2026-09-22 08:16,66.05,66.115,66.05,66.085,29
2026-09-22 08:17,66.045,66.045,66.0,66.03,24
2026-09-22 08:18,66.055,66.07,66.055,66.055,28
2026-09-22 08:19,66.1,66.105,66.065,66.065,19
2026-09-22 08:20,66.275,66.285,66.1,66.1,87
2026-09-22 08:21,66.35,66.35,66.26,66.28,65
2026-09-22 08:22,66.38,66.41,66.345,66.345,80
2026-09-22 08:23,66.395,66.41,66.36,66.38,57
2026-09-22 08:24,66.37,66.47,66.37,66.41,38
2026-09-22 08:25,66.28,66.41,66.28,66.38,109
2026-09-22 08:26,66.135,66.285,66.13,66.285,53
2026-09-22 08:27,66.165,66.165,66.115,66.14,63
2026-09-22 08:28,66.17,66.185,66.165,66.165,25
2026-09-22 08:29,66.205,66.205,66.16,66.185,31
2026-09-22 08:30,66.315,66.315,66.185,66.205,65
2026-09-22 08:31,66.415,66.42,66.325,66.325,59
2026-09-22 08:32,66.375,66.435,66.37,66.405,74
2026-09-22 08:33,66.44,66.44,66.375,66.39,41
2026-09-22 08:34,66.41,66.44,66.4,66.43,29
2026-09-22 08:35,66.425,66.45,66.39,66.42,40
2026-09-22 08:36,66.39,66.47,66.385,66.425,63
2026-09-22 08:37,66.34,66.375,66.315,66.37,36
2026-09-22 08:38,66.33,66.365,66.33,66.35,32
2026-09-22 08:39,66.34,66.35,66.325,66.325,12
2026-09-22 08:40,66.365,66.375,66.315,66.34,30
2026-09-22 08:41,66.4,66.4,66.37,66.375,22
2026-09-22 08:42,66.39,66.43,66.37,66.41,34
2026-09-22 08:43,66.39,66.415,66.36,66.395,19
2026-09-22 08:44,66.295,66.39,66.295,66.38,29
2026-09-22 08:45,66.365,66.37,66.295,66.295,37
2026-09-22 08:46,66.37,66.395,66.325,66.385,17
2026-09-22 08:47,66.375,66.41,66.35,66.355,31
2026-09-22 08:48,66.405,66.42,66.37,66.385,31
2026-09-22 08:49,66.36,66.39,66.36,66.375,13
2026-09-22 08:50,66.385,66.42,66.35,66.36,52
2026-09-22 08:51,66.335,66.375,66.335,66.375,22
2026-09-22 08:52,66.33,66.355,66.31,66.345,24
2026-09-22 08:53,66.325,66.365,66.325,66.345,15
2026-09-22 08:54,66.405,66.405,66.355,66.355,9
2026-09-22 08:55,66.4,66.435,66.4,66.4,22
2026-09-22 08:56,66.38,66.415,66.38,66.41,42
2026-09-22 08:57,66.43,66.45,66.385,66.385,21
2026-09-22 08:58,66.41,66.44,66.4,66.435,39
2026-09-22 08:59,66.345,66.395,66.29,66.395,184
2026-09-22 09:00,66.32,66.38,66.285,66.345,336
2026-09-22 09:01,66.36,66.4,66.28,66.335,93
2026-09-22 09:02,66.445,66.46,66.37,66.38,105
2026-09-22 09:03,66.355,66.44,66.355,66.44,65
2026-09-22 09:04,66.34,66.4,66.33,66.36,38
2026-09-22 09:05,66.31,66.38,66.29,66.365,55
2026-09-22 09:06,66.31,66.365,66.255,66.31,153
2026-09-22 09:07,66.355,66.385,66.285,66.3,33
2026-09-22 09:08,66.405,66.45,66.33,66.365,91
2026-09-22 09:09,66.425,66.47,66.375,66.405,78
2026-09-22 09:10,66.505,66.505,66.395,66.455,85
2026-09-22 09:11,66.44,66.51,66.435,66.5,131
2026-09-22 09:12,66.485,66.49,66.425,66.45,46
2026-09-22 09:13,66.475,66.5,66.455,66.48,23
2026-09-22 09:14,66.49,66.52,66.465,66.49,42
2026-09-22 09:15,66.46,66.52,66.46,66.485,81
2026-09-22 09:16,66.475,66.495,66.455,66.465,27
2026-09-22 09:17,66.43,66.495,66.43,66.495,42
2026-09-22 09:18,66.465,66.47,66.435,66.445,29
2026-09-22 09:19,66.44,66.49,66.44,66.47,55
2026-09-22 09:20,66.5,66.51,66.445,66.445,58
2026-09-22 09:21,66.415,66.5,66.4,66.495,63
2026-09-22 09:22,66.44,66.45,66.395,66.415,77
2026-09-22 09:23,66.28,66.44,66.28,66.44,53
2026-09-22 09:24,66.275,66.3,66.25,66.28,67
2026-09-22 09:25,66.29,66.3,66.27,66.275,49
2026-09-22 09:26,66.29,66.305,66.27,66.29,20
2026-09-22 09:27,66.21,66.28,66.18,66.275,93
2026-09-22 09:28,66.19,66.21,66.16,66.205,41
2026-09-22 09:29,66.195,66.22,66.14,66.185,42
2026-09-22 09:30,66.22,66.225,66.165,66.19,76
2026-09-22 09:31,66.18,66.21,66.15,66.205,51
2026-09-22 09:32,66.205,66.215,66.145,66.19,81
2026-09-22 09:33,66.24,66.265,66.14,66.205,70
2026-09-22 09:34,66.255,66.285,66.24,66.25,45
2026-09-22 09:35,66.255,66.29,66.245,66.27,52
2026-09-22 09:36,66.26,66.31,66.22,66.25,29
2026-09-22 09:37,66.215,66.295,66.195,66.285,44
2026-09-22 09:38,66.3,66.3,66.215,66.22,31
2026-09-22 09:39,66.26,66.35,66.26,66.3,74
2026-09-22 09:40,66.175,66.23,66.165,66.23,83
2026-09-22 09:41,66.19,66.27,66.165,66.185,147
2026-09-22 09:42,66.4,66.4,66.18,66.21,82
2026-09-22 09:43,66.48,66.505,66.4,66.4,126
2026-09-22 09:44,66.455,66.52,66.45,66.485,81
2026-09-22 09:45,66.41,66.5,66.41,66.46,70
2026-09-22 09:46,66.425,66.425,66.37,66.425,45
2026-09-22 09:47,66.39,66.425,66.375,66.415,37
2026-09-22 09:48,66.48,66.495,66.39,66.395,137
2026-09-22 09:49,66.49,66.515,66.455,66.475,80
2026-09-22 09:50,66.5,66.505,66.46,66.48,34
2026-09-22 09:51,66.555,66.56,66.485,66.51,140
2026-09-22 09:52,66.56,66.59,66.55,66.555,156
2026-09-22 09:53,66.515,66.545,66.49,66.545,33
2026-09-22 09:54,66.4,66.515,66.4,66.49,47
2026-09-22 09:55,66.375,66.415,66.32,66.395,54
2026-09-22 09:56,66.355,66.39,66.345,66.365,36
2026-09-22 09:57,66.475,66.495,66.405,66.405,53
2026-09-22 09:58,66.41,66.5,66.41,66.48,38
2026-09-22 09:59,66.38,66.41,66.375,66.41,60
2026-09-22 10:00,66.36,66.42,66.36,66.375,69
2026-09-22 10:01,66.39,66.395,66.345,66.355,52
2026-09-22 10:02,66.3,66.4,66.3,66.385,70
2026-09-22 10:03,66.345,66.41,66.315,66.315,56
2026-09-22 10:04,66.29,66.395,66.285,66.35,50
2026-09-22 10:05,66.255,66.295,66.245,66.28,239
2026-09-22 10:06,66.27,66.28,66.235,66.26,51
2026-09-22 10:07,66.275,66.3,66.25,66.27,47
2026-09-22 10:08,66.26,66.28,66.235,66.27,41
2026-09-22 10:09,66.235,66.265,66.235,66.265,44
2026-09-22 10:10,66.285,66.285,66.215,66.23,28
2026-09-22 10:11,66.31,66.32,66.255,66.285,43
2026-09-22 10:12,66.3,66.31,66.24,66.31,16
2026-09-22 10:13,66.375,66.49,66.275,66.285,358
2026-09-22 10:14,66.36,66.39,66.34,66.375,35
2026-09-22 10:15,66.395,66.395,66.335,66.385,27
2026-09-22 10:16,66.285,66.4,66.285,66.4,51
2026-09-22 10:17,66.28,66.29,66.22,66.285,63
2026-09-22 10:18,66.22,66.28,66.175,66.275,82
2026-09-22 10:19,66.24,66.31,66.225,66.225,37
2026-09-22 10:20,66.26,66.28,66.24,66.24,32
2026-09-22 10:21,66.31,66.31,66.22,66.275,75
2026-09-22 10:22,66.27,66.33,66.27,66.315,34
2026-09-22 10:23,66.31,66.32,66.29,66.29,20
2026-09-22 10:24,66.315,66.33,66.28,66.305,18
2026-09-22 10:25,66.27,66.31,66.26,66.31,20
2026-09-22 10:26,66.24,66.275,66.22,66.275,33
2026-09-22 10:27,66.235,66.28,66.235,66.245,78
2026-09-22 10:28,66.185,66.225,66.16,66.225,76
2026-09-22 10:29,66.23,66.24,66.185,66.205,46
2026-09-22 10:30,66.24,66.27,66.215,66.225,54
2026-09-22 10:31,66.27,66.285,66.245,66.26,22
2026-09-22 10:32,66.23,66.275,66.225,66.275,19
2026-09-22 10:33,66.22,66.23,66.205,66.215,23
2026-09-22 10:34,66.175,66.225,66.165,66.225,28
2026-09-22 10:35,66.09,66.165,66.06,66.16,298
2026-09-22 10:36,66.155,66.16,66.08,66.09,72
2026-09-22 10:37,66.255,66.255,66.155,66.155,45
2026-09-22 10:38,66.205,66.265,66.145,66.255,64
2026-09-22 10:39,66.155,66.38,66.145,66.2,315
2026-09-22 10:40,66.09,66.155,66.06,66.155,133
2026-09-22 10:41,66.02,66.105,66.005,66.085,134
2026-09-22 10:42,65.94,66.015,65.915,66.015,139
2026-09-22 10:43,66.015,66.015,65.925,65.93,83
2026-09-22 10:44,66.06,66.115,66.015,66.03,148
2026-09-22 10:45,66.02,66.085,66.015,66.055,95
2026-09-22 10:46,66.085,66.1,66.02,66.03,43
2026-09-22 10:47,66.135,66.18,66.065,66.08,108
2026-09-22 10:48,66.11,66.13,66.09,66.13,33
2026-09-22 10:49,66.135,66.155,66.095,66.11,21
2026-09-22 10:50,66.115,66.165,66.105,66.145,14
2026-09-22 10:51,66.13,66.14,66.105,66.11,34
2026-09-22 10:52,66.11,66.13,66.09,66.125,32
2026-09-22 10:53,66.09,66.115,66.07,66.115,38
2026-09-22 10:54,66.135,66.14,66.095,66.1,29
2026-09-22 10:55,66.15,66.17,66.135,66.135,14
2026-09-22 10:56,66.16,66.2,66.16,66.17,17
2026-09-22 10:57,66.19,66.19,66.15,66.155,13
2026-09-22 10:58,66.185,66.215,66.175,66.185,79
2026-09-22 10:59,66.22,66.23,66.185,66.2,17
2026-09-22 11:00,66.215,66.23,66.175,66.23,29
2026-09-22 11:01,66.21,66.21,66.175,66.21,20
2026-09-22 11:02,66.215,66.23,66.205,66.215,27
2026-09-22 11:03,66.265,66.295,66.22,66.22,72
2026-09-22 11:04,66.27,66.325,66.25,66.26,116
2026-09-22 11:05,66.295,66.295,66.245,66.27,57
2026-09-22 11:06,66.325,66.39,66.275,66.3,169
2026-09-22 11:07,66.385,66.41,66.32,66.32,122
2026-09-22 11:08,66.395,66.41,66.37,66.395,36
2026-09-22 11:09,66.38,66.41,66.37,66.395,45
2026-09-22 11:10,66.39,66.42,66.385,66.39,84
2026-09-22 11:11,66.395,66.4,66.375,66.38,36
2026-09-22 11:12,66.44,66.445,66.38,66.395,77
2026-09-22 11:13,66.475,66.49,66.43,66.435,78
2026-09-22 11:14,66.46,66.535,66.445,66.475,238
2026-09-22 11:15,66.545,66.56,66.475,66.475,153
2026-09-22 11:16,66.59,66.605,66.53,66.54,116
2026-09-22 11:17,66.56,66.595,66.56,66.595,24
2026-09-22 11:18,66.57,66.61,66.55,66.565,83
2026-09-22 11:19,66.56,66.59,66.56,66.57,83
2026-09-22 11:20,66.49,66.55,66.485,66.55,41
2026-09-22 11:21,66.57,66.57,66.495,66.5,54
2026-09-22 11:22,66.515,66.575,66.51,66.565,68
2026-09-22 11:23,66.56,66.56,66.5,66.525,47
2026-09-22 11:24,66.54,66.585,66.54,66.565,58
2026-09-22 11:25,66.51,66.53,66.5,66.53,20
2026-09-22 11:26,66.5,66.52,66.49,66.51,56
2026-09-22 11:27,66.485,66.505,66.47,66.5,50
2026-09-22 11:28,66.475,66.495,66.475,66.49,24
2026-09-22 11:29,66.42,66.475,66.42,66.475,46
2026-09-22 11:30,66.385,66.435,66.385,66.42,41
2026-09-22 11:31,66.325,66.39,66.325,66.38,198
2026-09-22 11:32,66.275,66.32,66.26,66.32,158
2026-09-22 11:33,66.29,66.325,66.245,66.26,40
2026-09-22 11:34,66.31,66.335,66.275,66.28,49
2026-09-22 11:35,66.31,66.325,66.305,66.31,19
2026-09-22 11:36,66.305,66.315,66.295,66.305,45
2026-09-22 11:37,66.26,66.3,66.26,66.3,34
2026-09-22 11:38,66.255,66.255,66.225,66.255,46
2026-09-22 11:39,66.255,66.26,66.25,66.25,54
2026-09-22 11:40,66.255,66.27,66.25,66.26,30
2026-09-22 11:41,66.27,66.27,66.245,66.27,16
2026-09-22 11:42,66.255,66.28,66.245,66.26,22
2026-09-22 11:43,66.22,66.255,66.215,66.245,50
2026-09-22 11:44,66.24,66.24,66.215,66.23,52
2026-09-22 11:45,66.205,66.24,66.19,66.23,56
2026-09-22 11:46,66.2,66.22,66.19,66.19,55
2026-09-22 11:47,66.235,66.245,66.21,66.21,39
2026-09-22 11:48,66.24,66.25,66.235,66.25,12
2026-09-22 11:49,66.23,66.255,66.23,66.25,34
2026-09-22 11:50,66.26,66.265,66.23,66.24,18
2026-09-22 11:51,66.25,66.27,66.245,66.255,26
2026-09-22 11:52,66.255,66.255,66.245,66.245,18
2026-09-22 11:53,66.245,66.25,66.24,66.245,7
2026-09-22 11:54,66.27,66.28,66.24,66.245,38
2026-09-22 11:55,66.265,66.265,66.23,66.25,54
2026-09-22 11:56,66.255,66.265,66.255,66.265,92
2026-09-22 11:57,66.285,66.285,66.255,66.26,20
2026-09-22 11:58,66.27,66.3,66.27,66.29,30
2026-09-22 11:59,66.275,66.28,66.27,66.27,33
2026-09-22 12:00,66.285,66.3,66.265,66.285,23
2026-09-22 12:01,66.195,66.28,66.195,66.28,60
2026-09-22 12:02,66.21,66.22,66.19,66.19,13
2026-09-22 12:03,66.205,66.205,66.19,66.205,9
2026-09-22 12:04,66.2,66.205,66.185,66.195,15
2026-09-22 12:05,66.2,66.2,66.17,66.195,28
2026-09-22 12:06,66.22,66.22,66.19,66.205,23
2026-09-22 12:08,66.23,66.235,66.22,66.225,13
2026-09-22 12:09,66.195,66.235,66.185,66.23,60
2026-09-22 12:10,66.185,66.22,66.185,66.21,43
2026-09-22 12:11,66.195,66.195,66.17,66.185,19
2026-09-22 12:12,66.2,66.215,66.19,66.2,23
2026-09-22 12:13,66.17,66.19,66.16,66.19,22
2026-09-22 12:14,66.195,66.195,66.17,66.17,17
2026-09-22 12:15,66.195,66.2,66.19,66.195,33
2026-09-22 12:16,66.205,66.205,66.19,66.2,29
2026-09-22 12:17,66.205,66.215,66.195,66.21,33
2026-09-22 12:18,66.19,66.21,66.18,66.21,30
2026-09-22 12:19,66.245,66.25,66.195,66.2,26
2026-09-22 12:20,66.245,66.255,66.205,66.255,65
2026-09-22 12:21,66.24,66.255,66.23,66.255,17
2026-09-22 12:22,66.22,66.235,66.22,66.22,8
2026-09-22 12:23,66.2,66.225,66.19,66.21,18
2026-09-22 12:24,66.2,66.2,66.195,66.2,8
2026-09-22 12:25,66.23,66.24,66.215,66.215,15
2026-09-22 12:26,66.225,66.225,66.22,66.225,7
2026-09-22 12:27,66.24,66.24,66.235,66.235,6
2026-09-22 12:28,66.245,66.25,66.235,66.245,29
2026-09-22 12:29,66.26,66.27,66.25,66.255,44
2026-09-22 12:30,66.28,66.295,66.26,66.26,20
2026-09-22 12:31,66.27,66.29,66.27,66.275,19
2026-09-22 12:32,66.265,66.275,66.265,66.275,6
2026-09-22 12:33,66.26,66.275,66.25,66.265,12
2026-09-22 12:34,66.31,66.31,66.275,66.275,21
2026-09-22 12:35,66.305,66.32,66.3,66.32,23
2026-09-22 12:36,66.325,66.325,66.31,66.31,5
2026-09-22 12:37,66.34,66.345,66.33,66.33,22
2026-09-22 12:38,66.325,66.35,66.325,66.34,14
2026-09-22 12:39,66.335,66.335,66.325,66.325,9
2026-09-22 12:40,66.335,66.345,66.335,66.345,24
2026-09-22 12:41,66.365,66.37,66.35,66.35,23
2026-09-22 12:42,66.38,66.39,66.375,66.385,39
2026-09-22 12:43,66.385,66.395,66.385,66.385,9
2026-09-22 12:44,66.415,66.425,66.39,66.39,19
2026-09-22 12:45,66.385,66.41,66.385,66.41,37
2026-09-22 12:46,66.405,66.41,66.375,66.39,24
2026-09-22 12:47,66.4,66.405,66.39,66.405,13
2026-09-22 12:48,66.48,66.515,66.41,66.41,196
2026-09-22 12:49,66.645,66.68,66.48,66.485,216
2026-09-22 12:50,66.62,66.655,66.59,66.63,130
2026-09-22 12:51,66.67,66.705,66.625,66.635,97
2026-09-22 12:52,66.59,66.66,66.59,66.655,35
2026-09-22 12:53,66.585,66.595,66.56,66.585,31
2026-09-22 12:54,66.585,66.615,66.58,66.58,54
2026-09-22 12:55,66.565,66.63,66.565,66.595,79
2026-09-22 12:56,66.565,66.575,66.53,66.575,31
2026-09-22 12:57,66.55,66.575,66.53,66.555,121
2026-09-22 12:58,66.6,66.62,66.555,66.56,34
2026-09-22 12:59,66.58,66.6,66.57,66.6,32
2026-09-22 13:00,66.595,66.6,66.54,66.595,60
2026-09-22 13:01,66.58,66.61,66.575,66.59,43
2026-09-22 13:02,66.59,66.6,66.555,66.59,63
2026-09-22 13:03,66.605,66.635,66.59,66.59,36
2026-09-22 13:04,66.615,66.62,66.595,66.605,19
2026-09-22 13:05,66.63,66.64,66.6,66.605,22
2026-09-22 13:06,66.645,66.66,66.62,66.64,56
2026-09-22 13:07,66.63,66.66,66.63,66.645,28
2026-09-22 13:08,66.61,66.635,66.6,66.635,32
2026-09-22 13:09,66.61,66.615,66.59,66.615,16
2026-09-22 13:10,66.57,66.61,66.57,66.605,32
2026-09-22 13:11,66.605,66.615,66.575,66.575,28
2026-09-22 13:12,66.615,66.625,66.61,66.61,22
2026-09-22 13:13,66.64,66.64,66.625,66.63,20
2026-09-22 13:14,66.615,66.64,66.61,66.64,22
2026-09-22 13:15,66.66,66.66,66.62,66.625,37
2026-09-22 13:16,66.64,66.68,66.64,66.66,32
2026-09-22 13:17,66.61,66.645,66.605,66.645,58
2026-09-22 13:18,66.61,66.625,66.6,66.615,20
2026-09-22 13:19,66.58,66.61,66.575,66.605,39
2026-09-22 13:20,66.645,66.645,66.58,66.58,37
2026-09-22 13:21,66.61,66.645,66.61,66.645,27
2026-09-22 13:22,66.61,66.62,66.61,66.615,16
2026-09-22 13:23,66.55,66.605,66.55,66.605,56
2026-09-22 13:24,66.505,66.56,66.505,66.555,269
2026-09-22 13:25,66.52,66.53,66.51,66.51,41
2026-09-22 13:26,66.53,66.53,66.515,66.515,12
2026-09-22 13:27,66.53,66.53,66.51,66.53,26
2026-09-22 13:28,66.555,66.555,66.53,66.53,25
2026-09-22 13:29,66.575,66.575,66.545,66.545,26
2026-09-22 13:30,66.585,66.595,66.56,66.585,15
2026-09-22 13:31,66.555,66.585,66.545,66.585,12
2026-09-22 13:32,66.55,66.55,66.55,66.55,3
2026-09-22 13:33,66.54,66.555,66.54,66.555,3
2026-09-22 13:34,66.53,66.545,66.525,66.545,5
2026-09-22 13:35,66.565,66.575,66.555,66.56,13
2026-09-22 13:36,66.575,66.575,66.57,66.575,4
2026-09-22 13:37,66.595,66.6,66.595,66.6,3
2026-09-22 13:38,66.585,66.59,66.585,66.585,8
2026-09-22 13:39,66.58,66.58,66.565,66.575,8
2026-09-22 13:40,66.58,66.59,66.57,66.58,7
2026-09-22 13:41,66.585,66.595,66.585,66.595,7
2026-09-22 13:42,66.635,66.645,66.605,66.605,24
2026-09-22 13:43,66.64,66.65,66.64,66.65,16
2026-09-22 13:44,66.64,66.665,66.64,66.65,10
2026-09-22 13:45,66.66,66.665,66.64,66.645,14
2026-09-22 13:46,66.655,66.67,66.65,66.67,22
2026-09-22 13:47,66.685,66.695,66.655,66.66,15
2026-09-22 13:48,66.685,66.71,66.685,66.69,17
2026-09-22 13:49,66.685,66.69,66.68,66.68,12
2026-09-22 13:50,66.67,66.7,66.665,66.69,56
2026-09-22 13:51,66.685,66.69,66.675,66.675,10
2026-09-22 13:52,66.865,66.865,66.675,66.685,410
2026-09-22 13:53,66.85,66.9,66.81,66.87,136
2026-09-22 13:54,66.91,66.99,66.84,66.86,164
2026-09-22 13:55,66.925,66.95,66.885,66.915,71
2026-09-22 13:56,66.925,66.985,66.925,66.95,80
2026-09-22 13:57,66.935,66.965,66.915,66.94,55
2026-09-22 13:58,66.96,66.97,66.94,66.95,23
2026-09-22 13:59,66.965,67.0,66.955,66.965,58
2026-09-22 14:00,67.015,67.02,66.97,66.98,48
2026-09-22 14:01,67.02,67.02,66.955,66.97,111
2026-09-22 14:02,66.97,67.02,66.955,67.01,55
2026-09-22 14:03,67.11,67.12,66.97,66.97,123
2026-09-22 14:04,67.12,67.215,67.115,67.12,269
2026-09-22 14:05,67.245,67.245,67.12,67.125,115
2026-09-22 14:06,67.335,67.385,67.245,67.245,319
2026-09-22 14:07,67.35,67.38,67.31,67.335,89
2026-09-22 14:08,67.555,67.59,67.34,67.36,369
2026-09-22 14:09,67.465,67.575,67.45,67.55,150
2026-09-22 14:10,67.47,67.5,67.37,67.465,315
2026-09-22 14:11,67.465,67.545,67.425,67.46,192
2026-09-22 14:12,67.57,67.59,67.465,67.47,120
2026-09-22 14:13,67.5,67.555,67.485,67.555,61
2026-09-22 14:14,67.49,67.545,67.475,67.515,114
2026-09-22 14:15,67.545,67.555,67.49,67.49,41
2026-09-22 14:16,67.565,67.6,67.505,67.55,253
2026-09-22 14:17,67.59,67.65,67.555,67.555,119
2026-09-22 14:18,67.565,67.645,67.55,67.59,83
2026-09-22 14:19,67.545,67.61,67.54,67.565,46
2026-09-22 14:20,67.56,67.565,67.5,67.53,130
2026-09-22 14:21,67.445,67.54,67.435,67.54,139
2026-09-22 14:22,67.425,67.505,67.415,67.45,70
2026-09-22 14:23,67.405,67.425,67.38,67.425,69
2026-09-22 14:24,67.41,67.41,67.38,67.41,31
2026-09-22 14:25,67.38,67.425,67.37,67.405,53
2026-09-22 14:26,67.43,67.43,67.375,67.39,52
2026-09-22 14:27,67.41,67.43,67.41,67.43,21
2026-09-22 14:28,67.45,67.47,67.38,67.42,166
2026-09-22 14:29,67.455,67.455,67.43,67.45,52
2026-09-22 14:30,67.51,67.51,67.44,67.475,57
2026-09-22 14:31,67.515,67.53,67.495,67.495,38
2026-09-22 14:32,67.52,67.52,67.485,67.51,27
2026-09-22 14:33,67.49,67.53,67.475,67.52,25
2026-09-22 14:34,67.425,67.485,67.41,67.485,47
2026-09-22 14:35,67.425,67.465,67.425,67.43,42
2026-09-22 14:36,67.405,67.45,67.365,67.43,154
2026-09-22 14:37,67.36,67.42,67.36,67.42,52
2026-09-22 14:38,67.315,67.36,67.3,67.355,79
2026-09-22 14:39,67.3,67.32,67.29,67.305,29
2026-09-22 14:40,67.3,67.315,67.285,67.295,35
2026-09-22 14:41,67.28,67.325,67.21,67.315,79
2026-09-22 14:42,67.295,67.3,67.27,67.27,29
2026-09-22 14:43,67.27,67.285,67.24,67.285,18
2026-09-22 14:44,67.265,67.27,67.255,67.255,11
2026-09-22 14:45,67.34,67.34,67.27,67.27,46
2026-09-22 14:46,67.345,67.36,67.325,67.34,22
2026-09-22 14:47,67.355,67.36,67.355,67.36,5
2026-09-22 14:48,67.335,67.355,67.335,67.355,6
2026-09-22 14:49,67.39,67.4,67.335,67.34,88
2026-09-22 14:50,67.37,67.385,67.36,67.38,20
2026-09-22 14:51,67.415,67.415,67.375,67.38,18
2026-09-22 14:52,67.415,67.42,67.405,67.42,15
2026-09-22 14:53,67.43,67.44,67.425,67.435,9
2026-09-22 14:54,67.395,67.43,67.395,67.43,18
2026-09-22 14:55,67.405,67.405,67.375,67.405,9
2026-09-22 14:56,67.36,67.385,67.345,67.385,23
2026-09-22 14:57,67.36,67.375,67.36,67.375,10
2026-09-22 14:58,67.415,67.42,67.36,67.36,25
2026-09-22 14:59,67.41,67.425,67.4,67.415,12
2026-09-22 15:00,67.49,67.5,67.42,67.42,97
2026-09-22 15:01,67.525,67.525,67.485,67.49,33
2026-09-22 15:02,67.47,67.49,67.465,67.49,8
2026-09-22 15:03,67.485,67.49,67.475,67.475,3
2026-09-22 15:04,67.5,67.5,67.48,67.48,3
2026-09-22 15:05,67.48,67.505,67.45,67.49,86
2026-09-22 15:06,67.56,67.57,67.495,67.495,19
2026-09-22 15:07,67.525,67.55,67.51,67.55,9
2026-09-22 15:08,67.565,67.57,67.53,67.55,37
2026-09-22 15:09,67.57,67.57,67.54,67.57,23
2026-09-22 15:10,67.64,67.655,67.57,67.57,97
2026-09-22 15:11,67.665,67.68,67.625,67.635,139
2026-09-22 15:12,67.645,67.68,67.64,67.675,32
2026-09-22 15:13,67.625,67.65,67.625,67.65,19
2026-09-22 15:14,67.63,67.635,67.62,67.63,17
2026-09-22 15:15,67.62,67.65,67.62,67.635,21
2026-09-22 15:16,67.615,67.65,67.615,67.63,8
2026-09-22 15:17,67.575,67.61,67.57,67.61,21
2026-09-22 15:18,67.585,67.59,67.56,67.585,13
2026-09-22 15:19,67.6,67.6,67.575,67.58,13
2026-09-22 15:20,67.55,67.595,67.55,67.595,22
2026-09-22 15:21,67.525,67.545,67.51,67.54,75
2026-09-22 15:22,67.54,67.55,67.53,67.53,66
2026-09-22 15:23,67.535,67.54,67.525,67.535,24
2026-09-22 15:24,67.59,67.59,67.525,67.54,100
2026-09-22 15:25,67.645,67.675,67.57,67.6,325
2026-09-22 15:26,67.605,67.645,67.58,67.64,32
2026-09-22 15:27,67.615,67.63,67.58,67.58,28
2026-09-22 15:28,67.65,67.655,67.63,67.635,20
2026-09-22 15:29,67.655,67.675,67.62,67.65,16
2026-09-22 15:30,67.78,67.78,67.655,67.665,282
2026-09-22 15:31,67.81,67.82,67.75,67.775,165
2026-09-22 15:32,67.845,67.865,67.79,67.82,74
2026-09-22 15:33,67.955,68.0,67.835,67.855,231
2026-09-22 15:34,68.06,68.08,67.94,67.95,181
2026-09-22 15:35,68.065,68.08,68.025,68.045,122
2026-09-22 15:36,68.025,68.07,67.99,68.06,81
2026-09-22 15:37,68.01,68.105,67.985,68.02,124
2026-09-22 15:38,68.0,68.025,67.965,68.01,142
2026-09-22 15:39,68.02,68.045,67.94,68.0,148
2026-09-22 15:40,68.065,68.08,68.005,68.02,69
2026-09-22 15:41,67.995,68.065,67.985,68.065,70
2026-09-22 15:42,67.99,68.015,67.965,68.005,35
2026-09-22 15:43,67.99,68.01,67.965,68.005,29
2026-09-22 15:44,68.005,68.005,67.94,67.995,60
2026-09-22 15:45,68.04,68.06,68.01,68.01,56
2026-09-22 15:46,67.995,68.055,67.995,68.04,47
2026-09-22 15:47,68.01,68.02,67.945,68.005,110
2026-09-22 15:48,67.975,68.015,67.975,67.995,13
2026-09-22 15:49,67.965,67.975,67.955,67.975,16
2026-09-22 15:50,67.89,67.955,67.89,67.955,67
2026-09-22 15:51,67.95,67.96,67.915,67.915,15
2026-09-22 15:52,67.95,67.95,67.93,67.95,19
2026-09-22 15:53,67.94,67.94,67.92,67.935,29
2026-09-22 15:54,67.905,67.945,67.905,67.945,17
2026-09-22 15:55,67.905,67.93,67.88,67.905,60
2026-09-22 15:56,67.89,67.925,67.885,67.9,30
2026-09-22 15:57,67.895,67.895,67.88,67.89,8
2026-09-22 15:58,67.825,67.88,67.825,67.88,67
2026-09-22 15:59,67.8,67.835,67.775,67.835,123
2026-09-22 16:00,67.76,67.795,67.755,67.79,48
2026-09-22 16:01,67.75,67.765,67.73,67.76,26
2026-09-22 16:02,67.73,67.75,67.72,67.75,21
2026-09-22 16:03,67.74,67.755,67.73,67.73,15
2026-09-22 16:04,67.74,67.75,67.725,67.735,8
2026-09-22 16:05,67.725,67.74,67.72,67.74,13
2026-09-22 16:06,67.7,67.725,67.7,67.725,16
2026-09-22 16:07,67.735,67.74,67.715,67.715,9
2026-09-22 16:08,67.74,67.745,67.74,67.745,8
2026-09-22 16:09,67.695,67.74,67.695,67.74,28
2026-09-22 16:10,67.685,67.71,67.68,67.71,29
2026-09-22 16:11,67.67,67.685,67.67,67.68,10
2026-09-22 16:12,67.625,67.675,67.615,67.665,36
2026-09-22 16:13,67.625,67.645,67.595,67.645,101
2026-09-22 16:14,67.615,67.635,67.595,67.62,23
2026-09-22 16:15,67.63,67.63,67.62,67.63,6
2026-09-22 16:16,67.645,67.65,67.645,67.65,2
2026-09-22 16:17,67.655,67.66,67.65,67.66,8
2026-09-22 16:18,67.66,67.66,67.645,67.655,4
2026-09-22 16:19,67.63,67.65,67.63,67.65,2
2026-09-22 16:20,67.655,67.655,67.635,67.635,15
2026-09-22 16:22,67.64,67.64,67.605,67.625,68
2026-09-22 16:24,67.625,67.655,67.625,67.64,11
2026-09-22 16:25,67.635,67.645,67.635,67.64,8
2026-09-22 16:26,67.625,67.625,67.615,67.615,2
2026-09-22 16:27,67.615,67.62,67.615,67.62,2
2026-09-22 16:28,67.6,67.615,67.6,67.605,6
2026-09-22 16:29,67.595,67.605,67.585,67.6,8
2026-09-22 16:30,67.585,67.59,67.575,67.585,7
2026-09-22 16:31,67.585,67.585,67.56,67.58,17
2026-09-22 16:32,67.585,67.595,67.585,67.595,3
2026-09-22 16:33,67.58,67.59,67.575,67.59,21
2026-09-22 16:34,67.56,67.585,67.56,67.585,12
2026-09-22 16:35,67.585,67.59,67.565,67.57,39
2026-09-22 16:36,67.64,67.645,67.585,67.585,71
2026-09-22 16:37,67.65,67.665,67.635,67.635,30
2026-09-22 16:38,67.63,67.66,67.63,67.645,14
2026-09-22 16:39,67.63,67.63,67.63,67.63,1
2026-09-22 16:40,67.625,67.625,67.625,67.625,1
2026-09-22 16:41,67.65,67.65,67.645,67.645,3
2026-09-22 16:42,67.645,67.645,67.635,67.635,3
2026-09-22 16:45,67.635,67.65,67.62,67.65,12
2026-09-22 16:46,67.645,67.645,67.63,67.63,3
2026-09-22 16:47,67.63,67.64,67.63,67.64,8
2026-09-22 16:48,67.615,67.625,67.615,67.625,8
2026-09-22 16:49,67.63,67.63,67.62,67.62,4
2026-09-22 16:50,67.68,67.68,67.655,67.655,12
2026-09-22 16:51,67.685,67.685,67.665,67.67,10
2026-09-22 16:52,67.64,67.695,67.64,67.695,17
2026-09-22 16:53,67.645,67.645,67.64,67.64,2
2026-09-22 16:54,67.625,67.66,67.615,67.66,43
2026-09-22 16:55,67.59,67.615,67.59,67.615,37
2026-09-22 16:56,67.625,67.625,67.59,67.595,16
2026-09-22 16:57,67.615,67.625,67.605,67.615,10
2026-09-22 16:58,67.6,67.605,67.595,67.605,13
2026-09-22 16:59,67.61,67.615,67.535,67.6,131
2026-09-22 18:00,67.66,67.695,67.61,67.61,0
2026-09-22 18:01,67.735,67.735,67.67,67.67,17
2026-09-22 18:02,67.75,67.755,67.7,67.715,56
2026-09-22 18:03,67.73,67.755,67.73,67.75,6
2026-09-22 18:04,67.755,67.755,67.695,67.715,39
2026-09-22 18:05,67.76,67.77,67.74,67.755,57
2026-09-22 18:06,67.77,67.795,67.765,67.775,42
2026-09-22 18:07,67.735,67.76,67.735,67.76,8
2026-09-22 18:08,67.715,67.72,67.71,67.72,11
2026-09-22 18:09,67.71,67.715,67.71,67.715,10
2026-09-22 18:10,67.705,67.705,67.705,67.705,1
2026-09-22 18:11,67.72,67.72,67.705,67.705,3
2026-09-22 18:12,67.72,67.72,67.72,67.72,3
2026-09-22 18:14,67.74,67.745,67.735,67.735,12
2026-09-22 18:15,67.755,67.755,67.74,67.74,2
2026-09-22 18:16,67.75,67.75,67.75,67.75,1
2026-09-22 18:17,67.76,67.76,67.75,67.75,5
2026-09-22 18:19,67.785,67.785,67.76,67.76,15
2026-09-22 18:20,67.755,67.77,67.755,67.77,3
2026-09-22 18:21,67.755,67.76,67.755,67.76,3
2026-09-22 18:24,67.78,67.78,67.78,67.78,1
2026-09-22 18:25,67.795,67.795,67.775,67.785,12
2026-09-22 18:26,67.785,67.8,67.775,67.775,19
2026-09-22 18:27,67.795,67.795,67.795,67.795,3
2026-09-22 18:28,67.805,67.805,67.79,67.79,11
2026-09-22 18:29,67.87,67.88,67.81,67.81,50
2026-09-22 18:30,67.82,67.845,67.81,67.845,21
2026-09-22 18:31,67.82,67.825,67.8,67.805,9
2026-09-22 18:33,67.82,67.82,67.815,67.815,2
2026-09-22 18:34,67.8,67.825,67.8,67.825,7
2026-09-22 18:36,67.8,67.8,67.8,67.8,3
2026-09-22 18:38,67.795,67.795,67.79,67.795,6
2026-09-22 18:39,67.795,67.795,67.795,67.795,1
2026-09-22 18:41,67.81,67.81,67.81,67.81,2
2026-09-22 18:42,67.805,67.805,67.805,67.805,1
2026-09-22 18:44,67.82,67.825,67.82,67.825,2
2026-09-22 18:46,67.83,67.84,67.83,67.835,7
2026-09-22 18:47,67.82,67.83,67.82,67.83,7
2026-09-22 18:50,67.79,67.805,67.785,67.805,15
2026-09-22 18:51,67.8,67.8,67.78,67.78,4
2026-09-22 18:53,67.84,67.84,67.805,67.805,16
2026-09-22 18:54,67.83,67.845,67.825,67.845,7
2026-09-22 18:55,67.845,67.845,67.82,67.82,2
2026-09-22 18:56,67.82,67.82,67.81,67.81,8
2026-09-22 18:57,67.815,67.825,67.815,67.825,2
2026-09-22 18:58,67.81,67.825,67.805,67.825,4
2026-09-22 18:59,67.825,67.835,67.82,67.83,4
2026-09-22 19:00,67.83,67.88,67.83,67.835,56
2026-09-22 19:01,67.835,67.845,67.81,67.825,12
2026-09-22 19:02,67.835,67.835,67.835,67.835,1
2026-09-22 19:03,67.84,67.84,67.83,67.84,3
2026-09-22 19:04,67.845,67.845,67.83,67.83,7
2026-09-22 19:05,67.835,67.845,67.835,67.845,2
2026-09-22 19:06,67.845,67.845,67.84,67.84,2
2026-09-22 19:07,67.83,67.855,67.83,67.84,4
2026-09-22 19:08,67.855,67.86,67.835,67.835,12
2026-09-22 19:09,67.85,67.87,67.845,67.845,3
2026-09-22 19:10,67.86,67.86,67.85,67.85,4
2026-09-22 19:11,67.855,67.855,67.85,67.85,2
2026-09-22 19:12,67.84,67.855,67.84,67.84,3
2026-09-22 19:13,67.855,67.855,67.825,67.825,11
2026-09-22 19:14,67.89,67.89,67.855,67.865,9
2026-09-22 19:15,67.875,67.895,67.875,67.885,14
2026-09-22 19:16,67.895,67.915,67.885,67.885,21
2026-09-22 19:17,67.915,67.93,67.89,67.9,23
2026-09-22 19:18,67.965,67.965,67.92,67.92,13
2026-09-22 19:19,68.01,68.01,67.96,67.965,29
2026-09-22 19:20,67.965,68.01,67.965,68.01,9
2026-09-22 19:21,67.975,67.975,67.96,67.96,7
2026-09-22 19:22,67.975,67.99,67.97,67.97,10
2026-09-22 19:23,67.96,67.985,67.96,67.985,6
2026-09-22 19:24,67.985,67.985,67.965,67.965,11
2026-09-22 19:25,67.925,67.955,67.925,67.955,11
2026-09-22 19:27,67.895,67.9,67.895,67.9,3
2026-09-22 19:28,67.91,67.91,67.91,67.91,1
2026-09-22 19:29,67.95,67.95,67.93,67.93,16
2026-09-22 19:30,67.945,67.945,67.945,67.945,1
2026-09-22 19:31,67.955,67.965,67.955,67.965,3
2026-09-22 19:34,67.97,67.97,67.97,67.97,1
2026-09-22 19:35,67.935,67.96,67.935,67.96,4
2026-09-22 19:36,67.94,67.95,67.905,67.93,23
2026-09-22 19:38,67.955,67.955,67.945,67.945,4
2026-09-22 19:41,67.97,67.97,67.93,67.93,5
2026-09-22 19:42,67.96,67.975,67.96,67.975,7
2026-09-22 19:43,67.985,67.985,67.975,67.975,2
2026-09-22 19:44,67.96,67.98,67.96,67.98,5
2026-09-22 19:45,67.98,67.98,67.965,67.975,4
2026-09-22 19:46,67.95,67.975,67.95,67.975,3
2026-09-22 19:47,67.9,67.945,67.9,67.94,11
2026-09-22 19:48,67.915,67.92,67.9,67.9,9
2026-09-22 19:49,67.88,67.885,67.88,67.885,3
2026-09-22 19:50,67.87,67.895,67.87,67.895,2
2026-09-22 19:51,67.88,67.905,67.88,67.9,4
2026-09-22 19:52,67.88,67.88,67.88,67.88,1
2026-09-22 19:53,67.915,67.92,67.9,67.9,6
2026-09-22 19:54,67.935,67.96,67.93,67.93,9
2026-09-22 19:55,67.92,67.95,67.915,67.95,13
2026-09-22 19:56,67.91,67.91,67.895,67.91,11
2026-09-22 19:57,67.955,67.955,67.955,67.955,1
2026-09-22 19:58,67.93,67.935,67.93,67.935,3
2026-09-22 20:00,67.93,67.98,67.9,67.9,16
2026-09-22 20:01,67.995,68.0,67.945,67.945,14
2026-09-22 20:02,68.05,68.055,67.97,67.98,18
2026-09-22 20:03,68.025,68.04,68.02,68.03,10
2026-09-22 20:04,68.01,68.03,68.005,68.01,29
2026-09-22 20:05,67.97,68.0,67.965,67.995,16
2026-09-22 20:06,67.95,67.95,67.925,67.94,8
2026-09-22 20:07,67.9,67.935,67.895,67.92,5
2026-09-22 20:08,67.895,67.915,67.895,67.9,4
2026-09-22 20:09,67.91,67.935,67.885,67.885,13
2026-09-22 20:10,67.94,67.94,67.905,67.905,8
2026-09-22 20:11,67.985,67.985,67.95,67.955,7
2026-09-22 20:12,68.01,68.02,67.97,67.97,10
2026-09-22 20:13,67.96,68.025,67.96,68.01,13
2026-09-22 20:14,67.99,67.99,67.955,67.955,9
2026-09-22 20:15,67.955,68.0,67.955,67.995,7
2026-09-22 20:16,67.975,67.975,67.965,67.965,2
2026-09-22 20:17,67.935,67.935,67.935,67.935,1
2026-09-22 20:18,67.95,67.95,67.92,67.92,4
2026-09-22 20:19,67.97,67.97,67.945,67.945,10
2026-09-22 20:20,67.905,67.92,67.9,67.915,18
2026-09-22 20:21,67.95,67.96,67.925,67.925,5
2026-09-22 20:22,67.895,67.945,67.89,67.945,3
2026-09-22 20:23,67.895,67.895,67.895,67.895,1
2026-09-22 20:24,67.895,67.9,67.88,67.89,33
2026-09-22 20:25,67.91,67.935,67.9,67.905,7
2026-09-22 20:26,67.89,67.925,67.89,67.925,6
2026-09-22 20:27,67.885,67.9,67.875,67.875,4
2026-09-22 20:28,67.925,67.925,67.91,67.915,3
2026-09-22 20:29,67.895,67.895,67.875,67.875,5
2026-09-22 20:30,67.89,67.895,67.87,67.87,11
2026-09-22 20:31,67.93,67.95,67.895,67.895,8
2026-09-22 20:32,67.895,67.895,67.88,67.88,2
2026-09-22 20:33,67.895,67.895,67.875,67.875,3
2026-09-22 20:35,67.885,67.885,67.885,67.885,2
2026-09-22 20:36,67.89,67.895,67.88,67.88,4
2026-09-22 20:37,67.89,67.89,67.885,67.885,3
2026-09-22 20:38,67.915,67.925,67.885,67.91,16
2026-09-22 20:39,67.92,67.935,67.905,67.905,12
2026-09-22 20:40,67.915,67.925,67.91,67.91,3
2026-09-22 20:41,67.925,67.95,67.925,67.95,11
2026-09-22 20:42,67.91,67.92,67.9,67.905,10
2026-09-22 20:43,67.91,67.93,67.895,67.895,8
2026-09-22 20:44,67.915,67.925,67.875,67.92,13
2026-09-22 20:46,67.92,67.945,67.92,67.93,4
2026-09-22 20:47,67.9,67.9,67.89,67.89,3
2026-09-22 20:48,67.88,67.9,67.88,67.9,3
2026-09-22 20:49,67.85,67.86,67.845,67.86,14
2026-09-22 20:50,67.87,67.88,67.85,67.85,6
2026-09-22 20:51,67.885,67.885,67.865,67.865,8
2026-09-22 20:52,67.905,67.915,67.87,67.89,11
2026-09-22 20:53,67.895,67.905,67.895,67.905,3
2026-09-22 20:54,67.86,67.89,67.855,67.89,5
2026-09-22 20:55,67.875,67.88,67.86,67.875,9
2026-09-22 20:56,67.84,67.845,67.835,67.84,7
2026-09-22 20:57,67.84,67.85,67.81,67.84,38
2026-09-22 20:58,67.845,67.845,67.83,67.845,6
2026-09-22 20:59,67.89,67.9,67.805,67.835,126
2026-09-22 21:00,67.745,67.885,67.715,67.885,524
2026-09-22 21:01,67.69,67.785,67.65,67.76,145
2026-09-22 21:02,67.625,67.73,67.62,67.685,134
2026-09-22 21:03,67.56,67.635,67.555,67.635,102
2026-09-22 21:04,67.54,67.585,67.53,67.57,102
2026-09-22 21:05,67.53,67.555,67.475,67.545,52
2026-09-22 21:06,67.53,67.545,67.495,67.545,31
2026-09-22 21:07,67.505,67.57,67.49,67.535,76
2026-09-22 21:08,67.51,67.525,67.48,67.505,27
2026-09-22 21:09,67.52,67.55,67.51,67.52,16
2026-09-22 21:10,67.425,67.515,67.42,67.515,76
2026-09-22 21:11,67.39,67.44,67.38,67.435,75
2026-09-22 21:12,67.44,67.475,67.395,67.4,68
2026-09-22 21:13,67.415,67.455,67.4,67.44,21
2026-09-22 21:14,67.45,67.46,67.42,67.42,42
2026-09-22 21:15,67.425,67.465,67.405,67.455,21
2026-09-22 21:16,67.43,67.44,67.41,67.425,15
2026-09-22 21:17,67.395,67.42,67.375,67.42,31
2026-09-22 21:18,67.335,67.415,67.315,67.4,78
2026-09-22 21:19,67.4,67.405,67.34,67.34,44
2026-09-22 21:20,67.405,67.415,67.385,67.385,14
2026-09-22 21:21,67.43,67.43,67.4,67.405,10
2026-09-22 21:22,67.375,67.435,67.375,67.425,26
2026-09-22 21:23,67.38,67.415,67.375,67.375,7
2026-09-22 21:24,67.395,67.4,67.38,67.4,5
2026-09-22 21:25,67.36,67.375,67.36,67.365,5
2026-09-22 21:26,67.33,67.365,67.315,67.365,54
2026-09-22 21:27,67.355,67.355,67.325,67.33,7
2026-09-22 21:28,67.355,67.355,67.33,67.355,8
2026-09-22 21:29,67.335,67.345,67.315,67.345,18
2026-09-22 21:30,67.325,67.345,67.3,67.34,33
2026-09-22 21:31,67.285,67.31,67.26,67.305,98
2026-09-22 21:32,67.34,67.34,67.24,67.275,67
2026-09-22 21:33,67.31,67.335,67.31,67.335,8
2026-09-22 21:34,67.345,67.365,67.305,67.305,11
2026-09-22 21:35,67.36,67.365,67.32,67.35,18
2026-09-22 21:36,67.405,67.43,67.36,67.36,27
2026-09-22 21:37,67.39,67.415,67.39,67.405,9
2026-09-22 21:39,67.405,67.415,67.395,67.4,25
2026-09-22 21:40,67.385,67.41,67.37,67.395,32
2026-09-22 21:41,67.3,67.4,67.295,67.375,26
2026-09-22 21:42,67.315,67.315,67.29,67.29,39
2026-09-22 21:43,67.3,67.345,67.3,67.305,14
2026-09-22 21:44,67.29,67.3,67.265,67.3,19
2026-09-22 21:45,67.215,67.285,67.215,67.285,38
2026-09-22 21:46,67.305,67.325,67.215,67.215,26
2026-09-22 21:47,67.275,67.31,67.275,67.31,18
2026-09-22 21:48,67.29,67.29,67.25,67.27,11
2026-09-22 21:49,67.29,67.305,67.275,67.285,10
2026-09-22 21:50,67.32,67.32,67.25,67.285,57
2026-09-22 21:51,67.255,67.31,67.245,67.3,12
2026-09-22 21:52,67.215,67.25,67.215,67.25,20
2026-09-22 21:53,67.18,67.23,67.175,67.23,48
2026-09-22 21:54,67.135,67.175,67.03,67.175,207
2026-09-22 21:55,67.08,67.12,67.075,67.105,28
2026-09-22 21:56,67.095,67.1,67.075,67.075,16
2026-09-22 21:57,67.12,67.125,67.1,67.1,14
2026-09-22 21:58,67.14,67.155,67.115,67.125,40
2026-09-22 21:59,67.13,67.135,67.12,67.125,4
2026-09-22 22:00,67.125,67.125,67.12,67.12,8
2026-09-22 22:01,67.075,67.11,67.075,67.11,23
2026-09-22 22:02,67.09,67.09,67.065,67.085,14
2026-09-22 22:03,67.07,67.09,67.03,67.09,23
2026-09-22 22:04,67.04,67.09,67.035,67.09,9
2026-09-22 22:05,67.03,67.05,67.01,67.045,17
2026-09-22 22:06,67.04,67.04,67.01,67.015,18
2026-09-22 22:07,66.985,67.035,66.98,67.035,48
2026-09-22 22:08,66.995,67.02,66.98,66.99,21
2026-09-22 22:09,66.965,67.005,66.965,66.985,29
2026-09-22 22:10,66.975,66.98,66.97,66.98,10
2026-09-22 22:11,66.95,67.0,66.95,66.97,20
2026-09-22 22:12,67.0,67.0,66.975,66.98,10
2026-09-22 22:13,66.975,66.995,66.975,66.985,17
2026-09-22 22:14,66.985,67.005,66.975,66.98,15
2026-09-22 22:15,66.96,66.985,66.96,66.985,4
2026-09-22 22:16,66.97,66.97,66.945,66.945,9
2026-09-22 22:17,66.97,67.0,66.965,67.0,6
2026-09-22 22:18,66.965,66.965,66.96,66.965,4
2026-09-22 22:19,66.98,66.995,66.955,66.955,20
2026-09-22 22:20,66.965,66.97,66.93,66.97,18
2026-09-22 22:21,66.96,66.965,66.96,66.965,2
2026-09-22 22:22,67.015,67.03,66.985,66.99,23
2026-09-22 22:23,67.015,67.025,67.0,67.025,10
2026-09-22 22:24,67.015,67.015,67.005,67.005,3
2026-09-22 22:25,67.015,67.035,67.015,67.03,13
2026-09-22 22:26,67.02,67.02,67.02,67.02,1
2026-09-22 22:27,67.025,67.04,67.02,67.04,15
2026-09-22 22:28,67.015,67.015,67.005,67.005,3
2026-09-22 22:29,67.03,67.03,67.02,67.02,3
2026-09-22 22:30,67.02,67.045,66.995,67.04,73
2026-09-22 22:31,67.04,67.06,67.02,67.025,25
2026-09-22 22:32,67.06,67.065,67.04,67.05,31
2026-09-22 22:33,67.075,67.08,67.04,67.05,34
2026-09-22 22:34,67.095,67.095,67.07,67.07,28
2026-09-22 22:35,67.06,67.085,67.06,67.085,16
2026-09-22 22:36,66.995,67.07,66.99,67.065,33
2026-09-22 22:37,66.955,67.015,66.955,66.99,19
2026-09-22 22:38,66.975,66.985,66.96,66.96,12
2026-09-22 22:39,66.95,66.98,66.95,66.98,19
2026-09-22 22:40,66.98,66.99,66.96,66.97,11
2026-09-22 22:41,66.955,66.97,66.955,66.97,5
2026-09-22 22:42,66.98,66.98,66.96,66.97,6
2026-09-22 22:43,67.0,67.0,66.98,66.995,7
2026-09-22 22:44,66.995,67.0,66.98,67.0,4
2026-09-22 22:45,66.975,67.0,66.975,67.0,8
2026-09-22 22:46,67.005,67.005,66.96,66.96,5
2026-09-22 22:47,66.94,66.985,66.94,66.985,28
2026-09-22 22:48,66.935,66.96,66.925,66.945,9
2026-09-22 22:49,66.955,66.97,66.94,66.97,6
2026-09-22 22:50,66.94,66.955,66.93,66.955,8
2026-09-22 22:51,66.95,66.95,66.925,66.94,6
2026-09-22 22:52,66.955,66.98,66.95,66.95,20
2026-09-22 22:53,66.97,66.97,66.97,66.97,1
2026-09-22 22:54,66.99,66.99,66.98,66.98,9
2026-09-22 22:55,66.92,66.97,66.92,66.97,18
2026-09-22 22:56,66.885,66.94,66.855,66.935,83
2026-09-22 22:57,66.92,66.92,66.885,66.885,7
2026-09-22 22:58,66.925,66.94,66.925,66.94,4
2026-09-22 22:59,66.905,66.93,66.895,66.93,33
2026-09-22 23:00,66.915,66.915,66.895,66.905,22
2026-09-22 23:01,66.885,66.89,66.88,66.89,7
2026-09-22 23:02,66.89,66.89,66.875,66.89,21
2026-09-22 23:03,66.915,66.92,66.88,66.88,18
2026-09-22 23:04,66.96,66.965,66.91,66.91,29
2026-09-22 23:05,66.99,66.995,66.96,66.96,102
2026-09-22 23:06,66.975,66.98,66.97,66.98,26
2026-09-22 23:07,67.005,67.015,66.985,66.985,59
2026-09-22 23:08,67.045,67.06,66.995,66.995,43
2026-09-22 23:09,67.045,67.075,67.04,67.055,36
2026-09-22 23:10,67.06,67.065,67.04,67.045,19
2026-09-22 23:11,67.075,67.09,67.065,67.08,38
2026-09-22 23:12,67.07,67.095,67.055,67.075,37
2026-09-22 23:13,67.1,67.1,67.075,67.085,11
2026-09-22 23:14,67.075,67.1,67.075,67.1,8
2026-09-22 23:15,67.04,67.08,67.04,67.075,16
2026-09-22 23:16,67.045,67.045,67.025,67.025,19
2026-09-22 23:17,67.04,67.045,67.035,67.04,9
2026-09-22 23:18,67.0,67.04,66.995,67.035,16
2026-09-22 23:19,67.005,67.02,66.995,67.0,13
2026-09-22 23:20,67.0,67.0,67.0,67.0,2
2026-09-22 23:21,67.02,67.025,67.015,67.025,7
2026-09-22 23:22,67.06,67.06,67.025,67.025,22
2026-09-22 23:23,67.08,67.08,67.055,67.07,10
2026-09-22 23:24,67.08,67.125,67.08,67.09,49
2026-09-22 23:25,67.095,67.11,67.075,67.075,17
2026-09-22 23:26,67.08,67.1,67.08,67.09,27
2026-09-22 23:27,67.05,67.08,67.045,67.08,16
2026-09-22 23:28,67.045,67.05,67.045,67.045,7
2026-09-22 23:29,67.025,67.04,67.02,67.04,19
2026-09-22 23:30,67.02,67.035,67.0,67.025,19
2026-09-22 23:31,67.015,67.04,67.015,67.015,14
2026-09-22 23:32,66.99,67.005,66.99,66.995,17
2026-09-22 23:33,67.045,67.045,67.01,67.01,12
2026-09-22 23:34,67.025,67.045,67.025,67.045,10
2026-09-22 23:35,67.05,67.05,67.025,67.03,4
2026-09-22 23:36,67.04,67.04,67.04,67.04,1
2026-09-22 23:37,67.035,67.035,67.035,67.035,2
2026-09-22 23:38,67.05,67.05,67.035,67.035,4
2026-09-22 23:39,67.055,67.055,67.035,67.035,10
2026-09-22 23:40,67.07,67.07,67.07,67.07,1
2026-09-22 23:41,67.08,67.09,67.07,67.07,9
2026-09-22 23:42,67.07,67.08,67.07,67.08,2
2026-09-22 23:43,67.075,67.075,67.075,67.075,2
2026-09-22 23:44,67.08,67.08,67.075,67.075,6
2026-09-22 23:45,67.1,67.1,67.085,67.095,14
2026-09-22 23:46,67.09,67.105,67.09,67.1,14
2026-09-22 23:47,67.09,67.1,67.09,67.1,16
2026-09-22 23:48,67.105,67.105,67.09,67.09,6
2026-09-22 23:49,67.105,67.11,67.105,67.105,4
2026-09-22 23:50,67.105,67.105,67.1,67.1,3
2026-09-22 23:51,67.12,67.12,67.11,67.11,4
2026-09-22 23:52,67.14,67.15,67.125,67.125,19
2026-09-22 23:53,67.15,67.15,67.135,67.135,13
2026-09-22 23:54,67.135,67.135,67.135,67.135,2
2026-09-22 23:55,67.125,67.14,67.115,67.14,7
2026-09-22 23:56,67.11,67.13,67.11,67.125,13
2026-09-22 23:57,67.11,67.11,67.09,67.105,10
2026-09-22 23:58,67.07,67.11,67.07,67.11,4
2026-09-23 00:00,67.105,67.105,67.095,67.095,4
2026-09-23 00:01,67.115,67.115,67.115,67.115,3
2026-09-23 00:02,67.125,67.125,67.115,67.115,6
2026-09-23 00:03,67.12,67.12,67.12,67.12,2
2026-09-23 00:04,67.13,67.135,67.125,67.125,5
2026-09-23 00:05,67.135,67.135,67.135,67.135,2
2026-09-23 00:06,67.13,67.14,67.13,67.14,6
2026-09-23 00:07,67.115,67.14,67.105,67.14,9
2026-09-23 00:09,67.12,67.125,67.12,67.125,4
2026-09-23 00:10,67.115,67.115,67.115,67.115,1
2026-09-23 00:11,67.12,67.12,67.105,67.115,3
2026-09-23 00:12,67.145,67.15,67.125,67.125,23
2026-09-23 00:13,67.13,67.155,67.13,67.155,7
2026-09-23 00:14,67.145,67.155,67.14,67.14,12
2026-09-23 00:15,67.155,67.155,67.145,67.145,4
2026-09-23 00:16,67.145,67.155,67.145,67.155,3
2026-09-23 00:17,67.155,67.155,67.12,67.145,20
2026-09-23 00:18,67.175,67.175,67.15,67.15,25
2026-09-23 00:19,67.155,67.175,67.155,67.17,9
2026-09-23 00:20,67.18,67.18,67.16,67.16,4
2026-09-23 00:21,67.195,67.195,67.17,67.17,2
2026-09-23 00:22,67.175,67.2,67.175,67.19,7
2026-09-23 00:23,67.165,67.165,67.165,67.165,1
2026-09-23 00:24,67.16,67.16,67.16,67.16,1
2026-09-23 00:25,67.16,67.17,67.16,67.16,8
2026-09-23 00:26,67.155,67.155,67.155,67.155,1
2026-09-23 00:27,67.155,67.155,67.155,67.155,2
2026-09-23 00:28,67.155,67.16,67.155,67.16,2
2026-09-23 00:29,67.16,67.16,67.16,67.16,1
2026-09-23 00:31,67.2,67.2,67.175,67.175,5
2026-09-23 00:32,67.205,67.205,67.195,67.2,11
2026-09-23 00:33,67.2,67.2,67.195,67.2,6
2026-09-23 00:34,67.205,67.205,67.18,67.18,4
2026-09-23 00:35,67.215,67.23,67.195,67.195,20
2026-09-23 00:36,67.225,67.225,67.22,67.22,2
2026-09-23 00:37,67.215,67.22,67.215,67.22,2
2026-09-23 00:38,67.2,67.21,67.195,67.21,6
2026-09-23 00:40,67.175,67.175,67.175,67.175,1
2026-09-23 00:41,67.185,67.185,67.185,67.185,1
2026-09-23 00:42,67.13,67.18,67.11,67.175,72
2026-09-23 00:43,67.16,67.165,67.14,67.14,11
2026-09-23 00:44,67.155,67.16,67.155,67.16,2
2026-09-23 00:45,67.14,67.16,67.14,67.16,7
2026-09-23 00:46,67.14,67.14,67.13,67.135,7
2026-09-23 00:47,67.16,67.16,67.145,67.145,6
2026-09-23 00:48,67.14,67.155,67.14,67.145,7
2026-09-23 00:49,67.17,67.17,67.15,67.15,5
2026-09-23 00:51,67.155,67.155,67.145,67.155,6
2026-09-23 00:52,67.13,67.155,67.13,67.155,10
2026-09-23 00:53,67.12,67.13,67.1,67.13,60
2026-09-23 00:54,67.125,67.125,67.115,67.12,4
2026-09-23 00:55,67.125,67.14,67.125,67.14,4
2026-09-23 00:56,67.15,67.15,67.12,67.12,6
2026-09-23 00:57,67.125,67.14,67.125,67.14,4
2026-09-23 00:58,67.13,67.135,67.125,67.125,7
2026-09-23 00:59,67.13,67.13,67.13,67.13,1
2026-09-23 01:01,67.115,67.115,67.1,67.11,57
2026-09-23 01:02,67.12,67.13,67.12,67.13,3
2026-09-23 01:03,67.125,67.125,67.125,67.125,3
2026-09-23 01:04,67.145,67.145,67.125,67.125,6
2026-09-23 01:05,67.16,67.16,67.14,67.14,5
2026-09-23 01:07,67.155,67.155,67.14,67.155,9
2026-09-23 01:08,67.13,67.155,67.13,67.155,6
2026-09-23 01:09,67.145,67.145,67.145,67.145,1
2026-09-23 01:10,67.14,67.14,67.13,67.13,3
2026-09-23 01:11,67.15,67.15,67.15,67.15,3
2026-09-23 01:14,67.125,67.125,67.11,67.12,10
2026-09-23 01:15,67.13,67.13,67.13,67.13,1
2026-09-23 01:17,67.135,67.135,67.125,67.125,3
2026-09-23 01:18,67.1,67.125,67.1,67.125,38
2026-09-23 01:19,67.07,67.1,67.055,67.1,39
2026-09-23 01:20,67.05,67.06,67.04,67.06,7
2026-09-23 01:21,67.065,67.065,67.05,67.05,7
2026-09-23 01:22,67.055,67.055,67.055,67.055,2
2026-09-23 01:23,67.065,67.065,67.05,67.05,4
2026-09-23 01:24,67.06,67.06,67.06,67.06,1
2026-09-23 01:25,67.08,67.08,67.045,67.05,15
2026-09-23 01:26,67.065,67.07,67.065,67.07,2
2026-09-23 01:27,67.065,67.065,67.065,67.065,1
2026-09-23 01:28,66.995,67.04,66.995,67.04,21
2026-09-23 01:29,66.975,67.0,66.96,66.99,33
2026-09-23 01:30,66.99,67.04,66.97,66.985,87
2026-09-23 01:31,66.95,66.995,66.925,66.995,31
2026-09-23 01:32,66.93,66.96,66.925,66.95,12
2026-09-23 01:33,66.895,66.94,66.89,66.935,18
2026-09-23 01:34,66.88,66.91,66.87,66.9,33
2026-09-23 01:35,66.88,66.895,66.865,66.895,23
2026-09-23 01:36,66.88,66.885,66.86,66.88,24
2026-09-23 01:37,66.83,66.875,66.825,66.875,50
2026-09-23 01:38,66.84,66.845,66.79,66.845,72
2026-09-23 01:39,66.845,66.845,66.825,66.835,12
2026-09-23 01:40,66.83,66.85,66.83,66.85,16
2026-09-23 01:41,66.86,66.875,66.835,66.835,35
2026-09-23 01:42,66.845,66.87,66.83,66.86,24
2026-09-23 01:43,66.685,66.82,66.665,66.82,118
2026-09-23 01:44,66.685,66.715,66.675,66.69,43
2026-09-23 01:45,66.74,66.74,66.705,66.705,20
2026-09-23 01:46,66.73,66.745,66.73,66.745,7
2026-09-23 01:47,66.715,66.72,66.7,66.715,15
2026-09-23 01:48,66.725,66.74,66.715,66.715,30
2026-09-23 01:49,66.705,66.73,66.705,66.72,9
2026-09-23 01:50,66.73,66.73,66.665,66.705,67
2026-09-23 01:51,66.74,66.755,66.73,66.73,29
2026-09-23 01:52,66.765,66.765,66.745,66.745,19
2026-09-23 01:53,66.8,66.805,66.745,66.745,26
2026-09-23 01:54,66.84,66.85,66.805,66.805,11
2026-09-23 01:55,66.83,66.845,66.825,66.835,15
2026-09-23 01:56,66.85,66.85,66.845,66.845,3
2026-09-23 01:57,66.86,66.87,66.855,66.855,4
2026-09-23 01:58,66.825,66.85,66.805,66.85,29
2026-09-23 01:59,66.84,66.84,66.825,66.825,20
2026-09-23 02:00,66.78,66.835,66.775,66.835,130
2026-09-23 02:01,66.795,66.82,66.76,66.785,47
2026-09-23 02:02,66.825,66.825,66.795,66.8,19
2026-09-23 02:03,66.82,66.82,66.8,66.815,9
2026-09-23 02:04,66.8,66.81,66.77,66.8,25
2026-09-23 02:05,66.775,66.8,66.77,66.8,21
2026-09-23 02:06,66.81,66.81,66.765,66.78,17
2026-09-23 02:07,66.775,66.805,66.775,66.8,11
2026-09-23 02:08,66.725,66.755,66.72,66.755,31
2026-09-23 02:09,66.705,66.73,66.69,66.725,33
2026-09-23 02:10,66.7,66.71,66.69,66.7,31
2026-09-23 02:11,66.68,66.705,66.67,66.7,72
2026-09-23 02:12,66.695,66.705,66.68,66.68,12
2026-09-23 02:13,66.715,66.715,66.695,66.705,10
2026-09-23 02:14,66.75,66.75,66.715,66.72,32
2026-09-23 02:15,66.71,66.75,66.695,66.75,13
2026-09-23 02:16,66.72,66.73,66.7,66.7,11
2026-09-23 02:17,66.74,66.74,66.73,66.73,3
2026-09-23 02:18,66.75,66.75,66.72,66.72,73
2026-09-23 02:19,66.77,66.78,66.76,66.76,18
2026-09-23 02:20,66.74,66.765,66.74,66.765,13
2026-09-23 02:21,66.69,66.745,66.67,66.74,39
2026-09-23 02:22,66.735,66.745,66.695,66.695,15
2026-09-23 02:23,66.715,66.765,66.715,66.745,8
2026-09-23 02:24,66.745,66.745,66.73,66.735,7
2026-09-23 02:25,66.77,66.77,66.765,66.765,2
2026-09-23 02:26,66.775,66.785,66.77,66.77,59
2026-09-23 02:27,66.77,66.775,66.76,66.775,14
2026-09-23 02:28,66.735,66.745,66.735,66.745,2
2026-09-23 02:29,66.72,66.74,66.715,66.73,18
2026-09-23 02:30,66.715,66.725,66.69,66.71,18
2026-09-23 02:31,66.725,66.725,66.715,66.715,2
2026-09-23 02:32,66.73,66.73,66.715,66.725,13
2026-09-23 02:33,66.735,66.735,66.73,66.73,3
2026-09-23 02:34,66.735,66.74,66.71,66.72,50
2026-09-23 02:35,66.725,66.75,66.72,66.72,12
2026-09-23 02:36,66.755,66.755,66.73,66.73,5
2026-09-23 02:37,66.755,66.755,66.74,66.74,3
2026-09-23 02:38,66.74,66.74,66.73,66.73,4
2026-09-23 02:39,66.745,66.75,66.745,66.75,6
2026-09-23 02:40,66.73,66.755,66.73,66.745,27
2026-09-23 02:41,66.73,66.73,66.725,66.725,4
2026-09-23 02:42,66.695,66.72,66.695,66.72,19
2026-09-23 02:43,66.69,66.715,66.69,66.69,27
2026-09-23 02:44,66.67,66.69,66.67,66.69,61
2026-09-23 02:45,66.625,66.665,66.615,66.665,106
2026-09-23 02:46,66.625,66.63,66.605,66.625,33
2026-09-23 02:47,66.685,66.685,66.63,66.635,37
2026-09-23 02:48,66.745,66.75,66.675,66.685,46
2026-09-23 02:49,66.74,66.755,66.74,66.74,17
2026-09-23 02:50,66.73,66.745,66.73,66.74,13
2026-09-23 02:51,66.725,66.73,66.715,66.72,10
2026-09-23 02:52,66.71,66.725,66.71,66.725,7
2026-09-23 02:53,66.705,66.705,66.685,66.705,9
2026-09-23 02:54,66.71,66.71,66.705,66.705,4
2026-09-23 02:55,66.685,66.705,66.685,66.705,25
2026-09-23 02:56,66.68,66.68,66.66,66.68,16
2026-09-23 02:57,66.65,66.68,66.65,66.68,9
2026-09-23 02:58,66.625,66.66,66.625,66.66,40
2026-09-23 02:59,66.615,66.625,66.605,66.62,25
2026-09-23 03:00,66.58,66.67,66.58,66.61,71
2026-09-23 03:01,66.59,66.6,66.565,66.575,23
2026-09-23 03:02,66.58,66.59,66.565,66.59,12
2026-09-23 03:03,66.605,66.605,66.555,66.57,14
2026-09-23 03:04,66.55,66.61,66.535,66.605,41
2026-09-23 03:05,66.38,66.555,66.375,66.55,229
2026-09-23 03:06,66.395,66.415,66.38,66.38,70
2026-09-23 03:07,66.365,66.385,66.325,66.38,54
2026-09-23 03:08,66.335,66.365,66.335,66.355,37
2026-09-23 03:09,66.325,66.335,66.315,66.335,71
2026-09-23 03:10,66.225,66.315,66.225,66.315,97
2026-09-23 03:11,66.245,66.26,66.2,66.23,121
2026-09-23 03:12,66.18,66.24,66.17,66.24,70
2026-09-23 03:13,66.205,66.215,66.155,66.175,69
2026-09-23 03:14,66.165,66.22,66.16,66.205,39
2026-09-23 03:15,66.21,66.22,66.16,66.17,83
2026-09-23 03:16,66.29,66.29,66.21,66.21,41
2026-09-23 03:17,66.255,66.305,66.255,66.285,105
2026-09-23 03:18,66.255,66.275,66.245,66.255,24
2026-09-23 03:19,66.22,66.28,66.22,66.26,24
2026-09-23 03:20,66.295,66.295,66.215,66.215,27
2026-09-23 03:21,66.34,66.345,66.29,66.295,41
2026-09-23 03:22,66.34,66.345,66.32,66.34,32
2026-09-23 03:23,66.285,66.32,66.265,66.315,51
2026-09-23 03:24,66.29,66.305,66.285,66.29,28
2026-09-23 03:25,66.245,66.3,66.24,66.285,34
2026-09-23 03:26,66.23,66.265,66.225,66.255,53
2026-09-23 03:27,66.21,66.225,66.17,66.225,124
2026-09-23 03:28,66.195,66.225,66.195,66.21,45
2026-09-23 03:29,66.155,66.205,66.155,66.195,42
2026-09-23 03:30,66.1,66.21,66.07,66.16,151
2026-09-23 03:31,66.09,66.11,66.075,66.11,59
2026-09-23 03:32,66.1,66.1,66.065,66.085,18
2026-09-23 03:33,66.035,66.075,66.015,66.07,32
2026-09-23 03:34,66.04,66.065,66.035,66.035,33
2026-09-23 03:35,66.055,66.075,66.045,66.05,29
2026-09-23 03:36,66.035,66.055,66.03,66.05,42
2026-09-23 03:37,66.09,66.09,66.005,66.05,34
2026-09-23 03:38,66.075,66.1,66.075,66.085,15
2026-09-23 03:39,66.05,66.075,66.025,66.075,24
2026-09-23 03:40,66.055,66.055,66.04,66.045,19
2026-09-23 03:41,66.04,66.07,66.02,66.07,19
2026-09-23 03:42,66.05,66.06,66.05,66.06,7
2026-09-23 03:43,66.03,66.055,66.015,66.04,37
2026-09-23 03:44,66.04,66.055,66.035,66.055,14
2026-09-23 03:45,66.07,66.075,66.045,66.055,14
2026-09-23 03:46,66.04,66.065,66.035,66.065,15
2026-09-23 03:47,65.975,66.035,65.955,66.02,75
2026-09-23 03:48,66.02,66.02,65.97,65.975,73
2026-09-23 03:49,66.04,66.05,66.02,66.025,32
2026-09-23 03:50,66.085,66.11,66.055,66.055,42
2026-09-23 03:51,66.125,66.13,66.075,66.075,43
2026-09-23 03:52,66.075,66.115,66.07,66.115,26
2026-09-23 03:53,66.03,66.06,66.025,66.06,14
2026-09-23 03:54,66.015,66.035,66.01,66.035,21
2026-09-23 03:55,66.02,66.04,66.02,66.025,12
2026-09-23 03:56,66.055,66.075,66.01,66.01,38
2026-09-23 03:57,65.995,66.06,65.985,66.055,40
2026-09-23 03:58,65.95,65.98,65.935,65.98,46
2026-09-23 03:59,65.92,65.945,65.895,65.945,113
2026-09-23 04:00,65.945,66.07,65.885,65.91,343
2026-09-23 04:01,65.91,65.96,65.69,65.955,335
2026-09-23 04:02,65.89,65.935,65.88,65.92,50
2026-09-23 04:03,65.855,65.88,65.84,65.87,50
2026-09-23 04:04,65.885,65.9,65.865,65.865,29
2026-09-23 04:05,65.88,65.89,65.86,65.885,13
2026-09-23 04:06,65.935,65.95,65.845,65.86,76
2026-09-23 04:07,65.96,65.98,65.915,65.95,57
2026-09-23 04:08,65.92,65.955,65.91,65.955,25
2026-09-23 04:09,65.88,65.915,65.86,65.915,30
2026-09-23 04:10,65.865,65.885,65.86,65.885,16
2026-09-23 04:11,65.83,65.865,65.825,65.865,19
2026-09-23 04:12,65.86,65.86,65.82,65.825,25
2026-09-23 04:13,65.855,65.89,65.855,65.865,14
2026-09-23 04:14,65.88,65.885,65.86,65.86,14
2026-09-23 04:15,65.915,65.925,65.89,65.89,52
2026-09-23 04:16,65.915,65.92,65.905,65.91,16
2026-09-23 04:17,65.875,65.92,65.84,65.92,33
2026-09-23 04:18,65.89,65.89,65.86,65.865,16
2026-09-23 04:19,65.895,65.9,65.87,65.885,33
2026-09-23 04:20,65.93,65.945,65.915,65.915,11
2026-09-23 04:21,65.955,65.965,65.92,65.92,13
2026-09-23 04:22,65.975,65.975,65.945,65.95,22
2026-09-23 04:23,65.96,65.98,65.945,65.96,37
2026-09-23 04:24,65.975,65.985,65.96,65.97,13
2026-09-23 04:25,65.93,65.98,65.925,65.98,38
2026-09-23 04:26,65.915,65.92,65.895,65.92,52
2026-09-23 04:27,65.93,65.935,65.92,65.92,5
2026-09-23 04:28,65.94,65.945,65.925,65.93,11
2026-09-23 04:29,65.91,65.955,65.905,65.94,28
2026-09-23 04:30,65.91,65.925,65.895,65.905,17
2026-09-23 04:31,65.89,65.925,65.89,65.91,39
2026-09-23 04:32,65.89,65.91,65.885,65.895,8
2026-09-23 04:33,65.885,65.885,65.85,65.885,25
2026-09-23 04:34,65.905,65.905,65.895,65.9,28
2026-09-23 04:35,65.895,65.905,65.89,65.905,8
2026-09-23 04:36,65.92,65.93,65.905,65.905,27
2026-09-23 04:37,65.895,65.925,65.885,65.925,32
2026-09-23 04:38,65.87,65.885,65.86,65.88,25
2026-09-23 04:39,65.885,65.885,65.875,65.875,5
2026-09-23 04:40,65.905,65.905,65.865,65.875,17
2026-09-23 04:41,65.9,65.905,65.87,65.905,27
2026-09-23 04:42,65.87,65.89,65.87,65.89,16
2026-09-23 04:43,65.875,65.89,65.87,65.87,10
2026-09-23 04:44,65.9,65.905,65.875,65.875,41
2026-09-23 04:45,65.92,65.92,65.9,65.9,9
2026-09-23 04:46,65.93,65.935,65.905,65.92,22
2026-09-23 04:47,65.905,65.905,65.87,65.885,12
2026-09-23 04:48,65.92,65.92,65.905,65.905,7
2026-09-23 04:49,65.945,65.945,65.92,65.925,12
2026-09-23 04:50,65.94,65.95,65.925,65.94,32
2026-09-23 04:51,65.935,65.955,65.93,65.945,37
2026-09-23 04:52,65.935,65.955,65.935,65.935,20
2026-09-23 04:53,65.935,65.955,65.935,65.95,6
2026-09-23 04:54,65.935,65.935,65.93,65.93,7
2026-09-23 04:55,65.955,65.955,65.94,65.94,11
2026-09-23 04:56,65.935,65.96,65.935,65.95,24
2026-09-23 04:57,65.98,65.985,65.945,65.945,18
2026-09-23 04:58,65.95,65.99,65.95,65.98,20
2026-09-23 04:59,65.985,65.985,65.955,65.955,28
2026-09-23 05:00,66.005,66.035,65.98,65.98,68
2026-09-23 05:01,65.985,66.02,65.985,66.0,84
2026-09-23 05:02,65.97,65.97,65.925,65.96,29
2026-09-23 05:03,65.95,65.99,65.945,65.99,10
2026-09-23 05:04,65.9,65.95,65.885,65.935,34
2026-09-23 05:05,65.915,65.915,65.89,65.89,15
2026-09-23 05:06,65.93,65.93,65.915,65.915,15
2026-09-23 05:07,65.94,65.94,65.9,65.925,33
2026-09-23 05:08,65.955,65.96,65.94,65.94,19
2026-09-23 05:09,65.96,65.96,65.96,65.96,1
2026-09-23 05:10,65.945,65.945,65.935,65.945,9
2026-09-23 05:11,65.945,65.96,65.945,65.95,7
2026-09-23 05:12,65.965,65.97,65.955,65.955,9
2026-09-23 05:13,65.925,65.96,65.925,65.96,15
2026-09-23 05:14,65.97,65.97,65.925,65.945,23
2026-09-23 05:15,65.935,65.95,65.93,65.95,10
2026-09-23 05:16,65.935,65.935,65.915,65.915,6
2026-09-23 05:17,65.915,65.93,65.915,65.93,5
2026-09-23 05:18,65.875,65.925,65.865,65.925,39
2026-09-23 05:19,65.875,65.895,65.855,65.87,22
2026-09-23 05:20,65.895,65.895,65.88,65.89,15
2026-09-23 05:21,65.895,65.91,65.895,65.91,6
2026-09-23 05:22,65.985,65.99,65.895,65.895,158
2026-09-23 05:23,66.015,66.02,65.98,65.98,18
2026-09-23 05:24,66.01,66.02,66.0,66.02,12
2026-09-23 05:25,66.005,66.015,66.005,66.005,6
2026-09-23 05:26,66.01,66.015,65.995,65.995,29
2026-09-23 05:27,66.0,66.005,65.99,65.99,6
2026-09-23 05:28,65.965,66.005,65.96,66.005,8
2026-09-23 05:29,65.95,65.95,65.95,65.95,1
2026-09-23 05:30,65.975,65.975,65.95,65.96,18
2026-09-23 05:31,65.94,65.965,65.94,65.965,4
2026-09-23 05:32,65.93,65.935,65.92,65.935,7
2026-09-23 05:33,65.91,65.935,65.895,65.93,22
2026-09-23 05:34,65.88,65.9,65.875,65.9,9
2026-09-23 05:35,65.9,65.915,65.86,65.865,8
2026-09-23 05:36,65.89,65.9,65.89,65.9,5
2026-09-23 05:37,65.86,65.88,65.84,65.88,23
2026-09-23 05:38,65.88,65.88,65.86,65.865,11
2026-09-23 05:39,65.85,65.875,65.85,65.87,4
2026-09-23 05:40,65.8,65.835,65.8,65.835,33
2026-09-23 05:41,65.82,65.82,65.78,65.79,17
2026-09-23 05:42,65.82,65.82,65.805,65.82,11
2026-09-23 05:43,65.82,65.825,65.82,65.825,2
2026-09-23 05:44,65.84,65.845,65.82,65.82,9
2026-09-23 05:45,65.82,65.82,65.82,65.82,1
2026-09-23 05:46,65.75,65.79,65.725,65.79,114
2026-09-23 05:47,65.76,65.775,65.745,65.745,19
2026-09-23 05:48,65.61,65.765,65.565,65.755,393
2026-09-23 05:49,65.59,65.625,65.56,65.615,43
2026-09-23 05:50,65.64,65.655,65.57,65.59,39
2026-09-23 05:51,65.68,65.7,65.62,65.635,43
2026-09-23 05:52,65.685,65.695,65.655,65.665,16
2026-09-23 05:53,65.665,65.68,65.665,65.68,13
2026-09-23 05:54,65.69,65.69,65.675,65.685,11
2026-09-23 05:55,65.71,65.72,65.685,65.695,15
2026-09-23 05:56,65.7,65.725,65.7,65.72,8
2026-09-23 05:57,65.69,65.705,65.68,65.685,13
2026-09-23 05:58,65.685,65.69,65.68,65.68,7
2026-09-23 05:59,65.685,65.71,65.67,65.71,13
2026-09-23 06:00,65.685,65.695,65.685,65.685,5
2026-09-23 06:01,65.705,65.71,65.685,65.685,14
2026-09-23 06:02,65.775,65.78,65.7,65.7,84
2026-09-23 06:03,65.83,65.83,65.765,65.765,26
2026-09-23 06:04,65.815,65.835,65.79,65.825,39
2026-09-23 06:05,65.8,65.8,65.775,65.8,18
2026-09-23 06:06,65.805,65.81,65.78,65.795,14
2026-09-23 06:07,65.82,65.83,65.805,65.805,15
2026-09-23 06:08,65.84,65.84,65.83,65.83,9
2026-09-23 06:09,65.825,65.85,65.82,65.845,6
2026-09-23 06:10,65.835,65.835,65.8,65.835,24
2026-09-23 06:11,65.83,65.855,65.83,65.83,18
2026-09-23 06:12,65.82,65.84,65.815,65.835,6
2026-09-23 06:13,65.81,65.81,65.805,65.81,6
2026-09-23 06:14,65.8,65.825,65.8,65.815,17
2026-09-23 06:15,65.78,65.805,65.78,65.8,8
2026-09-23 06:16,65.77,65.78,65.77,65.78,13
2026-09-23 06:17,65.79,65.8,65.775,65.78,19
2026-09-23 06:18,65.78,65.79,65.78,65.79,5
2026-09-23 06:19,65.795,65.82,65.785,65.785,16
2026-09-23 06:20,65.795,65.8,65.79,65.795,6
2026-09-23 06:21,65.79,65.8,65.78,65.795,9
2026-09-23 06:22,65.785,65.785,65.785,65.785,2
2026-09-23 06:23,65.735,65.755,65.725,65.755,8
2026-09-23 06:24,65.75,65.77,65.74,65.74,12
2026-09-23 06:25,65.735,65.765,65.735,65.745,22
2026-09-23 06:26,65.745,65.745,65.73,65.73,5
2026-09-23 06:27,65.78,65.785,65.76,65.76,14
2026-09-23 06:28,65.765,65.78,65.76,65.78,23
2026-09-23 06:29,65.79,65.79,65.75,65.75,30
2026-09-23 06:30,65.805,65.81,65.785,65.785,16
2026-09-23 06:31,65.765,65.78,65.75,65.77,21
2026-09-23 06:32,65.755,65.795,65.755,65.77,9
2026-09-23 06:33,65.745,65.76,65.745,65.745,5
2026-09-23 06:34,65.675,65.72,65.67,65.72,22
2026-09-23 06:35,65.645,65.685,65.645,65.665,22
2026-09-23 06:36,65.71,65.715,65.68,65.68,14
2026-09-23 06:37,65.69,65.725,65.69,65.71,15
2026-09-23 06:38,65.705,65.71,65.695,65.695,12
2026-09-23 06:39,65.715,65.715,65.7,65.7,7
2026-09-23 06:40,65.67,65.715,65.65,65.715,47
2026-09-23 06:41,65.685,65.695,65.65,65.675,20
2026-09-23 06:42,65.68,65.69,65.68,65.69,2
2026-09-23 06:43,65.67,65.68,65.66,65.675,16
2026-09-23 06:44,65.7,65.71,65.675,65.675,27
2026-09-23 06:45,65.67,65.695,65.67,65.695,15
2026-09-23 06:46,65.685,65.685,65.67,65.67,3
2026-09-23 06:47,65.665,65.685,65.65,65.68,19
2026-09-23 06:48,65.675,65.685,65.67,65.675,6
2026-09-23 06:49,65.67,65.675,65.665,65.67,4
2026-09-23 06:50,65.675,65.675,65.655,65.655,9
2026-09-23 06:51,65.7,65.705,65.68,65.68,18
2026-09-23 06:52,65.685,65.69,65.68,65.69,9
2026-09-23 06:53,65.705,65.715,65.685,65.69,31
2026-09-23 06:54,65.72,65.745,65.705,65.705,48
2026-09-23 06:55,65.72,65.755,65.71,65.735,23
2026-09-23 06:56,65.71,65.74,65.71,65.74,19
2026-09-23 06:57,65.68,65.72,65.68,65.715,17
2026-09-23 06:58,65.695,65.705,65.68,65.68,7
2026-09-23 06:59,65.685,65.725,65.66,65.705,77
2026-09-23 07:00,65.7,65.72,65.645,65.69,122
2026-09-23 07:01,65.71,65.735,65.685,65.705,58
2026-09-23 07:02,65.695,65.725,65.69,65.725,38
2026-09-23 07:03,65.615,65.68,65.6,65.68,50
2026-09-23 07:04,65.685,65.685,65.625,65.625,23
2026-09-23 07:05,65.675,65.69,65.67,65.675,29
2026-09-23 07:06,65.68,65.685,65.67,65.685,9
2026-09-23 07:07,65.68,65.715,65.68,65.68,26
2026-09-23 07:08,65.675,65.69,65.675,65.685,8
2026-09-23 07:09,65.695,65.695,65.675,65.675,23
2026-09-23 07:10,65.745,65.745,65.695,65.695,15
2026-09-23 07:11,65.765,65.765,65.74,65.75,14
2026-09-23 07:12,65.73,65.74,65.715,65.72,16
2026-09-23 07:13,65.72,65.72,65.7,65.715,17
2026-09-23 07:14,65.725,65.735,65.695,65.695,22
2026-09-23 07:15,65.715,65.75,65.715,65.73,30
2026-09-23 07:16,65.71,65.715,65.71,65.715,3
2026-09-23 07:17,65.71,65.715,65.71,65.71,22
2026-09-23 07:18,65.705,65.705,65.68,65.695,31
2026-09-23 07:19,65.63,65.69,65.62,65.69,33
2026-09-23 07:20,65.625,65.645,65.625,65.625,13
2026-09-23 07:21,65.59,65.625,65.565,65.61,35
2026-09-23 07:22,65.565,65.595,65.445,65.595,288
2026-09-23 07:23,65.53,65.555,65.515,65.555,47
2026-09-23 07:24,65.545,65.55,65.485,65.52,48
2026-09-23 07:25,65.565,65.625,65.545,65.55,40
2026-09-23 07:26,65.535,65.57,65.535,65.57,9
2026-09-23 07:27,65.555,65.575,65.53,65.535,21
2026-09-23 07:28,65.575,65.575,65.54,65.55,11
2026-09-23 07:29,65.55,65.57,65.52,65.57,42
2026-09-23 07:30,65.47,65.56,65.47,65.555,54
2026-09-23 07:31,65.435,65.47,65.425,65.455,64
2026-09-23 07:32,65.425,65.47,65.42,65.435,87
2026-09-23 07:33,65.425,65.46,65.425,65.435,22
2026-09-23 07:34,65.435,65.445,65.42,65.42,20
2026-09-23 07:35,65.385,65.44,65.37,65.44,79
2026-09-23 07:36,65.405,65.415,65.37,65.38,39
2026-09-23 07:37,65.395,65.405,65.365,65.395,35
2026-09-23 07:38,65.315,65.41,65.295,65.39,130
2026-09-23 07:39,65.38,65.38,65.3,65.32,105
2026-09-23 07:40,65.35,65.415,65.34,65.385,31
2026-09-23 07:41,65.405,65.41,65.35,65.35,36
2026-09-23 07:42,65.385,65.415,65.375,65.4,47
2026-09-23 07:43,65.41,65.415,65.365,65.375,17
2026-09-23 07:44,65.48,65.48,65.405,65.405,15
2026-09-23 07:45,65.535,65.54,65.48,65.48,69
2026-09-23 07:46,65.54,65.55,65.525,65.54,50
2026-09-23 07:47,65.55,65.555,65.535,65.545,24
2026-09-23 07:48,65.545,65.565,65.465,65.55,122
2026-09-23 07:49,65.545,65.56,65.545,65.55,18
2026-09-23 07:50,65.54,65.54,65.5,65.525,22
2026-09-23 07:51,65.565,65.565,65.535,65.54,33
2026-09-23 07:52,65.585,65.6,65.565,65.565,34
2026-09-23 07:53,65.6,65.61,65.575,65.58,23
2026-09-23 07:54,65.595,65.6,65.59,65.59,10
2026-09-23 07:55,65.585,65.595,65.56,65.595,34
2026-09-23 07:56,65.57,65.58,65.56,65.58,13
2026-09-23 07:57,65.575,65.58,65.565,65.57,11
2026-09-23 07:58,65.55,65.575,65.545,65.575,18
2026-09-23 07:59,65.575,65.575,65.55,65.55,33
2026-09-23 08:00,65.6,65.645,65.56,65.57,65
2026-09-23 08:01,65.585,65.62,65.585,65.62,24
2026-09-23 08:02,65.6,65.61,65.595,65.61,18
2026-09-23 08:03,65.655,65.67,65.585,65.59,43
2026-09-23 08:04,65.615,65.645,65.61,65.645,20
2026-09-23 08:05,65.635,65.635,65.6,65.605,61
2026-09-23 08:06,65.65,65.69,65.64,65.65,73
2026-09-23 08:07,65.625,65.65,65.625,65.645,10
2026-09-23 08:08,65.67,65.68,65.62,65.62,34
2026-09-23 08:09,65.645,65.645,65.63,65.645,8
2026-09-23 08:10,65.655,65.665,65.61,65.665,23
2026-09-23 08:11,65.665,65.68,65.655,65.655,15
2026-09-23 08:12,65.67,65.69,65.665,65.67,27
2026-09-23 08:13,65.66,65.675,65.65,65.675,20
2026-09-23 08:14,65.705,65.71,65.66,65.665,17
2026-09-23 08:15,65.665,65.695,65.66,65.69,16
2026-09-23 08:16,65.67,65.685,65.67,65.68,15
2026-09-23 08:17,65.665,65.685,65.65,65.65,13
2026-09-23 08:18,65.695,65.695,65.67,65.67,11
2026-09-23 08:19,65.66,65.695,65.66,65.69,23
2026-09-23 08:20,65.65,65.675,65.64,65.665,54
2026-09-23 08:21,65.595,65.65,65.58,65.65,27
2026-09-23 08:22,65.63,65.64,65.58,65.58,8
2026-09-23 08:23,65.62,65.64,65.61,65.64,11
2026-09-23 08:24,65.645,65.645,65.615,65.615,8
2026-09-23 08:25,65.62,65.65,65.605,65.625,40
2026-09-23 08:26,65.5,65.605,65.5,65.605,115
2026-09-23 08:27,65.515,65.53,65.495,65.515,65
2026-09-23 08:28,65.495,65.515,65.47,65.515,38
2026-09-23 08:29,65.51,65.52,65.49,65.495,25
2026-09-23 08:30,65.495,65.525,65.47,65.495,48
2026-09-23 08:31,65.51,65.525,65.49,65.495,29
2026-09-23 08:32,65.485,65.545,65.47,65.52,108
2026-09-23 08:33,65.51,65.51,65.475,65.485,31
2026-09-23 08:34,65.525,65.525,65.49,65.51,14
2026-09-23 08:35,65.52,65.56,65.515,65.53,22
2026-09-23 08:36,65.5,65.535,65.5,65.525,26
2026-09-23 08:37,65.475,65.51,65.455,65.51,56
2026-09-23 08:38,65.48,65.495,65.465,65.47,33
2026-09-23 08:39,65.47,65.48,65.45,65.47,14
2026-09-23 08:40,65.44,65.5,65.44,65.475,92
2026-09-23 08:41,65.465,65.485,65.43,65.435,32
2026-09-23 08:42,65.465,65.475,65.44,65.475,38
2026-09-23 08:43,65.47,65.48,65.445,65.455,24
2026-09-23 08:44,65.465,65.485,65.445,65.47,18
2026-09-23 08:45,65.455,65.455,65.425,65.45,31
2026-09-23 08:46,65.51,65.51,65.45,65.45,49
2026-09-23 08:47,65.57,65.58,65.49,65.515,55
2026-09-23 08:48,65.55,65.575,65.55,65.575,25
2026-09-23 08:49,65.545,65.56,65.53,65.54,16
2026-09-23 08:50,65.535,65.565,65.525,65.555,24
2026-09-23 08:51,65.49,65.535,65.485,65.535,53
2026-09-23 08:52,65.49,65.505,65.47,65.475,44
2026-09-23 08:53,65.515,65.545,65.475,65.49,59
2026-09-23 08:54,65.515,65.52,65.5,65.515,21
2026-09-23 08:55,65.57,65.59,65.51,65.515,29
2026-09-23 08:56,65.64,65.64,65.565,65.565,39
2026-09-23 08:57,65.605,65.635,65.59,65.63,29
2026-09-23 08:58,65.59,65.605,65.58,65.59,16
2026-09-23 08:59,65.7,65.71,65.595,65.595,142
2026-09-23 09:00,65.77,65.86,65.64,65.7,640
2026-09-23 09:01,65.765,65.8,65.725,65.765,221
2026-09-23 09:02,65.665,65.76,65.66,65.745,120
2026-09-23 09:03,65.575,65.67,65.525,65.67,110
2026-09-23 09:04,65.565,65.61,65.545,65.565,74
2026-09-23 09:05,65.6,65.625,65.545,65.56,62
2026-09-23 09:06,65.555,65.605,65.535,65.605,65
2026-09-23 09:07,65.605,65.62,65.565,65.585,112
2026-09-23 09:08,65.565,65.6,65.535,65.6,30
2026-09-23 09:09,65.57,65.6,65.565,65.575,32
2026-09-23 09:10,65.55,65.59,65.525,65.56,45
2026-09-23 09:11,65.54,65.56,65.52,65.545,58
2026-09-23 09:12,65.535,65.57,65.46,65.525,86
2026-09-23 09:13,65.56,65.56,65.51,65.535,32
2026-09-23 09:14,65.495,65.535,65.445,65.535,61
2026-09-23 09:15,65.585,65.59,65.5,65.5,27
2026-09-23 09:16,65.56,65.595,65.555,65.585,44
2026-09-23 09:17,65.585,65.595,65.53,65.575,14
2026-09-23 09:18,65.54,65.58,65.54,65.575,60
2026-09-23 09:19,65.545,65.56,65.515,65.535,45
2026-09-23 09:20,65.52,65.565,65.495,65.535,39
2026-09-23 09:21,65.545,65.545,65.49,65.53,48
2026-09-23 09:22,65.555,65.575,65.545,65.545,32
2026-09-23 09:23,65.585,65.585,65.565,65.575,17
2026-09-23 09:24,65.57,65.63,65.555,65.585,39
2026-09-23 09:25,65.635,65.65,65.55,65.555,76
2026-09-23 09:26,65.665,65.67,65.645,65.66,51
2026-09-23 09:27,65.72,65.73,65.655,65.655,85
2026-09-23 09:28,65.765,65.765,65.7,65.715,38
2026-09-23 09:29,65.81,65.815,65.76,65.77,96
2026-09-23 09:30,65.74,65.85,65.735,65.805,235
2026-09-23 09:31,65.605,65.75,65.6,65.745,151
2026-09-23 09:32,65.56,65.59,65.51,65.59,95
2026-09-23 09:33,65.51,65.555,65.475,65.55,135
2026-09-23 09:34,65.47,65.51,65.465,65.505,69
2026-09-23 09:35,65.46,65.515,65.41,65.48,199
2026-09-23 09:36,65.535,65.555,65.445,65.455,99
2026-09-23 09:37,65.515,65.57,65.51,65.525,67
2026-09-23 09:38,65.58,65.605,65.5,65.505,50
2026-09-23 09:39,65.565,65.595,65.56,65.575,27
2026-09-23 09:40,65.57,65.61,65.55,65.57,88
2026-09-23 09:41,65.495,65.585,65.485,65.555,53
2026-09-23 09:42,65.215,65.485,65.18,65.48,536
2026-09-23 09:43,65.18,65.29,65.18,65.205,331
2026-09-23 09:44,65.215,65.22,65.18,65.18,106
2026-09-23 09:45,65.065,65.2,65.025,65.195,514
2026-09-23 09:46,64.995,65.085,64.925,65.07,440
2026-09-23 09:47,65.01,65.06,64.92,64.98,231
2026-09-23 09:48,65.05,65.05,64.99,65.0,78
2026-09-23 09:49,64.995,65.045,64.94,65.045,280
2026-09-23 09:50,65.065,65.105,65.0,65.0,202
2026-09-23 09:51,64.975,65.055,64.93,65.055,137
2026-09-23 09:52,64.97,64.985,64.86,64.975,294
2026-09-23 09:53,64.895,64.98,64.895,64.965,82
2026-09-23 09:54,64.93,64.93,64.9,64.905,29
2026-09-23 09:55,64.905,64.95,64.88,64.915,81
2026-09-23 09:56,64.945,64.945,64.86,64.9,64
2026-09-23 09:57,65.065,65.075,64.97,64.97,174
2026-09-23 09:58,65.055,65.085,65.04,65.065,58
2026-09-23 09:59,65.045,65.075,65.03,65.06,35
2026-09-23 10:00,65.145,65.17,65.0,65.02,232
2026-09-23 10:01,65.16,65.175,65.1,65.14,107
2026-09-23 10:02,65.15,65.185,65.12,65.155,130
2026-09-23 10:03,65.155,65.19,65.135,65.155,54
2026-09-23 10:04,65.21,65.24,65.165,65.165,103
2026-09-23 10:05,65.15,65.23,65.14,65.22,65
2026-09-23 10:06,65.235,65.235,65.125,65.155,55
2026-09-23 10:07,65.23,65.25,65.19,65.23,59
2026-09-23 10:08,65.295,65.295,65.23,65.23,73
2026-09-23 10:09,65.27,65.3,65.255,65.295,48
2026-09-23 10:10,65.215,65.285,65.165,65.27,95
2026-09-23 10:11,65.16,65.215,65.12,65.21,67
2026-09-23 10:12,65.225,65.24,65.17,65.18,100
2026-09-23 10:13,65.17,65.215,65.17,65.215,117
2026-09-23 10:14,65.17,65.195,65.135,65.18,61
2026-09-23 10:15,65.21,65.255,65.15,65.16,72
2026-09-23 10:16,65.205,65.24,65.18,65.22,32
2026-09-23 10:17,65.06,65.205,65.05,65.205,99
2026-09-23 10:18,65.075,65.095,65.05,65.065,68
2026-09-23 10:19,65.03,65.105,65.015,65.08,114
2026-09-23 10:20,65.085,65.1,65.02,65.02,33
2026-09-23 10:21,65.075,65.075,65.025,65.065,67
2026-09-23 10:22,65.105,65.12,65.035,65.07,80
2026-09-23 10:23,65.12,65.15,65.07,65.1,114
2026-09-23 10:24,65.145,65.145,65.105,65.12,72
2026-09-23 10:25,65.06,65.17,65.05,65.14,238
2026-09-23 10:26,65.02,65.08,64.98,65.055,137
2026-09-23 10:27,65.01,65.05,65.005,65.01,131
2026-09-23 10:28,65.06,65.06,64.995,65.0,51
2026-09-23 10:29,65.055,65.07,65.02,65.045,43
2026-09-23 10:30,65.16,65.19,65.05,65.055,254
2026-09-23 10:31,65.2,65.215,65.135,65.155,208
2026-09-23 10:32,65.175,65.22,65.155,65.19,50
2026-09-23 10:33,65.26,65.27,65.18,65.19,161
2026-09-23 10:34,65.235,65.285,65.225,65.255,165
2026-09-23 10:35,65.265,65.285,65.245,65.245,68
2026-09-23 10:36,65.245,65.255,65.215,65.255,67
2026-09-23 10:37,65.22,65.335,65.195,65.245,369
2026-09-23 10:38,65.145,65.225,65.135,65.215,84
2026-09-23 10:39,65.065,65.155,65.06,65.155,48
2026-09-23 10:40,65.085,65.095,65.05,65.065,53
2026-09-23 10:41,65.13,65.135,65.08,65.09,47
2026-09-23 10:42,65.125,65.145,65.1,65.135,24
2026-09-23 10:43,65.145,65.145,65.1,65.1,10
2026-09-23 10:44,65.12,65.14,65.115,65.13,22
2026-09-23 10:45,65.105,65.15,65.09,65.13,83
2026-09-23 10:46,65.07,65.1,65.045,65.1,42
2026-09-23 10:47,65.065,65.13,65.065,65.095,62
2026-09-23 10:48,65.055,65.1,65.015,65.075,102
2026-09-23 10:49,65.055,65.1,65.04,65.04,59
2026-09-23 10:50,65.065,65.105,65.05,65.05,26
2026-09-23 10:51,65.205,65.29,65.06,65.06,397
2026-09-23 10:52,65.26,65.275,65.2,65.22,195
2026-09-23 10:53,65.41,65.42,65.245,65.26,514
2026-09-23 10:54,65.405,65.425,65.345,65.42,100
2026-09-23 10:55,65.345,65.415,65.325,65.405,198
2026-09-23 10:56,65.3,65.37,65.3,65.365,113
2026-09-23 10:57,65.345,65.35,65.255,65.295,66
2026-09-23 10:58,65.29,65.34,65.285,65.34,22
2026-09-23 10:59,65.345,65.345,65.285,65.3,31
2026-09-23 11:00,65.29,65.365,65.23,65.355,138
2026-09-23 11:01,65.295,65.345,65.265,65.28,126
2026-09-23 11:02,65.31,65.345,65.3,65.3,48
2026-09-23 11:03,65.28,65.31,65.275,65.305,29
2026-09-23 11:04,65.195,65.27,65.195,65.27,143
2026-09-23 11:05,65.205,65.23,65.195,65.195,46
2026-09-23 11:06,65.23,65.25,65.21,65.215,14
2026-09-23 11:07,65.285,65.29,65.23,65.235,68
2026-09-23 11:08,65.325,65.335,65.29,65.29,36
2026-09-23 11:09,65.295,65.34,65.285,65.335,41
2026-09-23 11:10,65.32,65.32,65.28,65.29,57
2026-09-23 11:11,65.285,65.315,65.28,65.31,20
2026-09-23 11:12,65.295,65.32,65.28,65.28,50
2026-09-23 11:13,65.285,65.29,65.26,65.28,25
2026-09-23 11:14,65.255,65.3,65.255,65.275,26
2026-09-23 11:15,65.265,65.28,65.25,65.25,41
2026-09-23 11:16,65.225,65.26,65.21,65.255,86
2026-09-23 11:17,65.185,65.235,65.165,65.23,48
2026-09-23 11:18,65.205,65.215,65.175,65.195,19
2026-09-23 11:19,65.24,65.245,65.2,65.21,21
2026-09-23 11:20,65.24,65.26,65.24,65.24,20
2026-09-23 11:21,65.2,65.235,65.195,65.23,20
2026-09-23 11:22,65.23,65.23,65.21,65.215,18
2026-09-23 11:23,65.2,65.245,65.2,65.22,16
2026-09-23 11:24,65.19,65.205,65.185,65.2,46
2026-09-23 11:25,65.225,65.225,65.2,65.2,28
2026-09-23 11:26,65.185,65.245,65.16,65.23,57
2026-09-23 11:27,65.165,65.19,65.16,65.19,29
2026-09-23 11:28,65.055,65.155,65.05,65.155,121
2026-09-23 11:29,65.04,65.07,65.015,65.05,84
2026-09-23 11:30,65.025,65.035,64.97,65.015,130
2026-09-23 11:31,65.035,65.035,64.985,65.03,142
2026-09-23 11:32,65.015,65.04,65.005,65.04,45
2026-09-23 11:33,64.975,65.025,64.975,65.015,71
2026-09-23 11:34,65.055,65.055,64.94,64.97,95
2026-09-23 11:35,65.095,65.11,65.025,65.045,76
2026-09-23 11:36,65.065,65.11,65.06,65.09,63
2026-09-23 11:37,65.04,65.07,65.025,65.07,30
2026-09-23 11:38,65.04,65.075,65.04,65.05,20
2026-09-23 11:39,64.99,65.065,64.99,65.055,24
2026-09-23 11:40,65.01,65.03,64.97,64.995,50
2026-09-23 11:41,64.99,65.04,64.99,65.025,24
2026-09-23 11:42,65.05,65.05,64.99,65.0,49
2026-09-23 11:43,65.055,65.055,65.025,65.05,15
2026-09-23 11:44,65.075,65.085,65.045,65.07,49
2026-09-23 11:45,65.085,65.1,65.06,65.06,21
2026-09-23 11:46,65.085,65.1,65.075,65.09,46
2026-09-23 11:47,65.01,65.07,65.005,65.07,20
2026-09-23 11:48,64.94,65.045,64.935,65.02,56
2026-09-23 11:49,64.92,64.965,64.915,64.96,107
2026-09-23 11:50,64.97,64.975,64.905,64.93,46
2026-09-23 11:51,64.955,64.975,64.94,64.96,35
2026-09-23 11:52,64.97,64.985,64.955,64.955,43
2026-09-23 11:53,64.96,64.98,64.955,64.97,21
2026-09-23 11:54,64.99,64.995,64.96,64.975,36
2026-09-23 11:55,64.98,65.0,64.98,64.995,28
2026-09-23 11:56,64.97,64.985,64.96,64.985,13
2026-09-23 11:57,64.99,64.995,64.98,64.98,15
2026-09-23 11:58,64.99,65.005,64.98,64.98,19
2026-09-23 11:59,64.995,64.995,64.98,64.98,13
2026-09-23 12:00,65.005,65.035,64.99,64.99,39
2026-09-23 12:01,64.995,65.03,64.995,65.015,19
2026-09-23 12:02,64.965,65.0,64.965,65.0,24
2026-09-23 12:03,64.985,64.985,64.97,64.97,25
2026-09-23 12:04,64.99,64.99,64.97,64.98,30
2026-09-23 12:05,65.01,65.01,64.965,64.975,35
2026-09-23 12:06,65.02,65.025,64.995,65.0,16
2026-09-23 12:07,65.045,65.05,65.01,65.01,54
2026-09-23 12:08,65.055,65.075,65.04,65.04,38
2026-09-23 12:09,65.04,65.04,65.025,65.03,12
2026-09-23 12:10,65.045,65.045,65.025,65.03,24
2026-09-23 12:11,65.055,65.055,65.035,65.05,21
2026-09-23 12:12,65.07,65.075,65.06,65.06,8
2026-09-23 12:13,65.09,65.09,65.07,65.07,20
2026-09-23 12:14,65.09,65.095,65.075,65.09,20
2026-09-23 12:15,65.1,65.11,65.075,65.095,16
2026-09-23 12:16,65.09,65.12,65.08,65.105,65
2026-09-23 12:17,65.095,65.095,65.09,65.09,4
2026-09-23 12:18,65.06,65.095,65.055,65.09,49
2026-09-23 12:19,65.095,65.095,65.045,65.065,36
2026-09-23 12:20,65.08,65.085,65.06,65.085,28
2026-09-23 12:21,65.08,65.08,65.075,65.08,7
2026-09-23 12:22,65.065,65.07,65.05,65.07,7
2026-09-23 12:23,65.055,65.06,65.045,65.06,9
2026-09-23 12:24,65.04,65.06,65.04,65.06,12
2026-09-23 12:25,65.1,65.105,65.045,65.045,10
2026-09-23 12:26,65.08,65.11,65.08,65.11,12
2026-09-23 12:27,65.09,65.105,65.085,65.085,22
2026-09-23 12:28,65.095,65.1,65.075,65.085,20
2026-09-23 12:29,65.11,65.11,65.09,65.105,30
2026-09-23 12:30,65.13,65.135,65.12,65.13,114
2026-09-23 12:31,65.11,65.13,65.11,65.13,190
2026-09-23 12:32,65.105,65.12,65.1,65.115,25
2026-09-23 12:33,65.115,65.125,65.09,65.09,19
2026-09-23 12:34,65.105,65.12,65.105,65.12,21
2026-09-23 12:35,65.095,65.11,65.09,65.11,34
2026-09-23 12:36,65.15,65.155,65.095,65.095,42
2026-09-23 12:37,65.15,65.17,65.15,65.16,25
2026-09-23 12:38,65.175,65.175,65.145,65.15,17
2026-09-23 12:39,65.135,65.175,65.135,65.175,21
2026-09-23 12:40,65.13,65.145,65.11,65.12,20
2026-09-23 12:41,65.105,65.14,65.1,65.14,21
2026-09-23 12:42,65.085,65.125,65.085,65.11,15
2026-09-23 12:43,65.085,65.105,65.075,65.085,46
2026-09-23 12:44,65.075,65.09,65.075,65.09,13
2026-09-23 12:45,65.035,65.075,65.0,65.07,192
2026-09-23 12:46,65.05,65.075,65.045,65.05,52
2026-09-23 12:47,65.02,65.075,65.01,65.04,27
2026-09-23 12:48,65.005,65.025,65.005,65.015,15
2026-09-23 12:49,64.96,65.02,64.935,65.02,36
2026-09-23 12:50,64.975,65.0,64.95,64.98,27
2026-09-23 12:51,64.85,64.965,64.85,64.965,134
2026-09-23 12:52,64.845,64.88,64.8,64.85,196
2026-09-23 12:53,64.895,64.895,64.81,64.85,115
2026-09-23 12:54,64.925,64.945,64.9,64.9,77
2026-09-23 12:55,64.955,64.98,64.915,64.92,70
2026-09-23 12:56,64.97,64.98,64.94,64.96,53
2026-09-23 12:57,64.98,64.995,64.975,64.985,36
2026-09-23 12:58,65.005,65.005,64.975,64.995,38
2026-09-23 12:59,64.975,65.0,64.97,64.99,40
2026-09-23 13:00,64.98,64.98,64.95,64.96,42
2026-09-23 13:01,64.99,65.025,64.97,64.97,55
2026-09-23 13:02,64.855,65.005,64.84,65.005,470
2026-09-23 13:03,64.875,64.945,64.855,64.865,107
2026-09-23 13:04,64.87,64.885,64.85,64.87,55
2026-09-23 13:05,64.895,64.915,64.86,64.875,69
2026-09-23 13:06,64.885,64.9,64.84,64.895,66
2026-09-23 13:07,64.9,64.91,64.86,64.88,83
2026-09-23 13:08,64.905,64.93,64.89,64.905,102
2026-09-23 13:09,64.95,64.96,64.92,64.93,27
2026-09-23 13:10,64.975,64.995,64.935,64.95,56
2026-09-23 13:11,64.92,65.01,64.92,64.975,46
2026-09-23 13:12,64.89,64.925,64.855,64.925,59
2026-09-23 13:13,64.865,64.89,64.865,64.885,38
2026-09-23 13:14,64.865,64.89,64.85,64.86,52
2026-09-23 13:15,64.875,64.91,64.855,64.86,60
2026-09-23 13:16,64.875,64.89,64.83,64.87,103
2026-09-23 13:17,64.925,64.925,64.88,64.88,33
2026-09-23 13:18,64.915,64.935,64.915,64.925,32
2026-09-23 13:19,64.915,64.95,64.9,64.91,47
2026-09-23 13:20,64.96,64.96,64.895,64.905,44
2026-09-23 13:21,64.995,65.01,64.95,64.965,95
2026-09-23 13:22,64.975,65.005,64.96,65.005,80
2026-09-23 13:23,64.985,65.01,64.98,64.985,132
2026-09-23 13:24,64.95,65.005,64.94,64.995,652
2026-09-23 13:25,64.965,64.97,64.94,64.955,73
2026-09-23 13:26,64.96,64.965,64.94,64.955,40
2026-09-23 13:27,64.935,64.97,64.935,64.965,52
2026-09-23 13:28,64.935,64.955,64.935,64.94,17
2026-09-23 13:29,64.95,64.96,64.925,64.945,27
2026-09-23 13:30,64.935,64.95,64.935,64.95,8
2026-09-23 13:31,64.895,64.94,64.89,64.94,14
2026-09-23 13:32,64.865,64.865,64.84,64.865,41
2026-09-23 13:33,64.87,64.87,64.84,64.85,20
2026-09-23 13:34,64.895,64.9,64.875,64.875,23
2026-09-23 13:35,64.845,64.885,64.84,64.885,26
2026-09-23 13:36,64.8,64.825,64.78,64.825,100
2026-09-23 13:37,64.825,64.855,64.8,64.8,31
2026-09-23 13:38,64.835,64.845,64.835,64.84,19
2026-09-23 13:39,64.785,64.85,64.76,64.835,62
2026-09-23 13:40,64.895,64.905,64.775,64.795,347
2026-09-23 13:41,64.965,64.975,64.88,64.89,134
2026-09-23 13:42,65.0,65.01,64.945,64.955,88
2026-09-23 13:43,65.035,65.05,65.0,65.0,70
2026-09-23 13:44,65.06,65.07,64.995,65.03,58
2026-09-23 13:45,65.07,65.08,65.05,65.06,65
2026-09-23 13:46,65.01,65.085,65.01,65.08,46
2026-09-23 13:47,65.075,65.09,65.01,65.01,17
2026-09-23 13:48,65.05,65.07,65.05,65.07,14
2026-09-23 13:49,65.06,65.075,65.06,65.06,12
2026-09-23 13:50,65.075,65.1,65.07,65.07,29
2026-09-23 13:51,65.075,65.095,65.07,65.095,29
2026-09-23 13:52,65.09,65.105,65.075,65.075,41
2026-09-23 13:53,65.105,65.12,65.085,65.085,91
2026-09-23 13:54,65.08,65.1,65.08,65.095,13
2026-09-23 13:55,65.045,65.08,65.035,65.08,56
2026-09-23 13:56,65.035,65.05,65.025,65.04,49
2026-09-23 13:57,65.095,65.1,65.05,65.055,24
2026-09-23 13:58,65.125,65.145,65.115,65.115,72
2026-09-23 13:59,65.105,65.125,65.105,65.125,22
2026-09-23 14:00,65.135,65.135,65.1,65.1,30
2026-09-23 14:01,65.125,65.145,65.125,65.14,26
2026-09-23 14:02,65.125,65.155,65.12,65.135,52
2026-09-23 14:03,65.095,65.13,65.095,65.125,35
2026-09-23 14:04,65.07,65.095,65.06,65.085,66
2026-09-23 14:05,65.065,65.065,65.05,65.065,31
2026-09-23 14:06,65.085,65.09,65.075,65.085,45
2026-09-23 14:07,65.1,65.1,65.075,65.075,11
2026-09-23 14:08,65.105,65.105,65.1,65.1,5
2026-09-23 14:10,65.1,65.1,65.08,65.08,6
2026-09-23 14:11,65.09,65.095,65.09,65.095,2
2026-09-23 14:12,65.065,65.07,65.055,65.07,11
2026-09-23 14:13,65.07,65.07,65.06,65.07,6
2026-09-23 14:14,65.08,65.08,65.075,65.075,7
2026-09-23 14:15,65.09,65.09,65.08,65.08,9
2026-09-23 14:16,65.07,65.095,65.07,65.09,7
2026-09-23 14:17,65.095,65.095,65.055,65.07,17
2026-09-23 14:18,65.08,65.1,65.08,65.09,29
2026-09-23 14:19,65.075,65.1,65.075,65.085,20
2026-09-23 14:20,65.08,65.08,65.075,65.075,5
2026-09-23 14:21,65.04,65.08,65.03,65.08,10
2026-09-23 14:22,65.05,65.06,65.04,65.04,13
2026-09-23 14:23,65.045,65.045,65.045,65.045,4
2026-09-23 14:24,65.025,65.025,65.025,65.025,1
2026-09-23 14:25,65.045,65.055,65.045,65.05,12
2026-09-23 14:26,65.015,65.025,65.005,65.025,21
2026-09-23 14:27,65.015,65.03,65.005,65.03,11
2026-09-23 14:28,64.98,65.015,64.975,65.015,51
2026-09-23 14:29,64.985,64.99,64.965,64.975,41
2026-09-23 14:30,64.99,65.005,64.98,65.0,16
2026-09-23 14:31,65.035,65.04,65.0,65.0,9
2026-09-23 14:32,65.02,65.035,65.02,65.035,10
2026-09-23 14:33,65.03,65.035,65.025,65.025,3
2026-09-23 14:34,65.025,65.035,65.02,65.02,9
2026-09-23 14:35,65.045,65.045,65.025,65.025,13
2026-09-23 14:36,65.035,65.035,65.035,65.035,2
2026-09-23 14:37,65.03,65.03,65.03,65.03,2
2026-09-23 14:38,65.005,65.025,64.995,65.025,14
2026-09-23 14:39,64.975,64.99,64.975,64.99,40
2026-09-23 14:40,64.98,64.98,64.97,64.975,4
2026-09-23 14:41,64.995,65.0,64.985,64.99,8
2026-09-23 14:42,64.985,65.015,64.98,65.01,12
2026-09-23 14:43,64.995,65.0,64.98,64.98,10
2026-09-23 14:44,64.985,64.99,64.98,64.99,4
2026-09-23 14:45,64.945,64.96,64.94,64.96,9
2026-09-23 14:46,64.935,64.95,64.935,64.945,3
2026-09-23 14:47,64.95,64.95,64.945,64.945,2
2026-09-23 14:48,64.995,64.995,64.96,64.965,3
2026-09-23 14:49,64.995,64.995,64.99,64.995,10
2026-09-23 14:50,64.99,65.02,64.99,64.995,15
2026-09-23 14:51,64.99,64.995,64.985,64.985,4
2026-09-23 14:52,65.005,65.015,65.0,65.0,7
2026-09-23 14:53,64.98,65.0,64.96,65.0,21
2026-09-23 14:54,65.0,65.0,64.98,64.98,15
2026-09-23 14:55,65.035,65.04,64.995,64.995,16
2026-09-23 14:56,65.02,65.05,65.02,65.045,23
2026-09-23 14:57,65.005,65.015,65.0,65.01,16
2026-09-23 14:58,65.02,65.02,65.005,65.005,5
2026-09-23 14:59,65.045,65.045,65.02,65.025,14
2026-09-23 15:00,65.025,65.035,65.0,65.035,21
2026-09-23 15:01,65.015,65.025,65.015,65.02,7
2026-09-23 15:02,65.025,65.035,65.025,65.035,4
2026-09-23 15:03,64.985,65.025,64.985,65.025,12
2026-09-23 15:04,64.99,64.995,64.97,64.98,13
2026-09-23 15:05,64.97,64.975,64.97,64.975,2
2026-09-23 15:06,65.085,65.09,64.975,64.975,35
2026-09-23 15:07,65.095,65.115,65.03,65.075,88
2026-09-23 15:08,65.09,65.125,65.09,65.12,45
2026-09-23 15:09,65.04,65.075,65.035,65.075,5
2026-09-23 15:10,65.015,65.06,65.01,65.035,29
2026-09-23 15:11,65.025,65.025,65.015,65.02,4
2026-09-23 15:12,64.975,65.035,64.975,65.03,13
2026-09-23 15:13,64.945,64.98,64.935,64.98,25
2026-09-23 15:14,64.905,64.95,64.905,64.95,30
2026-09-23 15:15,64.895,64.93,64.89,64.915,23
2026-09-23 15:16,64.885,64.89,64.865,64.89,21
2026-09-23 15:17,64.9,64.905,64.885,64.895,5
2026-09-23 15:18,64.905,64.925,64.895,64.9,11
2026-09-23 15:19,64.895,64.905,64.88,64.905,10
2026-09-23 15:20,64.89,64.895,64.875,64.895,18
2026-09-23 15:21,64.875,64.89,64.87,64.89,75
2026-09-23 15:22,64.87,64.885,64.865,64.88,62
2026-09-23 15:23,64.905,64.905,64.865,64.875,25
2026-09-23 15:24,64.905,64.91,64.9,64.91,5
2026-09-23 15:25,64.89,64.915,64.89,64.915,3
2026-09-23 15:26,64.885,64.915,64.885,64.89,24
2026-09-23 15:27,64.895,64.895,64.88,64.885,8
2026-09-23 15:28,64.93,64.93,64.91,64.92,7
2026-09-23 15:29,64.91,64.935,64.91,64.935,6
2026-09-23 15:30,64.9,64.92,64.895,64.91,15
2026-09-23 15:31,64.875,64.905,64.87,64.895,19
2026-09-23 15:32,64.86,64.87,64.855,64.87,10
2026-09-23 15:33,64.865,64.875,64.85,64.87,22
2026-09-23 15:34,64.87,64.875,64.86,64.875,8
2026-09-23 15:35,64.855,64.875,64.845,64.87,24
2026-09-23 15:36,64.835,64.86,64.82,64.86,52
2026-09-23 15:37,64.8,64.83,64.8,64.825,33
2026-09-23 15:38,64.78,64.8,64.76,64.8,81
2026-09-23 15:39,64.795,64.805,64.775,64.775,34
2026-09-23 15:40,64.835,64.84,64.805,64.805,38
2026-09-23 15:41,64.8,64.83,64.8,64.83,94
2026-09-23 15:42,64.74,64.8,64.73,64.8,151
2026-09-23 15:43,64.74,64.755,64.71,64.735,116
2026-09-23 15:44,64.755,64.76,64.73,64.74,30
2026-09-23 15:46,64.825,64.825,64.78,64.78,11
2026-09-23 15:47,64.83,64.85,64.825,64.825,23
2026-09-23 15:48,64.845,64.845,64.835,64.84,6
2026-09-23 15:49,64.875,64.875,64.84,64.85,16
2026-09-23 15:50,64.845,64.87,64.82,64.87,41
2026-09-23 15:51,64.86,64.86,64.84,64.86,10
2026-09-23 15:52,64.83,64.88,64.83,64.87,19
2026-09-23 15:53,64.815,64.845,64.815,64.84,29
2026-09-23 15:54,64.8,64.83,64.8,64.83,19
2026-09-23 15:55,64.815,64.84,64.795,64.8,58
2026-09-23 15:56,64.81,64.825,64.81,64.825,23
2026-09-23 15:57,64.835,64.84,64.81,64.82,19
2026-09-23 15:58,64.85,64.87,64.835,64.835,38
2026-09-23 15:59,64.87,64.885,64.83,64.85,41
2026-09-23 16:00,64.865,64.89,64.855,64.865,19
2026-09-23 16:01,64.885,64.9,64.87,64.87,13
2026-09-23 16:02,64.91,64.91,64.895,64.895,5
2026-09-23 16:03,64.875,64.91,64.87,64.905,106
2026-09-23 16:04,64.87,64.88,64.87,64.875,6
2026-09-23 16:05,64.91,64.91,64.875,64.88,9
2026-09-23 16:06,64.91,64.91,64.91,64.91,2
2026-09-23 16:07,64.905,64.905,64.905,64.905,4
2026-09-23 16:08,64.89,64.89,64.885,64.885,4
2026-09-23 16:09,64.89,64.895,64.89,64.895,5
2026-09-23 16:10,64.87,64.885,64.87,64.885,6
2026-09-23 16:11,64.87,64.87,64.87,64.87,45
2026-09-23 16:12,64.88,64.88,64.88,64.88,1
2026-09-23 16:13,64.89,64.89,64.875,64.88,6
2026-09-23 16:14,64.87,64.88,64.87,64.88,10
2026-09-23 16:15,64.86,64.87,64.855,64.87,25
2026-09-23 16:17,64.865,64.875,64.865,64.87,5
2026-09-23 16:18,64.865,64.875,64.865,64.875,4
2026-09-23 16:19,64.84,64.84,64.84,64.84,2
2026-09-23 16:20,64.81,64.835,64.81,64.825,29
2026-09-23 16:21,64.825,64.825,64.795,64.805,28
2026-09-23 16:22,64.835,64.845,64.83,64.83,9
2026-09-23 16:23,64.84,64.84,64.84,64.84,4
2026-09-23 16:24,64.845,64.845,64.845,64.845,3
2026-09-23 16:25,64.835,64.85,64.835,64.84,5
2026-09-23 16:26,64.845,64.845,64.845,64.845,1
2026-09-23 16:27,64.84,64.84,64.84,64.84,1
2026-09-23 16:28,64.85,64.85,64.85,64.85,1
2026-09-23 16:29,64.87,64.87,64.855,64.855,11
2026-09-23 16:30,64.875,64.875,64.865,64.875,8
2026-09-23 16:31,64.855,64.88,64.855,64.88,8
2026-09-23 16:33,64.845,64.855,64.845,64.855,7
2026-09-23 16:35,64.855,64.86,64.845,64.845,8
2026-09-23 16:36,64.855,64.855,64.855,64.855,3
2026-09-23 16:37,64.855,64.855,64.855,64.855,1
2026-09-23 16:38,64.85,64.865,64.85,64.865,7
2026-09-23 16:39,64.875,64.875,64.875,64.875,2
2026-09-23 16:40,64.895,64.895,64.89,64.89,5
2026-09-23 16:41,64.9,64.91,64.9,64.91,8
2026-09-23 16:46,64.915,64.915,64.9,64.9,24
2026-09-23 16:47,64.915,64.915,64.915,64.915,3
2026-09-23 16:48,64.91,64.91,64.895,64.91,12
2026-09-23 16:49,64.9,64.905,64.9,64.905,5
2026-09-23 16:50,64.915,64.915,64.895,64.895,6
2026-09-23 16:51,64.92,64.92,64.9,64.905,10
2026-09-23 16:52,64.92,64.92,64.92,64.92,10
2026-09-23 16:53,64.925,64.925,64.92,64.925,4
2026-09-23 16:54,64.965,64.97,64.93,64.93,15
2026-09-23 16:55,64.985,64.985,64.97,64.97,8
2026-09-23 16:56,64.91,64.955,64.91,64.955,20
2026-09-23 16:57,64.92,64.935,64.905,64.915,15
2026-09-23 16:58,64.925,64.925,64.92,64.925,4
2026-09-23 16:59,64.93,64.94,64.915,64.925,20
2026-09-23 18:00,64.9,64.915,64.895,64.915,0
2026-09-23 18:01,64.92,64.94,64.915,64.925,8
2026-09-23 18:02,64.945,64.945,64.93,64.93,3
2026-09-23 18:03,64.95,64.985,64.945,64.945,18
2026-09-23 18:04,64.96,64.995,64.945,64.95,20
2026-09-23 18:05,64.965,64.965,64.935,64.96,15
2026-09-23 18:06,64.965,65.005,64.955,64.955,23
2026-09-23 18:07,64.99,64.99,64.99,64.99,1
2026-09-23 18:08,64.97,65.0,64.97,64.985,8
2026-09-23 18:09,64.955,64.985,64.955,64.985,2
2026-09-23 18:10,64.925,64.95,64.925,64.94,6
2026-09-23 18:11,64.88,64.905,64.865,64.9,21
2026-09-23 18:12,64.905,64.905,64.905,64.905,1
2026-09-23 18:13,64.855,64.88,64.855,64.865,8
2026-09-23 18:14,64.87,64.87,64.865,64.865,2
2026-09-23 18:17,64.86,64.865,64.86,64.865,2
2026-09-23 18:18,64.855,64.855,64.845,64.845,4
2026-09-23 18:19,64.88,64.88,64.88,64.88,2
2026-09-23 18:21,64.9,64.9,64.9,64.9,5
2026-09-23 18:22,64.915,64.915,64.91,64.91,12
2026-09-23 18:23,64.935,64.94,64.92,64.92,11
2026-09-23 18:24,64.955,64.955,64.935,64.94,9
2026-09-23 18:25,64.96,64.96,64.96,64.96,2
2026-09-23 18:26,64.945,64.96,64.94,64.945,4
2026-09-23 18:27,64.955,64.955,64.94,64.95,7
2026-09-23 18:28,64.935,64.935,64.935,64.935,1
2026-09-23 18:29,64.975,64.975,64.95,64.95,21
2026-09-23 18:30,64.96,64.965,64.955,64.96,14
2026-09-23 18:31,64.95,64.96,64.95,64.96,2
2026-09-23 18:32,64.955,64.96,64.94,64.96,6
2026-09-23 18:33,64.94,64.94,64.94,64.94,1
2026-09-23 18:34,64.93,64.95,64.93,64.95,4
2026-09-23 18:35,64.95,64.95,64.95,64.95,1
2026-09-23 18:36,64.945,64.95,64.94,64.94,3
2026-09-23 18:37,64.96,64.96,64.96,64.96,2
2026-09-23 18:38,64.93,64.965,64.92,64.965,16
2026-09-23 18:39,64.945,64.945,64.935,64.935,2
2026-09-23 18:40,64.935,64.955,64.935,64.955,6
2026-09-23 18:41,64.95,64.95,64.95,64.95,2
2026-09-23 18:46,64.915,64.915,64.915,64.915,1
2026-09-23 18:47,64.96,64.96,64.93,64.93,2
2026-09-23 18:48,64.96,64.975,64.96,64.975,2
2026-09-23 18:50,64.905,64.92,64.905,64.92,10
2026-09-23 18:52,64.915,64.92,64.915,64.92,4
2026-09-23 18:53,64.925,64.925,64.9,64.9,6
2026-09-23 18:54,64.915,64.93,64.905,64.93,3
2026-09-23 18:59,64.91,64.92,64.91,64.92,6
2026-09-23 19:00,64.915,64.915,64.915,64.915,1
2026-09-23 19:01,64.91,64.91,64.91,64.91,2
2026-09-23 19:02,64.91,64.91,64.9,64.9,3
2026-09-23 19:04,64.925,64.925,64.92,64.92,3
2026-09-23 19:05,64.925,64.925,64.925,64.925,1
2026-09-23 19:06,64.91,64.91,64.91,64.91,3
2026-09-23 19:12,64.925,64.925,64.91,64.91,8
2026-09-23 19:14,64.91,64.915,64.91,64.915,3
2026-09-23 19:15,64.965,64.965,64.925,64.925,9
2026-09-23 19:16,64.92,64.955,64.915,64.955,16
2026-09-23 19:17,64.91,64.935,64.91,64.915,25
2026-09-23 19:18,64.895,64.9,64.895,64.9,23
2026-09-23 19:19,64.885,64.89,64.865,64.89,18
2026-09-23 19:20,64.905,64.91,64.875,64.875,16
2026-09-23 19:21,64.885,64.915,64.875,64.91,15
2026-09-23 19:22,64.89,64.89,64.89,64.89,1
2026-09-23 19:23,64.915,64.92,64.915,64.915,4
2026-09-23 19:24,64.9,64.905,64.9,64.905,8
2026-09-23 19:25,64.885,64.9,64.885,64.9,3
2026-09-23 19:26,64.875,64.875,64.855,64.875,10
2026-09-23 19:27,64.87,64.87,64.865,64.865,4
2026-09-23 19:29,64.855,64.875,64.845,64.875,5
2026-09-23 19:30,64.83,64.855,64.83,64.85,23
2026-09-23 19:31,64.775,64.81,64.775,64.81,11
2026-09-23 19:32,64.775,64.78,64.775,64.775,3
2026-09-23 19:33,64.76,64.785,64.76,64.77,7
2026-09-23 19:34,64.79,64.79,64.775,64.78,4
2026-09-23 19:36,64.79,64.8,64.78,64.78,8
2026-09-23 19:37,64.81,64.81,64.79,64.795,9
2026-09-23 19:38,64.82,64.82,64.805,64.805,6
2026-09-23 19:39,64.825,64.825,64.82,64.82,2
2026-09-23 19:40,64.82,64.82,64.82,64.82,1
2026-09-23 19:41,64.795,64.825,64.795,64.825,4
2026-09-23 19:42,64.77,64.795,64.77,64.79,17
2026-09-23 19:43,64.765,64.765,64.75,64.765,21
2026-09-23 19:44,64.785,64.785,64.76,64.77,16
2026-09-23 19:45,64.815,64.815,64.775,64.78,12
2026-09-23 19:46,64.825,64.83,64.81,64.83,9
2026-09-23 19:47,64.855,64.87,64.82,64.82,13
2026-09-23 19:48,64.85,64.86,64.84,64.86,6
2026-09-23 19:49,64.875,64.875,64.875,64.875,10
2026-09-23 19:50,64.85,64.86,64.845,64.855,17
2026-09-23 19:52,64.88,64.9,64.87,64.885,8
2026-09-23 19:53,64.87,64.875,64.87,64.875,3
2026-09-23 19:54,64.87,64.87,64.865,64.865,4
2026-09-23 19:55,64.84,64.855,64.835,64.855,12
2026-09-23 19:57,64.85,64.85,64.85,64.85,1
2026-09-23 19:58,64.795,64.835,64.795,64.835,8
2026-09-23 19:59,64.76,64.81,64.75,64.795,134
2026-09-23 20:00,64.775,64.79,64.74,64.77,113
2026-09-23 20:01,64.74,64.8,64.74,64.785,21
2026-09-23 20:02,64.68,64.755,64.665,64.755,62
2026-09-23 20:03,64.72,64.735,64.695,64.695,15
2026-09-23 20:04,64.715,64.725,64.665,64.71,19
2026-09-23 20:05,64.685,64.735,64.685,64.695,15
2026-09-23 20:06,64.735,64.74,64.7,64.71,11
2026-09-23 20:07,64.76,64.76,64.735,64.75,37
2026-09-23 20:08,64.715,64.77,64.715,64.77,9
2026-09-23 20:09,64.735,64.74,64.71,64.73,8
2026-09-23 20:10,64.675,64.75,64.675,64.75,6
2026-09-23 20:11,64.63,64.695,64.625,64.685,40
2026-09-23 20:12,64.685,64.7,64.615,64.625,23
2026-09-23 20:13,64.685,64.685,64.665,64.68,6
2026-09-23 20:14,64.68,64.69,64.675,64.675,6
2026-09-23 20:15,64.645,64.705,64.645,64.68,15
2026-09-23 20:16,64.625,64.645,64.6,64.645,30
2026-09-23 20:17,64.61,64.63,64.61,64.625,7
2026-09-23 20:18,64.625,64.625,64.605,64.605,4
2026-09-23 20:19,64.62,64.63,64.61,64.61,8
2026-09-23 20:20,64.56,64.615,64.55,64.615,49
2026-09-23 20:21,64.56,64.57,64.54,64.56,18
2026-09-23 20:22,64.44,64.56,64.435,64.555,154
2026-09-23 20:23,64.485,64.49,64.435,64.435,52
2026-09-23 20:24,64.545,64.57,64.49,64.49,32
2026-09-23 20:25,64.57,64.58,64.55,64.555,33
2026-09-23 20:26,64.605,64.605,64.59,64.59,10
2026-09-23 20:27,64.535,64.56,64.535,64.56,14
2026-09-23 20:28,64.56,64.56,64.535,64.535,10
2026-09-23 20:29,64.685,64.685,64.565,64.565,17
2026-09-23 20:30,64.67,64.675,64.645,64.67,12
2026-09-23 20:31,64.69,64.715,64.66,64.695,21
2026-09-23 20:32,64.67,64.67,64.65,64.655,6
2026-09-23 20:33,64.65,64.67,64.65,64.67,4
2026-09-23 20:34,64.66,64.69,64.63,64.63,12
2026-09-23 20:35,64.67,64.675,64.665,64.665,3
2026-09-23 20:36,64.69,64.71,64.69,64.71,2
2026-09-23 20:37,64.67,64.7,64.67,64.68,13
2026-09-23 20:38,64.68,64.695,64.68,64.695,4
2026-09-23 20:39,64.66,64.7,64.645,64.7,8
2026-09-23 20:40,64.665,64.665,64.66,64.66,3
2026-09-23 20:41,64.685,64.685,64.67,64.67,6
2026-09-23 20:42,64.69,64.69,64.665,64.665,4
2026-09-23 20:43,64.665,64.665,64.665,64.665,1
2026-09-23 20:44,64.67,64.69,64.67,64.67,10
2026-09-23 20:45,64.625,64.655,64.61,64.645,20
2026-09-23 20:46,64.625,64.665,64.625,64.64,13
2026-09-23 20:47,64.59,64.61,64.59,64.6,5
2026-09-23 20:48,64.655,64.655,64.575,64.575,11
2026-09-23 20:49,64.655,64.655,64.635,64.635,6
2026-09-23 20:50,64.675,64.68,64.665,64.665,4
2026-09-23 20:51,64.7,64.705,64.65,64.65,10
2026-09-23 20:52,64.665,64.685,64.665,64.685,2
2026-09-23 20:53,64.695,64.7,64.695,64.7,4
2026-09-23 20:54,64.755,64.755,64.685,64.685,31
2026-09-23 20:55,64.77,64.795,64.73,64.755,78
2026-09-23 20:56,64.785,64.785,64.75,64.78,18
2026-09-23 20:57,64.835,64.835,64.81,64.82,24
2026-09-23 20:58,64.83,64.835,64.82,64.825,22
2026-09-23 20:59,64.845,64.88,64.815,64.86,95
2026-09-23 21:00,64.805,64.835,64.76,64.825,240
2026-09-23 21:01,64.77,64.835,64.765,64.835,37
2026-09-23 21:02,64.655,64.78,64.655,64.78,38
2026-09-23 21:03,64.625,64.65,64.605,64.64,21
2026-09-23 21:04,64.665,64.675,64.615,64.625,30
2026-09-23 21:05,64.58,64.665,64.56,64.66,59
2026-09-23 21:06,64.725,64.725,64.575,64.575,50
2026-09-23 21:07,64.835,64.86,64.725,64.73,112
2026-09-23 21:08,64.86,64.86,64.775,64.84,25
2026-09-23 21:09,64.865,64.865,64.825,64.855,22
2026-09-23 21:10,64.89,64.895,64.85,64.85,24
2026-09-23 21:11,64.875,64.93,64.865,64.895,31
2026-09-23 21:12,64.93,64.965,64.875,64.875,37
2026-09-23 21:13,64.9,64.93,64.9,64.93,7
2026-09-23 21:14,64.96,64.96,64.91,64.91,8
2026-09-23 21:15,64.91,64.965,64.91,64.965,6
2026-09-23 21:16,64.845,64.875,64.84,64.875,17
2026-09-23 21:17,64.785,64.835,64.76,64.835,23
2026-09-23 21:18,64.745,64.77,64.73,64.76,19
2026-09-23 21:19,64.77,64.775,64.745,64.75,34
2026-09-23 21:20,64.73,64.78,64.73,64.755,22
2026-09-23 21:21,64.695,64.73,64.695,64.72,20
2026-09-23 21:22,64.67,64.73,64.67,64.69,25
2026-09-23 21:23,64.68,64.69,64.65,64.665,18
2026-09-23 21:24,64.7,64.7,64.645,64.66,27
2026-09-23 21:25,64.665,64.71,64.665,64.69,14
2026-09-23 21:26,64.705,64.71,64.675,64.675,10
2026-09-23 21:27,64.73,64.73,64.705,64.715,14
2026-09-23 21:28,64.695,64.72,64.695,64.72,2
2026-09-23 21:29,64.7,64.71,64.675,64.675,8
2026-09-23 21:30,64.735,64.735,64.67,64.72,27
2026-09-23 21:31,64.715,64.735,64.695,64.7,15
2026-09-23 21:32,64.735,64.735,64.715,64.715,3
2026-09-23 21:33,64.645,64.725,64.645,64.725,12
2026-09-23 21:34,64.715,64.8,64.655,64.655,62
2026-09-23 21:35,64.725,64.76,64.72,64.72,8
2026-09-23 21:36,64.65,64.725,64.65,64.715,6
2026-09-23 21:37,64.625,64.67,64.62,64.67,14
2026-09-23 21:38,64.59,64.62,64.59,64.61,23
2026-09-23 21:39,64.615,64.63,64.6,64.6,5
2026-09-23 21:40,64.61,64.625,64.6,64.615,6
2026-09-23 21:41,64.635,64.635,64.59,64.595,13
2026-09-23 21:43,64.555,64.61,64.555,64.61,11
2026-09-23 21:44,64.6,64.6,64.57,64.57,3
2026-09-23 21:45,64.57,64.57,64.57,64.57,1
2026-09-23 21:46,64.45,64.545,64.445,64.545,26
2026-09-23 21:47,64.56,64.57,64.455,64.455,37
2026-09-23 21:48,64.55,64.585,64.535,64.575,27
2026-09-23 21:49,64.55,64.55,64.505,64.53,14
2026-09-23 21:50,64.495,64.555,64.49,64.555,27
2026-09-23 21:51,64.515,64.515,64.515,64.515,1
2026-09-23 21:52,64.635,64.64,64.57,64.57,27
2026-09-23 21:53,64.59,64.665,64.59,64.65,15
2026-09-23 21:54,64.54,64.57,64.54,64.57,2
2026-09-23 21:55,64.55,64.55,64.465,64.515,74
2026-09-23 21:56,64.535,64.55,64.535,64.545,6
2026-09-23 21:57,64.41,64.54,64.4,64.525,99
2026-09-23 21:58,64.445,64.445,64.405,64.425,36
2026-09-23 21:59,64.45,64.47,64.44,64.445,20
2026-09-23 22:00,64.4,64.455,64.39,64.44,113
2026-09-23 22:01,64.44,64.44,64.4,64.4,39
2026-09-23 22:02,64.45,64.46,64.405,64.42,31
2026-09-23 22:03,64.41,64.445,64.4,64.445,24
2026-09-23 22:04,64.41,64.425,64.39,64.41,23
2026-09-23 22:05,64.35,64.39,64.33,64.39,40
2026-09-23 22:06,64.3,64.355,64.29,64.355,169
2026-09-23 22:07,64.265,64.305,64.265,64.305,51
2026-09-23 22:08,64.2,64.25,64.17,64.25,104
2026-09-23 22:09,64.28,64.28,64.195,64.195,55
2026-09-23 22:10,64.305,64.315,64.27,64.27,25
2026-09-23 22:11,64.265,64.305,64.265,64.305,11
2026-09-23 22:12,64.325,64.34,64.315,64.315,33
2026-09-23 22:13,64.435,64.45,64.33,64.33,85
2026-09-23 22:14,64.46,64.465,64.44,64.465,42
2026-09-23 22:15,64.51,64.525,64.465,64.465,15
2026-09-23 22:16,64.51,64.535,64.505,64.51,33
2026-09-23 22:17,64.515,64.515,64.495,64.495,12
2026-09-23 22:18,64.51,64.53,64.495,64.51,31
2026-09-23 22:19,64.58,64.58,64.525,64.53,11
2026-09-23 22:20,64.51,64.555,64.51,64.555,9
2026-09-23 22:21,64.53,64.53,64.525,64.525,3
2026-09-23 22:22,64.48,64.51,64.48,64.51,16
2026-09-23 22:23,64.5,64.525,64.47,64.525,23
2026-09-23 22:24,64.495,64.51,64.495,64.51,13
2026-09-23 22:25,64.52,64.535,64.515,64.52,6
2026-09-23 22:26,64.53,64.545,64.495,64.495,20
2026-09-23 22:27,64.475,64.51,64.475,64.505,5
2026-09-23 22:28,64.49,64.49,64.49,64.49,1
2026-09-23 22:29,64.525,64.545,64.525,64.535,7
2026-09-23 22:30,64.54,64.555,64.485,64.525,64
2026-09-23 22:31,64.595,64.595,64.525,64.525,18
2026-09-23 22:32,64.655,64.655,64.585,64.585,19
2026-09-23 22:33,64.68,64.68,64.64,64.655,19
2026-09-23 22:34,64.655,64.675,64.645,64.665,6
2026-09-23 22:35,64.66,64.7,64.66,64.66,21
2026-09-23 22:36,64.625,64.665,64.625,64.655,17
2026-09-23 22:37,64.63,64.63,64.615,64.63,9
2026-09-23 22:38,64.685,64.685,64.655,64.655,11
2026-09-23 22:39,64.655,64.68,64.65,64.67,19
2026-09-23 22:40,64.69,64.69,64.64,64.64,17
2026-09-23 22:41,64.685,64.705,64.655,64.67,22
2026-09-23 22:42,64.72,64.725,64.68,64.68,13
2026-09-23 22:43,64.67,64.69,64.67,64.69,4
2026-09-23 22:44,64.69,64.69,64.67,64.675,11
2026-09-23 22:45,64.625,64.68,64.625,64.68,20
2026-09-23 22:46,64.625,64.63,64.62,64.625,11
2026-09-23 22:47,64.61,64.64,64.61,64.63,13
2026-09-23 22:48,64.6,64.645,64.6,64.62,29
2026-09-23 22:49,64.595,64.6,64.57,64.585,17
2026-09-23 22:50,64.57,64.595,64.57,64.575,7
2026-09-23 22:51,64.495,64.56,64.49,64.56,19
2026-09-23 22:52,64.5,64.515,64.49,64.49,12
2026-09-23 22:53,64.47,64.5,64.445,64.495,21
2026-09-23 22:54,64.505,64.505,64.47,64.47,6
2026-09-23 22:55,64.545,64.555,64.54,64.54,10
2026-09-23 22:56,64.54,64.555,64.53,64.555,12
2026-09-23 22:57,64.555,64.565,64.545,64.545,8
2026-09-23 22:58,64.58,64.58,64.56,64.565,14
2026-09-23 22:59,64.52,64.565,64.52,64.555,23
2026-09-23 23:00,64.545,64.56,64.525,64.525,23
2026-09-23 23:01,64.58,64.58,64.535,64.535,7
2026-09-23 23:02,64.545,64.61,64.545,64.585,12
2026-09-23 23:03,64.6,64.6,64.55,64.555,6
2026-09-23 23:04,64.575,64.6,64.575,64.6,12
2026-09-23 23:05,64.555,64.57,64.555,64.57,3
2026-09-23 23:06,64.52,64.54,64.52,64.54,8
2026-09-23 23:07,64.53,64.53,64.49,64.5,10
2026-09-23 23:08,64.53,64.54,64.53,64.53,5
2026-09-23 23:10,64.51,64.545,64.51,64.545,10
2026-09-23 23:11,64.465,64.515,64.465,64.515,18
2026-09-23 23:12,64.485,64.495,64.455,64.46,22
2026-09-23 23:13,64.525,64.525,64.485,64.485,7
2026-09-23 23:14,64.51,64.525,64.5,64.525,7
2026-09-23 23:15,64.525,64.525,64.51,64.51,6
2026-09-23 23:16,64.52,64.52,64.52,64.52,2
2026-09-23 23:17,64.52,64.56,64.515,64.525,25
2026-09-23 23:18,64.56,64.565,64.55,64.56,14
2026-09-23 23:19,64.52,64.57,64.52,64.565,24
2026-09-23 23:20,64.495,64.525,64.495,64.525,3
2026-09-23 23:22,64.505,64.505,64.49,64.495,4
2026-09-23 23:23,64.485,64.515,64.485,64.515,3
2026-09-23 23:24,64.5,64.505,64.5,64.5,12
2026-09-23 23:25,64.5,64.51,64.5,64.51,3
2026-09-23 23:26,64.53,64.535,64.5,64.52,31
2026-09-23 23:27,64.5,64.53,64.5,64.525,23
2026-09-23 23:28,64.5,64.515,64.5,64.51,10
2026-09-23 23:29,64.48,64.5,64.48,64.5,6
2026-09-23 23:30,64.51,64.535,64.51,64.515,14
2026-09-23 23:31,64.485,64.495,64.46,64.495,15
2026-09-23 23:32,64.5,64.5,64.49,64.49,6
2026-09-23 23:33,64.465,64.515,64.465,64.51,16
2026-09-23 23:34,64.465,64.485,64.465,64.48,8
2026-09-23 23:35,64.445,64.455,64.43,64.455,12
2026-09-23 23:36,64.45,64.475,64.45,64.46,8
2026-09-23 23:37,64.455,64.455,64.435,64.435,5
2026-09-23 23:38,64.485,64.485,64.475,64.475,7
2026-09-23 23:39,64.52,64.555,64.52,64.525,24
2026-09-23 23:40,64.52,64.52,64.515,64.515,2
2026-09-23 23:41,64.535,64.555,64.52,64.52,22
2026-09-23 23:42,64.495,64.52,64.495,64.52,7
2026-09-23 23:43,64.46,64.48,64.46,64.47,5
2026-09-23 23:44,64.45,64.465,64.445,64.445,6
2026-09-23 23:45,64.47,64.475,64.445,64.455,11
2026-09-23 23:46,64.535,64.535,64.47,64.47,40
2026-09-23 23:47,64.525,64.54,64.525,64.535,6
2026-09-23 23:48,64.55,64.55,64.535,64.545,8
2026-09-23 23:49,64.55,64.56,64.54,64.545,9
2026-09-23 23:50,64.57,64.575,64.545,64.545,15
2026-09-23 23:51,64.565,64.585,64.555,64.555,6
2026-09-23 23:52,64.54,64.54,64.54,64.54,4
2026-09-23 23:53,64.535,64.545,64.535,64.545,3
2026-09-23 23:54,64.585,64.585,64.57,64.57,20
2026-09-23 23:55,64.6,64.61,64.575,64.575,18
2026-09-23 23:56,64.625,64.63,64.6,64.6,6
2026-09-23 23:57,64.61,64.625,64.58,64.625,10
2026-09-23 23:58,64.605,64.615,64.58,64.615,8
2026-09-24 00:00,64.58,64.635,64.575,64.62,25
2026-09-24 00:01,64.56,64.595,64.56,64.595,6
2026-09-24 00:03,64.515,64.55,64.495,64.55,54
2026-09-24 00:04,64.575,64.575,64.54,64.55,5
2026-09-24 00:05,64.58,64.585,64.575,64.585,5
2026-09-24 00:06,64.555,64.57,64.55,64.57,7
2026-09-24 00:07,64.575,64.575,64.56,64.56,2
2026-09-24 00:09,64.57,64.575,64.57,64.57,3
2026-09-24 00:10,64.545,64.545,64.545,64.545,1
2026-09-24 00:11,64.56,64.57,64.56,64.57,3
2026-09-24 00:12,64.575,64.575,64.575,64.575,1
2026-09-24 00:13,64.575,64.575,64.55,64.55,5
2026-09-24 00:14,64.57,64.57,64.555,64.56,5
2026-09-24 00:15,64.565,64.565,64.565,64.565,2
2026-09-24 00:16,64.58,64.58,64.575,64.575,2
2026-09-24 00:17,64.57,64.585,64.57,64.585,6
2026-09-24 00:18,64.595,64.6,64.575,64.575,4
2026-09-24 00:20,64.59,64.59,64.59,64.59,1
2026-09-24 00:21,64.565,64.565,64.565,64.565,2
2026-09-24 00:22,64.545,64.56,64.545,64.56,8
2026-09-24 00:24,64.54,64.54,64.54,64.54,3
2026-09-24 00:26,64.54,64.54,64.54,64.54,3
2026-09-24 00:28,64.53,64.55,64.53,64.55,4
2026-09-24 00:29,64.59,64.6,64.56,64.56,8
2026-09-24 00:30,64.58,64.585,64.58,64.58,3
2026-09-24 00:31,64.6,64.6,64.57,64.58,3
2026-09-24 00:32,64.615,64.62,64.615,64.62,3
2026-09-24 00:33,64.615,64.615,64.61,64.61,2
2026-09-24 00:34,64.68,64.68,64.62,64.62,32
2026-09-24 00:35,64.675,64.675,64.665,64.67,8
2026-09-24 00:36,64.675,64.675,64.67,64.67,2
2026-09-24 00:37,64.605,64.635,64.605,64.63,9
2026-09-24 00:38,64.63,64.63,64.6,64.6,8
2026-09-24 00:39,64.64,64.65,64.64,64.65,4
2026-09-24 00:40,64.6,64.62,64.6,64.62,8
2026-09-24 00:41,64.59,64.605,64.585,64.6,7
2026-09-24 00:42,64.575,64.59,64.57,64.59,6
2026-09-24 00:45,64.57,64.605,64.57,64.605,6
2026-09-24 00:46,64.59,64.59,64.575,64.575,3
2026-09-24 00:47,64.595,64.595,64.58,64.58,5
2026-09-24 00:48,64.605,64.61,64.6,64.6,5
2026-09-24 00:49,64.61,64.61,64.61,64.61,4
2026-09-24 00:50,64.605,64.61,64.6,64.6,3
2026-09-24 00:51,64.6,64.605,64.595,64.605,5
2026-09-24 00:52,64.62,64.62,64.62,64.62,3
2026-09-24 00:53,64.59,64.59,64.59,64.59,1
2026-09-24 00:54,64.64,64.64,64.615,64.615,13
2026-09-24 00:55,64.625,64.63,64.625,64.63,3
2026-09-24 00:56,64.615,64.615,64.615,64.615,4
2026-09-24 00:58,64.605,64.605,64.605,64.605,2
2026-09-24 00:59,64.605,64.605,64.6,64.605,5
2026-09-24 01:00,64.675,64.675,64.655,64.655,8
2026-09-24 01:01,64.71,64.71,64.67,64.67,6
2026-09-24 01:02,64.725,64.73,64.715,64.72,20
2026-09-24 01:03,64.76,64.76,64.715,64.72,12
2026-09-24 01:04,64.735,64.785,64.735,64.78,14
2026-09-24 01:05,64.73,64.75,64.71,64.735,21
2026-09-24 01:07,64.735,64.735,64.705,64.705,10
2026-09-24 01:08,64.765,64.78,64.725,64.725,20
2026-09-24 01:09,64.755,64.76,64.75,64.75,14
2026-09-24 01:10,64.73,64.74,64.73,64.74,2
2026-09-24 01:11,64.735,64.735,64.735,64.735,2
2026-09-24 01:12,64.695,64.705,64.695,64.705,3
2026-09-24 01:13,64.67,64.695,64.67,64.695,7
2026-09-24 01:15,64.645,64.655,64.645,64.655,4
2026-09-24 01:16,64.55,64.61,64.53,64.61,54
2026-09-24 01:17,64.595,64.595,64.565,64.565,6
2026-09-24 01:18,64.595,64.6,64.585,64.59,10
2026-09-24 01:19,64.58,64.6,64.58,64.6,3
2026-09-24 01:20,64.65,64.66,64.615,64.615,14
2026-09-24 01:21,64.585,64.64,64.58,64.63,14
2026-09-24 01:22,64.59,64.59,64.56,64.58,13
2026-09-24 01:23,64.625,64.625,64.595,64.595,18
2026-09-24 01:24,64.62,64.625,64.62,64.625,3
2026-09-24 01:25,64.635,64.64,64.605,64.605,18
2026-09-24 01:26,64.61,64.63,64.605,64.63,10
2026-09-24 01:27,64.595,64.6,64.595,64.6,4
2026-09-24 01:28,64.63,64.645,64.595,64.595,8
2026-09-24 01:29,64.64,64.64,64.615,64.63,7
2026-09-24 01:30,64.645,64.685,64.575,64.66,103
2026-09-24 01:31,64.6,64.655,64.59,64.655,5
2026-09-24 01:32,64.635,64.635,64.56,64.58,11
2026-09-24 01:33,64.625,64.695,64.61,64.61,29
2026-09-24 01:34,64.595,64.605,64.595,64.6,5
2026-09-24 01:35,64.51,64.59,64.51,64.555,28
2026-09-24 01:36,64.575,64.575,64.51,64.51,7
2026-09-24 01:37,64.59,64.59,64.58,64.59,3
2026-09-24 01:38,64.615,64.615,64.575,64.575,7
2026-09-24 01:39,64.52,64.585,64.52,64.585,4
2026-09-24 01:40,64.59,64.62,64.525,64.525,8
2026-09-24 01:41,64.535,64.545,64.52,64.545,6
2026-09-24 01:42,64.515,64.56,64.46,64.555,60
2026-09-24 01:43,64.495,64.535,64.495,64.5,15
2026-09-24 01:44,64.49,64.51,64.485,64.5,20
2026-09-24 01:45,64.555,64.555,64.465,64.485,25
2026-09-24 01:46,64.65,64.65,64.565,64.57,24
2026-09-24 01:47,64.615,64.64,64.61,64.635,31
2026-09-24 01:48,64.605,64.62,64.59,64.62,13
2026-09-24 01:49,64.555,64.57,64.52,64.57,21
2026-09-24 01:50,64.57,64.605,64.555,64.56,32
2026-09-24 01:51,64.565,64.58,64.565,64.57,9
2026-09-24 01:52,64.585,64.585,64.56,64.57,21
2026-09-24 01:53,64.59,64.61,64.58,64.58,22
2026-09-24 01:54,64.52,64.555,64.52,64.555,4
2026-09-24 01:55,64.495,64.54,64.49,64.52,18
2026-09-24 01:56,64.45,64.49,64.44,64.49,18
2026-09-24 01:57,64.46,64.46,64.43,64.44,20
2026-09-24 01:58,64.44,64.465,64.43,64.465,23
2026-09-24 01:59,64.46,64.47,64.41,64.45,25
2026-09-24 02:00,64.445,64.505,64.42,64.45,38
2026-09-24 02:01,64.445,64.47,64.43,64.44,49
2026-09-24 02:02,64.445,64.465,64.425,64.46,30
2026-09-24 02:03,64.475,64.475,64.435,64.435,15
2026-09-24 02:04,64.42,64.46,64.405,64.46,22
2026-09-24 02:05,64.495,64.495,64.425,64.43,13
2026-09-24 02:06,64.5,64.53,64.475,64.5,27
2026-09-24 02:07,64.625,64.63,64.51,64.51,52
2026-09-24 02:08,64.605,64.645,64.605,64.64,24
2026-09-24 02:09,64.615,64.615,64.565,64.575,9
2026-09-24 02:10,64.625,64.64,64.585,64.63,41
2026-09-24 02:11,64.595,64.63,64.585,64.605,15
2026-09-24 02:12,64.58,64.585,64.575,64.58,4
2026-09-24 02:13,64.585,64.585,64.565,64.575,11
2026-09-24 02:14,64.62,64.67,64.535,64.575,124
2026-09-24 02:15,64.635,64.675,64.615,64.615,94
2026-09-24 02:16,64.66,64.66,64.615,64.64,19
2026-09-24 02:17,64.69,64.74,64.65,64.68,57
2026-09-24 02:18,64.725,64.725,64.655,64.685,36
2026-09-24 02:19,64.66,64.745,64.66,64.745,49
2026-09-24 02:20,64.63,64.68,64.62,64.66,38
2026-09-24 02:21,64.65,64.66,64.65,64.65,7
2026-09-24 02:22,64.645,64.66,64.63,64.63,17
2026-09-24 02:23,64.635,64.645,64.635,64.645,7
2026-09-24 02:24,64.6,64.635,64.58,64.635,25
2026-09-24 02:25,64.605,64.635,64.585,64.595,43
2026-09-24 02:26,64.61,64.635,64.6,64.625,19
2026-09-24 02:27,64.62,64.64,64.6,64.6,21
2026-09-24 02:28,64.59,64.62,64.59,64.62,4
2026-09-24 02:29,64.575,64.585,64.56,64.585,7
2026-09-24 02:30,64.535,64.57,64.505,64.57,34
2026-09-24 02:31,64.53,64.55,64.525,64.535,21
2026-09-24 02:32,64.535,64.545,64.515,64.545,13
2026-09-24 02:33,64.47,64.52,64.47,64.52,40
2026-09-24 02:34,64.48,64.49,64.44,64.475,22
2026-09-24 02:35,64.455,64.485,64.455,64.47,26
2026-09-24 02:36,64.445,64.475,64.43,64.435,33
2026-09-24 02:37,64.44,64.44,64.375,64.425,93
2026-09-24 02:38,64.485,64.49,64.47,64.475,17
2026-09-24 02:39,64.49,64.495,64.485,64.485,10
2026-09-24 02:40,64.5,64.5,64.48,64.495,13
2026-09-24 02:41,64.51,64.54,64.495,64.495,28
2026-09-24 02:42,64.52,64.52,64.505,64.505,6
2026-09-24 02:43,64.55,64.565,64.51,64.51,15
2026-09-24 02:44,64.575,64.6,64.57,64.57,21
2026-09-24 02:45,64.555,64.555,64.555,64.555,3
2026-09-24 02:46,64.5,64.55,64.5,64.55,10
2026-09-24 02:47,64.49,64.495,64.485,64.49,13
2026-09-24 02:48,64.475,64.485,64.475,64.475,6
2026-09-24 02:49,64.53,64.53,64.465,64.47,17
2026-09-24 02:50,64.54,64.555,64.54,64.555,5
2026-09-24 02:51,64.48,64.535,64.465,64.535,10
2026-09-24 02:52,64.475,64.485,64.46,64.485,17
2026-09-24 02:53,64.49,64.49,64.485,64.485,6
2026-09-24 02:54,64.475,64.515,64.47,64.505,8
2026-09-24 02:55,64.495,64.5,64.45,64.49,49
2026-09-24 02:56,64.49,64.495,64.48,64.495,5
2026-09-24 02:57,64.505,64.52,64.49,64.49,10
2026-09-24 02:58,64.485,64.505,64.46,64.505,15
2026-09-24 02:59,64.47,64.495,64.465,64.495,17
2026-09-24 03:00,64.45,64.495,64.43,64.475,35
2026-09-24 03:01,64.45,64.475,64.44,64.455,14
2026-09-24 03:02,64.395,64.45,64.37,64.45,32
2026-09-24 03:03,64.445,64.445,64.395,64.395,13
2026-09-24 03:04,64.51,64.51,64.475,64.475,11
2026-09-24 03:05,64.6,64.6,64.5,64.51,21
2026-09-24 03:06,64.62,64.655,64.57,64.595,44
2026-09-24 03:07,64.625,64.625,64.55,64.615,23
2026-09-24 03:08,64.61,64.615,64.605,64.61,15
2026-09-24 03:09,64.685,64.685,64.595,64.61,17
2026-09-24 03:10,64.655,64.665,64.64,64.665,8
2026-09-24 03:11,64.66,64.665,64.615,64.63,29
2026-09-24 03:12,64.655,64.655,64.63,64.64,10
2026-09-24 03:13,64.625,64.675,64.625,64.65,8
2026-09-24 03:14,64.65,64.665,64.65,64.65,5
2026-09-24 03:16,64.705,64.72,64.66,64.66,26
2026-09-24 03:17,64.705,64.71,64.69,64.69,14
2026-09-24 03:18,64.73,64.73,64.69,64.695,5
2026-09-24 03:19,64.745,64.76,64.73,64.74,15
2026-09-24 03:20,64.72,64.745,64.71,64.725,16
2026-09-24 03:21,64.71,64.715,64.695,64.71,8
2026-09-24 03:22,64.72,64.72,64.71,64.71,3
2026-09-24 03:23,64.67,64.69,64.67,64.69,18
2026-09-24 03:24,64.645,64.68,64.635,64.665,14
2026-09-24 03:25,64.685,64.7,64.68,64.68,10
2026-09-24 03:26,64.655,64.665,64.655,64.665,6
2026-09-24 03:27,64.695,64.695,64.665,64.665,2
2026-09-24 03:28,64.7,64.7,64.7,64.7,1
2026-09-24 03:29,64.7,64.7,64.7,64.7,2
2026-09-24 03:30,64.72,64.755,64.72,64.73,21
2026-09-24 03:31,64.74,64.755,64.725,64.725,17
2026-09-24 03:32,64.745,64.75,64.71,64.715,24
2026-09-24 03:33,64.76,64.765,64.72,64.74,22
2026-09-24 03:34,64.66,64.7,64.66,64.7,3
2026-09-24 03:35,64.715,64.715,64.69,64.69,8
2026-09-24 03:36,64.75,64.75,64.75,64.75,3
2026-09-24 03:37,64.755,64.77,64.745,64.755,22
2026-09-24 03:38,64.725,64.76,64.725,64.76,21
2026-09-24 03:39,64.71,64.725,64.705,64.725,3
2026-09-24 03:40,64.695,64.72,64.695,64.705,15
2026-09-24 03:41,64.65,64.675,64.63,64.675,7
2026-09-24 03:42,64.63,64.64,64.625,64.64,10
2026-09-24 03:43,64.655,64.655,64.635,64.635,12
2026-09-24 03:44,64.71,64.72,64.675,64.675,8
2026-09-24 03:45,64.715,64.725,64.7,64.7,9
2026-09-24 03:46,64.72,64.73,64.715,64.72,5
2026-09-24 03:47,64.655,64.725,64.655,64.725,8
2026-09-24 03:48,64.6,64.66,64.6,64.66,8
2026-09-24 03:49,64.57,64.625,64.565,64.625,21
2026-09-24 03:50,64.585,64.585,64.545,64.555,16
2026-09-24 03:51,64.655,64.67,64.615,64.615,18
2026-09-24 03:52,64.62,64.655,64.605,64.655,9
2026-09-24 03:53,64.62,64.62,64.6,64.61,10
2026-09-24 03:54,64.61,64.625,64.605,64.61,8
2026-09-24 03:55,64.525,64.615,64.525,64.615,17
2026-09-24 03:56,64.515,64.55,64.515,64.525,29
2026-09-24 03:57,64.49,64.51,64.48,64.51,14
2026-09-24 03:58,64.47,64.5,64.47,64.48,39
2026-09-24 03:59,64.455,64.475,64.42,64.465,42
2026-09-24 04:00,64.56,64.58,64.46,64.46,69
2026-09-24 04:01,64.63,64.635,64.53,64.535,29
2026-09-24 04:02,64.62,64.64,64.6,64.635,21
2026-09-24 04:03,64.63,64.63,64.595,64.6,3
2026-09-24 04:04,64.645,64.645,64.54,64.62,73
2026-09-24 04:05,64.645,64.67,64.61,64.65,29
2026-09-24 04:06,64.62,64.67,64.595,64.65,30
2026-09-24 04:07,64.65,64.66,64.65,64.66,2
2026-09-24 04:08,64.585,64.615,64.57,64.615,21
2026-09-24 04:09,64.62,64.63,64.58,64.58,15
2026-09-24 04:10,64.61,64.655,64.61,64.62,23
2026-09-24 04:11,64.535,64.6,64.53,64.595,12
2026-09-24 04:12,64.53,64.54,64.495,64.54,18
2026-09-24 04:13,64.465,64.525,64.465,64.525,7
2026-09-24 04:14,64.43,64.46,64.405,64.46,45
2026-09-24 04:15,64.28,64.46,64.28,64.44,114
2026-09-24 04:16,64.315,64.315,64.27,64.275,59
2026-09-24 04:17,64.275,64.355,64.275,64.3,81
2026-09-24 04:18,64.215,64.28,64.185,64.27,133
2026-09-24 04:19,64.3,64.315,64.21,64.23,55
2026-09-24 04:20,64.24,64.335,64.24,64.3,47
2026-09-24 04:21,64.125,64.235,64.115,64.215,85
2026-09-24 04:22,64.175,64.19,64.135,64.135,20
2026-09-24 04:23,64.16,64.185,64.155,64.17,17
2026-09-24 04:24,64.115,64.165,64.065,64.16,201
2026-09-24 04:25,64.09,64.175,64.08,64.115,61
2026-09-24 04:26,64.04,64.115,64.03,64.085,166
2026-09-24 04:27,64.085,64.085,63.965,64.03,236
2026-09-24 04:28,64.005,64.075,63.99,64.075,85
2026-09-24 04:29,64.025,64.075,64.0,64.0,109
2026-09-24 04:30,64.13,64.15,64.005,64.035,81
2026-09-24 04:31,64.27,64.275,64.145,64.15,49
2026-09-24 04:32,64.24,64.31,64.24,64.27,101
2026-09-24 04:33,64.19,64.25,64.175,64.235,102
2026-09-24 04:34,64.135,64.215,64.105,64.205,182
2026-09-24 04:35,64.115,64.17,64.115,64.15,65
2026-09-24 04:36,64.13,64.13,64.095,64.12,79
2026-09-24 04:37,64.195,64.195,64.125,64.125,17
2026-09-24 04:38,64.19,64.195,64.165,64.195,13
2026-09-24 04:39,64.21,64.215,64.195,64.195,10
2026-09-24 04:40,64.155,64.21,64.155,64.2,19
2026-09-24 04:41,64.21,64.21,64.155,64.155,11
2026-09-24 04:42,64.215,64.225,64.195,64.195,7
2026-09-24 04:43,64.24,64.25,64.225,64.225,13
2026-09-24 04:44,64.21,64.24,64.205,64.235,17
2026-09-24 04:45,64.22,64.29,64.21,64.26,23
2026-09-24 04:46,64.21,64.235,64.2,64.235,24
2026-09-24 04:47,64.205,64.22,64.18,64.2,12
2026-09-24 04:48,64.175,64.2,64.17,64.185,29
2026-09-24 04:49,64.145,64.17,64.145,64.17,11
2026-09-24 04:50,64.185,64.185,64.14,64.15,13
2026-09-24 04:51,64.2,64.2,64.165,64.175,8
2026-09-24 04:52,64.185,64.195,64.175,64.195,9
2026-09-24 04:53,64.095,64.185,64.09,64.185,23
2026-09-24 04:54,64.085,64.09,64.055,64.09,22
2026-09-24 04:55,64.075,64.085,64.075,64.08,8
2026-09-24 04:56,64.07,64.11,64.07,64.08,25
2026-09-24 04:57,64.075,64.075,64.06,64.065,13
2026-09-24 04:58,64.13,64.14,64.095,64.095,11
2026-09-24 04:59,64.135,64.135,64.11,64.12,11
2026-09-24 05:00,64.15,64.15,64.115,64.14,33
2026-09-24 05:01,64.205,64.225,64.135,64.165,19
2026-09-24 05:02,64.14,64.21,64.14,64.21,34
2026-09-24 05:03,64.1,64.12,64.09,64.12,17
2026-09-24 05:04,64.125,64.135,64.075,64.1,25
2026-09-24 05:05,64.14,64.15,64.12,64.125,10
2026-09-24 05:06,64.175,64.175,64.135,64.135,19
2026-09-24 05:07,64.18,64.18,64.14,64.17,6
2026-09-24 05:08,64.235,64.24,64.195,64.195,14
2026-09-24 05:09,64.24,64.255,64.24,64.25,7
2026-09-24 05:10,64.22,64.245,64.22,64.23,13
2026-09-24 05:11,64.21,64.215,64.21,64.215,16
2026-09-24 05:12,64.115,64.185,64.115,64.18,10
2026-09-24 05:13,64.125,64.14,64.115,64.12,10
2026-09-24 05:14,64.15,64.155,64.13,64.135,13
2026-09-24 05:15,64.185,64.19,64.18,64.18,8
2026-09-24 05:16,64.125,64.195,64.125,64.195,13
2026-09-24 05:17,64.17,64.17,64.11,64.11,13
2026-09-24 05:18,64.15,64.15,64.125,64.125,3
2026-09-24 05:19,64.155,64.165,64.145,64.145,11
2026-09-24 05:20,64.16,64.18,64.155,64.17,13
2026-09-24 05:21,64.16,64.185,64.145,64.175,8
2026-09-24 05:22,64.165,64.165,64.155,64.165,8
2026-09-24 05:23,64.15,64.16,64.115,64.14,50
2026-09-24 05:24,64.14,64.175,64.14,64.155,9
2026-09-24 05:25,64.13,64.155,64.125,64.155,59
2026-09-24 05:26,64.095,64.135,64.095,64.135,17
2026-09-24 05:27,64.0,64.08,63.995,64.08,66
2026-09-24 05:28,63.985,64.0,63.97,64.0,39
2026-09-24 05:29,63.98,63.98,63.965,63.97,12
2026-09-24 05:30,64.03,64.03,63.955,63.985,39
2026-09-24 05:31,64.05,64.065,63.975,64.015,38
2026-09-24 05:32,64.045,64.05,64.02,64.025,27
2026-09-24 05:33,64.065,64.065,64.045,64.055,13
2026-09-24 05:34,64.05,64.05,64.05,64.05,3
2026-09-24 05:35,64.06,64.06,64.035,64.035,6
2026-09-24 05:36,64.02,64.07,64.02,64.055,11
2026-09-24 05:37,64.035,64.04,64.03,64.04,9
2026-09-24 05:38,64.02,64.02,64.015,64.015,2
2026-09-24 05:39,64.05,64.05,64.04,64.04,5
2026-09-24 05:40,64.06,64.06,64.03,64.03,5
2026-09-24 05:41,64.0,64.05,63.985,64.05,24
2026-09-24 05:42,63.985,64.0,63.985,63.995,10
2026-09-24 05:43,63.935,64.0,63.915,64.0,105
2026-09-24 05:44,63.92,63.935,63.89,63.935,37
2026-09-24 05:45,63.925,63.94,63.915,63.92,10
2026-09-24 05:46,63.955,63.955,63.915,63.915,18
2026-09-24 05:47,63.975,63.985,63.945,63.945,27
2026-09-24 05:48,63.995,64.015,63.965,63.97,23
2026-09-24 05:49,63.985,64.01,63.98,63.98,8
2026-09-24 05:50,64.05,64.05,63.99,63.99,16
2026-09-24 05:51,64.025,64.065,64.025,64.065,13
2026-09-24 05:52,64.025,64.03,64.02,64.03,4
2026-09-24 05:53,63.99,64.01,63.99,64.0,7
2026-09-24 05:54,63.965,64.01,63.955,63.99,6
2026-09-24 05:55,64.025,64.03,63.995,63.995,6
2026-09-24 05:56,64.03,64.035,64.025,64.025,3
2026-09-24 05:57,64.02,64.02,64.015,64.015,16
2026-09-24 05:58,64.0,64.005,63.975,64.005,11
2026-09-24 05:59,64.035,64.04,64.015,64.015,5
2026-09-24 06:00,64.1,64.1,64.02,64.025,36
2026-09-24 06:01,64.165,64.165,64.105,64.11,50
2026-09-24 06:02,64.125,64.2,64.115,64.175,57
2026-09-24 06:03,64.15,64.17,64.125,64.13,36
2026-09-24 06:04,64.085,64.155,64.07,64.15,21
2026-09-24 06:05,64.035,64.075,64.035,64.075,11
2026-09-24 06:06,63.995,64.035,63.995,64.025,9
2026-09-24 06:07,64.01,64.02,64.0,64.0,7
2026-09-24 06:08,64.055,64.06,64.035,64.035,6
2026-09-24 06:09,64.055,64.065,64.03,64.04,26
2026-09-24 06:10,64.105,64.195,64.07,64.07,111
2026-09-24 06:11,64.125,64.14,64.12,64.12,12
2026-09-24 06:12,64.07,64.1,64.07,64.095,27
2026-09-24 06:13,64.03,64.08,64.03,64.08,7
2026-09-24 06:14,64.02,64.05,64.01,64.01,17
2026-09-24 06:15,64.005,64.03,63.97,64.03,24
2026-09-24 06:16,64.095,64.1,64.0,64.0,23
2026-09-24 06:17,64.0,64.1,64.0,64.1,14
2026-09-24 06:18,63.97,64.03,63.97,64.025,13
2026-09-24 06:19,64.005,64.01,63.975,63.975,12
2026-09-24 06:20,63.985,64.03,63.985,64.03,14
2026-09-24 06:21,63.93,63.975,63.905,63.97,51
2026-09-24 06:22,63.91,63.94,63.9,63.93,28
2026-09-24 06:23,63.885,63.92,63.885,63.91,50
2026-09-24 06:24,63.85,63.95,63.845,63.885,140
2026-09-24 06:25,63.78,63.875,63.75,63.85,177
2026-09-24 06:26,63.85,63.895,63.75,63.775,194
2026-09-24 06:27,63.85,63.89,63.825,63.85,77
2026-09-24 06:28,63.9,63.96,63.84,63.86,72
2026-09-24 06:29,63.8,63.88,63.775,63.88,29
2026-09-24 06:30,63.795,63.865,63.775,63.8,114
2026-09-24 06:31,63.865,63.89,63.775,63.785,74
2026-09-24 06:32,63.97,63.97,63.87,63.875,41
2026-09-24 06:33,63.985,64.03,63.97,63.97,62
2026-09-24 06:34,63.985,64.02,63.98,64.0,16
2026-09-24 06:35,64.03,64.045,63.975,63.99,66
2026-09-24 06:36,64.09,64.09,64.045,64.045,86
2026-09-24 06:37,64.13,64.14,64.085,64.085,79
2026-09-24 06:38,64.175,64.175,64.12,64.125,102
2026-09-24 06:39,64.16,64.205,64.16,64.17,80
2026-09-24 06:40,64.175,64.18,64.14,64.17,41
2026-09-24 06:41,64.205,64.205,64.17,64.175,11
2026-09-24 06:42,64.225,64.235,64.225,64.225,39
2026-09-24 06:43,64.175,64.215,64.175,64.215,61
2026-09-24 06:44,64.175,64.205,64.165,64.175,27
2026-09-24 06:45,64.15,64.18,64.145,64.17,18
2026-09-24 06:46,64.17,64.17,64.14,64.14,12
2026-09-24 06:47,64.135,64.16,64.135,64.16,22
2026-09-24 06:48,64.09,64.11,64.075,64.11,49
2026-09-24 06:49,64.19,64.24,64.1,64.1,252
2026-09-24 06:50,64.155,64.195,64.155,64.195,9
2026-09-24 06:51,64.115,64.145,64.115,64.145,18
2026-09-24 06:52,64.07,64.09,64.07,64.09,8
2026-09-24 06:53,64.065,64.075,64.065,64.075,3
2026-09-24 06:54,64.025,64.055,64.025,64.05,4
2026-09-24 06:55,63.995,64.02,63.985,64.015,30
2026-09-24 06:56,64.0,64.005,63.985,64.005,8
2026-09-24 06:57,64.04,64.04,63.99,63.99,17
2026-09-24 06:58,64.055,64.07,64.055,64.065,14
2026-09-24 06:59,64.015,64.045,64.01,64.045,26
2026-09-24 07:00,64.01,64.055,63.995,64.015,131
2026-09-24 07:01,63.985,64.03,63.97,64.025,94
2026-09-24 07:02,63.98,64.0,63.97,63.995,23
2026-09-24 07:03,63.955,63.97,63.925,63.965,31
2026-09-24 07:04,63.97,63.975,63.95,63.955,20
2026-09-24 07:05,63.99,63.99,63.955,63.965,14
2026-09-24 07:06,64.0,64.005,63.98,63.985,14
2026-09-24 07:07,63.975,64.0,63.965,63.99,9
2026-09-24 07:08,63.955,64.02,63.955,63.975,25
2026-09-24 07:09,63.95,63.955,63.935,63.935,3
2026-09-24 07:10,64.0,64.025,63.995,63.995,29
2026-09-24 07:11,64.01,64.025,64.005,64.025,9
2026-09-24 07:12,63.985,64.02,63.985,64.02,11
2026-09-24 07:13,64.015,64.015,63.97,63.97,31
2026-09-24 07:14,64.09,64.09,64.0,64.0,154
2026-09-24 07:15,64.11,64.14,64.01,64.075,180
2026-09-24 07:16,64.09,64.12,64.05,64.105,34
2026-09-24 07:17,64.02,64.08,64.015,64.07,23
2026-09-24 07:18,64.075,64.075,64.03,64.03,15
2026-09-24 07:19,64.085,64.095,64.07,64.08,18
2026-09-24 07:20,64.15,64.165,64.08,64.08,48
2026-09-24 07:21,64.09,64.14,64.09,64.14,19
2026-09-24 07:22,64.1,64.105,64.075,64.09,14
2026-09-24 07:23,64.08,64.1,64.08,64.095,8
2026-09-24 07:24,64.12,64.14,64.08,64.09,44
2026-09-24 07:25,64.11,64.12,64.105,64.115,15
2026-09-24 07:26,64.14,64.14,64.085,64.095,15
2026-09-24 07:27,64.105,64.115,64.1,64.11,6
2026-09-24 07:28,64.09,64.13,64.085,64.13,15
2026-09-24 07:29,64.05,64.05,64.045,64.05,8
2026-09-24 07:30,64.075,64.08,64.03,64.03,21
2026-09-24 07:31,64.045,64.095,64.045,64.055,16
2026-09-24 07:32,64.03,64.05,64.03,64.045,7
2026-09-24 07:33,64.005,64.025,64.0,64.025,14
2026-09-24 07:34,63.955,64.025,63.955,64.01,33
2026-09-24 07:35,63.99,63.99,63.95,63.955,16
2026-09-24 07:36,64.01,64.02,64.005,64.005,8
2026-09-24 07:37,63.975,64.025,63.975,64.025,12
2026-09-24 07:38,63.935,63.975,63.935,63.975,50
2026-09-24 07:39,63.965,63.965,63.925,63.93,13
2026-09-24 07:40,63.945,63.975,63.945,63.965,6
2026-09-24 07:41,63.93,63.945,63.93,63.945,6
2026-09-24 07:42,63.95,63.955,63.95,63.955,4
2026-09-24 07:43,63.945,63.955,63.94,63.955,8
2026-09-24 07:44,63.95,63.95,63.93,63.935,17
2026-09-24 07:45,63.94,63.96,63.94,63.955,36
2026-09-24 07:46,63.945,63.945,63.93,63.94,7
2026-09-24 07:47,63.955,63.955,63.94,63.94,4
2026-09-24 07:48,63.945,63.95,63.935,63.945,8
2026-09-24 07:49,63.93,63.955,63.93,63.95,17
2026-09-24 07:50,63.915,63.94,63.915,63.935,11
2026-09-24 07:51,63.935,63.94,63.91,63.92,11
2026-09-24 07:52,63.935,63.945,63.935,63.945,2
2026-09-24 07:53,63.955,63.955,63.955,63.955,2
2026-09-24 07:54,63.93,63.93,63.93,63.93,1
2026-09-24 07:55,63.945,63.97,63.94,63.96,4
2026-09-24 07:56,63.95,63.95,63.93,63.93,6
2026-09-24 07:57,63.945,63.945,63.925,63.93,4
2026-09-24 07:58,63.955,63.955,63.935,63.94,14
2026-09-24 07:59,63.985,63.995,63.955,63.96,74
2026-09-24 08:00,63.935,64.0,63.935,63.99,37
2026-09-24 08:01,63.875,63.96,63.875,63.945,26
2026-09-24 08:02,63.945,64.0,63.865,63.885,203
2026-09-24 08:03,63.84,63.865,63.84,63.865,11
2026-09-24 08:04,63.875,63.875,63.83,63.835,33
2026-09-24 08:05,63.875,63.9,63.855,63.88,18
2026-09-24 08:06,63.9,63.9,63.855,63.89,9
2026-09-24 08:07,63.89,63.9,63.845,63.89,38
2026-09-24 08:08,64.005,64.015,63.88,63.89,25
2026-09-24 08:09,64.025,64.055,64.015,64.025,37
2026-09-24 08:10,64.025,64.035,64.0,64.035,19
2026-09-24 08:11,63.995,64.02,63.995,64.015,12
2026-09-24 08:12,64.03,64.055,63.99,63.99,15
2026-09-24 08:13,64.05,64.065,64.015,64.025,78
2026-09-24 08:14,64.045,64.07,64.035,64.045,45
2026-09-24 08:15,64.055,64.075,64.055,64.06,18
2026-09-24 08:16,64.06,64.065,64.045,64.06,15
2026-09-24 08:17,64.04,64.065,64.03,64.065,10
2026-09-24 08:18,64.055,64.065,64.05,64.05,15
2026-09-24 08:19,64.05,64.07,64.04,64.05,19
2026-09-24 08:20,64.105,64.145,64.03,64.045,102
2026-09-24 08:21,64.13,64.16,64.1,64.115,104
2026-09-24 08:22,64.12,64.15,64.12,64.13,36
2026-09-24 08:23,64.08,64.15,64.08,64.15,38
2026-09-24 08:24,64.13,64.14,64.055,64.08,49
2026-09-24 08:25,64.11,64.145,64.035,64.13,192
2026-09-24 08:26,64.055,64.105,64.05,64.1,39
2026-09-24 08:27,64.09,64.09,64.04,64.045,31
2026-09-24 08:28,64.085,64.1,64.07,64.08,22
2026-09-24 08:29,64.13,64.13,64.08,64.08,29
2026-09-24 08:30,64.135,64.16,64.085,64.125,44
2026-09-24 08:31,64.03,64.135,64.025,64.135,47
2026-09-24 08:32,64.05,64.075,64.01,64.02,28
2026-09-24 08:33,63.925,64.045,63.91,64.045,69
2026-09-24 08:34,63.95,63.97,63.915,63.92,41
2026-09-24 08:35,63.88,63.94,63.87,63.94,66
2026-09-24 08:36,63.87,63.88,63.84,63.86,49
2026-09-24 08:37,63.855,63.91,63.84,63.865,53
2026-09-24 08:38,63.83,63.855,63.805,63.85,91
2026-09-24 08:39,63.92,63.92,63.81,63.825,58
2026-09-24 08:40,63.95,63.96,63.915,63.925,56
2026-09-24 08:41,64.06,64.06,63.94,63.95,70
2026-09-24 08:42,64.0,64.1,64.0,64.08,99
2026-09-24 08:43,63.985,64.045,63.955,64.005,36
2026-09-24 08:44,64.0,64.02,63.96,63.985,20
2026-09-24 08:45,64.035,64.045,63.99,63.99,30
2026-09-24 08:46,64.01,64.035,64.01,64.035,27
2026-09-24 08:47,64.0,64.015,63.995,64.015,14
2026-09-24 08:48,63.99,64.03,63.98,64.01,40
2026-09-24 08:49,63.985,64.005,63.98,63.995,53
2026-09-24 08:50,63.955,64.015,63.92,63.97,68
2026-09-24 08:51,63.985,64.025,63.975,63.975,49
2026-09-24 08:52,64.015,64.03,63.955,63.99,50
2026-09-24 08:53,63.96,64.01,63.96,64.01,49
2026-09-24 08:54,64.075,64.09,63.985,63.985,59
2026-09-24 08:55,64.09,64.12,64.055,64.065,47
2026-09-24 08:56,64.105,64.165,64.09,64.115,85
2026-09-24 08:57,64.15,64.15,64.09,64.105,39
2026-09-24 08:58,64.145,64.155,64.125,64.145,43
2026-09-24 08:59,64.1,64.155,64.08,64.145,38
2026-09-24 09:00,64.135,64.145,64.065,64.09,133
2026-09-24 09:01,64.15,64.17,64.135,64.15,59
2026-09-24 09:02,64.15,64.15,64.125,64.145,88
2026-09-24 09:03,64.055,64.16,64.045,64.16,43
2026-09-24 09:04,64.055,64.105,64.055,64.065,58
2026-09-24 09:05,64.04,64.085,64.02,64.06,42
2026-09-24 09:06,63.99,64.035,63.975,64.03,63
2026-09-24 09:07,63.95,63.985,63.925,63.985,28
2026-09-24 09:08,63.97,63.985,63.905,63.915,35
2026-09-24 09:09,63.97,63.98,63.96,63.975,22
2026-09-24 09:10,64.03,64.045,63.96,63.96,53
2026-09-24 09:11,64.035,64.08,64.015,64.02,23
2026-09-24 09:12,64.04,64.08,64.025,64.06,60
2026-09-24 09:13,64.03,64.05,64.03,64.04,6
2026-09-24 09:14,64.01,64.035,64.0,64.025,35
2026-09-24 09:15,63.99,64.035,63.97,64.015,16
2026-09-24 09:16,63.95,64.005,63.95,64.0,31
2026-09-24 09:17,63.935,63.97,63.935,63.95,35
2026-09-24 09:18,63.99,64.02,63.94,63.94,30
2026-09-24 09:19,63.96,64.005,63.945,63.99,37
2026-09-24 09:20,63.955,63.985,63.95,63.965,30
2026-09-24 09:21,63.97,63.97,63.94,63.95,16
2026-09-24 09:22,64.005,64.015,63.965,63.965,33
2026-09-24 09:23,63.955,64.0,63.955,64.0,13
2026-09-24 09:24,63.955,63.99,63.945,63.96,28
2026-09-24 09:25,63.935,63.96,63.92,63.945,41
2026-09-24 09:26,63.935,63.935,63.895,63.91,57
2026-09-24 09:27,63.915,63.93,63.905,63.93,19
2026-09-24 09:28,63.88,63.925,63.875,63.92,17
2026-09-24 09:29,63.895,63.905,63.855,63.875,27
2026-09-24 09:30,63.93,63.935,63.85,63.895,148
2026-09-24 09:31,63.83,63.935,63.765,63.935,185
2026-09-24 09:32,63.82,63.865,63.8,63.82,76
2026-09-24 09:33,63.805,63.855,63.78,63.815,95
2026-09-24 09:34,63.805,63.815,63.77,63.805,36
2026-09-24 09:35,63.735,63.805,63.735,63.795,145
2026-09-24 09:36,63.77,63.775,63.735,63.735,77
2026-09-24 09:37,63.78,63.835,63.745,63.765,141
2026-09-24 09:38,63.795,63.815,63.765,63.765,35
2026-09-24 09:39,63.745,63.865,63.725,63.8,146
2026-09-24 09:40,63.76,63.815,63.725,63.75,67
2026-09-24 09:41,63.72,63.8,63.675,63.755,125
2026-09-24 09:42,63.81,63.865,63.725,63.735,96
2026-09-24 09:43,63.86,63.87,63.795,63.81,39
2026-09-24 09:44,63.9,63.9,63.845,63.865,40
2026-09-24 09:45,63.875,63.93,63.83,63.88,73
2026-09-24 09:46,63.87,63.92,63.845,63.86,38
2026-09-24 09:47,63.82,63.9,63.815,63.885,76
2026-09-24 09:48,63.83,63.845,63.815,63.815,25
2026-09-24 09:49,63.83,63.84,63.785,63.835,27
2026-09-24 09:50,63.78,63.83,63.73,63.815,67
2026-09-24 09:51,63.715,63.82,63.71,63.765,58
2026-09-24 09:52,63.775,63.81,63.68,63.715,46
2026-09-24 09:53,63.735,63.77,63.7,63.77,34
2026-09-24 09:54,63.715,63.785,63.715,63.745,34
2026-09-24 09:55,63.81,63.83,63.685,63.705,76
2026-09-24 09:56,63.785,63.82,63.77,63.805,49
2026-09-24 09:57,63.785,63.8,63.78,63.795,18
2026-09-24 09:58,63.795,63.81,63.785,63.8,26
2026-09-24 09:59,63.825,63.83,63.79,63.79,26
2026-09-24 10:00,63.83,63.85,63.795,63.82,53
2026-09-24 10:01,63.845,63.87,63.815,63.835,55
2026-09-24 10:02,63.875,63.925,63.84,63.84,83
2026-09-24 10:03,63.9,63.905,63.84,63.88,70
2026-09-24 10:04,63.95,63.965,63.895,63.895,91
2026-09-24 10:05,63.895,63.95,63.845,63.95,135
2026-09-24 10:06,63.88,63.905,63.835,63.88,89
2026-09-24 10:07,63.93,63.94,63.86,63.885,52
2026-09-24 10:08,63.93,63.93,63.85,63.925,60
2026-09-24 10:09,63.885,63.95,63.87,63.93,138
2026-09-24 10:10,63.935,63.97,63.86,63.89,125
2026-09-24 10:11,63.92,63.935,63.89,63.935,32
2026-09-24 10:12,63.865,63.935,63.865,63.9,48
2026-09-24 10:13,63.94,63.965,63.87,63.87,45
2026-09-24 10:14,63.945,63.96,63.94,63.95,21
2026-09-24 10:15,63.865,63.975,63.865,63.935,80
2026-09-24 10:16,63.855,63.86,63.82,63.86,60
2026-09-24 10:17,63.905,63.97,63.845,63.865,160
2026-09-24 10:18,63.945,63.945,63.86,63.9,28
2026-09-24 10:19,63.855,63.945,63.855,63.945,34
2026-09-24 10:20,63.835,63.88,63.83,63.86,31
2026-09-24 10:21,63.82,63.845,63.81,63.845,25
2026-09-24 10:22,63.865,63.88,63.825,63.83,25
2026-09-24 10:23,63.88,63.885,63.85,63.855,25
2026-09-24 10:24,63.91,63.925,63.865,63.865,20
2026-09-24 10:25,63.865,63.92,63.865,63.92,45
2026-09-24 10:26,63.895,63.9,63.835,63.87,26
2026-09-24 10:27,64.03,64.05,63.895,63.925,134
2026-09-24 10:28,63.99,64.035,63.98,64.035,48
2026-09-24 10:29,63.975,64.0,63.95,63.985,26
2026-09-24 10:30,63.86,63.975,63.86,63.97,87
2026-09-24 10:31,63.905,63.92,63.83,63.86,62
2026-09-24 10:32,63.855,63.92,63.82,63.905,50
2026-09-24 10:33,63.865,63.875,63.765,63.86,94
2026-09-24 10:34,63.91,63.925,63.865,63.865,36
2026-09-24 10:35,63.935,63.955,63.89,63.925,28
2026-09-24 10:36,63.92,63.925,63.885,63.91,6
2026-09-24 10:37,63.92,63.97,63.905,63.955,9
2026-09-24 10:38,63.83,63.925,63.83,63.925,36
2026-09-24 10:39,63.815,63.835,63.805,63.825,34
2026-09-24 10:40,63.81,63.84,63.81,63.835,25
2026-09-24 10:41,63.825,63.825,63.79,63.805,18
2026-09-24 10:42,63.83,63.875,63.83,63.83,26
2026-09-24 10:43,63.8,63.81,63.775,63.81,30
2026-09-24 10:44,63.77,63.815,63.76,63.795,47
2026-09-24 10:45,63.75,63.765,63.72,63.765,32
2026-09-24 10:46,63.72,63.78,63.68,63.725,70
2026-09-24 10:47,63.74,63.775,63.715,63.715,28
2026-09-24 10:48,63.74,63.77,63.735,63.735,11
2026-09-24 10:49,63.725,63.75,63.705,63.73,55
2026-09-24 10:50,63.765,63.86,63.725,63.725,200
2026-09-24 10:51,63.785,63.8,63.785,63.79,35
2026-09-24 10:52,63.82,63.86,63.805,63.81,48
2026-09-24 10:53,63.845,63.85,63.815,63.83,36
2026-09-24 10:54,63.785,63.86,63.785,63.86,21
2026-09-24 10:55,63.705,63.775,63.695,63.775,58
2026-09-24 10:56,63.69,63.715,63.685,63.7,47
2026-09-24 10:57,63.67,63.7,63.645,63.685,82
2026-09-24 10:58,63.695,63.7,63.65,63.67,66
2026-09-24 10:59,63.71,63.71,63.685,63.685,12
2026-09-24 11:00,63.77,63.79,63.685,63.695,96
2026-09-24 11:01,63.74,63.77,63.72,63.755,33
2026-09-24 11:02,63.72,63.765,63.685,63.75,31
2026-09-24 11:03,63.66,63.74,63.65,63.7,35
2026-09-24 11:04,63.65,63.705,63.64,63.68,51
2026-09-24 11:05,63.64,63.66,63.63,63.64,70
2026-09-24 11:06,63.67,63.685,63.635,63.645,117
2026-09-24 11:07,63.68,63.68,63.62,63.655,41
2026-09-24 11:08,63.63,63.665,63.62,63.665,47
2026-09-24 11:09,63.605,63.625,63.58,63.625,71
2026-09-24 11:10,63.62,63.64,63.605,63.61,58
2026-09-24 11:11,63.64,63.67,63.62,63.63,59
2026-09-24 11:12,63.61,63.645,63.61,63.645,35
2026-09-24 11:13,63.505,63.615,63.505,63.605,162
2026-09-24 11:14,63.56,63.565,63.505,63.505,84
2026-09-24 11:15,63.635,63.655,63.55,63.55,139
2026-09-24 11:16,63.695,63.76,63.605,63.625,236
2026-09-24 11:17,63.68,63.72,63.665,63.705,58
2026-09-24 11:18,63.67,63.68,63.63,63.67,38
2026-09-24 11:19,63.67,63.71,63.67,63.685,42
2026-09-24 11:20,63.705,63.705,63.64,63.64,35
2026-09-24 11:21,63.765,63.78,63.695,63.695,120
2026-09-24 11:22,63.765,63.785,63.75,63.77,50
2026-09-24 11:23,63.785,63.785,63.76,63.77,28
2026-09-24 11:24,63.78,63.8,63.75,63.775,52
2026-09-24 11:25,63.695,63.785,63.695,63.785,44
2026-09-24 11:26,63.685,63.7,63.675,63.7,27
2026-09-24 11:27,63.63,63.665,63.625,63.665,56
2026-09-24 11:28,63.625,63.655,63.62,63.62,27
2026-09-24 11:29,63.61,63.615,63.6,63.61,30
2026-09-24 11:30,63.605,63.635,63.605,63.61,45
2026-09-24 11:31,63.605,63.64,63.595,63.595,53
2026-09-24 11:32,63.62,63.65,63.575,63.585,36
2026-09-24 11:33,63.635,63.65,63.62,63.625,26
2026-09-24 11:34,63.625,63.635,63.6,63.62,27
2026-09-24 11:35,63.62,63.63,63.6,63.605,19
2026-09-24 11:36,63.615,63.675,63.605,63.65,25
2026-09-24 11:37,63.67,63.675,63.63,63.63,34
2026-09-24 11:38,63.7,63.7,63.68,63.68,21
2026-09-24 11:39,63.705,63.705,63.66,63.69,23
2026-09-24 11:40,63.665,63.725,63.66,63.72,28
2026-09-24 11:41,63.7,63.7,63.665,63.665,27
2026-09-24 11:42,63.665,63.7,63.66,63.66,38
2026-09-24 11:43,63.655,63.67,63.655,63.655,23
2026-09-24 11:44,63.725,63.73,63.675,63.685,41
2026-09-24 11:45,63.74,63.75,63.715,63.73,79
2026-09-24 11:46,63.695,63.765,63.69,63.755,50
2026-09-24 11:47,63.695,63.765,63.69,63.715,44
2026-09-24 11:48,63.675,63.7,63.665,63.69,27
2026-09-24 11:49,63.695,63.715,63.605,63.66,98
2026-09-24 11:50,63.77,63.77,63.665,63.665,26
2026-09-24 11:51,63.795,63.805,63.775,63.775,46
2026-09-24 11:52,63.785,63.825,63.785,63.795,73
2026-09-24 11:53,63.755,63.825,63.755,63.785,24
2026-09-24 11:54,63.745,63.745,63.72,63.745,38
2026-09-24 11:55,63.71,63.755,63.71,63.74,29
2026-09-24 11:56,63.725,63.73,63.705,63.715,88
2026-09-24 11:57,63.765,63.775,63.735,63.735,32
2026-09-24 11:58,63.74,63.76,63.74,63.76,17
2026-09-24 11:59,63.74,63.74,63.71,63.735,33
2026-09-24 12:00,63.69,63.755,63.665,63.745,58
2026-09-24 12:01,63.68,63.695,63.64,63.69,34
2026-09-24 12:02,63.67,63.69,63.67,63.685,22
2026-09-24 12:03,63.68,63.68,63.66,63.665,16
2026-09-24 12:04,63.675,63.675,63.65,63.67,32
2026-09-24 12:05,63.7,63.7,63.665,63.675,23
2026-09-24 12:06,63.65,63.7,63.65,63.7,18
2026-09-24 12:07,63.625,63.655,63.62,63.65,15
2026-09-24 12:08,63.62,63.635,63.61,63.625,29
2026-09-24 12:09,63.645,63.645,63.62,63.63,33
2026-09-24 12:10,63.63,63.665,63.63,63.64,13
2026-09-24 12:11,63.65,63.655,63.625,63.63,32
2026-09-24 12:12,63.655,63.67,63.655,63.665,6
2026-09-24 12:13,63.685,63.705,63.65,63.65,45
2026-09-24 12:14,63.845,63.86,63.695,63.695,166
2026-09-24 12:15,63.995,64.03,63.79,63.85,834
2026-09-24 12:16,64.285,64.385,63.96,64.015,790
2026-09-24 12:17,64.24,64.365,64.19,64.28,572
2026-09-24 12:18,64.24,64.43,64.23,64.235,430
2026-09-24 12:19,64.22,64.33,64.145,64.23,240
2026-09-24 12:20,64.275,64.42,64.215,64.215,215
2026-09-24 12:21,64.27,64.35,64.25,64.295,126
2026-09-24 12:22,64.2,64.275,64.19,64.25,81
2026-09-24 12:23,64.155,64.23,64.15,64.225,126
2026-09-24 12:24,64.245,64.245,64.125,64.15,62
2026-09-24 12:25,64.195,64.28,64.16,64.25,97
2026-09-24 12:26,64.24,64.265,64.175,64.185,58
2026-09-24 12:27,64.26,64.3,64.165,64.235,44
2026-09-24 12:28,64.29,64.3,64.245,64.255,93
2026-09-24 12:29,64.275,64.305,64.24,64.28,53
2026-09-24 12:30,64.28,64.3,64.26,64.295,37
2026-09-24 12:31,64.18,64.28,64.18,64.27,63
2026-09-24 12:32,64.17,64.185,64.135,64.175,45
2026-09-24 12:33,64.235,64.28,64.17,64.17,60
2026-09-24 12:34,64.19,64.265,64.155,64.215,85
2026-09-24 12:35,64.22,64.245,64.175,64.205,82
2026-09-24 12:36,64.27,64.28,64.22,64.22,61
2026-09-24 12:37,64.26,64.31,64.26,64.285,54
2026-09-24 12:38,64.25,64.28,64.22,64.265,38
2026-09-24 12:39,64.32,64.32,64.265,64.265,46
2026-09-24 12:40,64.39,64.395,64.31,64.31,54
2026-09-24 12:41,64.39,64.405,64.36,64.39,95
2026-09-24 12:42,64.455,64.465,64.4,64.4,164
2026-09-24 12:43,64.375,64.47,64.36,64.455,57
2026-09-24 12:44,64.235,64.385,64.235,64.365,59
2026-09-24 12:45,64.23,64.24,64.2,64.23,95
2026-09-24 12:46,64.285,64.315,64.225,64.225,137
2026-09-24 12:47,64.245,64.265,64.215,64.26,69
2026-09-24 12:48,64.295,64.3,64.255,64.255,26
2026-09-24 12:49,64.285,64.295,64.255,64.295,15
2026-09-24 12:50,64.245,64.3,64.24,64.295,76
2026-09-24 12:51,64.3,64.315,64.21,64.23,98
2026-09-24 12:52,64.165,64.29,64.16,64.29,27
2026-09-24 12:53,64.135,64.205,64.125,64.185,46
2026-09-24 12:54,64.17,64.19,64.135,64.14,28
2026-09-24 12:55,64.175,64.19,64.165,64.165,25
2026-09-24 12:56,64.195,64.205,64.175,64.175,14
2026-09-24 12:57,64.175,64.22,64.175,64.185,15
2026-09-24 12:58,64.18,64.195,64.16,64.17,21
2026-09-24 12:59,64.11,64.16,64.11,64.155,32
2026-09-24 13:00,64.125,64.125,64.045,64.11,107
2026-09-24 13:01,64.15,64.195,64.09,64.115,135
2026-09-24 13:02,64.185,64.185,64.06,64.15,147
2026-09-24 13:03,64.23,64.285,64.19,64.19,78
2026-09-24 13:04,64.16,64.22,64.105,64.22,92
2026-09-24 13:05,64.2,64.215,64.17,64.19,44
2026-09-24 13:06,64.2,64.235,64.19,64.21,32
2026-09-24 13:07,64.18,64.25,64.18,64.19,37
2026-09-24 13:08,64.2,64.2,64.155,64.16,14
2026-09-24 13:09,64.17,64.195,64.165,64.195,17
2026-09-24 13:10,64.1,64.16,64.04,64.16,355
2026-09-24 13:11,64.085,64.1,64.04,64.09,62
2026-09-24 13:12,64.06,64.08,64.035,64.08,33
2026-09-24 13:13,64.115,64.115,64.05,64.055,13
2026-09-24 13:14,64.135,64.15,64.115,64.13,23
2026-09-24 13:15,64.055,64.135,64.055,64.13,35
2026-09-24 13:16,64.085,64.105,64.06,64.065,21
2026-09-24 13:17,64.05,64.08,64.05,64.08,16
2026-09-24 13:18,64.095,64.095,64.035,64.055,25
2026-09-24 13:19,64.03,64.09,64.02,64.085,61
2026-09-24 13:20,64.06,64.07,63.99,64.025,106
2026-09-24 13:21,64.04,64.075,64.025,64.04,25
2026-09-24 13:22,64.035,64.065,64.035,64.04,47
2026-09-24 13:23,64.035,64.075,64.03,64.03,96
2026-09-24 13:24,63.97,64.055,63.96,64.035,561
2026-09-24 13:25,63.945,63.98,63.915,63.97,97
2026-09-24 13:26,63.93,63.95,63.91,63.945,110
2026-09-24 13:27,63.88,63.935,63.84,63.92,126
2026-09-24 13:28,63.905,63.925,63.88,63.88,41
2026-09-24 13:29,63.93,63.935,63.885,63.9,43
2026-09-24 13:30,63.975,63.98,63.93,63.93,97
2026-09-24 13:31,63.97,63.985,63.96,63.97,71
2026-09-24 13:32,63.975,63.99,63.955,63.97,38
2026-09-24 13:33,63.99,64.005,63.965,63.98,27
2026-09-24 13:34,63.915,63.995,63.915,63.995,44
2026-09-24 13:35,63.91,63.92,63.895,63.91,15
2026-09-24 13:36,63.9,63.915,63.885,63.905,25
2026-09-24 13:37,63.91,63.925,63.885,63.885,25
2026-09-24 13:38,63.885,63.915,63.885,63.905,8
2026-09-24 13:39,63.94,63.945,63.905,63.905,12
2026-09-24 13:40,63.945,63.96,63.935,63.94,14
2026-09-24 13:41,63.95,63.97,63.925,63.965,102
2026-09-24 13:42,63.955,63.955,63.915,63.92,22
2026-09-24 13:43,63.9,63.96,63.875,63.945,41
2026-09-24 13:44,63.895,63.895,63.87,63.885,25
2026-09-24 13:45,63.9,63.9,63.855,63.855,29
2026-09-24 13:46,63.92,63.925,63.905,63.905,10
2026-09-24 13:47,63.935,63.935,63.885,63.915,22
2026-09-24 13:48,63.91,63.935,63.91,63.935,13
2026-09-24 13:49,63.925,63.925,63.91,63.915,9
2026-09-24 13:50,63.955,63.955,63.92,63.925,25
2026-09-24 13:51,63.93,63.95,63.915,63.95,42
2026-09-24 13:52,63.945,63.955,63.925,63.925,32
2026-09-24 13:53,63.955,63.975,63.935,63.935,34
2026-09-24 13:54,63.955,63.96,63.935,63.945,28
2026-09-24 13:55,63.965,63.985,63.945,63.96,35
2026-09-24 13:56,64.015,64.025,63.97,63.97,58
2026-09-24 13:57,64.01,64.03,63.99,64.02,42
2026-09-24 13:58,64.03,64.03,64.0,64.02,23
2026-09-24 13:59,64.06,64.075,64.025,64.025,16
2026-09-24 14:00,64.015,64.055,64.0,64.055,23
2026-09-24 14:01,63.94,64.02,63.905,64.02,48
2026-09-24 14:02,63.84,63.94,63.82,63.94,68
2026-09-24 14:03,63.79,63.86,63.78,63.83,81
2026-09-24 14:04,63.775,63.81,63.775,63.775,18
2026-09-24 14:05,63.83,63.84,63.78,63.785,82
2026-09-24 14:06,63.91,63.92,63.82,63.825,72
2026-09-24 14:07,63.935,63.94,63.92,63.925,20
2026-09-24 14:08,63.96,63.98,63.945,63.945,13
2026-09-24 14:09,63.955,63.96,63.955,63.955,3
2026-09-24 14:10,64.03,64.03,63.995,63.995,9
2026-09-24 14:11,64.04,64.05,63.995,64.035,35
2026-09-24 14:12,64.03,64.065,64.025,64.045,21
2026-09-24 14:13,64.05,64.05,64.035,64.035,3
2026-09-24 14:14,64.095,64.095,64.075,64.075,13
2026-09-24 14:15,64.08,64.1,64.065,64.1,16
2026-09-24 14:16,64.115,64.13,64.095,64.095,18
2026-09-24 14:17,64.095,64.11,64.095,64.11,12
2026-09-24 14:18,64.1,64.14,64.095,64.105,14
2026-09-24 14:19,64.095,64.11,64.08,64.09,29
2026-09-24 14:20,64.09,64.105,64.08,64.105,9
2026-09-24 14:21,64.09,64.09,64.08,64.085,5
2026-09-24 14:22,64.09,64.095,64.09,64.095,2
2026-09-24 14:23,64.115,64.115,64.09,64.09,8
2026-09-24 14:24,64.115,64.125,64.105,64.11,20
2026-09-24 14:25,64.18,64.23,64.105,64.105,169
2026-09-24 14:26,64.225,64.24,64.205,64.23,80
2026-09-24 14:27,64.22,64.245,64.22,64.23,38
2026-09-24 14:28,64.26,64.27,64.215,64.22,27
2026-09-24 14:29,64.26,64.28,64.255,64.265,15
2026-09-24 14:30,64.295,64.295,64.255,64.255,18
2026-09-24 14:31,64.25,64.3,64.25,64.3,20
2026-09-24 14:32,64.245,64.255,64.235,64.255,10
2026-09-24 14:33,64.24,64.265,64.24,64.24,24
2026-09-24 14:34,64.195,64.24,64.195,64.24,8
2026-09-24 14:35,64.16,64.185,64.16,64.185,12
2026-09-24 14:36,64.14,64.15,64.135,64.145,14
2026-09-24 14:37,64.145,64.155,64.14,64.14,8
2026-09-24 14:38,64.39,64.395,64.175,64.175,340
2026-09-24 14:39,64.345,64.485,64.345,64.4,174
2026-09-24 14:40,64.265,64.345,64.245,64.34,26
2026-09-24 14:41,64.265,64.275,64.22,64.25,27
2026-09-24 14:42,64.24,64.26,64.215,64.26,3
2026-09-24 14:43,64.215,64.225,64.18,64.225,13
2026-09-24 14:44,64.23,64.23,64.215,64.23,7
2026-09-24 14:45,64.235,64.235,64.215,64.215,16
2026-09-24 14:46,64.235,64.235,64.225,64.225,5
2026-09-24 14:47,64.215,64.24,64.21,64.24,4
2026-09-24 14:48,64.24,64.24,64.225,64.225,2
2026-09-24 14:49,64.255,64.255,64.23,64.235,13
2026-09-24 14:50,64.365,64.38,64.25,64.25,145
2026-09-24 14:51,64.29,64.36,64.265,64.36,32
2026-09-24 14:52,64.315,64.315,64.29,64.295,8
2026-09-24 14:53,64.305,64.32,64.29,64.29,17
2026-09-24 14:54,64.275,64.29,64.275,64.275,3
2026-09-24 14:55,64.29,64.29,64.275,64.275,4
2026-09-24 14:56,64.29,64.31,64.275,64.28,46
2026-09-24 14:57,64.27,64.29,64.265,64.275,8
2026-09-24 14:58,64.275,64.295,64.275,64.28,8
2026-09-24 14:59,64.225,64.245,64.215,64.245,35
2026-09-24 15:00,64.2,64.22,64.185,64.215,43
2026-09-24 15:01,64.165,64.235,64.115,64.19,115
2026-09-24 15:02,64.125,64.185,64.125,64.17,16
2026-09-24 15:03,64.085,64.14,64.085,64.135,12
2026-09-24 15:04,64.095,64.1,64.065,64.08,16
2026-09-24 15:05,64.115,64.115,64.105,64.105,5
2026-09-24 15:06,64.12,64.135,64.12,64.13,6
2026-09-24 15:07,64.15,64.15,64.135,64.135,17
2026-09-24 15:08,64.135,64.155,64.115,64.145,15
2026-09-24 15:09,64.13,64.14,64.13,64.14,2
2026-09-24 15:10,64.105,64.135,64.105,64.135,8
2026-09-24 15:11,64.085,64.085,64.085,64.085,3
2026-09-24 15:12,64.09,64.095,64.08,64.095,7
2026-09-24 15:13,64.095,64.1,64.09,64.09,7
2026-09-24 15:14,64.05,64.085,64.05,64.08,16
2026-09-24 15:15,64.085,64.085,64.06,64.06,15
2026-09-24 15:16,64.105,64.105,64.09,64.09,4
2026-09-24 15:17,64.115,64.135,64.08,64.125,42
2026-09-24 15:18,64.135,64.145,64.135,64.135,5
2026-09-24 15:19,64.125,64.125,64.11,64.115,18
2026-09-24 15:20,64.105,64.135,64.09,64.135,21
2026-09-24 15:21,64.12,64.12,64.08,64.08,17
2026-09-24 15:22,64.135,64.145,64.1,64.115,17
2026-09-24 15:23,64.135,64.135,64.115,64.13,7
2026-09-24 15:24,64.17,64.17,64.16,64.16,30
2026-09-24 15:25,64.2,64.205,64.185,64.185,15
2026-09-24 15:26,64.205,64.21,64.19,64.195,12
2026-09-24 15:27,64.185,64.185,64.185,64.185,1
2026-09-24 15:28,64.165,64.18,64.165,64.18,6
2026-09-24 15:29,64.14,64.15,64.14,64.145,11
2026-09-24 15:30,64.135,64.15,64.135,64.14,5
2026-09-24 15:31,64.145,64.145,64.145,64.145,1
2026-09-24 15:32,64.11,64.145,64.11,64.145,9
2026-09-24 15:33,64.12,64.125,64.1,64.115,21
2026-09-24 15:34,64.13,64.13,64.1,64.115,12
2026-09-24 15:35,64.105,64.135,64.105,64.135,3
2026-09-24 15:36,64.125,64.145,64.12,64.12,15
2026-09-24 15:37,64.125,64.125,64.105,64.12,5
2026-09-24 15:38,64.125,64.135,64.125,64.135,3
2026-09-24 15:39,64.185,64.19,64.135,64.135,13
2026-09-24 15:40,64.18,64.2,64.175,64.2,13
2026-09-24 15:41,64.185,64.195,64.185,64.185,12
2026-09-24 15:42,64.215,64.215,64.185,64.185,45
2026-09-24 15:43,64.215,64.225,64.205,64.21,15
2026-09-24 15:44,64.2,64.22,64.2,64.205,11
2026-09-24 15:45,64.195,64.205,64.19,64.195,11
2026-09-24 15:46,64.22,64.22,64.185,64.19,7
2026-09-24 15:47,64.23,64.235,64.225,64.225,3
2026-09-24 15:48,64.195,64.205,64.195,64.2,5
2026-09-24 15:49,64.185,64.21,64.185,64.21,4
2026-09-24 15:50,64.2,64.215,64.175,64.205,26
2026-09-24 15:51,64.2,64.22,64.2,64.205,10
2026-09-24 15:52,64.22,64.22,64.2,64.2,7
2026-09-24 15:53,64.22,64.23,64.215,64.225,7
2026-09-24 15:54,64.235,64.235,64.225,64.225,5
2026-09-24 15:55,64.255,64.255,64.225,64.225,25
2026-09-24 15:56,64.245,64.27,64.23,64.265,13
2026-09-24 15:57,64.23,64.235,64.23,64.235,2
2026-09-24 15:58,64.21,64.24,64.21,64.225,38
2026-09-24 15:59,64.225,64.23,64.2,64.205,73
2026-09-24 16:00,64.22,64.24,64.22,64.23,26
2026-09-24 16:01,64.195,64.2,64.185,64.19,16
2026-09-24 16:02,64.135,64.18,64.125,64.18,37
2026-09-24 16:03,64.13,64.135,64.12,64.13,10
2026-09-24 16:04,64.13,64.155,64.13,64.155,2
2026-09-24 16:05,64.11,64.135,64.11,64.135,4
2026-09-24 16:06,64.11,64.12,64.105,64.115,18
2026-09-24 16:07,64.11,64.12,64.11,64.12,5
2026-09-24 16:08,64.115,64.115,64.105,64.105,6
2026-09-24 16:09,64.1,64.12,64.1,64.12,8
2026-09-24 16:10,64.11,64.11,64.1,64.1,4
2026-09-24 16:11,64.12,64.125,64.105,64.125,13
2026-09-24 16:12,64.13,64.13,64.12,64.12,3
2026-09-24 16:13,64.09,64.125,64.09,64.125,8
2026-09-24 16:14,64.045,64.075,64.045,64.075,8
2026-09-24 16:15,64.035,64.065,64.035,64.045,8
2026-09-24 16:16,64.03,64.045,64.03,64.03,7
2026-09-24 16:17,63.99,64.015,63.99,64.015,27
2026-09-24 16:18,63.98,63.98,63.965,63.965,6
2026-09-24 16:19,63.97,63.975,63.97,63.975,4
2026-09-24 16:20,63.985,63.985,63.97,63.975,7
2026-09-24 16:21,64.005,64.005,63.99,63.99,6
2026-09-24 16:22,64.0,64.01,64.0,64.01,8
2026-09-24 16:23,64.005,64.005,64.0,64.005,7
2026-09-24 16:24,64.03,64.04,64.03,64.04,6
2026-09-24 16:25,64.04,64.04,64.0,64.03,13
2026-09-24 16:26,64.02,64.035,64.02,64.035,4
2026-09-24 16:27,64.02,64.03,64.015,64.03,6
2026-09-24 16:28,64.01,64.01,64.005,64.005,3
2026-09-24 16:29,63.995,64.0,63.995,64.0,3
2026-09-24 16:30,64.025,64.03,64.015,64.025,10
2026-09-24 16:31,64.02,64.02,64.02,64.02,1
2026-09-24 16:32,64.045,64.045,64.04,64.04,2
2026-09-24 16:33,64.055,64.055,64.05,64.05,3
2026-09-24 16:34,64.04,64.04,64.04,64.04,1
2026-09-24 16:35,64.055,64.055,64.035,64.04,4
2026-09-24 16:36,64.05,64.05,64.045,64.05,9
2026-09-24 16:37,64.04,64.055,64.04,64.055,6
2026-09-24 16:38,64.075,64.08,64.055,64.055,9
2026-09-24 16:39,64.105,64.105,64.09,64.09,4
2026-09-24 16:40,64.15,64.15,64.105,64.105,22
2026-09-24 16:41,64.14,64.165,64.14,64.15,12
2026-09-24 16:42,64.16,64.16,64.145,64.145,5
2026-09-24 16:43,64.165,64.165,64.155,64.155,2
2026-09-24 16:44,64.2,64.2,64.175,64.19,9
2026-09-24 16:45,64.225,64.225,64.21,64.215,6
2026-09-24 16:46,64.225,64.23,64.21,64.21,14
2026-09-24 16:47,64.245,64.245,64.235,64.235,5
2026-09-24 16:48,64.22,64.235,64.22,64.235,9
2026-09-24 16:49,64.24,64.24,64.24,64.24,5
2026-09-24 16:50,64.235,64.255,64.22,64.23,22
2026-09-24 16:52,64.25,64.25,64.245,64.245,21
2026-09-24 16:53,64.23,64.255,64.23,64.255,4
2026-09-24 16:54,64.275,64.275,64.235,64.235,12
2026-09-24 16:55,64.3,64.3,64.295,64.295,6
2026-09-24 16:56,64.3,64.3,64.29,64.295,4
2026-09-24 16:57,64.295,64.31,64.29,64.3,15
2026-09-24 16:58,64.29,64.31,64.29,64.305,22
2026-09-24 16:59,64.275,64.3,64.275,64.285,36
2026-09-24 18:00,64.24,64.27,64.19,64.265,0
2026-09-24 18:01,64.27,64.27,64.23,64.23,23
2026-09-24 18:02,64.24,64.275,64.24,64.26,15
2026-09-24 18:03,64.245,64.26,64.24,64.245,13
2026-09-24 18:04,64.25,64.25,64.245,64.245,2
2026-09-24 18:05,64.185,64.23,64.175,64.22,17
2026-09-24 18:06,64.185,64.195,64.185,64.195,6
2026-09-24 18:07,64.2,64.2,64.2,64.2,1
2026-09-24 18:08,64.215,64.215,64.215,64.215,1
2026-09-24 18:09,64.2,64.21,64.2,64.21,9
2026-09-24 18:10,64.22,64.22,64.21,64.21,5
2026-09-24 18:11,64.195,64.21,64.195,64.21,2
2026-09-24 18:13,64.18,64.18,64.18,64.18,1
2026-09-24 18:14,64.18,64.18,64.18,64.18,1
2026-09-24 18:16,64.195,64.195,64.195,64.195,2
2026-09-24 18:17,64.195,64.195,64.19,64.19,2
2026-09-24 18:18,64.16,64.17,64.16,64.17,3
2026-09-24 18:19,64.125,64.16,64.115,64.16,36
2026-09-24 18:20,64.13,64.14,64.13,64.14,3
2026-09-24 18:21,64.1,64.15,64.085,64.15,27
2026-09-24 18:22,64.12,64.12,64.12,64.12,1
2026-09-24 18:23,64.135,64.135,64.12,64.125,14
2026-09-24 18:24,64.145,64.145,64.145,64.145,1
2026-09-24 18:25,64.19,64.19,64.155,64.155,20
2026-09-24 18:26,64.175,64.175,64.17,64.17,3
2026-09-24 18:27,64.165,64.18,64.165,64.17,4
2026-09-24 18:30,64.205,64.23,64.18,64.18,34
2026-09-24 18:31,64.175,64.19,64.165,64.19,5
2026-09-24 18:33,64.185,64.185,64.18,64.18,3
2026-09-24 18:34,64.19,64.19,64.19,64.19,1
2026-09-24 18:35,64.19,64.19,64.19,64.19,1
2026-09-24 18:38,64.2,64.205,64.2,64.205,3
2026-09-24 18:39,64.17,64.195,64.165,64.195,5
2026-09-24 18:40,64.175,64.18,64.15,64.17,16
2026-09-24 18:43,64.185,64.185,64.185,64.185,1
2026-09-24 18:44,64.195,64.195,64.195,64.195,1
2026-09-24 18:47,64.18,64.18,64.18,64.18,2
2026-09-24 18:48,64.19,64.195,64.19,64.195,2
2026-09-24 18:51,64.19,64.195,64.19,64.195,2
2026-09-24 18:52,64.195,64.195,64.195,64.195,1
2026-09-24 18:53,64.195,64.195,64.195,64.195,1
2026-09-24 18:54,64.205,64.205,64.185,64.185,3
2026-09-24 18:55,64.215,64.215,64.195,64.195,3
2026-09-24 18:56,64.235,64.235,64.21,64.215,8
2026-09-24 18:57,64.21,64.215,64.21,64.215,5
2026-09-24 18:58,64.225,64.225,64.225,64.225,1
2026-09-24 18:59,64.21,64.21,64.21,64.21,2
2026-09-24 19:00,64.225,64.225,64.21,64.22,10
2026-09-24 19:01,64.215,64.23,64.205,64.215,4
2026-09-24 19:02,64.225,64.23,64.215,64.23,5
2026-09-24 19:05,64.235,64.24,64.235,64.24,6
2026-09-24 19:06,64.23,64.245,64.22,64.245,16
2026-09-24 19:07,64.235,64.235,64.23,64.23,2
2026-09-24 19:08,64.215,64.245,64.215,64.23,38
2026-09-24 19:09,64.23,64.23,64.22,64.22,6
2026-09-24 19:10,64.215,64.225,64.21,64.225,3
2026-09-24 19:11,64.21,64.22,64.21,64.22,6
2026-09-24 19:13,64.21,64.21,64.205,64.205,2
2026-09-24 19:14,64.21,64.23,64.21,64.215,6
2026-09-24 19:16,64.23,64.23,64.23,64.23,1
2026-09-24 19:17,64.215,64.235,64.205,64.23,11
2026-09-24 19:18,64.225,64.225,64.21,64.21,3
2026-09-24 19:19,64.215,64.225,64.2,64.215,15
2026-09-24 19:20,64.175,64.19,64.175,64.18,15
2026-09-24 19:21,64.17,64.18,64.165,64.17,8
2026-09-24 19:22,64.17,64.17,64.17,64.17,1
2026-09-24 19:23,64.19,64.19,64.175,64.175,5
2026-09-24 19:24,64.175,64.19,64.17,64.19,9
2026-09-24 19:25,64.16,64.17,64.16,64.17,4
2026-09-24 19:26,64.17,64.17,64.165,64.165,4
2026-09-24 19:27,64.165,64.175,64.165,64.175,3
2026-09-24 19:29,64.165,64.165,64.165,64.165,1
2026-09-24 19:30,64.16,64.16,64.15,64.16,4
2026-09-24 19:31,64.16,64.16,64.16,64.16,2
2026-09-24 19:32,64.155,64.155,64.155,64.155,2
2026-09-24 19:33,64.175,64.19,64.175,64.19,3
2026-09-24 19:34,64.175,64.175,64.175,64.175,4
2026-09-24 19:35,64.19,64.19,64.19,64.19,2
2026-09-24 19:36,64.195,64.195,64.195,64.195,1
2026-09-24 19:37,64.185,64.185,64.185,64.185,1
2026-09-24 19:38,64.205,64.205,64.205,64.205,1
2026-09-24 19:39,64.205,64.245,64.205,64.215,7
2026-09-24 19:40,64.195,64.22,64.195,64.21,4
2026-09-24 19:41,64.21,64.21,64.21,64.21,1
2026-09-24 19:42,64.21,64.21,64.21,64.21,2
2026-09-24 19:48,64.165,64.17,64.165,64.17,2
2026-09-24 19:49,64.13,64.15,64.13,64.15,5
2026-09-24 19:50,64.1,64.125,64.095,64.125,11
2026-09-24 19:51,64.09,64.09,64.075,64.085,4
2026-09-24 19:52,64.08,64.08,64.08,64.08,1
2026-09-24 19:53,64.07,64.115,64.07,64.115,10
2026-09-24 19:54,64.06,64.075,64.05,64.075,12
2026-09-24 19:55,64.05,64.06,64.04,64.06,15
2026-09-24 19:56,64.055,64.065,64.055,64.055,7
2026-09-24 19:57,64.05,64.06,64.05,64.06,13
2026-09-24 20:00,64.09,64.09,64.05,64.05,28
2026-09-24 20:01,64.13,64.14,64.105,64.11,10
2026-09-24 20:02,64.13,64.15,64.115,64.14,13
2026-09-24 20:03,64.145,64.145,64.145,64.145,1
2026-09-24 20:04,64.16,64.18,64.15,64.16,15
2026-09-24 20:05,64.155,64.155,64.15,64.15,6
2026-09-24 20:06,64.145,64.155,64.145,64.155,2
2026-09-24 20:07,64.115,64.12,64.11,64.12,3
2026-09-24 20:08,64.13,64.13,64.125,64.125,3
2026-09-24 20:10,64.17,64.17,64.165,64.165,6
2026-09-24 20:12,64.11,64.115,64.11,64.115,3
2026-09-24 20:13,64.145,64.145,64.095,64.095,5
2026-09-24 20:14,64.09,64.095,64.085,64.085,4
2026-09-24 20:15,64.085,64.085,64.05,64.08,19
2026-09-24 20:16,64.09,64.09,64.09,64.09,1
2026-09-24 20:17,64.115,64.115,64.115,64.115,1
2026-09-24 20:22,64.12,64.12,64.055,64.075,8
2026-09-24 20:23,64.12,64.12,64.115,64.115,6
2026-09-24 20:24,64.13,64.13,64.13,64.13,1
2026-09-24 20:25,64.095,64.095,64.09,64.09,2
2026-09-24 20:26,64.12,64.12,64.12,64.12,1
2026-09-24 20:28,64.1,64.11,64.09,64.11,3
2026-09-24 20:29,64.075,64.09,64.075,64.09,8
2026-09-24 20:30,64.095,64.095,64.07,64.07,3
2026-09-24 20:31,64.055,64.055,64.055,64.055,2
2026-09-24 20:32,64.05,64.07,64.035,64.07,10
2026-09-24 20:33,64.035,64.045,64.035,64.045,7
2026-09-24 20:34,64.02,64.035,64.01,64.035,8
2026-09-24 20:35,64.045,64.045,64.035,64.035,8
2026-09-24 20:36,64.03,64.03,64.02,64.02,4
2026-09-24 20:37,64.02,64.02,64.015,64.015,3
2026-09-24 20:38,64.0,64.02,64.0,64.015,13
2026-09-24 20:40,64.08,64.08,64.04,64.04,4
2026-09-24 20:41,64.05,64.05,64.035,64.035,2
2026-09-24 20:45,64.07,64.07,64.04,64.04,5
2026-09-24 20:46,64.055,64.07,64.055,64.07,4
2026-09-24 20:47,64.05,64.06,64.05,64.06,2
2026-09-24 20:48,64.09,64.09,64.08,64.08,5
2026-09-24 20:49,64.105,64.11,64.1,64.1,4
2026-09-24 20:50,64.1,64.1,64.1,64.1,7
2026-09-24 20:52,64.085,64.1,64.08,64.08,4
2026-09-24 20:53,64.095,64.095,64.065,64.08,10
2026-09-24 20:57,64.18,64.195,64.14,64.14,33
2026-09-24 20:58,64.195,64.195,64.17,64.17,4
2026-09-24 20:59,64.14,64.17,64.14,64.165,7
2026-09-24 21:00,64.185,64.185,64.11,64.125,9
2026-09-24 21:01,64.165,64.185,64.165,64.18,7
2026-09-24 21:02,64.175,64.18,64.165,64.18,11
2026-09-24 21:03,64.17,64.17,64.17,64.17,1
2026-09-24 21:04,64.175,64.175,64.165,64.175,5
2026-09-24 21:05,64.26,64.26,64.18,64.18,63
2026-09-24 21:06,64.26,64.275,64.24,64.25,13
2026-09-24 21:07,64.27,64.3,64.26,64.26,63
2026-09-24 21:08,64.3,64.315,64.275,64.275,48
2026-09-24 21:09,64.305,64.315,64.285,64.295,13
2026-09-24 21:10,64.325,64.335,64.29,64.3,18
2026-09-24 21:11,64.395,64.415,64.35,64.35,22
2026-09-24 21:12,64.38,64.44,64.38,64.39,78
2026-09-24 21:13,64.44,64.44,64.375,64.375,18
2026-09-24 21:14,64.485,64.505,64.42,64.435,94
2026-09-24 21:15,64.485,64.485,64.46,64.47,15
2026-09-24 21:16,64.48,64.495,64.45,64.495,10
2026-09-24 21:17,64.495,64.5,64.465,64.475,18
2026-09-24 21:18,64.455,64.47,64.44,64.47,12
2026-09-24 21:19,64.425,64.45,64.425,64.45,13
2026-09-24 21:20,64.475,64.475,64.445,64.45,10
2026-09-24 21:21,64.505,64.53,64.475,64.48,26
2026-09-24 21:22,64.5,64.53,64.5,64.515,14
2026-09-24 21:23,64.47,64.495,64.47,64.495,7
2026-09-24 21:25,64.455,64.48,64.455,64.48,5
2026-09-24 21:26,64.46,64.465,64.46,64.465,3
2026-09-24 21:27,64.435,64.475,64.435,64.45,5
2026-09-24 21:28,64.44,64.45,64.435,64.45,8
2026-09-24 21:29,64.445,64.445,64.445,64.445,2
2026-09-24 21:30,64.4,64.43,64.385,64.43,23
2026-09-24 21:31,64.39,64.395,64.355,64.375,24
2026-09-24 21:32,64.38,64.395,64.365,64.37,15
2026-09-24 21:33,64.36,64.385,64.36,64.375,6
2026-09-24 21:34,64.34,64.34,64.325,64.335,7
2026-09-24 21:35,64.375,64.375,64.31,64.335,14
2026-09-24 21:36,64.395,64.395,64.38,64.38,8
2026-09-24 21:37,64.41,64.41,64.395,64.405,6
2026-09-24 21:38,64.415,64.425,64.395,64.425,5
2026-09-24 21:39,64.44,64.445,64.42,64.425,10
2026-09-24 21:40,64.405,64.44,64.405,64.44,11
2026-09-24 21:41,64.435,64.435,64.425,64.425,3
2026-09-24 21:42,64.42,64.435,64.41,64.43,9
2026-09-24 21:43,64.405,64.405,64.405,64.405,1
2026-09-24 21:44,64.34,64.41,64.34,64.405,24
2026-09-24 21:45,64.295,64.33,64.295,64.33,9
2026-09-24 21:46,64.285,64.31,64.28,64.31,14
2026-09-24 21:47,64.24,64.28,64.23,64.28,9
2026-09-24 21:48,64.18,64.245,64.18,64.245,22
2026-09-24 21:49,64.225,64.225,64.19,64.19,4
2026-09-24 21:50,64.22,64.22,64.22,64.22,1
2026-09-24 21:52,64.215,64.215,64.2,64.2,6
2026-09-24 21:53,64.21,64.21,64.21,64.21,3
2026-09-24 21:54,64.235,64.235,64.235,64.235,1
2026-09-24 21:56,64.2,64.2,64.2,64.2,1
2026-09-24 21:57,64.21,64.215,64.21,64.215,3
2026-09-24 21:58,64.24,64.24,64.24,64.24,4
2026-09-24 21:59,64.26,64.27,64.26,64.265,5
2026-09-24 22:00,64.25,64.27,64.25,64.265,13
2026-09-24 22:01,64.25,64.25,64.25,64.25,1
2026-09-24 22:02,64.285,64.285,64.26,64.275,5
2026-09-24 22:03,64.29,64.29,64.29,64.29,1
2026-09-24 22:04,64.295,64.305,64.295,64.305,4
2026-09-24 22:05,64.32,64.32,64.29,64.29,5
2026-09-24 22:06,64.37,64.37,64.32,64.32,6
2026-09-24 22:07,64.38,64.395,64.37,64.37,22
2026-09-24 22:08,64.355,64.395,64.355,64.385,14
2026-09-24 22:09,64.42,64.42,64.375,64.375,12
2026-09-24 22:10,64.38,64.405,64.365,64.405,10
2026-09-24 22:11,64.365,64.365,64.365,64.365,1
2026-09-24 22:12,64.34,64.375,64.34,64.375,4
2026-09-24 22:13,64.34,64.36,64.32,64.32,5
2026-09-24 22:14,64.325,64.355,64.325,64.355,7
2026-09-24 22:15,64.31,64.32,64.3,64.32,7
2026-09-24 22:16,64.315,64.325,64.31,64.325,7
2026-09-24 22:17,64.32,64.32,64.315,64.32,4
2026-09-24 22:18,64.33,64.33,64.33,64.33,1
2026-09-24 22:19,64.37,64.37,64.355,64.36,4
2026-09-24 22:20,64.405,64.405,64.35,64.35,12
2026-09-24 22:21,64.395,64.415,64.395,64.415,8
2026-09-24 22:22,64.4,64.41,64.4,64.41,9
2026-09-24 22:23,64.425,64.425,64.42,64.42,5
2026-09-24 22:24,64.38,64.38,64.38,64.38,1
2026-09-24 22:25,64.37,64.37,64.365,64.365,3
2026-09-24 22:26,64.375,64.385,64.37,64.385,4
2026-09-24 22:27,64.375,64.375,64.37,64.37,2
2026-09-24 22:29,64.33,64.36,64.33,64.36,4
2026-09-24 22:30,64.33,64.34,64.305,64.34,12
2026-09-24 22:31,64.325,64.335,64.32,64.32,5
2026-09-24 22:32,64.33,64.33,64.32,64.32,2
2026-09-24 22:33,64.34,64.345,64.34,64.34,8
2026-09-24 22:34,64.315,64.315,64.315,64.315,1
2026-09-24 22:35,64.27,64.305,64.27,64.305,12
2026-09-24 22:36,64.285,64.285,64.265,64.28,8
2026-09-24 22:37,64.195,64.285,64.195,64.285,24
2026-09-24 22:38,64.25,64.25,64.21,64.21,4
2026-09-24 22:39,64.24,64.25,64.24,64.25,10
2026-09-24 22:41,64.22,64.24,64.215,64.225,17
2026-09-24 22:42,64.23,64.235,64.215,64.215,13
2026-09-24 22:43,64.3,64.3,64.25,64.25,5
2026-09-24 22:44,64.315,64.34,64.31,64.315,14
2026-09-24 22:45,64.305,64.305,64.285,64.305,5
2026-09-24 22:46,64.25,64.3,64.25,64.3,10
2026-09-24 22:47,64.265,64.28,64.265,64.28,2
2026-09-24 22:48,64.25,64.25,64.245,64.245,2
2026-09-24 22:49,64.23,64.24,64.23,64.24,3
2026-09-24 22:50,64.215,64.23,64.18,64.22,30
2026-09-24 22:51,64.18,64.22,64.18,64.205,7
2026-09-24 22:52,64.215,64.215,64.185,64.2,4
2026-09-24 22:53,64.255,64.26,64.21,64.215,10
2026-09-24 22:54,64.3,64.3,64.275,64.275,16
2026-09-24 22:55,64.295,64.295,64.295,64.295,1
2026-09-24 22:56,64.315,64.34,64.305,64.305,14
2026-09-24 22:57,64.315,64.32,64.295,64.295,6
2026-09-24 22:58,64.315,64.315,64.315,64.315,1
2026-09-24 22:59,64.335,64.335,64.32,64.325,4
2026-09-24 23:00,64.36,64.375,64.34,64.34,18
2026-09-24 23:01,64.325,64.335,64.325,64.335,2
2026-09-24 23:02,64.31,64.32,64.31,64.32,3
2026-09-24 23:03,64.335,64.335,64.31,64.315,3
2026-09-24 23:04,64.345,64.345,64.33,64.33,4
2026-09-24 23:05,64.375,64.385,64.355,64.365,14
2026-09-24 23:06,64.42,64.435,64.38,64.38,23
2026-09-24 23:07,64.41,64.41,64.4,64.4,6
2026-09-24 23:08,64.43,64.43,64.43,64.43,1
2026-09-24 23:09,64.395,64.395,64.385,64.395,4
2026-09-24 23:10,64.365,64.365,64.36,64.36,2
2026-09-24 23:11,64.38,64.39,64.38,64.39,5
2026-09-24 23:12,64.375,64.38,64.37,64.37,5
2026-09-24 23:13,64.38,64.385,64.355,64.37,19
2026-09-24 23:14,64.37,64.38,64.36,64.375,6
2026-09-24 23:15,64.37,64.37,64.37,64.37,2
2026-09-24 23:16,64.39,64.395,64.39,64.395,7
2026-09-24 23:17,64.345,64.385,64.335,64.385,9
2026-09-24 23:19,64.36,64.36,64.36,64.36,1
2026-09-24 23:21,64.39,64.39,64.385,64.385,3
2026-09-24 23:24,64.345,64.345,64.345,64.345,1
2026-09-24 23:25,64.34,64.35,64.335,64.345,10
2026-09-24 23:26,64.3,64.34,64.3,64.34,17
2026-09-24 23:27,64.255,64.28,64.25,64.28,3
2026-09-24 23:28,64.235,64.255,64.23,64.255,5
2026-09-24 23:29,64.22,64.235,64.22,64.225,3
2026-09-24 23:30,64.21,64.215,64.185,64.215,8
2026-09-24 23:31,64.22,64.225,64.205,64.21,6
2026-09-24 23:32,64.25,64.255,64.225,64.23,32
2026-09-24 23:33,64.25,64.26,64.23,64.235,10
2026-09-24 23:34,64.22,64.255,64.22,64.255,8
2026-09-24 23:36,64.19,64.225,64.175,64.225,15
2026-09-24 23:37,64.2,64.2,64.18,64.18,4
2026-09-24 23:38,64.23,64.24,64.23,64.24,3
2026-09-24 23:39,64.2,64.225,64.2,64.225,2
2026-09-24 23:40,64.21,64.21,64.21,64.21,1
2026-09-24 23:41,64.225,64.225,64.225,64.225,1
2026-09-24 23:42,64.245,64.245,64.245,64.245,1
2026-09-24 23:43,64.23,64.23,64.23,64.23,1
2026-09-24 23:44,64.175,64.175,64.175,64.175,2
2026-09-24 23:45,64.155,64.175,64.155,64.165,14
2026-09-24 23:46,64.12,64.14,64.12,64.135,7
2026-09-24 23:47,64.135,64.155,64.135,64.14,8
2026-09-24 23:48,64.115,64.14,64.115,64.14,9
2026-09-24 23:49,64.115,64.115,64.11,64.11,2
2026-09-24 23:50,64.15,64.15,64.125,64.125,6
2026-09-24 23:51,64.13,64.145,64.105,64.13,49
2026-09-24 23:52,64.12,64.12,64.12,64.12,1
2026-09-24 23:53,64.125,64.125,64.125,64.125,1
2026-09-24 23:54,64.07,64.115,64.07,64.115,7
2026-09-24 23:55,64.08,64.08,64.075,64.08,4
2026-09-24 23:56,64.11,64.115,64.105,64.105,5
2026-09-24 23:57,64.1,64.105,64.09,64.095,5
2026-09-24 23:58,64.09,64.105,64.07,64.105,6
2026-09-25 00:00,64.075,64.075,64.075,64.075,1
2026-09-25 00:01,64.06,64.07,64.06,64.07,4
2026-09-25 00:02,64.075,64.075,64.075,64.075,6
2026-09-25 00:03,64.01,64.055,63.98,64.055,149
2026-09-25 00:04,64.045,64.045,64.02,64.025,24
2026-09-25 00:05,64.045,64.045,64.045,64.045,1
2026-09-25 00:06,64.0,64.035,64.0,64.035,6
2026-09-25 00:07,64.02,64.03,64.0,64.0,8
2026-09-25 00:09,64.045,64.05,64.03,64.03,5
2026-09-25 00:10,64.045,64.05,64.04,64.045,9
2026-09-25 00:12,64.035,64.035,64.035,64.035,1
2026-09-25 00:13,64.02,64.035,64.02,64.025,6
2026-09-25 00:14,64.0,64.005,64.0,64.005,4
2026-09-25 00:15,63.995,64.025,63.98,64.005,23
2026-09-25 00:16,64.005,64.005,63.98,63.98,5
2026-09-25 00:17,64.01,64.01,63.995,63.995,2
2026-09-25 00:18,63.97,63.97,63.97,63.97,2
2026-09-25 00:19,63.97,63.97,63.97,63.97,2
2026-09-25 00:20,63.995,64.005,63.995,63.995,9
2026-09-25 00:21,64.005,64.005,64.005,64.005,1
2026-09-25 00:22,64.02,64.02,64.02,64.02,2
2026-09-25 00:24,64.04,64.04,64.03,64.03,2
2026-09-25 00:25,64.055,64.06,64.055,64.06,5
2026-09-25 00:27,64.035,64.065,64.035,64.05,12
2026-09-25 00:28,64.05,64.05,64.04,64.045,6
2026-09-25 00:29,64.065,64.065,64.045,64.055,9
2026-09-25 00:30,64.07,64.075,64.06,64.075,4
2026-09-25 00:32,64.055,64.055,64.055,64.055,1
2026-09-25 00:33,64.035,64.045,64.035,64.045,2
2026-09-25 00:35,64.08,64.085,64.07,64.075,8
2026-09-25 00:36,64.06,64.06,64.06,64.06,1
2026-09-25 00:37,64.07,64.07,64.055,64.06,11
2026-09-25 00:38,64.08,64.085,64.08,64.085,5
2026-09-25 00:40,64.11,64.11,64.08,64.08,3
2026-09-25 00:41,64.115,64.115,64.105,64.105,6
2026-09-25 00:42,64.12,64.12,64.12,64.12,1
2026-09-25 00:43,64.15,64.15,64.115,64.115,17
2026-09-25 00:44,64.125,64.125,64.125,64.125,1
2026-09-25 00:45,64.17,64.17,64.14,64.14,8
2026-09-25 00:46,64.155,64.155,64.155,64.155,2
2026-09-25 00:47,64.135,64.16,64.135,64.16,9
2026-09-25 00:48,64.12,64.135,64.11,64.135,11
2026-09-25 00:49,64.09,64.115,64.085,64.115,6
2026-09-25 00:50,64.035,64.06,64.025,64.055,31
2026-09-25 00:51,64.07,64.08,64.07,64.07,6
2026-09-25 00:52,64.03,64.07,64.03,64.07,10
2026-09-25 00:53,64.04,64.04,64.02,64.02,4
2026-09-25 00:54,64.04,64.04,64.02,64.025,3
2026-09-25 00:55,64.025,64.035,64.025,64.035,2
2026-09-25 00:56,63.97,64.02,63.955,64.02,25
2026-09-25 00:57,63.955,63.975,63.95,63.97,9
2026-09-25 00:58,63.97,63.97,63.955,63.955,3
2026-09-25 00:59,63.98,63.98,63.97,63.97,5
2026-09-25 01:00,63.97,63.97,63.915,63.92,31
2026-09-25 01:01,63.955,63.99,63.95,63.96,19
2026-09-25 01:02,63.93,63.96,63.925,63.945,14
2026-09-25 01:03,63.94,63.96,63.94,63.94,7
2026-09-25 01:04,63.92,63.945,63.92,63.945,5
2026-09-25 01:05,63.96,63.96,63.955,63.955,2
2026-09-25 01:06,63.95,63.95,63.95,63.95,1
2026-09-25 01:07,63.925,63.925,63.92,63.925,6
2026-09-25 01:08,63.925,63.925,63.92,63.925,9
2026-09-25 01:09,63.86,63.945,63.86,63.945,76
2026-09-25 01:10,63.8,63.89,63.8,63.87,54
2026-09-25 01:11,63.84,63.84,63.8,63.8,14
2026-09-25 01:12,63.82,63.84,63.805,63.84,15
2026-09-25 01:13,63.805,63.82,63.805,63.82,3
2026-09-25 01:14,63.795,63.825,63.785,63.8,20
2026-09-25 01:15,63.81,63.815,63.8,63.8,11
2026-09-25 01:16,63.82,63.82,63.795,63.8,10
2026-09-25 01:17,63.805,63.815,63.805,63.815,4
2026-09-25 01:18,63.82,63.825,63.82,63.825,3
2026-09-25 01:19,63.81,63.815,63.81,63.815,3
2026-09-25 01:20,63.84,63.85,63.83,63.85,7
2026-09-25 01:21,63.85,63.85,63.83,63.835,11
2026-09-25 01:22,63.855,63.855,63.845,63.85,6
2026-09-25 01:23,63.84,63.84,63.84,63.84,2
2026-09-25 01:24,63.8,63.82,63.8,63.82,6
2026-09-25 01:25,63.835,63.85,63.835,63.835,8
2026-09-25 01:26,63.86,63.87,63.825,63.855,11
2026-09-25 01:27,63.89,63.89,63.85,63.85,4
2026-09-25 01:28,63.925,63.95,63.905,63.905,16
2026-09-25 01:29,63.935,63.95,63.935,63.95,10
2026-09-25 01:30,63.985,63.99,63.915,63.92,5
2026-09-25 01:31,64.045,64.05,63.995,63.995,15
2026-09-25 01:32,64.12,64.155,64.08,64.08,31
2026-09-25 01:33,64.205,64.23,64.14,64.145,98
2026-09-25 01:34,64.105,64.215,64.105,64.2,22
2026-09-25 01:35,64.135,64.155,64.13,64.13,10
2026-09-25 01:36,64.11,64.14,64.085,64.11,40
2026-09-25 01:37,64.125,64.145,64.11,64.11,22
2026-09-25 01:38,64.195,64.24,64.125,64.125,61
2026-09-25 01:39,64.255,64.275,64.215,64.215,65
2026-09-25 01:40,64.245,64.25,64.245,64.25,2
2026-09-25 01:41,64.22,64.265,64.22,64.26,12
2026-09-25 01:42,64.22,64.235,64.215,64.235,6
2026-09-25 01:43,64.215,64.215,64.19,64.2,6
2026-09-25 01:44,64.225,64.23,64.205,64.205,11
2026-09-25 01:45,64.225,64.255,64.22,64.235,10
2026-09-25 01:46,64.23,64.23,64.22,64.22,2
2026-09-25 01:47,64.255,64.255,64.245,64.245,4
2026-09-25 01:48,64.185,64.2,64.185,64.19,5
2026-09-25 01:49,64.15,64.165,64.15,64.165,6
2026-09-25 01:50,64.115,64.12,64.095,64.115,15
2026-09-25 01:51,64.115,64.115,64.09,64.09,5
2026-09-25 01:52,64.11,64.135,64.1,64.125,16
2026-09-25 01:53,64.07,64.09,64.065,64.09,15
2026-09-25 01:54,64.09,64.09,64.075,64.075,8
2026-09-25 01:55,64.07,64.085,64.07,64.085,2
2026-09-25 01:56,64.02,64.02,64.02,64.02,1
2026-09-25 01:57,64.03,64.03,64.005,64.01,10
2026-09-25 01:58,64.025,64.025,64.02,64.02,3
2026-09-25 01:59,64.04,64.04,64.01,64.025,11
2026-09-25 02:00,64.105,64.12,64.035,64.035,42
2026-09-25 02:01,64.17,64.17,64.075,64.095,10
2026-09-25 02:02,64.15,64.15,64.14,64.14,3
2026-09-25 02:03,64.14,64.16,64.13,64.13,7
2026-09-25 02:04,64.105,64.135,64.085,64.135,45
2026-09-25 02:05,64.015,64.135,64.015,64.135,41
2026-09-25 02:06,64.025,64.05,64.015,64.03,17
2026-09-25 02:07,64.04,64.045,64.03,64.03,19
2026-09-25 02:08,64.025,64.04,64.02,64.04,7
2026-09-25 02:09,64.0,64.01,63.995,64.0,15
2026-09-25 02:10,64.08,64.08,64.015,64.015,16
2026-09-25 02:11,64.15,64.15,64.08,64.085,15
2026-09-25 02:12,64.185,64.195,64.145,64.145,7
2026-09-25 02:13,64.195,64.195,64.175,64.18,5
2026-09-25 02:14,64.175,64.2,64.175,64.18,5
2026-09-25 02:15,64.215,64.235,64.2,64.2,12
2026-09-25 02:16,64.28,64.28,64.21,64.21,13
2026-09-25 02:17,64.255,64.32,64.255,64.275,23
2026-09-25 02:18,64.27,64.28,64.26,64.26,3
2026-09-25 02:19,64.225,64.265,64.225,64.265,14
2026-09-25 02:20,64.255,64.255,64.255,64.255,2
2026-09-25 02:21,64.275,64.295,64.275,64.285,7
2026-09-25 02:22,64.25,64.3,64.245,64.27,9
2026-09-25 02:23,64.205,64.22,64.19,64.22,10
2026-09-25 02:25,64.225,64.24,64.215,64.215,7
2026-09-25 02:27,64.22,64.22,64.215,64.215,4
2026-09-25 02:28,64.19,64.225,64.19,64.225,7
2026-09-25 02:29,64.15,64.18,64.145,64.18,19
2026-09-25 02:30,64.205,64.205,64.165,64.17,13
2026-09-25 02:31,64.2,64.2,64.2,64.2,3
2026-09-25 02:32,64.2,64.2,64.2,64.2,3
2026-09-25 02:33,64.235,64.235,64.22,64.22,10
2026-09-25 02:35,64.275,64.29,64.235,64.28,14
2026-09-25 02:36,64.22,64.26,64.22,64.26,3
2026-09-25 02:37,64.225,64.225,64.21,64.215,7
2026-09-25 02:38,64.235,64.235,64.235,64.235,1
2026-09-25 02:39,64.205,64.235,64.205,64.23,10
2026-09-25 02:41,64.265,64.27,64.265,64.265,3
2026-09-25 02:42,64.265,64.265,64.26,64.26,4
2026-09-25 02:43,64.255,64.255,64.255,64.255,1
2026-09-25 02:44,64.235,64.235,64.22,64.235,5
2026-09-25 02:46,64.255,64.255,64.245,64.245,3
2026-09-25 02:47,64.215,64.22,64.215,64.22,2
2026-09-25 02:48,64.21,64.21,64.21,64.21,2
2026-09-25 02:50,64.205,64.23,64.195,64.23,8
2026-09-25 02:51,64.235,64.235,64.22,64.22,18
2026-09-25 02:52,64.18,64.235,64.165,64.23,25
2026-09-25 02:53,64.19,64.195,64.165,64.185,17
2026-09-25 02:54,64.235,64.235,64.19,64.19,2
2026-09-25 02:55,64.24,64.24,64.23,64.23,2
2026-09-25 02:56,64.225,64.245,64.21,64.245,30
2026-09-25 02:57,64.235,64.235,64.23,64.23,2
2026-09-25 02:58,64.165,64.22,64.16,64.22,20
2026-09-25 02:59,64.175,64.175,64.155,64.165,11
2026-09-25 03:00,64.295,64.295,64.185,64.185,22
2026-09-25 03:01,64.23,64.26,64.22,64.26,13
2026-09-25 03:02,64.215,64.25,64.215,64.245,14
2026-09-25 03:03,64.25,64.25,64.17,64.21,13
2026-09-25 03:04,64.16,64.225,64.16,64.225,21
2026-09-25 03:05,64.21,64.21,64.18,64.18,2
2026-09-25 03:06,64.235,64.235,64.22,64.225,6
2026-09-25 03:07,64.24,64.265,64.23,64.23,4
2026-09-25 03:08,64.23,64.235,64.2,64.235,20
2026-09-25 03:09,64.235,64.235,64.2,64.22,19
2026-09-25 03:10,64.25,64.25,64.245,64.245,2
2026-09-25 03:11,64.195,64.195,64.195,64.195,1
2026-09-25 03:12,64.195,64.215,64.16,64.215,13
2026-09-25 03:13,64.215,64.215,64.2,64.2,4
2026-09-25 03:14,64.22,64.22,64.205,64.22,3
2026-09-25 03:15,64.23,64.235,64.2,64.21,35
2026-09-25 03:16,64.195,64.22,64.195,64.22,6
2026-09-25 03:17,64.195,64.195,64.175,64.18,6
2026-09-25 03:18,64.15,64.185,64.15,64.185,7
2026-09-25 03:19,64.085,64.135,64.075,64.135,34
2026-09-25 03:20,64.11,64.11,64.07,64.085,19
2026-09-25 03:21,64.1,64.12,64.1,64.105,5
2026-09-25 03:22,64.105,64.105,64.105,64.105,1
2026-09-25 03:23,64.115,64.115,64.095,64.11,9
2026-09-25 03:24,64.09,64.105,64.085,64.105,4
2026-09-25 03:25,64.095,64.095,64.095,64.095,1
2026-09-25 03:26,64.035,64.095,64.035,64.08,19
2026-09-25 03:27,64.065,64.065,64.065,64.065,1
2026-09-25 03:28,64.055,64.08,64.055,64.08,6
2026-09-25 03:29,64.05,64.05,64.03,64.04,13
2026-09-25 03:30,64.08,64.08,64.04,64.045,13
2026-09-25 03:31,64.135,64.15,64.1,64.125,29
2026-09-25 03:32,64.055,64.13,64.055,64.11,23
2026-09-25 03:33,64.03,64.085,64.02,64.055,38
2026-09-25 03:34,64.07,64.07,64.005,64.02,32
2026-09-25 03:35,64.225,64.23,64.095,64.095,53
2026-09-25 03:36,64.22,64.225,64.205,64.21,12
2026-09-25 03:37,64.27,64.27,64.225,64.225,12
2026-09-25 03:38,64.23,64.29,64.23,64.255,46
2026-09-25 03:39,64.185,64.235,64.185,64.235,17
2026-09-25 03:40,64.14,64.155,64.135,64.15,17
2026-09-25 03:41,64.15,64.16,64.13,64.13,22
2026-09-25 03:42,64.21,64.21,64.2,64.205,4
2026-09-25 03:43,64.21,64.225,64.205,64.205,6
2026-09-25 03:44,64.2,64.205,64.185,64.205,18
2026-09-25 03:45,64.175,64.23,64.175,64.21,17
2026-09-25 03:46,64.22,64.22,64.19,64.19,11
2026-09-25 03:47,64.2,64.2,64.2,64.2,1
2026-09-25 03:48,64.175,64.2,64.165,64.2,14
2026-09-25 03:49,64.235,64.235,64.17,64.17,7
2026-09-25 03:50,64.21,64.21,64.21,64.21,1
2026-09-25 03:51,64.19,64.195,64.19,64.195,2
2026-09-25 03:52,64.23,64.23,64.19,64.195,10
2026-09-25 03:53,64.235,64.26,64.235,64.235,3
2026-09-25 03:54,64.195,64.21,64.185,64.21,7
2026-09-25 03:55,64.23,64.23,64.205,64.205,3
2026-09-25 03:57,64.275,64.31,64.275,64.295,8
2026-09-25 03:58,64.26,64.26,64.255,64.255,2
2026-09-25 03:59,64.26,64.28,64.255,64.275,8
2026-09-25 04:00,64.265,64.28,64.265,64.275,13
2026-09-25 04:01,64.205,64.27,64.2,64.27,18
2026-09-25 04:02,64.165,64.19,64.145,64.185,11
2026-09-25 04:03,64.145,64.165,64.11,64.16,56
2026-09-25 04:04,64.15,64.15,64.13,64.15,8
2026-09-25 04:05,64.175,64.195,64.14,64.14,9
2026-09-25 04:06,64.21,64.215,64.19,64.19,6
2026-09-25 04:07,64.225,64.25,64.215,64.22,25
2026-09-25 04:08,64.23,64.255,64.23,64.24,18
2026-09-25 04:09,64.26,64.26,64.23,64.23,6
2026-09-25 04:10,64.255,64.265,64.255,64.265,5
2026-09-25 04:11,64.265,64.27,64.265,64.265,19
2026-09-25 04:12,64.335,64.34,64.26,64.265,43
2026-09-25 04:13,64.315,64.37,64.315,64.335,49
2026-09-25 04:14,64.41,64.43,64.31,64.325,132
2026-09-25 04:15,64.45,64.46,64.405,64.41,39
2026-09-25 04:16,64.445,64.525,64.445,64.455,64
2026-09-25 04:17,64.39,64.43,64.385,64.43,12
2026-09-25 04:18,64.415,64.415,64.385,64.4,19
2026-09-25 04:19,64.415,64.415,64.395,64.405,8
2026-09-25 04:20,64.42,64.465,64.42,64.435,36
2026-09-25 04:22,64.4,64.42,64.375,64.405,13
2026-09-25 04:23,64.38,64.4,64.38,64.4,5
2026-09-25 04:24,64.435,64.435,64.38,64.38,22
2026-09-25 04:25,64.385,64.395,64.37,64.395,13
2026-09-25 04:26,64.4,64.4,64.37,64.39,7
2026-09-25 04:27,64.425,64.425,64.405,64.41,5
2026-09-25 04:28,64.61,64.62,64.42,64.42,272
2026-09-25 04:29,64.61,64.62,64.58,64.585,61
2026-09-25 04:30,64.63,64.635,64.61,64.61,20
2026-09-25 04:31,64.695,64.725,64.6,64.61,68
2026-09-25 04:32,64.72,64.74,64.68,64.68,92
2026-09-25 04:33,64.775,64.78,64.725,64.725,48
2026-09-25 04:34,64.695,64.76,64.695,64.76,64
2026-09-25 04:35,64.715,64.745,64.705,64.705,22
2026-09-25 04:36,64.695,64.74,64.695,64.72,24
2026-09-25 04:37,64.68,64.69,64.67,64.68,29
2026-09-25 04:38,64.72,64.73,64.64,64.66,55
2026-09-25 04:39,64.72,64.735,64.695,64.715,17
2026-09-25 04:40,64.755,64.755,64.685,64.685,22
2026-09-25 04:41,64.83,64.835,64.745,64.76,84
2026-09-25 04:42,64.925,64.93,64.835,64.835,113
2026-09-25 04:43,64.97,64.97,64.9,64.93,68
2026-09-25 04:44,65.105,65.125,64.955,64.955,182
2026-09-25 04:45,65.1,65.11,65.06,65.09,92
2026-09-25 04:46,65.1,65.18,65.09,65.095,64
2026-09-25 04:47,65.045,65.135,65.04,65.11,52
2026-09-25 04:48,64.995,65.035,64.97,65.035,27
2026-09-25 04:49,64.965,65.01,64.965,64.985,28
2026-09-25 04:50,64.94,64.96,64.93,64.96,24
2026-09-25 04:51,64.955,64.96,64.94,64.945,23
2026-09-25 04:52,64.955,64.99,64.955,64.96,22
2026-09-25 04:53,64.93,64.965,64.905,64.95,54
2026-09-25 04:54,64.91,64.935,64.875,64.93,35
2026-09-25 04:55,64.91,64.935,64.91,64.91,15
2026-09-25 04:56,64.98,64.98,64.92,64.92,27
2026-09-25 04:57,64.945,64.98,64.945,64.98,13
2026-09-25 04:58,64.98,65.015,64.955,64.96,27
2026-09-25 04:59,64.965,65.0,64.965,65.0,14
2026-09-25 05:00,65.0,65.015,64.975,64.975,14
2026-09-25 05:01,64.985,65.065,64.98,65.055,49
2026-09-25 05:02,65.06,65.08,65.025,65.03,49
2026-09-25 05:03,65.125,65.13,65.055,65.065,52
2026-09-25 05:04,65.055,65.12,65.05,65.12,17
2026-09-25 05:05,65.035,65.045,65.01,65.025,16
2026-09-25 05:06,65.02,65.03,65.005,65.03,14
2026-09-25 05:07,65.03,65.03,65.01,65.01,9
2026-09-25 05:08,65.03,65.03,64.99,64.995,8
2026-09-25 05:09,65.02,65.065,65.02,65.035,17
2026-09-25 05:10,64.99,65.015,64.985,65.015,22
2026-09-25 05:11,64.95,65.005,64.95,65.005,18
2026-09-25 05:12,64.975,64.975,64.955,64.955,10
2026-09-25 05:13,64.955,64.99,64.955,64.99,11
2026-09-25 05:14,64.96,64.96,64.95,64.95,4
2026-09-25 05:15,64.95,64.99,64.905,64.915,75
2026-09-25 05:16,64.945,64.945,64.945,64.945,1
2026-09-25 05:17,64.975,64.975,64.96,64.96,10
2026-09-25 05:18,64.99,65.035,64.94,64.98,61
2026-09-25 05:19,64.945,64.98,64.935,64.965,18
2026-09-25 05:20,64.955,64.965,64.935,64.94,22
2026-09-25 05:21,64.95,64.985,64.935,64.955,17
2026-09-25 05:22,64.98,65.0,64.98,64.98,17
2026-09-25 05:23,64.98,65.03,64.965,65.03,20
2026-09-25 05:24,65.045,65.045,65.02,65.02,3
2026-09-25 05:25,64.93,65.06,64.93,65.06,25
2026-09-25 05:26,64.95,64.95,64.92,64.94,10
2026-09-25 05:27,64.935,64.945,64.925,64.945,5
2026-09-25 05:28,64.925,64.945,64.925,64.945,5
2026-09-25 05:29,64.91,64.925,64.91,64.925,3
2026-09-25 05:30,65.045,65.08,64.92,64.925,80
2026-09-25 05:31,65.05,65.05,65.03,65.03,18
2026-09-25 05:32,65.13,65.135,65.06,65.06,23
2026-09-25 05:33,65.105,65.12,65.105,65.12,10
2026-09-25 05:34,65.085,65.11,65.085,65.11,4
2026-09-25 05:35,65.085,65.085,65.07,65.08,6
2026-09-25 05:36,65.065,65.095,65.055,65.075,16
2026-09-25 05:37,65.08,65.08,65.065,65.065,2
2026-09-25 05:38,65.04,65.055,65.025,65.055,6
2026-09-25 05:39,65.015,65.015,64.995,65.005,9
2026-09-25 05:40,65.05,65.06,65.015,65.05,14
2026-09-25 05:41,65.06,65.06,65.04,65.045,9
2026-09-25 05:42,65.05,65.05,65.04,65.04,3
2026-09-25 05:43,65.095,65.115,65.025,65.025,35
2026-09-25 05:44,65.055,65.105,65.055,65.1,10
2026-09-25 05:45,65.06,65.06,65.05,65.05,2
2026-09-25 05:46,65.02,65.05,65.01,65.045,9
2026-09-25 05:47,65.03,65.03,65.0,65.0,7
2026-09-25 05:48,65.01,65.015,65.0,65.015,14
2026-09-25 05:49,65.01,65.02,65.01,65.02,3
2026-09-25 05:50,64.98,65.025,64.98,65.025,15
2026-09-25 05:51,64.97,64.985,64.97,64.975,6
2026-09-25 05:52,64.975,65.02,64.935,64.99,240
2026-09-25 05:53,64.965,64.98,64.945,64.98,9
2026-09-25 05:54,64.985,64.985,64.96,64.975,15
2026-09-25 05:55,64.955,64.99,64.955,64.99,3
2026-09-25 05:56,65.02,65.02,64.935,64.935,29
2026-09-25 05:57,64.98,64.985,64.96,64.97,21
2026-09-25 05:58,65.0,65.025,64.985,64.995,32
2026-09-25 05:59,65.01,65.01,64.99,64.99,2
2026-09-25 06:00,65.015,65.015,64.985,65.0,17
2026-09-25 06:01,64.99,64.99,64.99,64.99,1
2026-09-25 06:02,64.975,64.975,64.975,64.975,1
2026-09-25 06:03,64.955,64.995,64.955,64.985,8
2026-09-25 06:04,65.0,65.01,64.975,64.975,19
2026-09-25 06:05,65.045,65.045,65.01,65.01,6
2026-09-25 06:06,65.035,65.05,65.02,65.045,10
2026-09-25 06:07,65.03,65.045,65.03,65.04,24
2026-09-25 06:08,65.12,65.155,65.035,65.04,46
2026-09-25 06:09,65.14,65.165,65.13,65.14,24
2026-09-25 06:10,65.125,65.14,65.1,65.14,18
2026-09-25 06:11,65.185,65.185,65.11,65.11,141
2026-09-25 06:12,65.17,65.195,65.12,65.19,55
2026-09-25 06:13,65.27,65.285,65.18,65.18,88
2026-09-25 06:14,65.28,65.29,65.24,65.26,26
2026-09-25 06:15,65.275,65.285,65.255,65.265,21
2026-09-25 06:16,65.265,65.3,65.265,65.29,19
2026-09-25 06:17,65.26,65.275,65.26,65.26,12
2026-09-25 06:18,65.27,65.285,65.26,65.265,6
2026-09-25 06:19,65.28,65.28,65.25,65.25,15
2026-09-25 06:20,65.315,65.33,65.29,65.29,20
2026-09-25 06:21,65.395,65.4,65.32,65.32,74
2026-09-25 06:22,65.425,65.44,65.38,65.385,68
2026-09-25 06:23,65.405,65.435,65.395,65.435,44
2026-09-25 06:24,65.3,65.395,65.3,65.395,30
2026-09-25 06:25,65.325,65.325,65.28,65.295,16
2026-09-25 06:26,65.365,65.365,65.325,65.325,7
2026-09-25 06:27,65.355,65.36,65.325,65.345,38
2026-09-25 06:28,65.37,65.37,65.345,65.345,24
2026-09-25 06:29,65.365,65.375,65.355,65.365,12
2026-09-25 06:30,65.37,65.375,65.355,65.37,21
2026-09-25 06:31,65.37,65.385,65.37,65.38,7
2026-09-25 06:32,65.3,65.355,65.3,65.355,12
2026-09-25 06:33,65.3,65.3,65.285,65.3,15
2026-09-25 06:34,65.315,65.32,65.24,65.28,73
2026-09-25 06:35,65.32,65.33,65.3,65.3,11
2026-09-25 06:36,65.325,65.325,65.3,65.31,34
2026-09-25 06:37,65.33,65.34,65.325,65.34,8
2026-09-25 06:38,65.295,65.325,65.295,65.3,9
2026-09-25 06:39,65.275,65.28,65.26,65.27,14
2026-09-25 06:40,65.265,65.27,65.265,65.27,3
2026-09-25 06:41,65.27,65.29,65.265,65.275,12
2026-09-25 06:42,65.285,65.285,65.275,65.28,10
2026-09-25 06:43,65.35,65.35,65.285,65.285,19
2026-09-25 06:44,65.355,65.365,65.335,65.365,17
2026-09-25 06:45,65.34,65.36,65.34,65.345,16
2026-09-25 06:46,65.345,65.345,65.325,65.325,5
2026-09-25 06:47,65.4,65.405,65.345,65.345,45
2026-09-25 06:48,65.4,65.405,65.4,65.405,7
2026-09-25 06:49,65.365,65.41,65.365,65.41,30
2026-09-25 06:50,65.365,65.405,65.36,65.395,34
2026-09-25 06:51,65.4,65.415,65.365,65.365,21
2026-09-25 06:52,65.39,65.41,65.385,65.41,14
2026-09-25 06:53,65.405,65.405,65.345,65.365,23
2026-09-25 06:54,65.455,65.48,65.4,65.405,59
2026-09-25 06:55,65.475,65.475,65.435,65.46,35
2026-09-25 06:56,65.465,65.48,65.445,65.47,21
2026-09-25 06:57,65.455,65.48,65.455,65.48,7
2026-09-25 06:58,65.455,65.455,65.43,65.43,26
2026-09-25 06:59,65.42,65.45,65.4,65.45,47
2026-09-25 07:00,65.435,65.45,65.37,65.43,109
2026-09-25 07:01,65.405,65.44,65.4,65.435,34
2026-09-25 07:02,65.39,65.39,65.37,65.385,16
2026-09-25 07:03,65.375,65.385,65.365,65.38,27
2026-09-25 07:04,65.39,65.395,65.35,65.36,26
2026-09-25 07:05,65.405,65.415,65.395,65.4,16
2026-09-25 07:06,65.45,65.45,65.4,65.41,22
2026-09-25 07:07,65.455,65.47,65.435,65.45,19
2026-09-25 07:08,65.42,65.45,65.375,65.45,102
2026-09-25 07:09,65.445,65.445,65.425,65.435,7
2026-09-25 07:10,65.485,65.505,65.44,65.445,71
2026-09-25 07:11,65.5,65.5,65.46,65.48,25
2026-09-25 07:12,65.49,65.49,65.47,65.49,28
2026-09-25 07:13,65.47,65.505,65.465,65.49,45
2026-09-25 07:14,65.425,65.465,65.38,65.465,58
2026-09-25 07:15,65.41,65.465,65.41,65.43,55
2026-09-25 07:16,65.42,65.45,65.42,65.42,18
2026-09-25 07:17,65.41,65.415,65.39,65.415,12
2026-09-25 07:18,65.415,65.415,65.405,65.41,6
2026-09-25 07:19,65.37,65.39,65.365,65.39,37
2026-09-25 07:20,65.345,65.38,65.34,65.38,35
2026-09-25 07:21,65.335,65.36,65.325,65.345,18
2026-09-25 07:22,65.37,65.37,65.325,65.34,21
2026-09-25 07:23,65.37,65.41,65.37,65.38,26
2026-09-25 07:24,65.42,65.43,65.375,65.375,28
2026-09-25 07:25,65.41,65.435,65.405,65.43,23
2026-09-25 07:26,65.39,65.41,65.39,65.41,10
2026-09-25 07:27,65.39,65.395,65.375,65.38,10
2026-09-25 07:28,65.325,65.39,65.32,65.39,13
2026-09-25 07:29,65.29,65.33,65.28,65.33,47
2026-09-25 07:30,65.265,65.325,65.265,65.285,60
2026-09-25 07:31,65.25,65.27,65.245,65.27,34
2026-09-25 07:32,65.235,65.25,65.23,65.24,32
2026-09-25 07:33,65.21,65.24,65.205,65.235,26
2026-09-25 07:34,65.25,65.265,65.215,65.215,20
2026-09-25 07:35,65.305,65.38,65.24,65.245,240
2026-09-25 07:36,65.24,65.32,65.24,65.305,43
2026-09-25 07:37,65.22,65.25,65.215,65.25,13
2026-09-25 07:38,65.19,65.235,65.17,65.22,71
2026-09-25 07:39,65.14,65.2,65.14,65.2,36
2026-09-25 07:40,65.135,65.155,65.13,65.13,26
2026-09-25 07:41,65.125,65.145,65.125,65.125,24
2026-09-25 07:42,65.135,65.16,65.12,65.125,19
2026-09-25 07:43,65.145,65.15,65.115,65.125,18
2026-09-25 07:44,65.19,65.19,65.15,65.15,22
2026-09-25 07:45,65.195,65.195,65.175,65.18,30
2026-09-25 07:46,65.235,65.235,65.2,65.21,25
2026-09-25 07:47,65.27,65.275,65.25,65.25,10
2026-09-25 07:48,65.23,65.25,65.23,65.25,13
2026-09-25 07:49,65.21,65.245,65.21,65.215,17
2026-09-25 07:50,65.245,65.245,65.21,65.22,11
2026-09-25 07:51,65.22,65.235,65.2,65.215,25
2026-09-25 07:52,65.23,65.23,65.23,65.23,2
2026-09-25 07:53,65.24,65.245,65.21,65.225,19
2026-09-25 07:54,65.2,65.235,65.2,65.235,8
2026-09-25 07:55,65.245,65.245,65.215,65.22,35
2026-09-25 07:56,65.2,65.25,65.2,65.25,59
2026-09-25 07:57,65.21,65.235,65.19,65.205,47
2026-09-25 07:58,65.19,65.225,65.18,65.21,46
2026-09-25 07:59,65.15,65.205,65.145,65.2,28
2026-09-25 08:00,65.215,65.215,65.14,65.145,62
2026-09-25 08:01,65.215,65.235,65.195,65.2,43
2026-09-25 08:02,65.21,65.235,65.2,65.215,29
2026-09-25 08:03,65.265,65.28,65.18,65.2,66
2026-09-25 08:04,65.23,65.26,65.215,65.255,50
2026-09-25 08:05,65.23,65.25,65.215,65.245,68
2026-09-25 08:06,65.3,65.3,65.205,65.225,25
2026-09-25 08:07,65.26,65.3,65.26,65.3,22
2026-09-25 08:08,65.22,65.23,65.19,65.23,30
2026-09-25 08:09,65.24,65.25,65.22,65.225,40
2026-09-25 08:10,65.155,65.245,65.15,65.245,56
2026-09-25 08:11,65.265,65.265,65.16,65.16,65
2026-09-25 08:12,65.24,65.275,65.24,65.24,17
2026-09-25 08:13,65.205,65.23,65.185,65.23,80
2026-09-25 08:14,65.155,65.195,65.12,65.195,58
2026-09-25 08:15,65.17,65.185,65.14,65.15,37
2026-09-25 08:16,65.09,65.165,65.075,65.165,35
2026-09-25 08:17,65.07,65.11,65.065,65.08,113
2026-09-25 08:18,65.0,65.05,65.0,65.05,39
2026-09-25 08:19,65.02,65.02,64.975,65.01,51
2026-09-25 08:20,65.09,65.09,64.96,65.0,57
2026-09-25 08:21,65.21,65.23,65.09,65.09,115
2026-09-25 08:22,65.225,65.245,65.2,65.2,27
2026-09-25 08:23,65.22,65.275,65.19,65.22,152
2026-09-25 08:24,65.175,65.24,65.175,65.215,13
2026-09-25 08:25,65.335,65.345,65.175,65.185,89
2026-09-25 08:26,65.38,65.39,65.335,65.335,75
2026-09-25 08:27,65.37,65.385,65.355,65.375,54
2026-09-25 08:28,65.42,65.42,65.365,65.365,68
2026-09-25 08:29,65.355,65.4,65.335,65.395,89
2026-09-25 08:30,65.335,65.38,65.295,65.33,266
2026-09-25 08:31,65.26,65.355,65.26,65.35,67
2026-09-25 08:32,65.225,65.28,65.17,65.27,215
2026-09-25 08:33,65.235,65.245,65.205,65.22,75
2026-09-25 08:34,65.31,65.32,65.23,65.23,32
2026-09-25 08:35,65.27,65.3,65.27,65.3,44
2026-09-25 08:36,65.225,65.24,65.21,65.235,35
2026-09-25 08:37,65.2,65.22,65.2,65.21,14
2026-09-25 08:38,65.225,65.225,65.19,65.215,12
2026-09-25 08:39,65.235,65.26,65.235,65.26,10
2026-09-25 08:40,65.185,65.25,65.185,65.25,27
2026-09-25 08:41,65.225,65.225,65.18,65.195,25
2026-09-25 08:42,65.16,65.2,65.15,65.2,21
2026-09-25 08:43,65.105,65.145,65.1,65.13,78
2026-09-25 08:44,65.145,65.275,65.11,65.12,233
2026-09-25 08:45,65.155,65.17,65.095,65.155,47
2026-09-25 08:46,65.265,65.315,65.155,65.185,149
2026-09-25 08:47,65.345,65.35,65.155,65.255,101
2026-09-25 08:48,65.21,65.31,65.21,65.305,48
2026-09-25 08:49,65.165,65.205,65.145,65.2,19
2026-09-25 08:50,65.17,65.2,65.16,65.175,11
2026-09-25 08:51,65.09,65.17,65.075,65.17,25
2026-09-25 08:52,65.01,65.095,65.01,65.09,49
2026-09-25 08:53,65.12,65.125,65.02,65.02,42
2026-09-25 08:54,65.08,65.14,65.08,65.125,7
2026-09-25 08:55,65.025,65.075,65.025,65.07,25
2026-09-25 08:56,65.05,65.065,65.045,65.045,12
2026-09-25 08:57,65.025,65.06,65.005,65.06,23
2026-09-25 08:58,65.05,65.055,65.02,65.02,15
2026-09-25 08:59,65.035,65.055,65.015,65.045,19
2026-09-25 09:00,65.005,65.07,64.99,65.03,132
2026-09-25 09:01,64.99,65.0,64.955,64.995,42
2026-09-25 09:02,64.965,65.005,64.925,65.005,61
2026-09-25 09:03,64.99,64.99,64.955,64.96,20
2026-09-25 09:04,64.975,65.015,64.97,65.0,142
2026-09-25 09:05,65.01,65.045,64.995,64.995,33
2026-09-25 09:06,65.085,65.085,65.025,65.025,19
2026-09-25 09:07,65.085,65.105,65.07,65.1,17
2026-09-25 09:08,65.09,65.14,65.08,65.08,24
2026-09-25 09:09,65.11,65.11,65.085,65.085,7
2026-09-25 09:10,65.08,65.13,65.08,65.13,22
2026-09-25 09:11,65.115,65.125,65.065,65.075,18
2026-09-25 09:12,65.1,65.13,65.09,65.1,91
2026-09-25 09:13,65.1,65.1,65.08,65.1,24
2026-09-25 09:14,65.02,65.08,65.015,65.075,36
2026-09-25 09:15,64.985,65.02,64.975,65.015,19
2026-09-25 09:16,64.94,64.985,64.94,64.98,54
2026-09-25 09:17,64.955,64.965,64.94,64.94,52
2026-09-25 09:18,64.9,64.935,64.89,64.935,40
2026-09-25 09:19,64.905,64.925,64.87,64.91,21
2026-09-25 09:20,64.84,64.895,64.84,64.895,21
2026-09-25 09:21,64.805,64.87,64.805,64.825,34
2026-09-25 09:22,64.77,64.84,64.755,64.825,62
2026-09-25 09:23,64.725,64.775,64.715,64.765,66
2026-09-25 09:24,64.7,64.72,64.695,64.715,21
2026-09-25 09:25,64.58,64.72,64.58,64.705,99
2026-09-25 09:26,64.575,64.585,64.525,64.575,95
2026-09-25 09:27,64.505,64.55,64.47,64.55,110
2026-09-25 09:28,64.5,64.51,64.485,64.495,46
2026-09-25 09:29,64.42,64.515,64.395,64.505,95
2026-09-25 09:30,64.39,64.435,64.28,64.42,264
2026-09-25 09:31,64.385,64.415,64.31,64.415,72
2026-09-25 09:32,64.475,64.495,64.36,64.395,159
2026-09-25 09:33,64.415,64.475,64.355,64.47,126
2026-09-25 09:34,64.425,64.48,64.395,64.41,70
2026-09-25 09:35,64.45,64.46,64.38,64.42,91
2026-09-25 09:36,64.505,64.55,64.39,64.44,64
2026-09-25 09:37,64.595,64.595,64.45,64.51,42
2026-09-25 09:38,64.485,64.595,64.46,64.595,101
2026-09-25 09:39,64.455,64.49,64.375,64.49,80
2026-09-25 09:40,64.485,64.53,64.47,64.47,52
2026-09-25 09:41,64.53,64.57,64.495,64.515,32
2026-09-25 09:42,64.415,64.54,64.415,64.54,75
2026-09-25 09:43,64.34,64.425,64.275,64.425,82
2026-09-25 09:44,64.36,64.39,64.33,64.345,43
2026-09-25 09:45,64.39,64.39,64.32,64.34,64
2026-09-25 09:46,64.325,64.39,64.295,64.39,66
2026-09-25 09:47,64.27,64.31,64.23,64.31,100
2026-09-25 09:48,64.285,64.295,64.23,64.265,66
2026-09-25 09:49,64.355,64.36,64.29,64.295,34
2026-09-25 09:50,64.385,64.435,64.34,64.34,65
2026-09-25 09:51,64.475,64.505,64.385,64.405,53
2026-09-25 09:52,64.46,64.475,64.42,64.47,39
2026-09-25 09:53,64.385,64.455,64.385,64.44,43
2026-09-25 09:54,64.355,64.405,64.355,64.375,45
2026-09-25 09:55,64.37,64.385,64.345,64.35,48
2026-09-25 09:56,64.34,64.365,64.32,64.35,21
2026-09-25 09:57,64.32,64.34,64.31,64.33,35
2026-09-25 09:58,64.355,64.385,64.35,64.35,23
2026-09-25 09:59,64.3,64.375,64.3,64.365,27
2026-09-25 10:00,64.3,64.38,64.28,64.32,93
2026-09-25 10:01,64.185,64.31,64.155,64.31,204
2026-09-25 10:02,64.18,64.22,64.14,64.2,59
2026-09-25 10:03,64.165,64.17,64.105,64.155,92
2026-09-25 10:04,63.96,64.16,63.92,64.135,325
2026-09-25 10:05,63.865,63.96,63.835,63.955,250
2026-09-25 10:06,63.95,63.955,63.82,63.87,148
2026-09-25 10:07,64.05,64.095,63.92,63.935,112
2026-09-25 10:08,64.165,64.19,64.035,64.045,81
2026-09-25 10:09,64.18,64.205,64.145,64.16,49
2026-09-25 10:10,64.145,64.2,64.125,64.19,87
2026-09-25 10:11,64.185,64.185,64.105,64.135,55
2026-09-25 10:12,64.17,64.19,64.135,64.155,90
2026-09-25 10:13,64.2,64.225,64.145,64.17,75
2026-09-25 10:14,64.215,64.23,64.135,64.145,56
2026-09-25 10:15,64.17,64.215,64.155,64.205,65
2026-09-25 10:16,64.12,64.155,64.105,64.15,29
2026-09-25 10:17,64.11,64.13,64.07,64.13,27
2026-09-25 10:18,64.13,64.155,64.1,64.1,20
2026-09-25 10:19,64.205,64.215,64.12,64.14,69
2026-09-25 10:20,64.225,64.225,64.155,64.215,39
2026-09-25 10:21,64.185,64.245,64.185,64.22,19
2026-09-25 10:22,64.21,64.25,64.21,64.22,26
2026-09-25 10:23,64.27,64.285,64.18,64.215,38
2026-09-25 10:24,64.235,64.295,64.215,64.265,31
2026-09-25 10:25,64.29,64.3,64.245,64.245,33
2026-09-25 10:26,64.265,64.31,64.265,64.295,22
2026-09-25 10:27,64.27,64.31,64.255,64.295,20
2026-09-25 10:28,64.22,64.28,64.22,64.255,37
2026-09-25 10:29,64.21,64.3,64.21,64.245,37
2026-09-25 10:30,64.165,64.21,64.15,64.205,50
2026-09-25 10:31,64.19,64.2,64.16,64.17,20
2026-09-25 10:32,64.265,64.265,64.15,64.19,50
2026-09-25 10:33,64.285,64.31,64.255,64.26,49
2026-09-25 10:34,64.27,64.32,64.27,64.3,15
2026-09-25 10:35,64.295,64.325,64.235,64.265,59
2026-09-25 10:36,64.295,64.335,64.28,64.295,22
2026-09-25 10:37,64.335,64.38,64.28,64.28,57
2026-09-25 10:38,64.37,64.405,64.33,64.33,61
2026-09-25 10:39,64.335,64.36,64.315,64.36,19
2026-09-25 10:40,64.325,64.36,64.315,64.325,89
2026-09-25 10:41,64.295,64.335,64.295,64.325,37
2026-09-25 10:42,64.35,64.35,64.3,64.3,11
2026-09-25 10:43,64.37,64.415,64.36,64.37,35
2026-09-25 10:44,64.45,64.45,64.355,64.355,24
2026-09-25 10:45,64.44,64.475,64.42,64.475,35
2026-09-25 10:46,64.515,64.555,64.385,64.42,320
2026-09-25 10:47,64.485,64.515,64.47,64.515,40
2026-09-25 10:48,64.495,64.53,64.49,64.51,38
2026-09-25 10:49,64.575,64.605,64.505,64.505,79
2026-09-25 10:50,64.55,64.57,64.54,64.565,25
2026-09-25 10:51,64.49,64.595,64.48,64.55,95
2026-09-25 10:52,64.51,64.52,64.47,64.48,47
2026-09-25 10:53,64.555,64.57,64.505,64.51,34
2026-09-25 10:54,64.545,64.575,64.535,64.535,37
2026-09-25 10:55,64.575,64.585,64.515,64.545,41
2026-09-25 10:56,64.575,64.655,64.57,64.575,66
2026-09-25 10:57,64.575,64.64,64.575,64.575,26
2026-09-25 10:58,64.55,64.58,64.53,64.57,21
2026-09-25 10:59,64.58,64.585,64.555,64.555,19
2026-09-25 11:00,64.64,64.655,64.585,64.585,35
2026-09-25 11:01,64.655,64.68,64.63,64.635,56
2026-09-25 11:02,64.645,64.7,64.645,64.655,49
2026-09-25 11:03,64.68,64.7,64.65,64.65,86
2026-09-25 11:04,64.74,64.75,64.695,64.695,83
2026-09-25 11:05,64.705,64.76,64.705,64.745,52
2026-09-25 11:06,64.685,64.765,64.685,64.725,59
2026-09-25 11:07,64.665,64.7,64.655,64.695,24
2026-09-25 11:08,64.61,64.67,64.575,64.67,43
2026-09-25 11:09,64.56,64.61,64.56,64.6,34
2026-09-25 11:10,64.515,64.565,64.47,64.565,108
2026-09-25 11:11,64.555,64.555,64.51,64.51,16
2026-09-25 11:12,64.52,64.55,64.52,64.54,38
2026-09-25 11:13,64.59,64.6,64.57,64.575,34
2026-09-25 11:14,64.64,64.64,64.59,64.595,42
2026-09-25 11:15,64.64,64.69,64.58,64.64,92
2026-09-25 11:16,64.675,64.68,64.64,64.64,20
2026-09-25 11:17,64.655,64.68,64.64,64.665,26
2026-09-25 11:18,64.64,64.66,64.635,64.655,19
2026-09-25 11:19,64.53,64.635,64.52,64.625,42
2026-09-25 11:20,64.485,64.515,64.45,64.515,63
2026-09-25 11:21,64.595,64.69,64.515,64.54,197
2026-09-25 11:22,64.6,64.61,64.56,64.57,42
2026-09-25 11:23,64.58,64.63,64.58,64.6,14
2026-09-25 11:24,64.545,64.585,64.545,64.585,13
2026-09-25 11:25,64.525,64.565,64.52,64.55,21
2026-09-25 11:26,64.615,64.615,64.525,64.525,17
2026-09-25 11:27,64.64,64.68,64.625,64.63,36
2026-09-25 11:28,64.62,64.65,64.62,64.65,5
2026-09-25 11:29,64.63,64.645,64.62,64.63,14
2026-09-25 11:30,64.695,64.795,64.615,64.63,425
2026-09-25 11:31,64.75,64.75,64.695,64.705,39
2026-09-25 11:32,64.71,64.775,64.7,64.75,69
2026-09-25 11:33,64.695,64.74,64.695,64.71,28
2026-09-25 11:34,64.665,64.735,64.655,64.735,95
2026-09-25 11:35,64.665,64.67,64.655,64.665,12
2026-09-25 11:36,64.62,64.66,64.62,64.66,17
2026-09-25 11:37,64.59,64.63,64.56,64.63,36
2026-09-25 11:38,64.53,64.59,64.53,64.585,31
2026-09-25 11:39,64.485,64.525,64.48,64.52,32
2026-09-25 11:40,64.52,64.52,64.485,64.49,22
2026-09-25 11:41,64.505,64.53,64.49,64.53,20
2026-09-25 11:42,64.47,64.5,64.455,64.5,14
2026-09-25 11:43,64.43,64.465,64.43,64.465,55
2026-09-25 11:44,64.425,64.445,64.425,64.44,15
2026-09-25 11:45,64.43,64.43,64.4,64.43,33
2026-09-25 11:46,64.43,64.43,64.355,64.425,64
2026-09-25 11:47,64.405,64.43,64.405,64.43,11
2026-09-25 11:48,64.425,64.44,64.39,64.39,20
2026-09-25 11:49,64.37,64.435,64.37,64.435,58
2026-09-25 11:50,64.38,64.405,64.355,64.37,25
2026-09-25 11:51,64.33,64.38,64.325,64.375,40
2026-09-25 11:52,64.375,64.375,64.32,64.32,15
2026-09-25 11:53,64.375,64.4,64.355,64.38,14
2026-09-25 11:54,64.53,64.56,64.375,64.39,316
2026-09-25 11:55,64.515,64.575,64.515,64.52,43
2026-09-25 11:56,64.52,64.525,64.46,64.515,29
2026-09-25 11:57,64.535,64.55,64.495,64.505,66
2026-09-25 11:58,64.735,64.75,64.575,64.575,187
2026-09-25 11:59,64.855,64.86,64.705,64.72,106
2026-09-25 12:00,64.965,64.965,64.8,64.865,140
2026-09-25 12:01,64.88,65.03,64.88,64.965,144
2026-09-25 12:02,65.015,65.035,64.875,64.875,107
2026-09-25 12:03,65.125,65.165,64.985,65.01,187
2026-09-25 12:04,65.055,65.135,64.99,65.135,126
2026-09-25 12:05,65.06,65.11,65.02,65.06,81
2026-09-25 12:06,65.2,65.22,64.98,65.065,156
2026-09-25 12:07,64.995,65.22,64.97,65.21,187
2026-09-25 12:08,65.0,65.06,64.935,64.995,166
2026-09-25 12:09,65.01,65.025,64.955,64.99,47
2026-09-25 12:10,64.99,65.055,64.985,65.015,35
2026-09-25 12:11,64.945,64.97,64.905,64.97,46
2026-09-25 12:12,64.91,64.96,64.87,64.93,29
2026-09-25 12:13,64.895,64.935,64.87,64.92,37
2026-09-25 12:14,64.93,64.93,64.83,64.875,121
2026-09-25 12:15,64.905,64.93,64.87,64.91,48
2026-09-25 12:16,64.9,64.91,64.84,64.91,63
2026-09-25 12:17,64.835,64.94,64.835,64.895,36
2026-09-25 12:18,64.795,64.845,64.795,64.845,30
2026-09-25 12:19,64.785,64.79,64.75,64.79,82
2026-09-25 12:20,64.75,64.79,64.73,64.785,91
2026-09-25 12:21,64.77,64.785,64.735,64.745,28
2026-09-25 12:22,64.77,64.8,64.77,64.795,27
2026-09-25 12:23,64.78,64.81,64.715,64.77,90
2026-09-25 12:24,64.79,64.795,64.76,64.78,29
2026-09-25 12:25,64.795,64.83,64.775,64.785,37
2026-09-25 12:26,64.895,64.895,64.79,64.79,30
2026-09-25 12:27,64.9,64.94,64.895,64.895,34
2026-09-25 12:28,64.9,64.9,64.87,64.9,24
2026-09-25 12:29,64.92,64.93,64.91,64.91,17
2026-09-25 12:30,64.93,64.965,64.905,64.925,90
2026-09-25 12:31,64.9,64.93,64.885,64.93,42
2026-09-25 12:32,64.835,64.92,64.82,64.9,44
2026-09-25 12:33,64.775,64.865,64.775,64.84,216
2026-09-25 12:34,64.655,64.78,64.55,64.78,528
2026-09-25 12:35,64.7,64.7,64.655,64.655,52
2026-09-25 12:36,64.655,64.7,64.595,64.7,61
2026-09-25 12:37,64.685,64.72,64.66,64.66,205
2026-09-25 12:38,64.75,64.755,64.66,64.7,87
2026-09-25 12:39,64.725,64.785,64.725,64.765,38
2026-09-25 12:40,64.67,64.75,64.67,64.715,24
2026-09-25 12:41,64.685,64.695,64.67,64.675,9
2026-09-25 12:42,64.75,64.785,64.725,64.725,222
2026-09-25 12:43,64.75,64.77,64.745,64.745,8
2026-09-25 12:44,64.75,64.785,64.73,64.775,30
2026-09-25 12:45,64.655,64.74,64.655,64.73,11
2026-09-25 12:46,64.665,64.68,64.65,64.675,14
2026-09-25 12:47,64.67,64.69,64.67,64.675,12
2026-09-25 12:48,64.6,64.695,64.59,64.665,25
2026-09-25 12:49,64.595,64.605,64.575,64.6,16
2026-09-25 12:50,64.65,64.67,64.615,64.625,24
2026-09-25 12:51,64.7,64.7,64.66,64.66,27
2026-09-25 12:52,64.685,64.705,64.675,64.685,46
2026-09-25 12:53,64.67,64.69,64.655,64.69,6
2026-09-25 12:54,64.675,64.68,64.675,64.675,7
2026-09-25 12:55,64.705,64.71,64.67,64.67,51
2026-09-25 12:56,64.725,64.74,64.71,64.715,24
2026-09-25 12:57,64.7,64.705,64.69,64.705,5
2026-09-25 12:58,64.695,64.695,64.68,64.685,11
2026-09-25 12:59,64.685,64.73,64.615,64.69,207
2026-09-25 13:00,64.735,64.74,64.65,64.685,54
2026-09-25 13:01,64.805,64.835,64.73,64.74,158
2026-09-25 13:02,64.805,64.82,64.79,64.805,28
2026-09-25 13:03,64.82,64.855,64.815,64.815,25
2026-09-25 13:04,64.83,64.85,64.8,64.81,18
2026-09-25 13:05,64.83,64.84,64.815,64.825,9
2026-09-25 13:06,64.79,64.835,64.79,64.825,6
2026-09-25 13:07,64.805,64.81,64.765,64.785,30
2026-09-25 13:08,64.765,64.815,64.74,64.815,27
2026-09-25 13:09,64.85,64.85,64.79,64.79,36
2026-09-25 13:10,64.8,64.84,64.79,64.84,32
2026-09-25 13:11,64.78,64.81,64.78,64.81,14
2026-09-25 13:12,64.8,64.82,64.785,64.795,6
2026-09-25 13:13,64.8,64.805,64.8,64.8,6
2026-09-25 13:14,64.785,64.8,64.785,64.8,10
2026-09-25 13:15,64.77,64.795,64.77,64.795,38
2026-09-25 13:16,64.815,64.82,64.755,64.775,59
2026-09-25 13:17,64.795,64.82,64.785,64.82,13
2026-09-25 13:18,64.775,64.815,64.775,64.79,17
2026-09-25 13:19,64.775,64.785,64.77,64.77,10
2026-09-25 13:20,64.825,64.825,64.785,64.785,71
2026-09-25 13:21,64.745,64.82,64.74,64.815,63
2026-09-25 13:22,64.75,64.77,64.75,64.75,16
2026-09-25 13:23,64.75,64.79,64.745,64.765,143
2026-09-25 13:24,64.855,64.855,64.725,64.745,455
2026-09-25 13:25,64.815,64.865,64.815,64.86,76
2026-09-25 13:26,64.83,64.84,64.81,64.815,32
2026-09-25 13:27,64.785,64.83,64.785,64.825,16
2026-09-25 13:28,64.745,64.8,64.74,64.8,13
2026-09-25 13:29,64.76,64.76,64.715,64.745,26
2026-09-25 13:30,64.735,64.735,64.735,64.735,2
2026-09-25 13:31,64.715,64.725,64.705,64.725,14
2026-09-25 13:32,64.755,64.755,64.725,64.725,6
2026-09-25 13:33,64.715,64.77,64.715,64.75,16
2026-09-25 13:34,64.705,64.705,64.685,64.705,12
2026-09-25 13:35,64.665,64.7,64.66,64.695,12
2026-09-25 13:36,64.62,64.665,64.62,64.665,38
2026-09-25 13:37,64.64,64.645,64.59,64.615,51
2026-09-25 13:38,64.64,64.665,64.64,64.645,41
2026-09-25 13:39,64.705,64.76,64.63,64.64,205
2026-09-25 13:40,64.72,64.765,64.72,64.74,27
2026-09-25 13:41,64.76,64.79,64.73,64.73,31
2026-09-25 13:42,64.76,64.78,64.74,64.75,15
2026-09-25 13:43,64.7,64.75,64.7,64.75,18
2026-09-25 13:44,64.705,64.73,64.695,64.72,13
2026-09-25 13:45,64.71,64.71,64.7,64.705,5
2026-09-25 13:46,64.655,64.71,64.655,64.71,28
2026-09-25 13:47,64.655,64.655,64.655,64.655,4
2026-09-25 13:48,64.645,64.655,64.645,64.655,6
2026-09-25 13:49,64.715,64.715,64.69,64.71,21
2026-09-25 13:50,64.705,64.715,64.705,64.715,9
2026-09-25 13:51,64.69,64.71,64.69,64.71,9
2026-09-25 13:52,64.675,64.7,64.67,64.7,11
2026-09-25 13:53,64.69,64.7,64.69,64.69,9
2026-09-25 13:54,64.685,64.72,64.67,64.68,35
2026-09-25 13:55,64.695,64.695,64.685,64.685,2
2026-09-25 13:56,64.71,64.715,64.705,64.705,8
2026-09-25 13:57,64.655,64.69,64.655,64.69,9
2026-09-25 13:58,64.66,64.66,64.66,64.66,1
2026-09-25 13:59,64.67,64.67,64.67,64.67,1
2026-09-25 14:00,64.7,64.705,64.69,64.695,110
2026-09-25 14:01,64.71,64.725,64.71,64.725,3
2026-09-25 14:02,64.695,64.705,64.68,64.705,26
2026-09-25 14:04,64.69,64.695,64.69,64.695,3
2026-09-25 14:05,64.69,64.7,64.67,64.67,8
2026-09-25 14:06,64.7,64.7,64.685,64.685,15
2026-09-25 14:07,64.705,64.705,64.7,64.705,5
2026-09-25 14:08,64.73,64.735,64.73,64.73,3
2026-09-25 14:09,64.76,64.76,64.73,64.73,3
2026-09-25 14:10,64.75,64.765,64.75,64.765,33
2026-09-25 14:11,64.72,64.75,64.72,64.75,4
2026-09-25 14:12,64.72,64.72,64.72,64.72,6
2026-09-25 14:13,64.75,64.75,64.735,64.74,7
2026-09-25 14:14,64.77,64.77,64.75,64.755,5
2026-09-25 14:15,64.765,64.765,64.76,64.76,4
2026-09-25 14:16,64.795,64.805,64.775,64.78,24
2026-09-25 14:17,64.775,64.775,64.775,64.775,3
2026-09-25 14:18,64.775,64.785,64.765,64.765,10
2026-09-25 14:19,64.795,64.795,64.77,64.77,21
2026-09-25 14:20,64.795,64.805,64.795,64.795,11
2026-09-25 14:21,64.78,64.78,64.78,64.78,1
2026-09-25 14:22,64.77,64.77,64.77,64.77,3
2026-09-25 14:23,64.795,64.795,64.775,64.775,7
2026-09-25 14:24,64.815,64.825,64.815,64.82,3
2026-09-25 14:25,64.81,64.81,64.81,64.81,1
2026-09-25 14:26,64.77,64.865,64.765,64.835,168
2026-09-25 14:27,64.755,64.835,64.745,64.79,37
2026-09-25 14:28,64.785,64.8,64.74,64.76,26
2026-09-25 14:29,64.84,64.84,64.8,64.815,13
2026-09-25 14:30,64.86,64.86,64.83,64.835,11
2026-09-25 14:31,64.935,64.955,64.865,64.865,84
2026-09-25 14:32,64.93,64.94,64.925,64.935,7
2026-09-25 14:33,64.935,64.935,64.91,64.915,12
2026-09-25 14:34,64.97,64.97,64.92,64.93,27
2026-09-25 14:35,64.95,64.97,64.94,64.945,20
2026-09-25 14:36,64.955,64.955,64.95,64.95,8
2026-09-25 14:37,64.825,64.94,64.82,64.94,34
2026-09-25 14:38,64.845,64.85,64.825,64.83,16
2026-09-25 14:39,64.78,64.83,64.775,64.83,32
2026-09-25 14:40,64.795,64.8,64.76,64.77,24
2026-09-25 14:41,64.85,64.86,64.79,64.8,54
2026-09-25 14:42,64.845,64.88,64.845,64.865,8
2026-09-25 14:43,64.885,64.885,64.865,64.87,10
2026-09-25 14:44,64.895,64.895,64.865,64.885,15
2026-09-25 14:45,64.89,64.915,64.89,64.915,2
2026-09-25 14:46,64.88,64.89,64.87,64.87,3
2026-09-25 14:47,64.885,64.89,64.885,64.89,3
2026-09-25 14:48,64.915,64.915,64.89,64.89,4
2026-09-25 14:49,64.965,64.965,64.93,64.93,7
2026-09-25 14:50,64.96,64.965,64.955,64.955,8
2026-09-25 14:51,64.94,64.945,64.935,64.94,8
2026-09-25 14:52,64.955,64.955,64.955,64.955,1
2026-09-25 14:53,64.965,64.985,64.96,64.965,10
2026-09-25 14:54,64.93,64.97,64.93,64.95,17
2026-09-25 14:55,64.93,64.93,64.93,64.93,1
2026-09-25 14:56,64.965,64.965,64.93,64.935,5
2026-09-25 14:57,64.945,64.95,64.945,64.945,3
2026-09-25 14:58,64.945,64.945,64.94,64.94,3
2026-09-25 14:59,64.94,64.945,64.94,64.945,3
2026-09-25 15:00,64.915,64.955,64.91,64.955,20
2026-09-25 15:01,64.93,64.975,64.9,64.915,66
2026-09-25 15:02,64.88,64.92,64.88,64.92,7
2026-09-25 15:03,64.865,64.88,64.835,64.86,23
2026-09-25 15:04,64.835,64.885,64.825,64.88,56
2026-09-25 15:05,64.85,64.85,64.81,64.825,9
2026-09-25 15:06,64.86,64.9,64.86,64.865,27
2026-09-25 15:07,64.92,64.93,64.87,64.875,15
2026-09-25 15:08,64.905,64.93,64.905,64.93,4
2026-09-25 15:09,64.91,64.91,64.91,64.91,3
2026-09-25 15:10,64.88,64.895,64.875,64.895,23
2026-09-25 15:11,64.88,64.9,64.86,64.875,9
2026-09-25 15:12,64.915,64.915,64.875,64.875,7
2026-09-25 15:13,64.905,64.905,64.905,64.905,1
2026-09-25 15:14,64.975,64.99,64.94,64.94,21
2026-09-25 15:15,64.96,64.995,64.96,64.985,10
2026-09-25 15:16,64.955,64.955,64.945,64.945,4
2026-09-25 15:17,64.945,64.95,64.94,64.95,4
2026-09-25 15:18,64.96,64.96,64.94,64.95,6
2026-09-25 15:19,64.9,64.92,64.9,64.92,5
2026-09-25 15:20,64.895,64.905,64.88,64.9,13
2026-09-25 15:21,64.905,64.905,64.885,64.885,6
2026-09-25 15:22,64.845,64.885,64.84,64.885,15
2026-09-25 15:23,64.85,64.85,64.85,64.85,6
2026-09-25 15:24,64.86,64.86,64.86,64.86,2
2026-09-25 15:25,64.825,64.84,64.825,64.84,3
2026-09-25 15:26,64.815,64.83,64.8,64.83,9
2026-09-25 15:27,64.8,64.845,64.79,64.845,8
2026-09-25 15:28,64.815,64.825,64.81,64.81,7
2026-09-25 15:29,64.785,64.81,64.785,64.81,19
2026-09-25 15:30,64.815,64.815,64.805,64.805,5
2026-09-25 15:31,64.775,64.825,64.775,64.825,42
2026-09-25 15:32,64.77,64.8,64.765,64.79,29
2026-09-25 15:33,64.77,64.79,64.715,64.775,231
2026-09-25 15:34,64.775,64.785,64.77,64.775,9
2026-09-25 15:35,64.81,64.81,64.785,64.785,183
2026-09-25 15:36,64.8,64.825,64.8,64.815,7
2026-09-25 15:37,64.89,64.915,64.815,64.815,87
2026-09-25 15:38,64.895,64.925,64.885,64.885,43
2026-09-25 15:39,64.905,64.905,64.89,64.89,6
2026-09-25 15:40,64.875,64.91,64.87,64.9,22
2026-09-25 15:41,64.875,64.91,64.86,64.875,38
2026-09-25 15:42,64.865,64.875,64.865,64.875,8
2026-09-25 15:43,64.89,64.89,64.88,64.88,2
2026-09-25 15:44,64.84,64.845,64.84,64.845,2
2026-09-25 15:45,64.855,64.905,64.855,64.9,9
2026-09-25 15:46,64.86,64.88,64.86,64.87,19
2026-09-25 15:47,64.85,64.875,64.85,64.875,11
2026-09-25 15:48,64.825,64.85,64.825,64.85,10
2026-09-25 15:49,64.81,64.825,64.81,64.815,9
2026-09-25 15:50,64.815,64.85,64.815,64.835,9
2026-09-25 15:51,64.81,64.835,64.81,64.835,4
2026-09-25 15:52,64.82,64.82,64.785,64.795,28
2026-09-25 15:53,64.77,64.795,64.765,64.78,14
2026-09-25 15:54,64.79,64.79,64.765,64.765,17
2026-09-25 15:55,64.765,64.77,64.75,64.77,13
2026-09-25 15:56,64.755,64.76,64.75,64.76,3
2026-09-25 15:57,64.765,64.775,64.765,64.77,12
2026-09-25 15:58,64.8,64.8,64.77,64.77,22
2026-09-25 15:59,64.8,64.805,64.78,64.8,15
2026-09-25 16:00,64.805,64.815,64.79,64.805,20
2026-09-25 16:01,64.785,64.795,64.785,64.795,4
2026-09-25 16:02,64.765,64.785,64.765,64.785,22
2026-09-25 16:03,64.765,64.77,64.76,64.76,6
2026-09-25 16:04,64.765,64.775,64.765,64.775,9
2026-09-25 16:05,64.745,64.76,64.745,64.755,18
2026-09-25 16:07,64.765,64.765,64.75,64.75,6
2026-09-25 16:08,64.755,64.755,64.755,64.755,1
2026-09-25 16:10,64.77,64.77,64.765,64.765,21
2026-09-25 16:11,64.75,64.765,64.75,64.76,16
2026-09-25 16:12,64.74,64.745,64.74,64.745,2
2026-09-25 16:13,64.735,64.745,64.73,64.745,46
2026-09-25 16:14,64.755,64.76,64.755,64.76,7
2026-09-25 16:15,64.735,64.735,64.73,64.73,3
2026-09-25 16:16,64.73,64.735,64.73,64.735,2
2026-09-25 16:17,64.74,64.74,64.74,64.74,1
2026-09-25 16:18,64.73,64.735,64.73,64.735,3
2026-09-25 16:20,64.72,64.735,64.72,64.735,2
2026-09-25 16:21,64.715,64.72,64.715,64.715,9
2026-09-25 16:22,64.74,64.74,64.725,64.725,2
2026-09-25 16:23,64.725,64.725,64.725,64.725,1
2026-09-25 16:24,64.735,64.735,64.735,64.735,1
2026-09-25 16:26,64.74,64.745,64.725,64.725,6
2026-09-25 16:27,64.715,64.72,64.715,64.72,2
2026-09-25 16:28,64.75,64.75,64.705,64.705,19
2026-09-25 16:29,64.73,64.735,64.705,64.72,11
2026-09-25 16:30,64.745,64.745,64.735,64.735,11
2026-09-25 16:31,64.73,64.73,64.725,64.725,3
2026-09-25 16:32,64.755,64.765,64.755,64.76,4
2026-09-25 16:33,64.745,64.755,64.74,64.75,5
2026-09-25 16:34,64.725,64.74,64.725,64.74,5
2026-09-25 16:35,64.71,64.74,64.71,64.73,15
2026-09-25 16:36,64.71,64.71,64.71,64.71,1
2026-09-25 16:37,64.73,64.73,64.73,64.73,3
2026-09-25 16:38,64.715,64.73,64.7,64.715,21
2026-09-25 16:39,64.685,64.715,64.685,64.715,14
2026-09-25 16:41,64.705,64.705,64.695,64.7,3
2026-09-25 16:42,64.715,64.715,64.715,64.715,3
2026-09-25 16:43,64.72,64.72,64.715,64.715,6
2026-09-25 16:44,64.715,64.715,64.715,64.715,1
2026-09-25 16:45,64.7,64.705,64.7,64.705,2
2026-09-25 16:46,64.695,64.7,64.695,64.7,6
2026-09-25 16:47,64.695,64.705,64.695,64.705,2
2026-09-25 16:49,64.735,64.735,64.73,64.73,3
2026-09-25 16:50,64.735,64.74,64.73,64.73,7
2026-09-25 16:52,64.805,64.805,64.765,64.765,14
2026-09-25 16:53,64.79,64.79,64.79,64.79,1
2026-09-25 16:54,64.755,64.785,64.755,64.77,26
2026-09-25 16:55,64.775,64.775,64.765,64.765,5
2026-09-25 16:56,64.75,64.77,64.75,64.765,19
2026-09-25 16:57,64.745,64.745,64.735,64.735,5
2026-09-25 16:58,64.745,64.75,64.745,64.75,3
2026-09-25 16:59,64.801,64.801,64.71,64.735,19
