Price,Close,High,Low,Open,Volume
Ticker,GC=F,GC=F,GC=F,GC=F,GC=F
Datetime,,,,,
2026-06-17 00:00,4351.0,4352.2002,4351.0,4352.2002,0
2026-06-17 00:01,4348.8999,4351.0,4348.1001,4351.0,98
2026-06-17 00:02,4349.7002,4349.7998,4348.5,4348.5,8
2026-06-17 00:03,4349.2998,4349.3999,4348.8999,4349.3999,8
2026-06-17 00:04,4349.2998,4350.6001,4349.2998,4349.8999,27
2026-06-17 00:05,4349.2998,4349.5,4349.2998,4349.3999,4
2026-06-17 00:06,4349.8999,4349.8999,4348.7998,4348.7998,12
2026-06-17 00:07,4350.7002,4351.0,4349.8999,4350.0,27
2026-06-17 00:08,4350.6001,4350.7998,4350.6001,4350.7002,6
2026-06-17 00:09,4350.0,4350.2002,4349.5,4350.0,19
2026-06-17 00:10,4350.6001,4350.7002,4350.2998,4350.5,15
2026-06-17 00:11,4351.7998,4351.7998,4350.7998,4350.7998,22
2026-06-17 00:13,4350.0,4351.5,4350.0,4351.5,18
2026-06-17 00:14,4350.2002,4350.2002,4350.1001,4350.1001,3
2026-06-17 00:15,4349.5,4349.7998,4349.3999,4349.7002,11
2026-06-17 00:16,4350.7002,4350.8999,4349.7998,4349.7998,17
2026-06-17 00:17,4351.7002,4352.1001,4350.8999,4350.8999,78
2026-06-17 00:18,4353.0,4353.2998,4351.6001,4351.6001,47
2026-06-17 00:19,4351.6001,4353.6001,4350.5,4353.2998,110
2026-06-17 00:20,4351.3999,4351.7002,4351.3999,4351.5,5
2026-06-17 00:21,4349.8999,4351.2998,4349.6001,4351.2998,27
2026-06-17 00:22,4349.3999,4350.0,4349.2002,4349.7998,14
2026-06-17 00:23,4348.2998,4349.3999,4346.7998,4349.3999,98
2026-06-17 00:24,4349.0,4349.2998,4347.7998,4347.7998,27
2026-06-17 00:25,4348.3999,4348.7998,4348.3999,4348.7998,3
2026-06-17 00:26,4348.2998,4348.2998,4347.5,4347.8999,10
2026-06-17 00:27,4346.2998,4348.5,4346.2002,4348.5,41
2026-06-17 00:28,4345.7002,4346.8999,4345.6001,4346.7998,34
2026-06-17 00:29,4344.1001,4345.7002,4343.2998,4345.6001,134
2026-06-17 00:30,4344.0,4345.1001,4343.2998,4343.7998,56
2026-06-17 00:31,4344.7002,4344.7002,4343.7998,4344.0,21
2026-06-17 00:32,4344.7002,4345.2002,4344.2002,4344.3999,33
2026-06-17 00:33,4343.6001,4344.7998,4343.5,4344.7998,18
2026-06-17 00:34,4337.5,4343.7998,4337.1001,4343.7998,250
2026-06-17 00:35,4340.7998,4341.2002,4337.7998,4337.7998,83
2026-06-17 00:36,4341.0,4341.5,4339.8999,4340.7998,36
2026-06-17 00:37,4341.7998,4342.3999,4340.7002,4341.0,35
2026-06-17 00:38,4344.3999,4344.7002,4342.3999,4342.3999,41
2026-06-17 00:39,4343.1001,4344.8999,4342.8999,4344.7002,48
2026-06-17 00:40,4343.7002,4343.7998,4343.1001,4343.1001,26
2026-06-17 00:41,4342.2002,4343.5,4342.2002,4343.5,8
2026-06-17 00:42,4342.6001,4343.5,4342.2998,4342.2998,13
2026-06-17 00:43,4343.1001,4343.3999,4341.2998,4341.7002,44
2026-06-17 00:44,4342.5,4343.3999,4342.5,4343.1001,15
2026-06-17 00:45,4342.7002,4343.2998,4342.5,4342.5,12
2026-06-17 00:46,4343.0,4343.3999,4342.0,4342.3999,11
2026-06-17 00:47,4343.0,4343.2998,4343.0,4343.2002,10
2026-06-17 00:48,4342.8999,4343.0,4342.7998,4343.0,4
2026-06-17 00:49,4343.0,4343.2002,4342.5,4342.6001,18
2026-06-17 00:50,4341.7002,4342.5,4341.7002,4342.3999,14
2026-06-17 00:51,4344.5,4344.5,4342.5,4342.5,46
2026-06-17 00:52,4344.2002,4345.0,4344.2002,4344.3999,34
2026-06-17 00:53,4344.7002,4344.7002,4344.1001,4344.2002,5
2026-06-17 00:54,4344.7998,4345.0,4344.7998,4345.0,3
2026-06-17 00:55,4344.7998,4345.2002,4344.6001,4344.6001,7
2026-06-17 00:56,4344.6001,4344.7998,4344.5,4344.5,5
2026-06-17 00:57,4344.5,4344.5,4344.1001,4344.2002,5
2026-06-17 00:58,4345.0,4345.0,4343.3999,4343.3999,15
2026-06-17 00:59,4346.1001,4346.1001,4344.7998,4345.2998,33
2026-06-17 01:00,4345.6001,4346.6001,4345.6001,4346.2002,33
2026-06-17 01:01,4346.7998,4346.7998,4345.0,4346.1001,45
2026-06-17 01:02,4347.0,4347.5,4346.0,4346.7998,46
2026-06-17 01:03,4345.8999,4346.6001,4345.5,4346.6001,26
2026-06-17 01:04,4345.2998,4346.0,4345.0,4346.0,43
2026-06-17 01:05,4344.0,4345.1001,4344.0,4344.6001,15
2026-06-17 01:06,4344.2002,4344.6001,4343.7002,4343.8999,32
2026-06-17 01:07,4345.0,4345.1001,4344.3999,4344.3999,26
2026-06-17 01:08,4346.0,4346.7002,4344.5,4344.5,43
2026-06-17 01:09,4344.1001,4345.7002,4343.7998,4345.7002,42
2026-06-17 01:10,4343.7002,4343.7998,4342.7998,4343.7998,26
2026-06-17 01:11,4342.7002,4344.1001,4342.7002,4343.2002,11
2026-06-17 01:12,4342.0,4343.1001,4341.7998,4342.8999,28
2026-06-17 01:13,4342.2998,4342.6001,4342.2998,4342.3999,7
2026-06-17 01:14,4342.2002,4342.6001,4340.3999,4342.6001,32
2026-06-17 01:15,4341.1001,4342.2002,4340.7998,4342.1001,34
2026-06-17 01:16,4341.1001,4341.7998,4340.6001,4340.7998,41
2026-06-17 01:17,4343.7998,4343.8999,4341.1001,4341.2002,54
2026-06-17 01:18,4346.3999,4347.0,4344.0,4344.0,100
2026-06-17 01:19,4345.7998,4346.6001,4345.7998,4346.1001,12
2026-06-17 01:20,4346.0,4346.0,4345.2998,4345.7998,12
2026-06-17 01:21,4345.8999,4345.8999,4345.0,4345.7002,21
2026-06-17 01:22,4345.2002,4345.6001,4344.7998,4345.6001,10
2026-06-17 01:23,4345.2002,4345.2002,4344.7002,4344.7998,19
2026-06-17 01:24,4344.6001,4344.6001,4344.6001,4344.6001,1
2026-06-17 01:25,4344.2002,4344.5,4343.8999,4344.5,5
2026-06-17 01:26,4345.2998,4345.7002,4344.1001,4344.1001,22
2026-06-17 01:27,4345.6001,4346.6001,4345.6001,4346.2002,25
2026-06-17 01:28,4345.7002,4345.7002,4344.3999,4345.5,76
2026-06-17 01:29,4346.5,4347.0,4346.2002,4346.2002,11
2026-06-17 01:30,4351.5,4352.7002,4346.7998,4346.7998,325
2026-06-17 01:31,4349.5,4351.8999,4349.5,4351.3999,171
2026-06-17 01:32,4348.3999,4350.2998,4347.7998,4349.6001,59
2026-06-17 01:33,4349.3999,4349.7998,4347.3999,4348.1001,60
2026-06-17 01:34,4349.3999,4350.0,4348.2998,4348.3999,25
2026-06-17 01:35,4348.2002,4349.5,4348.2002,4349.5,19
2026-06-17 01:36,4347.7002,4348.2002,4347.0,4347.7998,34
2026-06-17 01:37,4348.2002,4348.2002,4347.0,4347.5,20
2026-06-17 01:38,4349.1001,4349.3999,4347.2002,4347.2998,29
2026-06-17 01:39,4348.1001,4348.5,4347.7002,4348.2002,11
2026-06-17 01:40,4347.2002,4348.5,4346.8999,4348.0,28
2026-06-17 01:41,4348.3999,4348.3999,4346.7998,4347.0,44
2026-06-17 01:42,4348.1001,4348.3999,4346.3999,4348.2002,43
2026-06-17 01:43,4349.1001,4349.1001,4347.7998,4347.7998,10
2026-06-17 01:44,4349.5,4349.7002,4348.6001,4349.2002,14
2026-06-17 01:45,4348.8999,4350.0,4348.8999,4349.3999,12
2026-06-17 01:46,4350.2998,4350.6001,4349.2002,4349.2002,31
2026-06-17 01:47,4351.7998,4351.8999,4350.7002,4350.7002,27
2026-06-17 01:48,4352.0,4352.6001,4351.1001,4351.2998,89
2026-06-17 01:49,4351.3999,4353.7998,4351.3999,4352.7002,88
2026-06-17 01:50,4351.3999,4352.6001,4350.8999,4351.1001,51
2026-06-17 01:51,4351.1001,4352.5,4351.1001,4351.6001,21
2026-06-17 01:52,4350.7998,4351.1001,4349.7998,4351.1001,34
2026-06-17 01:53,4351.5,4351.5,4350.2002,4350.2998,22
2026-06-17 01:54,4349.6001,4351.7002,4349.6001,4351.5,22
2026-06-17 01:55,4346.6001,4350.0,4346.6001,4349.5,32
2026-06-17 01:56,4344.8999,4347.1001,4343.8999,4347.1001,49
2026-06-17 01:57,4345.5,4346.0,4345.1001,4345.1001,39
2026-06-17 01:58,4346.2002,4346.2002,4344.5,4345.1001,34
2026-06-17 01:59,4346.1001,4347.0,4345.8999,4346.7998,33
2026-06-17 02:00,4346.2998,4347.5,4343.7998,4346.5,182
2026-06-17 02:01,4346.8999,4347.7002,4346.3999,4346.6001,46
2026-06-17 02:02,4345.7002,4347.5,4345.1001,4347.2002,53
2026-06-17 02:03,4345.2998,4346.6001,4344.7998,4346.1001,27
2026-06-17 02:04,4347.2998,4347.5,4345.7002,4346.0,34
2026-06-17 02:05,4348.2998,4348.7998,4347.7002,4347.7002,24
2026-06-17 02:06,4348.8999,4348.8999,4347.2002,4348.1001,21
2026-06-17 02:07,4348.6001,4349.6001,4348.6001,4349.1001,20
2026-06-17 02:08,4348.6001,4348.7998,4347.7002,4348.2998,21
2026-06-17 02:09,4347.2998,4349.0,4346.7002,4348.7002,13
2026-06-17 02:10,4347.8999,4348.6001,4347.2998,4347.2998,25
2026-06-17 02:11,4347.6001,4347.7002,4346.5,4347.6001,37
2026-06-17 02:12,4347.8999,4347.8999,4346.8999,4347.6001,10
2026-06-17 02:13,4347.2998,4348.6001,4347.0,4348.0,13
2026-06-17 02:14,4348.7998,4349.6001,4347.2998,4348.0,87
2026-06-17 02:15,4347.6001,4349.0,4347.2998,4348.5,42
2026-06-17 02:16,4346.2998,4347.6001,4345.0,4347.3999,89
2026-06-17 02:17,4344.5,4346.3999,4344.2998,4346.3999,39
2026-06-17 02:18,4344.7002,4344.8999,4343.0,4344.8999,52
2026-06-17 02:19,4343.2998,4344.7998,4343.1001,4344.7998,78
2026-06-17 02:20,4344.7002,4345.5,4343.2002,4343.7002,64
2026-06-17 02:21,4342.2998,4344.7002,4341.7002,4344.7002,53
2026-06-17 02:22,4343.2002,4343.2002,4340.1001,4342.0,93
2026-06-17 02:23,4342.2998,4342.8999,4342.2998,4342.6001,39
2026-06-17 02:24,4343.6001,4343.7002,4342.5,4342.5,42
2026-06-17 02:25,4344.5,4344.7998,4342.6001,4343.5,35
2026-06-17 02:26,4344.7998,4344.7998,4341.7998,4344.2002,294
2026-06-17 02:27,4346.7998,4346.7998,4344.8999,4345.2002,55
2026-06-17 02:28,4345.0,4346.7998,4345.0,4346.5,36
2026-06-17 02:29,4343.7002,4345.2002,4343.7002,4345.2002,47
2026-06-17 02:30,4344.5,4345.1001,4343.5,4343.6001,25
2026-06-17 02:31,4344.5,4345.0,4343.8999,4344.8999,27
2026-06-17 02:32,4342.5,4344.2998,4342.0,4344.2998,56
2026-06-17 02:33,4344.3999,4344.6001,4343.1001,4343.1001,25
2026-06-17 02:34,4345.7002,4346.0,4344.5,4344.7002,41
2026-06-17 02:35,4345.0,4346.5,4344.2002,4345.8999,28
2026-06-17 02:36,4345.6001,4345.8999,4344.7998,4344.8999,25
2026-06-17 02:37,4345.1001,4345.5,4344.7002,4345.2002,28
2026-06-17 02:38,4344.7998,4345.3999,4344.3999,4345.3999,143
2026-06-17 02:39,4345.2998,4345.6001,4343.3999,4344.7002,70
2026-06-17 02:40,4346.6001,4346.6001,4345.7998,4345.7998,22
2026-06-17 02:41,4346.3999,4347.2002,4345.1001,4346.6001,46
2026-06-17 02:42,4348.2002,4348.7002,4346.2998,4346.2998,70
2026-06-17 02:43,4347.2998,4348.2998,4347.2998,4348.2002,20
2026-06-17 02:44,4347.2998,4347.3999,4345.8999,4347.1001,45
2026-06-17 02:45,4346.8999,4347.5,4346.7002,4347.2998,26
2026-06-17 02:46,4347.1001,4347.6001,4346.2998,4346.6001,33
2026-06-17 02:47,4347.7002,4347.7002,4347.0,4347.1001,13
2026-06-17 02:48,4349.0,4349.2998,4347.7998,4347.8999,53
2026-06-17 02:49,4348.6001,4348.7002,4347.3999,4348.7002,36
2026-06-17 02:50,4348.2002,4348.5,4347.7998,4348.5,6
2026-06-17 02:51,4348.1001,4348.1001,4347.3999,4347.5,26
2026-06-17 02:52,4348.7002,4348.7998,4348.2002,4348.2002,12
2026-06-17 02:53,4349.2002,4349.7998,4348.2002,4348.3999,49
2026-06-17 02:54,4349.0,4349.6001,4348.6001,4349.6001,16
2026-06-17 02:55,4350.2998,4350.5,4348.0,4348.7998,50
2026-06-17 02:56,4349.3999,4350.6001,4349.3999,4350.3999,14
2026-06-17 02:57,4349.7998,4349.7998,4349.0,4349.2998,18
2026-06-17 02:58,4350.3999,4350.7998,4349.8999,4350.3999,39
2026-06-17 02:59,4351.2002,4351.2002,4350.2998,4350.7002,17
2026-06-17 03:00,4350.5,4351.5,4349.8999,4351.1001,73
2026-06-17 03:01,4349.7998,4350.7002,4349.7998,4350.5,31
2026-06-17 03:02,4351.7002,4352.1001,4350.1001,4350.1001,32
2026-06-17 03:03,4351.3999,4352.5,4351.1001,4352.0,22
2026-06-17 03:04,4350.1001,4351.5,4349.8999,4351.5,21
2026-06-17 03:05,4350.0,4350.2002,4348.5,4350.1001,73
2026-06-17 03:06,4349.8999,4350.2998,4349.3999,4350.2002,39
2026-06-17 03:07,4350.1001,4350.1001,4348.7002,4349.7998,26
2026-06-17 03:08,4350.0,4352.2002,4350.0,4350.5,50
2026-06-17 03:09,4350.2998,4350.7002,4349.7002,4350.0,38
2026-06-17 03:10,4349.7002,4350.2002,4349.7002,4350.1001,16
2026-06-17 03:11,4350.7002,4351.7002,4349.2998,4349.8999,52
2026-06-17 03:12,4348.7998,4351.2998,4348.5,4351.2998,39
2026-06-17 03:13,4347.7998,4348.3999,4347.6001,4348.3999,28
2026-06-17 03:14,4346.8999,4348.2002,4346.6001,4348.2002,55
2026-06-17 03:15,4351.6001,4352.0,4347.0,4347.0,120
2026-06-17 03:16,4351.7998,4352.1001,4350.8999,4351.7002,97
2026-06-17 03:17,4351.2998,4352.2998,4351.2998,4352.1001,40
2026-06-17 03:18,4348.8999,4351.2998,4348.8999,4351.2998,41
2026-06-17 03:19,4347.0,4348.5,4346.1001,4348.5,58
2026-06-17 03:20,4347.7998,4348.2998,4346.7002,4346.7002,24
2026-06-17 03:21,4347.7998,4348.3999,4347.3999,4347.3999,21
2026-06-17 03:22,4349.5,4349.5,4347.3999,4347.3999,37
2026-06-17 03:23,4348.2002,4349.7002,4348.2002,4349.7002,10
2026-06-17 03:24,4348.3999,4348.6001,4348.0,4348.1001,23
2026-06-17 03:25,4347.2002,4348.5,4346.8999,4348.2998,32
2026-06-17 03:26,4347.2002,4348.2002,4346.7998,4347.3999,51
2026-06-17 03:27,4347.2998,4347.8999,4347.2998,4347.7002,9
2026-06-17 03:28,4346.8999,4348.1001,4346.7998,4347.0,34
2026-06-17 03:29,4348.2998,4348.2998,4346.7002,4347.2002,59
2026-06-17 03:30,4349.1001,4349.2998,4347.3999,4347.8999,29
2026-06-17 03:31,4347.7998,4349.7002,4347.7998,4349.2998,28
2026-06-17 03:32,4347.7002,4348.3999,4346.8999,4347.2998,17
2026-06-17 03:33,4346.2002,4347.2998,4345.5,4347.2998,46
2026-06-17 03:34,4345.2002,4346.2998,4345.2002,4346.2998,23
2026-06-17 03:35,4346.2998,4346.7998,4345.0,4345.0,43
2026-06-17 03:36,4346.6001,4346.7002,4345.8999,4346.1001,16
2026-06-17 03:37,4345.8999,4346.1001,4344.7998,4345.8999,28
2026-06-17 03:38,4348.2002,4348.5,4346.1001,4346.1001,142
2026-06-17 03:39,4350.3999,4350.8999,4348.2998,4348.5,53
2026-06-17 03:40,4349.8999,4351.1001,4349.7002,4350.5,49
2026-06-17 03:41,4348.6001,4350.0,4348.3999,4349.6001,38
2026-06-17 03:42,4348.5,4349.0,4348.1001,4348.5,23
2026-06-17 03:43,4349.5,4349.7998,4348.2002,4348.2998,45
2026-06-17 03:44,4348.2002,4349.6001,4348.0,4349.6001,56
2026-06-17 03:45,4348.3999,4348.6001,4348.1001,4348.5,13
2026-06-17 03:46,4348.6001,4348.7002,4348.2002,4348.3999,7
2026-06-17 03:47,4348.7002,4348.8999,4348.7002,4348.8999,3
2026-06-17 03:48,4347.7998,4348.7002,4347.1001,4348.7002,103
2026-06-17 03:49,4346.2002,4348.6001,4345.7998,4347.7998,365
2026-06-17 03:50,4347.3999,4347.3999,4345.7998,4346.1001,31
2026-06-17 03:51,4347.1001,4348.2998,4346.7002,4347.0,48
2026-06-17 03:52,4347.1001,4347.2998,4346.1001,4346.7002,33
2026-06-17 03:53,4346.8999,4347.7002,4346.8999,4347.2002,13
2026-06-17 03:54,4344.6001,4347.2998,4344.6001,4347.2002,83
2026-06-17 03:55,4346.1001,4346.1001,4344.7002,4344.7002,31
2026-06-17 03:56,4346.7998,4347.6001,4346.0,4346.2002,43
2026-06-17 03:57,4344.7002,4346.7002,4344.3999,4346.7002,35
2026-06-17 03:58,4344.8999,4345.2998,4344.2002,4344.6001,32
2026-06-17 03:59,4344.7002,4345.0,4344.1001,4345.0,23
2026-06-17 04:00,4343.7002,4345.0,4343.2998,4344.7998,52
2026-06-17 04:01,4345.7998,4346.3999,4344.2002,4344.5,56
2026-06-17 04:02,4346.2002,4346.3999,4345.1001,4345.3999,44
2026-06-17 04:03,4345.5,4346.1001,4345.3999,4346.1001,21
2026-06-17 04:04,4345.6001,4345.7998,4345.1001,4345.2998,6
2026-06-17 04:05,4346.1001,4346.7002,4345.3999,4345.3999,9
2026-06-17 04:06,4346.0,4346.5,4345.8999,4346.2998,16
2026-06-17 04:07,4345.6001,4345.7002,4345.0,4345.6001,15
2026-06-17 04:08,4347.5,4347.5,4346.0,4346.0,32
2026-06-17 04:09,4346.6001,4347.2002,4346.2998,4347.1001,18
2026-06-17 04:10,4344.0,4346.5,4344.0,4346.5,30
2026-06-17 04:11,4345.6001,4345.6001,4343.7002,4343.8999,48
2026-06-17 04:12,4343.7998,4345.2998,4343.7998,4345.2998,17
2026-06-17 04:13,4343.2998,4343.5,4341.5,4343.5,61
2026-06-17 04:14,4342.2002,4343.6001,4342.1001,4342.7002,44
2026-06-17 04:15,4342.2002,4342.7998,4340.3999,4342.1001,51
2026-06-17 04:16,4340.2002,4342.2998,4338.7998,4342.2998,233
2026-06-17 04:17,4341.2998,4341.7998,4339.2002,4340.2002,82
2026-06-17 04:18,4341.7002,4342.6001,4341.0,4341.0,93
2026-06-17 04:19,4342.2002,4342.5,4341.8999,4341.8999,117
2026-06-17 04:20,4342.6001,4343.2002,4340.7002,4341.7002,39
2026-06-17 04:21,4342.0,4342.7002,4342.0,4342.3999,11
2026-06-17 04:22,4340.8999,4342.0,4340.1001,4341.7002,38
2026-06-17 04:23,4341.7998,4342.2998,4341.2002,4341.2002,20
2026-06-17 04:24,4343.6001,4343.6001,4341.7002,4342.1001,19
2026-06-17 04:25,4342.6001,4343.5,4342.1001,4343.3999,32
2026-06-17 04:26,4342.8999,4342.8999,4341.7002,4342.6001,31
2026-06-17 04:27,4344.0,4344.1001,4342.2998,4342.7998,31
2026-06-17 04:28,4343.7998,4344.3999,4343.0,4343.8999,31
2026-06-17 04:29,4343.2002,4344.1001,4343.2002,4343.7002,20
2026-06-17 04:30,4343.5,4343.5,4342.7002,4342.7002,25
2026-06-17 04:31,4339.6001,4343.0,4339.1001,4343.0,63
2026-06-17 04:32,4340.6001,4340.7002,4339.1001,4340.0,45
2026-06-17 04:33,4342.3999,4342.7998,4341.0,4341.2998,20
2026-06-17 04:34,4342.7998,4343.8999,4342.7998,4342.8999,34
2026-06-17 04:35,4342.8999,4343.3999,4342.6001,4342.8999,29
2026-06-17 04:36,4341.3999,4342.8999,4340.7998,4342.8999,41
2026-06-17 04:37,4341.6001,4342.1001,4341.1001,4341.2998,12
2026-06-17 04:38,4341.8999,4342.2002,4341.7998,4341.7998,7
2026-06-17 04:39,4339.5,4342.0,4339.5,4341.5,31
2026-06-17 04:40,4339.3999,4339.7002,4339.1001,4339.2002,30
2026-06-17 04:41,4339.2002,4340.1001,4339.2002,4339.7002,21
2026-06-17 04:42,4339.7998,4340.3999,4338.5,4338.8999,35
2026-06-17 04:43,4340.7002,4341.2002,4339.7998,4339.7998,41
2026-06-17 04:44,4339.2002,4340.2002,4337.8999,4340.2002,39
2026-06-17 04:45,4338.2002,4339.3999,4335.6001,4339.1001,173
2026-06-17 04:46,4338.2002,4339.2002,4338.0,4338.0,44
2026-06-17 04:47,4338.5,4338.7998,4337.7002,4338.0,14
2026-06-17 04:48,4337.7998,4339.1001,4337.2002,4339.0,59
2026-06-17 04:49,4338.2002,4339.6001,4338.2002,4338.2002,25
2026-06-17 04:50,4340.2998,4341.1001,4337.3999,4338.3999,98
2026-06-17 04:51,4342.3999,4342.3999,4340.2002,4340.7998,50
2026-06-17 04:52,4341.8999,4343.2998,4341.3999,4342.1001,63
2026-06-17 04:53,4342.3999,4342.3999,4341.5,4342.0,63
2026-06-17 04:54,4344.0,4344.2998,4342.5,4342.5,31
2026-06-17 04:55,4343.3999,4344.1001,4342.3999,4344.1001,46
2026-06-17 04:56,4343.7002,4343.7002,4342.6001,4342.8999,22
2026-06-17 04:57,4344.5,4345.0,4343.3999,4343.5,35
2026-06-17 04:58,4344.7002,4345.0,4344.1001,4344.7998,43
2026-06-17 04:59,4344.2002,4344.7002,4343.7998,4344.7002,25
2026-06-17 05:00,4342.7998,4344.3999,4342.3999,4344.3999,29
2026-06-17 05:01,4343.0,4343.0,4342.1001,4342.5,47
2026-06-17 05:02,4342.1001,4343.7002,4341.7998,4343.3999,51
2026-06-17 05:03,4341.6001,4342.3999,4340.5,4342.2002,16
2026-06-17 05:04,4342.8999,4344.0,4342.3999,4342.3999,18
2026-06-17 05:05,4343.0,4343.3999,4342.6001,4343.2998,26
2026-06-17 05:06,4342.1001,4342.6001,4342.1001,4342.5,10
2026-06-17 05:07,4343.2998,4343.6001,4342.6001,4342.6001,13
2026-06-17 05:08,4342.0,4342.7002,4342.0,4342.7002,6
2026-06-17 05:09,4341.3999,4341.8999,4341.3999,4341.8999,7
2026-06-17 05:10,4341.5,4341.7998,4341.2002,4341.2002,8
2026-06-17 05:11,4342.8999,4343.0,4341.2002,4341.5,22
2026-06-17 05:12,4343.5,4343.5,4342.8999,4342.8999,8
2026-06-17 05:13,4344.7998,4345.2998,4342.8999,4343.2002,52
2026-06-17 05:14,4344.7002,4345.0,4343.7002,4344.6001,34
2026-06-17 05:15,4345.6001,4346.2998,4345.0,4345.0,37
2026-06-17 05:16,4345.8999,4346.2002,4345.6001,4345.7002,18
2026-06-17 05:17,4346.2002,4346.2998,4345.1001,4345.6001,38
2026-06-17 05:18,4346.3999,4347.0,4345.7998,4346.2002,62
2026-06-17 05:19,4346.2998,4347.1001,4345.8999,4346.2002,37
2026-06-17 05:20,4345.3999,4346.2998,4345.3999,4346.0,31
2026-06-17 05:21,4345.6001,4346.3999,4345.6001,4346.0,14
2026-06-17 05:22,4346.5,4346.5,4345.8999,4345.8999,18
2026-06-17 05:23,4346.7998,4347.0,4346.1001,4346.5,26
2026-06-17 05:24,4346.8999,4347.7002,4346.1001,4346.7998,115
2026-06-17 05:25,4348.7002,4349.7002,4346.7998,4346.7998,157
2026-06-17 05:26,4350.7998,4352.6001,4348.2998,4348.7998,286
2026-06-17 05:27,4350.2002,4351.5,4349.7002,4351.2998,149
2026-06-17 05:28,4349.8999,4350.7002,4349.7002,4350.2002,55
2026-06-17 05:29,4351.0,4351.5,4349.2998,4350.0,104
2026-06-17 05:30,4350.7998,4355.1001,4350.7998,4351.1001,433
2026-06-17 05:31,4349.2998,4351.7002,4349.2998,4351.1001,104
2026-06-17 05:32,4349.2998,4349.7998,4347.8999,4349.7998,80
2026-06-17 05:33,4349.6001,4349.7002,4349.0,4349.0,31
2026-06-17 05:34,4348.5,4349.3999,4348.2998,4349.3999,0
2026-06-17 05:35,4349.6001,4350.7998,4349.2002,4349.2002,178
2026-06-17 05:36,4349.2998,4349.2998,4348.5,4349.2998,14
2026-06-17 05:37,4349.7998,4349.7998,4348.7002,4348.7002,10
2026-06-17 05:38,4348.7998,4349.5,4348.3999,4349.5,11
2026-06-17 05:39,4348.6001,4349.2002,4348.2998,4348.7002,25
2026-06-17 05:40,4348.7998,4349.2002,4348.3999,4348.6001,18
2026-06-17 05:41,4348.7002,4348.7998,4347.7998,4348.6001,103
2026-06-17 05:42,4350.1001,4350.1001,4348.7998,4348.7998,14
2026-06-17 05:43,4349.7002,4350.3999,4349.7002,4350.1001,13
2026-06-17 05:44,4348.0,4349.7002,4348.0,4349.7002,38
2026-06-17 05:45,4348.3999,4348.8999,4347.5,4348.2998,52
2026-06-17 05:46,4348.1001,4348.6001,4348.1001,4348.3999,18
2026-06-17 05:47,4347.0,4348.2002,4347.0,4348.1001,31
2026-06-17 05:48,4347.2002,4347.5,4346.8999,4347.2002,32
2026-06-17 05:49,4346.7998,4347.2002,4346.5,4347.2002,31
2026-06-17 05:50,4346.7002,4347.1001,4346.7002,4347.0,14
2026-06-17 05:51,4346.3999,4346.8999,4345.2002,4346.5,89
2026-06-17 05:52,4347.6001,4347.7998,4346.3999,4346.5,24
2026-06-17 05:53,4346.3999,4347.2998,4346.3999,4347.2998,14
2026-06-17 05:54,4346.5,4346.8999,4346.0,4346.5,14
2026-06-17 05:55,4346.2998,4347.1001,4346.1001,4346.6001,37
2026-06-17 05:56,4347.6001,4347.6001,4346.6001,4346.7002,16
2026-06-17 05:57,4348.5,4348.7998,4347.6001,4347.7998,21
2026-06-17 05:58,4349.0,4349.0,4348.1001,4348.2002,11
2026-06-17 05:59,4349.2998,4349.2998,4348.8999,4349.1001,11
2026-06-17 06:00,4348.7998,4349.3999,4348.2002,4349.2002,48
2026-06-17 06:01,4348.2002,4348.7998,4347.8999,4348.6001,10
2026-06-17 06:02,4347.7002,4348.3999,4347.5,4348.2002,19
2026-06-17 06:03,4348.2998,4348.5,4347.6001,4347.6001,26
2026-06-17 06:04,4348.2998,4349.0,4348.0,4348.0,36
2026-06-17 06:05,4347.3999,4348.2002,4347.3999,4348.2002,3
2026-06-17 06:06,4348.6001,4348.6001,4348.0,4348.0,7
2026-06-17 06:07,4348.1001,4348.7002,4347.6001,4348.7002,12
2026-06-17 06:08,4349.0,4349.3999,4347.7002,4348.0,19
2026-06-17 06:09,4349.3999,4349.3999,4348.7998,4348.8999,9
2026-06-17 06:10,4348.8999,4349.7998,4348.7998,4349.1001,27
2026-06-17 06:11,4347.7002,4348.7002,4347.7002,4348.7002,6
2026-06-17 06:12,4348.3999,4348.3999,4346.8999,4347.5,33
2026-06-17 06:13,4349.7002,4349.7002,4348.2002,4348.2002,15
2026-06-17 06:14,4350.2998,4350.5,4349.2998,4349.2998,17
2026-06-17 06:15,4348.5,4350.2998,4348.5,4350.1001,24
2026-06-17 06:16,4349.0,4349.0,4348.7002,4348.7998,6
2026-06-17 06:17,4348.7998,4349.1001,4348.7002,4348.7998,9
2026-06-17 06:18,4348.3999,4348.7002,4348.0,4348.2998,15
2026-06-17 06:19,4347.7002,4348.5,4347.6001,4348.5,11
2026-06-17 06:20,4348.1001,4348.1001,4346.5,4347.7998,41
2026-06-17 06:21,4348.0,4348.2998,4347.7998,4348.2002,8
2026-06-17 06:22,4347.7002,4347.7002,4347.3999,4347.5,5
2026-06-17 06:23,4347.7002,4348.1001,4347.1001,4347.7002,19
2026-06-17 06:24,4348.2002,4348.2002,4347.7998,4348.0,6
2026-06-17 06:25,4347.0,4348.2998,4346.8999,4348.2998,21
2026-06-17 06:26,4347.0,4347.2998,4346.2002,4347.0,30
2026-06-17 06:27,4348.5,4348.7002,4347.1001,4347.1001,77
2026-06-17 06:28,4348.2002,4348.5,4347.8999,4348.2002,15
2026-06-17 06:29,4348.6001,4348.8999,4348.0,4348.2002,16
2026-06-17 06:30,4348.7002,4349.2998,4348.5,4348.7998,39
2026-06-17 06:31,4349.0,4349.2998,4348.2998,4349.0,33
2026-06-17 06:32,4349.1001,4350.0,4349.0,4349.2002,31
2026-06-17 06:33,4348.3999,4349.7998,4348.2002,4349.5,14
2026-06-17 06:34,4347.1001,4348.0,4346.7998,4347.8999,21
2026-06-17 06:35,4347.3999,4347.3999,4347.0,4347.1001,13
2026-06-17 06:36,4348.7998,4348.8999,4347.7998,4347.7998,20
2026-06-17 06:37,4349.7998,4349.7998,4348.8999,4349.3999,29
2026-06-17 06:38,4349.1001,4350.0,4349.0,4350.0,17
2026-06-17 06:39,4349.3999,4349.7002,4348.6001,4348.7998,8
2026-06-17 06:40,4348.6001,4349.5,4348.3999,4349.0,37
2026-06-17 06:41,4348.2998,4349.0,4348.2998,4348.6001,6
2026-06-17 06:42,4348.8999,4348.8999,4348.7002,4348.7002,7
2026-06-17 06:43,4348.5,4348.8999,4347.7998,4348.8999,17
2026-06-17 06:44,4350.7002,4350.7998,4348.7998,4348.7998,26
2026-06-17 06:45,4351.5,4351.5,4350.5,4350.5,38
2026-06-17 06:46,4352.3999,4352.7998,4351.2998,4351.5,175
2026-06-17 06:47,4353.6001,4353.8999,4352.2002,4352.2002,61
2026-06-17 06:48,4352.3999,4354.0,4352.2002,4353.7998,40
2026-06-17 06:49,4352.2002,4352.8999,4351.7998,4352.6001,52
2026-06-17 06:50,4354.2002,4354.3999,4352.3999,4352.3999,70
2026-06-17 06:51,4353.2998,4355.1001,4353.2002,4354.6001,109
2026-06-17 06:52,4352.1001,4352.8999,4352.1001,4352.8999,11
2026-06-17 06:53,4351.2998,4352.5,4351.2998,4352.1001,24
2026-06-17 06:54,4350.6001,4352.2002,4350.6001,4351.3999,25
2026-06-17 06:55,4351.6001,4351.7002,4350.2998,4351.0,23
2026-06-17 06:56,4352.5,4352.7002,4351.8999,4352.0,46
2026-06-17 06:57,4351.8999,4352.6001,4351.6001,4352.6001,18
2026-06-17 06:58,4350.6001,4352.1001,4350.6001,4352.0,23
2026-06-17 06:59,4351.1001,4351.2002,4350.7998,4350.8999,13
2026-06-17 07:00,4351.1001,4351.5,4350.3999,4351.2998,47
2026-06-17 07:01,4350.8999,4351.2998,4350.2998,4350.7998,40
2026-06-17 07:02,4350.2002,4350.7998,4349.8999,4350.7002,27
2026-06-17 07:03,4349.8999,4349.8999,4348.8999,4349.7002,36
2026-06-17 07:04,4348.0,4349.6001,4348.0,4349.6001,45
2026-06-17 07:05,4348.2002,4348.2998,4347.2002,4348.1001,21
2026-06-17 07:06,4349.7998,4350.5,4348.2002,4348.7002,36
2026-06-17 07:07,4349.2002,4349.5,4348.3999,4349.2002,31
2026-06-17 07:08,4349.2002,4349.3999,4348.6001,4349.1001,18
2026-06-17 07:09,4348.1001,4349.3999,4347.8999,4349.2998,36
2026-06-17 07:10,4348.7002,4348.7002,4347.5,4348.2002,44
2026-06-17 07:11,4349.2998,4349.2998,4348.1001,4348.7002,23
2026-06-17 07:12,4347.6001,4349.3999,4347.6001,4349.1001,105
2026-06-17 07:13,4348.7998,4348.7998,4347.6001,4348.0,22
2026-06-17 07:14,4348.6001,4348.7998,4348.0,4348.2002,32
2026-06-17 07:15,4349.7002,4349.7002,4347.8999,4348.3999,35
2026-06-17 07:16,4350.5,4350.5,4349.2998,4349.2998,12
2026-06-17 07:17,4350.2998,4351.3999,4350.2998,4351.0,25
2026-06-17 07:18,4350.2002,4350.2998,4349.8999,4349.8999,13
2026-06-17 07:19,4350.1001,4350.2002,4350.1001,4350.2002,3
2026-06-17 07:20,4349.3999,4349.8999,4348.8999,4349.7998,16
2026-06-17 07:21,4349.8999,4350.1001,4349.6001,4349.6001,20
2026-06-17 07:22,4349.7998,4350.0,4349.2998,4349.8999,25
2026-06-17 07:23,4349.5,4349.7002,4349.3999,4349.7002,10
2026-06-17 07:24,4348.6001,4349.5,4348.6001,4349.3999,18
2026-06-17 07:25,4348.2998,4348.2998,4348.0,4348.1001,12
2026-06-17 07:26,4349.2998,4349.3999,4347.8999,4348.2998,14
2026-06-17 07:27,4349.0,4349.2998,4348.8999,4349.2998,4
2026-06-17 07:28,4348.2998,4348.7998,4348.0,4348.7998,27
2026-06-17 07:29,4348.0,4348.3999,4347.5,4348.2998,42
2026-06-17 07:30,4346.2998,4348.5,4346.2998,4348.3999,83
2026-06-17 07:31,4346.7998,4347.0,4345.7002,4346.5,56
2026-06-17 07:32,4346.2002,4346.5,4345.6001,4346.5,41
2026-06-17 07:33,4346.6001,4347.8999,4346.0,4346.2002,72
2026-06-17 07:34,4345.0,4346.8999,4345.0,4346.2002,36
2026-06-17 07:35,4346.2002,4346.2002,4344.2998,4345.0,54
2026-06-17 07:36,4345.5,4345.7998,4345.2002,4345.7998,18
2026-06-17 07:37,4345.1001,4345.5,4345.0,4345.5,24
2026-06-17 07:38,4345.2998,4345.6001,4344.7998,4345.2002,23
2026-06-17 07:39,4346.0,4346.3999,4344.3999,4345.0,29
2026-06-17 07:40,4345.7002,4346.2998,4345.5,4346.2998,9
2026-06-17 07:41,4344.6001,4346.5,4344.6001,4345.7998,54
2026-06-17 07:42,4344.6001,4344.8999,4344.3999,4344.8999,16
2026-06-17 07:43,4344.3999,4345.0,4344.2002,4345.0,36
2026-06-17 07:44,4345.2002,4345.2002,4343.3999,4344.2998,75
2026-06-17 07:45,4346.2002,4346.6001,4345.0,4345.0,46
2026-06-17 07:46,4344.7002,4346.2998,4344.5,4346.2002,39
2026-06-17 07:47,4344.5,4344.7998,4343.2998,4344.7998,28
2026-06-17 07:48,4343.7002,4344.3999,4342.7998,4344.3999,110
2026-06-17 07:49,4344.2998,4344.3999,4343.2002,4343.5,15
2026-06-17 07:50,4344.1001,4344.8999,4344.1001,4344.7002,27
2026-06-17 07:51,4344.0,4344.2998,4343.0,4344.1001,18
2026-06-17 07:52,4344.3999,4344.5,4344.0,4344.2998,42
2026-06-17 07:53,4344.2998,4345.2002,4344.2998,4344.8999,20
2026-06-17 07:54,4345.7002,4345.7002,4344.5,4344.6001,24
2026-06-17 07:55,4343.2998,4345.3999,4343.2998,4345.3999,26
2026-06-17 07:56,4340.7002,4343.3999,4340.1001,4343.3999,145
2026-06-17 07:57,4340.7002,4341.6001,4340.0,4341.0,56
2026-06-17 07:58,4342.2002,4342.2002,4340.7998,4341.2002,62
2026-06-17 07:59,4342.6001,4342.7998,4341.7002,4342.2002,46
2026-06-17 08:00,4342.8999,4344.2998,4342.3999,4342.7998,74
2026-06-17 08:01,4342.2998,4344.0,4341.5,4343.5,63
2026-06-17 08:02,4341.8999,4342.2002,4341.5,4342.1001,31
2026-06-17 08:03,4342.0,4342.5,4341.7998,4342.0,53
2026-06-17 08:04,4341.2002,4342.6001,4340.7002,4342.1001,87
2026-06-17 08:05,4342.5,4343.0,4340.6001,4341.2002,68
2026-06-17 08:06,4342.2002,4343.5,4342.0,4342.5,96
2026-06-17 08:07,4342.2998,4344.0,4340.7998,4342.5,260
2026-06-17 08:08,4340.3999,4342.7002,4339.1001,4342.3999,139
2026-06-17 08:09,4342.2002,4342.3999,4340.0,4340.3999,82
2026-06-17 08:10,4344.0,4344.2002,4342.2998,4342.3999,143
2026-06-17 08:11,4343.0,4344.0,4341.7998,4343.6001,79
2026-06-17 08:12,4339.7998,4343.2002,4338.7002,4343.0,116
2026-06-17 08:13,4339.7002,4340.7998,4339.0,4339.6001,130
2026-06-17 08:14,4342.6001,4342.6001,4339.3999,4339.5,61
2026-06-17 08:15,4342.5,4343.3999,4342.1001,4342.6001,60
2026-06-17 08:16,4341.2998,4342.0,4341.0,4342.0,15
2026-06-17 08:17,4341.2002,4342.1001,4341.2002,4341.7002,30
2026-06-17 08:18,4342.2002,4342.2002,4341.2998,4341.2998,24
2026-06-17 08:19,4342.7998,4343.5,4342.2002,4342.2002,43
2026-06-17 08:20,4343.7998,4345.3999,4343.0,4343.0,176
2026-06-17 08:21,4342.7998,4343.7998,4342.0,4343.6001,78
2026-06-17 08:22,4343.7002,4345.0,4342.5,4342.5,102
2026-06-17 08:23,4344.8999,4345.2998,4344.0,4344.2002,35
2026-06-17 08:24,4346.1001,4347.0,4345.0,4345.3999,152
2026-06-17 08:25,4345.1001,4346.7998,4344.2002,4346.5,84
2026-06-17 08:26,4344.8999,4345.6001,4344.6001,4345.1001,44
2026-06-17 08:27,4344.3999,4345.2002,4344.3999,4344.7998,27
2026-06-17 08:28,4346.1001,4346.1001,4343.2002,4344.7998,80
2026-06-17 08:29,4343.7998,4346.5,4343.7998,4346.3999,29
2026-06-17 08:30,4346.7998,4347.3999,4342.7002,4344.5,161
2026-06-17 08:31,4348.6001,4349.0,4346.6001,4347.2002,114
2026-06-17 08:32,4346.7002,4348.7998,4346.1001,4348.7998,80
2026-06-17 08:33,4348.0,4348.2002,4346.6001,4346.8999,36
2026-06-17 08:34,4348.5,4350.2002,4348.3999,4348.3999,93
2026-06-17 08:35,4347.7002,4349.2002,4347.6001,4348.2998,63
2026-06-17 08:36,4350.2002,4351.5,4347.7002,4348.1001,185
2026-06-17 08:37,4350.0,4351.1001,4350.0,4350.2002,60
2026-06-17 08:38,4351.1001,4351.7002,4350.1001,4350.1001,54
2026-06-17 08:39,4350.1001,4351.2002,4349.7998,4351.2002,28
2026-06-17 08:40,4350.2998,4350.7002,4349.1001,4350.0,70
2026-06-17 08:41,4349.7002,4351.0,4349.6001,4350.2998,42
2026-06-17 08:42,4349.1001,4349.7002,4349.0,4349.6001,23
2026-06-17 08:43,4351.1001,4351.2002,4349.2002,4349.3999,55
2026-06-17 08:44,4351.1001,4351.7002,4350.8999,4351.2998,59
2026-06-17 08:45,4351.8999,4352.2002,4351.2002,4351.5,98
2026-06-17 08:46,4353.8999,4353.8999,4350.7002,4351.7002,107
2026-06-17 08:47,4354.3999,4354.3999,4353.2998,4354.0,148
2026-06-17 08:48,4353.3999,4354.2998,4353.0,4354.2998,96
2026-06-17 08:49,4353.1001,4354.2002,4352.8999,4354.1001,40
2026-06-17 08:50,4354.1001,4354.2002,4352.5,4353.0,52
2026-06-17 08:51,4353.5,4355.2002,4353.0,4354.2998,121
2026-06-17 08:52,4353.2002,4353.5,4352.6001,4353.5,32
2026-06-17 08:53,4352.1001,4353.2998,4352.1001,4353.1001,57
2026-06-17 08:54,4352.1001,4352.7002,4351.8999,4352.0,29
2026-06-17 08:55,4352.5,4352.7002,4351.8999,4352.3999,48
2026-06-17 08:56,4353.1001,4353.7002,4351.8999,4352.7002,141
2026-06-17 08:57,4352.6001,4353.3999,4352.5,4353.1001,39
2026-06-17 08:58,4353.7998,4353.7998,4352.2998,4352.8999,62
2026-06-17 08:59,4353.2998,4355.0,4353.1001,4353.6001,88
2026-06-17 09:00,4352.6001,4354.1001,4352.0,4353.3999,161
2026-06-17 09:01,4350.7998,4353.0,4350.3999,4352.7998,143
2026-06-17 09:02,4350.3999,4351.7002,4348.7002,4350.7002,106
2026-06-17 09:03,4349.0,4350.2002,4348.3999,4350.1001,156
2026-06-17 09:04,4349.3999,4350.1001,4348.2998,4349.0,70
2026-06-17 09:05,4347.0,4350.3999,4347.0,4350.2002,93
2026-06-17 09:06,4345.3999,4347.0,4344.7002,4347.0,150
2026-06-17 09:07,4345.5,4345.6001,4343.7002,4345.5,131
2026-06-17 09:08,4345.8999,4348.2002,4345.7002,4345.7002,110
2026-06-17 09:09,4346.7998,4347.5,4345.8999,4345.8999,57
2026-06-17 09:10,4348.3999,4348.6001,4347.1001,4347.1001,79
2026-06-17 09:11,4351.1001,4351.1001,4348.2998,4348.7002,57
2026-06-17 09:12,4350.6001,4353.1001,4350.3999,4350.7998,179
2026-06-17 09:13,4351.6001,4354.0,4351.0,4351.0,167
2026-06-17 09:14,4351.3999,4351.8999,4349.8999,4351.5,93
2026-06-17 09:15,4351.3999,4352.2998,4351.2998,4351.5,66
2026-06-17 09:16,4351.6001,4351.6001,4350.3999,4351.1001,69
2026-06-17 09:17,4352.3999,4352.7002,4351.2998,4351.5,105
2026-06-17 09:18,4352.0,4353.6001,4352.0,4352.6001,54
2026-06-17 09:19,4351.7002,4352.5,4351.2998,4352.2002,36
2026-06-17 09:20,4352.1001,4352.1001,4351.0,4351.8999,34
2026-06-17 09:21,4352.2998,4354.0,4351.6001,4351.6001,106
2026-06-17 09:22,4357.8999,4358.2998,4352.3999,4352.3999,362
2026-06-17 09:23,4356.1001,4358.6001,4356.0,4358.1001,164
2026-06-17 09:24,4356.2002,4356.3999,4355.0,4355.7998,35
2026-06-17 09:25,4355.1001,4356.5,4355.0,4356.2002,58
2026-06-17 09:26,4355.7998,4357.0,4355.1001,4355.1001,63
2026-06-17 09:27,4355.2002,4356.1001,4354.6001,4355.8999,89
2026-06-17 09:28,4355.3999,4355.5,4353.7002,4355.5,175
2026-06-17 09:29,4355.2998,4356.5,4355.2998,4355.8999,78
2026-06-17 09:30,4355.7002,4356.7002,4354.6001,4355.6001,117
2026-06-17 09:31,4354.6001,4356.1001,4352.2998,4355.5,177
2026-06-17 09:32,4355.3999,4355.6001,4353.0,4354.5,49
2026-06-17 09:33,4356.7998,4357.6001,4355.2002,4355.7002,118
2026-06-17 09:34,4354.6001,4357.2998,4354.0,4356.6001,84
2026-06-17 09:35,4355.7002,4356.2002,4354.0,4354.7002,64
2026-06-17 09:36,4358.8999,4358.8999,4355.3999,4355.7002,98
2026-06-17 09:37,4359.5,4361.0,4357.6001,4358.8999,471
2026-06-17 09:38,4356.6001,4359.7002,4356.0,4359.7002,211
2026-06-17 09:39,4357.5,4359.5,4356.8999,4356.8999,107
2026-06-17 09:40,4356.7998,4358.8999,4356.2998,4357.7002,155
2026-06-17 09:41,4360.1001,4361.0,4357.1001,4357.2002,84
2026-06-17 09:42,4358.8999,4360.2998,4356.6001,4360.2998,170
2026-06-17 09:43,4360.8999,4361.6001,4359.0,4359.2002,140
2026-06-17 09:44,4361.2998,4361.8999,4360.6001,4361.2002,78
2026-06-17 09:45,4361.3999,4364.2998,4360.3999,4361.7002,593
2026-06-17 09:46,4362.1001,4363.2002,4360.7998,4361.5,92
2026-06-17 09:47,4361.5,4361.7002,4360.1001,4361.7002,127
2026-06-17 09:48,4364.1001,4364.5,4362.0,4362.0,321
2026-06-17 09:49,4362.2002,4364.2998,4361.1001,4364.2998,183
2026-06-17 09:50,4362.5,4364.2998,4361.8999,4362.0,174
2026-06-17 09:51,4363.7002,4364.2002,4361.7998,4363.2998,202
2026-06-17 09:52,4362.1001,4365.5,4361.7002,4363.8999,422
2026-06-17 09:53,4362.1001,4362.8999,4361.2002,4362.3999,313
2026-06-17 09:54,4360.2002,4362.2998,4359.3999,4362.2998,143
2026-06-17 09:55,4362.7002,4362.7002,4360.2002,4360.6001,133
2026-06-17 09:56,4361.2998,4362.8999,4360.7998,4362.5,102
2026-06-17 09:57,4360.7998,4361.7998,4360.0,4361.2002,72
2026-06-17 09:58,4361.7002,4362.2998,4360.3999,4361.0,261
2026-06-17 09:59,4359.7998,4361.7002,4359.2002,4361.5,174
2026-06-17 10:00,4358.7002,4360.1001,4357.5,4359.6001,441
2026-06-17 10:01,4358.7002,4361.2002,4357.7998,4358.3999,425
2026-06-17 10:02,4356.7002,4359.2998,4355.5,4359.2002,194
2026-06-17 10:03,4359.7998,4360.2002,4356.5,4356.8999,177
2026-06-17 10:04,4360.7002,4361.3999,4358.5,4359.8999,183
2026-06-17 10:05,4360.2998,4361.5,4359.7998,4360.6001,172
2026-06-17 10:06,4363.1001,4364.2002,4360.0,4360.0,226
2026-06-17 10:07,4365.5,4366.3999,4362.8999,4363.1001,422
2026-06-17 10:08,4363.2998,4365.8999,4363.1001,4365.6001,191
2026-06-17 10:09,4363.2998,4364.6001,4362.2002,4363.5,142
2026-06-17 10:10,4363.2002,4364.2002,4362.8999,4362.8999,48
2026-06-17 10:11,4361.7998,4363.1001,4361.0,4363.1001,166
2026-06-17 10:12,4362.6001,4364.6001,4361.6001,4361.6001,195
2026-06-17 10:13,4360.2002,4363.6001,4360.0,4363.1001,115
2026-06-17 10:14,4362.5,4362.8999,4359.8999,4360.1001,90
2026-06-17 10:15,4361.8999,4363.2998,4361.7002,4362.5,110
2026-06-17 10:16,4361.7002,4362.8999,4361.7002,4361.8999,61
2026-06-17 10:17,4361.5,4361.8999,4360.8999,4361.6001,80
2026-06-17 10:18,4362.0,4362.8999,4361.3999,4361.3999,71
2026-06-17 10:19,4361.6001,4362.2002,4361.0,4361.8999,204
2026-06-17 10:20,4363.0,4363.0,4361.1001,4361.8999,74
2026-06-17 10:21,4364.6001,4364.6001,4362.7998,4362.8999,114
2026-06-17 10:22,4366.0,4367.2998,4364.7002,4364.7002,257
2026-06-17 10:23,4373.5,4374.1001,4365.8999,4366.1001,700
2026-06-17 10:24,4377.8999,4382.3999,4373.6001,4373.7002,832
2026-06-17 10:25,4375.6001,4380.1001,4375.1001,4378.0,336
2026-06-17 10:26,4377.7002,4378.5,4375.1001,4375.7002,154
2026-06-17 10:27,4379.1001,4379.8999,4375.6001,4377.7002,509
2026-06-17 10:28,4380.2998,4380.7998,4377.0,4379.0,406
2026-06-17 10:29,4380.3999,4381.5,4378.5,4379.8999,296
2026-06-17 10:30,4382.0,4384.2002,4379.8999,4380.0,490
2026-06-17 10:31,4379.5,4383.2998,4378.0,4381.8999,243
2026-06-17 10:32,4382.6001,4383.8999,4378.3999,4379.2998,316
2026-06-17 10:33,4380.5,4382.3999,4380.1001,4382.3999,158
2026-06-17 10:34,4380.6001,4382.0,4379.3999,4380.3999,135
2026-06-17 10:35,4379.0,4380.8999,4378.6001,4380.7998,152
2026-06-17 10:36,4376.1001,4379.1001,4376.0,4379.1001,230
2026-06-17 10:37,4372.2998,4376.5,4371.7002,4376.5,461
2026-06-17 10:38,4371.5,4373.1001,4370.2002,4372.0,196
2026-06-17 10:39,4372.1001,4373.3999,4370.7998,4371.6001,192
2026-06-17 10:40,4370.2002,4372.2002,4368.7998,4372.2002,286
2026-06-17 10:41,4368.7002,4370.5,4367.1001,4370.5,189
2026-06-17 10:42,4369.0,4369.8999,4368.1001,4368.7002,122
2026-06-17 10:43,4373.1001,4373.2998,4368.3999,4368.7998,211
2026-06-17 10:44,4372.0,4373.1001,4371.7998,4373.1001,81
2026-06-17 10:45,4373.2998,4373.2998,4371.2998,4372.1001,81
2026-06-17 10:46,4373.7998,4375.6001,4372.8999,4372.8999,137
2026-06-17 10:47,4356.2002,4374.7998,4349.8999,4374.2002,2078
2026-06-17 10:48,4365.7002,4366.3999,4356.6001,4356.6001,655
2026-06-17 10:49,4365.3999,4365.7998,4362.2002,4365.5,400
2026-06-17 10:50,4366.2998,4366.5,4363.7002,4365.7002,161
2026-06-17 10:51,4366.7998,4369.5,4366.2002,4366.2002,170
2026-06-17 10:52,4370.2998,4372.1001,4367.2002,4367.2002,308
2026-06-17 10:53,4366.1001,4370.0,4364.7998,4370.0,152
2026-06-17 10:54,4366.7998,4368.2998,4366.2002,4366.2002,69
2026-06-17 10:55,4366.7998,4368.2998,4365.7998,4366.2002,120
2026-06-17 10:56,4365.2998,4368.2998,4365.2998,4366.6001,126
2026-06-17 10:57,4365.1001,4365.7998,4363.3999,4365.7002,199
2026-06-17 10:58,4363.0,4365.0,4362.8999,4364.7998,125
2026-06-17 10:59,4364.1001,4366.2002,4363.2002,4363.3999,172
2026-06-17 11:00,4366.7998,4367.0,4363.7998,4363.7998,131
2026-06-17 11:01,4363.8999,4366.6001,4363.8999,4366.6001,72
2026-06-17 11:02,4364.5,4365.8999,4363.7002,4363.7998,53
2026-06-17 11:03,4367.7002,4367.8999,4364.5,4364.5,41
2026-06-17 11:04,4366.5,4367.7002,4365.7998,4367.7002,70
2026-06-17 11:05,4364.8999,4367.0,4364.7998,4366.8999,46
2026-06-17 11:06,4368.1001,4368.2002,4365.2998,4365.2998,69
2026-06-17 11:07,4366.8999,4367.8999,4366.6001,4367.8999,32
2026-06-17 11:08,4366.5,4367.7002,4366.3999,4367.2002,41
2026-06-17 11:09,4364.7002,4366.7002,4363.7002,4366.5,80
2026-06-17 11:10,4364.2002,4365.7002,4363.6001,4364.2998,45
2026-06-17 11:11,4366.2998,4366.2998,4364.2002,4364.5,122
2026-06-17 11:12,4366.0,4367.5,4365.2002,4365.6001,57
2026-06-17 11:13,4367.3999,4367.8999,4365.2998,4365.7998,58
2026-06-17 11:14,4367.8999,4368.2998,4367.2002,4368.1001,84
2026-06-17 11:15,4370.6001,4371.3999,4366.8999,4367.6001,247
2026-06-17 11:16,4372.8999,4373.2998,4370.5,4371.0,274
2026-06-17 11:17,4371.6001,4372.6001,4369.3999,4372.6001,145
2026-06-17 11:18,4373.0,4374.3999,4371.5,4371.5,151
2026-06-17 11:19,4373.6001,4374.0,4372.2002,4372.8999,224
2026-06-17 11:20,4375.2002,4376.5,4373.1001,4374.0,170
2026-06-17 11:21,4376.1001,4377.2002,4375.0,4375.6001,211
2026-06-17 11:22,4376.2998,4377.3999,4375.2002,4376.1001,70
2026-06-17 11:23,4378.1001,4379.0,4376.2002,4376.5,121
2026-06-17 11:24,4378.7002,4379.5,4377.7998,4378.0,81
2026-06-17 11:25,4378.0,4380.0,4377.7002,4379.0,125
2026-06-17 11:26,4376.2998,4378.2998,4375.5,4378.2998,175
2026-06-17 11:27,4377.7998,4378.5,4376.2002,4376.2998,61
2026-06-17 11:28,4375.5,4377.7002,4374.2998,4377.7002,141
2026-06-17 11:29,4375.2002,4375.8999,4374.2002,4375.5,83
2026-06-17 11:30,4376.6001,4376.8999,4374.3999,4375.3999,147
2026-06-17 11:31,4375.8999,4377.0,4375.0,4377.0,62
2026-06-17 11:32,4378.3999,4378.3999,4376.7998,4376.7998,79
2026-06-17 11:33,4378.2002,4379.3999,4377.7002,4378.2002,87
2026-06-17 11:34,4379.0,4381.2002,4378.0,4378.8999,109
2026-06-17 11:35,4378.3999,4378.7998,4377.5,4378.7002,80
2026-06-17 11:36,4377.8999,4378.7002,4376.7998,4378.2998,48
2026-06-17 11:37,4376.8999,4377.7002,4376.2002,4377.7002,56
2026-06-17 11:38,4378.3999,4379.0,4376.5,4376.7002,50
2026-06-17 11:39,4379.7002,4379.7998,4378.6001,4378.6001,50
2026-06-17 11:40,4377.6001,4379.3999,4376.7002,4379.3999,51
2026-06-17 11:41,4377.1001,4377.8999,4376.3999,4377.7002,60
2026-06-17 11:42,4377.5,4378.6001,4377.2002,4377.2002,47
2026-06-17 11:43,4377.0,4378.1001,4377.0,4377.7998,42
2026-06-17 11:44,4378.1001,4378.2998,4375.6001,4376.7998,85
2026-06-17 11:45,4379.2002,4379.8999,4377.7998,4378.1001,129
2026-06-17 11:46,4379.1001,4380.0,4378.7002,4379.2002,57
2026-06-17 11:47,4379.5,4379.7998,4378.5,4378.6001,49
2026-06-17 11:48,4379.0,4379.7002,4378.6001,4379.3999,48
2026-06-17 11:49,4378.7002,4379.2002,4378.0,4378.8999,57
2026-06-17 11:50,4379.5,4380.3999,4378.1001,4378.7002,90
2026-06-17 11:51,4378.7002,4379.7002,4378.2002,4379.2998,54
2026-06-17 11:52,4378.7002,4379.5,4377.0,4378.7002,129
2026-06-17 11:53,4378.2998,4378.8999,4377.8999,4378.7002,24
2026-06-17 11:54,4378.7998,4378.7998,4378.1001,4378.2002,19
2026-06-17 11:55,4381.2998,4381.2998,4379.0,4379.0,86
2026-06-17 11:56,4382.8999,4382.8999,4380.7002,4381.3999,190
2026-06-17 11:57,4382.2002,4384.0,4382.0,4383.0,280
2026-06-17 11:58,4382.7998,4383.7002,4381.8999,4381.8999,61
2026-06-17 11:59,4383.6001,4385.5,4382.2998,4382.7998,343
2026-06-17 12:00,4384.5,4385.7998,4383.2998,4383.2998,154
2026-06-17 12:01,4383.8999,4384.7002,4382.5,4384.7002,86
2026-06-17 12:02,4384.1001,4386.2002,4383.6001,4384.1001,270
2026-06-17 12:03,4382.6001,4384.6001,4382.5,4384.1001,86
2026-06-17 12:04,4383.2002,4384.7002,4382.6001,4382.8999,86
2026-06-17 12:05,4383.6001,4384.0,4381.6001,4383.0,77
2026-06-17 12:06,4384.0,4384.0,4383.1001,4383.1001,30
2026-06-17 12:07,4383.5,4384.2002,4383.2002,4383.5,36
2026-06-17 12:08,4383.3999,4383.7002,4382.7002,4383.2002,54
2026-06-17 12:09,4383.1001,4384.6001,4382.8999,4383.8999,84
2026-06-17 12:10,4381.7002,4382.7998,4381.6001,4382.5,51
2026-06-17 12:11,4381.5,4383.2002,4381.2998,4381.6001,70
2026-06-17 12:12,4382.3999,4383.1001,4381.2998,4381.2998,36
2026-06-17 12:13,4381.7002,4383.3999,4381.3999,4382.6001,30
2026-06-17 12:14,4382.3999,4382.3999,4380.6001,4381.5,67
2026-06-17 12:15,4383.1001,4383.1001,4382.0,4382.5,53
2026-06-17 12:16,4381.6001,4383.6001,4380.7998,4383.2998,262
2026-06-17 12:17,4381.7002,4382.2002,4381.3999,4381.3999,50
2026-06-17 12:18,4384.6001,4384.7002,4382.3999,4382.3999,74
2026-06-17 12:19,4385.5,4385.6001,4384.2002,4384.7998,83
2026-06-17 12:20,4385.1001,4385.8999,4385.0,4385.2998,64
2026-06-17 12:21,4383.5,4385.2002,4383.5,4385.1001,48
2026-06-17 12:22,4386.2002,4386.7002,4383.5,4383.7998,85
2026-06-17 12:23,4386.1001,4386.3999,4385.2002,4385.8999,32
2026-06-17 12:24,4385.5,4386.3999,4385.2998,4385.7998,43
2026-06-17 12:25,4384.8999,4385.5,4384.1001,4385.5,80
2026-06-17 12:26,4384.7002,4385.7998,4384.5,4385.1001,56
2026-06-17 12:27,4384.3999,4384.7002,4383.7998,4384.3999,25
2026-06-17 12:28,4385.6001,4385.7998,4384.6001,4384.6001,46
2026-06-17 12:29,4385.2998,4385.7002,4385.0,4385.5,33
2026-06-17 12:30,4384.2002,4385.3999,4384.2002,4385.2998,42
2026-06-17 12:31,4383.5,4385.0,4383.5,4384.2998,102
2026-06-17 12:32,4383.6001,4384.5,4383.2002,4383.3999,65
2026-06-17 12:33,4382.2002,4383.6001,4382.0,4383.2998,69
2026-06-17 12:34,4382.0,4382.3999,4381.7002,4382.1001,83
2026-06-17 12:35,4381.5,4382.1001,4381.3999,4381.8999,26
2026-06-17 12:36,4381.2002,4381.5,4380.7002,4381.2998,27
2026-06-17 12:37,4380.8999,4381.8999,4380.7998,4380.8999,28
2026-06-17 12:38,4379.7002,4380.7002,4379.5,4380.7002,79
2026-06-17 12:39,4380.0,4380.7002,4379.2998,4380.0,47
2026-06-17 12:40,4378.5,4380.1001,4378.2998,4380.1001,129
2026-06-17 12:41,4377.0,4378.8999,4377.0,4378.2998,86
2026-06-17 12:42,4376.0,4377.2998,4375.5,4377.2998,73
2026-06-17 12:43,4376.7002,4377.2002,4375.2002,4375.8999,63
2026-06-17 12:44,4377.8999,4378.6001,4377.1001,4377.1001,71
2026-06-17 12:45,4378.0,4378.0,4376.2002,4378.0,137
2026-06-17 12:46,4377.5,4378.2998,4377.2998,4378.1001,44
2026-06-17 12:47,4378.2002,4378.7998,4377.6001,4377.6001,27
2026-06-17 12:48,4377.0,4378.5,4377.0,4378.5,24
2026-06-17 12:49,4377.0,4377.6001,4376.7002,4377.2002,25
2026-06-17 12:50,4376.8999,4377.7998,4376.7998,4377.2002,30
2026-06-17 12:51,4376.7002,4377.6001,4376.7002,4377.2998,25
2026-06-17 12:52,4378.2998,4378.7998,4376.5,4376.7002,221
2026-06-17 12:53,4378.1001,4378.1001,4377.3999,4378.1001,20
2026-06-17 12:54,4377.5,4378.2998,4377.3999,4378.2998,33
2026-06-17 12:55,4378.2002,4379.0,4377.5,4377.6001,68
2026-06-17 12:56,4377.3999,4378.1001,4377.1001,4377.7998,29
2026-06-17 12:57,4378.5,4378.5,4377.6001,4377.6001,23
2026-06-17 12:58,4378.5,4378.8999,4378.1001,4378.3999,40
2026-06-17 12:59,4379.7998,4380.1001,4379.0,4379.0,111
2026-06-17 13:00,4378.7998,4379.8999,4378.2998,4379.6001,103
2026-06-17 13:01,4376.7998,4379.1001,4376.7998,4379.1001,108
2026-06-17 13:02,4377.0,4377.3999,4375.7002,4377.0,79
2026-06-17 13:03,4376.2002,4377.1001,4375.7998,4377.1001,33
2026-06-17 13:04,4376.7998,4378.3999,4375.7002,4376.0,160
2026-06-17 13:05,4379.6001,4380.0,4376.7002,4376.7998,124
2026-06-17 13:06,4379.2002,4380.7002,4378.6001,4379.1001,143
2026-06-17 13:07,4377.7002,4379.5,4377.3999,4379.5,43
2026-06-17 13:08,4379.8999,4380.1001,4376.0,4377.2002,463
2026-06-17 13:09,4379.5,4380.0,4379.0,4379.5,52
2026-06-17 13:10,4380.7998,4381.6001,4379.7002,4380.0,93
2026-06-17 13:11,4378.2998,4380.6001,4378.0,4380.6001,66
2026-06-17 13:12,4378.1001,4378.7998,4377.7002,4377.7002,33
2026-06-17 13:13,4379.2998,4380.0,4378.6001,4378.6001,36
2026-06-17 13:14,4379.5,4380.0,4378.8999,4379.1001,29
2026-06-17 13:15,4378.5,4379.2998,4378.3999,4379.2002,69
2026-06-17 13:16,4378.8999,4379.5,4378.2002,4378.5,92
2026-06-17 13:17,4378.7002,4379.2002,4378.2998,4378.8999,44
2026-06-17 13:18,4380.7002,4380.7002,4378.8999,4378.8999,33
2026-06-17 13:19,4382.3999,4384.6001,4380.5,4380.5,169
2026-06-17 13:20,4383.2002,4383.2002,4382.0,4382.2998,49
2026-06-17 13:21,4382.5,4383.5,4382.0,4383.5,70
2026-06-17 13:22,4382.5,4383.1001,4381.8999,4382.2998,41
2026-06-17 13:23,4382.2002,4382.8999,4381.3999,4382.5,138
2026-06-17 13:24,4382.2998,4382.6001,4381.5,4382.0,42
2026-06-17 13:25,4383.0,4383.1001,4382.1001,4382.5,75
2026-06-17 13:26,4383.8999,4384.2998,4383.2002,4383.2998,56
2026-06-17 13:27,4382.7002,4384.0,4382.0,4384.0,90
2026-06-17 13:28,4382.2002,4382.8999,4381.6001,4382.8999,88
2026-06-17 13:29,4381.7002,4383.5,4380.5,4382.7002,587
2026-06-17 13:30,4383.3999,4383.5,4381.2002,4381.3999,85
2026-06-17 13:31,4383.0,4383.2998,4382.3999,4383.2998,69
2026-06-17 13:32,4384.0,4384.2002,4383.0,4383.2998,110
2026-06-17 13:33,4401.8999,4402.7998,4384.1001,4384.2002,1915
2026-06-17 13:34,4397.7998,4402.3999,4395.7998,4401.6001,557
2026-06-17 13:35,4392.6001,4398.6001,4391.0,4398.3999,641
2026-06-17 13:36,4390.7002,4392.5,4390.7002,4392.3999,206
2026-06-17 13:37,4393.2998,4394.2998,4391.0,4391.1001,260
2026-06-17 13:38,4394.8999,4394.8999,4393.0,4393.3999,113
2026-06-17 13:39,4395.1001,4395.7002,4393.7998,4394.6001,107
2026-06-17 13:40,4400.6001,4402.5,4395.0,4395.0,429
2026-06-17 13:41,4399.0,4401.1001,4397.8999,4400.7002,216
2026-06-17 13:42,4400.7998,4401.0,4397.8999,4399.0,81
2026-06-17 13:43,4396.7002,4402.3999,4396.2998,4400.7998,300
2026-06-17 13:44,4396.7002,4397.2998,4395.7002,4396.7002,116
2026-06-17 13:45,4396.0,4399.1001,4396.0,4397.1001,97
2026-06-17 13:46,4396.7998,4397.0,4395.7998,4396.0,70
2026-06-17 13:47,4395.2002,4397.2002,4395.0,4396.7998,81
2026-06-17 13:48,4395.2998,4395.5,4394.6001,4395.0,37
2026-06-17 13:49,4396.5,4397.0,4394.7002,4395.1001,79
2026-06-17 13:50,4396.8999,4397.2002,4395.3999,4396.7002,56
2026-06-17 13:51,4397.0,4397.0,4395.7002,4396.7002,53
2026-06-17 13:52,4397.1001,4397.7998,4395.7998,4397.0,90
2026-06-17 13:53,4402.2002,4403.6001,4397.1001,4397.2002,181
2026-06-17 13:54,4398.5,4402.6001,4398.1001,4402.2002,284
2026-06-17 13:55,4398.2998,4399.5,4397.7998,4398.6001,94
2026-06-17 13:56,4401.2002,4402.1001,4397.8999,4397.8999,196
2026-06-17 13:57,4399.2998,4402.1001,4398.8999,4401.7002,329
2026-06-17 13:58,4400.2002,4400.2002,4398.7002,4399.2002,95
2026-06-17 13:59,4401.1001,4401.1001,4398.5,4400.5,177
2026-06-17 14:00,4368.7002,4399.6001,4354.1001,4399.6001,3900
2026-06-17 14:01,4366.7002,4377.7998,4358.2002,4368.3999,1754
2026-06-17 14:02,4352.8999,4369.2998,4352.7002,4366.7998,1178
2026-06-17 14:03,4350.3999,4356.0,4344.7002,4352.2998,1028
2026-06-17 14:04,4336.6001,4351.5,4335.7002,4350.2002,993
2026-06-17 14:05,4323.7002,4339.1001,4320.6001,4336.6001,1480
2026-06-17 14:06,4322.2998,4332.3999,4320.8999,4323.7002,922
2026-06-17 14:07,4321.1001,4329.0,4320.3999,4322.3999,861
2026-06-17 14:08,4308.3999,4326.2998,4307.1001,4321.0,1680
2026-06-17 14:09,4314.0,4318.6001,4305.2002,4308.6001,1053
2026-06-17 14:10,4306.7998,4318.2002,4305.3999,4314.1001,778
2026-06-17 14:11,4305.7002,4314.3999,4305.7002,4307.1001,406
2026-06-17 14:12,4312.7998,4312.7998,4301.7002,4305.3999,734
2026-06-17 14:13,4301.1001,4312.8999,4296.1001,4312.3999,1012
2026-06-17 14:14,4303.2998,4308.0,4301.7002,4301.7002,386
2026-06-17 14:15,4316.2998,4316.7002,4302.1001,4304.0,664
2026-06-17 14:16,4320.0,4321.3999,4309.2998,4316.3999,1040
2026-06-17 14:17,4319.6001,4324.0,4316.2998,4319.7002,593
2026-06-17 14:18,4323.3999,4325.2998,4317.6001,4320.5,466
2026-06-17 14:19,4326.2002,4328.0,4320.7998,4323.7002,317
2026-06-17 14:20,4319.3999,4327.7998,4319.1001,4326.5,344
2026-06-17 14:21,4325.3999,4326.7002,4319.8999,4320.1001,232
2026-06-17 14:22,4318.3999,4325.6001,4318.1001,4325.2002,209
2026-06-17 14:23,4319.5,4321.2002,4318.1001,4318.3999,230
2026-06-17 14:24,4312.1001,4319.7998,4310.5,4318.7002,287
2026-06-17 14:25,4310.7002,4312.6001,4304.6001,4311.8999,402
2026-06-17 14:26,4309.8999,4313.8999,4309.2998,4310.2002,213
2026-06-17 14:27,4307.6001,4309.7998,4304.7002,4309.7998,176
2026-06-17 14:28,4307.6001,4312.6001,4306.8999,4307.6001,192
2026-06-17 14:29,4312.6001,4313.0,4306.3999,4307.6001,305
2026-06-17 14:30,4306.3999,4315.2002,4304.7002,4311.7002,407
2026-06-17 14:31,4326.1001,4326.2002,4305.0,4307.6001,851
2026-06-17 14:32,4318.5,4334.0,4305.7002,4325.1001,2223
2026-06-17 14:33,4299.3999,4319.1001,4291.6001,4318.5,967
2026-06-17 14:34,4290.2002,4306.3999,4288.2998,4299.6001,840
2026-06-17 14:35,4299.1001,4304.1001,4289.7002,4290.5,549
2026-06-17 14:36,4315.5,4317.2998,4299.0,4299.0,620
2026-06-17 14:37,4312.2998,4325.5,4312.2998,4315.6001,655
2026-06-17 14:38,4321.5,4322.6001,4311.0,4312.8999,459
2026-06-17 14:39,4322.5,4331.6001,4319.0,4322.2002,522
2026-06-17 14:40,4321.7002,4325.5,4316.0,4323.0,445
2026-06-17 14:41,4327.2998,4333.0,4315.3999,4322.0,649
2026-06-17 14:42,4333.3999,4335.7998,4324.3999,4328.1001,518
2026-06-17 14:43,4338.0,4339.5,4328.8999,4332.7002,756
2026-06-17 14:44,4343.2002,4347.0,4336.0,4336.7998,836
2026-06-17 14:45,4338.2002,4345.3999,4333.8999,4343.3999,742
2026-06-17 14:46,4335.7002,4343.5,4334.6001,4338.7002,384
2026-06-17 14:47,4347.6001,4352.5,4334.1001,4336.7002,446
2026-06-17 14:48,4337.5,4348.1001,4336.0,4347.5,443
2026-06-17 14:49,4338.2998,4343.0,4337.6001,4338.1001,186
2026-06-17 14:50,4336.2998,4338.5,4334.7998,4338.0,189
2026-06-17 14:51,4337.5,4339.7998,4334.3999,4335.3999,203
2026-06-17 14:52,4338.2002,4344.0,4334.6001,4337.7998,343
2026-06-17 14:53,4334.0,4338.8999,4330.8999,4338.7002,250
2026-06-17 14:54,4330.3999,4335.2998,4329.1001,4333.5,205
2026-06-17 14:55,4315.7998,4331.1001,4315.2998,4330.0,563
2026-06-17 14:56,4315.0,4320.3999,4312.0,4316.2002,484
2026-06-17 14:57,4308.3999,4315.8999,4305.0,4314.3999,525
2026-06-17 14:58,4298.3999,4309.7002,4297.2998,4308.2998,1066
2026-06-17 14:59,4305.2002,4307.8999,4296.0,4298.6001,718
2026-06-17 15:00,4312.1001,4312.7002,4300.7002,4305.0,543
2026-06-17 15:01,4302.7998,4315.0,4302.7998,4312.0,330
2026-06-17 15:02,4297.1001,4313.2998,4296.0,4303.2002,480
2026-06-17 15:03,4298.7002,4301.6001,4292.2002,4296.6001,499
2026-06-17 15:04,4291.5,4300.3999,4291.0,4297.7002,302
2026-06-17 15:05,4292.2998,4293.7002,4288.3999,4290.7002,362
2026-06-17 15:06,4287.3999,4298.8999,4284.2002,4292.3999,1041
2026-06-17 15:07,4285.8999,4290.3999,4281.5,4287.7998,666
2026-06-17 15:08,4294.2002,4295.7998,4285.2998,4285.7998,450
2026-06-17 15:09,4287.2998,4295.6001,4286.6001,4294.2002,257
2026-06-17 15:10,4282.2998,4288.2998,4280.5,4287.0,526
2026-06-17 15:11,4281.2002,4284.2998,4277.6001,4282.3999,1020
2026-06-17 15:12,4283.1001,4285.8999,4279.7998,4281.7998,301
2026-06-17 15:13,4289.6001,4293.3999,4279.7998,4283.1001,636
2026-06-17 15:14,4283.0,4289.7002,4282.0,4289.3999,414
2026-06-17 15:15,4273.7998,4283.6001,4270.8999,4282.7002,618
2026-06-17 15:16,4273.7998,4276.8999,4271.7002,4274.2002,558
2026-06-17 15:17,4262.0,4275.2998,4260.0,4273.7998,1114
2026-06-17 15:18,4262.7998,4264.5,4259.2998,4262.0,513
2026-06-17 15:19,4263.5,4267.2002,4262.7998,4263.3999,452
2026-06-17 15:20,4262.0,4263.3999,4258.0,4262.6001,517
2026-06-17 15:21,4261.7998,4262.5,4257.5,4262.2002,406
2026-06-17 15:22,4259.2998,4265.1001,4258.5,4262.2002,296
2026-06-17 15:23,4262.1001,4263.0,4255.3999,4259.0,348
2026-06-17 15:24,4255.1001,4262.6001,4254.0,4262.2998,433
2026-06-17 15:25,4259.8999,4261.0,4254.2002,4255.3999,360
2026-06-17 15:26,4259.8999,4263.8999,4258.7002,4260.1001,245
2026-06-17 15:27,4253.7002,4261.7998,4253.1001,4260.2002,374
2026-06-17 15:28,4250.0,4256.8999,4246.1001,4253.3999,541
2026-06-17 15:29,4245.7998,4252.7002,4244.8999,4250.5,667
2026-06-17 15:30,4240.2002,4246.0,4239.2002,4245.6001,595
2026-06-17 15:31,4246.6001,4251.1001,4240.0,4240.0,691
2026-06-17 15:32,4246.6001,4250.0,4239.8999,4246.2002,947
2026-06-17 15:33,4253.2998,4255.2002,4242.8999,4246.3999,1131
2026-06-17 15:34,4245.6001,4253.7002,4245.3999,4252.8999,289
2026-06-17 15:35,4246.6001,4250.5,4243.0,4246.0,265
2026-06-17 15:36,4246.5,4250.2002,4243.2998,4247.0,250
2026-06-17 15:37,4246.2998,4250.2002,4245.2998,4245.8999,280
2026-06-17 15:38,4238.0,4248.0,4237.7998,4246.2998,347
2026-06-17 15:39,4240.0,4243.8999,4238.2998,4238.2998,396
2026-06-17 15:40,4244.3999,4249.5,4237.3999,4240.2998,723
2026-06-17 15:41,4249.2998,4251.3999,4244.2998,4244.6001,570
2026-06-17 15:42,4251.2002,4254.6001,4247.5,4249.1001,672
2026-06-17 15:43,4250.0,4251.0,4246.3999,4250.6001,462
2026-06-17 15:44,4249.2002,4251.5,4243.6001,4250.0,495
2026-06-17 15:45,4252.0,4256.7998,4247.3999,4249.2998,925
2026-06-17 15:46,4255.2002,4259.0,4251.0,4252.3999,480
2026-06-17 15:47,4260.3999,4262.7002,4254.2998,4254.7002,957
2026-06-17 15:48,4258.2998,4262.2002,4256.7002,4260.6001,197
2026-06-17 15:49,4257.2998,4260.7998,4255.0,4257.2998,171
2026-06-17 15:50,4258.2002,4264.3999,4253.1001,4257.1001,704
2026-06-17 15:51,4264.5,4265.5,4258.5,4258.5,235
2026-06-17 15:52,4260.0,4263.5,4257.3999,4263.5,270
2026-06-17 15:53,4257.3999,4262.1001,4257.3999,4260.2002,141
2026-06-17 15:54,4256.7998,4258.6001,4255.3999,4257.5,140
2026-06-17 15:55,4260.8999,4262.5,4256.1001,4256.7998,188
2026-06-17 15:56,4259.5,4261.3999,4258.2998,4259.5,136
2026-06-17 15:57,4255.8999,4259.7998,4255.0,4259.1001,184
2026-06-17 15:58,4256.2998,4258.5,4255.8999,4256.2002,99
2026-06-17 15:59,4254.2998,4257.7002,4253.6001,4256.1001,405
2026-06-17 16:00,4263.7002,4264.3999,4253.2998,4254.2002,283
2026-06-17 16:01,4262.7002,4264.7002,4261.6001,4263.1001,103
2026-06-17 16:02,4263.6001,4264.7998,4261.3999,4262.6001,91
2026-06-17 16:03,4261.5,4263.3999,4259.8999,4263.0,129
2026-06-17 16:04,4259.1001,4262.0,4258.0,4261.0,93
2026-06-17 16:05,4266.2998,4266.8999,4259.2998,4259.5,157
2026-06-17 16:06,4269.5,4271.6001,4263.8999,4266.2002,426
2026-06-17 16:07,4269.6001,4270.5,4267.2998,4269.2002,151
2026-06-17 16:08,4269.7998,4270.1001,4267.2002,4269.7998,202
2026-06-17 16:09,4272.6001,4273.5,4270.3999,4270.3999,249
2026-06-17 16:10,4273.3999,4275.6001,4271.5,4272.7002,212
2026-06-17 16:11,4273.0,4276.2002,4271.8999,4273.6001,149
2026-06-17 16:12,4277.0,4278.3999,4272.2002,4272.8999,335
2026-06-17 16:13,4276.5,4278.3999,4274.7998,4277.3999,137
2026-06-17 16:14,4276.0,4279.2998,4276.0,4276.7998,69
2026-06-17 16:15,4273.6001,4276.7998,4272.7998,4276.7998,148
2026-06-17 16:16,4277.6001,4278.5,4272.7998,4273.7002,257
2026-06-17 16:17,4277.2998,4279.6001,4277.0,4277.2998,146
2026-06-17 16:18,4283.0,4284.7002,4276.6001,4277.6001,368
2026-06-17 16:19,4286.2998,4286.2998,4282.7002,4282.7998,219
2026-06-17 16:20,4286.8999,4289.0,4282.5,4285.8999,363
2026-06-17 16:21,4285.0,4287.7998,4284.7002,4286.6001,203
2026-06-17 16:22,4284.0,4285.0,4282.7998,4285.0,111
2026-06-17 16:23,4276.6001,4284.0,4276.6001,4283.6001,168
2026-06-17 16:24,4278.6001,4279.8999,4277.5,4277.5,63
2026-06-17 16:25,4279.7998,4281.0,4277.6001,4278.7998,109
2026-06-17 16:26,4280.7002,4282.6001,4280.2002,4280.5,39
2026-06-17 16:27,4280.6001,4281.6001,4279.8999,4281.6001,41
2026-06-17 16:28,4280.0,4281.2002,4279.2998,4280.2998,121
2026-06-17 16:29,4277.5,4279.3999,4277.5,4279.3999,59
2026-06-17 16:30,4278.1001,4278.8999,4277.5,4277.5,34
2026-06-17 16:31,4281.2998,4281.7002,4278.2998,4278.2998,81
2026-06-17 16:32,4280.8999,4281.8999,4280.2998,4281.5,54
2026-06-17 16:33,4281.1001,4281.7002,4280.2998,4281.2002,23
2026-06-17 16:34,4279.2998,4281.7998,4278.1001,4280.7002,53
2026-06-17 16:35,4278.5,4279.0,4278.0,4279.0,43
2026-06-17 16:36,4282.6001,4283.2002,4278.7002,4278.7998,120
2026-06-17 16:37,4279.8999,4282.8999,4279.2002,4282.8999,90
2026-06-17 16:38,4284.3999,4284.3999,4280.6001,4280.7998,81
2026-06-17 16:39,4283.5,4284.8999,4282.3999,4284.3999,80
2026-06-17 16:40,4282.8999,4284.0,4281.7002,4283.5,29
2026-06-17 16:41,4282.7998,4283.5,4282.0,4282.5,50
2026-06-17 16:42,4282.2002,4283.2002,4281.5,4282.7998,28
2026-06-17 16:43,4280.7998,4282.2998,4280.7998,4282.2998,28
2026-06-17 16:44,4279.5,4281.2998,4278.7998,4280.7002,66
2026-06-17 16:45,4281.5,4281.6001,4279.1001,4279.8999,32
2026-06-17 16:46,4280.3999,4281.5,4279.6001,4281.5,16
2026-06-17 16:47,4280.0,4280.3999,4279.6001,4280.3999,19
2026-06-17 16:48,4278.6001,4280.3999,4278.5,4280.3999,25
2026-06-17 16:49,4277.7998,4279.1001,4277.7998,4279.0,24
2026-06-17 16:50,4276.3999,4279.2002,4276.1001,4277.7998,73
2026-06-17 16:51,4276.2998,4276.6001,4275.2998,4276.6001,32
2026-06-17 16:52,4277.1001,4277.7002,4276.2998,4276.2998,28
2026-06-17 16:53,4277.5,4278.5,4277.2002,4277.6001,20
2026-06-17 16:54,4277.3999,4278.0,4277.0,4277.6001,19
2026-06-17 16:55,4277.7998,4277.8999,4277.3999,4277.3999,7
2026-06-17 16:56,4277.8999,4278.1001,4276.0,4277.7998,30
2026-06-17 16:57,4276.3999,4277.0,4275.2998,4277.0,23
2026-06-17 16:58,4277.2002,4277.3999,4276.3999,4276.5,20
2026-06-17 16:59,4276.2998,4276.5,4275.1001,4276.5,60
2026-06-17 18:00,4275.8999,4278.0,4273.2998,4275.1001,0
2026-06-17 18:01,4275.7002,4277.7002,4275.0,4275.5,49
2026-06-17 18:02,4276.5,4276.7002,4273.7998,4275.2998,50
2026-06-17 18:03,4275.0,4275.7002,4274.7002,4275.7002,18
2026-06-17 18:04,4277.5,4277.7998,4275.7998,4275.7998,47
2026-06-17 18:05,4279.2998,4281.3999,4277.7998,4277.7998,70
2026-06-17 18:06,4283.1001,4284.5,4278.2002,4279.7998,187
2026-06-17 18:07,4283.1001,4283.7002,4282.2998,4283.6001,47
2026-06-17 18:08,4285.1001,4285.7998,4283.1001,4283.1001,29
2026-06-17 18:09,4285.8999,4287.2998,4284.0,4284.2998,84
2026-06-17 18:10,4284.7002,4285.6001,4284.2002,4285.5,35
2026-06-17 18:11,4284.6001,4285.5,4284.6001,4285.2998,10
2026-06-17 18:12,4286.0,4287.0,4283.5,4284.1001,90
2026-06-17 18:13,4284.2998,4286.2002,4284.2998,4285.5,68
2026-06-17 18:14,4284.7998,4284.7998,4280.6001,4284.2002,93
2026-06-17 18:15,4285.2002,4285.2998,4283.7998,4284.8999,31
2026-06-17 18:16,4286.1001,4286.2998,4284.7002,4284.7002,26
2026-06-17 18:17,4286.7998,4287.5,4286.1001,4286.1001,33
2026-06-17 18:18,4285.7998,4287.7002,4285.3999,4286.6001,55
2026-06-17 18:19,4287.5,4288.8999,4284.0,4285.3999,157
2026-06-17 18:20,4289.3999,4289.5,4287.2002,4287.2002,38
2026-06-17 18:21,4289.2002,4290.5,4288.1001,4289.1001,77
2026-06-17 18:22,4287.5,4288.7998,4287.5,4288.7998,13
2026-06-17 18:23,4288.1001,4288.2002,4286.7002,4287.3999,42
2026-06-17 18:24,4288.0,4288.2002,4287.6001,4288.0,35
2026-06-17 18:25,4285.8999,4287.7002,4285.1001,4287.7002,28
2026-06-17 18:26,4287.2002,4289.2002,4283.7002,4285.8999,155
2026-06-17 18:27,4286.5,4287.2998,4283.7998,4287.1001,99
2026-06-17 18:28,4287.2998,4287.6001,4285.8999,4286.7002,36
2026-06-17 18:29,4286.0,4288.0,4285.7002,4286.8999,52
2026-06-17 18:30,4285.3999,4285.5,4284.0,4285.5,33
2026-06-17 18:31,4286.2998,4286.3999,4284.7998,4285.2002,12
2026-06-17 18:32,4286.2002,4287.7998,4285.7002,4285.8999,105
2026-06-17 18:33,4286.6001,4287.1001,4285.7998,4286.2002,15
2026-06-17 18:34,4284.3999,4286.8999,4284.3999,4286.5,19
2026-06-17 18:35,4284.7002,4285.1001,4284.1001,4284.5,26
2026-06-17 18:36,4284.2998,4285.3999,4284.2002,4285.2998,7
2026-06-17 18:37,4283.0,4285.6001,4283.0,4284.2998,45
2026-06-17 18:38,4284.6001,4285.0,4282.3999,4283.2002,81
2026-06-17 18:39,4286.2002,4286.7002,4284.7002,4284.7998,33
2026-06-17 18:40,4286.0,4286.3999,4285.3999,4286.2002,13
2026-06-17 18:41,4285.0,4285.6001,4285.0,4285.5,3
2026-06-17 18:42,4285.2998,4285.3999,4284.7998,4284.7998,4
2026-06-17 18:43,4283.7002,4285.2998,4283.7002,4285.2998,16
2026-06-17 18:44,4282.7002,4283.5,4282.7002,4283.2998,10
2026-06-17 18:45,4284.1001,4284.1001,4282.8999,4283.2998,18
2026-06-17 18:46,4281.8999,4284.0,4281.7998,4284.0,23
2026-06-17 18:47,4282.0,4282.6001,4281.3999,4281.7002,23
2026-06-17 18:48,4281.1001,4282.0,4279.2998,4282.0,81
2026-06-17 18:49,4283.1001,4283.3999,4280.8999,4281.1001,31
2026-06-17 18:50,4285.3999,4286.0,4282.7002,4282.7998,41
2026-06-17 18:51,4285.3999,4286.2998,4285.2998,4285.2998,44
2026-06-17 18:52,4284.8999,4286.1001,4284.3999,4285.5,47
2026-06-17 18:53,4285.2998,4286.2002,4283.3999,4284.7002,72
2026-06-17 18:54,4286.7998,4287.7002,4284.7998,4285.1001,40
2026-06-17 18:55,4288.0,4289.8999,4286.7002,4287.0,114
2026-06-17 18:56,4287.2002,4288.7002,4287.2002,4288.0,8
2026-06-17 18:57,4286.2002,4287.2002,4286.2002,4287.2002,24
2026-06-17 18:58,4285.7998,4286.6001,4285.7998,4286.6001,11
2026-06-17 18:59,4285.7998,4285.8999,4285.3999,4285.8999,6
2026-06-17 19:00,4284.2998,4286.2002,4283.2998,4285.7002,46
2026-06-17 19:01,4283.2002,4284.5,4283.2002,4284.1001,11
2026-06-17 19:02,4283.8999,4284.1001,4283.2998,4283.7002,18
2026-06-17 19:03,4284.0,4284.6001,4283.3999,4284.0,19
2026-06-17 19:04,4283.8999,4284.3999,4283.3999,4283.7002,62
2026-06-17 19:05,4284.7002,4285.8999,4283.7002,4284.2002,51
2026-06-17 19:06,4285.3999,4285.7002,4285.1001,4285.1001,5
2026-06-17 19:07,4287.1001,4287.7998,4286.1001,4286.1001,11
2026-06-17 19:08,4290.2998,4290.2998,4286.6001,4286.7002,50
2026-06-17 19:09,4293.1001,4294.0,4290.0,4290.5,128
2026-06-17 19:10,4293.7002,4293.7998,4292.5,4292.7002,47
2026-06-17 19:11,4296.2002,4296.3999,4293.7002,4293.7002,108
2026-06-17 19:12,4296.7002,4297.2002,4295.6001,4296.0,53
2026-06-17 19:13,4299.2002,4299.2998,4297.3999,4297.5,90
2026-06-17 19:14,4301.3999,4301.7002,4298.8999,4299.0,104
2026-06-17 19:15,4298.7002,4302.0,4297.8999,4301.3999,117
2026-06-17 19:16,4297.1001,4299.0,4296.8999,4298.5,69
2026-06-17 19:17,4297.8999,4298.0,4295.8999,4297.0,57
2026-06-17 19:18,4295.0,4297.1001,4294.5,4297.1001,38
2026-06-17 19:19,4295.8999,4295.8999,4295.0,4295.8999,38
2026-06-17 19:20,4299.7002,4299.7002,4296.0,4296.0,124
2026-06-17 19:21,4299.6001,4300.3999,4298.1001,4299.5,37
2026-06-17 19:22,4301.2998,4302.0,4299.7998,4299.7998,38
2026-06-17 19:23,4300.3999,4302.6001,4300.3999,4301.2998,114
2026-06-17 19:24,4297.2002,4300.7998,4296.8999,4300.7998,58
2026-06-17 19:25,4299.2002,4300.0,4296.6001,4297.2998,79
2026-06-17 19:26,4301.8999,4302.1001,4298.5,4299.3999,74
2026-06-17 19:27,4301.2002,4303.0,4299.8999,4301.7998,95
2026-06-17 19:28,4299.2002,4301.2998,4299.2002,4301.2998,15
2026-06-17 19:29,4299.0,4300.0,4298.5,4299.7002,22
2026-06-17 19:30,4299.1001,4299.6001,4298.2002,4298.7998,32
2026-06-17 19:31,4300.8999,4301.7002,4299.2002,4299.6001,49
2026-06-17 19:32,4299.6001,4301.2998,4299.2002,4301.2998,34
2026-06-17 19:33,4297.7002,4300.1001,4297.0,4298.8999,114
2026-06-17 19:34,4300.0,4300.1001,4297.1001,4297.7998,56
2026-06-17 19:35,4298.6001,4300.0,4298.6001,4300.0,4
2026-06-17 19:36,4297.0,4298.2998,4296.7998,4298.2998,72
2026-06-17 19:37,4294.7002,4297.2002,4294.7002,4296.8999,93
2026-06-17 19:38,4295.0,4295.2998,4294.5,4295.1001,70
2026-06-17 19:39,4293.6001,4295.2998,4293.6001,4295.2998,42
2026-06-17 19:40,4290.2002,4293.2002,4290.2002,4293.2002,79
2026-06-17 19:41,4290.8999,4291.3999,4290.7002,4291.3999,13
2026-06-17 19:42,4287.7998,4290.7002,4287.3999,4290.7002,85
2026-06-17 19:43,4292.7998,4293.0,4288.1001,4288.1001,173
2026-06-17 19:44,4295.3999,4295.5,4292.2002,4293.2998,68
2026-06-17 19:45,4297.3999,4297.3999,4293.8999,4295.3999,93
2026-06-17 19:46,4296.8999,4298.2998,4296.7002,4297.6001,48
2026-06-17 19:47,4295.3999,4296.8999,4294.1001,4296.8999,96
2026-06-17 19:48,4293.5,4295.0,4293.0,4295.0,26
2026-06-17 19:49,4292.2998,4294.2002,4292.2998,4294.0,24
2026-06-17 19:50,4292.0,4293.2998,4291.7002,4293.2002,40
2026-06-17 19:51,4293.2002,4293.2998,4291.7998,4292.1001,32
2026-06-17 19:52,4295.1001,4295.2002,4292.7998,4292.8999,55
2026-06-17 19:53,4294.2002,4296.5,4294.0,4295.2998,44
2026-06-17 19:54,4294.6001,4294.7002,4294.2998,4294.2998,17
2026-06-17 19:55,4293.0,4294.8999,4292.7998,4294.8999,24
2026-06-17 19:56,4292.8999,4293.0,4292.7998,4293.0,16
2026-06-17 19:57,4294.0,4294.5,4292.6001,4293.2002,23
2026-06-17 19:58,4294.7998,4296.0,4293.3999,4293.3999,17
2026-06-17 19:59,4297.2002,4297.2998,4294.6001,4294.7998,18
2026-06-17 20:00,4300.7002,4301.2002,4296.2002,4297.6001,152
2026-06-17 20:01,4303.0,4303.6001,4299.3999,4300.3999,56
2026-06-17 20:02,4307.1001,4307.6001,4302.3999,4303.7998,174
2026-06-17 20:03,4310.0,4311.2998,4306.7998,4306.7998,126
2026-06-17 20:04,4311.2998,4311.7002,4308.3999,4309.5,119
2026-06-17 20:05,4312.2998,4313.1001,4310.7002,4311.3999,98
2026-06-17 20:06,4317.0,4317.8999,4311.0,4312.3999,129
2026-06-17 20:07,4314.6001,4316.6001,4311.7998,4316.2998,93
2026-06-17 20:08,4313.2002,4314.8999,4312.7998,4314.2002,65
2026-06-17 20:09,4313.0,4313.7002,4312.5,4313.5,35
2026-06-17 20:10,4314.0,4314.0,4311.2998,4312.7002,52
2026-06-17 20:11,4314.7998,4315.6001,4313.2002,4314.0,121
2026-06-17 20:12,4315.1001,4318.0,4313.7998,4315.1001,106
2026-06-17 20:13,4318.3999,4318.7998,4314.7002,4314.8999,74
2026-06-17 20:14,4317.1001,4317.8999,4315.2002,4317.8999,104
2026-06-17 20:15,4317.0,4318.7002,4315.8999,4316.8999,111
2026-06-17 20:16,4316.6001,4319.6001,4316.6001,4317.2002,96
2026-06-17 20:17,4317.8999,4318.7998,4315.7998,4317.1001,30
2026-06-17 20:18,4317.2998,4320.0,4317.2998,4318.1001,52
2026-06-17 20:19,4316.5,4317.1001,4315.2998,4317.1001,56
2026-06-17 20:20,4318.2998,4318.5,4315.1001,4315.7002,63
2026-06-17 20:21,4319.5,4320.8999,4318.1001,4318.3999,271
2026-06-17 20:22,4316.2002,4319.2002,4315.7002,4319.0,78
2026-06-17 20:23,4317.6001,4318.5,4315.3999,4315.8999,67
2026-06-17 20:24,4315.8999,4318.0,4315.5,4317.7998,23
2026-06-17 20:25,4314.0,4315.8999,4314.0,4315.8999,48
2026-06-17 20:26,4314.6001,4316.2998,4313.7998,4314.5,52
2026-06-17 20:27,4317.7998,4317.8999,4315.0,4315.6001,57
2026-06-17 20:28,4316.1001,4317.7998,4316.1001,4317.7998,29
2026-06-17 20:29,4319.8999,4320.7998,4315.3999,4315.7998,154
2026-06-17 20:30,4324.2002,4325.0,4319.5,4320.0,241
2026-06-17 20:31,4326.1001,4326.8999,4322.6001,4324.2998,187
2026-06-17 20:32,4327.0,4328.1001,4324.5,4326.2998,99
2026-06-17 20:33,4326.1001,4328.5,4326.1001,4327.0,120
2026-06-17 20:34,4326.1001,4327.8999,4325.8999,4326.2998,75
2026-06-17 20:35,4328.3999,4329.5,4325.2998,4326.2002,109
2026-06-17 20:36,4326.0,4328.2998,4324.2002,4328.2998,145
2026-06-17 20:37,4324.6001,4326.3999,4324.3999,4325.2002,78
2026-06-17 20:38,4323.0,4325.2002,4322.3999,4325.0,65
2026-06-17 20:39,4324.6001,4324.7998,4322.5,4323.0,60
2026-06-17 20:40,4326.2002,4326.7002,4324.6001,4324.6001,54
2026-06-17 20:41,4324.6001,4326.5,4323.8999,4326.1001,20
2026-06-17 20:42,4325.3999,4326.8999,4323.7998,4324.8999,31
2026-06-17 20:43,4326.0,4327.1001,4324.1001,4324.8999,46
2026-06-17 20:44,4330.3999,4331.2002,4327.0,4327.0,94
2026-06-17 20:45,4330.1001,4330.6001,4327.7002,4330.6001,93
2026-06-17 20:46,4329.0,4330.7002,4328.1001,4330.2002,68
2026-06-17 20:47,4329.7002,4330.5,4329.2002,4329.2002,29
2026-06-17 20:48,4329.7998,4330.1001,4327.8999,4329.7998,69
2026-06-17 20:49,4333.2998,4333.7002,4329.1001,4330.1001,107
2026-06-17 20:50,4332.7002,4333.7002,4331.7998,4333.1001,94
2026-06-17 20:51,4333.3999,4334.0,4330.8999,4332.7998,126
2026-06-17 20:52,4331.8999,4333.3999,4331.2998,4333.3999,60
2026-06-17 20:53,4333.2998,4334.2998,4331.7998,4332.2998,50
2026-06-17 20:54,4333.7998,4335.0,4333.2002,4333.7002,70
2026-06-17 20:55,4331.3999,4334.1001,4330.6001,4333.7998,179
2026-06-17 20:56,4331.7998,4332.1001,4330.0,4331.2002,166
2026-06-17 20:57,4331.2002,4333.0,4331.1001,4332.1001,93
2026-06-17 20:58,4330.2998,4332.1001,4329.8999,4331.2002,53
2026-06-17 20:59,4328.0,4330.8999,4328.0,4330.2998,115
2026-06-17 21:00,4341.2002,4344.0,4326.2998,4328.7998,711
2026-06-17 21:01,4340.0,4342.2002,4335.7998,4341.1001,208
2026-06-17 21:02,4343.0,4345.6001,4338.5,4340.7998,213
2026-06-17 21:03,4347.1001,4347.6001,4343.1001,4343.1001,196
2026-06-17 21:04,4341.2002,4348.0,4341.2002,4347.6001,314
2026-06-17 21:05,4343.2998,4343.6001,4338.8999,4341.7002,135
2026-06-17 21:06,4342.7002,4343.7998,4341.7998,4343.3999,82
2026-06-17 21:07,4342.0,4344.5,4341.5,4342.1001,102
2026-06-17 21:08,4344.8999,4345.0,4340.8999,4342.1001,129
2026-06-17 21:09,4341.0,4345.0,4341.0,4345.0,78
2026-06-17 21:10,4342.7002,4343.1001,4340.7998,4341.1001,62
2026-06-17 21:11,4346.0,4348.8999,4343.1001,4343.1001,167
2026-06-17 21:12,4344.7998,4346.1001,4344.0,4345.7998,69
2026-06-17 21:13,4346.8999,4346.8999,4344.3999,4344.7002,91
2026-06-17 21:14,4342.8999,4346.6001,4342.6001,4346.6001,48
2026-06-17 21:15,4341.7998,4343.7002,4340.2998,4342.6001,198
2026-06-17 21:16,4339.7998,4342.7002,4339.7998,4342.2002,156
2026-06-17 21:17,4336.7002,4339.5,4336.2002,4339.5,150
2026-06-17 21:18,4336.7002,4337.1001,4335.7002,4336.7998,91
2026-06-17 21:19,4337.2998,4338.1001,4336.6001,4337.2002,37
2026-06-17 21:20,4339.5,4339.7998,4337.0,4337.1001,24
2026-06-17 21:21,4340.8999,4343.2002,4339.7998,4339.7998,51
2026-06-17 21:22,4338.6001,4341.1001,4337.8999,4341.1001,57
2026-06-17 21:23,4336.6001,4338.8999,4335.0,4338.6001,149
2026-06-17 21:24,4339.2002,4339.2002,4337.5,4337.5,34
2026-06-17 21:25,4340.0,4341.7998,4340.0,4340.0,34
2026-06-17 21:26,4339.1001,4340.7002,4339.1001,4339.2002,20
2026-06-17 21:27,4339.1001,4340.2002,4338.3999,4338.8999,28
2026-06-17 21:28,4339.2998,4340.1001,4337.8999,4338.5,24
2026-06-17 21:29,4339.2002,4339.5,4338.0,4339.5,24
2026-06-17 21:30,4340.1001,4340.6001,4339.0,4339.2002,33
2026-06-17 21:31,4340.7998,4341.2998,4339.5,4339.8999,110
2026-06-17 21:32,4338.2002,4341.5,4337.0,4341.5,181
2026-06-17 21:33,4340.2002,4340.5,4338.3999,4338.7998,47
2026-06-17 21:34,4337.7998,4339.8999,4337.2998,4339.7002,52
2026-06-17 21:35,4338.6001,4339.5,4337.7002,4337.7002,35
2026-06-17 21:36,4338.7002,4341.1001,4337.2998,4338.7002,93
2026-06-17 21:37,4341.1001,4341.5,4338.3999,4338.7002,96
2026-06-17 21:38,4340.3999,4342.1001,4339.2998,4341.3999,60
2026-06-17 21:39,4340.1001,4340.7998,4339.0,4340.2002,96
2026-06-17 21:40,4339.7998,4341.2998,4339.7998,4339.8999,49
2026-06-17 21:41,4339.2002,4341.5,4339.2002,4339.6001,57
2026-06-17 21:42,4340.1001,4340.1001,4337.6001,4339.2002,118
2026-06-17 21:43,4345.0,4345.2998,4339.5,4339.8999,114
2026-06-17 21:44,4342.5,4345.2002,4341.2998,4345.2002,117
2026-06-17 21:45,4343.0,4343.2998,4340.3999,4342.1001,37
2026-06-17 21:46,4344.5,4346.1001,4343.2998,4343.2998,82
2026-06-17 21:47,4343.0,4345.0,4342.7998,4344.3999,25
2026-06-17 21:48,4340.5,4343.1001,4339.2998,4342.5,123
2026-06-17 21:49,4341.7998,4341.7998,4340.2998,4340.3999,51
2026-06-17 21:50,4338.6001,4341.2998,4338.6001,4341.0,56
2026-06-17 21:51,4338.0,4339.2002,4337.0,4339.0,66
2026-06-17 21:52,4340.1001,4340.1001,4338.5,4338.7998,67
2026-06-17 21:53,4339.2002,4339.8999,4338.0,4339.7998,51
2026-06-17 21:54,4338.6001,4340.2002,4338.3999,4339.2002,82
2026-06-17 21:55,4339.2998,4340.0,4338.2002,4338.3999,37
2026-06-17 21:56,4338.0,4339.7002,4337.7002,4339.1001,59
2026-06-17 21:57,4339.2002,4339.3999,4338.2998,4338.7998,23
2026-06-17 21:58,4338.7998,4340.0,4338.2998,4338.8999,21
2026-06-17 21:59,4337.7002,4339.0,4337.6001,4339.0,15
2026-06-17 22:00,4337.2998,4338.6001,4336.7002,4338.0,83
2026-06-17 22:01,4340.3999,4340.3999,4337.8999,4337.8999,45
2026-06-17 22:02,4339.1001,4340.2998,4336.1001,4340.2998,157
2026-06-17 22:03,4338.7998,4340.0,4338.3999,4339.1001,29
2026-06-17 22:04,4342.0,4342.3999,4339.3999,4339.3999,25
2026-06-17 22:05,4340.1001,4342.5,4339.2998,4341.7998,32
2026-06-17 22:06,4339.5,4340.3999,4339.2998,4340.3999,60
2026-06-17 22:07,4341.0,4341.0,4339.8999,4339.8999,28
2026-06-17 22:08,4341.7998,4341.7998,4340.0,4341.1001,54
2026-06-17 22:09,4345.7998,4346.7998,4341.5,4341.7002,174
2026-06-17 22:10,4346.0,4346.1001,4344.7998,4345.2998,62
2026-06-17 22:11,4346.2998,4346.3999,4345.0,4345.8999,54
2026-06-17 22:12,4348.3999,4348.3999,4345.2998,4346.2998,85
2026-06-17 22:13,4349.7998,4350.2002,4347.5,4348.1001,208
2026-06-17 22:14,4347.2998,4349.7002,4347.0,4349.7002,113
2026-06-17 22:15,4348.7998,4348.7998,4347.0,4347.1001,56
2026-06-17 22:16,4347.2998,4350.0,4347.0,4349.0,101
2026-06-17 22:17,4348.2998,4348.8999,4346.3999,4346.8999,61
2026-06-17 22:18,4347.6001,4349.0,4346.7002,4348.7002,161
2026-06-17 22:19,4346.5,4348.8999,4346.5,4347.8999,31
2026-06-17 22:20,4346.3999,4346.7998,4346.2998,4346.7998,14
2026-06-17 22:21,4346.2998,4347.2998,4345.0,4347.1001,66
2026-06-17 22:22,4345.8999,4346.2998,4345.5,4346.2998,25
2026-06-17 22:23,4344.7998,4345.6001,4344.3999,4345.5,27
2026-06-17 22:24,4345.7998,4346.2002,4345.0,4345.0,16
2026-06-17 22:25,4346.0,4346.0,4345.3999,4345.5,14
2026-06-17 22:26,4344.7002,4346.0,4344.6001,4346.0,19
2026-06-17 22:27,4343.6001,4345.0,4343.5,4344.7998,43
2026-06-17 22:28,4343.6001,4344.2998,4343.3999,4343.7002,30
2026-06-17 22:29,4344.5,4345.3999,4343.7998,4343.7998,63
2026-06-17 22:30,4344.6001,4345.3999,4343.6001,4344.2998,70
2026-06-17 22:31,4341.7002,4345.2002,4340.7998,4344.8999,127
2026-06-17 22:32,4343.0,4343.2998,4341.2998,4341.8999,29
2026-06-17 22:33,4343.7998,4344.8999,4342.7998,4343.2998,60
2026-06-17 22:34,4343.1001,4343.7998,4342.7002,4343.7998,33
2026-06-17 22:35,4339.8999,4343.0,4339.5,4342.7998,71
2026-06-17 22:36,4338.6001,4340.6001,4338.6001,4339.7998,66
2026-06-17 22:37,4338.7002,4339.1001,4337.3999,4338.6001,102
2026-06-17 22:38,4340.0,4340.5,4338.5,4339.0,74
2026-06-17 22:39,4341.0,4341.7998,4339.7002,4339.7002,22
2026-06-17 22:40,4342.0,4343.1001,4341.1001,4341.7998,47
2026-06-17 22:41,4337.5,4341.0,4337.1001,4341.0,52
2026-06-17 22:42,4337.6001,4337.8999,4336.2998,4337.3999,114
2026-06-17 22:43,4336.8999,4337.6001,4336.1001,4337.3999,68
2026-06-17 22:44,4336.6001,4337.1001,4336.5,4336.8999,38
2026-06-17 22:45,4337.0,4338.8999,4335.7998,4336.2998,68
2026-06-17 22:46,4334.8999,4337.2998,4334.6001,4337.2998,69
2026-06-17 22:47,4334.2998,4334.7002,4333.3999,4334.5,46
2026-06-17 22:48,4334.2998,4335.3999,4334.0,4334.5,44
2026-06-17 22:49,4334.2002,4334.8999,4331.8999,4334.0,131
2026-06-17 22:50,4332.6001,4334.2998,4331.6001,4333.3999,56
2026-06-17 22:51,4332.7002,4333.7002,4331.8999,4332.2002,53
2026-06-17 22:52,4335.2998,4335.7002,4333.0,4333.0,48
2026-06-17 22:53,4334.7002,4336.2002,4334.2002,4335.3999,19
2026-06-17 22:54,4333.7998,4335.7998,4333.7998,4335.2002,19
2026-06-17 22:55,4334.7002,4335.0,4333.3999,4334.0,42
2026-06-17 22:56,4334.5,4334.7998,4334.2002,4334.7998,17
2026-06-17 22:57,4330.7002,4333.0,4330.3999,4333.0,85
2026-06-17 22:58,4332.5,4333.2002,4330.6001,4330.6001,85
2026-06-17 22:59,4331.0,4332.7998,4331.0,4332.7002,72
2026-06-17 23:00,4329.2002,4331.6001,4329.1001,4331.2998,94
2026-06-17 23:01,4329.2002,4330.3999,4329.1001,4329.8999,90
2026-06-17 23:02,4331.2998,4331.2998,4328.8999,4329.6001,23
2026-06-17 23:03,4330.6001,4332.2002,4330.6001,4331.2998,22
2026-06-17 23:04,4331.8999,4332.2998,4329.6001,4330.0,50
2026-06-17 23:05,4332.7002,4333.5,4332.0,4332.2002,45
2026-06-17 23:06,4334.7002,4336.2002,4332.7998,4332.7998,119
2026-06-17 23:07,4333.2998,4334.3999,4333.0,4334.3999,41
2026-06-17 23:08,4332.5,4333.1001,4331.7998,4333.0,44
2026-06-17 23:09,4332.7998,4333.7002,4332.2998,4333.0,35
2026-06-17 23:10,4330.5,4333.3999,4330.5,4332.8999,47
2026-06-17 23:11,4330.7998,4331.2998,4330.2002,4330.5,57
2026-06-17 23:12,4331.0,4331.5,4330.3999,4330.7002,14
2026-06-17 23:13,4330.1001,4331.2002,4330.0,4330.5,60
2026-06-17 23:14,4331.2998,4331.2998,4329.7002,4330.0,32
2026-06-17 23:15,4333.5,4333.7998,4332.6001,4332.8999,38
2026-06-17 23:16,4330.7002,4333.2002,4330.3999,4333.2002,123
2026-06-17 23:17,4333.2002,4333.2002,4330.7998,4331.2002,31
2026-06-17 23:18,4334.0,4334.0,4332.7002,4332.7998,13
2026-06-17 23:19,4334.3999,4335.2002,4334.0,4334.3999,33
2026-06-17 23:20,4335.0,4335.0,4333.3999,4334.2002,49
2026-06-17 23:21,4336.2002,4336.3999,4334.6001,4334.8999,28
2026-06-17 23:22,4336.5,4336.5,4334.5,4335.5,43
2026-06-17 23:23,4335.7998,4336.2998,4335.3999,4336.0,10
2026-06-17 23:24,4335.8999,4336.7998,4335.7002,4336.3999,39
2026-06-17 23:25,4336.0,4336.0,4334.8999,4335.7002,48
2026-06-17 23:26,4334.8999,4336.6001,4333.7998,4336.1001,88
2026-06-17 23:27,4335.0,4335.7002,4333.7002,4335.3999,41
2026-06-17 23:28,4334.1001,4335.7002,4334.1001,4335.2002,48
2026-06-17 23:29,4334.2998,4335.5,4332.3999,4334.3999,118
2026-06-17 23:30,4337.2998,4338.1001,4333.2998,4334.7998,429
2026-06-17 23:31,4338.2998,4339.0,4337.2998,4337.7002,99
2026-06-17 23:32,4338.6001,4339.1001,4337.7998,4338.7002,69
2026-06-17 23:33,4339.6001,4340.2998,4338.8999,4339.1001,45
2026-06-17 23:34,4339.7002,4340.7002,4339.0,4339.6001,73
2026-06-17 23:35,4340.2002,4340.8999,4339.8999,4339.8999,62
2026-06-17 23:36,4339.0,4340.6001,4338.3999,4340.6001,27
2026-06-17 23:37,4340.0,4340.0,4338.2998,4339.1001,50
2026-06-17 23:38,4342.5,4342.5,4340.7002,4340.7002,147
2026-06-17 23:39,4341.0,4343.0,4340.5,4342.2998,50
2026-06-17 23:40,4341.3999,4342.0,4340.3999,4340.7002,34
2026-06-17 23:41,4341.1001,4341.7002,4340.6001,4341.2002,25
2026-06-17 23:42,4340.1001,4341.1001,4340.0,4341.1001,21
2026-06-17 23:43,4338.2998,4340.2998,4337.8999,4340.2002,55
2026-06-17 23:44,4339.0,4339.2002,4338.6001,4339.0,12
2026-06-17 23:45,4340.6001,4340.7002,4338.5,4338.8999,55
2026-06-17 23:46,4339.3999,4341.0,4339.0,4340.7998,22
2026-06-17 23:47,4339.3999,4339.7998,4339.1001,4339.7998,10
2026-06-17 23:48,4339.2998,4339.7998,4339.1001,4339.1001,12
2026-06-17 23:49,4338.2002,4339.6001,4338.0,4339.6001,21
2026-06-17 23:50,4337.7002,4338.6001,4336.7002,4338.5,51
2026-06-17 23:51,4337.5,4338.0,4337.2998,4337.3999,11
2026-06-17 23:52,4339.2998,4339.2998,4337.1001,4337.1001,22
2026-06-17 23:53,4338.7998,4339.5,4338.6001,4339.1001,21
2026-06-17 23:54,4338.6001,4338.8999,4338.6001,4338.8999,4
2026-06-17 23:55,4337.8999,4338.3999,4337.7002,4338.3999,26
2026-06-17 23:56,4339.7998,4340.2998,4337.6001,4337.8999,31
2026-06-17 23:57,4340.2002,4340.6001,4339.3999,4340.5,13
2026-06-17 23:58,4339.6001,4339.8999,4339.0,4339.3999,11
2026-06-18 00:00,4340.7998,4341.7002,4339.6001,4340.0,67
2026-06-18 00:01,4341.2002,4341.6001,4340.6001,4341.0,21
2026-06-18 00:02,4342.6001,4344.2002,4340.8999,4340.8999,84
2026-06-18 00:03,4341.6001,4342.7998,4341.0,4342.7998,76
2026-06-18 00:04,4340.7002,4341.7998,4340.7002,4341.3999,9
2026-06-18 00:05,4340.1001,4341.0,4340.0,4340.6001,29
2026-06-18 00:06,4339.6001,4340.7998,4339.6001,4340.1001,17
2026-06-18 00:07,4338.7998,4340.0,4338.7998,4339.7998,87
2026-06-18 00:08,4338.6001,4339.7002,4338.6001,4339.0,23
2026-06-18 00:09,4337.1001,4338.6001,4336.5,4338.6001,158
2026-06-18 00:10,4337.3999,4337.8999,4337.2002,4337.2002,23
2026-06-18 00:11,4336.2002,4337.2002,4336.0,4337.1001,27
2026-06-18 00:12,4336.0,4336.6001,4334.8999,4336.2998,112
2026-06-18 00:13,4336.8999,4337.2002,4335.7998,4335.8999,19
2026-06-18 00:14,4338.2002,4338.5,4337.7998,4338.0,13
2026-06-18 00:15,4339.2998,4339.2998,4338.1001,4338.1001,17
2026-06-18 00:16,4337.6001,4338.8999,4337.2998,4338.8999,35
2026-06-18 00:17,4337.3999,4337.7998,4337.1001,4337.6001,31
2026-06-18 00:18,4336.5,4337.7998,4336.5,4337.7998,6
2026-06-18 00:19,4335.6001,4336.5,4335.6001,4336.5,37
2026-06-18 00:20,4332.2002,4335.5,4331.6001,4335.3999,166
2026-06-18 00:21,4333.8999,4333.8999,4332.2002,4332.2002,14
2026-06-18 00:22,4334.5,4334.5,4333.6001,4333.7998,25
2026-06-18 00:23,4334.3999,4334.6001,4333.8999,4334.6001,12
2026-06-18 00:24,4334.0,4335.1001,4334.0,4334.6001,25
2026-06-18 00:25,4333.2998,4333.2998,4332.2998,4332.7998,31
2026-06-18 00:26,4333.6001,4333.6001,4332.7998,4333.1001,8
2026-06-18 00:27,4334.0,4335.1001,4334.0,4334.0,12
2026-06-18 00:28,4334.2998,4334.7998,4334.1001,4334.3999,16
2026-06-18 00:29,4333.7002,4335.0,4333.2998,4334.6001,50
2026-06-18 00:30,4333.8999,4334.3999,4333.6001,4333.6001,15
2026-06-18 00:31,4334.7998,4334.7998,4333.1001,4333.7998,13
2026-06-18 00:32,4335.2002,4335.7998,4334.6001,4335.1001,12
2026-06-18 00:33,4336.8999,4337.3999,4334.8999,4335.2998,64
2026-06-18 00:34,4336.6001,4336.7002,4335.8999,4336.7002,16
2026-06-18 00:35,4337.7998,4337.7998,4336.5,4336.7998,15
2026-06-18 00:36,4336.6001,4338.2998,4335.8999,4337.7002,90
2026-06-18 00:37,4334.2998,4336.6001,4333.7998,4336.6001,86
2026-06-18 00:38,4334.8999,4334.8999,4333.7002,4333.8999,25
2026-06-18 00:39,4332.8999,4334.2002,4332.3999,4334.2002,37
2026-06-18 00:40,4332.6001,4333.2002,4331.6001,4333.2002,28
2026-06-18 00:41,4332.8999,4333.1001,4332.1001,4332.3999,17
2026-06-18 00:42,4332.7002,4334.0,4332.1001,4333.8999,22
2026-06-18 00:43,4331.5,4333.1001,4331.2998,4333.1001,34
2026-06-18 00:44,4330.0,4331.2002,4330.0,4331.2002,81
2026-06-18 00:45,4330.8999,4331.3999,4330.0,4330.1001,110
2026-06-18 00:46,4332.2002,4332.5,4330.2998,4331.2002,38
2026-06-18 00:47,4332.8999,4332.8999,4332.5,4332.5,4
2026-06-18 00:48,4333.2998,4333.8999,4331.7002,4333.2998,209
2026-06-18 00:49,4335.5,4335.5,4334.0,4334.0,33
2026-06-18 00:50,4334.7998,4335.3999,4334.7998,4335.3999,13
2026-06-18 00:51,4334.8999,4335.2002,4334.3999,4335.0,15
2026-06-18 00:52,4334.3999,4335.2002,4333.7998,4334.8999,40
2026-06-18 00:53,4336.2002,4336.2002,4335.0,4335.0,15
2026-06-18 00:54,4335.6001,4336.2002,4335.3999,4336.2002,20
2026-06-18 00:55,4335.7998,4336.0,4335.3999,4335.7002,18
2026-06-18 00:56,4337.2002,4337.3999,4335.3999,4335.3999,37
2026-06-18 00:57,4336.7998,4337.1001,4336.5,4337.0,21
2026-06-18 00:58,4335.6001,4337.5,4335.6001,4336.8999,52
2026-06-18 00:59,4336.0,4336.0,4335.1001,4335.7002,50
2026-06-18 01:00,4333.2002,4335.7998,4333.0,4335.7998,32
2026-06-18 01:01,4335.1001,4335.1001,4332.5,4333.5,31
2026-06-18 01:02,4335.7998,4335.7998,4334.7002,4335.0,18
2026-06-18 01:03,4336.5,4337.3999,4336.2002,4336.2002,33
2026-06-18 01:04,4335.2998,4336.1001,4335.2998,4336.1001,21
2026-06-18 01:05,4334.7998,4335.2002,4334.6001,4335.0,21
2026-06-18 01:06,4336.5,4337.0,4335.1001,4335.1001,16
2026-06-18 01:07,4336.7002,4337.8999,4336.7002,4337.0,28
2026-06-18 01:08,4338.2002,4338.6001,4336.5,4336.7998,47
2026-06-18 01:09,4337.8999,4338.0,4337.2998,4338.0,10
2026-06-18 01:10,4338.1001,4338.6001,4337.2002,4337.3999,21
2026-06-18 01:11,4338.2002,4338.3999,4337.8999,4338.1001,11
2026-06-18 01:12,4337.1001,4338.0,4336.7002,4338.0,34
2026-06-18 01:13,4336.2002,4337.1001,4336.1001,4337.0,33
2026-06-18 01:14,4335.6001,4336.5,4335.2002,4336.5,24
2026-06-18 01:15,4337.1001,4338.1001,4336.3999,4336.3999,17
2026-06-18 01:16,4336.1001,4337.0,4336.1001,4337.0,16
2026-06-18 01:17,4336.5,4336.5,4335.7998,4336.2998,10
2026-06-18 01:18,4340.3999,4341.8999,4337.1001,4337.1001,144
2026-06-18 01:19,4341.7002,4342.7998,4340.8999,4340.8999,69
2026-06-18 01:20,4341.3999,4341.6001,4340.7002,4341.5,21
2026-06-18 01:21,4341.1001,4341.5,4340.8999,4341.3999,23
2026-06-18 01:22,4340.3999,4342.1001,4340.3999,4341.2998,54
2026-06-18 01:23,4341.1001,4341.3999,4340.2998,4340.5,46
2026-06-18 01:24,4339.3999,4340.7002,4339.1001,4340.7002,26
2026-06-18 01:25,4339.0,4339.6001,4338.8999,4339.6001,13
2026-06-18 01:26,4340.8999,4341.5,4340.0,4340.0,16
2026-06-18 01:27,4342.0,4342.0,4341.0,4341.3999,38
2026-06-18 01:28,4340.1001,4342.0,4340.1001,4342.0,29
2026-06-18 01:29,4343.2998,4343.2998,4340.2998,4340.2998,71
2026-06-18 01:30,4340.6001,4345.2002,4339.6001,4343.0,237
2026-06-18 01:31,4342.1001,4343.2998,4341.2998,4341.6001,53
2026-06-18 01:32,4342.5,4344.2998,4342.3999,4342.7998,40
2026-06-18 01:33,4342.5,4343.2002,4341.2998,4342.3999,56
2026-06-18 01:34,4343.0,4344.5,4342.3999,4343.0,27
2026-06-18 01:35,4343.7002,4344.0,4341.7998,4342.7002,29
2026-06-18 01:36,4341.6001,4343.7002,4341.5,4343.6001,25
2026-06-18 01:37,4341.7002,4342.8999,4341.5,4341.5,19
2026-06-18 01:38,4339.3999,4341.2002,4339.2998,4341.0,74
2026-06-18 01:39,4336.7002,4340.6001,4336.5,4339.2998,44
2026-06-18 01:40,4337.5,4338.0,4335.0,4336.7998,142
2026-06-18 01:41,4337.5,4338.2002,4337.0,4337.2002,20
2026-06-18 01:42,4334.6001,4338.3999,4334.6001,4337.7998,88
2026-06-18 01:43,4331.8999,4335.2998,4331.5,4335.0,165
2026-06-18 01:44,4330.5,4332.6001,4329.6001,4332.0,149
2026-06-18 01:45,4330.1001,4331.3999,4328.7002,4330.1001,89
2026-06-18 01:46,4325.0,4330.1001,4324.0,4330.0,288
2026-06-18 01:47,4324.5,4327.2002,4324.1001,4324.7998,240
2026-06-18 01:48,4323.2998,4325.5,4322.0,4325.1001,331
2026-06-18 01:49,4323.0,4326.7002,4323.0,4323.2998,211
2026-06-18 01:50,4323.2998,4323.7002,4322.2002,4322.8999,69
2026-06-18 01:51,4322.7002,4325.0,4321.5,4323.5,163
2026-06-18 01:52,4326.0,4326.8999,4323.1001,4323.1001,84
2026-06-18 01:53,4326.3999,4327.2998,4325.2002,4325.8999,69
2026-06-18 01:54,4327.8999,4330.2002,4326.5,4326.5,141
2026-06-18 01:55,4329.7998,4330.0,4328.3999,4328.3999,49
2026-06-18 01:56,4328.7998,4330.1001,4327.1001,4329.8999,53
2026-06-18 01:57,4328.0,4329.1001,4328.0,4328.6001,15
2026-06-18 01:58,4327.7998,4329.0,4327.6001,4328.2002,29
2026-06-18 01:59,4328.0,4328.7002,4327.0,4327.6001,65
2026-06-18 02:00,4328.7998,4330.2998,4328.3999,4328.3999,90
2026-06-18 02:01,4329.1001,4329.2998,4327.0,4328.7002,58
2026-06-18 02:02,4327.5,4329.7998,4327.3999,4329.1001,58
2026-06-18 02:03,4326.8999,4329.0,4326.7002,4327.8999,64
2026-06-18 02:04,4327.5,4327.6001,4326.7002,4327.2998,34
2026-06-18 02:05,4326.3999,4327.5,4325.1001,4327.5,58
2026-06-18 02:06,4323.7998,4326.3999,4323.6001,4326.3999,91
2026-06-18 02:07,4318.6001,4323.2002,4317.0,4323.1001,297
2026-06-18 02:08,4319.6001,4319.6001,4316.6001,4318.7002,108
2026-06-18 02:09,4321.2998,4321.6001,4319.7002,4320.0,74
2026-06-18 02:10,4316.7998,4321.1001,4316.3999,4321.1001,199
2026-06-18 02:11,4320.2998,4321.2998,4316.5,4316.7998,62
2026-06-18 02:12,4319.5,4320.0,4318.7002,4320.0,26
2026-06-18 02:13,4318.1001,4320.7998,4318.1001,4319.5,38
2026-06-18 02:14,4319.3999,4320.7998,4318.0,4318.2002,61
2026-06-18 02:15,4317.2998,4320.0,4316.2998,4318.8999,80
2026-06-18 02:16,4318.1001,4319.5,4317.2002,4317.5,51
2026-06-18 02:17,4318.8999,4319.1001,4318.0,4318.7998,18
2026-06-18 02:18,4321.1001,4322.7002,4319.0,4319.2998,74
2026-06-18 02:19,4319.0,4320.7002,4317.8999,4320.7002,77
2026-06-18 02:20,4321.0,4321.1001,4319.1001,4319.1001,35
2026-06-18 02:21,4323.5,4323.5,4320.7002,4321.2998,61
2026-06-18 02:22,4323.7002,4323.7998,4322.6001,4323.7002,42
2026-06-18 02:23,4325.2002,4325.7002,4322.7002,4323.2002,59
2026-06-18 02:24,4323.0,4325.3999,4323.0,4325.3999,50
2026-06-18 02:25,4323.1001,4323.7002,4322.3999,4323.6001,22
2026-06-18 02:26,4321.3999,4324.0,4320.8999,4323.2002,88
2026-06-18 02:27,4320.6001,4322.1001,4320.3999,4320.8999,67
2026-06-18 02:28,4321.1001,4321.2002,4320.6001,4320.7002,45
2026-06-18 02:29,4325.3999,4325.3999,4320.7998,4320.7998,106
2026-06-18 02:30,4324.6001,4325.3999,4324.1001,4325.0,59
2026-06-18 02:31,4324.2998,4324.8999,4323.6001,4324.6001,39
2026-06-18 02:32,4323.2998,4324.2998,4323.1001,4324.1001,33
2026-06-18 02:33,4324.2998,4324.7998,4323.0,4324.0,37
2026-06-18 02:34,4324.1001,4324.2002,4323.3999,4324.1001,49
2026-06-18 02:35,4323.5,4323.6001,4322.7998,4323.6001,62
2026-06-18 02:36,4322.8999,4323.3999,4321.7002,4323.1001,65
2026-06-18 02:37,4319.7998,4322.6001,4319.6001,4322.6001,61
2026-06-18 02:38,4320.7998,4321.7998,4319.7998,4319.7998,76
2026-06-18 02:39,4321.0,4321.3999,4320.5,4320.5,22
2026-06-18 02:40,4320.6001,4321.5,4319.2998,4321.2998,66
2026-06-18 02:41,4321.3999,4321.3999,4319.7998,4320.5,47
2026-06-18 02:42,4320.7002,4322.2002,4320.7002,4321.6001,15
2026-06-18 02:43,4321.2998,4322.2998,4320.7002,4321.1001,30
2026-06-18 02:44,4321.7998,4322.0,4320.5,4321.2002,51
2026-06-18 02:45,4323.0,4323.7998,4321.3999,4321.3999,37
2026-06-18 02:46,4324.3999,4324.7998,4322.5,4323.3999,71
2026-06-18 02:47,4325.8999,4327.7998,4323.8999,4324.2002,95
2026-06-18 02:48,4325.7998,4326.7002,4324.5,4325.5,39
2026-06-18 02:49,4324.5,4326.2998,4324.5,4326.2998,25
2026-06-18 02:50,4325.5,4326.1001,4324.7002,4325.0,103
2026-06-18 02:51,4323.7002,4325.2998,4323.3999,4325.2002,31
2026-06-18 02:52,4324.3999,4324.3999,4323.7002,4323.7002,12
2026-06-18 02:53,4324.7002,4325.6001,4323.7998,4324.3999,21
2026-06-18 02:54,4325.6001,4326.2998,4325.1001,4325.1001,32
2026-06-18 02:55,4325.3999,4326.2002,4324.8999,4326.0,30
2026-06-18 02:56,4324.7002,4325.5,4324.6001,4325.5,15
2026-06-18 02:57,4326.2002,4326.2002,4324.1001,4324.2998,139
2026-06-18 02:58,4326.3999,4326.5,4325.0,4326.3999,93
2026-06-18 02:59,4326.6001,4327.3999,4326.0,4326.1001,109
2026-06-18 03:00,4326.8999,4327.7998,4325.3999,4326.3999,107
2026-06-18 03:01,4325.3999,4327.5,4325.2998,4326.7002,93
2026-06-18 03:02,4324.3999,4325.6001,4324.2002,4325.6001,74
2026-06-18 03:03,4324.0,4325.7002,4323.8999,4324.6001,95
2026-06-18 03:04,4324.1001,4324.3999,4323.2998,4324.3999,23
2026-06-18 03:05,4320.8999,4323.8999,4320.3999,4323.8999,105
2026-06-18 03:06,4321.0,4321.7998,4320.3999,4320.7002,27
2026-06-18 03:07,4324.2002,4324.7002,4321.6001,4321.6001,22
2026-06-18 03:08,4323.3999,4324.7002,4323.2002,4324.0,58
2026-06-18 03:09,4324.7998,4325.2998,4323.8999,4323.8999,134
2026-06-18 03:10,4324.7002,4325.3999,4324.3999,4325.2002,25
2026-06-18 03:11,4328.2002,4328.2002,4324.3999,4324.7998,76
2026-06-18 03:12,4329.2002,4329.2002,4327.5,4328.2998,111
2026-06-18 03:13,4327.3999,4329.2998,4327.3999,4328.8999,58
2026-06-18 03:14,4327.0,4327.2998,4326.2998,4326.8999,18
2026-06-18 03:15,4328.8999,4329.7002,4326.5,4327.0,44
2026-06-18 03:16,4326.2002,4328.6001,4326.0,4328.3999,64
2026-06-18 03:17,4326.7998,4326.7998,4325.5,4326.0,66
2026-06-18 03:18,4327.6001,4328.2998,4326.7998,4326.7998,24
2026-06-18 03:19,4327.5,4327.7998,4326.8999,4327.5,18
2026-06-18 03:20,4327.5,4328.0,4327.2998,4327.5,11
2026-06-18 03:21,4326.3999,4327.6001,4326.3999,4327.3999,34
2026-06-18 03:22,4325.7002,4327.2002,4325.5,4326.7998,51
2026-06-18 03:23,4329.1001,4329.2002,4326.3999,4326.3999,90
2026-06-18 03:24,4325.0,4329.1001,4324.6001,4329.1001,159
2026-06-18 03:25,4324.7998,4325.2998,4323.7998,4324.6001,64
2026-06-18 03:26,4326.3999,4326.3999,4325.5,4325.5,42
2026-06-18 03:27,4326.1001,4326.1001,4324.7998,4325.8999,35
2026-06-18 03:28,4326.1001,4326.5,4326.0,4326.1001,22
2026-06-18 03:29,4327.6001,4328.0,4325.8999,4325.8999,35
2026-06-18 03:30,4324.2998,4327.2002,4324.0,4327.2002,78
2026-06-18 03:31,4322.5,4324.3999,4320.7998,4324.2998,156
2026-06-18 03:32,4320.6001,4322.8999,4320.6001,4322.2998,89
2026-06-18 03:33,4318.2002,4321.2998,4315.3999,4320.5,211
2026-06-18 03:34,4318.0,4319.2998,4316.5,4318.6001,79
2026-06-18 03:35,4314.3999,4319.2002,4313.7002,4318.5,211
2026-06-18 03:36,4316.0,4316.6001,4313.6001,4314.6001,78
2026-06-18 03:37,4316.2998,4316.7002,4315.0,4316.5,38
2026-06-18 03:38,4315.7002,4316.1001,4315.2002,4315.5,23
2026-06-18 03:39,4314.2002,4315.6001,4313.2998,4315.6001,97
2026-06-18 03:40,4313.5,4314.7002,4312.7998,4314.2998,57
2026-06-18 03:41,4316.6001,4316.6001,4314.2002,4314.2002,50
2026-06-18 03:42,4314.8999,4316.2998,4313.5,4316.2998,28
2026-06-18 03:43,4316.3999,4316.7998,4315.1001,4315.1001,38
2026-06-18 03:44,4317.2998,4317.7998,4316.7998,4316.7998,25
2026-06-18 03:45,4317.6001,4318.5,4316.7998,4317.8999,53
2026-06-18 03:46,4316.8999,4317.8999,4316.2998,4317.8999,15
2026-06-18 03:47,4316.3999,4317.7002,4315.8999,4317.2998,28
2026-06-18 03:48,4315.2998,4317.0,4314.8999,4316.7002,51
2026-06-18 03:49,4314.7002,4316.8999,4314.7002,4315.8999,37
2026-06-18 03:50,4315.8999,4315.8999,4314.0,4314.8999,51
2026-06-18 03:51,4314.0,4316.1001,4313.3999,4316.1001,52
2026-06-18 03:52,4314.2002,4315.3999,4314.0,4314.3999,47
2026-06-18 03:53,4312.0,4313.7998,4311.7002,4313.7998,87
2026-06-18 03:54,4311.7002,4312.6001,4311.0,4312.2002,78
2026-06-18 03:55,4312.8999,4312.8999,4310.7002,4311.8999,59
2026-06-18 03:56,4312.6001,4313.2998,4312.0,4312.7998,43
2026-06-18 03:57,4308.5,4312.3999,4308.2002,4312.3999,195
2026-06-18 03:58,4307.7002,4308.8999,4307.2002,4308.2002,82
2026-06-18 03:59,4308.3999,4308.5,4307.1001,4307.7002,99
2026-06-18 04:00,4305.7002,4308.6001,4305.1001,4308.6001,130
2026-06-18 04:01,4308.8999,4309.7002,4305.7998,4306.2002,124
2026-06-18 04:02,4311.6001,4312.1001,4307.8999,4309.5,165
2026-06-18 04:03,4307.6001,4311.7998,4307.2002,4311.7998,125
2026-06-18 04:04,4309.7998,4309.7998,4306.8999,4307.7998,79
2026-06-18 04:05,4311.6001,4312.5,4309.7998,4309.7998,73
2026-06-18 04:06,4310.0,4311.2998,4308.3999,4311.2998,48
2026-06-18 04:07,4312.2998,4312.2998,4309.5,4309.8999,44
2026-06-18 04:08,4310.2002,4312.6001,4310.2002,4312.2998,58
2026-06-18 04:09,4310.8999,4311.7998,4309.6001,4310.5,30
2026-06-18 04:10,4310.7998,4311.2998,4310.2998,4310.8999,27
2026-06-18 04:11,4309.3999,4310.5,4309.0,4309.7002,33
2026-06-18 04:12,4309.2998,4309.7002,4308.2998,4309.3999,41
2026-06-18 04:13,4306.1001,4308.6001,4305.6001,4308.3999,81
2026-06-18 04:14,4306.7002,4307.1001,4303.5,4306.1001,162
2026-06-18 04:15,4306.8999,4307.7002,4306.1001,4306.3999,41
2026-06-18 04:16,4307.1001,4309.0,4306.7002,4306.7002,84
2026-06-18 04:17,4309.0,4309.7002,4307.1001,4307.5,40
2026-06-18 04:18,4305.8999,4308.7998,4305.6001,4308.7998,35
2026-06-18 04:19,4307.2002,4308.0,4305.2998,4305.5,66
2026-06-18 04:20,4308.0,4308.1001,4307.2002,4307.7002,15
2026-06-18 04:21,4306.5,4308.2998,4306.3999,4308.2998,43
2026-06-18 04:22,4306.7002,4307.2002,4305.1001,4306.6001,36
2026-06-18 04:23,4307.5,4307.6001,4306.6001,4307.2998,30
2026-06-18 04:24,4305.8999,4307.6001,4305.8999,4307.6001,22
2026-06-18 04:25,4306.7998,4307.8999,4306.5,4306.7998,39
2026-06-18 04:26,4306.6001,4307.3999,4306.1001,4306.2002,28
2026-06-18 04:27,4304.0,4306.7002,4304.0,4306.2998,49
2026-06-18 04:28,4305.6001,4306.2998,4303.8999,4303.8999,110
2026-06-18 04:29,4304.1001,4306.0,4302.6001,4306.0,102
2026-06-18 04:30,4304.3999,4305.0,4303.7998,4304.1001,72
2026-06-18 04:31,4303.5,4305.2002,4302.2998,4304.1001,198
2026-06-18 04:32,4308.0,4309.0,4303.1001,4303.2002,139
2026-06-18 04:33,4307.2998,4307.8999,4306.3999,4307.7998,113
2026-06-18 04:34,4304.7998,4307.3999,4304.7998,4307.3999,34
2026-06-18 04:35,4302.5,4304.6001,4300.1001,4304.6001,204
2026-06-18 04:36,4304.0,4304.2998,4302.6001,4302.6001,70
2026-06-18 04:37,4303.7998,4304.3999,4303.2002,4303.8999,35
2026-06-18 04:38,4306.7998,4307.6001,4304.2998,4304.2998,60
2026-06-18 04:39,4304.8999,4307.0,4304.0,4306.3999,59
2026-06-18 04:40,4303.0,4304.6001,4301.3999,4304.6001,95
2026-06-18 04:41,4303.7002,4303.8999,4302.6001,4303.3999,59
2026-06-18 04:42,4305.1001,4305.2998,4304.2998,4304.3999,39
2026-06-18 04:43,4301.7002,4305.0,4301.2998,4305.0,152
2026-06-18 04:44,4300.7002,4302.3999,4300.1001,4301.7002,112
2026-06-18 04:45,4298.5,4300.8999,4298.2002,4300.7998,265
2026-06-18 04:46,4298.1001,4299.2998,4296.5,4298.2002,159
2026-06-18 04:47,4299.1001,4300.2002,4297.8999,4297.8999,122
2026-06-18 04:48,4299.2002,4300.2998,4296.2998,4299.2998,97
2026-06-18 04:49,4298.3999,4299.2002,4297.7998,4298.6001,63
2026-06-18 04:50,4296.2002,4298.6001,4296.1001,4298.5,39
2026-06-18 04:51,4296.3999,4297.0,4295.3999,4296.3999,77
2026-06-18 04:52,4294.2998,4296.2998,4293.8999,4296.2002,96
2026-06-18 04:53,4294.5,4295.5,4292.7998,4294.6001,140
2026-06-18 04:54,4296.6001,4297.2002,4294.1001,4294.2002,75
2026-06-18 04:55,4294.8999,4296.6001,4293.2002,4296.2002,89
2026-06-18 04:56,4288.6001,4294.7002,4288.6001,4294.6001,162
2026-06-18 04:57,4287.1001,4290.0,4286.0,4288.8999,270
2026-06-18 04:58,4285.0,4288.0,4284.6001,4287.2002,143
2026-06-18 04:59,4285.8999,4287.5,4284.7002,4285.2998,123
2026-06-18 05:00,4282.0,4286.7002,4280.3999,4286.0,260
2026-06-18 05:01,4285.5,4286.2002,4281.1001,4282.2002,207
2026-06-18 05:02,4286.1001,4287.2002,4284.5,4285.5,125
2026-06-18 05:03,4287.5,4288.3999,4283.7002,4285.2002,173
2026-06-18 05:04,4287.8999,4288.5,4287.1001,4287.1001,79
2026-06-18 05:05,4287.6001,4287.8999,4285.5,4287.7002,96
2026-06-18 05:06,4286.2998,4287.8999,4285.6001,4287.7998,106
2026-06-18 05:07,4285.2998,4287.3999,4284.8999,4286.2998,69
2026-06-18 05:08,4285.2998,4285.5,4284.3999,4285.0,38
2026-06-18 05:09,4285.2002,4288.2998,4285.2002,4285.7002,146
2026-06-18 05:10,4282.0,4284.6001,4280.0,4284.6001,201
2026-06-18 05:11,4280.2998,4282.6001,4280.0,4282.3999,157
2026-06-18 05:12,4281.7002,4281.7998,4278.6001,4280.2998,124
2026-06-18 05:13,4284.2998,4284.7002,4280.8999,4281.8999,105
2026-06-18 05:14,4286.2998,4286.7998,4283.7002,4284.7998,61
2026-06-18 05:15,4288.1001,4288.8999,4286.6001,4286.6001,54
2026-06-18 05:16,4286.7998,4287.7002,4285.5,4287.7002,49
2026-06-18 05:17,4290.2998,4290.2998,4287.2998,4287.2998,144
2026-06-18 05:18,4289.7998,4290.7002,4289.5,4290.0,104
2026-06-18 05:19,4291.6001,4291.8999,4289.1001,4289.8999,92
2026-06-18 05:20,4291.0,4292.5,4290.2002,4291.3999,74
2026-06-18 05:21,4289.2998,4291.3999,4288.5,4290.8999,159
2026-06-18 05:22,4289.5,4290.1001,4289.3999,4289.5,40
2026-06-18 05:23,4287.7998,4289.5,4287.3999,4289.2998,43
2026-06-18 05:24,4286.5,4288.0,4286.2002,4288.0,43
2026-06-18 05:25,4288.1001,4288.1001,4286.2998,4286.2998,81
2026-06-18 05:26,4288.2002,4289.0,4287.5,4287.8999,56
2026-06-18 05:27,4288.2998,4288.3999,4285.7002,4287.5,162
2026-06-18 05:28,4285.6001,4288.2998,4285.6001,4288.2002,123
2026-06-18 05:29,4285.3999,4286.6001,4284.3999,4285.6001,177
2026-06-18 05:30,4285.0,4287.2002,4283.8999,4285.2002,355
2026-06-18 05:31,4284.6001,4285.3999,4284.0,4284.7998,174
2026-06-18 05:32,4286.5,4286.6001,4284.2998,4284.7002,140
2026-06-18 05:33,4284.2002,4287.5,4283.7998,4286.6001,190
2026-06-18 05:34,4284.7998,4286.1001,4283.8999,4284.3999,68
2026-06-18 05:35,4285.1001,4285.7002,4283.7998,4284.2002,78
2026-06-18 05:36,4282.8999,4285.3999,4282.6001,4284.6001,108
2026-06-18 05:37,4286.1001,4286.1001,4283.2002,4283.2002,80
2026-06-18 05:38,4287.7002,4288.2002,4285.7002,4285.7002,90
2026-06-18 05:39,4286.2002,4288.1001,4286.2002,4287.7998,32
2026-06-18 05:40,4287.7002,4287.7002,4285.1001,4287.0,46
2026-06-18 05:41,4286.7002,4287.5,4286.0,4287.2998,21
2026-06-18 05:42,4286.3999,4286.5,4286.0,4286.5,15
2026-06-18 05:43,4287.0,4287.0,4286.0,4286.2998,67
2026-06-18 05:44,4287.7002,4287.7002,4286.2002,4287.0,42
2026-06-18 05:45,4289.1001,4289.3999,4287.6001,4287.6001,79
2026-06-18 05:46,4288.2002,4289.0,4287.8999,4288.6001,39
2026-06-18 05:47,4287.5,4288.2998,4287.5,4288.1001,33
2026-06-18 05:48,4286.6001,4287.7002,4286.6001,4287.3999,25
2026-06-18 05:49,4288.2998,4288.8999,4287.0,4287.0,47
2026-06-18 05:50,4290.1001,4290.2998,4287.7998,4288.6001,83
2026-06-18 05:51,4289.5,4290.2002,4289.1001,4290.2002,82
2026-06-18 05:52,4290.7998,4291.7002,4290.1001,4290.1001,59
2026-06-18 05:53,4291.7998,4292.6001,4290.8999,4290.8999,112
2026-06-18 05:54,4289.3999,4292.5,4289.3999,4292.1001,111
2026-06-18 05:55,4290.2002,4290.7002,4289.2002,4289.3999,73
2026-06-18 05:56,4289.0,4290.6001,4289.0,4290.2002,43
2026-06-18 05:57,4289.0,4289.5,4288.3999,4288.7002,153
2026-06-18 05:58,4289.2002,4289.7998,4288.6001,4288.6001,37
2026-06-18 05:59,4287.7002,4288.6001,4286.7002,4288.2998,65
2026-06-18 06:00,4286.5,4289.0,4286.0,4287.6001,87
2026-06-18 06:01,4286.2998,4287.5,4285.7002,4286.5,92
2026-06-18 06:02,4285.1001,4286.1001,4284.2002,4285.8999,70
2026-06-18 06:03,4286.2002,4286.2002,4284.2998,4285.1001,43
2026-06-18 06:04,4287.2998,4287.2998,4285.7002,4286.2998,39
2026-06-18 06:05,4287.1001,4288.7002,4286.3999,4287.2998,131
2026-06-18 06:06,4286.8999,4287.2998,4285.8999,4287.2002,26
2026-06-18 06:07,4284.7998,4287.1001,4284.3999,4287.0,51
2026-06-18 06:08,4283.8999,4286.0,4283.7998,4285.8999,89
2026-06-18 06:09,4283.1001,4284.2998,4281.3999,4284.1001,79
2026-06-18 06:10,4282.7002,4284.2002,4282.3999,4283.2002,39
2026-06-18 06:11,4282.0,4283.0,4280.5,4282.3999,123
2026-06-18 06:12,4281.2002,4282.3999,4280.7998,4281.6001,44
2026-06-18 06:13,4286.0,4286.3999,4281.2002,4281.2002,69
2026-06-18 06:14,4287.2002,4287.7002,4285.7998,4286.1001,152
2026-06-18 06:15,4287.6001,4288.2998,4287.1001,4287.1001,34
2026-06-18 06:16,4287.0,4289.2998,4287.0,4287.6001,57
2026-06-18 06:17,4287.0,4287.7998,4286.2998,4287.0,35
2026-06-18 06:18,4287.2998,4288.0,4286.1001,4287.7002,21
2026-06-18 06:19,4288.8999,4289.2002,4287.7998,4287.7998,39
2026-06-18 06:20,4289.7002,4291.8999,4287.8999,4288.6001,399
2026-06-18 06:21,4288.3999,4290.1001,4288.0,4289.7002,91
2026-06-18 06:22,4284.7998,4288.7002,4282.6001,4288.5,434
2026-06-18 06:23,4285.3999,4285.6001,4285.0,4285.2002,41
2026-06-18 06:24,4284.8999,4286.0,4284.6001,4286.0,25
2026-06-18 06:25,4285.7002,4285.7002,4284.2998,4284.6001,35
2026-06-18 06:26,4284.6001,4286.2002,4284.2998,4285.6001,62
2026-06-18 06:27,4283.5,4285.6001,4282.2002,4284.2998,221
2026-06-18 06:28,4286.2998,4286.7002,4283.2998,4283.2998,52
2026-06-18 06:29,4288.3999,4288.7002,4286.2002,4286.2002,68
2026-06-18 06:30,4287.0,4289.5,4287.0,4288.5,77
2026-06-18 06:31,4287.0,4287.2998,4286.7002,4287.2998,20
2026-06-18 06:32,4286.2002,4288.1001,4286.2002,4286.7002,109
2026-06-18 06:33,4284.0,4286.7002,4284.0,4286.1001,104
2026-06-18 06:34,4284.8999,4285.3999,4284.0,4284.1001,14
2026-06-18 06:35,4283.7998,4285.0,4283.7998,4284.7998,22
2026-06-18 06:36,4285.0,4285.0,4282.8999,4283.5,37
2026-06-18 06:37,4284.7002,4285.5,4284.1001,4284.6001,14
2026-06-18 06:38,4284.5,4284.7998,4283.5,4284.3999,26
2026-06-18 06:39,4285.7002,4285.8999,4284.5,4284.7998,39
2026-06-18 06:40,4285.7998,4286.2002,4285.3999,4285.3999,11
2026-06-18 06:41,4284.8999,4285.8999,4284.7002,4285.8999,10
2026-06-18 06:42,4284.7002,4285.2002,4283.5,4284.8999,53
2026-06-18 06:43,4283.7002,4284.3999,4283.7002,4284.2002,15
2026-06-18 06:44,4282.7998,4284.5,4282.1001,4284.1001,127
2026-06-18 06:45,4285.2002,4285.3999,4283.1001,4283.2002,58
2026-06-18 06:46,4284.8999,4285.5,4284.6001,4285.0,22
2026-06-18 06:47,4283.7998,4284.6001,4283.5,4284.6001,29
2026-06-18 06:48,4283.6001,4283.8999,4282.7998,4283.7002,21
2026-06-18 06:49,4281.2998,4284.0,4280.7002,4284.0,154
2026-06-18 06:50,4281.7002,4281.7002,4279.6001,4281.2002,87
2026-06-18 06:51,4280.3999,4281.7002,4279.7998,4281.2998,54
2026-06-18 06:52,4278.1001,4280.2002,4277.2998,4280.1001,144
2026-06-18 06:53,4279.2998,4279.6001,4277.7998,4278.5,47
2026-06-18 06:54,4280.0,4280.2002,4278.2002,4279.1001,30
2026-06-18 06:55,4279.0,4279.5,4276.6001,4279.5,106
2026-06-18 06:56,4275.7998,4278.8999,4274.5,4278.7998,177
2026-06-18 06:57,4273.3999,4277.0,4273.2002,4276.0,85
2026-06-18 06:58,4274.0,4274.5,4273.5,4273.7998,55
2026-06-18 06:59,4273.8999,4274.6001,4273.7002,4274.2998,46
2026-06-18 07:00,4272.2998,4274.2002,4271.2998,4274.2002,209
2026-06-18 07:01,4271.0,4272.8999,4268.2998,4272.5,533
2026-06-18 07:02,4270.0,4271.6001,4269.6001,4271.1001,91
2026-06-18 07:03,4271.6001,4271.6001,4268.7998,4269.7998,82
2026-06-18 07:04,4271.0,4272.6001,4270.5,4270.7002,51
2026-06-18 07:05,4270.1001,4270.5,4269.1001,4270.1001,53
2026-06-18 07:06,4268.7002,4271.5,4268.7002,4269.8999,70
2026-06-18 07:07,4269.5,4269.5,4266.6001,4268.7998,181
2026-06-18 07:08,4269.8999,4270.0,4268.2998,4268.7002,31
2026-06-18 07:09,4266.6001,4270.2998,4265.3999,4269.5,152
2026-06-18 07:10,4262.1001,4267.2998,4261.6001,4267.0,314
2026-06-18 07:11,4261.8999,4262.7998,4259.6001,4262.1001,262
2026-06-18 07:12,4261.5,4262.1001,4258.6001,4262.0,237
2026-06-18 07:13,4262.2998,4262.5,4260.2002,4261.7998,149
2026-06-18 07:14,4266.1001,4266.3999,4260.7998,4261.6001,188
2026-06-18 07:15,4266.6001,4266.7998,4265.0,4265.7998,210
2026-06-18 07:16,4267.7998,4268.6001,4266.7002,4266.7998,156
2026-06-18 07:17,4265.5,4268.0,4265.3999,4267.7002,159
2026-06-18 07:18,4265.1001,4266.1001,4264.7002,4265.3999,143
2026-06-18 07:19,4264.1001,4265.7002,4262.2002,4264.7002,102
2026-06-18 07:20,4263.0,4265.1001,4262.8999,4263.8999,52
2026-06-18 07:21,4264.7002,4264.7002,4262.7002,4262.8999,51
2026-06-18 07:22,4266.0,4266.6001,4264.3999,4264.7998,73
2026-06-18 07:23,4265.7998,4267.7002,4265.3999,4266.0,58
2026-06-18 07:24,4266.5,4266.7002,4265.5,4266.0,49
2026-06-18 07:25,4266.0,4266.6001,4264.3999,4266.6001,70
2026-06-18 07:26,4267.3999,4267.7002,4265.3999,4266.0,88
2026-06-18 07:27,4265.6001,4267.7002,4265.0,4267.7002,64
2026-06-18 07:28,4268.3999,4268.7002,4265.0,4265.7002,147
2026-06-18 07:29,4268.0,4269.1001,4267.5,4268.1001,41
2026-06-18 07:30,4266.2998,4268.1001,4266.1001,4267.8999,57
2026-06-18 07:31,4266.7002,4267.3999,4266.0,4266.7998,35
2026-06-18 07:32,4266.2002,4267.5,4266.2002,4267.0,24
2026-06-18 07:33,4266.2998,4266.8999,4266.0,4266.1001,20
2026-06-18 07:34,4267.3999,4267.8999,4266.2002,4266.2002,35
2026-06-18 07:35,4268.0,4269.7002,4267.3999,4267.3999,158
2026-06-18 07:36,4267.5,4269.0,4267.1001,4268.1001,141
2026-06-18 07:37,4264.0,4267.3999,4262.5,4267.3999,502
2026-06-18 07:38,4262.3999,4265.7998,4261.6001,4263.6001,145
2026-06-18 07:39,4261.6001,4264.7002,4261.0,4263.0,85
2026-06-18 07:40,4263.2002,4263.3999,4261.0,4261.3999,79
2026-06-18 07:41,4263.1001,4264.1001,4262.0,4263.0,45
2026-06-18 07:42,4262.6001,4263.7998,4262.2998,4263.3999,23
2026-06-18 07:43,4262.0,4262.6001,4261.0,4262.3999,138
2026-06-18 07:44,4262.6001,4264.7998,4261.8999,4262.0,51
2026-06-18 07:45,4264.0,4264.5,4262.7002,4262.7002,38
2026-06-18 07:46,4262.7002,4264.3999,4261.3999,4264.3999,72
2026-06-18 07:47,4261.2998,4263.0,4261.2998,4262.2998,53
2026-06-18 07:48,4261.2002,4262.6001,4261.2002,4261.6001,61
2026-06-18 07:49,4260.2998,4262.5,4260.0,4261.2002,332
2026-06-18 07:50,4259.5,4260.8999,4257.8999,4260.1001,408
2026-06-18 07:51,4259.7002,4260.5,4258.3999,4259.7998,141
2026-06-18 07:52,4262.0,4262.2998,4258.5,4259.7002,147
2026-06-18 07:53,4262.2998,4264.7002,4261.6001,4262.2002,145
2026-06-18 07:54,4261.6001,4262.8999,4260.2002,4262.8999,109
2026-06-18 07:55,4259.0,4260.8999,4258.5,4260.8999,59
2026-06-18 07:56,4260.0,4260.0,4259.1001,4259.5,38
2026-06-18 07:57,4259.7998,4261.7998,4259.3999,4260.7002,41
2026-06-18 07:58,4260.0,4260.0,4258.7002,4259.2998,73
2026-06-18 07:59,4260.6001,4261.1001,4259.6001,4260.2998,58
2026-06-18 08:00,4262.7998,4264.0,4260.3999,4260.5,113
2026-06-18 08:01,4262.2998,4262.6001,4260.1001,4262.6001,96
2026-06-18 08:02,4261.7998,4262.8999,4260.5,4262.5,55
2026-06-18 08:03,4262.0,4264.2998,4261.1001,4261.3999,122
2026-06-18 08:04,4262.0,4262.5,4260.1001,4262.1001,93
2026-06-18 08:05,4260.6001,4262.2002,4260.2998,4262.2002,32
2026-06-18 08:06,4260.7998,4261.3999,4259.0,4260.8999,53
2026-06-18 08:07,4261.8999,4262.5,4260.7002,4260.7002,39
2026-06-18 08:08,4261.2002,4263.0,4261.1001,4261.8999,31
2026-06-18 08:09,4262.8999,4263.7998,4260.8999,4261.2002,134
2026-06-18 08:10,4266.0,4267.0,4262.0,4262.7998,257
2026-06-18 08:11,4269.3999,4270.5,4265.7002,4265.7002,349
2026-06-18 08:12,4273.2998,4273.2998,4268.7998,4269.3999,365
2026-06-18 08:13,4277.0,4277.1001,4272.5,4273.1001,427
2026-06-18 08:14,4275.2998,4277.1001,4275.1001,4276.3999,138
2026-06-18 08:15,4277.7002,4278.7998,4274.7002,4275.7002,189
2026-06-18 08:16,4274.7998,4278.2998,4274.1001,4278.1001,218
2026-06-18 08:17,4277.0,4277.7998,4274.6001,4274.7002,124
2026-06-18 08:18,4278.8999,4279.7998,4275.8999,4276.5,101
2026-06-18 08:19,4279.5,4279.5,4277.2002,4278.7002,96
2026-06-18 08:20,4281.2998,4283.6001,4279.0,4279.2998,525
2026-06-18 08:21,4286.7998,4287.0,4280.0,4281.0,398
2026-06-18 08:22,4283.7002,4288.6001,4283.5,4287.1001,278
2026-06-18 08:23,4283.7998,4285.2002,4281.7998,4284.1001,203
2026-06-18 08:24,4282.2998,4285.1001,4281.7002,4284.0,171
2026-06-18 08:25,4279.7998,4284.7002,4279.7002,4282.5,287
2026-06-18 08:26,4275.8999,4280.3999,4275.6001,4280.1001,429
2026-06-18 08:27,4273.7002,4277.2998,4273.2998,4276.2998,282
2026-06-18 08:28,4274.7998,4275.7002,4273.2002,4273.2998,144
2026-06-18 08:29,4273.8999,4275.3999,4273.8999,4275.0,50
2026-06-18 08:30,4274.5,4275.5,4268.1001,4273.8999,182
2026-06-18 08:31,4276.5,4277.6001,4273.7998,4274.2002,132
2026-06-18 08:32,4276.2998,4277.1001,4274.5,4276.1001,157
2026-06-18 08:33,4270.0,4276.8999,4269.7998,4276.6001,291
2026-06-18 08:34,4268.7998,4270.5,4267.7998,4270.1001,254
2026-06-18 08:35,4270.0,4270.0,4268.0,4268.7002,117
2026-06-18 08:36,4269.0,4271.1001,4268.7002,4269.7002,101
2026-06-18 08:37,4269.5,4270.2998,4268.0,4269.1001,148
2026-06-18 08:38,4267.6001,4271.0,4266.7002,4269.7998,159
2026-06-18 08:39,4261.2998,4268.1001,4260.3999,4268.1001,560
2026-06-18 08:40,4263.8999,4263.8999,4259.7002,4261.0,283
2026-06-18 08:41,4266.1001,4266.3999,4263.1001,4263.3999,153
2026-06-18 08:42,4268.1001,4270.3999,4265.7002,4266.0,245
2026-06-18 08:43,4265.6001,4268.2998,4263.3999,4268.2002,220
2026-06-18 08:44,4261.7998,4265.7998,4261.2998,4265.5,112
2026-06-18 08:45,4264.6001,4265.7998,4261.8999,4261.8999,164
2026-06-18 08:46,4264.8999,4266.5,4262.0,4263.3999,165
2026-06-18 08:47,4263.2998,4265.0,4263.0,4264.2998,71
2026-06-18 08:48,4262.7002,4264.6001,4261.7998,4263.6001,108
2026-06-18 08:49,4263.5,4263.5,4261.0,4262.7002,171
2026-06-18 08:50,4261.3999,4263.6001,4260.0,4263.0,244
2026-06-18 08:51,4263.8999,4264.3999,4261.1001,4261.3999,133
2026-06-18 08:52,4261.7998,4264.1001,4259.7002,4264.0,167
2026-06-18 08:53,4260.7998,4262.2998,4259.6001,4262.1001,92
2026-06-18 08:54,4262.2998,4262.5,4259.2002,4260.2002,150
2026-06-18 08:55,4262.3999,4264.2998,4262.3999,4263.0,111
2026-06-18 08:56,4261.1001,4262.7998,4259.6001,4262.2998,97
2026-06-18 08:57,4265.5,4266.7998,4261.2998,4261.2998,362
2026-06-18 08:58,4264.5,4266.8999,4264.3999,4265.5,132
2026-06-18 08:59,4265.1001,4266.7998,4264.3999,4264.3999,99
2026-06-18 09:00,4266.2002,4268.0,4264.6001,4265.0,193
2026-06-18 09:01,4264.3999,4265.8999,4263.5,4265.8999,103
2026-06-18 09:02,4264.5,4265.7998,4263.5,4265.0,72
2026-06-18 09:03,4265.1001,4267.7998,4264.2998,4264.3999,145
2026-06-18 09:04,4265.3999,4266.0,4263.6001,4265.1001,97
2026-06-18 09:05,4267.3999,4267.7998,4264.3999,4265.0,67
2026-06-18 09:06,4268.2998,4268.6001,4266.7998,4267.2002,200
2026-06-18 09:07,4268.2998,4269.7998,4267.3999,4268.3999,133
2026-06-18 09:08,4270.1001,4270.6001,4268.2002,4268.2002,108
2026-06-18 09:09,4270.6001,4272.6001,4269.5,4269.7998,147
2026-06-18 09:10,4272.7998,4272.8999,4270.2998,4270.7002,156
2026-06-18 09:11,4275.3999,4275.5,4272.7002,4272.8999,155
2026-06-18 09:12,4275.6001,4276.0,4274.0,4275.5,68
2026-06-18 09:13,4277.5,4277.7998,4275.0,4275.5,96
2026-06-18 09:14,4278.2002,4278.2002,4276.3999,4277.2002,102
2026-06-18 09:15,4277.3999,4280.0,4276.3999,4278.2998,209
2026-06-18 09:16,4277.5,4279.1001,4277.0,4277.2002,99
2026-06-18 09:17,4278.6001,4279.2002,4277.2998,4277.7002,140
2026-06-18 09:18,4279.7998,4280.6001,4278.1001,4279.3999,85
2026-06-18 09:19,4277.5,4279.7002,4277.2002,4279.5,67
2026-06-18 09:20,4273.5,4277.7002,4273.2002,4277.6001,257
2026-06-18 09:21,4271.8999,4273.8999,4271.6001,4273.3999,211
2026-06-18 09:22,4273.3999,4273.6001,4272.2998,4272.3999,42
2026-06-18 09:23,4276.5,4276.5,4272.7998,4273.3999,70
2026-06-18 09:24,4276.3999,4277.5,4275.2998,4276.5,85
2026-06-18 09:25,4277.8999,4279.0,4276.6001,4276.7998,218
2026-06-18 09:26,4279.1001,4280.3999,4277.3999,4277.8999,130
2026-06-18 09:27,4280.5,4281.0,4278.7002,4279.2002,61
2026-06-18 09:28,4281.1001,4281.6001,4279.6001,4280.5,141
2026-06-18 09:29,4282.1001,4282.5,4280.5,4280.7998,165
2026-06-18 09:30,4288.6001,4289.2002,4281.8999,4282.0,749
2026-06-18 09:31,4293.5,4294.1001,4287.2998,4288.2002,509
2026-06-18 09:32,4293.6001,4295.6001,4291.5,4293.7998,409
2026-06-18 09:33,4287.7998,4296.2002,4287.7998,4293.8999,343
2026-06-18 09:34,4291.5,4293.2002,4287.7998,4288.1001,240
2026-06-18 09:35,4288.2002,4292.5,4288.2002,4291.5,343
2026-06-18 09:36,4288.5,4290.7002,4288.1001,4288.8999,310
2026-06-18 09:37,4289.0,4290.8999,4287.8999,4288.3999,176
2026-06-18 09:38,4291.2002,4291.8999,4288.0,4289.0,259
2026-06-18 09:39,4292.0,4293.5,4289.0,4290.8999,200
2026-06-18 09:40,4286.5,4291.6001,4285.8999,4291.5,216
2026-06-18 09:41,4288.2998,4289.0,4285.7998,4286.3999,132
2026-06-18 09:42,4287.7998,4288.7998,4287.0,4288.2002,94
2026-06-18 09:43,4283.5,4288.1001,4282.5,4288.0,222
2026-06-18 09:44,4283.6001,4285.5,4282.7002,4283.5,207
2026-06-18 09:45,4280.2002,4284.6001,4278.6001,4283.7998,317
2026-06-18 09:46,4277.5,4281.2002,4277.2002,4280.5,198
2026-06-18 09:47,4273.8999,4278.7002,4272.7998,4277.5,287
2026-06-18 09:48,4273.7002,4275.7998,4273.5,4274.2998,164
2026-06-18 09:49,4279.5,4279.7998,4272.2002,4273.3999,202
2026-06-18 09:50,4279.8999,4280.8999,4278.1001,4279.5,138
2026-06-18 09:51,4280.1001,4281.8999,4278.1001,4279.8999,177
2026-06-18 09:52,4278.6001,4279.7002,4275.8999,4279.7002,190
2026-06-18 09:53,4281.5,4282.7998,4278.5,4278.5,120
2026-06-18 09:54,4280.2998,4281.6001,4279.2002,4281.1001,97
2026-06-18 09:55,4272.8999,4280.7998,4272.6001,4280.6001,183
2026-06-18 09:56,4273.8999,4274.2998,4271.0,4273.6001,159
2026-06-18 09:57,4271.2002,4274.2998,4269.8999,4273.6001,211
2026-06-18 09:58,4272.0,4272.6001,4269.7998,4271.2998,352
2026-06-18 09:59,4275.5,4275.7002,4271.0,4271.7002,122
2026-06-18 10:00,4268.3999,4277.2998,4267.7998,4275.2998,677
2026-06-18 10:01,4262.2002,4269.1001,4260.0,4269.1001,861
2026-06-18 10:02,4261.6001,4265.5,4260.7002,4262.7998,348
2026-06-18 10:03,4262.7998,4265.0,4260.5,4261.3999,257
2026-06-18 10:04,4266.7998,4267.2998,4257.2002,4263.1001,1578
2026-06-18 10:05,4261.2998,4266.7998,4260.1001,4266.5,295
2026-06-18 10:06,4263.7998,4266.7002,4261.3999,4261.3999,303
2026-06-18 10:07,4264.5,4266.1001,4262.1001,4262.7998,159
2026-06-18 10:08,4259.5,4264.7998,4259.0,4264.7998,299
2026-06-18 10:09,4262.7002,4263.3999,4258.7998,4259.5,673
2026-06-18 10:10,4261.1001,4262.6001,4259.2002,4261.8999,156
2026-06-18 10:11,4259.8999,4263.5,4259.7998,4261.3999,107
2026-06-18 10:12,4260.6001,4261.7002,4259.7002,4259.8999,79
2026-06-18 10:13,4259.6001,4261.1001,4258.2998,4260.8999,169
2026-06-18 10:14,4260.2002,4261.5,4259.2002,4259.8999,250
2026-06-18 10:15,4256.2998,4260.2998,4255.0,4259.7002,996
2026-06-18 10:16,4263.7998,4264.6001,4255.8999,4256.3999,511
2026-06-18 10:17,4262.2998,4263.7998,4260.6001,4263.7002,206
2026-06-18 10:18,4265.1001,4266.0,4261.6001,4261.8999,271
2026-06-18 10:19,4268.5,4269.6001,4265.2002,4265.2002,244
2026-06-18 10:20,4267.8999,4268.7002,4265.2002,4268.5,154
2026-06-18 10:21,4268.1001,4268.5,4266.6001,4267.7002,106
2026-06-18 10:22,4268.1001,4271.2002,4267.2002,4267.6001,227
2026-06-18 10:23,4272.1001,4273.1001,4268.2998,4269.1001,242
2026-06-18 10:24,4272.0,4275.1001,4271.6001,4272.5,138
2026-06-18 10:25,4273.8999,4274.2998,4271.7998,4272.1001,113
2026-06-18 10:26,4270.2998,4274.6001,4269.6001,4274.0,211
2026-06-18 10:27,4271.2002,4272.5,4270.6001,4270.6001,98
2026-06-18 10:28,4269.2998,4271.8999,4268.5,4271.0,95
2026-06-18 10:29,4263.5,4270.0,4263.5,4269.3999,185
2026-06-18 10:30,4261.7998,4265.6001,4260.7998,4263.3999,228
2026-06-18 10:31,4265.2002,4265.7998,4261.3999,4261.8999,221
2026-06-18 10:32,4264.8999,4267.3999,4264.2998,4265.2998,120
2026-06-18 10:33,4266.0,4266.6001,4264.7998,4265.5,50
2026-06-18 10:34,4268.5,4269.0,4266.0,4266.5,91
2026-06-18 10:35,4268.3999,4269.7998,4267.0,4269.0,94
2026-06-18 10:36,4270.2998,4270.8999,4267.2998,4268.3999,133
2026-06-18 10:37,4270.0,4271.7002,4269.6001,4270.5,152
2026-06-18 10:38,4269.7002,4270.7002,4267.3999,4270.1001,237
2026-06-18 10:39,4270.6001,4271.0,4267.7002,4270.1001,136
2026-06-18 10:40,4265.7002,4270.7002,4265.7002,4270.7002,111
2026-06-18 10:41,4262.7002,4265.8999,4260.7002,4265.8999,232
2026-06-18 10:42,4263.2002,4263.7002,4261.8999,4263.0,127
2026-06-18 10:43,4262.0,4265.0,4260.2998,4263.7002,168
2026-06-18 10:44,4263.7998,4265.7998,4261.2002,4261.5,103
2026-06-18 10:45,4263.0,4265.0,4262.1001,4263.5,74
2026-06-18 10:46,4264.1001,4264.2998,4261.6001,4263.0,94
2026-06-18 10:47,4260.1001,4264.3999,4259.3999,4264.3999,197
2026-06-18 10:48,4262.8999,4263.6001,4258.8999,4259.7002,155
2026-06-18 10:49,4262.3999,4264.0,4260.5,4263.0,74
2026-06-18 10:50,4259.8999,4262.2998,4259.8999,4262.2998,98
2026-06-18 10:51,4263.3999,4263.3999,4259.2998,4260.1001,143
2026-06-18 10:52,4264.2998,4265.7002,4262.6001,4263.1001,136
2026-06-18 10:53,4264.7002,4264.7002,4262.7998,4264.2002,68
2026-06-18 10:54,4266.1001,4266.3999,4264.2002,4264.5,109
2026-06-18 10:55,4266.3999,4267.1001,4265.1001,4266.1001,120
2026-06-18 10:56,4266.0,4266.8999,4265.5,4266.1001,64
2026-06-18 10:57,4267.8999,4268.0,4265.8999,4266.2002,113
2026-06-18 10:58,4273.3999,4273.7002,4266.5,4268.2002,337
2026-06-18 10:59,4271.7002,4274.2998,4270.8999,4273.1001,316
2026-06-18 11:00,4273.3999,4274.0,4270.0,4271.8999,135
2026-06-18 11:01,4271.8999,4273.7002,4271.5,4272.7002,106
2026-06-18 11:02,4271.5,4273.0,4270.6001,4271.7998,122
2026-06-18 11:03,4269.3999,4272.7002,4269.2002,4271.6001,152
2026-06-18 11:04,4270.2998,4270.5,4267.5,4268.7998,69
2026-06-18 11:05,4268.7998,4271.1001,4268.6001,4270.1001,68
2026-06-18 11:06,4271.5,4271.7002,4268.8999,4268.8999,94
2026-06-18 11:07,4272.2002,4272.8999,4270.7998,4271.5,67
2026-06-18 11:08,4272.5,4273.2998,4271.0,4272.2002,62
2026-06-18 11:09,4272.7002,4274.2002,4272.1001,4272.2002,45
2026-06-18 11:10,4271.3999,4272.5,4270.0,4272.1001,47
2026-06-18 11:11,4271.5,4273.7998,4271.0,4271.2002,91
2026-06-18 11:12,4271.3999,4271.3999,4269.5,4270.7998,91
2026-06-18 11:13,4268.7002,4272.6001,4268.2002,4271.3999,130
2026-06-18 11:14,4266.2998,4270.2002,4265.5,4268.5,138
2026-06-18 11:15,4268.0,4268.0,4265.6001,4266.3999,135
2026-06-18 11:16,4266.1001,4268.3999,4265.2002,4268.2002,84
2026-06-18 11:17,4263.2998,4265.5,4263.0,4265.2998,85
2026-06-18 11:18,4259.7002,4264.3999,4258.2002,4263.3999,556
2026-06-18 11:19,4261.2002,4261.2998,4258.2998,4259.7998,320
2026-06-18 11:20,4263.3999,4263.7002,4260.7002,4261.2002,116
2026-06-18 11:21,4261.0,4263.1001,4260.8999,4262.5,101
2026-06-18 11:22,4260.7998,4261.1001,4259.6001,4261.1001,75
2026-06-18 11:23,4262.8999,4263.3999,4260.3999,4261.2998,179
2026-06-18 11:24,4259.2002,4262.8999,4258.3999,4262.3999,99
2026-06-18 11:25,4258.7998,4260.0,4258.1001,4259.8999,95
2026-06-18 11:26,4257.1001,4259.6001,4256.0,4259.3999,252
2026-06-18 11:27,4260.5,4261.2002,4256.6001,4257.2998,163
2026-06-18 11:28,4258.7002,4260.3999,4258.1001,4260.3999,66
2026-06-18 11:29,4254.8999,4259.6001,4253.2002,4259.0,355
2026-06-18 11:30,4253.0,4255.6001,4249.8999,4254.2002,619
2026-06-18 11:31,4250.0,4253.0,4250.0,4252.7002,198
2026-06-18 11:32,4248.1001,4252.8999,4247.2998,4250.8999,619
2026-06-18 11:33,4249.5,4249.5,4245.3999,4248.0,259
2026-06-18 11:34,4252.2002,4252.7002,4248.0,4249.0,264
2026-06-18 11:35,4252.8999,4253.2002,4249.0,4252.2002,152
2026-06-18 11:36,4248.2002,4252.8999,4248.0,4252.8999,128
2026-06-18 11:37,4247.2002,4249.6001,4246.8999,4248.2002,175
2026-06-18 11:38,4243.2002,4247.0,4242.6001,4247.0,257
2026-06-18 11:39,4245.7998,4246.7998,4243.0,4243.0,207
2026-06-18 11:40,4250.2998,4250.8999,4246.1001,4246.2002,169
2026-06-18 11:41,4252.3999,4254.5,4250.6001,4250.7002,252
2026-06-18 11:42,4251.6001,4253.2002,4250.7002,4251.2998,138
2026-06-18 11:43,4250.2998,4252.1001,4249.2998,4252.0,101
2026-06-18 11:44,4250.5,4251.6001,4250.0,4250.3999,76
2026-06-18 11:45,4249.1001,4250.3999,4247.7002,4250.2002,108
2026-06-18 11:46,4248.0,4250.6001,4247.0,4250.0,107
2026-06-18 11:47,4248.5,4248.7998,4247.0,4248.1001,50
2026-06-18 11:48,4248.5,4249.8999,4247.0,4248.6001,160
2026-06-18 11:49,4245.8999,4250.1001,4245.7002,4248.7002,173
2026-06-18 11:50,4244.5,4247.2002,4244.2002,4246.1001,130
2026-06-18 11:51,4244.0,4245.5,4243.3999,4244.2002,244
2026-06-18 11:52,4245.7002,4245.7998,4243.5,4244.3999,85
2026-06-18 11:53,4244.2998,4246.2002,4244.0,4245.7002,74
2026-06-18 11:54,4243.2998,4244.1001,4241.7002,4244.1001,212
2026-06-18 11:55,4246.8999,4247.0,4243.2998,4243.3999,239
2026-06-18 11:56,4248.3999,4249.0,4247.0,4247.5,158
2026-06-18 11:57,4248.2002,4249.2002,4247.0,4248.0,129
2026-06-18 11:58,4247.8999,4248.2998,4247.0,4248.1001,101
2026-06-18 11:59,4245.5,4247.8999,4245.2998,4247.8999,260
2026-06-18 12:00,4251.1001,4251.1001,4245.7002,4245.7998,160
2026-06-18 12:01,4248.7002,4251.0,4248.7002,4251.0,83
2026-06-18 12:02,4246.3999,4249.5,4246.3999,4248.5,160
2026-06-18 12:03,4246.2998,4246.6001,4245.0,4246.5,157
2026-06-18 12:04,4245.7998,4247.1001,4245.0,4246.1001,109
2026-06-18 12:05,4246.8999,4247.3999,4245.0,4245.7002,91
2026-06-18 12:06,4247.8999,4248.1001,4246.2998,4246.6001,83
2026-06-18 12:07,4249.2002,4249.3999,4245.0,4247.5,197
2026-06-18 12:08,4250.0,4251.8999,4249.2002,4249.2002,141
2026-06-18 12:09,4250.7998,4252.5,4250.1001,4250.1001,164
2026-06-18 12:10,4250.0,4251.6001,4248.6001,4251.6001,84
2026-06-18 12:11,4251.0,4252.3999,4249.6001,4250.2002,120
2026-06-18 12:12,4249.3999,4251.0,4249.0,4250.8999,113
2026-06-18 12:13,4248.5,4249.3999,4247.2002,4249.3999,137
2026-06-18 12:14,4246.6001,4248.8999,4246.5,4248.7998,84
2026-06-18 12:15,4245.7998,4247.8999,4245.5,4246.7998,86
2026-06-18 12:16,4244.7998,4245.6001,4244.0,4245.1001,228
2026-06-18 12:17,4244.8999,4245.2002,4244.0,4244.7002,189
2026-06-18 12:18,4244.0,4245.8999,4242.1001,4244.7998,251
2026-06-18 12:19,4242.5,4243.7998,4241.2998,4243.7998,377
2026-06-18 12:20,4243.2002,4245.0,4242.5,4242.6001,142
2026-06-18 12:21,4245.2998,4246.1001,4242.6001,4242.7002,56
2026-06-18 12:22,4242.1001,4245.7002,4241.7998,4245.3999,175
2026-06-18 12:23,4242.2002,4243.5,4241.6001,4242.0,106
2026-06-18 12:24,4241.7002,4243.6001,4241.2002,4242.5,241
2026-06-18 12:25,4242.7998,4243.2002,4241.3999,4241.3999,85
2026-06-18 12:26,4244.1001,4244.7002,4242.5,4243.1001,173
2026-06-18 12:27,4244.2002,4245.1001,4241.2998,4244.2998,107
2026-06-18 12:28,4244.2002,4245.2998,4243.7002,4244.3999,57
2026-06-18 12:29,4244.0,4245.2002,4243.2998,4244.2998,63
2026-06-18 12:30,4248.3999,4248.8999,4244.6001,4244.6001,247
2026-06-18 12:31,4246.1001,4248.6001,4245.7998,4247.6001,161
2026-06-18 12:32,4243.1001,4246.2998,4242.7002,4246.0,119
2026-06-18 12:33,4242.1001,4243.6001,4241.6001,4243.0,77
2026-06-18 12:34,4241.1001,4242.7002,4240.7998,4242.2998,85
2026-06-18 12:35,4240.2998,4242.2002,4240.2998,4241.1001,213
2026-06-18 12:36,4236.5,4240.7998,4234.2002,4240.7002,1367
2026-06-18 12:37,4238.8999,4239.7998,4235.7002,4236.2998,194
2026-06-18 12:38,4237.7002,4239.2002,4234.7002,4238.7002,224
2026-06-18 12:39,4242.3999,4242.6001,4237.2998,4237.7998,257
2026-06-18 12:40,4243.7002,4245.2002,4242.1001,4242.5,234
2026-06-18 12:41,4241.6001,4245.0,4241.3999,4243.7998,176
2026-06-18 12:42,4242.2002,4242.6001,4239.7002,4241.7002,123
2026-06-18 12:43,4243.1001,4243.8999,4242.0,4242.1001,110
2026-06-18 12:44,4241.2998,4243.7002,4240.7002,4242.6001,53
2026-06-18 12:45,4240.2998,4241.6001,4239.1001,4241.3999,115
2026-06-18 12:46,4239.2998,4240.2998,4238.2002,4239.8999,100
2026-06-18 12:47,4237.6001,4239.1001,4237.6001,4239.1001,96
2026-06-18 12:48,4237.7998,4238.2002,4236.8999,4238.2002,75
2026-06-18 12:49,4237.2998,4239.2998,4236.6001,4238.1001,131
2026-06-18 12:50,4236.0,4236.8999,4235.7998,4236.8999,62
2026-06-18 12:51,4235.0,4237.1001,4234.2998,4236.3999,97
2026-06-18 12:52,4235.7998,4236.1001,4233.0,4234.5,342
2026-06-18 12:53,4235.3999,4236.7002,4235.2002,4236.0,95
2026-06-18 12:54,4236.6001,4237.7998,4235.2002,4235.6001,95
2026-06-18 12:55,4234.3999,4236.7002,4233.3999,4236.7002,98
2026-06-18 12:56,4234.2002,4235.5,4233.2002,4234.7998,136
2026-06-18 12:57,4234.1001,4234.3999,4233.0,4234.2002,111
2026-06-18 12:58,4236.3999,4236.7002,4234.5,4234.5,106
2026-06-18 12:59,4238.7002,4238.7002,4236.5,4236.5,87
2026-06-18 13:00,4239.3999,4239.5,4237.7998,4238.7002,114
2026-06-18 13:01,4240.7998,4240.8999,4239.1001,4239.6001,83
2026-06-18 13:02,4242.7998,4242.7998,4241.1001,4241.2002,73
2026-06-18 13:03,4240.8999,4242.7002,4240.7998,4242.3999,59
2026-06-18 13:04,4243.0,4243.7002,4240.7002,4240.7998,66
2026-06-18 13:05,4244.7998,4245.0,4242.3999,4242.8999,122
2026-06-18 13:06,4245.0,4245.8999,4244.6001,4244.7998,138
2026-06-18 13:07,4245.6001,4245.6001,4244.2998,4245.0,70
2026-06-18 13:08,4244.7002,4245.7998,4244.6001,4245.6001,61
2026-06-18 13:09,4243.7998,4245.0,4243.7002,4244.6001,95
2026-06-18 13:10,4241.7998,4244.2998,4241.7998,4244.1001,84
2026-06-18 13:11,4242.5,4243.2002,4241.1001,4241.2002,359
2026-06-18 13:12,4246.8999,4247.5,4242.5,4242.7998,421
2026-06-18 13:13,4245.7002,4247.2998,4245.7002,4246.7998,80
2026-06-18 13:14,4247.2998,4247.2998,4245.2002,4245.5,106
2026-06-18 13:15,4246.8999,4249.6001,4246.2998,4246.7998,311
2026-06-18 13:16,4247.7998,4248.6001,4246.7998,4247.2998,56
2026-06-18 13:17,4250.0,4250.1001,4247.5,4248.0,116
2026-06-18 13:18,4249.7002,4250.6001,4249.2998,4250.1001,153
2026-06-18 13:19,4249.3999,4250.2998,4248.7998,4250.0,67
2026-06-18 13:20,4247.6001,4249.7002,4247.3999,4249.3999,152
2026-06-18 13:21,4247.7998,4249.0,4247.3999,4247.3999,251
2026-06-18 13:22,4247.1001,4248.1001,4246.2002,4248.1001,140
2026-06-18 13:23,4249.3999,4250.2002,4246.7002,4247.2002,232
2026-06-18 13:24,4248.0,4250.8999,4248.0,4249.6001,178
2026-06-18 13:25,4246.7002,4248.0,4246.3999,4247.5,134
2026-06-18 13:26,4247.2998,4248.1001,4246.8999,4246.8999,109
2026-06-18 13:27,4246.2002,4247.2998,4245.2998,4247.1001,127
2026-06-18 13:28,4245.7002,4247.7998,4245.7002,4246.2998,135
2026-06-18 13:29,4245.2998,4247.2998,4244.7998,4245.7998,788
2026-06-18 13:30,4244.6001,4245.6001,4243.1001,4245.1001,229
2026-06-18 13:31,4244.8999,4245.7998,4244.5,4244.7002,64
2026-06-18 13:32,4246.2002,4246.2998,4244.2002,4244.5,166
2026-06-18 13:33,4244.1001,4247.1001,4244.1001,4245.8999,158
2026-06-18 13:34,4242.3999,4244.8999,4242.3999,4244.2998,113
2026-06-18 13:35,4241.8999,4243.7002,4241.7002,4242.0,116
2026-06-18 13:36,4242.8999,4243.1001,4241.6001,4241.7002,81
2026-06-18 13:37,4242.8999,4243.5,4241.5,4243.3999,50
2026-06-18 13:38,4244.0,4244.1001,4242.8999,4243.0,96
2026-06-18 13:39,4243.2002,4244.3999,4242.5,4244.1001,69
2026-06-18 13:40,4245.5,4245.5,4243.2998,4243.5,96
2026-06-18 13:41,4246.0,4246.5,4245.2998,4245.8999,101
2026-06-18 13:42,4246.0,4246.7998,4245.7998,4246.0,65
2026-06-18 13:43,4246.8999,4248.2002,4245.7002,4245.7002,62
2026-06-18 13:44,4249.3999,4249.3999,4246.6001,4246.6001,78
2026-06-18 13:45,4247.7002,4249.0,4247.3999,4249.0,61
2026-06-18 13:46,4248.2002,4248.2002,4246.2998,4247.2002,38
2026-06-18 13:47,4247.1001,4248.5,4246.7998,4248.3999,56
2026-06-18 13:48,4248.0,4248.2002,4247.2998,4247.5,34
2026-06-18 13:49,4247.7998,4248.5,4247.7998,4248.2998,23
2026-06-18 13:50,4250.2002,4250.6001,4248.0,4248.2002,119
2026-06-18 13:51,4249.1001,4250.2998,4249.1001,4250.2998,72
2026-06-18 13:52,4250.3999,4250.5,4249.0,4249.0,51
2026-06-18 13:53,4252.0,4252.0,4250.5,4250.6001,41
2026-06-18 13:54,4252.1001,4252.5,4251.2002,4252.0,87
2026-06-18 13:55,4250.6001,4251.2998,4250.6001,4251.2998,34
2026-06-18 13:56,4251.1001,4251.7002,4250.7998,4250.7998,29
2026-06-18 13:57,4250.3999,4251.6001,4249.7002,4251.5,101
2026-06-18 13:58,4250.2002,4251.1001,4249.5,4250.7998,45
2026-06-18 13:59,4249.5,4249.7998,4248.8999,4249.6001,39
2026-06-18 14:00,4247.2002,4249.5,4246.5,4249.2002,105
2026-06-18 14:01,4247.0,4247.5,4246.7002,4247.1001,32
2026-06-18 14:02,4248.0,4248.6001,4247.1001,4247.1001,49
2026-06-18 14:03,4246.3999,4248.1001,4246.2002,4247.8999,47
2026-06-18 14:04,4247.3999,4247.3999,4246.3999,4246.7998,20
2026-06-18 14:05,4249.2998,4249.7002,4247.7002,4247.7002,15
2026-06-18 14:06,4248.2998,4249.1001,4248.0,4249.1001,19
2026-06-18 14:07,4249.0,4249.7002,4247.7998,4247.8999,28
2026-06-18 14:08,4250.3999,4250.3999,4249.0,4249.0,29
2026-06-18 14:09,4250.8999,4251.1001,4249.8999,4250.0,39
2026-06-18 14:10,4251.1001,4252.1001,4250.6001,4250.8999,43
2026-06-18 14:11,4250.1001,4251.1001,4250.1001,4251.0,14
2026-06-18 14:12,4249.6001,4250.3999,4249.2002,4250.2002,23
2026-06-18 14:13,4248.3999,4249.7002,4248.2998,4249.3999,16
2026-06-18 14:14,4247.2998,4249.3999,4247.2998,4248.5,36
2026-06-18 14:15,4246.2998,4247.2002,4245.5,4247.2002,71
2026-06-18 14:16,4246.3999,4247.3999,4245.2002,4246.5,59
2026-06-18 14:17,4246.8999,4246.8999,4245.7002,4245.7002,8
2026-06-18 14:18,4248.3999,4248.3999,4246.7998,4246.7998,18
2026-06-18 14:19,4247.2998,4249.0,4247.2998,4248.7998,28
2026-06-18 14:20,4245.7002,4247.0,4245.5,4246.8999,27
2026-06-18 14:21,4246.2002,4246.7002,4245.2998,4246.0,23
2026-06-18 14:22,4247.1001,4247.8999,4245.7998,4245.8999,32
2026-06-18 14:23,4247.0,4247.1001,4246.3999,4246.8999,8
2026-06-18 14:24,4246.8999,4247.2002,4246.3999,4246.6001,11
2026-06-18 14:25,4248.2998,4248.2998,4246.7998,4247.0,39
2026-06-18 14:26,4246.6001,4248.1001,4246.5,4248.1001,15
2026-06-18 14:27,4247.8999,4248.2998,4246.2002,4246.2002,25
2026-06-18 14:28,4245.2998,4247.8999,4244.6001,4247.8999,45
2026-06-18 14:29,4245.2002,4245.6001,4244.3999,4245.1001,30
2026-06-18 14:30,4244.2002,4245.2002,4243.0,4245.1001,54
2026-06-18 14:31,4243.5,4244.2998,4242.6001,4244.2998,38
2026-06-18 14:32,4243.2002,4243.8999,4242.7998,4243.5,73
2026-06-18 14:33,4241.6001,4243.2002,4240.6001,4243.1001,308
2026-06-18 14:34,4241.6001,4242.7002,4241.0,4241.7998,148
2026-06-18 14:35,4241.2998,4242.2002,4241.2002,4242.1001,26
2026-06-18 14:36,4239.5,4241.3999,4239.5,4240.6001,46
2026-06-18 14:37,4240.7998,4241.2002,4239.8999,4239.8999,38
2026-06-18 14:38,4240.0,4241.2998,4240.0,4240.3999,45
2026-06-18 14:39,4240.0,4240.5,4239.5,4239.7998,34
2026-06-18 14:40,4240.3999,4241.0,4239.6001,4240.0,26
2026-06-18 14:41,4241.0,4241.2998,4240.3999,4240.7002,34
2026-06-18 14:42,4241.5,4242.0,4240.2998,4240.7002,54
2026-06-18 14:43,4243.0,4243.0,4241.2002,4241.7998,47
2026-06-18 14:44,4243.7998,4244.2002,4243.0,4243.0,41
2026-06-18 14:45,4243.7998,4244.1001,4243.3999,4243.7002,15
2026-06-18 14:46,4242.3999,4244.2002,4242.3999,4244.0,23
2026-06-18 14:47,4241.2998,4242.6001,4241.1001,4242.6001,28
2026-06-18 14:48,4240.6001,4241.7002,4240.2002,4240.8999,42
2026-06-18 14:49,4240.7998,4240.7998,4239.2998,4240.1001,318
2026-06-18 14:50,4239.0,4241.6001,4238.7998,4240.7002,78
2026-06-18 14:51,4238.5,4239.0,4238.0,4239.0,46
2026-06-18 14:52,4240.3999,4240.7002,4238.6001,4238.6001,39
2026-06-18 14:53,4240.3999,4240.7998,4240.2002,4240.5,21
2026-06-18 14:54,4239.8999,4240.6001,4239.8999,4240.2998,11
2026-06-18 14:55,4239.8999,4240.8999,4239.7998,4240.0,21
2026-06-18 14:56,4239.0,4239.8999,4238.8999,4239.8999,17
2026-06-18 14:57,4239.5,4240.7998,4239.2998,4239.3999,46
2026-06-18 14:58,4239.6001,4240.0,4239.3999,4239.3999,12
2026-06-18 14:59,4237.7002,4240.0,4237.3999,4239.8999,69
2026-06-18 15:00,4237.0,4238.3999,4236.6001,4237.8999,162
2026-06-18 15:01,4234.2002,4237.0,4234.1001,4237.0,137
2026-06-18 15:02,4232.0,4234.7998,4231.0,4234.5,173
2026-06-18 15:03,4231.8999,4233.1001,4231.0,4232.6001,100
2026-06-18 15:04,4231.8999,4233.2998,4231.2002,4231.7002,93
2026-06-18 15:05,4231.2998,4232.0,4230.1001,4231.7998,115
2026-06-18 15:06,4229.1001,4230.8999,4227.2002,4230.7998,230
2026-06-18 15:07,4227.7998,4230.5,4227.6001,4229.6001,144
2026-06-18 15:08,4228.0,4229.2002,4226.5,4228.1001,226
2026-06-18 15:09,4227.7002,4228.7998,4227.3999,4228.1001,47
2026-06-18 15:10,4227.0,4228.6001,4226.2002,4227.5,132
2026-06-18 15:11,4225.5,4227.2002,4224.1001,4226.7002,159
2026-06-18 15:12,4225.0,4225.3999,4223.1001,4225.2998,162
2026-06-18 15:13,4226.1001,4226.1001,4224.6001,4225.6001,93
2026-06-18 15:14,4226.7002,4228.6001,4226.3999,4226.5,69
2026-06-18 15:15,4226.2002,4227.5,4225.7002,4226.7002,30
2026-06-18 15:16,4223.6001,4227.2002,4223.3999,4225.7998,74
2026-06-18 15:17,4224.7002,4226.1001,4222.8999,4223.6001,192
2026-06-18 15:18,4221.5,4225.6001,4221.1001,4224.7998,346
2026-06-18 15:19,4224.0,4224.7002,4221.0,4221.2998,182
2026-06-18 15:20,4227.1001,4227.1001,4223.8999,4224.0,107
2026-06-18 15:21,4225.5,4227.1001,4224.6001,4226.7998,129
2026-06-18 15:22,4225.7998,4226.2002,4224.7998,4225.3999,46
2026-06-18 15:23,4225.3999,4226.0,4224.2998,4226.0,41
2026-06-18 15:24,4224.7002,4225.7002,4224.5,4225.5,28
2026-06-18 15:25,4225.0,4225.8999,4224.2998,4224.3999,35
2026-06-18 15:26,4225.6001,4226.5,4225.2998,4225.5,35
2026-06-18 15:27,4225.7998,4226.5,4225.7002,4226.2002,40
2026-06-18 15:28,4225.7998,4226.8999,4225.7002,4225.7002,51
2026-06-18 15:29,4224.1001,4226.3999,4224.0,4226.0,49
2026-06-18 15:30,4224.1001,4226.1001,4221.7998,4224.0,227
2026-06-18 15:31,4224.6001,4225.0,4223.7002,4224.0,63
2026-06-18 15:32,4222.1001,4224.7002,4220.2998,4224.2998,273
2026-06-18 15:33,4222.6001,4223.0,4221.3999,4222.0,44
2026-06-18 15:34,4222.3999,4223.2002,4221.7998,4222.6001,26
2026-06-18 15:35,4225.0,4225.7998,4222.0,4222.5,83
2026-06-18 15:36,4226.3999,4227.0,4225.0,4225.2998,68
2026-06-18 15:37,4226.8999,4227.8999,4225.7998,4226.6001,77
2026-06-18 15:38,4226.2002,4227.2002,4225.7998,4226.7998,47
2026-06-18 15:39,4229.2998,4229.2998,4226.2998,4226.2998,69
2026-06-18 15:40,4232.7998,4234.0,4229.0,4229.0,138
2026-06-18 15:41,4232.6001,4233.3999,4231.8999,4232.7998,47
2026-06-18 15:42,4232.0,4233.2002,4232.0,4232.7002,36
2026-06-18 15:43,4232.5,4232.7998,4230.2998,4231.0,46
2026-06-18 15:44,4233.3999,4233.7998,4232.5,4232.7002,73
2026-06-18 15:45,4232.8999,4234.0,4232.6001,4233.2998,61
2026-06-18 15:46,4233.7998,4233.8999,4232.6001,4232.7998,27
2026-06-18 15:47,4235.0,4235.7002,4234.0,4234.0,128
2026-06-18 15:48,4234.2002,4235.1001,4233.7002,4234.5,70
2026-06-18 15:49,4235.6001,4235.7998,4234.0,4234.0,74
2026-06-18 15:50,4235.5,4235.8999,4234.3999,4235.0,56
2026-06-18 15:51,4236.2998,4236.3999,4235.2998,4235.7002,77
2026-06-18 15:52,4236.2002,4236.6001,4234.8999,4236.2002,50
2026-06-18 15:53,4236.2002,4236.6001,4235.0,4236.5,40
2026-06-18 15:54,4236.1001,4236.8999,4235.6001,4235.8999,48
2026-06-18 15:55,4234.1001,4236.0,4233.2998,4236.0,231
2026-06-18 15:56,4234.8999,4235.2998,4233.8999,4234.2998,73
2026-06-18 15:57,4235.7998,4236.2002,4234.7998,4235.1001,48
2026-06-18 15:58,4236.7998,4236.7998,4234.7002,4235.7002,80
2026-06-18 15:59,4236.2002,4237.7002,4235.2002,4236.7998,218
2026-06-18 16:00,4234.2002,4237.2002,4234.2002,4236.2002,84
2026-06-18 16:01,4234.7998,4235.6001,4233.8999,4233.8999,40
2026-06-18 16:02,4235.0,4235.7998,4234.5,4234.6001,35
2026-06-18 16:03,4235.7002,4235.7002,4235.0,4235.0,14
2026-06-18 16:04,4236.0,4236.0,4235.2002,4235.2998,11
2026-06-18 16:05,4236.7002,4236.7002,4235.6001,4235.8999,9
2026-06-18 16:06,4235.7002,4236.3999,4235.2998,4236.3999,4
2026-06-18 16:07,4235.7998,4236.3999,4234.8999,4235.8999,24
2026-06-18 16:08,4234.8999,4235.2002,4234.5,4235.0,25
2026-06-18 16:09,4235.6001,4236.0,4234.5,4234.8999,22
2026-06-18 16:10,4235.8999,4236.2998,4235.2002,4235.2998,30
2026-06-18 16:11,4236.2002,4236.2002,4235.6001,4235.7998,18
2026-06-18 16:12,4236.1001,4236.5,4235.6001,4235.6001,19
2026-06-18 16:13,4236.2998,4236.6001,4236.2002,4236.2998,19
2026-06-18 16:14,4235.8999,4236.5,4235.8999,4236.5,6
2026-06-18 16:15,4234.0,4236.1001,4234.0,4236.1001,9
2026-06-18 16:16,4234.1001,4234.7002,4234.0,4234.3999,13
2026-06-18 16:17,4234.3999,4234.3999,4234.1001,4234.1001,7
2026-06-18 16:18,4235.7002,4235.7002,4234.3999,4234.7998,16
2026-06-18 16:19,4235.7002,4235.7002,4234.7002,4235.5,10
2026-06-18 16:20,4235.2998,4236.1001,4235.2998,4235.8999,28
2026-06-18 16:21,4235.1001,4235.3999,4234.7002,4235.0,15
2026-06-18 16:22,4234.7002,4235.2998,4234.6001,4235.1001,27
2026-06-18 16:23,4234.7002,4235.0,4234.7002,4234.8999,57
2026-06-18 16:24,4235.2002,4235.2002,4234.5,4234.5,7
2026-06-18 16:25,4235.2002,4235.3999,4234.5,4234.8999,13
2026-06-18 16:26,4235.7998,4235.7998,4235.0,4235.0,6
2026-06-18 16:27,4237.0,4237.0,4236.0,4236.0,26
2026-06-18 16:28,4238.2002,4238.7002,4237.3999,4237.3999,24
2026-06-18 16:29,4237.7002,4238.1001,4236.8999,4237.8999,29
2026-06-18 16:30,4236.6001,4237.8999,4236.6001,4237.8999,21
2026-06-18 16:31,4236.1001,4236.7002,4235.7998,4236.7002,19
2026-06-18 16:32,4235.8999,4236.0,4235.5,4235.8999,12
2026-06-18 16:33,4234.6001,4235.0,4234.2998,4235.0,46
2026-06-18 16:34,4235.2002,4235.6001,4234.7002,4234.7002,29
2026-06-18 16:35,4234.2002,4235.3999,4234.2002,4235.3999,18
2026-06-18 16:36,4234.2002,4234.2002,4233.0,4234.2002,44
2026-06-18 16:37,4237.6001,4237.6001,4234.0,4234.1001,44
2026-06-18 16:38,4234.0,4237.7002,4234.0,4237.3999,63
2026-06-18 16:39,4234.0,4234.0,4233.0,4233.7998,31
2026-06-18 16:40,4233.7998,4234.0,4233.2998,4233.6001,11
2026-06-18 16:41,4233.2998,4233.8999,4232.6001,4233.8999,16
2026-06-18 16:42,4233.5,4233.5,4232.7998,4232.7998,15
2026-06-18 16:43,4233.1001,4233.8999,4233.0,4233.6001,11
2026-06-18 16:44,4232.0,4233.0,4231.7998,4232.8999,32
2026-06-18 16:45,4231.5,4232.2998,4231.5,4232.1001,25
2026-06-18 16:46,4230.3999,4232.1001,4230.3999,4232.1001,33
2026-06-18 16:47,4230.2002,4230.8999,4229.7998,4230.2998,39
2026-06-18 16:48,4229.2998,4230.3999,4229.1001,4230.3999,57
2026-06-18 16:49,4228.7998,4229.7998,4228.7998,4229.6001,26
2026-06-18 16:50,4228.7002,4229.7998,4228.2998,4229.1001,55
2026-06-18 16:51,4229.3999,4229.7002,4228.3999,4228.3999,46
2026-06-18 16:52,4229.1001,4229.6001,4229.0,4229.2002,15
2026-06-18 16:53,4228.1001,4228.7002,4228.1001,4228.7002,9
2026-06-18 16:54,4228.7998,4229.1001,4228.3999,4228.3999,17
2026-06-18 16:55,4228.3999,4229.0,4228.1001,4228.6001,26
2026-06-18 16:56,4228.0,4228.5,4227.1001,4228.5,34
2026-06-18 16:57,4227.2002,4227.7002,4226.6001,4227.7002,94
2026-06-18 16:58,4228.1001,4228.1001,4226.7002,4227.2002,67
2026-06-18 16:59,4227.8999,4228.5,4227.8999,4228.2002,25
2026-06-18 18:00,4230.5,4231.2002,4226.6001,4231.2002,0
2026-06-18 18:01,4226.0,4231.3999,4226.0,4231.2002,75
2026-06-18 18:02,4226.7998,4227.7002,4225.7998,4225.7998,24
2026-06-18 18:03,4223.2998,4226.5,4221.3999,4226.5,35
2026-06-18 18:04,4223.6001,4224.8999,4223.2998,4224.6001,16
2026-06-18 18:05,4226.5,4226.5,4223.6001,4223.6001,20
2026-06-18 18:06,4225.2998,4226.5,4225.2998,4226.2998,17
2026-06-18 18:07,4224.2998,4225.2002,4224.2998,4224.8999,8
2026-06-18 18:08,4223.7002,4224.7002,4223.7002,4224.7002,22
2026-06-18 18:09,4225.1001,4225.1001,4224.3999,4224.6001,5
2026-06-18 18:10,4226.2998,4227.1001,4226.0,4226.0,9
2026-06-18 18:11,4226.8999,4226.8999,4226.8999,4226.8999,2
2026-06-18 18:12,4226.0,4226.0,4225.7998,4225.7998,4
2026-06-18 18:13,4227.1001,4227.1001,4226.7002,4226.8999,10
2026-06-18 18:14,4226.6001,4226.6001,4226.6001,4226.6001,1
2026-06-18 18:15,4228.1001,4229.0,4226.7002,4226.8999,35
2026-06-18 18:16,4226.2998,4227.8999,4226.2998,4227.7998,14
2026-06-18 18:17,4226.7002,4226.7998,4226.2002,4226.2002,19
2026-06-18 18:18,4224.7998,4226.3999,4224.7998,4226.2998,20
2026-06-18 18:19,4224.5,4224.8999,4223.5,4224.2998,18
2026-06-18 18:20,4223.3999,4224.2002,4223.0,4224.2002,20
2026-06-18 18:21,4222.8999,4223.7002,4222.7998,4223.3999,12
2026-06-18 18:22,4221.6001,4222.8999,4221.6001,4222.8999,23
2026-06-18 18:23,4221.3999,4222.1001,4221.2998,4222.0,23
2026-06-18 18:24,4221.5,4222.1001,4221.2998,4221.7002,6
2026-06-18 18:25,4224.3999,4224.3999,4222.0,4222.0,31
2026-06-18 18:26,4222.7998,4224.3999,4222.7002,4224.3999,7
2026-06-18 18:27,4221.6001,4222.0,4221.5,4221.7002,8
2026-06-18 18:28,4222.0,4222.0,4222.0,4222.0,3
2026-06-18 18:29,4222.6001,4222.7002,4222.2002,4222.2002,5
2026-06-18 18:30,4223.2998,4224.2002,4223.0,4223.0,13
2026-06-18 18:31,4223.7998,4223.7998,4222.6001,4222.6001,5
2026-06-18 18:32,4223.0,4224.1001,4223.0,4224.0,4
2026-06-18 18:33,4223.7002,4223.8999,4223.2998,4223.2998,6
2026-06-18 18:34,4223.0,4223.1001,4222.7998,4223.1001,6
2026-06-18 18:35,4223.8999,4224.2002,4223.7002,4223.7002,13
2026-06-18 18:36,4223.7998,4223.8999,4223.3999,4223.7998,10
2026-06-18 18:37,4222.7002,4223.2998,4222.5,4223.2998,9
2026-06-18 18:38,4222.2002,4222.7998,4222.0,4222.6001,10
2026-06-18 18:39,4222.0,4222.6001,4221.7002,4222.6001,23
2026-06-18 18:40,4222.7998,4223.5,4222.2002,4222.2002,5
2026-06-18 18:41,4223.1001,4223.7998,4222.2998,4223.0,13
2026-06-18 18:42,4223.6001,4223.6001,4223.3999,4223.3999,3
2026-06-18 18:43,4223.2002,4223.7998,4223.2002,4223.5,11
2026-06-18 18:44,4223.6001,4223.6001,4223.0,4223.0,4
2026-06-18 18:45,4224.1001,4224.6001,4223.8999,4223.8999,16
2026-06-18 18:46,4223.5,4223.6001,4223.5,4223.5,3
2026-06-18 18:47,4223.2998,4223.5,4222.8999,4223.5,4
2026-06-18 18:48,4223.7002,4223.7002,4223.2002,4223.2002,57
2026-06-18 18:49,4227.2998,4228.1001,4224.1001,4224.1001,46
2026-06-18 18:50,4226.7998,4227.1001,4226.5,4227.1001,11
2026-06-18 18:51,4229.1001,4229.2998,4226.6001,4227.0,30
2026-06-18 18:52,4227.6001,4229.1001,4227.6001,4228.7998,36
2026-06-18 18:53,4228.1001,4228.3999,4226.7998,4227.2998,11
2026-06-18 18:54,4227.6001,4228.2002,4227.3999,4228.2002,14
2026-06-18 18:55,4227.0,4227.2002,4227.0,4227.2002,4
2026-06-18 18:56,4226.7998,4227.2998,4226.6001,4226.8999,19
2026-06-18 18:57,4226.7998,4226.7998,4226.5,4226.5,6
2026-06-18 18:58,4227.2002,4227.3999,4226.1001,4226.1001,9
2026-06-18 18:59,4225.8999,4227.3999,4225.2998,4227.3999,12
2026-06-18 19:00,4225.7998,4226.7998,4225.7998,4226.2002,14
2026-06-18 19:01,4225.2002,4225.7998,4224.3999,4225.7998,41
2026-06-18 19:02,4218.0,4224.6001,4217.7002,4224.6001,174
2026-06-18 19:03,4218.8999,4220.6001,4217.7998,4218.6001,88
2026-06-18 19:04,4219.1001,4220.2002,4219.0,4219.5,7
2026-06-18 19:05,4218.3999,4219.2998,4217.2002,4219.2998,34
2026-06-18 19:06,4219.8999,4220.5,4219.3999,4219.3999,11
2026-06-18 19:07,4219.5,4220.1001,4218.5,4219.8999,49
2026-06-18 19:08,4220.2998,4220.6001,4219.2998,4219.7002,16
2026-06-18 19:09,4218.7002,4220.0,4218.7002,4220.0,3
2026-06-18 19:10,4219.0,4219.0,4218.3999,4218.3999,13
2026-06-18 19:11,4218.5,4219.5,4218.2998,4219.2998,6
2026-06-18 19:12,4218.7998,4218.8999,4218.0,4218.3999,11
2026-06-18 19:13,4216.2998,4219.5,4216.2002,4219.2002,60
2026-06-18 19:14,4214.5,4217.6001,4210.5,4216.8999,124
2026-06-18 19:15,4217.0,4217.7002,4215.0,4215.0,82
2026-06-18 19:16,4213.6001,4217.1001,4213.6001,4217.1001,24
2026-06-18 19:17,4214.1001,4214.5,4212.3999,4214.5,24
2026-06-18 19:18,4214.6001,4215.5,4214.0,4214.0,22
2026-06-18 19:19,4214.0,4214.7998,4213.8999,4214.0,16
2026-06-18 19:20,4214.8999,4215.1001,4214.1001,4214.1001,17
2026-06-18 19:21,4214.7002,4214.8999,4214.7002,4214.8999,2
2026-06-18 19:22,4214.1001,4214.7998,4214.1001,4214.7002,9
2026-06-18 19:23,4214.8999,4215.8999,4214.3999,4214.5,22
2026-06-18 19:24,4213.5,4214.6001,4213.5,4213.7002,25
2026-06-18 19:25,4213.1001,4214.2002,4212.1001,4214.2002,23
2026-06-18 19:26,4213.5,4213.5,4213.2998,4213.2998,4
2026-06-18 19:27,4213.7998,4214.0,4213.7998,4214.0,2
2026-06-18 19:28,4214.7998,4215.0,4214.2002,4214.2002,15
2026-06-18 19:29,4215.3999,4215.6001,4214.8999,4214.8999,14
2026-06-18 19:30,4216.8999,4217.3999,4214.6001,4215.6001,28
2026-06-18 19:31,4215.3999,4217.2998,4215.3999,4217.1001,14
2026-06-18 19:32,4215.5,4217.2002,4214.8999,4215.2998,36
2026-06-18 19:33,4216.1001,4217.1001,4216.1001,4217.1001,29
2026-06-18 19:34,4214.2998,4215.7002,4213.7002,4215.5,16
2026-06-18 19:35,4215.0,4215.0,4214.2002,4214.5,6
2026-06-18 19:36,4213.8999,4214.2002,4213.5,4214.2002,6
2026-06-18 19:37,4214.6001,4214.6001,4213.0,4213.6001,15
2026-06-18 19:38,4216.3999,4216.6001,4215.0,4215.0,15
2026-06-18 19:39,4216.3999,4217.1001,4216.2998,4217.0,5
2026-06-18 19:40,4215.0,4216.3999,4215.0,4216.3999,6
2026-06-18 19:41,4214.1001,4214.1001,4213.8999,4213.8999,2
2026-06-18 19:42,4213.6001,4214.2998,4213.6001,4214.0,11
2026-06-18 19:43,4212.2002,4213.2002,4212.2002,4213.0,9
2026-06-18 19:44,4212.8999,4212.8999,4212.7998,4212.7998,2
2026-06-18 19:45,4209.5,4213.2002,4206.5,4212.3999,267
2026-06-18 19:46,4210.7002,4210.7998,4209.2002,4210.2002,35
2026-06-18 19:47,4209.1001,4211.7002,4209.1001,4210.5,35
2026-06-18 19:48,4207.2998,4209.3999,4206.5,4209.3999,44
2026-06-18 19:49,4207.3999,4207.6001,4206.7002,4207.2998,15
2026-06-18 19:50,4209.7002,4210.2998,4207.5,4207.8999,28
2026-06-18 19:51,4207.8999,4210.1001,4207.8999,4210.1001,4
2026-06-18 19:52,4206.8999,4208.7002,4206.7002,4208.7002,8
2026-06-18 19:53,4207.8999,4207.8999,4207.2998,4207.6001,9
2026-06-18 19:54,4208.2998,4208.2998,4206.8999,4207.5,11
2026-06-18 19:55,4209.1001,4209.2998,4207.3999,4208.2998,17
2026-06-18 19:56,4206.3999,4209.1001,4205.8999,4209.1001,25
2026-06-18 19:57,4206.2002,4206.5,4205.0,4205.7002,37
2026-06-18 19:58,4206.7998,4206.7998,4205.7002,4206.2002,21
2026-06-18 19:59,4206.7998,4207.2002,4205.6001,4207.2002,13
2026-06-18 20:00,4212.0,4212.3999,4206.8999,4206.8999,106
2026-06-18 20:01,4213.7998,4216.8999,4211.2002,4211.8999,81
2026-06-18 20:02,4213.1001,4213.7002,4211.3999,4213.2998,91
2026-06-18 20:03,4209.8999,4213.0,4209.7998,4212.2002,33
2026-06-18 20:04,4209.7002,4210.2998,4207.8999,4210.0,34
2026-06-18 20:05,4208.5,4212.2998,4208.5,4209.7998,45
2026-06-18 20:06,4203.8999,4208.7998,4203.5,4208.6001,55
2026-06-18 20:07,4204.2002,4205.6001,4202.7002,4204.2002,62
2026-06-18 20:08,4203.2002,4204.7002,4203.0,4203.1001,33
2026-06-18 20:09,4203.7998,4204.3999,4203.5,4204.0,14
2026-06-18 20:10,4207.5,4208.5,4204.7998,4204.7998,55
2026-06-18 20:11,4206.2998,4207.0,4204.6001,4206.7998,34
2026-06-18 20:12,4203.7998,4205.8999,4203.2998,4205.7998,36
2026-06-18 20:13,4203.0,4204.6001,4202.8999,4204.0,35
2026-06-18 20:14,4204.0,4204.0,4202.5,4203.2998,37
2026-06-18 20:15,4205.0,4205.2998,4203.6001,4203.8999,19
2026-06-18 20:16,4203.5,4205.1001,4203.0,4205.1001,12
2026-06-18 20:17,4203.0,4203.2998,4202.6001,4203.0,72
2026-06-18 20:18,4203.2998,4204.1001,4202.2002,4203.2002,281
2026-06-18 20:19,4204.3999,4206.2002,4203.6001,4204.5,42
2026-06-18 20:20,4203.3999,4205.0,4202.8999,4203.8999,91
2026-06-18 20:21,4202.6001,4204.0,4202.2998,4203.0,42
2026-06-18 20:22,4203.7002,4204.2002,4203.2002,4203.2002,33
2026-06-18 20:23,4204.8999,4205.3999,4203.6001,4204.0,26
2026-06-18 20:24,4206.5,4206.5,4204.6001,4204.6001,18
2026-06-18 20:25,4204.0,4207.5,4204.0,4206.7002,39
2026-06-18 20:26,4203.7002,4205.3999,4203.7002,4204.0,21
2026-06-18 20:27,4203.2998,4203.8999,4203.2998,4203.8999,18
2026-06-18 20:28,4204.2998,4205.0,4203.5,4203.6001,9
2026-06-18 20:29,4203.2002,4204.2998,4202.8999,4204.2998,27
2026-06-18 20:30,4205.6001,4205.6001,4202.7002,4203.3999,39
2026-06-18 20:31,4206.7998,4208.0,4205.3999,4205.5,61
2026-06-18 20:32,4206.7998,4207.5,4206.2998,4206.8999,17
2026-06-18 20:33,4206.3999,4207.7002,4205.7998,4207.0,24
2026-06-18 20:34,4208.5,4209.0,4206.6001,4206.7002,74
2026-06-18 20:35,4209.0,4210.0,4208.2998,4208.3999,61
2026-06-18 20:36,4209.6001,4209.8999,4208.2002,4209.6001,37
2026-06-18 20:37,4207.7998,4209.0,4206.1001,4208.7998,53
2026-06-18 20:38,4208.5,4209.3999,4207.7002,4208.1001,49
2026-06-18 20:39,4205.3999,4210.0,4205.0,4208.7998,88
2026-06-18 20:40,4205.7998,4206.0,4205.0,4205.7998,12
2026-06-18 20:41,4207.2002,4207.2002,4205.7998,4205.7998,8
2026-06-18 20:42,4206.1001,4206.7002,4206.1001,4206.7002,5
2026-06-18 20:43,4208.5,4209.1001,4207.3999,4208.1001,20
2026-06-18 20:44,4206.8999,4208.0,4206.8999,4207.6001,11
2026-06-18 20:45,4206.7998,4207.3999,4206.6001,4207.2998,15
2026-06-18 20:46,4208.3999,4208.3999,4207.6001,4207.6001,4
2026-06-18 20:47,4208.5,4209.1001,4208.3999,4208.7002,12
2026-06-18 20:48,4208.2002,4208.2998,4207.7002,4208.1001,11
2026-06-18 20:49,4209.8999,4210.2998,4208.2002,4208.7002,19
2026-06-18 20:50,4209.7998,4210.0,4208.7998,4209.2002,15
2026-06-18 20:51,4208.7002,4210.0,4208.2998,4210.0,24
2026-06-18 20:52,4209.7998,4210.2998,4208.7002,4208.7002,9
2026-06-18 20:53,4207.8999,4209.6001,4207.6001,4209.6001,9
2026-06-18 20:54,4209.3999,4209.5,4208.0,4208.0,18
2026-06-18 20:55,4207.5,4208.3999,4207.2002,4208.3999,12
2026-06-18 20:56,4206.7998,4207.2998,4206.0,4207.2998,29
2026-06-18 20:57,4209.0,4209.3999,4207.7002,4207.7002,17
2026-06-18 20:58,4209.3999,4209.7002,4209.2002,4209.2002,6
2026-06-18 20:59,4209.0,4209.2002,4208.0,4208.7998,16
2026-06-18 21:00,4209.8999,4211.2002,4208.7002,4209.2998,34
2026-06-18 21:01,4210.3999,4212.7002,4207.7998,4209.1001,73
2026-06-18 21:02,4211.3999,4211.3999,4209.3999,4210.0,41
2026-06-18 21:03,4213.0,4213.1001,4210.8999,4211.2998,62
2026-06-18 21:04,4209.0,4213.1001,4209.0,4213.1001,60
2026-06-18 21:05,4204.7002,4208.7002,4202.2998,4208.7002,132
2026-06-18 21:06,4204.2998,4205.0,4203.2002,4204.7998,87
2026-06-18 21:07,4204.0,4204.2998,4203.0,4203.5,36
2026-06-18 21:08,4203.0,4205.5,4203.0,4203.6001,47
2026-06-18 21:09,4203.2002,4203.3999,4202.3999,4203.0,38
2026-06-18 21:10,4204.7002,4205.1001,4203.0,4203.0,28
2026-06-18 21:11,4204.2002,4205.0,4203.2998,4204.7998,18
2026-06-18 21:12,4203.1001,4205.1001,4203.0,4204.7998,9
2026-06-18 21:13,4203.7998,4205.6001,4203.7998,4204.7002,11
2026-06-18 21:14,4204.5,4204.8999,4204.2998,4204.2998,12
2026-06-18 21:15,4205.7998,4207.0,4204.2998,4204.6001,82
2026-06-18 21:16,4205.2002,4205.6001,4205.2002,4205.3999,7
2026-06-18 21:17,4202.7998,4205.1001,4202.7998,4204.7998,19
2026-06-18 21:18,4203.2998,4203.3999,4202.2998,4202.8999,78
2026-06-18 21:19,4203.6001,4203.6001,4203.0,4203.0,13
2026-06-18 21:20,4203.0,4203.7998,4201.2002,4203.3999,175
2026-06-18 21:21,4204.7998,4205.3999,4202.0,4202.7002,32
2026-06-18 21:22,4205.3999,4205.6001,4204.6001,4205.2998,15
2026-06-18 21:23,4205.8999,4206.6001,4205.7002,4205.7998,20
2026-06-18 21:24,4205.3999,4205.6001,4204.1001,4205.2002,30
2026-06-18 21:25,4206.7002,4206.7998,4204.6001,4205.1001,19
2026-06-18 21:26,4207.3999,4208.2002,4205.8999,4206.2002,51
2026-06-18 21:27,4207.2002,4208.7998,4207.2002,4207.2998,35
2026-06-18 21:28,4208.1001,4208.7998,4207.3999,4207.3999,36
2026-06-18 21:29,4209.0,4209.7998,4208.3999,4208.6001,49
2026-06-18 21:30,4205.5,4208.2998,4205.1001,4208.2998,39
2026-06-18 21:31,4206.1001,4206.2998,4206.0,4206.0,7
2026-06-18 21:32,4205.2002,4206.5,4205.0,4206.2998,16
2026-06-18 21:33,4205.3999,4205.7002,4205.0,4205.2002,8
2026-06-18 21:34,4206.0,4206.0,4205.7002,4205.7002,5
2026-06-18 21:35,4207.3999,4207.7002,4206.1001,4206.6001,37
2026-06-18 21:36,4205.5,4206.2998,4204.0,4206.2002,14
2026-06-18 21:37,4204.2998,4205.0,4204.2998,4205.0,8
2026-06-18 21:38,4203.6001,4203.7998,4202.5,4203.7002,49
2026-06-18 21:39,4203.0,4204.2998,4202.7998,4203.8999,31
2026-06-18 21:40,4203.1001,4203.7002,4202.2998,4203.0,32
2026-06-18 21:41,4204.3999,4204.3999,4203.0,4203.0,12
2026-06-18 21:42,4203.6001,4204.8999,4203.6001,4204.5,33
2026-06-18 21:43,4204.5,4204.5,4202.6001,4203.2002,18
2026-06-18 21:44,4203.7998,4204.3999,4203.1001,4204.2998,36
2026-06-18 21:45,4203.1001,4203.8999,4202.8999,4203.7998,27
2026-06-18 21:46,4204.8999,4205.3999,4201.8999,4202.6001,124
2026-06-18 21:47,4203.7998,4204.8999,4203.7998,4204.8999,13
2026-06-18 21:48,4202.6001,4204.3999,4202.2998,4204.1001,20
2026-06-18 21:49,4203.1001,4203.1001,4202.1001,4202.7002,16
2026-06-18 21:50,4202.8999,4203.0,4202.2998,4202.7998,12
2026-06-18 21:51,4202.8999,4203.0,4201.7002,4202.2998,53
2026-06-18 21:52,4202.1001,4202.8999,4202.1001,4202.3999,14
2026-06-18 21:53,4202.2002,4203.3999,4201.6001,4202.6001,85
2026-06-18 21:54,4203.0,4203.1001,4201.5,4202.0,54
2026-06-18 21:55,4202.2002,4203.0,4202.2002,4202.3999,18
2026-06-18 21:56,4203.1001,4203.1001,4202.7002,4203.0,19
2026-06-18 21:57,4202.7998,4203.8999,4202.7002,4203.5,10
2026-06-18 21:58,4202.7002,4202.7002,4202.1001,4202.3999,21
2026-06-18 21:59,4202.6001,4202.8999,4201.6001,4202.6001,53
2026-06-18 22:00,4202.8999,4204.0,4202.2998,4202.2998,23
2026-06-18 22:01,4202.7998,4202.7998,4202.2002,4202.7998,24
2026-06-18 22:02,4202.1001,4203.0,4201.2998,4202.5,72
2026-06-18 22:03,4203.0,4203.8999,4202.2998,4202.3999,44
2026-06-18 22:04,4203.0,4203.7002,4202.3999,4203.6001,35
2026-06-18 22:05,4202.1001,4202.5,4201.8999,4202.5,14
2026-06-18 22:06,4203.0,4203.7002,4198.2002,4201.7998,453
2026-06-18 22:07,4202.0,4202.1001,4197.7002,4201.7002,245
2026-06-18 22:08,4197.2002,4202.2002,4196.7002,4201.6001,148
2026-06-18 22:09,4200.7998,4201.5,4198.1001,4198.1001,87
2026-06-18 22:10,4200.7998,4201.7998,4199.2998,4201.7998,28
2026-06-18 22:11,4200.7998,4202.5,4199.2998,4200.5,44
2026-06-18 22:12,4200.7998,4201.2998,4200.2002,4200.6001,48
2026-06-18 22:13,4199.2002,4200.6001,4198.7002,4200.6001,35
2026-06-18 22:14,4197.2002,4198.7002,4195.7998,4198.3999,83
2026-06-18 22:15,4193.2002,4197.5,4193.2002,4197.5,106
2026-06-18 22:16,4194.7002,4196.0,4193.0,4194.1001,137
2026-06-18 22:17,4193.6001,4195.0,4192.5,4195.0,80
2026-06-18 22:18,4193.6001,4195.1001,4193.6001,4194.0,18
2026-06-18 22:19,4192.5,4194.7002,4192.5,4193.7998,31
2026-06-18 22:20,4195.0,4195.7002,4193.0,4193.5,75
2026-06-18 22:21,4195.2002,4195.2002,4194.2002,4194.6001,53
2026-06-18 22:22,4196.5,4196.5,4194.2998,4195.2002,40
2026-06-18 22:23,4196.0,4197.3999,4196.0,4196.2002,40
2026-06-18 22:24,4196.2002,4196.2002,4196.1001,4196.2002,4
2026-06-18 22:25,4196.0,4196.8999,4195.0,4195.7998,58
2026-06-18 22:26,4196.0,4196.0,4195.0,4195.1001,10
2026-06-18 22:27,4195.3999,4195.8999,4195.2998,4195.8999,5
2026-06-18 22:28,4197.3999,4197.6001,4195.5,4195.5,36
2026-06-18 22:29,4197.1001,4197.1001,4196.7998,4197.1001,4
2026-06-18 22:30,4197.1001,4197.6001,4196.7998,4197.1001,29
2026-06-18 22:31,4196.2002,4196.8999,4195.2998,4196.8999,16
2026-06-18 22:32,4194.8999,4196.2998,4194.8999,4195.6001,49
2026-06-18 22:33,4195.3999,4195.5,4194.7002,4195.5,17
2026-06-18 22:34,4197.1001,4197.7002,4196.0,4196.0,20
2026-06-18 22:35,4200.1001,4200.5,4197.6001,4197.7002,94
2026-06-18 22:36,4198.3999,4200.1001,4198.3999,4200.1001,13
2026-06-18 22:37,4196.8999,4198.2998,4196.0,4198.2998,35
2026-06-18 22:38,4197.2998,4198.2998,4197.2002,4197.2002,43
2026-06-18 22:39,4197.2002,4197.7002,4196.3999,4197.1001,13
2026-06-18 22:40,4198.6001,4198.7002,4197.2998,4197.2998,9
2026-06-18 22:41,4200.8999,4201.0,4198.7002,4198.7002,42
2026-06-18 22:42,4199.1001,4201.3999,4199.1001,4200.7002,27
2026-06-18 22:43,4198.0,4199.0,4197.7002,4199.0,7
2026-06-18 22:44,4197.3999,4198.2002,4197.3999,4198.1001,34
2026-06-18 22:45,4196.2002,4198.1001,4195.8999,4197.6001,35
2026-06-18 22:46,4193.7998,4196.0,4193.7998,4196.0,32
2026-06-18 22:47,4194.6001,4194.6001,4193.3999,4193.3999,22
2026-06-18 22:48,4194.1001,4194.6001,4194.1001,4194.2002,17
2026-06-18 22:49,4193.7002,4194.5,4193.7002,4193.7998,20
2026-06-18 22:50,4192.3999,4193.8999,4191.3999,4193.3999,67
2026-06-18 22:51,4190.7998,4193.2002,4189.5,4192.3999,194
2026-06-18 22:52,4190.6001,4191.3999,4190.2002,4190.7002,49
2026-06-18 22:53,4192.0,4192.2998,4190.0,4191.0,52
2026-06-18 22:54,4194.2002,4194.3999,4192.2998,4192.2998,74
2026-06-18 22:55,4194.5,4194.6001,4194.0,4194.1001,22
2026-06-18 22:56,4193.2002,4194.6001,4193.2002,4194.6001,11
2026-06-18 22:57,4194.3999,4194.3999,4192.5,4192.6001,40
2026-06-18 22:58,4194.1001,4194.1001,4193.5,4193.7998,15
2026-06-18 22:59,4193.8999,4195.0,4193.7002,4194.1001,30
2026-06-18 23:00,4194.2002,4194.7002,4193.2002,4194.0,40
2026-06-18 23:01,4192.2002,4193.7998,4191.3999,4193.7998,52
2026-06-18 23:02,4189.8999,4192.0,4189.6001,4191.7998,100
2026-06-18 23:03,4190.2002,4190.7002,4188.7002,4189.7998,55
2026-06-18 23:04,4187.3999,4189.2998,4186.8999,4189.2998,96
2026-06-18 23:05,4184.5,4187.3999,4184.5,4187.3999,171
2026-06-18 23:06,4186.2002,4186.5,4184.0,4184.7002,76
2026-06-18 23:07,4187.0,4187.2998,4185.7998,4186.2002,89
2026-06-18 23:08,4184.7002,4186.6001,4184.7002,4186.6001,21
2026-06-18 23:09,4185.5,4186.0,4184.0,4184.5,56
2026-06-18 23:10,4185.3999,4186.2998,4184.6001,4185.2998,52
2026-06-18 23:11,4185.6001,4186.2998,4185.1001,4185.7998,19
2026-06-18 23:12,4186.3999,4186.5,4185.1001,4185.3999,25
2026-06-18 23:13,4187.0,4187.7002,4186.2002,4186.5,69
2026-06-18 23:14,4183.7002,4187.1001,4183.7002,4187.0,36
2026-06-18 23:15,4184.2002,4184.8999,4183.6001,4184.2002,43
2026-06-18 23:16,4184.7002,4186.0,4182.5,4184.0,190
2026-06-18 23:17,4184.5,4185.6001,4183.7002,4185.0,24
2026-06-18 23:18,4185.5,4186.7002,4184.7002,4184.7002,74
2026-06-18 23:19,4186.0,4186.0,4185.0,4185.2002,9
2026-06-18 23:20,4186.5,4187.7002,4185.7002,4185.7002,95
2026-06-18 23:21,4187.7002,4188.5,4186.2002,4186.3999,83
2026-06-18 23:22,4186.3999,4188.5,4186.2998,4188.0,16
2026-06-18 23:23,4186.8999,4186.8999,4185.6001,4186.3999,12
2026-06-18 23:24,4186.2002,4187.2002,4185.7998,4187.1001,22
2026-06-18 23:25,4185.7002,4186.2002,4185.6001,4186.0,19
2026-06-18 23:26,4185.1001,4186.1001,4185.0,4185.6001,10
2026-06-18 23:27,4185.7002,4186.6001,4185.3999,4185.3999,13
2026-06-18 23:28,4184.2998,4185.7002,4184.0,4185.5,26
2026-06-18 23:29,4185.1001,4185.1001,4184.2998,4184.2998,44
2026-06-18 23:30,4184.6001,4185.5,4183.7998,4185.0,14
2026-06-18 23:31,4179.7002,4184.6001,4179.1001,4184.6001,190
2026-06-18 23:32,4181.2002,4181.7002,4179.3999,4179.7002,77
2026-06-18 23:33,4179.7002,4181.7002,4179.2002,4181.3999,35
2026-06-18 23:34,4182.8999,4183.2002,4179.7998,4179.7998,80
2026-06-18 23:35,4181.3999,4182.2998,4181.2002,4181.6001,20
2026-06-18 23:36,4182.2002,4182.5,4181.2998,4181.2998,22
2026-06-18 23:37,4182.5,4183.1001,4181.8999,4182.7998,30
2026-06-18 23:38,4180.8999,4182.1001,4180.8999,4182.1001,24
2026-06-18 23:39,4181.0,4181.0,4180.0,4180.1001,7
2026-06-18 23:40,4180.1001,4182.0,4180.0,4180.7002,50
2026-06-18 23:41,4179.5,4179.8999,4178.3999,4179.7002,35
2026-06-18 23:42,4176.0,4179.6001,4175.5,4179.6001,138
2026-06-18 23:43,4179.5,4179.7998,4175.1001,4176.2998,119
2026-06-18 23:44,4180.1001,4180.2002,4178.7998,4179.1001,52
2026-06-18 23:45,4177.6001,4179.3999,4177.2998,4179.3999,34
2026-06-18 23:46,4178.3999,4178.7002,4177.7002,4178.0,23
2026-06-18 23:47,4176.7998,4179.5,4176.7998,4178.2998,34
2026-06-18 23:48,4176.7998,4178.2002,4176.7998,4178.2002,18
2026-06-18 23:49,4176.3999,4177.6001,4175.5,4177.2998,24
2026-06-18 23:50,4176.8999,4176.8999,4175.2002,4176.2002,24
2026-06-18 23:51,4176.5,4177.6001,4175.7998,4176.5,34
2026-06-18 23:52,4178.1001,4178.2002,4176.8999,4176.8999,29
2026-06-18 23:53,4177.1001,4177.8999,4176.0,4177.7002,37
2026-06-18 23:54,4175.7002,4177.0,4175.5,4176.8999,20
2026-06-18 23:55,4176.6001,4177.1001,4176.3999,4176.6001,13
2026-06-18 23:56,4177.0,4177.5,4176.7002,4177.1001,11
2026-06-18 23:57,4175.0,4176.7002,4174.6001,4176.7002,81
2026-06-18 23:58,4167.5,4175.1001,4162.7002,4175.1001,1036
2026-06-21 18:00,4164.2002,4172.8999,4151.3999,4163.8999,359
2026-06-21 18:01,4170.8999,4172.0,4164.7998,4165.2998,168
2026-06-21 18:02,4172.0,4172.6001,4167.0,4171.2002,128
2026-06-21 18:03,4173.6001,4174.7002,4170.0,4171.3999,130
2026-06-21 18:04,4173.2002,4173.7998,4171.7998,4172.3999,53
2026-06-21 18:05,4174.6001,4176.0,4173.2002,4173.2002,111
2026-06-21 18:06,4173.0,4175.0,4173.0,4173.8999,31
2026-06-21 18:07,4172.8999,4173.7002,4172.8999,4173.5,19
2026-06-21 18:08,4171.2998,4173.7998,4171.2998,4173.3999,43
2026-06-21 18:09,4170.8999,4171.2002,4168.0,4171.1001,96
2026-06-21 18:10,4170.8999,4172.7002,4170.6001,4171.0,47
2026-06-21 18:11,4167.7998,4172.1001,4167.2002,4170.0,89
2026-06-21 18:12,4165.6001,4167.7998,4165.6001,4167.2002,75
2026-06-21 18:13,4168.2998,4169.0,4165.0,4165.5,30
2026-06-21 18:14,4168.1001,4168.7002,4167.6001,4168.6001,12
2026-06-21 18:15,4166.2998,4168.0,4166.2002,4167.8999,12
2026-06-21 18:16,4167.3999,4167.5,4164.7998,4166.0,60
2026-06-21 18:17,4168.0,4168.0,4164.7998,4167.0,123
2026-06-21 18:18,4168.2002,4170.3999,4167.7998,4168.2002,52
2026-06-21 18:19,4169.6001,4172.8999,4167.2998,4168.6001,30
2026-06-21 18:20,4170.0,4170.7998,4169.1001,4169.7998,35
2026-06-21 18:21,4168.8999,4171.6001,4168.8999,4169.8999,74
2026-06-21 18:22,4166.6001,4169.0,4166.5,4168.7998,65
2026-06-21 18:23,4166.6001,4172.8999,4166.3999,4167.3999,25
2026-06-21 18:24,4167.2002,4168.6001,4166.2002,4167.7002,19
2026-06-21 18:25,4168.1001,4168.8999,4165.7002,4166.8999,109
2026-06-21 18:26,4169.0,4169.7002,4168.0,4168.0,23
2026-06-21 18:27,4169.0,4169.5,4168.5,4169.2998,11
2026-06-21 18:28,4167.2002,4168.8999,4166.7002,4168.8999,20
2026-06-21 18:29,4168.3999,4169.3999,4168.3999,4169.2002,32
2026-06-21 18:30,4169.7998,4170.7998,4167.6001,4168.7002,79
2026-06-21 18:31,4170.5,4171.1001,4169.5,4170.2002,87
2026-06-21 18:32,4171.2998,4171.8999,4169.7998,4170.0,41
2026-06-21 18:33,4169.8999,4171.0,4169.5,4171.0,56
2026-06-21 18:34,4168.0,4170.0,4168.0,4169.7002,59
2026-06-21 18:35,4167.2002,4169.0,4167.0,4168.8999,29
2026-06-21 18:36,4167.7998,4167.7998,4167.0,4167.2998,21
2026-06-21 18:37,4168.5,4168.6001,4167.2002,4167.3999,13
2026-06-21 18:38,4169.1001,4169.1001,4168.2002,4168.2002,31
2026-06-21 18:39,4168.6001,4168.8999,4168.3999,4168.6001,8
2026-06-21 18:40,4167.3999,4168.3999,4167.0,4168.3999,38
2026-06-21 18:41,4168.2998,4168.2998,4167.8999,4168.1001,28
2026-06-21 18:42,4168.0,4168.1001,4167.7002,4168.0,10
2026-06-21 18:43,4170.5,4171.3999,4168.3999,4168.3999,51
2026-06-21 18:44,4172.8999,4172.8999,4169.8999,4170.1001,4
2026-06-21 18:45,4170.2002,4170.7002,4169.8999,4170.7002,13
2026-06-21 18:46,4170.7002,4170.7002,4170.2998,4170.6001,4
2026-06-21 18:47,4170.7002,4170.7998,4169.7998,4170.7998,11
2026-06-21 18:48,4169.6001,4172.8999,4169.5,4170.8999,31
2026-06-21 18:49,4171.6001,4171.6001,4169.5,4169.5,64
2026-06-21 18:50,4170.7998,4171.8999,4170.7998,4171.6001,37
2026-06-21 18:51,4172.0,4172.0,4169.7002,4171.0,39
2026-06-21 18:52,4171.6001,4171.7002,4170.6001,4171.6001,16
2026-06-21 18:53,4172.2998,4172.5,4171.1001,4171.1001,30
2026-06-21 18:54,4172.8999,4172.8999,4172.2998,4172.3999,15
2026-06-21 18:55,4172.7002,4173.2998,4172.1001,4173.2998,23
2026-06-21 18:56,4172.5,4172.7002,4172.1001,4172.2002,7
2026-06-21 18:57,4172.8999,4173.2998,4172.5,4172.5,12
2026-06-21 18:58,4172.7002,4173.2998,4172.2998,4172.8999,21
2026-06-21 18:59,4172.7998,4173.0,4172.0,4172.7002,13
2026-06-21 19:00,4173.2002,4173.7998,4172.5,4172.7998,27
2026-06-21 19:01,4172.2998,4172.8999,4171.8999,4172.8999,28
2026-06-21 19:02,4172.3999,4173.1001,4172.3999,4172.5,10
2026-06-21 19:03,4171.8999,4173.1001,4171.8999,4172.7002,25
2026-06-21 19:04,4176.2002,4176.8999,4172.6001,4172.6001,127
2026-06-21 19:05,4176.5,4177.0,4175.6001,4175.8999,45
2026-06-21 19:06,4175.7002,4177.0,4175.2998,4176.8999,68
2026-06-21 19:07,4177.7002,4177.7998,4175.2998,4175.2998,47
2026-06-21 19:08,4177.7002,4179.0,4177.2002,4177.5,144
2026-06-21 19:09,4179.6001,4179.8999,4172.8999,4177.2998,65
2026-06-21 19:10,4180.7002,4181.5,4179.2002,4180.0,116
2026-06-21 19:11,4177.2002,4180.6001,4176.6001,4180.6001,91
2026-06-21 19:12,4176.6001,4177.7998,4176.2998,4177.5,36
2026-06-21 19:13,4176.2002,4177.5,4172.8999,4176.6001,57
2026-06-21 19:14,4174.8999,4176.2002,4174.5,4176.2002,85
2026-06-21 19:15,4172.1001,4174.8999,4171.6001,4174.8999,102
2026-06-21 19:16,4173.5,4173.6001,4170.3999,4172.7998,77
2026-06-21 19:17,4173.1001,4174.5,4172.3999,4174.0,98
2026-06-21 19:18,4173.6001,4173.6001,4171.7998,4173.0,69
2026-06-21 19:19,4171.2998,4174.0,4170.7998,4173.5,61
2026-06-21 19:20,4172.3999,4172.3999,4170.3999,4170.8999,31
2026-06-21 19:21,4172.6001,4173.1001,4171.3999,4172.3999,36
2026-06-21 19:22,4175.2002,4175.2002,4171.5,4172.2002,138
2026-06-21 19:23,4174.3999,4175.6001,4173.7998,4175.5,133
2026-06-21 19:24,4174.2002,4175.7002,4173.7002,4174.3999,97
2026-06-21 19:25,4171.6001,4174.3999,4171.6001,4174.3999,26
2026-06-21 19:26,4172.1001,4173.1001,4171.5,4171.5,33
2026-06-21 19:27,4173.6001,4173.6001,4172.7998,4172.7998,3
2026-06-21 19:28,4173.2002,4174.0,4173.2002,4173.3999,10
2026-06-21 19:29,4172.7998,4173.1001,4172.5,4172.7998,6
2026-06-21 19:30,4171.1001,4172.0,4170.2998,4172.0,38
2026-06-21 19:31,4167.7002,4171.3999,4166.8999,4171.0,100
2026-06-21 19:32,4168.7998,4168.8999,4167.3999,4168.2002,33
2026-06-21 19:33,4165.7998,4169.0,4165.0,4168.5,108
2026-06-21 19:34,4164.6001,4172.8999,4163.1001,4166.6001,76
2026-06-21 19:35,4159.7998,4164.3999,4158.2998,4164.3999,193
2026-06-21 19:36,4162.2998,4162.5,4159.2998,4160.3999,95
2026-06-21 19:37,4162.0,4172.8999,4160.2998,4161.7998,31
2026-06-21 19:38,4160.1001,4162.3999,4159.6001,4162.2002,54
2026-06-21 19:39,4161.2998,4161.3999,4159.8999,4160.6001,69
2026-06-21 19:40,4158.7002,4161.7002,4158.0,4161.0,57
2026-06-21 19:41,4160.2002,4161.1001,4159.1001,4159.1001,24
2026-06-21 19:42,4162.2002,4162.5,4160.0,4160.6001,43
2026-06-21 19:43,4162.1001,4162.2002,4161.3999,4162.2002,10
2026-06-21 19:44,4162.1001,4162.3999,4161.8999,4162.2002,5
2026-06-21 19:45,4162.7002,4163.5,4161.6001,4161.7002,36
2026-06-21 19:46,4158.5,4162.7998,4158.3999,4162.7998,43
2026-06-21 19:47,4156.0,4159.0,4153.2002,4158.2002,218
2026-06-21 19:48,4153.5,4156.7002,4152.8999,4155.8999,103
2026-06-21 19:49,4153.7002,4156.5,4153.2002,4154.2002,54
2026-06-21 19:50,4155.7002,4156.0,4153.7002,4153.7002,112
2026-06-21 19:51,4155.0,4156.6001,4155.0,4156.0,20
2026-06-21 19:52,4154.2998,4156.3999,4153.6001,4156.0,18
2026-06-21 19:53,4155.7002,4156.6001,4153.0,4155.2002,35
2026-06-21 19:54,4153.3999,4157.0,4153.2002,4155.7998,62
2026-06-21 19:55,4154.3999,4155.0,4153.3999,4153.7998,97
2026-06-21 19:56,4158.8999,4159.0,4154.2002,4154.2002,122
2026-06-21 19:57,4157.5,4159.1001,4154.7998,4158.6001,112
2026-06-21 19:58,4157.2002,4158.7002,4157.2002,4158.1001,39
2026-06-21 19:59,4157.0,4172.8999,4156.5,4157.3999,73
2026-06-21 20:00,4164.0,4165.2998,4156.6001,4157.2998,144
2026-06-21 20:01,4166.5,4167.2998,4163.3999,4163.3999,128
2026-06-21 20:02,4162.1001,4172.8999,4161.0,4167.0,52
2026-06-21 20:03,4162.7002,4162.7002,4158.5,4162.5,125
2026-06-21 20:04,4163.8999,4164.1001,4162.0,4162.2002,30
2026-06-21 20:05,4163.1001,4164.7002,4161.5,4163.2002,71
2026-06-21 20:06,4163.3999,4166.2998,4161.8999,4162.7998,140
2026-06-21 20:07,4162.2002,4163.1001,4160.0,4163.1001,62
2026-06-21 20:08,4161.8999,4164.0,4161.2998,4163.7998,25
2026-06-21 20:09,4165.2998,4166.0,4161.7998,4161.8999,102
2026-06-21 20:10,4167.1001,4167.7998,4164.1001,4165.2002,59
2026-06-21 20:11,4169.8999,4170.6001,4164.5,4167.0,216
2026-06-21 20:12,4173.7002,4176.7998,4169.0,4170.2002,266
2026-06-21 20:13,4176.8999,4176.8999,4173.6001,4174.2002,75
2026-06-21 20:14,4177.6001,4179.3999,4177.2002,4177.3999,63
2026-06-21 20:15,4179.5,4182.0,4178.0,4178.2998,95
2026-06-21 20:16,4183.3999,4186.0,4178.7998,4179.3999,264
2026-06-21 20:17,4183.7998,4187.7002,4183.2002,4183.8999,104
2026-06-21 20:18,4185.2002,4186.0,4181.7002,4183.2998,48
2026-06-21 20:19,4180.7002,4185.6001,4179.2998,4185.6001,196
2026-06-21 20:20,4180.2002,4181.2998,4178.8999,4181.2002,94
2026-06-21 20:21,4179.6001,4181.5,4179.2998,4180.0,42
2026-06-21 20:22,4179.1001,4180.0,4179.1001,4179.6001,13
2026-06-21 20:23,4172.8999,4182.2002,4172.8999,4179.7002,49
2026-06-21 20:24,4181.2002,4181.7998,4180.0,4181.5,34
2026-06-21 20:25,4180.7002,4182.2002,4180.5,4180.6001,26
2026-06-21 20:26,4183.1001,4183.1001,4180.6001,4181.0,53
2026-06-21 20:27,4183.0,4185.0,4172.8999,4183.2002,56
2026-06-21 20:28,4180.7002,4183.1001,4180.7002,4183.1001,69
2026-06-21 20:29,4184.6001,4184.6001,4181.3999,4181.3999,54
2026-06-21 20:30,4186.7002,4188.2998,4184.2998,4184.6001,97
2026-06-21 20:31,4184.6001,4186.3999,4183.2998,4186.3999,103
2026-06-21 20:32,4185.2002,4185.3999,4184.3999,4184.7002,28
2026-06-21 20:33,4184.1001,4185.0,4183.8999,4185.0,19
2026-06-21 20:34,4183.2998,4184.8999,4183.0,4184.2998,73
2026-06-21 20:35,4187.7002,4187.7002,4183.7002,4183.7002,39
2026-06-21 20:36,4187.2998,4190.0,4187.2002,4187.5,90
2026-06-21 20:37,4186.8999,4187.5,4185.7998,4186.7998,51
2026-06-21 20:38,4187.2002,4187.8999,4186.8999,4187.5,19
2026-06-21 20:39,4189.0,4189.2998,4186.6001,4187.3999,30
2026-06-21 20:40,4189.0,4189.2998,4187.6001,4188.7998,53
2026-06-21 20:41,4188.6001,4190.3999,4188.2002,4189.5,42
2026-06-21 20:42,4189.8999,4189.8999,4187.5,4187.8999,34
2026-06-21 20:43,4192.6001,4193.2002,4190.1001,4190.2002,126
2026-06-21 20:44,4193.1001,4193.7002,4192.3999,4192.3999,41
2026-06-21 20:45,4196.2002,4196.7998,4192.7002,4193.2998,155
2026-06-21 20:46,4194.0,4197.2998,4194.0,4195.8999,90
2026-06-21 20:47,4193.5,4194.5,4192.7002,4193.7002,75
2026-06-21 20:48,4197.1001,4198.0,4172.8999,4193.7998,194
2026-06-21 20:49,4201.0,4201.7002,4196.6001,4197.3999,221
2026-06-21 20:50,4201.7002,4202.0,4198.7002,4200.6001,149
2026-06-21 20:51,4203.8999,4206.5,4201.2998,4201.7998,182
2026-06-21 20:52,4204.2002,4206.7002,4172.8999,4204.3999,103
2026-06-21 20:53,4204.2002,4205.7002,4203.2998,4204.2002,44
2026-06-21 20:54,4205.7002,4205.7002,4203.7998,4204.6001,89
2026-06-21 20:55,4213.5,4215.2998,4205.2998,4205.3999,348
2026-06-21 20:56,4211.6001,4213.7002,4210.6001,4213.5,99
2026-06-21 20:57,4213.2002,4215.1001,4211.7002,4211.7002,115
2026-06-21 20:58,4214.6001,4215.2998,4212.2998,4213.8999,85
2026-06-21 20:59,4218.1001,4218.2998,4215.1001,4215.2998,225
2026-06-21 21:00,4226.0,4238.1001,4217.7002,4217.7002,1106
2026-06-21 21:01,4224.1001,4229.7998,4221.7998,4225.0,306
2026-06-21 21:02,4226.5,4227.7998,4220.8999,4225.0,387
2026-06-21 21:03,4223.0,4228.8999,4222.7998,4225.6001,242
2026-06-21 21:04,4223.2002,4225.0,4220.1001,4223.7998,182
2026-06-21 21:05,4224.5,4227.7002,4221.5,4224.0,159
2026-06-21 21:06,4226.8999,4229.3999,4222.0,4224.2002,121
2026-06-21 21:07,4232.8999,4233.0,4227.2002,4228.7998,153
2026-06-21 21:08,4229.2998,4233.2998,4229.2998,4233.2998,135
2026-06-21 21:09,4230.5,4234.0,4229.0,4229.1001,181
2026-06-21 21:10,4227.0,4230.5,4224.0,4230.5,181
2026-06-21 21:11,4227.2998,4227.8999,4225.2998,4226.8999,121
2026-06-21 21:12,4226.0,4227.3999,4224.5,4227.2998,96
2026-06-21 21:13,4226.2002,4228.0,4172.8999,4225.6001,81
2026-06-21 21:14,4229.5,4231.2998,4225.1001,4225.1001,126
2026-06-21 21:15,4231.2998,4231.3999,4228.1001,4228.8999,156
2026-06-21 21:16,4230.0,4232.3999,4172.8999,4231.2998,126
2026-06-21 21:17,4229.0,4231.5,4226.2998,4230.5,115
2026-06-21 21:18,4227.6001,4229.6001,4226.7998,4228.5,48
2026-06-21 21:19,4225.7998,4230.0,4225.7998,4229.0,58
2026-06-21 21:20,4225.0,4226.8999,4223.7002,4225.7998,124
2026-06-21 21:21,4225.2998,4225.8999,4222.2998,4225.1001,256
2026-06-21 21:22,4230.3999,4230.5,4223.1001,4225.2002,141
2026-06-21 21:23,4228.5,4229.1001,4227.7002,4229.1001,41
2026-06-21 21:24,4227.7002,4230.7998,4227.2002,4229.1001,102
2026-06-21 21:25,4226.0,4227.7998,4224.1001,4227.2002,86
2026-06-21 21:26,4228.2998,4230.1001,4224.0,4226.2002,194
2026-06-21 21:27,4225.6001,4230.2002,4225.6001,4228.7998,107
2026-06-21 21:28,4225.8999,4226.7998,4225.1001,4225.6001,41
2026-06-21 21:29,4225.0,4228.5,4225.0,4225.8999,78
2026-06-21 21:30,4221.3999,4224.6001,4221.1001,4224.6001,162
2026-06-21 21:31,4216.2002,4222.7998,4216.2002,4221.7998,233
2026-06-21 21:32,4215.8999,4216.3999,4213.7002,4216.3999,243
2026-06-21 21:33,4213.2002,4216.5,4212.7998,4215.8999,138
2026-06-21 21:34,4215.2998,4217.7998,4212.8999,4212.8999,134
2026-06-21 21:35,4212.8999,4216.5,4212.7002,4214.8999,147
2026-06-21 21:36,4215.2998,4215.2998,4212.3999,4213.2002,86
2026-06-21 21:37,4218.5,4219.1001,4172.8999,4215.8999,122
2026-06-21 21:38,4218.7998,4220.8999,4218.3999,4218.7998,86
2026-06-21 21:39,4220.2998,4220.6001,4219.5,4220.3999,17
2026-06-21 21:40,4220.3999,4222.5,4219.3999,4220.6001,91
2026-06-21 21:41,4218.2002,4221.7998,4172.8999,4220.5,118
2026-06-21 21:42,4218.8999,4220.2002,4218.1001,4218.7002,50
2026-06-21 21:43,4217.3999,4219.0,4215.8999,4219.0,107
2026-06-21 21:44,4218.0,4219.0,4216.7002,4216.7002,73
2026-06-21 21:45,4218.2002,4219.0,4217.5,4218.8999,16
2026-06-21 21:46,4213.1001,4217.5,4212.3999,4217.5,73
2026-06-21 21:47,4214.7998,4215.5,4213.7002,4213.7998,35
2026-06-21 21:48,4213.7998,4216.2002,4213.7002,4215.7998,52
2026-06-21 21:49,4213.1001,4213.6001,4211.0,4213.6001,148
2026-06-21 21:50,4213.2002,4214.6001,4212.5,4212.7002,88
2026-06-21 21:51,4215.7002,4215.7998,4211.2998,4212.7998,120
2026-06-21 21:52,4211.0,4214.7998,4210.7002,4214.7998,88
2026-06-21 21:53,4212.1001,4213.5,4209.6001,4210.3999,115
2026-06-21 21:54,4211.7998,4213.0,4210.6001,4212.1001,68
2026-06-21 21:55,4211.3999,4212.6001,4209.7002,4211.8999,42
2026-06-21 21:56,4210.7998,4212.7002,4210.7998,4211.2998,15
2026-06-21 21:57,4209.7002,4211.7998,4209.2002,4210.8999,84
2026-06-21 21:58,4207.2002,4210.5,4207.0,4210.1001,123
2026-06-21 21:59,4208.1001,4209.7002,4207.1001,4207.7002,103
2026-06-21 22:00,4207.0,4210.2002,4205.5,4208.2002,141
2026-06-21 22:01,4206.1001,4207.7002,4205.5,4206.8999,73
2026-06-21 22:02,4208.0,4208.1001,4172.8999,4206.5,30
2026-06-21 22:03,4208.2002,4208.3999,4206.3999,4208.1001,39
2026-06-21 22:04,4207.2998,4209.3999,4207.2998,4207.7998,101
2026-06-21 22:05,4207.2998,4208.7998,4206.1001,4207.0,62
2026-06-21 22:06,4208.0,4208.0,4172.8999,4207.8999,34
2026-06-21 22:07,4212.1001,4212.2998,4207.1001,4207.1001,74
2026-06-21 22:08,4209.5,4212.5,4209.5,4211.6001,45
2026-06-21 22:09,4208.8999,4210.5,4208.6001,4209.0,21
2026-06-21 22:10,4208.0,4209.0,4207.5,4208.5,37
2026-06-21 22:11,4205.7998,4207.5,4204.1001,4207.5,98
2026-06-21 22:12,4205.2002,4207.0,4205.2002,4206.2998,14
2026-06-21 22:13,4204.0,4205.2998,4203.7002,4205.2998,54
2026-06-21 22:14,4201.3999,4205.2998,4201.1001,4204.3999,85
2026-06-21 22:15,4201.7998,4202.2002,4201.3999,4201.6001,39
2026-06-21 22:16,4202.8999,4203.5,4201.7998,4201.7998,26
2026-06-21 22:17,4205.2998,4205.2998,4203.0,4203.0,48
2026-06-21 22:18,4205.2002,4205.7998,4205.0,4205.0,23
2026-06-21 22:19,4206.0,4206.3999,4204.7998,4204.7998,61
2026-06-21 22:20,4205.3999,4206.2998,4204.7002,4205.8999,73
2026-06-21 22:21,4202.5,4205.3999,4201.1001,4205.3999,167
2026-06-21 22:22,4205.2002,4206.2002,4202.3999,4202.3999,86
2026-06-21 22:23,4205.7002,4206.2998,4204.8999,4206.2998,72
2026-06-21 22:24,4206.2998,4207.3999,4205.7002,4205.7998,51
2026-06-21 22:25,4206.7998,4207.0,4206.2998,4206.6001,13
2026-06-21 22:26,4205.5,4207.6001,4205.3999,4206.7002,67
2026-06-21 22:27,4204.7998,4205.5,4172.8999,4205.0,84
2026-06-21 22:28,4207.1001,4207.1001,4204.8999,4204.8999,30
2026-06-21 22:29,4206.2998,4206.7002,4206.0,4206.5,10
2026-06-21 22:30,4208.6001,4211.1001,4204.3999,4206.0,134
2026-06-21 22:31,4207.7002,4210.0,4172.8999,4209.0,75
2026-06-21 22:32,4208.7002,4208.7998,4206.7998,4208.1001,35
2026-06-21 22:33,4210.0,4210.0,4208.3999,4209.0,30
2026-06-21 22:34,4212.5,4212.5,4209.2998,4209.8999,105
2026-06-21 22:35,4212.0,4212.7998,4211.0,4212.2002,52
2026-06-21 22:36,4214.1001,4214.1001,4211.2998,4211.8999,45
2026-06-21 22:37,4213.7998,4214.2002,4212.6001,4213.7002,67
2026-06-21 22:38,4216.7002,4217.8999,4213.3999,4213.7998,93
2026-06-21 22:39,4213.7002,4216.3999,4213.7002,4216.3999,85
2026-06-21 22:40,4210.5,4213.2998,4210.3999,4213.0,154
2026-06-21 22:41,4211.2998,4212.3999,4210.8999,4210.8999,36
2026-06-21 22:42,4211.8999,4213.0,4211.7002,4212.6001,27
2026-06-21 22:43,4210.1001,4211.8999,4210.1001,4211.8999,26
2026-06-21 22:44,4209.2998,4210.2998,4208.0,4209.6001,79
2026-06-21 22:45,4206.7998,4209.3999,4206.1001,4209.1001,57
2026-06-21 22:46,4207.7002,4209.7002,4207.2998,4207.2998,48
2026-06-21 22:47,4206.0,4207.7002,4205.1001,4207.7002,51
2026-06-21 22:48,4207.1001,4207.1001,4205.0,4206.0,53
2026-06-21 22:49,4208.8999,4209.3999,4205.0,4206.5,150
2026-06-21 22:50,4207.0,4208.3999,4206.0,4208.3999,24
2026-06-21 22:51,4208.2002,4208.2002,4206.3999,4206.6001,12
2026-06-21 22:52,4207.1001,4209.2002,4172.8999,4208.6001,21
2026-06-21 22:53,4205.7998,4207.6001,4205.7998,4207.1001,21
2026-06-21 22:54,4206.6001,4206.7002,4205.7998,4205.7998,8
2026-06-21 22:55,4206.7998,4207.6001,4206.5,4206.8999,21
2026-06-21 22:56,4208.2998,4208.2998,4172.8999,4206.7002,13
2026-06-21 22:57,4206.2998,4207.2002,4205.7002,4207.2002,28
2026-06-21 22:58,4206.1001,4207.0,4206.1001,4206.8999,7
2026-06-21 22:59,4205.7002,4206.2998,4205.0,4206.2998,27
2026-06-21 23:00,4206.0,4207.0,4204.6001,4206.2998,49
2026-06-21 23:01,4204.5,4206.1001,4204.0,4205.2998,36
2026-06-21 23:02,4206.3999,4206.5,4204.2998,4204.2998,18
2026-06-21 23:03,4206.2002,4207.2002,4205.7002,4206.7998,36
2026-06-21 23:04,4205.7998,4206.2002,4205.1001,4205.8999,22
2026-06-21 23:05,4207.3999,4207.3999,4205.3999,4206.3999,19
2026-06-21 23:06,4204.5,4206.7002,4203.7002,4206.7002,27
2026-06-21 23:07,4203.7002,4206.0,4203.7002,4205.6001,30
2026-06-21 23:08,4201.6001,4203.7998,4201.3999,4203.1001,33
2026-06-21 23:09,4199.8999,4202.7998,4199.3999,4201.6001,78
2026-06-21 23:10,4200.3999,4200.5,4197.2002,4199.8999,99
2026-06-21 23:11,4201.0,4203.6001,4200.0,4200.2998,74
2026-06-21 23:12,4199.5,4202.3999,4199.5,4201.3999,39
2026-06-21 23:13,4198.5,4199.6001,4198.1001,4199.5,50
2026-06-21 23:14,4196.0,4198.2002,4196.0,4198.0,55
2026-06-21 23:15,4198.2002,4198.5,4196.0,4196.2998,84
2026-06-21 23:16,4196.2002,4198.3999,4195.3999,4198.2002,69
2026-06-21 23:17,4193.5,4196.2002,4172.8999,4196.2002,206
2026-06-21 23:18,4192.5,4194.3999,4191.5,4193.1001,78
2026-06-21 23:19,4194.1001,4194.6001,4192.5,4192.5,32
2026-06-21 23:20,4193.3999,4194.7002,4172.8999,4193.6001,32
2026-06-21 23:21,4192.0,4193.7002,4191.3999,4193.7002,31
2026-06-21 23:22,4194.0,4194.0,4191.2002,4191.6001,27
2026-06-21 23:23,4192.8999,4195.3999,4192.8999,4194.2998,52
2026-06-21 23:24,4196.2998,4197.2998,4194.1001,4194.1001,43
2026-06-21 23:25,4198.0,4198.0,4196.5,4196.5,26
2026-06-21 23:26,4196.8999,4198.5,4196.6001,4198.0,67
2026-06-21 23:27,4195.7002,4197.0,4195.2998,4197.0,34
2026-06-21 23:28,4198.0,4198.2998,4196.0,4196.0,23
2026-06-21 23:29,4197.5,4198.0,4197.0,4197.7002,19
2026-06-21 23:30,4197.5,4198.5,4197.2998,4197.8999,25
2026-06-21 23:31,4197.5,4197.7998,4197.0,4197.7998,25
2026-06-21 23:32,4196.3999,4197.2002,4195.3999,4197.0,57
2026-06-21 23:33,4197.0,4197.0,4195.7998,4195.7998,30
2026-06-21 23:34,4197.3999,4198.1001,4197.2002,4197.2002,6
2026-06-21 23:35,4197.2002,4197.2002,4196.0,4197.2002,31
2026-06-21 23:36,4195.6001,4196.2998,4195.1001,4196.0,13
2026-06-21 23:37,4194.7998,4196.0,4194.5,4195.2998,17
2026-06-21 23:38,4195.1001,4195.2998,4194.2998,4194.2998,19
2026-06-21 23:39,4193.5,4195.1001,4193.3999,4195.1001,16
2026-06-21 23:40,4193.5,4193.7998,4192.8999,4193.1001,17
2026-06-21 23:41,4193.6001,4194.0,4193.2002,4193.5,22
2026-06-21 23:42,4193.5,4193.6001,4172.8999,4193.5,10
2026-06-21 23:43,4192.7998,4193.7002,4192.3999,4193.6001,10
2026-06-21 23:44,4193.1001,4193.3999,4192.7002,4192.8999,19
2026-06-21 23:45,4192.8999,4194.0,4172.8999,4193.2998,15
2026-06-21 23:46,4193.3999,4193.5,4192.5,4192.6001,34
2026-06-21 23:47,4195.5,4195.5,4192.7002,4193.6001,16
2026-06-21 23:48,4195.7998,4196.6001,4195.7002,4195.7998,26
2026-06-21 23:49,4194.7002,4195.3999,4194.7002,4195.3999,7
2026-06-21 23:50,4193.2998,4194.6001,4192.7998,4194.6001,26
2026-06-21 23:51,4193.2998,4193.2998,4192.1001,4192.8999,14
2026-06-21 23:52,4193.7998,4193.7998,4193.2998,4193.2998,3
2026-06-21 23:53,4194.7998,4194.7998,4193.0,4193.2002,18
2026-06-21 23:54,4192.8999,4194.7998,4192.7998,4194.7998,6
2026-06-21 23:55,4193.5,4193.5,4192.5,4192.5,14
2026-06-21 23:56,4189.7002,4192.7002,4189.5,4192.3999,84
2026-06-21 23:57,4189.2002,4189.7998,4188.3999,4189.5,52
2026-06-21 23:58,4189.6001,4190.1001,4189.3999,4189.3999,26
2026-06-22 00:00,4189.2998,4190.1001,4188.7002,4189.2002,22
2026-06-22 00:01,4188.3999,4189.7998,4188.1001,4189.7998,20
2026-06-22 00:02,4189.6001,4189.6001,4188.7002,4188.7002,12
2026-06-22 00:03,4190.7002,4191.0,4189.2002,4189.8999,38
2026-06-22 00:04,4191.7002,4193.0,4190.5,4190.6001,35
2026-06-22 00:05,4192.3999,4192.3999,4191.6001,4191.7002,11
2026-06-22 00:06,4191.6001,4191.8999,4191.1001,4191.8999,12
2026-06-22 00:07,4194.1001,4194.1001,4192.2998,4192.2998,22
2026-06-22 00:08,4193.7998,4194.5,4193.6001,4194.3999,25
2026-06-22 00:09,4195.6001,4195.8999,4193.7998,4193.7998,25
2026-06-22 00:10,4195.2998,4196.2002,4195.2002,4195.6001,16
2026-06-22 00:11,4195.0,4195.1001,4194.0,4195.0,13
2026-06-22 00:12,4195.6001,4195.6001,4194.6001,4195.0,7
2026-06-22 00:13,4194.7002,4195.5,4194.7002,4195.2002,20
2026-06-22 00:14,4193.7002,4195.2002,4193.7002,4194.7002,12
2026-06-22 00:15,4193.2998,4194.2002,4193.0,4194.1001,16
2026-06-22 00:16,4172.8999,4194.7998,4172.8999,4193.2998,19
2026-06-22 00:17,4194.7002,4195.2998,4194.7002,4195.2002,5
2026-06-22 00:18,4194.5,4194.7002,4194.2998,4194.7002,12
2026-06-22 00:19,4193.5,4193.8999,4193.2998,4193.7002,6
2026-06-22 00:20,4195.6001,4195.7998,4172.8999,4195.0,20
2026-06-22 00:21,4194.7998,4194.7998,4194.5,4194.7998,3
2026-06-22 00:22,4196.2998,4196.6001,4194.8999,4194.8999,16
2026-06-22 00:23,4194.6001,4195.8999,4194.0,4195.8999,20
2026-06-22 00:24,4194.3999,4194.5,4194.3999,4194.5,2
2026-06-22 00:25,4193.7002,4194.0,4193.5,4193.7002,9
2026-06-22 00:26,4194.0,4194.0,4193.5,4193.5,11
2026-06-22 00:27,4192.1001,4194.0,4192.1001,4193.6001,20
2026-06-22 00:28,4194.8999,4194.8999,4192.1001,4192.2002,20
2026-06-22 00:29,4194.2002,4194.7998,4194.2002,4194.7998,9
2026-06-22 00:30,4193.7002,4194.3999,4193.6001,4194.2002,18
2026-06-22 00:31,4194.7998,4194.8999,4194.3999,4194.8999,8
2026-06-22 00:32,4194.7998,4194.7998,4193.8999,4194.6001,18
2026-06-22 00:33,4194.7002,4195.2002,4193.8999,4194.6001,30
2026-06-22 00:34,4193.7002,4194.3999,4193.6001,4194.3999,17
2026-06-22 00:35,4193.2998,4193.7002,4193.2998,4193.7002,6
2026-06-22 00:36,4195.7998,4195.7998,4193.1001,4193.3999,21
2026-06-22 00:37,4194.1001,4196.0,4194.0,4195.2002,27
2026-06-22 00:38,4195.0,4195.0,4193.6001,4193.7998,17
2026-06-22 00:39,4195.5,4195.5,4194.8999,4194.8999,6
2026-06-22 00:40,4195.2998,4195.5,4195.2998,4195.5,3
2026-06-22 00:41,4192.7998,4194.6001,4172.8999,4194.6001,24
2026-06-22 00:42,4193.2998,4193.3999,4192.8999,4192.8999,6
2026-06-22 00:43,4193.2002,4193.8999,4193.0,4193.0,16
2026-06-22 00:44,4194.3999,4194.3999,4193.5,4193.5,6
2026-06-22 00:45,4195.0,4195.0,4172.8999,4194.1001,8
2026-06-22 00:46,4196.8999,4197.7002,4195.3999,4195.3999,38
2026-06-22 00:47,4195.8999,4196.2998,4195.8999,4196.1001,7
2026-06-22 00:48,4194.6001,4195.7998,4194.6001,4195.7998,8
2026-06-22 00:49,4196.6001,4196.6001,4194.5,4194.5,29
2026-06-22 00:50,4196.5,4196.7002,4195.7998,4196.7002,18
2026-06-22 00:51,4196.7002,4197.3999,4196.2998,4196.5,22
2026-06-22 00:52,4197.5,4197.5,4196.3999,4196.7998,27
2026-06-22 00:53,4197.1001,4197.7002,4197.1001,4197.5,11
2026-06-22 00:54,4195.3999,4197.2998,4195.3999,4197.2998,20
2026-06-22 00:55,4196.1001,4196.1001,4195.0,4195.0,15
2026-06-22 00:56,4195.2998,4195.5,4195.2998,4195.5,4
2026-06-22 00:57,4197.5,4197.5,4195.2002,4195.2002,35
2026-06-22 00:58,4197.7998,4198.2998,4197.5,4197.7002,29
2026-06-22 00:59,4199.3999,4199.7002,4197.7002,4197.7002,34
2026-06-22 01:00,4198.7998,4199.2998,4198.2002,4199.2998,17
2026-06-22 01:01,4198.2998,4199.7002,4198.2998,4199.0,15
2026-06-22 01:02,4198.7998,4199.2002,4197.7998,4197.8999,15
2026-06-22 01:03,4198.7998,4199.2998,4198.6001,4199.0,18
2026-06-22 01:04,4199.2998,4199.2998,4198.0,4198.6001,12
2026-06-22 01:05,4197.0,4199.6001,4196.8999,4199.0,24
2026-06-22 01:06,4198.2002,4198.2998,4172.8999,4196.8999,19
2026-06-22 01:07,4199.6001,4200.6001,4198.1001,4198.7998,95
2026-06-22 01:08,4202.1001,4202.2998,4199.7998,4199.8999,56
2026-06-22 01:09,4201.2002,4202.3999,4201.0,4201.6001,64
2026-06-22 01:10,4201.6001,4203.6001,4172.8999,4200.7998,33
2026-06-22 01:11,4200.2002,4201.5,4200.2002,4201.5,25
2026-06-22 01:12,4201.7002,4202.2998,4200.5,4200.5,15
2026-06-22 01:13,4203.7998,4204.3999,4201.3999,4201.3999,39
2026-06-22 01:14,4203.2998,4203.2998,4203.0,4203.0,5
2026-06-22 01:15,4204.2998,4204.6001,4203.3999,4204.2002,22
2026-06-22 01:16,4202.7998,4204.5,4202.0,4204.2002,37
2026-06-22 01:17,4204.8999,4205.7002,4203.2998,4203.2998,99
2026-06-22 01:18,4204.8999,4205.7998,4203.8999,4204.5,34
2026-06-22 01:19,4203.7998,4205.0,4203.3999,4205.0,18
2026-06-22 01:20,4205.3999,4205.7002,4204.7002,4204.7002,33
2026-06-22 01:21,4204.8999,4205.5,4204.5,4205.2002,11
2026-06-22 01:22,4204.7998,4205.2998,4204.7998,4205.2998,5
2026-06-22 01:23,4205.2002,4206.1001,4204.3999,4205.2002,66
2026-06-22 01:24,4206.7002,4206.7002,4204.8999,4205.2002,39
2026-06-22 01:25,4205.7998,4207.7998,4205.7998,4206.7002,79
2026-06-22 01:26,4205.7998,4205.7998,4205.2002,4205.7002,19
2026-06-22 01:27,4206.0,4206.2998,4205.5,4206.0,26
2026-06-22 01:28,4207.0,4207.0,4205.0,4205.7002,39
2026-06-22 01:29,4211.7998,4211.8999,4206.7002,4206.7002,141
2026-06-22 01:30,4208.3999,4214.2998,4208.0,4211.5,289
2026-06-22 01:31,4209.1001,4209.2998,4172.8999,4209.1001,76
2026-06-22 01:32,4208.2002,4210.1001,4207.7998,4208.3999,80
2026-06-22 01:33,4209.2002,4209.8999,4207.3999,4208.2998,45
2026-06-22 01:34,4172.8999,4210.6001,4172.8999,4208.6001,24
2026-06-22 01:35,4211.3999,4211.5,4208.7002,4209.3999,48
2026-06-22 01:36,4214.0,4215.6001,4210.7998,4211.1001,96
2026-06-22 01:37,4214.1001,4214.2998,4212.3999,4214.0,51
2026-06-22 01:38,4214.5,4214.7998,4213.6001,4214.0,42
2026-06-22 01:39,4214.1001,4215.1001,4213.6001,4215.0,40
2026-06-22 01:40,4211.8999,4216.3999,4211.2998,4214.2998,84
2026-06-22 01:41,4211.2002,4212.5,4211.2002,4212.1001,50
2026-06-22 01:42,4212.2998,4213.0,4210.7002,4211.2002,67
2026-06-22 01:43,4211.3999,4212.2002,4210.6001,4212.2002,30
2026-06-22 01:44,4210.5,4211.2002,4209.7998,4211.2002,40
2026-06-22 01:45,4211.3999,4211.3999,4210.1001,4210.7998,33
2026-06-22 01:46,4209.2998,4211.5,4209.2002,4211.5,16
2026-06-22 01:47,4210.1001,4211.5,4209.5,4209.7002,27
2026-06-22 01:48,4209.0,4210.0,4207.8999,4209.8999,23
2026-06-22 01:49,4210.8999,4211.0,4208.2002,4208.8999,44
2026-06-22 01:50,4210.6001,4211.2998,4210.2002,4210.8999,12
2026-06-22 01:51,4211.1001,4212.3999,4210.1001,4211.1001,28
2026-06-22 01:52,4213.6001,4214.0,4211.5,4211.5,50
2026-06-22 01:53,4214.0,4214.1001,4213.2998,4213.6001,82
2026-06-22 01:54,4213.7002,4214.7002,4213.5,4213.8999,37
2026-06-22 01:55,4214.2998,4214.2998,4213.2002,4213.6001,34
2026-06-22 01:56,4213.7002,4214.7002,4172.8999,4214.2998,27
2026-06-22 01:57,4212.2002,4213.5,4210.7998,4213.5,30
2026-06-22 01:58,4212.7998,4213.2002,4212.2998,4212.7002,25
2026-06-22 01:59,4211.2998,4212.5,4172.8999,4212.5,29
2026-06-22 02:00,4212.7998,4213.0,4210.6001,4211.6001,76
2026-06-22 02:01,4212.1001,4213.2998,4212.0,4212.2002,22
2026-06-22 02:02,4212.2998,4213.2002,4211.3999,4211.8999,65
2026-06-22 02:03,4210.7998,4214.1001,4210.7002,4212.6001,67
2026-06-22 02:04,4209.7998,4211.1001,4208.8999,4210.8999,74
2026-06-22 02:05,4211.2002,4211.2998,4209.1001,4209.7998,82
2026-06-22 02:06,4211.8999,4211.8999,4210.2998,4211.2998,26
2026-06-22 02:07,4212.6001,4213.2002,4210.7002,4211.1001,19
2026-06-22 02:08,4213.2998,4213.2998,4211.7998,4212.1001,51
2026-06-22 02:09,4214.6001,4214.7002,4211.5,4212.2998,32
2026-06-22 02:10,4215.0,4216.0,4214.1001,4214.3999,61
2026-06-22 02:11,4213.2002,4215.0,4213.2002,4215.0,42
2026-06-22 02:12,4214.1001,4214.2002,4213.0,4213.2002,17
2026-06-22 02:13,4213.0,4215.0,4211.6001,4214.0,69
2026-06-22 02:14,4211.7998,4213.2998,4211.2002,4212.6001,52
2026-06-22 02:15,4213.7002,4214.2002,4211.6001,4212.2002,59
2026-06-22 02:16,4214.1001,4214.1001,4213.0,4213.7998,41
2026-06-22 02:17,4215.0,4215.7998,4213.3999,4213.7002,198
2026-06-22 02:18,4215.7998,4217.7998,4214.7002,4215.1001,171
2026-06-22 02:19,4215.5,4215.8999,4214.7002,4215.7998,80
2026-06-22 02:20,4172.8999,4216.0,4172.8999,4215.7998,103
2026-06-22 02:21,4214.2998,4216.7002,4213.5,4216.0,63
2026-06-22 02:22,4215.1001,4215.3999,4214.8999,4214.8999,11
2026-06-22 02:23,4216.7002,4216.7002,4214.8999,4214.8999,40
2026-06-22 02:24,4218.5,4218.6001,4172.8999,4216.6001,130
2026-06-22 02:25,4216.7002,4219.1001,4216.7002,4218.7002,95
2026-06-22 02:26,4216.1001,4217.0,4215.7998,4217.0,22
2026-06-22 02:27,4216.2998,4217.1001,4215.7002,4216.2998,34
2026-06-22 02:28,4215.2998,4216.3999,4214.1001,4216.3999,43
2026-06-22 02:29,4214.8999,4216.1001,4214.7998,4215.5,24
2026-06-22 02:30,4214.7002,4214.7998,4212.8999,4214.7998,46
2026-06-22 02:31,4214.2002,4215.2998,4213.5,4214.7998,53
2026-06-22 02:32,4214.7998,4216.2998,4214.1001,4214.2002,51
2026-06-22 02:33,4216.2002,4216.2002,4215.3999,4215.3999,14
2026-06-22 02:34,4217.0,4217.0,4215.8999,4216.1001,21
2026-06-22 02:35,4217.5,4218.0,4216.6001,4216.6001,26
2026-06-22 02:36,4217.0,4217.2998,4215.5,4217.2002,62
2026-06-22 02:37,4216.5,4218.2998,4215.7998,4217.0,47
2026-06-22 02:38,4216.7998,4217.2998,4216.2998,4216.6001,39
2026-06-22 02:39,4216.6001,4217.3999,4216.1001,4216.3999,24
2026-06-22 02:40,4217.2002,4217.2002,4215.0,4216.2998,39
2026-06-22 02:41,4218.2998,4218.5,4217.6001,4217.7998,25
2026-06-22 02:42,4218.0,4218.6001,4217.7002,4218.5,34
2026-06-22 02:43,4218.1001,4218.2002,4217.5,4217.6001,6
2026-06-22 02:44,4220.5,4220.6001,4217.8999,4218.5,62
2026-06-22 02:45,4222.2998,4222.8999,4172.8999,4220.3999,149
2026-06-22 02:46,4220.0,4222.6001,4220.0,4222.2998,70
2026-06-22 02:47,4220.5,4221.2002,4219.5,4219.7002,79
2026-06-22 02:48,4220.3999,4221.0,4220.0,4220.2998,27
2026-06-22 02:49,4220.6001,4221.7002,4172.8999,4220.2002,42
2026-06-22 02:50,4222.0,4222.8999,4220.8999,4220.8999,49
2026-06-22 02:51,4224.2002,4225.3999,4222.2002,4222.6001,195
2026-06-22 02:52,4223.7002,4224.6001,4223.7002,4224.5,33
2026-06-22 02:53,4222.7998,4223.6001,4221.5,4223.6001,112
2026-06-22 02:54,4222.5,4224.1001,4222.5,4222.7002,59
2026-06-22 02:55,4222.5,4223.1001,4220.3999,4222.1001,90
2026-06-22 02:56,4222.6001,4223.3999,4221.7002,4222.7002,38
2026-06-22 02:57,4218.5,4222.3999,4218.2998,4222.2002,114
2026-06-22 02:58,4216.0,4218.3999,4215.1001,4218.1001,136
2026-06-22 02:59,4215.3999,4217.1001,4215.3999,4216.6001,67
2026-06-22 03:00,4215.3999,4217.3999,4215.3999,4216.0,143
2026-06-22 03:01,4216.3999,4216.7998,4215.3999,4215.3999,34
2026-06-22 03:02,4219.2998,4219.2998,4216.7002,4216.7998,76
2026-06-22 03:03,4217.3999,4219.2002,4216.7002,4219.2002,40
2026-06-22 03:04,4216.7002,4217.7002,4215.7002,4217.2998,38
2026-06-22 03:05,4217.2002,4217.2998,4215.5,4216.8999,55
2026-06-22 03:06,4218.6001,4219.5,4217.5,4217.6001,110
2026-06-22 03:07,4218.2002,4219.3999,4217.6001,4219.2002,47
2026-06-22 03:08,4218.3999,4219.6001,4217.7002,4218.2998,45
2026-06-22 03:09,4218.1001,4218.6001,4218.1001,4218.6001,11
2026-06-22 03:10,4217.6001,4219.0,4172.8999,4218.0,37
2026-06-22 03:11,4217.7998,4217.7998,4216.5,4217.3999,26
2026-06-22 03:12,4218.5,4218.5,4217.1001,4217.8999,32
2026-06-22 03:13,4217.2002,4218.8999,4217.2002,4218.8999,26
2026-06-22 03:14,4217.2002,4218.6001,4172.8999,4217.5,30
2026-06-22 03:15,4218.5,4219.7002,4217.8999,4217.8999,26
2026-06-22 03:16,4217.5,4218.6001,4217.1001,4218.6001,25
2026-06-22 03:17,4217.7998,4218.0,4217.0,4217.6001,56
2026-06-22 03:18,4219.2002,4219.2002,4218.0,4218.5,10
2026-06-22 03:19,4218.6001,4219.1001,4218.6001,4218.8999,3
2026-06-22 03:20,4216.8999,4218.7998,4216.7002,4218.7998,26
2026-06-22 03:21,4217.1001,4217.2998,4216.2002,4216.8999,14
2026-06-22 03:22,4217.1001,4218.1001,4216.7998,4217.1001,65
2026-06-22 03:23,4215.2002,4217.2002,4215.1001,4217.0,59
2026-06-22 03:24,4215.2998,4216.2002,4215.0,4215.8999,80
2026-06-22 03:25,4216.1001,4216.1001,4215.0,4215.3999,74
2026-06-22 03:26,4215.1001,4216.6001,4215.1001,4216.6001,22
2026-06-22 03:27,4215.6001,4215.8999,4215.2002,4215.2002,58
2026-06-22 03:28,4215.2002,4215.6001,4215.0,4215.5,37
2026-06-22 03:29,4215.6001,4216.2998,4215.0,4215.2002,99
2026-06-22 03:30,4212.8999,4215.7002,4212.2998,4215.7002,241
2026-06-22 03:31,4213.5,4214.3999,4211.8999,4212.7002,67
2026-06-22 03:32,4215.8999,4215.8999,4214.1001,4214.3999,33
2026-06-22 03:33,4216.3999,4217.8999,4216.2998,4216.2998,78
2026-06-22 03:34,4217.3999,4217.3999,4215.7002,4216.3999,33
2026-06-22 03:35,4215.6001,4216.7998,4172.8999,4216.7998,53
2026-06-22 03:36,4215.5,4216.3999,4215.2998,4215.7998,20
2026-06-22 03:37,4214.7998,4215.8999,4213.3999,4215.8999,83
2026-06-22 03:38,4214.7998,4215.3999,4214.1001,4214.7998,22
2026-06-22 03:39,4212.7002,4215.3999,4172.8999,4214.7998,55
2026-06-22 03:40,4213.0,4213.8999,4212.6001,4213.1001,34
2026-06-22 03:41,4210.6001,4212.6001,4210.6001,4212.5,57
2026-06-22 03:42,4211.2998,4211.5,4210.1001,4210.7998,86
2026-06-22 03:43,4211.3999,4212.1001,4211.0,4211.7002,27
2026-06-22 03:44,4212.5,4212.5,4211.3999,4211.8999,34
2026-06-22 03:45,4211.2002,4212.2002,4211.1001,4212.2002,27
2026-06-22 03:46,4210.7002,4211.3999,4210.1001,4211.2998,51
2026-06-22 03:47,4210.3999,4210.8999,4210.3999,4210.3999,15
2026-06-22 03:48,4211.5,4211.5,4210.6001,4210.6001,27
2026-06-22 03:49,4212.7002,4213.0,4211.2002,4211.6001,32
2026-06-22 03:50,4213.7998,4214.2002,4213.2002,4213.2002,50
2026-06-22 03:51,4211.7002,4213.3999,4211.6001,4213.3999,51
2026-06-22 03:52,4211.2998,4212.1001,4211.2998,4211.3999,30
2026-06-22 03:53,4208.5,4211.6001,4208.5,4211.6001,86
2026-06-22 03:54,4209.1001,4209.8999,4208.1001,4208.8999,89
2026-06-22 03:55,4209.8999,4210.2002,4208.7002,4208.8999,40
2026-06-22 03:56,4208.0,4210.0,4207.8999,4209.8999,29
2026-06-22 03:57,4207.2002,4208.2002,4206.5,4207.7998,43
2026-06-22 03:58,4208.7002,4208.8999,4207.2998,4207.5,17
2026-06-22 03:59,4208.5,4209.5,4208.2002,4208.7002,29
2026-06-22 04:00,4208.0,4208.7998,4172.8999,4208.2998,77
2026-06-22 04:01,4206.8999,4208.0,4206.7002,4207.5,55
2026-06-22 04:02,4208.7998,4209.0,4207.0,4207.2998,117
2026-06-22 04:03,4208.7002,4210.8999,4208.5,4209.1001,197
2026-06-22 04:04,4210.2002,4210.2002,4172.8999,4208.7998,202
2026-06-22 04:05,4211.5,4212.7002,4209.8999,4209.8999,92
2026-06-22 04:06,4210.6001,4211.2998,4209.2998,4211.2998,79
2026-06-22 04:07,4209.3999,4210.6001,4209.0,4210.6001,25
2026-06-22 04:08,4209.7002,4209.7998,4209.2002,4209.6001,9
2026-06-22 04:09,4209.5,4210.6001,4209.5,4209.7998,15
2026-06-22 04:10,4208.5,4210.0,4208.0,4210.0,17
2026-06-22 04:11,4208.2002,4208.2998,4207.0,4208.2998,96
2026-06-22 04:12,4209.2998,4209.5,4208.2002,4208.2998,17
2026-06-22 04:13,4208.6001,4209.5,4208.6001,4209.5,25
2026-06-22 04:14,4208.0,4209.1001,4207.7002,4208.7998,24
2026-06-22 04:15,4209.3999,4209.6001,4207.0,4208.0,49
2026-06-22 04:16,4207.7002,4209.6001,4207.7002,4209.3999,32
2026-06-22 04:17,4208.3999,4208.5,4207.8999,4208.1001,27
2026-06-22 04:18,4208.2998,4208.5,4207.2998,4208.5,41
2026-06-22 04:19,4208.5,4209.7002,4208.5,4208.5,13
2026-06-22 04:20,4210.6001,4210.6001,4208.5,4208.7002,29
2026-06-22 04:21,4212.3999,4212.3999,4209.7002,4210.1001,32
2026-06-22 04:22,4211.0,4213.2998,4210.1001,4212.7002,64
2026-06-22 04:23,4211.0,4211.2002,4210.0,4210.6001,39
2026-06-22 04:24,4210.2002,4211.5,4209.7998,4211.0,11
2026-06-22 04:25,4209.2998,4210.2998,4172.8999,4209.3999,20
2026-06-22 04:26,4208.3999,4210.0,4208.2998,4210.0,26
2026-06-22 04:27,4208.7998,4209.0,4207.5,4208.2998,45
2026-06-22 04:28,4210.1001,4210.5,4172.8999,4208.7002,49
2026-06-22 04:29,4209.8999,4211.2998,4209.5,4210.1001,63
2026-06-22 04:30,4207.3999,4209.7002,4207.0,4209.5,130
2026-06-22 04:31,4208.0,4209.1001,4207.6001,4207.7998,55
2026-06-22 04:32,4207.2002,4208.3999,4207.2002,4208.2002,13
2026-06-22 04:33,4207.5,4207.6001,4207.0,4207.2002,14
2026-06-22 04:34,4209.0,4209.1001,4207.2002,4207.6001,25
2026-06-22 04:35,4209.8999,4210.8999,4209.3999,4209.3999,21
2026-06-22 04:36,4211.8999,4211.8999,4210.0,4210.2002,51
2026-06-22 04:37,4210.8999,4212.1001,4210.3999,4211.3999,94
2026-06-22 04:38,4209.3999,4210.7002,4209.1001,4210.6001,26
2026-06-22 04:39,4209.0,4210.2002,4208.6001,4209.0,23
2026-06-22 04:40,4208.7998,4209.1001,4208.6001,4209.0,24
2026-06-22 04:41,4210.7998,4211.0,4208.7002,4208.7002,37
2026-06-22 04:42,4210.8999,4211.7002,4210.5,4211.0,33
2026-06-22 04:43,4211.2998,4211.2998,4210.3999,4210.8999,12
2026-06-22 04:44,4211.6001,4211.6001,4210.7998,4210.7998,14
2026-06-22 04:45,4211.3999,4212.1001,4210.7002,4211.6001,35
2026-06-22 04:46,4212.0,4212.5,4211.1001,4211.2002,38
2026-06-22 04:47,4211.5,4211.8999,4211.2998,4211.8999,12
2026-06-22 04:48,4211.3999,4212.1001,4210.3999,4211.1001,61
2026-06-22 04:49,4172.8999,4212.2998,4172.8999,4211.2998,22
2026-06-22 04:50,4213.3999,4213.7002,4212.2998,4212.2998,38
2026-06-22 04:51,4211.1001,4212.5,4211.1001,4212.3999,32
2026-06-22 04:52,4211.7998,4212.1001,4210.1001,4211.0,47
2026-06-22 04:53,4215.2002,4215.8999,4172.8999,4211.2002,82
2026-06-22 04:54,4213.3999,4215.5,4213.3999,4215.1001,52
2026-06-22 04:55,4213.7998,4214.1001,4213.3999,4213.7002,48
2026-06-22 04:56,4214.5,4215.3999,4214.1001,4214.3999,56
2026-06-22 04:57,4212.5,4214.2998,4212.5,4214.2998,22
2026-06-22 04:58,4213.3999,4213.6001,4213.0,4213.0,23
2026-06-22 04:59,4215.7002,4215.7998,4213.8999,4213.8999,26
2026-06-22 05:00,4214.8999,4217.0,4214.2002,4215.5,119
2026-06-22 05:01,4216.6001,4216.6001,4214.2002,4214.7002,41
2026-06-22 05:02,4216.7002,4217.0,4216.0,4216.7998,14
2026-06-22 05:03,4218.2002,4218.5,4216.2002,4217.0,38
2026-06-22 05:04,4220.2002,4221.0,4218.0,4218.3999,118
2026-06-22 05:05,4221.5,4222.2002,4219.7002,4220.1001,107
2026-06-22 05:06,4226.2998,4227.5,4221.6001,4221.7002,203
2026-06-22 05:07,4225.2002,4226.8999,4225.0,4225.8999,68
2026-06-22 05:08,4226.7998,4227.7998,4225.6001,4225.6001,39
2026-06-22 05:09,4226.7002,4227.2998,4225.7998,4226.7002,29
2026-06-22 05:10,4225.7002,4227.7002,4225.7002,4226.3999,38
2026-06-22 05:11,4224.2998,4226.3999,4224.1001,4226.0,106
2026-06-22 05:12,4222.3999,4224.3999,4221.8999,4224.3999,46
2026-06-22 05:13,4221.2998,4222.5,4221.2002,4222.2002,35
2026-06-22 05:14,4223.5,4223.5,4172.8999,4221.6001,25
2026-06-22 05:15,4222.7002,4224.5,4222.6001,4223.7002,58
2026-06-22 05:16,4223.5,4224.0,4222.6001,4222.6001,17
2026-06-22 05:17,4224.1001,4224.7002,4223.7002,4223.7998,24
2026-06-22 05:18,4224.7002,4225.0,4172.8999,4224.2998,28
2026-06-22 05:19,4225.1001,4225.5,4224.1001,4225.0,50
2026-06-22 05:20,4225.2998,4226.2998,4225.2998,4225.2998,55
2026-06-22 05:21,4226.6001,4226.7002,4224.7002,4225.6001,45
2026-06-22 05:22,4223.0,4227.1001,4223.0,4226.6001,110
2026-06-22 05:23,4224.1001,4224.3999,4223.0,4223.0,39
2026-06-22 05:24,4224.0,4225.1001,4223.7998,4223.7998,24
2026-06-22 05:25,4222.7002,4224.3999,4222.2002,4223.6001,60
2026-06-22 05:26,4223.0,4223.0,4221.8999,4222.5,46
2026-06-22 05:27,4220.7998,4222.8999,4220.7002,4222.8999,90
2026-06-22 05:28,4222.1001,4222.3999,4221.3999,4221.3999,24
2026-06-22 05:29,4222.0,4222.6001,4221.5,4222.2998,86
2026-06-22 05:30,4220.5,4222.2002,4219.2998,4222.2002,251
2026-06-22 05:31,4221.2002,4221.5,4219.7998,4220.3999,198
2026-06-22 05:32,4223.6001,4223.6001,4220.2002,4221.1001,179
2026-06-22 05:33,4226.1001,4227.8999,4222.2998,4223.7002,297
2026-06-22 05:34,4226.0,4226.7998,4224.8999,4226.2002,166
2026-06-22 05:35,4224.7002,4227.2998,4224.2998,4226.0,213
2026-06-22 05:36,4224.2998,4224.7002,4222.3999,4224.5,70
2026-06-22 05:37,4224.8999,4225.2998,4223.1001,4223.7002,66
2026-06-22 05:38,4225.2998,4225.7998,4224.5,4224.7002,170
2026-06-22 05:39,4226.2002,4226.7002,4172.8999,4225.2002,103
2026-06-22 05:40,4227.6001,4227.6001,4226.3999,4226.3999,55
2026-06-22 05:41,4226.2002,4227.8999,4225.5,4227.3999,77
2026-06-22 05:42,4226.7998,4226.7998,4225.8999,4226.3999,88
2026-06-22 05:43,4225.1001,4227.1001,4172.8999,4226.5,23
2026-06-22 05:44,4224.8999,4225.2002,4224.1001,4224.7998,44
2026-06-22 05:45,4223.6001,4225.3999,4222.8999,4224.7998,111
2026-06-22 05:46,4222.3999,4224.1001,4222.2002,4224.1001,19
2026-06-22 05:47,4225.1001,4225.7002,4222.3999,4222.3999,45
2026-06-22 05:48,4225.2002,4225.7998,4225.0,4225.2002,51
2026-06-22 05:49,4225.2002,4225.6001,4225.0,4225.0,26
2026-06-22 05:50,4224.5,4225.5,4224.2002,4225.5,26
2026-06-22 05:51,4227.6001,4228.0,4224.6001,4224.6001,119
2026-06-22 05:52,4227.8999,4228.2002,4226.6001,4227.8999,121
2026-06-22 05:53,4226.7998,4228.0,4226.7998,4227.7002,33
2026-06-22 05:54,4226.7002,4228.6001,4226.2002,4226.8999,197
2026-06-22 05:55,4227.3999,4227.5,4226.1001,4226.8999,46
2026-06-22 05:56,4228.0,4228.1001,4226.8999,4227.2998,32
2026-06-22 05:57,4227.0,4228.5,4227.0,4227.8999,45
2026-06-22 05:58,4227.1001,4227.1001,4226.2998,4226.8999,86
2026-06-22 05:59,4226.2002,4227.1001,4226.0,4226.8999,80
2026-06-22 06:00,4226.7998,4227.0,4226.0,4226.5,38
2026-06-22 06:01,4227.2998,4227.3999,4226.5,4227.0,22
2026-06-22 06:02,4227.5,4228.7998,4227.3999,4227.3999,120
2026-06-22 06:03,4226.8999,4227.7998,4226.8999,4227.3999,26
2026-06-22 06:04,4226.7002,4227.8999,4172.8999,4227.1001,38
2026-06-22 06:05,4226.7002,4226.7002,4226.2002,4226.7002,9
2026-06-22 06:06,4226.8999,4228.3999,4226.8999,4227.0,45
2026-06-22 06:07,4172.8999,4228.5,4172.8999,4227.0,51
2026-06-22 06:08,4227.7002,4227.7002,4226.7998,4227.2998,12
2026-06-22 06:09,4228.7002,4229.7002,4227.5,4227.5,58
2026-06-22 06:10,4227.7998,4229.5,4227.7002,4228.8999,68
2026-06-22 06:11,4231.8999,4232.2002,4227.0,4227.6001,150
2026-06-22 06:12,4230.0,4232.0,4230.0,4231.7998,75
2026-06-22 06:13,4230.2002,4230.6001,4228.5,4229.7998,50
2026-06-22 06:14,4230.8999,4231.7998,4230.7002,4230.7002,18
2026-06-22 06:15,4228.7998,4230.6001,4228.1001,4230.6001,53
2026-06-22 06:16,4229.7002,4230.2002,4228.7002,4228.7998,35
2026-06-22 06:17,4229.8999,4230.6001,4228.7998,4230.0,147
2026-06-22 06:18,4228.8999,4229.7002,4228.8999,4229.7002,15
2026-06-22 06:19,4228.6001,4228.8999,4228.6001,4228.6001,13
2026-06-22 06:20,4227.3999,4228.7002,4226.8999,4228.0,36
2026-06-22 06:21,4227.2002,4227.6001,4226.1001,4226.6001,23
2026-06-22 06:22,4227.7998,4227.7998,4227.2002,4227.5,15
2026-06-22 06:23,4228.6001,4228.6001,4227.7998,4228.2002,11
2026-06-22 06:24,4229.1001,4229.1001,4228.1001,4228.1001,13
2026-06-22 06:25,4231.2002,4232.2998,4229.3999,4229.3999,131
2026-06-22 06:26,4230.8999,4231.1001,4230.7998,4230.8999,8
2026-06-22 06:27,4230.2998,4230.7002,4229.5,4230.7002,30
2026-06-22 06:28,4228.6001,4230.6001,4228.2998,4230.3999,46
2026-06-22 06:29,4228.1001,4228.2998,4172.8999,4228.2998,22
2026-06-22 06:30,4227.8999,4228.2998,4227.0,4228.0,84
2026-06-22 06:31,4227.7998,4228.1001,4227.7998,4227.7998,9
2026-06-22 06:32,4172.8999,4228.8999,4172.8999,4227.7998,22
2026-06-22 06:33,4228.2002,4228.2002,4227.2998,4227.5,7
2026-06-22 06:34,4228.2002,4228.6001,4228.0,4228.2002,13
2026-06-22 06:35,4228.8999,4228.8999,4227.7002,4228.1001,14
2026-06-22 06:36,4229.2002,4229.3999,4228.2998,4228.5,16
2026-06-22 06:37,4227.7002,4228.6001,4227.7002,4228.6001,16
2026-06-22 06:38,4228.0,4228.0,4227.6001,4227.7002,8
2026-06-22 06:39,4226.8999,4227.7998,4226.6001,4227.7998,10
2026-06-22 06:40,4227.7998,4227.7998,4226.6001,4227.0,14
2026-06-22 06:41,4227.7002,4228.2002,4227.7002,4228.1001,12
2026-06-22 06:42,4227.6001,4228.2998,4227.5,4228.1001,14
2026-06-22 06:43,4226.6001,4226.8999,4226.0,4226.7998,55
2026-06-22 06:44,4226.3999,4227.1001,4226.2998,4226.7002,17
2026-06-22 06:45,4226.5,4226.7002,4226.0,4226.6001,87
2026-06-22 06:46,4224.3999,4226.5,4224.0,4226.5,96
2026-06-22 06:47,4223.0,4224.5,4222.8999,4224.5,42
2026-06-22 06:48,4223.2998,4223.6001,4222.2998,4223.0,83
2026-06-22 06:49,4223.3999,4224.2002,4223.0,4223.6001,31
2026-06-22 06:50,4224.2002,4225.0,4223.5,4223.5,52
2026-06-22 06:51,4224.1001,4224.3999,4223.6001,4224.3999,21
2026-06-22 06:52,4224.6001,4224.6001,4224.0,4224.2998,12
2026-06-22 06:53,4225.5,4225.5,4224.3999,4224.3999,28
2026-06-22 06:54,4226.0,4227.3999,4172.8999,4225.7998,68
2026-06-22 06:55,4224.8999,4225.8999,4224.5,4225.8999,21
2026-06-22 06:56,4223.2998,4225.0,4223.2998,4225.0,8
2026-06-22 06:57,4172.8999,4223.1001,4172.8999,4223.1001,26
2026-06-22 06:58,4221.7002,4222.7998,4221.2998,4222.1001,38
2026-06-22 06:59,4222.7002,4222.7002,4221.6001,4222.0,48
2026-06-22 07:00,4222.8999,4223.8999,4222.3999,4222.7998,53
2026-06-22 07:01,4223.7002,4223.7002,4222.8999,4223.1001,11
2026-06-22 07:02,4224.2998,4224.8999,4223.2002,4223.3999,30
2026-06-22 07:03,4223.0,4224.6001,4223.0,4224.6001,16
2026-06-22 07:04,4227.3999,4228.2002,4223.2002,4223.2002,138
2026-06-22 07:05,4232.2998,4232.7998,4227.2998,4227.6001,355
2026-06-22 07:06,4232.7998,4233.7002,4228.5,4231.2998,202
2026-06-22 07:07,4229.1001,4232.8999,4229.1001,4232.7998,109
2026-06-22 07:08,4229.6001,4230.5,4229.2998,4229.2998,33
2026-06-22 07:09,4229.2002,4230.0,4228.5,4229.6001,56
2026-06-22 07:10,4227.7002,4229.2002,4227.2002,4229.2002,29
2026-06-22 07:11,4226.0,4227.5,4224.5,4227.5,84
2026-06-22 07:12,4225.3999,4226.2998,4224.1001,4225.7998,65
2026-06-22 07:13,4224.7998,4225.8999,4224.7998,4225.7998,23
2026-06-22 07:14,4226.2998,4226.7998,4224.6001,4225.2002,55
2026-06-22 07:15,4225.2998,4226.2002,4224.8999,4226.1001,21
2026-06-22 07:16,4225.7998,4226.2998,4225.0,4225.5,24
2026-06-22 07:17,4226.1001,4226.1001,4224.7002,4225.2998,12
2026-06-22 07:18,4226.2998,4227.0,4226.1001,4226.3999,33
2026-06-22 07:19,4225.7998,4226.2998,4172.8999,4226.2998,6
2026-06-22 07:20,4227.1001,4227.2002,4225.6001,4225.8999,30
2026-06-22 07:21,4226.5,4227.7998,4226.5,4227.2002,29
2026-06-22 07:22,4225.5,4226.2998,4172.8999,4226.2998,18
2026-06-22 07:23,4226.2002,4226.2002,4224.6001,4225.2998,22
2026-06-22 07:24,4225.8999,4226.1001,4225.5,4226.1001,5
2026-06-22 07:25,4223.8999,4225.2998,4223.7998,4225.2998,31
2026-06-22 07:26,4223.8999,4224.3999,4223.3999,4224.0,22
2026-06-22 07:27,4224.2002,4224.5,4224.1001,4224.3999,8
2026-06-22 07:28,4223.2002,4224.2002,4223.2002,4223.7998,14
2026-06-22 07:29,4222.0,4223.2002,4221.2998,4223.2002,53
2026-06-22 07:30,4222.5,4223.2002,4221.6001,4221.8999,53
2026-06-22 07:31,4223.2002,4223.2002,4221.8999,4222.2002,44
2026-06-22 07:32,4224.2998,4224.7998,4222.7998,4223.0,27
2026-06-22 07:33,4224.6001,4226.2998,4224.2002,4224.2002,46
2026-06-22 07:34,4224.7002,4224.7002,4223.8999,4224.3999,18
2026-06-22 07:35,4223.7002,4223.7002,4223.0,4223.2002,17
2026-06-22 07:36,4222.1001,4223.5,4222.0,4223.5,52
2026-06-22 07:37,4220.8999,4223.2002,4220.7998,4221.7998,86
2026-06-22 07:38,4221.1001,4221.3999,4220.1001,4220.8999,45
2026-06-22 07:39,4224.3999,4224.3999,4220.7002,4221.0,107
2026-06-22 07:40,4224.2998,4226.0,4223.7002,4224.6001,117
2026-06-22 07:41,4224.1001,4225.1001,4223.8999,4225.0,19
2026-06-22 07:42,4224.0,4224.2998,4223.0,4224.2998,24
2026-06-22 07:43,4172.8999,4224.1001,4172.8999,4223.8999,23
2026-06-22 07:44,4224.3999,4224.6001,4223.2002,4223.2998,21
2026-06-22 07:45,4223.2002,4224.6001,4222.3999,4224.3999,14
2026-06-22 07:46,4222.7998,4222.8999,4222.3999,4222.7002,5
2026-06-22 07:47,4222.2002,4222.7998,4172.8999,4222.7998,19
2026-06-22 07:48,4223.0,4223.3999,4221.0,4222.2002,75
2026-06-22 07:49,4222.7002,4222.7002,4222.3999,4222.3999,21
2026-06-22 07:50,4221.6001,4222.5,4221.1001,4222.5,11
2026-06-22 07:51,4221.7002,4222.1001,4221.2002,4221.2998,17
2026-06-22 07:52,4220.2998,4222.1001,4220.2998,4221.2998,39
2026-06-22 07:53,4222.1001,4222.2998,4219.2002,4220.6001,98
2026-06-22 07:54,4223.3999,4223.5,4222.1001,4222.2998,45
2026-06-22 07:55,4224.3999,4225.2002,4222.6001,4223.1001,68
2026-06-22 07:56,4223.7002,4225.3999,4223.2998,4224.3999,102
2026-06-22 07:57,4223.5,4223.7998,4223.0,4223.7998,39
2026-06-22 07:58,4224.2998,4224.3999,4223.2002,4223.6001,28
2026-06-22 07:59,4225.2998,4225.7998,4224.3999,4224.3999,33
2026-06-22 08:00,4225.7998,4226.1001,4225.2002,4225.8999,46
2026-06-22 08:01,4225.2002,4225.7002,4223.7998,4225.6001,84
2026-06-22 08:02,4227.0,4227.3999,4225.0,4225.1001,76
2026-06-22 08:03,4228.0,4228.7002,4226.6001,4226.7002,96
2026-06-22 08:04,4228.7998,4229.3999,4228.1001,4228.2998,78
2026-06-22 08:05,4227.0,4229.5,4226.7002,4229.0,110
2026-06-22 08:06,4227.6001,4228.8999,4227.3999,4227.3999,66
2026-06-22 08:07,4226.0,4227.7002,4226.0,4227.7002,45
2026-06-22 08:08,4225.2002,4226.0,4172.8999,4225.7002,57
2026-06-22 08:09,4225.8999,4226.3999,4224.7998,4225.0,31
2026-06-22 08:10,4223.6001,4226.3999,4223.5,4226.2002,64
2026-06-22 08:11,4225.7998,4226.2998,4223.6001,4223.7002,69
2026-06-22 08:12,4227.7002,4227.7002,4172.8999,4226.5,25
2026-06-22 08:13,4226.2998,4227.8999,4225.8999,4227.8999,21
2026-06-22 08:14,4226.1001,4226.5,4226.0,4226.5,4
2026-06-22 08:15,4224.7998,4225.3999,4224.3999,4225.3999,31
2026-06-22 08:16,4226.1001,4226.2998,4224.6001,4225.2002,39
2026-06-22 08:17,4226.2002,4227.0,4225.7998,4226.2998,60
2026-06-22 08:18,4225.5,4225.8999,4225.1001,4225.8999,58
2026-06-22 08:19,4225.6001,4226.3999,4225.0,4225.7002,41
2026-06-22 08:20,4225.8999,4229.2002,4224.8999,4225.7002,228
2026-06-22 08:21,4228.0,4228.0,4225.6001,4225.7998,77
2026-06-22 08:22,4228.0,4228.7002,4226.2998,4227.6001,143
2026-06-22 08:23,4229.1001,4229.8999,4227.2002,4227.8999,119
2026-06-22 08:24,4228.7998,4229.7002,4228.1001,4229.2002,198
2026-06-22 08:25,4228.2998,4229.8999,4227.2002,4228.7998,210
2026-06-22 08:26,4225.2998,4227.7998,4225.1001,4227.7998,58
2026-06-22 08:27,4225.1001,4226.0,4224.2002,4225.5,123
2026-06-22 08:28,4226.3999,4226.3999,4225.0,4225.2002,58
2026-06-22 08:29,4226.7002,4227.5,4226.1001,4226.5,58
2026-06-22 08:30,4222.7998,4226.6001,4222.7002,4226.2998,137
2026-06-22 08:31,4222.5,4222.8999,4221.3999,4222.8999,77
2026-06-22 08:32,4222.8999,4223.1001,4221.8999,4222.6001,73
2026-06-22 08:33,4223.1001,4223.7998,4172.8999,4222.8999,61
2026-06-22 08:34,4223.6001,4224.1001,4222.1001,4223.0,60
2026-06-22 08:35,4223.2998,4224.0,4223.1001,4223.3999,39
2026-06-22 08:36,4221.6001,4223.2998,4172.8999,4223.2002,108
2026-06-22 08:37,4222.6001,4222.8999,4221.0,4221.3999,138
2026-06-22 08:38,4222.2002,4222.8999,4222.2002,4222.6001,66
2026-06-22 08:39,4221.5,4223.2002,4221.2002,4222.5,70
2026-06-22 08:40,4221.0,4222.7002,4221.0,4221.7002,44
2026-06-22 08:41,4222.2002,4222.2998,4220.6001,4220.7998,70
2026-06-22 08:42,4220.2998,4221.8999,4219.7002,4221.8999,64
2026-06-22 08:43,4219.2002,4221.1001,4218.7002,4220.2998,108
2026-06-22 08:44,4221.7998,4221.7998,4219.0,4219.2002,109
2026-06-22 08:45,4220.5,4223.1001,4220.3999,4222.0,155
2026-06-22 08:46,4219.6001,4220.8999,4219.3999,4220.7002,37
2026-06-22 08:47,4218.0,4220.2998,4217.3999,4219.7002,219
2026-06-22 08:48,4218.8999,4220.1001,4217.8999,4217.8999,120
2026-06-22 08:49,4220.2998,4220.5,4219.0,4219.2002,76
2026-06-22 08:50,4217.5,4220.2002,4216.1001,4220.1001,137
2026-06-22 08:51,4216.8999,4218.2998,4216.8999,4217.2998,76
2026-06-22 08:52,4216.7998,4217.6001,4216.2998,4217.2998,70
2026-06-22 08:53,4215.6001,4216.7002,4215.2998,4216.6001,97
2026-06-22 08:54,4215.7002,4216.2002,4215.2998,4215.5,144
2026-06-22 08:55,4214.1001,4215.6001,4214.0,4215.2998,112
2026-06-22 08:56,4213.0,4214.7002,4213.0,4214.3999,90
2026-06-22 08:57,4212.2998,4213.3999,4212.1001,4213.2998,120
2026-06-22 08:58,4211.1001,4213.2998,4172.8999,4212.8999,84
2026-06-22 08:59,4211.3999,4211.7002,4210.1001,4211.3999,112
2026-06-22 09:00,4213.2998,4215.2998,4210.5,4211.6001,422
2026-06-22 09:01,4210.1001,4213.2998,4172.8999,4213.1001,195
2026-06-22 09:02,4212.7998,4213.3999,4210.2002,4210.5,192
2026-06-22 09:03,4212.3999,4213.2998,4210.2002,4211.7998,114
2026-06-22 09:04,4211.8999,4214.7002,4211.3999,4212.7002,147
2026-06-22 09:05,4212.2002,4212.8999,4210.5,4211.7002,447
2026-06-22 09:06,4209.2998,4212.0,4208.7998,4211.7002,134
2026-06-22 09:07,4208.6001,4209.7002,4207.0,4209.5,185
2026-06-22 09:08,4209.1001,4209.6001,4208.0,4208.7002,101
2026-06-22 09:09,4209.1001,4210.8999,4208.7002,4208.7002,80
2026-06-22 09:10,4210.3999,4210.7998,4208.2998,4208.7998,155
2026-06-22 09:11,4211.7002,4213.5,4210.0,4210.2998,675
2026-06-22 09:12,4210.5,4211.8999,4209.2002,4211.6001,290
2026-06-22 09:13,4210.2998,4211.1001,4209.7998,4210.8999,98
2026-06-22 09:14,4212.8999,4212.8999,4210.5,4210.6001,105
2026-06-22 09:15,4213.7002,4215.6001,4212.2998,4212.7998,315
2026-06-22 09:16,4214.8999,4215.2998,4213.2998,4214.0,288
2026-06-22 09:17,4214.2998,4215.2998,4212.5,4214.8999,208
2026-06-22 09:18,4213.8999,4215.8999,4213.6001,4214.1001,181
2026-06-22 09:19,4214.7002,4214.7998,4213.2998,4213.7998,196
2026-06-22 09:20,4209.5,4214.7998,4209.0,4214.5,218
2026-06-22 09:21,4209.2998,4209.5,4207.7998,4209.3999,154
2026-06-22 09:22,4211.8999,4212.2002,4172.8999,4209.5,230
2026-06-22 09:23,4210.8999,4212.0,4210.2998,4211.5,35
2026-06-22 09:24,4208.2998,4211.7998,4208.2998,4211.3999,57
2026-06-22 09:25,4207.5,4210.0,4207.0,4208.7998,166
2026-06-22 09:26,4208.7998,4209.2002,4172.8999,4207.7002,112
2026-06-22 09:27,4206.3999,4209.2998,4205.7002,4208.3999,142
2026-06-22 09:28,4204.2002,4208.2998,4203.3999,4206.7002,251
2026-06-22 09:29,4205.1001,4205.6001,4204.1001,4204.7002,103
2026-06-22 09:30,4205.0,4205.8999,4201.5,4205.5,392
2026-06-22 09:31,4204.2998,4206.6001,4202.5,4204.6001,288
2026-06-22 09:32,4203.2998,4206.0,4203.0,4204.2998,113
2026-06-22 09:33,4202.7998,4203.3999,4201.2002,4203.2998,200
2026-06-22 09:34,4204.2002,4206.6001,4203.2002,4203.5,197
2026-06-22 09:35,4206.5,4206.5,4203.2998,4203.7998,125
2026-06-22 09:36,4208.5,4210.2998,4206.1001,4206.6001,191
2026-06-22 09:37,4210.2002,4211.2998,4208.0,4208.5,154
2026-06-22 09:38,4207.7998,4210.7998,4207.5,4210.1001,175
2026-06-22 09:39,4210.3999,4210.6001,4207.8999,4208.2002,72
2026-06-22 09:40,4209.6001,4212.7998,4209.2998,4210.6001,282
2026-06-22 09:41,4207.0,4211.7002,4206.8999,4209.7998,138
2026-06-22 09:42,4210.0,4210.0,4205.3999,4206.7998,166
2026-06-22 09:43,4210.3999,4212.7998,4209.1001,4209.8999,378
2026-06-22 09:44,4209.6001,4211.3999,4208.0,4209.7998,87
2026-06-22 09:45,4212.0,4212.2002,4205.7998,4209.2002,336
2026-06-22 09:46,4215.0,4216.3999,4211.7002,4211.7998,345
2026-06-22 09:47,4217.0,4217.2998,4172.8999,4215.2998,303
2026-06-22 09:48,4219.3999,4219.7998,4216.5,4216.8999,552
2026-06-22 09:49,4218.2002,4221.0,4217.7002,4219.1001,165
2026-06-22 09:50,4220.7998,4221.5,4218.0,4218.2998,156
2026-06-22 09:51,4218.8999,4221.1001,4172.8999,4221.1001,180
2026-06-22 09:52,4218.7002,4221.2002,4218.6001,4219.2002,117
2026-06-22 09:53,4220.1001,4221.0,4218.7998,4218.8999,191
2026-06-22 09:54,4222.5,4223.5,4219.3999,4220.0,263
2026-06-22 09:55,4222.1001,4224.5,4221.2998,4222.7998,194
2026-06-22 09:56,4221.7998,4223.6001,4221.7002,4221.8999,198
2026-06-22 09:57,4220.3999,4222.6001,4220.1001,4221.8999,123
2026-06-22 09:58,4219.3999,4221.5,4217.2998,4220.7998,195
2026-06-22 09:59,4218.5,4219.2998,4217.2998,4219.0,188
2026-06-22 10:00,4214.1001,4219.1001,4213.7998,4218.7002,374
2026-06-22 10:01,4216.8999,4217.7002,4213.6001,4214.2002,332
2026-06-22 10:02,4212.7998,4216.8999,4212.3999,4216.7998,177
2026-06-22 10:03,4215.3999,4216.0,4212.0,4212.7002,216
2026-06-22 10:04,4217.2998,4217.8999,4215.1001,4215.7002,105
2026-06-22 10:05,4216.6001,4218.0,4214.8999,4217.1001,246
2026-06-22 10:06,4217.5,4218.0,4216.1001,4216.6001,190
2026-06-22 10:07,4223.2002,4225.2002,4217.2002,4218.0,740
2026-06-22 10:08,4227.7998,4229.5,4221.8999,4223.2998,533
2026-06-22 10:09,4225.0,4228.7002,4224.7998,4227.3999,151
2026-06-22 10:10,4223.5,4225.7002,4223.1001,4224.6001,228
2026-06-22 10:11,4220.7998,4223.2998,4219.1001,4223.2998,197
2026-06-22 10:12,4223.8999,4224.7002,4172.8999,4220.3999,146
2026-06-22 10:13,4225.2998,4225.2998,4223.5,4224.3999,93
2026-06-22 10:14,4223.8999,4226.2998,4223.3999,4225.2998,252
2026-06-22 10:15,4223.1001,4224.7998,4222.7002,4223.8999,237
2026-06-22 10:16,4222.3999,4223.3999,4172.8999,4223.3999,103
2026-06-22 10:17,4217.5,4222.7998,4217.2002,4222.1001,199
2026-06-22 10:18,4216.7002,4219.6001,4216.7002,4217.7002,206
2026-06-22 10:19,4214.5,4219.3999,4214.3999,4216.3999,270
2026-06-22 10:20,4212.5,4215.2002,4210.7998,4214.7998,437
2026-06-22 10:21,4212.1001,4215.2002,4211.7998,4213.0,118
2026-06-22 10:22,4212.2998,4214.3999,4211.2002,4212.1001,118
2026-06-22 10:23,4212.2998,4213.2998,4210.7998,4212.0,100
2026-06-22 10:24,4210.7002,4212.2998,4209.1001,4212.2002,135
2026-06-22 10:25,4211.3999,4212.8999,4210.3999,4210.7998,107
2026-06-22 10:26,4214.1001,4214.3999,4211.5,4211.6001,70
2026-06-22 10:27,4212.7998,4215.2998,4212.0,4213.8999,163
2026-06-22 10:28,4212.8999,4214.2002,4212.2002,4212.7002,58
2026-06-22 10:29,4210.3999,4213.2002,4210.1001,4212.8999,115
2026-06-22 10:30,4208.5,4210.7002,4207.7002,4210.0,223
2026-06-22 10:31,4209.6001,4210.8999,4208.0,4208.8999,173
2026-06-22 10:32,4206.2002,4210.0,4206.2002,4210.0,257
2026-06-22 10:33,4206.6001,4208.0,4205.7998,4206.7998,166
2026-06-22 10:34,4206.2002,4208.1001,4205.7998,4206.7002,148
2026-06-22 10:35,4207.6001,4208.2002,4204.5,4206.2998,320
2026-06-22 10:36,4207.7998,4209.0,4206.7002,4207.7002,241
2026-06-22 10:37,4207.7002,4208.5,4172.8999,4207.5,173
2026-06-22 10:38,4208.6001,4209.6001,4206.2998,4207.5,103
2026-06-22 10:39,4209.2998,4210.2998,4208.5,4208.7998,90
2026-06-22 10:40,4210.7998,4211.6001,4209.2002,4209.7002,65
2026-06-22 10:41,4211.7998,4211.7998,4172.8999,4211.0,102
2026-06-22 10:42,4212.8999,4213.7002,4211.2998,4211.7002,97
2026-06-22 10:43,4213.7998,4216.0,4212.6001,4212.7998,180
2026-06-22 10:44,4211.0,4214.8999,4210.6001,4214.0,131
2026-06-22 10:45,4214.6001,4215.2002,4210.8999,4211.1001,79
2026-06-22 10:46,4221.0,4221.5,4214.6001,4214.7002,341
2026-06-22 10:47,4220.0,4224.2998,4220.0,4220.7998,565
2026-06-22 10:48,4219.1001,4221.0,4218.5,4220.2998,206
2026-06-22 10:49,4219.2002,4220.5,4218.2002,4219.0,99
2026-06-22 10:50,4219.5,4221.1001,4218.8999,4219.0,121
2026-06-22 10:51,4218.7002,4220.8999,4218.7002,4219.5,114
2026-06-22 10:52,4219.2998,4220.2998,4218.5,4219.1001,82
2026-06-22 10:53,4218.3999,4219.3999,4217.1001,4219.2998,167
2026-06-22 10:54,4215.7002,4219.7002,4215.7002,4218.8999,155
2026-06-22 10:55,4215.2002,4217.3999,4214.6001,4216.0,95
2026-06-22 10:56,4216.1001,4216.2998,4214.7002,4215.6001,50
2026-06-22 10:57,4215.6001,4216.8999,4215.0,4216.2002,50
2026-06-22 10:58,4218.2002,4218.7002,4215.6001,4216.0,72
2026-06-22 10:59,4216.7002,4218.2002,4216.3999,4218.1001,57
2026-06-22 11:00,4218.6001,4219.1001,4215.7998,4216.6001,69
2026-06-22 11:01,4218.5,4219.6001,4216.8999,4218.7002,52
2026-06-22 11:02,4216.6001,4218.7002,4172.8999,4218.7002,68
2026-06-22 11:03,4215.5,4218.0,4215.2002,4217.0,89
2026-06-22 11:04,4217.5,4217.7002,4214.2002,4215.2002,82
2026-06-22 11:05,4214.2998,4217.1001,4172.8999,4217.0,39
2026-06-22 11:06,4213.7002,4215.2998,4213.1001,4214.7998,59
2026-06-22 11:07,4214.2002,4214.7998,4213.6001,4213.6001,69
2026-06-22 11:08,4216.8999,4217.1001,4214.2002,4214.2002,182
2026-06-22 11:09,4213.6001,4217.3999,4212.8999,4217.0,56
2026-06-22 11:10,4215.0,4216.2002,4213.8999,4213.8999,47
2026-06-22 11:11,4216.6001,4216.7002,4215.2998,4215.2998,33
2026-06-22 11:12,4216.5,4217.3999,4215.7998,4216.6001,81
2026-06-22 11:13,4216.2002,4217.0,4215.3999,4217.0,21
2026-06-22 11:14,4216.2998,4216.8999,4215.7002,4216.2002,21
2026-06-22 11:15,4214.5,4216.2998,4213.7998,4216.0,55
2026-06-22 11:16,4213.2998,4214.6001,4212.2998,4214.6001,83
2026-06-22 11:17,4213.6001,4214.1001,4212.5,4213.2002,61
2026-06-22 11:18,4212.0,4214.1001,4211.7002,4213.7002,43
2026-06-22 11:19,4210.2998,4212.1001,4208.2998,4211.5,301
2026-06-22 11:20,4208.3999,4211.1001,4207.6001,4210.3999,185
2026-06-22 11:21,4207.8999,4209.7002,4207.6001,4208.8999,152
2026-06-22 11:22,4207.3999,4208.7998,4207.2002,4208.0,50
2026-06-22 11:23,4207.7002,4208.6001,4207.2998,4207.7002,33
2026-06-22 11:24,4209.1001,4209.2998,4207.8999,4209.2002,43
2026-06-22 11:25,4209.1001,4210.5,4206.8999,4209.2998,242
2026-06-22 11:26,4207.0,4209.2998,4206.6001,4209.2002,113
2026-06-22 11:27,4209.1001,4209.2002,4172.8999,4206.7998,64
2026-06-22 11:28,4206.5,4209.0,4206.5,4209.0,66
2026-06-22 11:29,4207.6001,4208.0,4206.7002,4207.2998,95
2026-06-22 11:30,4208.0,4208.0,4172.8999,4207.2002,81
2026-06-22 11:31,4207.5,4208.2002,4206.7002,4208.2002,61
2026-06-22 11:32,4206.3999,4208.7002,4206.2998,4207.6001,62
2026-06-22 11:33,4207.6001,4207.8999,4205.3999,4206.1001,188
2026-06-22 11:34,4206.2998,4208.7998,4206.2998,4208.2998,66
2026-06-22 11:35,4204.2998,4207.3999,4202.8999,4206.6001,165
2026-06-22 11:36,4205.3999,4205.3999,4204.1001,4204.3999,51
2026-06-22 11:37,4203.8999,4205.2998,4203.1001,4205.2998,71
2026-06-22 11:38,4201.7998,4203.6001,4201.3999,4203.3999,131
2026-06-22 11:39,4200.3999,4202.2002,4197.7998,4201.6001,396
2026-06-22 11:40,4201.0,4203.7002,4200.5,4200.5,207
2026-06-22 11:41,4201.6001,4202.7998,4200.3999,4200.7998,164
2026-06-22 11:42,4200.2002,4202.0,4199.1001,4201.2998,120
2026-06-22 11:43,4199.3999,4200.7998,4198.2998,4200.3999,125
2026-06-22 11:44,4199.1001,4200.8999,4198.8999,4199.3999,71
2026-06-22 11:45,4196.0,4199.2002,4195.5,4198.8999,190
2026-06-22 11:46,4194.0,4197.6001,4193.7002,4196.1001,651
2026-06-22 11:47,4194.3999,4195.6001,4193.3999,4194.1001,334
2026-06-22 11:48,4193.7998,4195.2998,4192.3999,4194.6001,576
2026-06-22 11:49,4187.7998,4193.6001,4187.7002,4193.6001,733
2026-06-22 11:50,4194.3999,4194.7002,4187.7998,4187.8999,644
2026-06-22 11:51,4192.5,4194.5,4172.8999,4194.5,128
2026-06-22 11:52,4193.8999,4194.1001,4191.8999,4192.1001,98
2026-06-22 11:53,4193.0,4194.1001,4192.0,4193.2998,86
2026-06-22 11:54,4197.2998,4197.2998,4193.0,4193.0,184
2026-06-22 11:55,4198.6001,4199.1001,4172.8999,4196.8999,144
2026-06-22 11:56,4199.7998,4200.6001,4198.3999,4198.5,143
2026-06-22 11:57,4202.7998,4203.0,4199.6001,4200.1001,169
2026-06-22 11:58,4201.8999,4203.2002,4200.8999,4203.0,108
2026-06-22 11:59,4201.0,4202.6001,4200.1001,4201.8999,111
2026-06-22 12:00,4201.1001,4203.1001,4200.7998,4200.7998,161
2026-06-22 12:01,4199.5,4201.2998,4197.7998,4201.2998,225
2026-06-22 12:02,4196.8999,4199.7998,4196.8999,4199.6001,114
2026-06-22 12:03,4196.7002,4197.7998,4195.2998,4197.0,85
2026-06-22 12:04,4195.6001,4197.0,4194.7998,4197.0,74
2026-06-22 12:05,4195.3999,4197.1001,4195.3999,4195.5,58
2026-06-22 12:06,4196.5,4197.6001,4195.7002,4195.7002,52
2026-06-22 12:07,4195.7002,4196.5,4195.1001,4196.3999,49
2026-06-22 12:08,4197.5,4197.5,4195.0,4196.1001,102
2026-06-22 12:09,4195.0,4197.3999,4193.7998,4196.7998,163
2026-06-22 12:10,4194.0,4196.0,4193.6001,4195.3999,88
2026-06-22 12:11,4193.5,4194.2998,4192.2002,4193.7998,213
2026-06-22 12:12,4194.7002,4195.8999,4192.7998,4193.2002,99
2026-06-22 12:13,4195.2998,4196.3999,4193.2998,4194.6001,61
2026-06-22 12:14,4195.6001,4196.2002,4193.8999,4195.0,115
2026-06-22 12:15,4195.2998,4195.7002,4194.1001,4194.7998,118
2026-06-22 12:16,4196.5,4198.0,4172.8999,4195.5,148
2026-06-22 12:17,4196.8999,4197.2002,4196.0,4196.2998,34
2026-06-22 12:18,4198.2002,4198.2002,4197.0,4197.2002,66
2026-06-22 12:19,4197.1001,4198.0,4195.3999,4198.0,79
2026-06-22 12:20,4197.7998,4198.0,4172.8999,4197.1001,81
2026-06-22 12:21,4200.7002,4200.8999,4198.1001,4198.1001,157
2026-06-22 12:22,4198.5,4200.6001,4198.2002,4200.5,57
2026-06-22 12:23,4198.7002,4200.1001,4198.5,4198.5,52
2026-06-22 12:24,4198.7998,4199.3999,4198.2002,4199.0,40
2026-06-22 12:25,4199.2998,4200.7002,4198.7998,4199.7002,63
2026-06-22 12:26,4198.5,4199.7002,4198.2002,4199.6001,38
2026-06-22 12:27,4199.2002,4199.2998,4198.5,4198.5,20
2026-06-22 12:28,4199.8999,4200.0,4198.8999,4199.2002,75
2026-06-22 12:29,4201.1001,4201.1001,4200.0,4200.0,54
2026-06-22 12:30,4200.3999,4200.7002,4199.7002,4200.7002,56
2026-06-22 12:31,4202.1001,4202.1001,4200.2002,4200.2002,85
2026-06-22 12:32,4202.2002,4202.6001,4201.1001,4201.6001,56
2026-06-22 12:33,4202.2002,4202.3999,4201.2998,4202.0,20
2026-06-22 12:34,4202.7998,4203.2002,4201.2002,4202.3999,53
2026-06-22 12:35,4202.3999,4204.6001,4202.3999,4203.1001,59
2026-06-22 12:36,4204.2002,4204.3999,4202.1001,4202.3999,26
2026-06-22 12:37,4203.1001,4204.0,4202.6001,4204.0,48
2026-06-22 12:38,4202.5,4203.5,4202.5,4203.2998,36
2026-06-22 12:39,4201.2998,4203.2998,4201.2998,4203.0,49
2026-06-22 12:40,4199.7998,4201.8999,4199.5,4201.6001,86
2026-06-22 12:41,4200.6001,4201.7998,4172.8999,4199.8999,23
2026-06-22 12:42,4200.7998,4201.0,4200.1001,4200.6001,20
2026-06-22 12:43,4200.5,4201.0,4200.1001,4201.0,17
2026-06-22 12:44,4200.0,4200.7002,4199.7002,4200.2002,58
2026-06-22 12:45,4200.0,4200.2002,4172.8999,4199.8999,51
2026-06-22 12:46,4201.3999,4201.3999,4199.7002,4199.8999,19
2026-06-22 12:47,4201.6001,4201.6001,4201.0,4201.1001,21
2026-06-22 12:48,4201.5,4202.5,4201.3999,4201.8999,39
2026-06-22 12:49,4202.7998,4203.0,4201.5,4201.5,26
2026-06-22 12:50,4204.5,4204.5,4202.2002,4202.3999,39
2026-06-22 12:51,4204.3999,4205.7002,4204.3999,4204.6001,82
2026-06-22 12:52,4205.0,4205.5,4204.2998,4204.3999,29
2026-06-22 12:53,4204.8999,4205.5,4204.7998,4205.2998,46
2026-06-22 12:54,4205.2002,4206.1001,4204.8999,4205.2002,42
2026-06-22 12:55,4205.0,4205.7998,4204.7002,4205.3999,28
2026-06-22 12:56,4205.5,4205.6001,4204.7998,4204.7998,33
2026-06-22 12:57,4205.2998,4205.5,4204.7002,4205.5,18
2026-06-22 12:58,4208.3999,4211.8999,4205.2998,4205.3999,569
2026-06-22 12:59,4208.5,4208.7998,4207.3999,4208.1001,42
2026-06-22 13:00,4207.8999,4209.2998,4206.5,4208.5,164
2026-06-22 13:01,4208.2998,4209.7002,4207.2002,4207.8999,52
2026-06-22 13:02,4206.7998,4208.2002,4206.7002,4208.2002,52
2026-06-22 13:03,4208.5,4208.5,4206.8999,4207.0,40
2026-06-22 13:04,4207.7998,4208.6001,4207.2002,4208.3999,56
2026-06-22 13:05,4205.7002,4207.3999,4205.5,4207.2998,63
2026-06-22 13:06,4205.6001,4206.0,4172.8999,4206.0,40
2026-06-22 13:07,4205.0,4206.0,4205.0,4205.1001,40
2026-06-22 13:08,4205.2998,4205.8999,4205.2002,4205.2998,13
2026-06-22 13:09,4206.2998,4206.5,4205.3999,4205.6001,24
2026-06-22 13:10,4205.6001,4206.1001,4172.8999,4206.1001,39
2026-06-22 13:11,4206.6001,4206.6001,4205.3999,4205.7002,27
2026-06-22 13:12,4206.2002,4206.7998,4206.2002,4206.2998,26
2026-06-22 13:13,4205.6001,4206.3999,4205.3999,4206.0,27
2026-06-22 13:14,4205.0,4205.6001,4204.1001,4205.6001,51
2026-06-22 13:15,4206.7998,4206.7998,4204.6001,4205.1001,55
2026-06-22 13:16,4207.8999,4208.2002,4206.3999,4206.7002,55
2026-06-22 13:17,4206.6001,4208.3999,4206.3999,4207.7002,92
2026-06-22 13:18,4207.1001,4207.3999,4206.7998,4206.7998,44
2026-06-22 13:19,4207.5,4207.5,4206.5,4207.2002,81
2026-06-22 13:20,4208.2998,4209.0,4207.7998,4208.0,66
2026-06-22 13:21,4209.8999,4209.8999,4208.3999,4208.5,51
2026-06-22 13:22,4210.0,4210.0,4208.6001,4209.7002,58
2026-06-22 13:23,4209.2998,4210.1001,4209.1001,4209.7998,52
2026-06-22 13:24,4207.3999,4209.5,4207.2002,4209.5,59
2026-06-22 13:25,4206.2998,4207.3999,4205.8999,4207.3999,178
2026-06-22 13:26,4206.0,4206.7998,4205.6001,4206.2002,74
2026-06-22 13:27,4206.0,4207.0,4205.5,4206.2002,109
2026-06-22 13:28,4204.0,4206.1001,4204.0,4206.1001,130
2026-06-22 13:29,4202.6001,4204.8999,4201.5,4204.1001,846
2026-06-22 13:30,4203.1001,4203.1001,4201.6001,4202.5,73
2026-06-22 13:31,4200.6001,4202.7002,4172.8999,4202.7002,106
2026-06-22 13:32,4198.5,4201.0,4198.1001,4201.0,112
2026-06-22 13:33,4197.8999,4198.3999,4197.2998,4198.2998,59
2026-06-22 13:34,4197.1001,4198.2998,4195.7002,4197.5,98
2026-06-22 13:35,4196.2002,4198.1001,4172.8999,4196.8999,142
2026-06-22 13:36,4197.7002,4198.2002,4194.8999,4196.0,155
2026-06-22 13:37,4198.2002,4199.1001,4197.1001,4197.1001,52
2026-06-22 13:38,4198.6001,4199.1001,4197.3999,4198.0,68
2026-06-22 13:39,4199.1001,4199.5,4198.7002,4198.8999,22
2026-06-22 13:40,4199.5,4200.0,4198.5,4199.2002,39
2026-06-22 13:41,4198.8999,4199.6001,4198.5,4198.8999,17
2026-06-22 13:42,4200.0,4200.0,4198.6001,4198.6001,26
2026-06-22 13:43,4198.8999,4199.7002,4198.5,4199.7002,32
2026-06-22 13:44,4199.7998,4200.0,4198.6001,4198.7998,22
2026-06-22 13:45,4198.6001,4200.0,4198.2002,4199.7998,53
2026-06-22 13:46,4200.2998,4200.7002,4199.0,4199.0,32
2026-06-22 13:47,4200.1001,4201.2002,4200.1001,4200.7002,21
2026-06-22 13:48,4201.0,4201.5,4200.3999,4200.7002,15
2026-06-22 13:49,4200.3999,4201.1001,4200.0,4200.8999,16
2026-06-22 13:50,4200.3999,4201.2998,4200.2002,4200.6001,11
2026-06-22 13:51,4199.1001,4200.0,4199.0,4200.0,18
2026-06-22 13:52,4200.1001,4200.2002,4198.7998,4199.0,22
2026-06-22 13:53,4200.7002,4200.7002,4200.6001,4200.6001,2
2026-06-22 13:54,4200.8999,4201.5,4200.6001,4200.6001,20
2026-06-22 13:55,4201.3999,4201.3999,4200.5,4201.0,7
2026-06-22 13:56,4201.5,4202.0,4172.8999,4201.2998,12
2026-06-22 13:57,4200.7998,4201.5,4200.5,4201.3999,19
2026-06-22 13:58,4200.8999,4201.0,4200.5,4201.0,3
2026-06-22 13:59,4201.3999,4201.7998,4200.8999,4201.2002,45
2026-06-22 14:00,4201.1001,4202.0,4172.8999,4201.6001,44
2026-06-22 14:01,4202.7002,4203.5,4201.0,4201.0,33
2026-06-22 14:02,4202.2998,4202.7998,4202.1001,4202.5,12
2026-06-22 14:03,4202.0,4202.8999,4202.0,4202.6001,9
2026-06-22 14:04,4201.5,4202.0,4201.2002,4201.7002,23
2026-06-22 14:05,4201.7998,4202.3999,4201.5,4201.5,12
2026-06-22 14:06,4202.5,4202.5,4201.2998,4201.5,16
2026-06-22 14:07,4202.3999,4202.8999,4202.2002,4202.8999,9
2026-06-22 14:08,4202.7002,4203.0,4202.7002,4202.7998,4
2026-06-22 14:09,4202.7002,4202.7998,4201.7998,4202.3999,25
2026-06-22 14:10,4204.2998,4204.3999,4202.7998,4203.0,46
2026-06-22 14:11,4203.6001,4204.6001,4203.2002,4204.3999,24
2026-06-22 14:12,4201.8999,4203.6001,4201.8999,4203.3999,21
2026-06-22 14:13,4202.7998,4202.7998,4202.1001,4202.2002,9
2026-06-22 14:14,4202.2998,4202.5,4202.1001,4202.2998,11
2026-06-22 14:15,4204.7002,4205.1001,4202.5,4202.5,168
2026-06-22 14:16,4204.3999,4205.0,4203.7002,4204.5,30
2026-06-22 14:17,4203.6001,4204.8999,4203.6001,4204.3999,19
2026-06-22 14:18,4203.7998,4204.3999,4203.5,4203.8999,27
2026-06-22 14:19,4203.7002,4204.0,4203.7002,4203.7998,12
2026-06-22 14:20,4206.2998,4207.0,4204.0,4204.0,69
2026-06-22 14:21,4207.0,4208.2998,4172.8999,4206.1001,72
2026-06-22 14:22,4207.1001,4207.2998,4205.5,4207.0,89
2026-06-22 14:23,4207.3999,4207.3999,4206.7002,4207.1001,22
2026-06-22 14:24,4207.2998,4207.3999,4206.7002,4207.0,33
2026-06-22 14:25,4206.2998,4206.7998,4172.8999,4206.7998,8
2026-06-22 14:26,4206.3999,4206.7998,4205.5,4206.7998,27
2026-06-22 14:27,4206.0,4206.0,4205.0,4205.7998,46
2026-06-22 14:28,4204.8999,4206.0,4204.8999,4206.0,14
2026-06-22 14:29,4206.0,4206.2998,4205.2002,4205.6001,12
2026-06-22 14:30,4207.5,4207.5,4206.0,4206.6001,28
2026-06-22 14:31,4206.6001,4207.5,4206.6001,4206.7998,14
2026-06-22 14:32,4205.6001,4206.8999,4204.2002,4206.7998,145
2026-06-22 14:33,4204.6001,4205.7002,4204.3999,4205.3999,34
2026-06-22 14:34,4204.8999,4205.6001,4204.2998,4205.0,33
2026-06-22 14:35,4205.5,4205.6001,4204.7002,4204.7002,10
2026-06-22 14:36,4205.6001,4206.1001,4205.6001,4205.7002,14
2026-06-22 14:37,4205.7002,4206.2998,4205.5,4206.2998,11
2026-06-22 14:38,4205.8999,4206.2998,4205.6001,4206.2002,7
2026-06-22 14:39,4205.2002,4206.2998,4204.3999,4206.2998,24
2026-06-22 14:40,4205.7998,4205.7998,4205.3999,4205.6001,6
2026-06-22 14:41,4207.1001,4207.2998,4205.5,4205.6001,20
2026-06-22 14:42,4207.1001,4207.5,4206.7998,4207.2998,12
2026-06-22 14:43,4208.3999,4208.3999,4207.1001,4207.1001,34
2026-06-22 14:44,4208.2998,4208.2998,4207.6001,4208.2002,32
2026-06-22 14:45,4210.7998,4211.2998,4208.0,4208.0,109
2026-06-22 14:46,4209.3999,4210.5,4172.8999,4210.5,30
2026-06-22 14:47,4209.7002,4210.0,4209.2002,4209.3999,8
2026-06-22 14:48,4209.1001,4209.7002,4209.0,4209.7002,21
2026-06-22 14:49,4172.8999,4210.6001,4172.8999,4209.6001,120
2026-06-22 14:50,4210.0,4210.3999,4209.7998,4209.8999,15
2026-06-22 14:51,4209.3999,4209.7998,4209.1001,4209.7998,20
2026-06-22 14:52,4208.5,4210.0,4208.2998,4210.0,44
2026-06-22 14:53,4209.1001,4209.1001,4208.1001,4208.7002,28
2026-06-22 14:54,4208.5,4208.7998,4208.2002,4208.7998,6
2026-06-22 14:55,4208.1001,4208.7002,4207.6001,4208.6001,36
2026-06-22 14:56,4209.7998,4209.8999,4208.2002,4208.2002,19
2026-06-22 14:57,4209.2002,4209.5,4208.6001,4209.2002,19
2026-06-22 14:58,4209.2998,4209.2998,4208.7002,4208.8999,4
2026-06-22 14:59,4209.1001,4209.3999,4208.6001,4209.3999,15
2026-06-22 15:00,4209.7998,4210.3999,4209.5,4209.5,24
2026-06-22 15:01,4209.8999,4210.5,4209.3999,4209.7002,27
2026-06-22 15:02,4210.2002,4210.2998,4209.3999,4210.1001,26
2026-06-22 15:03,4210.7998,4211.6001,4210.2002,4210.2998,52
2026-06-22 15:04,4210.2998,4211.0,4210.1001,4210.6001,22
2026-06-22 15:05,4210.2998,4210.6001,4209.7002,4210.3999,16
2026-06-22 15:06,4210.6001,4210.6001,4210.2998,4210.2998,8
2026-06-22 15:07,4209.7998,4210.2998,4209.7998,4210.2002,13
2026-06-22 15:08,4210.2998,4210.6001,4209.7002,4210.1001,19
2026-06-22 15:09,4210.5,4210.8999,4210.2002,4210.2002,12
2026-06-22 15:10,4172.8999,4210.7998,4172.8999,4210.6001,31
2026-06-22 15:11,4209.8999,4211.2998,4209.6001,4209.6001,99
2026-06-22 15:12,4209.7002,4210.2998,4209.6001,4210.0,18
2026-06-22 15:13,4209.3999,4209.7998,4209.0,4209.7998,10
2026-06-22 15:14,4209.5,4209.7998,4172.8999,4209.7002,20
2026-06-22 15:15,4209.2002,4210.1001,4209.2002,4209.7002,20
2026-06-22 15:16,4208.7002,4209.8999,4208.7002,4209.7002,20
2026-06-22 15:17,4209.0,4209.0,4208.0,4208.6001,30
2026-06-22 15:18,4209.5,4209.6001,4209.0,4209.2002,17
2026-06-22 15:19,4209.0,4209.6001,4208.7998,4209.6001,10
2026-06-22 15:20,4207.7002,4209.2002,4207.7002,4209.2002,14
2026-06-22 15:21,4207.1001,4207.7998,4206.5,4207.6001,45
2026-06-22 15:22,4206.3999,4207.1001,4206.1001,4207.1001,15
2026-06-22 15:23,4206.5,4206.6001,4206.1001,4206.3999,22
2026-06-22 15:24,4206.6001,4207.2998,4206.2002,4206.6001,38
2026-06-22 15:25,4206.6001,4206.7998,4206.2998,4206.3999,13
2026-06-22 15:26,4205.8999,4207.1001,4205.8999,4206.7002,36
2026-06-22 15:27,4206.2002,4206.6001,4205.6001,4206.2002,43
2026-06-22 15:28,4206.2998,4206.8999,4206.1001,4206.3999,12
2026-06-22 15:29,4205.7998,4207.0,4205.7998,4206.7002,20
2026-06-22 15:30,4205.2998,4205.7998,4204.6001,4205.7998,18
2026-06-22 15:31,4204.2998,4205.3999,4204.2998,4205.1001,23
2026-06-22 15:32,4205.3999,4205.5,4204.2998,4204.2998,26
2026-06-22 15:33,4205.2998,4205.5,4204.8999,4205.2998,10
2026-06-22 15:34,4205.2002,4205.3999,4204.7998,4205.3999,12
2026-06-22 15:35,4172.8999,4205.7998,4172.8999,4205.0,23
2026-06-22 15:36,4205.3999,4205.7998,4205.2998,4205.3999,12
2026-06-22 15:37,4208.3999,4208.5,4205.2002,4205.2998,83
2026-06-22 15:38,4206.7998,4208.7002,4206.3999,4208.2002,70
2026-06-22 15:39,4206.7002,4207.0,4172.8999,4206.7998,16
2026-06-22 15:40,4205.6001,4206.5,4205.5,4206.1001,36
2026-06-22 15:41,4205.1001,4205.7998,4204.3999,4205.6001,41
2026-06-22 15:42,4203.5,4205.0,4203.3999,4205.0,42
2026-06-22 15:43,4203.3999,4204.1001,4202.7998,4203.7002,30
2026-06-22 15:44,4203.0,4203.3999,4203.0,4203.3999,12
2026-06-22 15:45,4203.7998,4204.2002,4202.7998,4202.7998,23
2026-06-22 15:46,4203.7002,4203.7998,4202.7998,4203.6001,24
2026-06-22 15:47,4204.2002,4204.2998,4203.5,4203.6001,10
2026-06-22 15:48,4203.7002,4204.6001,4203.3999,4204.1001,32
2026-06-22 15:49,4203.8999,4204.5,4203.6001,4203.8999,17
2026-06-22 15:50,4204.1001,4205.0,4203.2002,4204.1001,100
2026-06-22 15:51,4204.2998,4204.6001,4203.7998,4204.3999,17
2026-06-22 15:52,4203.7002,4204.2998,4203.3999,4204.2998,12
2026-06-22 15:53,4206.0,4206.2002,4204.1001,4204.1001,80
2026-06-22 15:54,4206.0,4206.5,4204.7998,4205.8999,151
2026-06-22 15:55,4206.6001,4208.0,4204.8999,4206.2002,215
2026-06-22 15:56,4205.2998,4206.6001,4204.7002,4206.3999,27
2026-06-22 15:57,4208.1001,4208.1001,4205.2002,4205.2002,43
2026-06-22 15:58,4209.0,4210.1001,4208.5,4208.5,96
2026-06-22 15:59,4209.3999,4210.3999,4208.7998,4209.1001,199
2026-06-22 16:00,4172.8999,4210.0,4172.8999,4209.3999,43
2026-06-22 16:01,4211.2998,4211.6001,4209.3999,4209.5,23
2026-06-22 16:02,4212.0,4212.2998,4211.2002,4211.2002,26
2026-06-22 16:03,4211.1001,4212.0,4210.8999,4212.0,12
2026-06-22 16:04,4172.8999,4211.3999,4172.8999,4211.3999,21
2026-06-22 16:05,4210.8999,4211.0,4210.5,4210.7002,27
2026-06-22 16:06,4211.1001,4211.1001,4210.5,4210.5,10
2026-06-22 16:07,4210.7002,4211.3999,4210.3999,4211.1001,29
2026-06-22 16:08,4209.7002,4211.0,4209.1001,4210.7998,47
2026-06-22 16:09,4208.7002,4209.7002,4208.6001,4209.5,22
2026-06-22 16:10,4209.7998,4209.7998,4208.8999,4209.1001,6
2026-06-22 16:11,4209.7998,4209.7998,4209.7998,4209.7998,1
2026-06-22 16:12,4209.2998,4209.5,4208.8999,4209.5,8
2026-06-22 16:13,4209.6001,4209.6001,4209.2998,4209.2998,5
2026-06-22 16:14,4209.1001,4209.2998,4209.1001,4209.2998,4
2026-06-22 16:15,4208.5,4209.0,4208.0,4209.0,41
2026-06-22 16:16,4208.7998,4208.7998,4208.7998,4208.7998,2
2026-06-22 16:17,4208.5,4208.7002,4208.5,4208.7002,3
2026-06-22 16:18,4209.0,4209.0,4208.7002,4208.7002,2
2026-06-22 16:19,4209.6001,4209.7998,4209.3999,4209.3999,13
2026-06-22 16:20,4209.2998,4209.7002,4209.2998,4209.5,8
2026-06-22 16:21,4207.5,4208.7002,4207.5,4208.7002,13
2026-06-22 16:22,4207.6001,4207.6001,4207.1001,4207.2998,25
2026-06-22 16:23,4208.2002,4208.5,4206.8999,4207.2998,29
2026-06-22 16:24,4209.0,4209.0,4207.7002,4208.0,23
2026-06-22 16:25,4209.2002,4209.2002,4172.8999,4208.6001,6
2026-06-22 16:26,4209.1001,4209.3999,4208.8999,4209.3999,13
2026-06-22 16:27,4209.6001,4209.6001,4209.1001,4209.2002,3
2026-06-22 16:28,4209.2002,4209.2998,4209.2002,4209.2998,2
2026-06-22 16:29,4208.6001,4209.1001,4172.8999,4209.1001,12
2026-06-22 16:30,4208.6001,4208.6001,4208.1001,4208.6001,10
2026-06-22 16:31,4208.7998,4209.1001,4208.0,4208.2998,35
2026-06-22 16:32,4209.1001,4209.1001,4208.2002,4208.6001,10
2026-06-22 16:33,4209.2002,4209.2002,4209.2002,4209.2002,2
2026-06-22 16:34,4210.0,4210.0,4209.5,4209.5,14
2026-06-22 16:35,4209.6001,4210.6001,4209.2002,4210.0,26
2026-06-22 16:36,4210.1001,4210.5,4210.0,4210.0,15
2026-06-22 16:37,4210.2002,4210.6001,4209.7998,4210.0,13
2026-06-22 16:38,4212.2002,4212.2002,4210.6001,4210.6001,41
2026-06-22 16:39,4212.2002,4212.2002,4211.2998,4211.2998,11
2026-06-22 16:40,4210.7998,4211.6001,4210.7998,4211.6001,16
2026-06-22 16:41,4211.0,4211.3999,4210.6001,4211.3999,8
2026-06-22 16:42,4210.7002,4211.2002,4210.3999,4210.7002,14
2026-06-22 16:43,4211.5,4211.5,4211.0,4211.2002,7
2026-06-22 16:44,4211.0,4211.8999,4211.0,4211.5,21
2026-06-22 16:45,4211.2002,4211.7998,4210.7998,4211.3999,46
2026-06-22 16:46,4210.0,4210.8999,4209.8999,4210.8999,21
2026-06-22 16:47,4209.1001,4209.7998,4209.1001,4209.7998,43
2026-06-22 16:48,4210.0,4210.0,4209.6001,4209.6001,2
2026-06-22 16:49,4209.6001,4209.8999,4209.3999,4209.8999,9
2026-06-22 16:50,4172.8999,4210.0,4172.8999,4209.3999,14
2026-06-22 16:51,4210.1001,4210.1001,4210.1001,4210.1001,1
2026-06-22 16:52,4209.5,4210.2002,4209.5,4210.2002,6
2026-06-22 16:53,4209.6001,4209.7002,4209.6001,4209.7002,5
2026-06-22 16:54,4209.7998,4211.0,4172.8999,4210.0,22
2026-06-22 16:55,4209.8999,4210.7002,4209.8999,4210.2998,19
2026-06-22 16:56,4210.3999,4210.3999,4210.1001,4210.3999,4
2026-06-22 16:57,4211.0,4211.0,4211.0,4211.0,1
2026-06-22 16:58,4209.7002,4210.3999,4209.2998,4210.3999,19
2026-06-22 16:59,4172.8999,4210.5,4172.8999,4210.1001,31
2026-06-22 18:00,4209.8999,4212.2998,4209.2998,4210.7998,0
2026-06-22 18:01,4211.6001,4211.6001,4209.6001,4210.5,29
2026-06-22 18:02,4212.2002,4212.7002,4211.1001,4211.2002,25
2026-06-22 18:03,4210.7002,4212.5,4210.7002,4212.0,29
2026-06-22 18:04,4211.0,4211.2998,4210.7002,4211.0,6
2026-06-22 18:05,4211.3999,4212.0,4210.3999,4210.7998,18
2026-06-22 18:06,4210.8999,4211.2998,4210.3999,4211.2998,21
2026-06-22 18:07,4210.3999,4211.0,4210.3999,4210.8999,7
2026-06-22 18:08,4210.0,4210.2998,4209.5,4210.2998,78
2026-06-22 18:09,4210.7002,4210.8999,4209.8999,4210.0,22
2026-06-22 18:10,4210.1001,4211.2998,4210.1001,4210.8999,23
2026-06-22 18:11,4210.3999,4210.7002,4210.3999,4210.6001,7
2026-06-22 18:12,4210.2998,4210.2998,4210.2998,4210.2998,1
2026-06-22 18:13,4210.5,4211.1001,4210.5,4210.8999,26
2026-06-22 18:15,4210.2002,4211.3999,4210.2002,4210.7998,25
2026-06-22 18:16,4209.5,4209.5,4209.0,4209.5,18
2026-06-22 18:17,4210.2998,4210.2998,4209.6001,4209.6001,5
2026-06-22 18:18,4210.3999,4210.3999,4209.8999,4210.2998,3
2026-06-22 18:20,4209.7998,4210.3999,4209.7998,4210.3999,5
2026-06-22 18:21,4210.3999,4210.3999,4209.8999,4209.8999,9
2026-06-22 18:22,4210.3999,4210.3999,4210.3999,4210.3999,6
2026-06-22 18:23,4210.0,4210.2002,4209.6001,4210.2002,29
2026-06-22 18:24,4209.3999,4210.0,4209.3999,4209.6001,8
2026-06-22 18:25,4209.5,4210.0,4209.5,4210.0,2
2026-06-22 18:26,4209.5,4210.0,4209.5,4210.0,34
2026-06-22 18:27,4210.2998,4210.2998,4209.7998,4209.7998,5
2026-06-22 18:28,4210.8999,4211.2998,4210.5,4210.5,12
2026-06-22 18:29,4211.1001,4211.2002,4210.7002,4211.2002,8
2026-06-22 18:30,4211.0,4211.5,4210.3999,4211.1001,15
2026-06-22 18:31,4212.6001,4212.7002,4211.2002,4211.2002,22
2026-06-22 18:32,4212.2002,4212.3999,4211.8999,4212.2998,9
2026-06-22 18:33,4210.6001,4212.6001,4210.6001,4212.2998,37
2026-06-22 18:34,4210.6001,4211.2998,4210.2002,4210.8999,27
2026-06-22 18:35,4209.3999,4210.8999,4209.3999,4210.7998,123
2026-06-22 18:36,4209.5,4210.0,4208.5,4209.1001,32
2026-06-22 18:37,4208.0,4209.7998,4208.0,4209.7998,25
2026-06-22 18:38,4209.7998,4210.3999,4208.2998,4208.2998,21
2026-06-22 18:39,4209.8999,4210.1001,4209.5,4209.7998,17
2026-06-22 18:40,4208.3999,4209.5,4208.2998,4209.5,10
2026-06-22 18:41,4208.5,4208.5,4207.2998,4207.8999,66
2026-06-22 18:42,4209.2998,4209.2998,4208.7998,4208.7998,6
2026-06-22 18:43,4207.6001,4209.0,4207.6001,4209.0,13
2026-06-22 18:44,4208.1001,4208.3999,4208.1001,4208.3999,2
2026-06-22 18:45,4208.0,4208.2002,4207.5,4208.2002,10
2026-06-22 18:46,4207.1001,4208.0,4206.7998,4207.6001,7
2026-06-22 18:47,4207.3999,4207.8999,4206.5,4206.7998,22
2026-06-22 18:48,4206.6001,4207.2998,4206.3999,4207.0,22
2026-06-22 18:49,4206.6001,4206.7998,4206.1001,4206.2002,35
2026-06-22 18:50,4207.3999,4207.5,4206.6001,4206.6001,10
2026-06-22 18:51,4207.2002,4207.7002,4207.2002,4207.6001,5
2026-06-22 18:52,4207.2002,4207.2002,4206.5,4207.0,8
2026-06-22 18:53,4207.2002,4207.2002,4206.7998,4206.7998,9
2026-06-22 18:54,4208.7002,4208.7002,4207.0,4207.0,47
2026-06-22 18:55,4207.8999,4208.5,4207.7998,4208.3999,11
2026-06-22 18:56,4207.7002,4207.8999,4207.7002,4207.8999,3
2026-06-22 18:57,4207.2002,4207.6001,4207.0,4207.2002,11
2026-06-22 18:58,4207.7002,4207.7002,4207.5,4207.5,4
2026-06-22 18:59,4207.7998,4208.5,4207.7998,4208.1001,10
2026-06-22 19:00,4209.2002,4210.1001,4207.5,4207.5,42
2026-06-22 19:01,4210.2998,4210.7998,4209.8999,4209.8999,16
2026-06-22 19:02,4210.7002,4210.7002,4210.1001,4210.1001,4
2026-06-22 19:03,4208.6001,4209.8999,4208.6001,4209.8999,10
2026-06-22 19:04,4208.7002,4209.8999,4208.2998,4209.2002,46
2026-06-22 19:05,4208.8999,4208.8999,4208.8999,4208.8999,1
2026-06-22 19:06,4209.7002,4209.8999,4208.7002,4208.7002,27
2026-06-22 19:07,4208.5,4209.2998,4208.5,4208.7998,4
2026-06-22 19:08,4209.2998,4209.7998,4208.3999,4208.3999,21
2026-06-22 19:09,4210.1001,4210.1001,4209.6001,4209.6001,7
2026-06-22 19:10,4209.6001,4210.2998,4209.5,4209.5,6
2026-06-22 19:11,4209.2002,4209.2002,4209.2002,4209.2002,1
2026-06-22 19:12,4208.6001,4209.2002,4208.6001,4209.2002,6
2026-06-22 19:13,4209.2002,4209.2002,4209.2002,4209.2002,1
2026-06-22 19:15,4208.8999,4208.8999,4208.5,4208.5,4
2026-06-22 19:16,4209.0,4209.0,4208.7002,4208.7002,7
2026-06-22 19:17,4209.2002,4209.2002,4208.2998,4208.5,15
2026-06-22 19:18,4209.5,4209.5,4209.5,4209.5,1
2026-06-22 19:19,4208.8999,4209.2998,4208.8999,4209.2002,3
2026-06-22 19:21,4209.2002,4210.0,4209.2002,4209.2998,9
2026-06-22 19:22,4208.6001,4209.0,4208.6001,4209.0,5
2026-06-22 19:23,4208.5,4209.0,4208.2002,4209.0,11
2026-06-22 19:25,4208.2002,4208.6001,4208.1001,4208.2002,13
2026-06-22 19:26,4208.5,4208.7002,4208.2998,4208.2998,15
2026-06-22 19:27,4209.2002,4209.2002,4208.6001,4208.6001,6
2026-06-22 19:28,4209.2002,4209.2998,4209.2002,4209.2002,5
2026-06-22 19:29,4209.2002,4209.2002,4209.2002,4209.2002,1
2026-06-22 19:30,4209.2002,4209.2002,4208.6001,4208.7002,5
2026-06-22 19:31,4209.7002,4209.7002,4209.5,4209.5,2
2026-06-22 19:32,4209.8999,4209.8999,4209.0,4209.0,3
2026-06-22 19:33,4210.6001,4210.6001,4210.5,4210.5,3
2026-06-22 19:34,4210.0,4210.7002,4210.0,4210.7002,3
2026-06-22 19:35,4210.7998,4211.1001,4210.0,4210.0,35
2026-06-22 19:36,4211.7998,4211.7998,4210.7998,4211.3999,18
2026-06-22 19:37,4212.7002,4213.6001,4211.5,4212.0,36
2026-06-22 19:38,4212.2998,4213.0,4212.2998,4212.2998,12
2026-06-22 19:39,4213.2998,4213.2998,4211.7998,4212.2002,15
2026-06-22 19:40,4211.8999,4213.1001,4211.8999,4213.1001,12
2026-06-22 19:41,4212.7998,4213.1001,4212.3999,4212.3999,6
2026-06-22 19:42,4213.0,4213.0,4213.0,4213.0,18
2026-06-22 19:43,4212.2998,4213.0,4212.2998,4213.0,22
2026-06-22 19:44,4213.3999,4213.3999,4213.1001,4213.1001,6
2026-06-22 19:45,4211.8999,4213.1001,4211.5,4213.1001,20
2026-06-22 19:46,4211.3999,4211.8999,4210.6001,4211.8999,10
2026-06-22 19:47,4210.7002,4211.2002,4210.7002,4211.2002,14
2026-06-22 19:48,4211.7998,4211.7998,4211.0,4211.0,8
2026-06-22 19:49,4208.6001,4211.2998,4207.6001,4211.2998,68
2026-06-22 19:50,4206.5,4208.3999,4206.0,4208.3999,25
2026-06-22 19:51,4206.2998,4206.5,4205.5,4206.0,28
2026-06-22 19:52,4205.7002,4206.5,4205.6001,4206.2998,33
2026-06-22 19:53,4206.7998,4207.5,4204.7002,4205.5,91
2026-06-22 19:54,4205.7998,4206.5,4204.6001,4206.5,32
2026-06-22 19:55,4206.8999,4206.8999,4205.0,4205.0,20
2026-06-22 19:56,4207.1001,4207.5,4206.3999,4207.3999,15
2026-06-22 19:58,4206.5,4206.6001,4206.5,4206.6001,3
2026-06-22 19:59,4205.5,4207.5,4205.5,4206.7002,14
2026-06-22 20:00,4207.0,4208.2998,4204.5,4205.0,56
2026-06-22 20:01,4207.2998,4210.0,4205.6001,4206.5,70
2026-06-22 20:02,4207.6001,4208.7002,4207.2002,4207.2002,34
2026-06-22 20:03,4206.7998,4208.5,4206.3999,4208.2998,15
2026-06-22 20:04,4205.7998,4206.0,4205.1001,4206.0,26
2026-06-22 20:05,4206.5,4206.7998,4206.2998,4206.5,6
2026-06-22 20:06,4203.7998,4206.1001,4203.6001,4206.1001,38
2026-06-22 20:07,4203.1001,4204.3999,4202.6001,4204.2998,23
2026-06-22 20:08,4202.2002,4203.8999,4201.2002,4202.7002,50
2026-06-22 20:09,4201.8999,4203.3999,4201.2002,4202.7002,39
2026-06-22 20:10,4198.7998,4201.3999,4198.7998,4200.8999,80
2026-06-22 20:11,4197.3999,4199.1001,4197.3999,4199.1001,45
2026-06-22 20:12,4197.3999,4198.0,4196.2002,4197.6001,56
2026-06-22 20:13,4197.2998,4198.6001,4196.3999,4197.2998,29
2026-06-22 20:14,4196.6001,4197.2998,4196.0,4197.2002,38
2026-06-22 20:15,4198.8999,4198.8999,4197.0,4197.0,33
2026-06-22 20:16,4199.5,4200.3999,4198.3999,4198.6001,65
2026-06-22 20:17,4199.2998,4199.7002,4199.2998,4199.2998,7
2026-06-22 20:18,4198.6001,4200.0,4197.8999,4199.3999,11
2026-06-22 20:19,4199.7998,4200.0,4198.5,4198.5,16
2026-06-22 20:20,4199.6001,4201.0,4198.6001,4199.8999,31
2026-06-22 20:21,4200.7002,4200.7998,4199.8999,4200.2002,15
2026-06-22 20:22,4196.1001,4200.2998,4196.0,4199.8999,88
2026-06-22 20:23,4197.0,4197.7002,4197.0,4197.3999,10
2026-06-22 20:24,4200.0,4200.0,4197.3999,4197.3999,18
2026-06-22 20:25,4198.8999,4201.2002,4197.8999,4200.2998,70
2026-06-22 20:26,4199.2998,4199.2998,4198.6001,4198.6001,3
2026-06-22 20:27,4200.0,4203.2998,4200.0,4200.0,69
2026-06-22 20:28,4200.0,4200.5,4199.5,4200.5,14
2026-06-22 20:29,4200.7998,4201.5,4199.6001,4200.0,29
2026-06-22 20:30,4203.0,4203.0,4200.0,4201.5,32
2026-06-22 20:31,4201.7998,4203.6001,4201.2002,4203.6001,40
2026-06-22 20:32,4202.2002,4203.2998,4201.6001,4201.7998,50
2026-06-22 20:33,4202.0,4203.2998,4201.5,4202.2998,23
2026-06-22 20:34,4201.7998,4202.3999,4201.3999,4202.0,14
2026-06-22 20:35,4202.0,4202.0,4201.0,4201.2002,10
2026-06-22 20:36,4200.2002,4201.6001,4199.8999,4201.1001,13
2026-06-22 20:37,4201.7998,4202.0,4199.7998,4200.2002,13
2026-06-22 20:38,4202.0,4202.1001,4201.6001,4202.1001,5
2026-06-22 20:39,4203.6001,4204.0,4202.7002,4202.7002,25
2026-06-22 20:40,4202.2002,4203.0,4202.2002,4203.0,3
2026-06-22 20:41,4201.8999,4202.7002,4201.5,4201.7998,25
2026-06-22 20:42,4203.0,4203.1001,4202.2002,4202.2002,25
2026-06-22 20:43,4205.5,4205.5,4203.5,4203.5,31
2026-06-22 20:44,4209.7998,4211.2998,4205.3999,4205.3999,147
2026-06-22 20:45,4212.2998,4212.7002,4210.0,4210.0,79
2026-06-22 20:46,4209.8999,4211.7998,4209.7002,4211.6001,37
2026-06-22 20:47,4209.8999,4209.8999,4208.1001,4209.3999,50
2026-06-22 20:48,4209.3999,4210.2002,4208.3999,4210.2002,16
2026-06-22 20:49,4208.2998,4209.6001,4208.0,4209.1001,27
2026-06-22 20:50,4208.7002,4208.7002,4207.2998,4208.3999,15
2026-06-22 20:51,4210.3999,4210.6001,4208.7002,4208.7002,19
2026-06-22 20:52,4209.5,4211.3999,4208.8999,4210.7998,36
2026-06-22 20:53,4208.2998,4209.2998,4208.0,4209.2998,8
2026-06-22 20:54,4209.0,4209.0,4208.2002,4208.6001,5
2026-06-22 20:55,4208.2998,4209.7998,4208.2998,4209.2002,17
2026-06-22 20:56,4209.1001,4209.1001,4208.0,4208.0,9
2026-06-22 20:57,4210.1001,4210.1001,4209.5,4209.5,3
2026-06-22 20:58,4210.8999,4211.1001,4209.8999,4209.8999,24
2026-06-22 20:59,4210.7002,4211.3999,4209.2998,4210.6001,54
2026-06-22 21:00,4210.2002,4216.0,4209.5,4210.6001,217
2026-06-22 21:01,4212.0,4214.2998,4210.3999,4210.3999,76
2026-06-22 21:02,4213.2002,4213.2998,4211.6001,4212.3999,38
2026-06-22 21:03,4209.3999,4211.8999,4207.1001,4211.8999,78
2026-06-22 21:04,4207.1001,4209.3999,4206.7998,4208.7002,59
2026-06-22 21:05,4206.2002,4208.0,4204.7998,4207.5,94
2026-06-22 21:06,4202.7002,4205.2002,4202.2002,4205.2002,92
2026-06-22 21:07,4206.6001,4207.8999,4203.2002,4203.2002,127
2026-06-22 21:08,4208.1001,4211.7998,4207.3999,4207.3999,69
2026-06-22 21:09,4205.7998,4209.0,4205.7998,4208.5,42
2026-06-22 21:10,4204.5,4206.7998,4204.2002,4206.2002,32
2026-06-22 21:11,4204.0,4204.8999,4203.0,4203.5,22
2026-06-22 21:12,4203.7998,4204.2998,4203.0,4204.0,23
2026-06-22 21:13,4203.1001,4203.7998,4202.3999,4203.2002,23
2026-06-22 21:14,4202.3999,4204.1001,4202.3999,4203.0,33
2026-06-22 21:15,4200.7998,4203.2002,4200.6001,4202.3999,72
2026-06-22 21:16,4199.5,4202.0,4198.5,4200.6001,185
2026-06-22 21:17,4194.2998,4199.5,4193.0,4198.6001,188
2026-06-22 21:18,4192.0,4195.1001,4191.7998,4193.8999,136
2026-06-22 21:19,4190.6001,4192.7998,4189.6001,4191.8999,126
2026-06-22 21:20,4188.3999,4191.7002,4188.1001,4191.1001,138
2026-06-22 21:21,4193.8999,4193.8999,4188.0,4188.2998,134
2026-06-22 21:22,4193.6001,4196.5,4193.6001,4193.7002,107
2026-06-22 21:23,4196.6001,4196.6001,4193.2002,4193.7998,37
2026-06-22 21:24,4196.0,4197.5,4195.7002,4196.6001,55
2026-06-22 21:25,4195.5,4196.7998,4195.3999,4196.0,29
2026-06-22 21:26,4195.3999,4196.3999,4193.8999,4195.8999,64
2026-06-22 21:27,4196.7998,4198.2998,4195.8999,4195.8999,60
2026-06-22 21:28,4195.2002,4196.2998,4195.2002,4196.2002,18
2026-06-22 21:29,4195.7002,4196.2002,4195.3999,4195.6001,10
2026-06-22 21:30,4192.2998,4195.2002,4191.1001,4195.2002,55
2026-06-22 21:31,4191.8999,4192.1001,4189.8999,4191.7998,134
2026-06-22 21:32,4190.0,4192.7998,4189.1001,4192.2002,44
2026-06-22 21:33,4187.2002,4191.0,4185.5,4189.7998,181
2026-06-22 21:34,4186.5,4187.8999,4185.6001,4186.7002,104
2026-06-22 21:35,4186.6001,4187.5,4185.7998,4186.8999,91
2026-06-22 21:36,4184.2998,4186.8999,4183.7002,4186.7998,313
2026-06-22 21:37,4178.7002,4184.8999,4178.1001,4184.2998,730
2026-06-22 21:38,4181.0,4181.7002,4178.3999,4179.2998,214
2026-06-22 21:39,4179.2998,4182.5,4179.0,4180.2998,134
2026-06-22 21:40,4179.7998,4183.1001,4178.3999,4179.5,221
2026-06-22 21:41,4179.6001,4181.7002,4179.1001,4180.1001,113
2026-06-22 21:42,4175.1001,4179.7002,4173.3999,4179.5,315
2026-06-22 21:43,4174.6001,4175.7002,4173.3999,4174.6001,192
2026-06-22 21:44,4171.7998,4175.5,4171.0,4174.7998,227
2026-06-22 21:45,4171.0,4172.2002,4170.0,4171.5,168
2026-06-22 21:46,4171.7002,4171.7998,4168.2002,4170.8999,185
2026-06-22 21:47,4172.0,4173.2002,4169.7998,4171.2998,134
2026-06-22 21:48,4169.5,4171.7002,4169.3999,4171.7002,46
2026-06-22 21:49,4168.0,4170.5,4167.7002,4169.7998,147
2026-06-22 21:50,4170.2002,4170.6001,4167.5,4168.0,139
2026-06-22 21:51,4170.7002,4172.6001,4170.2998,4170.2998,126
2026-06-22 21:52,4172.2002,4172.6001,4169.2998,4170.1001,36
2026-06-22 21:53,4174.2002,4175.6001,4171.8999,4172.5,143
2026-06-22 21:54,4174.7002,4176.0,4173.2002,4173.2002,83
2026-06-22 21:55,4174.8999,4175.2998,4173.7998,4175.1001,57
2026-06-22 21:56,4176.6001,4177.1001,4174.1001,4174.7998,56
2026-06-22 21:57,4179.6001,4179.6001,4176.5,4176.6001,114
2026-06-22 21:58,4178.1001,4179.3999,4178.1001,4179.2998,50
2026-06-22 21:59,4179.2998,4180.8999,4177.1001,4178.0,178
2026-06-22 22:00,4177.1001,4181.2002,4176.7998,4179.3999,138
2026-06-22 22:01,4177.2998,4177.8999,4176.2002,4177.1001,91
2026-06-22 22:02,4177.7998,4177.7998,4174.3999,4177.2998,87
2026-06-22 22:03,4176.5,4178.2998,4176.2002,4177.7998,43
2026-06-22 22:04,4177.1001,4178.5,4175.6001,4175.8999,129
2026-06-22 22:05,4172.5,4177.0,4172.3999,4177.0,73
2026-06-22 22:06,4170.8999,4173.2002,4170.8999,4172.8999,137
2026-06-22 22:07,4169.7002,4171.2002,4169.2002,4170.7998,103
2026-06-22 22:08,4169.2998,4170.2998,4168.6001,4169.7998,97
2026-06-22 22:09,4168.7002,4171.3999,4168.5,4169.1001,83
2026-06-22 22:10,4167.1001,4169.5,4166.7002,4168.8999,92
2026-06-22 22:11,4166.8999,4168.3999,4166.7998,4167.3999,45
2026-06-22 22:12,4170.0,4170.3999,4166.6001,4166.8999,140
2026-06-22 22:13,4168.3999,4170.3999,4167.8999,4170.1001,37
2026-06-22 22:14,4171.7998,4171.7998,4168.5,4168.5,37
2026-06-22 22:15,4173.8999,4174.0,4171.2998,4171.3999,60
2026-06-22 22:16,4174.5,4175.2998,4173.6001,4173.7002,87
2026-06-22 22:17,4174.2998,4174.2998,4173.2002,4174.0,28
2026-06-22 22:18,4177.2998,4177.7002,4174.5,4174.5,103
2026-06-22 22:19,4176.3999,4178.1001,4175.7998,4177.2998,127
2026-06-22 22:20,4176.3999,4176.7998,4175.6001,4175.7998,23
2026-06-22 22:21,4177.1001,4177.1001,4176.0,4176.1001,32
2026-06-22 22:22,4176.3999,4178.0,4176.3999,4177.5,20
2026-06-22 22:23,4177.2998,4177.2998,4176.2002,4176.2002,22
2026-06-22 22:24,4177.3999,4178.0,4177.0,4177.3999,30
2026-06-22 22:25,4177.7998,4178.6001,4177.5,4178.1001,19
2026-06-22 22:26,4179.5,4179.7002,4177.3999,4177.6001,90
2026-06-22 22:27,4179.7998,4180.7002,4179.3999,4179.5,87
2026-06-22 22:28,4180.0,4180.6001,4179.2998,4180.1001,42
2026-06-22 22:29,4180.1001,4181.2998,4179.5,4180.0,52
2026-06-22 22:30,4177.8999,4180.1001,4176.3999,4179.7002,99
2026-06-22 22:31,4177.6001,4178.7002,4177.2998,4178.5,30
2026-06-22 22:32,4178.8999,4179.2998,4176.5,4177.3999,24
2026-06-22 22:33,4176.1001,4179.0,4175.7998,4179.0,52
2026-06-22 22:34,4174.3999,4177.1001,4174.3999,4175.7998,45
2026-06-22 22:35,4175.5,4176.1001,4174.1001,4174.6001,23
2026-06-22 22:36,4175.8999,4176.1001,4174.8999,4175.1001,16
2026-06-22 22:37,4175.3999,4176.1001,4174.7998,4175.8999,22
2026-06-22 22:38,4177.1001,4177.5,4175.7998,4175.7998,23
2026-06-22 22:39,4175.8999,4176.7998,4175.7002,4176.7998,15
2026-06-22 22:40,4172.2998,4176.5,4172.2002,4176.5,50
2026-06-22 22:41,4172.0,4172.7002,4170.3999,4172.6001,78
2026-06-22 22:42,4173.8999,4174.5,4172.6001,4172.7998,25
2026-06-22 22:43,4173.1001,4173.7998,4172.6001,4173.1001,24
2026-06-22 22:44,4173.3999,4173.3999,4173.2998,4173.2998,4
2026-06-22 22:45,4174.7002,4175.0,4171.7002,4172.7002,76
2026-06-22 22:46,4170.7998,4174.8999,4170.7998,4174.8999,23
2026-06-22 22:47,4171.0,4171.2998,4169.8999,4171.1001,71
2026-06-22 22:48,4172.5,4173.5,4170.8999,4171.2002,92
2026-06-22 22:49,4172.2998,4172.7002,4172.2998,4172.5,3
2026-06-22 22:50,4173.2998,4173.5,4171.2998,4172.1001,38
2026-06-22 22:51,4172.5,4173.6001,4172.3999,4173.2002,20
2026-06-22 22:52,4173.0,4173.0,4172.5,4172.5,26
2026-06-22 22:53,4172.3999,4173.1001,4171.8999,4173.1001,12
2026-06-22 22:54,4170.2998,4172.0,4169.6001,4172.0,34
2026-06-22 22:55,4172.2998,4172.2998,4169.7998,4170.2002,16
2026-06-22 22:56,4171.7998,4172.8999,4171.7998,4172.5,144
2026-06-22 22:57,4168.2002,4171.3999,4168.2002,4171.3999,54
2026-06-22 22:58,4167.8999,4169.1001,4167.8999,4168.3999,25
2026-06-22 22:59,4164.8999,4168.1001,4164.2998,4167.7998,183
2026-06-22 23:00,4164.5,4167.6001,4164.0,4164.8999,168
2026-06-22 23:01,4162.1001,4165.1001,4162.1001,4165.1001,138
2026-06-22 23:02,4160.7998,4162.5,4158.6001,4162.2998,187
2026-06-22 23:03,4159.6001,4162.7002,4157.8999,4160.7998,185
2026-06-22 23:04,4160.2002,4160.2002,4158.2998,4159.8999,59
2026-06-22 23:05,4158.7002,4160.0,4158.2998,4160.0,74
2026-06-22 23:06,4159.1001,4159.5,4157.2002,4158.8999,81
2026-06-22 23:07,4160.2002,4160.3999,4157.6001,4159.7998,112
2026-06-22 23:08,4160.0,4160.0,4157.5,4159.7998,55
2026-06-22 23:09,4158.2998,4160.8999,4157.7002,4159.7998,39
2026-06-22 23:10,4159.6001,4160.0,4158.3999,4158.3999,47
2026-06-22 23:11,4157.0,4159.6001,4157.0,4159.3999,84
2026-06-22 23:12,4158.7998,4159.2998,4156.2998,4157.3999,81
2026-06-22 23:13,4160.7002,4161.3999,4159.3999,4159.3999,31
2026-06-22 23:14,4160.7002,4160.7998,4159.0,4160.7998,26
2026-06-22 23:15,4159.7002,4161.7998,4159.6001,4160.7998,48
2026-06-22 23:16,4158.5,4160.5,4157.3999,4160.5,51
2026-06-22 23:17,4156.6001,4158.6001,4156.0,4158.5,57
2026-06-22 23:18,4152.0,4156.6001,4152.0,4156.6001,490
2026-06-22 23:19,4151.1001,4152.7998,4148.3999,4152.3999,376
2026-06-22 23:20,4152.8999,4153.3999,4151.7002,4151.7002,57
2026-06-22 23:21,4149.8999,4153.2002,4149.1001,4153.1001,93
2026-06-22 23:22,4151.5,4151.6001,4148.7998,4149.8999,115
2026-06-22 23:23,4150.2002,4151.7002,4150.2002,4151.7002,114
2026-06-22 23:24,4153.5,4153.5,4148.5,4150.0,80
2026-06-22 23:25,4153.2002,4154.0,4152.0,4153.1001,56
2026-06-22 23:26,4156.0,4156.2002,4153.5,4153.5,116
2026-06-22 23:27,4156.1001,4158.2002,4155.0,4155.8999,73
2026-06-22 23:28,4157.5,4157.8999,4154.8999,4155.8999,83
2026-06-22 23:29,4158.7998,4158.7998,4157.2002,4157.3999,85
2026-06-22 23:30,4157.3999,4159.0,4156.7002,4158.7002,87
2026-06-22 23:31,4157.0,4158.3999,4156.2002,4157.2998,41
2026-06-22 23:32,4156.8999,4158.6001,4156.6001,4157.2002,38
2026-06-22 23:33,4157.5,4158.2998,4157.0,4157.2002,28
2026-06-22 23:34,4156.7998,4157.8999,4156.5,4157.8999,173
2026-06-22 23:35,4158.7998,4158.8999,4156.2002,4157.2998,26
2026-06-22 23:36,4155.5,4158.1001,4154.2998,4158.1001,127
2026-06-22 23:37,4154.2002,4156.2998,4153.2002,4156.1001,90
2026-06-22 23:38,4151.3999,4154.5,4151.2998,4154.3999,102
2026-06-22 23:39,4154.0,4154.0,4151.7002,4151.8999,35
2026-06-22 23:40,4153.5,4154.0,4152.7998,4154.0,19
2026-06-22 23:41,4153.6001,4154.2998,4152.7998,4153.2998,21
2026-06-22 23:42,4154.1001,4154.8999,4153.1001,4154.1001,16
2026-06-22 23:43,4154.7002,4154.7002,4153.5,4154.1001,21
2026-06-22 23:44,4156.3999,4157.0,4154.3999,4154.7998,48
2026-06-22 23:45,4155.6001,4156.7002,4155.6001,4156.3999,19
2026-06-22 23:46,4155.0,4155.7002,4155.0,4155.0,9
2026-06-22 23:47,4155.6001,4155.6001,4154.5,4154.7998,10
2026-06-22 23:48,4157.2998,4157.2998,4155.7002,4155.7002,17
2026-06-22 23:49,4156.7002,4157.8999,4156.6001,4157.1001,22
2026-06-22 23:50,4157.3999,4157.6001,4157.0,4157.0,4
2026-06-22 23:51,4157.7998,4158.2998,4157.3999,4157.7002,22
2026-06-22 23:52,4158.3999,4158.7002,4157.3999,4158.0,42
2026-06-22 23:53,4158.8999,4159.5,4158.2002,4158.2002,63
2026-06-22 23:54,4158.3999,4159.2998,4158.1001,4159.2998,12
2026-06-22 23:55,4157.8999,4158.5,4157.6001,4158.3999,18
2026-06-22 23:56,4157.7998,4159.2998,4157.2998,4157.8999,76
2026-06-22 23:57,4160.7998,4161.7002,4157.8999,4157.8999,215
2026-06-22 23:58,4162.2002,4162.2002,4160.0,4160.8999,74
2026-06-23 00:00,4162.7002,4164.0,4161.2002,4161.7998,110
2026-06-23 00:01,4162.7998,4163.6001,4162.5,4163.0,65
2026-06-23 00:02,4163.2998,4164.7998,4161.7998,4162.0,81
2026-06-23 00:03,4161.8999,4163.6001,4161.8999,4163.2998,40
2026-06-23 00:04,4162.2998,4162.5,4161.7002,4161.8999,32
2026-06-23 00:05,4161.8999,4162.2002,4161.7002,4161.8999,6
2026-06-23 00:06,4162.0,4162.0,4160.5,4161.7002,22
2026-06-23 00:07,4161.2998,4162.0,4161.2998,4162.0,15
2026-06-23 00:08,4160.7998,4162.2998,4160.7998,4161.6001,21
2026-06-23 00:09,4161.3999,4162.0,4161.2002,4161.3999,19
2026-06-23 00:10,4160.5,4161.7998,4159.5,4161.7998,52
2026-06-23 00:11,4160.5,4161.3999,4160.2002,4160.2002,28
2026-06-23 00:12,4159.7998,4160.1001,4159.2002,4160.1001,19
2026-06-23 00:13,4160.7002,4160.7998,4159.5,4159.6001,13
2026-06-23 00:14,4160.7998,4161.0,4160.0,4160.8999,25
2026-06-23 00:15,4159.8999,4160.2998,4159.6001,4160.2998,13
2026-06-23 00:16,4158.3999,4159.7002,4158.3999,4159.7002,22
2026-06-23 00:17,4159.0,4159.5,4158.3999,4158.3999,13
2026-06-23 00:18,4158.5,4158.7998,4157.2002,4158.7002,44
2026-06-23 00:19,4157.5,4158.7998,4156.2998,4158.7998,25
2026-06-23 00:20,4157.0,4157.2998,4156.1001,4157.2998,45
2026-06-23 00:21,4155.7002,4157.1001,4155.7002,4157.0,6
2026-06-23 00:22,4155.8999,4156.7002,4155.5,4156.3999,50
2026-06-23 00:23,4157.2998,4157.2998,4155.8999,4155.8999,35
2026-06-23 00:24,4157.3999,4157.6001,4156.5,4156.8999,39
2026-06-23 00:25,4157.1001,4157.7998,4157.1001,4157.7002,21
2026-06-23 00:26,4156.1001,4157.5,4156.0,4157.0,20
2026-06-23 00:27,4155.1001,4156.3999,4154.6001,4156.3999,27
2026-06-23 00:28,4157.0,4157.0,4154.7002,4155.3999,61
2026-06-23 00:29,4157.7002,4157.7998,4157.2998,4157.2998,15
2026-06-23 00:30,4155.6001,4157.1001,4154.0,4157.1001,27
2026-06-23 00:31,4155.2998,4155.7998,4154.7998,4155.7998,15
2026-06-23 00:32,4155.0,4155.3999,4153.2998,4154.7998,70
2026-06-23 00:33,4154.8999,4155.3999,4154.7998,4155.2002,16
2026-06-23 00:34,4154.0,4154.6001,4152.7002,4154.6001,15
2026-06-23 00:35,4154.8999,4155.2998,4152.2998,4153.7998,56
2026-06-23 00:36,4156.6001,4157.0,4155.1001,4155.1001,82
2026-06-23 00:37,4154.7998,4156.0,4154.6001,4155.7002,47
2026-06-23 00:38,4155.8999,4155.8999,4154.0,4155.2998,79
2026-06-23 00:39,4156.6001,4157.0,4155.6001,4156.0,122
2026-06-23 00:40,4156.1001,4158.0,4155.8999,4156.1001,65
2026-06-23 00:41,4155.8999,4156.3999,4155.8999,4156.2998,4
2026-06-23 00:42,4154.8999,4155.2998,4154.3999,4155.2998,12
2026-06-23 00:43,4155.7002,4155.7002,4154.3999,4154.8999,54
2026-06-23 00:44,4156.0,4156.1001,4155.3999,4155.6001,32
2026-06-23 00:45,4156.5,4157.5,4156.2002,4156.2002,18
2026-06-23 00:46,4156.1001,4156.1001,4155.3999,4156.0,21
2026-06-23 00:47,4155.7998,4155.7998,4155.7998,4155.7998,2
2026-06-23 00:48,4157.0,4157.0,4156.8999,4156.8999,2
2026-06-23 00:49,4155.8999,4156.7002,4155.8999,4156.6001,14
2026-06-23 00:50,4156.1001,4156.7002,4155.7002,4156.1001,13
2026-06-23 00:51,4155.2998,4156.0,4154.7998,4156.0,39
2026-06-23 00:52,4154.2998,4155.5,4154.2998,4155.5,16
2026-06-23 00:53,4153.5,4154.6001,4152.6001,4154.6001,37
2026-06-23 00:54,4151.6001,4153.5,4151.5,4153.5,32
2026-06-23 00:55,4149.1001,4151.7002,4149.0,4151.7002,195
2026-06-23 00:56,4145.7998,4149.1001,4145.2998,4148.7998,204
2026-06-23 00:57,4146.1001,4148.0,4145.8999,4145.8999,84
2026-06-23 00:58,4143.7002,4146.0,4142.8999,4146.0,194
2026-06-23 00:59,4135.6001,4143.3999,4132.2002,4143.3999,995
2026-06-23 01:00,4138.3999,4138.5,4133.1001,4136.0,158
2026-06-23 01:01,4143.6001,4144.2998,4138.2998,4139.1001,179
2026-06-23 01:02,4147.8999,4149.5,4143.7998,4143.8999,159
2026-06-23 01:03,4149.5,4149.7998,4146.5,4147.6001,59
2026-06-23 01:04,4152.0,4152.6001,4149.2002,4149.3999,103
2026-06-23 01:05,4154.0,4155.0,4151.8999,4152.0,114
2026-06-23 01:06,4153.2998,4154.2998,4153.0,4154.2998,24
2026-06-23 01:07,4149.2998,4152.8999,4149.2998,4152.7002,67
2026-06-23 01:08,4147.3999,4150.0,4147.2998,4149.8999,108
2026-06-23 01:09,4145.5,4148.3999,4144.7998,4147.3999,90
2026-06-23 01:10,4145.2998,4147.2002,4145.1001,4146.2002,21
2026-06-23 01:11,4145.8999,4145.8999,4144.2998,4145.1001,88
2026-06-23 01:12,4147.1001,4147.2002,4145.6001,4145.7998,51
2026-06-23 01:13,4146.7998,4147.5,4145.3999,4147.0,57
2026-06-23 01:14,4147.5,4148.7002,4147.1001,4147.1001,28
2026-06-23 01:15,4145.7998,4147.7998,4143.8999,4147.3999,57
2026-06-23 01:16,4144.6001,4145.3999,4144.1001,4145.3999,44
2026-06-23 01:17,4144.7998,4145.2002,4143.8999,4145.0,16
2026-06-23 01:18,4146.6001,4146.6001,4144.3999,4145.6001,20
2026-06-23 01:19,4145.7002,4147.0,4144.5,4146.7998,28
2026-06-23 01:20,4147.1001,4148.2002,4145.7998,4145.7998,14
2026-06-23 01:21,4146.5,4147.2998,4145.8999,4147.2998,13
2026-06-23 01:22,4144.2998,4147.3999,4144.2998,4146.8999,52
2026-06-23 01:23,4146.3999,4146.3999,4145.0,4145.0,20
2026-06-23 01:24,4145.3999,4146.6001,4145.3999,4146.5,9
2026-06-23 01:25,4143.6001,4146.0,4143.1001,4145.7002,62
2026-06-23 01:26,4144.3999,4145.1001,4143.2998,4143.5,35
2026-06-23 01:27,4143.2998,4144.6001,4143.0,4143.7998,31
2026-06-23 01:28,4142.2002,4144.3999,4142.2002,4144.2998,42
2026-06-23 01:29,4143.0,4143.1001,4141.6001,4142.2998,49
2026-06-23 01:30,4139.0,4143.5,4134.8999,4143.1001,372
2026-06-23 01:31,4137.8999,4139.2998,4135.5,4139.2998,80
2026-06-23 01:32,4137.8999,4140.1001,4135.8999,4137.7002,63
2026-06-23 01:33,4142.1001,4142.2002,4136.0,4137.8999,101
2026-06-23 01:34,4149.1001,4149.1001,4141.5,4142.3999,118
2026-06-23 01:35,4149.8999,4151.5,4148.0,4148.6001,156
2026-06-23 01:36,4146.7002,4150.3999,4146.5,4150.0,127
2026-06-23 01:37,4146.0,4148.5,4146.0,4146.8999,47
2026-06-23 01:38,4145.2998,4146.7998,4144.8999,4145.7002,63
2026-06-23 01:39,4143.2002,4146.8999,4142.7002,4145.7002,47
2026-06-23 01:40,4141.3999,4144.0,4140.3999,4143.2998,100
2026-06-23 01:41,4140.0,4142.0,4138.7998,4141.1001,44
2026-06-23 01:42,4140.2002,4141.0,4139.8999,4140.3999,31
2026-06-23 01:43,4143.2002,4143.2002,4140.5,4140.5,52
2026-06-23 01:44,4145.6001,4146.8999,4143.2002,4143.2002,70
2026-06-23 01:45,4142.2998,4145.7002,4141.7998,4145.3999,83
2026-06-23 01:46,4139.3999,4143.0,4137.2998,4142.6001,99
2026-06-23 01:47,4139.2002,4139.7002,4137.8999,4139.3999,48
2026-06-23 01:48,4137.8999,4139.2998,4135.2002,4139.2998,79
2026-06-23 01:49,4137.0,4139.1001,4137.0,4138.2998,43
2026-06-23 01:50,4138.7002,4140.2002,4137.2002,4137.2002,82
2026-06-23 01:51,4136.8999,4138.8999,4135.5,4138.7998,80
2026-06-23 01:52,4137.1001,4138.0,4136.0,4136.7998,107
2026-06-23 01:53,4136.5,4137.5,4135.3999,4137.1001,152
2026-06-23 01:54,4138.7002,4139.3999,4136.6001,4136.6001,53
2026-06-23 01:55,4136.6001,4138.7998,4135.2002,4138.6001,72
2026-06-23 01:56,4135.5,4136.8999,4134.8999,4136.3999,56
2026-06-23 01:57,4138.2002,4138.8999,4134.6001,4136.5,135
2026-06-23 01:58,4138.8999,4139.7998,4137.6001,4138.6001,141
2026-06-23 01:59,4138.8999,4139.2002,4137.1001,4139.0,288
2026-06-23 02:00,4139.0,4140.8999,4137.3999,4139.6001,146
2026-06-23 02:01,4143.3999,4144.8999,4138.2002,4139.2998,214
2026-06-23 02:02,4141.2998,4144.7002,4140.2998,4143.5,127
2026-06-23 02:03,4138.7002,4142.1001,4138.0,4141.7998,121
2026-06-23 02:04,4141.0,4141.6001,4138.5,4139.2002,62
2026-06-23 02:05,4140.2002,4141.2002,4139.0,4141.1001,46
2026-06-23 02:06,4138.5,4140.3999,4137.3999,4140.2998,133
2026-06-23 02:07,4136.5,4138.5,4135.0,4138.5,300
2026-06-23 02:08,4135.7002,4138.1001,4134.8999,4136.6001,122
2026-06-23 02:09,4131.3999,4137.2002,4130.8999,4136.0,337
2026-06-23 02:10,4130.7998,4132.8999,4129.2002,4131.3999,144
2026-06-23 02:11,4132.7002,4134.7998,4130.7998,4130.7998,69
2026-06-23 02:12,4141.2002,4142.7998,4132.2002,4133.1001,272
2026-06-23 02:13,4138.5,4141.7002,4138.1001,4141.6001,114
2026-06-23 02:14,4140.2998,4141.5,4138.5,4139.0,98
2026-06-23 02:15,4141.0,4142.0,4139.2002,4141.0,86
2026-06-23 02:16,4142.3999,4144.7002,4140.6001,4141.5,135
2026-06-23 02:17,4141.6001,4142.8999,4140.1001,4142.6001,55
2026-06-23 02:18,4140.7998,4141.7002,4140.1001,4141.7002,70
2026-06-23 02:19,4140.2002,4141.2002,4140.1001,4140.8999,145
2026-06-23 02:20,4142.2998,4142.5,4140.1001,4140.7998,68
2026-06-23 02:21,4142.2998,4143.3999,4141.2002,4142.6001,53
2026-06-23 02:22,4140.6001,4143.2002,4140.1001,4142.5,79
2026-06-23 02:23,4136.2002,4140.7998,4136.2002,4140.7998,329
2026-06-23 02:24,4140.7002,4140.7002,4135.6001,4136.2002,156
2026-06-23 02:25,4138.1001,4140.7002,4138.0,4140.7002,60
2026-06-23 02:26,4134.5,4138.6001,4132.5,4138.6001,120
2026-06-23 02:27,4135.1001,4135.5,4133.3999,4134.3999,50
2026-06-23 02:28,4134.8999,4136.2002,4134.7002,4135.6001,54
2026-06-23 02:29,4134.0,4136.8999,4134.0,4136.0,85
2026-06-23 02:30,4133.5,4135.6001,4133.2998,4134.2002,43
2026-06-23 02:31,4136.5,4137.7002,4133.0,4133.7002,79
2026-06-23 02:32,4137.7998,4138.2998,4135.0,4136.2998,95
2026-06-23 02:33,4135.6001,4139.2002,4135.6001,4138.3999,40
2026-06-23 02:34,4137.6001,4137.7998,4134.7998,4136.2002,112
2026-06-23 02:35,4135.3999,4138.2002,4134.0,4137.6001,95
2026-06-23 02:36,4133.0,4135.5,4131.6001,4135.2998,88
2026-06-23 02:37,4132.5,4133.7998,4132.2002,4133.1001,49
2026-06-23 02:38,4133.8999,4134.3999,4132.3999,4132.3999,56
2026-06-23 02:39,4133.7002,4134.3999,4133.2998,4134.0,19
2026-06-23 02:40,4133.0,4135.5,4132.7998,4134.2998,59
2026-06-23 02:41,4133.1001,4133.8999,4132.7002,4133.2002,79
2026-06-23 02:42,4129.7998,4133.5,4129.5,4133.5,67
2026-06-23 02:43,4131.3999,4131.7998,4128.7998,4129.7002,193
2026-06-23 02:44,4131.6001,4132.0,4129.6001,4131.7002,113
2026-06-23 02:45,4133.7002,4133.7002,4131.0,4131.6001,91
2026-06-23 02:46,4134.2002,4136.2002,4132.5,4133.7002,99
2026-06-23 02:47,4130.0,4134.2002,4130.0,4134.2002,91
2026-06-23 02:48,4130.2002,4131.1001,4127.8999,4130.2998,174
2026-06-23 02:49,4133.5,4133.7002,4130.7998,4130.7998,44
2026-06-23 02:50,4135.2002,4136.2002,4133.7002,4133.7002,45
2026-06-23 02:51,4135.2998,4135.3999,4134.5,4135.2002,20
2026-06-23 02:52,4135.0,4135.3999,4134.3999,4135.2998,25
2026-06-23 02:53,4134.7002,4135.3999,4133.7002,4135.2998,41
2026-06-23 02:54,4136.1001,4137.0,4134.6001,4135.2998,37
2026-06-23 02:55,4137.2002,4138.2002,4136.0,4136.0,82
2026-06-23 02:56,4134.7998,4137.8999,4134.6001,4137.7998,114
2026-06-23 02:57,4136.7998,4136.8999,4135.0,4135.0,43
2026-06-23 02:58,4132.0,4137.2002,4131.7002,4137.0,93
2026-06-23 02:59,4132.3999,4134.0,4131.7998,4132.1001,65
2026-06-23 03:00,4132.8999,4132.8999,4127.5,4131.8999,185
2026-06-23 03:01,4132.6001,4134.2998,4131.5,4132.2002,56
2026-06-23 03:02,4136.0,4136.1001,4132.7998,4132.7998,57
2026-06-23 03:03,4134.3999,4135.8999,4134.0,4135.8999,42
2026-06-23 03:04,4136.8999,4137.0,4134.3999,4135.0,24
2026-06-23 03:05,4139.3999,4139.7998,4136.1001,4137.7998,109
2026-06-23 03:06,4140.0,4140.6001,4137.8999,4138.7998,143
2026-06-23 03:07,4137.8999,4141.1001,4137.8999,4140.2998,98
2026-06-23 03:08,4141.6001,4142.1001,4137.1001,4137.8999,87
2026-06-23 03:09,4139.2998,4142.7002,4139.2002,4142.0,109
2026-06-23 03:10,4132.2998,4139.2002,4132.0,4138.7998,240
2026-06-23 03:11,4132.8999,4133.2002,4130.0,4132.2002,194
2026-06-23 03:12,4131.6001,4133.2998,4131.2998,4132.6001,105
2026-06-23 03:13,4131.3999,4132.7002,4130.7998,4131.2002,70
2026-06-23 03:14,4133.5,4135.2998,4131.7002,4131.7998,126
2026-06-23 03:15,4134.5,4135.2998,4133.6001,4133.7002,43
2026-06-23 03:16,4134.5,4134.7998,4133.2002,4134.5,50
2026-06-23 03:17,4134.0,4134.6001,4133.1001,4134.2002,31
2026-06-23 03:18,4132.7998,4134.2002,4132.6001,4133.6001,52
2026-06-23 03:19,4135.6001,4136.2002,4131.2998,4132.7002,81
2026-06-23 03:20,4136.8999,4138.0,4135.3999,4135.6001,85
2026-06-23 03:21,4137.3999,4137.7002,4136.3999,4136.7998,87
2026-06-23 03:22,4140.5,4140.5,4136.2998,4137.3999,84
2026-06-23 03:23,4138.5,4141.0,4138.5,4140.2002,82
2026-06-23 03:24,4137.2998,4138.8999,4136.5,4138.7002,120
2026-06-23 03:25,4136.1001,4137.7998,4136.1001,4137.2002,19
2026-06-23 03:26,4137.1001,4138.0,4136.2998,4136.2998,13
2026-06-23 03:27,4138.2002,4138.2998,4137.1001,4137.1001,12
2026-06-23 03:28,4138.0,4138.1001,4137.3999,4137.8999,10
2026-06-23 03:29,4136.2002,4137.7002,4136.0,4137.5,49
2026-06-23 03:30,4134.7002,4136.2002,4134.0,4135.8999,70
2026-06-23 03:31,4134.5,4135.5,4133.2998,4135.3999,35
2026-06-23 03:32,4135.0,4135.1001,4133.7998,4134.8999,23
2026-06-23 03:33,4133.8999,4134.8999,4133.0,4134.7998,37
2026-06-23 03:34,4137.3999,4137.3999,4134.1001,4134.1001,133
2026-06-23 03:35,4132.7998,4137.0,4132.7002,4137.0,39
2026-06-23 03:36,4133.2002,4133.3999,4132.0,4132.8999,91
2026-06-23 03:37,4131.7998,4133.1001,4130.7998,4133.1001,97
2026-06-23 03:38,4131.0,4132.2998,4129.5,4132.2998,140
2026-06-23 03:39,4129.2998,4131.2998,4128.5,4130.8999,59
2026-06-23 03:40,4126.7998,4131.2002,4126.2998,4129.2998,122
2026-06-23 03:41,4126.5,4128.6001,4126.0,4127.1001,52
2026-06-23 03:42,4124.1001,4127.1001,4123.0,4126.1001,252
2026-06-23 03:43,4122.8999,4124.7002,4122.8999,4123.3999,99
2026-06-23 03:44,4122.1001,4123.5,4121.0,4123.5,102
2026-06-23 03:45,4122.2998,4123.2002,4121.5,4122.7998,72
2026-06-23 03:46,4125.0,4125.1001,4121.6001,4122.2002,76
2026-06-23 03:47,4123.6001,4125.7998,4123.5,4125.5,80
2026-06-23 03:48,4122.2998,4123.6001,4121.7002,4122.8999,38
2026-06-23 03:49,4124.1001,4125.2002,4122.3999,4123.0,100
2026-06-23 03:50,4119.6001,4123.6001,4119.2998,4123.6001,151
2026-06-23 03:51,4118.6001,4120.2002,4116.2998,4120.0,270
2026-06-23 03:52,4116.7002,4119.0,4116.1001,4118.1001,143
2026-06-23 03:53,4117.6001,4118.5,4117.0,4117.0,88
2026-06-23 03:54,4118.2998,4118.2998,4116.0,4117.3999,101
2026-06-23 03:55,4116.0,4118.5,4116.0,4118.1001,102
2026-06-23 03:56,4118.0,4118.0,4114.0,4115.7002,166
2026-06-23 03:57,4116.7002,4118.6001,4115.1001,4118.0,182
2026-06-23 03:58,4115.7002,4117.5,4115.2002,4116.1001,150
2026-06-23 03:59,4116.0,4116.7998,4115.5,4115.8999,56
2026-06-23 04:00,4114.7998,4117.5,4114.0,4116.2998,485
2026-06-23 04:01,4113.6001,4115.2002,4113.1001,4114.7002,135
2026-06-23 04:02,4109.2998,4114.2002,4109.2998,4113.8999,361
2026-06-23 04:03,4114.7998,4116.2998,4109.1001,4109.5,574
2026-06-23 04:04,4109.8999,4115.2998,4109.0,4114.7002,125
2026-06-23 04:05,4111.6001,4112.8999,4109.6001,4110.0,110
2026-06-23 04:06,4113.1001,4113.2002,4110.1001,4111.3999,108
2026-06-23 04:07,4110.0,4113.6001,4108.2002,4113.2002,98
2026-06-23 04:08,4111.2998,4111.6001,4108.8999,4110.0,111
2026-06-23 04:09,4111.5,4112.6001,4110.2002,4111.7002,101
2026-06-23 04:10,4113.2002,4113.5,4111.1001,4112.6001,71
2026-06-23 04:11,4112.0,4113.5,4110.8999,4113.2002,55
2026-06-23 04:12,4111.0,4112.7002,4109.1001,4112.2002,56
2026-06-23 04:13,4112.3999,4113.0,4111.6001,4111.6001,63
2026-06-23 04:14,4111.5,4112.2002,4109.7002,4111.7998,75
2026-06-23 04:15,4110.6001,4112.0,4110.2998,4110.7998,40
2026-06-23 04:16,4112.2998,4112.2998,4109.7002,4110.7002,72
2026-06-23 04:17,4112.5,4113.7002,4110.7002,4112.6001,123
2026-06-23 04:18,4113.7002,4114.8999,4112.0,4112.6001,115
2026-06-23 04:19,4115.3999,4117.3999,4113.6001,4113.6001,154
2026-06-23 04:20,4114.2998,4116.7998,4114.0,4115.5,63
2026-06-23 04:21,4114.7002,4116.0,4114.3999,4114.3999,70
2026-06-23 04:22,4116.7998,4117.3999,4114.7998,4115.0,68
2026-06-23 04:23,4115.1001,4117.1001,4113.3999,4117.1001,53
2026-06-23 04:24,4114.2002,4114.7002,4113.6001,4113.7002,17
2026-06-23 04:25,4114.2002,4114.8999,4112.0,4114.8999,99
2026-06-23 04:26,4114.2998,4115.2998,4113.2998,4114.7998,81
2026-06-23 04:27,4114.2998,4115.5,4114.1001,4114.7998,43
2026-06-23 04:28,4115.2998,4115.8999,4114.7998,4114.8999,12
2026-06-23 04:29,4115.8999,4116.0,4114.5,4114.5,19
2026-06-23 04:30,4116.7002,4116.7002,4114.2002,4115.7998,37
2026-06-23 04:31,4116.2002,4117.0,4115.6001,4116.6001,43
2026-06-23 04:32,4118.0,4118.6001,4115.5,4116.5,76
2026-06-23 04:33,4118.1001,4119.2998,4117.1001,4118.6001,101
2026-06-23 04:34,4119.5,4119.7998,4117.2998,4118.1001,67
2026-06-23 04:35,4121.7002,4122.8999,4119.5,4119.5,101
2026-06-23 04:36,4121.0,4121.7998,4120.1001,4121.7002,89
2026-06-23 04:37,4118.2998,4121.5,4118.2002,4121.0,77
2026-06-23 04:38,4119.7998,4120.7002,4118.0,4118.2998,71
2026-06-23 04:39,4119.3999,4120.7998,4118.7998,4120.2002,41
2026-06-23 04:40,4123.0,4123.2998,4119.7998,4119.8999,78
2026-06-23 04:41,4127.8999,4128.1001,4122.8999,4123.2002,340
2026-06-23 04:42,4127.6001,4128.3999,4125.8999,4127.8999,207
2026-06-23 04:43,4124.8999,4127.7998,4123.3999,4127.6001,114
2026-06-23 04:44,4127.2998,4127.2998,4123.8999,4124.0,148
2026-06-23 04:45,4123.7002,4127.2002,4123.0,4127.2002,100
2026-06-23 04:46,4120.7002,4124.0,4120.5,4123.7002,105
2026-06-23 04:47,4120.2002,4121.2002,4119.7998,4121.0,99
2026-06-23 04:48,4121.6001,4121.7998,4119.5,4120.1001,68
2026-06-23 04:49,4122.0,4122.5,4121.1001,4121.1001,35
2026-06-23 04:50,4121.2002,4121.5,4119.8999,4121.1001,15
2026-06-23 04:51,4122.7998,4122.7998,4121.3999,4121.7002,45
2026-06-23 04:52,4123.2002,4123.2002,4122.2998,4123.1001,24
2026-06-23 04:53,4125.0,4125.0,4122.7998,4122.7998,12
2026-06-23 04:54,4125.5,4126.5,4124.5,4124.6001,66
2026-06-23 04:55,4124.6001,4125.1001,4123.8999,4124.7998,40
2026-06-23 04:56,4123.2002,4124.7002,4122.0,4124.0,66
2026-06-23 04:57,4121.5,4123.2998,4121.5,4123.2002,18
2026-06-23 04:58,4120.3999,4122.1001,4120.0,4121.5,52
2026-06-23 04:59,4122.6001,4123.3999,4120.0,4120.0,76
2026-06-23 05:00,4124.1001,4124.1001,4122.1001,4123.0,115
2026-06-23 05:01,4123.6001,4124.3999,4123.5,4123.8999,45
2026-06-23 05:02,4125.3999,4125.3999,4123.3999,4123.3999,54
2026-06-23 05:03,4123.8999,4126.3999,4123.7998,4125.5,47
2026-06-23 05:04,4127.7002,4127.7998,4123.6001,4124.0,87
2026-06-23 05:05,4129.2998,4129.2998,4126.3999,4127.7998,103
2026-06-23 05:06,4129.5,4130.0,4128.2998,4129.0,190
2026-06-23 05:07,4129.2998,4130.3999,4128.2998,4129.6001,121
2026-06-23 05:08,4128.6001,4129.8999,4127.7998,4129.2002,61
2026-06-23 05:09,4127.6001,4127.6001,4126.6001,4127.3999,32
2026-06-23 05:10,4128.2998,4128.5,4126.7002,4127.2998,67
2026-06-23 05:11,4128.3999,4129.2998,4128.3999,4128.5,26
2026-06-23 05:12,4129.1001,4129.1001,4127.2998,4128.2002,76
2026-06-23 05:13,4130.6001,4131.7002,4128.8999,4129.0,55
2026-06-23 05:14,4129.1001,4131.6001,4128.0,4131.6001,85
2026-06-23 05:15,4127.3999,4130.3999,4127.3999,4129.1001,113
2026-06-23 05:16,4129.1001,4129.1001,4126.5,4127.6001,154
2026-06-23 05:17,4129.1001,4130.3999,4128.5,4129.0,38
2026-06-23 05:18,4127.7998,4129.2998,4126.7002,4129.2998,45
2026-06-23 05:19,4129.2998,4129.2998,4128.1001,4128.2998,24
2026-06-23 05:20,4132.5,4132.5,4129.5,4129.5,128
2026-06-23 05:21,4131.7998,4133.6001,4131.2998,4132.6001,134
2026-06-23 05:22,4132.5,4133.6001,4132.0,4132.0,24
2026-06-23 05:23,4131.8999,4132.2998,4130.7002,4132.2002,53
2026-06-23 05:24,4134.0,4134.8999,4131.7998,4132.2998,134
2026-06-23 05:25,4133.3999,4134.8999,4133.0,4133.6001,63
2026-06-23 05:26,4131.7002,4133.1001,4130.3999,4133.0,74
2026-06-23 05:27,4132.7998,4134.0,4131.8999,4132.2998,97
2026-06-23 05:28,4131.0,4133.2998,4129.6001,4132.6001,126
2026-06-23 05:29,4130.2002,4131.7002,4129.8999,4130.7998,79
2026-06-23 05:30,4130.3999,4131.7002,4130.1001,4130.6001,63
2026-06-23 05:31,4131.2998,4132.2002,4130.1001,4130.5,200
2026-06-23 05:32,4132.3999,4132.3999,4131.0,4131.5,99
2026-06-23 05:33,4133.2002,4133.7002,4132.0,4132.5,79
2026-06-23 05:34,4134.5,4134.5,4132.7998,4133.5,110
2026-06-23 05:35,4134.2998,4136.6001,4134.2998,4134.5,160
2026-06-23 05:36,4133.5,4134.6001,4133.2002,4134.1001,41
2026-06-23 05:37,4135.0,4135.7002,4133.6001,4134.1001,20
2026-06-23 05:38,4136.1001,4136.2998,4134.8999,4135.2998,38
2026-06-23 05:39,4136.5,4138.5,4135.2002,4136.0,137
2026-06-23 05:40,4135.3999,4136.8999,4135.3999,4136.0,26
2026-06-23 05:41,4135.1001,4136.5,4134.5,4135.1001,57
2026-06-23 05:42,4136.6001,4136.7002,4135.2002,4135.5,16
2026-06-23 05:43,4135.6001,4137.7002,4135.6001,4136.6001,47
2026-06-23 05:44,4134.7002,4135.6001,4134.6001,4135.2002,25
2026-06-23 05:45,4135.6001,4136.0,4134.3999,4135.2002,19
2026-06-23 05:46,4135.6001,4136.0,4134.6001,4136.0,16
2026-06-23 05:47,4134.3999,4135.6001,4134.3999,4135.2998,14
2026-06-23 05:48,4135.2002,4135.5,4134.2998,4134.5,56
2026-06-23 05:49,4135.0,4135.3999,4134.7002,4135.3999,22
2026-06-23 05:50,4135.2998,4136.0,4134.0,4135.2002,24
2026-06-23 05:51,4134.6001,4135.3999,4134.0,4134.7002,42
2026-06-23 05:52,4134.7998,4135.0,4134.3999,4134.5,10
2026-06-23 05:53,4133.7998,4134.5,4133.7998,4134.5,21
2026-06-23 05:54,4133.3999,4134.7002,4133.0,4134.2998,32
2026-06-23 05:55,4135.6001,4135.8999,4133.0,4133.2998,41
2026-06-23 05:56,4136.2002,4136.7998,4135.5,4135.8999,44
2026-06-23 05:57,4137.8999,4138.1001,4136.3999,4136.3999,51
2026-06-23 05:58,4135.2998,4137.8999,4135.2998,4137.8999,43
2026-06-23 05:59,4140.1001,4140.1001,4135.8999,4135.8999,141
2026-06-23 06:00,4146.7998,4148.1001,4139.8999,4140.0,492
2026-06-23 06:01,4144.5,4147.1001,4144.5,4146.7998,170
2026-06-23 06:02,4147.8999,4150.2002,4144.5,4144.6001,162
2026-06-23 06:03,4147.1001,4148.0,4146.5,4147.2998,71
2026-06-23 06:04,4149.2998,4151.1001,4147.0,4147.0,90
2026-06-23 06:05,4149.2002,4150.1001,4148.8999,4149.2002,50
2026-06-23 06:06,4148.8999,4149.1001,4147.2002,4149.1001,90
2026-06-23 06:07,4146.3999,4149.0,4146.3999,4148.7002,31
2026-06-23 06:08,4145.5,4147.1001,4145.2002,4147.1001,47
2026-06-23 06:09,4144.8999,4146.5,4144.8999,4145.3999,23
2026-06-23 06:10,4145.8999,4146.2002,4144.7998,4144.7998,28
2026-06-23 06:11,4146.1001,4146.6001,4145.2998,4145.7998,28
2026-06-23 06:12,4147.2002,4147.2002,4145.5,4145.5,22
2026-06-23 06:13,4145.7998,4146.3999,4144.3999,4146.3999,31
2026-06-23 06:14,4147.6001,4147.6001,4145.3999,4146.0,47
2026-06-23 06:15,4148.2998,4148.2998,4146.5,4147.6001,43
2026-06-23 06:16,4150.2002,4150.2002,4147.7002,4148.3999,48
2026-06-23 06:17,4147.7002,4150.6001,4147.7002,4150.0,67
2026-06-23 06:18,4147.8999,4148.7002,4146.3999,4147.2998,41
2026-06-23 06:19,4150.0,4150.0,4148.1001,4148.1001,26
2026-06-23 06:20,4149.3999,4149.5,4147.7998,4149.5,57
2026-06-23 06:21,4149.2998,4149.7002,4147.6001,4148.8999,64
2026-06-23 06:22,4148.5,4149.6001,4147.7002,4149.0,70
2026-06-23 06:23,4148.2998,4148.8999,4147.6001,4148.8999,64
2026-06-23 06:24,4146.0,4148.6001,4145.6001,4148.1001,41
2026-06-23 06:25,4146.7002,4147.0,4144.2002,4145.7002,72
2026-06-23 06:26,4147.7998,4148.0,4147.0,4147.0,32
2026-06-23 06:27,4148.2998,4149.2002,4148.2002,4148.2002,39
2026-06-23 06:28,4148.2002,4149.2002,4147.7002,4149.2002,24
2026-06-23 06:29,4148.1001,4148.5,4146.3999,4148.2002,31
2026-06-23 06:30,4148.5,4148.6001,4147.2002,4148.2002,33
2026-06-23 06:31,4147.2998,4148.6001,4147.0,4148.2002,27
2026-06-23 06:32,4149.1001,4149.1001,4146.8999,4147.5,58
2026-06-23 06:33,4149.2002,4149.5,4148.2002,4149.5,35
2026-06-23 06:34,4148.2998,4149.7002,4148.2002,4149.5,33
2026-06-23 06:35,4147.2002,4149.0,4147.2002,4148.2998,41
2026-06-23 06:36,4144.7998,4147.5,4144.7998,4147.2002,51
2026-06-23 06:37,4145.1001,4145.7002,4144.3999,4144.6001,59
2026-06-23 06:38,4146.2002,4146.6001,4144.7002,4145.2002,60
2026-06-23 06:39,4146.6001,4147.1001,4146.0,4146.2002,43
2026-06-23 06:40,4146.8999,4147.7002,4145.8999,4146.6001,30
2026-06-23 06:41,4144.3999,4146.7002,4144.3999,4146.7002,54
2026-06-23 06:42,4142.3999,4144.1001,4142.0,4144.0,73
2026-06-23 06:43,4144.5,4145.1001,4142.8999,4142.8999,49
2026-06-23 06:44,4144.2998,4145.1001,4143.7998,4144.3999,22
2026-06-23 06:45,4143.2002,4144.3999,4142.6001,4144.3999,69
2026-06-23 06:46,4141.7998,4143.5,4141.3999,4143.2998,48
2026-06-23 06:47,4142.2002,4142.5,4141.2998,4142.2998,65
2026-06-23 06:48,4143.2998,4144.3999,4141.5,4141.7998,115
2026-06-23 06:49,4142.5,4143.1001,4142.0,4143.0,16
2026-06-23 06:50,4141.7002,4142.7998,4141.2998,4142.3999,59
2026-06-23 06:51,4141.8999,4141.8999,4139.8999,4141.2998,110
2026-06-23 06:52,4142.5,4143.3999,4141.6001,4142.0,77
2026-06-23 06:53,4141.6001,4142.3999,4140.8999,4142.2998,22
2026-06-23 06:54,4140.2002,4141.6001,4140.0,4141.6001,28
2026-06-23 06:55,4140.6001,4141.0,4140.0,4140.1001,58
2026-06-23 06:56,4138.8999,4140.7002,4138.8999,4140.7002,61
2026-06-23 06:57,4138.1001,4139.6001,4137.7998,4139.2002,80
2026-06-23 06:58,4138.6001,4138.7998,4138.0,4138.2998,44
2026-06-23 06:59,4137.7002,4139.2998,4137.3999,4138.5,113
2026-06-23 07:00,4138.1001,4139.2002,4136.8999,4137.6001,155
2026-06-23 07:01,4136.3999,4139.5,4135.2002,4138.3999,107
2026-06-23 07:02,4136.0,4137.2002,4135.6001,4136.3999,80
2026-06-23 07:03,4137.0,4137.3999,4135.7002,4136.2998,37
2026-06-23 07:04,4136.8999,4138.2002,4136.6001,4137.1001,58
2026-06-23 07:05,4137.8999,4138.3999,4136.3999,4136.7002,49
2026-06-23 07:06,4142.6001,4143.5,4137.7002,4137.7002,226
2026-06-23 07:07,4143.1001,4143.8999,4141.8999,4142.6001,58
2026-06-23 07:08,4142.5,4143.2002,4142.2998,4143.1001,29
2026-06-23 07:09,4143.8999,4144.5,4141.8999,4143.0,54
2026-06-23 07:10,4143.8999,4145.2002,4143.2998,4143.2998,31
2026-06-23 07:11,4144.2998,4144.2998,4142.7002,4143.3999,43
2026-06-23 07:12,4145.7002,4146.2002,4144.6001,4145.0,20
2026-06-23 07:13,4146.2998,4146.7002,4145.2002,4145.7002,38
2026-06-23 07:14,4146.8999,4147.8999,4144.8999,4145.7002,107
2026-06-23 07:15,4144.6001,4147.0,4144.3999,4146.7002,58
2026-06-23 07:16,4144.8999,4145.5,4144.7002,4145.2998,15
2026-06-23 07:17,4143.2998,4146.0,4143.2998,4145.1001,70
2026-06-23 07:18,4144.5,4144.7002,4143.1001,4143.3999,41
2026-06-23 07:19,4145.1001,4145.1001,4144.2002,4144.2002,18
2026-06-23 07:20,4149.3999,4149.6001,4142.2998,4146.0,248
2026-06-23 07:21,4144.7998,4150.0,4144.7998,4147.2002,183
2026-06-23 07:22,4148.2998,4148.8999,4144.3999,4144.3999,148
2026-06-23 07:23,4146.2002,4149.0,4146.0,4147.8999,59
2026-06-23 07:24,4147.5,4147.5,4146.3999,4147.0,26
2026-06-23 07:25,4146.6001,4147.7002,4145.7002,4146.7998,47
2026-06-23 07:26,4145.8999,4147.6001,4145.8999,4146.7998,61
2026-06-23 07:27,4144.2002,4145.8999,4143.7998,4145.5,99
2026-06-23 07:28,4144.7998,4145.1001,4143.7998,4144.2998,31
2026-06-23 07:29,4144.8999,4144.8999,4142.6001,4143.6001,46
2026-06-23 07:30,4143.8999,4144.8999,4143.5,4144.6001,45
2026-06-23 07:31,4144.5,4144.5,4142.5,4143.7002,54
2026-06-23 07:32,4145.1001,4146.3999,4145.0,4145.0,42
2026-06-23 07:33,4143.8999,4145.8999,4143.7002,4144.7002,36
2026-06-23 07:34,4141.3999,4144.0,4141.3999,4144.0,95
2026-06-23 07:35,4140.3999,4143.0,4139.8999,4141.5,104
2026-06-23 07:36,4139.7002,4141.2998,4138.8999,4140.7998,89
2026-06-23 07:37,4138.7998,4139.7998,4137.7998,4139.2998,96
2026-06-23 07:38,4142.3999,4142.3999,4139.3999,4139.3999,56
2026-06-23 07:39,4143.7998,4144.1001,4141.2998,4142.2998,62
2026-06-23 07:40,4140.8999,4143.7998,4140.5,4143.2998,80
2026-06-23 07:41,4140.2002,4142.0,4139.8999,4140.6001,119
2026-06-23 07:42,4138.7998,4140.7002,4138.2998,4140.3999,108
2026-06-23 07:43,4138.2998,4138.8999,4136.3999,4138.6001,166
2026-06-23 07:44,4138.8999,4139.5,4137.8999,4138.3999,35
2026-06-23 07:45,4138.7998,4139.1001,4138.0,4138.3999,36
2026-06-23 07:46,4137.8999,4138.8999,4137.8999,4138.6001,19
2026-06-23 07:47,4136.1001,4138.2998,4136.1001,4138.1001,28
2026-06-23 07:48,4137.0,4137.7002,4135.7002,4136.5,43
2026-06-23 07:49,4139.3999,4139.3999,4135.8999,4137.0,64
2026-06-23 07:50,4139.8999,4140.6001,4138.0,4139.2002,71
2026-06-23 07:51,4137.7998,4140.3999,4136.7998,4139.7998,123
2026-06-23 07:52,4139.8999,4140.5,4137.3999,4137.7998,101
2026-06-23 07:53,4139.2002,4141.6001,4138.6001,4139.7998,228
2026-06-23 07:54,4139.5,4139.7002,4137.7002,4139.0,146
2026-06-23 07:55,4138.7002,4140.1001,4138.0,4139.7002,78
2026-06-23 07:56,4141.0,4141.1001,4137.7002,4138.6001,103
2026-06-23 07:57,4143.5,4143.8999,4140.8999,4141.1001,88
2026-06-23 07:58,4140.7002,4144.0,4140.7002,4143.5,105
2026-06-23 07:59,4141.1001,4141.8999,4140.6001,4141.1001,32
2026-06-23 08:00,4144.2002,4145.1001,4140.7002,4141.0,106
2026-06-23 08:01,4144.7002,4145.0,4143.2002,4144.2002,54
2026-06-23 08:02,4141.8999,4145.2998,4141.8999,4144.5,127
2026-06-23 08:03,4143.2002,4143.3999,4141.7998,4141.7998,44
2026-06-23 08:04,4140.3999,4143.8999,4140.3999,4143.1001,68
2026-06-23 08:05,4140.8999,4141.3999,4140.6001,4140.8999,54
2026-06-23 08:06,4140.3999,4141.7002,4139.5,4140.5,73
2026-06-23 08:07,4140.3999,4141.6001,4140.2002,4140.6001,111
2026-06-23 08:08,4139.8999,4141.6001,4139.7998,4140.3999,70
2026-06-23 08:09,4137.5,4139.6001,4137.1001,4139.6001,97
2026-06-23 08:10,4138.5,4139.8999,4137.5,4137.7998,72
2026-06-23 08:11,4134.2998,4137.3999,4133.2998,4137.3999,97
2026-06-23 08:12,4135.1001,4135.5,4133.7998,4134.3999,57
2026-06-23 08:13,4132.0,4135.1001,4131.7002,4135.1001,109
2026-06-23 08:14,4131.7998,4134.1001,4130.6001,4131.7998,138
2026-06-23 08:15,4130.8999,4132.0,4129.0,4131.3999,241
2026-06-23 08:16,4133.7998,4134.3999,4130.8999,4131.2998,116
2026-06-23 08:17,4133.0,4134.5,4132.2998,4134.2002,63
2026-06-23 08:18,4135.3999,4135.5,4132.2998,4133.1001,78
2026-06-23 08:19,4135.0,4135.8999,4134.7002,4135.3999,64
2026-06-23 08:20,4130.7002,4136.0,4129.6001,4135.1001,438
2026-06-23 08:21,4131.6001,4131.8999,4130.0,4131.2002,126
2026-06-23 08:22,4135.1001,4135.1001,4130.6001,4131.7002,153
2026-06-23 08:23,4135.1001,4135.1001,4132.6001,4134.5,166
2026-06-23 08:24,4134.7002,4137.6001,4134.3999,4135.5,230
2026-06-23 08:25,4132.3999,4135.5,4132.2998,4134.6001,176
2026-06-23 08:26,4132.6001,4133.2998,4131.0,4133.1001,75
2026-06-23 08:27,4133.2998,4133.3999,4132.2002,4132.7002,81
2026-06-23 08:28,4133.2998,4134.7002,4132.7998,4133.5,57
2026-06-23 08:29,4132.1001,4133.3999,4131.8999,4133.1001,48
2026-06-23 08:30,4135.2998,4136.2998,4131.3999,4132.2002,113
2026-06-23 08:31,4134.6001,4137.2002,4134.2002,4135.1001,121
2026-06-23 08:32,4134.5,4135.5,4134.0,4134.7002,97
2026-06-23 08:33,4136.8999,4136.8999,4134.2002,4134.8999,55
2026-06-23 08:34,4133.0,4137.7998,4133.0,4137.0,76
2026-06-23 08:35,4136.5,4137.2002,4133.1001,4133.5,111
2026-06-23 08:36,4136.2002,4137.0,4136.0,4136.7002,54
2026-06-23 08:37,4137.7998,4137.7998,4136.1001,4136.2002,44
2026-06-23 08:38,4138.5,4139.0,4136.7998,4137.7002,116
2026-06-23 08:39,4139.5,4140.0,4138.2998,4138.5,124
2026-06-23 08:40,4137.2998,4139.3999,4136.7002,4139.3999,66
2026-06-23 08:41,4138.0,4139.1001,4137.1001,4137.2002,69
2026-06-23 08:42,4137.1001,4138.1001,4137.0,4138.0,36
2026-06-23 08:43,4137.7002,4138.8999,4136.6001,4137.2998,79
2026-06-23 08:44,4135.5,4138.3999,4135.1001,4138.0,86
2026-06-23 08:45,4132.8999,4135.8999,4132.3999,4135.3999,121
2026-06-23 08:46,4132.2998,4133.2998,4131.5,4133.2998,105
2026-06-23 08:47,4132.2002,4133.5,4130.6001,4131.7998,243
2026-06-23 08:48,4133.2998,4134.2998,4131.7998,4133.2002,94
2026-06-23 08:49,4135.5,4135.5,4133.7002,4133.8999,40
2026-06-23 08:50,4134.2998,4136.1001,4133.5,4135.8999,51
2026-06-23 08:51,4139.2998,4139.3999,4133.8999,4134.2002,187
2026-06-23 08:52,4137.1001,4139.2998,4136.8999,4139.2998,135
2026-06-23 08:53,4137.0,4137.8999,4136.6001,4137.2002,61
2026-06-23 08:54,4136.8999,4137.2002,4135.7998,4136.8999,47
2026-06-23 08:55,4136.7002,4139.1001,4136.6001,4136.8999,105
2026-06-23 08:56,4135.2002,4137.1001,4134.7998,4136.8999,62
2026-06-23 08:57,4133.3999,4135.3999,4133.0,4134.6001,59
2026-06-23 08:58,4132.3999,4133.6001,4132.2002,4133.6001,97
2026-06-23 08:59,4131.0,4132.3999,4130.2002,4131.8999,131
2026-06-23 09:00,4127.7998,4132.1001,4127.6001,4131.1001,434
2026-06-23 09:01,4127.0,4128.8999,4125.6001,4127.7002,376
2026-06-23 09:02,4127.6001,4129.7998,4126.5,4126.7998,201
2026-06-23 09:03,4128.0,4128.7002,4126.3999,4127.8999,74
2026-06-23 09:04,4129.6001,4130.2998,4126.2998,4127.7998,100
2026-06-23 09:05,4132.3999,4133.8999,4129.2998,4129.6001,221
2026-06-23 09:06,4136.5,4137.1001,4132.5,4132.5,109
2026-06-23 09:07,4134.0,4136.5,4133.0,4136.2998,182
2026-06-23 09:08,4135.6001,4136.2998,4134.2998,4135.7998,100
2026-06-23 09:09,4134.2998,4135.7002,4133.5,4135.7002,21
2026-06-23 09:10,4132.0,4134.6001,4130.5,4134.2998,74
2026-06-23 09:11,4130.5,4132.3999,4130.3999,4131.7002,85
2026-06-23 09:12,4130.5,4131.8999,4130.0,4130.8999,110
2026-06-23 09:13,4132.0,4132.2998,4130.6001,4130.6001,64
2026-06-23 09:14,4131.2998,4132.0,4129.7002,4132.0,92
2026-06-23 09:15,4127.2002,4131.6001,4126.7002,4131.0,159
2026-06-23 09:16,4125.5,4127.3999,4124.7002,4127.1001,117
2026-06-23 09:17,4124.7998,4127.3999,4124.6001,4125.8999,95
2026-06-23 09:18,4125.6001,4126.0,4124.1001,4125.2998,65
2026-06-23 09:19,4124.5,4126.3999,4124.5,4124.7998,52
2026-06-23 09:20,4125.7998,4126.1001,4124.2002,4125.0,100
2026-06-23 09:21,4125.7002,4126.0,4122.7998,4125.2002,228
2026-06-23 09:22,4127.7002,4128.0,4124.2998,4125.8999,149
2026-06-23 09:23,4131.8999,4133.6001,4127.5,4127.8999,146
2026-06-23 09:24,4134.1001,4134.2998,4131.2998,4131.8999,114
2026-06-23 09:25,4134.5,4135.2998,4133.2002,4134.0,148
2026-06-23 09:26,4134.7002,4136.7002,4133.7998,4134.0,102
2026-06-23 09:27,4132.2002,4134.7998,4132.1001,4134.7998,121
2026-06-23 09:28,4133.6001,4134.7002,4131.7002,4132.6001,123
2026-06-23 09:29,4133.3999,4133.7998,4132.2998,4133.7998,104
2026-06-23 09:30,4129.6001,4134.3999,4127.8999,4133.7998,436
2026-06-23 09:31,4135.1001,4136.2002,4128.0,4129.7998,191
2026-06-23 09:32,4138.3999,4141.5,4134.6001,4135.2998,368
2026-06-23 09:33,4137.2002,4139.1001,4135.7002,4137.6001,239
2026-06-23 09:34,4140.2998,4140.3999,4136.2998,4136.6001,105
2026-06-23 09:35,4136.7002,4141.2002,4136.1001,4140.0,157
2026-06-23 09:36,4140.7002,4141.2002,4136.1001,4136.8999,130
2026-06-23 09:37,4138.6001,4142.3999,4138.0,4141.2998,255
2026-06-23 09:38,4136.7002,4138.8999,4136.2998,4138.7002,187
2026-06-23 09:39,4136.7998,4138.1001,4136.2002,4136.3999,231
2026-06-23 09:40,4143.2002,4144.7998,4135.8999,4136.8999,339
2026-06-23 09:41,4142.6001,4144.0,4140.7002,4143.2002,108
2026-06-23 09:42,4144.6001,4145.2002,4141.6001,4142.7998,143
2026-06-23 09:43,4144.2002,4146.6001,4144.0,4145.0,268
2026-06-23 09:44,4144.0,4145.6001,4142.6001,4144.7998,112
2026-06-23 09:45,4144.2002,4149.7998,4143.2002,4144.7002,760
2026-06-23 09:46,4143.1001,4145.5,4142.8999,4143.8999,134
2026-06-23 09:47,4145.7002,4147.2998,4142.3999,4143.5,164
2026-06-23 09:48,4151.8999,4153.1001,4145.2998,4145.7998,402
2026-06-23 09:49,4149.2998,4151.8999,4148.7998,4151.8999,345
2026-06-23 09:50,4150.8999,4151.1001,4148.6001,4148.8999,171
2026-06-23 09:51,4153.0,4154.7998,4150.5,4150.7998,396
2026-06-23 09:52,4155.2002,4156.1001,4152.0,4152.2998,324
2026-06-23 09:53,4156.2998,4157.8999,4153.6001,4155.2002,364
2026-06-23 09:54,4155.2998,4158.5,4154.8999,4156.7002,150
2026-06-23 09:55,4154.7002,4155.1001,4152.2998,4154.5,176
2026-06-23 09:56,4153.1001,4155.5,4152.0,4154.1001,316
2026-06-23 09:57,4151.1001,4153.0,4149.7998,4152.7998,263
2026-06-23 09:58,4155.1001,4156.0,4151.2002,4151.2998,283
2026-06-23 09:59,4154.1001,4157.2998,4152.5,4155.3999,307
2026-06-23 10:00,4155.2002,4159.2998,4153.1001,4153.1001,352
2026-06-23 10:01,4154.0,4157.7998,4153.6001,4155.7998,430
2026-06-23 10:02,4152.0,4155.7002,4152.0,4154.0,196
2026-06-23 10:03,4155.2998,4156.5,4151.2002,4152.2998,316
2026-06-23 10:04,4156.0,4158.0,4154.7998,4155.6001,249
2026-06-23 10:05,4153.6001,4157.0,4153.2998,4156.2002,328
2026-06-23 10:06,4156.6001,4157.5,4153.8999,4153.8999,288
2026-06-23 10:07,4156.8999,4159.0,4155.2002,4156.7002,265
2026-06-23 10:08,4157.0,4157.7002,4155.5,4156.6001,110
2026-06-23 10:09,4160.0,4162.2998,4156.5,4157.0,514
2026-06-23 10:10,4157.1001,4163.5,4154.5,4159.6001,502
2026-06-23 10:11,4151.7998,4157.1001,4151.7998,4157.1001,310
2026-06-23 10:12,4156.2002,4156.5,4150.7998,4151.7998,346
2026-06-23 10:13,4155.7002,4156.8999,4153.7998,4155.5,181
2026-06-23 10:14,4155.5,4156.7998,4154.7998,4155.7998,122
2026-06-23 10:15,4154.3999,4156.1001,4152.2998,4156.0,188
2026-06-23 10:16,4155.2002,4155.6001,4153.1001,4154.7998,183
2026-06-23 10:17,4154.0,4156.0,4153.5,4155.1001,109
2026-06-23 10:18,4155.3999,4155.3999,4150.7002,4154.3999,310
2026-06-23 10:19,4159.5,4160.1001,4154.6001,4155.0,435
2026-06-23 10:20,4158.7002,4159.5,4156.8999,4159.1001,325
2026-06-23 10:21,4156.8999,4159.2002,4156.6001,4158.7002,162
2026-06-23 10:22,4153.1001,4157.5,4151.8999,4156.6001,308
2026-06-23 10:23,4157.7002,4160.7002,4153.7998,4153.7998,771
2026-06-23 10:24,4152.5,4158.1001,4152.2002,4157.6001,341
2026-06-23 10:25,4151.7002,4154.2002,4151.5,4152.5,227
2026-06-23 10:26,4150.3999,4152.5,4148.1001,4151.8999,433
2026-06-23 10:27,4147.2998,4151.8999,4146.7002,4150.6001,207
2026-06-23 10:28,4148.7002,4149.5,4146.2002,4148.0,327
2026-06-23 10:29,4150.1001,4150.3999,4148.2002,4148.5,80
2026-06-23 10:30,4145.7002,4150.5,4145.7002,4150.2002,219
2026-06-23 10:31,4146.8999,4147.3999,4145.7002,4146.0,327
2026-06-23 10:32,4145.2998,4146.7998,4144.6001,4146.7998,256
2026-06-23 10:33,4144.2002,4147.1001,4144.2002,4145.3999,112
2026-06-23 10:34,4144.3999,4144.7998,4142.1001,4144.0,242
2026-06-23 10:35,4145.2002,4146.0,4142.8999,4144.6001,112
2026-06-23 10:36,4144.2002,4147.0,4144.2002,4145.2002,115
2026-06-23 10:37,4145.2002,4146.0,4143.7998,4144.0,155
2026-06-23 10:38,4140.7002,4145.0,4140.0,4144.7002,259
2026-06-23 10:39,4142.0,4143.0,4140.6001,4140.7002,159
2026-06-23 10:40,4141.7002,4144.2002,4141.0,4142.1001,318
2026-06-23 10:41,4141.2998,4142.2002,4140.5,4141.6001,80
2026-06-23 10:42,4143.8999,4145.2002,4141.1001,4141.7002,135
2026-06-23 10:43,4145.6001,4146.6001,4143.3999,4143.7002,222
2026-06-23 10:44,4143.7002,4145.7998,4142.0,4145.6001,147
2026-06-23 10:45,4143.5,4145.6001,4142.7998,4143.5,310
2026-06-23 10:46,4144.6001,4146.0,4143.1001,4143.6001,89
2026-06-23 10:47,4143.6001,4145.1001,4143.3999,4144.7998,75
2026-06-23 10:48,4145.1001,4145.8999,4142.5,4144.1001,140
2026-06-23 10:49,4144.2998,4145.1001,4142.7998,4144.7998,158
2026-06-23 10:50,4144.7002,4144.7998,4141.5,4144.5,86
2026-06-23 10:51,4146.0,4148.0,4145.1001,4145.1001,217
2026-06-23 10:52,4146.7998,4147.8999,4145.2002,4146.0,143
2026-06-23 10:53,4145.7998,4147.7998,4145.7002,4146.8999,135
2026-06-23 10:54,4145.2998,4146.0,4144.0,4146.0,125
2026-06-23 10:55,4146.0,4146.7998,4144.8999,4145.2002,263
2026-06-23 10:56,4143.0,4147.0,4142.7002,4146.2002,178
2026-06-23 10:57,4147.0,4147.3999,4143.2998,4143.2998,157
2026-06-23 10:58,4146.2998,4147.2998,4145.3999,4147.2998,88
2026-06-23 10:59,4147.5,4147.8999,4146.1001,4146.6001,104
2026-06-23 11:00,4148.7998,4150.2002,4146.2998,4148.0,332
2026-06-23 11:01,4150.0,4152.2998,4148.5,4148.7998,295
2026-06-23 11:02,4151.6001,4151.8999,4149.6001,4149.7998,102
2026-06-23 11:03,4150.8999,4152.0,4150.5,4151.5,76
2026-06-23 11:04,4151.3999,4151.7998,4150.0,4150.6001,57
2026-06-23 11:05,4149.2998,4153.2002,4149.2998,4151.1001,414
2026-06-23 11:06,4146.7002,4150.0,4146.7002,4149.2002,213
2026-06-23 11:07,4148.1001,4148.1001,4145.7998,4146.7002,171
2026-06-23 11:08,4142.6001,4147.7002,4141.7002,4147.7002,403
2026-06-23 11:09,4141.0,4143.2002,4141.0,4142.6001,266
2026-06-23 11:10,4143.1001,4144.5,4140.6001,4140.8999,355
2026-06-23 11:11,4143.2998,4145.2998,4142.7002,4143.6001,199
2026-06-23 11:12,4143.8999,4144.0,4142.8999,4143.7002,87
2026-06-23 11:13,4143.3999,4144.2002,4142.6001,4143.7998,77
2026-06-23 11:14,4145.5,4145.7998,4143.6001,4143.7998,64
2026-06-23 11:15,4146.5,4147.7002,4144.8999,4146.0,166
2026-06-23 11:16,4146.7998,4146.7998,4145.2998,4146.7002,48
2026-06-23 11:17,4146.8999,4148.0,4146.6001,4146.6001,96
2026-06-23 11:18,4145.0,4147.3999,4144.2002,4147.3999,74
2026-06-23 11:19,4145.1001,4146.7002,4144.5,4145.0,53
2026-06-23 11:20,4146.3999,4147.1001,4144.5,4144.7998,60
2026-06-23 11:21,4142.8999,4146.1001,4142.6001,4145.7002,86
2026-06-23 11:22,4142.1001,4143.8999,4142.0,4143.2002,110
2026-06-23 11:23,4141.7998,4142.7002,4141.2998,4142.2002,85
2026-06-23 11:24,4142.2998,4142.8999,4141.7002,4141.7998,38
2026-06-23 11:25,4143.3999,4143.3999,4141.6001,4142.6001,61
2026-06-23 11:26,4145.0,4145.2002,4143.1001,4143.5,180
2026-06-23 11:27,4144.8999,4145.7002,4143.7002,4145.0,152
2026-06-23 11:28,4144.6001,4145.7998,4143.5,4145.7002,94
2026-06-23 11:29,4144.7998,4145.2002,4143.6001,4145.0,37
2026-06-23 11:30,4148.2998,4148.5,4144.2002,4144.7002,180
2026-06-23 11:31,4147.8999,4148.2998,4146.8999,4148.2998,86
2026-06-23 11:32,4150.8999,4151.1001,4147.7002,4147.8999,183
2026-06-23 11:33,4151.7998,4155.0,4150.8999,4151.2998,438
2026-06-23 11:34,4150.7002,4152.3999,4150.5,4151.5,147
2026-06-23 11:35,4150.7998,4153.0,4150.6001,4150.6001,125
2026-06-23 11:36,4151.7998,4153.0,4150.7998,4151.2002,194
2026-06-23 11:37,4152.1001,4152.2002,4150.6001,4151.7002,119
2026-06-23 11:38,4153.1001,4154.7998,4151.7002,4151.7002,225
2026-06-23 11:39,4155.0,4155.2998,4152.6001,4152.7998,128
2026-06-23 11:40,4156.1001,4156.6001,4154.5,4155.2998,282
2026-06-23 11:41,4156.8999,4157.7998,4155.7998,4155.8999,200
2026-06-23 11:42,4157.7002,4159.1001,4155.0,4156.5,291
2026-06-23 11:43,4158.2998,4159.3999,4157.3999,4157.8999,157
2026-06-23 11:44,4156.7002,4158.7998,4155.5,4158.7002,134
2026-06-23 11:45,4155.2002,4157.3999,4154.7998,4156.8999,77
2026-06-23 11:46,4154.7998,4154.7998,4153.2002,4154.7998,101
2026-06-23 11:47,4154.3999,4155.2002,4154.1001,4154.7998,60
2026-06-23 11:48,4153.7002,4154.7002,4153.1001,4154.3999,92
2026-06-23 11:49,4152.7998,4153.3999,4151.7998,4153.0,80
2026-06-23 11:50,4153.1001,4153.5,4152.1001,4153.2002,65
2026-06-23 11:51,4155.1001,4155.1001,4152.7002,4153.0,50
2026-06-23 11:52,4154.7998,4155.7002,4154.3999,4155.0,70
2026-06-23 11:53,4155.0,4155.0,4153.2002,4154.7002,77
2026-06-23 11:54,4155.2998,4156.8999,4154.2998,4154.2998,82
2026-06-23 11:55,4154.7998,4155.5,4154.0,4155.2998,66
2026-06-23 11:56,4155.7002,4156.5,4154.0,4154.7002,26
2026-06-23 11:57,4157.0,4157.1001,4155.1001,4155.7998,46
2026-06-23 11:58,4155.7002,4156.2998,4155.7002,4156.2998,18
2026-06-23 11:59,4156.7002,4157.1001,4155.3999,4155.7002,38
2026-06-23 12:00,4157.1001,4158.1001,4155.7998,4156.7998,87
2026-06-23 12:01,4156.7002,4157.2998,4155.8999,4156.7002,40
2026-06-23 12:02,4154.7002,4156.7002,4154.7002,4156.7002,37
2026-06-23 12:03,4155.1001,4156.5,4155.1001,4155.1001,57
2026-06-23 12:04,4154.0,4155.3999,4154.0,4154.8999,59
2026-06-23 12:05,4154.5,4154.7002,4154.0,4154.0,46
2026-06-23 12:06,4152.7998,4154.2002,4152.0,4154.2002,168
2026-06-23 12:07,4152.3999,4152.3999,4151.6001,4152.3999,104
2026-06-23 12:08,4153.2002,4153.3999,4152.1001,4152.2002,49
2026-06-23 12:09,4152.7002,4153.2998,4152.2998,4152.7998,39
2026-06-23 12:10,4152.5,4153.7002,4152.5,4152.7002,23
2026-06-23 12:11,4153.0,4154.3999,4152.8999,4153.1001,29
2026-06-23 12:12,4152.7002,4153.6001,4152.5,4152.8999,22
2026-06-23 12:13,4152.6001,4153.1001,4152.0,4152.7002,19
2026-06-23 12:14,4153.2998,4154.6001,4152.0,4152.3999,56
2026-06-23 12:15,4153.2998,4154.1001,4152.6001,4153.7002,24
2026-06-23 12:16,4151.1001,4153.0,4150.8999,4153.0,88
2026-06-23 12:17,4151.6001,4152.1001,4151.2002,4151.5,31
2026-06-23 12:18,4155.7998,4156.2002,4151.3999,4151.6001,124
2026-06-23 12:19,4155.5,4156.2998,4155.2002,4155.5,148
2026-06-23 12:20,4155.3999,4156.0,4155.0,4155.2998,123
2026-06-23 12:21,4155.1001,4156.0,4153.8999,4155.2998,96
2026-06-23 12:22,4154.5,4155.0,4154.0,4154.7002,28
2026-06-23 12:23,4154.3999,4155.7002,4154.1001,4154.7002,36
2026-06-23 12:24,4154.5,4154.6001,4153.2998,4154.3999,45
2026-06-23 12:25,4154.3999,4154.8999,4154.2998,4154.2998,17
2026-06-23 12:26,4154.2002,4154.7002,4153.7998,4154.5,19
2026-06-23 12:27,4154.2998,4154.2998,4153.3999,4153.7002,30
2026-06-23 12:28,4154.3999,4154.8999,4153.8999,4154.1001,29
2026-06-23 12:29,4154.6001,4154.7998,4154.1001,4154.3999,40
2026-06-23 12:30,4155.2002,4155.5,4153.5,4154.2998,94
2026-06-23 12:31,4155.2998,4155.5,4154.6001,4154.6001,30
2026-06-23 12:32,4158.1001,4158.6001,4155.0,4155.5,159
2026-06-23 12:33,4158.8999,4160.3999,4157.8999,4158.2002,219
2026-06-23 12:34,4158.3999,4160.0,4158.3999,4158.7998,67
2026-06-23 12:35,4159.0,4159.7002,4158.1001,4158.8999,48
2026-06-23 12:36,4159.7002,4159.8999,4159.0,4159.0,21
2026-06-23 12:37,4159.8999,4161.0,4159.3999,4159.8999,87
2026-06-23 12:38,4157.5,4159.8999,4157.5,4159.8999,45
2026-06-23 12:39,4159.7002,4159.7002,4157.2002,4157.7002,47
2026-06-23 12:40,4159.3999,4160.1001,4159.2002,4159.6001,28
2026-06-23 12:41,4158.7002,4159.2998,4158.6001,4159.2998,40
2026-06-23 12:42,4158.7998,4159.2998,4158.2998,4158.5,36
2026-06-23 12:43,4158.6001,4159.6001,4158.6001,4159.0,41
2026-06-23 12:44,4161.1001,4161.7998,4158.2002,4158.7998,254
2026-06-23 12:45,4159.0,4161.7998,4158.8999,4161.2998,63
2026-06-23 12:46,4158.8999,4159.7998,4158.6001,4159.3999,33
2026-06-23 12:47,4158.0,4158.6001,4157.2998,4158.6001,66
2026-06-23 12:48,4157.7002,4158.7998,4157.3999,4157.8999,25
2026-06-23 12:49,4158.1001,4158.2998,4157.6001,4158.0,12
2026-06-23 12:50,4157.5,4158.2002,4156.6001,4158.2002,39
2026-06-23 12:51,4158.2002,4158.2002,4157.1001,4157.2002,14
2026-06-23 12:52,4158.2998,4158.7002,4158.1001,4158.1001,14
2026-06-23 12:53,4158.0,4158.0,4157.3999,4157.8999,33
2026-06-23 12:54,4157.2002,4158.1001,4156.7002,4158.1001,36
2026-06-23 12:55,4156.2002,4157.7998,4155.6001,4157.3999,107
2026-06-23 12:56,4152.8999,4156.5,4152.5,4156.5,179
2026-06-23 12:57,4151.1001,4152.7002,4149.7002,4152.7002,233
2026-06-23 12:58,4150.0,4151.1001,4149.7998,4151.1001,125
2026-06-23 12:59,4151.8999,4153.2998,4149.2998,4149.7998,306
2026-06-23 13:00,4149.7002,4152.2998,4148.5,4151.8999,198
2026-06-23 13:01,4150.7998,4151.7002,4149.3999,4149.5,183
2026-06-23 13:02,4150.1001,4151.5,4149.2998,4151.2998,115
2026-06-23 13:03,4149.7002,4150.5,4149.3999,4149.8999,34
2026-06-23 13:04,4150.0,4150.5,4148.7002,4149.7002,170
2026-06-23 13:05,4150.2998,4151.1001,4149.7998,4150.2002,57
2026-06-23 13:06,4150.7002,4151.0,4150.1001,4150.2002,30
2026-06-23 13:07,4151.3999,4152.2002,4150.7002,4151.0,57
2026-06-23 13:08,4148.5,4151.8999,4148.3999,4151.3999,85
2026-06-23 13:09,4150.1001,4150.3999,4147.6001,4148.5,100
2026-06-23 13:10,4151.5,4151.7002,4150.1001,4150.3999,63
2026-06-23 13:11,4153.2002,4153.2998,4151.0,4151.3999,164
2026-06-23 13:12,4156.0,4156.0,4153.0,4153.1001,114
2026-06-23 13:13,4156.6001,4157.7002,4156.1001,4156.5,150
2026-06-23 13:14,4156.2998,4156.8999,4155.5,4156.7002,82
2026-06-23 13:15,4155.2998,4156.2998,4154.3999,4156.2998,97
2026-06-23 13:16,4155.3999,4155.7002,4154.8999,4155.5,70
2026-06-23 13:17,4153.0,4155.5,4153.0,4155.5,86
2026-06-23 13:18,4154.6001,4154.7998,4153.3999,4153.3999,52
2026-06-23 13:19,4154.2002,4154.7998,4153.8999,4154.7998,43
2026-06-23 13:20,4154.1001,4154.7998,4153.2002,4154.3999,45
2026-06-23 13:21,4155.1001,4155.5,4154.3999,4154.3999,75
2026-06-23 13:22,4154.3999,4154.7998,4153.7002,4154.7998,72
2026-06-23 13:23,4153.2002,4154.3999,4153.0,4154.2998,43
2026-06-23 13:24,4151.3999,4153.2002,4151.1001,4152.8999,130
2026-06-23 13:25,4149.2998,4151.2002,4148.8999,4151.2002,180
2026-06-23 13:26,4149.6001,4150.1001,4148.8999,4149.3999,58
2026-06-23 13:27,4148.1001,4149.7998,4147.7002,4149.7002,80
2026-06-23 13:28,4149.7002,4150.7998,4148.5,4148.5,240
2026-06-23 13:29,4148.8999,4150.7002,4148.0,4149.6001,457
2026-06-23 13:30,4148.0,4149.5,4147.0,4149.2002,148
2026-06-23 13:31,4146.7998,4148.2002,4146.3999,4147.7998,87
2026-06-23 13:32,4146.3999,4146.7002,4145.5,4146.7002,111
2026-06-23 13:33,4146.7002,4147.7002,4145.6001,4146.3999,82
2026-06-23 13:34,4147.7002,4147.7002,4146.3999,4146.8999,32
2026-06-23 13:35,4146.8999,4148.3999,4146.5,4147.3999,55
2026-06-23 13:36,4147.5,4147.7002,4147.2002,4147.3999,6
2026-06-23 13:37,4148.0,4148.0,4146.8999,4147.6001,32
2026-06-23 13:38,4148.5,4148.5,4147.5,4148.0,14
2026-06-23 13:39,4147.3999,4148.5,4147.3999,4148.2002,14
2026-06-23 13:40,4147.8999,4148.5,4147.6001,4147.8999,27
2026-06-23 13:41,4148.0,4148.2002,4147.0,4147.6001,53
2026-06-23 13:42,4148.2998,4148.3999,4147.2002,4148.0,32
2026-06-23 13:43,4148.3999,4149.2002,4148.0,4148.2998,58
2026-06-23 13:44,4149.8999,4150.2998,4148.3999,4148.7002,52
2026-06-23 13:45,4150.7002,4150.7998,4149.0,4150.0,67
2026-06-23 13:46,4150.7998,4151.1001,4149.8999,4150.5,31
2026-06-23 13:47,4149.1001,4150.7002,4148.7998,4150.7002,72
2026-06-23 13:48,4148.8999,4149.7002,4148.8999,4149.2998,22
2026-06-23 13:49,4150.2998,4150.3999,4149.2002,4149.2998,70
2026-06-23 13:50,4149.3999,4149.8999,4148.8999,4149.6001,35
2026-06-23 13:51,4148.7998,4149.5,4148.7998,4149.2002,15
2026-06-23 13:52,4148.2998,4149.2002,4147.8999,4149.0,32
2026-06-23 13:53,4147.7998,4148.7002,4147.1001,4148.1001,70
2026-06-23 13:54,4146.2998,4147.8999,4146.1001,4147.2002,37
2026-06-23 13:55,4146.7998,4147.1001,4146.2002,4146.2998,24
2026-06-23 13:56,4147.1001,4147.1001,4145.7002,4147.0,52
2026-06-23 13:57,4146.7998,4147.0,4145.7998,4147.0,44
2026-06-23 13:58,4146.2998,4147.5,4146.0,4146.7002,74
2026-06-23 13:59,4145.8999,4147.2002,4145.8999,4147.0,19
2026-06-23 14:00,4148.1001,4148.1001,4145.5,4146.0,42
2026-06-23 14:01,4147.0,4148.7998,4146.8999,4148.2998,41
2026-06-23 14:02,4146.2998,4147.5,4146.2998,4147.5,39
2026-06-23 14:03,4146.2002,4146.7998,4145.5,4146.3999,34
2026-06-23 14:04,4145.0,4146.1001,4144.2998,4145.8999,92
2026-06-23 14:05,4145.2998,4145.5,4144.7998,4144.8999,19
2026-06-23 14:06,4144.0,4145.2998,4143.2998,4145.2998,58
2026-06-23 14:07,4142.2002,4144.2002,4142.1001,4143.7998,52
2026-06-23 14:08,4142.1001,4142.8999,4141.7998,4142.2998,72
2026-06-23 14:09,4142.8999,4143.2002,4142.3999,4142.3999,33
2026-06-23 14:10,4143.5,4144.2998,4143.2002,4143.2002,29
2026-06-23 14:11,4143.0,4143.8999,4142.6001,4143.7002,32
2026-06-23 14:12,4143.2002,4143.7002,4142.6001,4143.2002,13
2026-06-23 14:13,4142.5,4143.5,4142.1001,4143.0,27
2026-06-23 14:14,4142.1001,4143.5,4141.7998,4142.5,98
2026-06-23 14:15,4143.2998,4143.2998,4141.7998,4142.1001,33
2026-06-23 14:16,4142.5,4143.2002,4142.2998,4143.2002,22
2026-06-23 14:17,4142.7002,4143.2002,4142.7002,4142.8999,9
2026-06-23 14:18,4142.1001,4143.1001,4142.0,4142.2002,25
2026-06-23 14:19,4142.1001,4142.7002,4141.5,4142.2002,54
2026-06-23 14:20,4141.5,4142.6001,4141.0,4142.6001,25
2026-06-23 14:21,4142.5,4142.5,4141.2002,4141.6001,28
2026-06-23 14:22,4142.2998,4142.7998,4141.5,4142.3999,90
2026-06-23 14:23,4142.7998,4143.3999,4142.7998,4142.7998,16
2026-06-23 14:24,4141.7998,4141.7998,4140.3999,4141.0,106
2026-06-23 14:25,4140.0,4141.5,4139.2002,4141.5,142
2026-06-23 14:26,4139.7002,4140.2998,4139.6001,4139.7998,78
2026-06-23 14:27,4139.5,4140.3999,4139.1001,4140.0,46
2026-06-23 14:28,4139.7002,4140.5,4139.2002,4139.5,25
2026-06-23 14:29,4139.0,4140.2998,4138.2998,4139.8999,53
2026-06-23 14:30,4137.8999,4139.0,4137.5,4139.0,59
2026-06-23 14:31,4139.6001,4140.1001,4138.2998,4138.2998,32
2026-06-23 14:32,4139.1001,4140.2002,4138.7002,4139.6001,32
2026-06-23 14:33,4139.7998,4140.1001,4138.8999,4138.8999,36
2026-06-23 14:34,4139.5,4140.7998,4139.5,4140.1001,25
2026-06-23 14:35,4139.7998,4140.2002,4139.6001,4139.6001,16
2026-06-23 14:36,4140.3999,4140.3999,4139.3999,4139.8999,27
2026-06-23 14:37,4140.3999,4140.6001,4140.2002,4140.2998,12
2026-06-23 14:38,4139.6001,4140.2998,4138.6001,4140.2998,29
2026-06-23 14:39,4138.1001,4139.2998,4138.0,4139.2998,44
2026-06-23 14:40,4137.0,4138.1001,4136.7998,4138.0,69
2026-06-23 14:41,4136.2998,4137.1001,4135.7002,4137.1001,93
2026-06-23 14:42,4134.7002,4136.1001,4134.6001,4136.1001,53
2026-06-23 14:43,4134.8999,4135.5,4134.0,4134.6001,135
2026-06-23 14:44,4134.0,4135.1001,4133.7002,4135.1001,32
2026-06-23 14:45,4133.7002,4134.2998,4133.5,4134.2998,28
2026-06-23 14:46,4131.8999,4134.7002,4131.7998,4133.6001,54
2026-06-23 14:47,4131.2002,4132.2998,4131.2002,4131.7998,64
2026-06-23 14:48,4133.6001,4133.7002,4130.7998,4131.5,145
2026-06-23 14:49,4132.8999,4133.5,4132.6001,4133.2002,38
2026-06-23 14:50,4134.5,4135.5,4132.3999,4132.7998,72
2026-06-23 14:51,4135.0,4135.0,4134.0,4134.5,39
2026-06-23 14:52,4133.0,4135.1001,4133.0,4134.7002,50
2026-06-23 14:53,4132.3999,4133.3999,4132.1001,4133.2002,34
2026-06-23 14:54,4133.5,4133.5,4132.0,4132.1001,30
2026-06-23 14:55,4132.8999,4133.5,4132.8999,4133.5,28
2026-06-23 14:56,4133.6001,4134.3999,4133.2998,4133.2998,26
2026-06-23 14:57,4134.2002,4135.2998,4132.8999,4133.3999,58
2026-06-23 14:58,4135.5,4135.5,4133.7998,4134.0,29
2026-06-23 14:59,4135.6001,4136.3999,4134.7998,4135.2002,23
2026-06-23 15:00,4135.7002,4136.8999,4135.0,4135.7998,66
2026-06-23 15:01,4139.8999,4140.2998,4135.8999,4135.8999,111
2026-06-23 15:02,4140.8999,4141.1001,4139.5,4139.7998,56
2026-06-23 15:03,4141.0,4141.1001,4140.2998,4140.7002,39
2026-06-23 15:04,4141.6001,4142.5,4140.6001,4140.7002,47
2026-06-23 15:05,4142.7998,4144.3999,4141.3999,4141.3999,65
2026-06-23 15:06,4141.3999,4143.1001,4141.3999,4142.7998,35
2026-06-23 15:07,4141.2998,4141.7998,4140.8999,4141.0,24
2026-06-23 15:08,4139.2002,4141.0,4139.1001,4141.0,37
2026-06-23 15:09,4139.7998,4140.5,4139.0,4139.2002,60
2026-06-23 15:10,4140.3999,4141.2998,4139.7998,4140.5,51
2026-06-23 15:11,4140.6001,4141.1001,4139.8999,4140.7998,25
2026-06-23 15:12,4141.0,4141.5,4140.7002,4140.8999,31
2026-06-23 15:13,4140.2998,4141.2002,4140.1001,4140.3999,11
2026-06-23 15:14,4139.2998,4140.1001,4138.5,4140.1001,49
2026-06-23 15:15,4137.8999,4139.5,4137.6001,4139.2998,44
2026-06-23 15:16,4138.0,4138.5,4137.2002,4138.2002,47
2026-06-23 15:17,4137.1001,4138.3999,4137.1001,4137.5,14
2026-06-23 15:18,4136.2002,4137.1001,4136.2002,4137.0,29
2026-06-23 15:19,4135.5,4136.8999,4135.2998,4136.5,37
2026-06-23 15:20,4136.1001,4136.7002,4135.5,4135.5,16
2026-06-23 15:21,4137.3999,4137.3999,4135.7002,4135.7002,14
2026-06-23 15:22,4136.7998,4137.6001,4136.7998,4137.2998,35
2026-06-23 15:23,4139.7002,4140.2002,4136.3999,4136.3999,58
2026-06-23 15:24,4138.6001,4139.7998,4138.6001,4139.2998,23
2026-06-23 15:25,4139.1001,4139.3999,4138.5,4138.5,21
2026-06-23 15:26,4139.2998,4140.5,4139.2998,4139.5,19
2026-06-23 15:27,4138.7998,4139.1001,4138.2998,4138.5,17
2026-06-23 15:28,4139.7998,4139.7998,4138.7002,4138.8999,21
2026-06-23 15:29,4139.8999,4140.2998,4139.5,4139.6001,30
2026-06-23 15:30,4140.3999,4141.2998,4140.0,4140.0,29
2026-06-23 15:31,4139.7002,4140.2002,4139.1001,4140.2002,18
2026-06-23 15:32,4141.0,4141.3999,4138.7002,4139.0,31
2026-06-23 15:33,4140.1001,4141.5,4140.0,4141.2002,21
2026-06-23 15:34,4139.7998,4140.7998,4139.7998,4140.3999,30
2026-06-23 15:35,4140.6001,4140.6001,4139.5,4140.0,14
2026-06-23 15:36,4142.0,4142.2998,4140.7002,4140.7002,49
2026-06-23 15:37,4142.0,4142.1001,4141.3999,4141.7002,21
2026-06-23 15:38,4140.0,4142.0,4140.0,4141.7998,15
2026-06-23 15:39,4140.3999,4140.7002,4140.1001,4140.2002,14
2026-06-23 15:40,4140.2002,4140.7002,4139.6001,4140.7002,28
2026-06-23 15:41,4139.6001,4140.2002,4138.8999,4140.2002,30
2026-06-23 15:42,4139.2998,4139.7002,4139.2002,4139.7002,10
2026-06-23 15:43,4139.3999,4140.0,4139.2998,4139.6001,14
2026-06-23 15:44,4138.7998,4139.7998,4138.7998,4139.5,12
2026-06-23 15:45,4138.7002,4139.2002,4138.2002,4138.7998,18
2026-06-23 15:46,4138.2002,4139.2998,4137.7998,4138.7998,20
2026-06-23 15:47,4137.1001,4139.0,4136.8999,4138.5,29
2026-06-23 15:48,4136.0,4137.2998,4135.7002,4137.2998,78
2026-06-23 15:49,4138.2002,4138.2002,4135.6001,4136.3999,148
2026-06-23 15:50,4137.2002,4138.8999,4136.5,4138.2998,87
2026-06-23 15:51,4135.3999,4137.1001,4135.2998,4136.7998,153
2026-06-23 15:52,4133.0,4135.8999,4132.6001,4135.5,182
2026-06-23 15:53,4132.7998,4133.2002,4131.7998,4132.7002,79
2026-06-23 15:54,4133.5,4134.6001,4132.6001,4133.1001,66
2026-06-23 15:55,4134.0,4134.3999,4132.2002,4133.6001,62
2026-06-23 15:56,4132.8999,4134.0,4132.6001,4133.6001,68
2026-06-23 15:57,4132.3999,4133.2998,4131.7002,4133.2002,164
2026-06-23 15:58,4131.7998,4132.5,4131.6001,4132.3999,132
2026-06-23 15:59,4129.6001,4132.2002,4129.1001,4132.2002,547
2026-06-23 16:00,4128.3999,4130.5,4126.5,4129.8999,288
2026-06-23 16:01,4127.7998,4129.7002,4127.1001,4128.3999,138
2026-06-23 16:02,4128.7002,4129.2998,4127.5,4127.7002,66
2026-06-23 16:03,4128.7998,4128.7998,4127.8999,4128.5,21
2026-06-23 16:04,4129.3999,4129.3999,4127.8999,4128.5,21
2026-06-23 16:05,4130.1001,4130.7998,4129.0,4129.2998,100
2026-06-23 16:06,4128.7002,4130.2998,4128.7002,4129.7998,13
2026-06-23 16:07,4129.5,4129.5,4129.0,4129.0,17
2026-06-23 16:08,4129.2002,4130.0,4129.2002,4129.7998,17
2026-06-23 16:09,4130.1001,4130.7998,4129.0,4129.1001,145
2026-06-23 16:10,4130.2998,4130.6001,4130.1001,4130.1001,60
2026-06-23 16:11,4130.1001,4130.7002,4130.1001,4130.2002,44
2026-06-23 16:12,4129.0,4130.1001,4129.0,4130.1001,212
2026-06-23 16:13,4128.0,4129.2002,4128.0,4129.0,58
2026-06-23 16:14,4127.7998,4128.3999,4127.6001,4128.3999,40
2026-06-23 16:15,4126.5,4127.7998,4125.3999,4127.7998,88
2026-06-23 16:16,4126.2998,4127.2002,4125.7998,4126.6001,34
2026-06-23 16:17,4125.7002,4126.8999,4125.3999,4126.6001,39
2026-06-23 16:18,4127.2998,4127.6001,4125.7002,4125.7002,24
2026-06-23 16:19,4127.7998,4127.7998,4126.5,4127.6001,36
2026-06-23 16:20,4128.0,4128.2002,4126.2002,4126.7998,28
2026-06-23 16:21,4127.2002,4128.6001,4127.2002,4128.1001,118
2026-06-23 16:22,4125.7002,4127.1001,4125.0,4127.1001,99
2026-06-23 16:23,4126.8999,4126.8999,4125.7998,4126.2002,12
2026-06-23 16:24,4126.5,4126.7002,4126.2002,4126.2002,3
2026-06-23 16:25,4127.1001,4127.1001,4126.2998,4126.2998,3
2026-06-23 16:26,4127.3999,4128.0,4127.2998,4127.7998,20
2026-06-23 16:27,4127.3999,4127.3999,4127.3999,4127.3999,1
2026-06-23 16:28,4128.0,4128.0,4127.5,4127.5,4
2026-06-23 16:29,4128.2002,4129.1001,4128.0,4128.2998,31
2026-06-23 16:30,4128.6001,4129.0,4128.3999,4128.6001,12
2026-06-23 16:31,4127.7998,4128.1001,4127.7998,4128.1001,7
2026-06-23 16:32,4127.8999,4127.8999,4127.0,4127.5,24
2026-06-23 16:33,4127.0,4127.2002,4126.6001,4127.0,10
2026-06-23 16:34,4127.7998,4127.7998,4126.7002,4126.7002,7
2026-06-23 16:35,4128.0,4128.5,4128.0,4128.5,19
2026-06-23 16:36,4127.2998,4127.2998,4127.0,4127.2002,10
2026-06-23 16:37,4128.2998,4128.3999,4127.6001,4127.6001,7
2026-06-23 16:38,4128.5,4128.5,4127.2998,4128.1001,13
2026-06-23 16:39,4128.3999,4128.3999,4127.8999,4128.2002,14
2026-06-23 16:40,4129.3999,4129.3999,4128.5,4128.6001,35
2026-06-23 16:41,4127.7002,4129.2002,4127.2998,4128.8999,25
2026-06-23 16:42,4129.0,4129.0,4126.3999,4127.6001,74
2026-06-23 16:43,4128.6001,4129.2002,4128.6001,4129.0,80
2026-06-23 16:44,4128.1001,4128.7998,4128.1001,4128.7998,5
2026-06-23 16:45,4129.0,4129.2002,4127.8999,4128.0,46
2026-06-23 16:46,4128.3999,4129.0,4128.3999,4128.8999,8
2026-06-23 16:47,4128.7998,4128.8999,4128.2002,4128.7998,6
2026-06-23 16:48,4127.8999,4128.5,4127.8999,4128.0,8
2026-06-23 16:49,4128.1001,4128.2002,4127.6001,4127.7998,11
2026-06-23 16:50,4128.2002,4128.2998,4127.2998,4127.6001,26
2026-06-23 16:51,4128.6001,4128.8999,4127.7998,4127.7998,22
2026-06-23 16:52,4128.2002,4128.7998,4127.7002,4128.7998,8
2026-06-23 16:53,4127.7002,4128.0,4127.2998,4127.7998,11
2026-06-23 16:54,4127.0,4127.7002,4127.0,4127.7002,13
2026-06-23 16:55,4127.0,4127.5,4126.2998,4127.0,37
2026-06-23 16:56,4127.0,4127.2998,4127.0,4127.2998,4
2026-06-23 16:57,4127.3999,4127.5,4127.1001,4127.2002,11
2026-06-23 16:58,4127.5,4127.7998,4127.5,4127.5,6
2026-06-23 16:59,4129.0,4129.0,4127.6001,4127.6001,42
2026-06-23 18:00,4130.1001,4130.7002,4128.5,4130.0,0
2026-06-23 18:01,4129.5,4131.7998,4129.3999,4130.3999,38
2026-06-23 18:02,4128.3999,4129.7002,4128.3999,4129.5,25
2026-06-23 18:03,4129.0,4129.7002,4128.2998,4129.0,18
2026-06-23 18:04,4128.8999,4129.1001,4128.2002,4129.1001,17
2026-06-23 18:05,4130.1001,4130.5,4128.5,4128.8999,24
2026-06-23 18:06,4130.2998,4131.7002,4129.7002,4130.0,31
2026-06-23 18:07,4129.7002,4129.8999,4129.1001,4129.6001,23
2026-06-23 18:08,4128.8999,4129.3999,4128.8999,4129.3999,7
2026-06-23 18:09,4129.6001,4130.0,4129.2002,4129.2002,5
2026-06-23 18:10,4129.7002,4130.2002,4129.7002,4130.0,10
2026-06-23 18:11,4129.7002,4129.7998,4129.7002,4129.7998,3
2026-06-23 18:12,4130.5,4130.7002,4129.6001,4129.7002,5
2026-06-23 18:13,4131.0,4131.1001,4130.2998,4130.3999,9
2026-06-23 18:14,4130.7998,4131.1001,4130.5,4130.6001,10
2026-06-23 18:15,4131.3999,4132.3999,4130.7002,4130.8999,32
2026-06-23 18:16,4131.7998,4132.3999,4131.6001,4131.8999,11
2026-06-23 18:17,4130.2998,4131.3999,4129.8999,4131.3999,17
2026-06-23 18:18,4129.7002,4130.7998,4128.7998,4129.8999,52
2026-06-23 18:19,4128.5,4130.2998,4128.5,4129.6001,93
2026-06-23 18:20,4124.3999,4129.6001,4123.5,4129.1001,211
2026-06-23 18:21,4125.7002,4125.7002,4123.5,4124.5,39
2026-06-23 18:22,4122.6001,4126.0,4122.1001,4125.7002,318
2026-06-23 18:23,4123.7002,4124.3999,4122.3999,4122.7998,48
2026-06-23 18:24,4123.2998,4124.3999,4123.2002,4123.7998,43
2026-06-23 18:25,4124.7998,4125.2998,4121.6001,4123.2002,89
2026-06-23 18:26,4126.7998,4128.1001,4123.0,4125.2998,190
2026-06-23 18:27,4125.6001,4127.0,4125.2998,4126.2998,97
2026-06-23 18:28,4125.2998,4127.3999,4125.2998,4126.0,19
2026-06-23 18:29,4123.1001,4125.7002,4123.1001,4125.6001,22
2026-06-23 18:30,4124.8999,4125.2998,4123.2998,4123.2998,41
2026-06-23 18:31,4121.7998,4124.0,4121.7998,4124.0,36
2026-06-23 18:32,4122.7002,4123.2998,4122.3999,4122.7002,22
2026-06-23 18:33,4119.0,4123.0,4118.6001,4123.0,74
2026-06-23 18:34,4115.7002,4120.6001,4113.8999,4119.8999,110
2026-06-23 18:35,4117.7002,4118.2002,4115.8999,4116.2002,103
2026-06-23 18:36,4117.5,4118.7002,4117.1001,4117.1001,80
2026-06-23 18:37,4118.6001,4120.5,4117.0,4117.5,90
2026-06-23 18:38,4118.3999,4119.1001,4116.2002,4118.7002,308
2026-06-23 18:39,4118.2998,4119.1001,4116.0,4117.7998,79
2026-06-23 18:40,4119.8999,4120.5,4117.0,4118.3999,39
2026-06-23 18:41,4117.7998,4119.1001,4116.7002,4119.1001,32
2026-06-23 18:42,4118.7998,4119.5,4116.6001,4117.5,75
2026-06-23 18:43,4120.2998,4120.7998,4118.7998,4119.0,28
2026-06-23 18:44,4121.7002,4121.7002,4118.8999,4119.7002,42
2026-06-23 18:45,4122.2002,4123.0,4120.8999,4121.1001,86
2026-06-23 18:46,4124.2002,4124.2002,4122.2998,4122.7998,24
2026-06-23 18:47,4124.2998,4124.7998,4123.2998,4123.7002,33
2026-06-23 18:48,4122.6001,4124.2002,4121.0,4123.7998,66
2026-06-23 18:49,4122.7002,4123.5,4122.3999,4122.5,19
2026-06-23 18:50,4126.0,4126.0,4123.0,4123.0,34
2026-06-23 18:51,4123.7998,4126.0,4123.7002,4125.7002,38
2026-06-23 18:52,4123.0,4125.5,4122.7998,4124.5,17
2026-06-23 18:53,4122.8999,4123.8999,4122.6001,4123.7998,33
2026-06-23 18:54,4123.5,4124.6001,4122.7998,4123.1001,25
2026-06-23 18:55,4121.3999,4123.5,4121.1001,4123.2002,63
2026-06-23 18:56,4122.3999,4122.6001,4120.3999,4121.2002,82
2026-06-23 18:57,4123.7002,4124.3999,4121.7998,4122.6001,93
2026-06-23 18:58,4121.8999,4124.3999,4121.8999,4124.3999,18
2026-06-23 18:59,4121.2002,4122.5,4121.0,4121.7002,17
2026-06-23 19:00,4119.8999,4120.8999,4118.6001,4120.8999,22
2026-06-23 19:01,4119.5,4120.7998,4118.2998,4118.7002,24
2026-06-23 19:02,4119.1001,4119.8999,4118.3999,4119.1001,24
2026-06-23 19:03,4117.1001,4119.2002,4117.0,4119.2002,24
2026-06-23 19:04,4116.8999,4117.2002,4116.0,4117.0,44
2026-06-23 19:05,4114.2998,4117.1001,4111.8999,4117.1001,151
2026-06-23 19:06,4114.7998,4115.1001,4112.5,4114.2002,62
2026-06-23 19:07,4114.2998,4114.7998,4114.2998,4114.7998,8
2026-06-23 19:08,4114.6001,4115.8999,4112.5,4114.2002,48
2026-06-23 19:09,4113.7998,4115.0,4113.7002,4114.6001,29
2026-06-23 19:10,4114.2998,4115.3999,4113.1001,4113.3999,26
2026-06-23 19:11,4117.2002,4117.6001,4115.2002,4115.2002,24
2026-06-23 19:12,4117.5,4118.6001,4115.7002,4117.7998,51
2026-06-23 19:13,4117.8999,4117.8999,4117.1001,4117.7002,4
2026-06-23 19:14,4117.0,4118.7002,4116.2998,4117.6001,31
2026-06-23 19:15,4117.1001,4117.6001,4116.2998,4116.5,27
2026-06-23 19:16,4117.3999,4117.5,4116.7998,4117.3999,7
2026-06-23 19:17,4115.5,4117.7998,4115.5,4117.5,69
2026-06-23 19:18,4115.6001,4115.6001,4114.2002,4115.1001,16
2026-06-23 19:19,4117.6001,4117.6001,4116.2998,4116.6001,10
2026-06-23 19:20,4116.2002,4116.7998,4116.1001,4116.2998,9
2026-06-23 19:22,4115.7998,4117.1001,4115.7998,4116.2998,14
2026-06-23 19:23,4116.5,4116.6001,4116.0,4116.0,12
2026-06-23 19:24,4116.3999,4117.0,4116.2998,4116.2998,3
2026-06-23 19:25,4116.6001,4116.7002,4116.2998,4116.3999,6
2026-06-23 19:26,4115.0,4116.7998,4115.0,4116.7998,12
2026-06-23 19:27,4114.7002,4115.2998,4114.6001,4115.1001,12
2026-06-23 19:28,4115.7998,4115.8999,4114.7002,4115.0,23
2026-06-23 19:29,4114.2002,4115.8999,4114.2002,4115.8999,16
2026-06-23 19:30,4114.3999,4114.8999,4114.3999,4114.5,5
2026-06-23 19:31,4112.0,4115.0,4112.0,4114.7998,24
2026-06-23 19:32,4112.0,4113.7998,4111.2998,4112.6001,46
2026-06-23 19:33,4111.6001,4112.7002,4110.6001,4112.0,52
2026-06-23 19:34,4111.5,4112.2998,4110.7998,4111.8999,38
2026-06-23 19:35,4111.2998,4112.3999,4111.1001,4112.1001,31
2026-06-23 19:36,4111.5,4111.5,4110.5,4111.1001,15
2026-06-23 19:37,4110.5,4111.8999,4107.8999,4111.1001,206
2026-06-23 19:38,4102.7998,4109.8999,4101.0,4109.8999,297
2026-06-23 19:39,4101.2998,4103.7002,4097.8999,4103.2002,243
2026-06-23 19:40,4102.1001,4102.2002,4098.0,4102.1001,103
2026-06-23 19:41,4100.7998,4103.2002,4099.8999,4102.7002,110
2026-06-23 19:42,4101.0,4103.3999,4101.0,4102.0,74
2026-06-23 19:43,4099.7998,4102.0,4097.8999,4101.3999,63
2026-06-23 19:44,4103.6001,4104.7002,4100.3999,4100.3999,60
2026-06-23 19:45,4107.1001,4107.7998,4102.8999,4103.1001,228
2026-06-23 19:46,4111.2998,4114.2002,4107.2998,4107.6001,200
2026-06-23 19:47,4111.3999,4112.2002,4111.0,4111.2998,36
2026-06-23 19:48,4114.1001,4115.1001,4111.3999,4111.8999,78
2026-06-23 19:49,4113.0,4114.7998,4113.0,4114.1001,37
2026-06-23 19:50,4114.2998,4114.2998,4112.2002,4113.5,22
2026-06-23 19:51,4116.1001,4116.1001,4114.0,4114.0,48
2026-06-23 19:52,4116.2998,4116.2998,4114.2998,4115.5,46
2026-06-23 19:53,4117.1001,4118.0,4116.5,4116.5,27
2026-06-23 19:54,4113.6001,4117.1001,4113.2998,4117.1001,40
2026-06-23 19:55,4116.0,4116.6001,4113.6001,4114.0,25
2026-06-23 19:56,4117.6001,4117.8999,4116.0,4116.2002,23
2026-06-23 19:57,4116.7998,4118.2002,4116.7998,4117.2002,11
2026-06-23 19:58,4117.0,4118.2002,4116.0,4116.7002,22
2026-06-23 19:59,4116.6001,4117.7998,4115.5,4117.7998,78
2026-06-23 20:00,4117.0,4117.6001,4112.2002,4117.0,284
2026-06-23 20:01,4121.8999,4122.6001,4114.7002,4116.7998,93
2026-06-23 20:02,4119.7002,4122.5,4119.7002,4121.2998,63
2026-06-23 20:03,4120.3999,4120.7002,4118.8999,4120.1001,51
2026-06-23 20:04,4119.7002,4122.0,4118.7998,4121.0,39
2026-06-23 20:05,4118.3999,4121.0,4118.3999,4121.0,50
2026-06-23 20:06,4122.8999,4122.8999,4118.7002,4118.7002,30
2026-06-23 20:07,4127.3999,4127.8999,4121.1001,4122.5,118
2026-06-23 20:08,4127.2002,4129.7002,4126.5,4127.3999,149
2026-06-23 20:09,4127.8999,4129.1001,4126.2002,4126.3999,71
2026-06-23 20:10,4128.1001,4129.0,4127.2002,4128.2998,73
2026-06-23 20:11,4127.5,4127.8999,4125.8999,4127.8999,34
2026-06-23 20:12,4126.7998,4128.2002,4125.7002,4127.6001,81
2026-06-23 20:13,4123.1001,4126.7998,4123.1001,4126.2002,56
2026-06-23 20:14,4125.1001,4125.1001,4122.2002,4123.0,51
2026-06-23 20:15,4126.5,4126.6001,4124.7002,4125.0,77
2026-06-23 20:16,4125.5,4126.2998,4124.2998,4125.8999,89
2026-06-23 20:17,4122.7998,4126.2002,4122.7998,4125.2002,77
2026-06-23 20:18,4122.0,4124.8999,4121.7998,4123.2002,59
2026-06-23 20:19,4121.0,4122.7998,4120.5,4122.7998,44
2026-06-23 20:20,4121.0,4121.7998,4118.7998,4121.7998,53
2026-06-23 20:21,4119.1001,4121.7998,4119.1001,4120.6001,17
2026-06-23 20:22,4118.7998,4120.7998,4117.7998,4119.0,100
2026-06-23 20:23,4118.7998,4120.6001,4118.7998,4119.1001,13
2026-06-23 20:24,4113.7002,4118.6001,4113.7002,4118.1001,66
2026-06-23 20:25,4112.2998,4114.2002,4111.3999,4114.2002,140
2026-06-23 20:26,4114.0,4114.3999,4111.3999,4112.0,31
2026-06-23 20:27,4113.3999,4115.3999,4112.6001,4113.1001,46
2026-06-23 20:28,4115.2998,4115.2998,4111.6001,4113.3999,105
2026-06-23 20:29,4117.6001,4117.6001,4115.0,4115.0,25
2026-06-23 20:30,4116.2002,4117.6001,4115.2998,4117.2002,65
2026-06-23 20:31,4116.5,4116.5,4115.0,4116.5,20
2026-06-23 20:32,4116.5,4117.2998,4116.5,4116.7998,6
2026-06-23 20:33,4114.5,4115.6001,4114.3999,4115.6001,18
2026-06-23 20:34,4114.8999,4114.8999,4112.5,4114.7002,68
2026-06-23 20:35,4114.6001,4114.7002,4114.5,4114.5,4
2026-06-23 20:36,4115.3999,4115.8999,4114.7998,4115.5,21
2026-06-23 20:37,4113.2002,4114.7998,4112.1001,4114.7998,51
2026-06-23 20:38,4114.0,4114.0,4111.6001,4112.5,81
2026-06-23 20:39,4115.2998,4115.2998,4113.1001,4113.6001,43
2026-06-23 20:40,4113.7998,4114.1001,4113.2002,4114.0,18
2026-06-23 20:41,4112.0,4113.2002,4111.7998,4112.7002,13
2026-06-23 20:42,4112.8999,4113.1001,4111.3999,4111.7002,27
2026-06-23 20:43,4113.7002,4114.3999,4113.1001,4113.1001,13
2026-06-23 20:44,4112.7002,4114.1001,4112.7002,4113.7998,12
2026-06-23 20:45,4113.1001,4114.1001,4112.5,4112.6001,35
2026-06-23 20:46,4116.7002,4117.2002,4112.8999,4112.8999,49
2026-06-23 20:47,4116.1001,4116.7998,4115.2002,4116.7002,16
2026-06-23 20:48,4117.2002,4117.2002,4114.8999,4115.6001,26
2026-06-23 20:49,4115.7998,4117.2002,4115.7998,4116.7998,25
2026-06-23 20:50,4115.5,4115.5,4114.5,4115.5,10
2026-06-23 20:51,4115.6001,4116.2002,4114.5,4115.5,13
2026-06-23 20:52,4114.2998,4115.2998,4113.8999,4115.2998,12
2026-06-23 20:53,4113.7002,4114.0,4113.2002,4113.5,4
2026-06-23 20:54,4113.6001,4115.0,4112.0,4114.5,40
2026-06-23 20:55,4113.7998,4113.7998,4111.7998,4113.2002,33
2026-06-23 20:56,4112.3999,4114.2002,4112.3999,4113.7998,28
2026-06-23 20:57,4113.8999,4113.8999,4111.7002,4112.0,25
2026-06-23 20:58,4112.1001,4113.5,4112.0,4113.5,20
2026-06-23 20:59,4114.7002,4116.2002,4112.3999,4112.3999,110
2026-06-23 21:00,4109.2998,4115.2002,4107.7998,4114.8999,260
2026-06-23 21:01,4104.7998,4109.3999,4103.2998,4108.3999,137
2026-06-23 21:02,4103.7002,4103.7002,4099.2002,4103.2002,194
2026-06-23 21:03,4089.30005,4103.6001,4089.30005,4103.0,372
2026-06-23 21:04,4090.8999,4093.19995,4086.0,4089.80005,373
2026-06-23 21:05,4087.5,4094.30005,4087.1001,4090.30005,291
2026-06-23 21:06,4086.8999,4088.19995,4086.0,4086.80005,362
2026-06-23 21:07,4096.8999,4097.2998,4086.69995,4086.69995,244
2026-06-23 21:08,4097.5,4100.5,4097.0,4097.1001,211
2026-06-23 21:09,4094.69995,4099.1001,4093.6001,4097.1001,148
2026-06-23 21:10,4098.6001,4099.2998,4094.6001,4095.19995,175
2026-06-23 21:11,4100.7002,4102.2002,4096.7998,4098.6001,193
2026-06-23 21:12,4108.3999,4109.5,4101.0,4101.0,153
2026-06-23 21:13,4106.0,4108.3999,4104.8999,4108.3999,93
2026-06-23 21:14,4107.2002,4109.0,4105.7002,4107.0,51
2026-06-23 21:15,4107.2002,4108.6001,4105.2998,4107.7002,63
2026-06-23 21:16,4104.7002,4107.1001,4103.6001,4106.8999,82
2026-06-23 21:17,4104.2998,4106.7998,4104.1001,4105.3999,53
2026-06-23 21:18,4102.7002,4105.6001,4102.3999,4104.0,91
2026-06-23 21:19,4105.8999,4105.8999,4103.2002,4103.2002,49
2026-06-23 21:20,4105.7998,4107.7998,4104.5,4106.2002,57
2026-06-23 21:21,4106.7002,4107.8999,4105.5,4105.7002,30
2026-06-23 21:22,4101.7002,4107.0,4101.1001,4107.0,53
2026-06-23 21:23,4101.5,4103.7998,4101.5,4102.2002,38
2026-06-23 21:24,4105.7002,4105.7002,4101.5,4102.1001,85
2026-06-23 21:25,4113.2998,4118.3999,4106.1001,4106.1001,411
2026-06-23 21:26,4113.7998,4114.1001,4111.0,4112.0,75
2026-06-23 21:27,4111.3999,4112.7002,4109.2998,4112.7002,69
2026-06-23 21:28,4114.7002,4114.7002,4110.7002,4111.5,46
2026-06-23 21:29,4116.0,4116.0,4112.0,4113.3999,73
2026-06-23 21:30,4117.1001,4119.7998,4114.3999,4115.6001,104
2026-06-23 21:31,4112.5,4117.3999,4111.1001,4117.3999,110
2026-06-23 21:32,4116.0,4116.0,4111.3999,4112.2002,55
2026-06-23 21:33,4115.8999,4118.0,4114.6001,4116.1001,53
2026-06-23 21:34,4116.0,4116.5,4114.7998,4115.8999,48
2026-06-23 21:35,4114.2002,4116.5,4112.3999,4115.8999,30
2026-06-23 21:36,4113.2002,4114.8999,4113.0,4114.8999,25
2026-06-23 21:37,4112.8999,4114.8999,4112.5,4114.2002,51
2026-06-23 21:38,4111.6001,4112.7998,4110.1001,4112.6001,53
2026-06-23 21:39,4112.1001,4112.7998,4111.3999,4112.7998,26
2026-06-23 21:40,4109.8999,4114.0,4109.3999,4113.0,126
2026-06-23 21:41,4113.2998,4113.2998,4109.2998,4110.0,50
2026-06-23 21:42,4113.2002,4113.5,4111.5,4113.1001,39
2026-06-23 21:43,4110.5,4116.1001,4110.5,4113.7998,40
2026-06-23 21:44,4109.7998,4112.0,4109.2998,4110.0,52
2026-06-23 21:45,4108.3999,4110.5,4107.1001,4109.8999,68
2026-06-23 21:46,4105.5,4109.2002,4105.5,4108.3999,71
2026-06-23 21:47,4105.8999,4106.3999,4103.0,4105.2002,101
2026-06-23 21:48,4105.2002,4107.5,4105.0,4105.8999,34
2026-06-23 21:49,4103.2002,4106.0,4103.2002,4105.0,31
2026-06-23 21:50,4104.5,4104.5,4100.8999,4103.2002,85
2026-06-23 21:51,4100.6001,4105.1001,4100.2002,4104.5,52
2026-06-23 21:52,4100.5,4102.8999,4099.7998,4101.0,66
2026-06-23 21:53,4102.5,4103.1001,4100.5,4101.2998,29
2026-06-23 21:54,4103.0,4103.0,4102.2998,4102.2998,28
2026-06-23 21:55,4103.2998,4103.7002,4102.0,4102.7998,39
2026-06-23 21:56,4102.8999,4105.7998,4102.2998,4103.0,100
2026-06-23 21:57,4104.0,4104.1001,4102.7002,4102.7002,17
2026-06-23 21:58,4106.1001,4107.3999,4104.2002,4104.2002,44
2026-06-23 21:59,4106.5,4106.8999,4105.2002,4106.2998,96
2026-06-23 22:00,4110.0,4110.0,4104.2998,4106.3999,121
2026-06-23 22:01,4112.5,4113.1001,4108.7998,4109.3999,128
2026-06-23 22:02,4106.0,4112.3999,4106.0,4112.0,90
2026-06-23 22:03,4104.7998,4106.2998,4104.1001,4106.2998,61
2026-06-23 22:04,4104.8999,4105.2998,4103.3999,4105.0,34
2026-06-23 22:05,4102.2002,4104.6001,4101.3999,4104.6001,53
2026-06-23 22:06,4101.0,4103.3999,4100.3999,4101.5,87
2026-06-23 22:07,4098.8999,4101.3999,4098.8999,4100.5,78
2026-06-23 22:08,4098.1001,4098.8999,4096.7002,4098.8999,51
2026-06-23 22:09,4098.1001,4099.5,4097.2998,4097.8999,44
2026-06-23 22:10,4099.1001,4099.7998,4097.6001,4097.6001,70
2026-06-23 22:11,4098.7002,4099.5,4098.2002,4099.5,16
2026-06-23 22:12,4101.5,4101.5,4099.0,4099.0,23
2026-06-23 22:13,4100.2002,4101.7998,4099.5,4100.7998,58
2026-06-23 22:14,4097.1001,4100.1001,4097.0,4099.8999,73
2026-06-23 22:15,4097.2002,4098.2998,4096.7002,4097.1001,29
2026-06-23 22:16,4095.8999,4097.1001,4094.30005,4096.8999,125
2026-06-23 22:17,4093.5,4096.2002,4093.1001,4096.2002,88
2026-06-23 22:18,4092.1001,4093.30005,4090.0,4093.30005,202
2026-06-23 22:19,4091.3999,4094.1001,4091.1001,4092.19995,94
2026-06-23 22:20,4092.30005,4092.80005,4091.5,4091.5,46
2026-06-23 22:21,4090.80005,4092.30005,4089.80005,4092.30005,57
2026-06-23 22:22,4091.1001,4091.30005,4089.3999,4091.0,55
2026-06-23 22:23,4092.1001,4093.3999,4090.69995,4090.69995,191
2026-06-23 22:24,4092.3999,4093.5,4091.8999,4092.0,49
2026-06-23 22:25,4091.5,4093.6001,4090.19995,4092.8999,381
2026-06-23 22:26,4090.5,4091.80005,4089.30005,4091.69995,81
2026-06-23 22:27,4090.30005,4090.8999,4088.5,4089.80005,79
2026-06-23 22:28,4088.3999,4091.3999,4088.19995,4090.3999,136
2026-06-23 22:29,4090.3999,4090.80005,4088.30005,4088.3999,43
2026-06-23 22:30,4084.19995,4093.6001,4083.80005,4090.5,426
2026-06-23 22:31,4085.8999,4086.19995,4080.1001,4083.8999,214
2026-06-23 22:32,4083.6001,4086.1001,4082.8999,4086.0,99
2026-06-23 22:33,4085.0,4085.69995,4083.1001,4083.69995,69
2026-06-23 22:34,4086.0,4088.30005,4084.69995,4084.80005,131
2026-06-23 22:35,4084.3999,4087.80005,4082.3999,4086.0,250
2026-06-23 22:36,4084.19995,4084.8999,4083.5,4084.30005,29
2026-06-23 22:37,4082.5,4083.6001,4080.0,4083.1001,123
2026-06-23 22:38,4079.8999,4082.5,4078.5,4082.0,82
2026-06-23 22:39,4077.1001,4079.8999,4076.3999,4079.30005,212
2026-06-23 22:40,4077.3999,4079.0,4077.3999,4077.80005,114
2026-06-23 22:41,4075.19995,4077.69995,4074.6001,4077.3999,185
2026-06-23 22:42,4073.19995,4075.3999,4072.0,4075.19995,122
2026-06-23 22:43,4072.5,4073.5,4069.0,4073.0,228
2026-06-23 22:44,4073.80005,4076.3999,4072.19995,4072.3999,198
2026-06-23 22:45,4075.0,4075.5,4073.19995,4074.0,94
2026-06-23 22:46,4074.6001,4075.5,4073.69995,4074.80005,41
2026-06-23 22:47,4074.8999,4075.6001,4071.80005,4074.3999,114
2026-06-23 22:48,4078.1001,4078.1001,4074.80005,4074.80005,64
2026-06-23 22:49,4075.19995,4077.8999,4074.30005,4077.8999,138
2026-06-23 22:50,4074.30005,4077.8999,4074.30005,4075.6001,58
2026-06-23 22:51,4078.19995,4078.19995,4073.3999,4074.19995,125
2026-06-23 22:52,4080.30005,4081.0,4077.8999,4078.0,120
2026-06-23 22:53,4079.0,4081.5,4079.0,4080.6001,81
2026-06-23 22:54,4082.0,4082.3999,4079.1001,4079.19995,77
2026-06-23 22:55,4084.5,4084.5,4081.19995,4081.80005,99
2026-06-23 22:56,4085.3999,4086.6001,4083.8999,4084.1001,112
2026-06-23 22:57,4082.0,4085.6001,4081.5,4085.5,132
2026-06-23 22:58,4082.8999,4083.5,4081.5,4082.1001,64
2026-06-23 22:59,4078.30005,4083.0,4077.69995,4083.0,123
2026-06-23 23:00,4079.30005,4081.80005,4078.1001,4078.1001,44
2026-06-23 23:01,4077.1001,4078.8999,4077.0,4078.8999,64
2026-06-23 23:02,4078.6001,4079.30005,4077.8999,4078.19995,19
2026-06-23 23:03,4078.69995,4079.0,4077.69995,4078.8999,32
2026-06-23 23:04,4073.0,4079.19995,4072.8999,4078.69995,139
2026-06-23 23:05,4072.1001,4075.1001,4072.1001,4073.19995,64
2026-06-23 23:06,4069.80005,4073.0,4069.6001,4073.0,108
2026-06-23 23:07,4071.5,4071.80005,4070.1001,4070.19995,38
2026-06-23 23:08,4072.5,4073.30005,4070.69995,4071.5,19
2026-06-23 23:09,4075.0,4075.6001,4072.1001,4072.19995,56
2026-06-23 23:10,4075.30005,4076.5,4074.6001,4075.0,60
2026-06-23 23:11,4075.8999,4076.19995,4074.3999,4075.3999,48
2026-06-23 23:12,4075.3999,4076.69995,4073.3999,4076.1001,75
2026-06-23 23:13,4075.80005,4076.1001,4074.5,4075.8999,40
2026-06-23 23:14,4074.19995,4077.19995,4074.19995,4075.80005,54
2026-06-23 23:15,4075.0,4075.6001,4073.0,4074.3999,88
2026-06-23 23:16,4071.5,4075.1001,4071.5,4074.69995,48
2026-06-23 23:17,4068.6001,4071.0,4068.30005,4070.69995,87
2026-06-23 23:18,4068.6001,4069.19995,4067.0,4068.80005,291
2026-06-23 23:19,4069.8999,4071.3999,4068.19995,4068.80005,39
2026-06-23 23:20,4070.69995,4071.69995,4069.5,4070.1001,46
2026-06-23 23:21,4072.0,4072.1001,4070.30005,4070.5,26
2026-06-23 23:22,4071.8999,4073.19995,4071.5,4072.1001,70
2026-06-23 23:23,4068.8999,4073.0,4068.69995,4072.0,78
2026-06-23 23:24,4069.69995,4069.8999,4068.6001,4068.6001,37
2026-06-23 23:25,4074.0,4074.0,4070.19995,4070.8999,47
2026-06-23 23:26,4070.5,4074.0,4070.0,4074.0,84
2026-06-23 23:27,4071.6001,4072.1001,4069.0,4070.1001,84
2026-06-23 23:28,4070.69995,4072.6001,4070.69995,4071.1001,28
2026-06-23 23:29,4073.6001,4073.6001,4068.19995,4071.30005,92
2026-06-23 23:30,4075.80005,4077.6001,4073.3999,4073.80005,124
2026-06-23 23:31,4075.6001,4075.69995,4074.30005,4075.6001,83
2026-06-23 23:32,4075.5,4076.80005,4075.19995,4075.5,53
2026-06-23 23:33,4073.69995,4074.3999,4072.6001,4074.19995,100
2026-06-23 23:34,4077.0,4077.1001,4073.8999,4073.8999,54
2026-06-23 23:35,4077.6001,4079.30005,4077.1001,4077.30005,101
2026-06-23 23:36,4078.8999,4078.8999,4077.19995,4077.80005,33
2026-06-23 23:37,4078.1001,4079.0,4077.3999,4079.0,57
2026-06-23 23:38,4078.69995,4078.80005,4076.8999,4077.80005,30
2026-06-23 23:39,4079.0,4079.80005,4078.19995,4078.8999,112
2026-06-23 23:40,4080.19995,4080.8999,4078.8999,4079.3999,60
2026-06-23 23:41,4082.19995,4084.19995,4081.19995,4081.19995,132
2026-06-23 23:42,4086.19995,4086.8999,4082.0,4082.1001,81
2026-06-23 23:43,4085.0,4086.19995,4084.5,4086.19995,66
2026-06-23 23:44,4085.8999,4086.69995,4083.30005,4084.1001,103
2026-06-23 23:45,4086.1001,4088.5,4085.5,4086.1001,146
2026-06-23 23:46,4084.6001,4086.30005,4084.6001,4085.8999,32
2026-06-23 23:47,4084.30005,4086.0,4084.30005,4085.19995,34
2026-06-23 23:48,4083.80005,4085.8999,4083.30005,4084.69995,38
2026-06-23 23:49,4084.1001,4084.1001,4081.0,4083.6001,65
2026-06-23 23:50,4082.3999,4085.1001,4082.1001,4083.69995,54
2026-06-23 23:51,4081.8999,4082.5,4081.5,4082.3999,49
2026-06-23 23:52,4083.30005,4083.30005,4082.3999,4082.80005,16
2026-06-23 23:53,4080.6001,4084.5,4080.6001,4083.8999,67
2026-06-23 23:54,4081.0,4081.0,4080.1001,4080.6001,31
2026-06-23 23:55,4080.0,4080.6001,4079.80005,4080.6001,12
2026-06-23 23:56,4080.80005,4080.80005,4079.69995,4080.0,21
2026-06-23 23:57,4079.80005,4080.30005,4079.5,4080.0,24
2026-06-23 23:58,4079.8999,4080.1001,4079.6001,4079.8999,11
2026-06-24 00:00,4080.69995,4080.69995,4079.0,4080.1001,38
2026-06-24 00:01,4077.0,4081.30005,4077.0,4080.8999,99
2026-06-24 00:02,4077.30005,4077.30005,4075.5,4077.19995,95
2026-06-24 00:03,4077.6001,4079.0,4076.69995,4077.19995,52
2026-06-24 00:04,4076.19995,4077.5,4076.19995,4077.19995,18
2026-06-24 00:05,4073.80005,4076.5,4073.0,4075.8999,51
2026-06-24 00:06,4074.3999,4074.8999,4073.5,4073.69995,28
2026-06-24 00:07,4075.5,4076.80005,4074.19995,4074.5,75
2026-06-24 00:08,4077.1001,4078.1001,4075.6001,4075.69995,72
2026-06-24 00:09,4075.30005,4075.6001,4073.6001,4075.30005,50
2026-06-24 00:10,4073.69995,4075.0,4073.69995,4074.8999,13
2026-06-24 00:11,4073.8999,4074.0,4072.5,4073.5,29
2026-06-24 00:12,4073.30005,4074.30005,4073.0,4073.80005,10
2026-06-24 00:13,4073.80005,4074.1001,4073.0,4073.0,9
2026-06-24 00:14,4075.3999,4076.0,4073.3999,4073.8999,37
2026-06-24 00:15,4075.30005,4076.6001,4074.30005,4075.69995,79
2026-06-24 00:16,4074.6001,4076.8999,4074.19995,4076.1001,48
2026-06-24 00:17,4073.1001,4074.69995,4073.1001,4074.6001,17
2026-06-24 00:18,4072.5,4073.1001,4071.69995,4073.0,51
2026-06-24 00:19,4072.19995,4073.30005,4071.6001,4073.0,62
2026-06-24 00:20,4073.80005,4074.30005,4071.69995,4072.3999,72
2026-06-24 00:21,4076.1001,4076.1001,4072.5,4073.6001,84
2026-06-24 00:22,4077.8999,4078.3999,4075.0,4075.69995,68
2026-06-24 00:23,4076.6001,4079.5,4076.3999,4078.19995,51
2026-06-24 00:24,4077.69995,4078.3999,4076.8999,4077.1001,39
2026-06-24 00:25,4079.1001,4080.0,4078.1001,4078.1001,48
2026-06-24 00:26,4079.80005,4079.8999,4079.0,4079.19995,34
2026-06-24 00:27,4082.6001,4083.69995,4079.1001,4079.19995,70
2026-06-24 00:28,4081.5,4082.80005,4081.5,4082.3999,34
2026-06-24 00:29,4080.3999,4082.19995,4079.6001,4081.30005,59
2026-06-24 00:30,4080.80005,4081.6001,4080.0,4080.0,22
2026-06-24 00:31,4081.5,4082.19995,4080.69995,4081.0,15
2026-06-24 00:32,4081.3999,4082.0,4081.30005,4081.69995,15
2026-06-24 00:33,4081.69995,4082.19995,4081.0,4081.19995,16
2026-06-24 00:34,4081.6001,4082.5,4080.80005,4082.5,17
2026-06-24 00:35,4079.6001,4080.80005,4079.19995,4080.80005,38
2026-06-24 00:36,4081.80005,4082.3999,4080.69995,4081.1001,13
2026-06-24 00:37,4082.30005,4082.30005,4081.1001,4082.19995,15
2026-06-24 00:38,4082.19995,4083.0,4082.1001,4082.80005,26
2026-06-24 00:39,4081.3999,4082.3999,4081.3999,4082.0,15
2026-06-24 00:40,4082.80005,4083.6001,4081.6001,4081.6001,13
2026-06-24 00:41,4081.19995,4082.69995,4081.19995,4082.5,15
2026-06-24 00:42,4082.0,4082.0,4080.69995,4081.19995,25
2026-06-24 00:43,4081.6001,4082.5,4081.0,4082.0,26
2026-06-24 00:44,4080.80005,4081.5,4080.1001,4081.19995,12
2026-06-24 00:45,4080.80005,4080.8999,4080.0,4080.0,10
2026-06-24 00:46,4081.3999,4081.3999,4080.5,4081.1001,12
2026-06-24 00:47,4082.30005,4083.0,4081.80005,4081.80005,12
2026-06-24 00:48,4079.30005,4081.6001,4079.30005,4081.6001,14
2026-06-24 00:49,4080.3999,4080.3999,4079.19995,4079.19995,19
2026-06-24 00:50,4079.69995,4080.3999,4079.1001,4080.3999,13
2026-06-24 00:51,4079.30005,4080.30005,4079.30005,4080.30005,3
2026-06-24 00:52,4079.69995,4079.69995,4078.80005,4078.8999,11
2026-06-24 00:53,4079.19995,4080.3999,4079.1001,4079.5,35
2026-06-24 00:54,4080.19995,4080.5,4079.1001,4079.30005,26
2026-06-24 00:55,4079.3999,4080.19995,4079.3999,4080.19995,26
2026-06-24 00:56,4081.80005,4081.80005,4079.30005,4079.5,29
2026-06-24 00:57,4083.0,4083.0,4081.69995,4081.80005,31
2026-06-24 00:58,4081.6001,4083.5,4081.3999,4082.8999,44
2026-06-24 00:59,4080.6001,4082.0,4080.6001,4081.69995,26
2026-06-24 01:00,4080.80005,4081.19995,4080.0,4081.19995,34
2026-06-24 01:01,4081.69995,4081.80005,4081.19995,4081.5,11
2026-06-24 01:02,4079.19995,4080.6001,4078.19995,4080.6001,37
2026-06-24 01:03,4078.6001,4079.5,4078.6001,4079.5,18
2026-06-24 01:04,4078.30005,4079.1001,4077.8999,4078.5,17
2026-06-24 01:05,4078.8999,4078.8999,4078.0,4078.3999,19
2026-06-24 01:06,4078.80005,4078.80005,4077.6001,4078.3999,26
2026-06-24 01:07,4079.3999,4081.0,4078.3999,4078.3999,55
2026-06-24 01:08,4081.5,4082.30005,4079.5,4079.8999,40
2026-06-24 01:09,4086.0,4086.19995,4081.3999,4081.3999,56
2026-06-24 01:10,4083.0,4086.0,4083.0,4085.6001,73
2026-06-24 01:11,4084.1001,4084.80005,4082.6001,4083.6001,71
2026-06-24 01:12,4083.5,4084.6001,4083.19995,4083.80005,45
2026-06-24 01:13,4083.30005,4086.0,4083.30005,4083.30005,46
2026-06-24 01:14,4084.3999,4084.80005,4082.8999,4083.30005,52
2026-06-24 01:15,4084.69995,4085.0,4082.6001,4084.0,57
2026-06-24 01:16,4083.80005,4085.19995,4082.1001,4085.0,81
2026-06-24 01:17,4083.3999,4085.3999,4083.1001,4083.69995,121
2026-06-24 01:18,4083.5,4084.0,4082.80005,4083.30005,36
2026-06-24 01:19,4082.6001,4083.30005,4082.19995,4083.30005,19
2026-06-24 01:20,4083.6001,4085.19995,4082.8999,4082.8999,96
2026-06-24 01:21,4087.69995,4088.0,4083.8999,4083.8999,40
2026-06-24 01:22,4089.0,4089.8999,4086.69995,4087.8999,52
2026-06-24 01:23,4086.6001,4089.1001,4085.69995,4089.1001,87
2026-06-24 01:24,4087.3999,4088.80005,4086.19995,4086.6001,86
2026-06-24 01:25,4087.69995,4090.0,4087.0,4088.5,114
2026-06-24 01:26,4088.3999,4088.80005,4087.0,4087.0,55
2026-06-24 01:27,4089.30005,4089.69995,4088.0,4088.0,53
2026-06-24 01:28,4091.3999,4091.3999,4088.1001,4089.30005,67
2026-06-24 01:29,4090.1001,4091.5,4089.3999,4091.3999,73
2026-06-24 01:30,4094.1001,4095.5,4089.0,4090.19995,287
2026-06-24 01:31,4094.6001,4096.3999,4092.8999,4094.0,74
2026-06-24 01:32,4099.3999,4100.2998,4094.30005,4094.5,174
2026-06-24 01:33,4102.7002,4103.1001,4098.1001,4098.8999,174
2026-06-24 01:34,4099.2998,4102.8999,4097.5,4102.2002,97
2026-06-24 01:35,4097.6001,4100.0,4097.1001,4099.5,118
2026-06-24 01:36,4097.7002,4098.0,4096.0,4097.1001,46
2026-06-24 01:37,4094.69995,4097.7002,4094.30005,4097.7002,101
2026-06-24 01:38,4093.6001,4095.3999,4092.8999,4095.0,119
2026-06-24 01:39,4094.6001,4096.1001,4093.3999,4093.3999,102
2026-06-24 01:40,4091.80005,4094.3999,4091.80005,4094.3999,35
2026-06-24 01:41,4090.3999,4092.69995,4090.3999,4091.5,42
2026-06-24 01:42,4090.69995,4091.19995,4089.5,4090.0,63
2026-06-24 01:43,4092.3999,4093.6001,4090.5,4090.5,47
2026-06-24 01:44,4094.80005,4094.80005,4092.8999,4092.8999,51
2026-06-24 01:45,4095.1001,4095.5,4093.1001,4094.3999,49
2026-06-24 01:46,4095.0,4096.7002,4094.19995,4095.19995,89
2026-06-24 01:47,4094.3999,4095.1001,4093.3999,4095.0,65
2026-06-24 01:48,4092.80005,4094.5,4092.6001,4094.3999,28
2026-06-24 01:49,4091.8999,4092.8999,4091.1001,4092.6001,21
2026-06-24 01:50,4091.19995,4091.69995,4090.6001,4090.69995,24
2026-06-24 01:51,4091.69995,4093.30005,4090.69995,4090.69995,21
2026-06-24 01:52,4090.1001,4091.8999,4089.3999,4091.3999,43
2026-06-24 01:53,4090.3999,4091.0,4088.5,4090.0,137
2026-06-24 01:54,4089.19995,4090.69995,4089.19995,4089.5,31
2026-06-24 01:55,4091.1001,4091.1001,4089.6001,4090.30005,23
2026-06-24 01:56,4091.80005,4093.19995,4090.0,4090.8999,79
2026-06-24 01:57,4091.6001,4091.8999,4091.0,4091.8999,21
2026-06-24 01:58,4091.80005,4093.8999,4091.5,4093.6001,32
2026-06-24 01:59,4093.1001,4093.1001,4091.0,4091.8999,28
2026-06-24 02:00,4095.80005,4095.8999,4093.1001,4093.1001,93
2026-06-24 02:01,4096.8999,4097.6001,4094.5,4095.3999,133
2026-06-24 02:02,4095.6001,4097.7002,4094.8999,4097.3999,61
2026-06-24 02:03,4095.80005,4098.3999,4095.80005,4095.8999,79
2026-06-24 02:04,4094.8999,4096.7002,4094.0,4095.80005,44
2026-06-24 02:05,4096.2998,4098.0,4094.6001,4095.19995,56
2026-06-24 02:06,4102.0,4102.7002,4095.80005,4096.2998,180
2026-06-24 02:07,4106.7998,4108.0,4101.6001,4101.6001,270
2026-06-24 02:08,4106.6001,4108.2002,4103.7998,4106.8999,160
2026-06-24 02:09,4107.8999,4108.8999,4106.0,4106.5,59
2026-06-24 02:10,4111.7998,4111.7998,4106.2002,4107.6001,170
2026-06-24 02:11,4112.2002,4112.6001,4110.7002,4111.5,168
2026-06-24 02:12,4113.2998,4114.0,4110.7998,4112.6001,118
2026-06-24 02:13,4112.5,4114.2002,4111.6001,4113.2002,193
2026-06-24 02:14,4113.5,4113.7998,4110.2998,4112.2998,91
2026-06-24 02:15,4110.8999,4114.7002,4110.5,4113.6001,139
2026-06-24 02:16,4107.7998,4111.5,4107.2998,4110.6001,161
2026-06-24 02:17,4106.1001,4108.0,4105.8999,4107.7998,86
2026-06-24 02:18,4103.6001,4106.3999,4102.1001,4106.2002,282
2026-06-24 02:19,4104.3999,4104.8999,4103.2002,4103.5,68
2026-06-24 02:20,4103.5,4104.8999,4103.1001,4104.7002,39
2026-06-24 02:21,4103.2998,4105.0,4103.2002,4104.0,43
2026-06-24 02:22,4105.5,4105.7002,4103.0,4103.1001,78
2026-06-24 02:23,4105.5,4106.7002,4105.0,4105.7998,71
2026-06-24 02:24,4105.8999,4106.6001,4104.8999,4105.2998,74
2026-06-24 02:25,4106.6001,4107.6001,4105.7002,4105.7002,73
2026-06-24 02:26,4106.2998,4107.5,4105.3999,4106.5,67
2026-06-24 02:27,4106.1001,4108.0,4105.0,4105.7002,61
2026-06-24 02:28,4101.8999,4106.2002,4100.2998,4105.7998,190
2026-06-24 02:29,4104.7002,4104.8999,4101.0,4102.2002,95
2026-06-24 02:30,4102.2002,4104.3999,4102.1001,4104.3999,43
2026-06-24 02:31,4103.2002,4105.5,4102.1001,4102.2998,70
2026-06-24 02:32,4103.5,4104.5,4103.2002,4103.7998,32
2026-06-24 02:33,4103.3999,4103.8999,4102.2998,4103.6001,36
2026-06-24 02:34,4105.3999,4105.5,4103.6001,4103.6001,60
2026-06-24 02:35,4107.6001,4107.6001,4105.2998,4105.3999,65
2026-06-24 02:36,4106.0,4109.0,4106.0,4107.2002,28
2026-06-24 02:37,4106.8999,4107.1001,4105.6001,4106.6001,32
2026-06-24 02:38,4105.3999,4106.8999,4105.3999,4106.5,34
2026-06-24 02:39,4106.3999,4106.7002,4105.0,4105.3999,19
2026-06-24 02:40,4108.6001,4109.0,4106.5,4106.6001,78
2026-06-24 02:41,4110.2998,4110.7998,4108.5,4108.5,42
2026-06-24 02:42,4108.5,4110.7002,4108.5,4110.2998,43
2026-06-24 02:43,4109.7002,4111.1001,4109.1001,4109.1001,27
2026-06-24 02:44,4109.1001,4110.7998,4109.1001,4109.3999,57
2026-06-24 02:45,4109.1001,4109.1001,4107.1001,4108.7998,45
2026-06-24 02:46,4111.2002,4111.2998,4107.6001,4108.1001,93
2026-06-24 02:47,4110.0,4112.2002,4109.3999,4111.2002,103
2026-06-24 02:48,4107.6001,4110.0,4107.1001,4110.0,62
2026-06-24 02:49,4106.6001,4109.5,4106.2002,4107.3999,122
2026-06-24 02:50,4102.1001,4106.2998,4101.6001,4106.2998,177
2026-06-24 02:51,4105.5,4106.8999,4102.5,4102.5,73
2026-06-24 02:52,4107.8999,4108.1001,4105.2998,4105.2998,51
2026-06-24 02:53,4108.3999,4108.7998,4106.7002,4107.0,52
2026-06-24 02:54,4107.1001,4108.1001,4106.6001,4108.1001,24
2026-06-24 02:55,4107.1001,4107.7002,4106.8999,4107.7002,8
2026-06-24 02:56,4106.7002,4107.8999,4106.3999,4106.7998,57
2026-06-24 02:57,4103.8999,4106.0,4103.8999,4106.0,58
2026-06-24 02:58,4101.6001,4104.7998,4101.6001,4104.2998,41
2026-06-24 02:59,4103.8999,4103.8999,4102.1001,4102.1001,6
2026-06-24 03:00,4104.7002,4104.8999,4102.7002,4103.8999,83
2026-06-24 03:01,4106.3999,4106.7998,4104.2002,4104.7998,48
2026-06-24 03:02,4102.6001,4106.1001,4102.5,4106.1001,23
2026-06-24 03:03,4104.5,4104.5,4102.8999,4102.8999,20
2026-06-24 03:04,4106.1001,4106.1001,4103.3999,4103.7002,35
2026-06-24 03:05,4104.7998,4105.7002,4103.8999,4105.7002,14
2026-06-24 03:06,4106.5,4106.5,4104.2998,4104.7998,18
2026-06-24 03:07,4105.3999,4106.7998,4105.0,4106.2998,29
2026-06-24 03:08,4106.6001,4107.7998,4105.7002,4105.7002,36
2026-06-24 03:09,4105.2002,4106.0,4104.7002,4105.7998,30
2026-06-24 03:10,4104.8999,4106.2998,4104.3999,4105.5,15
2026-06-24 03:11,4105.2002,4105.2002,4103.7002,4104.1001,15
2026-06-24 03:12,4105.0,4105.2002,4104.0,4105.0,18
2026-06-24 03:13,4104.2998,4104.7002,4103.2002,4104.7002,19
2026-06-24 03:14,4103.1001,4104.2002,4103.0,4103.5,12
2026-06-24 03:15,4103.8999,4104.2002,4102.2002,4103.2998,90
2026-06-24 03:16,4101.5,4104.7002,4101.5,4104.2998,31
2026-06-24 03:17,4103.1001,4103.1001,4101.6001,4101.8999,30
2026-06-24 03:18,4104.2998,4104.2998,4102.8999,4103.3999,32
2026-06-24 03:19,4102.8999,4104.2998,4102.5,4104.2998,21
2026-06-24 03:20,4102.5,4103.2002,4102.0,4103.0,25
2026-06-24 03:21,4103.0,4103.0,4101.3999,4102.0,75
2026-06-24 03:22,4103.5,4103.8999,4103.3999,4103.3999,19
2026-06-24 03:23,4100.8999,4103.3999,4100.3999,4103.1001,26
2026-06-24 03:24,4102.0,4102.0,4100.3999,4100.8999,34
2026-06-24 03:25,4102.0,4102.6001,4101.0,4102.2002,40
2026-06-24 03:26,4102.7998,4103.0,4102.2002,4102.2002,20
2026-06-24 03:27,4101.7998,4103.0,4101.7998,4102.5,12
2026-06-24 03:28,4100.6001,4102.1001,4100.6001,4101.7998,18
2026-06-24 03:29,4101.2998,4101.7002,4100.0,4100.7002,30
2026-06-24 03:30,4101.2998,4102.1001,4100.2998,4101.5,23
2026-06-24 03:31,4098.7002,4101.2998,4098.7002,4101.2998,92
2026-06-24 03:32,4099.2998,4099.5,4098.2998,4098.6001,59
2026-06-24 03:33,4097.8999,4099.8999,4097.6001,4099.8999,32
2026-06-24 03:34,4098.0,4098.5,4097.5,4098.0,38
2026-06-24 03:35,4095.5,4098.1001,4094.30005,4098.0,192
2026-06-24 03:36,4094.19995,4096.6001,4093.69995,4096.0,195
2026-06-24 03:37,4094.0,4094.5,4093.1001,4094.5,79
2026-06-24 03:38,4095.0,4095.5,4093.30005,4094.0,50
2026-06-24 03:39,4095.8999,4095.8999,4093.0,4094.80005,51
2026-06-24 03:40,4095.6001,4097.2998,4094.1001,4096.2002,121
2026-06-24 03:41,4095.69995,4096.6001,4093.69995,4095.3999,63
2026-06-24 03:42,4098.2998,4098.2998,4094.80005,4095.6001,36
2026-06-24 03:43,4098.8999,4099.6001,4098.0,4098.2002,88
2026-06-24 03:44,4099.7002,4100.8999,4099.1001,4099.1001,97
2026-06-24 03:45,4099.0,4099.7002,4098.2002,4099.6001,130
2026-06-24 03:46,4099.6001,4100.0,4097.8999,4099.3999,20
2026-06-24 03:47,4100.5,4101.7998,4099.6001,4099.6001,40
2026-06-24 03:48,4102.2002,4103.2998,4100.2002,4100.2002,89
2026-06-24 03:49,4102.1001,4102.8999,4101.6001,4102.2998,53
2026-06-24 03:50,4100.2998,4102.7998,4100.2002,4101.6001,46
2026-06-24 03:51,4098.6001,4100.1001,4097.7998,4100.0,44
2026-06-24 03:52,4096.0,4098.7998,4095.19995,4098.1001,57
2026-06-24 03:53,4093.5,4096.3999,4093.30005,4095.80005,56
2026-06-24 03:54,4095.8999,4095.8999,4093.80005,4093.80005,27
2026-06-24 03:55,4095.6001,4096.3999,4095.1001,4096.0,23
2026-06-24 03:56,4092.6001,4096.0,4092.19995,4095.3999,109
2026-06-24 03:57,4092.19995,4092.8999,4091.3999,4092.30005,80
2026-06-24 03:58,4092.5,4092.69995,4091.69995,4092.5,35
2026-06-24 03:59,4091.5,4092.6001,4090.69995,4092.1001,84
2026-06-24 04:00,4094.1001,4095.1001,4090.69995,4091.6001,66
2026-06-24 04:01,4093.80005,4094.0,4092.0,4093.69995,63
2026-06-24 04:02,4093.5,4094.3999,4092.3999,4094.1001,76
2026-06-24 04:03,4093.1001,4095.19995,4092.30005,4093.3999,78
2026-06-24 04:04,4093.8999,4094.5,4092.8999,4093.19995,28
2026-06-24 04:05,4093.5,4094.5,4092.5,4094.19995,57
2026-06-24 04:06,4093.19995,4094.8999,4092.69995,4092.80005,24
2026-06-24 04:07,4093.30005,4094.19995,4092.8999,4092.8999,14
2026-06-24 04:08,4093.80005,4094.1001,4092.8999,4094.0,20
2026-06-24 04:09,4092.69995,4093.8999,4092.69995,4093.80005,39
2026-06-24 04:10,4093.1001,4093.80005,4092.80005,4092.80005,15
2026-06-24 04:11,4092.8999,4093.19995,4092.3999,4093.19995,18
2026-06-24 04:12,4091.1001,4093.19995,4090.19995,4093.19995,38
2026-06-24 04:13,4091.8999,4092.0,4090.5,4090.80005,26
2026-06-24 04:14,4091.0,4092.1001,4090.0,4091.69995,56
2026-06-24 04:15,4092.0,4092.5,4091.0,4091.0,17
2026-06-24 04:16,4091.5,4093.1001,4091.5,4092.19995,17
2026-06-24 04:17,4092.5,4092.69995,4091.1001,4091.19995,25
2026-06-24 04:18,4092.1001,4093.6001,4092.1001,4092.8999,36
2026-06-24 04:19,4090.30005,4092.6001,4090.30005,4092.1001,47
2026-06-24 04:20,4091.5,4092.6001,4090.80005,4090.80005,33
2026-06-24 04:21,4092.6001,4092.8999,4090.6001,4091.80005,56
2026-06-24 04:22,4093.1001,4093.30005,4092.1001,4092.80005,48
2026-06-24 04:23,4092.0,4093.0,4091.0,4092.6001,233
2026-06-24 04:24,4094.0,4094.69995,4092.1001,4092.30005,140
2026-06-24 04:25,4097.1001,4097.6001,4093.6001,4093.6001,261
2026-06-24 04:26,4096.5,4097.7998,4096.0,4097.2998,72
2026-06-24 04:27,4095.5,4096.8999,4094.80005,4096.2002,61
2026-06-24 04:28,4096.3999,4096.5,4095.5,4095.5,26
2026-06-24 04:29,4097.7002,4097.7998,4095.80005,4096.2998,51
2026-06-24 04:30,4100.6001,4100.7002,4097.2998,4097.5,67
2026-06-24 04:31,4104.2998,4104.5,4099.8999,4100.6001,163
2026-06-24 04:32,4103.7002,4104.7998,4102.7998,4104.2002,54
2026-06-24 04:33,4102.0,4103.6001,4102.0,4103.5,30
2026-06-24 04:34,4101.2998,4103.5,4100.7998,4102.5,67
2026-06-24 04:35,4101.0,4102.2002,4100.7998,4101.3999,24
2026-06-24 04:36,4097.7998,4099.8999,4097.2998,4099.8999,62
2026-06-24 04:37,4097.6001,4098.8999,4097.2998,4097.2998,29
2026-06-24 04:38,4097.5,4098.2002,4097.0,4097.6001,14
2026-06-24 04:39,4099.5,4099.5,4096.1001,4097.2998,94
2026-06-24 04:40,4100.6001,4100.8999,4099.2998,4099.3999,80
2026-06-24 04:41,4099.7998,4102.2002,4098.8999,4100.7998,47
2026-06-24 04:42,4099.1001,4099.2998,4098.3999,4099.1001,20
2026-06-24 04:43,4099.6001,4099.6001,4098.7998,4098.7998,21
2026-06-24 04:44,4100.0,4100.7998,4099.5,4100.1001,18
2026-06-24 04:45,4097.7002,4100.5,4097.5,4100.2998,44
2026-06-24 04:46,4096.6001,4097.5,4096.0,4097.1001,30
2026-06-24 04:47,4094.6001,4097.3999,4094.5,4096.7002,35
2026-06-24 04:48,4095.8999,4095.8999,4094.5,4094.69995,20
2026-06-24 04:49,4095.80005,4096.7002,4095.80005,4096.6001,7
2026-06-24 04:50,4096.8999,4097.2998,4096.0,4096.0,47
2026-06-24 04:51,4096.1001,4096.6001,4096.0,4096.1001,21
2026-06-24 04:52,4096.3999,4096.3999,4095.5,4096.2998,28
2026-06-24 04:53,4095.5,4096.2002,4095.0,4095.69995,15
2026-06-24 04:54,4093.6001,4095.3999,4093.6001,4095.3999,28
2026-06-24 04:55,4094.0,4095.19995,4094.0,4094.0,29
2026-06-24 04:56,4094.1001,4094.1001,4093.6001,4093.69995,17
2026-06-24 04:57,4094.30005,4094.6001,4094.1001,4094.1001,9
2026-06-24 04:58,4093.6001,4094.30005,4093.19995,4093.8999,25
2026-06-24 04:59,4093.30005,4094.3999,4092.69995,4093.80005,54
2026-06-24 05:00,4094.8999,4095.0,4093.0,4093.30005,31
2026-06-24 05:01,4094.1001,4095.19995,4094.1001,4094.19995,127
2026-06-24 05:02,4091.5,4094.30005,4090.8999,4094.1001,59
2026-06-24 05:03,4092.30005,4093.19995,4091.1001,4092.0,44
2026-06-24 05:04,4091.30005,4092.80005,4091.30005,4092.80005,8
2026-06-24 05:05,4091.3999,4092.0,4091.1001,4091.80005,20
2026-06-24 05:06,4090.80005,4092.19995,4090.80005,4091.8999,20
2026-06-24 05:07,4089.6001,4091.0,4089.0,4090.69995,108
2026-06-24 05:08,4089.19995,4090.5,4089.19995,4090.0,56
2026-06-24 05:09,4086.8999,4089.6001,4086.80005,4089.6001,90
2026-06-24 05:10,4087.69995,4088.6001,4087.1001,4087.19995,123
2026-06-24 05:11,4088.30005,4090.3999,4087.80005,4088.0,62
2026-06-24 05:12,4092.8999,4092.8999,4089.3999,4089.3999,81
2026-06-24 05:13,4093.19995,4093.6001,4092.6001,4092.6001,26
2026-06-24 05:14,4093.30005,4093.69995,4092.19995,4092.6001,18
2026-06-24 05:15,4093.30005,4093.69995,4092.8999,4092.8999,13
2026-06-24 05:16,4093.80005,4094.0,4092.30005,4093.0,77
2026-06-24 05:17,4093.30005,4094.3999,4093.30005,4094.1001,20
2026-06-24 05:18,4094.80005,4095.69995,4094.0,4094.0,34
2026-06-24 05:19,4095.0,4095.80005,4094.3999,4095.0,82
2026-06-24 05:20,4093.5,4095.5,4092.80005,4095.5,51
2026-06-24 05:21,4091.5,4093.5,4091.5,4093.5,41
2026-06-24 05:22,4091.8999,4092.3999,4091.8999,4091.8999,22
2026-06-24 05:23,4091.30005,4092.6001,4091.30005,4091.8999,43
2026-06-24 05:24,4091.30005,4091.30005,4090.5,4091.19995,38
2026-06-24 05:25,4090.3999,4091.5,4090.19995,4091.30005,55
2026-06-24 05:26,4089.0,4090.5,4088.80005,4090.5,83
2026-06-24 05:27,4088.80005,4089.8999,4087.80005,4088.80005,64
2026-06-24 05:28,4089.0,4089.6001,4088.30005,4089.30005,41
2026-06-24 05:29,4086.3999,4088.69995,4085.19995,4088.69995,217
2026-06-24 05:30,4087.19995,4089.19995,4086.0,4086.1001,166
2026-06-24 05:31,4087.1001,4087.6001,4086.3999,4087.30005,177
2026-06-24 05:32,4087.19995,4087.69995,4086.0,4087.1001,115
2026-06-24 05:33,4087.80005,4089.69995,4087.30005,4087.3999,148
2026-06-24 05:34,4087.5,4088.19995,4087.19995,4087.5,21
2026-06-24 05:35,4087.19995,4088.3999,4087.1001,4087.5,52
2026-06-24 05:36,4086.19995,4087.1001,4084.6001,4087.1001,166
2026-06-24 05:37,4086.6001,4087.3999,4086.3999,4086.80005,93
2026-06-24 05:38,4085.30005,4086.5,4085.19995,4086.30005,40
2026-06-24 05:39,4085.6001,4086.5,4084.19995,4085.8999,73
2026-06-24 05:40,4083.69995,4085.5,4082.80005,4085.5,43
2026-06-24 05:41,4084.30005,4085.1001,4082.8999,4083.1001,49
2026-06-24 05:42,4082.8999,4084.1001,4082.8999,4083.80005,31
2026-06-24 05:43,4083.3999,4083.8999,4082.69995,4082.80005,45
2026-06-24 05:44,4085.69995,4086.69995,4084.3999,4084.3999,105
2026-06-24 05:45,4085.6001,4085.80005,4084.69995,4085.3999,23
2026-06-24 05:46,4084.19995,4085.6001,4082.69995,4085.6001,135
2026-06-24 05:47,4084.5,4085.30005,4084.1001,4084.1001,19
2026-06-24 05:48,4085.0,4086.0,4084.3999,4084.5,32
2026-06-24 05:49,4086.3999,4087.5,4085.30005,4085.30005,70
2026-06-24 05:50,4086.1001,4086.69995,4085.8999,4086.1001,39
2026-06-24 05:51,4087.1001,4087.1001,4085.80005,4086.19995,33
2026-06-24 05:52,4087.6001,4087.80005,4086.3999,4087.0,41
2026-06-24 05:53,4087.3999,4088.30005,4087.0,4087.19995,95
2026-06-24 05:54,4085.8999,4087.30005,4085.19995,4087.19995,95
2026-06-24 05:55,4085.3999,4086.0,4085.0,4086.0,45
2026-06-24 05:56,4084.30005,4084.80005,4084.19995,4084.30005,13
2026-06-24 05:57,4082.69995,4084.1001,4082.0,4084.1001,79
2026-06-24 05:58,4082.5,4083.19995,4081.8999,4082.8999,41
2026-06-24 05:59,4081.80005,4082.19995,4081.6001,4082.0,31
2026-06-24 06:00,4080.30005,4083.5,4078.8999,4082.0,131
2026-06-24 06:01,4078.19995,4080.5,4078.19995,4080.5,85
2026-06-24 06:02,4077.3999,4078.8999,4076.6001,4077.80005,106
2026-06-24 06:03,4079.80005,4079.80005,4077.0,4077.30005,98
2026-06-24 06:04,4079.19995,4079.6001,4078.0,4079.6001,45
2026-06-24 06:05,4079.30005,4079.69995,4078.6001,4079.5,32
2026-06-24 06:06,4078.8999,4079.3999,4078.0,4079.1001,89
2026-06-24 06:07,4078.0,4079.19995,4077.8999,4079.19995,46
2026-06-24 06:08,4078.30005,4078.80005,4077.0,4077.19995,38
2026-06-24 06:09,4077.30005,4078.69995,4076.80005,4078.1001,63
2026-06-24 06:10,4078.5,4078.5,4076.19995,4077.0,50
2026-06-24 06:11,4078.8999,4079.3999,4078.3999,4078.69995,25
2026-06-24 06:12,4079.30005,4079.5,4078.0,4078.8999,23
2026-06-24 06:13,4078.69995,4080.0,4078.69995,4079.5,48
2026-06-24 06:14,4078.19995,4079.30005,4078.0,4078.69995,56
2026-06-24 06:15,4076.5,4078.30005,4075.80005,4078.30005,80
2026-06-24 06:16,4073.5,4076.5,4073.0,4076.3999,131
2026-06-24 06:17,4073.80005,4074.8999,4072.1001,4073.30005,148
2026-06-24 06:18,4077.1001,4077.6001,4074.1001,4074.1001,58
2026-06-24 06:19,4076.0,4076.69995,4074.8999,4076.69995,69
2026-06-24 06:20,4076.0,4077.5,4075.80005,4075.8999,37
2026-06-24 06:21,4076.30005,4077.5,4075.6001,4076.19995,28
2026-06-24 06:22,4075.5,4076.80005,4074.69995,4076.0,31
2026-06-24 06:23,4073.69995,4076.5,4073.5,4075.19995,43
2026-06-24 06:24,4074.69995,4075.3999,4072.80005,4073.19995,49
2026-06-24 06:25,4075.5,4075.5,4074.0,4074.3999,45
2026-06-24 06:26,4076.30005,4076.30005,4075.0,4075.3999,26
2026-06-24 06:27,4075.1001,4076.5,4074.69995,4076.1001,16
2026-06-24 06:28,4075.1001,4076.5,4074.80005,4075.69995,39
2026-06-24 06:29,4077.1001,4077.30005,4075.3999,4075.5,29
2026-06-24 06:30,4079.0,4079.30005,4077.6001,4077.80005,89
2026-06-24 06:31,4079.6001,4079.6001,4077.8999,4079.0,72
2026-06-24 06:32,4079.3999,4080.0,4078.3999,4079.5,80
2026-06-24 06:33,4079.5,4080.0,4078.8999,4079.5,50
2026-06-24 06:34,4078.5,4080.1001,4078.5,4079.1001,22
2026-06-24 06:35,4078.1001,4078.69995,4077.0,4078.19995,43
2026-06-24 06:36,4076.3999,4077.80005,4075.80005,4077.80005,72
2026-06-24 06:37,4075.69995,4076.3999,4074.3999,4075.80005,57
2026-06-24 06:38,4074.0,4075.8999,4074.0,4075.3999,60
2026-06-24 06:39,4075.0,4076.0,4073.5,4073.8999,72
2026-06-24 06:40,4078.1001,4078.6001,4074.5,4074.80005,54
2026-06-24 06:41,4080.3999,4080.3999,4077.80005,4078.5,41
2026-06-24 06:42,4081.0,4081.19995,4079.3999,4080.0,71
2026-06-24 06:43,4083.3999,4083.69995,4080.3999,4081.0,61
2026-06-24 06:44,4081.69995,4083.6001,4081.5,4083.3999,72
2026-06-24 06:45,4082.5,4082.5,4081.30005,4081.6001,24
2026-06-24 06:46,4081.19995,4082.3999,4080.80005,4082.30005,53
2026-06-24 06:47,4079.0,4081.6001,4078.69995,4081.19995,27
2026-06-24 06:48,4080.19995,4080.5,4079.19995,4079.69995,42
2026-06-24 06:49,4080.0,4080.30005,4079.6001,4079.6001,6
2026-06-24 06:50,4079.5,4080.19995,4079.19995,4079.8999,44
2026-06-24 06:51,4076.6001,4079.0,4076.6001,4078.69995,31
2026-06-24 06:52,4077.6001,4077.69995,4076.3999,4076.80005,65
2026-06-24 06:53,4074.30005,4077.3999,4073.6001,4077.3999,103
2026-06-24 06:54,4075.1001,4075.30005,4074.3999,4074.3999,9
2026-06-24 06:55,4072.8999,4075.0,4072.6001,4074.8999,43
2026-06-24 06:56,4073.1001,4073.1001,4071.8999,4073.0,49
2026-06-24 06:57,4074.1001,4074.69995,4073.30005,4073.30005,41
2026-06-24 06:58,4071.8999,4074.6001,4071.8999,4074.0,31
2026-06-24 06:59,4072.30005,4073.1001,4071.0,4071.6001,37
2026-06-24 07:00,4073.1001,4073.6001,4071.6001,4072.1001,39
2026-06-24 07:01,4074.5,4075.6001,4073.5,4073.5,41
2026-06-24 07:02,4073.3999,4075.1001,4073.3999,4074.8999,22
2026-06-24 07:03,4072.1001,4073.19995,4071.69995,4073.19995,42
2026-06-24 07:04,4069.0,4072.69995,4067.3999,4072.0,270
2026-06-24 07:05,4068.30005,4069.6001,4068.19995,4068.3999,60
2026-06-24 07:06,4068.1001,4069.0,4064.6001,4068.0,592
2026-06-24 07:07,4069.0,4069.0,4066.80005,4067.6001,87
2026-06-24 07:08,4069.19995,4070.30005,4068.1001,4068.6001,64
2026-06-24 07:09,4066.0,4069.5,4065.8999,4068.3999,91
2026-06-24 07:10,4066.8999,4067.69995,4065.30005,4065.69995,72
2026-06-24 07:11,4069.3999,4070.5,4067.30005,4067.30005,91
2026-06-24 07:12,4068.6001,4069.69995,4068.0,4069.19995,36
2026-06-24 07:13,4064.3999,4068.8999,4063.69995,4068.6001,189
2026-06-24 07:14,4062.69995,4064.8999,4061.30005,4064.6001,180
2026-06-24 07:15,4057.6001,4063.5,4056.6001,4062.3999,614
2026-06-24 07:16,4056.30005,4058.6001,4054.1001,4057.5,228
2026-06-24 07:17,4057.19995,4058.19995,4053.8999,4056.1001,175
2026-06-24 07:18,4056.80005,4058.30005,4055.69995,4057.19995,204
2026-06-24 07:19,4058.30005,4059.5,4056.8999,4056.8999,178
2026-06-24 07:20,4058.3999,4059.80005,4056.5,4058.3999,87
2026-06-24 07:21,4060.30005,4060.69995,4058.0,4058.80005,135
2026-06-24 07:22,4059.30005,4061.8999,4058.3999,4060.6001,135
2026-06-24 07:23,4058.69995,4060.3999,4058.5,4059.0,63
2026-06-24 07:24,4063.1001,4063.1001,4058.80005,4058.80005,191
2026-06-24 07:25,4057.5,4063.3999,4056.1001,4063.1001,225
2026-06-24 07:26,4056.19995,4057.5,4055.30005,4057.5,113
2026-06-24 07:27,4061.0,4061.3999,4055.8999,4055.8999,124
2026-06-24 07:28,4061.8999,4061.8999,4059.19995,4061.1001,48
2026-06-24 07:29,4060.6001,4062.0,4059.6001,4061.8999,42
2026-06-24 07:30,4062.69995,4063.1001,4060.3999,4060.3999,134
2026-06-24 07:31,4064.5,4064.6001,4062.0,4062.80005,71
2026-06-24 07:32,4063.1001,4064.6001,4062.1001,4064.6001,88
2026-06-24 07:33,4063.30005,4063.80005,4062.3999,4063.30005,65
2026-06-24 07:34,4060.5,4062.8999,4060.0,4062.8999,134
2026-06-24 07:35,4062.19995,4062.30005,4059.8999,4060.3999,61
2026-06-24 07:36,4061.69995,4063.1001,4060.6001,4062.19995,73
2026-06-24 07:37,4064.6001,4065.6001,4060.80005,4060.8999,171
2026-06-24 07:38,4067.5,4068.0,4064.5,4065.0,116
2026-06-24 07:39,4066.3999,4067.69995,4066.0,4066.8999,123
2026-06-24 07:40,4064.3999,4068.1001,4064.1001,4066.3999,94
2026-06-24 07:41,4063.80005,4065.19995,4063.69995,4064.69995,37
2026-06-24 07:42,4065.80005,4067.0,4064.3999,4064.3999,40
2026-06-24 07:43,4064.6001,4066.69995,4064.5,4066.19995,49
2026-06-24 07:44,4062.3999,4064.6001,4062.1001,4064.6001,106
2026-06-24 07:45,4060.0,4062.69995,4059.19995,4062.19995,142
2026-06-24 07:46,4059.80005,4060.5,4058.3999,4059.6001,136
2026-06-24 07:47,4057.3999,4060.6001,4057.0,4059.80005,103
2026-06-24 07:48,4058.80005,4060.5,4055.30005,4057.0,162
2026-06-24 07:49,4061.5,4062.0,4057.6001,4057.69995,126
2026-06-24 07:50,4064.0,4064.0,4060.8999,4061.1001,132
2026-06-24 07:51,4066.19995,4067.0,4063.5,4063.80005,95
2026-06-24 07:52,4071.19995,4072.80005,4066.6001,4066.6001,260
2026-06-24 07:53,4070.6001,4071.6001,4069.69995,4071.6001,165
2026-06-24 07:54,4070.8999,4071.8999,4069.6001,4070.3999,102
2026-06-24 07:55,4067.80005,4070.80005,4066.5,4070.80005,191
2026-06-24 07:56,4067.19995,4068.3999,4066.19995,4067.80005,95
2026-06-24 07:57,4065.80005,4068.30005,4065.80005,4067.30005,78
2026-06-24 07:58,4064.6001,4065.80005,4063.0,4065.6001,77
2026-06-24 07:59,4063.19995,4065.0,4061.8999,4064.1001,74
2026-06-24 08:00,4062.69995,4064.30005,4061.1001,4063.3999,125
2026-06-24 08:01,4063.5,4064.30005,4058.69995,4062.5,185
2026-06-24 08:02,4063.3999,4065.19995,4063.30005,4063.5,60
2026-06-24 08:03,4062.8999,4064.0,4061.6001,4063.6001,44
2026-06-24 08:04,4060.80005,4064.0,4060.80005,4063.19995,51
2026-06-24 08:05,4059.3999,4062.19995,4058.80005,4061.3999,104
2026-06-24 08:06,4056.19995,4060.0,4055.30005,4060.0,181
2026-06-24 08:07,4053.3999,4058.0,4052.69995,4056.30005,218
2026-06-24 08:08,4054.5,4057.30005,4051.30005,4053.1001,313
2026-06-24 08:09,4057.19995,4057.19995,4053.80005,4054.8999,149
2026-06-24 08:10,4056.0,4060.30005,4054.1001,4057.1001,267
2026-06-24 08:11,4058.6001,4060.69995,4056.0,4056.3999,268
2026-06-24 08:12,4056.6001,4059.80005,4056.3999,4058.5,242
2026-06-24 08:13,4055.3999,4057.19995,4054.8999,4056.5,69
2026-06-24 08:14,4054.30005,4057.69995,4054.30005,4055.6001,156
2026-06-24 08:15,4053.0,4056.5,4052.80005,4054.1001,151
2026-06-24 08:16,4052.1001,4053.6001,4051.1001,4053.1001,324
2026-06-24 08:17,4055.5,4056.19995,4052.5,4052.5,152
2026-06-24 08:18,4056.6001,4058.30005,4055.3999,4055.3999,99
2026-06-24 08:19,4057.5,4058.0,4054.69995,4056.6001,73
2026-06-24 08:20,4053.0,4057.6001,4052.69995,4057.1001,185
2026-06-24 08:21,4054.1001,4055.6001,4051.69995,4052.8999,248
2026-06-24 08:22,4053.1001,4055.1001,4051.0,4054.3999,164
2026-06-24 08:23,4052.5,4053.3999,4050.3999,4053.19995,154
2026-06-24 08:24,4049.0,4053.0,4048.69995,4052.5,422
2026-06-24 08:25,4025.3999,4049.3999,4024.19995,4049.19995,3600
2026-06-24 08:26,4032.0,4032.1001,4022.6001,4025.5,772
2026-06-24 08:27,4032.80005,4035.80005,4031.8999,4032.0,492
2026-06-24 08:28,4037.0,4037.1001,4029.0,4032.19995,498
2026-06-24 08:29,4031.80005,4037.0,4030.30005,4037.0,273
2026-06-24 08:30,4028.30005,4033.5,4027.30005,4032.0,400
2026-06-24 08:31,4028.30005,4031.30005,4027.0,4028.6001,620
2026-06-24 08:32,4032.1001,4032.8999,4025.19995,4028.30005,438
2026-06-24 08:33,4035.0,4037.30005,4032.0,4032.30005,477
2026-06-24 08:34,4035.0,4035.80005,4031.8999,4034.80005,193
2026-06-24 08:35,4028.6001,4035.19995,4028.0,4035.19995,343
2026-06-24 08:36,4028.6001,4034.19995,4027.3999,4028.69995,569
2026-06-24 08:37,4027.8999,4029.80005,4027.3999,4028.80005,217
2026-06-24 08:38,4027.0,4028.3999,4025.8999,4027.8999,162
2026-06-24 08:39,4027.8999,4027.8999,4023.0,4027.19995,367
2026-06-24 08:40,4027.80005,4029.69995,4026.0,4027.69995,252
2026-06-24 08:41,4023.6001,4029.19995,4023.3999,4028.19995,421
2026-06-24 08:42,4024.8999,4026.0,4024.0,4024.0,324
2026-06-24 08:43,4028.6001,4029.6001,4024.3999,4024.8999,421
2026-06-24 08:44,4029.5,4031.30005,4028.6001,4028.6001,341
2026-06-24 08:45,4029.3999,4033.80005,4027.8999,4029.3999,369
2026-06-24 08:46,4028.1001,4030.0,4024.5,4029.3999,231
2026-06-24 08:47,4025.8999,4027.80005,4024.8999,4027.80005,168
2026-06-24 08:48,4027.0,4028.1001,4024.6001,4026.19995,250
2026-06-24 08:49,4020.19995,4026.69995,4018.80005,4026.69995,743
2026-06-24 08:50,4018.1001,4022.69995,4017.69995,4020.19995,351
2026-06-24 08:51,4016.0,4020.0,4015.6001,4018.6001,546
2026-06-24 08:52,4018.1001,4019.69995,4015.3999,4016.19995,491
2026-06-24 08:53,4023.19995,4024.19995,4018.0,4018.5,647
2026-06-24 08:54,4020.0,4023.1001,4019.1001,4023.1001,246
2026-06-24 08:55,4016.19995,4020.1001,4016.19995,4019.8999,318
2026-06-24 08:56,4012.19995,4016.80005,4012.1001,4016.0,503
2026-06-24 08:57,4014.3999,4017.5,4012.6001,4012.6001,392
2026-06-24 08:58,4009.80005,4014.69995,4008.3999,4014.19995,785
2026-06-24 08:59,4004.0,4009.69995,4003.30005,4009.69995,936
2026-06-24 09:00,3996.5,4005.69995,3995.0,4004.1001,2420
2026-06-24 09:01,3988.5,3999.30005,3987.30005,3996.8999,2532
2026-06-24 09:02,3994.80005,3996.1001,3987.8999,3989.19995,1057
2026-06-24 09:03,4009.80005,4011.1001,3994.0,3995.0,1487
2026-06-24 09:04,3995.8999,4009.8999,3995.0,4009.80005,1082
2026-06-24 09:05,3999.69995,4002.69995,3993.80005,3995.8999,721
2026-06-24 09:06,3997.3999,4001.0,3993.1001,4000.19995,591
2026-06-24 09:07,3991.69995,3998.0,3989.19995,3997.0,490
2026-06-24 09:08,3990.69995,3995.80005,3987.3999,3991.69995,731
2026-06-24 09:09,3991.80005,3993.8999,3989.30005,3991.0,355
2026-06-24 09:10,3991.69995,3994.6001,3989.8999,3992.8999,279
2026-06-24 09:11,3984.3999,3992.19995,3982.69995,3991.5,900
2026-06-24 09:12,3987.30005,3987.8999,3983.19995,3984.69995,555
2026-06-24 09:13,3989.30005,3990.6001,3982.3999,3987.5,568
2026-06-24 09:14,3987.69995,3991.5,3986.8999,3989.0,316
2026-06-24 09:15,3984.69995,3991.30005,3983.0,3987.19995,519
2026-06-24 09:16,3985.8999,3986.3999,3980.8999,3985.1001,377
2026-06-24 09:17,3990.1001,3990.1001,3982.69995,3986.3999,539
2026-06-24 09:18,3990.1001,3990.8999,3985.5,3989.69995,365
2026-06-24 09:19,3992.6001,3993.30005,3988.6001,3990.0,235
2026-06-24 09:20,3984.30005,3992.19995,3982.5,3992.19995,530
2026-06-24 09:21,3982.80005,3986.5,3980.30005,3983.80005,300
2026-06-24 09:22,3983.30005,3985.0,3980.30005,3983.19995,327
2026-06-24 09:23,3980.69995,3986.8999,3980.69995,3983.5,318
2026-06-24 09:24,3989.80005,3990.3999,3980.69995,3980.80005,365
2026-06-24 09:25,3991.1001,3992.3999,3988.80005,3990.19995,634
2026-06-24 09:26,3991.80005,3992.19995,3985.8999,3991.1001,307
2026-06-24 09:27,3988.1001,3992.8999,3987.5,3992.0,742
2026-06-24 09:28,3987.3999,3990.6001,3987.30005,3988.69995,209
2026-06-24 09:29,3991.3999,3992.19995,3987.5,3987.5,187
2026-06-24 09:30,3996.0,3998.0,3990.0,3991.30005,1153
2026-06-24 09:31,4003.1001,4004.0,3995.1001,3995.5,596
2026-06-24 09:32,4006.8999,4009.5,4002.3999,4003.19995,931
2026-06-24 09:33,4008.19995,4012.30005,4006.8999,4007.0,748
2026-06-24 09:34,4002.6001,4009.0,4000.5,4008.5,432
2026-06-24 09:35,4010.0,4010.30005,4001.69995,4002.80005,880
2026-06-24 09:36,4009.5,4012.5,4008.30005,4009.8999,564
2026-06-24 09:37,4012.8999,4013.5,4008.0,4009.6001,471
2026-06-24 09:38,4015.0,4015.69995,4011.69995,4012.19995,1002
2026-06-24 09:39,4022.1001,4023.80005,4014.80005,4015.3999,817
2026-06-24 09:40,4020.6001,4022.30005,4017.30005,4022.1001,820
2026-06-24 09:41,4025.0,4025.80005,4020.0,4020.69995,523
2026-06-24 09:42,4026.6001,4035.19995,4024.6001,4024.69995,1316
2026-06-24 09:43,4026.8999,4029.0,4025.0,4026.5,487
2026-06-24 09:44,4032.1001,4032.69995,4025.3999,4026.69995,290
2026-06-24 09:45,4030.8999,4036.6001,4030.0,4032.3999,657
2026-06-24 09:46,4028.80005,4031.1001,4026.0,4030.80005,361
2026-06-24 09:47,4032.6001,4034.19995,4027.0,4029.1001,389
2026-06-24 09:48,4034.1001,4036.1001,4032.19995,4032.5,375
2026-06-24 09:49,4036.6001,4037.5,4030.69995,4033.69995,367
2026-06-24 09:50,4039.6001,4043.0,4035.5,4036.30005,729
2026-06-24 09:51,4048.0,4050.80005,4038.69995,4039.30005,1397
2026-06-24 09:52,4046.1001,4050.1001,4044.30005,4048.19995,911
2026-06-24 09:53,4045.5,4047.19995,4042.0,4046.5,354
2026-06-24 09:54,4045.80005,4051.0,4045.1001,4045.69995,450
2026-06-24 09:55,4041.1001,4047.69995,4039.8999,4046.1001,453
2026-06-24 09:56,4048.6001,4049.19995,4041.5,4041.5,515
2026-06-24 09:57,4051.5,4059.0,4048.6001,4048.80005,1251
2026-06-24 09:58,4053.69995,4054.3999,4048.5,4051.19995,327
2026-06-24 09:59,4054.8999,4055.19995,4051.5,4054.1001,299
2026-06-24 10:00,4049.8999,4058.19995,4047.19995,4054.8999,980
2026-06-24 10:01,4048.3999,4051.3999,4047.5,4050.30005,345
2026-06-24 10:02,4045.6001,4049.3999,4044.1001,4048.8999,477
2026-06-24 10:03,4041.5,4049.19995,4040.5,4045.8999,1191
2026-06-24 10:04,4041.69995,4042.19995,4038.6001,4041.6001,455
2026-06-24 10:05,4041.3999,4043.8999,4038.5,4041.30005,618
2026-06-24 10:06,4044.6001,4046.1001,4040.5,4040.8999,349
2026-06-24 10:07,4042.8999,4047.1001,4041.69995,4044.6001,273
2026-06-24 10:08,4046.3999,4047.80005,4042.6001,4043.30005,280
2026-06-24 10:09,4045.5,4048.1001,4044.19995,4046.3999,255
2026-06-24 10:10,4047.69995,4048.5,4044.3999,4045.69995,284
2026-06-24 10:11,4040.69995,4049.19995,4038.69995,4047.8999,389
2026-06-24 10:12,4041.8999,4044.19995,4037.8999,4040.6001,420
2026-06-24 10:13,4039.1001,4042.1001,4036.30005,4042.1001,307
2026-06-24 10:14,4036.8999,4039.6001,4036.0,4039.1001,239
2026-06-24 10:15,4033.5,4038.19995,4033.5,4037.19995,424
2026-06-24 10:16,4035.6001,4037.69995,4031.8999,4033.6001,363
2026-06-24 10:17,4034.6001,4036.30005,4032.8999,4036.30005,177
2026-06-24 10:18,4034.0,4036.0,4032.6001,4035.0,226
2026-06-24 10:19,4035.6001,4036.6001,4032.69995,4034.1001,226
2026-06-24 10:20,4034.0,4035.6001,4031.3999,4035.6001,216
2026-06-24 10:21,4036.5,4037.0,4031.6001,4034.3999,293
2026-06-24 10:22,4040.19995,4041.69995,4036.30005,4036.3999,374
2026-06-24 10:23,4038.6001,4041.8999,4036.80005,4040.1001,147
2026-06-24 10:24,4041.30005,4042.5,4038.0,4038.1001,189
2026-06-24 10:25,4042.69995,4043.8999,4040.6001,4041.1001,199
2026-06-24 10:26,4044.0,4045.5,4042.69995,4043.19995,135
2026-06-24 10:27,4043.8999,4044.8999,4041.30005,4043.8999,163
2026-06-24 10:28,4042.3999,4045.5,4042.0,4043.69995,225
2026-06-24 10:29,4041.1001,4042.3999,4038.0,4042.3999,109
2026-06-24 10:30,4044.80005,4047.0,4040.8999,4041.1001,292
2026-06-24 10:31,4044.1001,4046.0,4043.0,4045.1001,168
2026-06-24 10:32,4045.19995,4046.0,4043.5,4043.69995,113
2026-06-24 10:33,4044.69995,4048.0,4044.19995,4045.1001,370
2026-06-24 10:34,4048.1001,4052.19995,4045.1001,4045.1001,365
2026-06-24 10:35,4047.6001,4049.6001,4047.30005,4048.30005,107
2026-06-24 10:36,4044.30005,4047.3999,4043.0,4047.3999,382
2026-06-24 10:37,4044.69995,4045.30005,4043.1001,4044.30005,72
2026-06-24 10:38,4039.5,4045.0,4039.1001,4044.69995,260
2026-06-24 10:39,4037.0,4039.80005,4035.8999,4039.3999,235
2026-06-24 10:40,4037.1001,4039.0,4036.0,4037.1001,108
2026-06-24 10:41,4033.80005,4038.1001,4033.80005,4036.6001,86
2026-06-24 10:42,4032.69995,4035.0,4031.8999,4034.5,167
2026-06-24 10:43,4029.3999,4033.5,4028.19995,4032.8999,533
2026-06-24 10:44,4033.19995,4033.19995,4029.3999,4029.80005,181
2026-06-24 10:45,4028.6001,4033.0,4028.6001,4032.69995,212
2026-06-24 10:46,4028.5,4030.19995,4027.0,4028.6001,215
2026-06-24 10:47,4032.0,4033.0,4028.80005,4029.6001,258
2026-06-24 10:48,4029.19995,4032.80005,4028.69995,4031.8999,182
2026-06-24 10:49,4028.3999,4031.1001,4026.6001,4029.5,193
2026-06-24 10:50,4027.0,4030.0,4026.69995,4028.3999,113
2026-06-24 10:51,4026.30005,4028.1001,4025.30005,4026.8999,164
2026-06-24 10:52,4025.0,4026.5,4023.3999,4026.5,185
2026-06-24 10:53,4024.8999,4025.6001,4023.6001,4025.19995,102
2026-06-24 10:54,4022.8999,4025.0,4022.5,4025.0,72
2026-06-24 10:55,4020.6001,4023.80005,4020.19995,4023.6001,196
2026-06-24 10:56,4021.19995,4022.19995,4020.0,4020.6001,210
2026-06-24 10:57,4025.3999,4025.69995,4021.19995,4021.19995,145
2026-06-24 10:58,4022.8999,4024.3999,4022.1001,4024.3999,116
2026-06-24 10:59,4025.0,4025.5,4022.80005,4022.8999,205
2026-06-24 11:00,4023.0,4027.69995,4022.30005,4025.3999,227
2026-06-24 11:01,4025.30005,4025.8999,4022.3999,4022.80005,99
2026-06-24 11:02,4022.0,4026.1001,4021.1001,4025.0,142
2026-06-24 11:03,4022.19995,4023.8999,4021.30005,4022.19995,51
2026-06-24 11:04,4021.1001,4022.30005,4017.5,4022.30005,212
2026-06-24 11:05,4020.30005,4021.3999,4019.1001,4021.30005,90
2026-06-24 11:06,4016.0,4020.3999,4014.30005,4020.19995,308
2026-06-24 11:07,4017.30005,4018.80005,4015.80005,4016.0,281
2026-06-24 11:08,4017.0,4017.30005,4016.1001,4017.0,63
2026-06-24 11:09,4017.19995,4018.0,4014.30005,4016.30005,118
2026-06-24 11:10,4018.0,4018.19995,4015.30005,4016.69995,107
2026-06-24 11:11,4017.5,4020.6001,4016.30005,4018.0,191
2026-06-24 11:12,4017.6001,4018.69995,4016.80005,4017.5,141
2026-06-24 11:13,4018.5,4018.80005,4016.19995,4017.80005,110
2026-06-24 11:14,4019.19995,4021.3999,4017.8999,4018.6001,291
2026-06-24 11:15,4017.30005,4019.19995,4016.6001,4018.80005,75
2026-06-24 11:16,4021.6001,4023.0,4017.80005,4017.8999,299
2026-06-24 11:17,4021.30005,4022.0,4020.0,4021.6001,149
2026-06-24 11:18,4024.8999,4025.30005,4020.19995,4020.80005,235
2026-06-24 11:19,4028.19995,4028.80005,4024.19995,4025.0,298
2026-06-24 11:20,4030.8999,4031.80005,4028.30005,4028.30005,271
2026-06-24 11:21,4029.0,4031.8999,4029.0,4030.80005,163
2026-06-24 11:22,4029.80005,4031.80005,4028.5,4029.1001,90
2026-06-24 11:23,4029.0,4030.3999,4027.8999,4029.8999,74
2026-06-24 11:24,4026.19995,4029.1001,4024.8999,4029.0,108
2026-06-24 11:25,4021.19995,4025.80005,4020.80005,4025.80005,179
2026-06-24 11:26,4025.30005,4025.8999,4021.30005,4021.5,204
2026-06-24 11:27,4028.6001,4031.19995,4024.5,4024.80005,271
2026-06-24 11:28,4028.80005,4029.80005,4026.8999,4028.0,190
2026-06-24 11:29,4031.8999,4032.0,4028.80005,4028.80005,81
2026-06-24 11:30,4029.19995,4032.69995,4028.6001,4031.69995,81
2026-06-24 11:31,4025.80005,4029.80005,4025.80005,4029.30005,79
2026-06-24 11:32,4026.8999,4027.19995,4025.8999,4026.30005,52
2026-06-24 11:33,4023.3999,4027.1001,4023.19995,4027.1001,92
2026-06-24 11:34,4025.8999,4027.19995,4023.5,4023.5,118
2026-06-24 11:35,4025.6001,4026.1001,4024.69995,4025.69995,79
2026-06-24 11:36,4025.30005,4027.1001,4024.80005,4025.1001,144
2026-06-24 11:37,4026.19995,4026.3999,4024.1001,4025.1001,77
2026-06-24 11:38,4026.0,4026.80005,4025.3999,4026.80005,33
2026-06-24 11:39,4023.80005,4025.80005,4023.19995,4025.6001,41
2026-06-24 11:40,4021.8999,4024.1001,4021.8999,4023.80005,121
2026-06-24 11:41,4020.80005,4023.30005,4020.30005,4021.69995,142
2026-06-24 11:42,4019.3999,4021.6001,4019.1001,4020.6001,128
2026-06-24 11:43,4019.30005,4021.3999,4018.1001,4019.19995,84
2026-06-24 11:44,4023.0,4023.69995,4019.80005,4019.80005,84
2026-06-24 11:45,4025.80005,4025.80005,4021.1001,4023.19995,108
2026-06-24 11:46,4024.30005,4025.8999,4023.0,4025.5,83
2026-06-24 11:47,4025.80005,4026.0,4022.3999,4023.8999,139
2026-06-24 11:48,4031.6001,4032.0,4025.3999,4025.80005,257
2026-06-24 11:49,4030.1001,4031.6001,4028.5,4031.6001,239
2026-06-24 11:50,4030.69995,4033.8999,4029.5,4030.0,222
2026-06-24 11:51,4031.6001,4033.1001,4029.80005,4030.30005,208
2026-06-24 11:52,4028.80005,4031.69995,4027.80005,4031.1001,86
2026-06-24 11:53,4024.5,4029.30005,4024.5,4028.6001,88
2026-06-24 11:54,4022.5,4024.5,4020.19995,4024.3999,253
2026-06-24 11:55,4022.5,4022.8999,4020.19995,4022.0,76
2026-06-24 11:56,4020.80005,4022.5,4019.5,4022.5,96
2026-06-24 11:57,4020.30005,4021.19995,4019.6001,4020.80005,53
2026-06-24 11:58,4017.69995,4020.5,4017.5,4020.1001,66
2026-06-24 11:59,4019.5,4019.80005,4017.0,4017.6001,149
2026-06-24 12:00,4018.19995,4020.3999,4017.80005,4019.3999,239
2026-06-24 12:01,4017.0,4018.8999,4017.0,4018.1001,141
2026-06-24 12:02,4020.6001,4020.8999,4016.69995,4017.0,218
2026-06-24 12:03,4020.6001,4022.69995,4018.80005,4020.80005,269
2026-06-24 12:04,4019.19995,4022.0,4019.0,4020.6001,149
2026-06-24 12:05,4021.30005,4021.3999,4019.30005,4019.30005,109
2026-06-24 12:06,4019.19995,4023.69995,4018.80005,4021.3999,320
2026-06-24 12:07,4018.6001,4020.3999,4018.0,4019.0,123
2026-06-24 12:08,4015.0,4018.5,4014.19995,4018.3999,269
2026-06-24 12:09,4017.5,4017.5,4012.6001,4014.8999,303
2026-06-24 12:10,4020.19995,4020.19995,4016.5,4017.3999,123
2026-06-24 12:11,4019.6001,4021.5,4019.0,4020.30005,103
2026-06-24 12:12,4021.19995,4021.19995,4018.69995,4019.3999,73
2026-06-24 12:13,4019.5,4021.1001,4018.1001,4021.1001,102
2026-06-24 12:14,4019.8999,4021.0,4019.3999,4019.3999,32
2026-06-24 12:15,4022.0,4022.3999,4019.0,4019.8999,96
2026-06-24 12:16,4021.5,4022.6001,4020.8999,4021.8999,82
2026-06-24 12:17,4020.1001,4023.30005,4019.6001,4022.30005,152
2026-06-24 12:18,4020.30005,4022.19995,4018.5,4020.3999,142
2026-06-24 12:19,4020.0,4021.3999,4018.69995,4020.5,70
2026-06-24 12:20,4020.5,4021.3999,4019.6001,4019.80005,50
2026-06-24 12:21,4026.0,4026.0,4020.80005,4021.30005,539
2026-06-24 12:22,4026.69995,4027.5,4024.6001,4026.19995,138
2026-06-24 12:23,4028.5,4030.30005,4026.3999,4026.6001,254
2026-06-24 12:24,4028.0,4029.30005,4026.30005,4028.8999,131
2026-06-24 12:25,4029.3999,4029.80005,4027.30005,4028.3999,42
2026-06-24 12:26,4031.3999,4032.30005,4027.8999,4027.8999,190
2026-06-24 12:27,4030.8999,4031.69995,4030.3999,4031.5,53
2026-06-24 12:28,4032.6001,4033.0,4030.1001,4031.0,101
2026-06-24 12:29,4033.69995,4034.30005,4032.30005,4032.3999,87
2026-06-24 12:30,4033.19995,4033.5,4031.30005,4033.0,119
2026-06-24 12:31,4035.6001,4036.19995,4033.5,4033.6001,283
2026-06-24 12:32,4034.1001,4036.80005,4033.5,4035.3999,155
2026-06-24 12:33,4033.19995,4036.1001,4032.3999,4033.8999,172
2026-06-24 12:34,4032.0,4033.3999,4030.1001,4033.3999,196
2026-06-24 12:35,4036.8999,4037.6001,4032.0,4032.0,395
2026-06-24 12:36,4035.30005,4038.3999,4034.5,4036.3999,244
2026-06-24 12:37,4039.0,4039.69995,4035.19995,4035.5,559
2026-06-24 12:38,4038.69995,4039.69995,4037.80005,4038.80005,100
2026-06-24 12:39,4035.0,4039.30005,4035.0,4038.69995,183
2026-06-24 12:40,4035.80005,4037.19995,4034.69995,4035.0,162
2026-06-24 12:41,4033.0,4036.1001,4030.5,4035.80005,289
2026-06-24 12:42,4030.69995,4033.3999,4028.80005,4033.30005,144
2026-06-24 12:43,4027.1001,4031.6001,4026.8999,4031.19995,113
2026-06-24 12:44,4029.1001,4029.19995,4026.3999,4026.8999,116
2026-06-24 12:45,4028.0,4029.19995,4027.5,4028.8999,53
2026-06-24 12:46,4026.3999,4028.19995,4026.3999,4028.1001,83
2026-06-24 12:47,4027.0,4028.5,4026.5,4026.80005,67
2026-06-24 12:48,4026.0,4026.80005,4025.1001,4026.5,108
2026-06-24 12:49,4024.80005,4026.5,4024.5,4026.0,88
2026-06-24 12:50,4028.1001,4028.19995,4024.30005,4024.3999,58
2026-06-24 12:51,4025.80005,4027.8999,4025.80005,4027.8999,58
2026-06-24 12:52,4026.1001,4026.80005,4025.0,4025.6001,31
2026-06-24 12:53,4026.1001,4027.5,4025.8999,4026.30005,28
2026-06-24 12:54,4024.6001,4027.0,4024.6001,4026.1001,62
2026-06-24 12:55,4025.1001,4026.1001,4023.5,4024.6001,54
2026-06-24 12:56,4025.5,4026.19995,4024.69995,4025.3999,31
2026-06-24 12:57,4024.8999,4026.0,4024.8999,4025.5,25
2026-06-24 12:58,4024.1001,4025.3999,4023.80005,4024.80005,61
2026-06-24 12:59,4023.3999,4024.80005,4023.19995,4024.0,68
2026-06-24 13:00,4025.1001,4025.19995,4022.69995,4023.69995,75
2026-06-24 13:01,4026.3999,4026.69995,4025.19995,4025.19995,42
2026-06-24 13:02,4027.69995,4028.19995,4023.3999,4026.80005,238
2026-06-24 13:03,4027.5,4028.6001,4026.80005,4027.69995,59
2026-06-24 13:04,4026.6001,4027.3999,4026.19995,4027.3999,34
2026-06-24 13:05,4026.19995,4027.69995,4024.80005,4026.80005,135
2026-06-24 13:06,4025.0,4026.19995,4024.8999,4026.1001,55
2026-06-24 13:07,4023.0,4025.1001,4021.19995,4025.1001,140
2026-06-24 13:08,4023.80005,4023.80005,4021.8999,4023.30005,35
2026-06-24 13:09,4023.5,4024.30005,4023.1001,4023.6001,37
2026-06-24 13:10,4025.5,4026.1001,4022.5,4024.8999,172
2026-06-24 13:11,4026.1001,4026.80005,4025.19995,4025.69995,60
2026-06-24 13:12,4025.1001,4026.30005,4024.6001,4025.0,34
2026-06-24 13:13,4024.6001,4025.5,4024.0,4025.1001,44
2026-06-24 13:14,4023.0,4025.0,4022.80005,4024.19995,71
2026-06-24 13:15,4022.30005,4024.3999,4022.30005,4023.0,80
2026-06-24 13:16,4020.30005,4022.19995,4019.8999,4022.19995,190
2026-06-24 13:17,4020.69995,4021.69995,4020.3999,4020.69995,130
2026-06-24 13:18,4018.19995,4021.1001,4017.80005,4021.1001,136
2026-06-24 13:19,4017.6001,4018.6001,4016.8999,4018.30005,265
2026-06-24 13:20,4014.30005,4018.30005,4014.0,4017.19995,287
2026-06-24 13:21,4015.6001,4016.0,4014.1001,4014.6001,212
2026-06-24 13:22,4011.8999,4016.0,4010.6001,4014.80005,476
2026-06-24 13:23,4011.5,4013.69995,4011.1001,4011.8999,150
2026-06-24 13:24,4010.1001,4014.5,4009.8999,4012.0,236
2026-06-24 13:25,4009.3999,4010.69995,4006.80005,4009.8999,372
2026-06-24 13:26,4007.69995,4010.5,4007.0,4010.30005,294
2026-06-24 13:27,4008.1001,4010.0,4007.5,4008.3999,133
2026-06-24 13:28,4009.30005,4013.5,4007.6001,4007.6001,441
2026-06-24 13:29,4007.3999,4011.8999,4006.8999,4009.0,1354
2026-06-24 13:30,4005.19995,4008.19995,4003.8999,4007.80005,520
2026-06-24 13:31,4005.1001,4006.0,4003.30005,4005.0,193
2026-06-24 13:32,4003.19995,4005.69995,4000.8999,4004.69995,259
2026-06-24 13:33,4001.80005,4005.0,4000.3999,4003.1001,413
2026-06-24 13:34,4003.1001,4004.5,4001.0,4002.19995,197
2026-06-24 13:35,4003.1001,4005.0,4002.5,4003.3999,240
2026-06-24 13:36,4000.69995,4004.0,4000.0,4002.8999,258
2026-06-24 13:37,4000.0,4001.6001,4000.0,4001.0,214
2026-06-24 13:38,4001.80005,4002.19995,4000.0,4000.8999,250
2026-06-24 13:39,4003.0,4004.0,4000.0,4001.5,249
2026-06-24 13:40,4000.19995,4003.30005,4000.19995,4002.69995,245
2026-06-24 13:41,4003.30005,4003.69995,4000.6001,4000.6001,81
2026-06-24 13:42,4002.30005,4003.30005,4001.6001,4003.19995,53
2026-06-24 13:43,4001.5,4003.0,4000.6001,4002.69995,71
2026-06-24 13:44,4001.3999,4001.69995,4000.0,4001.69995,122
2026-06-24 13:45,4000.0,4002.30005,4000.0,4001.19995,235
2026-06-24 13:46,4002.6001,4003.1001,3998.6001,4000.19995,277
2026-06-24 13:47,4001.69995,4004.1001,4001.69995,4002.5,131
2026-06-24 13:48,3998.0,4001.80005,3997.19995,4001.3999,162
2026-06-24 13:49,3997.19995,3999.69995,3997.19995,3997.8999,149
2026-06-24 13:50,3995.6001,3998.6001,3993.69995,3997.0,191
2026-06-24 13:51,3996.30005,3997.6001,3995.30005,3996.5,85
2026-06-24 13:52,3995.6001,3997.80005,3994.8999,3997.3999,62
2026-06-24 13:53,3997.0,3997.80005,3995.19995,3995.19995,63
2026-06-24 13:54,3997.0,3997.80005,3995.3999,3997.19995,66
2026-06-24 13:55,3998.69995,3999.69995,3996.69995,3996.80005,92
2026-06-24 13:56,3997.80005,3999.19995,3995.5,3998.80005,89
2026-06-24 13:57,3995.1001,3997.69995,3994.6001,3997.69995,87
2026-06-24 13:58,3992.8999,3993.80005,3990.6001,3993.80005,385
2026-06-24 13:59,3989.80005,3992.69995,3989.5,3992.69995,180
2026-06-24 14:00,3989.80005,3991.80005,3987.19995,3989.8999,304
2026-06-24 14:01,3989.8999,3992.30005,3986.30005,3989.80005,339
2026-06-24 14:02,3985.19995,3990.0,3983.8999,3989.6001,313
2026-06-24 14:03,3978.0,3985.5,3977.0,3985.3999,574
2026-06-24 14:04,3983.3999,3984.8999,3975.69995,3978.30005,521
2026-06-24 14:05,3991.69995,3992.5,3983.69995,3983.80005,462
2026-06-24 14:06,3992.6001,3994.6001,3991.0,3991.0,192
2026-06-24 14:07,3994.19995,3994.19995,3990.5,3992.30005,139
2026-06-24 14:08,3994.5,3995.5,3992.80005,3993.69995,242
2026-06-24 14:09,4000.6001,4001.0,3995.3999,3995.3999,278
2026-06-24 14:10,4005.69995,4006.5,3997.5,4000.69995,420
2026-06-24 14:11,4006.19995,4009.5,4005.1001,4005.6001,427
2026-06-24 14:12,4005.6001,4008.3999,4003.69995,4007.0,144
2026-06-24 14:13,4006.6001,4007.69995,4004.19995,4006.0,231
2026-06-24 14:14,4005.6001,4006.8999,4003.8999,4006.3999,161
2026-06-24 14:15,4007.8999,4009.30005,4005.0,4005.69995,109
2026-06-24 14:16,4007.0,4007.80005,4006.1001,4007.5,49
2026-06-24 14:17,4006.3999,4009.30005,4004.6001,4007.69995,356
2026-06-24 14:18,4004.69995,4006.6001,4003.0,4005.8999,129
2026-06-24 14:19,4004.19995,4005.69995,4003.19995,4004.8999,168
2026-06-24 14:20,4000.80005,4004.3999,4000.0,4004.19995,283
2026-06-24 14:21,3997.8999,4000.69995,3996.6001,4000.69995,225
2026-06-24 14:22,4000.30005,4000.5,3997.8999,3998.30005,200
2026-06-24 14:23,4004.0,4005.0,4000.3999,4000.3999,296
2026-06-24 14:24,4004.1001,4004.69995,4002.19995,4004.1001,88
2026-06-24 14:25,4006.1001,4007.19995,4004.6001,4005.0,146
2026-06-24 14:26,4005.5,4006.0,4003.69995,4006.0,59
2026-06-24 14:27,4005.69995,4007.3999,4004.8999,4005.69995,85
2026-06-24 14:28,4008.69995,4008.69995,4006.1001,4006.1001,67
2026-06-24 14:29,4007.30005,4009.5,4007.30005,4009.0,83
2026-06-24 14:30,4011.6001,4011.6001,4007.5,4007.8999,231
2026-06-24 14:31,4008.69995,4011.69995,4008.30005,4011.69995,96
2026-06-24 14:32,4007.0,4008.80005,4006.69995,4008.19995,69
2026-06-24 14:33,4004.8999,4007.8999,4004.1001,4007.19995,118
2026-06-24 14:34,4006.0,4007.3999,4005.19995,4005.19995,64
2026-06-24 14:35,4004.19995,4006.69995,4003.3999,4006.30005,73
2026-06-24 14:36,4004.1001,4005.30005,4002.5,4004.5,97
2026-06-24 14:37,4002.5,4005.5,4002.5,4004.80005,40
2026-06-24 14:38,4001.0,4002.3999,4000.3999,4002.30005,222
2026-06-24 14:39,4002.0,4003.0,4001.30005,4001.5,34
2026-06-24 14:40,3999.5,4002.8999,3998.8999,4001.8999,87
2026-06-24 14:41,4001.0,4001.8999,3999.19995,3999.5,27
2026-06-24 14:42,4000.8999,4001.3999,3999.8999,4000.8999,17
2026-06-24 14:43,4000.5,4001.19995,3999.80005,4000.6001,27
2026-06-24 14:44,4000.80005,4000.80005,3999.0,4000.69995,38
2026-06-24 14:45,3999.80005,4000.0,3998.80005,3998.8999,36
2026-06-24 14:46,3998.80005,4000.1001,3998.30005,3999.69995,40
2026-06-24 14:47,3998.30005,3999.0,3997.5,3998.8999,51
2026-06-24 14:48,3995.69995,3998.3999,3995.6001,3998.3999,83
2026-06-24 14:49,3996.5,3996.5,3994.1001,3996.0,71
2026-06-24 14:50,3995.6001,3996.69995,3993.8999,3996.69995,73
2026-06-24 14:51,3997.1001,3997.6001,3994.80005,3995.8999,66
2026-06-24 14:52,3996.1001,3998.3999,3995.8999,3996.69995,50
2026-06-24 14:53,3998.0,3998.0,3995.30005,3996.0,62
2026-06-24 14:54,3998.69995,3999.30005,3998.0,3998.0,50
2026-06-24 14:55,3999.6001,4000.69995,3998.5,3998.6001,48
2026-06-24 14:56,3999.19995,4000.6001,3999.0,3999.5,49
2026-06-24 14:57,3998.6001,4001.30005,3998.6001,3999.6001,50
2026-06-24 14:58,3998.69995,3998.69995,3997.1001,3998.69995,34
2026-06-24 14:59,3998.1001,3998.80005,3997.8999,3998.6001,36
2026-06-24 15:00,3996.3999,3999.19995,3994.69995,3998.69995,106
2026-06-24 15:01,3995.5,3997.30005,3995.5,3996.80005,27
2026-06-24 15:02,3997.5,3998.80005,3995.80005,3995.80005,48
2026-06-24 15:03,4001.19995,4002.19995,3997.6001,3997.6001,64
2026-06-24 15:04,3999.3999,4001.3999,3999.1001,4000.80005,59
2026-06-24 15:05,3998.8999,4000.6001,3998.30005,4000.1001,44
2026-06-24 15:06,3997.1001,3998.8999,3997.1001,3998.8999,24
2026-06-24 15:07,3994.8999,3997.5,3993.5,3997.5,125
2026-06-24 15:08,3993.8999,3995.19995,3993.5,3994.80005,51
2026-06-24 15:09,3994.3999,3995.0,3993.80005,3993.80005,48
2026-06-24 15:10,3993.19995,3993.8999,3991.5,3993.8999,60
2026-06-24 15:11,3992.30005,3992.69995,3990.3999,3992.3999,123
2026-06-24 15:12,3992.1001,3993.30005,3991.5,3992.5,71
2026-06-24 15:13,3992.3999,3993.6001,3991.8999,3992.80005,31
2026-06-24 15:14,3993.69995,3994.0,3992.80005,3992.80005,55
2026-06-24 15:15,3991.80005,3992.8999,3991.1001,3992.8999,62
2026-06-24 15:16,3991.80005,3992.5,3990.6001,3991.6001,44
2026-06-24 15:17,3993.6001,3993.6001,3992.3999,3992.3999,47
2026-06-24 15:18,3994.3999,3994.3999,3992.19995,3994.0,73
2026-06-24 15:19,3994.19995,3994.3999,3993.19995,3994.1001,44
2026-06-24 15:20,3994.69995,3995.1001,3994.0,3994.19995,47
2026-06-24 15:21,3994.3999,3995.80005,3993.3999,3994.8999,68
2026-06-24 15:22,3994.80005,3995.30005,3994.1001,3994.80005,38
2026-06-24 15:23,3995.19995,3996.6001,3994.6001,3995.19995,47
2026-06-24 15:24,3995.3999,3996.5,3994.5,3994.5,56
2026-06-24 15:25,3995.30005,3996.5,3995.0,3996.0,53
2026-06-24 15:26,3997.8999,3998.3999,3995.0,3995.0,60
2026-06-24 15:27,3998.30005,3998.69995,3996.8999,3997.69995,65
2026-06-24 15:28,4000.5,4001.1001,3998.0,3998.5,75
2026-06-24 15:29,4000.69995,4001.1001,3999.30005,4000.0,44
2026-06-24 15:30,4004.3999,4005.6001,4000.80005,4001.0,140
2026-06-24 15:31,4001.69995,4004.30005,4000.80005,4004.30005,66
2026-06-24 15:32,4001.6001,4002.3999,4000.69995,4002.19995,35
2026-06-24 15:33,4001.5,4003.19995,4001.19995,4001.19995,33
2026-06-24 15:34,4002.6001,4002.6001,4001.30005,4001.5,37
2026-06-24 15:35,4001.3999,4002.6001,4001.0,4002.6001,20
2026-06-24 15:36,4002.0,4002.0,4001.1001,4001.3999,12
2026-06-24 15:37,3998.69995,4002.1001,3998.69995,4002.1001,41
2026-06-24 15:38,3998.6001,3999.19995,3998.19995,3998.6001,25
2026-06-24 15:39,3999.3999,4000.3999,3997.6001,3998.6001,61
2026-06-24 15:40,3999.1001,4000.69995,3998.80005,3999.30005,69
2026-06-24 15:41,3998.19995,3999.8999,3998.19995,3999.8999,28
2026-06-24 15:42,3997.3999,3998.0,3996.3999,3998.0,32
2026-06-24 15:43,3999.5,3999.5,3997.0,3997.80005,47
2026-06-24 15:44,4000.0,4000.30005,3998.8999,3999.3999,47
2026-06-24 15:45,4000.69995,4001.19995,3998.8999,3999.69995,30
2026-06-24 15:46,4000.5,4001.80005,4000.30005,4001.0,52
2026-06-24 15:47,4000.0,4001.5,4000.0,4000.3999,34
2026-06-24 15:48,3999.80005,4000.19995,3998.30005,3999.69995,67
2026-06-24 15:49,3999.1001,4000.30005,3998.8999,4000.1001,48
2026-06-24 15:50,3999.5,4000.8999,3997.80005,3998.8999,158
2026-06-24 15:51,4002.1001,4003.30005,3998.30005,3999.19995,334
2026-06-24 15:52,4002.8999,4004.0,4002.1001,4002.19995,79
2026-06-24 15:53,4005.1001,4006.3999,4002.5,4002.80005,152
2026-06-24 15:54,4007.80005,4008.19995,4004.0,4005.1001,136
2026-06-24 15:55,4005.0,4007.80005,4003.19995,4007.80005,316
2026-06-24 15:56,4005.3999,4006.30005,4004.30005,4004.8999,113
2026-06-24 15:57,4004.80005,4005.6001,4001.8999,4005.6001,426
2026-06-24 15:58,4004.6001,4005.6001,4004.1001,4004.6001,83
2026-06-24 15:59,4004.8999,4006.30005,4004.5,4004.5,233
2026-06-24 16:00,4005.1001,4005.69995,4001.6001,4005.5,184
2026-06-24 16:01,4008.69995,4009.6001,4004.0,4005.19995,127
2026-06-24 16:02,4008.3999,4009.1001,4006.3999,4009.1001,53
2026-06-24 16:03,4013.30005,4014.0,4008.1001,4008.30005,198
2026-06-24 16:04,4014.69995,4015.69995,4012.3999,4012.80005,185
2026-06-24 16:05,4018.80005,4019.19995,4014.1001,4014.30005,280
2026-06-24 16:06,4015.19995,4020.0,4015.19995,4018.3999,159
2026-06-24 16:07,4017.1001,4017.19995,4015.1001,4015.5,106
2026-06-24 16:08,4017.5,4018.1001,4016.19995,4016.19995,30
2026-06-24 16:09,4015.8999,4017.8999,4015.6001,4017.0,17
2026-06-24 16:10,4016.5,4017.19995,4015.69995,4016.1001,23
2026-06-24 16:11,4014.6001,4016.30005,4014.1001,4016.30005,51
2026-06-24 16:12,4012.69995,4015.1001,4011.80005,4014.80005,69
2026-06-24 16:13,4013.3999,4013.3999,4011.8999,4012.3999,30
2026-06-24 16:14,4012.69995,4013.0,4012.30005,4013.0,11
2026-06-24 16:15,4011.19995,4013.19995,4010.30005,4012.69995,45
2026-06-24 16:16,4010.5,4011.19995,4009.80005,4011.19995,143
2026-06-24 16:17,4009.30005,4010.8999,4009.1001,4010.5,28
2026-06-24 16:18,4011.19995,4011.30005,4009.80005,4011.1001,15
2026-06-24 16:19,4010.19995,4011.6001,4010.19995,4011.30005,17
2026-06-24 16:20,4012.30005,4012.6001,4010.3999,4010.6001,61
2026-06-24 16:21,4011.3999,4012.5,4010.5,4011.80005,64
2026-06-24 16:22,4010.80005,4012.5,4010.80005,4011.3999,19
2026-06-24 16:23,4011.30005,4011.6001,4010.5,4010.69995,43
2026-06-24 16:24,4015.6001,4017.0,4011.80005,4012.0,267
2026-06-24 16:25,4016.0,4016.69995,4015.0,4015.8999,27
2026-06-24 16:26,4016.5,4017.19995,4016.30005,4016.80005,20
2026-06-24 16:27,4015.19995,4016.19995,4013.8999,4016.19995,53
2026-06-24 16:28,4017.1001,4017.6001,4014.80005,4014.80005,66
2026-06-24 16:29,4017.6001,4018.3999,4016.1001,4016.69995,31
2026-06-24 16:30,4016.3999,4017.3999,4015.80005,4017.3999,57
2026-06-24 16:31,4017.30005,4017.6001,4014.80005,4016.30005,62
2026-06-24 16:32,4018.19995,4018.6001,4017.19995,4017.6001,22
2026-06-24 16:33,4016.19995,4017.80005,4016.1001,4017.80005,10
2026-06-24 16:34,4016.3999,4016.3999,4015.80005,4015.8999,10
2026-06-24 16:35,4017.69995,4018.3999,4015.8999,4015.8999,58
2026-06-24 16:36,4016.8999,4018.0,4016.8999,4017.3999,14
2026-06-24 16:37,4016.1001,4017.6001,4016.1001,4016.8999,22
2026-06-24 16:38,4013.30005,4015.6001,4013.19995,4015.6001,103
2026-06-24 16:39,4013.19995,4013.6001,4013.0,4013.19995,9
2026-06-24 16:40,4014.6001,4014.8999,4013.69995,4013.69995,17
2026-06-24 16:41,4016.1001,4016.19995,4015.19995,4015.30005,16
2026-06-24 16:42,4016.19995,4016.19995,4015.69995,4015.69995,11
2026-06-24 16:43,4015.8999,4016.19995,4014.8999,4015.8999,24
2026-06-24 16:44,4016.19995,4016.5,4015.80005,4015.80005,6
2026-06-24 16:45,4015.19995,4016.5,4015.19995,4016.0,22
2026-06-24 16:46,4015.8999,4015.8999,4014.69995,4015.0,11
2026-06-24 16:47,4017.5,4017.5,4016.6001,4016.6001,14
2026-06-24 16:48,4016.3999,4017.3999,4016.3999,4016.8999,24
2026-06-24 16:49,4014.3999,4016.5,4014.3999,4016.5,29
2026-06-24 16:50,4014.6001,4015.19995,4014.1001,4014.6001,11
2026-06-24 16:51,4014.8999,4015.1001,4013.69995,4014.30005,21
2026-06-24 16:52,4016.5,4016.5,4015.19995,4015.19995,10
2026-06-24 16:53,4016.6001,4017.0,4016.0,4016.6001,17
2026-06-24 16:54,4016.5,4016.69995,4015.8999,4016.30005,20
2026-06-24 16:55,4016.6001,4016.80005,4015.80005,4016.19995,18
2026-06-24 16:56,4015.69995,4016.3999,4015.69995,4016.3999,9
2026-06-24 16:57,4018.5,4018.5,4015.80005,4016.0,29
2026-06-24 16:58,4016.19995,4018.5,4016.19995,4018.3999,66
2026-06-24 16:59,4016.3999,4016.80005,4016.19995,4016.6001,26
2026-06-24 18:00,4022.80005,4024.80005,4018.3999,4019.0,0
2026-06-24 18:01,4024.30005,4024.69995,4022.3999,4022.6001,52
2026-06-24 18:02,4024.0,4024.8999,4022.5,4024.6001,29
2026-06-24 18:03,4023.0,4024.19995,4022.8999,4023.8999,29
2026-06-24 18:04,4023.6001,4024.3999,4022.5,4023.3999,34
2026-06-24 18:05,4021.1001,4023.1001,4020.80005,4023.1001,63
2026-06-24 18:06,4018.1001,4022.1001,4016.8999,4021.1001,157
2026-06-24 18:07,4018.6001,4019.0,4017.19995,4018.1001,91
2026-06-24 18:08,4019.69995,4020.3999,4019.0,4019.0,458
2026-06-24 18:09,4019.5,4019.6001,4018.69995,4019.30005,8
2026-06-24 18:10,4019.30005,4020.6001,4018.69995,4018.69995,28
2026-06-24 18:11,4019.1001,4019.69995,4018.8999,4019.1001,10
2026-06-24 18:12,4020.5,4021.5,4019.30005,4019.30005,9
2026-06-24 18:13,4017.80005,4020.1001,4017.69995,4020.1001,15
2026-06-24 18:14,4017.3999,4018.1001,4016.5,4017.30005,40
2026-06-24 18:15,4016.8999,4017.80005,4016.30005,4017.19995,35
2026-06-24 18:16,4017.19995,4017.3999,4016.30005,4016.6001,20
2026-06-24 18:17,4017.1001,4017.80005,4016.19995,4017.80005,13
2026-06-24 18:18,4017.3999,4017.6001,4017.3999,4017.5,3
2026-06-24 18:19,4017.0,4017.0,4016.30005,4017.0,5
2026-06-24 18:20,4017.19995,4017.8999,4016.80005,4016.80005,20
2026-06-24 18:21,4016.80005,4018.1001,4016.5,4017.80005,21
2026-06-24 18:22,4018.30005,4018.3999,4017.30005,4017.30005,23
2026-06-24 18:23,4018.0,4018.30005,4017.5,4017.80005,5
2026-06-24 18:24,4017.6001,4017.6001,4017.6001,4017.6001,1
2026-06-24 18:25,4018.30005,4018.30005,4016.3999,4017.5,8
2026-06-24 18:26,4017.1001,4017.5,4017.1001,4017.5,3
2026-06-24 18:27,4018.3999,4018.8999,4018.1001,4018.8999,4
2026-06-24 18:28,4017.69995,4018.8999,4017.6001,4018.3999,8
2026-06-24 18:29,4017.8999,4018.5,4017.30005,4018.19995,17
2026-06-24 18:30,4016.0,4018.80005,4015.3999,4018.1001,145
2026-06-24 18:31,4018.0,4018.3999,4016.1001,4016.1001,30
2026-06-24 18:32,4018.30005,4019.80005,4018.0,4018.30005,20
2026-06-24 18:33,4018.3999,4019.80005,4018.30005,4018.80005,30
2026-06-24 18:34,4020.1001,4020.80005,4019.0,4019.0,98
2026-06-24 18:35,4021.8999,4021.8999,4020.0,4020.0,36
2026-06-24 18:36,4020.8999,4023.0,4020.5,4022.0,66
2026-06-24 18:37,4021.30005,4022.8999,4020.30005,4020.80005,37
2026-06-24 18:38,4020.3999,4021.30005,4020.0,4020.5,34
2026-06-24 18:39,4018.30005,4020.19995,4017.80005,4020.0,69
2026-06-24 18:40,4018.8999,4019.0,4017.6001,4018.69995,25
2026-06-24 18:41,4018.1001,4019.80005,4017.3999,4019.19995,31
2026-06-24 18:42,4018.80005,4020.1001,4017.6001,4018.0,41
2026-06-24 18:43,4019.80005,4020.30005,4018.3999,4018.6001,51
2026-06-24 18:44,4018.1001,4020.1001,4017.8999,4019.30005,46
2026-06-24 18:45,4017.5,4018.6001,4017.0,4018.3999,53
2026-06-24 18:46,4017.69995,4017.69995,4016.30005,4017.69995,42
2026-06-24 18:47,4016.3999,4016.8999,4016.0,4016.8999,21
2026-06-24 18:48,4015.1001,4016.8999,4015.1001,4016.8999,16
2026-06-24 18:49,4013.5,4015.5,4013.5,4015.0,45
2026-06-24 18:50,4013.5,4014.5,4013.30005,4014.0,33
2026-06-24 18:51,4014.5,4015.0,4013.80005,4013.80005,18
2026-06-24 18:52,4014.1001,4014.6001,4013.6001,4014.3999,8
2026-06-24 18:53,4010.80005,4014.80005,4010.30005,4014.0,103
2026-06-24 18:54,4011.1001,4012.69995,4010.6001,4011.0,65
2026-06-24 18:55,4012.1001,4012.1001,4008.80005,4010.8999,144
2026-06-24 18:56,4012.8999,4012.8999,4012.1001,4012.19995,15
2026-06-24 18:57,4012.80005,4013.30005,4012.5,4012.5,24
2026-06-24 18:58,4012.30005,4012.80005,4012.30005,4012.69995,3
2026-06-24 18:59,4012.0,4012.3999,4011.69995,4011.80005,8
2026-06-24 19:00,4013.80005,4015.0,4011.6001,4012.5,84
2026-06-24 19:01,4013.6001,4014.3999,4011.80005,4013.69995,100
2026-06-24 19:02,4011.30005,4013.8999,4010.3999,4013.69995,93
2026-06-24 19:03,4010.80005,4012.19995,4009.6001,4011.6001,59
2026-06-24 19:04,4011.19995,4012.6001,4010.8999,4010.8999,55
2026-06-24 19:05,4009.19995,4011.30005,4008.0,4011.30005,85
2026-06-24 19:06,4008.69995,4009.5,4006.0,4009.0,110
2026-06-24 19:07,4007.5,4009.5,4007.5,4009.19995,46
2026-06-24 19:08,4007.30005,4007.69995,4007.30005,4007.5,16
2026-06-24 19:09,4009.8999,4009.8999,4007.69995,4008.1001,23
2026-06-24 19:10,4010.3999,4010.6001,4009.30005,4010.0,57
2026-06-24 19:11,4011.3999,4011.3999,4010.8999,4010.8999,3
2026-06-24 19:12,4008.69995,4010.8999,4008.30005,4010.8999,20
2026-06-24 19:13,4009.69995,4010.8999,4007.69995,4009.1001,82
2026-06-24 19:14,4011.1001,4011.1001,4009.19995,4009.30005,20
2026-06-24 19:15,4013.69995,4013.69995,4011.0,4011.30005,47
2026-06-24 19:16,4014.5,4014.5,4013.30005,4014.0,40
2026-06-24 19:17,4012.30005,4014.80005,4012.1001,4014.80005,18
2026-06-24 19:18,4014.5,4014.8999,4012.3999,4012.5,19
2026-06-24 19:19,4013.3999,4014.5,4013.3999,4013.80005,15
2026-06-24 19:20,4014.0,4014.30005,4013.30005,4013.3999,18
2026-06-24 19:22,4014.1001,4014.19995,4014.1001,4014.19995,3
2026-06-24 19:23,4015.1001,4015.3999,4015.0,4015.0,6
2026-06-24 19:24,4015.8999,4015.8999,4014.80005,4014.80005,12
2026-06-24 19:25,4016.30005,4016.30005,4015.8999,4015.8999,15
2026-06-24 19:26,4015.19995,4016.19995,4015.0,4016.0,31
2026-06-24 19:27,4013.69995,4015.80005,4013.5,4015.80005,43
2026-06-24 19:28,4014.1001,4014.8999,4012.5,4013.69995,32
2026-06-24 19:29,4014.19995,4014.3999,4014.19995,4014.19995,4
2026-06-24 19:30,4015.30005,4015.30005,4015.0,4015.0,3
2026-06-24 19:31,4015.5,4016.3999,4015.30005,4015.30005,23
2026-06-24 19:32,4016.30005,4016.6001,4015.5,4015.5,8
2026-06-24 19:33,4021.3999,4022.1001,4015.6001,4016.5,189
2026-06-24 19:34,4024.6001,4024.6001,4021.6001,4021.6001,139
2026-06-24 19:35,4028.8999,4030.19995,4023.69995,4024.5,363
2026-06-24 19:36,4028.8999,4030.3999,4027.5,4028.6001,78
2026-06-24 19:37,4029.0,4029.30005,4027.3999,4028.3999,57
2026-06-24 19:38,4033.80005,4033.8999,4029.1001,4029.1001,142
2026-06-24 19:39,4031.19995,4033.5,4031.1001,4033.5,65
2026-06-24 19:40,4031.80005,4032.30005,4030.69995,4031.1001,13
2026-06-24 19:41,4028.80005,4031.3999,4028.19995,4031.30005,42
2026-06-24 19:42,4026.5,4028.6001,4026.19995,4028.30005,53
2026-06-24 19:43,4028.30005,4029.30005,4026.8999,4026.8999,38
2026-06-24 19:44,4030.19995,4030.80005,4027.5,4027.8999,54
2026-06-24 19:45,4032.19995,4033.0,4029.8999,4029.8999,43
2026-06-24 19:46,4030.69995,4032.5,4029.80005,4032.19995,50
2026-06-24 19:47,4026.0,4029.8999,4025.30005,4029.8999,61
2026-06-24 19:48,4027.8999,4027.8999,4027.0,4027.0,3
2026-06-24 19:49,4026.69995,4027.5,4025.69995,4026.6001,24
2026-06-24 19:50,4028.6001,4028.8999,4026.19995,4026.19995,38
2026-06-24 19:51,4026.3999,4028.30005,4026.3999,4028.30005,31
2026-06-24 19:52,4026.0,4026.0,4025.1001,4025.3999,18
2026-06-24 19:53,4026.1001,4027.0,4026.0,4026.30005,11
2026-06-24 19:54,4026.6001,4026.6001,4026.19995,4026.5,3
2026-06-24 19:55,4026.1001,4027.19995,4024.80005,4026.0,148
2026-06-24 19:56,4026.6001,4027.19995,4025.6001,4025.69995,8
2026-06-24 19:57,4026.80005,4028.8999,4026.80005,4028.5,31
2026-06-24 19:58,4025.5,4025.69995,4025.0,4025.19995,8
2026-06-24 19:59,4026.6001,4028.69995,4024.69995,4025.19995,72
2026-06-24 20:00,4027.8999,4029.30005,4024.6001,4028.30005,66
2026-06-24 20:01,4025.19995,4027.6001,4025.0,4026.6001,29
2026-06-24 20:02,4025.69995,4027.1001,4025.19995,4025.8999,21
2026-06-24 20:03,4028.19995,4028.19995,4026.0,4026.3999,17
2026-06-24 20:04,4028.5,4029.5,4026.8999,4027.30005,39
2026-06-24 20:05,4028.0,4030.1001,4028.0,4028.3999,51
2026-06-24 20:06,4029.6001,4031.30005,4028.6001,4028.6001,39
2026-06-24 20:07,4027.30005,4030.0,4026.8999,4028.8999,34
2026-06-24 20:08,4030.1001,4030.8999,4027.0,4027.0,24
2026-06-24 20:09,4030.0,4031.30005,4029.1001,4029.80005,40
2026-06-24 20:10,4031.0,4031.0,4028.69995,4029.30005,43
2026-06-24 20:11,4028.5,4031.5,4028.30005,4031.3999,22
2026-06-24 20:12,4027.3999,4028.80005,4027.3999,4028.19995,12
2026-06-24 20:13,4022.69995,4027.5,4021.69995,4027.5,64
2026-06-24 20:14,4020.6001,4023.3999,4019.1001,4023.3999,82
2026-06-24 20:15,4019.6001,4020.69995,4017.80005,4020.69995,94
2026-06-24 20:16,4018.6001,4021.3999,4017.3999,4019.80005,99
2026-06-24 20:17,4018.19995,4021.19995,4017.5,4018.6001,123
2026-06-24 20:18,4018.30005,4018.69995,4015.69995,4018.19995,77
2026-06-24 20:19,4018.30005,4019.6001,4017.6001,4018.5,55
2026-06-24 20:20,4019.6001,4019.6001,4016.69995,4017.6001,60
2026-06-24 20:21,4016.0,4021.0,4016.0,4018.69995,44
2026-06-24 20:22,4019.30005,4019.30005,4016.6001,4016.69995,23
2026-06-24 20:23,4019.3999,4020.6001,4018.3999,4019.6001,21
2026-06-24 20:24,4017.19995,4019.19995,4017.0,4019.19995,21
2026-06-24 20:25,4014.5,4017.80005,4014.5,4017.0,102
2026-06-24 20:26,4014.8999,4016.1001,4014.3999,4015.30005,42
2026-06-24 20:27,4012.30005,4014.19995,4010.69995,4014.1001,123
2026-06-24 20:28,4011.80005,4013.0,4011.3999,4011.3999,20
2026-06-24 20:29,4011.6001,4013.30005,4011.5,4011.80005,26
2026-06-24 20:30,4011.0,4012.0,4009.0,4011.30005,78
2026-06-24 20:31,4009.3999,4010.69995,4008.69995,4010.69995,20
2026-06-24 20:32,4005.3999,4009.6001,4004.3999,4009.6001,107
2026-06-24 20:33,4004.30005,4006.30005,4003.80005,4005.6001,51
2026-06-24 20:34,4003.19995,4004.69995,4003.19995,4004.69995,59
2026-06-24 20:35,4000.30005,4003.3999,3999.69995,4003.0,165
2026-06-24 20:36,4001.0,4002.30005,3999.80005,4000.5,172
2026-06-24 20:37,4000.6001,4001.69995,4000.3999,4001.0,41
2026-06-24 20:38,3999.19995,4001.6001,3999.0,4000.0,116
2026-06-24 20:39,3998.30005,4000.6001,3996.8999,3999.8999,113
2026-06-24 20:40,3998.19995,3998.69995,3996.80005,3998.6001,54
2026-06-24 20:41,4000.30005,4002.1001,3997.8999,3998.1001,64
2026-06-24 20:42,4002.69995,4002.69995,3998.80005,3999.8999,57
2026-06-24 20:43,4002.6001,4003.0,4001.6001,4002.19995,34
2026-06-24 20:44,4001.19995,4002.1001,3999.8999,4002.0,58
2026-06-24 20:45,4000.19995,4001.69995,3998.8999,4001.0,80
2026-06-24 20:46,3997.0,3999.8999,3997.0,3999.8999,103
2026-06-24 20:47,3996.5,3997.3999,3994.30005,3996.80005,105
2026-06-24 20:48,3995.30005,3997.5,3994.19995,3996.69995,156
2026-06-24 20:49,3999.3999,3999.3999,3995.5,3996.0,76
2026-06-24 20:50,4001.3999,4003.0,3998.1001,3998.80005,96
2026-06-24 20:51,4005.19995,4005.3999,4001.19995,4001.19995,68
2026-06-24 20:52,4009.5,4009.5,4003.8999,4004.5,138
2026-06-24 20:53,4013.3999,4013.5,4008.69995,4009.30005,149
2026-06-24 20:54,4015.30005,4016.19995,4013.0,4013.5,237
2026-06-24 20:55,4012.1001,4016.5,4011.69995,4015.19995,115
2026-06-24 20:56,4015.0,4016.1001,4012.30005,4012.80005,135
2026-06-24 20:57,4011.0,4014.69995,4010.5,4014.69995,72
2026-06-24 20:58,4005.8999,4010.0,4005.69995,4010.0,123
2026-06-24 20:59,4007.30005,4007.30005,4004.19995,4006.1001,104
2026-06-24 21:00,4016.0,4016.5,4004.30005,4007.19995,260
2026-06-24 21:01,4013.0,4015.5,4009.5,4015.5,87
2026-06-24 21:02,4019.69995,4021.3999,4013.30005,4013.30005,146
2026-06-24 21:03,4014.30005,4019.19995,4014.30005,4019.19995,52
2026-06-24 21:04,4012.1001,4016.5,4012.1001,4013.8999,61
2026-06-24 21:05,4012.30005,4012.5,4006.80005,4011.6001,54
2026-06-24 21:06,4005.69995,4012.30005,4005.30005,4011.80005,141
2026-06-24 21:07,4006.69995,4009.0,4005.69995,4005.8999,56
2026-06-24 21:08,4005.69995,4006.0,4002.80005,4005.19995,77
2026-06-24 21:09,4006.6001,4008.5,4006.0,4006.3999,54
2026-06-24 21:10,3999.19995,4007.1001,3997.3999,4007.0,88
2026-06-24 21:11,3999.30005,4001.0,3998.1001,3999.8999,66
2026-06-24 21:12,4000.0,4002.80005,3998.5,3999.69995,76
2026-06-24 21:13,4000.5,4004.30005,4000.5,4000.6001,116
2026-06-24 21:14,4001.8999,4003.69995,4001.8999,4002.8999,22
2026-06-24 21:15,4000.3999,4001.80005,3999.3999,3999.80005,24
2026-06-24 21:16,4002.3999,4002.3999,3999.5,4000.30005,24
2026-06-24 21:17,4007.1001,4008.1001,4003.30005,4003.30005,97
2026-06-24 21:18,4005.69995,4007.19995,4004.19995,4007.19995,22
2026-06-24 21:19,4009.80005,4010.19995,4004.8999,4004.8999,45
2026-06-24 21:20,4014.6001,4015.19995,4010.0,4010.0,77
2026-06-24 21:21,4013.19995,4014.80005,4011.8999,4014.1001,48
2026-06-24 21:22,4011.30005,4013.6001,4010.5,4013.3999,31
2026-06-24 21:23,4012.80005,4012.80005,4010.30005,4010.8999,17
2026-06-24 21:24,4010.1001,4013.6001,4010.1001,4012.30005,28
2026-06-24 21:25,4012.69995,4014.80005,4010.8999,4010.8999,45
2026-06-24 21:26,4012.80005,4013.6001,4012.0,4012.69995,23
2026-06-24 21:27,4013.1001,4015.6001,4013.1001,4013.3999,48
2026-06-24 21:28,4011.3999,4015.5,4010.5,4012.69995,60
2026-06-24 21:29,4006.5,4009.3999,4005.0,4009.30005,112
2026-06-24 21:30,4007.0,4008.19995,4004.69995,4006.3999,59
2026-06-24 21:31,4009.5,4011.5,4007.30005,4007.30005,39
2026-06-24 21:32,4008.30005,4009.3999,4007.80005,4009.19995,14
2026-06-24 21:33,4000.19995,4007.80005,3999.80005,4007.80005,110
2026-06-24 21:34,3998.8999,4001.5,3997.6001,3999.8999,172
2026-06-24 21:35,3997.80005,3999.1001,3996.3999,3998.69995,156
2026-06-24 21:36,3995.30005,3999.6001,3994.3999,3998.30005,136
2026-06-24 21:37,3996.80005,3997.6001,3992.30005,3994.8999,85
2026-06-24 21:38,4000.19995,4002.3999,3996.3999,3996.8999,110
2026-06-24 21:39,4002.69995,4003.80005,3998.0,4000.1001,75
2026-06-24 21:40,3998.1001,4003.0,3998.1001,4002.5,226
2026-06-24 21:41,3999.6001,4000.19995,3997.0,3998.0,88
2026-06-24 21:42,4001.8999,4002.3999,3997.1001,4000.30005,126
2026-06-24 21:43,3999.3999,4003.0,3998.0,4002.6001,72
2026-06-24 21:44,3997.5,4000.1001,3995.19995,3999.3999,103
2026-06-24 21:45,3995.80005,3997.5,3995.0,3997.5,74
2026-06-24 21:46,3996.1001,3996.3999,3993.80005,3996.3999,47
2026-06-24 21:47,4000.0,4000.0,3995.1001,3995.69995,70
2026-06-24 21:48,3999.0,4001.5,3999.0,4000.30005,66
2026-06-24 21:49,4000.80005,4003.0,4000.30005,4000.30005,46
2026-06-24 21:50,4001.1001,4002.6001,3999.80005,4001.1001,57
2026-06-24 21:51,4003.19995,4004.19995,3999.30005,4001.19995,47
2026-06-24 21:52,4001.3999,4002.69995,4000.69995,4002.69995,41
2026-06-24 21:53,3996.19995,4001.69995,3995.69995,4001.69995,65
2026-06-24 21:54,3995.69995,3996.80005,3994.5,3996.30005,74
2026-06-24 21:55,3998.5,3998.80005,3996.1001,3996.3999,41
2026-06-24 21:56,3998.1001,3998.8999,3996.8999,3998.5,28
2026-06-24 21:57,3992.1001,3997.80005,3991.8999,3997.5,120
2026-06-24 21:58,3990.1001,3993.19995,3987.8999,3992.30005,235
2026-06-24 21:59,3992.19995,3994.3999,3990.0,3990.5,75
2026-06-24 22:00,3993.0,3995.3999,3991.6001,3992.8999,72
2026-06-24 22:01,3994.8999,3995.1001,3993.5,3994.1001,28
2026-06-24 22:02,3994.6001,3997.30005,3993.8999,3993.8999,59
2026-06-24 22:03,3995.80005,3997.0,3994.6001,3995.3999,69
2026-06-24 22:04,3990.3999,3996.8999,3989.1001,3996.3999,180
2026-06-24 22:05,3989.3999,3991.1001,3988.3999,3989.69995,85
2026-06-24 22:06,3987.19995,3990.3999,3986.6001,3989.8999,102
2026-06-24 22:07,3986.5,3989.6001,3986.0,3987.5,217
2026-06-24 22:08,3982.30005,3987.0,3979.19995,3987.0,309
2026-06-24 22:09,3981.6001,3984.69995,3980.8999,3983.0,103
2026-06-24 22:10,3983.19995,3983.19995,3979.80005,3980.5,94
2026-06-24 22:11,3981.69995,3984.19995,3981.3999,3983.0,151
2026-06-24 22:12,3985.80005,3986.1001,3981.3999,3981.69995,169
2026-06-24 22:13,3982.8999,3986.30005,3976.30005,3985.5,382
2026-06-24 22:14,3983.30005,3985.80005,3982.69995,3982.80005,83
2026-06-24 22:15,3986.6001,3987.19995,3982.80005,3983.5,87
2026-06-24 22:16,3985.0,3986.69995,3983.30005,3986.19995,373
2026-06-24 22:17,3989.0,3990.3999,3985.80005,3985.80005,93
2026-06-24 22:18,3990.8999,3991.6001,3988.30005,3989.5,98
2026-06-24 22:19,3996.5,3997.5,3990.69995,3991.5,135
2026-06-24 22:20,3997.0,3999.1001,3996.5,3996.5,95
2026-06-24 22:21,4001.8999,4002.1001,3997.1001,3997.1001,135
2026-06-24 22:22,4006.0,4006.30005,4000.6001,4001.30005,185
2026-06-24 22:23,4005.6001,4006.0,4002.6001,4005.80005,154
2026-06-24 22:24,4000.3999,4006.6001,3999.80005,4005.3999,169
2026-06-24 22:25,4001.80005,4002.69995,4000.6001,4000.6001,102
2026-06-24 22:26,4000.8999,4003.80005,4000.30005,4003.0,132
2026-06-24 22:27,3999.80005,4003.0,3999.80005,4001.0,39
2026-06-24 22:28,4001.0,4001.1001,3999.6001,4000.1001,41
2026-06-24 22:29,4002.19995,4003.0,4001.19995,4002.19995,60
2026-06-24 22:30,3996.19995,4002.8999,3994.0,4002.19995,290
2026-06-24 22:31,3996.5,3997.30005,3994.0,3997.30005,56
2026-06-24 22:32,3997.19995,3998.0,3994.69995,3996.3999,66
2026-06-24 22:33,3997.30005,3997.3999,3995.19995,3996.30005,38
2026-06-24 22:34,3998.8999,3999.19995,3997.3999,3998.0,30
2026-06-24 22:35,4002.80005,4003.80005,3999.5,3999.5,128
2026-06-24 22:36,4003.0,4003.3999,4001.8999,4003.3999,45
2026-06-24 22:37,4003.0,4003.19995,4001.5,4002.8999,48
2026-06-24 22:38,4000.3999,4002.30005,3998.3999,4002.0,66
2026-06-24 22:39,4000.1001,4002.19995,3999.3999,4000.0,30
2026-06-24 22:40,3996.5,4000.5,3996.1001,4000.5,35
2026-06-24 22:41,3992.80005,3996.3999,3992.3999,3996.3999,178
2026-06-24 22:42,3992.19995,3992.3999,3990.3999,3992.0,70
2026-06-24 22:43,3993.30005,3994.8999,3991.5,3992.80005,71
2026-06-24 22:44,3994.3999,3994.80005,3992.80005,3992.80005,38
2026-06-24 22:45,3996.1001,3998.0,3995.1001,3995.30005,21
2026-06-24 22:46,3993.30005,3996.5,3992.69995,3996.3999,71
2026-06-24 22:47,3997.1001,3997.3999,3993.19995,3993.30005,52
2026-06-24 22:48,3998.1001,3999.3999,3996.8999,3997.0,22
2026-06-24 22:49,3998.69995,3999.19995,3996.80005,3998.19995,52
2026-06-24 22:50,3996.8999,3998.80005,3995.30005,3998.80005,26
2026-06-24 22:51,3994.3999,3997.0,3994.0,3996.8999,41
2026-06-24 22:52,3994.69995,3995.69995,3993.1001,3994.3999,78
2026-06-24 22:53,3992.30005,3995.0,3991.5,3994.1001,80
2026-06-24 22:54,3994.0,3994.0,3992.0,3992.8999,48
2026-06-24 22:55,3994.1001,3995.6001,3993.69995,3994.69995,50
2026-06-24 22:56,3997.1001,3998.6001,3993.1001,3994.8999,110
2026-06-24 22:57,3996.19995,3996.8999,3995.1001,3996.8999,23
2026-06-24 22:58,3998.5,3999.19995,3996.69995,3997.0,25
2026-06-24 22:59,3998.69995,4000.5,3996.80005,3997.0,57
2026-06-24 23:00,3999.5,3999.5,3997.80005,3998.80005,17
2026-06-24 23:01,4002.0,4003.30005,3999.5,4000.5,75
2026-06-24 23:02,3999.1001,4005.1001,3999.1001,4002.3999,100
2026-06-24 23:03,3997.30005,3999.6001,3996.80005,3999.3999,69
2026-06-24 23:04,3998.19995,3998.5,3997.19995,3998.30005,34
2026-06-24 23:05,3995.80005,3997.3999,3994.8999,3997.3999,72
2026-06-24 23:06,3992.0,3996.1001,3990.5,3996.0,192
2026-06-24 23:07,3991.69995,3992.8999,3989.69995,3991.69995,116
2026-06-24 23:08,3992.30005,3994.1001,3990.8999,3991.8999,65
2026-06-24 23:09,3989.69995,3992.6001,3988.8999,3992.5,82
2026-06-24 23:10,3988.69995,3989.3999,3986.1001,3989.0,122
2026-06-24 23:11,3987.1001,3989.19995,3986.0,3988.5,78
2026-06-24 23:12,3985.1001,3988.6001,3984.5,3986.69995,142
2026-06-24 23:13,3983.0,3987.1001,3981.6001,3985.0,110
2026-06-24 23:14,3986.30005,3986.30005,3982.69995,3982.69995,100
2026-06-24 23:15,3985.69995,3987.0,3983.0,3986.5,110
2026-06-24 23:16,3991.0,3991.0,3986.0,3986.0,100
2026-06-24 23:17,3993.0,3993.3999,3990.3999,3990.6001,59
2026-06-24 23:18,3994.5,3995.69995,3991.80005,3992.69995,70
2026-06-24 23:19,3997.5,3998.0,3994.6001,3995.0,70
2026-06-24 23:20,3995.69995,3998.6001,3995.0,3997.19995,81
2026-06-24 23:21,3991.6001,3995.5,3991.0,3995.3999,115
2026-06-24 23:22,3991.19995,3992.0,3989.19995,3991.69995,67
2026-06-24 23:23,3991.19995,3991.19995,3989.5,3990.80005,26
2026-06-24 23:24,3988.8999,3992.0,3988.8999,3991.5,78
2026-06-24 23:25,3989.0,3992.19995,3988.0,3989.0,45
2026-06-24 23:26,3990.0,3990.19995,3988.80005,3989.69995,24
2026-06-24 23:27,3989.69995,3991.30005,3989.5,3989.80005,24
2026-06-24 23:28,3989.19995,3991.5,3989.1001,3991.19995,39
2026-06-24 23:29,3991.80005,3992.80005,3989.6001,3989.6001,27
2026-06-24 23:30,3989.0,3992.80005,3989.0,3991.5,44
2026-06-24 23:31,3989.5,3990.0,3987.8999,3988.69995,55
2026-06-24 23:32,3988.69995,3989.1001,3987.19995,3989.0,48
2026-06-24 23:33,3988.8999,3989.1001,3987.80005,3988.1001,26
2026-06-24 23:34,3991.6001,3991.6001,3988.6001,3988.6001,20
2026-06-24 23:35,3988.19995,3991.0,3987.3999,3991.0,31
2026-06-24 23:36,3985.69995,3988.0,3985.0,3987.8999,80
2026-06-24 23:37,3986.6001,3987.3999,3985.5,3985.5,39
2026-06-24 23:38,3986.1001,3986.30005,3984.19995,3986.0,37
2026-06-24 23:39,3987.19995,3987.6001,3985.6001,3985.6001,14
2026-06-24 23:40,3985.5,3987.30005,3985.5,3987.1001,34
2026-06-24 23:41,3986.8999,3987.19995,3985.5,3985.80005,20
2026-06-24 23:42,3987.5,3987.5,3986.0,3986.6001,22
2026-06-24 23:43,3986.8999,3989.0,3986.5,3988.0,56
2026-06-24 23:44,3990.3999,3990.69995,3986.69995,3986.8999,74
2026-06-24 23:45,3994.69995,3994.8999,3990.1001,3990.3999,106
2026-06-24 23:46,3996.80005,3996.80005,3993.30005,3994.6001,61
2026-06-24 23:47,3997.69995,4000.5,3996.1001,3997.0,123
2026-06-24 23:48,3997.1001,3998.5,3996.19995,3997.8999,123
2026-06-24 23:49,4002.19995,4002.6001,3997.3999,3997.3999,229
2026-06-24 23:50,4004.6001,4005.80005,4002.1001,4002.19995,119
2026-06-24 23:51,4010.1001,4011.19995,4003.30005,4004.69995,334
2026-06-24 23:52,4012.6001,4014.6001,4008.80005,4011.0,309
2026-06-24 23:53,4010.19995,4012.8999,4010.0,4012.80005,93
2026-06-24 23:54,4012.30005,4013.0,4009.69995,4009.80005,119
2026-06-24 23:55,4015.0,4015.1001,4012.3999,4013.0,112
2026-06-24 23:56,4013.8999,4016.6001,4013.30005,4014.80005,125
2026-06-24 23:57,4010.19995,4013.1001,4009.19995,4013.1001,86
2026-06-24 23:58,4012.3999,4013.30005,4009.30005,4010.30005,69
2026-06-25 00:00,4012.69995,4013.19995,4010.8999,4011.1001,82
2026-06-25 00:01,4010.69995,4012.69995,4009.19995,4012.69995,91
2026-06-25 00:02,4011.30005,4012.30005,4009.6001,4011.19995,60
2026-06-25 00:03,4010.80005,4011.6001,4009.5,4011.6001,41
2026-06-25 00:04,4009.80005,4012.8999,4009.30005,4011.0,47
2026-06-25 00:05,4010.0,4010.80005,4007.69995,4009.80005,86
2026-06-25 00:06,4011.0,4011.30005,4009.5,4009.6001,24
2026-06-25 00:07,4010.30005,4011.1001,4010.0,4011.1001,19
2026-06-25 00:08,4011.3999,4011.6001,4010.5,4010.69995,14
2026-06-25 00:09,4011.19995,4012.19995,4010.8999,4010.8999,10
2026-06-25 00:10,4008.5,4011.0,4008.0,4011.0,26
2026-06-25 00:11,4007.80005,4009.0,4006.3999,4007.80005,131
2026-06-25 00:12,4007.6001,4008.0,4006.3999,4007.69995,78
2026-06-25 00:13,4007.30005,4007.80005,4006.5,4007.3999,24
2026-06-25 00:14,4005.80005,4007.5,4005.3999,4007.0,32
2026-06-25 00:15,4005.19995,4006.0,4004.69995,4005.0,21
2026-06-25 00:16,4004.5,4006.3999,4003.69995,4005.5,79
2026-06-25 00:17,4003.8999,4005.19995,4003.30005,4004.69995,50
2026-06-25 00:18,4005.0,4006.1001,4003.5,4004.30005,65
2026-06-25 00:19,4007.0,4007.30005,4004.8999,4005.1001,62
2026-06-25 00:20,4008.0,4008.19995,4006.30005,4006.8999,54
2026-06-25 00:21,4010.80005,4011.1001,4007.80005,4007.8999,40
2026-06-25 00:22,4011.3999,4012.1001,4010.6001,4011.19995,28
2026-06-25 00:23,4012.0,4012.1001,4010.80005,4011.80005,21
2026-06-25 00:24,4011.69995,4012.19995,4011.30005,4011.6001,13
2026-06-25 00:25,4010.6001,4011.5,4009.19995,4010.8999,35
2026-06-25 00:26,4010.6001,4012.1001,4010.30005,4010.3999,20
2026-06-25 00:27,4010.8999,4011.30005,4010.6001,4010.69995,13
2026-06-25 00:28,4013.0,4013.19995,4010.8999,4011.0,21
2026-06-25 00:29,4010.0,4013.0,4010.0,4013.0,70
2026-06-25 00:30,4010.19995,4010.8999,4010.1001,4010.8999,5
2026-06-25 00:31,4008.80005,4011.6001,4008.30005,4011.0,42
2026-06-25 00:32,4006.3999,4009.30005,4006.30005,4008.80005,46
2026-06-25 00:33,4007.6001,4007.80005,4006.3999,4006.6001,32
2026-06-25 00:34,4006.69995,4007.3999,4005.80005,4007.3999,52
2026-06-25 00:35,4004.5,4006.69995,4004.0,4006.6001,62
2026-06-25 00:36,4005.6001,4005.6001,4004.0,4004.8999,35
2026-06-25 00:37,4005.19995,4005.80005,4004.5,4005.80005,21
2026-06-25 00:38,4005.3999,4006.30005,4004.1001,4005.69995,51
2026-06-25 00:39,4003.1001,4006.0,4003.1001,4005.8999,52
2026-06-25 00:40,4002.69995,4004.1001,4002.19995,4003.69995,33
2026-06-25 00:41,4001.5,4002.30005,3999.5,4002.30005,77
2026-06-25 00:42,4003.1001,4003.1001,3999.8999,4000.80005,39
2026-06-25 00:43,4004.8999,4005.1001,4002.3999,4003.3999,107
2026-06-25 00:44,4007.30005,4007.30005,4004.1001,4004.69995,39
2026-06-25 00:45,4010.19995,4011.0,4007.19995,4007.6001,129
2026-06-25 00:46,4011.0,4011.19995,4009.5,4010.0,49
2026-06-25 00:47,4010.19995,4011.19995,4009.1001,4011.1001,45
2026-06-25 00:48,4008.1001,4010.1001,4008.0,4010.1001,33
2026-06-25 00:49,4008.0,4008.30005,4007.0,4008.30005,33
2026-06-25 00:50,4008.80005,4010.30005,4008.30005,4008.30005,32
2026-06-25 00:51,4008.5,4010.1001,4008.5,4008.8999,19
2026-06-25 00:52,4009.0,4009.80005,4008.5,4008.69995,10
2026-06-25 00:53,4011.30005,4011.6001,4008.69995,4009.30005,36
2026-06-25 00:54,4011.3999,4012.69995,4011.19995,4011.19995,35
2026-06-25 00:55,4011.5,4011.80005,4011.0,4011.19995,8
2026-06-25 00:56,4010.8999,4011.5,4010.3999,4011.5,9
2026-06-25 00:57,4011.30005,4011.5,4011.1001,4011.1001,6
2026-06-25 00:58,4010.69995,4011.80005,4010.69995,4011.80005,5
2026-06-25 00:59,4011.80005,4011.80005,4010.3999,4010.3999,14
2026-06-25 01:00,4011.3999,4012.69995,4011.3999,4012.0,28
2026-06-25 01:01,4011.5,4011.6001,4009.8999,4010.3999,38
2026-06-25 01:02,4010.6001,4012.6001,4010.6001,4011.5,29
2026-06-25 01:03,4012.19995,4012.19995,4009.8999,4010.80005,35
2026-06-25 01:04,4013.0,4013.8999,4012.19995,4012.19995,28
2026-06-25 01:05,4010.1001,4012.30005,4009.6001,4012.30005,33
2026-06-25 01:06,4009.1001,4010.0,4008.30005,4010.0,62
2026-06-25 01:07,4009.1001,4009.5,4007.8999,4008.5,50
2026-06-25 01:08,4012.6001,4012.6001,4008.19995,4009.3999,108
2026-06-25 01:09,4014.8999,4014.8999,4011.80005,4011.8999,148
2026-06-25 01:10,4013.80005,4015.30005,4012.8999,4014.8999,179
2026-06-25 01:11,4013.69995,4013.69995,4012.19995,4013.30005,84
2026-06-25 01:12,4014.1001,4014.30005,4012.30005,4013.19995,22
2026-06-25 01:13,4014.1001,4015.69995,4013.80005,4014.3999,31
2026-06-25 01:14,4013.80005,4013.80005,4012.30005,4013.80005,19
2026-06-25 01:15,4012.69995,4014.30005,4012.0,4014.1001,63
2026-06-25 01:16,4010.19995,4012.5,4009.30005,4012.5,135
2026-06-25 01:17,4007.69995,4010.6001,4007.69995,4009.69995,39
2026-06-25 01:18,4006.5,4007.8999,4006.19995,4007.30005,88
2026-06-25 01:19,4007.80005,4008.5,4004.69995,4005.8999,96
2026-06-25 01:20,4008.0,4008.6001,4006.80005,4008.0,36
2026-06-25 01:21,4006.6001,4009.0,4006.6001,4008.3999,15
2026-06-25 01:22,4007.6001,4009.6001,4007.0,4007.0,61
2026-06-25 01:23,4009.0,4009.0,4006.80005,4008.19995,55
2026-06-25 01:24,4010.5,4010.5,4008.6001,4009.5,75
2026-06-25 01:25,4007.0,4014.30005,4006.30005,4011.1001,135
2026-06-25 01:26,4007.69995,4011.19995,4007.6001,4007.6001,113
2026-06-25 01:27,4011.69995,4012.19995,4007.5,4008.5,51
2026-06-25 01:28,4008.19995,4011.80005,4008.0,4011.3999,49
2026-06-25 01:29,4009.80005,4012.0,4008.8999,4009.1001,92
2026-06-25 01:30,4004.1001,4011.0,4001.5,4009.6001,280
2026-06-25 01:31,4004.69995,4005.5,4002.8999,4003.80005,92
2026-06-25 01:32,4008.80005,4013.0,4005.69995,4005.69995,186
2026-06-25 01:33,4007.80005,4009.8999,4005.19995,4009.19995,62
2026-06-25 01:34,4010.1001,4010.3999,4006.69995,4007.69995,40
2026-06-25 01:35,4004.8999,4011.69995,4003.5,4010.8999,103
2026-06-25 01:36,4002.3999,4005.19995,4000.80005,4004.8999,63
2026-06-25 01:37,4001.5,4003.1001,4000.80005,4002.5,55
2026-06-25 01:38,4002.69995,4002.69995,4000.0,4001.30005,62
2026-06-25 01:39,4000.5,4002.3999,4000.30005,4002.1001,38
2026-06-25 01:40,3999.8999,4002.19995,3999.80005,4001.0,42
2026-06-25 01:41,3999.1001,4000.80005,3998.30005,3999.69995,50
2026-06-25 01:42,3999.1001,3999.69995,3997.19995,3999.19995,72
2026-06-25 01:43,3998.3999,3999.3999,3998.3999,3999.1001,14
2026-06-25 01:44,3999.1001,4000.5,3998.19995,3999.0,37
2026-06-25 01:45,3998.8999,4000.3999,3996.6001,3998.6001,140
2026-06-25 01:46,3997.0,3999.5,3996.19995,3998.8999,97
2026-06-25 01:47,3997.3999,3998.5,3996.8999,3996.8999,54
2026-06-25 01:48,3998.19995,3999.69995,3997.0,3997.0,67
2026-06-25 01:49,3999.0,3999.80005,3998.6001,3999.19995,29
2026-06-25 01:50,4001.0,4003.0,3998.3999,3998.80005,116
2026-06-25 01:51,4002.6001,4002.6001,4001.30005,4001.8999,44
2026-06-25 01:52,4002.19995,4004.0,4002.19995,4002.80005,43
2026-06-25 01:53,4002.69995,4002.69995,4001.3999,4002.0,21
2026-06-25 01:54,4003.80005,4004.69995,4002.80005,4003.6001,21
2026-06-25 01:55,4006.0,4007.0,4004.1001,4004.1001,102
2026-06-25 01:56,4005.6001,4006.8999,4004.19995,4006.30005,68
2026-06-25 01:57,4004.5,4006.1001,4003.1001,4005.3999,38
2026-06-25 01:58,4004.80005,4006.3999,4004.6001,4004.80005,49
2026-06-25 01:59,4001.6001,4007.19995,4001.6001,4006.1001,99
2026-06-25 02:00,4001.0,4003.1001,4001.0,4001.5,77
2026-06-25 02:01,3999.5,4000.80005,3997.19995,4000.6001,103
2026-06-25 02:02,3999.1001,3999.80005,3997.3999,3999.5,70
2026-06-25 02:03,4000.6001,4000.6001,3997.5,3999.30005,50
2026-06-25 02:04,4001.69995,4001.80005,4000.5,4001.3999,26
2026-06-25 02:05,4000.30005,4004.6001,4000.30005,4002.1001,95
2026-06-25 02:06,4000.30005,4000.80005,3998.19995,4000.5,57
2026-06-25 02:07,4001.8999,4002.19995,4000.1001,4000.19995,22
2026-06-25 02:08,4001.69995,4002.8999,4001.1001,4001.1001,14
2026-06-25 02:09,4001.30005,4002.19995,4000.69995,4001.6001,15
2026-06-25 02:10,4000.80005,4001.8999,4000.3999,4001.0,14
2026-06-25 02:11,4001.1001,4001.1001,3998.80005,4001.0,29
2026-06-25 02:12,3997.69995,4000.80005,3996.3999,4000.80005,75
2026-06-25 02:13,3997.5,3998.69995,3996.80005,3998.0,48
2026-06-25 02:14,3995.8999,3997.30005,3995.80005,3996.6001,36
2026-06-25 02:15,3992.8999,3995.6001,3992.8999,3995.30005,109
2026-06-25 02:16,3992.1001,3994.19995,3991.30005,3993.19995,102
2026-06-25 02:17,3991.6001,3994.19995,3991.3999,3992.30005,88
2026-06-25 02:18,3993.3999,3993.69995,3991.0,3992.1001,44
2026-06-25 02:19,3990.19995,3993.30005,3990.19995,3992.69995,80
2026-06-25 02:20,3996.80005,3997.3999,3988.8999,3990.0,244
2026-06-25 02:21,3994.8999,3996.69995,3994.30005,3996.5,61
2026-06-25 02:22,3994.3999,3995.1001,3993.3999,3994.80005,58
2026-06-25 02:23,3994.3999,3994.5,3991.6001,3994.0,66
2026-06-25 02:24,3994.5,3994.5,3992.0,3993.69995,39
2026-06-25 02:25,3994.6001,3995.69995,3993.6001,3994.80005,79
2026-06-25 02:26,3996.6001,3997.69995,3994.69995,3994.69995,115
2026-06-25 02:27,3999.80005,4000.1001,3996.5,3996.69995,63
2026-06-25 02:28,3998.80005,4002.19995,3998.30005,3999.8999,117
2026-06-25 02:29,3999.6001,4000.19995,3997.69995,3998.69995,32
2026-06-25 02:30,3998.3999,3999.80005,3997.8999,3999.30005,21
2026-06-25 02:31,3994.69995,4000.5,3994.0,3998.6001,112
2026-06-25 02:32,3997.69995,3997.69995,3993.6001,3994.6001,115
2026-06-25 02:33,3995.80005,3998.19995,3995.30005,3998.19995,45
2026-06-25 02:34,3995.69995,3996.6001,3993.6001,3996.19995,35
2026-06-25 02:35,3993.30005,3995.80005,3991.80005,3995.69995,74
2026-06-25 02:36,3994.19995,3994.19995,3992.0,3992.5,83
2026-06-25 02:37,3993.80005,3995.0,3992.5,3994.6001,91
2026-06-25 02:38,3995.0,3995.80005,3993.80005,3993.8999,81
2026-06-25 02:39,3995.8999,3996.6001,3994.6001,3994.6001,28
2026-06-25 02:40,3994.3999,3995.69995,3992.80005,3995.30005,59
2026-06-25 02:41,3996.69995,3996.69995,3992.69995,3994.0,37
2026-06-25 02:42,3998.5,3998.80005,3996.6001,3996.6001,132
2026-06-25 02:43,3997.5,3998.80005,3996.0,3998.80005,312
2026-06-25 02:44,3997.0,3997.30005,3996.80005,3997.30005,9
2026-06-25 02:45,3999.30005,3999.3999,3997.5,3997.6001,70
2026-06-25 02:46,3997.8999,3999.3999,3997.6001,3999.1001,84
2026-06-25 02:47,3997.3999,3998.6001,3996.80005,3998.30005,190
2026-06-25 02:48,3997.30005,3997.5,3996.19995,3996.8999,56
2026-06-25 02:49,3998.0,3998.30005,3997.0,3997.69995,20
2026-06-25 02:50,3999.19995,3999.3999,3997.80005,3998.1001,76
2026-06-25 02:51,3997.8999,3998.8999,3997.5,3998.8999,50
2026-06-25 02:52,3997.69995,3998.69995,3997.0,3997.69995,69
2026-06-25 02:53,3995.1001,3997.0,3994.69995,3996.80005,59
2026-06-25 02:54,3993.0,3995.1001,3993.0,3994.69995,48
2026-06-25 02:55,3995.3999,3995.3999,3992.0,3992.80005,61
2026-06-25 02:56,3994.1001,3996.19995,3993.8999,3995.30005,30
2026-06-25 02:57,3991.80005,3994.0,3991.30005,3994.0,103
2026-06-25 02:58,3993.80005,3994.19995,3991.1001,3992.19995,99
2026-06-25 02:59,3992.69995,3995.80005,3992.19995,3994.0,97
2026-06-25 03:00,3989.30005,3993.1001,3989.30005,3992.5,146
2026-06-25 03:01,3989.1001,3990.5,3988.5,3989.5,108
2026-06-25 03:02,3989.80005,3990.3999,3988.80005,3989.1001,43
2026-06-25 03:03,3991.8999,3993.3999,3990.0,3990.1001,102
2026-06-25 03:04,3995.0,3995.1001,3991.30005,3991.6001,80
2026-06-25 03:05,3994.19995,3997.69995,3993.69995,3995.19995,102
2026-06-25 03:06,3996.19995,3997.5,3994.19995,3994.5,68
2026-06-25 03:07,3997.8999,3998.3999,3996.30005,3996.30005,75
2026-06-25 03:08,3998.1001,3999.5,3998.0,3998.5,89
2026-06-25 03:09,3999.8999,4000.8999,3998.69995,3998.80005,285
2026-06-25 03:10,3998.6001,4000.3999,3998.19995,4000.3999,50
2026-06-25 03:11,4000.0,4001.5,3997.8999,3998.3999,210
2026-06-25 03:12,3996.8999,4000.3999,3996.5,4000.30005,76
2026-06-25 03:13,3995.30005,3997.1001,3993.80005,3996.80005,66
2026-06-25 03:14,3995.30005,3996.6001,3995.0,3995.30005,68
2026-06-25 03:15,3993.8999,3996.19995,3993.19995,3995.0,57
2026-06-25 03:16,3993.30005,3994.0,3992.8999,3993.8999,55
2026-06-25 03:17,3996.6001,3996.6001,3993.1001,3993.19995,55
2026-06-25 03:18,3998.5,3998.8999,3996.19995,3996.6001,69
2026-06-25 03:19,4000.0,4000.19995,3997.1001,3998.30005,58
2026-06-25 03:20,3999.0,4002.0,3999.0,4000.1001,205
2026-06-25 03:21,3997.30005,4000.1001,3996.3999,3999.0,77
2026-06-25 03:22,3996.5,3998.19995,3995.1001,3998.1001,54
2026-06-25 03:23,3999.0,3999.0,3995.3999,3996.3999,59
2026-06-25 03:24,3999.30005,4000.1001,3998.8999,3999.19995,45
2026-06-25 03:25,3998.30005,4000.0,3998.0,3999.30005,73
2026-06-25 03:26,3998.69995,3998.69995,3997.5,3998.3999,29
2026-06-25 03:27,4003.69995,4003.69995,3998.8999,3998.8999,83
2026-06-25 03:28,4003.80005,4005.5,4003.1001,4004.0,151
2026-06-25 03:29,4000.80005,4004.19995,4000.80005,4004.19995,120
2026-06-25 03:30,4001.69995,4001.69995,3998.30005,4000.8999,203
2026-06-25 03:31,4001.6001,4002.5,4000.80005,4002.30005,132
2026-06-25 03:32,4001.6001,4005.1001,4001.6001,4001.8999,96
2026-06-25 03:33,3999.3999,4002.0,3999.3999,4002.0,71
2026-06-25 03:34,3998.19995,4000.30005,3997.6001,3999.80005,83
2026-06-25 03:35,3998.69995,4000.3999,3997.3999,3998.8999,66
2026-06-25 03:36,3998.3999,3998.3999,3997.0,3998.3999,50
2026-06-25 03:37,3997.1001,3998.69995,3997.1001,3997.6001,39
2026-06-25 03:38,3996.80005,3997.5,3995.6001,3996.8999,82
2026-06-25 03:39,3993.30005,3996.6001,3993.30005,3996.6001,135
2026-06-25 03:40,3993.80005,3995.1001,3993.1001,3993.19995,68
2026-06-25 03:41,3994.69995,3994.80005,3992.19995,3993.19995,121
2026-06-25 03:42,3993.30005,3996.8999,3993.30005,3995.0,137
2026-06-25 03:43,3991.6001,3994.30005,3991.19995,3993.30005,72
2026-06-25 03:44,3989.80005,3991.69995,3988.80005,3991.69995,109
2026-06-25 03:45,3989.1001,3990.5,3986.6001,3989.5,133
2026-06-25 03:46,3991.1001,3992.0,3989.0,3989.3999,121
2026-06-25 03:47,3991.19995,3991.30005,3989.5,3991.30005,46
2026-06-25 03:48,3992.1001,3993.0,3990.30005,3990.8999,133
2026-06-25 03:49,3992.80005,3993.0,3991.3999,3991.8999,55
2026-06-25 03:50,3991.6001,3993.6001,3991.3999,3993.0,48
2026-06-25 03:51,3992.6001,3993.0,3990.69995,3991.3999,33
2026-06-25 03:52,3992.19995,3993.19995,3991.30005,3992.6001,63
2026-06-25 03:53,3992.3999,3992.69995,3991.1001,3992.30005,35
2026-06-25 03:54,3992.80005,3993.0,3990.19995,3992.69995,104
2026-06-25 03:55,3994.19995,3994.5,3992.0,3992.8999,55
2026-06-25 03:56,3998.30005,3998.5,3993.1001,3994.0,115
2026-06-25 03:57,3997.80005,3998.6001,3997.3999,3997.8999,28
2026-06-25 03:58,4003.30005,4004.80005,3997.80005,3997.80005,323
2026-06-25 03:59,4003.5,4004.5,4002.3999,4003.1001,98
2026-06-25 04:00,4006.1001,4006.19995,4002.8999,4003.6001,240
2026-06-25 04:01,4007.69995,4008.6001,4005.6001,4006.1001,100
2026-06-25 04:02,4010.0,4011.1001,4006.69995,4007.69995,188
2026-06-25 04:03,4007.1001,4010.3999,4005.1001,4010.30005,156
2026-06-25 04:04,4006.30005,4007.80005,4005.80005,4007.30005,98
2026-06-25 04:05,4007.0,4008.5,4006.8999,4006.8999,66
2026-06-25 04:06,4006.30005,4008.5,4006.1001,4007.1001,69
2026-06-25 04:07,4005.3999,4007.19995,4004.80005,4006.8999,64
2026-06-25 04:08,4003.8999,4005.8999,4003.8999,4004.6001,55
2026-06-25 04:09,4004.5,4004.6001,4003.5,4003.5,49
2026-06-25 04:10,4003.80005,4003.80005,4001.30005,4003.80005,99
2026-06-25 04:11,4001.0,4004.3999,4000.30005,4004.30005,66
2026-06-25 04:12,4005.0,4005.19995,4000.19995,4001.0,127
2026-06-25 04:13,4005.1001,4005.3999,4001.69995,4005.1001,81
2026-06-25 04:14,4002.6001,4005.5,4002.6001,4004.80005,28
2026-06-25 04:15,4003.19995,4003.3999,4002.1001,4003.0,76
2026-06-25 04:16,4004.8999,4005.0,4003.1001,4003.1001,68
2026-06-25 04:17,4009.30005,4010.6001,4004.8999,4005.0,107
2026-06-25 04:18,4010.1001,4010.30005,4008.3999,4008.8999,662
2026-06-25 04:19,4010.5,4010.80005,4009.0,4010.6001,74
2026-06-25 04:20,4012.8999,4013.30005,4010.6001,4010.6001,536
2026-06-25 04:21,4013.8999,4014.1001,4011.30005,4013.1001,115
2026-06-25 04:22,4014.3999,4017.1001,4013.30005,4013.6001,133
2026-06-25 04:23,4014.3999,4015.5,4012.69995,4014.0,88
2026-06-25 04:24,4012.8999,4014.80005,4012.5,4014.19995,56
2026-06-25 04:25,4009.6001,4012.69995,4009.5,4012.69995,74
2026-06-25 04:26,4009.80005,4009.8999,4008.30005,4009.80005,88
2026-06-25 04:27,4010.3999,4010.80005,4008.0,4009.3999,82
2026-06-25 04:28,4010.5,4011.3999,4010.30005,4010.5,32
2026-06-25 04:29,4009.3999,4010.19995,4008.8999,4009.5,45
2026-06-25 04:30,4011.80005,4012.30005,4009.80005,4009.80005,95
2026-06-25 04:31,4014.19995,4014.19995,4011.5,4012.0,37
2026-06-25 04:32,4013.19995,4013.19995,4012.1001,4013.0,26
2026-06-25 04:33,4015.0,4015.3999,4013.5,4013.6001,59
2026-06-25 04:34,4016.80005,4016.8999,4014.3999,4014.6001,86
2026-06-25 04:35,4012.5,4016.5,4012.3999,4016.19995,108
2026-06-25 04:36,4014.3999,4014.3999,4011.8999,4012.19995,39
2026-06-25 04:37,4012.69995,4015.30005,4012.6001,4015.30005,148
2026-06-25 04:38,4012.69995,4013.19995,4011.8999,4012.69995,46
2026-06-25 04:39,4017.5,4017.5,4013.5,4013.8999,112
2026-06-25 04:40,4015.5,4017.8999,4015.5,4017.0,223
2026-06-25 04:41,4016.5,4016.5,4015.0,4015.30005,32
2026-06-25 04:42,4014.80005,4016.6001,4014.5,4016.5,59
2026-06-25 04:43,4015.0,4015.5,4013.8999,4014.1001,41
2026-06-25 04:44,4015.30005,4016.19995,4014.80005,4015.0,47
2026-06-25 04:45,4011.8999,4015.3999,4011.80005,4015.3999,241
2026-06-25 04:46,4011.8999,4013.0,4011.8999,4012.3999,81
2026-06-25 04:47,4009.80005,4012.1001,4009.0,4011.69995,78
2026-06-25 04:48,4008.0,4011.30005,4007.1001,4010.0,135
2026-06-25 04:49,4008.6001,4008.8999,4007.6001,4008.0,77
2026-06-25 04:50,4007.5,4008.80005,4005.5,4008.19995,159
2026-06-25 04:51,4009.30005,4009.30005,4007.0,4007.1001,34
2026-06-25 04:52,4008.1001,4008.80005,4007.3999,4008.80005,51
2026-06-25 04:53,4008.30005,4009.5,4008.30005,4009.1001,36
2026-06-25 04:54,4006.80005,4008.30005,4006.5,4008.0,17
2026-06-25 04:55,4006.1001,4006.80005,4005.0,4006.1001,41
2026-06-25 04:56,4004.6001,4006.19995,4004.6001,4005.8999,32
2026-06-25 04:57,4006.1001,4006.1001,4005.0,4005.1001,24
2026-06-25 04:58,4004.3999,4005.8999,4004.19995,4005.5,69
2026-06-25 04:59,4004.8999,4004.8999,4004.19995,4004.3999,17
2026-06-25 05:00,4005.8999,4007.30005,4004.6001,4004.8999,110
2026-06-25 05:01,4008.1001,4008.3999,4006.1001,4006.3999,144
2026-06-25 05:02,4007.8999,4007.8999,4005.8999,4007.5,31
2026-06-25 05:03,4009.0,4009.19995,4007.30005,4008.0,50
2026-06-25 05:04,4011.5,4011.6001,4009.6001,4009.6001,89
2026-06-25 05:05,4010.19995,4012.0,4009.80005,4011.6001,86
2026-06-25 05:06,4010.19995,4010.8999,4009.8999,4010.3999,32
2026-06-25 05:07,4009.5,4011.19995,4009.5,4010.69995,25
2026-06-25 05:08,4008.6001,4010.1001,4008.30005,4010.1001,36
2026-06-25 05:09,4007.0,4009.6001,4007.0,4009.1001,37
2026-06-25 05:10,4008.30005,4008.30005,4006.69995,4006.80005,21
2026-06-25 05:11,4009.0,4009.1001,4007.6001,4008.69995,17
2026-06-25 05:12,4008.8999,4009.3999,4008.3999,4008.69995,12
2026-06-25 05:13,4007.80005,4009.1001,4007.5,4009.1001,19
2026-06-25 05:14,4006.8999,4008.1001,4006.8999,4007.3999,37
2026-06-25 05:15,4006.30005,4007.1001,4005.6001,4006.3999,38
2026-06-25 05:16,4008.8999,4008.8999,4006.1001,4006.69995,29
2026-06-25 05:17,4005.80005,4009.30005,4005.80005,4009.30005,52
2026-06-25 05:18,4004.80005,4006.5,4004.69995,4006.19995,34
2026-06-25 05:19,4006.30005,4006.30005,4005.30005,4005.30005,71
2026-06-25 05:20,4008.69995,4009.6001,4007.30005,4007.30005,38
2026-06-25 05:21,4008.6001,4009.5,4008.3999,4009.3999,31
2026-06-25 05:22,4010.5,4010.5,4007.80005,4008.0,66
2026-06-25 05:23,4009.80005,4011.1001,4009.80005,4010.1001,22
2026-06-25 05:24,4010.0,4010.69995,4009.0,4009.8999,40
2026-06-25 05:25,4010.0,4010.8999,4010.0,4010.19995,56
2026-06-25 05:26,4009.1001,4009.80005,4008.5,4009.80005,13
2026-06-25 05:27,4009.5,4009.69995,4008.1001,4009.19995,57
2026-06-25 05:28,4010.0,4010.6001,4009.30005,4009.6001,30
2026-06-25 05:29,4009.69995,4010.8999,4008.5,4009.69995,95
2026-06-25 05:30,4010.80005,4011.3999,4009.6001,4010.0,69
2026-06-25 05:31,4009.8999,4011.80005,4009.3999,4010.5,90
2026-06-25 05:32,4011.1001,4011.8999,4009.1001,4010.0,172
2026-06-25 05:33,4013.1001,4013.1001,4010.69995,4011.19995,165
2026-06-25 05:34,4009.6001,4013.5,4009.5,4013.1001,253
2026-06-25 05:35,4005.3999,4009.69995,4004.0,4009.69995,219
2026-06-25 05:36,4003.0,4006.3999,4003.0,4005.8999,99
2026-06-25 05:37,4006.69995,4007.19995,4001.8999,4002.8999,339
2026-06-25 05:38,4007.30005,4007.6001,4007.0,4007.0,16
2026-06-25 05:39,4007.30005,4008.30005,4007.0,4007.0,45
2026-06-25 05:40,4006.30005,4007.5,4005.6001,4007.3999,53
2026-06-25 05:41,4005.3999,4006.19995,4004.1001,4006.19995,87
2026-06-25 05:42,4004.69995,4005.80005,4004.5,4005.6001,30
2026-06-25 05:43,4004.1001,4005.69995,4003.80005,4004.80005,59
2026-06-25 05:44,4003.80005,4004.1001,4002.6001,4004.1001,46
2026-06-25 05:45,4003.8999,4004.6001,4003.3999,4003.3999,23
2026-06-25 05:46,4004.69995,4004.8999,4004.0,4004.0,15
2026-06-25 05:47,4004.6001,4005.19995,4003.30005,4004.5,63
2026-06-25 05:48,4004.30005,4004.8999,4003.6001,4004.80005,30
2026-06-25 05:49,4004.80005,4005.3999,4004.6001,4004.6001,15
2026-06-25 05:50,4005.80005,4006.0,4004.5,4004.5,69
2026-06-25 05:51,4006.3999,4007.19995,4005.3999,4006.0,65
2026-06-25 05:52,4006.19995,4007.3999,4006.19995,4006.30005,26
2026-06-25 05:53,4005.19995,4006.30005,4004.80005,4005.8999,27
2026-06-25 05:54,4006.19995,4006.19995,4004.5,4005.1001,70
2026-06-25 05:55,4006.69995,4007.3999,4006.30005,4006.30005,37
2026-06-25 05:56,4008.80005,4008.80005,4006.5,4006.5,42
2026-06-25 05:57,4005.1001,4008.5,4005.1001,4008.3999,48
2026-06-25 05:58,4005.0,4006.0,4004.80005,4005.19995,36
2026-06-25 05:59,4003.3999,4005.0,4002.69995,4004.8999,27
2026-06-25 06:00,4003.69995,4004.6001,4002.6001,4003.0,53
2026-06-25 06:01,4003.80005,4004.30005,4003.1001,4003.6001,19
2026-06-25 06:02,4003.3999,4003.6001,4002.80005,4003.3999,17
2026-06-25 06:03,4001.0,4002.8999,4000.3999,4002.8999,80
2026-06-25 06:04,4001.80005,4001.80005,4000.69995,4001.1001,26
2026-06-25 06:05,4002.30005,4002.3999,4001.30005,4002.0,40
2026-06-25 06:06,4002.1001,4002.1001,4001.5,4002.1001,52
2026-06-25 06:07,4002.30005,4002.5,4001.30005,4002.0,24
2026-06-25 06:08,4003.1001,4003.1001,4001.69995,4002.1001,37
2026-06-25 06:09,4002.3999,4003.19995,4002.3999,4003.19995,8
2026-06-25 06:10,4000.30005,4003.6001,3999.6001,4002.0,83
2026-06-25 06:11,4000.3999,4000.80005,3999.1001,4000.5,135
2026-06-25 06:12,4000.1001,4000.1001,3998.69995,4000.0,70
2026-06-25 06:13,3999.3999,4000.69995,3999.3999,4000.1001,72
2026-06-25 06:14,3999.19995,3999.69995,3998.80005,3999.69995,27
2026-06-25 06:15,3998.8999,3999.5,3998.19995,3999.30005,47
2026-06-25 06:16,4000.8999,4001.69995,3998.19995,3998.69995,63
2026-06-25 06:17,3999.6001,4000.8999,3998.8999,4000.8999,23
2026-06-25 06:18,4002.0,4002.0,3999.5,3999.5,30
2026-06-25 06:19,3999.80005,4002.0,3999.5,4002.0,21
2026-06-25 06:20,3999.3999,3999.69995,3998.8999,3999.5,21
2026-06-25 06:21,3999.80005,3999.8999,3999.0,3999.5,38
2026-06-25 06:22,3999.8999,4000.30005,3999.19995,3999.5,66
2026-06-25 06:23,4000.6001,4001.19995,4000.19995,4000.19995,55
2026-06-25 06:24,4000.5,4001.69995,4000.3999,4001.19995,38
2026-06-25 06:25,4002.80005,4002.80005,4000.69995,4001.1001,32
2026-06-25 06:26,4001.8999,4002.80005,4001.3999,4002.69995,16
2026-06-25 06:27,4001.5,4001.69995,4000.8999,4001.5,40
2026-06-25 06:28,4002.3999,4002.5,4001.1001,4001.69995,30
2026-06-25 06:29,4004.6001,4004.6001,4002.5,4002.5,53
2026-06-25 06:30,4002.5,4004.3999,4002.0,4004.3999,52
2026-06-25 06:31,4000.8999,4002.3999,4000.19995,4002.3999,117
2026-06-25 06:32,4000.5,4001.0,3999.80005,4000.3999,148
2026-06-25 06:33,4002.1001,4002.30005,4000.30005,4000.5,33
2026-06-25 06:34,4002.19995,4002.8999,4001.69995,4002.0,12
2026-06-25 06:35,4002.0,4003.1001,4001.19995,4001.69995,55
2026-06-25 06:36,4003.6001,4003.6001,4001.19995,4001.5,42
2026-06-25 06:37,4002.69995,4003.6001,4002.3999,4003.6001,32
2026-06-25 06:38,4001.5,4003.19995,4001.5,4002.6001,53
2026-06-25 06:39,4002.69995,4002.69995,4001.69995,4001.8999,15
2026-06-25 06:40,4001.8999,4002.5,4001.80005,4002.5,7
2026-06-25 06:41,4001.1001,4001.80005,3999.8999,4001.3999,40
2026-06-25 06:42,4000.3999,4001.30005,4000.3999,4001.0,12
2026-06-25 06:43,4000.30005,4001.6001,4000.1001,4000.1001,23
2026-06-25 06:44,4000.80005,4000.80005,4000.3999,4000.5,10
2026-06-25 06:45,3998.6001,4000.6001,3997.6001,4000.6001,80
2026-06-25 06:46,3998.6001,3999.0,3997.69995,3999.0,14
2026-06-25 06:47,3997.80005,3998.80005,3997.80005,3998.5,40
2026-06-25 06:48,3998.0,3998.3999,3997.3999,3997.80005,49
2026-06-25 06:49,3999.1001,3999.1001,3997.8999,3998.19995,21
2026-06-25 06:50,3999.80005,4000.30005,3999.1001,3999.1001,12
2026-06-25 06:51,4000.3999,4000.5,3999.80005,3999.80005,17
2026-06-25 06:52,3998.1001,4000.6001,3997.5,4000.30005,51
2026-06-25 06:53,3998.3999,3998.5,3997.0,3997.6001,70
2026-06-25 06:54,3997.69995,3998.5,3997.30005,3998.5,14
2026-06-25 06:55,3997.8999,3998.0,3996.80005,3997.8999,50
2026-06-25 06:56,3998.80005,3998.8999,3997.69995,3997.69995,38
2026-06-25 06:57,3997.5,3998.6001,3996.3999,3998.6001,77
2026-06-25 06:58,3997.6001,3998.1001,3997.1001,3997.69995,16
2026-06-25 06:59,3999.5,3999.80005,3998.0,3998.0,19
2026-06-25 07:00,4000.3999,4000.69995,3998.6001,4000.0,48
2026-06-25 07:01,3998.1001,4001.1001,3997.8999,4000.5,79
2026-06-25 07:02,3998.5,3998.5,3997.1001,3998.30005,31
2026-06-25 07:03,3998.80005,3999.30005,3998.19995,3998.80005,37
2026-06-25 07:04,4000.1001,4000.1001,3998.1001,3998.5,21
2026-06-25 07:05,3998.69995,3999.8999,3997.8999,3999.69995,50
2026-06-25 07:06,3999.8999,3999.8999,3998.6001,3998.6001,16
2026-06-25 07:07,4000.30005,4000.5,3999.6001,3999.8999,12
2026-06-25 07:08,3999.8999,4000.8999,3999.8999,4000.30005,74
2026-06-25 07:09,3999.5,3999.8999,3998.6001,3999.8999,107
2026-06-25 07:10,3999.0,3999.3999,3998.3999,3999.30005,20
2026-06-25 07:11,4000.30005,4000.69995,3998.8999,3999.30005,19
2026-06-25 07:12,3998.3999,4000.1001,3998.3999,4000.1001,28
2026-06-25 07:13,3998.0,3998.6001,3997.69995,3997.8999,25
2026-06-25 07:14,3998.3999,3998.6001,3997.0,3997.8999,35
2026-06-25 07:15,3997.30005,3998.1001,3996.19995,3998.1001,50
2026-06-25 07:16,3994.0,3997.30005,3994.0,3997.30005,229
2026-06-25 07:17,3992.6001,3994.0,3991.0,3994.0,386
2026-06-25 07:18,3997.1001,3997.1001,3993.0,3993.0,88
2026-06-25 07:19,3997.0,3998.30005,3996.30005,3996.8999,62
2026-06-25 07:20,3996.69995,3997.5,3996.30005,3996.6001,22
2026-06-25 07:21,3997.69995,3997.69995,3996.30005,3996.5,16
2026-06-25 07:22,3996.80005,3997.5,3996.30005,3997.5,9
2026-06-25 07:23,3995.19995,3997.1001,3994.80005,3996.80005,70
2026-06-25 07:24,3996.19995,3996.5,3995.30005,3995.5,35
2026-06-25 07:25,3995.3999,3995.5,3994.69995,3995.19995,12
2026-06-25 07:26,3995.30005,3995.80005,3994.30005,3995.1001,52
2026-06-25 07:27,3992.1001,3995.30005,3991.6001,3995.0,186
2026-06-25 07:28,3993.3999,3994.0,3992.19995,3992.19995,58
2026-06-25 07:29,3992.30005,3993.5,3992.1001,3993.5,70
2026-06-25 07:30,3993.0,3993.69995,3991.5,3992.0,81
2026-06-25 07:31,3996.30005,3996.30005,3993.0,3993.0,37
2026-06-25 07:32,3994.19995,3996.6001,3994.0,3996.30005,39
2026-06-25 07:33,3994.19995,3994.5,3993.5,3993.6001,10
2026-06-25 07:34,3992.19995,3994.1001,3991.5,3994.1001,108
2026-06-25 07:35,3990.30005,3992.5,3989.8999,3992.1001,203
2026-06-25 07:36,3988.6001,3991.19995,3988.6001,3990.5,113
2026-06-25 07:37,3992.69995,3992.69995,3988.6001,3988.6001,87
2026-06-25 07:38,3993.19995,3993.6001,3991.8999,3992.8999,32
2026-06-25 07:39,3997.19995,3997.3999,3993.0,3993.30005,95
2026-06-25 07:40,3999.30005,3999.6001,3997.19995,3997.3999,101
2026-06-25 07:41,3999.6001,3999.80005,3998.5,3999.0,56
2026-06-25 07:42,4000.6001,4000.8999,3999.5,3999.69995,67
2026-06-25 07:43,4000.5,4001.1001,3999.8999,4000.19995,33
2026-06-25 07:44,3999.8999,4001.5,3999.80005,4000.3999,37
2026-06-25 07:45,4002.6001,4003.19995,4000.30005,4000.30005,80
2026-06-25 07:46,4000.30005,4003.1001,3999.80005,4002.8999,52
2026-06-25 07:47,4001.30005,4001.30005,4000.3999,4000.3999,70
2026-06-25 07:48,4000.19995,4001.8999,3999.8999,4001.69995,25
2026-06-25 07:49,4001.0,4001.30005,4000.0,4000.30005,59
2026-06-25 07:50,3998.8999,4001.80005,3998.80005,4000.80005,76
2026-06-25 07:51,4000.1001,4000.6001,3997.30005,3998.6001,87
2026-06-25 07:52,3998.6001,4001.30005,3998.6001,4000.19995,30
2026-06-25 07:53,3998.19995,3998.5,3997.19995,3997.8999,36
2026-06-25 07:54,3997.6001,4000.0,3997.6001,3998.6001,30
2026-06-25 07:55,3996.1001,3997.3999,3995.8999,3997.30005,56
2026-06-25 07:56,3997.0,3997.0,3995.3999,3995.8999,19
2026-06-25 07:57,3996.30005,3997.1001,3996.1001,3997.1001,26
2026-06-25 07:58,3996.19995,3996.3999,3994.3999,3996.3999,55
2026-06-25 07:59,3995.30005,3996.19995,3994.80005,3996.19995,16
2026-06-25 08:00,3997.8999,3999.19995,3995.19995,3995.3999,97
2026-06-25 08:01,3999.19995,3999.19995,3997.19995,3998.0,92
2026-06-25 08:02,3997.69995,3999.8999,3997.5,3999.3999,124
2026-06-25 08:03,3996.0,3997.69995,3995.80005,3997.69995,25
2026-06-25 08:04,3998.0,3998.0,3996.1001,3996.1001,39
2026-06-25 08:05,3998.69995,3998.69995,3996.80005,3997.5,18
2026-06-25 08:06,3997.1001,3998.3999,3997.1001,3997.80005,53
2026-06-25 08:07,3997.5,3998.3999,3996.19995,3997.0,71
2026-06-25 08:08,3996.3999,3998.0,3994.6001,3997.8999,131
2026-06-25 08:09,3998.6001,3998.6001,3996.5,3996.5,56
2026-06-25 08:10,3996.19995,3997.8999,3995.6001,3997.69995,54
2026-06-25 08:11,3997.5,3998.19995,3995.0,3995.0,48
2026-06-25 08:12,3997.19995,3998.6001,3995.8999,3997.19995,78
2026-06-25 08:13,3996.0,3997.30005,3995.5,3996.6001,55
2026-06-25 08:14,3997.6001,3997.69995,3995.3999,3995.6001,39
2026-06-25 08:15,3997.1001,3997.80005,3996.19995,3997.5,34
2026-06-25 08:16,3998.0,3999.5,3997.0,3997.19995,34
2026-06-25 08:17,3996.0,3998.0,3995.0,3998.0,30
2026-06-25 08:18,4000.30005,4000.69995,3995.5,3995.6001,165
2026-06-25 08:19,3998.1001,4001.19995,3998.1001,4000.5,80
2026-06-25 08:20,3995.0,3998.5,3994.69995,3998.3999,141
2026-06-25 08:21,3994.5,3995.69995,3993.5,3995.0,140
2026-06-25 08:22,3996.0,3996.6001,3994.3999,3994.3999,70
2026-06-25 08:23,3994.5,3996.30005,3994.0,3996.19995,61
2026-06-25 08:24,3994.80005,3995.0,3994.0,3994.19995,72
2026-06-25 08:25,3996.69995,3997.0,3994.19995,3995.3999,124
2026-06-25 08:26,3994.3999,3997.0,3993.8999,3996.19995,77
2026-06-25 08:27,3996.19995,3996.19995,3994.1001,3994.3999,107
2026-06-25 08:28,3999.8999,3999.8999,3994.19995,3996.8999,263
2026-06-25 08:29,3999.5,4001.19995,3998.0,4000.0,155
2026-06-25 08:30,4024.69995,4027.3999,3998.30005,4000.30005,2079
2026-06-25 08:31,4011.19995,4023.8999,4009.80005,4023.69995,747
2026-06-25 08:32,4015.0,4016.0,4011.0,4011.30005,301
2026-06-25 08:33,4011.5,4014.69995,4010.8999,4014.3999,190
2026-06-25 08:34,4010.69995,4013.0,4009.1001,4011.8999,238
2026-06-25 08:35,4007.19995,4011.0,4004.80005,4011.0,382
2026-06-25 08:36,4018.30005,4019.1001,4006.69995,4006.69995,491
2026-06-25 08:37,4023.19995,4023.19995,4018.0,4018.5,550
2026-06-25 08:38,4017.80005,4022.80005,4016.19995,4022.80005,238
2026-06-25 08:39,4014.0,4019.6001,4013.0,4018.0,362
2026-06-25 08:40,4009.80005,4014.6001,4007.69995,4013.69995,354
2026-06-25 08:41,4011.8999,4012.69995,4008.0,4009.80005,347
2026-06-25 08:42,4018.80005,4021.1001,4011.19995,4011.30005,319
2026-06-25 08:43,4019.8999,4021.30005,4015.19995,4018.1001,284
2026-06-25 08:44,4021.3999,4022.6001,4017.69995,4019.80005,472
2026-06-25 08:45,4022.69995,4025.0,4019.3999,4021.8999,343
2026-06-25 08:46,4025.3999,4027.5,4022.5,4023.30005,313
2026-06-25 08:47,4029.3999,4030.19995,4023.6001,4025.5,303
2026-06-25 08:48,4032.30005,4034.19995,4028.6001,4029.3999,514
2026-06-25 08:49,4029.5,4032.1001,4027.5,4032.1001,415
2026-06-25 08:50,4030.1001,4030.69995,4026.6001,4030.19995,418
2026-06-25 08:51,4029.1001,4031.0,4027.19995,4029.6001,214
2026-06-25 08:52,4029.80005,4031.30005,4028.5,4029.6001,113
2026-06-25 08:53,4030.8999,4035.1001,4029.3999,4029.5,293
2026-06-25 08:54,4031.5,4032.1001,4030.0,4030.69995,163
2026-06-25 08:55,4030.19995,4032.5,4028.69995,4032.0,330
2026-06-25 08:56,4029.19995,4030.80005,4028.80005,4030.30005,121
2026-06-25 08:57,4027.19995,4029.3999,4027.1001,4028.6001,170
2026-06-25 08:58,4025.19995,4027.69995,4024.19995,4027.6001,240
2026-06-25 08:59,4028.19995,4028.6001,4025.30005,4025.30005,122
2026-06-25 09:00,4037.6001,4040.69995,4027.3999,4028.19995,787
2026-06-25 09:01,4043.69995,4044.80005,4036.1001,4037.8999,545
2026-06-25 09:02,4049.1001,4049.8999,4043.5,4043.80005,957
2026-06-25 09:03,4046.80005,4049.30005,4043.30005,4049.0,513
2026-06-25 09:04,4044.80005,4049.3999,4044.80005,4047.0,352
2026-06-25 09:05,4041.69995,4045.3999,4039.80005,4045.1001,499
2026-06-25 09:06,4043.6001,4044.8999,4041.0,4041.80005,216
2026-06-25 09:07,4047.1001,4048.1001,4042.1001,4043.19995,338
2026-06-25 09:08,4048.1001,4048.8999,4046.1001,4047.3999,240
2026-06-25 09:09,4045.3999,4049.6001,4044.8999,4048.0,290
2026-06-25 09:10,4044.0,4047.0,4041.19995,4045.8999,194
2026-06-25 09:11,4047.3999,4048.0,4043.30005,4043.5,105
2026-06-25 09:12,4046.0,4049.3999,4044.6001,4046.69995,185
2026-06-25 09:13,4048.5,4049.6001,4045.0,4045.69995,209
2026-06-25 09:14,4046.80005,4048.1001,4046.0,4048.0,102
2026-06-25 09:15,4045.5,4046.8999,4042.1001,4046.80005,324
2026-06-25 09:16,4042.80005,4047.1001,4042.5,4045.6001,158
2026-06-25 09:17,4041.19995,4043.1001,4040.30005,4042.19995,194
2026-06-25 09:18,4039.6001,4041.69995,4038.19995,4041.69995,280
2026-06-25 09:19,4038.6001,4040.0,4036.1001,4038.80005,242
2026-06-25 09:20,4043.19995,4043.30005,4038.3999,4038.8999,207
2026-06-25 09:21,4043.80005,4044.80005,4042.30005,4043.80005,240
2026-06-25 09:22,4043.0,4046.19995,4042.69995,4043.6001,217
2026-06-25 09:23,4041.30005,4045.1001,4041.19995,4043.30005,194
2026-06-25 09:24,4037.8999,4042.1001,4035.6001,4041.19995,321
2026-06-25 09:25,4037.8999,4040.0,4036.69995,4037.80005,146
2026-06-25 09:26,4036.80005,4039.69995,4036.30005,4038.80005,89
2026-06-25 09:27,4035.6001,4037.19995,4034.3999,4037.1001,132
2026-06-25 09:28,4035.30005,4037.0,4034.5,4035.30005,116
2026-06-25 09:29,4037.80005,4038.69995,4035.19995,4035.6001,201
2026-06-25 09:30,4040.19995,4044.19995,4037.0,4037.8999,640
2026-06-25 09:31,4034.69995,4039.5,4033.8999,4039.19995,265
2026-06-25 09:32,4032.30005,4034.6001,4030.69995,4034.6001,491
2026-06-25 09:33,4031.0,4034.8999,4029.5,4032.1001,553
2026-06-25 09:34,4029.69995,4031.69995,4029.3999,4031.1001,202
2026-06-25 09:35,4033.80005,4033.80005,4028.5,4029.8999,242
2026-06-25 09:36,4041.5,4041.5,4033.6001,4034.5,665
2026-06-25 09:37,4040.80005,4042.6001,4038.0,4041.80005,416
2026-06-25 09:38,4036.5,4041.5,4035.5,4041.30005,165
2026-06-25 09:39,4039.80005,4042.30005,4036.30005,4036.6001,278
2026-06-25 09:40,4034.19995,4039.5,4033.3999,4039.5,149
2026-06-25 09:41,4036.30005,4037.80005,4033.1001,4034.80005,186
2026-06-25 09:42,4035.0,4037.3999,4031.69995,4036.19995,368
2026-06-25 09:43,4032.0,4035.30005,4030.5,4034.80005,300
2026-06-25 09:44,4027.69995,4033.6001,4026.6001,4031.80005,315
2026-06-25 09:45,4026.3999,4030.69995,4025.5,4027.80005,488
2026-06-25 09:46,4025.5,4026.6001,4023.69995,4026.19995,297
2026-06-25 09:47,4024.69995,4028.3999,4024.5,4026.1001,238
2026-06-25 09:48,4028.8999,4032.0,4025.1001,4025.1001,351
2026-06-25 09:49,4028.3999,4029.6001,4027.5,4028.8999,117
2026-06-25 09:50,4033.19995,4033.80005,4029.19995,4029.3999,172
2026-06-25 09:51,4032.6001,4035.1001,4031.80005,4033.3999,316
2026-06-25 09:52,4026.69995,4033.3999,4025.30005,4033.3999,291
2026-06-25 09:53,4025.6001,4028.0,4024.3999,4026.8999,143
2026-06-25 09:54,4024.1001,4027.19995,4022.8999,4026.6001,378
2026-06-25 09:55,4019.8999,4026.0,4018.1001,4023.8999,631
2026-06-25 09:56,4017.80005,4022.30005,4017.30005,4020.30005,355
2026-06-25 09:57,4022.30005,4023.80005,4016.6001,4017.8999,477
2026-06-25 09:58,4019.3999,4022.80005,4018.5,4022.80005,225
2026-06-25 09:59,4017.5,4020.1001,4016.6001,4018.80005,229
2026-06-25 10:00,4017.69995,4022.5,4015.1001,4017.8999,958
2026-06-25 10:01,4021.80005,4024.30005,4017.1001,4017.8999,626
2026-06-25 10:02,4023.5,4024.80005,4020.30005,4022.19995,324
2026-06-25 10:03,4031.8999,4034.69995,4023.1001,4023.5,690
2026-06-25 10:04,4030.6001,4033.3999,4028.8999,4032.0,400
2026-06-25 10:05,4032.8999,4035.3999,4030.6001,4031.1001,237
2026-06-25 10:06,4035.0,4037.1001,4032.69995,4032.69995,356
2026-06-25 10:07,4033.30005,4037.19995,4031.0,4035.5,184
2026-06-25 10:08,4030.80005,4033.19995,4026.1001,4033.19995,234
2026-06-25 10:09,4032.69995,4037.8999,4031.1001,4031.3999,355
2026-06-25 10:10,4032.69995,4035.8999,4032.30005,4033.1001,184
2026-06-25 10:11,4032.30005,4032.80005,4029.1001,4032.80005,184
2026-06-25 10:12,4031.80005,4034.3999,4030.1001,4032.5,268
2026-06-25 10:13,4032.0,4032.8999,4030.0,4032.1001,88
2026-06-25 10:14,4032.3999,4032.3999,4029.69995,4032.0,117
2026-06-25 10:15,4032.5,4035.80005,4031.8999,4032.1001,349
2026-06-25 10:16,4032.8999,4033.3999,4030.80005,4032.80005,212
2026-06-25 10:17,4034.5,4034.5,4030.69995,4032.5,256
2026-06-25 10:18,4034.1001,4037.1001,4033.80005,4034.69995,327
2026-06-25 10:19,4033.5,4034.3999,4029.80005,4033.5,437
2026-06-25 10:20,4034.3999,4037.5,4033.3999,4033.3999,387
2026-06-25 10:21,4037.5,4038.80005,4033.5,4034.1001,386
2026-06-25 10:22,4033.19995,4037.19995,4033.19995,4037.19995,77
2026-06-25 10:23,4033.3999,4033.3999,4030.8999,4032.69995,102
2026-06-25 10:24,4030.3999,4033.5,4028.3999,4033.3999,286
2026-06-25 10:25,4029.8999,4031.8999,4028.6001,4030.69995,97
2026-06-25 10:26,4035.6001,4035.80005,4029.8999,4030.6001,128
2026-06-25 10:27,4038.6001,4040.5,4034.6001,4035.3999,465
2026-06-25 10:28,4042.8999,4044.3999,4038.1001,4038.80005,624
2026-06-25 10:29,4042.69995,4045.0,4040.1001,4042.3999,257
2026-06-25 10:30,4040.6001,4043.8999,4039.30005,4042.30005,191
2026-06-25 10:31,4042.19995,4042.30005,4038.1001,4040.3999,160
2026-06-25 10:32,4042.1001,4045.6001,4039.80005,4041.69995,416
2026-06-25 10:33,4041.8999,4044.5,4040.69995,4042.6001,101
2026-06-25 10:34,4041.5,4042.69995,4040.6001,4042.1001,54
2026-06-25 10:35,4039.3999,4043.1001,4037.69995,4041.8999,134
2026-06-25 10:36,4037.69995,4039.5,4037.1001,4039.0,149
2026-06-25 10:37,4033.3999,4038.0,4032.1001,4038.0,200
2026-06-25 10:38,4033.69995,4035.5,4033.6001,4033.6001,46
2026-06-25 10:39,4033.5,4035.3999,4032.80005,4033.0,77
2026-06-25 10:40,4033.8999,4035.69995,4031.3999,4033.6001,107
2026-06-25 10:41,4033.80005,4035.69995,4033.19995,4034.1001,59
2026-06-25 10:42,4035.3999,4035.3999,4032.69995,4033.69995,86
2026-06-25 10:43,4033.5,4035.5,4032.80005,4035.19995,104
2026-06-25 10:44,4035.80005,4036.0,4031.6001,4033.5,96
2026-06-25 10:45,4035.80005,4037.0,4034.30005,4036.0,83
2026-06-25 10:46,4031.5,4036.0,4031.5,4035.8999,120
2026-06-25 10:47,4031.5,4032.8999,4030.30005,4031.6001,131
2026-06-25 10:48,4033.6001,4033.8999,4031.30005,4031.8999,73
2026-06-25 10:49,4032.5,4033.8999,4031.69995,4033.69995,72
2026-06-25 10:50,4030.80005,4033.5,4030.3999,4032.5,34
2026-06-25 10:51,4035.30005,4036.1001,4031.1001,4031.1001,84
2026-06-25 10:52,4034.5,4035.6001,4034.1001,4034.5,164
2026-06-25 10:53,4029.8999,4034.8999,4028.80005,4034.8999,141
2026-06-25 10:54,4033.19995,4034.69995,4030.30005,4030.30005,216
2026-06-25 10:55,4031.8999,4033.6001,4030.8999,4033.0,95
2026-06-25 10:56,4030.80005,4032.5,4030.19995,4031.80005,108
2026-06-25 10:57,4027.30005,4030.8999,4026.80005,4030.8999,343
2026-06-25 10:58,4029.30005,4030.5,4027.30005,4027.30005,120
2026-06-25 10:59,4027.6001,4029.5,4027.19995,4028.8999,79
2026-06-25 11:00,4027.3999,4028.80005,4026.30005,4027.80005,121
2026-06-25 11:01,4026.0,4027.80005,4026.0,4027.6001,94
2026-06-25 11:02,4028.19995,4028.19995,4025.19995,4026.1001,180
2026-06-25 11:03,4026.5,4027.69995,4024.80005,4027.69995,107
2026-06-25 11:04,4030.5,4031.0,4026.19995,4026.6001,109
2026-06-25 11:05,4030.69995,4034.6001,4029.5,4030.19995,189
2026-06-25 11:06,4033.1001,4034.0,4030.5,4030.6001,136
2026-06-25 11:07,4034.19995,4036.0,4032.80005,4032.80005,310
2026-06-25 11:08,4033.8999,4035.3999,4033.0,4034.3999,97
2026-06-25 11:09,4032.19995,4034.80005,4031.0,4033.6001,118
2026-06-25 11:10,4030.3999,4032.5,4029.6001,4032.1001,50
2026-06-25 11:11,4022.6001,4030.3999,4022.6001,4030.3999,485
2026-06-25 11:12,4021.0,4024.5,4020.3999,4023.0,356
2026-06-25 11:13,4022.3999,4023.30005,4021.19995,4021.19995,104
2026-06-25 11:14,4023.8999,4024.0,4021.19995,4022.5,87
2026-06-25 11:15,4025.0,4025.6001,4021.1001,4023.0,177
2026-06-25 11:16,4025.3999,4027.1001,4024.69995,4025.30005,155
2026-06-25 11:17,4026.80005,4028.30005,4025.0,4025.69995,86
2026-06-25 11:18,4028.19995,4030.6001,4025.0,4027.1001,120
2026-06-25 11:19,4030.5,4030.80005,4027.19995,4028.30005,96
2026-06-25 11:20,4028.80005,4030.3999,4028.1001,4030.1001,54
2026-06-25 11:21,4041.5,4042.6001,4028.1001,4028.5,636
2026-06-25 11:22,4049.30005,4056.8999,4040.6001,4041.5,1650
2026-06-25 11:23,4048.1001,4053.69995,4045.1001,4048.80005,535
2026-06-25 11:24,4053.69995,4055.19995,4046.30005,4047.69995,525
2026-06-25 11:25,4050.6001,4053.5,4049.1001,4053.5,258
2026-06-25 11:26,4047.0,4050.8999,4046.3999,4050.30005,234
2026-06-25 11:27,4046.0,4049.0,4045.3999,4046.8999,178
2026-06-25 11:28,4046.30005,4046.5,4043.5,4045.8999,161
2026-06-25 11:29,4042.3999,4046.3999,4041.3999,4046.19995,251
2026-06-25 11:30,4041.3999,4043.69995,4040.19995,4042.19995,123
2026-06-25 11:31,4042.6001,4044.0,4040.6001,4041.69995,110
2026-06-25 11:32,4043.6001,4044.1001,4042.0,4043.30005,78
2026-06-25 11:33,4041.19995,4043.5,4040.0,4042.69995,122
2026-06-25 11:34,4038.0,4041.3999,4037.19995,4040.80005,139
2026-06-25 11:35,4041.19995,4042.5,4037.3999,4037.3999,236
2026-06-25 11:36,4040.69995,4042.19995,4040.19995,4042.19995,44
2026-06-25 11:37,4043.69995,4045.30005,4040.69995,4040.69995,124
2026-06-25 11:38,4046.30005,4046.3999,4043.30005,4043.30005,85
2026-06-25 11:39,4044.30005,4046.3999,4044.1001,4046.3999,87
2026-06-25 11:40,4043.0,4044.8999,4042.0,4044.1001,69
2026-06-25 11:41,4045.1001,4046.30005,4042.80005,4043.5,76
2026-06-25 11:42,4044.8999,4045.3999,4043.80005,4044.8999,91
2026-06-25 11:43,4044.3999,4046.19995,4043.5,4044.5,130
2026-06-25 11:44,4043.5,4045.1001,4043.5,4044.1001,32
2026-06-25 11:45,4045.1001,4046.1001,4042.3999,4043.5,109
2026-06-25 11:46,4047.3999,4049.0,4044.80005,4045.0,285
2026-06-25 11:47,4051.8999,4052.3999,4047.0,4047.5,197
2026-06-25 11:48,4044.5,4052.1001,4043.80005,4052.1001,219
2026-06-25 11:49,4046.69995,4046.80005,4044.6001,4044.80005,121
2026-06-25 11:50,4047.3999,4047.3999,4045.69995,4046.8999,66
2026-06-25 11:51,4052.80005,4054.3999,4047.6001,4047.6001,255
2026-06-25 11:52,4054.0,4055.19995,4051.8999,4052.69995,647
2026-06-25 11:53,4055.30005,4056.6001,4051.5,4053.8999,433
2026-06-25 11:54,4053.8999,4057.6001,4053.1001,4054.8999,188
2026-06-25 11:55,4055.30005,4057.0,4052.19995,4053.8999,272
2026-06-25 11:56,4056.0,4057.6001,4054.3999,4055.19995,340
2026-06-25 11:57,4056.3999,4058.3999,4055.0,4055.3999,143
2026-06-25 11:58,4058.5,4058.5,4053.3999,4056.0,214
2026-06-25 11:59,4057.5,4058.69995,4055.6001,4058.19995,196
2026-06-25 12:00,4055.19995,4057.8999,4054.69995,4057.19995,235
2026-06-25 12:01,4055.0,4058.69995,4053.3999,4055.3999,207
2026-06-25 12:02,4051.8999,4054.5,4051.6001,4054.5,221
2026-06-25 12:03,4051.8999,4053.0,4050.30005,4051.69995,147
2026-06-25 12:04,4053.6001,4054.30005,4051.5,4051.6001,107
2026-06-25 12:05,4053.5,4055.3999,4053.1001,4053.5,72
2026-06-25 12:06,4055.1001,4055.3999,4053.6001,4054.0,103
2026-06-25 12:07,4050.80005,4054.80005,4050.80005,4054.6001,112
2026-06-25 12:08,4050.80005,4051.6001,4050.1001,4051.19995,92
2026-06-25 12:09,4049.3999,4051.6001,4049.30005,4050.8999,219
2026-06-25 12:10,4051.69995,4052.80005,4049.30005,4049.8999,88
2026-06-25 12:11,4051.3999,4052.6001,4050.80005,4051.8999,72
2026-06-25 12:12,4053.5,4053.69995,4051.19995,4051.8999,62
2026-06-25 12:13,4054.0,4056.8999,4053.19995,4053.6001,243
2026-06-25 12:14,4052.80005,4054.6001,4052.0,4053.3999,175
2026-06-25 12:15,4054.8999,4055.6001,4052.8999,4052.8999,53
2026-06-25 12:16,4055.8999,4056.80005,4054.0,4054.3999,91
2026-06-25 12:17,4059.80005,4060.0,4055.30005,4056.19995,547
2026-06-25 12:18,4058.6001,4059.80005,4057.6001,4059.80005,101
2026-06-25 12:19,4056.30005,4058.30005,4056.1001,4058.30005,80
2026-06-25 12:20,4056.3999,4058.30005,4056.3999,4057.1001,46
2026-06-25 12:21,4059.1001,4059.30005,4056.19995,4056.19995,85
2026-06-25 12:22,4059.3999,4059.8999,4057.6001,4059.3999,97
2026-06-25 12:23,4056.80005,4059.3999,4056.0,4059.19995,133
2026-06-25 12:24,4057.19995,4059.0,4056.30005,4056.80005,222
2026-06-25 12:25,4055.80005,4057.69995,4055.80005,4057.69995,186
2026-06-25 12:26,4057.5,4058.0,4055.3999,4055.5,64
2026-06-25 12:27,4057.69995,4058.30005,4056.8999,4057.3999,62
2026-06-25 12:28,4057.69995,4057.69995,4055.8999,4057.5,53
2026-06-25 12:29,4056.19995,4057.5,4056.0,4057.5,78
2026-06-25 12:30,4052.80005,4056.3999,4052.5,4056.30005,145
2026-06-25 12:31,4050.8999,4054.0,4050.30005,4053.3999,126
2026-06-25 12:32,4049.80005,4051.19995,4049.5,4051.0,104
2026-06-25 12:33,4051.19995,4052.19995,4049.69995,4049.69995,145
2026-06-25 12:34,4050.5,4051.8999,4049.1001,4051.19995,115
2026-06-25 12:35,4050.80005,4052.0,4049.8999,4049.8999,228
2026-06-25 12:36,4050.30005,4051.1001,4049.1001,4050.8999,60
2026-06-25 12:37,4048.80005,4050.5,4047.8999,4050.3999,51
2026-06-25 12:38,4048.80005,4048.80005,4047.6001,4048.5,46
2026-06-25 12:39,4047.5,4049.69995,4046.6001,4048.8999,60
2026-06-25 12:40,4047.0,4047.69995,4046.3999,4047.5,51
2026-06-25 12:41,4047.3999,4048.30005,4046.8999,4047.19995,98
2026-06-25 12:42,4047.6001,4048.5,4046.8999,4047.19995,74
2026-06-25 12:43,4047.80005,4049.6001,4047.19995,4047.30005,57
2026-06-25 12:44,4047.19995,4048.1001,4047.0,4048.1001,40
2026-06-25 12:45,4040.0,4047.1001,4039.1001,4046.69995,363
2026-06-25 12:46,4041.69995,4042.1001,4039.6001,4040.1001,253
2026-06-25 12:47,4042.1001,4043.0,4041.1001,4042.0,108
2026-06-25 12:48,4045.3999,4045.69995,4042.30005,4042.30005,114
2026-06-25 12:49,4047.19995,4047.69995,4044.80005,4045.19995,147
2026-06-25 12:50,4045.8999,4047.19995,4045.30005,4047.1001,46
2026-06-25 12:51,4044.5,4047.1001,4044.0,4046.0,58
2026-06-25 12:52,4047.8999,4047.8999,4043.80005,4044.5,128
2026-06-25 12:53,4046.69995,4049.0,4046.3999,4047.8999,50
2026-06-25 12:54,4046.8999,4048.0,4046.8999,4046.8999,23
2026-06-25 12:55,4044.6001,4046.80005,4044.3999,4046.80005,58
2026-06-25 12:56,4043.19995,4045.5,4042.8999,4044.6001,58
2026-06-25 12:57,4043.1001,4044.30005,4043.1001,4043.3999,23
2026-06-25 12:58,4044.0,4044.30005,4043.1001,4043.5,20
2026-06-25 12:59,4044.0,4044.80005,4043.5,4043.8999,36
2026-06-25 13:00,4042.8999,4044.3999,4042.30005,4044.3999,135
2026-06-25 13:01,4045.19995,4045.6001,4042.3999,4042.69995,169
2026-06-25 13:02,4044.69995,4045.3999,4043.8999,4045.3999,45
2026-06-25 13:03,4045.19995,4045.8999,4044.30005,4044.30005,39
2026-06-25 13:04,4045.5,4045.69995,4044.5,4044.69995,50
2026-06-25 13:05,4045.6001,4046.8999,4045.0,4046.0,207
2026-06-25 13:06,4045.69995,4046.80005,4044.80005,4045.5,66
2026-06-25 13:07,4046.6001,4046.69995,4044.8999,4045.5,28
2026-06-25 13:08,4046.19995,4047.69995,4046.19995,4046.30005,55
2026-06-25 13:09,4045.69995,4046.30005,4045.1001,4045.3999,22
2026-06-25 13:10,4045.80005,4046.80005,4045.1001,4045.69995,34
2026-06-25 13:11,4046.80005,4047.30005,4045.3999,4045.6001,75
2026-06-25 13:12,4045.1001,4045.8999,4044.6001,4045.69995,59
2026-06-25 13:13,4045.69995,4046.6001,4045.19995,4045.6001,41
2026-06-25 13:14,4044.80005,4046.19995,4044.6001,4045.8999,31
2026-06-25 13:15,4048.1001,4048.3999,4044.69995,4044.69995,122
2026-06-25 13:16,4047.1001,4048.6001,4047.1001,4047.8999,87
2026-06-25 13:17,4046.3999,4047.80005,4045.5,4047.19995,112
2026-06-25 13:18,4044.8999,4046.5,4044.69995,4045.80005,40
2026-06-25 13:19,4045.8999,4047.0,4045.0,4045.0,78
2026-06-25 13:20,4045.80005,4046.19995,4043.3999,4045.5,235
2026-06-25 13:21,4046.8999,4048.0,4045.69995,4045.69995,183
2026-06-25 13:22,4047.3999,4047.69995,4046.6001,4046.80005,220
2026-06-25 13:23,4047.5,4048.1001,4046.3999,4047.30005,87
2026-06-25 13:24,4048.1001,4048.5,4047.3999,4047.3999,58
2026-06-25 13:25,4047.30005,4048.1001,4046.80005,4048.0,137
2026-06-25 13:26,4050.3999,4050.69995,4047.30005,4047.30005,169
2026-06-25 13:27,4051.0,4051.80005,4050.3999,4050.6001,102
2026-06-25 13:28,4049.19995,4050.80005,4048.8999,4050.6001,225
2026-06-25 13:29,4048.3999,4049.0,4045.80005,4048.80005,1793
2026-06-25 13:30,4049.80005,4049.80005,4047.19995,4048.1001,145
2026-06-25 13:31,4049.6001,4050.69995,4049.5,4049.6001,91
2026-06-25 13:32,4047.1001,4050.0,4046.8999,4050.0,76
2026-06-25 13:33,4048.80005,4049.0,4046.80005,4046.80005,71
2026-06-25 13:34,4047.3999,4048.8999,4047.3999,4048.69995,51
2026-06-25 13:35,4047.8999,4048.0,4047.19995,4047.5,37
2026-06-25 13:36,4048.5,4049.80005,4048.30005,4048.30005,82
2026-06-25 13:37,4047.6001,4048.6001,4046.8999,4048.6001,53
2026-06-25 13:38,4048.69995,4049.19995,4047.5,4047.6001,23
2026-06-25 13:39,4049.1001,4049.1001,4047.3999,4048.8999,45
2026-06-25 13:40,4050.0,4050.0,4048.5,4048.80005,37
2026-06-25 13:41,4051.19995,4051.3999,4049.69995,4050.19995,59
2026-06-25 13:42,4051.0,4051.19995,4050.30005,4051.19995,32
2026-06-25 13:43,4050.0,4050.80005,4050.0,4050.80005,37
2026-06-25 13:44,4049.6001,4049.6001,4048.69995,4049.30005,52
2026-06-25 13:45,4046.8999,4049.69995,4046.69995,4049.69995,103
2026-06-25 13:46,4046.0,4048.1001,4045.30005,4046.8999,78
2026-06-25 13:47,4046.19995,4046.3999,4045.0,4045.69995,37
2026-06-25 13:48,4045.8999,4046.5,4045.30005,4046.5,20
2026-06-25 13:49,4046.80005,4046.8999,4046.19995,4046.19995,10
2026-06-25 13:50,4047.5,4047.5,4046.69995,4046.69995,15
2026-06-25 13:51,4047.19995,4049.1001,4046.5,4048.69995,42
2026-06-25 13:52,4048.0,4048.1001,4047.3999,4047.6001,16
2026-06-25 13:53,4049.3999,4049.5,4048.3999,4049.0,49
2026-06-25 13:54,4049.0,4049.30005,4048.8999,4049.30005,14
2026-06-25 13:55,4049.69995,4050.3999,4049.0,4049.0,369
2026-06-25 13:56,4051.0,4051.0,4049.19995,4049.69995,112
2026-06-25 13:57,4051.30005,4052.30005,4050.80005,4051.6001,122
2026-06-25 13:58,4050.80005,4052.0,4050.3999,4051.1001,170
2026-06-25 13:59,4050.19995,4051.30005,4050.0,4050.6001,32
2026-06-25 14:00,4049.80005,4051.1001,4048.80005,4050.5,31
2026-06-25 14:01,4049.69995,4050.69995,4049.30005,4049.6001,32
2026-06-25 14:02,4044.5,4049.5,4043.80005,4049.5,160
2026-06-25 14:03,4043.5,4046.30005,4043.5,4045.3999,95
2026-06-25 14:04,4043.8999,4045.1001,4042.8999,4043.30005,100
2026-06-25 14:05,4043.19995,4044.69995,4041.6001,4043.8999,192
2026-06-25 14:06,4044.80005,4045.6001,4042.8999,4043.0,49
2026-06-25 14:07,4045.80005,4046.69995,4044.5,4044.80005,76
2026-06-25 14:08,4046.5,4046.80005,4045.69995,4046.0,22
2026-06-25 14:09,4048.1001,4049.1001,4046.1001,4046.5,97
2026-06-25 14:10,4045.8999,4049.3999,4045.8999,4048.6001,86
2026-06-25 14:11,4049.69995,4049.69995,4046.1001,4046.1001,73
2026-06-25 14:12,4049.5,4050.1001,4049.0,4050.0,23
2026-06-25 14:13,4047.8999,4049.1001,4047.5,4049.1001,28
2026-06-25 14:14,4047.69995,4048.80005,4047.69995,4047.8999,25
2026-06-25 14:15,4048.8999,4049.19995,4047.6001,4047.80005,71
2026-06-25 14:16,4053.30005,4053.80005,4049.6001,4049.69995,88
2026-06-25 14:17,4053.19995,4053.19995,4052.19995,4053.1001,46
2026-06-25 14:18,4054.19995,4054.80005,4052.3999,4052.8999,81
2026-06-25 14:19,4053.6001,4056.30005,4053.3999,4054.30005,174
2026-06-25 14:20,4052.8999,4054.8999,4052.8999,4053.5,39
2026-06-25 14:21,4053.5,4053.80005,4052.8999,4052.8999,26
2026-06-25 14:22,4053.5,4054.3999,4053.19995,4053.3999,42
2026-06-25 14:23,4054.1001,4054.30005,4053.30005,4053.80005,16
2026-06-25 14:24,4054.19995,4055.1001,4053.8999,4054.5,51
2026-06-25 14:25,4057.0,4057.1001,4053.80005,4054.19995,98
2026-06-25 14:26,4058.1001,4058.5,4056.80005,4056.80005,130
2026-06-25 14:27,4056.3999,4058.1001,4056.3999,4058.0,27
2026-06-25 14:28,4056.8999,4058.30005,4056.3999,4056.69995,71
2026-06-25 14:29,4059.69995,4059.8999,4056.80005,4057.1001,41
2026-06-25 14:30,4055.80005,4059.6001,4055.80005,4059.6001,52
2026-06-25 14:31,4054.8999,4056.19995,4054.30005,4056.19995,75
2026-06-25 14:32,4051.80005,4055.0,4051.80005,4055.0,352
2026-06-25 14:33,4051.19995,4052.3999,4051.19995,4052.0,127
2026-06-25 14:34,4049.80005,4051.69995,4049.19995,4051.30005,73
2026-06-25 14:35,4050.6001,4050.69995,4049.19995,4049.69995,36
2026-06-25 14:36,4050.6001,4051.5,4050.3999,4050.80005,31
2026-06-25 14:37,4050.0,4050.6001,4048.69995,4050.1001,96
2026-06-25 14:38,4050.80005,4051.19995,4049.69995,4049.80005,28
2026-06-25 14:39,4051.5,4051.8999,4048.30005,4050.8999,230
2026-06-25 14:40,4050.80005,4051.69995,4050.6001,4051.69995,19
2026-06-25 14:41,4048.80005,4051.30005,4048.0,4050.80005,314
2026-06-25 14:42,4047.3999,4049.19995,4046.19995,4049.0,259
2026-06-25 14:43,4048.6001,4049.30005,4047.80005,4048.19995,46
2026-06-25 14:44,4048.30005,4049.3999,4047.6001,4048.8999,44
2026-06-25 14:45,4046.6001,4048.3999,4046.5,4047.8999,122
2026-06-25 14:46,4045.5,4047.19995,4045.3999,4047.0,85
2026-06-25 14:47,4046.80005,4047.0,4045.3999,4045.69995,38
2026-06-25 14:48,4047.80005,4047.80005,4046.30005,4046.80005,19
2026-06-25 14:49,4047.69995,4048.19995,4046.8999,4047.6001,28
2026-06-25 14:50,4048.5,4048.5,4047.6001,4047.8999,30
2026-06-25 14:51,4049.1001,4049.80005,4048.80005,4048.80005,50
2026-06-25 14:52,4051.6001,4051.8999,4048.69995,4049.19995,40
2026-06-25 14:53,4050.8999,4051.6001,4050.8999,4051.5,24
2026-06-25 14:54,4050.8999,4051.19995,4050.19995,4050.30005,15
2026-06-25 14:55,4051.5,4051.8999,4051.19995,4051.3999,11
2026-06-25 14:56,4050.5,4051.8999,4050.19995,4051.69995,28
2026-06-25 14:57,4050.69995,4050.80005,4050.30005,4050.6001,8
2026-06-25 14:58,4049.8999,4050.8999,4049.3999,4050.80005,29
2026-06-25 14:59,4050.3999,4050.5,4049.6001,4050.5,27
2026-06-25 15:00,4050.69995,4051.69995,4050.6001,4051.0,32
2026-06-25 15:01,4049.8999,4050.69995,4049.8999,4050.5,30
2026-06-25 15:02,4049.3999,4050.5,4049.3999,4049.8999,30
2026-06-25 15:03,4049.80005,4049.80005,4048.30005,4049.19995,25
2026-06-25 15:04,4049.6001,4050.1001,4049.6001,4049.6001,14
2026-06-25 15:05,4049.19995,4050.19995,4049.19995,4049.80005,8
2026-06-25 15:06,4050.80005,4051.1001,4048.8999,4048.8999,31
2026-06-25 15:07,4051.1001,4051.69995,4050.19995,4050.80005,38
2026-06-25 15:08,4050.5,4051.30005,4050.3999,4051.1001,8
2026-06-25 15:09,4054.6001,4055.6001,4051.0,4051.19995,174
2026-06-25 15:10,4054.69995,4054.8999,4054.0,4054.30005,52
2026-06-25 15:11,4055.80005,4056.1001,4055.19995,4055.30005,38
2026-06-25 15:12,4056.0,4056.0,4054.5,4055.6001,99
2026-06-25 15:13,4055.1001,4056.1001,4055.0,4055.6001,72
2026-06-25 15:14,4055.5,4056.30005,4054.3999,4056.30005,242
2026-06-25 15:15,4056.80005,4057.5,4055.80005,4055.80005,36
2026-06-25 15:16,4057.3999,4059.69995,4056.69995,4056.69995,289
2026-06-25 15:17,4055.19995,4057.5,4055.0,4057.19995,183
2026-06-25 15:18,4055.30005,4055.8999,4054.8999,4055.19995,95
2026-06-25 15:19,4052.8999,4055.30005,4051.80005,4055.19995,111
2026-06-25 15:20,4054.69995,4054.69995,4052.8999,4052.8999,52
2026-06-25 15:21,4054.30005,4055.80005,4053.6001,4055.0,109
2026-06-25 15:22,4054.5,4054.8999,4054.0,4054.6001,30
2026-06-25 15:23,4054.3999,4054.80005,4053.80005,4054.0,37
2026-06-25 15:24,4054.80005,4054.80005,4054.3999,4054.3999,13
2026-06-25 15:25,4055.5,4056.5,4055.0,4055.0,32
2026-06-25 15:26,4055.80005,4056.19995,4055.30005,4055.5,22
2026-06-25 15:27,4055.3999,4055.69995,4054.6001,4055.69995,11
2026-06-25 15:28,4052.1001,4054.80005,4052.1001,4054.80005,25
2026-06-25 15:29,4051.30005,4052.3999,4050.69995,4051.80005,45
2026-06-25 15:30,4051.69995,4052.6001,4051.30005,4051.80005,41
2026-06-25 15:31,4049.0,4052.19995,4048.69995,4051.80005,135
2026-06-25 15:32,4048.30005,4049.5,4047.3999,4048.80005,94
2026-06-25 15:33,4049.6001,4050.1001,4048.5,4048.6001,41
2026-06-25 15:34,4049.30005,4051.1001,4048.8999,4049.19995,119
2026-06-25 15:35,4050.69995,4050.69995,4049.19995,4049.8999,28
2026-06-25 15:36,4049.69995,4050.80005,4049.69995,4050.3999,20
2026-06-25 15:37,4050.0,4050.19995,4049.0,4049.6001,33
2026-06-25 15:38,4049.1001,4050.0,4048.0,4050.0,146
2026-06-25 15:39,4050.1001,4050.80005,4048.69995,4049.1001,45
2026-06-25 15:40,4050.8999,4053.1001,4050.30005,4050.30005,204
2026-06-25 15:41,4049.30005,4050.80005,4048.1001,4050.69995,97
2026-06-25 15:42,4050.0,4052.30005,4049.69995,4049.69995,115
2026-06-25 15:43,4050.80005,4050.80005,4049.3999,4049.8999,47
2026-06-25 15:44,4049.80005,4050.80005,4049.6001,4050.80005,10
2026-06-25 15:45,4043.69995,4049.3999,4043.69995,4049.30005,214
2026-06-25 15:46,4043.5,4044.30005,4043.1001,4043.80005,65
2026-06-25 15:47,4043.1001,4044.6001,4043.1001,4043.6001,39
2026-06-25 15:48,4043.0,4043.80005,4041.69995,4043.30005,44
2026-06-25 15:49,4042.0,4043.1001,4041.1001,4043.0,133
2026-06-25 15:50,4037.6001,4042.5,4037.6001,4041.69995,821
2026-06-25 15:51,4039.30005,4039.30005,4037.0,4037.5,483
2026-06-25 15:52,4041.0,4041.80005,4039.19995,4039.5,442
2026-06-25 15:53,4039.5,4041.30005,4039.5,4040.80005,46
2026-06-25 15:54,4041.3999,4041.3999,4039.19995,4039.5,58
2026-06-25 15:55,4036.8999,4041.80005,4036.8999,4041.80005,248
2026-06-25 15:56,4037.80005,4038.69995,4036.80005,4037.30005,116
2026-06-25 15:57,4039.8999,4040.1001,4038.1001,4038.1001,81
2026-06-25 15:58,4040.6001,4041.19995,4039.8999,4040.0,67
2026-06-25 15:59,4041.6001,4042.3999,4040.3999,4040.80005,183
2026-06-25 16:00,4043.3999,4043.69995,4040.30005,4042.1001,96
2026-06-25 16:01,4049.30005,4049.80005,4043.19995,4043.5,120
2026-06-25 16:02,4048.5,4049.5,4047.80005,4049.3999,62
2026-06-25 16:03,4046.0,4048.5,4045.80005,4048.3999,66
2026-06-25 16:04,4046.0,4046.3999,4045.69995,4046.0,14
2026-06-25 16:05,4045.69995,4046.19995,4045.0,4046.19995,25
2026-06-25 16:06,4044.6001,4046.1001,4044.6001,4046.1001,20
2026-06-25 16:07,4044.30005,4044.5,4043.80005,4044.5,27
2026-06-25 16:08,4044.5,4044.5,4043.8999,4044.1001,16
2026-06-25 16:09,4043.19995,4044.5,4043.19995,4044.3999,17
2026-06-25 16:10,4043.69995,4043.80005,4042.69995,4043.0,16
2026-06-25 16:11,4043.80005,4044.19995,4043.30005,4044.0,14
2026-06-25 16:12,4042.80005,4043.80005,4042.80005,4043.80005,4
2026-06-25 16:13,4042.8999,4042.8999,4042.8999,4042.8999,1
2026-06-25 16:14,4042.8999,4043.0,4042.30005,4042.3999,11
2026-06-25 16:15,4042.69995,4044.0,4042.6001,4043.30005,18
2026-06-25 16:16,4041.8999,4043.3999,4041.6001,4042.8999,58
2026-06-25 16:17,4043.8999,4044.3999,4041.69995,4041.80005,69
2026-06-25 16:18,4043.30005,4043.8999,4043.30005,4043.3999,8
2026-06-25 16:19,4043.6001,4044.19995,4043.1001,4043.5,25
2026-06-25 16:20,4043.69995,4043.69995,4043.69995,4043.69995,1
2026-06-25 16:21,4045.19995,4045.3999,4043.6001,4043.8999,16
2026-06-25 16:22,4044.6001,4045.19995,4044.30005,4045.1001,23
2026-06-25 16:23,4045.30005,4045.30005,4044.69995,4044.80005,6
2026-06-25 16:24,4045.3999,4045.6001,4045.0,4045.0,5
2026-06-25 16:25,4044.69995,4045.69995,4044.69995,4045.30005,8
2026-06-25 16:26,4044.8999,4044.8999,4044.8999,4044.8999,1
2026-06-25 16:27,4044.19995,4045.3999,4044.19995,4045.3999,29
2026-06-25 16:28,4044.19995,4044.3999,4043.0,4044.3999,55
2026-06-25 16:29,4045.6001,4045.8999,4044.30005,4044.6001,73
2026-06-25 16:30,4044.19995,4045.3999,4044.19995,4045.3999,12
2026-06-25 16:31,4043.6001,4044.19995,4043.6001,4044.19995,5
2026-06-25 16:32,4043.6001,4043.8999,4043.30005,4043.30005,8
2026-06-25 16:33,4043.0,4043.69995,4042.69995,4043.69995,25
2026-06-25 16:34,4042.1001,4043.69995,4042.0,4043.19995,39
2026-06-25 16:35,4041.8999,4042.19995,4041.6001,4042.0,18
2026-06-25 16:36,4042.6001,4042.6001,4042.0,4042.0,9
2026-06-25 16:37,4042.19995,4042.30005,4042.19995,4042.30005,4
2026-06-25 16:38,4041.1001,4042.30005,4040.69995,4042.19995,19
2026-06-25 16:39,4040.8999,4041.30005,4040.8999,4041.30005,6
2026-06-25 16:40,4041.1001,4041.69995,4041.0,4041.0,12
2026-06-25 16:41,4041.1001,4041.1001,4040.0,4041.1001,63
2026-06-25 16:42,4041.6001,4042.3999,4040.80005,4041.0,94
2026-06-25 16:43,4041.69995,4041.69995,4039.5,4041.6001,66
2026-06-25 16:44,4041.3999,4041.5,4041.3999,4041.5,3
2026-06-25 16:45,4040.6001,4041.6001,4040.30005,4041.3999,39
2026-06-25 16:46,4039.5,4040.80005,4039.5,4040.80005,12
2026-06-25 16:47,4039.5,4040.1001,4039.5,4040.1001,7
2026-06-25 16:48,4039.6001,4040.0,4039.5,4040.0,5
2026-06-25 16:49,4039.5,4039.6001,4039.5,4039.5,7
2026-06-25 16:50,4040.3999,4040.8999,4039.5,4039.69995,18
2026-06-25 16:51,4039.80005,4040.5,4039.5,4040.5,45
2026-06-25 16:52,4039.8999,4040.1001,4039.5,4040.1001,15
2026-06-25 16:53,4039.8999,4039.8999,4039.8999,4039.8999,1
2026-06-25 16:54,4039.8999,4040.5,4039.3999,4039.3999,17
2026-06-25 16:55,4040.0,4040.0,4039.3999,4039.6001,18
2026-06-25 16:56,4041.3999,4041.8999,4039.80005,4040.0,61
2026-06-25 16:57,4041.80005,4042.1001,4041.30005,4041.3999,42
2026-06-25 16:58,4041.5,4041.8999,4041.1001,4041.5,22
2026-06-25 16:59,4041.6001,4042.30005,4041.3999,4042.0,40
2026-06-25 18:00,4043.5,4046.69995,4042.8999,4044.3999,0
2026-06-25 18:01,4041.8999,4043.69995,4041.80005,4043.69995,49
2026-06-25 18:02,4043.0,4044.1001,4042.3999,4042.3999,32
2026-06-25 18:03,4044.69995,4045.3999,4043.30005,4043.30005,51
2026-06-25 18:04,4044.1001,4046.19995,4044.1001,4045.30005,11
2026-06-25 18:05,4044.30005,4044.6001,4043.3999,4044.6001,18
2026-06-25 18:06,4041.80005,4044.1001,4041.19995,4044.1001,24
2026-06-25 18:07,4041.19995,4043.19995,4041.19995,4042.6001,18
2026-06-25 18:08,4041.8999,4042.19995,4041.8999,4041.8999,6
2026-06-25 18:09,4040.19995,4041.30005,4040.19995,4041.0,17
2026-06-25 18:10,4040.19995,4040.19995,4039.5,4040.0,10
2026-06-25 18:11,4041.1001,4041.1001,4039.30005,4039.80005,15
2026-06-25 18:12,4039.1001,4040.69995,4039.1001,4040.69995,26
2026-06-25 18:13,4037.6001,4039.3999,4036.30005,4039.3999,86
2026-06-25 18:14,4038.19995,4038.6001,4036.80005,4037.1001,11
2026-06-25 18:15,4038.69995,4038.69995,4038.0,4038.0,8
2026-06-25 18:16,4038.3999,4039.0,4038.19995,4038.3999,17
2026-06-25 18:17,4038.1001,4038.8999,4037.69995,4038.19995,17
2026-06-25 18:18,4038.19995,4038.19995,4038.19995,4038.19995,1
2026-06-25 18:19,4037.1001,4037.6001,4036.5,4037.6001,35
2026-06-25 18:20,4037.1001,4037.69995,4036.69995,4036.69995,10
2026-06-25 18:21,4037.6001,4037.6001,4035.69995,4037.1001,48
2026-06-25 18:22,4036.69995,4037.19995,4036.1001,4037.19995,43
2026-06-25 18:23,4037.3999,4038.6001,4036.8999,4036.8999,21
2026-06-25 18:24,4036.30005,4038.19995,4034.5,4038.0,93
2026-06-25 18:25,4037.0,4037.0,4034.8999,4036.69995,59
2026-06-25 18:26,4037.5,4037.80005,4036.69995,4037.3999,17
2026-06-25 18:27,4038.80005,4039.1001,4037.5,4037.5,41
2026-06-25 18:28,4039.5,4041.5,4038.0,4038.19995,80
2026-06-25 18:29,4039.3999,4040.8999,4038.8999,4038.8999,67
2026-06-25 18:30,4040.1001,4040.8999,4039.1001,4039.30005,34
2026-06-25 18:31,4042.69995,4042.8999,4039.69995,4040.80005,75
2026-06-25 18:32,4043.6001,4044.19995,4041.8999,4042.30005,84
2026-06-25 18:33,4045.0,4045.5,4043.1001,4043.19995,20
2026-06-25 18:34,4044.69995,4044.8999,4043.30005,4044.8999,54
2026-06-25 18:35,4048.30005,4048.30005,4044.5,4044.6001,60
2026-06-25 18:36,4049.0,4049.0,4046.3999,4047.6001,34
2026-06-25 18:37,4049.30005,4051.1001,4048.3999,4049.0,73
2026-06-25 18:38,4050.3999,4051.6001,4048.1001,4048.80005,41
2026-06-25 18:39,4049.30005,4050.69995,4048.8999,4050.69995,39
2026-06-25 18:40,4050.80005,4051.6001,4049.3999,4049.5,27
2026-06-25 18:41,4049.5,4051.1001,4047.5,4050.1001,62
2026-06-25 18:42,4048.3999,4049.3999,4046.5,4049.19995,74
2026-06-25 18:43,4047.8999,4050.1001,4047.80005,4048.5,35
2026-06-25 18:44,4043.69995,4047.8999,4043.69995,4047.8999,80
2026-06-25 18:45,4043.6001,4043.8999,4042.80005,4043.69995,30
2026-06-25 18:46,4041.30005,4045.8999,4041.19995,4043.30005,57
2026-06-25 18:47,4039.80005,4041.6001,4039.19995,4041.30005,48
2026-06-25 18:48,4042.3999,4042.3999,4039.8999,4039.8999,22
2026-06-25 18:49,4039.5,4042.3999,4039.5,4042.3999,26
2026-06-25 18:50,4039.6001,4040.30005,4038.69995,4039.69995,94
2026-06-25 18:51,4037.30005,4039.8999,4037.1001,4039.6001,43
2026-06-25 18:52,4037.5,4039.80005,4037.19995,4037.80005,81
2026-06-25 18:53,4038.30005,4040.69995,4038.1001,4038.1001,90
2026-06-25 18:54,4038.1001,4038.5,4037.1001,4038.0,34
2026-06-25 18:55,4039.3999,4039.8999,4037.30005,4037.30005,49
2026-06-25 18:56,4040.69995,4041.8999,4037.80005,4039.3999,83
2026-06-25 18:57,4042.0,4042.5,4039.69995,4040.69995,61
2026-06-25 18:58,4041.8999,4042.1001,4041.19995,4041.19995,5
2026-06-25 18:59,4041.3999,4041.3999,4040.6001,4041.0,11
2026-06-25 19:00,4040.6001,4042.19995,4040.6001,4041.30005,13
2026-06-25 19:01,4041.6001,4041.69995,4040.80005,4040.80005,7
2026-06-25 19:02,4039.6001,4040.1001,4039.6001,4040.1001,5
2026-06-25 19:03,4039.30005,4040.6001,4039.30005,4039.69995,15
2026-06-25 19:04,4038.8999,4039.5,4038.8999,4039.3999,15
2026-06-25 19:05,4039.0,4039.19995,4038.30005,4038.5,29
2026-06-25 19:06,4039.30005,4039.6001,4038.80005,4038.80005,8
2026-06-25 19:07,4039.1001,4039.1001,4038.19995,4038.5,17
2026-06-25 19:08,4038.80005,4039.5,4038.5,4039.30005,13
2026-06-25 19:09,4038.30005,4038.30005,4036.80005,4038.19995,21
2026-06-25 19:10,4038.80005,4038.80005,4038.3999,4038.3999,6
2026-06-25 19:11,4037.19995,4037.8999,4036.5,4037.8999,14
2026-06-25 19:12,4038.8999,4038.8999,4037.5,4037.5,9
2026-06-25 19:13,4037.8999,4039.30005,4037.30005,4038.8999,20
2026-06-25 19:14,4038.8999,4039.5,4038.5,4038.69995,18
2026-06-25 19:15,4038.1001,4038.3999,4037.3999,4038.30005,11
2026-06-25 19:16,4038.69995,4038.69995,4037.80005,4037.8999,4
2026-06-25 19:17,4039.5,4039.5,4038.0,4038.8999,15
2026-06-25 19:18,4039.30005,4040.5,4039.0,4039.6001,27
2026-06-25 19:19,4041.0,4041.3999,4039.69995,4039.69995,12
2026-06-25 19:20,4042.30005,4042.30005,4040.3999,4041.5,18
2026-06-25 19:21,4042.6001,4042.6001,4041.6001,4042.0,10
2026-06-25 19:22,4042.8999,4042.8999,4042.1001,4042.19995,5
2026-06-25 19:23,4044.3999,4044.3999,4043.0,4043.1001,20
2026-06-25 19:24,4043.30005,4044.8999,4043.30005,4044.5,16
2026-06-25 19:25,4044.3999,4045.19995,4043.30005,4043.30005,11
2026-06-25 19:26,4044.0,4044.6001,4044.0,4044.6001,4
2026-06-25 19:27,4044.69995,4045.69995,4044.6001,4044.6001,6
2026-06-25 19:28,4044.3999,4045.19995,4044.3999,4045.1001,6
2026-06-25 19:29,4045.1001,4045.1001,4043.69995,4043.80005,18
2026-06-25 19:30,4043.80005,4045.5,4043.6001,4045.5,9
2026-06-25 19:31,4044.30005,4044.3999,4044.30005,4044.3999,2
2026-06-25 19:32,4043.8999,4044.0,4043.8999,4044.0,2
2026-06-25 19:33,4041.5,4043.80005,4041.19995,4043.80005,19
2026-06-25 19:34,4036.5,4041.0,4035.6001,4041.0,63
2026-06-25 19:35,4039.0,4039.19995,4036.69995,4036.80005,47
2026-06-25 19:36,4040.19995,4040.19995,4037.5,4038.5,33
2026-06-25 19:37,4038.5,4039.69995,4038.5,4039.5,35
2026-06-25 19:38,4039.3999,4040.6001,4037.5,4038.0,42
2026-06-25 19:39,4039.1001,4040.1001,4038.19995,4039.80005,14
2026-06-25 19:40,4039.0,4039.3999,4039.0,4039.3999,7
2026-06-25 19:41,4039.19995,4039.19995,4039.19995,4039.19995,1
2026-06-25 19:42,4039.0,4039.3999,4039.0,4039.3999,3
2026-06-25 19:43,4039.19995,4039.19995,4038.8999,4038.8999,2
2026-06-25 19:45,4038.1001,4039.1001,4037.6001,4039.1001,8
2026-06-25 19:46,4036.3999,4038.1001,4036.3999,4038.1001,21
2026-06-25 19:47,4036.0,4036.8999,4035.5,4036.80005,20
2026-06-25 19:48,4032.3999,4036.69995,4032.1001,4035.69995,85
2026-06-25 19:49,4032.6001,4033.30005,4031.3999,4033.1001,28
2026-06-25 19:50,4033.5,4033.5,4032.1001,4032.69995,17
2026-06-25 19:51,4034.6001,4034.6001,4032.8999,4033.30005,10
2026-06-25 19:52,4034.0,4034.3999,4034.0,4034.3999,3
2026-06-25 19:53,4033.69995,4034.80005,4033.6001,4033.6001,9
2026-06-25 19:54,4032.30005,4033.30005,4031.6001,4033.30005,23
2026-06-25 19:55,4031.69995,4033.1001,4031.69995,4032.8999,10
2026-06-25 19:56,4029.19995,4031.6001,4028.69995,4031.6001,135
2026-06-25 19:57,4028.3999,4031.0,4028.3999,4029.3999,37
2026-06-25 19:58,4028.0,4029.30005,4027.5,4029.1001,31
2026-06-25 19:59,4030.19995,4030.3999,4028.30005,4028.6001,22
2026-06-25 20:00,4033.1001,4033.5,4029.19995,4029.8999,63
2026-06-25 20:01,4029.6001,4033.0,4028.5,4033.0,44
2026-06-25 20:02,4029.1001,4029.8999,4028.0,4029.5,33
2026-06-25 20:03,4028.1001,4031.0,4028.1001,4031.0,15
2026-06-25 20:04,4027.5,4030.80005,4027.1001,4027.8999,45
2026-06-25 20:05,4027.69995,4028.69995,4026.30005,4027.5,92
2026-06-25 20:06,4030.5,4031.0,4028.0,4029.0,16
2026-06-25 20:07,4027.5,4030.3999,4026.8999,4030.30005,26
2026-06-25 20:08,4027.8999,4028.6001,4027.6001,4028.0,12
2026-06-25 20:09,4029.8999,4029.8999,4027.8999,4027.8999,16
2026-06-25 20:10,4029.3999,4029.69995,4028.3999,4029.69995,17
2026-06-25 20:11,4027.5,4030.0,4027.0,4029.30005,50
2026-06-25 20:12,4030.0,4030.5,4027.0,4028.30005,34
2026-06-25 20:13,4031.8999,4032.6001,4028.8999,4029.6001,75
2026-06-25 20:14,4034.69995,4035.0,4032.30005,4032.30005,142
2026-06-25 20:15,4035.8999,4035.8999,4033.3999,4034.3999,45
2026-06-25 20:16,4034.80005,4036.3999,4034.6001,4035.6001,37
2026-06-25 20:17,4037.3999,4037.3999,4034.1001,4034.1001,56
2026-06-25 20:18,4034.8999,4038.5,4034.8999,4038.0,52
2026-06-25 20:19,4036.8999,4037.80005,4035.0,4035.0,57
2026-06-25 20:20,4036.19995,4036.8999,4035.3999,4036.6001,30
2026-06-25 20:21,4034.80005,4037.1001,4033.69995,4036.8999,43
2026-06-25 20:22,4033.6001,4036.1001,4031.8999,4035.69995,81
2026-06-25 20:23,4034.0,4034.1001,4033.69995,4034.1001,6
2026-06-25 20:24,4032.80005,4033.80005,4032.80005,4033.80005,7
2026-06-25 20:25,4030.8999,4034.0,4030.8999,4033.6001,28
2026-06-25 20:26,4028.3999,4031.19995,4028.19995,4030.8999,40
2026-06-25 20:27,4027.69995,4029.19995,4027.30005,4028.8999,37
2026-06-25 20:28,4029.0,4029.30005,4028.69995,4028.80005,10
2026-06-25 20:29,4030.3999,4030.3999,4029.19995,4029.69995,12
2026-06-25 20:30,4028.19995,4031.30005,4027.5,4030.80005,26
2026-06-25 20:31,4028.19995,4030.6001,4028.1001,4028.1001,35
2026-06-25 20:32,4029.30005,4030.30005,4028.5,4028.5,28
2026-06-25 20:33,4028.5,4029.1001,4028.30005,4028.30005,6
2026-06-25 20:34,4030.30005,4030.5,4029.19995,4029.30005,10
2026-06-25 20:35,4030.30005,4031.8999,4030.30005,4030.69995,16
2026-06-25 20:36,4032.1001,4033.0,4030.30005,4030.30005,17
2026-06-25 20:37,4031.19995,4032.0,4031.19995,4031.69995,8
2026-06-25 20:38,4030.8999,4030.8999,4030.6001,4030.6001,2
2026-06-25 20:39,4030.80005,4030.80005,4029.30005,4030.0,24
2026-06-25 20:40,4031.0,4032.69995,4031.0,4031.3999,35
2026-06-25 20:41,4030.0,4031.80005,4030.0,4031.5,23
2026-06-25 20:42,4032.5,4032.5,4031.1001,4031.1001,16
2026-06-25 20:43,4033.69995,4033.8999,4032.80005,4032.8999,50
2026-06-25 20:44,4034.30005,4034.80005,4033.80005,4034.5,16
2026-06-25 20:45,4034.80005,4034.80005,4033.6001,4034.3999,15
2026-06-25 20:46,4038.3999,4038.5,4034.8999,4034.8999,53
2026-06-25 20:47,4038.1001,4038.5,4037.80005,4038.30005,17
2026-06-25 20:48,4036.1001,4038.30005,4036.0,4038.19995,24
2026-06-25 20:49,4034.1001,4035.80005,4034.1001,4035.80005,37
2026-06-25 20:50,4033.0,4034.6001,4032.6001,4033.5,66
2026-06-25 20:51,4035.19995,4035.6001,4032.8999,4033.19995,43
2026-06-25 20:52,4035.1001,4036.0,4034.6001,4035.0,45
2026-06-25 20:53,4033.1001,4035.0,4032.30005,4035.0,31
2026-06-25 20:54,4031.1001,4032.5,4030.8999,4032.5,113
2026-06-25 20:55,4032.1001,4032.8999,4031.5,4031.69995,45
2026-06-25 20:56,4033.69995,4033.69995,4031.8999,4032.80005,54
2026-06-25 20:57,4035.0,4035.0,4031.30005,4033.69995,50
2026-06-25 20:58,4039.6001,4039.6001,4034.19995,4034.6001,104
2026-06-25 20:59,4035.1001,4039.5,4035.1001,4039.3999,101
2026-06-25 21:00,4040.1001,4040.6001,4034.69995,4035.6001,170
2026-06-25 21:01,4043.1001,4044.80005,4040.1001,4040.3999,133
2026-06-25 21:02,4035.5,4043.19995,4035.5,4043.19995,89
2026-06-25 21:03,4037.69995,4038.69995,4032.8999,4035.80005,101
2026-06-25 21:04,4032.30005,4038.19995,4032.30005,4037.6001,70
2026-06-25 21:05,4030.5,4033.5,4030.19995,4032.30005,161
2026-06-25 21:06,4032.80005,4032.80005,4029.30005,4030.19995,121
2026-06-25 21:07,4033.0,4034.6001,4031.80005,4033.30005,76
2026-06-25 21:08,4034.80005,4035.80005,4033.6001,4033.6001,31
2026-06-25 21:09,4033.0,4034.69995,4031.80005,4033.69995,42
2026-06-25 21:10,4034.3999,4035.0,4032.69995,4032.69995,29
2026-06-25 21:11,4035.8999,4036.30005,4034.3999,4034.8999,24
2026-06-25 21:12,4036.0,4036.6001,4035.0,4035.0,33
2026-06-25 21:13,4034.8999,4035.0,4034.0,4034.6001,21
2026-06-25 21:14,4034.80005,4035.6001,4033.5,4034.0,31
2026-06-25 21:15,4039.0,4039.0,4033.80005,4034.3999,130
2026-06-25 21:16,4041.5,4041.5,4038.3999,4038.69995,108
2026-06-25 21:17,4040.80005,4041.69995,4040.0,4041.30005,75
2026-06-25 21:18,4038.3999,4040.3999,4037.19995,4040.19995,125
2026-06-25 21:19,4040.0,4040.0,4038.3999,4038.3999,24
2026-06-25 21:20,4038.3999,4040.0,4038.3999,4039.69995,16
2026-06-25 21:21,4037.30005,4038.69995,4037.0,4038.69995,21
2026-06-25 21:22,4039.3999,4039.3999,4037.0,4037.19995,30
2026-06-25 21:23,4037.8999,4039.5,4037.5,4039.5,6
2026-06-25 21:24,4037.1001,4037.80005,4036.6001,4037.80005,16
2026-06-25 21:25,4036.80005,4038.0,4036.30005,4038.0,21
2026-06-25 21:26,4036.80005,4037.30005,4036.6001,4036.8999,7
2026-06-25 21:27,4033.8999,4036.30005,4033.0,4036.30005,181
2026-06-25 21:28,4035.1001,4035.5,4034.0,4034.69995,36
2026-06-25 21:29,4038.0,4038.0,4034.1001,4034.3999,30
2026-06-25 21:30,4037.0,4039.0,4035.69995,4038.19995,66
2026-06-25 21:31,4036.80005,4036.8999,4035.8999,4036.69995,11
2026-06-25 21:32,4036.5,4036.69995,4035.5,4035.5,28
2026-06-25 21:33,4036.8999,4037.6001,4035.5,4035.5,32
2026-06-25 21:34,4035.8999,4036.5,4034.5,4036.1001,66
2026-06-25 21:35,4032.1001,4035.80005,4031.5,4035.80005,199
2026-06-25 21:36,4034.1001,4034.19995,4031.80005,4032.1001,39
2026-06-25 21:37,4034.5,4036.5,4034.1001,4034.30005,49
2026-06-25 21:38,4032.8999,4033.8999,4031.69995,4033.8999,22
2026-06-25 21:39,4036.5,4038.19995,4032.0,4032.19995,68
2026-06-25 21:40,4038.1001,4038.6001,4035.1001,4037.19995,29
2026-06-25 21:41,4039.19995,4040.5,4038.0,4038.1001,51
2026-06-25 21:42,4038.0,4041.1001,4037.69995,4039.5,33
2026-06-25 21:43,4038.8999,4039.30005,4037.8999,4038.30005,58
2026-06-25 21:44,4035.69995,4039.8999,4035.5,4039.1001,40
2026-06-25 21:45,4035.6001,4038.5,4035.5,4036.19995,71
2026-06-25 21:46,4033.30005,4036.5,4032.5,4036.0,90
2026-06-25 21:47,4030.19995,4033.30005,4030.19995,4033.30005,138
2026-06-25 21:48,4031.5,4032.0,4029.6001,4030.19995,89
2026-06-25 21:49,4030.3999,4031.80005,4030.3999,4031.80005,20
2026-06-25 21:50,4031.5,4032.6001,4031.19995,4032.19995,11
2026-06-25 21:51,4031.69995,4031.8999,4030.8999,4031.0,20
2026-06-25 21:52,4031.0,4031.3999,4029.6001,4031.1001,49
2026-06-25 21:53,4032.1001,4032.5,4031.1001,4032.3999,21
2026-06-25 21:54,4033.19995,4034.0,4031.5,4031.6001,54
2026-06-25 21:55,4036.19995,4036.19995,4034.1001,4034.1001,33
2026-06-25 21:56,4034.30005,4036.69995,4034.30005,4036.69995,50
2026-06-25 21:57,4033.8999,4034.5,4033.8999,4034.30005,14
2026-06-25 21:58,4035.6001,4035.80005,4034.1001,4034.5,19
2026-06-25 21:59,4035.8999,4037.0,4034.80005,4035.30005,19
2026-06-25 22:00,4035.3999,4038.30005,4035.30005,4036.19995,47
2026-06-25 22:01,4034.69995,4035.6001,4034.5,4035.3999,17
2026-06-25 22:02,4035.5,4035.8999,4032.8999,4035.0,74
2026-06-25 22:03,4036.69995,4037.6001,4035.8999,4036.5,47
2026-06-25 22:04,4035.8999,4036.80005,4034.8999,4036.80005,21
2026-06-25 22:05,4032.80005,4035.5,4032.6001,4035.5,21
2026-06-25 22:06,4032.69995,4033.30005,4032.69995,4033.0,4
2026-06-25 22:07,4031.3999,4032.80005,4030.69995,4032.5,42
2026-06-25 22:08,4032.69995,4032.69995,4032.1001,4032.1001,6
2026-06-25 22:09,4032.0,4032.5,4031.5,4031.5,10
2026-06-25 22:10,4031.3999,4031.80005,4030.8999,4031.80005,20
2026-06-25 22:11,4029.0,4030.5,4028.5,4030.5,116
2026-06-25 22:12,4029.3999,4029.80005,4028.69995,4028.8999,24
2026-06-25 22:13,4028.8999,4029.69995,4028.69995,4029.69995,23
2026-06-25 22:14,4030.5,4030.5,4028.5,4029.0,50
2026-06-25 22:15,4029.8999,4030.80005,4029.19995,4029.8999,25
2026-06-25 22:16,4029.8999,4031.5,4029.6001,4029.6001,51
2026-06-25 22:17,4031.3999,4031.80005,4029.80005,4029.8999,19
2026-06-25 22:18,4029.1001,4030.69995,4029.1001,4030.69995,15
2026-06-25 22:19,4024.1001,4029.30005,4024.1001,4029.30005,286
2026-06-25 22:20,4025.0,4025.1001,4023.8999,4024.5,65
2026-06-25 22:21,4024.3999,4026.0,4024.0,4025.30005,52
2026-06-25 22:22,4023.6001,4024.69995,4023.0,4024.1001,83
2026-06-25 22:23,4022.3999,4025.19995,4021.69995,4023.8999,183
2026-06-25 22:24,4021.19995,4022.5,4020.30005,4022.5,205
2026-06-25 22:25,4021.0,4021.1001,4019.0,4020.5,191
2026-06-25 22:26,4022.19995,4022.69995,4021.6001,4021.6001,109
2026-06-25 22:27,4020.69995,4022.30005,4020.5,4022.30005,68
2026-06-25 22:28,4021.5,4022.0,4020.69995,4020.80005,107
2026-06-25 22:29,4022.8999,4023.6001,4021.19995,4021.3999,155
2026-06-25 22:30,4021.69995,4022.6001,4019.5,4022.6001,319
2026-06-25 22:31,4023.1001,4024.30005,4022.19995,4022.6001,105
2026-06-25 22:32,4020.0,4022.8999,4020.0,4022.69995,122
2026-06-25 22:33,4018.1001,4020.0,4016.30005,4020.0,298
2026-06-25 22:34,4018.0,4019.69995,4017.69995,4018.19995,96
2026-06-25 22:35,4017.6001,4018.3999,4017.1001,4018.0,60
2026-06-25 22:36,4015.0,4018.19995,4015.0,4017.6001,150
2026-06-25 22:37,4010.69995,4015.19995,4010.19995,4015.19995,415
2026-06-25 22:38,4010.5,4011.1001,4007.0,4011.0,444
2026-06-25 22:39,4012.69995,4014.69995,4010.80005,4010.80005,151
2026-06-25 22:40,4009.0,4012.19995,4008.8999,4012.19995,63
2026-06-25 22:41,4007.8999,4010.0,4006.30005,4009.80005,87
2026-06-25 22:42,4010.6001,4011.0,4007.5,4007.5,57
2026-06-25 22:43,4008.8999,4011.5,4008.1001,4011.19995,150
2026-06-25 22:44,4007.8999,4009.8999,4007.3999,4009.30005,104
2026-06-25 22:45,4008.8999,4009.6001,4006.69995,4007.3999,54
2026-06-25 22:46,4007.19995,4009.3999,4006.0,4008.8999,100
2026-06-25 22:47,4008.0,4008.5,4007.0,4007.5,63
2026-06-25 22:48,4008.30005,4009.19995,4007.19995,4008.0,36
2026-06-25 22:49,4008.5,4008.5,4007.0,4007.80005,67
2026-06-25 22:50,4007.80005,4010.69995,4007.3999,4008.80005,140
2026-06-25 22:51,4006.69995,4008.69995,4006.5,4008.5,63
2026-06-25 22:52,4008.3999,4008.3999,4006.0,4006.5,55
2026-06-25 22:53,4002.30005,4008.3999,4001.19995,4008.3999,426
2026-06-25 22:54,4001.3999,4003.0,4000.0,4002.5,261
2026-06-25 22:55,3999.1001,4002.19995,3998.1001,4001.80005,209
2026-06-25 22:56,4002.30005,4002.80005,3998.1001,3999.19995,140
2026-06-25 22:57,4003.6001,4004.3999,4002.1001,4002.80005,93
2026-06-25 22:58,4006.3999,4006.3999,4003.0,4003.30005,69
2026-06-25 22:59,4006.0,4008.8999,4005.5,4006.6001,141
2026-06-25 23:00,4004.69995,4007.1001,4003.5,4005.8999,125
2026-06-25 23:01,4003.0,4004.6001,4002.3999,4004.1001,131
2026-06-25 23:02,4004.5,4004.5,4001.80005,4003.3999,114
2026-06-25 23:03,4006.3999,4006.3999,4004.1001,4004.5,51
2026-06-25 23:04,4005.5,4007.69995,4005.3999,4006.19995,61
2026-06-25 23:05,4006.8999,4007.6001,4004.6001,4005.6001,46
2026-06-25 23:06,4009.19995,4010.69995,4007.0,4007.0,117
2026-06-25 23:07,4007.80005,4009.8999,4007.30005,4009.30005,119
2026-06-25 23:08,4007.1001,4009.1001,4007.0,4008.19995,61
2026-06-25 23:09,4010.3999,4010.5,4007.0,4007.0,106
2026-06-25 23:10,4011.3999,4011.3999,4008.5,4009.6001,71
2026-06-25 23:11,4010.69995,4013.0,4009.8999,4011.5,168
2026-06-25 23:12,4012.1001,4013.0,4010.6001,4011.0,78
2026-06-25 23:13,4014.19995,4014.5,4011.80005,4012.3999,81
2026-06-25 23:14,4012.69995,4015.0,4012.5,4013.8999,145
2026-06-25 23:15,4012.3999,4014.69995,4011.69995,4013.19995,172
2026-06-25 23:16,4009.1001,4012.3999,4009.1001,4012.3999,93
2026-06-25 23:17,4013.0,4013.0,4009.5,4009.5,42
2026-06-25 23:18,4012.30005,4013.30005,4012.19995,4012.8999,53
2026-06-25 23:19,4014.30005,4015.69995,4013.3999,4013.6001,44
2026-06-25 23:20,4012.69995,4013.6001,4012.19995,4013.5,37
2026-06-25 23:21,4010.6001,4012.0,4010.5,4012.0,21
2026-06-25 23:22,4011.3999,4011.3999,4010.0,4010.5,23
2026-06-25 23:23,4009.0,4010.8999,4008.0,4010.69995,40
2026-06-25 23:24,4008.80005,4009.30005,4008.30005,4009.30005,12
2026-06-25 23:25,4009.8999,4009.8999,4007.5,4008.80005,50
2026-06-25 23:26,4009.8999,4011.0,4009.8999,4010.1001,6
2026-06-25 23:27,4010.3999,4010.69995,4009.6001,4010.69995,22
2026-06-25 23:28,4009.5,4011.1001,4009.3999,4010.3999,20
2026-06-25 23:29,4010.3999,4010.80005,4009.3999,4009.6001,26
2026-06-25 23:30,4009.80005,4010.1001,4008.69995,4010.1001,7
2026-06-25 23:31,4010.80005,4010.80005,4009.1001,4009.6001,50
2026-06-25 23:32,4011.19995,4011.5,4010.69995,4010.69995,21
2026-06-25 23:33,4012.69995,4013.80005,4011.1001,4011.1001,48
2026-06-25 23:34,4010.80005,4011.6001,4009.69995,4011.6001,20
2026-06-25 23:35,4011.30005,4011.3999,4010.5,4011.30005,17
2026-06-25 23:36,4011.6001,4011.6001,4010.5,4010.5,7
2026-06-25 23:37,4012.1001,4013.0,4012.0,4012.19995,17
2026-06-25 23:38,4013.6001,4013.6001,4011.0,4011.1001,17
2026-06-25 23:39,4013.0,4013.0,4013.0,4013.0,1
2026-06-25 23:40,4013.5,4014.69995,4012.3999,4012.3999,40
2026-06-25 23:41,4015.30005,4016.30005,4013.30005,4013.30005,65
2026-06-25 23:42,4015.30005,4015.5,4014.6001,4014.80005,29
2026-06-25 23:43,4014.0,4016.80005,4014.0,4015.5,82
2026-06-25 23:44,4015.5,4015.5,4013.0,4014.1001,41
2026-06-25 23:45,4014.1001,4015.30005,4013.69995,4015.30005,7
2026-06-25 23:46,4014.5,4014.5,4012.8999,4012.8999,11
2026-06-25 23:47,4013.80005,4013.80005,4013.1001,4013.5,8
2026-06-25 23:48,4013.8999,4015.3999,4013.8999,4015.30005,11
2026-06-25 23:49,4013.0,4013.8999,4012.80005,4013.8999,7
2026-06-25 23:50,4014.1001,4014.6001,4013.30005,4013.30005,17
2026-06-25 23:51,4014.30005,4014.8999,4013.8999,4013.8999,22
2026-06-25 23:52,4016.19995,4016.30005,4013.80005,4013.80005,45
2026-06-25 23:53,4015.5,4015.6001,4015.1001,4015.19995,17
2026-06-25 23:54,4017.30005,4017.6001,4016.1001,4016.1001,49
2026-06-25 23:55,4020.6001,4022.0,4017.0,4017.0,104
2026-06-25 23:56,4020.19995,4021.19995,4020.19995,4020.8999,22
2026-06-25 23:57,4019.30005,4020.30005,4018.5,4020.19995,21
2026-06-25 23:58,4018.6001,4019.30005,4017.30005,4019.30005,46
2026-06-26 00:00,4017.8999,4019.8999,4017.5,4019.3999,32
2026-06-26 00:01,4020.1001,4020.8999,4017.3999,4017.8999,33
2026-06-26 00:02,4018.19995,4019.8999,4018.19995,4019.8999,24
2026-06-26 00:03,4016.8999,4018.69995,4016.0,4018.3999,45
2026-06-26 00:04,4016.19995,4017.3999,4016.19995,4016.80005,36
2026-06-26 00:05,4015.5,4016.19995,4015.30005,4016.19995,44
2026-06-26 00:06,4015.3999,4015.80005,4013.80005,4015.6001,73
2026-06-26 00:07,4017.30005,4017.30005,4015.30005,4015.30005,59
2026-06-26 00:08,4016.6001,4018.6001,4016.1001,4017.5,64
2026-06-26 00:09,4016.3999,4018.19995,4016.19995,4017.19995,31
2026-06-26 00:10,4018.3999,4018.69995,4016.6001,4016.69995,45
2026-06-26 00:11,4021.30005,4021.6001,4018.8999,4018.8999,36
2026-06-26 00:12,4022.0,4022.6001,4021.5,4021.69995,80
2026-06-26 00:13,4023.69995,4023.69995,4022.0,4022.19995,40
2026-06-26 00:14,4023.3999,4024.69995,4023.30005,4023.3999,113
2026-06-26 00:15,4024.3999,4024.80005,4023.30005,4023.3999,30
2026-06-26 00:16,4022.0,4024.0,4022.0,4024.0,36
2026-06-26 00:17,4026.8999,4027.19995,4021.6001,4022.6001,112
2026-06-26 00:18,4025.19995,4027.6001,4023.80005,4026.30005,91
2026-06-26 00:19,4024.8999,4025.30005,4024.5,4024.5,16
2026-06-26 00:20,4024.30005,4025.1001,4024.30005,4024.5,17
2026-06-26 00:21,4024.6001,4025.1001,4024.19995,4024.30005,16
2026-06-26 00:22,4024.19995,4025.0,4023.80005,4024.6001,22
2026-06-26 00:23,4024.80005,4025.80005,4024.19995,4024.19995,24
2026-06-26 00:24,4023.0,4024.69995,4023.0,4024.19995,19
2026-06-26 00:25,4022.69995,4023.1001,4021.8999,4023.1001,43
2026-06-26 00:26,4021.6001,4023.1001,4021.19995,4022.69995,28
2026-06-26 00:27,4022.1001,4022.3999,4021.80005,4022.30005,7
2026-06-26 00:28,4023.80005,4023.80005,4022.69995,4022.69995,22
2026-06-26 00:29,4022.5,4023.5,4022.19995,4022.6001,14
2026-06-26 00:30,4022.6001,4023.6001,4022.0,4022.6001,54
2026-06-26 00:31,4022.0,4022.0,4021.69995,4022.0,4
2026-06-26 00:32,4021.0,4022.19995,4021.0,4022.19995,8
2026-06-26 00:33,4021.19995,4021.19995,4020.8999,4020.8999,4
2026-06-26 00:34,4020.1001,4021.19995,4019.80005,4021.19995,30
2026-06-26 00:35,4020.19995,4020.30005,4019.69995,4019.80005,24
2026-06-26 00:36,4019.0,4019.69995,4017.30005,4019.19995,64
2026-06-26 00:37,4018.8999,4020.0,4018.3999,4019.19995,20
2026-06-26 00:38,4018.3999,4019.5,4018.3999,4019.0,19
2026-06-26 00:39,4018.5,4019.1001,4018.30005,4018.3999,31
2026-06-26 00:40,4018.69995,4019.3999,4018.30005,4018.5,12
2026-06-26 00:41,4017.69995,4018.19995,4017.5,4018.19995,11
2026-06-26 00:42,4019.0,4019.0,4016.8999,4017.30005,38
2026-06-26 00:43,4020.69995,4020.80005,4018.1001,4019.0,80
2026-06-26 00:44,4023.1001,4023.3999,4020.30005,4020.3999,46
2026-06-26 00:45,4023.80005,4024.3999,4023.6001,4023.6001,21
2026-06-26 00:46,4024.19995,4024.69995,4023.30005,4023.30005,35
2026-06-26 00:47,4022.80005,4025.1001,4022.80005,4024.5,17
2026-06-26 00:48,4023.69995,4023.69995,4022.19995,4022.5,23
2026-06-26 00:49,4024.19995,4024.30005,4023.3999,4023.69995,42
2026-06-26 00:50,4024.19995,4026.1001,4024.19995,4024.80005,23
2026-06-26 00:51,4024.30005,4025.69995,4024.19995,4024.19995,30
2026-06-26 00:52,4024.6001,4025.69995,4024.30005,4025.30005,32
2026-06-26 00:53,4026.19995,4027.0,4025.69995,4025.80005,42
2026-06-26 00:54,4029.6001,4030.19995,4025.5,4026.0,168
2026-06-26 00:55,4028.6001,4030.0,4028.19995,4029.1001,69
2026-06-26 00:56,4026.6001,4029.69995,4026.6001,4029.19995,33
2026-06-26 00:57,4028.6001,4028.8999,4026.0,4026.69995,44
2026-06-26 00:58,4027.0,4028.69995,4027.0,4028.6001,20
2026-06-26 00:59,4026.80005,4027.80005,4026.1001,4026.6001,42
2026-06-26 01:00,4027.69995,4028.30005,4026.3999,4026.3999,32
2026-06-26 01:01,4026.80005,4026.8999,4025.80005,4026.8999,26
2026-06-26 01:02,4026.30005,4026.3999,4026.30005,4026.3999,7
2026-06-26 01:03,4026.6001,4026.69995,4025.19995,4026.0,21
2026-06-26 01:04,4025.69995,4025.69995,4024.8999,4025.69995,12
2026-06-26 01:05,4022.3999,4025.8999,4021.69995,4025.8999,53
2026-06-26 01:06,4024.1001,4024.1001,4022.3999,4022.6001,26
2026-06-26 01:07,4025.0,4025.0,4024.8999,4024.8999,3
2026-06-26 01:08,4026.3999,4026.3999,4025.0,4025.0,15
2026-06-26 01:09,4027.5,4027.6001,4025.8999,4025.8999,19
2026-06-26 01:10,4029.1001,4029.5,4027.5,4027.5,36
2026-06-26 01:11,4027.8999,4030.30005,4027.80005,4030.30005,15
2026-06-26 01:12,4028.6001,4028.6001,4026.8999,4027.1001,16
2026-06-26 01:13,4029.6001,4029.6001,4028.30005,4028.3999,6
2026-06-26 01:14,4030.5,4030.5,4028.80005,4029.0,28
2026-06-26 01:15,4034.1001,4034.3999,4030.69995,4030.80005,153
2026-06-26 01:16,4032.8999,4034.6001,4032.8999,4033.8999,34
2026-06-26 01:17,4030.0,4032.69995,4029.5,4032.69995,38
2026-06-26 01:18,4029.6001,4030.1001,4028.8999,4029.1001,27
2026-06-26 01:19,4030.1001,4031.1001,4029.6001,4029.6001,22
2026-06-26 01:20,4028.30005,4030.0,4027.5,4030.0,37
2026-06-26 01:21,4028.0,4028.80005,4027.80005,4028.1001,28
2026-06-26 01:22,4028.1001,4028.5,4027.0,4027.8999,30
2026-06-26 01:23,4028.3999,4029.5,4027.30005,4027.3999,30
2026-06-26 01:24,4028.3999,4028.6001,4027.6001,4027.8999,49
2026-06-26 01:25,4029.30005,4029.80005,4028.6001,4028.6001,54
2026-06-26 01:26,4031.0,4031.80005,4029.69995,4029.69995,47
2026-06-26 01:27,4031.30005,4032.1001,4031.30005,4031.5,17
2026-06-26 01:28,4033.8999,4033.8999,4030.19995,4030.80005,37
2026-06-26 01:29,4032.1001,4033.30005,4031.69995,4033.30005,24
2026-06-26 01:30,4031.69995,4037.1001,4031.3999,4031.8999,258
2026-06-26 01:31,4030.8999,4033.6001,4030.19995,4031.5,54
2026-06-26 01:32,4033.6001,4033.80005,4030.6001,4030.69995,31
2026-06-26 01:33,4033.30005,4034.8999,4032.5,4033.1001,74
2026-06-26 01:34,4031.80005,4033.30005,4030.80005,4033.0,36
2026-06-26 01:35,4033.3999,4033.3999,4030.69995,4032.19995,48
2026-06-26 01:36,4031.19995,4034.0,4031.0,4033.80005,58
2026-06-26 01:37,4030.8999,4032.6001,4030.69995,4031.8999,19
2026-06-26 01:38,4029.0,4032.30005,4029.0,4031.3999,44
2026-06-26 01:39,4029.0,4029.5,4027.5,4028.80005,112
2026-06-26 01:40,4029.69995,4032.19995,4028.5,4028.8999,73
2026-06-26 01:41,4029.30005,4029.6001,4027.6001,4029.6001,56
2026-06-26 01:42,4029.69995,4030.30005,4028.30005,4029.1001,46
2026-06-26 01:43,4029.1001,4029.6001,4028.6001,4029.5,33
2026-06-26 01:44,4026.5,4029.1001,4026.30005,4029.1001,27
2026-06-26 01:45,4023.69995,4027.30005,4023.69995,4027.30005,65
2026-06-26 01:46,4023.0,4024.3999,4022.69995,4023.69995,83
2026-06-26 01:47,4023.30005,4023.5,4021.1001,4023.1001,83
2026-06-26 01:48,4023.3999,4024.1001,4022.80005,4023.19995,36
2026-06-26 01:49,4026.8999,4027.6001,4023.19995,4023.5,161
2026-06-26 01:50,4028.0,4028.6001,4026.6001,4026.6001,92
2026-06-26 01:51,4028.30005,4028.6001,4026.8999,4027.8999,48
2026-06-26 01:52,4026.0,4028.19995,4026.0,4028.0,18
2026-06-26 01:53,4028.30005,4028.30005,4025.8999,4026.0,17
2026-06-26 01:54,4030.30005,4030.69995,4028.1001,4028.5,45
2026-06-26 01:55,4027.30005,4030.19995,4027.30005,4030.1001,86
2026-06-26 01:56,4027.19995,4027.3999,4024.80005,4026.80005,91
2026-06-26 01:57,4024.80005,4026.80005,4024.30005,4026.80005,57
2026-06-26 01:58,4023.80005,4024.80005,4023.80005,4024.0,20
2026-06-26 01:59,4023.19995,4023.6001,4021.80005,4023.1001,79
2026-06-26 02:00,4024.69995,4024.80005,4022.5,4023.19995,93
2026-06-26 02:01,4024.6001,4025.80005,4023.8999,4024.5,27
2026-06-26 02:02,4023.1001,4025.1001,4023.1001,4024.19995,33
2026-06-26 02:03,4022.30005,4023.80005,4022.1001,4023.69995,54
2026-06-26 02:04,4022.8999,4023.8999,4022.1001,4022.80005,44
2026-06-26 02:05,4024.30005,4027.0,4023.19995,4023.19995,147
2026-06-26 02:06,4025.5,4026.0,4024.1001,4024.5,92
2026-06-26 02:07,4026.1001,4026.19995,4024.69995,4024.80005,29
2026-06-26 02:08,4024.19995,4026.5,4023.3999,4026.3999,31
2026-06-26 02:09,4024.1001,4025.19995,4023.5,4023.69995,16
2026-06-26 02:10,4024.3999,4024.6001,4024.19995,4024.19995,3
2026-06-26 02:11,4023.30005,4024.1001,4022.3999,4023.3999,58
2026-06-26 02:12,4022.8999,4023.6001,4022.69995,4023.30005,19
2026-06-26 02:13,4023.8999,4024.1001,4022.5,4023.19995,101
2026-06-26 02:14,4025.0,4025.1001,4023.5,4023.5,20
2026-06-26 02:15,4026.19995,4026.19995,4025.0,4025.69995,19
2026-06-26 02:16,4025.3999,4026.3999,4025.3999,4025.69995,11
2026-06-26 02:17,4024.6001,4025.3999,4024.0,4025.3999,15
2026-06-26 02:18,4025.0,4025.0,4024.1001,4024.3999,24
2026-06-26 02:19,4024.1001,4027.0,4023.8999,4024.69995,75
2026-06-26 02:20,4026.19995,4026.6001,4023.8999,4024.19995,75
2026-06-26 02:21,4033.3999,4033.69995,4025.8999,4026.30005,221
2026-06-26 02:22,4036.19995,4040.80005,4033.30005,4033.30005,455
2026-06-26 02:23,4036.1001,4037.69995,4035.0,4035.80005,141
2026-06-26 02:24,4038.3999,4040.5,4036.0,4036.3999,186
2026-06-26 02:25,4040.0,4040.6001,4035.8999,4038.80005,232
2026-06-26 02:26,4036.30005,4040.5,4036.30005,4040.19995,72
2026-06-26 02:27,4036.3999,4039.0,4036.0,4036.5,82
2026-06-26 02:28,4037.8999,4038.30005,4036.30005,4036.80005,46
2026-06-26 02:29,4039.6001,4040.5,4037.69995,4038.1001,115
2026-06-26 02:30,4040.19995,4040.6001,4038.6001,4039.80005,177
2026-06-26 02:31,4039.3999,4040.5,4038.6001,4039.80005,271
2026-06-26 02:32,4041.0,4044.0,4038.19995,4039.0,450
2026-06-26 02:33,4041.3999,4042.80005,4039.69995,4041.0,201
2026-06-26 02:34,4038.80005,4041.6001,4038.6001,4041.1001,72
2026-06-26 02:35,4038.80005,4040.5,4038.69995,4039.6001,53
2026-06-26 02:36,4038.80005,4040.80005,4038.0,4039.19995,61
2026-06-26 02:37,4037.5,4040.30005,4037.19995,4039.5,126
2026-06-26 02:38,4039.3999,4039.80005,4036.69995,4037.5,103
2026-06-26 02:39,4038.69995,4040.0,4038.19995,4039.1001,161
2026-06-26 02:40,4037.8999,4040.1001,4037.8999,4039.30005,62
2026-06-26 02:41,4038.1001,4038.5,4037.0,4038.5,33
2026-06-26 02:42,4039.0,4039.0,4036.19995,4037.6001,106
2026-06-26 02:43,4038.69995,4040.0,4036.80005,4039.0,93
2026-06-26 02:44,4040.8999,4042.19995,4037.6001,4038.8999,107
2026-06-26 02:45,4039.69995,4041.19995,4039.1001,4041.0,58
2026-06-26 02:46,4043.3999,4044.0,4039.69995,4040.19995,54
2026-06-26 02:47,4040.5,4044.0,4039.69995,4043.1001,200
2026-06-26 02:48,4041.30005,4042.5,4040.30005,4040.6001,87
2026-06-26 02:49,4039.3999,4041.8999,4039.3999,4041.3999,47
2026-06-26 02:50,4040.80005,4040.80005,4037.3999,4038.80005,61
2026-06-26 02:51,4039.30005,4040.0,4038.69995,4039.5,52
2026-06-26 02:52,4039.8999,4040.6001,4039.1001,4039.1001,112
2026-06-26 02:53,4039.8999,4040.0,4039.5,4039.5,15
2026-06-26 02:54,4039.1001,4041.0,4039.1001,4040.0,50
2026-06-26 02:55,4043.80005,4044.19995,4038.6001,4038.8999,228
2026-06-26 02:56,4043.8999,4044.3999,4041.80005,4043.69995,144
2026-06-26 02:57,4046.80005,4047.3999,4043.30005,4043.69995,338
2026-06-26 02:58,4046.5,4049.0,4045.8999,4046.5,167
2026-06-26 02:59,4047.19995,4048.5,4046.1001,4046.80005,141
2026-06-26 03:00,4046.80005,4048.69995,4045.19995,4047.80005,142
2026-06-26 03:01,4047.19995,4049.69995,4045.6001,4046.80005,104
2026-06-26 03:02,4047.6001,4048.5,4046.80005,4047.0,57
2026-06-26 03:03,4043.30005,4047.3999,4042.5,4047.3999,214
2026-06-26 03:04,4045.19995,4046.3999,4043.1001,4043.1001,143
2026-06-26 03:05,4045.69995,4045.69995,4043.69995,4045.19995,63
2026-06-26 03:06,4046.3999,4048.1001,4045.6001,4045.69995,118
2026-06-26 03:07,4045.3999,4047.5,4044.6001,4047.19995,90
2026-06-26 03:08,4046.30005,4046.30005,4044.5,4045.80005,127
2026-06-26 03:09,4044.8999,4047.30005,4044.5,4046.6001,67
2026-06-26 03:10,4043.3999,4045.3999,4043.3999,4045.19995,54
2026-06-26 03:11,4042.80005,4044.19995,4042.69995,4043.6001,91
2026-06-26 03:12,4043.1001,4043.5,4042.80005,4043.30005,24
2026-06-26 03:13,4044.3999,4044.3999,4042.5,4042.5,28
2026-06-26 03:14,4043.5,4044.1001,4043.0,4044.1001,20
2026-06-26 03:15,4043.19995,4043.30005,4042.6001,4043.1001,17
2026-06-26 03:16,4045.30005,4046.0,4043.30005,4043.30005,57
2026-06-26 03:17,4044.6001,4045.69995,4044.6001,4045.3999,21
2026-06-26 03:18,4044.6001,4045.0,4043.19995,4044.6001,34
2026-06-26 03:19,4046.8999,4047.19995,4044.5,4044.6001,64
2026-06-26 03:20,4044.8999,4046.80005,4044.30005,4046.6001,52
2026-06-26 03:21,4044.69995,4044.8999,4044.0,4044.5,40
2026-06-26 03:22,4044.5,4045.6001,4044.5,4045.5,26
2026-06-26 03:23,4044.3999,4044.8999,4043.8999,4044.30005,38
2026-06-26 03:24,4045.0,4045.5,4043.1001,4044.6001,144
2026-06-26 03:25,4048.1001,4048.80005,4045.1001,4045.1001,186
2026-06-26 03:26,4049.0,4050.0,4047.69995,4048.1001,109
2026-06-26 03:27,4053.30005,4053.69995,4048.8999,4048.8999,382
2026-06-26 03:28,4052.0,4055.5,4051.80005,4053.1001,446
2026-06-26 03:29,4053.69995,4053.80005,4051.30005,4052.1001,102
2026-06-26 03:30,4054.0,4054.5,4052.8999,4053.19995,66
2026-06-26 03:31,4053.8999,4054.30005,4053.30005,4054.30005,34
2026-06-26 03:32,4053.0,4054.19995,4052.3999,4053.5,127
2026-06-26 03:33,4053.5,4054.19995,4052.69995,4052.8999,139
2026-06-26 03:34,4053.0,4054.3999,4053.0,4053.8999,44
2026-06-26 03:35,4051.69995,4053.5,4051.19995,4053.3999,51
2026-06-26 03:36,4050.80005,4051.6001,4050.5,4051.5,55
2026-06-26 03:37,4051.6001,4051.6001,4050.30005,4051.1001,50
2026-06-26 03:38,4049.80005,4051.5,4049.5,4051.3999,50
2026-06-26 03:39,4051.80005,4051.8999,4049.6001,4049.6001,60
2026-06-26 03:40,4049.80005,4051.8999,4049.5,4051.8999,62
2026-06-26 03:41,4050.1001,4050.3999,4049.5,4050.0,8
2026-06-26 03:42,4046.8999,4050.1001,4046.8999,4050.1001,42
2026-06-26 03:43,4047.8999,4047.8999,4046.3999,4046.80005,38
2026-06-26 03:44,4046.3999,4048.0,4046.3999,4047.69995,11
2026-06-26 03:45,4045.8999,4047.1001,4045.6001,4046.69995,26
2026-06-26 03:46,4045.80005,4046.1001,4045.0,4046.1001,46
2026-06-26 03:47,4045.19995,4045.6001,4044.5,4045.6001,52
2026-06-26 03:48,4045.0,4045.30005,4044.0,4044.8999,107
2026-06-26 03:49,4044.30005,4044.69995,4043.6001,4044.69995,11
2026-06-26 03:50,4043.8999,4044.30005,4043.6001,4043.6001,11
2026-06-26 03:51,4043.3999,4045.69995,4043.1001,4044.30005,49
2026-06-26 03:52,4043.69995,4043.8999,4042.80005,4043.6001,19
2026-06-26 03:53,4045.19995,4045.19995,4043.19995,4044.1001,23
2026-06-26 03:54,4045.3999,4045.3999,4044.19995,4045.0,51
2026-06-26 03:55,4047.19995,4047.19995,4045.0,4045.3999,107
2026-06-26 03:56,4047.30005,4047.30005,4046.69995,4047.0,46
2026-06-26 03:57,4046.19995,4047.0,4045.69995,4047.0,23
2026-06-26 03:58,4045.8999,4046.3999,4045.30005,4046.0,18
2026-06-26 03:59,4046.3999,4046.69995,4045.30005,4045.5,31
2026-06-26 04:00,4046.1001,4048.6001,4045.30005,4046.1001,60
2026-06-26 04:01,4042.8999,4046.0,4042.6001,4046.0,37
2026-06-26 04:02,4042.19995,4043.1001,4041.19995,4042.80005,54
2026-06-26 04:03,4042.8999,4043.0,4042.19995,4042.69995,12
2026-06-26 04:04,4041.69995,4043.0,4041.6001,4043.0,17
2026-06-26 04:05,4042.5,4042.5,4041.19995,4042.19995,33
2026-06-26 04:06,4043.80005,4043.80005,4042.0,4042.19995,30
2026-06-26 04:07,4044.3999,4044.3999,4043.69995,4044.0,33
2026-06-26 04:08,4046.6001,4046.6001,4044.19995,4044.3999,35
2026-06-26 04:09,4045.69995,4046.80005,4045.30005,4046.1001,26
2026-06-26 04:10,4044.5,4045.19995,4044.19995,4045.1001,31
2026-06-26 04:11,4045.6001,4045.6001,4043.5,4043.5,28
2026-06-26 04:12,4045.1001,4046.5,4045.1001,4046.19995,31
2026-06-26 04:13,4045.69995,4045.69995,4044.0,4044.1001,95
2026-06-26 04:14,4046.3999,4046.3999,4044.8999,4045.5,71
2026-06-26 04:15,4047.5,4048.30005,4045.5,4046.3999,107
2026-06-26 04:16,4047.69995,4048.30005,4047.19995,4047.80005,30
2026-06-26 04:17,4047.8999,4048.6001,4047.6001,4048.19995,26
2026-06-26 04:18,4047.69995,4050.0,4047.5,4048.6001,74
2026-06-26 04:19,4048.19995,4048.19995,4047.5,4047.69995,20
2026-06-26 04:20,4047.5,4047.5,4046.19995,4047.30005,21
2026-06-26 04:21,4048.80005,4048.80005,4047.19995,4047.30005,33
2026-06-26 04:22,4048.19995,4049.5,4048.1001,4049.3999,38
2026-06-26 04:23,4046.8999,4047.8999,4046.8999,4047.8999,20
2026-06-26 04:24,4046.1001,4047.3999,4045.6001,4047.1001,69
2026-06-26 04:25,4046.19995,4047.6001,4046.0,4046.5,95
2026-06-26 04:26,4048.6001,4048.69995,4045.8999,4045.8999,27
2026-06-26 04:27,4050.1001,4050.30005,4048.5,4048.5,44
2026-06-26 04:28,4050.3999,4050.80005,4049.8999,4050.0,32
2026-06-26 04:29,4050.80005,4051.1001,4049.69995,4050.5,65
2026-06-26 04:30,4048.8999,4051.0,4047.8999,4051.0,29
2026-06-26 04:31,4050.69995,4051.19995,4048.69995,4048.69995,27
2026-06-26 04:32,4049.19995,4050.69995,4049.19995,4050.69995,20
2026-06-26 04:33,4048.30005,4049.1001,4048.0,4049.0,13
2026-06-26 04:34,4049.6001,4050.19995,4048.5,4048.8999,28
2026-06-26 04:35,4047.69995,4049.69995,4047.69995,4049.69995,28
2026-06-26 04:36,4048.0,4048.1001,4047.3999,4048.0,19
2026-06-26 04:37,4048.19995,4049.0,4048.1001,4048.1001,7
2026-06-26 04:38,4048.69995,4048.69995,4047.8999,4048.30005,13
2026-06-26 04:39,4048.5,4049.30005,4048.5,4049.0,42
2026-06-26 04:40,4048.8999,4048.8999,4048.30005,4048.80005,20
2026-06-26 04:41,4049.19995,4049.19995,4047.80005,4048.0,14
2026-06-26 04:42,4049.6001,4050.0,4049.3999,4049.3999,22
2026-06-26 04:43,4048.80005,4049.80005,4047.8999,4049.3999,14
2026-06-26 04:44,4050.6001,4051.6001,4048.5,4048.8999,171
2026-06-26 04:45,4052.19995,4052.80005,4050.80005,4050.80005,94
2026-06-26 04:46,4052.69995,4053.0,4052.0,4052.8999,43
2026-06-26 04:47,4051.30005,4052.80005,4051.19995,4052.80005,32
2026-06-26 04:48,4048.80005,4050.19995,4048.80005,4050.1001,30
2026-06-26 04:49,4048.80005,4049.30005,4048.1001,4048.6001,34
2026-06-26 04:50,4049.3999,4049.5,4048.5,4048.69995,35
2026-06-26 04:51,4047.80005,4049.30005,4047.6001,4049.30005,63
2026-06-26 04:52,4049.1001,4049.3999,4047.19995,4047.3999,42
2026-06-26 04:53,4049.19995,4049.5,4048.69995,4048.69995,7
2026-06-26 04:54,4048.0,4049.5,4047.5,4049.30005,30
2026-06-26 04:55,4046.19995,4047.80005,4045.5,4047.80005,80
2026-06-26 04:56,4046.19995,4046.3999,4045.5,4046.0,46
2026-06-26 04:57,4046.0,4046.19995,4045.0,4045.5,21
2026-06-26 04:58,4046.69995,4046.69995,4046.19995,4046.30005,6
2026-06-26 04:59,4046.1001,4047.0,4045.8999,4047.0,21
2026-06-26 05:00,4045.1001,4046.0,4044.80005,4045.80005,18
2026-06-26 05:01,4046.80005,4046.80005,4044.6001,4044.80005,29
2026-06-26 05:02,4046.8999,4048.0,4045.80005,4046.6001,43
2026-06-26 05:03,4046.69995,4047.69995,4046.6001,4047.19995,35
2026-06-26 05:04,4049.80005,4050.0,4047.5,4047.5,73
2026-06-26 05:05,4050.19995,4051.69995,4049.30005,4049.30005,64
2026-06-26 05:06,4050.5,4052.1001,4050.30005,4051.19995,93
2026-06-26 05:07,4052.19995,4052.5,4050.8999,4050.8999,35
2026-06-26 05:08,4053.8999,4054.3999,4052.0,4052.0,208
2026-06-26 05:09,4054.0,4055.19995,4053.19995,4054.0,182
2026-06-26 05:10,4056.6001,4057.0,4053.80005,4054.19995,305
2026-06-26 05:11,4054.30005,4057.0,4052.69995,4056.69995,117
2026-06-26 05:12,4054.1001,4054.69995,4053.1001,4054.69995,24
2026-06-26 05:13,4054.19995,4054.69995,4053.0,4053.6001,33
2026-06-26 05:14,4054.69995,4055.0,4054.0,4054.1001,16
2026-06-26 05:15,4052.69995,4055.1001,4052.69995,4055.1001,64
2026-06-26 05:16,4053.69995,4053.80005,4052.3999,4052.69995,16
2026-06-26 05:17,4054.19995,4054.5,4052.69995,4053.3999,115
2026-06-26 05:18,4051.6001,4054.19995,4051.19995,4054.19995,164
2026-06-26 05:19,4061.80005,4062.69995,4050.0,4051.19995,1131
2026-06-26 05:20,4060.80005,4064.1001,4058.19995,4061.8999,202
2026-06-26 05:21,4061.80005,4064.0,4060.19995,4060.3999,196
2026-06-26 05:22,4060.3999,4061.3999,4058.6001,4061.3999,87
2026-06-26 05:23,4062.6001,4063.1001,4060.69995,4060.80005,46
2026-06-26 05:24,4063.30005,4064.6001,4061.69995,4062.6001,149
2026-06-26 05:25,4065.19995,4066.0,4063.69995,4063.69995,134
2026-06-26 05:26,4065.69995,4066.3999,4064.0,4065.0,386
2026-06-26 05:27,4063.0,4065.69995,4063.0,4065.6001,143
2026-06-26 05:28,4063.80005,4064.3999,4062.1001,4062.6001,83
2026-06-26 05:29,4063.6001,4064.80005,4063.19995,4063.8999,164
2026-06-26 05:30,4061.8999,4063.80005,4061.69995,4063.3999,206
2026-06-26 05:31,4061.6001,4063.80005,4060.5,4062.3999,238
2026-06-26 05:32,4063.69995,4063.69995,4060.6001,4060.8999,75
2026-06-26 05:33,4062.8999,4063.80005,4062.1001,4063.6001,131
2026-06-26 05:34,4063.6001,4064.8999,4063.0,4063.5,209
2026-06-26 05:35,4067.6001,4068.8999,4063.80005,4063.80005,286
2026-06-26 05:36,4066.69995,4068.8999,4066.3999,4067.6001,63
2026-06-26 05:37,4069.0,4069.69995,4065.1001,4067.0,134
2026-06-26 05:38,4068.30005,4068.6001,4067.69995,4068.3999,56
2026-06-26 05:39,4067.1001,4068.6001,4067.0,4068.1001,42
2026-06-26 05:40,4068.69995,4068.69995,4066.5,4066.69995,29
2026-06-26 05:41,4065.5,4068.8999,4065.19995,4068.69995,109
2026-06-26 05:42,4065.69995,4066.5,4065.0,4065.0,83
2026-06-26 05:43,4063.69995,4065.6001,4062.69995,4065.6001,154
2026-06-26 05:44,4063.19995,4064.3999,4063.1001,4063.80005,43
2026-06-26 05:45,4063.19995,4063.69995,4061.30005,4063.6001,167
2026-06-26 05:46,4062.30005,4065.0,4062.19995,4063.30005,69
2026-06-26 05:47,4062.3999,4062.5,4061.5,4062.1001,51
2026-06-26 05:48,4062.3999,4063.30005,4060.80005,4062.19995,49
2026-06-26 05:49,4062.1001,4063.8999,4061.5,4062.69995,78
2026-06-26 05:50,4063.1001,4063.5,4062.0,4062.69995,37
2026-06-26 05:51,4062.8999,4064.5,4062.6001,4063.3999,57
2026-06-26 05:52,4067.6001,4067.6001,4062.19995,4063.0,299
2026-06-26 05:53,4068.1001,4069.30005,4067.5,4067.80005,348
2026-06-26 05:54,4066.0,4068.6001,4066.0,4068.19995,49
2026-06-26 05:55,4064.69995,4066.1001,4064.69995,4065.6001,15
2026-06-26 05:56,4065.0,4065.0,4064.19995,4064.19995,11
2026-06-26 05:57,4063.19995,4064.30005,4062.69995,4064.30005,50
2026-06-26 05:58,4064.6001,4064.6001,4063.3999,4063.3999,10
2026-06-26 05:59,4062.80005,4064.8999,4062.3999,4064.5,12
2026-06-26 06:00,4063.5,4063.80005,4061.1001,4062.30005,68
2026-06-26 06:01,4061.8999,4064.19995,4061.8999,4063.69995,46
2026-06-26 06:02,4061.5,4061.8999,4059.69995,4061.8999,61
2026-06-26 06:03,4061.30005,4063.1001,4061.19995,4061.69995,80
2026-06-26 06:04,4062.69995,4062.8999,4061.19995,4061.6001,16
2026-06-26 06:05,4062.80005,4063.5,4062.19995,4063.3999,42
2026-06-26 06:06,4065.5,4065.8999,4063.3999,4063.3999,65
2026-06-26 06:07,4066.0,4066.3999,4065.3999,4065.8999,30
2026-06-26 06:08,4064.80005,4065.6001,4064.80005,4065.5,14
2026-06-26 06:09,4065.0,4065.30005,4064.30005,4064.69995,35
2026-06-26 06:10,4066.6001,4067.69995,4065.3999,4065.3999,175
2026-06-26 06:11,4067.0,4067.19995,4066.1001,4066.5,27
2026-06-26 06:12,4065.80005,4067.0,4065.30005,4067.0,25
2026-06-26 06:13,4066.8999,4067.0,4065.6001,4065.6001,19
2026-06-26 06:14,4066.3999,4067.3999,4066.19995,4067.0,26
2026-06-26 06:15,4065.8999,4066.80005,4065.69995,4066.69995,19
2026-06-26 06:16,4065.1001,4066.30005,4065.1001,4065.8999,59
2026-06-26 06:17,4064.8999,4066.0,4064.5,4065.30005,39
2026-06-26 06:18,4063.8999,4065.0,4063.80005,4064.69995,39
2026-06-26 06:19,4060.0,4064.0,4060.0,4063.69995,42
2026-06-26 06:20,4060.1001,4061.5,4060.0,4060.19995,56
2026-06-26 06:21,4058.0,4060.19995,4058.0,4059.69995,135
2026-06-26 06:22,4058.5,4059.5,4057.5,4057.8999,93
2026-06-26 06:23,4058.1001,4058.69995,4057.6001,4058.69995,12
2026-06-26 06:24,4059.5,4059.80005,4058.1001,4058.30005,86
2026-06-26 06:25,4059.30005,4060.1001,4058.8999,4060.1001,14
2026-06-26 06:26,4060.5,4060.5,4059.3999,4059.3999,12
2026-06-26 06:27,4062.80005,4063.30005,4059.19995,4060.30005,191
2026-06-26 06:28,4062.8999,4063.8999,4062.3999,4062.5,35
2026-06-26 06:29,4063.30005,4063.5,4062.5,4062.80005,36
2026-06-26 06:30,4063.69995,4064.80005,4062.6001,4063.30005,60
2026-06-26 06:31,4063.8999,4064.80005,4063.8999,4063.8999,20
2026-06-26 06:32,4065.19995,4065.6001,4064.1001,4064.3999,65
2026-06-26 06:33,4067.69995,4068.19995,4065.19995,4065.6001,84
2026-06-26 06:34,4069.1001,4069.5,4067.1001,4067.3999,48
2026-06-26 06:35,4066.19995,4069.19995,4066.19995,4069.19995,45
2026-06-26 06:36,4066.69995,4066.69995,4065.3999,4066.5,55
2026-06-26 06:37,4065.5,4067.1001,4065.30005,4066.5,31
2026-06-26 06:38,4066.8999,4067.80005,4066.1001,4066.1001,31
2026-06-26 06:39,4064.1001,4067.5,4064.1001,4067.5,60
2026-06-26 06:40,4065.80005,4065.80005,4064.19995,4064.69995,34
2026-06-26 06:41,4065.80005,4065.8999,4064.6001,4065.5,19
2026-06-26 06:42,4064.8999,4065.3999,4064.19995,4065.30005,40
2026-06-26 06:43,4063.19995,4064.8999,4062.5,4064.8999,34
2026-06-26 06:44,4063.6001,4063.6001,4062.0,4063.3999,20
2026-06-26 06:45,4064.0,4064.19995,4063.30005,4063.30005,39
2026-06-26 06:46,4064.1001,4064.1001,4064.0,4064.0,3
2026-06-26 06:47,4065.19995,4065.19995,4064.3999,4064.69995,13
2026-06-26 06:48,4063.69995,4065.5,4062.5,4065.19995,79
2026-06-26 06:49,4064.19995,4064.19995,4063.30005,4064.19995,27
2026-06-26 06:50,4064.6001,4064.6001,4063.6001,4063.8999,18
2026-06-26 06:51,4064.19995,4065.69995,4064.19995,4065.19995,18
2026-06-26 06:52,4066.0,4066.0,4064.6001,4064.6001,10
2026-06-26 06:53,4068.80005,4068.80005,4066.30005,4066.30005,39
2026-06-26 06:54,4068.19995,4069.80005,4068.0,4068.69995,84
2026-06-26 06:55,4067.30005,4068.5,4067.19995,4068.3999,25
2026-06-26 06:56,4068.1001,4068.5,4066.80005,4067.30005,52
2026-06-26 06:57,4068.69995,4068.80005,4067.8999,4068.5,41
2026-06-26 06:58,4067.80005,4068.5,4067.3999,4068.3999,12
2026-06-26 06:59,4069.80005,4070.80005,4067.80005,4067.8999,77
2026-06-26 07:00,4070.0,4071.0,4068.80005,4070.0,172
2026-06-26 07:01,4069.69995,4070.5,4069.5,4069.8999,37
2026-06-26 07:02,4066.69995,4069.69995,4066.6001,4069.69995,61
2026-06-26 07:03,4069.0,4069.5,4067.19995,4067.19995,24
2026-06-26 07:04,4068.5,4069.0,4067.69995,4068.80005,21
2026-06-26 07:05,4067.6001,4068.19995,4067.3999,4067.80005,16
2026-06-26 07:06,4068.0,4068.1001,4067.30005,4067.5,14
2026-06-26 07:07,4069.5,4070.0,4067.1001,4068.0,110
2026-06-26 07:08,4069.30005,4070.0,4068.6001,4069.80005,60
2026-06-26 07:09,4068.0,4069.69995,4068.0,4069.69995,36
2026-06-26 07:10,4067.6001,4068.30005,4067.1001,4068.19995,28
2026-06-26 07:11,4067.69995,4067.69995,4066.1001,4067.19995,46
2026-06-26 07:12,4065.19995,4067.30005,4064.30005,4067.30005,166
2026-06-26 07:13,4064.69995,4065.69995,4064.69995,4065.3999,35
2026-06-26 07:14,4062.69995,4064.80005,4062.3999,4064.80005,123
2026-06-26 07:15,4062.19995,4063.0,4061.5,4062.6001,91
2026-06-26 07:16,4062.6001,4063.0,4061.6001,4062.0,57
2026-06-26 07:17,4064.6001,4064.69995,4062.5,4062.5,71
2026-06-26 07:18,4064.0,4065.0,4062.8999,4064.5,113
2026-06-26 07:19,4068.30005,4069.5,4064.19995,4064.6001,120
2026-06-26 07:20,4067.8999,4068.3999,4066.80005,4068.3999,63
2026-06-26 07:21,4066.69995,4068.30005,4066.6001,4068.0,39
2026-06-26 07:22,4069.19995,4069.19995,4066.8999,4066.8999,28
2026-06-26 07:23,4067.80005,4068.6001,4067.5,4068.6001,8
2026-06-26 07:24,4067.30005,4068.0,4066.8999,4067.8999,30
2026-06-26 07:25,4068.30005,4068.30005,4067.19995,4067.5,18
2026-06-26 07:26,4067.80005,4068.8999,4067.69995,4068.30005,60
2026-06-26 07:27,4067.80005,4068.30005,4067.69995,4068.30005,9
2026-06-26 07:28,4066.69995,4068.80005,4066.69995,4068.0,37
2026-06-26 07:29,4068.1001,4068.1001,4066.0,4066.6001,28
2026-06-26 07:30,4069.30005,4069.80005,4068.1001,4068.3999,82
2026-06-26 07:31,4070.0,4070.19995,4069.0,4069.30005,77
2026-06-26 07:32,4068.3999,4070.1001,4068.3999,4069.8999,41
2026-06-26 07:33,4069.30005,4071.5,4068.30005,4068.3999,110
2026-06-26 07:34,4069.69995,4069.69995,4068.80005,4069.19995,38
2026-06-26 07:35,4068.69995,4068.80005,4068.0,4068.19995,17
2026-06-26 07:36,4067.69995,4068.8999,4067.69995,4068.8999,22
2026-06-26 07:37,4066.69995,4067.80005,4066.69995,4067.5,41
2026-06-26 07:38,4065.1001,4066.8999,4064.8999,4066.6001,40
2026-06-26 07:39,4063.6001,4065.3999,4063.6001,4065.19995,150
2026-06-26 07:40,4063.8999,4064.0,4062.0,4063.69995,90
2026-06-26 07:41,4064.69995,4065.3999,4063.80005,4063.80005,46
2026-06-26 07:42,4064.8999,4065.5,4064.5,4065.0,25
2026-06-26 07:43,4061.5,4064.5,4061.5,4064.5,32
2026-06-26 07:44,4061.8999,4062.3999,4061.3999,4061.69995,35
2026-06-26 07:45,4062.69995,4062.80005,4061.5,4062.0,37
2026-06-26 07:46,4061.6001,4062.80005,4061.19995,4062.80005,52
2026-06-26 07:47,4062.8999,4063.6001,4061.80005,4062.30005,71
2026-06-26 07:48,4062.69995,4063.1001,4062.30005,4062.6001,32
2026-06-26 07:49,4060.8999,4063.0,4060.6001,4062.80005,68
2026-06-26 07:50,4058.80005,4061.30005,4058.3999,4061.19995,187
2026-06-26 07:51,4059.8999,4060.3999,4058.1001,4058.69995,178
2026-06-26 07:52,4058.80005,4060.5,4057.6001,4059.8999,120
2026-06-26 07:53,4058.80005,4059.6001,4058.19995,4058.69995,65
2026-06-26 07:54,4059.1001,4059.6001,4058.5,4059.1001,39
2026-06-26 07:55,4061.19995,4061.69995,4059.5,4059.5,139
2026-06-26 07:56,4061.0,4062.5,4060.8999,4061.6001,52
2026-06-26 07:57,4060.19995,4061.19995,4059.80005,4060.8999,68
2026-06-26 07:58,4060.1001,4061.30005,4059.69995,4060.19995,74
2026-06-26 07:59,4061.0,4061.0,4059.6001,4060.1001,19
2026-06-26 08:00,4059.3999,4061.1001,4058.3999,4061.1001,71
2026-06-26 08:01,4060.30005,4060.30005,4059.1001,4059.6001,33
2026-06-26 08:02,4060.0,4060.80005,4059.6001,4060.5,25
2026-06-26 08:03,4060.3999,4060.69995,4059.1001,4059.8999,62
2026-06-26 08:04,4060.3999,4060.69995,4059.6001,4060.0,50
2026-06-26 08:05,4062.30005,4062.80005,4059.69995,4059.69995,50
2026-06-26 08:06,4061.1001,4062.5,4060.8999,4062.0,44
2026-06-26 08:07,4061.3999,4061.69995,4060.6001,4061.1001,41
2026-06-26 08:08,4062.0,4062.19995,4060.8999,4061.0,38
2026-06-26 08:09,4063.0,4063.1001,4061.0,4061.1001,23
2026-06-26 08:10,4063.69995,4063.69995,4062.6001,4063.1001,22
2026-06-26 08:11,4063.69995,4064.5,4063.0,4063.19995,92
2026-06-26 08:12,4064.1001,4064.19995,4063.6001,4063.6001,18
2026-06-26 08:13,4063.69995,4064.1001,4063.69995,4063.8999,8
2026-06-26 08:14,4064.0,4065.8999,4063.19995,4063.3999,102
2026-06-26 08:15,4066.1001,4066.1001,4063.5,4063.80005,53
2026-06-26 08:16,4064.30005,4066.5,4064.30005,4066.5,16
2026-06-26 08:17,4064.19995,4064.5,4064.0,4064.5,9
2026-06-26 08:18,4060.8999,4063.8999,4060.8999,4063.6001,42
2026-06-26 08:19,4059.1001,4061.3999,4058.80005,4061.1001,38
2026-06-26 08:20,4059.5,4059.69995,4058.0,4059.30005,116
2026-06-26 08:21,4059.1001,4060.1001,4056.80005,4060.0,170
2026-06-26 08:22,4058.80005,4059.6001,4057.5,4059.0,95
2026-06-26 08:23,4059.1001,4061.8999,4058.0,4059.0,108
2026-06-26 08:24,4059.1001,4060.19995,4058.8999,4059.30005,48
2026-06-26 08:25,4059.8999,4061.3999,4059.1001,4059.1001,87
2026-06-26 08:26,4061.3999,4061.3999,4059.6001,4059.6001,85
2026-06-26 08:27,4060.19995,4061.80005,4059.0,4061.6001,58
2026-06-26 08:28,4061.8999,4062.5,4059.5,4059.69995,46
2026-06-26 08:29,4061.3999,4062.1001,4060.80005,4062.1001,27
2026-06-26 08:30,4062.3999,4063.3999,4061.1001,4061.1001,77
2026-06-26 08:31,4063.30005,4063.69995,4062.3999,4062.3999,41
2026-06-26 08:32,4061.80005,4064.0,4061.0,4063.5,196
2026-06-26 08:33,4060.80005,4062.5,4060.5,4061.80005,33
2026-06-26 08:34,4060.1001,4061.5,4057.69995,4061.0,198
2026-06-26 08:35,4058.8999,4059.80005,4057.8999,4059.69995,94
2026-06-26 08:36,4059.3999,4060.5,4058.6001,4058.8999,102
2026-06-26 08:37,4059.1001,4060.30005,4058.3999,4060.1001,57
2026-06-26 08:38,4060.30005,4061.0,4059.1001,4059.80005,32
2026-06-26 08:39,4059.1001,4061.0,4058.8999,4060.6001,45
2026-06-26 08:40,4057.5,4059.1001,4056.80005,4059.1001,79
2026-06-26 08:41,4055.5,4057.30005,4055.19995,4057.19995,165
2026-06-26 08:42,4053.0,4055.5,4052.3999,4055.5,161
2026-06-26 08:43,4051.80005,4052.6001,4050.6001,4052.6001,203
2026-06-26 08:44,4055.1001,4055.1001,4050.6001,4051.6001,175
2026-06-26 08:45,4056.1001,4057.1001,4054.0,4054.80005,120
2026-06-26 08:46,4058.80005,4059.19995,4056.30005,4056.30005,174
2026-06-26 08:47,4057.6001,4059.1001,4057.0,4058.6001,84
2026-06-26 08:48,4055.69995,4058.0,4055.3999,4057.69995,69
2026-06-26 08:49,4059.0,4059.0,4056.0,4056.0,69
2026-06-26 08:50,4059.3999,4061.0,4058.3999,4059.0,56
2026-06-26 08:51,4061.80005,4061.80005,4059.30005,4059.69995,65
2026-06-26 08:52,4060.6001,4062.1001,4059.69995,4061.5,125
2026-06-26 08:53,4063.30005,4063.6001,4060.5,4060.6001,125
2026-06-26 08:54,4060.6001,4063.80005,4060.30005,4063.1001,141
2026-06-26 08:55,4063.0,4063.30005,4060.80005,4060.80005,84
2026-06-26 08:56,4061.80005,4062.80005,4061.69995,4062.80005,71
2026-06-26 08:57,4069.69995,4071.8999,4062.0,4062.0,538
2026-06-26 08:58,4075.19995,4075.6001,4068.6001,4070.0,337
2026-06-26 08:59,4074.0,4076.69995,4074.0,4075.3999,366
2026-06-26 09:00,4073.5,4081.30005,4072.80005,4074.1001,568
2026-06-26 09:01,4070.0,4072.80005,4067.5,4072.80005,290
2026-06-26 09:02,4069.19995,4073.3999,4068.30005,4070.1001,253
2026-06-26 09:03,4066.19995,4070.8999,4066.19995,4068.69995,217
2026-06-26 09:04,4067.19995,4067.69995,4065.0,4066.19995,172
2026-06-26 09:05,4065.80005,4068.1001,4065.19995,4067.0,100
2026-06-26 09:06,4064.19995,4066.19995,4062.3999,4066.19995,152
2026-06-26 09:07,4063.3999,4066.1001,4062.8999,4063.3999,84
2026-06-26 09:08,4061.30005,4064.69995,4060.69995,4062.8999,276
2026-06-26 09:09,4059.6001,4062.1001,4058.0,4061.0,315
2026-06-26 09:10,4060.1001,4062.19995,4058.3999,4059.69995,183
2026-06-26 09:11,4062.19995,4063.19995,4059.80005,4060.0,112
2026-06-26 09:12,4064.6001,4065.6001,4061.69995,4062.1001,200
2026-06-26 09:13,4063.3999,4065.69995,4063.19995,4064.3999,133
2026-06-26 09:14,4065.1001,4065.69995,4063.19995,4063.69995,55
2026-06-26 09:15,4066.5,4066.5,4063.8999,4065.30005,92
2026-06-26 09:16,4067.3999,4068.0,4065.8999,4066.69995,250
2026-06-26 09:17,4067.3999,4067.8999,4066.1001,4067.30005,184
2026-06-26 09:18,4059.6001,4066.8999,4057.69995,4066.8999,312
2026-06-26 09:19,4065.19995,4065.30005,4057.69995,4059.5,202
2026-06-26 09:20,4067.80005,4070.6001,4064.19995,4065.3999,281
2026-06-26 09:21,4070.3999,4072.1001,4067.8999,4067.8999,303
2026-06-26 09:22,4071.19995,4072.6001,4069.6001,4070.6001,246
2026-06-26 09:23,4072.0,4073.19995,4070.8999,4071.5,165
2026-06-26 09:24,4072.1001,4072.69995,4069.80005,4072.3999,131
2026-06-26 09:25,4071.19995,4073.6001,4068.5,4071.80005,142
2026-06-26 09:26,4069.19995,4071.80005,4068.0,4071.80005,280
2026-06-26 09:27,4072.30005,4073.1001,4068.80005,4068.80005,241
2026-06-26 09:28,4071.1001,4072.6001,4069.1001,4072.1001,203
2026-06-26 09:29,4071.8999,4073.30005,4069.80005,4071.1001,307
2026-06-26 09:30,4067.5,4071.80005,4066.19995,4071.19995,433
2026-06-26 09:31,4067.69995,4068.1001,4064.1001,4067.3999,149
2026-06-26 09:32,4068.0,4068.69995,4065.3999,4067.69995,145
2026-06-26 09:33,4063.8999,4069.3999,4062.6001,4068.69995,339
2026-06-26 09:34,4065.3999,4067.6001,4062.80005,4063.19995,149
2026-06-26 09:35,4064.8999,4065.69995,4062.6001,4065.6001,190
2026-06-26 09:36,4061.1001,4066.19995,4061.0,4065.30005,153
2026-06-26 09:37,4061.19995,4063.30005,4059.3999,4061.19995,234
2026-06-26 09:38,4061.30005,4063.30005,4060.0,4061.1001,186
2026-06-26 09:39,4061.5,4064.3999,4061.1001,4061.1001,97
2026-06-26 09:40,4064.5,4065.8999,4062.30005,4062.30005,92
2026-06-26 09:41,4066.3999,4066.8999,4064.30005,4064.69995,112
2026-06-26 09:42,4071.8999,4072.3999,4066.69995,4066.69995,258
2026-06-26 09:43,4073.6001,4075.8999,4072.0,4072.1001,290
2026-06-26 09:44,4077.30005,4077.30005,4072.6001,4073.3999,254
2026-06-26 09:45,4073.6001,4077.30005,4073.0,4077.30005,136
2026-06-26 09:46,4075.8999,4076.30005,4073.80005,4073.80005,109
2026-06-26 09:47,4075.80005,4080.3999,4075.80005,4075.80005,260
2026-06-26 09:48,4074.19995,4077.8999,4074.19995,4076.1001,133
2026-06-26 09:49,4076.5,4077.19995,4073.5,4074.69995,89
2026-06-26 09:50,4082.69995,4083.0,4076.3999,4077.1001,508
2026-06-26 09:51,4081.3999,4084.5,4080.6001,4082.5,388
2026-06-26 09:52,4078.3999,4082.0,4075.6001,4081.30005,315
2026-06-26 09:53,4079.19995,4080.3999,4077.80005,4078.69995,144
2026-06-26 09:54,4078.69995,4080.8999,4078.69995,4079.1001,114
2026-06-26 09:55,4081.80005,4082.6001,4078.8999,4079.80005,164
2026-06-26 09:56,4085.1001,4085.1001,4081.8999,4082.1001,238
2026-06-26 09:57,4092.19995,4092.5,4084.69995,4085.1001,644
2026-06-26 09:58,4088.1001,4093.1001,4087.1001,4092.1001,417
2026-06-26 09:59,4088.69995,4089.30005,4086.6001,4087.8999,317
2026-06-26 10:00,4084.80005,4091.19995,4083.19995,4088.6001,811
2026-06-26 10:01,4086.3999,4087.1001,4083.5,4085.1001,280
2026-06-26 10:02,4085.69995,4087.19995,4083.0,4086.80005,265
2026-06-26 10:03,4087.0,4088.0,4084.80005,4085.5,188
2026-06-26 10:04,4093.0,4094.8999,4086.8999,4087.0,760
2026-06-26 10:05,4089.0,4093.6001,4087.5,4092.6001,384
2026-06-26 10:06,4090.0,4091.1001,4088.1001,4089.0,283
2026-06-26 10:07,4089.5,4091.30005,4088.69995,4089.6001,232
2026-06-26 10:08,4090.0,4090.69995,4087.69995,4089.80005,269
2026-06-26 10:09,4094.8999,4095.19995,4089.19995,4089.19995,427
2026-06-26 10:10,4094.1001,4096.2998,4092.3999,4094.8999,774
2026-06-26 10:11,4096.3999,4096.8999,4093.69995,4094.30005,357
2026-06-26 10:12,4097.7002,4100.6001,4094.8999,4095.30005,753
2026-06-26 10:13,4099.6001,4099.6001,4095.8999,4097.8999,176
2026-06-26 10:14,4097.7998,4101.0,4097.6001,4099.8999,252
2026-06-26 10:15,4102.8999,4102.8999,4096.7998,4097.8999,463
2026-06-26 10:16,4107.8999,4108.7002,4101.5,4102.5,665
2026-06-26 10:17,4101.7002,4108.6001,4101.7002,4107.8999,429
2026-06-26 10:18,4103.5,4106.0,4101.2002,4101.8999,467
2026-06-26 10:19,4104.2998,4104.6001,4101.3999,4103.2998,212
2026-06-26 10:20,4107.8999,4108.1001,4102.8999,4104.0,377
2026-06-26 10:21,4104.3999,4108.0,4104.3999,4107.1001,472
2026-06-26 10:22,4106.2998,4106.7998,4104.1001,4104.6001,237
2026-06-26 10:23,4104.2998,4106.8999,4103.2998,4106.0,206
2026-06-26 10:24,4104.3999,4106.6001,4103.2002,4103.8999,102
2026-06-26 10:25,4103.5,4106.7998,4103.5,4104.3999,265
2026-06-26 10:26,4101.8999,4104.2002,4100.6001,4103.8999,346
2026-06-26 10:27,4102.3999,4105.2002,4101.8999,4102.2998,157
2026-06-26 10:28,4100.5,4102.6001,4100.0,4102.5,223
2026-06-26 10:29,4099.7002,4101.6001,4099.3999,4101.0,220
2026-06-26 10:30,4098.2998,4100.5,4096.8999,4099.8999,342
2026-06-26 10:31,4098.5,4099.5,4097.2002,4098.2002,123
2026-06-26 10:32,4098.6001,4100.1001,4096.7002,4099.6001,168
2026-06-26 10:33,4096.6001,4099.3999,4095.3999,4098.7998,322
2026-06-26 10:34,4095.3999,4098.1001,4094.8999,4096.7998,129
2026-06-26 10:35,4096.7002,4096.7002,4095.0,4095.69995,44
2026-06-26 10:36,4094.6001,4097.0,4094.5,4097.0,113
2026-06-26 10:37,4092.30005,4095.30005,4092.1001,4095.30005,188
2026-06-26 10:38,4092.1001,4093.0,4091.30005,4092.80005,148
2026-06-26 10:39,4094.5,4095.5,4092.1001,4092.19995,147
2026-06-26 10:40,4092.80005,4094.6001,4091.3999,4094.3999,113
2026-06-26 10:41,4093.19995,4094.19995,4091.69995,4092.3999,166
2026-06-26 10:42,4096.7998,4098.3999,4092.69995,4093.30005,275
2026-06-26 10:43,4097.8999,4098.1001,4094.69995,4096.2998,131
2026-06-26 10:44,4097.7002,4099.2002,4097.0,4097.7002,86
2026-06-26 10:45,4100.1001,4101.2998,4098.0,4098.0,222
2026-06-26 10:46,4100.7002,4100.7002,4098.8999,4099.6001,95
2026-06-26 10:47,4100.1001,4101.6001,4098.6001,4099.2998,141
2026-06-26 10:48,4104.1001,4104.1001,4099.8999,4100.5,233
2026-06-26 10:49,4103.5,4106.7998,4101.7998,4104.3999,283
2026-06-26 10:50,4102.2002,4103.8999,4101.0,4103.7002,231
2026-06-26 10:51,4101.1001,4103.2002,4099.7002,4102.5,89
2026-06-26 10:52,4101.6001,4102.2002,4099.1001,4101.1001,201
2026-06-26 10:53,4102.7998,4103.6001,4100.6001,4101.5,121
2026-06-26 10:54,4103.2002,4103.2002,4100.6001,4102.0,202
2026-06-26 10:55,4104.3999,4106.5,4102.8999,4103.1001,252
2026-06-26 10:56,4099.3999,4103.6001,4096.3999,4103.6001,377
2026-06-26 10:57,4099.8999,4101.2998,4099.5,4099.6001,78
2026-06-26 10:58,4097.1001,4100.7998,4097.1001,4099.8999,176
2026-06-26 10:59,4095.69995,4097.7998,4095.6001,4097.1001,141
2026-06-26 11:00,4097.5,4098.2002,4094.3999,4095.8999,119
2026-06-26 11:01,4097.3999,4098.2002,4096.0,4097.1001,70
2026-06-26 11:02,4096.1001,4098.2998,4095.80005,4098.2002,69
2026-06-26 11:03,4096.7002,4097.1001,4095.80005,4096.2002,32
2026-06-26 11:04,4094.30005,4096.5,4094.30005,4096.2998,54
2026-06-26 11:05,4093.69995,4095.6001,4093.3999,4094.5,81
2026-06-26 11:06,4091.19995,4093.6001,4090.8999,4093.5,237
2026-06-26 11:07,4092.8999,4093.3999,4091.19995,4091.19995,82
2026-06-26 11:08,4092.6001,4092.80005,4090.69995,4092.80005,78
2026-06-26 11:09,4096.0,4096.2002,4092.5,4092.8999,159
2026-06-26 11:10,4096.0,4097.5,4095.30005,4096.0,93
2026-06-26 11:11,4094.8999,4096.2998,4094.19995,4095.8999,47
2026-06-26 11:12,4093.1001,4094.8999,4092.5,4094.8999,65
2026-06-26 11:13,4095.69995,4096.3999,4094.0,4094.19995,85
2026-06-26 11:14,4094.30005,4096.0,4094.19995,4095.6001,47
2026-06-26 11:15,4095.3999,4096.2002,4093.0,4094.19995,106
2026-06-26 11:16,4097.2998,4097.2998,4094.6001,4095.6001,82
2026-06-26 11:17,4098.7998,4099.7998,4096.8999,4097.5,166
2026-06-26 11:18,4095.0,4098.6001,4094.8999,4098.1001,135
2026-06-26 11:19,4097.0,4097.5,4094.69995,4094.69995,71
2026-06-26 11:20,4096.6001,4098.1001,4096.0,4097.2002,57
2026-06-26 11:21,4096.7998,4098.8999,4096.3999,4097.1001,176
2026-06-26 11:22,4098.8999,4099.1001,4097.0,4097.0,106
2026-06-26 11:23,4095.8999,4098.6001,4095.30005,4098.6001,94
2026-06-26 11:24,4097.2998,4097.2998,4095.8999,4096.1001,65
2026-06-26 11:25,4096.3999,4097.2002,4096.0,4096.7002,49
2026-06-26 11:26,4097.1001,4098.2002,4095.6001,4096.8999,95
2026-06-26 11:27,4097.8999,4097.8999,4096.8999,4097.3999,56
2026-06-26 11:28,4096.7998,4098.3999,4096.2002,4098.3999,28
2026-06-26 11:29,4099.1001,4099.8999,4097.8999,4098.0,57
2026-06-26 11:30,4103.1001,4103.1001,4099.5,4099.6001,172
2026-06-26 11:31,4102.1001,4103.8999,4100.7998,4103.2002,148
2026-06-26 11:32,4101.2998,4101.7998,4100.0,4101.7998,44
2026-06-26 11:33,4097.6001,4101.8999,4097.6001,4101.1001,135
2026-06-26 11:34,4097.0,4099.2998,4097.0,4097.6001,83
2026-06-26 11:35,4098.5,4099.3999,4096.6001,4097.2002,82
2026-06-26 11:36,4101.2002,4102.2002,4098.2998,4098.3999,78
2026-06-26 11:37,4104.5,4105.6001,4101.2002,4101.6001,222
2026-06-26 11:38,4105.2998,4106.2002,4103.2002,4104.2002,112
2026-06-26 11:39,4106.7002,4109.2998,4104.8999,4105.2998,274
2026-06-26 11:40,4107.3999,4108.3999,4106.2998,4106.7998,160
2026-06-26 11:41,4110.2002,4110.7002,4106.6001,4107.2998,486
2026-06-26 11:42,4109.1001,4110.7002,4107.8999,4110.2002,143
2026-06-26 11:43,4110.1001,4110.5,4108.0,4109.1001,126
2026-06-26 11:44,4110.2002,4110.7002,4108.2002,4109.3999,166
2026-06-26 11:45,4109.0,4110.6001,4107.7998,4110.5,161
2026-06-26 11:46,4108.0,4110.1001,4106.0,4108.8999,390
2026-06-26 11:47,4109.5,4110.0,4108.1001,4108.1001,148
2026-06-26 11:48,4108.2998,4109.8999,4107.2998,4109.7998,85
2026-06-26 11:49,4110.1001,4111.5,4108.1001,4108.1001,140
2026-06-26 11:50,4109.1001,4110.8999,4108.5,4110.6001,103
2026-06-26 11:51,4101.2998,4109.5,4099.7998,4109.2998,942
2026-06-26 11:52,4099.7002,4102.7002,4098.5,4101.6001,354
2026-06-26 11:53,4101.1001,4102.8999,4098.8999,4099.3999,114
2026-06-26 11:54,4101.7002,4102.0,4100.0,4101.7002,66
2026-06-26 11:55,4103.8999,4105.2998,4101.0,4101.5,100
2026-06-26 11:56,4106.1001,4106.1001,4103.3999,4103.7998,77
2026-06-26 11:57,4105.7002,4107.5,4105.5,4106.2002,107
2026-06-26 11:58,4106.2002,4106.3999,4104.7002,4105.3999,76
2026-06-26 11:59,4106.2998,4107.2998,4105.7002,4106.2002,88
2026-06-26 12:00,4107.2002,4108.3999,4106.1001,4106.1001,171
2026-06-26 12:01,4107.2998,4108.2998,4106.6001,4107.1001,174
2026-06-26 12:02,4105.1001,4107.7998,4105.1001,4107.1001,64
2026-06-26 12:03,4106.7998,4107.7998,4105.2998,4105.3999,59
2026-06-26 12:04,4106.8999,4107.6001,4105.7002,4105.7002,62
2026-06-26 12:05,4104.6001,4106.6001,4104.3999,4106.6001,60
2026-06-26 12:06,4105.5,4105.7002,4104.2998,4105.0,43
2026-06-26 12:07,4105.1001,4105.7002,4104.7998,4104.8999,29
2026-06-26 12:08,4104.6001,4106.0,4104.6001,4104.8999,29
2026-06-26 12:09,4104.3999,4105.1001,4103.6001,4104.7002,37
2026-06-26 12:10,4105.2002,4105.2002,4103.6001,4104.6001,67
2026-06-26 12:11,4105.3999,4105.6001,4104.0,4105.2998,62
2026-06-26 12:12,4105.6001,4107.1001,4105.3999,4105.8999,49
2026-06-26 12:13,4106.7998,4106.8999,4105.6001,4105.6001,20
2026-06-26 12:14,4106.7998,4107.7002,4106.3999,4106.8999,40
2026-06-26 12:15,4107.8999,4108.7002,4105.7998,4106.6001,67
2026-06-26 12:16,4107.7002,4108.0,4106.0,4107.7998,61
2026-06-26 12:17,4107.6001,4109.2002,4107.6001,4107.7998,60
2026-06-26 12:18,4106.7002,4108.0,4106.3999,4108.0,26
2026-06-26 12:19,4105.7002,4107.0,4104.7998,4106.8999,72
2026-06-26 12:20,4104.3999,4106.0,4102.6001,4106.0,216
2026-06-26 12:21,4100.6001,4104.7002,4100.1001,4104.5,178
2026-06-26 12:22,4101.7998,4102.6001,4100.6001,4101.0,118
2026-06-26 12:23,4100.0,4101.2998,4098.5,4101.2998,165
2026-06-26 12:24,4101.2998,4102.1001,4100.0,4100.2002,84
2026-06-26 12:25,4101.2998,4101.6001,4099.8999,4100.7998,73
2026-06-26 12:26,4102.7998,4103.2002,4100.8999,4100.8999,55
2026-06-26 12:27,4103.6001,4103.8999,4102.2002,4102.7002,33
2026-06-26 12:28,4102.7998,4103.3999,4102.6001,4103.2998,30
2026-06-26 12:29,4102.2998,4103.1001,4101.2998,4102.7998,76
2026-06-26 12:30,4107.8999,4108.5,4102.5,4102.5,228
2026-06-26 12:31,4107.2998,4108.6001,4106.2998,4107.7002,147
2026-06-26 12:32,4105.7002,4108.5,4105.7002,4107.7998,80
2026-06-26 12:33,4104.7998,4105.8999,4104.2002,4105.7998,33
2026-06-26 12:34,4103.5,4105.3999,4103.5,4104.7002,80
2026-06-26 12:35,4103.2002,4103.6001,4102.8999,4103.6001,40
2026-06-26 12:36,4103.2998,4103.7998,4102.2998,4103.2998,91
2026-06-26 12:37,4103.7998,4104.0,4102.8999,4103.2998,47
2026-06-26 12:38,4101.7998,4104.1001,4101.7998,4103.7998,142
2026-06-26 12:39,4100.0,4102.2002,4099.3999,4101.7002,175
2026-06-26 12:40,4098.2002,4100.2998,4097.8999,4100.2002,83
2026-06-26 12:41,4097.8999,4098.7002,4097.3999,4098.2002,67
2026-06-26 12:42,4099.5,4099.7002,4097.6001,4098.2998,120
2026-06-26 12:43,4100.2998,4100.6001,4099.3999,4099.5,99
2026-06-26 12:44,4099.6001,4101.2998,4099.3999,4100.2002,44
2026-06-26 12:45,4101.7998,4101.8999,4099.5,4099.5,129
2026-06-26 12:46,4099.6001,4101.5,4099.5,4101.5,84
2026-06-26 12:47,4100.2002,4100.2998,4099.7002,4099.8999,15
2026-06-26 12:48,4100.2002,4100.2998,4099.0,4100.0,41
2026-06-26 12:49,4098.7998,4100.8999,4098.7998,4100.2998,113
2026-06-26 12:50,4098.1001,4099.7002,4098.0,4099.2998,132
2026-06-26 12:51,4098.6001,4100.1001,4098.5,4098.6001,321
2026-06-26 12:52,4098.8999,4099.0,4098.0,4098.3999,43
2026-06-26 12:53,4100.2998,4100.3999,4098.7002,4098.7998,51
2026-06-26 12:54,4100.5,4100.5,4098.3999,4100.3999,79
2026-06-26 12:55,4099.5,4100.7002,4099.5,4100.6001,18
2026-06-26 12:56,4100.0,4100.8999,4098.7998,4099.2998,64
2026-06-26 12:57,4099.3999,4100.2002,4099.3999,4100.2002,8
2026-06-26 12:58,4100.1001,4100.1001,4099.6001,4099.6001,10
2026-06-26 12:59,4099.8999,4100.1001,4099.0,4099.7998,30
2026-06-26 13:00,4100.2998,4100.5,4098.6001,4100.2002,131
2026-06-26 13:01,4099.6001,4100.7002,4099.5,4100.0,39
2026-06-26 13:02,4099.6001,4100.0,4099.0,4099.7998,21
2026-06-26 13:03,4099.1001,4100.5,4099.0,4099.7002,33
2026-06-26 13:04,4099.6001,4100.2998,4098.6001,4099.0,45
2026-06-26 13:05,4101.2002,4101.3999,4099.2998,4099.7998,76
2026-06-26 13:06,4101.6001,4102.1001,4100.3999,4101.1001,61
2026-06-26 13:07,4102.8999,4103.3999,4100.7002,4101.2002,123
2026-06-26 13:08,4102.5,4103.0,4102.2002,4102.7998,100
2026-06-26 13:09,4102.0,4102.8999,4101.8999,4102.5,35
2026-06-26 13:10,4101.2002,4102.5,4101.0,4102.2002,195
2026-06-26 13:11,4099.3999,4102.0,4099.3999,4101.7998,121
2026-06-26 13:12,4099.7998,4100.1001,4098.7002,4099.6001,92
2026-06-26 13:13,4097.7002,4099.7998,4097.7002,4099.7998,68
2026-06-26 13:14,4098.3999,4099.5,4097.7998,4097.7998,61
2026-06-26 13:15,4097.6001,4099.1001,4097.1001,4098.7002,105
2026-06-26 13:16,4098.6001,4099.3999,4097.6001,4097.7998,103
2026-06-26 13:17,4097.8999,4099.0,4097.2998,4098.7998,118
2026-06-26 13:18,4097.7998,4098.2998,4097.5,4097.8999,88
2026-06-26 13:19,4096.7998,4098.1001,4096.5,4097.7002,76
2026-06-26 13:20,4096.2002,4097.3999,4095.6001,4096.8999,182
2026-06-26 13:21,4097.3999,4097.7002,4095.30005,4096.0,80
2026-06-26 13:22,4096.8999,4098.2002,4096.8999,4097.2998,114
2026-06-26 13:23,4098.5,4098.7002,4097.1001,4097.2002,84
2026-06-26 13:24,4099.8999,4100.2998,4098.3999,4098.3999,90
2026-06-26 13:25,4097.7998,4099.7998,4097.5,4099.7002,105
2026-06-26 13:26,4097.7002,4098.1001,4097.1001,4097.6001,85
2026-06-26 13:27,4097.2998,4098.5,4097.2998,4098.0,118
2026-06-26 13:28,4097.1001,4097.7002,4096.8999,4097.2002,203
2026-06-26 13:29,4096.7002,4097.1001,4095.5,4097.1001,805
2026-06-26 13:30,4096.1001,4098.3999,4095.8999,4096.7998,144
2026-06-26 13:31,4092.80005,4096.1001,4092.5,4096.1001,212
2026-06-26 13:32,4093.30005,4093.30005,4091.0,4092.80005,325
2026-06-26 13:33,4093.0,4093.19995,4092.0,4093.19995,48
2026-06-26 13:34,4093.0,4093.6001,4092.19995,4093.0,50
2026-06-26 13:35,4092.30005,4094.0,4092.30005,4093.19995,45
2026-06-26 13:36,4089.80005,4092.5,4089.6001,4092.30005,191
2026-06-26 13:37,4090.6001,4091.19995,4089.5,4089.5,83
2026-06-26 13:38,4090.0,4091.69995,4089.80005,4091.1001,36
2026-06-26 13:39,4090.69995,4090.69995,4089.3999,4090.19995,70
2026-06-26 13:40,4090.1001,4091.0,4089.5,4091.0,41
2026-06-26 13:41,4090.3999,4090.69995,4089.1001,4090.1001,118
2026-06-26 13:42,4092.3999,4092.69995,4089.69995,4090.69995,144
2026-06-26 13:43,4091.30005,4092.6001,4091.30005,4092.3999,47
2026-06-26 13:44,4091.6001,4091.8999,4091.0,4091.6001,19
2026-06-26 13:45,4091.6001,4092.6001,4091.5,4091.80005,22
2026-06-26 13:46,4091.1001,4092.0,4090.6001,4092.0,55
2026-06-26 13:47,4090.0,4091.1001,4090.0,4091.1001,24
2026-06-26 13:48,4089.5,4091.0,4089.19995,4090.1001,65
2026-06-26 13:49,4091.19995,4091.69995,4089.6001,4089.6001,39
2026-06-26 13:50,4091.19995,4091.19995,4090.80005,4091.19995,18
2026-06-26 13:51,4091.80005,4091.80005,4090.8999,4091.1001,42
2026-06-26 13:52,4091.6001,4091.8999,4091.0,4091.3999,26
2026-06-26 13:53,4090.5,4091.6001,4089.8999,4091.1001,39
2026-06-26 13:54,4090.3999,4090.3999,4089.3999,4090.30005,41
2026-06-26 13:55,4090.1001,4090.30005,4089.19995,4090.1001,27
2026-06-26 13:56,4089.3999,4090.3999,4088.8999,4089.6001,73
2026-06-26 13:57,4088.80005,4090.1001,4088.69995,4089.30005,51
2026-06-26 13:58,4089.30005,4090.19995,4088.69995,4088.69995,73
2026-06-26 13:59,4089.6001,4090.69995,4089.3999,4089.3999,34
2026-06-26 14:00,4088.8999,4090.1001,4088.6001,4089.8999,36
2026-06-26 14:01,4087.6001,4089.69995,4087.3999,4088.8999,109
2026-06-26 14:02,4087.30005,4088.69995,4087.30005,4087.6001,43
2026-06-26 14:03,4090.69995,4091.0,4087.5,4087.80005,87
2026-06-26 14:04,4091.3999,4091.80005,4090.8999,4091.1001,50
2026-06-26 14:05,4090.5,4091.1001,4090.0,4090.8999,36
2026-06-26 14:06,4091.30005,4092.30005,4090.69995,4090.69995,48
2026-06-26 14:07,4091.69995,4091.69995,4090.69995,4091.30005,75
2026-06-26 14:08,4092.1001,4092.69995,4091.0,4091.5,114
2026-06-26 14:09,4092.19995,4094.0,4092.19995,4092.80005,163
2026-06-26 14:10,4091.30005,4092.30005,4091.0,4092.30005,36
2026-06-26 14:11,4092.3999,4092.3999,4090.6001,4091.1001,37
2026-06-26 14:12,4092.19995,4092.8999,4091.8999,4092.3999,40
2026-06-26 14:13,4091.1001,4092.3999,4091.1001,4092.3999,28
2026-06-26 14:14,4091.6001,4091.69995,4090.69995,4091.19995,23
2026-06-26 14:15,4090.3999,4091.69995,4090.30005,4091.5,23
2026-06-26 14:16,4089.19995,4090.19995,4089.19995,4090.19995,23
2026-06-26 14:17,4089.1001,4089.6001,4088.8999,4089.30005,31
2026-06-26 14:18,4089.1001,4090.19995,4088.8999,4088.8999,37
2026-06-26 14:19,4089.1001,4089.30005,4088.3999,4088.5,30
2026-06-26 14:20,4087.5,4089.3999,4087.19995,4089.1001,136
2026-06-26 14:21,4086.5,4087.19995,4086.0,4087.19995,109
2026-06-26 14:22,4087.30005,4088.1001,4086.30005,4086.30005,61
2026-06-26 14:23,4087.1001,4087.3999,4086.80005,4087.3999,63
2026-06-26 14:24,4086.69995,4087.19995,4086.19995,4087.19995,19
2026-06-26 14:25,4087.30005,4087.80005,4086.6001,4086.80005,140
2026-06-26 14:26,4087.8999,4088.69995,4087.30005,4087.30005,25
2026-06-26 14:27,4087.69995,4088.3999,4087.3999,4087.8999,49
2026-06-26 14:28,4087.30005,4087.8999,4087.0,4087.3999,24
2026-06-26 14:29,4088.30005,4088.5,4087.19995,4087.19995,7
2026-06-26 14:30,4089.69995,4090.30005,4088.3999,4088.3999,54
2026-06-26 14:31,4089.80005,4090.19995,4089.5,4089.5,15
2026-06-26 14:32,4089.80005,4090.30005,4089.19995,4089.5,18
2026-06-26 14:33,4089.3999,4089.69995,4088.69995,4089.69995,49
2026-06-26 14:34,4089.30005,4089.30005,4088.5,4089.30005,21
2026-06-26 14:35,4088.8999,4089.3999,4088.8999,4089.19995,20
2026-06-26 14:36,4087.69995,4088.6001,4087.6001,4088.0,34
2026-06-26 14:37,4088.1001,4088.30005,4087.5,4087.80005,21
2026-06-26 14:38,4088.1001,4088.8999,4088.1001,4088.1001,17
2026-06-26 14:39,4088.3999,4088.6001,4088.3999,4088.5,8
2026-06-26 14:40,4087.3999,4088.8999,4087.1001,4088.8999,37
2026-06-26 14:41,4088.0,4088.0,4086.5,4087.30005,40
2026-06-26 14:42,4088.6001,4088.6001,4088.19995,4088.19995,7
2026-06-26 14:43,4087.8999,4088.3999,4087.69995,4088.3999,10
2026-06-26 14:44,4087.5,4088.69995,4087.3999,4088.19995,27
2026-06-26 14:45,4085.5,4087.19995,4085.19995,4087.19995,114
2026-06-26 14:46,4084.0,4086.0,4083.6001,4085.69995,100
2026-06-26 14:47,4083.5,4084.0,4083.1001,4083.80005,55
2026-06-26 14:48,4083.30005,4083.69995,4082.1001,4083.1001,131
2026-06-26 14:49,4084.19995,4084.6001,4083.19995,4083.30005,35
2026-06-26 14:50,4083.5,4084.3999,4083.5,4084.3999,26
2026-06-26 14:51,4084.19995,4084.19995,4083.30005,4083.6001,48
2026-06-26 14:52,4085.3999,4085.3999,4083.80005,4084.30005,59
2026-06-26 14:53,4085.19995,4085.3999,4084.19995,4085.30005,58
2026-06-26 14:54,4085.1001,4085.6001,4084.8999,4084.8999,45
2026-06-26 14:55,4085.80005,4086.19995,4084.80005,4085.3999,49
2026-06-26 14:56,4084.3999,4085.1001,4084.30005,4085.1001,31
2026-06-26 14:57,4083.30005,4085.1001,4083.1001,4084.30005,48
2026-06-26 14:58,4083.19995,4083.80005,4083.1001,4083.6001,21
2026-06-26 14:59,4082.19995,4082.8999,4081.8999,4082.69995,149
2026-06-26 15:00,4082.5,4083.19995,4081.5,4082.0,109
2026-06-26 15:01,4083.1001,4083.19995,4081.80005,4082.19995,21
2026-06-26 15:02,4081.19995,4082.69995,4080.80005,4082.69995,103
2026-06-26 15:03,4080.6001,4081.1001,4080.19995,4080.8999,32
2026-06-26 15:04,4080.19995,4080.6001,4079.5,4080.19995,89
2026-06-26 15:05,4081.0,4081.1001,4079.8999,4080.30005,36
2026-06-26 15:06,4080.6001,4081.30005,4080.3999,4081.0,55
2026-06-26 15:07,4079.80005,4080.3999,4079.0,4080.3999,36
2026-06-26 15:08,4081.30005,4082.19995,4079.3999,4079.3999,64
2026-06-26 15:09,4081.3999,4081.8999,4080.8999,4081.69995,14
2026-06-26 15:10,4081.30005,4081.6001,4080.69995,4081.30005,18
2026-06-26 15:11,4081.80005,4082.0,4080.80005,4081.3999,32
2026-06-26 15:12,4082.1001,4082.6001,4080.8999,4081.30005,70
2026-06-26 15:13,4084.19995,4084.19995,4081.8999,4082.0,72
2026-06-26 15:14,4084.0,4084.5,4084.0,4084.0,18
2026-06-26 15:15,4083.8999,4084.3999,4083.19995,4084.3999,23
2026-06-26 15:16,4083.0,4083.5,4082.80005,4083.0,16
2026-06-26 15:17,4082.69995,4083.30005,4081.80005,4083.30005,23
2026-06-26 15:18,4082.80005,4083.3999,4082.6001,4082.80005,34
2026-06-26 15:19,4082.80005,4083.80005,4082.80005,4082.80005,20
2026-06-26 15:20,4080.8999,4082.6001,4080.8999,4082.6001,74
2026-06-26 15:21,4080.80005,4081.80005,4080.1001,4081.0,253
2026-06-26 15:22,4080.30005,4081.19995,4079.8999,4081.0,18
2026-06-26 15:23,4079.3999,4080.1001,4079.1001,4080.0,57
2026-06-26 15:24,4080.1001,4080.19995,4079.6001,4079.6001,46
2026-06-26 15:25,4080.5,4080.80005,4080.19995,4080.6001,14
2026-06-26 15:26,4080.80005,4080.80005,4079.80005,4079.8999,14
2026-06-26 15:27,4082.0,4082.1001,4080.30005,4080.30005,43
2026-06-26 15:28,4081.30005,4082.30005,4080.8999,4082.1001,29
2026-06-26 15:29,4080.80005,4080.8999,4080.69995,4080.80005,11
2026-06-26 15:30,4080.30005,4081.0,4079.8999,4080.69995,78
2026-06-26 15:31,4081.30005,4081.5,4080.5,4080.69995,93
2026-06-26 15:32,4082.69995,4082.69995,4080.8999,4080.8999,62
2026-06-26 15:33,4083.6001,4083.6001,4082.5,4082.5,39
2026-06-26 15:34,4084.6001,4084.69995,4083.1001,4083.3999,30
2026-06-26 15:35,4083.80005,4085.6001,4083.6001,4084.69995,66
2026-06-26 15:36,4083.30005,4084.6001,4083.30005,4083.8999,20
2026-06-26 15:37,4084.19995,4084.5,4082.5,4083.1001,73
2026-06-26 15:38,4083.69995,4084.19995,4083.3999,4084.19995,12
2026-06-26 15:39,4083.0,4083.5,4083.0,4083.30005,16
2026-06-26 15:40,4082.8999,4083.80005,4082.80005,4082.80005,23
2026-06-26 15:41,4082.8999,4083.30005,4082.6001,4082.69995,28
2026-06-26 15:42,4083.69995,4083.69995,4082.3999,4082.69995,46
2026-06-26 15:43,4083.8999,4084.80005,4083.6001,4083.6001,57
2026-06-26 15:44,4083.19995,4083.6001,4082.5,4083.5,59
2026-06-26 15:45,4081.8999,4083.19995,4081.6001,4083.0,87
2026-06-26 15:46,4083.1001,4083.5,4081.6001,4082.0,46
2026-06-26 15:47,4083.30005,4083.80005,4082.8999,4083.1001,103
2026-06-26 15:48,4083.5,4084.3999,4082.8999,4083.6001,43
2026-06-26 15:49,4084.69995,4084.69995,4083.6001,4083.8999,27
2026-06-26 15:50,4085.30005,4086.30005,4084.5,4084.69995,92
2026-06-26 15:51,4085.6001,4086.1001,4084.80005,4085.6001,55
2026-06-26 15:52,4087.8999,4088.80005,4085.5,4085.69995,108
2026-06-26 15:53,4088.19995,4088.6001,4087.1001,4087.30005,83
2026-06-26 15:54,4087.69995,4088.19995,4087.30005,4087.69995,59
2026-06-26 15:55,4087.3999,4088.0,4085.69995,4087.80005,195
2026-06-26 15:56,4088.5,4088.80005,4087.19995,4087.19995,63
2026-06-26 15:57,4088.1001,4089.0,4088.1001,4088.6001,49
2026-06-26 15:58,4087.69995,4088.69995,4087.5,4088.0,55
2026-06-26 15:59,4086.19995,4088.0,4085.69995,4087.80005,124
2026-06-26 16:00,4086.5,4087.19995,4085.19995,4086.3999,114
2026-06-26 16:01,4085.69995,4086.6001,4085.30005,4086.30005,82
2026-06-26 16:02,4086.6001,4086.80005,4085.5,4085.69995,43
2026-06-26 16:03,4086.1001,4086.80005,4085.5,4086.80005,25
2026-06-26 16:04,4085.80005,4086.6001,4085.80005,4085.8999,22
2026-06-26 16:05,4084.5,4085.8999,4084.0,4085.8999,49
2026-06-26 16:06,4082.80005,4084.30005,4082.80005,4083.8999,18
2026-06-26 16:07,4082.69995,4083.30005,4082.1001,4082.1001,41
2026-06-26 16:08,4082.0,4082.8999,4082.0,4082.3999,26
2026-06-26 16:09,4080.30005,4082.1001,4080.30005,4082.1001,25
2026-06-26 16:10,4080.69995,4081.69995,4080.69995,4080.80005,34
2026-06-26 16:11,4079.80005,4081.0,4079.19995,4080.80005,37
2026-06-26 16:12,4080.6001,4080.80005,4079.0,4079.5,20
2026-06-26 16:13,4082.0,4082.3999,4080.6001,4080.6001,31
2026-06-26 16:14,4082.3999,4082.6001,4082.30005,4082.30005,12
2026-06-26 16:15,4081.5,4081.80005,4080.69995,4081.6001,77
2026-06-26 16:16,4082.0,4082.80005,4080.5,4082.30005,117
2026-06-26 16:17,4081.69995,4082.5,4081.69995,4082.3999,16
2026-06-26 16:18,4081.1001,4081.30005,4080.8999,4081.30005,13
2026-06-26 16:19,4082.1001,4082.69995,4081.6001,4081.6001,22
2026-06-26 16:20,4082.6001,4082.6001,4081.6001,4082.3999,10
2026-06-26 16:21,4082.5,4082.69995,4081.80005,4082.69995,9
2026-06-26 16:22,4084.19995,4084.5,4082.5,4082.69995,41
2026-06-26 16:23,4085.19995,4085.5,4084.19995,4084.19995,49
2026-06-26 16:24,4085.69995,4085.69995,4085.0,4085.0,10
2026-06-26 16:25,4086.80005,4087.1001,4085.8999,4085.8999,38
2026-06-26 16:26,4086.0,4087.1001,4085.8999,4086.19995,20
2026-06-26 16:27,4086.0,4086.3999,4085.5,4086.30005,6
2026-06-26 16:28,4085.8999,4086.6001,4085.8999,4086.0,9
2026-06-26 16:29,4086.6001,4086.80005,4085.5,4085.5,18
2026-06-26 16:30,4085.3999,4086.3999,4084.8999,4086.3999,20
2026-06-26 16:31,4082.69995,4084.8999,4082.1001,4084.80005,63
2026-06-26 16:32,4082.30005,4083.69995,4082.19995,4082.8999,17
2026-06-26 16:33,4082.69995,4082.80005,4081.30005,4082.19995,41
2026-06-26 16:34,4084.69995,4084.69995,4083.69995,4083.69995,6
2026-06-26 16:35,4084.19995,4084.30005,4083.5,4083.5,10
2026-06-26 16:36,4083.3999,4084.30005,4081.8999,4083.8999,36
2026-06-26 16:37,4083.80005,4083.80005,4082.80005,4082.80005,5
2026-06-26 16:38,4084.6001,4084.6001,4083.19995,4083.5,15
2026-06-26 16:39,4083.80005,4084.1001,4083.30005,4084.1001,7
2026-06-26 16:40,4084.30005,4084.30005,4083.30005,4084.1001,6
2026-06-26 16:41,4084.8999,4085.1001,4084.0,4084.3999,33
2026-06-26 16:42,4084.19995,4084.3999,4084.19995,4084.3999,4
2026-06-26 16:43,4084.6001,4084.6001,4083.8999,4084.19995,34
2026-06-26 16:44,4085.30005,4085.30005,4084.5,4084.5,14
2026-06-26 16:45,4086.30005,4086.80005,4084.6001,4085.0,60
2026-06-26 16:46,4087.6001,4088.0,4086.0,4086.19995,41
2026-06-26 16:47,4087.8999,4087.8999,4087.0,4087.19995,7
2026-06-26 16:48,4088.5,4088.80005,4087.3999,4087.3999,35
2026-06-26 16:49,4089.8999,4090.5,4088.6001,4088.6001,30
2026-06-26 16:50,4088.1001,4089.8999,4087.69995,4089.8999,48
2026-06-26 16:51,4089.69995,4089.8999,4087.8999,4088.1001,36
2026-06-26 16:52,4091.30005,4091.5,4089.3999,4089.69995,41
2026-06-26 16:53,4092.69995,4093.30005,4091.69995,4091.69995,66
2026-06-26 16:54,4095.80005,4096.3999,4091.8999,4092.69995,150
2026-06-26 16:55,4099.1001,4099.6001,4094.5,4095.30005,176
2026-06-26 16:56,4102.0,4102.1001,4098.8999,4099.0,98
2026-06-26 16:57,4103.0,4104.2998,4101.1001,4101.6001,144
2026-06-26 16:58,4103.7002,4104.2998,4102.2998,4102.6001,64
2026-06-26 16:59,4096.2998,4104.3999,4096.2998,4103.5,59
