Price,Close,High,Low,Open,Volume
Ticker,IVV,IVV,IVV,IVV,IVV
Datetime,,,,,
2026-06-16 09:30,756.23999,756.29327,755.83002,756.15997,146528
2026-06-16 09:31,756.46002,756.46002,755.92999,756.17999,18489
2026-06-16 09:32,756.79999,756.87,756.58002,756.60498,7318
2026-06-16 09:33,756.58002,756.95001,756.53003,756.75,12639
2026-06-16 09:34,756.78003,756.79999,756.40997,756.54999,11519
2026-06-16 09:35,756.79999,756.95001,756.78998,756.82001,20492
2026-06-16 09:36,756.65997,756.79999,756.56,756.78003,33467
2026-06-16 09:37,756.78998,756.815,756.41998,756.59998,18701
2026-06-16 09:38,756.54999,756.82001,756.53998,756.76501,16425
2026-06-16 09:39,756.32001,756.62,756.32001,756.58502,23879
2026-06-16 09:40,756.67999,756.71002,756.21002,756.28998,23702
2026-06-16 09:41,756.78998,756.79999,756.56,756.65997,2655
2026-06-16 09:42,756.64001,756.78003,756.53003,756.78003,6018
2026-06-16 09:43,756.60999,756.69989,756.48999,756.56,7862
2026-06-16 09:44,756.40002,756.59003,756.29999,756.59003,4011
2026-06-16 09:45,756.29999,756.59998,756.29999,756.40002,8485
2026-06-16 09:46,756.72998,756.72998,756.4801,756.5,4120
2026-06-16 09:47,756.86761,756.92999,756.56,756.70502,10271
2026-06-16 09:48,756.88501,756.92999,756.65002,756.87,5991
2026-06-16 09:49,756.69,757.00201,756.69,756.90002,5790
2026-06-16 09:50,756.84998,756.85193,756.67999,756.67999,2327
2026-06-16 09:51,756.7652,756.90997,756.6958,756.82501,3138
2026-06-16 09:52,756.52002,756.84003,756.44,756.75,15485
2026-06-16 09:53,756.60999,756.62,756.41998,756.54999,5320
2026-06-16 09:54,756.52502,756.73999,756.48999,756.55701,4906
2026-06-16 09:55,756.42999,756.60999,756.40002,756.56,7171
2026-06-16 09:56,756.35999,756.44501,756.15997,756.435,5551
2026-06-16 09:57,756.0401,756.255,755.98499,756.25,5991
2026-06-16 09:58,756.06,756.32001,756.04999,756.21997,5668
2026-06-16 09:59,755.6875,756.05499,755.65997,756.03003,4700
2026-06-16 10:00,755.96997,756.02002,755.69,755.69,4725
2026-06-16 10:01,756.07001,756.15997,756.02002,756.02502,3820
2026-06-16 10:02,756.03998,756.21997,756.03998,756.07501,7117
2026-06-16 10:03,756.04999,756.08002,755.80499,756.02002,7157
2026-06-16 10:04,756.26001,756.32001,756.03003,756.03003,6231
2026-06-16 10:05,755.83002,756.31,755.83002,756.29999,11094
2026-06-16 10:06,755.92999,756.02002,755.82001,755.82501,7704
2026-06-16 10:07,756.20331,756.31,755.901,755.95502,6422
2026-06-16 10:08,756.58002,756.60999,756.21002,756.28998,7263
2026-06-16 10:09,756.67499,756.67999,756.34003,756.59003,4015
2026-06-16 10:10,756.70001,756.82001,756.63,756.72998,3148
2026-06-16 10:11,756.39502,756.65002,756.29999,756.65002,10867
2026-06-16 10:12,756.53998,756.59003,756.46002,756.58881,4278
2026-06-16 10:13,756.47998,756.67999,756.47998,756.59497,5304
2026-06-16 10:14,756.40997,756.5,756.21002,756.47998,17180
2026-06-16 10:15,756.40002,756.63,756.37,756.42999,11536
2026-06-16 10:16,756.0,756.42999,756.0,756.40997,13389
2026-06-16 10:17,755.90002,756.16998,755.88,756.09003,7431
2026-06-16 10:18,755.98999,756.12,755.86749,755.95001,11867
2026-06-16 10:19,755.63,756.0152,755.46997,756.0,21294
2026-06-16 10:20,755.72009,755.82501,755.39001,755.63501,19712
2026-06-16 10:21,755.44,755.93152,755.39001,755.77002,15220
2026-06-16 10:22,755.27002,755.40997,755.09003,755.39001,10464
2026-06-16 10:23,754.84998,755.21997,754.84998,755.21997,8491
2026-06-16 10:24,755.15002,755.16998,754.79999,754.90997,12391
2026-06-16 10:25,755.25708,755.40997,755.12,755.20001,5604
2026-06-16 10:26,755.16998,755.53998,755.16998,755.40002,6949
2026-06-16 10:27,754.87,755.20502,754.72998,755.17999,10286
2026-06-16 10:28,754.90002,755.17999,754.79999,754.87,12327
2026-06-16 10:29,754.78497,754.81012,754.755,754.81012,1395
2026-06-16 10:30,754.23499,754.66998,754.21002,754.66998,17990
2026-06-16 10:31,754.005,754.44,753.97498,754.27002,23993
2026-06-16 10:32,754.21002,754.41998,753.94,754.05499,24446
2026-06-16 10:33,754.15002,754.37,753.88,754.21997,13346
2026-06-16 10:34,754.17682,754.39001,754.13,754.13,21134
2026-06-16 10:35,754.38,754.56,754.12,754.17999,4845
2026-06-16 10:36,754.53998,754.76001,754.39001,754.39001,5383
2026-06-16 10:37,754.78998,754.90002,754.45007,754.56,4087
2026-06-16 10:38,754.89502,754.97998,754.79999,754.89001,2671
2026-06-16 10:39,755.19751,755.21997,754.88501,754.94,6863
2026-06-16 10:40,755.34003,755.36499,754.97998,755.12,3290
2026-06-16 10:41,755.41949,755.59003,755.34003,755.5,4000
2026-06-16 10:42,755.32001,755.38,755.15009,755.38,8890
2026-06-16 10:43,755.125,755.31,755.09003,755.31,35235
2026-06-16 10:44,754.90503,755.22998,754.90503,755.22998,6292
2026-06-16 10:45,754.75,754.91998,754.71997,754.80499,12379
2026-06-16 10:46,755.01349,755.01349,754.76001,754.77002,5671
2026-06-16 10:47,754.66998,754.95001,754.59998,754.95001,6661
2026-06-16 10:48,754.66998,754.88501,754.59003,754.69501,6493
2026-06-16 10:49,754.73999,754.88989,754.65002,754.65002,4710
2026-06-16 10:50,754.90002,755.01001,754.71997,754.71997,6306
2026-06-16 10:51,755.13,755.15002,754.84998,754.88,7239
2026-06-16 10:52,755.245,755.245,754.7915,755.04999,2662
2026-06-16 10:53,754.90997,755.33002,754.90002,755.25,4508
2026-06-16 10:54,754.81,755.02002,754.78998,755.02002,6993
2026-06-16 10:55,754.4881,754.88,754.46002,754.88,11340
2026-06-16 10:56,754.69537,754.91992,754.47498,754.47998,8042
2026-06-16 10:57,754.69,754.94,754.66998,754.71997,5289
2026-06-16 10:58,754.34998,754.84003,754.32001,754.84003,10430
2026-06-16 10:59,754.47498,754.47498,754.08502,754.35498,3975
2026-06-16 11:00,754.60999,754.79053,754.50482,754.50482,3466
2026-06-16 11:01,754.65009,754.76001,754.46002,754.52002,8931
2026-06-16 11:02,754.79999,754.79999,754.60999,754.65002,2799
2026-06-16 11:03,754.82361,754.94,754.60999,754.79999,9656
2026-06-16 11:04,754.92499,755.01001,754.77002,754.94,2578
2026-06-16 11:05,754.92999,754.92999,754.60999,754.71997,2962
2026-06-16 11:06,755.06,755.15991,754.96002,755.12,9844
2026-06-16 11:07,754.90997,755.10248,754.89001,755.01501,1984
2026-06-16 11:08,755.05499,755.15991,754.79498,754.90002,13333
2026-06-16 11:09,754.95001,755.13,754.95001,755.02002,8434
2026-06-16 11:10,755.34967,755.34967,754.92999,755.0,4968
2026-06-16 11:11,755.01001,755.23499,755.01001,755.21503,2610
2026-06-16 11:12,754.87,755.02002,754.71997,755.02002,2752
2026-06-16 11:13,755.03003,755.14001,754.84998,754.87,4510
2026-06-16 11:14,754.98999,755.03497,754.90997,754.94,2381
2026-06-16 11:15,755.185,755.185,754.98999,754.98999,2466
2026-06-16 11:16,755.17999,755.26001,755.09003,755.15002,3450
2026-06-16 11:17,754.96002,755.1228,754.91998,755.1228,2814
2026-06-16 11:18,754.82501,754.88501,754.625,754.76001,5804
2026-06-16 11:19,754.60999,754.90002,754.60999,754.90002,4550
2026-06-16 11:20,754.42499,754.70502,754.36499,754.70502,6818
2026-06-16 11:21,754.65002,754.83002,754.40002,754.40002,3545
2026-06-16 11:22,754.28998,754.57001,754.21997,754.5,21465
2026-06-16 11:23,754.45001,754.66998,754.28003,754.32001,6616
2026-06-16 11:24,754.53003,754.56,754.25,754.40503,4494
2026-06-16 11:25,754.58002,754.67999,754.50391,754.51001,6150
2026-06-16 11:26,754.10999,754.62,754.10999,754.56,29982
2026-06-16 11:27,754.07001,754.27002,754.07001,754.12,84184
2026-06-16 11:28,754.25,754.25,753.91998,754.04999,8588
2026-06-16 11:29,754.27002,754.45001,754.19501,754.20001,6080
2026-06-16 11:30,754.48999,754.53003,754.22998,754.36499,2991
2026-06-16 11:31,754.46002,754.54779,754.29999,754.42499,1997
2026-06-16 11:32,754.57501,754.57501,754.33002,754.5,1794
2026-06-16 11:33,754.70007,754.76501,754.38,754.57001,10258
2026-06-16 11:34,754.76001,754.82928,754.65997,754.69,4789
2026-06-16 11:35,754.95001,755.0083,754.79523,754.87,3408
2026-06-16 11:36,754.65002,754.91998,754.65002,754.91998,1873
2026-06-16 11:37,754.53003,754.66998,754.51001,754.64502,3415
2026-06-16 11:38,754.40997,754.66998,754.40002,754.56,2656
2026-06-16 11:39,754.33002,754.40997,754.22998,754.315,5356
2026-06-16 11:40,754.40002,754.41052,754.29547,754.41052,1756
2026-06-16 11:41,754.20001,754.53998,754.20001,754.40997,3333
2026-06-16 11:42,754.06012,754.28003,754.06,754.26001,5805
2026-06-16 11:43,754.01001,754.25,754.0,754.05499,3707
2026-06-16 11:44,754.06,754.11987,754.03748,754.06,1800
2026-06-16 11:45,753.79999,754.15997,753.79999,754.06,7917
2026-06-16 11:46,753.52002,753.89001,753.5,753.79999,6199
2026-06-16 11:47,753.59998,753.67999,753.33502,753.45001,6814
2026-06-16 11:48,753.58502,753.71002,753.40997,753.44,13396
2026-06-16 11:49,753.81,753.84003,753.60498,753.60498,5245
2026-06-16 11:50,753.98102,754.052,753.62,753.76001,3840
2026-06-16 11:51,754.10999,754.13,753.84003,754.06,4945
2026-06-16 11:52,754.38,754.38,754.04999,754.17999,5301
2026-06-16 11:53,754.53497,754.58002,754.31,754.31,2019
2026-06-16 11:54,754.83087,754.83087,754.52002,754.57501,2775
2026-06-16 11:55,754.60999,754.79999,754.53998,754.78998,3019
2026-06-16 11:56,754.79498,754.85388,754.52002,754.72412,4850
2026-06-16 11:57,754.92999,755.0,754.79498,754.82001,3440
2026-06-16 11:58,754.46228,754.91998,754.34998,754.91998,4626
2026-06-16 11:59,754.35999,754.68451,754.35999,754.44,4089
2026-06-16 12:00,754.69501,754.75,754.32001,754.37,4930
2026-06-16 12:01,755.03998,755.09003,754.76874,754.76874,5274
2026-06-16 12:02,755.10999,755.21997,755.07001,755.16998,3383
2026-06-16 12:03,755.16998,755.16998,755.02002,755.12,2266
2026-06-16 12:04,754.935,755.16998,754.90173,755.15997,4358
2026-06-16 12:05,755.03998,755.245,754.91998,754.9494,3502
2026-06-16 12:06,754.96997,755.16998,754.94,755.13013,4733
2026-06-16 12:07,754.92999,755.09918,754.85999,755.03998,2195
2026-06-16 12:08,754.85999,754.96997,754.83008,754.90997,6320
2026-06-16 12:09,755.04498,755.04999,754.85999,754.90948,6082
2026-06-16 12:10,755.03998,755.14001,754.98999,755.06,3294
2026-06-16 12:11,755.15997,755.15997,754.94,755.01001,1353
2026-06-16 12:12,755.35999,755.35999,755.11493,755.12,1396
2026-06-16 12:13,755.39001,755.53003,755.34003,755.34003,5621
2026-06-16 12:14,755.245,755.435,755.245,755.35999,4823
2026-06-16 12:15,755.23999,755.31,755.13708,755.22998,6588
2026-06-16 12:16,755.14001,755.40997,755.14001,755.26001,5115
2026-06-16 12:17,754.92499,755.20001,754.88,755.20001,7035
2026-06-16 12:18,755.20001,755.28992,754.91052,754.91052,3257
2026-06-16 12:19,755.21002,755.23993,755.03998,755.09998,2052
2026-06-16 12:20,755.13,755.21002,755.04999,755.21002,4363
2026-06-16 12:21,755.31,755.315,755.13,755.13,6570
2026-06-16 12:22,755.07001,755.42999,755.07001,755.28119,6266
2026-06-16 12:23,755.10999,755.19,755.0,755.16998,1648
2026-06-16 12:24,755.13,755.13501,755.06091,755.08002,1312
2026-06-16 12:25,755.14001,755.21997,755.02502,755.07013,3955
2026-06-16 12:26,754.78998,755.08002,754.78998,755.08002,9003
2026-06-16 12:27,754.87,754.90002,754.75,754.84998,11552
2026-06-16 12:28,754.97998,754.97998,754.75,754.78998,3460
2026-06-16 12:29,754.92999,755.04999,754.89001,755.04999,1874
2026-06-16 12:30,754.65997,755.03003,754.65997,755.03003,3694
2026-06-16 12:31,754.29999,754.75,754.29999,754.70001,5450
2026-06-16 12:32,754.32001,754.44501,754.23474,754.41998,4441
2026-06-16 12:33,754.27991,754.32501,754.14001,754.22998,6382
2026-06-16 12:34,754.07501,754.28003,754.07501,754.28003,2305
2026-06-16 12:35,754.37,754.37,754.02002,754.03998,4492
2026-06-16 12:36,754.10999,754.34003,754.01001,754.34003,20711
2026-06-16 12:37,753.98999,754.15002,753.98999,754.08002,3866
2026-06-16 12:38,754.17999,754.21997,753.98999,754.06,6307
2026-06-16 12:39,754.33002,754.33002,754.0354,754.14001,6091
2026-06-16 12:40,754.27002,754.40997,754.15997,754.28003,5179
2026-06-16 12:41,754.41998,754.54999,754.28003,754.28003,6054
2026-06-16 12:42,754.4801,754.56,754.41998,754.45001,5121
2026-06-16 12:43,754.78003,754.78003,754.51501,754.54999,4503
2026-06-16 12:44,754.60999,754.71997,754.57001,754.71997,5074
2026-06-16 12:45,754.38,754.62,754.37,754.62,3524
2026-06-16 12:46,754.71997,754.71997,754.38,754.38,1902
2026-06-16 12:47,754.72498,754.80951,754.66998,754.67999,3009
2026-06-16 12:48,754.46002,754.69629,754.46002,754.59003,1450
2026-06-16 12:49,754.29999,754.40503,754.29999,754.35498,7075
2026-06-16 12:50,754.60498,754.65997,754.34998,754.34998,2387
2026-06-16 12:51,754.32001,754.60498,754.32001,754.59003,3200
2026-06-16 12:52,754.19012,754.23999,754.0177,754.20001,7990
2026-06-16 12:53,754.09003,754.3197,754.09003,754.23999,3085
2026-06-16 12:54,754.23999,754.2406,754.06,754.14001,4692
2026-06-16 12:55,754.09998,754.26001,754.02002,754.185,3741
2026-06-16 12:56,753.96997,754.2099,753.94,754.08502,5201
2026-06-16 12:57,754.19,754.21002,753.91998,753.92999,4861
2026-06-16 12:58,754.24988,754.28998,754.12,754.21997,7258
2026-06-16 12:59,754.31,754.33002,754.07001,754.14502,3190
2026-06-16 13:00,754.14001,754.32123,753.97998,754.32123,6460
2026-06-16 13:01,754.10999,754.14001,754.07001,754.08002,30552
2026-06-16 13:02,753.90997,754.22992,753.85999,754.22992,9415
2026-06-16 13:03,754.09998,754.09998,753.95001,753.96997,2137
2026-06-16 13:04,754.03003,754.185,753.98999,754.16998,3761
2026-06-16 13:05,753.84003,754.04999,753.81,754.01001,3668
2026-06-16 13:06,753.94,754.03998,753.81,753.84003,5230
2026-06-16 13:07,753.78497,754.03998,753.78497,753.97992,2656
2026-06-16 13:08,753.92987,754.05249,753.82001,753.82001,8926
2026-06-16 13:09,753.98749,754.03998,753.87,753.88,11344
2026-06-16 13:10,754.09003,754.20001,753.96002,753.97998,13522
2026-06-16 13:11,753.98999,754.15997,753.98999,754.06,7064
2026-06-16 13:12,754.19,754.24902,753.96002,754.005,4975
2026-06-16 13:13,754.31012,754.37,754.19,754.19,2912
2026-06-16 13:14,754.19,754.34003,754.14001,754.31,10519
2026-06-16 13:15,754.12,754.26001,754.08002,754.15997,13331
2026-06-16 13:16,754.09998,754.245,754.03003,754.12,5693
2026-06-16 13:17,754.245,754.28998,754.06,754.12189,2133
2026-06-16 13:18,754.14001,754.245,754.06,754.21997,3071
2026-06-16 13:19,753.70001,754.04999,753.66998,754.03998,6210
2026-06-16 13:20,753.73999,753.78998,753.65997,753.70502,2428
2026-06-16 13:21,753.57501,753.77502,753.57001,753.71002,2165
2026-06-16 13:22,753.53003,753.69,753.53003,753.63,5877
2026-06-16 13:23,753.71997,753.78998,753.47998,753.47998,4731
2026-06-16 13:24,753.91998,753.96002,753.75128,753.76001,2527
2026-06-16 13:25,753.78998,753.97998,753.78998,753.97998,4582
2026-06-16 13:26,753.78998,753.81,753.71503,753.78998,1936
2026-06-16 13:27,753.81,753.88,753.76001,753.82013,4698
2026-06-16 13:28,753.85999,753.87,753.67999,753.79999,9077
2026-06-16 13:29,753.76501,753.97998,753.73999,753.88,6410
2026-06-16 13:30,753.61011,753.75513,753.60999,753.73999,20155
2026-06-16 13:31,753.63,753.63,753.47998,753.56,9694
2026-06-16 13:32,753.66998,753.70001,753.53998,753.65997,4133
2026-06-16 13:33,753.78003,753.83002,753.65997,753.65997,3476
2026-06-16 13:34,753.65002,753.84998,753.65002,753.77002,2638
2026-06-16 13:35,753.53003,753.76001,753.52002,753.65997,6073
2026-06-16 13:36,753.59998,753.63,753.53003,753.53998,2660
2026-06-16 13:37,753.36499,753.625,753.34998,753.59998,7247
2026-06-16 13:38,753.17999,753.40002,753.15997,753.34003,9852
2026-06-16 13:39,753.21002,753.30499,753.06,753.17999,6022
2026-06-16 13:40,753.08002,753.20001,753.07001,753.10999,3859
2026-06-16 13:41,753.41998,753.48999,753.10999,753.10999,56378
2026-06-16 13:42,753.53003,753.53003,753.35999,753.40002,8940
2026-06-16 13:43,753.63062,753.64001,753.45001,753.46997,3880
2026-06-16 13:44,753.52002,753.75,753.52002,753.75,2646
2026-06-16 13:45,753.66998,753.71997,753.51001,753.52002,5934
2026-06-16 13:46,753.31097,753.62,753.28003,753.62,3075
2026-06-16 13:47,753.60999,753.65997,753.375,753.375,4769
2026-06-16 13:48,753.46503,753.54999,753.44012,753.54999,3165
2026-06-16 13:49,753.60999,753.63,753.44,753.46997,2376
2026-06-16 13:50,753.71002,753.77002,753.54999,753.71503,5562
2026-06-16 13:51,753.71997,753.83002,753.70001,753.73999,3090
2026-06-16 13:52,753.90002,753.98999,753.75,753.75,7425
2026-06-16 13:53,753.84998,754.03003,753.82001,753.90002,6461
2026-06-16 13:54,754.02911,754.10999,753.84998,753.84998,9926
2026-06-16 13:55,754.07001,754.10498,754.02002,754.07001,7316
2026-06-16 13:56,754.10999,754.26898,754.04999,754.07001,5692
2026-06-16 13:57,753.90997,754.07001,753.90997,754.07001,4133
2026-06-16 13:58,753.77002,754.06,753.65997,753.95001,9983
2026-06-16 13:59,753.67999,753.76001,753.64001,753.72998,4277
2026-06-16 14:00,753.63,753.76001,753.60999,753.65997,3284
2026-06-16 14:01,753.71997,753.76001,753.54999,753.63,2949
2026-06-16 14:02,753.79999,753.83002,753.65997,753.65997,2968
2026-06-16 14:03,753.73999,753.90601,753.66998,753.83002,3347
2026-06-16 14:04,753.67999,753.71002,753.63,753.71002,1892
2026-06-16 14:05,753.71997,753.78998,753.67999,753.70001,7890
2026-06-16 14:06,753.5285,753.66998,753.5,753.66998,7385
2026-06-16 14:07,753.58179,753.62988,753.48999,753.57501,2821
2026-06-16 14:08,753.62,753.69,753.62,753.63,5652
2026-06-16 14:09,753.57001,753.63,753.53003,753.63,2646
2026-06-16 14:10,753.60999,753.64502,753.54999,753.58002,2178
2026-06-16 14:11,753.58002,753.64502,753.47998,753.57001,37420
2026-06-16 14:12,753.69,753.72998,753.66498,753.70001,1883
2026-06-16 14:13,753.66998,753.79993,753.66998,753.7641,2759
2026-06-16 14:14,753.625,753.71002,753.59003,753.66998,2625
2026-06-16 14:15,753.37,753.7099,753.35999,753.59998,18104
2026-06-16 14:16,753.31,753.53003,753.28998,753.38,3888
2026-06-16 14:17,753.60999,753.62,753.32001,753.38,9804
2026-06-16 14:18,753.63,753.70001,753.47998,753.60999,4653
2026-06-16 14:19,753.53998,753.71997,753.42999,753.60999,5277
2026-06-16 14:20,753.51001,753.5318,753.40997,753.4801,4585
2026-06-16 14:21,753.58002,753.64001,753.47998,753.61499,3474
2026-06-16 14:22,753.63,753.65002,753.52002,753.53003,3660
2026-06-16 14:23,753.60999,753.77002,753.59009,753.60999,4189
2026-06-16 14:24,753.65997,753.65997,753.56,753.59003,2699
2026-06-16 14:25,753.72998,753.72998,753.57001,753.57001,41627
2026-06-16 14:26,753.90997,753.90997,753.71002,753.72998,18957
2026-06-16 14:27,753.81567,753.92499,753.76001,753.90997,4132
2026-06-16 14:28,753.63,753.78998,753.63,753.78998,3725
2026-06-16 14:29,753.71167,753.80988,753.67999,753.67999,3053
2026-06-16 14:30,753.42999,753.78003,753.42999,753.76001,5361
2026-06-16 14:31,753.54999,753.63,753.47998,753.48999,3019
2026-06-16 14:32,753.47998,753.59998,753.47998,753.53003,4227
2026-06-16 14:33,753.52002,753.52002,753.34998,753.51001,6312
2026-06-16 14:34,753.46002,753.63,753.46002,753.59497,2862
2026-06-16 14:35,753.40002,753.48999,753.29999,753.41681,4879
2026-06-16 14:36,753.51001,753.54999,753.33002,753.38,52302
2026-06-16 14:37,753.59003,753.65997,753.46002,753.51001,27705
2026-06-16 14:38,753.71002,753.71002,753.58002,753.58002,16939
2026-06-16 14:39,753.60999,753.79999,753.59003,753.67999,12444
2026-06-16 14:40,753.66998,753.71997,753.59998,753.6499,5612
2026-06-16 14:41,753.62,753.71002,753.53998,753.67499,6110
2026-06-16 14:42,753.65997,753.65997,753.51001,753.60999,2508
2026-06-16 14:43,753.67999,753.75,753.65503,753.67529,7490
2026-06-16 14:44,753.66498,753.73999,753.65002,753.66998,3449
2026-06-16 14:45,753.62,753.74738,753.62,753.70001,5134
2026-06-16 14:46,753.67999,753.71002,753.59003,753.60999,7446
2026-06-16 14:47,753.70001,753.80499,753.70001,753.71002,3783
2026-06-16 14:48,753.65997,753.77002,753.65002,753.76379,4213
2026-06-16 14:49,753.37,753.64001,753.37,753.64001,4661
2026-06-16 14:50,753.38,753.505,753.38,753.44,2453
2026-06-16 14:51,753.45502,753.47998,753.42999,753.44,2477
2026-06-16 14:52,753.47998,753.505,753.38,753.5,2706
2026-06-16 14:53,753.39001,753.41998,753.28003,753.40997,4479
2026-06-16 14:54,753.40997,753.41998,753.29999,753.37,3306
2026-06-16 14:55,753.39502,753.46002,753.34998,753.38,10024
2026-06-16 14:56,753.47998,753.53998,753.40002,753.40002,2420
2026-06-16 14:57,753.31,753.48639,753.26001,753.45001,18916
2026-06-16 14:58,753.29999,753.29999,753.21002,753.28998,3136
2026-06-16 14:59,753.31073,753.39001,753.28003,753.28003,7365
2026-06-16 15:00,753.08002,753.32501,753.02002,753.32501,5364
2026-06-16 15:01,753.01001,753.09003,752.92999,753.06,6097
2026-06-16 15:02,753.0,753.07001,752.90009,753.07001,4305
2026-06-16 15:03,753.19,753.19,752.94,753.01001,3177
2026-06-16 15:04,753.27502,753.39001,753.16998,753.19,3135
2026-06-16 15:05,752.92999,753.25,752.90002,753.25,11387
2026-06-16 15:06,753.065,753.15002,752.90009,752.97998,12355
2026-06-16 15:07,753.25,753.27002,753.06012,753.08002,12372
2026-06-16 15:08,753.03003,753.22998,753.005,753.22998,12963
2026-06-16 15:09,752.90997,753.09998,752.88,753.03497,11887
2026-06-16 15:10,752.745,753.03003,752.745,752.90002,8175
2026-06-16 15:11,752.77002,752.79999,752.65002,752.75989,3566
2026-06-16 15:12,752.48999,752.69012,752.47998,752.69012,6103
2026-06-16 15:13,752.47998,752.56,752.44,752.51001,7537
2026-06-16 15:14,752.52612,752.54999,752.41199,752.46002,7634
2026-06-16 15:15,752.14001,752.5,752.13,752.5,12062
2026-06-16 15:16,751.90002,752.14001,751.65997,752.13,9520
2026-06-16 15:17,752.15997,752.19,751.78003,751.95001,17419
2026-06-16 15:18,752.16998,752.40002,752.09998,752.17999,12253
2026-06-16 15:19,752.59003,752.59839,752.15002,752.2099,6631
2026-06-16 15:20,752.78998,752.78998,752.44,752.57001,7587
2026-06-16 15:21,752.83002,752.90002,752.71997,752.78003,8896
2026-06-16 15:22,752.83002,752.98999,752.76001,752.83002,10400
2026-06-16 15:23,752.89001,752.95001,752.69,752.78998,7265
2026-06-16 15:24,752.97998,753.04498,752.88,752.90002,6928
2026-06-16 15:25,753.04999,753.17999,752.93201,752.9801,5158
2026-06-16 15:26,752.77002,753.03003,752.77002,753.03003,4492
2026-06-16 15:27,752.72998,752.80499,752.65997,752.77002,5578
2026-06-16 15:28,752.73999,752.77002,752.59003,752.67999,4884
2026-06-16 15:29,752.78998,752.90002,752.72998,752.76001,9217
2026-06-16 15:30,752.77002,752.90002,752.59003,752.78003,6420
2026-06-16 15:31,752.77002,752.84851,752.65302,752.77002,6985
2026-06-16 15:32,752.69,752.88,752.62,752.77002,12020
2026-06-16 15:33,752.58002,752.71997,752.44012,752.70001,10147
2026-06-16 15:34,752.26001,752.46997,752.23999,752.46997,12102
2026-06-16 15:35,752.36438,752.65002,752.32001,752.32001,16030
2026-06-16 15:36,752.23999,752.37,752.14001,752.33002,5057
2026-06-16 15:37,752.26001,752.35999,752.17999,752.25,4766
2026-06-16 15:38,752.15002,752.245,752.08002,752.245,4060
2026-06-16 15:39,752.00012,752.16998,752.0,752.13,5355
2026-06-16 15:40,752.15997,752.31,751.97998,752.01501,6110
2026-06-16 15:41,752.23242,752.33002,752.10999,752.15002,9920
2026-06-16 15:42,752.21002,752.37,752.15997,752.20001,6878
2026-06-16 15:43,752.39001,752.43988,752.09003,752.21503,7097
2026-06-16 15:44,752.54999,752.59998,752.29999,752.37,7879
2026-06-16 15:45,752.54999,752.65002,752.46997,752.53998,10381
2026-06-16 15:46,752.45502,752.59991,752.34003,752.57001,11552
2026-06-16 15:47,752.28497,752.44,752.28003,752.42999,20388
2026-06-16 15:48,752.22998,752.29999,752.17499,752.28998,7832
2026-06-16 15:49,752.41998,752.46002,752.29999,752.29999,8109
2026-06-16 15:50,752.52002,752.84998,752.34998,752.41998,20577
2026-06-16 15:51,752.64001,752.65997,752.53998,752.54999,9309
2026-06-16 15:52,752.14001,752.63,752.12,752.62,16621
2026-06-16 15:53,752.10992,752.29999,752.08148,752.14001,22115
2026-06-16 15:54,752.69,752.71997,752.08002,752.08002,17899
2026-06-16 15:55,752.65997,752.65997,752.26001,752.60999,39472
2026-06-16 15:56,752.34003,752.77002,752.34003,752.64001,52230
2026-06-16 15:57,752.04999,752.33948,751.90997,752.32001,43991
2026-06-16 15:58,752.20502,752.48999,751.97998,752.06,108140
2026-06-16 15:59,751.91998,752.58002,751.46002,752.22998,428367
2026-06-17 09:30,752.46002,753.03003,752.22998,752.89001,122359
2026-06-17 09:31,751.90002,752.53003,751.90002,752.53003,5841
2026-06-17 09:32,752.08002,752.34003,751.95001,752.01001,3549
2026-06-17 09:33,752.04498,752.10999,751.79999,752.01501,6048
2026-06-17 09:34,752.20001,752.20001,751.95001,752.10999,2627
2026-06-17 09:35,752.40997,752.57001,752.13501,752.25,4928
2026-06-17 09:36,752.48999,752.48999,752.15997,752.46991,3024
2026-06-17 09:37,752.34003,752.60999,752.22998,752.45001,3828
2026-06-17 09:38,751.91998,752.33002,751.85797,752.28497,3495
2026-06-17 09:39,752.03003,752.03998,751.92181,751.96002,2425
2026-06-17 09:40,752.23999,752.23999,751.71002,751.92999,75582
2026-06-17 09:41,752.41998,752.5,752.20001,752.21002,2911
2026-06-17 09:42,752.66998,752.66998,752.29999,752.34998,2518
2026-06-17 09:43,752.95001,752.95001,752.66498,752.69,5959
2026-06-17 09:44,752.94,753.03998,752.83002,752.91998,4092
2026-06-17 09:45,753.06,753.37,753.03998,753.19,3417
2026-06-17 09:46,752.88,753.09192,752.88,753.03998,13015
2026-06-17 09:47,752.85999,753.03003,752.83002,752.84497,5089
2026-06-17 09:48,753.06,753.06,752.78497,753.06,2581
2026-06-17 09:49,752.76001,753.09998,752.76001,753.08002,6180
2026-06-17 09:50,752.64001,752.77002,752.51001,752.73999,2300
2026-06-17 09:51,752.92999,753.10999,752.88,752.88,5937
2026-06-17 09:52,752.94,753.06,752.81,752.89001,2555
2026-06-17 09:53,752.92999,752.97998,752.60498,752.9151,7113
2026-06-17 09:54,752.935,753.0,752.87,752.94,1667
2026-06-17 09:55,752.75,752.90002,752.59998,752.90002,4231
2026-06-17 09:56,752.33002,752.72498,752.33002,752.72498,8370
2026-06-17 09:57,751.875,752.36603,751.75,752.36603,11450
2026-06-17 09:58,751.82001,752.01001,751.74042,751.90997,4723
2026-06-17 09:59,751.5,751.81,751.495,751.81,20906
2026-06-17 10:00,751.71002,751.76501,751.26001,751.46997,7082
2026-06-17 10:01,751.82001,751.90997,751.565,751.82501,7083
2026-06-17 10:02,751.41498,751.81,751.33002,751.78998,6800
2026-06-17 10:03,752.07001,752.07001,751.53998,751.565,7741
2026-06-17 10:04,751.96997,752.20972,751.78003,752.04999,19415
2026-06-17 10:05,751.67999,751.96997,751.61011,751.96002,9256
2026-06-17 10:06,751.95001,752.15997,751.71002,751.745,4637
2026-06-17 10:07,752.34003,752.34003,751.91998,751.91998,4405
2026-06-17 10:08,752.52002,752.63989,752.23999,752.25,4938
2026-06-17 10:09,752.25,752.55499,751.97998,752.48999,6226
2026-06-17 10:10,752.03998,752.33002,751.90021,752.33002,6311
2026-06-17 10:11,752.34003,752.41998,752.04999,752.04999,3243
2026-06-17 10:12,752.51501,752.71997,752.32001,752.35999,6439
2026-06-17 10:13,752.42963,752.65002,752.40002,752.57001,3908
2026-06-17 10:14,752.79498,752.82001,752.37,752.41498,4031
2026-06-17 10:15,752.96997,753.0,752.76001,752.78003,4619
2026-06-17 10:16,753.01001,753.13989,752.89001,752.89001,5935
2026-06-17 10:17,752.92877,752.94,752.83502,752.90002,916
2026-06-17 10:18,752.7569,753.13501,752.71997,752.95001,7869
2026-06-17 10:19,752.93988,753.12,752.71997,752.71997,12108
2026-06-17 10:20,753.03003,753.03003,752.77002,752.84003,3884
2026-06-17 10:21,752.82001,753.02002,752.75,753.02002,2479
2026-06-17 10:22,752.97998,753.15997,752.89001,752.89001,14834
2026-06-17 10:23,753.21997,753.21997,752.95001,752.96997,2720
2026-06-17 10:24,753.69,753.69,753.28003,753.28998,5632
2026-06-17 10:25,753.46503,753.65503,753.39502,753.65503,5699
2026-06-17 10:26,753.37012,753.59338,753.21997,753.495,4212
2026-06-17 10:27,753.31,753.5,753.12,753.5,5076
2026-06-17 10:28,753.18262,753.41302,753.14001,753.32001,5397
2026-06-17 10:29,753.21729,753.28003,753.16998,753.17999,4765
2026-06-17 10:30,752.95001,753.29999,752.90002,753.29999,7584
2026-06-17 10:31,752.63,753.07001,752.53009,753.01501,6435
2026-06-17 10:32,752.34003,752.76001,752.33002,752.76001,7750
2026-06-17 10:33,752.1192,752.38,752.03998,752.38,10066
2026-06-17 10:34,752.40002,752.40253,751.98999,752.09998,7551
2026-06-17 10:35,752.14001,752.35999,752.14001,752.31,5812
2026-06-17 10:36,751.70001,752.06,751.65997,752.06,13001
2026-06-17 10:37,751.77002,752.0188,751.69012,751.69012,7636
2026-06-17 10:38,751.67999,751.90997,751.59082,751.78998,6473
2026-06-17 10:39,751.62,751.97998,751.62,751.66998,4515
2026-06-17 10:40,751.17999,751.70001,751.17999,751.65997,10989
2026-06-17 10:41,751.34998,751.34998,750.82001,751.19,6058
2026-06-17 10:42,751.58002,751.66998,751.37,751.41998,6212
2026-06-17 10:43,751.94928,751.94928,751.64001,751.64001,1957
2026-06-17 10:44,751.77002,751.94,751.77002,751.94,3891
2026-06-17 10:45,751.83002,751.87,751.5639,751.76001,5452
2026-06-17 10:46,751.97998,752.21112,751.77002,751.77002,1933
2026-06-17 10:47,749.98999,752.09998,749.5,752.09998,257358
2026-06-17 10:48,750.73999,750.79999,750.17999,750.17999,8143
2026-06-17 10:49,750.96002,751.32001,750.76001,750.82501,13289
2026-06-17 10:50,750.96997,751.03998,750.72998,750.91998,5974
2026-06-17 10:51,751.12,751.48999,751.04999,751.04999,8387
2026-06-17 10:52,751.71002,751.79999,751.09003,751.19,14059
2026-06-17 10:53,751.60999,751.64001,751.38898,751.62,3970
2026-06-17 10:54,751.71002,751.79449,751.57001,751.66998,4177
2026-06-17 10:55,751.28998,751.65991,751.28998,751.65991,11420
2026-06-17 10:56,751.03003,751.35999,750.98547,751.17999,12597
2026-06-17 10:57,750.81,751.04999,750.7901,750.95502,3579
2026-06-17 10:58,750.58002,750.92999,750.58002,750.92999,6108
2026-06-17 10:59,750.65997,750.89001,750.56,750.64001,8893
2026-06-17 11:00,750.7439,751.06,750.59998,750.63,4069
2026-06-17 11:01,750.54999,750.78998,750.53003,750.59998,17109
2026-06-17 11:02,750.79999,750.80011,750.54999,750.56,3845
2026-06-17 11:03,750.94,751.09998,750.94,751.0,6036
2026-06-17 11:04,750.79999,751.04999,750.60999,751.03992,5386
2026-06-17 11:05,750.58002,751.03003,750.51001,750.82001,13203
2026-06-17 11:06,750.91998,751.0799,750.71997,750.71997,7212
2026-06-17 11:07,750.64008,750.91998,750.59998,750.88,4704
2026-06-17 11:08,750.48999,750.78003,750.46002,750.63,6230
2026-06-17 11:09,750.32001,750.54993,750.21997,750.52002,9622
2026-06-17 11:10,750.38,750.64001,750.34003,750.37,6578
2026-06-17 11:11,750.71997,750.80127,750.65997,750.65997,5923
2026-06-17 11:12,750.84003,750.84003,750.69,750.70001,6679
2026-06-17 11:13,750.9599,750.9599,750.75079,750.87,2678
2026-06-17 11:14,751.21002,751.31,750.90002,750.97748,5897
2026-06-17 11:15,751.26001,751.28998,750.96997,751.14001,5815
2026-06-17 11:16,751.37012,751.48999,751.33002,751.38,9438
2026-06-17 11:17,751.5,751.53003,751.19,751.37,6269
2026-06-17 11:18,751.64001,751.79999,751.45001,751.45001,3159
2026-06-17 11:19,751.34003,751.64001,751.29999,751.64001,6508
2026-06-17 11:20,751.63867,751.65002,751.23999,751.42999,4936
2026-06-17 11:21,751.34998,751.66998,751.27008,751.59998,6345
2026-06-17 11:22,751.3587,751.42981,751.21503,751.42981,2562
2026-06-17 11:23,751.44,751.48999,751.29999,751.32001,4865
2026-06-17 11:24,751.47498,751.57001,751.33008,751.44501,7249
2026-06-17 11:25,751.40002,751.46997,751.28497,751.46997,10419
2026-06-17 11:26,751.32001,751.59998,751.31,751.53998,5258
2026-06-17 11:27,751.37,751.45001,751.23999,751.40997,6323
2026-06-17 11:28,751.38,751.5,751.20001,751.28003,6409
2026-06-17 11:29,751.53003,751.53998,751.42999,751.5,1184
2026-06-17 11:30,751.57001,751.61987,751.37,751.57001,7474
2026-06-17 11:31,751.67499,751.67999,751.51001,751.53998,5285
2026-06-17 11:32,751.84998,751.85999,751.58118,751.67999,7246
2026-06-17 11:33,752.08002,752.15002,751.84003,751.92999,136941
2026-06-17 11:34,752.17999,752.32001,752.05988,752.08502,5682
2026-06-17 11:35,752.21997,752.23999,752.03998,752.15997,5942
2026-06-17 11:36,752.14001,752.21991,752.06934,752.21503,4021
2026-06-17 11:37,751.9975,752.15997,751.94,752.15997,2954
2026-06-17 11:38,752.28998,752.28998,751.96002,751.96002,3477
2026-06-17 11:39,752.29999,752.38,752.26508,752.38,1736
2026-06-17 11:40,752.03003,752.39001,751.96997,752.39001,6036
2026-06-17 11:41,751.81,751.96997,751.80499,751.96997,4053
2026-06-17 11:42,752.0,752.02039,751.90997,751.90997,3985
2026-06-17 11:43,751.9801,752.15997,751.9801,752.0,3753
2026-06-17 11:44,751.92999,752.01001,751.88,751.96851,2300
2026-06-17 11:45,751.94,752.09998,751.94,752.09998,4813
2026-06-17 11:46,752.02002,752.08002,751.96002,751.96002,3207
2026-06-17 11:47,751.96002,752.04468,751.95001,751.98499,5622
2026-06-17 11:48,752.17981,752.22498,751.96002,751.96503,2203
2026-06-17 11:49,752.27002,752.28497,752.1601,752.16998,2660
2026-06-17 11:50,752.34003,752.4151,752.15503,752.31,5326
2026-06-17 11:51,752.21997,752.37,752.21997,752.323,1762
2026-06-17 11:52,752.08502,752.20001,752.08502,752.20001,4821
2026-06-17 11:53,751.96002,752.10498,751.92999,752.09003,5138
2026-06-17 11:54,752.02002,752.14807,751.98499,751.98499,28295
2026-06-17 11:55,752.099,752.09998,751.94,751.96997,7899
2026-06-17 11:56,752.15503,752.27002,752.04999,752.04999,13507
2026-06-17 11:57,752.26501,752.37,752.14001,752.14001,5271
2026-06-17 11:58,752.21991,752.31,752.21991,752.26501,3182
2026-06-17 11:59,752.23999,752.23999,752.15002,752.21991,2915
2026-06-17 12:00,752.42999,752.46002,752.27509,752.31,2552
2026-06-17 12:01,752.39001,752.40991,752.27002,752.37,3905
2026-06-17 12:02,752.40808,752.45001,752.37,752.41498,6675
2026-06-17 12:03,752.46997,752.51501,752.40997,752.40997,4185
2026-06-17 12:04,752.34998,752.46997,752.29999,752.45001,4314
2026-06-17 12:05,752.26001,752.28998,752.20001,752.28998,6620
2026-06-17 12:06,752.28998,752.35999,752.255,752.30841,4314
2026-06-17 12:07,752.29999,752.29999,752.10486,752.22998,2550
2026-06-17 12:08,752.28003,752.28998,752.21002,752.28998,1744
2026-06-17 12:09,752.20001,752.26001,752.16498,752.26001,1153
2026-06-17 12:10,752.13,752.21002,752.12,752.21002,1909
2026-06-17 12:11,751.92999,752.13,751.92999,752.10999,3674
2026-06-17 12:12,751.95001,752.04999,751.94501,751.94501,2871
2026-06-17 12:13,752.05988,752.07898,751.90997,751.90997,3102
2026-06-17 12:14,752.19098,752.23999,752.039,752.04901,61425
2026-06-17 12:15,752.26501,752.2998,752.17999,752.19,1578
2026-06-17 12:16,752.09003,752.23999,752.04999,752.23999,1526
2026-06-17 12:17,752.12,752.16998,752.12,752.15002,1041
2026-06-17 12:18,752.34003,752.41998,752.17999,752.17999,1247
2026-06-17 12:19,752.52502,752.52502,752.31,752.34003,1369
2026-06-17 12:20,752.40997,752.59998,752.40997,752.52002,2552
2026-06-17 12:21,752.45502,752.51001,752.34003,752.34998,2122
2026-06-17 12:22,752.54999,752.56079,752.40997,752.42499,3516
2026-06-17 12:23,752.54999,752.59003,752.5,752.53003,960
2026-06-17 12:24,752.46997,752.51001,752.40997,752.47998,188038
2026-06-17 12:25,752.45001,752.52979,752.41998,752.52979,1883
2026-06-17 12:26,752.56,752.60999,752.5,752.5,1426
2026-06-17 12:27,752.46997,752.58002,752.46997,752.52002,5341
2026-06-17 12:28,752.42999,752.53998,752.42999,752.47998,13829
2026-06-17 12:29,752.3501,752.44,752.3501,752.41998,1820
2026-06-17 12:30,752.315,752.4599,752.315,752.37,3659
2026-06-17 12:31,752.09003,752.29999,752.09003,752.29999,2208
2026-06-17 12:32,752.04999,752.10999,751.97998,752.10999,5418
2026-06-17 12:33,751.96997,752.08002,751.93451,752.08002,2805
2026-06-17 12:34,751.9566,751.97998,751.94,751.94012,1634
2026-06-17 12:35,752.01501,752.08002,751.90002,751.94153,3274
2026-06-17 12:36,751.78003,752.01727,751.78003,751.98499,4794
2026-06-17 12:37,752.00861,752.00861,751.77002,751.77002,2229
2026-06-17 12:38,752.09998,752.12,751.98999,751.98999,842
2026-06-17 12:39,752.09998,752.16992,752.09998,752.15997,3995
2026-06-17 12:40,751.70502,752.11499,751.70001,752.11499,4228
2026-06-17 12:41,751.71002,751.77002,751.69098,751.72498,1768
2026-06-17 12:42,751.63,751.72998,751.63,751.72998,1544
2026-06-17 12:43,751.71997,751.72498,751.60999,751.65002,1067
2026-06-17 12:44,751.81,751.85999,751.71002,751.71002,1706
2026-06-17 12:45,751.625,751.78998,751.57001,751.78998,2156
2026-06-17 12:46,751.65002,751.71997,751.62,751.67999,2967
2026-06-17 12:47,751.72998,751.755,751.69,751.70001,980
2026-06-17 12:48,751.53003,751.70001,751.52039,751.70001,1816
2026-06-17 12:49,751.67999,751.67999,751.56,751.56,6649
2026-06-17 12:50,751.59497,751.61499,751.54999,751.61499,3490
2026-06-17 12:51,751.71002,751.88,751.65997,751.65997,1589
2026-06-17 12:52,751.67999,751.73999,751.65997,751.73999,2547
2026-06-17 12:53,751.57001,751.69,751.57001,751.69,1103
2026-06-17 12:54,751.58502,751.65991,751.58502,751.60999,1325
2026-06-17 12:55,751.81,751.83002,751.59497,751.60999,2038
2026-06-17 12:56,751.69,751.71503,751.65002,751.70502,2846
2026-06-17 12:57,751.68652,751.70001,751.64502,751.69,1984
2026-06-17 12:58,751.63501,751.66998,751.58002,751.66998,2202
2026-06-17 12:59,751.60999,751.62372,751.52002,751.62,3895
2026-06-17 13:00,751.34003,751.62,751.33002,751.59998,3022
2026-06-17 13:01,751.28998,751.34497,751.20007,751.34497,1573
2026-06-17 13:02,751.15002,751.28003,751.09998,751.28003,3264
2026-06-17 13:03,751.09497,751.19,751.09497,751.12012,1765
2026-06-17 13:04,751.08002,751.16998,750.96997,751.14502,10462
2026-06-17 13:05,750.95001,751.05011,750.92499,751.03003,5988
2026-06-17 13:06,751.09998,751.22998,750.97998,750.97998,2130
2026-06-17 13:07,750.98499,751.12988,750.96002,751.12988,2162
2026-06-17 13:08,750.98547,751.01001,750.19,750.96997,40677
2026-06-17 13:09,751.0,751.05988,750.92999,750.97998,2372
2026-06-17 13:10,751.08002,751.22998,750.98999,751.03998,2437
2026-06-17 13:11,751.01001,751.15997,751.01001,751.15002,4872
2026-06-17 13:12,750.94,751.12,750.90997,750.98999,1552
2026-06-17 13:13,750.98999,751.11987,750.97998,751.08002,3939
2026-06-17 13:14,750.97998,751.04498,750.95001,750.95001,1197
2026-06-17 13:15,750.60999,750.81,750.60999,750.81,4444
2026-06-17 13:16,750.66998,750.73999,750.63,750.63,1302
2026-06-17 13:17,750.71002,750.76001,750.66498,750.66498,1445
2026-06-17 13:18,750.94214,750.94214,750.66998,750.71997,6684
2026-06-17 13:19,750.96002,750.96002,750.87,750.94501,13405
2026-06-17 13:20,750.87,750.90997,750.77002,750.90009,3486
2026-06-17 13:21,751.02002,751.06,750.89001,750.89001,3874
2026-06-17 13:22,751.15002,751.25,750.99011,750.99011,8188
2026-06-17 13:23,751.04498,751.20502,751.03003,751.14502,3226
2026-06-17 13:24,750.96997,751.04999,750.95502,751.02002,2075
2026-06-17 13:25,750.98999,751.0,750.85999,750.98999,14711
2026-06-17 13:26,751.22998,751.23999,750.90997,751.0,4588
2026-06-17 13:27,751.28003,751.35999,751.22998,751.22998,8763
2026-06-17 13:28,751.14001,751.21997,751.09003,751.21997,7555
2026-06-17 13:29,751.25,751.28003,751.10999,751.19,2974
2026-06-17 13:30,750.92999,751.21002,750.92999,751.21002,2400
2026-06-17 13:31,750.78497,750.90002,750.78497,750.90002,5068
2026-06-17 13:32,750.71997,750.85999,750.71997,750.79999,3978
2026-06-17 13:33,750.96997,750.98749,750.73999,750.73999,4038
2026-06-17 13:34,750.77002,751.0141,750.75,750.97998,2950
2026-06-17 13:35,750.83008,750.83008,750.72498,750.80988,8669
2026-06-17 13:36,751.08002,751.08002,750.85999,750.90002,3602
2026-06-17 13:37,751.13,751.25,751.07013,751.1203,4636
2026-06-17 13:38,751.29999,751.29999,751.08002,751.11499,2823
2026-06-17 13:39,751.22998,751.32001,751.14001,751.32001,6970
2026-06-17 13:40,751.13257,751.21002,751.01001,751.21002,3103
2026-06-17 13:41,751.19,751.22998,751.03003,751.09998,2514
2026-06-17 13:42,751.10999,751.19,751.01001,751.17999,1959
2026-06-17 13:43,750.89001,751.09998,750.86499,751.086,2333
2026-06-17 13:44,750.87,750.92999,750.84998,750.84998,2926
2026-06-17 13:45,750.97998,750.97998,750.88702,750.91998,1790
2026-06-17 13:46,750.89001,751.005,750.89001,750.96503,3378
2026-06-17 13:47,750.88,750.96997,750.81,750.92999,3840
2026-06-17 13:48,750.96002,750.96002,750.85999,750.96002,1949
2026-06-17 13:49,751.23999,751.2868,750.97998,750.97998,2027
2026-06-17 13:50,751.33502,751.33502,751.16498,751.20001,1963
2026-06-17 13:51,751.64502,751.64502,751.29999,751.31,4839
2026-06-17 13:52,751.94,751.96002,751.65997,751.65997,7878
2026-06-17 13:53,752.16998,752.16998,751.91998,751.91998,2232
2026-06-17 13:54,752.02002,752.16998,752.0,752.15002,4702
2026-06-17 13:55,751.81897,752.00012,751.81,752.00012,2955
2026-06-17 13:56,752.03998,752.06,751.73999,751.81,5155
2026-06-17 13:57,751.98999,752.08368,751.96002,752.03998,3850
2026-06-17 13:58,752.07001,752.07001,751.90997,751.98999,4617
2026-06-17 13:59,752.33002,752.33002,752.03009,752.04999,4792
2026-06-17 14:00,749.16998,752.34003,749.09003,752.19,62159
2026-06-17 14:01,749.34003,749.96002,748.95001,749.14001,16383
2026-06-17 14:02,748.37,749.48999,748.31,749.40997,12365
2026-06-17 14:03,747.96997,748.47998,747.45001,748.20001,49114
2026-06-17 14:04,746.77002,747.96002,746.77002,747.83002,22263
2026-06-17 14:05,745.15002,746.82001,745.03998,746.82001,30428
2026-06-17 14:06,746.62,746.62,745.02002,745.02002,21420
2026-06-17 14:07,746.98999,747.40002,746.28003,746.57001,22401
2026-06-17 14:08,747.41998,747.75,747.12,747.13,7823
2026-06-17 14:09,748.27002,748.51001,747.38,747.41998,24592
2026-06-17 14:10,748.04993,748.70001,747.96997,748.26501,15137
2026-06-17 14:11,748.505,748.62,748.03998,748.20001,10646
2026-06-17 14:12,748.70001,748.78003,748.13,748.57001,6977
2026-06-17 14:13,747.83002,748.67999,747.77002,748.66998,9105
2026-06-17 14:14,748.21997,748.38989,747.58002,747.94,17487
2026-06-17 14:15,749.44,749.47998,748.17999,748.17999,15195
2026-06-17 14:16,749.15002,749.53003,749.09998,749.35999,10674
2026-06-17 14:17,748.95001,749.21997,748.73999,749.09998,10980
2026-06-17 14:18,749.10999,749.21997,748.95001,748.98999,19716
2026-06-17 14:19,749.28003,749.44,749.09003,749.25,5714
2026-06-17 14:20,748.56,749.37,748.56,749.21002,9845
2026-06-17 14:21,748.69,748.84003,748.37,748.61963,11285
2026-06-17 14:22,748.23999,748.75,748.22998,748.69501,5750
2026-06-17 14:23,748.28003,748.45001,748.17999,748.27002,5779
2026-06-17 14:24,747.72998,748.22998,747.48999,748.22998,16870
2026-06-17 14:25,747.23999,747.77002,746.98999,747.77002,9989
2026-06-17 14:26,747.41998,747.75,747.29999,747.31,5693
2026-06-17 14:27,747.17999,747.45001,746.90002,747.45001,9329
2026-06-17 14:28,747.47998,747.57001,747.22498,747.25,9327
2026-06-17 14:29,747.85999,748.04999,747.44,747.46002,10360
2026-06-17 14:30,747.47498,748.03131,747.35999,747.81,22564
2026-06-17 14:31,749.07001,749.07251,747.56,747.59998,11282
2026-06-17 14:32,748.31,749.71002,747.31,749.03998,86821
2026-06-17 14:33,747.84003,748.90631,747.46997,748.35999,24886
2026-06-17 14:34,747.39001,748.17999,747.21997,747.71002,43184
2026-06-17 14:35,747.84003,748.21997,747.32001,747.33868,9916
2026-06-17 14:36,748.92987,749.03998,747.95001,748.0,15724
2026-06-17 14:37,748.79999,749.38,748.79999,748.97998,4056
2026-06-17 14:38,750.04498,750.04498,748.98999,748.98999,13536
2026-06-17 14:39,749.62,750.38,749.58002,750.0,9147
2026-06-17 14:40,749.84998,750.15997,749.63,749.63,16403
2026-06-17 14:41,749.96002,750.46997,749.31,749.92499,13179
2026-06-17 14:42,750.44,750.56,749.73999,749.97998,12374
2026-06-17 14:43,751.28003,751.47998,750.35999,750.40002,21771
2026-06-17 14:44,751.58002,751.77002,751.17999,751.25,19743
2026-06-17 14:45,750.68011,751.54999,750.62183,751.54999,14736
2026-06-17 14:46,750.22998,750.83002,750.22998,750.75,4751
2026-06-17 14:47,751.03003,751.09998,750.15997,750.32001,9079
2026-06-17 14:48,750.38,751.01001,750.31,751.01001,3650
2026-06-17 14:49,750.41998,750.65002,750.40997,750.54999,2765
2026-06-17 14:50,750.06,750.41998,749.96002,750.38,8172
2026-06-17 14:51,750.03998,750.33002,749.88,750.03497,16906
2026-06-17 14:52,750.34998,750.84998,750.03003,750.21997,8660
2026-06-17 14:53,749.90002,750.46997,749.90002,750.40997,12201
2026-06-17 14:54,749.98999,750.31,749.72998,749.90997,4816
2026-06-17 14:55,748.80359,749.88,748.80359,749.85999,9398
2026-06-17 14:56,748.35999,749.12,748.32001,748.91998,12068
2026-06-17 14:57,748.10999,748.46997,747.60999,748.37,12598
2026-06-17 14:58,746.78998,748.31,746.755,748.12,21018
2026-06-17 14:59,747.54498,747.84003,746.97998,746.97998,16867
2026-06-17 15:00,748.23999,748.40997,747.44,747.63,10322
2026-06-17 15:01,747.63,748.22998,747.46002,748.13,11955
2026-06-17 15:02,747.66998,748.67999,747.66998,747.77002,15408
2026-06-17 15:03,747.83502,748.02002,747.23999,747.65002,12156
2026-06-17 15:04,747.65002,748.10999,747.40503,747.84497,14749
2026-06-17 15:05,747.65503,748.02002,747.31,747.69,6070
2026-06-17 15:06,747.84003,748.31,747.66998,747.67999,31191
2026-06-17 15:07,747.62,748.04999,747.54999,747.70001,5423
2026-06-17 15:08,747.70001,748.17999,747.57001,747.66998,6394
2026-06-17 15:09,747.33423,747.90997,747.21997,747.75,8747
2026-06-17 15:10,746.89001,747.40997,746.71997,747.40997,8677
2026-06-17 15:11,746.03003,746.89001,745.96002,746.89001,12492
2026-06-17 15:12,746.91998,747.14001,745.95001,746.15997,9236
2026-06-17 15:13,748.56,748.62,746.89001,746.89001,19091
2026-06-17 15:14,748.15002,748.5,748.01001,748.5,14853
2026-06-17 15:15,747.56,748.32001,747.45001,748.31,11479
2026-06-17 15:16,747.09998,747.86499,747.07001,747.685,10972
2026-06-17 15:17,746.63,747.30988,746.63,747.15002,9323
2026-06-17 15:18,745.77002,746.63,745.77002,746.59003,20711
2026-06-17 15:19,745.67999,746.42499,745.67999,745.78003,9036
2026-06-17 15:20,744.56,745.69,744.51007,745.67999,17974
2026-06-17 15:21,743.85999,744.64001,743.72998,744.64001,44676
2026-06-17 15:22,744.33002,744.90491,744.09998,744.13,25643
2026-06-17 15:23,744.15997,744.59003,743.77002,744.26001,12303
2026-06-17 15:24,743.375,744.23999,743.34998,744.23999,12424
2026-06-17 15:25,744.47992,744.53003,743.37585,743.38501,23150
2026-06-17 15:26,744.75,744.85999,744.34998,744.51001,16748
2026-06-17 15:27,744.12,744.92999,744.09003,744.72992,8375
2026-06-17 15:28,743.89502,744.53497,743.78998,744.22998,6431
2026-06-17 15:29,743.65002,744.02002,743.34003,743.96997,8164
2026-06-17 15:30,743.12,743.75,742.83002,743.64001,17328
2026-06-17 15:31,743.01501,743.79999,742.88,743.15997,19521
2026-06-17 15:32,742.41998,743.07001,742.34003,742.97998,21719
2026-06-17 15:33,742.51501,742.86798,742.35498,742.45001,10157
2026-06-17 15:34,742.40997,742.77002,742.37,742.53998,20244
2026-06-17 15:35,742.79999,743.09003,742.37,742.47998,12257
2026-06-17 15:36,743.15002,743.23999,742.66998,742.70001,12187
2026-06-17 15:37,742.82001,743.45001,742.82001,743.08002,7734
2026-06-17 15:38,741.59998,743.0,741.41998,742.84998,19910
2026-06-17 15:39,741.05103,741.96002,740.71997,741.62,27029
2026-06-17 15:40,740.90997,741.34003,740.88,741.06,14924
2026-06-17 15:41,741.10999,741.37,740.97998,741.04999,17354
2026-06-17 15:42,741.58099,741.72998,740.96997,741.13,21159
2026-06-17 15:43,741.72998,742.0,741.25,741.60999,34802
2026-06-17 15:44,741.46002,741.77002,741.10999,741.64001,16496
2026-06-17 15:45,741.64001,742.09497,741.44,741.53003,28238
2026-06-17 15:46,742.59998,742.67999,741.43958,741.75,17947
2026-06-17 15:47,742.71002,742.76001,742.39001,742.52002,10323
2026-06-17 15:48,743.06,743.09998,742.62,742.63,8368
2026-06-17 15:49,742.31,743.02002,742.16998,743.02002,17857
2026-06-17 15:50,741.71997,742.81,741.04999,742.29999,82637
2026-06-17 15:51,741.42999,741.87,741.26001,741.79999,23012
2026-06-17 15:52,741.27002,741.66998,741.20001,741.45001,11308
2026-06-17 15:53,741.48499,741.96503,741.10999,741.27979,12461
2026-06-17 15:54,741.53003,742.03998,741.435,741.62,16674
2026-06-17 15:55,743.02002,743.21002,741.38,741.47998,26501
2026-06-17 15:56,742.56,742.97998,742.38,742.97998,13256
2026-06-17 15:57,742.37,742.69989,742.06,742.57001,18439
2026-06-17 15:58,742.31,742.62988,742.22998,742.40002,18078
2026-06-17 15:59,742.5,742.90997,742.21002,742.31,99575
2026-06-18 09:30,751.28003,751.65002,751.02002,751.25,237603
2026-06-18 09:31,750.78998,751.20001,750.62,751.20001,10665
2026-06-18 09:32,750.84003,750.97998,750.62,750.92999,6729
2026-06-18 09:33,750.10498,750.91998,750.10498,750.8999,7292
2026-06-18 09:34,749.37,750.28003,749.37,750.22021,19924
2026-06-18 09:35,748.84003,749.45001,748.84003,749.34003,16998
2026-06-18 09:36,748.0,749.0,748.0,748.84998,17571
2026-06-18 09:37,748.15002,748.32001,747.81,747.95502,7119
2026-06-18 09:38,747.90002,748.37,747.82001,748.14001,8796
2026-06-18 09:39,748.17999,748.42999,747.84998,747.90503,4249
2026-06-18 09:40,747.88,748.04999,747.40997,748.02448,4215
2026-06-18 09:41,748.03998,748.46997,747.81,747.89502,6495
2026-06-18 09:42,748.375,748.40997,748.03497,748.07501,7343
2026-06-18 09:43,747.59003,748.52002,747.59003,748.36499,6174
2026-06-18 09:44,747.51001,747.73999,747.40002,747.57501,5708
2026-06-18 09:45,747.98499,748.41998,747.55499,747.55499,9948
2026-06-18 09:46,748.03003,748.09998,747.66498,747.94501,5320
2026-06-18 09:47,747.34998,748.09003,747.27008,747.97998,8804
2026-06-18 09:48,747.65997,748.02002,747.52002,747.52002,138223
2026-06-18 09:49,748.56,748.56,747.66998,747.69501,2620
2026-06-18 09:50,748.47992,748.77002,748.27002,748.64502,4521
2026-06-18 09:51,748.75,748.75,748.33002,748.42999,6877
2026-06-18 09:52,748.83002,748.91998,748.65002,748.76001,7097
2026-06-18 09:53,748.995,749.19,748.87,748.87,4270
2026-06-18 09:54,748.12,749.04999,748.06,749.03003,6677
2026-06-18 09:55,748.07001,748.48999,748.01898,748.08502,3962
2026-06-18 09:56,747.91998,748.41998,747.91998,748.19,3863
2026-06-18 09:57,747.71002,748.03003,747.51001,747.90503,11306
2026-06-18 09:58,747.54999,747.85999,747.46997,747.70001,5684
2026-06-18 09:59,748.19,748.19,747.44,747.59998,5394
2026-06-18 10:00,748.70001,748.70001,747.91998,748.23999,4335
2026-06-18 10:01,748.13,748.82001,748.13,748.62,2932
2026-06-18 10:02,748.28998,748.40991,748.13,748.15002,5089
2026-06-18 10:03,748.52002,748.66498,748.0,748.32642,3895
2026-06-18 10:04,748.33002,748.48999,748.20502,748.45001,4753
2026-06-18 10:05,748.27002,748.35999,748.17102,748.35999,2152
2026-06-18 10:06,749.09998,749.09998,748.28497,748.28497,3546
2026-06-18 10:07,749.40002,749.40997,748.90002,748.90002,88126
2026-06-18 10:08,749.23297,749.43011,749.09003,749.39001,4931
2026-06-18 10:09,749.31,749.60999,749.245,749.27502,2432
2026-06-18 10:10,748.72998,749.22998,748.69,749.22498,3221
2026-06-18 10:11,748.71002,748.85999,748.59497,748.66998,2789
2026-06-18 10:12,748.64001,748.88,748.58002,748.69,1554
2026-06-18 10:13,748.40002,748.83002,748.40002,748.75,4990
2026-06-18 10:14,748.24921,748.46002,748.03003,748.34998,2867
2026-06-18 10:15,747.97998,748.34003,747.72351,748.34003,5262
2026-06-18 10:16,749.22998,749.22998,748.07001,748.09998,4923
2026-06-18 10:17,749.42999,749.42999,748.89941,749.14001,3469
2026-06-18 10:18,749.47998,749.59998,749.31,749.42999,4190
2026-06-18 10:19,749.54999,749.86499,749.34998,749.46997,2157
2026-06-18 10:20,749.29999,749.71997,749.22009,749.57001,3158
2026-06-18 10:21,749.4151,749.60999,749.17999,749.32501,5173
2026-06-18 10:22,749.51001,749.54498,749.03003,749.41998,2749
2026-06-18 10:23,750.13,750.17999,749.48499,749.48499,11860
2026-06-18 10:24,749.90997,750.32001,749.90002,750.15997,8562
2026-06-18 10:25,750.06,750.06,749.71002,749.90002,4568
2026-06-18 10:26,749.47998,749.98999,749.46997,749.98999,4317
2026-06-18 10:27,749.21997,749.46991,749.13013,749.40997,10134
2026-06-18 10:28,748.76001,749.07001,748.60999,749.05499,3906
2026-06-18 10:29,748.84003,749.01001,748.61902,748.89001,7807
2026-06-18 10:30,748.34998,748.78998,747.91998,748.78998,8060
2026-06-18 10:31,748.88,749.0,748.23999,748.23999,6101
2026-06-18 10:32,748.51501,749.04999,748.34998,748.96002,54121
2026-06-18 10:33,748.63,748.83002,748.45001,748.53497,5163
2026-06-18 10:34,749.29999,749.29999,748.65997,748.70502,5627
2026-06-18 10:35,749.14001,749.30499,748.94,749.25,11399
2026-06-18 10:36,749.42999,749.59003,748.95001,749.07501,3489
2026-06-18 10:37,749.84003,749.84003,749.375,749.375,3692
2026-06-18 10:38,749.85999,749.85999,749.60999,749.76898,5173
2026-06-18 10:39,749.95001,750.04999,749.76001,749.85999,2700
2026-06-18 10:40,749.79999,750.08502,749.78003,749.91998,3879
2026-06-18 10:41,749.46997,749.84003,749.40997,749.84003,7736
2026-06-18 10:42,749.31659,749.62,749.31659,749.51001,7373
2026-06-18 10:43,749.57001,749.67987,749.44,749.56,1690
2026-06-18 10:44,749.57019,749.83502,749.57019,749.59998,3816
2026-06-18 10:45,749.77002,749.90997,749.59003,749.63013,4815
2026-06-18 10:46,750.1861,750.1861,749.79498,749.79498,18010
2026-06-18 10:47,750.28497,750.46997,750.15997,750.21002,6278
2026-06-18 10:48,750.71997,750.71997,750.32001,750.32001,14805
2026-06-18 10:49,750.56,750.76001,750.51642,750.70032,4189
2026-06-18 10:50,750.22992,750.53998,750.20001,750.53998,2605
2026-06-18 10:51,750.09998,750.16772,749.84723,750.16772,5507
2026-06-18 10:52,749.88,750.32178,749.88,750.06,4430
2026-06-18 10:53,749.85999,749.97998,749.76001,749.78998,10123
2026-06-18 10:54,750.14001,750.21503,749.88,749.89001,1687
2026-06-18 10:55,750.19,750.34003,750.17999,750.27002,4952
2026-06-18 10:56,750.19,750.29999,750.07898,750.26001,3965
2026-06-18 10:57,750.26001,750.28998,750.20502,750.23999,3141
2026-06-18 10:58,750.63501,750.65997,750.28998,750.28998,8267
2026-06-18 10:59,750.33502,750.71997,750.33002,750.62,2494
2026-06-18 11:00,750.15002,750.39001,749.69171,750.34998,16138
2026-06-18 11:01,749.95502,750.22998,749.90997,750.03497,5536
2026-06-18 11:02,749.67999,749.98499,749.65503,749.94,6512
2026-06-18 11:03,749.67999,749.84003,749.48999,749.71002,7395
2026-06-18 11:04,749.97998,750.04498,749.71002,749.71002,3196
2026-06-18 11:05,749.79999,749.96002,749.63,749.92999,2921
2026-06-18 11:06,750.06,750.06,749.64001,749.73999,8316
2026-06-18 11:07,750.01001,750.14001,749.78052,750.07001,4103
2026-06-18 11:08,750.04547,750.10999,749.87,749.90997,4826
2026-06-18 11:09,749.90002,750.0,749.78003,749.97498,3454
2026-06-18 11:10,750.01068,750.01068,749.65997,749.85999,21429
2026-06-18 11:11,750.35498,750.51001,750.02002,750.02002,5223
2026-06-18 11:12,750.26941,750.32001,750.19,750.27002,2372
2026-06-18 11:13,750.19,750.32001,750.08002,750.23999,5956
2026-06-18 11:14,749.64001,750.21997,749.64001,750.21002,6674
2026-06-18 11:15,749.70502,749.70502,749.33002,749.62,7162
2026-06-18 11:16,749.58002,749.78003,749.58002,749.755,2358
2026-06-18 11:17,749.34003,749.60999,749.32001,749.54999,9208
2026-06-18 11:18,749.39001,749.62988,749.39001,749.45001,3833
2026-06-18 11:19,749.15002,749.34497,749.07501,749.34497,5467
2026-06-18 11:20,749.47998,749.56,749.15002,749.15002,6460
2026-06-18 11:21,749.47998,749.54999,749.36499,749.45001,4046
2026-06-18 11:22,749.185,749.35498,749.09998,749.32501,3939
2026-06-18 11:23,749.20001,749.27002,748.79999,749.27002,8720
2026-06-18 11:24,749.005,749.34998,748.98492,749.15997,9857
2026-06-18 11:25,749.04999,749.19,748.95001,749.03497,2934
2026-06-18 11:26,749.10748,749.16998,748.95001,749.09991,2586
2026-06-18 11:27,749.59998,749.59998,749.08502,749.14001,4533
2026-06-18 11:28,749.03003,749.52502,749.03003,749.52502,1954
2026-06-18 11:29,748.82001,749.08002,748.63,749.02502,6516
2026-06-18 11:30,749.15002,749.15002,748.72998,748.85999,5161
2026-06-18 11:31,748.96997,749.28998,748.96997,749.11499,5424
2026-06-18 11:32,748.85498,748.96503,748.73999,748.91998,4864
2026-06-18 11:33,748.59998,748.91998,748.53497,748.85999,7145
2026-06-18 11:34,748.96997,749.20001,748.66998,748.66998,7982
2026-06-18 11:35,748.66998,748.96997,748.64001,748.96997,10187
2026-06-18 11:36,748.39001,748.72998,748.33002,748.67499,8304
2026-06-18 11:37,748.46997,748.56,748.26001,748.42999,6927
2026-06-18 11:38,747.81,748.62,747.802,748.51001,8421
2026-06-18 11:39,748.33002,748.40997,747.79999,747.84003,10366
2026-06-18 11:40,748.34998,748.40002,748.06012,748.35999,14651
2026-06-18 11:41,748.58002,748.79498,748.31561,748.32001,7629
2026-06-18 11:42,748.59998,748.70001,748.46997,748.51001,3880
2026-06-18 11:43,748.39502,748.65997,748.18872,748.625,3595
2026-06-18 11:44,748.34003,748.47998,748.255,748.34998,3822
2026-06-18 11:45,748.28998,748.32501,747.96002,748.28003,5011
2026-06-18 11:46,748.08002,748.315,748.05499,748.315,24544
2026-06-18 11:47,748.40997,748.45001,747.82001,748.02502,15916
2026-06-18 11:48,748.35999,748.54999,748.16998,748.40503,77364
2026-06-18 11:49,748.64001,748.78003,748.35999,748.35999,114288
2026-06-18 11:50,748.97998,749.06,748.62,748.62,45399
2026-06-18 11:51,749.03497,749.20001,748.95001,749.0,5283
2026-06-18 11:52,749.5,749.57001,749.03998,749.03998,3315
2026-06-18 11:53,749.73993,749.84003,749.41998,749.46997,5122
2026-06-18 11:54,749.435,749.69,749.38501,749.69,6373
2026-06-18 11:55,749.78998,749.79498,749.47498,749.47498,3013
2026-06-18 11:56,749.72498,749.94238,749.66998,749.77002,4872
2026-06-18 11:57,749.87,749.90997,749.71997,749.71997,2025
2026-06-18 11:58,749.88,749.94312,749.77002,749.81,7843
2026-06-18 11:59,749.71503,749.87,749.65002,749.87,5225
2026-06-18 12:00,749.88,750.01001,749.73999,749.73999,8667
2026-06-18 12:01,749.52002,749.935,749.47998,749.935,5098
2026-06-18 12:02,749.505,749.62927,749.46503,749.47998,5294
2026-06-18 12:03,749.41998,749.52002,749.34003,749.47998,2013
2026-06-18 12:04,749.47498,749.63,749.38,749.59998,3645
2026-06-18 12:05,749.70001,749.70001,749.28998,749.40503,5101
2026-06-18 12:06,749.65002,749.94,749.65002,749.67499,21280
2026-06-18 12:07,749.49298,749.59998,749.23999,749.59998,8829
2026-06-18 12:08,749.44397,749.62,749.41998,749.46997,5326
2026-06-18 12:09,749.52002,749.52502,749.3609,749.41998,4697
2026-06-18 12:10,749.44,749.56,749.42999,749.56,2656
2026-06-18 12:11,749.63,749.78003,749.41998,749.41998,3978
2026-06-18 12:12,749.78998,749.78998,749.57501,749.685,2540
2026-06-18 12:13,749.71002,749.71997,749.56,749.64001,3501
2026-06-18 12:14,749.65002,749.71997,749.59003,749.70898,1486
2026-06-18 12:15,749.51001,749.69,749.40997,749.65002,8000
2026-06-18 12:16,749.46002,749.56,749.41998,749.46997,3227
2026-06-18 12:17,749.72998,749.75702,749.46997,749.46997,10622
2026-06-18 12:18,749.52002,749.83002,749.45001,749.72998,4686
2026-06-18 12:19,749.60999,749.60999,749.36682,749.55518,3077
2026-06-18 12:20,749.90002,749.90997,749.69,749.69,2385
2026-06-18 12:21,750.23999,750.23999,749.84003,749.84003,10938
2026-06-18 12:22,750.04999,750.32001,749.97998,750.21002,3829
2026-06-18 12:23,750.12,750.21002,750.01001,750.16998,3439
2026-06-18 12:24,749.90002,750.15002,749.90002,750.065,4701
2026-06-18 12:25,749.96997,749.96997,749.78998,749.83002,3991
2026-06-18 12:26,750.11499,750.17999,749.92999,749.95001,3140
2026-06-18 12:27,750.04498,750.14502,749.97998,750.09003,2145
2026-06-18 12:28,750.02002,750.09003,749.94501,750.0,5329
2026-06-18 12:29,750.09998,750.15997,750.01001,750.04498,5137
2026-06-18 12:30,750.09497,750.12891,749.95502,750.02002,4917
2026-06-18 12:31,749.95001,750.03003,749.78003,750.03003,5582
2026-06-18 12:32,749.95001,749.97998,749.84009,749.95001,8893
2026-06-18 12:33,749.84003,749.96997,749.84003,749.87,13309
2026-06-18 12:34,749.96002,749.98999,749.81012,749.87,4990
2026-06-18 12:35,749.87012,750.15997,749.87012,750.09003,3373
2026-06-18 12:36,750.01001,750.01001,749.80499,749.84998,8097
2026-06-18 12:37,750.39001,750.40997,750.01007,750.02002,2450
2026-06-18 12:38,750.46503,750.46503,750.32001,750.34003,2968
2026-06-18 12:39,750.64172,750.69098,750.48999,750.48999,4136
2026-06-18 12:40,750.53003,750.65997,750.45502,750.64502,30445
2026-06-18 12:41,750.59003,750.61499,750.51501,750.51501,1086
2026-06-18 12:42,750.57001,750.65503,750.44,750.57501,1380
2026-06-18 12:43,750.47998,750.61499,750.47998,750.54999,3021
2026-06-18 12:44,750.42999,750.53998,750.40002,750.46997,1638
2026-06-18 12:45,750.43127,750.51001,750.34003,750.44,5030
2026-06-18 12:46,750.46997,750.47998,750.40997,750.46997,1559
2026-06-18 12:47,750.375,750.46002,750.29999,750.36499,2364
2026-06-18 12:48,750.40503,750.47998,750.38,750.40002,2723
2026-06-18 12:49,750.33502,750.47498,750.31,750.36499,3093
2026-06-18 12:50,750.08002,750.37,750.03003,750.34998,2691
2026-06-18 12:51,749.85498,750.02002,749.85498,750.02002,2061
2026-06-18 12:52,750.07501,750.09003,749.75012,749.79999,3151
2026-06-18 12:53,749.97998,750.0799,749.95001,749.97998,3074
2026-06-18 12:54,749.92999,750.01001,749.87,749.91998,5227
2026-06-18 12:55,749.81,749.96997,749.76001,749.90997,3456
2026-06-18 12:56,749.755,749.88959,749.66998,749.73999,2666
2026-06-18 12:57,750.0,750.04462,749.73999,749.73999,4225
2026-06-18 12:58,749.97998,750.13,749.90997,750.03497,2012
2026-06-18 12:59,750.08502,750.08502,749.88,750.005,2067
2026-06-18 13:00,749.95001,750.16998,749.95001,750.16998,1475
2026-06-18 13:01,750.08502,750.10999,749.96002,749.96002,1207
2026-06-18 13:02,750.52002,750.52002,750.09003,750.09003,2755
2026-06-18 13:03,750.48999,750.6499,750.48999,750.52502,1475
2026-06-18 13:04,750.60999,750.60999,750.47351,750.47351,3064
2026-06-18 13:05,751.09998,751.10999,750.64502,750.66498,2084
2026-06-18 13:06,751.03003,751.08002,750.98059,751.065,3378
2026-06-18 13:07,751.04993,751.07001,750.9812,751.0,2267
2026-06-18 13:08,750.90002,751.08002,750.90002,751.005,3421
2026-06-18 13:09,750.96002,751.09003,750.90997,750.94,2634
2026-06-18 13:10,750.98999,751.0,750.88,750.91498,3416
2026-06-18 13:11,751.05499,751.08502,750.89001,750.96002,2811
2026-06-18 13:12,750.95007,751.22998,750.92999,751.05499,8617
2026-06-18 13:13,751.0,751.03003,750.95001,750.96002,4588
2026-06-18 13:14,751.03003,751.06,750.995,751.03003,2407
2026-06-18 13:15,751.21503,751.229,750.9718,751.07501,3029
2026-06-18 13:16,751.40997,751.41998,751.21002,751.21002,11889
2026-06-18 13:17,751.51001,751.58002,751.45001,751.48499,4198
2026-06-18 13:18,751.50909,751.55072,751.46399,751.5,3180
2026-06-18 13:19,751.495,751.53003,751.46228,751.46997,3845
2026-06-18 13:20,751.39001,751.5,751.35999,751.44501,5664
2026-06-18 13:21,751.38,751.56,751.37,751.40503,6318
2026-06-18 13:22,751.38,751.38501,751.23999,751.35999,3154
2026-06-18 13:23,751.28003,751.40002,751.27002,751.38501,4790
2026-06-18 13:24,750.98999,751.32001,750.98999,751.28998,5321
2026-06-18 13:25,750.97998,751.03998,750.96002,750.97998,5844
2026-06-18 13:26,750.98999,751.09003,750.935,750.935,6703
2026-06-18 13:27,751.03003,751.03003,750.87,751.0,6934
2026-06-18 13:28,750.88989,751.03003,750.85999,751.0293,8759
2026-06-18 13:29,750.96997,750.98999,750.88,750.88501,3931
2026-06-18 13:30,751.27002,751.27002,751.026,751.03003,3659
2026-06-18 13:31,751.26501,751.39001,751.22998,751.25,5004
2026-06-18 13:32,751.13,751.23999,751.09998,751.23999,2943
2026-06-18 13:33,751.15997,751.22998,751.03998,751.12,5145
2026-06-18 13:34,751.25,751.33002,751.12,751.15997,4733
2026-06-18 13:35,751.10992,751.23999,751.07001,751.22998,4426
2026-06-18 13:36,751.04999,751.12,751.01501,751.09003,6823
2026-06-18 13:37,750.95001,751.02002,750.90997,751.02002,2114
2026-06-18 13:38,750.97998,750.98999,750.90002,750.94501,4962
2026-06-18 13:39,750.82001,751.01001,750.75,751.0,4439
2026-06-18 13:40,750.81,750.94,750.72998,750.81,5390
2026-06-18 13:41,750.79999,750.87,750.76001,750.81,2464
2026-06-18 13:42,750.85999,750.93988,750.78998,750.81,3317
2026-06-18 13:43,750.78003,750.78998,750.71997,750.77002,3123
2026-06-18 13:44,750.84003,750.94,750.78003,750.78003,2600
2026-06-18 13:45,750.89001,750.89001,750.79999,750.81,3935
2026-06-18 13:46,750.65997,750.88,750.65997,750.88,6527
2026-06-18 13:47,750.82501,750.84003,750.71997,750.75,4582
2026-06-18 13:48,750.81,750.85999,750.72998,750.81,6338
2026-06-18 13:49,750.71002,750.815,750.64001,750.815,3305
2026-06-18 13:50,750.69012,750.76001,750.63,750.73999,2599
2026-06-18 13:51,750.69,750.71997,750.65997,750.685,3463
2026-06-18 13:52,750.84497,750.9021,750.69,750.69,2630
2026-06-18 13:53,750.84998,750.88501,750.81989,750.84998,2191
2026-06-18 13:54,750.76001,751.01001,750.76001,750.88501,3687
2026-06-18 13:55,750.54999,750.70001,750.53998,750.70001,1900
2026-06-18 13:56,750.57001,750.60999,750.51001,750.60999,6033
2026-06-18 13:57,750.55499,750.63501,750.44012,750.56,2684
2026-06-18 13:58,750.57001,750.62,750.495,750.53998,5620
2026-06-18 13:59,750.48499,750.62,750.48499,750.56,2150
2026-06-18 14:00,750.28497,750.54999,750.21002,750.53003,2531
2026-06-18 14:01,750.22998,750.38989,750.22998,750.26001,4593
2026-06-18 14:02,750.31,750.42987,750.20502,750.20502,6006
2026-06-18 14:03,750.08002,750.29498,750.0,750.28998,3473
2026-06-18 14:04,750.08002,750.19,750.02002,750.07001,2118
2026-06-18 14:05,750.26001,750.30011,750.03003,750.09497,2917
2026-06-18 14:06,750.02002,750.19,750.02002,750.19,4976
2026-06-18 14:07,750.07001,750.13867,750.0,750.0,3066
2026-06-18 14:08,750.16998,750.27002,750.04138,750.09998,3840
2026-06-18 14:09,750.07001,750.26001,750.07001,750.16998,2351
2026-06-18 14:10,750.19513,750.28998,750.08002,750.10999,3215
2026-06-18 14:11,750.32001,750.41998,750.21997,750.21997,1954
2026-06-18 14:12,750.45001,750.46997,750.31012,750.33502,5017
2026-06-18 14:13,750.20502,750.43988,750.20001,750.42999,4587
2026-06-18 14:14,750.13,750.33002,750.13,750.22998,7627
2026-06-18 14:15,750.01001,750.13,749.98999,750.13,3959
2026-06-18 14:16,749.92999,750.04999,749.90002,750.03998,4873
2026-06-18 14:17,750.04999,750.14001,749.89502,749.89502,3737
2026-06-18 14:18,750.23999,750.23999,750.02002,750.08002,2980
2026-06-18 14:19,750.10999,750.28003,750.09998,750.23999,3392
2026-06-18 14:20,750.07001,750.12,749.97998,750.09998,2862
2026-06-18 14:21,750.19,750.21002,750.065,750.065,2811
2026-06-18 14:22,750.32001,750.37,750.14001,750.185,5031
2026-06-18 14:23,750.21997,750.30499,750.14001,750.30499,3577
2026-06-18 14:24,750.15997,750.25,750.08002,750.24109,7231
2026-06-18 14:25,750.15002,750.29999,750.15002,750.16998,4017
2026-06-18 14:26,750.03998,750.16998,750.02002,750.16998,3158
2026-06-18 14:27,750.26007,750.29999,750.03497,750.04498,8466
2026-06-18 14:28,750.03998,750.23999,750.01001,750.23999,3421
2026-06-18 14:29,750.01001,750.09003,750.00897,750.01001,2955
2026-06-18 14:30,749.89001,750.01001,749.87,749.97998,2752
2026-06-18 14:31,749.97998,749.97998,749.85999,749.89001,4953
2026-06-18 14:32,749.86023,750.04999,749.86023,749.935,10481
2026-06-18 14:33,749.85999,749.9397,749.82001,749.86951,7968
2026-06-18 14:34,749.89008,750.04498,749.84998,749.84998,4265
2026-06-18 14:35,749.84998,749.88,749.77008,749.875,3507
2026-06-18 14:36,749.72498,749.87,749.70001,749.81,8610
2026-06-18 14:37,749.77002,749.85999,749.71997,749.71997,9404
2026-06-18 14:38,749.72998,749.88,749.65997,749.78003,8136
2026-06-18 14:39,749.71997,749.83002,749.69,749.73999,5703
2026-06-18 14:40,749.72278,749.72998,749.64001,749.70001,4038
2026-06-18 14:41,749.90997,749.90997,749.67999,749.72998,3268
2026-06-18 14:42,749.87,749.97998,749.87,749.97998,2685
2026-06-18 14:43,749.85992,749.96002,749.83002,749.83002,5606
2026-06-18 14:44,749.89001,749.95001,749.84998,749.85999,2067
2026-06-18 14:45,750.03998,750.07001,749.94,749.98499,3957
2026-06-18 14:46,750.01001,750.12,750.01001,750.08002,1904
2026-06-18 14:47,750.03009,750.09998,750.01508,750.04498,3443
2026-06-18 14:48,750.13739,750.21002,750.03497,750.03998,7802
2026-06-18 14:49,750.28992,750.29999,750.16998,750.16998,1931
2026-06-18 14:50,750.14001,750.28998,750.04999,750.28998,2845
2026-06-18 14:51,750.19501,750.19501,750.10999,750.13,7078
2026-06-18 14:52,750.40997,750.42999,750.22998,750.23499,6480
2026-06-18 14:53,750.375,750.40997,750.33002,750.35999,4405
2026-06-18 14:54,750.16998,750.40002,750.16998,750.40002,4014
2026-06-18 14:55,750.25818,750.27307,750.17999,750.17999,3795
2026-06-18 14:56,749.95001,750.23499,749.935,750.23499,3575
2026-06-18 14:57,749.81,749.95001,749.81,749.92499,8204
2026-06-18 14:58,749.9397,749.96997,749.82001,749.82001,2386
2026-06-18 14:59,749.88,750.0,749.87,749.94,1893
2026-06-18 15:00,749.90002,749.90509,749.76001,749.85999,1933
2026-06-18 15:01,749.71002,749.86102,749.685,749.84998,3322
2026-06-18 15:02,749.49011,749.75,749.46002,749.71002,3790
2026-06-18 15:03,749.46997,749.54999,749.34998,749.54999,10845
2026-06-18 15:04,749.47498,749.58002,749.44501,749.44501,5568
2026-06-18 15:05,749.44,749.46503,749.33002,749.46503,4299
2026-06-18 15:06,749.38,749.46002,749.33002,749.40002,4439
2026-06-18 15:07,749.39001,749.44,749.33002,749.34998,11246
2026-06-18 15:08,749.48999,749.5,749.34003,749.35999,2848
2026-06-18 15:09,749.38,749.56,749.34998,749.47498,5541
2026-06-18 15:10,748.97998,749.34998,748.78998,749.34998,6563
2026-06-18 15:11,748.76001,749.03003,748.67999,749.03003,9847
2026-06-18 15:12,748.83002,748.89001,748.70001,748.78003,4691
2026-06-18 15:13,748.96997,748.96997,748.815,748.815,4442
2026-06-18 15:14,748.96991,749.14502,748.90997,749.01501,17300
2026-06-18 15:15,748.9599,749.17999,748.90002,748.92999,3759
2026-06-18 15:16,748.81,748.96997,748.7951,748.88501,6640
2026-06-18 15:17,748.96002,749.00989,748.82861,748.82861,3243
2026-06-18 15:18,748.84003,748.98999,748.71997,748.97998,16788
2026-06-18 15:19,749.34003,749.34003,748.88,748.88,3261
2026-06-18 15:20,749.48743,749.48743,749.29321,749.35498,3096
2026-06-18 15:21,749.39502,749.54999,749.37,749.46997,5383
2026-06-18 15:22,749.55499,749.64001,749.39001,749.39001,4048
2026-06-18 15:23,749.47998,749.59998,749.44,749.57001,22425
2026-06-18 15:24,749.37,749.53003,749.37,749.46002,4633
2026-06-18 15:25,749.40997,749.46997,749.36499,749.4101,2548
2026-06-18 15:26,749.59003,749.59998,749.46002,749.47998,5966
2026-06-18 15:27,749.38,749.53003,749.38,749.53003,4536
2026-06-18 15:28,749.46002,749.62,749.37,749.37,4324
2026-06-18 15:29,749.48999,749.69,749.46997,749.46997,5572
2026-06-18 15:30,749.2301,749.53003,749.06,749.51001,30761
2026-06-18 15:31,749.31,749.35999,749.21008,749.27002,3766
2026-06-18 15:32,749.31,749.35999,749.21997,749.27002,5990
2026-06-18 15:33,749.495,749.495,749.1969,749.28497,5244
2026-06-18 15:34,749.65002,749.66998,749.45001,749.46997,24510
2026-06-18 15:35,750.0,750.01001,749.65002,749.65997,9500
2026-06-18 15:36,749.96997,750.21997,749.91998,750.0,8096
2026-06-18 15:37,750.06,750.06,749.9126,750.0,7038
2026-06-18 15:38,750.09003,750.13,749.98999,750.06,5695
2026-06-18 15:39,750.42987,750.42999,750.07001,750.09003,6030
2026-06-18 15:40,750.37,750.5,750.31,750.44,6590
2026-06-18 15:41,750.47198,750.5,750.34003,750.36877,4651
2026-06-18 15:42,750.54999,750.67999,750.46002,750.4624,5019
2026-06-18 15:43,750.48999,750.57001,750.38,750.54999,8114
2026-06-18 15:44,750.76001,750.81,750.48999,750.48999,4494
2026-06-18 15:45,750.85999,750.88,750.54999,750.67999,8514
2026-06-18 15:46,750.83002,750.90002,750.78003,750.84003,5488
2026-06-18 15:47,750.71002,750.90009,750.71002,750.84003,11180
2026-06-18 15:48,750.56,750.77002,750.48999,750.70001,29326
2026-06-18 15:49,750.45001,750.52002,750.33002,750.52002,16368
2026-06-18 15:50,750.90997,751.0,750.16998,750.46997,51135
2026-06-18 15:51,751.14001,751.29999,750.92999,750.95502,46369
2026-06-18 15:52,750.96002,751.34003,750.92999,751.13,25049
2026-06-18 15:53,750.98999,751.12,750.84998,750.96002,14792
2026-06-18 15:54,750.90002,751.12,750.66998,750.97998,20619
2026-06-18 15:55,751.20001,751.37,750.82001,750.87,26960
2026-06-18 15:56,751.19,751.29999,751.13,751.17999,5782
2026-06-18 15:57,751.43958,751.54999,751.12,751.16498,9474
2026-06-18 15:58,751.31,751.53998,751.25,751.34003,16384
2026-06-18 15:59,750.07001,751.57001,750.06,751.34497,123185
2026-06-22 09:30,752.40002,752.5,750.9494,751.15997,117778
2026-06-22 09:31,752.53998,752.78003,752.27502,752.46283,21357
2026-06-22 09:32,752.40503,752.58282,752.33002,752.52002,7682
2026-06-22 09:33,751.72913,752.39001,751.59998,752.39001,13692
2026-06-22 09:34,751.57001,751.79999,751.47998,751.55499,6573
2026-06-22 09:35,752.08002,752.08002,751.5,751.5,7782
2026-06-22 09:36,752.39001,752.59003,752.06,752.06,4795
2026-06-22 09:37,752.73499,752.85999,752.57001,752.57001,5772
2026-06-22 09:38,753.07001,753.09497,752.98499,753.02002,1155
2026-06-22 09:39,753.21997,753.26001,753.02502,753.06,3340
2026-06-22 09:40,753.03998,753.37,752.81,753.34998,2364
2026-06-22 09:41,752.13501,753.14502,752.13501,753.05499,4604
2026-06-22 09:42,752.0,752.40002,752.0,752.28003,4749
2026-06-22 09:43,751.65002,751.90997,751.41998,751.84998,6516
2026-06-22 09:44,751.65503,751.90997,751.60181,751.87,25715
2026-06-22 09:45,752.01001,752.03998,751.5,751.66998,6686
2026-06-22 09:46,752.01001,752.17999,751.90503,751.92999,8299
2026-06-22 09:47,752.59998,752.59998,751.95001,752.04999,17925
2026-06-22 09:48,752.97998,753.07001,752.65002,752.69,25434
2026-06-22 09:49,753.0,753.31,752.90002,753.02991,7515
2026-06-22 09:50,752.91998,752.91998,752.59003,752.72998,2530
2026-06-22 09:51,752.76117,752.94,752.63501,752.94,1802
2026-06-22 09:52,752.85999,752.91998,752.60498,752.78998,3504
2026-06-22 09:53,752.85901,753.0,752.85901,752.96002,3748
2026-06-22 09:54,752.59003,752.84998,752.51001,752.79498,6031
2026-06-22 09:55,752.34998,752.56702,752.22998,752.40503,11218
2026-06-22 09:56,752.96002,752.96002,752.25,752.26001,7000
2026-06-22 09:57,753.01001,753.01001,752.78003,752.96991,5366
2026-06-22 09:58,753.27002,753.27002,752.92499,753.03998,2799
2026-06-22 09:59,753.40997,753.40997,753.15503,753.22998,4733
2026-06-22 10:00,753.26001,753.45001,753.16998,753.38,3085
2026-06-22 10:01,753.28497,753.34998,753.15997,753.20001,2677
2026-06-22 10:02,753.03998,753.28003,753.0,753.28003,3366
2026-06-22 10:03,753.09998,753.14001,752.98999,753.01501,4681
2026-06-22 10:04,753.09998,753.18988,753.02002,753.09003,15699
2026-06-22 10:05,752.91998,753.245,752.84003,753.10999,5376
2026-06-22 10:06,752.94501,753.19,752.87,752.98431,4342
2026-06-22 10:07,753.17999,753.17999,753.02002,753.02002,1353
2026-06-22 10:08,753.29999,753.33002,753.16998,753.19519,3278
2026-06-22 10:09,753.44,753.44,753.33502,753.33502,5938
2026-06-22 10:10,753.42999,753.65997,753.42999,753.46997,4702
2026-06-22 10:11,753.04999,753.46002,753.04999,753.42999,6309
2026-06-22 10:12,752.97998,753.21002,752.97998,753.01361,3356
2026-06-22 10:13,752.81,753.17999,752.78998,753.03003,230381
2026-06-22 10:14,752.76001,752.88,752.70001,752.84003,5076
2026-06-22 10:15,752.66498,752.83002,752.60999,752.78998,3025
2026-06-22 10:16,752.375,752.54999,752.33002,752.54999,3313
2026-06-22 10:17,751.73749,752.52002,751.73749,752.5,3736
2026-06-22 10:18,752.16998,752.17999,751.80499,751.84998,3323
2026-06-22 10:19,751.95001,752.28003,751.90503,752.13544,2581
2026-06-22 10:20,751.62,751.92999,751.23999,751.92999,4989
2026-06-22 10:21,751.78003,751.90503,751.64001,751.67938,1692
2026-06-22 10:22,751.59003,751.90002,751.59003,751.90002,1244
2026-06-22 10:23,751.32001,751.57001,751.28998,751.57001,4547
2026-06-22 10:24,750.96002,751.28003,750.81,751.28003,4918
2026-06-22 10:25,751.04993,751.27002,750.78998,750.85999,4862
2026-06-22 10:26,751.13,751.19,750.96997,751.03998,6695
2026-06-22 10:27,750.35999,751.125,750.34998,751.125,11869
2026-06-22 10:28,750.35999,750.65997,750.25,750.28998,6078
2026-06-22 10:29,750.01001,750.23999,749.92999,750.21997,7183
2026-06-22 10:30,749.23999,750.07001,749.23999,750.07001,8134
2026-06-22 10:31,748.96002,749.63,748.96002,749.21997,6937
2026-06-22 10:32,748.66998,749.09003,748.59998,749.03998,4975
2026-06-22 10:33,748.85498,748.96002,748.53998,748.70001,7605
2026-06-22 10:34,748.935,749.16992,748.935,749.04999,20939
2026-06-22 10:35,749.41998,749.44,748.59998,748.88,7167
2026-06-22 10:36,748.97498,749.33002,748.97498,749.31,2976
2026-06-22 10:37,749.03998,749.06,748.77002,749.06,4332
2026-06-22 10:38,748.76001,749.09998,748.66998,749.04999,3284
2026-06-22 10:39,748.96002,749.03003,748.48999,748.77002,3394
2026-06-22 10:40,749.03497,749.23999,748.96002,749.03998,4989
2026-06-22 10:41,748.76001,748.97998,748.58002,748.97998,8164
2026-06-22 10:42,748.70001,748.80652,748.59003,748.7699,7960
2026-06-22 10:43,748.35999,748.71997,748.21002,748.65997,27244
2026-06-22 10:44,748.0,748.35999,747.94,748.35999,10639
2026-06-22 10:45,748.26001,748.63,747.98999,747.98999,14210
2026-06-22 10:46,748.6665,748.67999,748.23499,748.28998,7798
2026-06-22 10:47,748.25,748.83002,748.15997,748.67999,7669
2026-06-22 10:48,748.38501,748.39502,748.09998,748.25,4443
2026-06-22 10:49,748.25,748.39001,748.03998,748.39001,7354
2026-06-22 10:50,748.04999,748.44,748.04999,748.34998,5944
2026-06-22 10:51,747.94,748.15002,747.75,748.03998,16160
2026-06-22 10:52,747.90997,748.02002,747.69513,747.83002,8119
2026-06-22 10:53,747.90997,747.92999,747.72552,747.92999,5843
2026-06-22 10:54,747.28998,747.89001,747.09998,747.87,20868
2026-06-22 10:55,746.84998,747.38,746.65002,747.29999,10814
2026-06-22 10:56,747.41998,747.46002,747.03003,747.14001,19121
2026-06-22 10:57,747.78998,747.84003,747.48999,747.5,9406
2026-06-22 10:58,748.10498,748.17499,747.79547,747.79547,8299
2026-06-22 10:59,748.16998,748.32501,748.12,748.15997,5911
2026-06-22 11:00,748.59003,748.67999,748.03003,748.13,4136
2026-06-22 11:01,748.79498,748.85999,748.62,748.63,6446
2026-06-22 11:02,748.755,748.83002,748.53998,748.83002,6829
2026-06-22 11:03,748.685,748.82001,748.685,748.78003,4488
2026-06-22 11:04,748.51001,748.75189,748.48999,748.6651,2510
2026-06-22 11:05,748.04999,748.65997,747.96002,748.5285,12184
2026-06-22 11:06,747.65997,748.04498,747.63,748.03998,11589
2026-06-22 11:07,747.77502,747.87,747.51001,747.59003,10787
2026-06-22 11:08,747.95001,747.97998,747.755,747.82013,2845
2026-06-22 11:09,747.79999,748.07501,747.65509,747.98999,4334
2026-06-22 11:10,747.60999,747.92999,747.57001,747.82001,6659
2026-06-22 11:11,748.19,748.19,747.65997,747.65997,4373
2026-06-22 11:12,748.21002,748.22998,747.96002,748.20001,12888
2026-06-22 11:13,748.27002,748.28003,748.09003,748.27002,3061
2026-06-22 11:14,747.94,748.29999,747.83002,748.28998,6677
2026-06-22 11:15,747.85999,748.12012,747.85999,747.94,9548
2026-06-22 11:16,748.08002,748.09918,747.83502,747.84998,6840
2026-06-22 11:17,748.08002,748.15002,747.65002,748.15002,6097
2026-06-22 11:18,747.95001,748.40002,747.95001,748.05499,3752
2026-06-22 11:19,747.65997,747.97998,747.45001,747.95001,8002
2026-06-22 11:20,747.5,747.70001,747.40997,747.65997,5722
2026-06-22 11:21,747.82001,747.92987,747.495,747.52002,10087
2026-06-22 11:22,747.75098,748.09998,747.75098,747.89001,4973
2026-06-22 11:23,748.21997,748.21997,747.70001,747.78998,2518
2026-06-22 11:24,748.28998,748.42151,748.21002,748.29999,4750
2026-06-22 11:25,748.26001,748.54999,747.84998,748.26501,23442
2026-06-22 11:26,748.19,748.44287,747.95001,748.34998,5612
2026-06-22 11:27,748.22498,748.34003,748.00012,748.10999,1807
2026-06-22 11:28,747.83002,748.21002,747.78003,748.19,5017
2026-06-22 11:29,747.84998,748.03003,747.67999,747.90002,9186
2026-06-22 11:30,747.78998,748.03003,747.65997,747.96002,6799
2026-06-22 11:31,748.06,748.13,747.75,748.02002,9260
2026-06-22 11:32,747.96002,748.09998,747.81,748.03998,3156
2026-06-22 11:33,748.42999,748.47998,747.87,747.90997,24904
2026-06-22 11:34,748.09998,748.46997,748.09998,748.40002,3424
2026-06-22 11:35,748.26001,748.32001,747.95502,748.09998,17332
2026-06-22 11:36,748.59003,748.65637,748.26001,748.31,3526
2026-06-22 11:37,748.5,748.67987,748.30499,748.53998,5072
2026-06-22 11:38,748.46002,748.60999,748.40997,748.56,3467
2026-06-22 11:39,748.63,748.63501,748.38898,748.48499,3583
2026-06-22 11:40,748.96991,748.96991,748.66998,748.66998,6975
2026-06-22 11:41,749.20001,749.20001,749.04999,749.07001,2253
2026-06-22 11:42,749.47998,749.60999,749.22998,749.23999,3741
2026-06-22 11:43,749.5,749.52002,749.39502,749.52002,5384
2026-06-22 11:44,749.37,749.54468,749.37,749.48999,2124
2026-06-22 11:45,749.62,749.72998,749.34003,749.40997,3998
2026-06-22 11:46,749.39001,749.65997,749.37,749.59998,3555
2026-06-22 11:47,749.15997,749.31927,749.09009,749.31927,3327
2026-06-22 11:48,748.98999,749.09003,748.94501,749.06,5712
2026-06-22 11:49,747.86499,749.0199,747.78003,749.0199,21651
2026-06-22 11:50,748.31012,748.34003,747.94,747.94,6137
2026-06-22 11:51,748.26001,748.40997,748.09003,748.26282,4921
2026-06-22 11:52,748.17999,748.34003,748.07001,748.13,4867
2026-06-22 11:53,748.15997,748.25,748.07501,748.15997,4615
2026-06-22 11:54,748.03003,748.37799,748.01001,748.15997,6686
2026-06-22 11:55,748.29999,748.41998,747.88,747.88,5850
2026-06-22 11:56,748.02002,748.52502,748.02002,748.315,2538
2026-06-22 11:57,748.17999,748.22998,748.03003,748.08002,4662
2026-06-22 11:58,748.15997,748.28003,747.98999,748.27008,13227
2026-06-22 11:59,748.08051,748.26001,748.0,748.08002,9099
2026-06-22 12:00,748.03998,748.16998,747.89001,748.12,8791
2026-06-22 12:01,747.62,748.04999,747.46051,748.04999,15927
2026-06-22 12:02,747.48999,747.74988,747.40503,747.70001,5765
2026-06-22 12:03,747.20001,747.42999,747.08002,747.42999,5888
2026-06-22 12:04,747.17999,747.27002,747.09003,747.23993,5353
2026-06-22 12:05,747.22998,747.40997,747.15002,747.19,5275
2026-06-22 12:06,747.38,747.40997,747.09003,747.15997,6729
2026-06-22 12:07,747.40002,747.58002,747.31,747.42999,4877
2026-06-22 12:08,747.625,747.64001,747.45001,747.51001,3961
2026-06-22 12:09,747.63,747.72998,747.48999,747.57001,4776
2026-06-22 12:10,747.78003,747.92499,747.60999,747.60999,4460
2026-06-22 12:11,747.90997,748.06,747.65002,747.78998,5215
2026-06-22 12:12,747.89001,747.98999,747.75,747.89001,5014
2026-06-22 12:13,748.09998,748.14001,747.90997,747.935,3550
2026-06-22 12:14,748.44,748.46002,748.02002,748.09003,8187
2026-06-22 12:15,748.13501,748.44,748.13,748.41998,1624
2026-06-22 12:16,748.15997,748.32001,748.15002,748.20001,5887
2026-06-22 12:17,748.23499,748.28998,748.03998,748.13,3609
2026-06-22 12:18,748.15997,748.19,747.91998,748.14001,3137
2026-06-22 12:19,748.40002,748.40002,748.07001,748.16998,2423
2026-06-22 12:20,748.75,748.78998,748.44501,748.44501,2515
2026-06-22 12:21,748.59998,748.82001,748.56,748.76001,3297
2026-06-22 12:22,748.02002,748.46997,747.91998,748.46997,11751
2026-06-22 12:23,748.06989,748.22998,748.00897,748.03003,6622
2026-06-22 12:24,748.01001,748.03998,747.84998,748.03998,4583
2026-06-22 12:25,748.06,748.10999,747.87,747.95001,2407
2026-06-22 12:26,747.89001,748.14001,747.83002,748.09998,2167
2026-06-22 12:27,747.92999,748.00989,747.83002,747.88,3924
2026-06-22 12:28,748.30499,748.30499,747.81,747.89001,3478
2026-06-22 12:29,748.22998,748.33002,748.22998,748.32001,1727
2026-06-22 12:30,748.15997,748.23999,748.13501,748.21997,2616
2026-06-22 12:31,748.22998,748.31,748.16998,748.27002,3539
2026-06-22 12:32,747.79529,748.21002,747.77002,748.21002,4953
2026-06-22 12:33,747.84998,747.90002,747.83002,747.88,9827
2026-06-22 12:34,747.79999,747.89001,747.76001,747.82001,12232
2026-06-22 12:35,747.64001,747.90997,747.63,747.90997,1507
2026-06-22 12:36,747.86499,747.86499,747.53003,747.65002,5601
2026-06-22 12:37,747.88953,747.88953,747.69,747.84003,5116
2026-06-22 12:38,747.72998,747.84003,747.69,747.71002,10053
2026-06-22 12:39,747.87,747.90997,747.6601,747.6601,6673
2026-06-22 12:40,747.5,747.96002,747.5,747.96002,2466
2026-06-22 12:41,747.83002,748.02002,747.60999,747.62,7917
2026-06-22 12:42,747.84998,747.92999,747.75,747.83002,2228
2026-06-22 12:43,747.67999,747.90997,747.59003,747.90997,2084
2026-06-22 12:44,747.84003,747.87,747.70001,747.77002,3613
2026-06-22 12:45,747.71552,747.89001,747.69501,747.87012,5410
2026-06-22 12:46,748.05499,748.05499,747.63,747.64001,6085
2026-06-22 12:47,748.22998,748.28003,748.08002,748.09998,4839
2026-06-22 12:48,748.20001,748.27002,748.14001,748.20172,3149
2026-06-22 12:49,748.40002,748.40997,748.15002,748.15002,4957
2026-06-22 12:50,748.64001,748.66998,748.38977,748.38977,5043
2026-06-22 12:51,748.57001,748.65503,748.5,748.65002,3724
2026-06-22 12:52,748.60999,748.67212,748.46008,748.54749,1896
2026-06-22 12:53,748.34998,748.55499,748.34003,748.55499,4315
2026-06-22 12:54,748.47998,748.58002,748.38,748.38,3078
2026-06-22 12:55,748.40002,748.66998,748.40002,748.55499,4836
2026-06-22 12:56,748.40503,748.44,748.28003,748.435,4725
2026-06-22 12:57,748.25,748.35999,748.14001,748.35999,2523
2026-06-22 12:58,748.47998,748.79999,748.22998,748.27002,24504
2026-06-22 12:59,748.39001,748.53003,748.34998,748.48499,4490
2026-06-22 13:00,748.41998,748.5,748.28998,748.5,1640
2026-06-22 13:01,748.29999,748.39001,748.25,748.37,3708
2026-06-22 13:02,748.21002,748.24707,748.12,748.24707,3621
2026-06-22 13:03,748.44678,748.45502,748.23999,748.23999,2645
2026-06-22 13:04,748.35999,748.45001,748.34998,748.44,2228
2026-06-22 13:05,747.90002,748.30499,747.90002,748.27002,2278
2026-06-22 13:06,747.58002,747.87,747.5,747.87,3415
2026-06-22 13:07,747.59003,747.67499,747.41998,747.66498,4924
2026-06-22 13:08,747.62,747.71002,747.59497,747.64001,2786
2026-06-22 13:09,747.70001,747.83002,747.64899,747.64899,2396
2026-06-22 13:10,747.78003,747.91998,747.65002,747.70502,11183
2026-06-22 13:11,747.79999,747.87,747.73999,747.73999,1329
2026-06-22 13:12,747.96002,747.96002,747.82159,747.84003,5309
2026-06-22 13:13,748.02502,748.04993,747.87012,748.02002,2550
2026-06-22 13:14,748.05499,748.05499,747.83002,748.0,3693
2026-06-22 13:15,748.44983,748.49988,748.09003,748.09003,3677
2026-06-22 13:16,748.34003,748.40002,748.21997,748.38,3521
2026-06-22 13:17,748.16998,748.27002,748.10999,748.245,2525
2026-06-22 13:18,748.44,748.44501,748.255,748.27002,3589
2026-06-22 13:19,748.51001,748.53998,748.34998,748.34998,4033
2026-06-22 13:20,748.48999,748.71997,748.48999,748.51001,7668
2026-06-22 13:21,748.34003,748.53003,748.29999,748.46002,1854
2026-06-22 13:22,748.21997,748.40503,748.20001,748.35999,13972
2026-06-22 13:23,748.34998,748.44,748.19012,748.22009,2422
2026-06-22 13:24,748.36499,748.48499,748.33002,748.37,4207
2026-06-22 13:25,748.21997,748.35999,748.17548,748.35999,7398
2026-06-22 13:26,748.36499,748.36499,748.14502,748.22998,4245
2026-06-22 13:27,748.28998,748.45001,748.26001,748.37415,5914
2026-06-22 13:28,748.38,748.46002,748.21997,748.28998,5360
2026-06-22 13:29,748.20001,748.31927,748.20001,748.28998,3585
2026-06-22 13:30,748.21002,748.25,748.07501,748.185,4936
2026-06-22 13:31,748.16998,748.27002,748.15002,748.26001,3834
2026-06-22 13:32,747.96997,748.16498,747.87,748.15997,4154
2026-06-22 13:33,747.78998,747.96997,747.77002,747.91998,9282
2026-06-22 13:34,747.90002,747.98999,747.78998,747.84003,10593
2026-06-22 13:35,747.755,747.90002,747.70001,747.90002,13838
2026-06-22 13:36,747.48999,747.75,747.44,747.75,4805
2026-06-22 13:37,747.77002,747.77502,747.48999,747.52502,16006
2026-06-22 13:38,747.84003,747.92999,747.73999,747.77924,7721
2026-06-22 13:39,747.92499,747.92499,747.75,747.85999,5444
2026-06-22 13:40,747.79999,748.03497,747.72998,747.96997,4748
2026-06-22 13:41,747.81,747.90997,747.81,747.82001,42039
2026-06-22 13:42,747.80499,747.92999,747.7879,747.85999,2855
2026-06-22 13:43,747.78003,747.85999,747.72998,747.78003,7192
2026-06-22 13:44,747.79498,747.87,747.78003,747.79498,4903
2026-06-22 13:45,747.82532,747.84003,747.69,747.82001,7469
2026-06-22 13:46,747.95001,747.95001,747.73999,747.90002,5401
2026-06-22 13:47,748.0,748.09003,747.96997,748.0,8578
2026-06-22 13:48,748.10999,748.22998,748.0,748.0,8978
2026-06-22 13:49,748.22998,748.31,748.06,748.09998,5297
2026-06-22 13:50,748.28003,748.34003,748.22998,748.22998,3257
2026-06-22 13:51,748.20001,748.33002,748.13,748.32001,2545
2026-06-22 13:52,748.46997,748.46997,748.15002,748.19,4135
2026-06-22 13:53,748.57001,748.59003,748.45001,748.46997,4207
2026-06-22 13:54,748.65002,748.77502,748.57001,748.57001,4016
2026-06-22 13:55,748.51001,748.65997,748.48999,748.65997,3568
2026-06-22 13:56,748.64502,748.65002,748.53998,748.55499,6843
2026-06-22 13:57,748.53998,748.66498,748.39001,748.65503,4723
2026-06-22 13:58,748.41998,748.48999,748.28998,748.48999,6245
2026-06-22 13:59,748.14001,748.41998,748.12,748.41498,4201
2026-06-22 14:00,748.23999,748.25989,748.11499,748.15002,6245
2026-06-22 14:01,748.05499,748.29999,748.03998,748.21997,4307
2026-06-22 14:02,747.97998,748.15997,747.96997,748.02002,6432
2026-06-22 14:03,747.76001,748.01001,747.75,748.0,3346
2026-06-22 14:04,747.95001,747.96008,747.73999,747.73999,4896
2026-06-22 14:05,747.96002,748.073,747.96002,747.96997,4557
2026-06-22 14:06,748.20001,748.24292,747.91998,747.98999,9986
2026-06-22 14:07,748.21503,748.25,748.15997,748.21997,5813
2026-06-22 14:08,748.27002,748.31,748.21002,748.22998,5900
2026-06-22 14:09,748.37732,748.37732,748.21002,748.29999,3869
2026-06-22 14:10,748.47998,748.47998,748.39001,748.39001,6558
2026-06-22 14:11,748.20001,748.5,748.17999,748.47998,3085
2026-06-22 14:12,748.29498,748.33002,748.15002,748.16998,4023
2026-06-22 14:13,748.39001,748.40997,748.27502,748.28998,3652
2026-06-22 14:14,748.40997,748.45502,748.38,748.435,9242
2026-06-22 14:15,748.49359,748.57001,748.47998,748.54999,3026
2026-06-22 14:16,748.63,748.70001,748.46997,748.46997,5880
2026-06-22 14:17,748.57703,748.67499,748.53003,748.625,8731
2026-06-22 14:18,748.71997,748.72656,748.54999,748.61499,5315
2026-06-22 14:19,748.65997,748.77002,748.62,748.69,5845
2026-06-22 14:20,749.09003,749.15002,748.66998,748.66998,6611
2026-06-22 14:21,749.0,749.15503,748.98999,749.08081,5513
2026-06-22 14:22,748.88,749.02991,748.65997,749.0,8038
2026-06-22 14:23,748.84003,748.88,748.76001,748.84998,4687
2026-06-22 14:24,748.83002,748.92999,748.78998,748.83002,7717
2026-06-22 14:25,748.72998,748.89001,748.65997,748.80737,3159
2026-06-22 14:26,748.45001,748.7699,748.38,748.74298,3699
2026-06-22 14:27,748.52002,748.57001,748.34998,748.46002,10844
2026-06-22 14:28,748.46002,748.54993,748.41498,748.54993,7581
2026-06-22 14:29,748.565,748.59003,748.39001,748.42999,12791
2026-06-22 14:30,748.84998,748.88,748.59003,748.59003,5493
2026-06-22 14:31,748.84497,748.96002,748.79999,748.83002,5604
2026-06-22 14:32,748.62,748.91913,748.40997,748.83002,15030
2026-06-22 14:33,748.47498,748.72992,748.46753,748.65997,5694
2026-06-22 14:34,748.45001,748.53003,748.38,748.48499,6536
2026-06-22 14:35,748.46503,748.52899,748.40997,748.47729,5630
2026-06-22 14:36,748.59998,748.6283,748.44,748.46997,40009
2026-06-22 14:37,748.51001,748.64752,748.46002,748.54999,3558
2026-06-22 14:38,748.47498,748.63,748.46997,748.52002,6023
2026-06-22 14:39,748.34998,748.54999,748.34998,748.49988,5401
2026-06-22 14:40,748.3183,748.46002,748.29498,748.35999,4805
2026-06-22 14:41,748.31,748.37,748.16998,748.30499,7409
2026-06-22 14:42,748.28998,748.37,748.21997,748.34998,8111
2026-06-22 14:43,748.17999,748.29999,748.15997,748.28497,3361
2026-06-22 14:44,747.92999,748.16998,747.90997,748.16998,4703
2026-06-22 14:45,748.08002,748.11279,747.85999,747.95001,3524
2026-06-22 14:46,748.02002,748.09998,747.96997,748.03003,4795
2026-06-22 14:47,748.20502,748.2226,747.98999,748.0,5545
2026-06-22 14:48,748.125,748.19,748.06,748.19,6219
2026-06-22 14:49,748.21002,748.2677,748.10999,748.12,6459
2026-06-22 14:50,748.0,748.27002,748.0,748.27002,3546
2026-06-22 14:51,747.84003,747.99011,747.81,747.99011,5667
2026-06-22 14:52,747.32501,747.84497,747.32501,747.84497,3497
2026-06-22 14:53,747.40997,747.48499,747.20502,747.40997,7959
2026-06-22 14:54,747.46002,747.46002,747.23999,747.40002,2975
2026-06-22 14:55,747.32001,747.48999,747.32001,747.48999,3961
2026-06-22 14:56,747.38,747.42499,747.21997,747.34991,5694
2026-06-22 14:57,747.21997,747.40997,747.21997,747.32001,3226
2026-06-22 14:58,747.10999,747.27502,747.09998,747.22998,4210
2026-06-22 14:59,747.09003,747.25,747.03003,747.16998,4750
2026-06-22 15:00,747.13,747.21997,747.10999,747.15997,3473
2026-06-22 15:01,747.29999,747.35999,747.10999,747.13,2832
2026-06-22 15:02,747.62,747.62,747.34998,747.42999,4124
2026-06-22 15:03,747.64001,747.81,747.625,747.65002,5188
2026-06-22 15:04,747.53998,747.65002,747.46002,747.65002,6297
2026-06-22 15:05,747.34003,747.57001,747.26001,747.52002,5299
2026-06-22 15:06,747.34253,747.40002,747.21997,747.39001,5059
2026-06-22 15:07,746.92999,747.34149,746.91443,747.34149,4613
2026-06-22 15:08,747.00153,747.03009,746.71997,746.95001,3624
2026-06-22 15:09,747.09003,747.22998,747.0,747.0,3437
2026-06-22 15:10,746.94,747.19989,746.94,747.13098,3752
2026-06-22 15:11,747.30499,747.41998,746.97498,746.97498,6019
2026-06-22 15:12,747.32001,747.51001,747.26001,747.28003,5613
2026-06-22 15:13,747.27502,747.38,747.23999,747.35999,4355
2026-06-22 15:14,747.32501,747.45398,747.21002,747.32001,19708
2026-06-22 15:15,747.27002,747.40997,747.17999,747.34998,5365
2026-06-22 15:16,747.3316,747.39502,747.26001,747.32001,5770
2026-06-22 15:17,747.38,747.42999,747.23999,747.31012,6308
2026-06-22 15:18,747.43951,747.46002,747.34998,747.42987,10616
2026-06-22 15:19,747.48999,747.58002,747.44,747.48499,7871
2026-06-22 15:20,747.40002,747.59998,747.40002,747.54999,6410
2026-06-22 15:21,747.15997,747.40002,747.09003,747.35999,7270
2026-06-22 15:22,747.09998,747.21149,747.09998,747.18512,8072
2026-06-22 15:23,747.16998,747.22498,747.07001,747.15997,5118
2026-06-22 15:24,747.07013,747.22998,747.07013,747.22998,7134
2026-06-22 15:25,747.02502,747.21997,747.0,747.14502,6665
2026-06-22 15:26,746.98999,747.11407,746.90997,747.04999,4324
2026-06-22 15:27,746.97998,747.08502,746.88,746.96002,8779
2026-06-22 15:28,746.96997,747.08002,746.94,746.95001,3078
2026-06-22 15:29,746.84998,747.03003,746.84998,746.96997,4914
2026-06-22 15:30,747.02002,747.03998,746.87,746.90002,6865
2026-06-22 15:31,747.03998,747.10999,747.01001,747.07568,4232
2026-06-22 15:32,747.34003,747.39001,747.02002,747.06,7968
2026-06-22 15:33,747.26001,747.35999,747.23999,747.29999,7436
2026-06-22 15:34,747.15991,747.245,747.10999,747.245,5822
2026-06-22 15:35,747.02002,747.19501,747.02002,747.16998,6586
2026-06-22 15:36,746.97998,747.13989,746.91998,747.065,5785
2026-06-22 15:37,747.0,747.14001,746.95001,746.95001,6093
2026-06-22 15:38,747.03998,747.15002,746.90503,747.02197,7360
2026-06-22 15:39,747.00989,747.13,746.97998,747.07001,4459
2026-06-22 15:40,747.01001,747.04999,746.85999,746.96002,4101
2026-06-22 15:41,746.84003,747.06,746.83002,747.00897,6306
2026-06-22 15:42,746.67999,746.97998,746.67999,746.84998,9125
2026-06-22 15:43,746.71002,746.85999,746.63,746.73499,7590
2026-06-22 15:44,746.65997,746.73462,746.58002,746.72369,6791
2026-06-22 15:45,746.72998,746.90997,746.6416,746.78497,16655
2026-06-22 15:46,746.94,746.97498,746.69,746.72498,9147
2026-06-22 15:47,747.10498,747.21503,746.91998,746.935,121973
2026-06-22 15:48,746.99139,747.08502,746.89001,747.07001,10274
2026-06-22 15:49,747.21008,747.24988,746.94,746.94,5667
2026-06-22 15:50,748.09998,748.21002,747.04999,747.21002,13931
2026-06-22 15:51,748.03998,748.10999,747.81,748.07001,7717
2026-06-22 15:52,747.91998,748.09497,747.78003,748.04498,7698
2026-06-22 15:53,748.07001,748.09003,747.81,747.85999,26881
2026-06-22 15:54,748.03998,748.14001,747.88,748.10999,19413
2026-06-22 15:55,747.78003,748.26001,747.73999,748.13,28161
2026-06-22 15:56,747.53998,747.77002,747.48999,747.77002,17260
2026-06-22 15:57,747.70001,747.84003,747.56,747.58002,11731
2026-06-22 15:58,747.67999,747.81,747.57001,747.69,20393
2026-06-22 15:59,747.78003,748.22998,747.41998,747.75,68649
2026-06-23 09:30,736.09497,737.20001,735.88,737.15002,210958
2026-06-23 09:31,737.05499,737.05499,735.75,736.12,10368
2026-06-23 09:32,737.13,737.59998,736.91748,737.06989,11990
2026-06-23 09:33,736.72998,737.20502,736.39001,737.20502,11941
2026-06-23 09:34,737.25,737.28003,736.62,736.72498,9752
2026-06-23 09:35,736.15997,737.25,736.15997,737.25,56656
2026-06-23 09:36,735.76501,736.44,735.76501,736.28998,6265
2026-06-23 09:37,736.38,736.66998,735.89001,735.89001,6479
2026-06-23 09:38,737.22498,737.36499,736.26001,736.40997,5078
2026-06-23 09:39,737.79999,737.97998,737.28003,737.28003,16741
2026-06-23 09:40,738.08002,738.16998,737.23999,737.745,17920
2026-06-23 09:41,738.06,738.14001,737.84998,738.08502,28072
2026-06-23 09:42,738.65601,738.70502,737.75,737.94501,13969
2026-06-23 09:43,738.08002,738.76501,738.08002,738.65997,38390
2026-06-23 09:44,738.40002,738.44,738.10999,738.10999,13942
2026-06-23 09:45,738.69,738.96002,737.89001,738.21997,12719
2026-06-23 09:46,738.57001,738.72998,738.30499,738.64001,3896
2026-06-23 09:47,739.33002,739.5,738.57001,738.64001,15459
2026-06-23 09:48,740.09003,740.12,739.5,739.5,35047
2026-06-23 09:49,739.76001,740.36499,739.67999,740.03998,8838
2026-06-23 09:50,740.22998,740.41998,739.81,739.81,11431
2026-06-23 09:51,740.28998,740.30499,740.01501,740.21002,2529
2026-06-23 09:52,740.32001,740.35999,740.02002,740.21002,2963
2026-06-23 09:53,740.29999,740.53998,740.15002,740.44501,4421
2026-06-23 09:54,740.01501,740.41998,740.01001,740.38,2712
2026-06-23 09:55,739.78003,740.02002,739.72998,739.94501,5966
2026-06-23 09:56,739.92999,739.92999,739.65002,739.81,12608
2026-06-23 09:57,740.33002,740.42999,739.84003,739.84998,6878
2026-06-23 09:58,740.29999,740.47998,740.28003,740.28003,2196
2026-06-23 09:59,740.5199,740.60498,740.19,740.20001,4003
2026-06-23 10:00,740.92999,740.92999,740.46997,740.57001,23867
2026-06-23 10:01,741.38,741.42999,740.90997,740.90997,45187
2026-06-23 10:02,741.34003,741.78998,741.12,741.32001,22503
2026-06-23 10:03,741.19,741.46997,741.10999,741.34003,17612
2026-06-23 10:04,741.44,741.67999,741.32001,741.32001,32565
2026-06-23 10:05,741.32001,741.48999,741.27002,741.46997,15489
2026-06-23 10:06,741.47998,741.52002,741.28003,741.31,17204
2026-06-23 10:07,741.34998,741.76001,741.31,741.51001,27791
2026-06-23 10:08,741.12,741.35999,741.06848,741.34003,9109
2026-06-23 10:09,741.78003,741.95001,741.10498,741.16998,11494
2026-06-23 10:10,741.73999,742.42999,741.73999,741.79999,10271
2026-06-23 10:11,741.66998,741.85999,741.59998,741.76001,17464
2026-06-23 10:12,742.19,742.26001,741.65997,741.69,22671
2026-06-23 10:13,742.28003,742.33002,742.15002,742.19,5539
2026-06-23 10:14,742.34003,742.40002,742.23999,742.34003,7093
2026-06-23 10:15,742.13,742.22998,742.02002,742.21002,2629
2026-06-23 10:16,742.47998,742.5,742.04657,742.05499,3079
2026-06-23 10:17,742.09998,742.52002,742.09998,742.52002,2630
2026-06-23 10:18,742.39001,742.39001,742.09998,742.13501,1840
2026-06-23 10:19,742.59003,742.68988,742.10999,742.35498,2152
2026-06-23 10:20,742.65997,743.02002,742.53998,742.59003,16517
2026-06-23 10:21,742.32037,742.66998,742.25,742.66998,9005
2026-06-23 10:22,741.95001,742.41998,741.95001,742.41998,11136
2026-06-23 10:23,742.72498,742.78992,741.96997,741.97998,14358
2026-06-23 10:24,742.28003,742.58002,742.20502,742.58002,15824
2026-06-23 10:25,742.15997,742.35999,742.03998,742.26001,46338
2026-06-23 10:26,741.89001,742.06,741.64001,742.06,12067
2026-06-23 10:27,741.70001,742.31,741.69,742.01501,6033
2026-06-23 10:28,742.09003,742.14502,741.59003,741.73999,9243
2026-06-23 10:29,742.33002,742.41998,741.90997,742.03497,6984
2026-06-23 10:30,741.85999,742.53003,741.85999,742.33002,15252
2026-06-23 10:31,741.42999,741.96002,741.42999,741.92999,198329
2026-06-23 10:32,741.32001,741.40002,741.21997,741.30499,226745
2026-06-23 10:33,741.64001,741.96002,741.41998,741.41998,22887
2026-06-23 10:34,741.59003,741.77002,741.58002,741.64001,11878
2026-06-23 10:35,741.44,741.59003,741.19,741.59003,7244
2026-06-23 10:36,742.08002,742.185,741.40997,741.40997,3421
2026-06-23 10:37,742.08002,742.10999,741.85999,742.03003,6531
2026-06-23 10:38,741.31,742.04498,741.29999,742.04498,1798
2026-06-23 10:39,741.03998,741.42999,741.01001,741.40002,3535
2026-06-23 10:40,740.94501,741.28003,740.65997,741.09998,7010
2026-06-23 10:41,740.98999,740.98999,740.71002,740.875,4016
2026-06-23 10:42,741.20001,741.39001,740.73877,740.84003,4981
2026-06-23 10:43,741.34998,741.51001,741.09998,741.24261,3177
2026-06-23 10:44,740.75,741.39001,740.69,741.34003,2762
2026-06-23 10:45,740.53003,740.96002,740.5,740.83209,5142
2026-06-23 10:46,740.40997,740.84998,740.40997,740.53998,5299
2026-06-23 10:47,740.20001,740.38,740.15002,740.34998,6859
2026-06-23 10:48,740.76001,740.79999,740.16998,740.22498,5959
2026-06-23 10:49,740.625,740.8399,740.53998,740.79999,4239
2026-06-23 10:50,740.92499,740.96997,740.37,740.71997,4671
2026-06-23 10:51,741.12,741.31,741.03003,741.16998,26862
2026-06-23 10:52,740.83502,741.09998,740.83502,740.92999,1893
2026-06-23 10:53,740.40997,740.755,740.34003,740.75,20346
2026-06-23 10:54,740.56,740.56,740.20001,740.51001,2669
2026-06-23 10:55,740.17999,740.72498,740.0,740.71002,6954
2026-06-23 10:56,740.15997,740.46002,740.03998,740.26001,5240
2026-06-23 10:57,740.51001,740.54999,739.995,740.03998,6539
2026-06-23 10:58,740.14001,740.46002,739.96002,740.435,4750
2026-06-23 10:59,740.35999,740.35999,740.15002,740.16998,7958
2026-06-23 11:00,740.42999,740.591,740.14001,740.46997,7150
2026-06-23 11:01,740.40002,740.77002,740.38,740.495,4809
2026-06-23 11:02,740.15997,740.56317,740.10999,740.38,4743
2026-06-23 11:03,739.98999,740.28003,739.84998,740.21997,3859
2026-06-23 11:04,739.96997,740.01001,739.83002,739.97998,3830
2026-06-23 11:05,739.51172,740.09003,739.48999,739.87,3239
2026-06-23 11:06,739.29999,739.53998,739.29999,739.5,6063
2026-06-23 11:07,739.39001,739.39001,739.04999,739.34003,9280
2026-06-23 11:08,739.19,739.39001,739.10498,739.39001,3835
2026-06-23 11:09,739.35498,739.41998,739.15503,739.28497,9537
2026-06-23 11:10,739.29999,739.56,739.08002,739.38,3887
2026-06-23 11:11,739.38,739.44,739.27002,739.28003,2212
2026-06-23 11:12,739.65002,739.65002,739.20001,739.46002,2047
2026-06-23 11:13,739.37,739.58002,739.28998,739.56,3884
2026-06-23 11:14,739.52618,739.52618,739.28003,739.34998,33422
2026-06-23 11:15,739.31873,739.63,739.28998,739.48499,2499
2026-06-23 11:16,739.15002,739.32001,739.02002,739.28003,10263
2026-06-23 11:17,738.92999,739.15997,738.85999,739.12,1989
2026-06-23 11:18,738.60498,738.91998,738.59003,738.91998,3692
2026-06-23 11:19,738.60999,738.73999,738.54999,738.60999,3283
2026-06-23 11:20,738.81,738.92999,738.59003,738.62,18533
2026-06-23 11:21,738.39001,738.78998,738.38501,738.78003,15088
2026-06-23 11:22,738.375,738.505,738.32001,738.39001,5434
2026-06-23 11:23,738.31,738.5,738.25,738.33002,4523
2026-06-23 11:24,737.98999,738.26001,737.96002,738.245,4529
2026-06-23 11:25,737.90002,738.0,737.65997,737.97998,3594
2026-06-23 11:26,738.19,738.21002,737.97998,737.98999,3724
2026-06-23 11:27,738.0,738.20001,737.90509,738.15997,6187
2026-06-23 11:28,737.815,738.0,737.76001,738.0,3153
2026-06-23 11:29,737.94501,738.12,737.82001,737.82001,2906
2026-06-23 11:30,738.29498,738.29498,737.84003,737.94,2634
2026-06-23 11:31,738.53003,738.53003,738.27002,738.33002,4216
2026-06-23 11:32,738.38409,738.59998,738.32001,738.53003,3666
2026-06-23 11:33,738.54498,738.69989,738.41998,738.41998,4434
2026-06-23 11:34,738.35999,738.625,738.22998,738.51001,6966
2026-06-23 11:35,738.83502,738.89001,738.29999,738.34998,4989
2026-06-23 11:36,738.59998,738.82501,738.59998,738.66998,6972
2026-06-23 11:37,738.22998,738.56989,738.22998,738.56989,5387
2026-06-23 11:38,737.90997,738.3299,737.76501,738.29999,8731
2026-06-23 11:39,737.85999,738.04999,737.79999,737.95001,3299
2026-06-23 11:40,737.78998,738.06,737.59998,738.03998,3952
2026-06-23 11:41,738.16998,738.21002,737.84497,737.875,6791
2026-06-23 11:42,738.2699,738.2699,738.07001,738.12,4471
2026-06-23 11:43,738.38,738.45001,738.21002,738.23999,7488
2026-06-23 11:44,738.34998,738.54999,738.33002,738.51007,2905
2026-06-23 11:45,738.40997,738.59003,738.21002,738.46997,2696
2026-06-23 11:46,738.34998,738.46002,738.28003,738.40997,3351
2026-06-23 11:47,738.40997,738.54248,738.33002,738.40997,7176
2026-06-23 11:48,738.78003,738.89001,738.3656,738.37,5566
2026-06-23 11:49,738.40997,738.84998,738.40997,738.73999,2617
2026-06-23 11:50,738.69,738.755,738.31,738.42999,2900
2026-06-23 11:51,739.12,739.17499,738.71002,738.7525,4103
2026-06-23 11:52,739.25,739.29999,739.05499,739.09998,2403
2026-06-23 11:53,739.31012,739.59003,739.27002,739.28998,3960
2026-06-23 11:54,739.22998,739.62,739.22998,739.31,4178
2026-06-23 11:55,738.995,739.21997,738.745,739.21997,17333
2026-06-23 11:56,739.14001,739.16998,738.79181,739.0,2138
2026-06-23 11:57,739.42999,739.52002,739.01001,739.16998,2798
2026-06-23 11:58,739.27002,739.5,739.27002,739.44,3615
2026-06-23 11:59,739.40002,739.40002,739.12,739.28998,3886
2026-06-23 12:00,739.69,739.71002,739.34003,739.40002,5785
2026-06-23 12:01,739.95502,740.09497,739.84497,739.84497,4163
2026-06-23 12:02,739.88989,740.10999,739.82001,739.96997,8924
2026-06-23 12:03,739.97998,740.08002,739.83002,739.83002,5169
2026-06-23 12:04,740.06,740.13,739.89001,740.01001,3557
2026-06-23 12:05,740.40997,740.54999,740.07001,740.07001,17455
2026-06-23 12:06,740.34003,740.40002,740.08002,740.29999,5438
2026-06-23 12:07,740.10999,740.33002,740.07001,740.33002,3904
2026-06-23 12:08,740.28998,740.31,740.0,740.06,10427
2026-06-23 12:09,740.59003,740.64001,740.27002,740.29999,12228
2026-06-23 12:10,740.82001,740.90002,740.65002,740.65002,4766
2026-06-23 12:11,740.94,741.03497,740.76001,740.76001,5903
2026-06-23 12:12,740.90002,741.07001,740.88,740.90002,4163
2026-06-23 12:13,740.69,740.98499,740.69,740.96002,3767
2026-06-23 12:14,740.89001,740.96997,740.60999,740.65002,16923
2026-06-23 12:15,740.83002,741.03998,740.76001,740.89001,21148
2026-06-23 12:16,740.59998,740.78998,740.54999,740.78998,1492
2026-06-23 12:17,740.48999,740.66998,740.48999,740.66998,6923
2026-06-23 12:18,740.56,740.68988,740.45001,740.51001,8042
2026-06-23 12:19,740.45001,740.65997,740.38,740.57001,6042
2026-06-23 12:20,740.04999,740.34998,740.03003,740.34998,34019
2026-06-23 12:21,740.35101,740.35992,740.065,740.065,7323
2026-06-23 12:22,740.55499,740.55499,740.31,740.31,3675
2026-06-23 12:23,740.78003,740.78003,740.62,740.65997,1769
2026-06-23 12:24,740.75,740.84497,740.73999,740.77002,31791
2026-06-23 12:25,740.70001,740.90002,740.69,740.70001,11271
2026-06-23 12:26,740.65997,740.70502,740.56,740.65002,8047
2026-06-23 12:27,740.79498,740.79999,740.47998,740.57001,7076
2026-06-23 12:28,740.84998,740.96991,740.78003,740.78003,2983
2026-06-23 12:29,740.81,740.94,740.75,740.78003,8682
2026-06-23 12:30,740.63501,740.85999,740.60999,740.78998,9008
2026-06-23 12:31,740.78998,740.8299,740.36499,740.59998,12273
2026-06-23 12:32,740.75,740.78003,740.57001,740.77002,3431
2026-06-23 12:33,740.64001,740.79999,740.60498,740.65997,2977
2026-06-23 12:34,740.52502,740.65002,740.46002,740.57001,4764
2026-06-23 12:35,740.40002,740.70001,740.40002,740.53998,4213
2026-06-23 12:36,740.78003,740.83002,740.47998,740.47998,11205
2026-06-23 12:37,740.78003,740.83002,740.63,740.745,4623
2026-06-23 12:38,740.70001,740.83002,740.68011,740.75,5467
2026-06-23 12:39,740.94,740.96002,740.71002,740.71002,6207
2026-06-23 12:40,741.15997,741.19,740.91998,740.91998,7683
2026-06-23 12:41,741.28998,741.39001,741.13,741.19,9185
2026-06-23 12:42,741.15997,741.30511,741.08002,741.28998,8272
2026-06-23 12:43,741.03003,741.21002,741.03003,741.15997,9564
2026-06-23 12:44,741.26001,741.29999,741.03003,741.03003,5562
2026-06-23 12:45,741.07501,741.33002,741.03998,741.28998,5831
2026-06-23 12:46,740.97998,741.13,740.97998,741.03003,3156
2026-06-23 12:47,740.70001,741.01001,740.67999,741.01001,3698
2026-06-23 12:48,740.62,740.89209,740.57001,740.685,5643
2026-06-23 12:49,740.78003,740.78003,740.56,740.58002,4969
2026-06-23 12:50,740.53998,740.81,740.44,740.76001,7038
2026-06-23 12:51,740.5199,740.6275,740.40002,740.6275,2189
2026-06-23 12:52,740.59003,740.76001,740.41498,740.48999,5762
2026-06-23 12:53,740.72198,740.78003,740.5,740.5,3863
2026-06-23 12:54,740.73999,740.78998,740.66998,740.66998,1988
2026-06-23 12:55,740.56,740.92999,740.56,740.84497,5495
2026-06-23 12:56,740.48999,740.85999,740.48999,740.71997,3608
2026-06-23 12:57,740.60498,740.61987,740.42999,740.44,4665
2026-06-23 12:58,740.78003,740.81,740.5,740.57001,5712
2026-06-23 12:59,740.87,741.03998,740.75,740.75,8322
2026-06-23 13:00,740.58002,740.87,740.51001,740.84998,1872
2026-06-23 13:01,740.57001,740.69,740.48053,740.59998,3671
2026-06-23 13:02,740.28497,740.62988,740.16998,740.53998,6531
2026-06-23 13:03,740.15997,740.315,740.13,740.26001,7679
2026-06-23 13:04,740.12,740.21997,740.04999,740.14001,14672
2026-06-23 13:05,740.03998,740.31,739.96002,740.21997,33045
2026-06-23 13:06,740.15997,740.17999,740.02002,740.02002,11291
2026-06-23 13:07,740.09003,740.29999,740.09003,740.10999,8328
2026-06-23 13:08,740.13,740.21002,739.96002,740.10999,4384
2026-06-23 13:09,740.37,740.39001,740.08002,740.15997,10281
2026-06-23 13:10,740.60999,740.67999,740.33002,740.33002,4775
2026-06-23 13:11,741.01001,741.13,740.59998,740.60999,4026
2026-06-23 13:12,740.96002,741.10999,740.90009,740.98999,4868
2026-06-23 13:13,740.92999,741.07001,740.89502,740.96997,6161
2026-06-23 13:14,740.76001,741.03998,740.73999,740.96002,7981
2026-06-23 13:15,740.89001,740.90997,740.76001,740.79999,4961
2026-06-23 13:16,740.84998,740.97998,740.70001,740.84003,4465
2026-06-23 13:17,740.40002,740.84998,740.37,740.84998,13581
2026-06-23 13:18,740.65002,740.71301,740.37,740.42999,11146
2026-06-23 13:19,740.54999,740.65002,740.41998,740.64502,8686
2026-06-23 13:20,740.70001,740.70001,740.48999,740.54883,7694
2026-06-23 13:21,741.08002,741.14502,740.70001,740.72998,9608
2026-06-23 13:22,741.06,741.16998,740.95001,740.98999,3885
2026-06-23 13:23,741.185,741.22717,741.01001,741.07001,4631
2026-06-23 13:24,741.28998,741.46002,741.16998,741.16998,8344
2026-06-23 13:25,741.04999,741.34991,740.93011,741.28998,10232
2026-06-23 13:26,741.10999,741.14001,740.90002,741.09998,2468
2026-06-23 13:27,741.14001,741.20001,741.09003,741.12,2926
2026-06-23 13:28,741.20001,741.26001,741.10999,741.10999,3334
2026-06-23 13:29,741.0,741.23999,740.92999,741.19,2490
2026-06-23 13:30,740.77802,741.02002,740.66998,740.96997,9734
2026-06-23 13:31,740.78998,740.82001,740.57001,740.79999,8881
2026-06-23 13:32,740.84003,740.85999,740.65002,740.745,3679
2026-06-23 13:33,740.995,741.08893,740.85999,740.88,11091
2026-06-23 13:34,741.15002,741.15002,740.7829,740.96002,4984
2026-06-23 13:35,741.40002,741.40002,741.15002,741.15002,4131
2026-06-23 13:36,741.26001,741.47992,741.22998,741.40002,4612
2026-06-23 13:37,741.15991,741.35999,741.08002,741.27002,12350
2026-06-23 13:38,741.06,741.14001,741.0,741.14001,2549
2026-06-23 13:39,740.96997,741.06,740.91998,741.03998,2026
2026-06-23 13:40,740.90002,741.09003,740.90002,741.03003,4527
2026-06-23 13:41,740.70001,740.90002,740.69,740.90002,3421
2026-06-23 13:42,740.67999,740.70001,740.51501,740.63,3557
2026-06-23 13:43,740.59003,740.75,740.59003,740.64001,5785
2026-06-23 13:44,740.60498,740.69,740.51001,740.65002,6423
2026-06-23 13:45,740.78003,740.81,740.48999,740.57001,6793
2026-06-23 13:46,740.59998,740.86499,740.54999,740.78003,6870
2026-06-23 13:47,740.62,740.633,740.5,740.59998,4503
2026-06-23 13:48,740.62,740.69,740.54999,740.60999,3806
2026-06-23 13:49,740.71002,740.87,740.65002,740.66998,8594
2026-06-23 13:50,740.40649,740.63,740.34998,740.62,4979
2026-06-23 13:51,740.33002,740.44,740.21997,740.37,12359
2026-06-23 13:52,740.25,740.29999,740.15997,740.28003,4922
2026-06-23 13:53,739.97998,740.25,739.92999,740.20001,5161
2026-06-23 13:54,739.52728,740.03003,739.46002,739.96997,7839
2026-06-23 13:55,739.39001,739.66998,739.21002,739.46002,8848
2026-06-23 13:56,739.28003,739.39001,739.22998,739.39001,3284
2026-06-23 13:57,739.21002,739.39001,739.15002,739.34998,3338
2026-06-23 13:58,739.28003,739.33002,739.17999,739.20001,13759
2026-06-23 13:59,739.20502,739.37,739.20502,739.22998,2625
2026-06-23 14:00,739.73999,739.73999,739.15002,739.19,1934
2026-06-23 14:01,739.88501,739.89001,739.69,739.72998,4540
2026-06-23 14:02,739.75,739.96997,739.75,739.85999,6581
2026-06-23 14:03,739.51001,739.71997,739.48999,739.71997,10173
2026-06-23 14:04,739.46997,739.64001,739.46002,739.63,32774
2026-06-23 14:05,739.42999,739.53003,739.34998,739.45502,2672
2026-06-23 14:06,739.43988,739.54999,739.38,739.46997,6031
2026-06-23 14:07,738.90997,739.34998,738.89069,739.34998,24748
2026-06-23 14:08,739.03003,739.03998,738.81,738.90002,4788
2026-06-23 14:09,739.17999,739.21002,739.06,739.06,2589
2026-06-23 14:10,739.23999,739.29999,739.12,739.27002,4888
2026-06-23 14:11,739.315,739.38501,739.21997,739.31,4246
2026-06-23 14:12,739.23999,739.41998,739.16998,739.33002,4663
2026-06-23 14:13,739.15002,739.27002,739.10999,739.19,6892
2026-06-23 14:14,739.21002,739.37,739.15997,739.15997,4099
2026-06-23 14:15,739.28003,739.41998,739.14001,739.14001,6896
2026-06-23 14:16,739.03003,739.40002,739.03003,739.29999,3171
2026-06-23 14:17,738.98999,739.08002,738.96997,739.03998,7141
2026-06-23 14:18,738.97998,739.04999,738.91998,738.95001,2644
2026-06-23 14:19,739.01001,739.03998,738.89001,738.90002,3403
2026-06-23 14:20,738.65997,739.0,738.64008,739.0,3143
2026-06-23 14:21,738.76001,738.82001,738.65002,738.65002,3775
2026-06-23 14:22,739.17999,739.21002,738.78998,738.82501,3100
2026-06-23 14:23,739.25488,739.25488,739.13013,739.16998,5411
2026-06-23 14:24,739.09998,739.22998,739.0,739.22998,1799
2026-06-23 14:25,738.9856,739.14001,738.87,739.14001,5873
2026-06-23 14:26,738.87,738.97729,738.84003,738.91998,5218
2026-06-23 14:27,738.84003,738.95001,738.82001,738.89001,3879
2026-06-23 14:28,738.84003,738.84998,738.73999,738.77002,9283
2026-06-23 14:29,738.77002,739.01001,738.77002,738.79999,3934
2026-06-23 14:30,738.71002,738.71991,738.63,738.69,4702
2026-06-23 14:31,738.73999,738.87,738.64001,738.64001,4711
2026-06-23 14:32,738.62,738.78998,738.57001,738.73999,3863
2026-06-23 14:33,738.54999,738.70001,738.51001,738.57001,2500
2026-06-23 14:34,738.54999,738.64001,738.51001,738.56,2614
2026-06-23 14:35,738.52002,738.70001,738.52002,738.57501,5481
2026-06-23 14:36,738.44,738.54999,738.40002,738.46997,7345
2026-06-23 14:37,738.35999,738.51001,738.34998,738.46002,4017
2026-06-23 14:38,738.33002,738.39502,738.32001,738.35999,5311
2026-06-23 14:39,738.29999,738.40997,738.26001,738.34003,5378
2026-06-23 14:40,737.78998,738.27002,737.78998,738.27002,11605
2026-06-23 14:41,738.03003,738.065,737.79999,737.79999,5073
2026-06-23 14:42,737.39001,738.02002,737.37,738.01001,9263
2026-06-23 14:43,737.16998,737.59003,737.16998,737.44,7004
2026-06-23 14:44,737.19,737.32001,737.15997,737.15997,5867
2026-06-23 14:45,737.0,737.28998,736.96997,737.21002,8961
2026-06-23 14:46,736.98999,737.14502,736.88,737.005,6875
2026-06-23 14:47,736.92999,737.13,736.88,736.96002,5429
2026-06-23 14:48,737.29999,737.40002,736.9101,736.9101,6187
2026-06-23 14:49,737.33002,737.35999,737.21002,737.31,8735
2026-06-23 14:50,737.76001,737.91998,737.34003,737.34998,10683
2026-06-23 14:51,737.53998,737.82001,737.52002,737.75,9083
2026-06-23 14:52,737.33002,737.59998,737.27002,737.5,10389
2026-06-23 14:53,736.89001,737.39001,736.84998,737.38,9426
2026-06-23 14:54,737.07001,737.10999,736.70001,736.84998,8919
2026-06-23 14:55,736.88,737.09003,736.75,737.03998,6461
2026-06-23 14:56,736.91998,737.02002,736.84998,736.90002,5353
2026-06-23 14:57,737.04999,737.13,736.85388,736.92499,9628
2026-06-23 14:58,737.40997,737.45001,736.96002,737.08002,7929
2026-06-23 14:59,737.39001,737.62,737.37,737.41998,8476
2026-06-23 15:00,737.46997,737.4845,737.15997,737.44,7325
2026-06-23 15:01,737.90997,737.95001,737.45001,737.45001,10097
2026-06-23 15:02,737.87,737.96991,737.75,737.90002,6113
2026-06-23 15:03,738.16998,738.19,737.84003,737.88,8330
2026-06-23 15:04,738.32001,738.40997,738.03998,738.14001,7419
2026-06-23 15:05,738.76007,739.0,738.32001,738.32001,8633
2026-06-23 15:06,738.20001,738.81,738.13,738.76001,4546
2026-06-23 15:07,737.94,738.27002,737.94,738.20001,6874
2026-06-23 15:08,737.65002,738.03003,737.62,738.03003,2765
2026-06-23 15:09,737.84998,737.85999,737.67999,737.67999,3453
2026-06-23 15:10,737.78998,737.90997,737.70001,737.82001,5754
2026-06-23 15:11,738.13,738.13,737.76129,737.78949,14497
2026-06-23 15:12,738.13,738.25,738.04999,738.13,8777
2026-06-23 15:13,737.75,738.13,737.54999,738.13,12830
2026-06-23 15:14,737.81,737.9491,737.76001,737.76001,4688
2026-06-23 15:15,737.76001,737.96997,737.72998,737.81,9772
2026-06-23 15:16,737.80969,737.96002,737.66998,737.82001,8646
2026-06-23 15:17,737.45001,737.75,737.41998,737.72998,7900
2026-06-23 15:18,737.34003,737.5,737.29999,737.44,3384
2026-06-23 15:19,737.21997,737.40002,737.19,737.32001,11774
2026-06-23 15:20,737.23999,737.51001,737.21002,737.21002,5943
2026-06-23 15:21,737.65009,737.69,737.17999,737.255,5455
2026-06-23 15:22,737.64001,737.84998,737.54999,737.62,6774
2026-06-23 15:23,738.41998,738.53998,737.57001,737.57001,8854
2026-06-23 15:24,738.21997,738.41528,738.21002,738.31012,9492
2026-06-23 15:25,738.28003,738.32501,738.04498,738.185,6654
2026-06-23 15:26,738.1701,738.69,738.1701,738.38,5992
2026-06-23 15:27,738.31,738.37,738.14001,738.22998,10643
2026-06-23 15:28,738.38,738.44,738.10999,738.29999,7978
2026-06-23 15:29,738.40002,738.53992,738.17999,738.20001,7227
2026-06-23 15:30,738.28467,738.62,738.20001,738.40997,14129
2026-06-23 15:31,738.13,738.36902,738.10999,738.33002,11919
2026-06-23 15:32,738.34943,738.34943,737.79999,738.01001,5697
2026-06-23 15:33,738.33002,738.46002,738.13,738.35999,8467
2026-06-23 15:34,738.53003,738.53387,738.28003,738.28003,5224
2026-06-23 15:35,738.5,738.55499,738.28497,738.42499,5307
2026-06-23 15:36,738.44,738.55499,738.40997,738.5,6764
2026-06-23 15:37,738.41998,738.58002,738.34998,738.40002,7041
2026-06-23 15:38,738.17987,738.56,738.14001,738.45001,7285
2026-06-23 15:39,738.03003,738.20001,738.01007,738.14001,4898
2026-06-23 15:40,737.97998,738.12988,737.95001,737.98999,6316
2026-06-23 15:41,737.85999,737.97498,737.7019,737.95837,18308
2026-06-23 15:42,737.64001,737.96198,737.64001,737.81012,7869
2026-06-23 15:43,737.65997,737.77002,737.5603,737.60999,10101
2026-06-23 15:44,737.89001,738.06,737.62,737.70001,8985
2026-06-23 15:45,737.92999,738.09998,737.87,737.88,4286
2026-06-23 15:46,737.90503,738.12,737.81,737.91998,9110
2026-06-23 15:47,737.66998,737.96002,737.63,737.90997,22131
2026-06-23 15:48,737.5,737.66998,737.34003,737.65997,7739
2026-06-23 15:49,738.01001,738.03998,737.44501,737.56,6439
2026-06-23 15:50,738.44989,738.47998,737.98999,738.06,13694
2026-06-23 15:51,738.15002,738.48499,737.98999,738.46997,6846
2026-06-23 15:52,738.25,738.40002,738.06,738.09003,8828
2026-06-23 15:53,738.26001,738.35999,737.94128,738.255,15969
2026-06-23 15:54,738.89001,738.92999,738.21997,738.28998,13232
2026-06-23 15:55,738.34998,738.85999,738.28003,738.85999,41507
2026-06-23 15:56,738.31,738.46997,738.16998,738.37,17034
2026-06-23 15:57,738.02002,738.28003,737.94,738.28003,26925
2026-06-23 15:58,737.92999,738.27002,737.90997,738.01001,48480
2026-06-23 15:59,737.13,738.21997,736.98999,737.96997,115026
2026-06-24 09:30,738.09003,738.65002,737.84003,738.56,110692
2026-06-24 09:31,737.76001,738.53998,737.75,738.16998,11804
2026-06-24 09:32,739.59998,739.94,738.03998,738.03998,36278
2026-06-24 09:33,740.20001,740.29901,739.64001,739.69,6634
2026-06-24 09:34,740.19,740.53998,740.07501,740.09998,4688
2026-06-24 09:35,740.48999,740.65997,740.03998,740.21997,3810
2026-06-24 09:36,739.71997,740.48999,739.65002,740.44501,3233
2026-06-24 09:37,740.56,740.56,739.82001,739.84998,4241
2026-06-24 09:38,740.31,740.63501,740.13501,740.435,3320
2026-06-24 09:39,739.85999,740.28497,739.71997,740.25,2379
2026-06-24 09:40,738.85999,739.92999,738.85999,739.92999,7484
2026-06-24 09:41,738.51001,739.07001,738.47998,739.07001,5753
2026-06-24 09:42,738.40198,738.95001,738.31,738.51001,7688
2026-06-24 09:43,738.65002,738.65002,738.15002,738.40997,6694
2026-06-24 09:44,739.21002,739.31,738.59998,738.60999,26603
2026-06-24 09:45,739.29999,739.62,738.88,739.21002,24627
2026-06-24 09:46,739.27002,739.5,738.58002,739.255,15121
2026-06-24 09:47,738.76001,739.32001,738.57001,739.32001,9214
2026-06-24 09:48,737.79999,738.83002,737.73499,738.80121,11492
2026-06-24 09:49,738.90997,739.12,737.73199,737.90997,27536
2026-06-24 09:50,740.10498,740.12,738.94,738.94,12207
2026-06-24 09:51,740.71997,740.75,739.95001,740.07001,8048
2026-06-24 09:52,740.79999,741.09003,740.60999,740.84003,4833
2026-06-24 09:53,740.88,741.03998,740.56,740.98999,3994
2026-06-24 09:54,740.82001,740.94,740.63501,740.8399,5674
2026-06-24 09:55,739.88,740.71002,739.70502,740.71002,6331
2026-06-24 09:56,739.77002,740.01501,739.54999,739.862,3247
2026-06-24 09:57,739.3988,740.07001,739.34998,739.83002,5138
2026-06-24 09:58,739.66998,739.66998,739.28003,739.45001,3505
2026-06-24 09:59,739.30792,739.78998,739.28003,739.78998,2791
2026-06-24 10:00,739.03998,739.58002,738.95001,739.45001,12256
2026-06-24 10:01,739.29999,739.46008,739.14001,739.19,3433
2026-06-24 10:02,739.35498,739.35498,738.77002,739.15997,2912
2026-06-24 10:03,738.71997,739.23999,738.71002,739.22998,4380
2026-06-24 10:04,738.91998,739.03998,738.67999,738.82898,87865
2026-06-24 10:05,739.48682,739.62,738.98999,739.03998,3956
2026-06-24 10:06,739.22998,739.72992,739.16827,739.72992,999
2026-06-24 10:07,739.37,739.71002,739.35498,739.435,5624
2026-06-24 10:08,738.91998,739.54993,738.78003,739.21399,33738
2026-06-24 10:09,739.08002,739.08002,738.72998,738.78998,3291
2026-06-24 10:10,739.45502,739.52502,738.97998,738.97998,2365
2026-06-24 10:11,738.89001,739.375,738.72998,739.375,3737
2026-06-24 10:12,739.23999,739.42999,738.72998,738.95001,18120
2026-06-24 10:13,738.90002,739.09998,738.56,739.09998,7188
2026-06-24 10:14,738.90997,738.91998,738.66498,738.84998,3447
2026-06-24 10:15,738.57001,739.33002,738.57001,738.97998,5375
2026-06-24 10:16,738.29999,738.78003,738.29999,738.60999,15834
2026-06-24 10:17,738.15002,738.58002,738.15002,738.46002,3345
2026-06-24 10:18,738.38,738.47998,738.26001,738.29999,1712
2026-06-24 10:19,738.39502,738.45001,738.25,738.44,1973
2026-06-24 10:20,738.21002,738.26001,737.56897,738.26001,14844
2026-06-24 10:21,739.0,739.13,738.07001,738.15369,10421
2026-06-24 10:22,739.40002,739.56,738.97998,738.97998,8165
2026-06-24 10:23,739.47498,739.77002,739.08112,739.17999,4580
2026-06-24 10:24,739.79999,739.84998,739.46997,739.46997,2939
2026-06-24 10:25,739.64502,740.14001,739.64502,739.65997,5566
2026-06-24 10:26,739.46997,740.02002,739.45837,739.71002,3595
2026-06-24 10:27,740.38,740.38,739.52399,739.68939,7183
2026-06-24 10:28,739.84497,740.26001,739.84497,740.26001,1815
2026-06-24 10:29,739.89001,739.89001,739.78003,739.89001,3044
2026-06-24 10:30,740.51202,740.53003,739.96002,739.96002,3529
2026-06-24 10:31,740.60498,740.62903,740.38,740.40002,3705
2026-06-24 10:32,740.46997,740.66998,740.40002,740.40002,1736
2026-06-24 10:33,740.21503,740.47498,740.21503,740.41168,1858
2026-06-24 10:34,740.38501,740.46997,740.25,740.27502,3486
2026-06-24 10:35,740.37,740.56,740.35999,740.37,4313
2026-06-24 10:36,740.34595,740.54999,740.23999,740.40002,4117
2026-06-24 10:37,740.28998,740.44,740.17499,740.33002,2892
2026-06-24 10:38,740.23999,740.31,740.14001,740.28003,1172
2026-06-24 10:39,739.70502,740.15997,739.70502,740.15997,3525
2026-06-24 10:40,740.14001,740.19,739.56,739.71002,6271
2026-06-24 10:41,739.97839,740.22498,739.82001,740.14001,2385
2026-06-24 10:42,739.81,739.93988,739.76001,739.91998,3951
2026-06-24 10:43,739.96002,739.96002,739.78003,739.87,1853
2026-06-24 10:44,741.0899,741.10999,740.0,740.0,7478
2026-06-24 10:45,741.17999,741.34998,740.97998,741.02002,5453
2026-06-24 10:46,741.82001,741.82001,741.09003,741.09003,6169
2026-06-24 10:47,742.09003,742.10999,741.75,741.78003,3825
2026-06-24 10:48,741.84998,742.31,741.84003,742.04498,4497
2026-06-24 10:49,741.69,741.84998,741.64001,741.78998,3018
2026-06-24 10:50,742.03003,742.32001,742.01007,742.065,5351
2026-06-24 10:51,742.18988,742.29999,741.95001,742.06464,4645
2026-06-24 10:52,742.29999,742.46997,742.13,742.13,6656
2026-06-24 10:53,742.35999,742.44897,742.25,742.44897,904
2026-06-24 10:54,741.82001,742.35999,741.82001,742.35999,4878
2026-06-24 10:55,741.78003,741.95001,741.60999,741.87,5769
2026-06-24 10:56,742.13,742.245,741.89001,741.89001,7526
2026-06-24 10:57,742.5,742.5,742.14001,742.22498,7014
2026-06-24 10:58,742.71997,742.78998,742.45001,742.45001,3566
2026-06-24 10:59,743.06,743.15002,742.72998,742.77002,3919
2026-06-24 11:00,743.01001,743.21503,742.96997,743.21503,3881
2026-06-24 11:01,743.28998,743.36011,743.02991,743.02991,3343
2026-06-24 11:02,742.93182,743.32001,742.93182,743.17999,3376
2026-06-24 11:03,742.91998,742.91998,742.73999,742.86011,4244
2026-06-24 11:04,742.745,742.98999,742.59003,742.96002,3166
2026-06-24 11:05,742.65002,742.79999,742.57001,742.77002,7253
2026-06-24 11:06,742.70001,742.73999,742.47498,742.64001,6224
2026-06-24 11:07,742.39001,742.71002,742.34003,742.71002,9431
2026-06-24 11:08,742.15991,742.46002,742.07001,742.41998,7913
2026-06-24 11:09,741.89001,742.07001,741.74011,742.07001,5257
2026-06-24 11:10,742.03003,742.09991,741.77002,741.87738,2372
2026-06-24 11:11,742.1499,742.27002,742.08002,742.09998,2029
2026-06-24 11:12,741.65997,742.12,741.58502,742.12,7791
2026-06-24 11:13,741.62,741.63,741.46997,741.60999,1396
2026-06-24 11:14,741.92999,742.185,741.75,741.75,4552
2026-06-24 11:15,741.96973,742.01001,741.83002,741.92999,2210
2026-06-24 11:16,742.51001,742.51001,742.06,742.06,1753
2026-06-24 11:17,742.73999,742.76978,742.40997,742.40997,2073
2026-06-24 11:18,742.66498,742.83002,742.64502,742.71997,2074
2026-06-24 11:19,742.59009,742.67999,742.16998,742.54498,4327
2026-06-24 11:20,742.64001,742.70001,742.53497,742.70001,27892
2026-06-24 11:21,742.51001,742.82001,742.51001,742.51001,3050
2026-06-24 11:22,742.53992,742.60498,742.38,742.46997,6051
2026-06-24 11:23,742.65002,742.78998,742.32501,742.62,21872
2026-06-24 11:24,742.19,742.77502,742.12,742.70001,14349
2026-06-24 11:25,741.65002,742.16998,741.62,742.16998,14074
2026-06-24 11:26,742.04999,742.19,741.77002,741.77002,9818
2026-06-24 11:27,742.63,742.71002,742.31,742.31,8193
2026-06-24 11:28,742.42999,742.62,742.35999,742.60999,3043
2026-06-24 11:29,743.01001,743.01001,742.40002,742.40002,6963
2026-06-24 11:30,743.33002,743.40002,742.87,743.13,3912
2026-06-24 11:31,742.82001,743.21997,742.82001,743.21997,5218
2026-06-24 11:32,742.745,742.88501,742.6001,742.83002,1771
2026-06-24 11:33,742.45001,742.75,742.36499,742.70001,2188
2026-06-24 11:34,742.72998,742.81,742.51501,742.51501,2976
2026-06-24 11:35,742.88,742.94,742.58002,742.66998,1580
2026-06-24 11:36,742.62,742.92999,742.62,742.89001,2460
2026-06-24 11:37,742.88989,742.88989,742.64001,742.64001,2814
2026-06-24 11:38,742.56,742.84003,742.53003,742.84003,17655
2026-06-24 11:39,742.17999,742.42999,742.08002,742.40002,17681
2026-06-24 11:40,742.33002,742.48999,742.16998,742.44,4875
2026-06-24 11:41,742.03998,742.33002,741.98999,742.33002,4234
2026-06-24 11:42,741.71002,741.98999,741.71002,741.92999,10808
2026-06-24 11:43,741.72998,741.91998,741.63,741.73999,3527
2026-06-24 11:44,741.83502,741.90002,741.69,741.88,3370
2026-06-24 11:45,741.5,741.88,741.45001,741.87,4642
2026-06-24 11:46,741.48499,741.70001,741.41998,741.55499,2846
2026-06-24 11:47,741.41998,741.53003,741.29999,741.29999,8775
2026-06-24 11:48,741.35822,741.67999,741.34998,741.44,2956
2026-06-24 11:49,742.15009,742.15009,741.33002,741.40997,11318
2026-06-24 11:50,742.28998,742.45001,742.22998,742.28003,8822
2026-06-24 11:51,742.46997,742.5,742.28497,742.3764,914
2026-06-24 11:52,742.60498,742.60498,742.13,742.37,2037
2026-06-24 11:53,742.54999,742.63,742.5,742.53497,5297
2026-06-24 11:54,742.25,742.52002,742.15002,742.52002,4513
2026-06-24 11:55,742.29999,742.46899,742.29999,742.31,2941
2026-06-24 11:56,741.95001,742.28998,741.87811,742.28998,3514
2026-06-24 11:57,741.94501,742.15997,741.94501,742.15002,1575
2026-06-24 11:58,741.57001,741.96997,741.57001,741.96002,1797
2026-06-24 11:59,741.79999,741.79999,741.66998,741.66998,3028
2026-06-24 12:00,741.70502,742.07471,741.58002,741.78998,3343
2026-06-24 12:01,741.65002,741.84003,741.62012,741.78998,3486
2026-06-24 12:02,741.71997,741.85999,741.62,741.63928,2966
2026-06-24 12:03,741.45001,741.67999,741.40002,741.67999,1579
2026-06-24 12:04,741.57001,741.66998,741.5,741.66998,1029
2026-06-24 12:05,741.46997,741.59998,741.38501,741.59998,1454
2026-06-24 12:06,741.29999,741.76001,741.26001,741.56,9835
2026-06-24 12:07,741.59998,741.60999,741.29498,741.29498,2345
2026-06-24 12:08,741.47998,741.87,741.47998,741.79999,3150
2026-06-24 12:09,741.57373,741.64001,741.39001,741.39001,4650
2026-06-24 12:10,742.03998,742.05542,741.42987,741.60999,2795
2026-06-24 12:11,742.08002,742.29999,742.07001,742.21002,4290
2026-06-24 12:12,741.95398,742.06067,741.81,742.03003,4651
2026-06-24 12:13,741.88,741.90997,741.67999,741.84998,2089
2026-06-24 12:14,741.87,742.09003,741.86499,741.86499,3320
2026-06-24 12:15,741.91998,742.26923,741.91998,741.94,5976
2026-06-24 12:16,741.99329,741.99329,741.7558,741.91998,2251
2026-06-24 12:17,741.79999,741.96002,741.76501,741.96002,5733
2026-06-24 12:18,741.85999,741.85999,741.59003,741.82001,1457
2026-06-24 12:19,741.8299,741.88928,741.64001,741.88928,3525
2026-06-24 12:20,741.60498,741.83002,741.52002,741.77002,62380
2026-06-24 12:21,741.60992,741.65002,741.46997,741.54999,30346
2026-06-24 12:22,742.13,742.13,741.52692,741.56,5711
2026-06-24 12:23,742.06,742.10999,742.005,742.06,1445
2026-06-24 12:24,742.07001,742.20001,741.90002,742.15991,2395
2026-06-24 12:25,741.51501,742.03998,741.51501,742.03998,1680
2026-06-24 12:26,741.53003,741.62,741.47998,741.57001,2418
2026-06-24 12:27,741.60992,741.60992,741.48999,741.53998,1897
2026-06-24 12:28,741.58002,741.72998,741.5,741.5517,8761
2026-06-24 12:29,741.52502,741.73999,741.52502,741.599,6613
2026-06-24 12:30,741.25,741.56,741.12,741.50659,7756
2026-06-24 12:31,741.14001,741.30298,740.97998,741.28998,3822
2026-06-24 12:32,741.02002,741.04938,740.97998,741.04938,999
2026-06-24 12:33,741.16998,741.23999,740.9679,741.0,2153
2026-06-24 12:34,741.12,741.16998,740.98999,741.10999,3464
2026-06-24 12:35,741.31,741.37,741.21002,741.21002,4949
2026-06-24 12:36,740.71997,741.35999,740.71997,741.34003,2874
2026-06-24 12:37,740.34003,740.73999,740.31,740.73999,4318
2026-06-24 12:38,740.25,740.47998,740.19501,740.42999,4176
2026-06-24 12:39,739.953,740.28003,739.94,740.22498,62059
2026-06-24 12:40,739.89001,739.92999,739.46002,739.88,6924
2026-06-24 12:41,739.85999,740.02002,739.37,740.01001,26231
2026-06-24 12:42,739.65002,739.67999,739.40503,739.65997,9052
2026-06-24 12:43,739.53998,739.76001,739.39001,739.64001,4298
2026-06-24 12:44,739.72998,739.78998,739.52002,739.52002,8001
2026-06-24 12:45,739.46002,739.71997,739.38,739.71997,4645
2026-06-24 12:46,739.51001,739.60999,739.42999,739.48499,3031
2026-06-24 12:47,739.73999,739.79999,739.40002,739.40997,16095
2026-06-24 12:48,739.89001,739.91498,739.73999,739.77502,6745
2026-06-24 12:49,739.77002,739.95001,739.77002,739.88,2396
2026-06-24 12:50,740.19,740.24988,739.82001,739.82001,5622
2026-06-24 12:51,739.95007,740.21503,739.92999,740.21503,4285
2026-06-24 12:52,739.78003,740.02002,739.78003,740.02002,6169
2026-06-24 12:53,739.58002,739.82001,739.58002,739.66998,5460
2026-06-24 12:54,739.21002,739.58002,739.21002,739.54999,6434
2026-06-24 12:55,739.15002,739.32001,738.91998,739.13,4714
2026-06-24 12:56,739.14502,739.35498,739.14502,739.27002,3112
2026-06-24 12:57,739.19,739.22998,739.04999,739.10999,5153
2026-06-24 12:58,739.23999,739.32001,739.15002,739.15002,4813
2026-06-24 12:59,739.03003,739.06,739.03003,739.06,558
2026-06-24 13:00,739.25293,739.33502,738.97998,739.09003,2386
2026-06-24 13:01,739.32001,739.40002,739.16998,739.39001,7197
2026-06-24 13:02,739.59998,739.67999,739.19,739.40002,3633
2026-06-24 13:03,739.81,739.81,739.53998,739.62,1831
2026-06-24 13:04,739.81,739.84003,739.65997,739.84003,5853
2026-06-24 13:05,739.44,739.85999,739.44,739.85999,1989
2026-06-24 13:06,738.93011,739.41998,738.93011,739.41998,4780
2026-06-24 13:07,738.28998,738.92999,738.19,738.92999,14961
2026-06-24 13:08,738.26831,738.35999,738.10999,738.25,3583
2026-06-24 13:09,738.39099,738.40002,738.14001,738.21771,2192
2026-06-24 13:10,738.72998,738.73999,738.22009,738.46997,4991
2026-06-24 13:11,738.41998,738.77991,738.41998,738.77991,2714
2026-06-24 13:12,738.44,738.76001,738.41998,738.62,2399
2026-06-24 13:13,738.10999,738.44,738.10999,738.44,2801
2026-06-24 13:14,738.27002,738.32001,738.10999,738.10999,3576
2026-06-24 13:15,738.30499,738.56897,738.21503,738.25,3615
2026-06-24 13:16,737.38,737.84998,737.33002,737.84998,1301
2026-06-24 13:17,737.55951,737.67999,737.32001,737.39001,6318
2026-06-24 13:18,737.14001,737.54999,737.14001,737.54999,5556
2026-06-24 13:19,737.21997,737.41998,737.0,737.21997,11400
2026-06-24 13:20,736.57501,737.15399,736.57501,737.15399,6504
2026-06-24 13:21,736.75043,736.84497,736.58002,736.71997,1667
2026-06-24 13:22,736.98999,737.13,736.79999,736.81,10976
2026-06-24 13:23,736.77991,736.82001,736.52002,736.82001,1790
2026-06-24 13:24,736.56,736.81,736.53003,736.53003,5915
2026-06-24 13:25,736.48999,736.60498,736.0,736.40997,4808
2026-06-24 13:26,736.5,736.65002,736.35999,736.5835,5513
2026-06-24 13:27,736.31,736.38501,736.15997,736.38501,913
2026-06-24 13:28,735.53497,736.09998,735.50012,736.09998,8444
2026-06-24 13:29,735.57001,735.78998,735.505,735.53003,7854
2026-06-24 13:30,735.91998,736.07001,735.40997,735.57001,5638
2026-06-24 13:31,735.10999,735.84998,735.01001,735.83002,22963
2026-06-24 13:32,735.09003,735.25,734.89502,735.21002,13209
2026-06-24 13:33,735.33002,735.45001,734.72998,735.16998,20825
2026-06-24 13:34,735.78003,735.78003,735.45001,735.52002,11624
2026-06-24 13:35,735.89001,736.20001,735.8288,735.87,7507
2026-06-24 13:36,735.3728,735.77502,735.29999,735.67999,6096
2026-06-24 13:37,735.34998,735.44,735.17999,735.39001,1194
2026-06-24 13:38,735.62,735.62,735.10999,735.39001,3088
2026-06-24 13:39,736.01001,736.01001,735.51001,735.58002,12948
2026-06-24 13:40,735.76001,736.01001,735.64001,736.01001,1119
2026-06-24 13:41,735.97308,736.04999,735.84003,735.84003,2612
2026-06-24 13:42,736.19501,736.21997,735.90997,735.96002,5588
2026-06-24 13:43,735.69,735.93988,735.59998,735.65997,12155
2026-06-24 13:44,735.34998,735.71503,735.25,735.68872,13079
2026-06-24 13:45,735.22998,735.67999,735.22998,735.41998,4779
2026-06-24 13:46,735.57001,735.62,734.9201,735.10999,13822
2026-06-24 13:47,735.98999,736.03003,735.5,735.53003,2781
2026-06-24 13:48,735.73761,736.01001,735.73761,735.78998,3416
2026-06-24 13:49,735.90002,735.96997,735.79993,735.79993,2691
2026-06-24 13:50,735.79999,735.97998,735.54999,735.84003,8027
2026-06-24 13:51,735.77002,736.02502,735.62,735.87,4903
2026-06-24 13:52,735.59003,735.90002,735.56,735.84497,3305
2026-06-24 13:53,735.84998,735.90997,735.56061,735.685,12490
2026-06-24 13:54,735.94,736.00031,735.78998,735.94,6618
2026-06-24 13:55,736.44,736.5,736.01001,736.03998,10512
2026-06-24 13:56,736.22998,736.51001,736.04999,736.46002,7894
2026-06-24 13:57,735.64001,736.12,735.64001,735.98999,3094
2026-06-24 13:58,735.22998,735.59003,735.15997,735.59003,11244
2026-06-24 13:59,735.21002,735.46997,735.21002,735.21997,6284
2026-06-24 14:00,735.40997,735.64001,735.22998,735.28998,5603
2026-06-24 14:01,736.09003,736.29999,735.40509,735.42999,20800
2026-06-24 14:02,735.59003,735.97998,735.59003,735.97998,3186
2026-06-24 14:03,735.87,736.01001,735.77252,735.97998,2616
2026-06-24 14:04,736.03003,736.09998,735.84998,735.84998,7110
2026-06-24 14:05,736.12,736.32001,736.0,736.0,4308
2026-06-24 14:06,736.58002,736.78003,736.12,736.15002,11498
2026-06-24 14:07,736.21002,736.73999,736.19,736.52002,11848
2026-06-24 14:08,736.17999,736.5,736.10999,736.32501,6323
2026-06-24 14:09,736.38,736.41998,736.16998,736.16998,5305
2026-06-24 14:10,736.42999,736.46997,736.17999,736.38,4247
2026-06-24 14:11,736.41998,736.53003,736.21997,736.47998,7511
2026-06-24 14:12,736.125,736.42999,736.0,736.15002,8561
2026-06-24 14:13,736.3299,736.3299,736.06,736.13,4326
2026-06-24 14:14,736.28003,736.34003,736.0,736.23999,15732
2026-06-24 14:15,737.0,737.06,736.40002,736.40997,50283
2026-06-24 14:16,737.04999,737.08002,736.78998,736.96997,5546
2026-06-24 14:17,736.94,737.15503,736.83002,736.98999,7780
2026-06-24 14:18,736.78003,736.81,736.37,736.81,6158
2026-06-24 14:19,737.15002,737.34003,736.84003,736.84003,6821
2026-06-24 14:20,737.10999,737.25,737.06,737.16998,4642
2026-06-24 14:21,737.25,737.27502,737.06,737.09998,18516
2026-06-24 14:22,737.19,737.35999,737.09009,737.21997,9568
2026-06-24 14:23,737.46997,737.46997,737.25,737.25,6262
2026-06-24 14:24,737.745,737.745,737.35999,737.46997,6839
2026-06-24 14:25,737.95001,738.07001,737.76001,737.76001,7758
2026-06-24 14:26,737.65997,737.94,737.57001,737.92999,5325
2026-06-24 14:27,737.67999,737.83002,737.62,737.65997,5665
2026-06-24 14:28,737.96002,737.96002,737.54999,737.71002,5595
2026-06-24 14:29,737.70001,738.0,737.69,737.91998,5015
2026-06-24 14:30,737.89502,737.97998,737.63501,737.76001,9215
2026-06-24 14:31,737.88,737.94,737.60999,737.79999,6113
2026-06-24 14:32,737.77002,737.90002,737.71002,737.85999,2940
2026-06-24 14:33,737.48993,737.85992,737.42999,737.70001,9126
2026-06-24 14:34,737.67999,737.75,737.48999,737.48999,8240
2026-06-24 14:35,737.25,737.66498,737.15997,737.59998,5964
2026-06-24 14:36,737.25,737.40002,736.90997,737.28998,4726
2026-06-24 14:37,737.29999,737.54999,737.27002,737.33002,5027
2026-06-24 14:38,737.17999,737.41998,737.16998,737.21997,3066
2026-06-24 14:39,737.03003,737.27002,736.97998,737.20001,7943
2026-06-24 14:40,736.54999,737.15997,736.35999,737.07001,5874
2026-06-24 14:41,736.73999,736.97998,736.44,736.44,5114
2026-06-24 14:42,736.815,736.90997,736.54999,736.69,6328
2026-06-24 14:43,736.40997,736.72998,736.40997,736.65002,4758
2026-06-24 14:44,736.685,736.685,736.31,736.41998,6631
2026-06-24 14:45,736.34998,736.65002,736.28998,736.65002,1804
2026-06-24 14:46,735.96997,736.45001,735.96997,736.45001,2358
2026-06-24 14:47,735.63,736.10999,735.58002,736.02301,4908
2026-06-24 14:48,735.45001,735.59998,735.40997,735.59003,4740
2026-06-24 14:49,735.21002,735.51001,734.85999,735.5,9830
2026-06-24 14:50,734.72998,735.31,734.64001,735.25989,7371
2026-06-24 14:51,734.76001,734.98999,734.72998,734.84003,2987
2026-06-24 14:52,734.98999,735.28992,734.73999,734.73999,8836
2026-06-24 14:53,735.15997,735.37,735.03003,735.16498,6661
2026-06-24 14:54,735.52002,735.59003,735.21997,735.26001,42504
2026-06-24 14:55,735.65503,735.71002,735.45001,735.59998,17865
2026-06-24 14:56,735.815,735.83063,735.51001,735.59003,6127
2026-06-24 14:57,735.59662,736.21002,735.53998,735.81,5472
2026-06-24 14:58,735.37903,735.54999,735.20001,735.54999,2963
2026-06-24 14:59,735.33502,735.37,735.08002,735.28247,2927
2026-06-24 15:00,735.08002,735.46997,734.76001,735.37,8185
2026-06-24 15:01,734.84003,735.12,734.83002,735.02002,6239
2026-06-24 15:02,735.47919,735.55499,734.83502,734.83502,9615
2026-06-24 15:03,736.07001,736.28003,735.40002,735.48499,8418
2026-06-24 15:04,735.9975,736.0899,735.82751,736.0,3790
2026-06-24 15:05,735.38,736.0,735.23999,736.0,4363
2026-06-24 15:06,734.67999,735.41998,734.67999,735.39502,5124
2026-06-24 15:07,734.46997,734.56982,734.29901,734.5,7906
2026-06-24 15:08,734.57001,734.57001,734.28998,734.47998,9585
2026-06-24 15:09,734.87,734.95001,734.54999,734.57001,19266
2026-06-24 15:10,734.75,734.78998,734.26001,734.71002,13455
2026-06-24 15:11,734.47998,734.80511,734.39008,734.75,8771
2026-06-24 15:12,734.53998,734.59003,734.39502,734.565,4371
2026-06-24 15:13,734.53992,734.64001,734.44,734.47998,9133
2026-06-24 15:14,735.04999,735.14001,734.51691,734.52002,16717
2026-06-24 15:15,734.82001,735.0799,734.68011,735.02002,17060
2026-06-24 15:16,734.70001,734.89001,734.65002,734.83502,4938
2026-06-24 15:17,734.78497,734.97998,734.69,734.72498,5076
2026-06-24 15:18,734.96002,734.96002,734.76001,734.84003,10312
2026-06-24 15:19,735.03003,735.12,734.88013,735.0,5577
2026-06-24 15:20,734.745,735.06,734.745,735.03998,5236
2026-06-24 15:21,734.83008,735.04999,734.79999,734.81,4645
2026-06-24 15:22,734.90997,735.03497,734.70001,734.85999,6171
2026-06-24 15:23,734.98999,735.09998,734.84003,734.92999,10502
2026-06-24 15:24,735.255,735.255,734.78003,734.92499,8164
2026-06-24 15:25,735.37,735.70502,735.28003,735.28003,10583
2026-06-24 15:26,735.55988,735.58002,735.26398,735.26398,3698
2026-06-24 15:27,735.26001,735.65997,735.22998,735.52002,4364
2026-06-24 15:28,735.34998,735.5,735.21997,735.28998,5586
2026-06-24 15:29,735.38,735.53998,735.20001,735.28003,15063
2026-06-24 15:30,735.54999,735.64001,735.17999,735.40997,6168
2026-06-24 15:31,735.16998,735.5,735.09003,735.46997,5498
2026-06-24 15:32,735.12,735.27502,734.96002,735.20001,7282
2026-06-24 15:33,735.04999,735.20502,734.91498,735.10999,7455
2026-06-24 15:34,735.10999,735.16998,734.91998,735.01001,16411
2026-06-24 15:35,734.90503,735.17499,734.84003,735.08502,6858
2026-06-24 15:36,735.32001,735.35999,734.84998,734.89001,6083
2026-06-24 15:37,735.04999,735.31,734.98999,735.31,5616
2026-06-24 15:38,734.91998,734.96997,734.86011,734.95001,5433
2026-06-24 15:39,735.19,735.29999,734.84003,734.875,10840
2026-06-24 15:40,735.16998,735.47498,735.09998,735.16998,7837
2026-06-24 15:41,734.78003,735.22998,734.78003,735.20001,6830
2026-06-24 15:42,734.41998,734.78003,734.34003,734.78003,9615
2026-06-24 15:43,734.66718,734.81,734.45001,734.45001,11242
2026-06-24 15:44,734.88,735.0,734.60999,734.60999,6115
2026-06-24 15:45,735.53998,735.59003,734.88,734.88,7697
2026-06-24 15:46,735.15002,735.56,735.15002,735.56,6026
2026-06-24 15:47,735.21002,735.31,735.01001,735.15997,7312
2026-06-24 15:48,735.26001,735.31,735.09998,735.17999,4578
2026-06-24 15:49,735.46997,735.46997,735.16998,735.21002,11462
2026-06-24 15:50,735.67499,735.87,734.98999,735.47998,26973
2026-06-24 15:51,736.01001,736.04999,735.61499,735.61499,10190
2026-06-24 15:52,736.10999,736.17999,735.94,735.98999,10179
2026-06-24 15:53,736.40002,736.46997,736.03998,736.06,10149
2026-06-24 15:54,736.35999,736.39801,735.96002,736.37,14141
2026-06-24 15:55,736.16998,736.35999,735.73999,736.35999,19329
2026-06-24 15:56,735.875,736.20001,735.82013,736.17999,17033
2026-06-24 15:57,735.77002,735.87,735.45001,735.84998,20103
2026-06-24 15:58,735.59998,735.79999,735.59003,735.79999,23263
2026-06-24 15:59,736.46997,736.73999,735.59003,735.60999,125686
2026-06-25 09:30,742.54999,742.79999,742.04999,742.32001,153761
2026-06-25 09:31,741.46997,742.47998,741.40997,742.40002,14725
2026-06-25 09:32,740.69,741.46997,740.58002,741.42999,13449
2026-06-25 09:33,740.58002,740.59003,740.34998,740.57001,5235
2026-06-25 09:34,740.70502,740.82001,740.31,740.69,14136
2026-06-25 09:35,741.16998,741.26001,740.90503,740.96002,4205
2026-06-25 09:36,741.12,741.25,740.91589,741.15002,7979
2026-06-25 09:37,740.78998,741.37,740.66998,741.2901,4525
2026-06-25 09:38,740.38,740.77002,740.34998,740.77002,3475
2026-06-25 09:39,740.3999,740.70001,740.3999,740.5,7340
2026-06-25 09:40,739.69,740.40009,739.69,740.40002,15527
2026-06-25 09:41,739.39001,739.86987,739.39001,739.86987,3548
2026-06-25 09:42,738.82001,739.45502,738.70001,739.45502,2839
2026-06-25 09:43,737.64001,738.65002,737.53998,738.65002,17955
2026-06-25 09:44,737.71002,738.15997,737.46997,737.60999,16328
2026-06-25 09:45,736.76001,738.15997,736.75,737.76501,9160
2026-06-25 09:46,735.89001,736.89502,735.47998,736.71997,10050
2026-06-25 09:47,735.75897,736.46002,735.42999,736.04999,9229
2026-06-25 09:48,735.08002,736.35999,734.98749,735.79999,9549
2026-06-25 09:49,736.31,736.33502,735.08002,735.08002,5846
2026-06-25 09:50,736.67999,736.90997,735.90997,736.32501,9419
2026-06-25 09:51,735.59003,736.75,735.435,736.70502,5898
2026-06-25 09:52,735.04999,735.71503,735.03003,735.60498,4471
2026-06-25 09:53,734.53998,735.84998,734.53998,735.125,7723
2026-06-25 09:54,733.91998,735.09998,733.91998,734.69067,7765
2026-06-25 09:55,733.53998,734.33502,733.15002,734.08002,5546
2026-06-25 09:56,733.83002,734.19,733.59998,733.65997,10745
2026-06-25 09:57,734.32001,734.53998,733.65002,733.65002,3599
2026-06-25 09:58,733.64001,734.16498,733.48999,734.16498,3721
2026-06-25 09:59,733.28802,733.922,733.03998,733.69,6607
2026-06-25 10:00,734.0,734.29999,733.22998,733.27502,7042
2026-06-25 10:01,734.90002,735.16998,733.85498,733.89001,5070
2026-06-25 10:02,736.02002,736.04999,734.65002,734.82001,6035
2026-06-25 10:03,736.672,736.85999,735.87,735.97998,7342
2026-06-25 10:04,736.47998,736.78003,736.34998,736.57001,4668
2026-06-25 10:05,737.23999,737.84003,736.81,736.81,5463
2026-06-25 10:06,737.85931,737.85931,736.95001,737.20001,8226
2026-06-25 10:07,737.73999,738.12292,737.71503,737.83002,10955
2026-06-25 10:08,738.29498,738.34998,737.52002,737.84003,6813
2026-06-25 10:09,738.33002,738.34991,738.05499,738.06,2234
2026-06-25 10:10,738.83002,739.2099,738.3302,738.3302,4477
2026-06-25 10:11,738.91998,739.16998,737.01801,738.81,84300
2026-06-25 10:12,738.5,739.07501,738.46002,738.85498,10529
2026-06-25 10:13,737.96997,738.62,737.59998,738.41998,5738
2026-06-25 10:14,737.57001,738.04999,737.48999,737.90997,2830
2026-06-25 10:15,737.35999,738.27002,737.33502,737.90997,9635
2026-06-25 10:16,736.70001,737.53998,736.63,737.52002,3325
2026-06-25 10:17,737.30499,737.72998,736.77502,736.9151,37340
2026-06-25 10:18,737.54999,737.79999,737.34998,737.47498,8206
2026-06-25 10:19,738.9151,739.04999,737.16998,737.52002,9446
2026-06-25 10:20,739.53998,739.87,738.84003,738.98999,24086
2026-06-25 10:21,739.78998,739.80499,739.53497,739.59003,14750
2026-06-25 10:22,739.04999,739.78497,738.95001,739.69,4508
2026-06-25 10:23,738.63,738.96002,738.48999,738.55499,3358
2026-06-25 10:24,738.46997,738.53003,737.94,738.47998,8805
2026-06-25 10:25,738.65997,738.89001,738.41998,738.52002,3254
2026-06-25 10:26,739.03003,739.16998,738.31,738.58002,4757
2026-06-25 10:27,738.59998,739.15002,738.42999,739.01001,4792
2026-06-25 10:28,739.10999,739.15002,738.29999,738.52002,2177
2026-06-25 10:29,738.85999,739.10999,738.60999,738.88501,4103
2026-06-25 10:30,738.86499,739.14001,738.72498,739.12,3324
2026-06-25 10:31,739.13,739.56,738.98999,739.11987,4936
2026-06-25 10:32,739.83002,739.98999,738.96997,738.96997,3547
2026-06-25 10:33,739.96002,740.42999,739.71002,739.71002,8287
2026-06-25 10:34,739.82001,739.94,739.21002,739.94,7142
2026-06-25 10:35,739.67999,740.02002,739.57001,739.76501,4688
2026-06-25 10:36,739.91998,740.01001,739.60498,739.67999,2939
2026-06-25 10:37,739.23999,740.11499,739.04999,740.0799,4881
2026-06-25 10:38,739.34998,739.59998,739.20007,739.41998,6361
2026-06-25 10:39,740.02002,740.25922,739.43988,739.44,3398
2026-06-25 10:40,739.91998,740.07001,739.79999,739.94,1434
2026-06-25 10:41,739.34003,739.98999,739.34003,739.95001,1930
2026-06-25 10:42,739.09998,739.31,739.09003,739.21002,16636
2026-06-25 10:43,738.65997,739.08502,738.64001,739.08502,4811
2026-06-25 10:44,738.81,738.96997,738.20001,738.59998,9387
2026-06-25 10:45,738.57001,739.03003,738.15997,738.90002,3327
2026-06-25 10:46,738.5,738.84003,738.4118,738.62,3377
2026-06-25 10:47,738.87988,738.95001,738.38,738.53003,5008
2026-06-25 10:48,739.51501,739.51501,738.88,738.98999,5034
2026-06-25 10:49,739.67639,739.96503,739.59497,739.59497,3596
2026-06-25 10:50,739.75,740.16998,739.51501,739.98999,4222
2026-06-25 10:51,740.66998,740.77002,739.70001,739.83002,7155
2026-06-25 10:52,741.15002,741.25,740.64502,740.66998,5377
2026-06-25 10:53,740.81,741.15997,740.81,741.15002,4004
2026-06-25 10:54,741.21997,741.26001,741.08002,741.12,4342
2026-06-25 10:55,740.68988,741.02002,740.68988,740.98999,5398
2026-06-25 10:56,740.15002,740.72998,740.12,740.53003,15309
2026-06-25 10:57,738.71997,740.15002,738.62,740.09998,24520
2026-06-25 10:58,738.78003,739.34998,738.69,738.84998,20654
2026-06-25 10:59,738.53998,739.15997,738.41998,738.71997,24467
2026-06-25 11:00,738.81,738.81,738.29999,738.62341,3129
2026-06-25 11:01,738.89001,739.23999,738.84003,739.00781,2707
2026-06-25 11:02,739.16498,739.16498,738.67999,738.88,1346
2026-06-25 11:03,738.94,739.27008,738.81,739.25,2213
2026-06-25 11:04,739.54999,739.54999,739.02002,739.02002,1820
2026-06-25 11:05,738.72498,739.89282,738.63037,739.565,15914
2026-06-25 11:06,738.29498,738.83002,738.06,738.65002,20524
2026-06-25 11:07,738.505,738.53003,738.04999,738.435,6652
2026-06-25 11:08,738.31,738.46503,738.29999,738.40997,1578
2026-06-25 11:09,738.15997,738.47998,737.95001,738.14172,4430
2026-06-25 11:10,738.06,738.19501,737.82001,738.15002,11342
2026-06-25 11:11,737.27899,738.07001,737.13,738.07001,10549
2026-06-25 11:12,736.46002,737.41498,736.28003,737.34497,17534
2026-06-25 11:13,736.33722,736.67682,736.33722,736.56,3292
2026-06-25 11:14,736.34003,736.59497,736.09003,736.52502,3756
2026-06-25 11:15,735.65002,736.38501,735.28003,736.38501,12014
2026-06-25 11:16,735.65002,735.84003,735.255,735.84003,4190
2026-06-25 11:17,736.27502,736.40002,735.75,735.88,6958
2026-06-25 11:18,736.66998,736.96997,736.28497,736.28497,3710
2026-06-25 11:19,737.03998,737.30499,736.96503,736.96503,15896
2026-06-25 11:20,736.51001,737.10498,736.42999,737.09003,17151
2026-06-25 11:21,737.38,737.44,736.59497,736.59497,1858
2026-06-25 11:22,737.53009,737.60999,737.21118,737.539,1551
2026-06-25 11:23,737.53998,737.78998,737.27509,737.40112,4936
2026-06-25 11:24,738.17999,738.21997,737.69012,737.69012,9519
2026-06-25 11:25,737.64349,737.92499,737.58502,737.75,5090
2026-06-25 11:26,737.72998,737.77002,737.21002,737.65503,4700
2026-06-25 11:27,738.03497,738.26001,737.81598,737.81598,4900
2026-06-25 11:28,737.69952,737.96997,737.59497,737.96997,1556
2026-06-25 11:29,737.65002,737.79999,737.37817,737.79999,10467
2026-06-25 11:30,737.84497,737.90002,737.58002,737.73999,2834
2026-06-25 11:31,738.03003,738.22998,737.85999,737.92999,7724
2026-06-25 11:32,738.77002,738.8299,738.11499,738.15997,8285
2026-06-25 11:33,738.39001,738.71002,738.16998,738.65997,13482
2026-06-25 11:34,737.79999,738.45001,737.62,738.44501,12441
2026-06-25 11:35,737.9151,737.92999,737.67328,737.84003,3339
2026-06-25 11:36,737.98999,738.185,737.87,738.04498,2386
2026-06-25 11:37,738.14001,738.36499,738.04498,738.04498,5654
2026-06-25 11:38,737.94,738.13,737.85999,737.95502,1659
2026-06-25 11:39,737.85999,737.85999,737.75,737.85999,831
2026-06-25 11:40,737.71002,737.82501,737.46997,737.59998,3325
2026-06-25 11:41,737.72009,737.89001,737.39001,737.78992,5144
2026-06-25 11:42,737.81,737.81,737.52002,737.72498,3924
2026-06-25 11:43,737.70502,738.12,737.70502,738.12,1161
2026-06-25 11:44,738.13501,738.3399,737.90997,737.90997,3311
2026-06-25 11:45,738.96503,738.96503,738.065,738.09003,5613
2026-06-25 11:46,738.87,739.27002,738.85999,738.90002,5023
2026-06-25 11:47,738.96002,739.04498,738.82001,738.94,9297
2026-06-25 11:48,738.29248,738.87,738.16498,738.87,5698
2026-06-25 11:49,737.82379,738.11499,737.82379,738.11499,952
2026-06-25 11:50,737.94,738.04498,737.57013,737.78998,6055
2026-06-25 11:51,737.89203,738.28998,737.82001,737.82001,4937
2026-06-25 11:52,737.87,737.96503,737.73499,737.85999,15500
2026-06-25 11:53,737.75,737.86499,737.62,737.86499,2497
2026-06-25 11:54,738.01001,738.25,738.01001,738.04999,1990
2026-06-25 11:55,738.02002,738.21997,737.83002,737.90002,2607
2026-06-25 11:56,738.03003,738.11499,737.94,737.94,3611
2026-06-25 11:57,738.09998,738.27502,737.90997,738.03998,1991
2026-06-25 11:58,737.8299,738.05499,737.71802,738.05499,1730
2026-06-25 11:59,737.54999,737.76001,737.5,737.75,6128
2026-06-25 12:00,737.72998,737.72998,737.44,737.57001,6047
2026-06-25 12:01,737.48999,737.79999,737.09998,737.78992,4527
2026-06-25 12:02,737.31,737.48999,737.21002,737.48999,3394
2026-06-25 12:03,737.31,737.46997,737.19,737.27002,5348
2026-06-25 12:04,737.59003,737.70001,737.32001,737.33002,17715
2026-06-25 12:05,737.87,738.0,737.40002,737.60999,6823
2026-06-25 12:06,738.64502,738.64502,737.82001,737.82001,3450
2026-06-25 12:07,738.27002,738.65002,738.27002,738.65002,5217
2026-06-25 12:08,738.46997,738.46997,738.185,738.29999,3674
2026-06-25 12:09,738.73999,738.77002,738.36493,738.70001,3607
2026-06-25 12:10,739.28003,739.44,738.71997,738.73499,3408
2026-06-25 12:11,738.90002,739.59003,738.90002,739.4469,6624
2026-06-25 12:12,738.96002,739.02502,738.70001,738.98499,2744
2026-06-25 12:13,739.31,739.35498,739.06,739.09039,6478
2026-06-25 12:14,739.09003,739.32501,739.09003,739.32501,2394
2026-06-25 12:15,739.40503,739.40997,739.12,739.16498,4430
2026-06-25 12:16,739.52002,739.57001,739.34003,739.53003,19823
2026-06-25 12:17,739.39062,739.66998,739.23499,739.52002,33869
2026-06-25 12:18,739.20001,739.52002,739.16998,739.37,17470
2026-06-25 12:19,739.03998,739.15503,738.91998,739.14001,6767
2026-06-25 12:20,738.82001,739.11011,738.82001,739.09998,14703
2026-06-25 12:21,739.01001,739.0899,738.78003,738.79999,2372
2026-06-25 12:22,738.46503,739.03998,738.45001,739.03998,9548
2026-06-25 12:23,737.83502,738.5,737.83502,738.42999,13271
2026-06-25 12:24,737.89001,738.03998,737.69,737.82001,12214
2026-06-25 12:25,737.57501,738.06,737.42999,737.84003,2061
2026-06-25 12:26,737.77002,737.8396,737.60437,737.64001,5648
2026-06-25 12:27,737.64502,737.789,737.47083,737.789,4395
2026-06-25 12:28,737.55011,737.69501,737.47998,737.54999,3396
2026-06-25 12:29,737.65503,737.69,737.37,737.54999,7626
2026-06-25 12:30,737.16998,737.63885,736.995,737.59003,5634
2026-06-25 12:31,736.875,737.30499,736.875,737.125,3976
2026-06-25 12:32,736.87,737.03003,736.84998,736.90997,4759
2026-06-25 12:33,736.73499,736.84259,736.40002,736.84259,4794
2026-06-25 12:34,736.73999,736.83209,736.48999,736.77002,3388
2026-06-25 12:35,736.69,736.69,736.29999,736.54999,1823
2026-06-25 12:36,736.70001,736.96002,736.64001,736.96002,1731
2026-06-25 12:37,736.5448,736.60999,736.39502,736.60999,1554
2026-06-25 12:38,736.46997,736.53992,736.21008,736.21008,2473
2026-06-25 12:39,736.23499,736.51898,736.12,736.51001,2714
2026-06-25 12:40,736.19,736.24988,736.01831,736.13,4234
2026-06-25 12:41,735.87,736.38,735.87,736.27002,3346
2026-06-25 12:42,735.90002,736.15009,735.89001,735.89001,925
2026-06-25 12:43,735.67792,736.0,735.67792,735.90503,6740
2026-06-25 12:44,735.67999,735.67999,735.565,735.57501,2851
2026-06-25 12:45,735.04999,735.67999,734.96002,735.62,4868
2026-06-25 12:46,735.52002,735.54999,734.95007,734.98999,18976
2026-06-25 12:47,735.91998,735.91998,735.53003,735.54999,1783
2026-06-25 12:48,736.10992,736.10999,735.80499,735.84003,4260
2026-06-25 12:49,736.22998,736.26001,735.97998,736.0,1500
2026-06-25 12:50,736.25,736.38898,735.95001,736.21002,2154
2026-06-25 12:51,736.0,736.28998,736.0,736.28998,1427
2026-06-25 12:52,736.22498,736.22498,735.70001,735.97998,6204
2026-06-25 12:53,736.13501,736.46088,736.04999,736.41998,4713
2026-06-25 12:54,736.20001,736.33502,736.08099,736.10999,2064
2026-06-25 12:55,735.72998,736.07001,735.65997,736.07001,4735
2026-06-25 12:56,735.62,735.97498,735.58002,735.73999,1173
2026-06-25 12:57,735.64001,735.8299,735.53003,735.62,3129
2026-06-25 12:58,735.78003,735.84003,735.48999,735.48999,1533
2026-06-25 12:59,735.90997,735.95502,735.755,735.81,1886
2026-06-25 13:00,736.33002,736.34003,735.94,735.96002,3187
2026-06-25 13:01,736.315,736.315,736.04999,736.28003,1551
2026-06-25 13:02,736.27002,736.39001,736.14001,736.34003,2670
2026-06-25 13:03,736.29999,736.29999,736.08002,736.1601,2753
2026-06-25 13:04,736.02002,736.33002,736.02002,736.29102,4933
2026-06-25 13:05,735.97498,736.04999,735.81,735.81,5322
2026-06-25 13:06,735.67999,735.90997,735.67999,735.90997,4346
2026-06-25 13:07,735.97992,735.97992,735.56512,735.64001,1832
2026-06-25 13:08,736.0,736.20001,735.95001,735.96002,2772
2026-06-25 13:09,736.10498,736.10498,736.0,736.07001,1525
2026-06-25 13:10,736.67987,736.67987,736.15997,736.16998,2243
2026-06-25 13:11,736.75012,737.13831,736.75,736.90002,9764
2026-06-25 13:12,736.54498,736.82013,736.40002,736.82013,2779
2026-06-25 13:13,736.86902,736.91998,736.52502,736.56,4450
2026-06-25 13:14,736.65997,736.91998,736.64001,736.82001,3283
2026-06-25 13:15,737.39001,737.46503,736.67999,736.67999,7278
2026-06-25 13:16,737.23999,737.64502,737.23499,737.41998,31428
2026-06-25 13:17,737.09998,737.23999,736.95001,737.23999,2989
2026-06-25 13:18,736.62903,737.03003,736.59998,737.03003,2576
2026-06-25 13:19,736.02002,736.64001,736.0,736.53998,2951
2026-06-25 13:20,736.25,736.31,735.4801,735.84003,3960
2026-06-25 13:21,736.23999,736.42999,736.21002,736.25,3378
2026-06-25 13:22,736.13013,736.41998,736.05499,736.16998,2866
2026-06-25 13:23,736.19,736.26001,735.95001,736.20001,15879
2026-06-25 13:24,736.46002,736.46002,736.29999,736.36987,4470
2026-06-25 13:25,736.46002,736.565,736.28003,736.32001,1775
2026-06-25 13:26,737.0,737.00537,736.56439,736.56439,2830
2026-06-25 13:27,736.81,737.06,736.81,737.03998,2771
2026-06-25 13:28,736.40997,736.90002,736.40002,736.90002,9914
2026-06-25 13:29,736.65997,736.71997,736.45001,736.46002,3115
2026-06-25 13:30,736.8595,736.90997,736.60828,736.78998,2912
2026-06-25 13:31,736.52002,736.83002,736.52002,736.78497,2450
2026-06-25 13:32,736.34998,736.65997,736.28998,736.55499,2460
2026-06-25 13:33,736.46503,736.46503,736.0,736.15002,6204
2026-06-25 13:34,736.32001,736.42511,736.21997,736.40002,884
2026-06-25 13:35,736.59003,736.70001,736.34998,736.37,2047
2026-06-25 13:36,736.71002,736.97992,736.48999,736.5,7734
2026-06-25 13:37,736.58002,736.63501,736.46997,736.58002,2410
2026-06-25 13:38,736.78998,736.78998,736.48999,736.54498,4043
2026-06-25 13:39,736.66998,736.89001,736.49011,736.85999,2288
2026-06-25 13:40,737.02002,737.04999,736.70001,736.72101,5215
2026-06-25 13:41,736.875,737.13,736.77002,737.06,7373
2026-06-25 13:42,736.67499,736.935,736.60999,736.82001,2818
2026-06-25 13:43,736.28003,736.8205,736.28003,736.59003,2555
2026-06-25 13:44,736.03998,736.185,735.97998,736.12,2557
2026-06-25 13:45,735.60999,736.08002,735.51001,736.08002,3058
2026-06-25 13:46,735.57001,735.90991,735.54999,735.565,2845
2026-06-25 13:47,735.40002,735.53003,735.16498,735.52002,7792
2026-06-25 13:48,735.26001,735.38501,735.16498,735.38501,15586
2026-06-25 13:49,735.27002,735.29248,735.10999,735.26001,2991
2026-06-25 13:50,735.3327,735.39001,735.03998,735.15997,2343
2026-06-25 13:51,735.20892,735.40002,735.09998,735.33002,2556
2026-06-25 13:52,735.38,735.46997,735.15179,735.15179,6760
2026-06-25 13:53,735.97498,736.04999,735.34003,735.34003,5070
2026-06-25 13:54,735.89001,736.0899,735.89001,735.92999,2759
2026-06-25 13:55,736.15997,736.16998,735.78833,735.91998,7600
2026-06-25 13:56,736.2782,736.2782,735.77002,736.125,31931
2026-06-25 13:57,736.435,736.4895,736.32001,736.41998,3774
2026-06-25 13:58,736.78638,736.78638,736.58801,736.58801,3127
2026-06-25 13:59,736.89465,737.0,736.66998,736.87,1915
2026-06-25 14:00,736.66998,736.91498,736.5,736.79999,2168
2026-06-25 14:01,736.61011,736.83002,736.57001,736.66998,2107
2026-06-25 14:02,735.16998,736.46997,735.08002,736.46997,7838
2026-06-25 14:03,734.84003,735.67987,734.84003,735.44,16696
2026-06-25 14:04,735.33002,735.34497,735.14001,735.21002,2472
2026-06-25 14:05,735.61987,735.65997,735.17499,735.44,3583
2026-06-25 14:06,736.10999,736.12,735.58002,735.58002,2588
2026-06-25 14:07,736.36011,736.56,735.96997,736.039,9730
2026-06-25 14:08,736.52002,736.67999,736.3844,736.51001,2223
2026-06-25 14:09,736.88501,736.96002,736.40997,736.45001,9437
2026-06-25 14:10,736.7713,737.15997,736.68799,736.8924,5451
2026-06-25 14:11,737.15997,737.16498,736.79999,736.84003,4321
2026-06-25 14:12,737.12,737.40002,736.96997,737.22998,7714
2026-06-25 14:13,736.48999,737.06989,736.48999,736.96002,7858
2026-06-25 14:14,736.75,736.78003,736.32501,736.53558,3963
2026-06-25 14:15,736.60999,736.64001,736.46002,736.63,3456
2026-06-25 14:16,737.22998,737.25,736.59998,736.59998,6664
2026-06-25 14:17,737.27502,737.44,737.19,737.19,4504
2026-06-25 14:18,738.0,738.0,737.23999,737.25,20724
2026-06-25 14:19,738.37,738.70001,738.20001,738.20001,5817
2026-06-25 14:20,738.28497,738.59998,738.27002,738.32001,6502
2026-06-25 14:21,737.88,738.08508,737.71997,737.96503,4763
2026-06-25 14:22,738.12,738.38,738.0,738.03998,14552
2026-06-25 14:23,738.25,738.25,738.08502,738.19012,1178
2026-06-25 14:24,738.41998,738.60999,738.20001,738.31,17480
2026-06-25 14:25,738.84998,738.94012,738.37,738.37,13727
2026-06-25 14:26,739.03998,739.03998,738.83368,738.91498,3562
2026-06-25 14:27,739.08002,739.08002,738.82001,738.875,7919
2026-06-25 14:28,739.13,739.5,739.13,739.26001,3925
2026-06-25 14:29,739.26752,739.39502,739.11499,739.13,3657
2026-06-25 14:30,738.76001,739.06,738.71002,739.06,3105
2026-06-25 14:31,738.35999,738.51001,738.21997,738.48999,4026
2026-06-25 14:32,737.96997,738.40997,737.96997,738.40997,6353
2026-06-25 14:33,737.59003,737.85992,737.48999,737.84003,2808
2026-06-25 14:34,737.44501,737.59003,737.40503,737.53497,1207
2026-06-25 14:35,737.57001,737.58002,737.0,737.29999,4018
2026-06-25 14:36,737.72998,737.72998,737.58398,737.60999,1752
2026-06-25 14:37,737.85999,737.89001,737.45001,737.70837,16762
2026-06-25 14:38,737.87,738.08502,737.83002,738.01001,1433
2026-06-25 14:39,737.85999,738.07001,737.51001,737.88,10462
2026-06-25 14:40,737.78003,737.85999,737.63013,737.84003,2711
2026-06-25 14:41,737.36871,737.69,737.35999,737.67499,1718
2026-06-25 14:42,737.44501,737.48999,737.28003,737.42493,3834
2026-06-25 14:43,737.47998,737.66498,737.47998,737.47998,2779
2026-06-25 14:44,737.45001,737.6001,737.39001,737.6001,1668
2026-06-25 14:45,736.78998,737.28998,736.65997,737.28998,7167
2026-06-25 14:46,736.58002,736.99988,736.58002,736.95001,5597
2026-06-25 14:47,736.58002,736.58002,736.17499,736.28003,4508
2026-06-25 14:48,736.59003,736.59003,736.45001,736.52002,4447
2026-06-25 14:49,736.84998,736.95502,736.76001,736.76001,1604
2026-06-25 14:50,737.16309,737.16309,736.935,737.04498,974
2026-06-25 14:51,736.86414,737.34003,736.86414,737.28003,4168
2026-06-25 14:52,737.77002,737.77002,736.87,736.89001,4120
2026-06-25 14:53,737.45001,737.70001,737.45001,737.67999,1667
2026-06-25 14:54,737.14001,737.46997,737.07001,737.45001,12634
2026-06-25 14:55,737.28998,737.48572,737.125,737.125,3403
2026-06-25 14:56,737.26001,737.31989,736.94,737.30499,4614
2026-06-25 14:57,737.13501,737.315,737.02002,737.30011,13681
2026-06-25 14:58,737.09497,737.40002,737.09497,737.26001,4347
2026-06-25 14:59,737.28998,737.28998,737.04999,737.04999,4075
2026-06-25 15:00,737.08502,737.37,737.03009,737.34003,3610
2026-06-25 15:01,736.84869,737.21838,736.81,737.07501,7907
2026-06-25 15:02,736.64001,736.90997,736.60999,736.82501,10961
2026-06-25 15:03,736.5,736.65002,736.185,736.58002,9176
2026-06-25 15:04,736.41998,736.60498,736.20001,736.53998,9883
2026-06-25 15:05,736.27002,736.60498,736.27002,736.40997,10889
2026-06-25 15:06,736.46503,736.58502,736.21002,736.25,9890
2026-06-25 15:07,736.58002,736.65002,736.41998,736.47998,18192
2026-06-25 15:08,736.5,736.66998,736.4101,736.57001,7784
2026-06-25 15:09,736.51001,736.62,736.28998,736.46997,7591
2026-06-25 15:10,736.41998,736.625,736.28998,736.52002,9456
2026-06-25 15:11,736.31,736.59998,736.31,736.53003,4267
2026-06-25 15:12,736.28003,736.28003,736.09998,736.27502,5374
2026-06-25 15:13,735.86108,736.40997,735.84003,736.25,3948
2026-06-25 15:14,735.81,736.03003,735.81,735.96008,2289
2026-06-25 15:15,735.59003,735.76001,735.52002,735.76001,5149
2026-06-25 15:16,735.80499,736.01001,735.62,735.77002,8246
2026-06-25 15:17,735.375,735.755,735.32001,735.755,5473
2026-06-25 15:18,735.39001,735.6601,735.33179,735.41992,6514
2026-06-25 15:19,735.63,735.65503,735.33002,735.40192,5573
2026-06-25 15:20,735.52502,735.83002,735.47998,735.78992,3616
2026-06-25 15:21,735.69,735.97192,735.53998,735.53998,4671
2026-06-25 15:22,735.94,735.98999,735.53003,735.77502,5161
2026-06-25 15:23,735.88,736.04993,735.75,735.84998,6594
2026-06-25 15:24,736.02002,736.03998,735.81,735.89502,4154
2026-06-25 15:25,736.03052,736.28003,735.98999,736.12,4616
2026-06-25 15:26,736.08002,736.13,735.87,736.08502,8714
2026-06-25 15:27,735.72998,736.04993,735.72998,735.96002,5124
2026-06-25 15:28,735.59998,735.71002,735.46002,735.65002,7302
2026-06-25 15:29,735.82001,736.08002,735.58002,735.60999,8717
2026-06-25 15:30,735.58002,735.91998,735.51001,735.84003,16690
2026-06-25 15:31,735.38,735.59003,735.1897,735.56152,20124
2026-06-25 15:32,735.26001,735.67999,735.26001,735.53497,6881
2026-06-25 15:33,735.42999,735.53998,735.26001,735.33502,4495
2026-06-25 15:34,735.53003,735.6499,735.45001,735.53003,3018
2026-06-25 15:35,735.40002,735.56512,735.31,735.56512,6616
2026-06-25 15:36,735.34003,735.58002,735.32001,735.37,7969
2026-06-25 15:37,735.40308,735.40308,735.19501,735.32501,4188
2026-06-25 15:38,735.20007,735.3999,735.20007,735.31,3168
2026-06-25 15:39,735.41998,735.41998,735.15997,735.26001,5757
2026-06-25 15:40,735.46002,735.72998,735.36011,735.57001,8887
2026-06-25 15:41,735.51001,735.64001,735.03998,735.38,8770
2026-06-25 15:42,735.44,735.71002,735.42999,735.42999,8684
2026-06-25 15:43,735.48999,735.57001,735.33002,735.46002,7995
2026-06-25 15:44,735.5,735.65002,735.40002,735.57001,7451
2026-06-25 15:45,735.09998,735.42999,735.0,735.35498,7919
2026-06-25 15:46,735.08002,735.13,734.89001,735.04999,8978
2026-06-25 15:47,735.10999,735.45502,735.04999,735.04999,4963
2026-06-25 15:48,734.88,735.05988,734.83002,734.96997,4961
2026-06-25 15:49,735.09497,735.15002,734.84998,734.88,3985
2026-06-25 15:50,735.22998,735.48999,734.84003,735.13,7202
2026-06-25 15:51,735.31,735.40997,734.84003,734.96503,8079
2026-06-25 15:52,735.62,735.62,735.27002,735.28998,16208
2026-06-25 15:53,735.83002,735.97998,735.64001,735.70001,12595
2026-06-25 15:54,735.92999,735.95001,735.56,735.79999,15810
2026-06-25 15:55,735.79999,736.21997,735.72998,736.09003,22946
2026-06-25 15:56,735.66998,735.91998,735.62,735.83002,26348
2026-06-25 15:57,735.67999,736.09003,735.62,735.72998,29530
2026-06-25 15:58,735.34998,735.76001,735.33502,735.69,54195
2026-06-25 15:59,736.66998,736.78998,735.13,735.33002,166527
2026-06-26 09:30,731.78998,732.45001,731.47998,732.28998,119624
2026-06-26 09:31,732.71997,732.77002,731.87,732.04498,9759
2026-06-26 09:32,731.88501,733.01001,731.88501,732.625,10726
2026-06-26 09:33,730.64001,731.88379,730.64001,731.88379,8203
2026-06-26 09:34,731.26001,731.34998,730.41992,730.65997,12494
2026-06-26 09:35,732.20502,732.2326,731.23999,731.33002,4212
2026-06-26 09:36,732.10999,732.39001,731.85999,732.29999,3749
2026-06-26 09:37,731.71002,732.28998,731.38,732.01001,8011
2026-06-26 09:38,731.6806,732.125,731.63,731.82001,4848
2026-06-26 09:39,731.57501,731.97998,731.48999,731.89001,3976
2026-06-26 09:40,731.53003,731.77502,731.22998,731.38,3059
2026-06-26 09:41,731.33002,731.66998,731.315,731.56012,4188
2026-06-26 09:42,731.59003,731.95001,731.49011,731.53998,4227
2026-06-26 09:43,732.48999,732.73999,731.57501,731.60162,2805
2026-06-26 09:44,732.81,732.89001,732.33002,732.39001,5334
2026-06-26 09:45,731.46002,732.45001,731.40997,732.45001,4512
2026-06-26 09:46,732.33002,732.53998,731.40997,731.65002,6015
2026-06-26 09:47,732.75,733.16998,732.34998,732.44,12803
2026-06-26 09:48,732.41998,733.17462,732.35999,732.664,3675
2026-06-26 09:49,732.21991,732.39001,731.88,732.38,5886
2026-06-26 09:50,732.34998,732.56,732.09155,732.09155,6912
2026-06-26 09:51,732.93988,733.07001,732.40997,732.56,5161
2026-06-26 09:52,732.20001,732.94,731.96997,732.72998,3649
2026-06-26 09:53,732.15698,732.59998,732.13501,732.13501,3650
2026-06-26 09:54,732.57001,732.57001,732.21002,732.21002,2840
2026-06-26 09:55,732.82001,732.96002,732.71002,732.76001,4689
2026-06-26 09:56,734.03003,734.07001,732.73999,732.82001,10486
2026-06-26 09:57,734.56,734.71002,733.83002,734.09003,16185
2026-06-26 09:58,734.505,734.505,734.15997,734.34363,1750
2026-06-26 09:59,734.28003,734.40002,733.83002,734.29999,8501
2026-06-26 10:00,735.10999,735.32001,734.09003,734.28003,19985
2026-06-26 10:01,735.125,735.20001,734.75,734.97998,8879
2026-06-26 10:02,735.14001,735.17999,734.71002,735.04199,11249
2026-06-26 10:03,735.12,735.28998,734.86011,735.15997,10105
2026-06-26 10:04,735.62988,735.67999,735.12,735.14001,8217
2026-06-26 10:05,735.67999,736.04999,735.57001,735.59998,13092
2026-06-26 10:06,736.03003,736.34998,735.70001,735.72998,9213
2026-06-26 10:07,736.0401,736.08002,735.67999,735.90002,10026
2026-06-26 10:08,736.25,736.51001,736.09003,736.09003,7255
2026-06-26 10:09,736.41998,736.54999,736.28003,736.28003,4087
2026-06-26 10:10,736.12,736.65002,736.03998,736.40997,15339
2026-06-26 10:11,736.07001,736.16998,735.89001,736.15002,7914
2026-06-26 10:12,736.47998,736.47998,735.94,735.96002,5463
2026-06-26 10:13,736.71948,736.85999,736.56,736.63,5723
2026-06-26 10:14,736.67999,736.87,736.38,736.71997,37553
2026-06-26 10:15,736.5,736.58002,736.38,736.54999,1515
2026-06-26 10:16,736.82001,736.96191,736.53497,736.62,3367
2026-06-26 10:17,735.91998,736.40997,735.90997,736.34003,8375
2026-06-26 10:18,736.26398,736.26398,735.94,736.06,7053
2026-06-26 10:19,736.0744,736.20001,736.06,736.15997,4000
2026-06-26 10:20,737.44,737.53003,735.87,736.04999,8921
2026-06-26 10:21,737.23999,737.45001,737.22498,737.22498,2943
2026-06-26 10:22,737.15161,737.22998,736.92999,737.15002,5051
2026-06-26 10:23,736.99988,737.2099,736.88,737.20001,4921
2026-06-26 10:24,736.89502,736.89502,736.79999,736.85999,1850
2026-06-26 10:25,737.17999,737.27502,736.78497,736.79999,5165
2026-06-26 10:26,736.79999,737.33228,736.78003,737.08002,5557
2026-06-26 10:27,737.22498,737.30511,736.83002,736.83142,21111
2026-06-26 10:28,737.13,737.35498,737.13,737.30988,1749
2026-06-26 10:29,736.92999,736.98608,736.69,736.9101,2800
2026-06-26 10:30,736.89502,737.27002,736.76001,737.02002,8057
2026-06-26 10:31,737.0,737.17499,736.83002,736.92999,4532
2026-06-26 10:32,736.63,737.03003,736.51001,737.03003,4615
2026-06-26 10:33,736.79999,736.84998,736.5,736.65997,4656
2026-06-26 10:34,736.73999,737.10498,736.72998,736.72998,2238
2026-06-26 10:35,736.38,736.71002,736.34998,736.60999,3337
2026-06-26 10:36,735.97498,736.40002,735.97498,736.40002,1777
2026-06-26 10:37,735.79999,736.01001,735.77002,736.01001,4812
2026-06-26 10:38,735.79999,736.09998,735.77502,735.90997,1436
2026-06-26 10:39,735.59003,735.755,735.59003,735.71002,3707
2026-06-26 10:40,735.16998,735.59003,735.14001,735.59003,3177
2026-06-26 10:41,735.79498,735.91998,735.06,735.14001,2477
2026-06-26 10:42,736.28003,736.44501,735.79999,735.79999,2692
2026-06-26 10:43,735.72992,736.22998,735.63501,736.22998,3426
2026-06-26 10:44,735.5,735.84003,735.5,735.75,2030
2026-06-26 10:45,735.79999,735.91998,735.59003,735.76001,1321
2026-06-26 10:46,736.23499,736.39569,735.87,735.87,2697
2026-06-26 10:47,736.28583,736.40002,736.10999,736.20001,4695
2026-06-26 10:48,736.59998,736.66998,736.12,736.16498,1797
2026-06-26 10:49,736.29498,736.75,736.17999,736.63,6012
2026-06-26 10:50,736.53998,736.53998,736.10999,736.44,3997
2026-06-26 10:51,736.14001,736.58002,736.14001,736.41998,2016
2026-06-26 10:52,735.88501,736.30499,735.88501,736.23999,2255
2026-06-26 10:53,735.85999,736.03998,735.78497,735.96002,3343
2026-06-26 10:54,735.815,735.94,735.69,735.83002,4351
2026-06-26 10:55,735.64001,735.96997,735.64001,735.96997,1477
2026-06-26 10:56,735.94,736.0,735.28998,735.62,1954
2026-06-26 10:57,735.94501,736.349,735.94501,735.98999,2906
2026-06-26 10:58,735.97998,736.21002,735.91498,736.03998,17378
2026-06-26 10:59,735.90997,736.26001,735.90997,736.18011,1564
2026-06-26 11:00,736.38,736.38,735.97998,736.07001,7565
2026-06-26 11:01,736.5,736.72998,736.33002,736.34998,2628
2026-06-26 11:02,736.47998,736.72998,736.26501,736.47998,11308
2026-06-26 11:03,736.65509,736.71997,736.5,736.53082,2449
2026-06-26 11:04,736.15002,736.69,736.02002,736.69,5024
2026-06-26 11:05,736.02991,736.31,735.87,736.16998,2451
2026-06-26 11:06,735.84003,735.97498,735.70001,735.83002,2726
2026-06-26 11:07,736.13501,736.13501,735.84003,736.01001,2534
2026-06-26 11:08,735.84003,736.20001,735.84003,736.12,3842
2026-06-26 11:09,736.46997,736.54999,735.88,735.88,6054
2026-06-26 11:10,736.12,736.59003,736.06,736.58002,2032
2026-06-26 11:11,735.86499,736.0,735.82001,736.0,1491
2026-06-26 11:12,735.495,735.875,735.45001,735.875,3892
2026-06-26 11:13,735.59497,735.70001,735.55011,735.58643,3120
2026-06-26 11:14,735.47998,735.59552,735.35999,735.59552,1748
2026-06-26 11:15,735.29498,735.51501,735.15503,735.51501,4983
2026-06-26 11:16,735.40997,735.63,735.16998,735.16998,3849
2026-06-26 11:17,736.28583,736.56,735.53998,735.53998,10790
2026-06-26 11:18,736.03998,736.40997,736.01001,736.30261,4410
2026-06-26 11:19,736.45001,736.65002,736.23077,736.23077,5200
2026-06-26 11:20,736.34998,736.75,736.22998,736.46997,14086
2026-06-26 11:21,736.51001,736.51001,736.34003,736.44,2260
2026-06-26 11:22,736.7099,736.71002,736.435,736.53998,5446
2026-06-26 11:23,737.0899,737.25,736.69,736.69,5588
2026-06-26 11:24,737.16998,737.17999,736.94,737.08002,1503
2026-06-26 11:25,737.59998,737.60999,737.12,737.19,2413
2026-06-26 11:26,737.60992,737.75,737.41998,737.47998,2680
2026-06-26 11:27,737.53998,737.66498,737.435,737.66498,2180
2026-06-26 11:28,737.47998,737.47998,737.21997,737.42999,3398
2026-06-26 11:29,738.01001,738.08978,737.51001,737.51001,2569
2026-06-26 11:30,738.84998,739.0,738.26001,738.28998,13780
2026-06-26 11:31,738.51001,738.71997,738.34003,738.71997,2085
2026-06-26 11:32,738.45001,738.53998,738.31,738.51001,1143
2026-06-26 11:33,738.02002,738.47498,738.02002,738.46997,2372
2026-06-26 11:34,737.96997,738.09003,737.94501,738.07501,3897
2026-06-26 11:35,738.21997,738.26001,738.005,738.21997,3768
2026-06-26 11:36,738.76001,738.76001,738.16998,738.27252,13358
2026-06-26 11:37,739.07001,739.27002,738.71997,738.81,5437
2026-06-26 11:38,739.17999,739.22998,738.89001,738.94,2769
2026-06-26 11:39,739.32001,739.36499,739.17999,739.29999,10979
2026-06-26 11:40,739.16998,739.36499,739.04999,739.16998,6196
2026-06-26 11:41,739.02002,739.23798,739.02002,739.17999,4497
2026-06-26 11:42,739.48999,739.53003,739.0,739.0,3413
2026-06-26 11:43,739.77002,739.96503,739.75,739.79999,2876
2026-06-26 11:44,739.5863,739.90997,739.53998,739.70001,1705
2026-06-26 11:45,739.57001,739.78802,739.53003,739.70007,2767
2026-06-26 11:46,739.1701,739.52002,739.1701,739.52002,1222
2026-06-26 11:47,739.15997,739.17047,739.0,739.03998,1781
2026-06-26 11:48,739.10999,739.21503,739.07001,739.20001,975
2026-06-26 11:49,739.03003,739.27002,739.01001,739.06,2287
2026-06-26 11:50,739.375,739.375,739.05499,739.05499,4873
2026-06-26 11:51,738.02002,739.46503,737.84003,739.46002,48213
2026-06-26 11:52,738.22998,738.48999,738.22998,738.42999,8862
2026-06-26 11:53,738.29053,738.625,738.25,738.32202,5395
2026-06-26 11:54,738.02002,738.26001,737.59998,738.22998,8836
2026-06-26 11:55,738.16998,738.28162,737.79163,738.0,4447
2026-06-26 11:56,738.82501,738.82501,738.54498,738.56,7605
2026-06-26 11:57,739.08502,739.21002,739.0,739.03003,2211
2026-06-26 11:58,738.59998,739.05499,738.59998,738.84003,6681
2026-06-26 11:59,738.93011,738.98999,738.48999,738.64001,2101
2026-06-26 12:00,738.78998,738.87408,738.56,738.87408,4088
2026-06-26 12:01,738.89001,738.89001,738.77002,738.78497,1340
2026-06-26 12:02,738.53699,738.91998,738.53003,738.77002,10458
2026-06-26 12:03,738.65503,738.72998,738.54498,738.54498,2130
2026-06-26 12:04,738.85809,738.85809,738.57294,738.66998,1815
2026-06-26 12:05,738.56,738.79999,738.45001,738.76947,2175
2026-06-26 12:06,738.44,738.59998,738.22998,738.59998,2423
2026-06-26 12:07,738.31,738.38,738.28998,738.37,2521
2026-06-26 12:08,737.89001,738.29999,737.89001,738.27478,1702
2026-06-26 12:09,737.64502,737.98999,737.56,737.84998,4593
2026-06-26 12:10,737.71002,737.89001,737.63666,737.63666,3575
2026-06-26 12:11,737.64801,737.79999,737.495,737.65997,4630
2026-06-26 12:12,737.29999,737.66992,737.21997,737.66992,2158
2026-06-26 12:13,737.46997,737.56,737.37,737.52002,4844
2026-06-26 12:14,737.59998,737.65997,737.54999,737.60999,2137
2026-06-26 12:15,737.55499,737.63,737.32013,737.5,3480
2026-06-26 12:16,737.92499,737.98999,737.33502,737.435,5267
2026-06-26 12:17,737.72998,738.01001,737.54999,737.98999,6051
2026-06-26 12:18,737.28998,737.66998,737.28003,737.66998,2965
2026-06-26 12:19,737.40997,737.42999,737.26001,737.32001,1896
2026-06-26 12:20,736.84003,737.5,736.46002,737.45001,16779
2026-06-26 12:21,736.37,736.96997,736.22998,736.90997,9958
2026-06-26 12:22,736.46997,736.65997,736.31,736.40997,5754
2026-06-26 12:23,736.7099,736.7099,736.28497,736.28497,5078
2026-06-26 12:24,736.77002,736.92969,736.70001,736.72998,5218
2026-06-26 12:25,736.67999,736.78497,736.65002,736.74329,5960
2026-06-26 12:26,736.94,737.0,736.60999,736.67999,6222
2026-06-26 12:27,736.90503,736.98798,736.86011,736.9751,2579
2026-06-26 12:28,736.96002,737.06,736.78442,737.06,2039
2026-06-26 12:29,736.75989,736.93518,736.70502,736.89502,5704
2026-06-26 12:30,737.44,737.57001,736.96997,737.03003,7564
2026-06-26 12:31,737.39502,737.48999,737.34003,737.4339,3827
2026-06-26 12:32,737.60168,737.64001,737.2301,737.28998,2410
2026-06-26 12:33,737.67999,737.84003,737.61011,737.77002,4421
2026-06-26 12:34,738.0,738.0,737.67609,737.78998,2495
2026-06-26 12:35,738.05408,738.21002,737.89001,738.19501,4477
2026-06-26 12:36,737.88,737.97998,737.65997,737.97998,5348
2026-06-26 12:37,738.0,738.16998,737.90002,737.90002,3378
2026-06-26 12:38,737.94501,738.03998,737.94501,737.96002,4603
2026-06-26 12:39,737.83502,737.84003,737.82001,737.82001,601
2026-06-26 12:40,737.92999,738.0,737.77008,737.88,2892
2026-06-26 12:41,737.65002,737.67999,737.65002,737.67999,599
2026-06-26 12:42,737.935,737.9563,737.62,737.86987,6932
2026-06-26 12:43,737.83002,738.0199,737.81,737.90503,4463
2026-06-26 12:44,737.39001,737.9939,737.39001,737.87622,2077
2026-06-26 12:45,737.61499,737.77509,737.39001,737.39001,2350
2026-06-26 12:46,737.5351,737.62,737.28003,737.46997,3665
2026-06-26 12:47,737.5,737.67999,737.39001,737.39001,1709
2026-06-26 12:48,737.54498,737.73999,737.53003,737.71002,2148
2026-06-26 12:49,737.72998,737.8299,737.71002,737.75983,1690
2026-06-26 12:50,737.91998,738.16858,737.71997,737.71997,152130
2026-06-26 12:51,738.02777,738.19,737.87,737.87,11367
2026-06-26 12:52,738.0,738.09998,737.875,737.98999,2534
2026-06-26 12:53,738.10999,738.10999,738.01001,738.03003,1500
2026-06-26 12:54,738.08002,738.26001,738.02002,738.26001,1217
2026-06-26 12:55,737.90002,738.0,737.76001,737.96002,2602
2026-06-26 12:56,737.81,737.84003,737.71631,737.79999,25715
2026-06-26 12:57,737.84003,737.85999,737.75,737.76007,2420
2026-06-26 12:58,737.90002,737.90002,737.78003,737.78003,1943
2026-06-26 12:59,737.85999,737.85999,737.76001,737.84998,523
2026-06-26 13:00,738.03998,738.03998,737.60999,737.72998,2701
2026-06-26 13:01,738.44,738.53003,738.08502,738.09998,16022
2026-06-26 13:02,738.46527,738.54999,738.35999,738.54999,1630
2026-06-26 13:03,738.34003,738.51001,738.26001,738.34003,2935
2026-06-26 13:04,738.34003,738.46503,738.28003,738.315,1674
2026-06-26 13:05,738.48999,738.5,738.37,738.42999,2249
2026-06-26 13:06,738.51508,738.57501,738.42999,738.45001,2982
2026-06-26 13:07,738.41998,738.48999,738.35999,738.37,3129
2026-06-26 13:08,738.91998,738.96002,738.40009,738.42987,6958
2026-06-26 13:09,739.04999,739.04999,738.84998,738.95001,3732
2026-06-26 13:10,739.15991,739.26001,739.09003,739.17999,4512
2026-06-26 13:11,738.73499,738.97998,738.73499,738.96997,1312
2026-06-26 13:12,738.71997,738.76282,738.58002,738.6601,2863
2026-06-26 13:13,738.31,738.63,738.31,738.63,2616
2026-06-26 13:14,738.505,738.51001,738.40997,738.41998,1623
2026-06-26 13:15,738.06,738.56,738.04498,738.54498,4229
2026-06-26 13:16,738.10999,738.41571,738.08044,738.09497,7639
2026-06-26 13:17,737.79498,738.15991,737.77002,738.12,4522
2026-06-26 13:18,737.7627,737.96002,737.72998,737.76001,6235
2026-06-26 13:19,737.89001,738.02991,737.78497,737.78497,3206
2026-06-26 13:20,737.78003,738.01001,737.72998,737.92999,6854
2026-06-26 13:21,737.72998,737.72998,737.39001,737.71997,3326
2026-06-26 13:22,737.87,738.03027,737.87,737.98999,1305
2026-06-26 13:23,737.44342,737.87,737.40002,737.87,2673
2026-06-26 13:24,737.46503,737.57843,737.40997,737.435,8729
2026-06-26 13:25,737.28003,737.45001,737.21503,737.4375,4863
2026-06-26 13:26,737.33002,737.40002,737.25,737.25,4342
2026-06-26 13:27,738.10999,738.10999,737.35999,737.38501,8829
2026-06-26 13:28,738.21997,738.37,738.10999,738.10999,3460
2026-06-26 13:29,738.14001,738.37,738.14001,738.27002,55632
2026-06-26 13:30,738.40997,738.755,738.29999,738.29999,3570
2026-06-26 13:31,737.94,738.40997,737.91998,738.38,5936
2026-06-26 13:32,738.09003,738.13501,737.89783,737.98999,6770
2026-06-26 13:33,738.21002,738.34003,738.02002,738.06989,8447
2026-06-26 13:34,737.98999,738.25,737.98999,738.20001,1485
2026-06-26 13:35,737.72998,737.78497,737.54999,737.78497,2748
2026-06-26 13:36,737.70001,737.85199,737.70001,737.79999,2696
2026-06-26 13:37,737.77002,737.77002,737.58008,737.62,2264
2026-06-26 13:38,737.59497,737.66998,737.51001,737.66998,2129
2026-06-26 13:39,737.47998,737.60968,737.41803,737.60968,1832
2026-06-26 13:40,737.21002,737.35999,737.02002,737.34998,10705
2026-06-26 13:41,737.21002,737.30988,737.065,737.17999,9738
2026-06-26 13:42,737.64001,737.65997,737.185,737.26001,2299
2026-06-26 13:43,737.72498,737.93988,737.64001,737.65997,4493
2026-06-26 13:44,737.67499,737.86499,737.67499,737.69501,3292
2026-06-26 13:45,737.64502,737.79169,737.60999,737.67499,5107
2026-06-26 13:46,737.60999,737.76001,737.59003,737.59497,3910
2026-06-26 13:47,737.65002,737.65997,737.54999,737.63501,2369
2026-06-26 13:48,737.37,737.82001,737.37,737.64502,4278
2026-06-26 13:49,737.23999,737.46002,737.23999,737.40997,3540
2026-06-26 13:50,737.32001,737.34497,737.21039,737.21039,2582
2026-06-26 13:51,737.49902,737.49902,737.31,737.40839,3684
2026-06-26 13:52,737.50012,737.59998,737.42999,737.42999,3570
2026-06-26 13:53,737.40997,737.60999,737.40997,737.51001,2151
2026-06-26 13:54,737.51001,737.66998,737.29999,737.38501,3272
2026-06-26 13:55,737.185,737.52002,737.185,737.46002,3411
2026-06-26 13:56,737.01501,737.15997,736.85773,737.15997,4643
2026-06-26 13:57,737.15997,737.15997,736.91498,736.96002,2075
2026-06-26 13:58,737.14001,737.22498,737.03998,737.05499,5978
2026-06-26 13:59,737.06,737.29999,737.06,737.15997,4798
2026-06-26 14:00,737.08002,737.21997,737.06,737.06,3164
2026-06-26 14:01,737.20001,737.40997,737.20001,737.21002,2367
2026-06-26 14:02,737.22998,737.46503,737.14502,737.15997,3333
2026-06-26 14:03,737.495,737.495,737.17999,737.26001,2203
2026-06-26 14:04,737.79651,737.79651,737.52008,737.57001,2689
2026-06-26 14:05,737.74719,737.82001,737.56,737.59003,2703
2026-06-26 14:06,737.71503,737.95001,737.71503,737.78998,16772
2026-06-26 14:07,737.46997,737.76001,737.46997,737.76001,2007
2026-06-26 14:08,737.62,737.62,737.47998,737.57001,3320
2026-06-26 14:09,737.70502,737.77002,737.63,737.63,1991
2026-06-26 14:10,737.34998,737.66998,737.34998,737.53998,2973
2026-06-26 14:11,737.65002,737.65002,737.34497,737.375,4696
2026-06-26 14:12,737.47998,737.79999,737.47998,737.77002,1298
2026-06-26 14:13,737.39502,737.52002,737.34998,737.47998,1472
2026-06-26 14:14,737.33002,737.495,737.28003,737.29999,1781
2026-06-26 14:15,737.25,737.53003,737.24042,737.53003,6504
2026-06-26 14:16,737.0,737.28003,737.0,737.23999,1750
2026-06-26 14:17,737.09003,737.11499,736.91998,737.04498,2713
2026-06-26 14:18,736.73999,737.12,736.71997,737.02002,14343
2026-06-26 14:19,736.81,736.84003,736.64099,736.76001,2075
2026-06-26 14:20,736.78998,736.935,736.59998,736.89001,2727
2026-06-26 14:21,736.90973,736.91998,736.77502,736.77502,3844
2026-06-26 14:22,737.01501,737.06,736.9007,736.9007,6526
2026-06-26 14:23,736.91998,737.03003,736.77002,737.03003,2255
2026-06-26 14:24,736.92322,736.92322,736.73999,736.88,2487
2026-06-26 14:25,736.88,737.02002,736.84912,736.97998,7161
2026-06-26 14:26,736.745,736.98999,736.745,736.8302,2291
2026-06-26 14:27,736.47998,736.77008,736.40997,736.69,19330
2026-06-26 14:28,736.20251,736.42999,736.07001,736.40002,13240
2026-06-26 14:29,736.22998,736.45502,736.21002,736.21002,3897
2026-06-26 14:30,736.27002,736.40997,736.16998,736.20001,3220
2026-06-26 14:31,736.32428,736.40002,736.22998,736.26001,2528
2026-06-26 14:32,736.66498,736.67999,736.38,736.38,6072
2026-06-26 14:33,737.07001,737.07001,736.61011,736.67999,2922
2026-06-26 14:34,736.90002,736.94,736.78003,736.94,2585
2026-06-26 14:35,736.56,736.84998,736.56,736.79999,3150
2026-06-26 14:36,736.48999,736.61639,736.38,736.56,4427
2026-06-26 14:37,736.32922,736.53497,736.23499,736.53497,1291
2026-06-26 14:38,736.28998,736.42139,736.27502,736.32001,1375
2026-06-26 14:39,736.34998,736.42999,736.31171,736.42999,2562
2026-06-26 14:40,736.16998,736.375,736.15997,736.375,1816
2026-06-26 14:41,736.28998,736.41498,736.21002,736.29498,1511
2026-06-26 14:42,736.27002,736.38,736.26007,736.29498,2484
2026-06-26 14:43,736.39001,736.40002,736.23999,736.28497,3622
2026-06-26 14:44,736.23999,736.54999,736.23999,736.5,5857
2026-06-26 14:45,735.92999,736.0351,735.71259,736.0351,3514
2026-06-26 14:46,735.71002,735.96002,735.67999,735.94,2617
2026-06-26 14:47,735.60999,735.79999,735.52002,735.7489,4042
2026-06-26 14:48,735.30499,735.64001,735.15997,735.62988,5902
2026-06-26 14:49,735.46002,735.47998,735.27002,735.28998,5741
2026-06-26 14:50,735.14001,735.19012,735.07001,735.19012,4156
2026-06-26 14:51,735.16498,735.26898,735.10797,735.19,6565
2026-06-26 14:52,735.42999,735.435,735.07001,735.16998,3905
2026-06-26 14:53,735.23163,735.37,735.16998,735.37,3139
2026-06-26 14:54,735.16998,735.44,735.16998,735.29059,8507
2026-06-26 14:55,735.46997,735.51001,735.1701,735.20001,5139
2026-06-26 14:56,735.27502,735.46002,735.23999,735.46002,1656
2026-06-26 14:57,734.86499,735.349,734.73999,735.32501,4003
2026-06-26 14:58,734.90002,735.07001,734.87,734.87,7654
2026-06-26 14:59,735.01501,735.16992,734.84998,734.85999,2464
2026-06-26 15:00,735.31,735.31,734.96002,734.96002,9015
2026-06-26 15:01,735.32001,735.42499,735.08002,735.08002,3339
2026-06-26 15:02,735.27002,735.40997,735.23999,735.35999,2351
2026-06-26 15:03,735.01501,735.28998,735.01001,735.28998,5805
2026-06-26 15:04,734.90503,735.06,734.87,734.98499,5981
2026-06-26 15:05,734.84998,734.95001,734.82678,734.83502,3643
2026-06-26 15:06,735.32001,735.37,734.85907,734.91998,6455
2026-06-26 15:07,735.28003,735.59003,735.21997,735.42999,11196
2026-06-26 15:08,735.69,735.81,735.29999,735.29999,5744
2026-06-26 15:09,735.78003,735.81128,735.65997,735.81,3007
2026-06-26 15:10,735.71002,735.83002,735.46002,735.70001,4909
2026-06-26 15:11,735.69,735.73999,735.53998,735.73999,6640
2026-06-26 15:12,735.67999,735.77002,735.51001,735.63,5232
2026-06-26 15:13,735.77002,735.81,735.66998,735.69,3496
2026-06-26 15:14,736.21002,736.22992,735.90997,735.91998,3349
2026-06-26 15:15,736.15424,736.21002,735.98999,736.19501,3756
2026-06-26 15:16,736.08008,736.19318,735.86499,736.19318,3884
2026-06-26 15:17,736.08002,736.15363,735.97498,736.07001,3352
2026-06-26 15:18,736.33002,736.33002,736.10999,736.20001,4388
2026-06-26 15:19,736.20502,736.38,736.16498,736.31,6055
2026-06-26 15:20,736.01001,736.19672,735.95001,736.17999,10344
2026-06-26 15:21,735.84998,736.32001,735.83002,736.03998,20095
2026-06-26 15:22,735.57001,735.90002,735.51001,735.84998,10675
2026-06-26 15:23,735.45001,735.58002,735.16998,735.57001,20068
2026-06-26 15:24,735.71002,735.71002,735.41998,735.45001,3609
2026-06-26 15:25,735.69,735.88501,735.59998,735.70001,4055
2026-06-26 15:26,735.65991,735.7099,735.53003,735.67499,6118
2026-06-26 15:27,735.72998,735.79993,735.53998,735.64001,5658
2026-06-26 15:28,735.62,735.81,735.56,735.75,5979
2026-06-26 15:29,735.58002,735.70001,735.51001,735.51001,6795
2026-06-26 15:30,735.44501,735.57001,735.21997,735.57001,5316
2026-06-26 15:31,735.37,735.65997,735.37,735.5,3742
2026-06-26 15:32,735.53003,735.58002,735.22998,735.22998,4410
2026-06-26 15:33,736.03003,736.13989,735.50012,735.50751,4033
2026-06-26 15:34,736.12,736.15997,736.02002,736.03998,2112
2026-06-26 15:35,735.95001,736.14001,735.90002,736.03998,3132
2026-06-26 15:36,735.90997,736.14001,735.82001,735.92999,3189
2026-06-26 15:37,736.0,736.08002,735.73999,735.96997,4130
2026-06-26 15:38,735.89001,735.9726,735.84363,735.95001,2873
2026-06-26 15:39,735.77002,735.90991,735.72998,735.85712,13112
2026-06-26 15:40,735.88,736.03003,735.71997,735.71997,6074
2026-06-26 15:41,735.88,735.90002,735.755,735.85999,6229
2026-06-26 15:42,736.34399,736.41998,735.83002,735.87,4046
2026-06-26 15:43,736.63,736.66998,736.35999,736.46997,3738
2026-06-26 15:44,736.64502,736.75519,736.62,736.625,7094
2026-06-26 15:45,736.60999,736.74988,736.53003,736.65997,4808
2026-06-26 15:46,736.95001,737.23499,736.57001,736.69,6736
2026-06-26 15:47,736.66998,737.13,736.64001,737.01501,7046
2026-06-26 15:48,736.42999,736.63922,736.36499,736.60999,7469
2026-06-26 15:49,736.42999,736.46002,736.12,736.40002,13939
2026-06-26 15:50,736.21002,737.03003,735.96002,736.51001,23495
2026-06-26 15:51,736.35999,736.58002,736.13,736.34998,7417
2026-06-26 15:52,736.46002,736.53003,736.19,736.33002,9945
2026-06-26 15:53,736.46002,736.84998,736.42999,736.52002,11502
2026-06-26 15:54,736.59003,736.62,736.20001,736.53009,27644
2026-06-26 15:55,736.51007,736.71503,736.38202,736.57001,17179
2026-06-26 15:56,736.53998,736.60999,736.38,736.565,7985
2026-06-26 15:57,736.78998,736.96997,736.56,736.59998,11454
2026-06-26 15:58,736.79999,736.98999,736.58002,736.78998,43588
2026-06-26 15:59,732.04999,736.81,731.92999,736.81,661342
