Price,Close,High,Low,Open,Volume
Ticker,BTC-USD,BTC-USD,BTC-USD,BTC-USD,BTC-USD
Datetime,,,,,
2026-05-16 00:00,79031.89062,79054.09375,79029.90625,79050.3125,0
2026-05-16 00:01,79037.29688,79041.10156,79019.99219,79031.89062,1875968
2026-05-16 00:02,79033.75,79037.29688,79025.97656,79037.29688,0
2026-05-16 00:03,79026.0,79035.35938,79026.0,79035.35938,0
2026-05-16 00:04,79088.67969,79088.67969,79026.0,79026.0,0
2026-05-16 00:05,79084.42188,79084.42969,79073.46094,79078.10156,0
2026-05-16 00:06,79104.67188,79104.67188,79084.42188,79084.42188,0
2026-05-16 00:07,79143.34375,79143.34375,79111.49219,79111.49219,0
2026-05-16 00:08,79141.89844,79153.71094,79129.97656,79144.32031,0
2026-05-16 00:09,79125.97656,79139.67969,79119.53125,79139.22656,0
2026-05-16 00:10,79115.9375,79121.96875,79105.29688,79121.96875,5419008
2026-05-16 00:11,79093.64062,79118.17188,79091.29688,79118.17188,1572864
2026-05-16 00:12,79105.25781,79105.27344,79099.49219,79099.49219,0
2026-05-16 00:13,79126.34375,79131.28906,79112.3125,79112.3125,0
2026-05-16 00:14,79126.97656,79130.59375,79125.1875,79126.32812,331776
2026-05-16 00:15,79120.24219,79133.32031,79114.28906,79133.32031,0
2026-05-16 00:16,79118.57812,79122.82031,79114.0,79114.0,4513792
2026-05-16 00:17,79106.04688,79119.38281,79106.04688,79119.38281,0
2026-05-16 00:18,79106.04688,79106.0625,79104.3125,79106.04688,64020480
2026-05-16 00:19,79106.0625,79113.65625,79104.75,79106.04688,0
2026-05-16 00:20,79125.96875,79133.32812,79106.04688,79106.04688,0
2026-05-16 00:21,79140.32031,79140.34375,79128.10156,79128.10156,0
2026-05-16 00:22,79112.25,79140.32031,79112.24219,79140.32031,0
2026-05-16 00:23,79143.1875,79143.1875,79112.24219,79112.24219,0
2026-05-16 00:24,79134.0,79162.1875,79132.63281,79140.42188,0
2026-05-16 00:25,79119.99219,79133.99219,79119.99219,79133.99219,0
2026-05-16 00:26,79130.86719,79133.77344,79115.45312,79124.53906,0
2026-05-16 00:27,79122.88281,79139.99219,79118.82812,79139.99219,0
2026-05-16 00:28,79130.96094,79134.74219,79122.88281,79122.89062,2002944
2026-05-16 00:29,79126.8125,79133.99219,79126.8125,79132.53906,0
2026-05-16 00:30,79127.79688,79132.21875,79117.29688,79130.24219,0
2026-05-16 00:31,79141.35156,79141.35156,79127.78906,79127.79688,23490560
2026-05-16 00:32,79141.03125,79144.65625,79141.03125,79142.10156,1974272
2026-05-16 00:33,79148.71875,79148.72656,79147.6875,79147.6875,0
2026-05-16 00:34,79115.53906,79168.49219,79106.21094,79148.71875,0
2026-05-16 00:35,79104.22656,79104.24219,79097.25781,79097.25781,0
2026-05-16 00:36,79148.89844,79148.89844,79113.28906,79113.28906,0
2026-05-16 00:37,79166.07812,79166.07812,79149.03906,79149.03906,0
2026-05-16 00:38,79163.57031,79169.8125,79162.21094,79169.79688,0
2026-05-16 00:39,79167.82812,79169.25781,79163.57031,79163.57031,0
2026-05-16 00:40,79163.57812,79180.53906,79163.53125,79170.25781,0
2026-05-16 00:41,79151.29688,79164.22656,79151.29688,79163.57812,0
2026-05-16 00:42,79112.21875,79151.50781,79112.21875,79151.50781,221315072
2026-05-16 00:43,79122.32031,79122.85156,79106.03906,79106.03906,0
2026-05-16 00:44,79104.42969,79125.29688,79104.42969,79121.90625,0
2026-05-16 00:45,79109.71094,79116.0,79104.42969,79104.4375,0
2026-05-16 00:46,79111.52344,79111.52344,79095.97656,79109.64062,0
2026-05-16 00:47,79120.27344,79120.27344,79111.52344,79111.52344,0
2026-05-16 00:48,79125.60156,79129.67969,79122.15625,79125.53906,0
2026-05-16 00:49,79104.09375,79125.59375,79098.3125,79125.59375,0
2026-05-16 00:50,79065.17188,79100.14062,79065.17188,79098.42188,0
2026-05-16 00:51,79075.97656,79075.99219,79048.1875,79057.14844,0
2026-05-16 00:52,79062.70312,79078.75781,79062.70312,79071.5625,0
2026-05-16 00:53,79057.46094,79063.96875,79057.45312,79062.70312,0
2026-05-16 00:54,79057.0625,79060.57031,79038.86719,79057.45312,0
2026-05-16 00:55,79050.90625,79057.28906,79049.13281,79055.3125,0
2026-05-16 00:56,79059.49219,79061.14844,79050.86719,79050.90625,0
2026-05-16 00:57,79049.32812,79059.5,79049.32031,79059.5,0
2026-05-16 00:58,79025.07031,79049.32031,79025.07031,79049.32031,438272
2026-05-16 00:59,79063.25,79063.25,79033.59375,79033.59375,0
2026-05-16 01:00,79068.86719,79072.5625,79068.86719,79072.5625,0
2026-05-16 01:01,79050.10156,79068.88281,79050.10156,79068.88281,0
2026-05-16 01:02,79056.28906,79059.04688,79051.84375,79051.84375,0
2026-05-16 01:03,79053.96875,79059.96875,79053.27344,79056.32031,0
2026-05-16 01:04,79044.04688,79092.0,79033.09375,79033.09375,0
2026-05-16 01:05,79071.78125,79071.78906,79068.14062,79071.78125,0
2026-05-16 01:06,79081.20312,79081.21094,79071.78125,79071.78906,0
2026-05-16 01:07,79080.52344,79081.1875,79080.0,79080.0,0
2026-05-16 01:08,79079.99219,79096.0,79079.89062,79096.0,6119424
2026-05-16 01:09,79079.14062,79080.0,79077.99219,79079.99219,0
2026-05-16 01:10,79065.17188,79079.14062,79065.17188,79079.14062,0
2026-05-16 01:11,79067.72656,79067.74219,79050.96875,79065.17969,0
2026-05-16 01:12,79070.10156,79070.10156,79067.72656,79067.72656,0
2026-05-16 01:13,79073.99219,79075.89062,79070.09375,79070.09375,0
2026-05-16 01:14,79071.57031,79071.57031,79068.47656,79068.47656,0
2026-05-16 01:15,79074.00781,79100.0,79074.00781,79099.99219,1277952
2026-05-16 01:16,79065.17188,79075.63281,79064.78906,79067.72656,0
2026-05-16 01:17,79057.99219,79065.17969,79057.99219,79065.17969,0
2026-05-16 01:18,79061.99219,79062.0,79050.0,79057.99219,0
2026-05-16 01:19,79070.53125,79089.97656,79061.99219,79061.99219,0
2026-05-16 01:20,79094.0,79094.0,79066.78906,79066.78906,0
2026-05-16 01:21,79096.99219,79097.0,79096.99219,79096.99219,0
2026-05-16 01:22,79101.75,79101.8125,79080.0,79096.99219,888832
2026-05-16 01:23,79087.99219,79101.75,79087.99219,79101.75,0
2026-05-16 01:24,79061.59375,79091.85156,79061.59375,79085.89062,0
2026-05-16 01:25,79045.60938,79049.14062,79045.60938,79049.14062,0
2026-05-16 01:26,79049.11719,79049.13281,79043.92188,79045.60938,0
2026-05-16 01:27,79025.07812,79049.13281,79025.07031,79049.13281,0
2026-05-16 01:28,78992.97656,79021.07031,78979.72656,79021.07031,0
2026-05-16 01:29,78984.96875,79004.6875,78984.96875,78999.20312,0
2026-05-16 01:30,78995.78906,78995.78906,78984.95312,78984.97656,0
2026-05-16 01:31,79018.17969,79018.1875,79018.17969,79018.1875,0
2026-05-16 01:32,79001.00781,79018.1875,79001.00781,79018.17969,14897152
2026-05-16 01:33,78974.64844,78992.99219,78968.92969,78992.99219,0
2026-05-16 01:34,78996.86719,78996.86719,78980.95312,78980.96094,0
2026-05-16 01:35,78996.85938,78996.86719,78996.85938,78996.85938,0
2026-05-16 01:36,78996.86719,78996.86719,78996.85938,78996.85938,0
2026-05-16 01:37,78968.9375,78996.86719,78968.92969,78996.85938,0
2026-05-16 01:38,78988.57812,78988.57812,78966.45312,78968.9375,0
2026-05-16 01:39,78978.75,78988.59375,78978.75,78988.57812,0
2026-05-16 01:40,78983.99219,78984.0,78978.75,78978.75,0
2026-05-16 01:41,78984.02344,78988.57812,78975.07812,78976.95312,0
2026-05-16 01:42,78984.0,78986.0,78980.0,78984.0,100278272
2026-05-16 01:43,78980.28906,78988.59375,78980.28906,78983.99219,0
2026-05-16 01:44,78977.60156,78984.92188,78977.60156,78980.0,0
2026-05-16 01:45,78988.57812,78988.59375,78977.60156,78980.70312,0
2026-05-16 01:46,79037.09375,79044.0625,79013.28125,79013.54688,0
2026-05-16 01:47,79005.10938,79037.09375,78998.88281,79037.09375,876544
2026-05-16 01:48,79032.00781,79045.32031,79014.20312,79014.35938,0
2026-05-16 01:49,79018.28906,79041.10938,79017.04688,79041.10938,2342912
2026-05-16 01:50,79025.0625,79025.0625,79014.36719,79014.36719,0
2026-05-16 01:51,79048.59375,79048.59375,79024.5625,79029.07031,0
2026-05-16 01:52,79064.46875,79071.32812,79042.07031,79042.07031,0
2026-05-16 01:53,79072.86719,79072.86719,79063.46094,79063.46094,0
2026-05-16 01:54,79055.17188,79072.86719,79055.17188,79072.85938,0
2026-05-16 01:55,79056.85938,79057.13281,79056.85938,79057.13281,0
2026-05-16 01:56,79101.97656,79101.97656,79056.85938,79056.85938,83689472
2026-05-16 01:57,79097.25,79107.71094,79097.25,79107.70312,0
2026-05-16 01:58,79132.71875,79132.71875,79097.25,79097.25,0
2026-05-16 01:59,79113.38281,79137.45312,79113.28906,79137.34375,0
2026-05-16 02:00,79138.07031,79138.85938,79125.3125,79125.3125,0
2026-05-16 02:01,79093.24219,79138.92969,79093.24219,79138.92969,0
2026-05-16 02:02,79077.3125,79093.25,79077.29688,79093.25,0
2026-05-16 02:03,79065.25781,79077.29688,79062.95312,79077.29688,0
2026-05-16 02:04,79145.35938,79145.35938,79055.39062,79065.25781,0
2026-05-16 02:05,79118.03906,79137.35156,79113.14062,79137.35156,0
2026-05-16 02:06,79138.59375,79138.59375,79118.03906,79118.03906,0
2026-05-16 02:07,79149.99219,79149.99219,79138.59375,79138.59375,96784384
2026-05-16 02:08,79137.35156,79157.74219,79129.32812,79157.74219,7839744
2026-05-16 02:09,79114.6875,79135.79688,79114.67969,79135.78906,0
2026-05-16 02:10,79126.00781,79145.38281,79126.00781,79131.99219,0
2026-05-16 02:11,79126.00781,79126.02344,79126.00781,79126.02344,0
2026-05-16 02:12,79136.71094,79140.78125,79126.00781,79126.02344,0
2026-05-16 02:13,79129.32812,79136.71875,79118.07031,79136.71094,0
2026-05-16 02:14,79144.00781,79144.00781,79137.34375,79137.34375,0
2026-05-16 02:15,79150.4375,79160.85156,79144.0,79144.0,0
2026-05-16 02:16,79134.57031,79154.59375,79134.57031,79154.57812,0
2026-05-16 02:17,79116.99219,79134.57031,79116.99219,79134.57031,0
2026-05-16 02:18,79101.25,79117.0,79089.22656,79117.0,0
2026-05-16 02:19,79145.35938,79145.35938,79101.25,79101.25,0
2026-05-16 02:20,79138.17969,79149.34375,79136.20312,79149.34375,0
2026-05-16 02:21,79110.0,79138.1875,79110.0,79138.17969,0
2026-05-16 02:22,79110.0,79113.27344,79110.0,79110.0,0
2026-05-16 02:23,79122.02344,79123.10156,79110.0,79110.0,0
2026-05-16 02:24,79126.25,79127.22656,79122.42188,79122.42188,0
2026-05-16 02:25,79121.3125,79126.25,79101.25781,79126.25,0
2026-05-16 02:26,79125.32031,79125.32031,79121.29688,79121.29688,0
2026-05-16 02:27,79134.40625,79134.42188,79129.32031,79129.32812,0
2026-05-16 02:28,79127.95312,79142.42969,79127.9375,79141.35156,0
2026-05-16 02:29,79101.27344,79127.95312,79101.27344,79127.9375,0
2026-05-16 02:30,79072.00781,79097.25781,79054.70312,79097.25781,0
2026-05-16 02:31,79054.0,79072.02344,79053.14062,79072.00781,0
2026-05-16 02:32,79081.04688,79083.10938,79065.15625,79065.15625,0
2026-05-16 02:33,79086.3125,79086.3125,79079.64062,79081.04688,0
2026-05-16 02:34,79051.57812,79101.25781,79051.57812,79096.59375,0
2026-05-16 02:35,79052.20312,79052.22656,79045.00781,79045.11719,0
2026-05-16 02:36,79052.53906,79052.53906,79044.63281,79052.14844,0
2026-05-16 02:37,79037.32031,79052.54688,79037.32031,79052.53906,0
2026-05-16 02:38,79045.10938,79045.10938,79034.85156,79037.22656,0
2026-05-16 02:39,79028.0,79066.15625,79028.0,79045.10938,0
2026-05-16 02:40,79042.13281,79042.13281,79031.99219,79031.99219,0
2026-05-16 02:41,79049.14844,79049.14844,79022.03125,79041.99219,0
2026-05-16 02:42,79056.40625,79056.40625,79049.14844,79049.14844,48467968
2026-05-16 02:43,79080.82812,79083.89844,79060.79688,79060.79688,0
2026-05-16 02:44,79032.85156,79078.92188,79028.0,79078.92188,1429504
2026-05-16 02:45,79025.42188,79027.99219,79019.24219,79019.24219,0
2026-05-16 02:46,79046.71094,79051.99219,79025.42188,79025.42188,0
2026-05-16 02:47,79044.96875,79046.71094,79033.09375,79046.71094,0
2026-05-16 02:48,79041.10938,79053.13281,79041.10938,79044.96875,0
2026-05-16 02:49,79038.99219,79047.99219,79038.97656,79047.99219,0
2026-05-16 02:50,79052.00781,79052.97656,79038.97656,79038.97656,0
2026-05-16 02:51,79043.64844,79057.14062,79037.10156,79053.99219,0
2026-05-16 02:52,79044.24219,79046.02344,79044.24219,79045.67188,86016
2026-05-16 02:53,79049.75781,79049.75781,79046.00781,79046.00781,0
2026-05-16 02:54,79050.20312,79050.75,79049.75781,79049.75781,0
2026-05-16 02:55,79050.0,79061.14844,79046.35938,79061.14844,0
2026-05-16 02:56,79053.13281,79053.13281,79046.36719,79050.0,0
2026-05-16 02:57,79053.13281,79053.14062,79053.13281,79053.13281,0
2026-05-16 02:58,79053.13281,79053.13281,79051.67969,79053.13281,0
2026-05-16 02:59,79094.10938,79101.57031,79053.13281,79053.13281,0
2026-05-16 03:00,79093.24219,79106.03906,79093.24219,79094.10156,0
2026-05-16 03:01,79090.88281,79098.34375,79081.49219,79098.34375,0
2026-05-16 03:02,79113.42188,79116.07031,79089.4375,79089.4375,0
2026-05-16 03:03,79106.14062,79106.14062,79106.11719,79106.14062,0
2026-05-16 03:04,79105.07812,79105.07812,79100.0,79101.25781,0
2026-05-16 03:05,79107.99219,79107.99219,79104.46094,79105.07812,0
2026-05-16 03:06,79107.6875,79107.99219,79105.67188,79107.99219,0
2026-05-16 03:07,79104.57031,79117.57031,79104.57031,79107.85156,0
2026-05-16 03:08,79093.24219,79112.0,79093.24219,79112.0,0
2026-05-16 03:09,79116.0,79116.0,79093.24219,79093.24219,0
2026-05-16 03:10,79124.42969,79124.42969,79116.0,79116.0,0
2026-05-16 03:11,79146.00781,79146.00781,79124.42969,79124.42969,0
2026-05-16 03:12,79121.3125,79146.0,79121.3125,79146.0,0
2026-05-16 03:13,79132.13281,79132.14062,79121.3125,79121.3125,5578752
2026-05-16 03:14,79101.99219,79132.14062,79097.11719,79132.13281,0
2026-05-16 03:15,79111.89062,79111.89062,79096.60938,79102.89844,0
2026-05-16 03:16,79113.92188,79113.92188,79111.89062,79111.89062,0
2026-05-16 03:17,79117.25,79117.25,79113.92188,79113.92188,25276416
2026-05-16 03:18,79115.17188,79115.17188,79113.92969,79113.92969,0
2026-05-16 03:19,79135.07031,79135.07031,79104.04688,79111.86719,6287360
2026-05-16 03:20,79115.17969,79125.3125,79115.17969,79116.32031,0
2026-05-16 03:21,79105.3125,79109.28125,79105.3125,79109.28125,0
2026-05-16 03:22,79138.00781,79139.72656,79104.04688,79104.04688,0
2026-05-16 03:23,79141.35156,79141.35938,79138.00781,79138.00781,21405696
2026-05-16 03:24,79127.42969,79140.78125,79127.42969,79140.78125,170700800
2026-05-16 03:25,79111.57812,79127.42969,79105.27344,79127.42969,0
2026-05-16 03:26,79121.36719,79121.38281,79111.57812,79111.57812,212992
2026-05-16 03:27,79132.07031,79132.07031,79121.36719,79121.36719,8851456
2026-05-16 03:28,79130.84375,79132.07031,79130.84375,79132.07031,0
2026-05-16 03:29,79130.53125,79132.42188,79130.53125,79130.84375,207646720
2026-05-16 03:30,79113.95312,79130.53125,79113.95312,79130.53125,0
2026-05-16 03:31,79121.29688,79121.29688,79113.95312,79113.95312,798720
2026-05-16 03:32,79093.11719,79121.29688,79093.11719,79121.29688,0
2026-05-16 03:33,79105.10938,79105.10938,79093.11719,79093.11719,0
2026-05-16 03:34,79113.28125,79113.28125,79105.10938,79105.10938,0
2026-05-16 03:35,79092.07812,79111.78906,79092.07812,79111.78906,0
2026-05-16 03:36,79103.10938,79103.99219,79086.17188,79092.07812,0
2026-05-16 03:37,79098.17188,79103.60156,79093.22656,79103.36719,11374592
2026-05-16 03:38,79098.17188,79098.17188,79098.17188,79098.17188,0
2026-05-16 03:39,79092.35938,79096.82031,79092.35938,79093.89844,0
2026-05-16 03:40,79081.21094,79081.21094,79081.21094,79081.21094,0
2026-05-16 03:41,79081.21094,79081.21094,79073.1875,79077.21094,0
2026-05-16 03:42,79053.15625,79081.21094,79050.99219,79081.21094,0
2026-05-16 03:43,79051.32031,79053.15625,79051.32031,79053.15625,167936
2026-05-16 03:44,79027.03906,79051.32031,79027.03906,79051.32031,0
2026-05-16 03:45,79051.3125,79051.3125,79027.03906,79027.03906,68452352
2026-05-16 03:46,79053.14844,79053.14844,79041.10156,79041.10156,0
2026-05-16 03:47,79038.63281,79055.88281,79038.63281,79053.14844,0
2026-05-16 03:48,79039.64062,79042.89062,79033.70312,79038.63281,0
2026-05-16 03:49,79039.13281,79039.64062,79038.96094,79039.64062,2543616
2026-05-16 03:50,79013.28906,79017.99219,79013.28906,79017.92969,0
2026-05-16 03:51,79023.78125,79023.78125,79013.28906,79013.28906,0
2026-05-16 03:52,79021.0625,79033.07812,79021.0625,79026.07031,0
2026-05-16 03:53,79021.97656,79021.97656,79009.03125,79021.32031,7405568
2026-05-16 03:54,79041.04688,79041.04688,79019.50781,79019.50781,0
2026-05-16 03:55,79078.14062,79078.14062,79049.11719,79049.11719,0
2026-05-16 03:56,79082.17188,79085.78125,79078.14062,79078.14062,0
2026-05-16 03:57,79069.82812,79085.78125,79069.82812,79083.0,0
2026-05-16 03:58,79049.13281,79069.82812,79049.13281,79069.82812,0
2026-05-16 03:59,79025.9375,79057.14844,79025.9375,79045.11719,96493568
2026-05-16 04:00,79041.10156,79041.10156,79018.17969,79018.17969,0
2026-05-16 04:01,79025.99219,79048.25,79025.99219,79041.10156,1216512
2026-05-16 04:02,79021.04688,79033.96875,78992.99219,79025.99219,0
2026-05-16 04:03,79048.29688,79048.29688,79019.99219,79029.07031,0
2026-05-16 04:04,79065.17188,79065.17188,79054.38281,79061.67188,0
2026-05-16 04:05,79057.14844,79069.99219,79057.14844,79065.11719,0
2026-05-16 04:06,79046.92969,79052.32031,79046.92969,79052.32031,16277504
2026-05-16 04:07,79029.99219,79046.92969,79029.09375,79046.92969,0
2026-05-16 04:08,79027.85156,79029.99219,79027.85156,79029.97656,0
2026-05-16 04:09,79076.65625,79085.32031,79038.02344,79045.53906,1916928
2026-05-16 04:10,79021.04688,79057.14844,79003.38281,79057.14844,0
2026-05-16 04:11,79020.63281,79028.11719,79014.52344,79025.0625,0
2026-05-16 04:12,79055.59375,79055.59375,79020.61719,79020.61719,0
2026-05-16 04:13,79041.10938,79055.03906,79041.10156,79055.03906,10919936
2026-05-16 04:14,79031.60938,79040.82812,79031.28906,79040.82812,0
2026-05-16 04:15,79042.34375,79042.34375,79030.0,79031.60938,0
2026-05-16 04:16,79030.0,79042.35156,79030.0,79042.35156,2519040
2026-05-16 04:17,79047.02344,79047.02344,79041.9375,79041.9375,171393024
2026-05-16 04:18,79034.10156,79051.96875,79034.10156,79047.02344,0
2026-05-16 04:19,79025.07031,79045.99219,79025.07031,79034.10156,0
2026-05-16 04:20,79031.99219,79036.35938,79025.07812,79025.07812,0
2026-05-16 04:21,79030.35156,79031.39844,79025.07031,79031.32812,0
2026-05-16 04:22,79033.22656,79033.24219,79030.34375,79030.34375,0
2026-05-16 04:23,79048.09375,79048.09375,79033.24219,79033.24219,0
2026-05-16 04:24,79029.78906,79048.09375,79018.00781,79048.09375,0
2026-05-16 04:25,79038.21094,79045.07812,79035.82812,79035.82812,0
2026-05-16 04:26,79033.09375,79041.15625,79033.09375,79038.21094,0
2026-05-16 04:27,79033.09375,79033.10156,79033.09375,79033.09375,0
2026-05-16 04:28,79006.60938,79033.10156,79006.60938,79033.09375,0
2026-05-16 04:29,78997.25,79006.60938,78996.72656,79006.60938,3080192
2026-05-16 04:30,79002.78906,79009.85938,78996.85938,79001.00781,0
2026-05-16 04:31,78984.95312,79004.03125,78984.95312,79002.78906,20504576
2026-05-16 04:32,78955.67188,78975.02344,78952.89844,78975.00781,0
2026-05-16 04:33,78897.6875,78953.46875,78826.57812,78944.88281,0
2026-05-16 04:34,78876.70312,78908.77344,78854.96875,78886.04688,0
2026-05-16 04:35,78904.77344,78913.32812,78876.6875,78876.6875,0
2026-05-16 04:36,78939.00781,78939.00781,78913.74219,78913.74219,24834048
2026-05-16 04:37,78940.71875,78943.34375,78926.10938,78932.82812,3428352
2026-05-16 04:38,78916.15625,78938.52344,78908.10938,78938.35156,0
2026-05-16 04:39,78912.92188,78916.15625,78911.35156,78916.15625,0
2026-05-16 04:40,78957.09375,78957.09375,78911.97656,78912.17188,50495488
2026-05-16 04:41,78972.88281,78972.88281,78956.89844,78956.89844,3633152
2026-05-16 04:42,78950.61719,78972.15625,78948.88281,78972.15625,47849472
2026-05-16 04:43,78959.20312,78959.21094,78950.61719,78950.61719,532480
2026-05-16 04:44,78948.88281,78970.00781,78948.88281,78959.20312,0
2026-05-16 04:45,78940.72656,78949.00781,78940.72656,78949.00781,19898368
2026-05-16 04:46,78946.3125,78946.3125,78925.60156,78940.72656,671744
2026-05-16 04:47,78976.9375,78976.9375,78946.3125,78946.3125,2052096
2026-05-16 04:48,78969.89844,78977.24219,78962.32031,78974.5,10424320
2026-05-16 04:49,78958.14062,78971.71094,78958.14062,78971.71094,0
2026-05-16 04:50,78948.89062,78958.79688,78948.89062,78958.78906,0
2026-05-16 04:51,78950.82031,78951.39844,78950.82031,78951.34375,0
2026-05-16 04:52,78931.75,78962.29688,78931.07812,78950.82031,0
2026-05-16 04:53,78943.13281,78944.85938,78931.75,78931.75,950272
2026-05-16 04:54,78953.25781,78953.25781,78939.46094,78939.46094,0
2026-05-16 04:55,78949.82031,78953.25781,78948.64844,78953.25781,0
2026-05-16 04:56,78959.89062,78961.38281,78951.40625,78951.40625,0
2026-05-16 04:57,78972.92969,78972.92969,78959.97656,78959.97656,0
2026-05-16 04:58,78992.97656,78992.97656,78976.9375,78976.9375,0
2026-05-16 04:59,78996.95312,78999.99219,78995.82031,78997.34375,0
2026-05-16 05:00,78976.95312,78996.9375,78976.95312,78996.9375,0
2026-05-16 05:01,78919.86719,78976.95312,78919.86719,78976.95312,0
2026-05-16 05:02,78926.17969,78926.17969,78894.6875,78922.92969,0
2026-05-16 05:03,78966.40625,78968.88281,78936.84375,78936.84375,0
2026-05-16 05:04,78964.82031,78966.42188,78964.82031,78966.42188,0
2026-05-16 05:05,78972.92969,78972.92969,78954.42188,78964.82812,0
2026-05-16 05:06,78984.97656,78999.95312,78976.9375,78976.9375,0
2026-05-16 05:07,78975.10938,78987.0625,78971.32031,78983.65625,0
2026-05-16 05:08,78962.65625,78975.71875,78962.65625,78975.71875,0
2026-05-16 05:09,78979.57812,78979.57812,78962.65625,78962.67188,17272832
2026-05-16 05:10,78962.65625,78974.0625,78962.65625,78974.0625,0
2026-05-16 05:11,78975.57812,78975.57812,78960.42188,78960.92188,0
2026-05-16 05:12,78985.11719,78988.24219,78975.57031,78975.57031,450560
2026-05-16 05:13,78984.28125,78997.29688,78980.96875,78988.96875,0
2026-05-16 05:14,78996.99219,78996.99219,78972.96875,78984.28906,0
2026-05-16 05:15,78992.21094,78992.21875,78984.96875,78984.96875,65880064
2026-05-16 05:16,78992.21094,78992.21875,78984.96875,78992.21094,0
2026-05-16 05:17,78980.95312,78993.57031,78978.6875,78992.21094,0
2026-05-16 05:18,78980.95312,78980.96094,78980.95312,78980.95312,0
2026-05-16 05:19,78988.96875,78988.96875,78980.95312,78980.95312,0
2026-05-16 05:20,78988.02344,78988.97656,78988.02344,78988.96875,0
2026-05-16 05:21,78979.32812,78988.22656,78979.32812,78988.11719,0
2026-05-16 05:22,78984.45312,78984.46094,78979.32031,78979.32031,0
2026-05-16 05:23,78981.11719,78984.46094,78976.95312,78984.46094,413696
2026-05-16 05:24,78980.96094,78981.13281,78980.96094,78981.13281,0
2026-05-16 05:25,78983.78906,78983.78906,78980.89844,78980.96094,0
2026-05-16 05:26,78995.25781,78995.27344,78983.78125,78983.78125,0
2026-05-16 05:27,78994.25,78995.27344,78994.25,78995.25781,0
2026-05-16 05:28,78996.27344,78996.27344,78995.17969,78995.17969,65536
2026-05-16 05:29,78995.17969,78996.99219,78995.17188,78996.27344,0
2026-05-16 05:30,78977.39844,78992.99219,78977.39844,78983.78906,0
2026-05-16 05:31,78972.9375,78977.40625,78972.9375,78977.39844,0
2026-05-16 05:32,78949.65625,78972.95312,78944.88281,78972.95312,0
2026-05-16 05:33,78953.03125,78960.89062,78949.65625,78949.65625,0
2026-05-16 05:34,78949.65625,78954.0,78949.65625,78953.02344,0
2026-05-16 05:35,78953.99219,78953.99219,78942.5,78949.67188,0
2026-05-16 05:36,78956.89062,78956.89062,78950.47656,78953.99219,0
2026-05-16 05:37,78936.85156,78944.86719,78936.85156,78944.86719,0
2026-05-16 05:38,78905.00781,78936.85156,78905.00781,78936.85156,0
2026-05-16 05:39,78976.86719,78976.86719,78904.5625,78915.60156,0
2026-05-16 05:40,78956.89844,78960.92188,78956.89844,78960.90625,0
2026-05-16 05:41,78943.29688,78955.0,78943.28906,78955.0,0
2026-05-16 05:42,78972.82031,78972.82031,78943.29688,78943.29688,0
2026-05-16 05:43,78994.25,78999.99219,78984.96094,78984.96094,0
2026-05-16 05:44,78955.00781,78994.25781,78955.0,78993.5625,0
2026-05-16 05:45,78980.53906,78983.82031,78966.17188,78966.17188,0
2026-05-16 05:46,78980.92969,78980.9375,78980.92969,78980.92969,0
2026-05-16 05:47,78983.13281,78983.14062,78977.65625,78980.92969,0
2026-05-16 05:48,78964.53906,78983.14062,78959.28125,78983.13281,0
2026-05-16 05:49,78960.89844,78964.53906,78948.89062,78964.53906,0
2026-05-16 05:50,78976.00781,78982.5,78976.00781,78982.5,74690560
2026-05-16 05:51,78976.95312,78979.50781,78969.67969,78979.50781,0
2026-05-16 05:52,78970.02344,78978.0,78970.00781,78976.9375,0
2026-05-16 05:53,78970.02344,78970.02344,78970.00781,78970.00781,0
2026-05-16 05:54,78974.0,78974.00781,78970.00781,78970.00781,0
2026-05-16 05:55,78965.88281,78974.00781,78964.0,78974.00781,0
2026-05-16 05:56,78964.00781,78965.88281,78964.0,78965.88281,0
2026-05-16 05:57,78960.92188,78964.00781,78960.90625,78964.0,0
2026-05-16 05:58,78928.36719,78960.92188,78928.36719,78960.92188,0
2026-05-16 05:59,78997.70312,78997.70312,78930.38281,78930.38281,0
2026-05-16 06:00,78998.00781,78998.00781,78998.0,78998.0,0
2026-05-16 06:01,78992.99219,79007.63281,78992.99219,78998.0,0
2026-05-16 06:02,78997.0,79017.03906,78997.0,79005.00781,0
2026-05-16 06:03,78989.13281,78992.99219,78960.90625,78992.99219,0
2026-05-16 06:04,78989.11719,79000.79688,78989.11719,78992.75781,0
2026-05-16 06:05,78995.64062,78995.64062,78980.96875,78980.96875,0
2026-05-16 06:06,78970.50781,78995.63281,78970.50781,78995.63281,0
2026-05-16 06:07,78966.64844,78970.52344,78966.64844,78970.50781,0
2026-05-16 06:08,78966.64844,78966.65625,78966.64844,78966.64844,2580480
2026-05-16 06:09,78931.57031,78966.65625,78924.82031,78966.65625,0
2026-05-16 06:10,78912.79688,78931.57812,78912.78906,78931.57812,0
2026-05-16 06:11,78929.65625,78929.67188,78924.14062,78924.14062,0
2026-05-16 06:12,78929.96875,78929.97656,78929.96875,78929.97656,0
2026-05-16 06:13,78888.88281,78929.96875,78888.88281,78929.96875,0
2026-05-16 06:14,78896.17188,78896.17969,78888.88281,78891.89062,0
2026-05-16 06:15,78871.64844,78889.99219,78871.64844,78889.03906,0
2026-05-16 06:16,78873.39844,78886.46094,78871.64062,78871.64062,0
2026-05-16 06:17,78875.20312,78875.20312,78873.39844,78873.39844,0
2026-05-16 06:18,78869.0,78875.1875,78869.0,78875.1875,0
2026-05-16 06:19,78869.00781,78875.5625,78857.79688,78862.14062,0
2026-05-16 06:20,78851.0,78857.8125,78851.0,78857.79688,0
2026-05-16 06:21,78788.35156,78851.0,78767.99219,78851.0,0
2026-05-16 06:22,78797.99219,78797.99219,78770.00781,78790.71875,0
2026-05-16 06:23,78803.07812,78817.28125,78785.99219,78785.99219,0
2026-05-16 06:24,78785.54688,78797.34375,78775.97656,78797.34375,0
2026-05-16 06:25,78795.25781,78805.61719,78795.25781,78801.21875,0
2026-05-16 06:26,78776.14844,78788.34375,78755.09375,78782.75,6236160
2026-05-16 06:27,78766.35938,78782.17969,78762.70312,78782.17969,115732480
2026-05-16 06:28,78775.11719,78803.14844,78756.35938,78762.71094,438272
2026-05-16 06:29,78782.85156,78794.04688,78782.85156,78782.85938,436224
2026-05-16 06:30,78803.22656,78805.97656,78774.77344,78782.85156,0
2026-05-16 06:31,78802.39062,78833.72656,78802.39062,78815.53125,0
2026-05-16 06:32,78832.59375,78832.59375,78802.39062,78802.39844,1923072
2026-05-16 06:33,78850.75,78850.75,78832.57812,78832.57812,14966784
2026-05-16 06:34,78824.28906,78850.75,78824.28906,78850.75,0
2026-05-16 06:35,78833.53125,78845.46875,78833.53125,78835.96094,0
2026-05-16 06:36,78838.61719,78838.61719,78826.29688,78833.53125,79919104
2026-05-16 06:37,78845.78125,78862.82812,78838.60938,78838.61719,0
2026-05-16 06:38,78831.00781,78845.78906,78831.00781,78844.78125,0
2026-05-16 06:39,78779.03906,78820.78906,78779.03906,78820.78906,0
2026-05-16 06:40,78765.11719,78800.3125,78755.09375,78774.57031,0
2026-05-16 06:41,78723.99219,78769.21094,78723.99219,78769.21094,0
2026-05-16 06:42,78703.67188,78723.99219,78703.67188,78723.99219,0
2026-05-16 06:43,78696.90625,78714.1875,78696.89844,78703.67188,0
2026-05-16 06:44,78701.97656,78705.54688,78696.89844,78696.89844,0
2026-05-16 06:45,78733.45312,78733.45312,78701.97656,78701.97656,0
2026-05-16 06:46,78738.64844,78738.65625,78720.84375,78734.0,0
2026-05-16 06:47,78694.90625,78745.1875,78694.90625,78745.1875,2279424
2026-05-16 06:48,78689.00781,78694.60156,78684.00781,78694.60156,0
2026-05-16 06:49,78554.79688,78687.42188,78554.79688,78681.71094,1091584
2026-05-16 06:50,78549.97656,78549.97656,78424.78906,78538.5,561152
2026-05-16 06:51,78570.38281,78591.53906,78549.95312,78549.95312,0
2026-05-16 06:52,78567.29688,78617.14844,78567.29688,78574.53125,0
2026-05-16 06:53,78628.14062,78628.14062,78594.13281,78594.13281,23216128
2026-05-16 06:54,78609.07812,78633.96875,78600.71094,78633.96875,217812992
2026-05-16 06:55,78628.14844,78628.17188,78611.89844,78611.89844,5662720
2026-05-16 06:56,78613.99219,78632.10938,78596.67969,78632.10938,0
2026-05-16 06:57,78613.99219,78632.35156,78613.99219,78613.99219,105699328
2026-05-16 06:58,78595.59375,78608.0,78555.5625,78608.0,2301952
2026-05-16 06:59,78598.04688,78605.14844,78588.00781,78595.57812,0
2026-05-16 07:00,78556.71094,78600.63281,78556.71094,78600.63281,0
2026-05-16 07:01,78569.0,78571.25,78549.71875,78564.39844,0
2026-05-16 07:02,78571.17969,78577.42188,78560.00781,78568.99219,0
2026-05-16 07:03,78554.67969,78572.0,78544.8125,78571.17188,0
2026-05-16 07:04,78601.70312,78601.70312,78558.32031,78558.32031,835584
2026-05-16 07:05,78552.3125,78592.02344,78550.0,78592.02344,0
2026-05-16 07:06,78518.24219,78540.9375,78501.5,78540.9375,12396544
2026-05-16 07:07,78479.61719,78518.24219,78479.61719,78518.24219,0
2026-05-16 07:08,78462.53906,78501.70312,78462.53906,78479.64844,13742080
2026-05-16 07:09,78421.92188,78470.67969,78421.92188,78470.67969,11411456
2026-05-16 07:10,78441.25,78441.25,78408.39062,78421.40625,0
2026-05-16 07:11,78381.95312,78450.92969,78378.99219,78450.92969,2367488
2026-05-16 07:12,78325.5625,78384.92969,78321.99219,78384.92969,0
2026-05-16 07:13,78283.95312,78283.95312,78105.84375,78265.14844,0
2026-05-16 07:14,78215.42188,78254.02344,78193.57812,78250.00781,12023808
2026-05-16 07:15,78100.45312,78231.92969,78042.42188,78225.15625,81008640
2026-05-16 07:16,78191.84375,78216.03906,78054.17969,78054.17969,29286400
2026-05-16 07:17,78303.82031,78312.96094,78186.0,78186.0,0
2026-05-16 07:18,78307.1875,78319.9375,78291.99219,78318.72656,30584832
2026-05-16 07:19,78279.99219,78302.14844,78244.20312,78302.14844,272302080
2026-05-16 07:20,78308.38281,78317.79688,78260.57812,78260.57812,5031936
2026-05-16 07:21,78319.97656,78346.75781,78265.02344,78306.77344,51593216
2026-05-16 07:22,78384.39062,78384.39062,78312.71875,78312.71875,6844416
2026-05-16 07:23,78368.77344,78386.64844,78364.90625,78374.39062,0
2026-05-16 07:24,78378.0,78378.0,78307.20312,78349.67188,239955968
2026-05-16 07:25,78427.96875,78427.96875,78367.64062,78367.64062,0
2026-05-16 07:26,78459.92969,78461.49219,78429.14062,78432.21094,0
2026-05-16 07:27,78427.3125,78472.89844,78420.00781,78459.99219,132503552
2026-05-16 07:28,78422.13281,78434.11719,78417.02344,78427.3125,0
2026-05-16 07:29,78426.53125,78431.47656,78418.60156,78426.10156,0
2026-05-16 07:30,78371.54688,78426.53906,78370.0,78426.53906,0
2026-05-16 07:31,78341.67969,78382.82812,78311.8125,78382.82812,0
2026-05-16 07:32,78373.39844,78373.39844,78328.88281,78328.88281,0
2026-05-16 07:33,78452.25,78452.25,78380.10938,78380.10938,0
2026-05-16 07:34,78420.63281,78446.21875,78420.61719,78446.21875,0
2026-05-16 07:35,78409.32812,78427.0625,78409.32812,78420.63281,0
2026-05-16 07:36,78414.27344,78416.00781,78400.0,78409.32812,0
2026-05-16 07:37,78438.0,78447.86719,78420.72656,78420.72656,0
2026-05-16 07:38,78476.10938,78477.00781,78438.0,78438.0,11843584
2026-05-16 07:39,78465.00781,78503.9375,78465.00781,78481.29688,0
2026-05-16 07:40,78506.60156,78506.60156,78449.65625,78461.4375,0
2026-05-16 07:41,78508.22656,78522.0,78504.02344,78504.61719,0
2026-05-16 07:42,78473.78906,78502.0,78470.4375,78495.42188,0
2026-05-16 07:43,78470.0,78471.5,78470.0,78471.5,16766976
2026-05-16 07:44,78452.35938,78488.00781,78452.35938,78471.50781,0
2026-05-16 07:45,78469.78125,78469.78906,78453.09375,78453.09375,0
2026-05-16 07:46,78439.89062,78469.78906,78427.09375,78469.78906,19466240
2026-05-16 07:47,78401.5,78428.71875,78397.21094,78427.09375,0
2026-05-16 07:48,78391.35938,78405.72656,78391.35938,78401.38281,135843840
2026-05-16 07:49,78382.9375,78390.84375,78381.4375,78381.45312,0
2026-05-16 07:50,78354.5,78392.92188,78342.75781,78392.92188,0
2026-05-16 07:51,78367.3125,78377.04688,78354.49219,78354.49219,0
2026-05-16 07:52,78355.0,78378.78906,78355.0,78363.04688,0
2026-05-16 07:53,78305.32812,78350.22656,78305.32812,78350.22656,0
2026-05-16 07:54,78299.32031,78305.32812,78294.71875,78305.32812,0
2026-05-16 07:55,78307.53906,78348.78906,78299.11719,78299.11719,58501120
2026-05-16 07:56,78313.42969,78313.82031,78307.53125,78307.53125,964608
2026-05-16 07:57,78324.60156,78324.60156,78303.25781,78313.42969,0
2026-05-16 07:58,78345.0625,78358.75781,78324.60938,78324.60938,3459072
2026-05-16 07:59,78328.24219,78352.3125,78328.24219,78345.07031,3721216
2026-05-16 08:00,78387.17188,78387.17188,78324.60938,78324.60938,0
2026-05-16 08:01,78349.36719,78370.0,78349.36719,78358.77344,80934912
2026-05-16 08:02,78296.24219,78349.38281,78296.24219,78349.36719,3831808
2026-05-16 08:03,78356.42188,78356.42188,78296.24219,78296.24219,0
2026-05-16 08:04,78358.75781,78358.75781,78351.78906,78352.79688,3770368
2026-05-16 08:05,78334.96094,78345.99219,78327.3125,78345.99219,0
2026-05-16 08:06,78347.59375,78349.36719,78334.88281,78334.88281,23803904
2026-05-16 08:07,78380.13281,78392.65625,78347.59375,78347.59375,2338816
2026-05-16 08:08,78400.36719,78406.22656,78380.11719,78380.11719,0
2026-05-16 08:09,78407.96094,78412.14062,78404.10156,78406.38281,0
2026-05-16 08:10,78404.74219,78404.74219,78392.92969,78397.39062,0
2026-05-16 08:11,78395.10938,78404.74219,78392.92969,78404.74219,4356096
2026-05-16 08:12,78418.54688,78418.54688,78395.10938,78395.10938,0
2026-05-16 08:13,78397.21094,78427.09375,78397.20312,78418.53906,2248704
2026-05-16 08:14,78378.3125,78392.9375,78378.3125,78392.9375,0
2026-05-16 08:15,78382.75,78382.75781,78378.3125,78378.3125,239157248
2026-05-16 08:16,78389.13281,78389.14062,78382.75,78382.75,0
2026-05-16 08:17,78378.3125,78389.14062,78378.3125,78389.13281,4153344
2026-05-16 08:18,78387.07031,78387.07031,78380.11719,78380.11719,0
2026-05-16 08:19,78388.64844,78388.64844,78378.3125,78386.46875,0
2026-05-16 08:20,78328.88281,78388.64844,78328.88281,78387.07812,0
2026-05-16 08:21,78350.21875,78350.22656,78335.8125,78335.8125,0
2026-05-16 08:22,78363.03906,78380.10938,78350.21875,78350.21875,0
2026-05-16 08:23,78364.28906,78364.28906,78341.70312,78354.5,0
2026-05-16 08:24,78370.09375,78381.72656,78367.99219,78372.1875,0
2026-05-16 08:25,78350.32812,78370.09375,78350.32812,78370.09375,2238464
2026-05-16 08:26,78352.39844,78352.40625,78350.32812,78350.32812,0
2026-05-16 08:27,78356.61719,78356.63281,78352.39844,78352.40625,131665920
2026-05-16 08:28,78367.21875,78367.22656,78356.61719,78356.61719,0
2026-05-16 08:29,78363.99219,78372.14844,78358.78125,78370.09375,0
2026-05-16 08:30,78387.28125,78387.28125,78350.24219,78363.99219,0
2026-05-16 08:31,78449.99219,78449.99219,78387.27344,78387.27344,0
2026-05-16 08:32,78444.67969,78461.24219,78444.15625,78448.85938,0
2026-05-16 08:33,78422.82031,78435.63281,78406.57812,78435.63281,0
2026-05-16 08:34,78407.84375,78427.6875,78407.84375,78413.25781,1107968
2026-05-16 08:35,78395.88281,78407.84375,78395.88281,78407.84375,1075200
2026-05-16 08:36,78392.96875,78395.89062,78388.65625,78395.88281,2869248
2026-05-16 08:37,78412.27344,78414.28125,78392.96875,78392.97656,0
2026-05-16 08:38,78452.70312,78452.70312,78412.27344,78412.27344,0
2026-05-16 08:39,78440.64062,78443.07812,78435.39844,78443.07812,0
2026-05-16 08:40,78448.85938,78459.78906,78440.64062,78440.64062,0
2026-05-16 08:41,78465.07031,78465.07031,78435.64062,78445.39062,0
2026-05-16 08:42,78465.50781,78465.52344,78452.71094,78452.71094,0
2026-05-16 08:43,78465.50781,78465.52344,78465.50781,78465.52344,9138176
2026-05-16 08:44,78414.28125,78469.36719,78414.28125,78462.3125,2502656
2026-05-16 08:45,78389.03906,78425.86719,78389.03906,78425.85938,0
2026-05-16 08:46,78403.71094,78403.71094,78375.85156,78375.85156,0
2026-05-16 08:47,78387.0,78409.77344,78382.71875,78400.75781,0
2026-05-16 08:48,78347.72656,78387.00781,78342.75781,78387.0,0
2026-05-16 08:49,78361.36719,78361.36719,78337.92969,78337.92969,0
2026-05-16 08:50,78333.14844,78353.99219,78333.14844,78353.99219,9390080
2026-05-16 08:51,78336.49219,78336.49219,78336.49219,78336.49219,0
2026-05-16 08:52,78363.03906,78379.1875,78354.1875,78358.75781,3979264
2026-05-16 08:53,78366.77344,78374.57812,78360.0,78363.03906,0
2026-05-16 08:54,78365.79688,78366.77344,78365.79688,78366.77344,0
2026-05-16 08:55,78379.85938,78379.85938,78354.5,78365.79688,9187328
2026-05-16 08:56,78354.5,78379.85938,78354.5,78379.85938,1495040
2026-05-16 08:57,78369.34375,78369.34375,78341.6875,78351.27344,128079872
2026-05-16 08:58,78380.90625,78380.90625,78365.60156,78365.60156,0
2026-05-16 08:59,78373.46094,78394.47656,78373.46094,78381.59375,1515520
2026-05-16 09:00,78392.14062,78397.1875,78373.47656,78373.47656,13273088
2026-05-16 09:01,78367.50781,78392.60938,78367.32031,78392.60938,0
2026-05-16 09:02,78342.85938,78370.82031,78342.85156,78367.60938,305152
2026-05-16 09:03,78351.60156,78356.07812,78342.85938,78342.85938,0
2026-05-16 09:04,78388.65625,78398.97656,78348.71875,78351.60156,0
2026-05-16 09:05,78362.0,78388.65625,78362.0,78388.65625,4358144
2026-05-16 09:06,78347.90625,78362.00781,78347.90625,78362.00781,0
2026-05-16 09:07,78361.53906,78366.17188,78342.71875,78347.92188,1716224
2026-05-16 09:08,78350.22656,78350.24219,78347.4375,78350.22656,0
2026-05-16 09:09,78350.22656,78350.22656,78350.22656,78350.22656,31899648
2026-05-16 09:10,78329.5,78350.22656,78329.5,78350.22656,1538048
2026-05-16 09:11,78334.0,78336.49219,78328.67188,78328.67188,0
2026-05-16 09:12,78311.79688,78334.0,78311.79688,78334.0,0
2026-05-16 09:13,78264.82812,78295.75,78204.96875,78295.75,0
2026-05-16 09:14,78222.13281,78241.99219,78222.13281,78234.9375,0
2026-05-16 09:15,78206.09375,78227.90625,78179.4375,78227.90625,0
2026-05-16 09:16,78199.4375,78206.09375,78196.50781,78206.09375,4390912
2026-05-16 09:17,78050.0,78188.39844,78050.0,78181.00781,3774464
2026-05-16 09:18,77963.99219,78056.00781,77900.0,77947.97656,0
2026-05-16 09:19,77976.0,78008.61719,77895.92188,77995.8125,0
2026-05-16 09:20,78007.00781,78007.00781,77915.27344,77936.88281,2660352
2026-05-16 09:21,78004.34375,78031.92188,77978.92188,78003.46875,113147904
2026-05-16 09:22,77987.36719,77995.8125,77893.09375,77991.54688,13979648
2026-05-16 09:23,78067.97656,78067.97656,77965.92969,77974.47656,10452992
2026-05-16 09:24,78013.28125,78075.97656,77991.54688,78075.97656,0
2026-05-16 09:25,78021.45312,78070.46094,78004.36719,78004.36719,355448832
2026-05-16 09:26,78036.96094,78071.21094,78025.17969,78039.6875,4356096
2026-05-16 09:27,78044.5625,78051.32812,78034.79688,78041.84375,72583168
2026-05-16 09:28,77980.78906,78038.52344,77971.14062,78038.52344,25714688
2026-05-16 09:29,78018.42969,78018.42969,77983.00781,77983.00781,4538368
2026-05-16 09:30,78012.90625,78034.25,78012.89844,78021.4375,0
2026-05-16 09:31,78047.0625,78047.0625,78004.35156,78004.35938,0
2026-05-16 09:32,78047.14844,78048.00781,78038.53125,78047.39062,0
2026-05-16 09:33,78044.96094,78055.60156,78044.96094,78054.25,181358592
2026-05-16 09:34,78106.85156,78128.0,78055.59375,78055.59375,999424
2026-05-16 09:35,78140.39844,78140.39844,78106.85156,78111.46875,0
2026-05-16 09:36,78134.02344,78144.88281,78128.20312,78144.88281,0
2026-05-16 09:37,78076.96094,78137.35938,78076.96094,78134.03906,4747264
2026-05-16 09:38,78089.75781,78115.34375,78072.6875,78072.6875,1040384
2026-05-16 09:39,78101.46875,78105.70312,78097.36719,78097.36719,63967232
2026-05-16 09:40,78098.42969,78110.17969,78095.60938,78105.47656,0
2026-05-16 09:41,78069.85938,78118.21875,78068.42188,78096.85938,512000
2026-05-16 09:42,78074.04688,78081.21875,78059.88281,78081.21875,40951808
2026-05-16 09:43,78079.99219,78080.0,78079.9375,78080.0,0
2026-05-16 09:44,78077.25781,78079.99219,78077.17969,78079.99219,0
2026-05-16 09:45,78115.39062,78126.6875,78074.72656,78077.42188,0
2026-05-16 09:46,78142.00781,78158.71094,78132.46094,78132.46094,20828160
2026-05-16 09:47,78158.0,78158.07812,78142.00781,78142.00781,0
2026-05-16 09:48,78094.03906,78148.35938,78081.22656,78148.35938,5345280
2026-05-16 09:49,78014.45312,78094.03906,78004.36719,78094.03906,0
2026-05-16 09:50,78034.25,78034.25,77973.96875,78010.07812,5632000
2026-05-16 09:51,78056.00781,78064.14062,78034.25781,78034.25781,0
2026-05-16 09:52,78076.32031,78076.32031,78046.57031,78055.15625,39407616
2026-05-16 09:53,78078.82812,78084.79688,78071.32812,78071.32812,2330624
2026-05-16 09:54,78091.07812,78097.6875,78078.0,78078.03906,0
2026-05-16 09:55,78081.22656,78094.40625,78081.22656,78089.0,212992
2026-05-16 09:56,78040.50781,78081.22656,78040.50781,78081.22656,0
2026-05-16 09:57,78038.00781,78046.49219,78032.15625,78038.53125,146071552
2026-05-16 09:58,78056.0,78056.0,78038.00781,78038.00781,729088
2026-05-16 09:59,78042.79688,78064.14062,78042.79688,78056.0,0
2026-05-16 10:00,78064.14062,78064.14062,78009.75781,78042.78906,11177984
2026-05-16 10:01,77949.20312,78064.14062,77949.20312,78064.14062,0
2026-05-16 10:02,77933.67969,77973.0,77908.72656,77937.97656,0
2026-05-16 10:03,77936.03125,77936.03125,77902.0,77934.45312,0
2026-05-16 10:04,77922.78906,77929.07812,77918.97656,77925.17969,0
2026-05-16 10:05,77931.78125,77951.21094,77927.49219,77927.49219,0
2026-05-16 10:06,77905.54688,77931.97656,77905.54688,77927.53125,22740992
2026-05-16 10:07,77893.25781,77918.95312,77890.99219,77913.97656,0
2026-05-16 10:08,77830.6875,77900.0,77795.13281,77899.71094,8507392
2026-05-16 10:09,77853.1875,77869.64844,77790.0,77869.64844,95911936
2026-05-16 10:10,77859.42188,77868.00781,77786.59375,77843.96094,2985984
2026-05-16 10:11,77798.0,77868.96875,77798.0,77863.4375,2265088
2026-05-16 10:12,77799.99219,77800.03125,77778.14844,77800.03125,0
2026-05-16 10:13,77882.85938,77882.85938,77799.99219,77799.99219,25673728
2026-05-16 10:14,77879.97656,77889.4375,77876.25781,77884.79688,5787648
2026-05-16 10:15,77915.00781,77923.21875,77879.97656,77879.97656,75051008
2026-05-16 10:16,77867.90625,77906.15625,77855.84375,77904.59375,299008
2026-05-16 10:17,77829.28125,77860.88281,77802.60938,77842.89844,0
2026-05-16 10:18,77855.11719,77871.97656,77833.5625,77833.5625,76886016
2026-05-16 10:19,77874.14062,77892.78906,77852.28125,77852.28125,3194880
2026-05-16 10:20,77863.45312,77874.77344,77863.45312,77874.75781,2412544
2026-05-16 10:21,77870.1875,77870.1875,77860.0,77863.46094,75636736
2026-05-16 10:22,77821.54688,77854.92188,77821.54688,77854.92188,0
2026-05-16 10:23,77829.28125,77829.28125,77807.9375,77807.9375,0
2026-05-16 10:24,77829.53125,77829.53125,77814.96875,77829.28125,143495168
2026-05-16 10:25,77820.75,77842.10156,77795.14062,77842.10156,6275072
2026-05-16 10:26,77828.25,77829.28906,77818.00781,77818.00781,0
2026-05-16 10:27,77780.03125,77816.47656,77780.03125,77816.47656,91860992
2026-05-16 10:28,77611.35938,77782.74219,77611.35938,77782.74219,0
2026-05-16 10:29,77738.46094,77778.03906,77686.0,77686.0,4280320
2026-05-16 10:30,77766.65625,77791.15625,77729.02344,77729.02344,71110656
2026-05-16 10:31,77749.85156,77784.52344,77749.85156,77767.40625,11345920
2026-05-16 10:32,77869.71094,77874.75781,77752.57812,77752.57812,34574336
2026-05-16 10:33,77918.79688,77933.84375,77876.25781,77876.25781,0
2026-05-16 10:34,77880.53125,77914.6875,77880.53125,77914.6875,218005504
2026-05-16 10:35,77920.10938,77945.72656,77904.00781,77904.00781,13336576
2026-05-16 10:36,77862.03125,77924.71875,77857.65625,77924.71875,181608448
2026-05-16 10:37,77833.54688,77859.15625,77826.14062,77853.92188,25772032
2026-05-16 10:38,77834.53125,77855.71094,77807.95312,77833.54688,0
2026-05-16 10:39,77852.02344,77852.02344,77825.02344,77836.67188,6606848
2026-05-16 10:40,77829.28906,77846.0,77829.28906,77845.99219,108879872
2026-05-16 10:41,77854.67188,77854.67188,77823.53125,77824.90625,13017088
2026-05-16 10:42,77875.24219,77875.25,77850.45312,77854.67188,112033792
2026-05-16 10:43,77850.03906,77885.89062,77846.03906,77885.88281,0
2026-05-16 10:44,77855.60938,77855.60938,77852.61719,77852.63281,0
2026-05-16 10:45,77854.29688,77855.61719,77837.82812,77855.61719,96796672
2026-05-16 10:46,77876.25781,77876.25781,77849.46875,77854.29688,4186112
2026-05-16 10:47,77900.9375,77906.14844,77881.77344,77881.77344,831488
2026-05-16 10:48,77897.61719,77922.39062,77897.61719,77910.40625,50671616
2026-05-16 10:49,77890.10938,77897.60938,77890.0,77897.60938,0
2026-05-16 10:50,77907.17969,77907.17969,77858.35156,77881.99219,2600960
2026-05-16 10:51,77889.25781,77918.92188,77883.10938,77909.07812,3690496
2026-05-16 10:52,77927.49219,77927.49219,77889.25781,77889.25781,4730880
2026-05-16 10:53,77883.17188,77927.49219,77883.17188,77927.49219,0
2026-05-16 10:54,77884.95312,77884.95312,77877.35938,77877.35938,0
2026-05-16 10:55,77925.40625,77925.40625,77878.64062,77878.64062,0
2026-05-16 10:56,77938.17969,77938.17969,77916.03125,77916.03125,0
2026-05-16 10:57,77920.99219,77949.99219,77918.96094,77938.17969,73179136
2026-05-16 10:58,77919.50781,77920.0,77906.14844,77920.0,0
2026-05-16 10:59,77931.49219,77931.49219,77919.6875,77919.6875,0
2026-05-16 11:00,78039.49219,78039.49219,77943.75781,77943.75781,0
2026-05-16 11:01,78005.14844,78024.00781,78004.36719,78021.4375,0
2026-05-16 11:02,78004.11719,78036.4375,78004.11719,78018.99219,610304
2026-05-16 11:03,78016.0,78019.3125,78001.0,78001.0,83755008
2026-05-16 11:04,78027.0,78027.0,78008.63281,78015.99219,0
2026-05-16 11:05,78003.53125,78012.89844,78001.00781,78012.89844,0
2026-05-16 11:06,77985.00781,78003.53125,77981.99219,78003.53125,0
2026-05-16 11:07,78006.0,78022.24219,77978.74219,77984.04688,0
2026-05-16 11:08,78000.0,78021.4375,78000.0,78011.61719,1527808
2026-05-16 11:09,78002.54688,78020.70312,77999.99219,77999.99219,83214336
2026-05-16 11:10,78012.53906,78013.52344,78003.53906,78003.53906,0
2026-05-16 11:11,78005.74219,78012.89062,78001.96875,78012.89062,11362304
2026-05-16 11:12,78021.4375,78021.4375,78003.10156,78003.10156,75460608
2026-05-16 11:13,78064.42969,78065.28906,78024.99219,78024.99219,860160
2026-05-16 11:14,78049.25,78072.0,78049.21094,78064.42969,2994176
2026-05-16 11:15,78070.85938,78070.85938,78043.54688,78049.25781,0
2026-05-16 11:16,78102.57031,78116.88281,78070.85938,78070.85938,50515968
2026-05-16 11:17,78085.47656,78092.78906,78072.6875,78091.14062,0
2026-05-16 11:18,78116.39844,78131.99219,78089.75,78089.75,157618176
2026-05-16 11:19,78110.00781,78117.0625,78092.57812,78117.0625,4497408
2026-05-16 11:20,78099.29688,78110.00781,78096.0,78110.00781,1961984
2026-05-16 11:21,78048.71875,78065.72656,78044.92969,78065.70312,0
2026-05-16 11:22,78032.6875,78048.20312,78032.6875,78048.20312,0
2026-05-16 11:23,78051.40625,78060.00781,78046.86719,78046.86719,6324224
2026-05-16 11:24,78047.04688,78047.04688,78034.25781,78038.53125,37150720
2026-05-16 11:25,78057.97656,78060.99219,78047.32812,78047.32812,0
2026-05-16 11:26,78072.77344,78072.77344,78061.24219,78061.24219,0
2026-05-16 11:27,78082.65625,78082.65625,78072.77344,78072.77344,4665344
2026-05-16 11:28,78100.6875,78103.72656,78089.75,78089.75,0
2026-05-16 11:29,78104.42969,78104.42969,78091.85156,78100.67969,0
2026-05-16 11:30,78081.21875,78107.32031,78079.28906,78104.42969,0
2026-05-16 11:31,78067.38281,78097.03125,78067.38281,78081.22656,0
2026-05-16 11:32,78087.52344,78087.53125,78076.72656,78076.72656,2826240
2026-05-16 11:33,78095.89844,78095.89844,78087.52344,78087.52344,9342976
2026-05-16 11:34,78099.74219,78103.85156,78097.40625,78098.29688,2490368
2026-05-16 11:35,78157.67969,78157.67969,78099.74219,78099.74219,573440
2026-05-16 11:36,78134.21094,78156.1875,78133.21094,78148.00781,0
2026-05-16 11:37,78152.74219,78152.74219,78131.1875,78131.1875,0
2026-05-16 11:38,78129.46094,78139.39844,78129.45312,78139.07031,0
2026-05-16 11:39,78149.20312,78149.20312,78128.21094,78128.21094,0
2026-05-16 11:40,78125.50781,78144.11719,78125.50781,78144.11719,2150400
2026-05-16 11:41,78138.74219,78141.0,78120.0625,78120.0625,2600960
2026-05-16 11:42,78128.21094,78128.21094,78128.1875,78128.20312,0
2026-05-16 11:43,78137.14844,78139.47656,78128.20312,78128.20312,209412096
2026-05-16 11:44,78128.21094,78143.46875,78128.21094,78136.0,1183744
2026-05-16 11:45,78115.0,78140.99219,78115.0,78126.65625,25657344
2026-05-16 11:46,78103.15625,78111.9375,78100.22656,78111.11719,0
2026-05-16 11:47,78107.90625,78108.75,78104.50781,78104.50781,0
2026-05-16 11:48,78107.96875,78110.99219,78107.92188,78107.92188,29941760
2026-05-16 11:49,78083.92188,78107.96875,78082.53125,78107.96875,0
2026-05-16 11:50,78081.25781,78088.46094,78081.21875,78088.46094,0
2026-05-16 11:51,78054.07812,78073.28906,78051.34375,78073.28906,0
2026-05-16 11:52,78058.60156,78076.97656,78055.54688,78055.64844,0
2026-05-16 11:53,78064.15625,78067.29688,78062.78125,78067.29688,0
2026-05-16 11:54,78064.20312,78064.20312,78055.60938,78064.20312,0
2026-05-16 11:55,78051.34375,78067.77344,78051.34375,78064.1875,1875968
2026-05-16 11:56,78051.32812,78051.32812,78042.97656,78051.32812,0
2026-05-16 11:57,78050.86719,78058.64844,78045.6875,78051.36719,17920000
2026-05-16 11:58,78064.13281,78064.13281,78050.85938,78050.85938,0
2026-05-16 11:59,78047.67969,78064.13281,78047.67969,78064.13281,2703360
2026-05-16 12:00,78035.46875,78042.97656,78032.04688,78042.97656,364544
2026-05-16 12:01,78011.99219,78035.49219,78004.36719,78035.47656,0
2026-05-16 12:02,78031.85156,78031.85156,78029.96875,78029.96875,15466496
2026-05-16 12:03,78069.79688,78093.90625,78034.24219,78034.24219,0
2026-05-16 12:04,78062.9375,78072.9375,78057.21875,78058.70312,111792128
2026-05-16 12:05,78067.59375,78067.59375,78057.22656,78062.9375,0
2026-05-16 12:06,78068.03125,78068.03125,78066.1875,78067.59375,0
2026-05-16 12:07,78058.95312,78069.63281,78053.45312,78068.03906,1572864
2026-05-16 12:08,78040.32812,78058.95312,78040.32031,78058.95312,0
2026-05-16 12:09,78040.03906,78040.35938,78039.99219,78040.32812,15589376
2026-05-16 12:10,78040.0,78041.85938,78040.0,78040.04688,0
2026-05-16 12:11,78042.78906,78042.78906,78040.0,78040.0,192512
2026-05-16 12:12,78011.64844,78042.79688,78011.63281,78042.78906,14430208
2026-05-16 12:13,78025.70312,78025.70312,78008.63281,78011.64062,0
2026-05-16 12:14,78039.02344,78040.70312,78027.03906,78027.04688,0
2026-05-16 12:15,78032.36719,78048.86719,78032.36719,78048.86719,0
2026-05-16 12:16,77998.78125,78012.90625,77988.04688,78012.90625,0
2026-05-16 12:17,77986.79688,77986.79688,77970.21094,77985.53906,0
2026-05-16 12:18,77966.21875,77991.53906,77966.21094,77986.79688,11960320
2026-05-16 12:19,77955.47656,77982.89062,77953.17188,77966.21094,0
2026-05-16 12:20,77962.92969,77962.9375,77947.67969,77955.15625,0
2026-05-16 12:21,77956.47656,77978.07812,77956.47656,77964.78906,0
2026-05-16 12:22,77961.10938,77962.67969,77951.90625,77956.47656,0
2026-05-16 12:23,77999.99219,78000.0,77962.57812,77962.57812,794624
2026-05-16 12:24,77934.6875,77989.29688,77934.67969,77989.28906,0
2026-05-16 12:25,77935.00781,77935.00781,77925.29688,77934.57031,25743360
2026-05-16 12:26,77963.4375,77964.75781,77935.00781,77935.00781,0
2026-05-16 12:27,77914.6875,77960.07031,77914.6875,77960.07031,139583488
2026-05-16 12:28,77897.60156,77907.61719,77886.36719,77897.03906,897024
2026-05-16 12:29,77956.0,77956.0,77895.00781,77896.6875,0
2026-05-16 12:30,77980.28125,77986.32812,77965.1875,77965.1875,24977408
2026-05-16 12:31,78005.88281,78005.88281,77978.42188,77980.8125,0
2026-05-16 12:32,78008.61719,78008.61719,78000.09375,78003.75781,4521984
2026-05-16 12:33,78047.04688,78047.04688,78011.96875,78011.96875,52641792
2026-05-16 12:34,78047.0625,78048.61719,78047.04688,78047.0625,0
2026-05-16 12:35,78029.07812,78034.82812,78018.99219,78025.71094,0
2026-05-16 12:36,78040.0,78040.00781,78029.07812,78029.07812,0
2026-05-16 12:37,78025.38281,78025.71875,78021.4375,78025.71094,0
2026-05-16 12:38,78042.78906,78047.0625,78040.0,78040.0,1138688
2026-05-16 12:39,78027.70312,78041.21875,78025.57031,78041.21875,6828032
2026-05-16 12:40,78038.0,78038.00781,78027.6875,78027.6875,0
2026-05-16 12:41,78047.04688,78047.04688,78037.0,78037.0,4681728
2026-05-16 12:42,78042.65625,78045.14062,78041.21094,78041.21094,6905856
2026-05-16 12:43,78025.0,78041.24219,78025.0,78041.22656,0
2026-05-16 12:44,78036.79688,78036.79688,78025.0,78025.00781,1269760
2026-05-16 12:45,78038.5,78038.50781,78029.97656,78035.0625,0
2026-05-16 12:46,78023.09375,78038.50781,78020.00781,78038.50781,13692928
2026-05-16 12:47,78043.78906,78043.78906,78020.0,78023.09375,880640
2026-05-16 12:48,78074.6875,78074.6875,78043.78906,78043.78906,0
2026-05-16 12:49,78025.99219,78081.96094,78025.99219,78075.42969,0
2026-05-16 12:50,78052.47656,78052.47656,78010.77344,78010.77344,0
2026-05-16 12:51,78052.47656,78052.49219,78052.47656,78052.49219,33783808
2026-05-16 12:52,78055.60156,78067.52344,78052.47656,78052.47656,2998272
2026-05-16 12:53,78021.4375,78053.60938,78021.4375,78053.60156,11800576
2026-05-16 12:54,78000.07812,78021.46094,77983.02344,78021.46094,14348288
2026-05-16 12:55,77998.07812,78000.09375,77993.60938,78000.09375,0
2026-05-16 12:56,77993.61719,78001.0,77993.60938,77998.07812,0
2026-05-16 12:57,77994.65625,77998.74219,77987.28906,77993.61719,11767808
2026-05-16 12:58,77975.75,77996.22656,77975.75,77994.63281,0
2026-05-16 12:59,77973.21875,77975.95312,77973.21094,77974.38281,1572864
2026-05-16 13:00,77977.35938,77977.35938,77961.67188,77973.21094,0
2026-05-16 13:01,77954.39062,77977.35938,77954.39062,77977.35938,0
2026-05-16 13:02,77914.6875,77953.13281,77914.6875,77953.13281,0
2026-05-16 13:03,77932.8125,77935.92188,77922.0,77922.0,0
2026-05-16 13:04,77939.99219,77943.0625,77932.82031,77932.82031,0
2026-05-16 13:05,77935.92969,77939.99219,77927.50781,77939.99219,0
2026-05-16 13:06,77929.57812,77935.92969,77923.22656,77935.92969,0
2026-05-16 13:07,77929.59375,77931.10156,77929.57031,77929.57812,0
2026-05-16 13:08,77949.96875,77972.53906,77930.67188,77930.67188,0
2026-05-16 13:09,77945.71875,77949.97656,77938.67188,77949.97656,105287680
2026-05-16 13:10,77976.02344,77976.02344,77940.78906,77940.78906,0
2026-05-16 13:11,77928.9375,77961.67188,77928.9375,77961.67188,0
2026-05-16 13:12,77898.46094,77932.46094,77898.46094,77932.46094,0
2026-05-16 13:13,77868.46094,77898.46094,77851.96094,77898.46094,0
2026-05-16 13:14,77863.75,77867.71094,77858.71094,77863.64062,0
2026-05-16 13:15,77866.0,77869.65625,77863.72656,77863.72656,0
2026-05-16 13:16,77869.67188,77869.67188,77866.49219,77866.49219,0
2026-05-16 13:17,77854.90625,77869.67188,77854.90625,77869.67188,0
2026-05-16 13:18,77865.90625,77869.67188,77833.5625,77850.65625,0
2026-05-16 13:19,77948.84375,77948.84375,77869.65625,77869.65625,0
2026-05-16 13:20,77935.40625,77939.8125,77923.24219,77939.8125,0
2026-05-16 13:21,77909.85938,77948.29688,77909.85938,77935.40625,0
2026-05-16 13:22,77873.99219,77909.86719,77873.99219,77909.86719,0
2026-05-16 13:23,77884.79688,77895.99219,77873.99219,77873.99219,1814528
2026-05-16 13:24,77854.90625,77888.82812,77854.90625,77886.0,10178560
2026-05-16 13:25,77859.24219,77860.07812,77851.95312,77852.5,0
2026-05-16 13:26,77874.90625,77883.25781,77864.5,77864.5,0
2026-05-16 13:27,77879.64844,77879.64844,77855.0,77874.8125,0
2026-05-16 13:28,77898.92969,77898.92969,77877.3125,77877.3125,110940160
2026-05-16 13:29,77929.03906,77932.27344,77899.97656,77899.97656,0
2026-05-16 13:30,77934.75781,77934.75781,77901.88281,77924.00781,0
2026-05-16 13:31,77932.25781,77935.00781,77917.40625,77934.75,0
2026-05-16 13:32,77916.28906,77926.95312,77912.77344,77912.77344,2326528
2026-05-16 13:33,77901.89062,77904.57812,77877.95312,77897.60938,0
2026-05-16 13:34,77864.25781,77901.88281,77864.25781,77901.88281,0
2026-05-16 13:35,77871.99219,77871.99219,77856.9375,77863.74219,0
2026-05-16 13:36,77840.21094,77871.34375,77840.21094,77871.34375,0
2026-05-16 13:37,77812.21094,77826.45312,77799.97656,77826.45312,0
2026-05-16 13:38,77819.36719,77825.21875,77814.0,77814.10156,0
2026-05-16 13:39,77843.60156,77847.36719,77819.36719,77819.38281,0
2026-05-16 13:40,77846.84375,77862.65625,77843.82031,77849.99219,0
2026-05-16 13:41,77838.60938,77847.25781,77835.85938,77847.25781,0
2026-05-16 13:42,77851.89844,77851.99219,77835.84375,77835.84375,0
2026-05-16 13:43,77852.10938,77864.0,77851.5625,77851.9375,0
2026-05-16 13:44,77863.99219,77864.0,77845.71094,77852.10156,0
2026-05-16 13:45,77857.10156,77864.0,77857.10156,77863.99219,0
2026-05-16 13:46,77850.64844,77864.0,77850.64062,77864.0,0
2026-05-16 13:47,77850.14062,77864.0,77850.14062,77863.99219,0
2026-05-16 13:48,77871.04688,77876.04688,77861.24219,77862.00781,0
2026-05-16 13:49,77881.99219,77882.09375,77867.89844,77871.04688,0
2026-05-16 13:50,77892.42188,77893.14062,77871.99219,77884.78906,0
2026-05-16 13:51,77895.74219,77900.0,77872.02344,77883.28125,0
2026-05-16 13:52,77904.07812,77904.07812,77895.72656,77895.72656,0
2026-05-16 13:53,77917.13281,77917.13281,77906.6875,77906.6875,0
2026-05-16 13:54,77921.1875,77928.72656,77914.03906,77914.03906,0
2026-05-16 13:55,77922.0,77927.84375,77921.1875,77921.1875,0
2026-05-16 13:56,77926.54688,77929.89062,77920.3125,77922.0,0
2026-05-16 13:57,77960.60938,77966.97656,77926.99219,77926.99219,0
2026-05-16 13:58,77960.54688,77964.13281,77959.75,77960.60156,0
2026-05-16 13:59,77981.88281,77981.88281,77944.59375,77960.46094,0
2026-05-16 14:00,77964.61719,78005.70312,77964.60938,77997.14062,0
2026-05-16 14:01,77917.74219,77957.39844,77917.74219,77957.39844,0
2026-05-16 14:02,77923.0,77923.0,77917.86719,77917.86719,0
2026-05-16 14:03,77921.50781,77923.00781,77921.50781,77923.0,0
2026-05-16 14:04,77882.5625,77921.50781,77882.5625,77921.50781,0
2026-05-16 14:05,77883.82031,77883.82031,77854.92188,77871.99219,0
2026-05-16 14:06,77893.40625,77893.60938,77881.90625,77881.90625,0
2026-05-16 14:07,77903.14062,77903.14844,77885.22656,77893.40625,0
2026-05-16 14:08,77924.60156,77924.63281,77889.07031,77903.14062,0
2026-05-16 14:09,77901.88281,77924.60938,77901.88281,77924.60938,0
2026-05-16 14:10,77908.95312,77908.95312,77888.03906,77895.0625,0
2026-05-16 14:11,77918.95312,77918.95312,77898.17188,77907.39062,0
2026-05-16 14:12,77907.14844,77930.53906,77906.14844,77924.21875,127600640
2026-05-16 14:13,77911.15625,77911.17188,77907.14062,77907.14844,0
2026-05-16 14:14,77925.89062,77927.5,77918.1875,77918.1875,0
2026-05-16 14:15,77919.96875,77936.84375,77916.75781,77929.28125,0
2026-05-16 14:16,77898.00781,77927.50781,77898.00781,77927.50781,0
2026-05-16 14:17,77898.75,77901.89844,77895.04688,77901.89844,0
2026-05-16 14:18,77882.3125,77889.07812,77872.02344,77889.07812,0
2026-05-16 14:19,77883.13281,77884.78906,77867.71094,77882.3125,8550400
2026-05-16 14:20,77884.79688,77884.79688,77874.42969,77880.96875,0
2026-05-16 14:21,77898.78906,77906.50781,77884.79688,77884.79688,0
2026-05-16 14:22,77901.53906,77904.8125,77901.53906,77904.8125,0
2026-05-16 14:23,77911.97656,77911.97656,77901.88281,77903.17188,0
2026-05-16 14:24,77952.17969,77959.85156,77911.97656,77911.97656,0
2026-05-16 14:25,78008.42188,78008.64062,77952.17969,77952.17969,0
2026-05-16 14:26,77991.10156,78008.42188,77988.02344,78008.42188,0
2026-05-16 14:27,77966.99219,77974.47656,77965.99219,77974.47656,0
2026-05-16 14:28,77949.32031,77965.99219,77934.77344,77965.99219,0
2026-05-16 14:29,77946.11719,77946.11719,77938.90625,77943.40625,0
2026-05-16 14:30,77973.97656,77991.54688,77973.97656,77982.9375,0
2026-05-16 14:31,78008.38281,78008.40625,77980.00781,77980.00781,0
2026-05-16 14:32,78008.39062,78008.39062,77990.82812,78008.39062,0
2026-05-16 14:33,78058.0,78058.0,78008.39062,78008.39062,0
2026-05-16 14:34,78064.92969,78067.13281,78058.0,78058.0,0
2026-05-16 14:35,78064.14844,78091.79688,78064.14844,78081.96875,0
2026-05-16 14:36,78048.28906,78051.34375,78047.07031,78051.34375,0
2026-05-16 14:37,78105.40625,78106.97656,78051.47656,78055.46875,0
2026-05-16 14:38,78102.57031,78107.79688,78090.00781,78105.40625,0
2026-05-16 14:39,78077.42969,78106.82812,78072.6875,78106.82812,0
2026-05-16 14:40,78098.00781,78104.09375,78077.42969,78077.42969,0
2026-05-16 14:41,78132.0,78132.0,78102.00781,78102.00781,0
2026-05-16 14:42,78134.67188,78138.11719,78130.78125,78130.78125,1382400
2026-05-16 14:43,78182.04688,78182.04688,78134.65625,78134.67188,0
2026-05-16 14:44,78186.25,78186.25,78182.78906,78182.78906,0
2026-05-16 14:45,78232.27344,78244.6875,78177.07812,78177.07812,0
2026-05-16 14:46,78209.3125,78283.54688,78209.3125,78240.49219,12941312
2026-05-16 14:47,78131.75,78197.82812,78131.75,78197.82812,0
2026-05-16 14:48,78153.8125,78153.8125,78129.00781,78129.00781,0
2026-05-16 14:49,78143.99219,78153.79688,78128.82031,78153.79688,3319808
2026-05-16 14:50,78106.85156,78145.27344,78106.85156,78143.99219,0
2026-05-16 14:51,78140.03906,78140.03906,78117.9375,78117.9375,0
2026-05-16 14:52,78137.34375,78140.8125,78134.75781,78140.03906,0
2026-05-16 14:53,78071.78906,78111.11719,78068.42188,78111.11719,0
2026-05-16 14:54,78084.07031,78084.07031,78071.82031,78071.82031,0
2026-05-16 14:55,78095.53125,78095.53125,78077.78125,78084.07031,0
2026-05-16 14:56,78102.0625,78112.0,78095.53125,78095.53125,0
2026-05-16 14:57,78090.53125,78098.3125,78090.53125,78098.3125,0
2026-05-16 14:58,78098.29688,78098.29688,78076.96094,78090.53125,0
2026-05-16 14:59,78094.59375,78098.29688,78091.42188,78098.29688,0
2026-05-16 15:00,78111.46094,78111.46094,78091.57812,78091.57812,72769536
2026-05-16 15:01,78147.07812,78149.53906,78109.14062,78117.17969,0
2026-05-16 15:02,78185.21094,78185.21094,78147.07812,78147.07812,0
2026-05-16 15:03,78170.75,78171.29688,78166.63281,78171.29688,0
2026-05-16 15:04,78168.00781,78176.39844,78168.00781,78170.75,0
2026-05-16 15:05,78108.21875,78165.82031,78108.21875,78164.00781,0
2026-05-16 15:06,78093.45312,78117.75,78090.00781,78102.57812,0
2026-05-16 15:07,78059.07812,78093.45312,78059.07812,78093.45312,0
2026-05-16 15:08,78064.70312,78068.10938,78051.96875,78059.07812,0
2026-05-16 15:09,78089.75,78093.96094,78076.95312,78076.95312,0
2026-05-16 15:10,78045.0,78085.40625,78045.0,78085.40625,0
2026-05-16 15:11,78059.85938,78059.85938,78040.0,78044.99219,0
2026-05-16 15:12,78063.67188,78076.95312,78057.17188,78059.85938,0
2026-05-16 15:13,78084.96875,78084.96875,78063.67188,78063.67188,0
2026-05-16 15:14,78089.02344,78089.02344,78084.42188,78085.29688,0
2026-05-16 15:15,78109.42188,78109.42188,78089.02344,78089.02344,1947353088
2026-05-16 15:16,78092.46875,78119.64844,78092.46875,78119.64844,0
2026-05-16 15:17,78065.47656,78092.46875,78051.35156,78092.46875,0
2026-05-16 15:18,78094.13281,78094.13281,78060.00781,78060.6875,0
2026-05-16 15:19,78094.75781,78094.75781,78094.11719,78094.11719,0
2026-05-16 15:20,78096.38281,78096.38281,78094.75,78094.75781,0
2026-05-16 15:21,78055.61719,78080.89844,78055.61719,78080.89062,0
2026-05-16 15:22,78075.07031,78083.5,78055.60938,78055.60938,0
2026-05-16 15:23,78081.21094,78081.21094,78055.60156,78075.07812,4829184
2026-05-16 15:24,78109.99219,78109.99219,78094.75,78094.75,0
2026-05-16 15:25,78145.32812,78153.79688,78117.5625,78117.5625,76034048
2026-05-16 15:26,78157.99219,78157.99219,78145.32812,78145.32812,0
2026-05-16 15:27,78142.72656,78158.0,78142.72656,78158.0,4784128
2026-05-16 15:28,78142.00781,78146.82031,78142.0,78142.72656,0
2026-05-16 15:29,78080.67188,78142.00781,78080.67188,78142.0,0
2026-05-16 15:30,78130.6875,78130.70312,78111.64844,78111.64844,0
2026-05-16 15:31,78162.71094,78163.4375,78130.6875,78130.70312,0
2026-05-16 15:32,78162.74219,78190.0,78162.72656,78163.4375,0
2026-05-16 15:33,78179.42969,78194.47656,78160.60938,78160.60938,0
2026-05-16 15:34,78169.54688,78169.54688,78162.71875,78162.71875,0
2026-05-16 15:35,78169.54688,78169.54688,78169.53906,78169.53906,0
2026-05-16 15:36,78172.02344,78187.61719,78169.53906,78169.54688,0
2026-05-16 15:37,78183.47656,78183.49219,78172.02344,78172.02344,0
2026-05-16 15:38,78196.50781,78196.50781,78187.60938,78187.60938,0
2026-05-16 15:39,78192.24219,78201.34375,78190.47656,78198.07812,0
2026-05-16 15:40,78170.79688,78190.00781,78170.78125,78190.00781,0
2026-05-16 15:41,78139.47656,78170.79688,78139.47656,78170.79688,0
2026-05-16 15:42,78159.99219,78159.99219,78149.82031,78151.20312,0
2026-05-16 15:43,78184.17969,78184.1875,78159.99219,78159.99219,0
2026-05-16 15:44,78177.65625,78184.17969,78171.95312,78184.17969,0
2026-05-16 15:45,78205.24219,78205.24219,78173.79688,78179.22656,0
2026-05-16 15:46,78207.28125,78207.28906,78205.88281,78205.88281,0
2026-05-16 15:47,78235.39062,78235.39062,78195.67969,78195.67969,0
2026-05-16 15:48,78239.1875,78239.20312,78229.67188,78235.39062,0
2026-05-16 15:49,78222.21875,78249.99219,78222.21875,78239.1875,0
2026-05-16 15:50,78200.0,78223.04688,78200.0,78222.5,0
2026-05-16 15:51,78201.82812,78202.32812,78198.64844,78198.64844,0
2026-05-16 15:52,78213.40625,78213.40625,78198.92188,78201.82812,0
2026-05-16 15:53,78202.10938,78213.42188,78202.10938,78213.15625,0
2026-05-16 15:54,78194.40625,78213.42188,78191.8125,78206.20312,147841024
2026-05-16 15:55,78222.11719,78222.13281,78198.49219,78198.49219,0
2026-05-16 15:56,78192.64844,78222.13281,78192.10938,78222.13281,0
2026-05-16 15:57,78199.14844,78205.04688,78192.32812,78192.64062,0
2026-05-16 15:58,78201.64062,78205.03906,78199.6875,78200.89844,710656
2026-05-16 15:59,78201.42969,78204.03906,78200.07812,78201.61719,368640
2026-05-16 16:00,78179.47656,78189.49219,78179.47656,78185.78906,0
2026-05-16 16:01,78191.47656,78193.21875,78159.40625,78179.47656,0
2026-05-16 16:02,78216.71875,78217.32812,78187.57031,78187.57812,0
2026-05-16 16:03,78257.07812,78257.07812,78218.14062,78218.14062,0
2026-05-16 16:04,78305.85938,78328.86719,78290.39844,78290.39844,5666816
2026-05-16 16:05,78243.5,78304.24219,78243.5,78304.24219,0
2026-05-16 16:06,78248.21094,78272.21875,78244.77344,78244.77344,0
2026-05-16 16:07,78238.88281,78248.21094,78227.42969,78234.9375,1284096
2026-05-16 16:08,78256.28906,78279.6875,78239.09375,78239.09375,8155136
2026-05-16 16:09,78235.61719,78254.0,78235.61719,78253.97656,0
2026-05-16 16:10,78168.24219,78235.60938,78168.24219,78235.60938,335872
2026-05-16 16:11,78173.71094,78173.71094,78158.13281,78163.39062,0
2026-05-16 16:12,78190.03906,78190.03906,78171.07031,78171.07031,0
2026-05-16 16:13,78208.8125,78208.8125,78190.03906,78190.04688,0
2026-05-16 16:14,78206.86719,78209.35938,78185.75781,78206.22656,505856
2026-05-16 16:15,78192.3125,78206.35156,78186.28125,78206.35156,0
2026-05-16 16:16,78198.07031,78198.07812,78175.17188,78194.36719,0
2026-05-16 16:17,78230.47656,78230.47656,78198.07031,78198.07812,0
2026-05-16 16:18,78278.54688,78294.20312,78227.67188,78227.67188,41140224
2026-05-16 16:19,78303.00781,78303.00781,78278.53906,78278.53906,0
2026-05-16 16:20,78250.0,78298.03906,78250.0,78298.03906,3110912
2026-05-16 16:21,78269.11719,78269.11719,78237.96094,78243.53125,26417152
2026-05-16 16:22,78246.99219,78269.13281,78246.99219,78269.13281,0
2026-05-16 16:23,78265.82812,78265.82812,78243.82812,78243.82812,2820096
2026-05-16 16:24,78267.54688,78271.77344,78265.82031,78265.82812,0
2026-05-16 16:25,78267.54688,78267.54688,78267.53906,78267.54688,0
2026-05-16 16:26,78278.61719,78278.63281,78267.54688,78267.54688,0
2026-05-16 16:27,78260.57812,78294.71094,78260.57812,78278.63281,0
2026-05-16 16:28,78269.10156,78277.64062,78260.57812,78260.57812,0
2026-05-16 16:29,78249.46094,78267.85938,78235.17188,78267.85938,0
2026-05-16 16:30,78252.02344,78252.03125,78239.21094,78249.45312,0
2026-05-16 16:31,78247.75,78257.3125,78247.75,78252.42188,305152
2026-05-16 16:32,78257.28906,78257.28906,78243.52344,78243.53125,0
2026-05-16 16:33,78237.5,78252.99219,78237.5,78252.99219,0
2026-05-16 16:34,78266.0,78266.0,78230.0,78231.92969,0
2026-05-16 16:35,78234.14844,78280.32031,78234.14844,78280.32031,0
2026-05-16 16:36,78218.17188,78224.46094,78204.92188,78224.46094,0
2026-05-16 16:37,78223.0,78234.92969,78221.0,78222.11719,1669120
2026-05-16 16:38,78240.10938,78240.11719,78230.6875,78230.6875,0
2026-05-16 16:39,78219.40625,78240.10938,78214.79688,78240.10938,0
2026-05-16 16:40,78197.42969,78219.40625,78189.59375,78219.40625,2148352
2026-05-16 16:41,78142.57031,78189.59375,78142.57031,78189.59375,0
2026-05-16 16:42,78132.46094,78152.3125,78132.46094,78142.5625,9928704
2026-05-16 16:43,78123.90625,78132.46875,78099.71094,78132.46875,0
2026-05-16 16:44,78113.60156,78116.65625,78111.10938,78116.65625,0
2026-05-16 16:45,78145.25781,78145.25781,78122.92188,78126.96094,0
2026-05-16 16:46,78141.3125,78145.25781,78132.52344,78145.25781,1718272
2026-05-16 16:47,78154.6875,78154.6875,78143.0625,78143.0625,0
2026-05-16 16:48,78191.97656,78192.24219,78154.6875,78154.6875,0
2026-05-16 16:49,78173.71875,78184.14844,78173.71875,78179.4375,0
2026-05-16 16:50,78122.14062,78174.09375,78115.49219,78174.09375,0
2026-05-16 16:51,78173.24219,78181.15625,78130.60156,78130.60156,45377536
2026-05-16 16:52,78154.1875,78170.11719,78139.64062,78167.6875,0
2026-05-16 16:53,78153.82031,78173.45312,78153.82031,78158.07812,2949120
2026-05-16 16:54,78159.0,78162.32812,78156.39844,78162.14062,0
2026-05-16 16:55,78153.82031,78162.35938,78153.82031,78159.0,0
2026-05-16 16:56,78161.17188,78174.53906,78160.22656,78170.89062,0
2026-05-16 16:57,78150.22656,78156.50781,78150.21875,78156.50781,0
2026-05-16 16:58,78136.46094,78150.22656,78135.02344,78150.22656,0
2026-05-16 16:59,78177.84375,78177.84375,78130.03125,78135.63281,0
2026-05-16 17:00,78202.64062,78202.64062,78168.11719,78177.84375,0
2026-05-16 17:01,78219.42188,78219.42188,78207.04688,78207.60156,6494208
2026-05-16 17:02,78217.10156,78227.35156,78207.70312,78222.65625,0
2026-05-16 17:03,78225.32031,78225.32031,78205.10938,78205.10938,0
2026-05-16 17:04,78230.1875,78232.07031,78225.28125,78228.02344,0
2026-05-16 17:05,78242.8125,78242.8125,78223.5,78223.5,0
2026-05-16 17:06,78235.84375,78243.46875,78230.6875,78243.46875,0
2026-05-16 17:07,78227.96094,78237.13281,78225.28125,78235.84375,0
2026-05-16 17:08,78225.14844,78227.53906,78222.89844,78227.53906,2377728
2026-05-16 17:09,78224.64844,78243.8125,78224.64844,78225.14844,0
2026-05-16 17:10,78217.95312,78226.71094,78213.60156,78226.71094,0
2026-05-16 17:11,78222.04688,78223.60938,78217.95312,78217.95312,0
2026-05-16 17:12,78220.84375,78223.6875,78220.42188,78223.67969,0
2026-05-16 17:13,78220.42188,78225.03125,78220.42188,78220.85156,0
2026-05-16 17:14,78242.96094,78245.9375,78208.14062,78221.14062,0
2026-05-16 17:15,78240.57031,78242.96094,78240.24219,78242.96094,0
2026-05-16 17:16,78223.75781,78240.72656,78223.75781,78240.72656,0
2026-05-16 17:17,78197.40625,78223.75781,78185.00781,78223.75781,0
2026-05-16 17:18,78221.52344,78221.54688,78197.40625,78197.40625,0
2026-05-16 17:19,78257.28906,78257.28906,78208.96875,78220.96094,0
2026-05-16 17:20,78235.07031,78267.0,78235.07031,78267.0,0
2026-05-16 17:21,78230.96094,78232.32812,78230.67969,78230.67969,36380672
2026-05-16 17:22,78247.5,78247.5,78233.97656,78233.97656,0
2026-05-16 17:23,78257.53125,78266.0625,78247.5,78247.5,1239040
2026-05-16 17:24,78280.13281,78280.13281,78248.89062,78257.75781,27551744
2026-05-16 17:25,78290.13281,78290.13281,78281.78906,78281.89062,0
2026-05-16 17:26,78282.46875,78292.27344,78282.4375,78292.27344,0
2026-05-16 17:27,78255.90625,78275.86719,78254.15625,78275.86719,0
2026-05-16 17:28,78237.6875,78256.67969,78223.86719,78256.67188,0
2026-05-16 17:29,78262.20312,78262.20312,78244.75781,78244.75781,0
2026-05-16 17:30,78252.03906,78263.72656,78252.03906,78262.20312,0
2026-05-16 17:31,78244.10156,78252.03906,78240.6875,78252.03906,0
2026-05-16 17:32,78241.97656,78245.64062,78241.89844,78244.36719,0
2026-05-16 17:33,78236.90625,78242.71875,78236.90625,78241.90625,0
2026-05-16 17:34,78280.63281,78280.63281,78250.21094,78252.25781,0
2026-05-16 17:35,78281.89062,78281.89844,78265.07031,78281.89844,0
2026-05-16 17:36,78293.53125,78293.53125,78282.42188,78282.42188,0
2026-05-16 17:37,78284.09375,78288.28906,78284.09375,78287.92188,0
2026-05-16 17:38,78250.0,78284.15625,78250.0,78284.15625,0
2026-05-16 17:39,78251.25,78260.54688,78242.4375,78246.49219,12500992
2026-05-16 17:40,78251.63281,78251.78906,78251.25,78251.25,0
2026-05-16 17:41,78262.52344,78263.38281,78251.63281,78251.63281,0
2026-05-16 17:42,78265.0625,78266.63281,78262.52344,78262.52344,22751232
2026-05-16 17:43,78262.52344,78271.09375,78262.52344,78265.04688,0
2026-05-16 17:44,78247.75781,78262.52344,78247.75781,78262.52344,0
2026-05-16 17:45,78226.40625,78242.4375,78226.40625,78242.4375,0
2026-05-16 17:46,78221.03906,78221.03906,78205.25,78220.0,0
2026-05-16 17:47,78252.21094,78252.21094,78225.14844,78225.14844,159744
2026-05-16 17:48,78254.45312,78256.78125,78254.4375,78255.39844,0
2026-05-16 17:49,78250.97656,78254.07812,78250.97656,78254.07031,0
2026-05-16 17:50,78267.17188,78267.17188,78250.97656,78252.54688,126976
2026-05-16 17:51,78204.71875,78265.9375,78204.71875,78265.9375,0
2026-05-16 17:52,78218.49219,78218.5,78200.0,78200.0,0
2026-05-16 17:53,78212.29688,78218.5,78198.03906,78218.5,0
2026-05-16 17:54,78208.90625,78213.1875,78200.39062,78213.1875,0
2026-05-16 17:55,78203.09375,78208.90625,78201.39062,78208.90625,759808
2026-05-16 17:56,78200.0,78208.77344,78200.0,78202.96094,0
2026-05-16 17:57,78185.0,78200.00781,78185.0,78200.0,0
2026-05-16 17:58,78180.5625,78200.77344,78180.5625,78192.22656,3416064
2026-05-16 17:59,78169.60938,78183.0,78169.60938,78182.45312,0
2026-05-16 18:00,78181.25,78186.39844,78168.25,78168.25,0
2026-05-16 18:01,78213.57031,78213.57812,78181.20312,78181.25781,659456
2026-05-16 18:02,78189.54688,78208.89062,78189.54688,78205.04688,0
2026-05-16 18:03,78204.99219,78205.0,78190.78906,78190.78906,0
2026-05-16 18:04,78161.99219,78204.70312,78161.99219,78204.6875,0
2026-05-16 18:05,78187.11719,78189.11719,78155.17188,78161.97656,0
2026-05-16 18:06,78169.32812,78188.53906,78168.8125,78188.53906,40904704
2026-05-16 18:07,78147.85156,78163.04688,78145.49219,78161.8125,0
2026-05-16 18:08,78149.24219,78150.67969,78148.35156,78148.35938,0
2026-05-16 18:09,78148.82031,78166.10938,78145.49219,78145.49219,0
2026-05-16 18:10,78151.85156,78157.77344,78139.09375,78157.77344,0
2026-05-16 18:11,78171.03906,78171.03906,78153.6875,78163.03906,0
2026-05-16 18:12,78164.89062,78179.42188,78163.10156,78171.04688,0
2026-05-16 18:13,78165.60938,78167.22656,78163.27344,78165.96875,0
2026-05-16 18:14,78169.27344,78173.65625,78166.00781,78166.00781,1275904
2026-05-16 18:15,78189.10938,78189.10938,78170.21875,78170.21875,0
2026-05-16 18:16,78170.5625,78190.28906,78169.21094,78189.40625,0
2026-05-16 18:17,78150.0,78170.5625,78150.0,78170.5625,0
2026-05-16 18:18,78135.53906,78150.00781,78125.00781,78150.0,0
2026-05-16 18:19,78137.85156,78137.85938,78135.53906,78135.53906,0
2026-05-16 18:20,78142.34375,78143.77344,78142.29688,78142.47656,0
2026-05-16 18:21,78128.02344,78140.67188,78125.36719,78139.57031,0
2026-05-16 18:22,78137.82812,78137.82812,78125.38281,78128.02344,0
2026-05-16 18:23,78122.00781,78135.60938,78121.32812,78135.60938,0
2026-05-16 18:24,78116.29688,78122.00781,78113.17969,78122.00781,0
2026-05-16 18:25,78136.71875,78136.71875,78116.29688,78116.57812,0
2026-05-16 18:26,78117.25,78136.71875,78116.29688,78136.71875,0
2026-05-16 18:27,78151.92188,78151.92188,78133.32812,78133.32812,4528128
2026-05-16 18:28,78166.89844,78166.89844,78149.60938,78149.60938,0
2026-05-16 18:29,78177.65625,78177.65625,78165.35156,78166.89844,0
2026-05-16 18:30,78175.53125,78177.67188,78175.21875,78177.67188,0
2026-05-16 18:31,78190.64844,78198.88281,78178.61719,78178.61719,0
2026-05-16 18:32,78201.8125,78201.8125,78193.38281,78193.5625,0
2026-05-16 18:33,78202.1875,78204.03906,78197.8125,78202.46094,0
2026-05-16 18:34,78203.8125,78209.29688,78202.57812,78202.59375,0
2026-05-16 18:35,78206.61719,78211.47656,78205.42188,78205.42188,0
2026-05-16 18:36,78207.49219,78207.5,78206.61719,78206.61719,0
2026-05-16 18:37,78160.28125,78207.49219,78159.10938,78207.49219,16046080
2026-05-16 18:38,78184.14844,78186.46875,78158.71094,78158.71094,0
2026-05-16 18:39,78170.25,78185.92188,78163.85938,78184.29688,0
2026-05-16 18:40,78157.14062,78185.28125,78157.14062,78179.65625,0
2026-05-16 18:41,78178.03125,78178.03906,78171.32812,78171.34375,0
2026-05-16 18:42,78187.59375,78187.59375,78178.0,78178.03125,0
2026-05-16 18:43,78239.57812,78245.03906,78184.34375,78187.59375,5191680
2026-05-16 18:44,78221.57031,78239.59375,78221.57031,78239.59375,1943552
2026-05-16 18:45,78213.46094,78214.96094,78209.13281,78209.13281,0
2026-05-16 18:46,78217.03125,78217.03125,78213.84375,78213.9375,15425536
2026-05-16 18:47,78220.57031,78225.78125,78218.35938,78223.07812,0
2026-05-16 18:48,78239.57812,78239.59375,78220.78906,78220.78906,0
2026-05-16 18:49,78201.27344,78243.64844,78201.27344,78241.74219,16394240
2026-05-16 18:50,78234.92969,78234.92969,78201.27344,78201.27344,0
2026-05-16 18:51,78252.00781,78252.00781,78233.85938,78234.92969,0
2026-05-16 18:52,78277.0625,78277.0625,78255.00781,78255.00781,56553472
2026-05-16 18:53,78262.50781,78299.02344,78260.5625,78276.46094,1165312
2026-05-16 18:54,78185.10156,78261.02344,78185.10156,78261.02344,0
2026-05-16 18:55,78225.22656,78226.03125,78206.36719,78206.36719,0
2026-05-16 18:56,78224.28125,78227.64844,78223.04688,78225.21094,16093184
2026-05-16 18:57,78200.89844,78207.9375,78192.24219,78207.9375,0
2026-05-16 18:58,78201.13281,78201.14062,78192.59375,78192.59375,2136064
2026-05-16 18:59,78196.9375,78201.13281,78196.00781,78201.13281,1918976
2026-05-16 19:00,78205.03906,78212.89844,78200.78906,78212.82031,0
2026-05-16 19:01,78203.90625,78218.72656,78202.00781,78213.36719,0
2026-05-16 19:02,78173.79688,78203.92188,78173.79688,78203.92188,0
2026-05-16 19:03,78204.4375,78204.4375,78169.79688,78169.79688,272384
2026-05-16 19:04,78220.03125,78225.8125,78217.71875,78218.72656,0
2026-05-16 19:05,78223.71875,78223.71875,78218.71875,78218.72656,0
2026-05-16 19:06,78224.34375,78224.34375,78223.14844,78223.71875,0
2026-05-16 19:07,78230.79688,78230.79688,78223.64844,78224.29688,0
2026-05-16 19:08,78233.38281,78233.39062,78220.02344,78223.64844,0
2026-05-16 19:09,78207.04688,78233.38281,78207.04688,78233.38281,0
2026-05-16 19:10,78207.04688,78211.03906,78207.04688,78207.04688,0
2026-05-16 19:11,78196.52344,78209.86719,78196.50781,78207.0625,0
2026-05-16 19:12,78206.53125,78206.82812,78197.89844,78197.89844,0
2026-05-16 19:13,78214.74219,78214.92969,78205.59375,78205.59375,0
2026-05-16 19:14,78211.03906,78216.89844,78211.03906,78214.67188,0
2026-05-16 19:15,78222.64062,78222.64062,78211.03125,78211.03125,0
2026-05-16 19:16,78220.65625,78223.0,78220.24219,78222.64062,0
2026-05-16 19:17,78203.42188,78220.65625,78203.40625,78220.64844,0
2026-05-16 19:18,78213.03125,78224.60938,78204.04688,78207.0625,0
2026-05-16 19:19,78226.86719,78228.86719,78205.0,78213.0625,0
2026-05-16 19:20,78226.32031,78226.32031,78223.5,78223.50781,0
2026-05-16 19:21,78208.03906,78228.89062,78208.03906,78228.89062,0
2026-05-16 19:22,78203.63281,78208.04688,78201.00781,78208.04688,0
2026-05-16 19:23,78205.72656,78205.72656,78187.96875,78187.96875,0
2026-05-16 19:24,78226.54688,78226.54688,78204.64844,78207.75781,221917184
2026-05-16 19:25,78229.99219,78229.99219,78222.54688,78223.0,1794048
2026-05-16 19:26,78234.9375,78234.9375,78229.99219,78230.0,0
2026-05-16 19:27,78244.24219,78244.25,78234.92969,78234.92969,0
2026-05-16 19:28,78243.64062,78244.24219,78238.71875,78244.24219,0
2026-05-16 19:29,78246.84375,78268.0625,78243.63281,78243.63281,0
2026-05-16 19:30,78241.0,78246.84375,78240.99219,78246.84375,16345088
2026-05-16 19:31,78242.59375,78242.60156,78234.9375,78241.0,0
2026-05-16 19:32,78235.35938,78242.60156,78230.0,78242.60156,0
2026-05-16 19:33,78233.85938,78234.71094,78232.61719,78234.64844,0
2026-05-16 19:34,78261.50781,78261.50781,78230.0,78230.04688,0
2026-05-16 19:35,78247.97656,78272.28125,78246.95312,78261.53125,2908160
2026-05-16 19:36,78247.20312,78247.20312,78239.21094,78246.9375,0
2026-05-16 19:37,78255.07031,78264.67188,78244.17969,78244.17969,0
2026-05-16 19:38,78264.22656,78266.78125,78257.61719,78258.45312,1865728
2026-05-16 19:39,78256.52344,78257.75,78255.84375,78256.29688,62775296
2026-05-16 19:40,78240.17969,78256.28125,78240.17969,78256.28125,827392
2026-05-16 19:41,78238.97656,78240.1875,78230.00781,78240.1875,370688
2026-05-16 19:42,78235.96875,78239.34375,78233.85938,78238.65625,0
2026-05-16 19:43,78233.42188,78236.03125,78230.96875,78235.96875,0
2026-05-16 19:44,78236.09375,78236.71875,78232.14844,78233.42188,0
2026-05-16 19:45,78230.0,78237.82812,78230.0,78235.77344,0
2026-05-16 19:46,78227.53906,78230.00781,78223.40625,78230.00781,18259968
2026-05-16 19:47,78239.42188,78243.25,78230.67188,78230.67188,0
2026-05-16 19:48,78270.82812,78270.82812,78238.92188,78239.40625,0
2026-05-16 19:49,78265.40625,78277.24219,78262.89062,78273.35156,0
2026-05-16 19:50,78276.4375,78277.22656,78265.40625,78265.40625,0
2026-05-16 19:51,78249.24219,78275.27344,78235.02344,78275.24219,0
2026-05-16 19:52,78238.67969,78249.24219,78236.64844,78249.24219,761856
2026-05-16 19:53,78207.49219,78238.88281,78200.78906,78238.88281,0
2026-05-16 19:54,78249.04688,78249.04688,78193.85938,78202.36719,42172416
2026-05-16 19:55,78231.14844,78237.63281,78227.21094,78237.61719,0
2026-05-16 19:56,78240.70312,78240.70312,78235.71875,78235.71875,1409024
2026-05-16 19:57,78220.71875,78228.14062,78216.0625,78228.14062,0
2026-05-16 19:58,78217.17969,78220.72656,78216.74219,78220.09375,24954880
2026-05-16 19:59,78234.39844,78236.50781,78226.71875,78226.71875,0
2026-05-16 20:00,78228.71094,78259.24219,78228.71094,78250.0,309248
2026-05-16 20:01,78230.57812,78230.59375,78227.86719,78228.71875,0
2026-05-16 20:02,78232.72656,78238.74219,78232.72656,78238.74219,0
2026-05-16 20:03,78229.57031,78232.74219,78226.40625,78232.74219,0
2026-05-16 20:04,78265.46875,78270.0,78262.92188,78270.0,0
2026-05-16 20:05,78258.22656,78265.50781,78252.71875,78265.46094,0
2026-05-16 20:06,78265.70312,78265.70312,78258.21875,78258.22656,0
2026-05-16 20:07,78263.53125,78265.70312,78250.0,78265.70312,3710976
2026-05-16 20:08,78268.65625,78270.03906,78263.46875,78263.53906,0
2026-05-16 20:09,78266.60156,78266.60156,78250.85156,78250.85156,0
2026-05-16 20:10,78271.67969,78271.6875,78260.3125,78266.59375,1376256
2026-05-16 20:11,78271.35938,78271.6875,78267.28906,78271.6875,2820096
2026-05-16 20:12,78266.78906,78271.35938,78266.78906,78271.35938,0
2026-05-16 20:13,78269.86719,78269.86719,78256.35938,78262.21094,0
2026-05-16 20:14,78265.00781,78269.86719,78257.25,78269.86719,0
2026-05-16 20:15,78278.99219,78282.28906,78272.07812,78272.07812,21245952
2026-05-16 20:16,78275.60938,78278.47656,78273.36719,78278.47656,2523136
2026-05-16 20:17,78285.35938,78285.35938,78275.60938,78275.60938,0
2026-05-16 20:18,78259.00781,78285.35156,78259.00781,78285.35156,64075776
2026-05-16 20:19,78282.50781,78282.50781,78259.00781,78259.00781,4962304
2026-05-16 20:20,78269.97656,78282.50781,78269.97656,78282.50781,0
2026-05-16 20:21,78276.42188,78277.39844,78269.97656,78269.97656,23537664
2026-05-16 20:22,78273.35938,78287.54688,78273.35938,78276.42188,3180544
2026-05-16 20:23,78272.35156,78273.35938,78272.35156,78273.35938,0
2026-05-16 20:24,78257.59375,78272.35938,78257.57812,78272.35938,0
2026-05-16 20:25,78266.42969,78266.42969,78257.57812,78257.59375,0
2026-05-16 20:26,78274.0,78281.89844,78266.42969,78266.42969,0
2026-05-16 20:27,78273.75781,78289.5,78271.40625,78275.57031,0
2026-05-16 20:28,78262.07031,78273.77344,78261.17188,78273.75781,0
2026-05-16 20:29,78247.75,78267.00781,78247.75,78262.0625,0
2026-05-16 20:30,78223.85938,78247.75,78223.85938,78247.75,0
2026-05-16 20:31,78207.35938,78223.86719,78189.35938,78223.86719,0
2026-05-16 20:32,78213.63281,78213.71094,78207.35938,78207.35938,0
2026-05-16 20:33,78212.27344,78213.96094,78211.67969,78213.28125,0
2026-05-16 20:34,78212.86719,78212.86719,78212.85938,78212.85938,520192
2026-05-16 20:35,78236.61719,78236.61719,78224.60938,78227.60156,0
2026-05-16 20:36,78222.64844,78234.77344,78215.89062,78234.77344,0
2026-05-16 20:37,78242.53125,78243.46875,78222.64844,78222.65625,0
2026-05-16 20:38,78231.71875,78250.0,78230.17188,78242.82812,0
2026-05-16 20:39,78190.17188,78235.8125,78190.17188,78235.8125,0
2026-05-16 20:40,78180.65625,78190.17188,78180.65625,78190.17188,0
2026-05-16 20:41,78168.39844,78180.53125,78166.57031,78180.53125,0
2026-05-16 20:42,78192.40625,78192.42188,78182.21875,78182.21875,0
2026-05-16 20:43,78192.86719,78195.21875,78192.00781,78192.40625,0
2026-05-16 20:44,78192.57031,78193.0625,78191.99219,78192.86719,0
2026-05-16 20:45,78191.8125,78194.86719,78180.96094,78193.29688,16914432
2026-05-16 20:46,78189.6875,78190.88281,78189.60938,78190.88281,1677312
2026-05-16 20:47,78200.0,78200.0,78190.07031,78190.07031,0
2026-05-16 20:48,78192.53125,78200.0,78191.17188,78199.99219,0
2026-05-16 20:49,78215.57812,78215.57812,78199.99219,78200.0,0
2026-05-16 20:50,78215.57031,78217.85938,78215.57031,78215.57812,0
2026-05-16 20:51,78212.82031,78216.49219,78200.78125,78200.78125,12529664
2026-05-16 20:52,78214.92188,78215.99219,78213.17188,78213.59375,0
2026-05-16 20:53,78214.92969,78215.14844,78213.97656,78214.02344,0
2026-05-16 20:54,78217.63281,78222.14062,78217.07031,78222.11719,0
2026-05-16 20:55,78219.21875,78219.22656,78217.63281,78217.64062,0
2026-05-16 20:56,78220.89844,78220.89844,78219.1875,78219.21875,0
2026-05-16 20:57,78234.57812,78234.59375,78220.89844,78220.89844,17661952
2026-05-16 20:58,78222.86719,78241.79688,78219.42969,78234.57812,0
2026-05-16 20:59,78205.1875,78234.42969,78205.1875,78223.82812,0
2026-05-16 21:00,78225.71875,78225.71875,78197.6875,78197.6875,0
2026-05-16 21:01,78218.42188,78225.78125,78218.40625,78224.86719,12224512
2026-05-16 21:02,78238.10156,78239.74219,78219.39844,78219.39844,0
2026-05-16 21:03,78239.71875,78239.71875,78238.17188,78238.28906,0
2026-05-16 21:04,78249.67969,78250.88281,78248.70312,78250.88281,1243136
2026-05-16 21:05,78260.5625,78273.36719,78256.3125,78257.09375,0
2026-05-16 21:06,78240.32812,78262.14062,78240.32031,78260.5625,0
2026-05-16 21:07,78252.02344,78260.60156,78252.00781,78252.00781,0
2026-05-16 21:08,78245.95312,78253.57031,78245.95312,78252.03125,18974720
2026-05-16 21:09,78257.45312,78257.45312,78245.96094,78245.96094,0
2026-05-16 21:10,78232.54688,78257.45312,78232.54688,78257.45312,17180672
2026-05-16 21:11,78238.85156,78240.4375,78232.53906,78232.53906,0
2026-05-16 21:12,78237.75,78238.84375,78237.71875,78237.71875,69517312
2026-05-16 21:13,78228.85156,78233.89844,78219.39844,78219.84375,462848
2026-05-16 21:14,78262.00781,78267.92969,78226.52344,78227.96094,0
2026-05-16 21:15,78236.72656,78259.03125,78236.72656,78257.5625,0
2026-05-16 21:16,78249.45312,78249.45312,78234.60156,78236.72656,0
2026-05-16 21:17,78249.78906,78249.78906,78249.45312,78249.45312,0
2026-05-16 21:18,78239.45312,78249.79688,78239.21094,78249.79688,168962048
2026-05-16 21:19,78219.46094,78239.45312,78219.39844,78239.45312,587776
2026-05-16 21:20,78243.46875,78243.47656,78243.46875,78243.46875,0
2026-05-16 21:21,78234.6875,78239.22656,78233.99219,78239.22656,0
2026-05-16 21:22,78243.46094,78243.46875,78234.67969,78234.6875,0
2026-05-16 21:23,78243.46094,78243.46875,78243.46094,78243.46875,0
2026-05-16 21:24,78205.04688,78243.46875,78205.04688,78243.46094,0
2026-05-16 21:25,78222.5,78222.5,78200.0,78200.0,43008
2026-05-16 21:26,78243.46094,78243.46875,78223.49219,78223.49219,0
2026-05-16 21:27,78234.49219,78243.46875,78234.49219,78243.46094,0
2026-05-16 21:28,78237.96094,78243.46094,78234.49219,78234.5,11581440
2026-05-16 21:29,78232.72656,78237.9375,78230.00781,78237.9375,106496
2026-05-16 21:30,78243.46875,78243.46875,78240.71875,78240.71875,0
2026-05-16 21:31,78243.46875,78243.46875,78243.46094,78243.46094,14891008
2026-05-16 21:32,78243.46875,78243.46875,78243.46094,78243.46094,0
2026-05-16 21:33,78237.0,78237.86719,78230.92188,78237.86719,0
2026-05-16 21:34,78240.57812,78240.57812,78235.39062,78236.82812,0
2026-05-16 21:35,78218.6875,78240.79688,78218.6875,78239.92969,0
2026-05-16 21:36,78218.67188,78218.70312,78218.67188,78218.6875,0
2026-05-16 21:37,78233.59375,78233.59375,78218.67188,78218.67188,0
2026-05-16 21:38,78231.21094,78243.46875,78231.21094,78239.20312,0
2026-05-16 21:39,78227.60156,78231.21094,78225.59375,78231.21094,0
2026-05-16 21:40,78239.17969,78239.17969,78230.38281,78231.49219,0
2026-05-16 21:41,78225.75781,78243.46875,78225.32812,78239.21094,0
2026-05-16 21:42,78216.52344,78227.20312,78216.52344,78226.35938,0
2026-05-16 21:43,78194.15625,78208.45312,78177.00781,78208.45312,0
2026-05-16 21:44,78243.46875,78243.46875,78200.78906,78205.04688,17848320
2026-05-16 21:45,78243.46094,78243.46875,78243.46094,78243.46094,0
2026-05-16 21:46,78239.32031,78243.46875,78239.32031,78243.46094,178176
2026-05-16 21:47,78224.38281,78239.32812,78223.90625,78239.32812,0
2026-05-16 21:48,78223.60938,78224.75,78223.60938,78224.72656,0
2026-05-16 21:49,78213.59375,78223.61719,78213.59375,78223.61719,4831232
2026-05-16 21:50,78222.20312,78238.25781,78222.20312,78224.00781,0
2026-05-16 21:51,78230.0,78231.60938,78222.21094,78222.21094,0
2026-05-16 21:52,78235.47656,78235.49219,78229.14844,78230.03906,0
2026-05-16 21:53,78235.49219,78235.49219,78235.47656,78235.47656,0
2026-05-16 21:54,78232.35156,78235.49219,78232.32812,78235.47656,0
2026-05-16 21:55,78245.42188,78245.42188,78232.34375,78232.34375,13592576
2026-05-16 21:56,78252.07812,78253.1875,78246.64062,78247.49219,0
2026-05-16 21:57,78255.10938,78255.10938,78252.03906,78252.03906,0
2026-05-16 21:58,78258.96875,78260.0,78255.27344,78256.11719,0
2026-05-16 21:59,78232.34375,78258.99219,78232.34375,78258.96094,0
2026-05-16 22:00,78232.96094,78238.28906,78208.88281,78226.40625,0
2026-05-16 22:01,78187.92969,78232.96875,78187.92969,78232.96875,0
2026-05-16 22:02,78166.61719,78192.39062,78166.61719,78187.92188,0
2026-05-16 22:03,78183.6875,78183.70312,78164.85156,78170.78906,0
2026-05-16 22:04,78176.67188,78189.64844,78163.27344,78183.6875,0
2026-05-16 22:05,78150.00781,78169.11719,78150.00781,78168.71094,0
2026-05-16 22:06,78162.67188,78174.03906,78150.02344,78150.02344,0
2026-05-16 22:07,78150.20312,78162.67188,78147.38281,78162.67188,9709568
2026-05-16 22:08,78125.10938,78152.29688,78125.10938,78150.20312,622592
2026-05-16 22:09,78141.20312,78149.53906,78130.03125,78130.03125,0
2026-05-16 22:10,78172.96094,78172.96094,78140.74219,78140.74219,1830912
2026-05-16 22:11,78170.17188,78179.9375,78166.61719,78172.95312,0
2026-05-16 22:12,78175.0,78175.0,78174.99219,78174.99219,43186176
2026-05-16 22:13,78190.53906,78190.53906,78181.10156,78181.10156,1675264
2026-05-16 22:14,78210.8125,78213.57812,78190.53906,78190.53906,0
2026-05-16 22:15,78212.84375,78212.84375,78204.20312,78204.20312,13481984
2026-05-16 22:16,78211.35156,78212.84375,78211.35156,78211.35938,0
2026-05-16 22:17,78227.96875,78227.96875,78211.67969,78211.67969,0
2026-05-16 22:18,78223.6875,78244.15625,78223.6875,78227.97656,0
2026-05-16 22:19,78213.25781,78223.70312,78213.25781,78223.6875,17115136
2026-05-16 22:20,78238.89844,78238.89844,78225.49219,78225.49219,0
2026-05-16 22:21,78234.04688,78243.46875,78221.09375,78238.89062,3059712
2026-05-16 22:22,78235.54688,78236.24219,78235.54688,78236.24219,0
2026-05-16 22:23,78229.10938,78242.14844,78229.10938,78235.54688,17135616
2026-05-16 22:24,78235.10156,78239.89062,78229.13281,78229.13281,0
2026-05-16 22:25,78240.88281,78240.89062,78240.21094,78240.21094,0
2026-05-16 22:26,78241.6875,78241.6875,78240.88281,78240.88281,0
2026-05-16 22:27,78229.13281,78246.96875,78229.11719,78241.67969,0
2026-05-16 22:28,78237.20312,78238.54688,78231.86719,78231.86719,0
2026-05-16 22:29,78229.00781,78238.5625,78229.00781,78232.99219,159744
2026-05-16 22:30,78238.53125,78238.53125,78229.0,78229.00781,0
2026-05-16 22:31,78236.85938,78238.52344,78236.85938,78238.50781,42805248
2026-05-16 22:32,78218.45312,78236.86719,78217.85938,78236.85938,0
2026-05-16 22:33,78209.57812,78218.45312,78209.57812,78218.45312,0
2026-05-16 22:34,78216.84375,78218.42188,78208.50781,78209.57031,0
2026-05-16 22:35,78210.0,78216.8125,78209.97656,78215.25781,0
2026-05-16 22:36,78209.99219,78210.0,78209.97656,78210.0,0
2026-05-16 22:37,78209.99219,78209.99219,78200.0,78209.97656,186368
2026-05-16 22:38,78186.71094,78209.99219,78186.71094,78209.97656,0
2026-05-16 22:39,78191.10156,78193.45312,78186.71094,78186.71094,152244224
2026-05-16 22:40,78183.65625,78191.10938,78183.42188,78191.10938,75776
2026-05-16 22:41,78189.86719,78192.60938,78180.0,78183.64844,0
2026-05-16 22:42,78186.14062,78189.88281,78184.9375,78189.88281,0
2026-05-16 22:43,78186.14062,78186.14844,78185.07812,78186.14062,0
2026-05-16 22:44,78183.42969,78186.14844,78182.75781,78186.14844,0
2026-05-16 22:45,78182.75,78185.97656,78182.75,78183.4375,0
2026-05-16 22:46,78163.15625,78182.75781,78161.14062,78182.75781,0
2026-05-16 22:47,78181.77344,78182.75,78163.15625,78163.15625,0
2026-05-16 22:48,78177.35938,78187.95312,78177.35156,78180.20312,0
2026-05-16 22:49,78182.00781,78191.07812,78182.0,78187.96094,5902336
2026-05-16 22:50,78188.25781,78188.27344,78187.99219,78187.99219,149504
2026-05-16 22:51,78194.95312,78194.95312,78187.61719,78188.25781,0
2026-05-16 22:52,78173.42969,78194.95312,78173.42969,78194.95312,61775872
2026-05-16 22:53,78173.42969,78173.4375,78173.42969,78173.42969,0
2026-05-16 22:54,78171.42969,78186.5625,78170.89844,78173.42969,96985088
2026-05-16 22:55,78170.89062,78170.89844,78170.89062,78170.89062,311296
2026-05-16 22:56,78165.09375,78170.89844,78165.09375,78170.89062,0
2026-05-16 22:57,78171.40625,78171.42188,78168.29688,78171.42188,0
2026-05-16 22:58,78150.00781,78168.6875,78150.00781,78168.67969,0
2026-05-16 22:59,78148.21875,78150.00781,78148.21875,78150.00781,4599808
2026-05-16 23:00,78152.8125,78152.82031,78152.72656,78152.74219,0
2026-05-16 23:01,78160.79688,78165.0,78152.72656,78152.72656,0
2026-05-16 23:02,78146.0,78160.49219,78146.0,78159.77344,0
2026-05-16 23:03,78149.45312,78150.04688,78147.67969,78147.67969,35770368
2026-05-16 23:04,78125.17188,78149.46094,78120.00781,78149.46094,0
2026-05-16 23:05,78146.25,78146.25,78125.17188,78125.17188,0
2026-05-16 23:06,78137.25781,78149.46094,78136.72656,78149.45312,0
2026-05-16 23:07,78146.82812,78146.82812,78141.32031,78141.32031,0
2026-05-16 23:08,78169.14062,78169.14844,78147.99219,78147.99219,0
2026-05-16 23:09,78163.96875,78169.14844,78163.96875,78169.14062,0
2026-05-16 23:10,78163.99219,78163.99219,78163.97656,78163.97656,172032
2026-05-16 23:11,78166.35938,78166.35938,78160.92969,78164.0,1767424
2026-05-16 23:12,78168.11719,78168.11719,78166.35938,78166.35938,0
2026-05-16 23:13,78160.92188,78168.15625,78160.92188,78168.11719,0
2026-05-16 23:14,78158.5625,78162.57812,78145.59375,78159.35156,59392
2026-05-16 23:15,78169.14062,78169.14844,78165.64844,78165.64844,0
2026-05-16 23:16,78170.0,78170.0,78169.14062,78169.14062,0
2026-05-16 23:17,78209.97656,78209.97656,78170.0,78170.0,67584
2026-05-16 23:18,78213.60156,78233.60938,78209.99219,78209.99219,0
2026-05-16 23:19,78209.70312,78213.60156,78207.25,78213.60156,11329536
2026-05-16 23:20,78210.0,78210.0,78209.6875,78209.70312,0
2026-05-16 23:21,78192.25,78210.0,78192.24219,78210.0,0
2026-05-16 23:22,78183.71094,78192.24219,78183.70312,78192.24219,15941632
2026-05-16 23:23,78191.28125,78198.0,78191.27344,78197.99219,0
2026-05-16 23:24,78180.22656,78191.28906,78177.99219,78191.28906,0
2026-05-16 23:25,78192.8125,78192.82031,78180.24219,78180.24219,0
2026-05-16 23:26,78201.99219,78203.96875,78196.35156,78196.35156,0
2026-05-16 23:27,78192.24219,78202.0,78192.24219,78202.0,0
2026-05-16 23:28,78191.85156,78191.85938,78190.65625,78190.65625,0
2026-05-16 23:29,78191.85156,78191.85938,78191.85156,78191.85156,0
2026-05-16 23:30,78191.78125,78191.85938,78187.99219,78191.85938,639234048
2026-05-16 23:31,78205.22656,78206.35156,78191.78906,78191.78906,0
2026-05-16 23:32,78205.32031,78209.99219,78205.22656,78205.22656,0
2026-05-16 23:33,78206.17969,78206.17969,78196.52344,78205.32031,0
2026-05-16 23:34,78187.32812,78207.11719,78187.32812,78206.17969,0
2026-05-16 23:35,78207.10938,78207.10938,78188.32812,78188.32812,182272
2026-05-16 23:36,78207.10156,78207.10938,78207.10156,78207.10156,34324480
2026-05-16 23:37,78199.21094,78207.10938,78199.20312,78207.10156,0
2026-05-16 23:38,78179.03125,78199.21094,78178.02344,78199.20312,0
2026-05-16 23:39,78183.5625,78184.39844,78181.99219,78183.77344,0
2026-05-16 23:40,78175.8125,78183.54688,78175.79688,78183.54688,0
2026-05-16 23:41,78163.99219,78175.79688,78162.84375,78175.79688,346112
2026-05-16 23:42,78163.5625,78164.38281,78161.15625,78163.92969,28424192
2026-05-16 23:43,78186.45312,78186.45312,78163.5625,78163.5625,0
2026-05-16 23:44,78178.0,78186.45312,78178.0,78186.4375,0
2026-05-16 23:45,78184.0,78186.45312,78183.99219,78186.4375,1390592
2026-05-16 23:46,78180.0,78184.0,78180.0,78184.0,1835008
2026-05-16 23:47,78183.50781,78191.99219,78179.99219,78179.99219,0
2026-05-16 23:48,78166.61719,78183.50781,78166.61719,78183.50781,0
2026-05-16 23:49,78154.42969,78166.63281,78148.46094,78166.63281,0
2026-05-16 23:50,78123.92188,78154.42188,78123.92188,78154.42188,2258944
2026-05-16 23:51,78110.13281,78123.92188,78110.11719,78123.92188,0
2026-05-16 23:52,78098.60938,78110.13281,78086.71094,78110.11719,0
2026-05-16 23:53,78104.15625,78104.17188,78098.85938,78101.54688,0
2026-05-16 23:54,78110.11719,78110.13281,78104.15625,78104.15625,0
2026-05-16 23:55,78145.96094,78145.96094,78123.92188,78123.92188,0
2026-05-16 23:56,78147.50781,78149.34375,78145.95312,78145.95312,2521088
2026-05-16 23:57,78145.95312,78147.50781,78145.95312,78147.5,0
2026-05-16 23:58,78131.96875,78145.96094,78124.9375,78145.95312,0
2026-05-17 00:00,78144.75,78144.75781,78106.29688,78106.29688,0
2026-05-17 00:01,78169.79688,78180.22656,78162.09375,78162.09375,0
2026-05-17 00:02,78169.79688,78169.8125,78169.79688,78169.79688,10428416
2026-05-17 00:03,78184.25781,78184.25781,78169.79688,78169.79688,0
2026-05-17 00:04,78184.25781,78184.25781,78184.25,78184.25781,0
2026-05-17 00:05,78180.25,78201.67969,78171.42188,78199.1875,0
2026-05-17 00:06,78171.42969,78178.0,78171.42188,78177.78906,0
2026-05-17 00:07,78174.40625,78176.85156,78171.42969,78171.42969,0
2026-05-17 00:08,78174.39844,78174.40625,78174.39844,78174.39844,0
2026-05-17 00:09,78191.79688,78191.79688,78174.29688,78174.39844,0
2026-05-17 00:10,78183.71094,78203.9375,78183.21875,78185.54688,0
2026-05-17 00:11,78159.99219,78171.5625,78157.99219,78171.5625,0
2026-05-17 00:12,78174.8125,78174.8125,78159.99219,78159.99219,19992576
2026-05-17 00:13,78181.6875,78181.6875,78174.79688,78174.8125,948224
2026-05-17 00:14,78151.1875,78162.35938,78151.17969,78162.35938,1167360
2026-05-17 00:15,78164.97656,78164.99219,78149.99219,78149.99219,7249920
2026-05-17 00:16,78165.72656,78179.0,78164.97656,78164.97656,0
2026-05-17 00:17,78165.78906,78166.97656,78165.67969,78166.97656,0
2026-05-17 00:18,78170.89844,78179.53125,78165.78906,78165.78906,0
2026-05-17 00:19,78165.53906,78170.89062,78165.53906,78170.89062,104448
2026-05-17 00:20,78153.8125,78165.54688,78153.8125,78165.53906,911360
2026-05-17 00:21,78111.10938,78153.82031,78111.10938,78153.82031,0
2026-05-17 00:22,78123.89844,78123.89844,78103.32812,78111.11719,152559616
2026-05-17 00:23,78125.38281,78125.38281,78123.6875,78123.89062,690176
2026-05-17 00:24,78144.0,78144.0,78125.38281,78125.38281,19720192
2026-05-17 00:25,78144.0,78144.00781,78144.0,78144.0,0
2026-05-17 00:26,78103.32812,78144.0,78103.32812,78144.0,0
2026-05-17 00:27,78128.20312,78128.21094,78115.36719,78115.36719,0
2026-05-17 00:28,78101.00781,78128.21094,78101.0,78128.21094,0
2026-05-17 00:29,78156.92969,78156.92969,78101.0,78101.0,0
2026-05-17 00:30,78144.97656,78150.14844,78136.74219,78149.42188,0
2026-05-17 00:31,78151.53906,78152.60938,78144.85156,78144.85156,223232
2026-05-17 00:32,78129.50781,78151.53125,78129.50781,78151.53125,0
2026-05-17 00:33,78140.71094,78142.46094,78136.29688,78136.29688,10932224
2026-05-17 00:34,78149.64844,78149.64844,78138.4375,78140.71094,2584576
2026-05-17 00:35,78186.1875,78186.1875,78149.64844,78149.65625,3438592
2026-05-17 00:36,78183.70312,78198.07031,78183.70312,78186.1875,8128512
2026-05-17 00:37,78173.96094,78183.71094,78168.20312,78183.71094,0
2026-05-17 00:38,78155.0,78173.96875,78155.0,78173.96875,0
2026-05-17 00:39,78163.71875,78170.89062,78162.00781,78168.0,0
2026-05-17 00:40,78164.75,78168.32031,78157.59375,78168.0,4028416
2026-05-17 00:41,78157.59375,78167.89062,78157.59375,78165.11719,88064
2026-05-17 00:42,78103.28125,78150.10156,78103.28125,78150.10156,0
2026-05-17 00:43,78109.77344,78118.0,78109.77344,78113.46875,0
2026-05-17 00:44,78102.5625,78103.97656,78082.21094,78094.95312,0
2026-05-17 00:45,78102.57812,78118.52344,78102.57031,78118.50781,0
2026-05-17 00:46,78070.86719,78088.8125,78051.32812,78088.8125,782336
2026-05-17 00:47,78071.86719,78071.86719,78071.75781,78071.78906,0
2026-05-17 00:48,78050.0,78071.79688,78050.0,78071.79688,0
2026-05-17 00:49,78055.82031,78059.85938,78050.0,78050.0,0
2026-05-17 00:50,78074.75,78074.75,78064.13281,78064.13281,0
2026-05-17 00:51,78086.92188,78090.47656,78074.74219,78074.74219,38563840
2026-05-17 00:52,78061.67969,78077.32812,78056.45312,78077.32812,0
2026-05-17 00:53,78067.65625,78070.21094,78061.6875,78061.6875,0
2026-05-17 00:54,78051.61719,78076.46094,78051.32812,78068.67188,0
2026-05-17 00:55,78047.07031,78051.22656,78047.0625,78050.0,0
2026-05-17 00:56,78028.0,78047.07031,78025.65625,78047.0625,0
2026-05-17 00:57,77937.75,78027.34375,77937.75,78021.4375,16345088
2026-05-17 00:58,77873.57812,77935.3125,77860.21094,77931.29688,0
2026-05-17 00:59,77906.13281,77906.13281,77779.6875,77850.0,4128768
2026-05-17 01:00,77897.24219,77983.74219,77897.24219,77936.20312,18339840
2026-05-17 01:01,77846.35938,77860.03906,77808.00781,77860.03906,10084352
2026-05-17 01:02,77812.97656,77863.4375,77800.74219,77850.45312,13565952
2026-05-17 01:03,77855.60156,77863.4375,77832.57031,77832.57031,0
2026-05-17 01:04,77931.75781,77931.75781,77863.40625,77863.40625,34230272
2026-05-17 01:05,77956.85938,77956.85938,77927.6875,77938.35156,25939968
2026-05-17 01:06,77951.20312,77954.54688,77927.6875,77953.10938,57231360
2026-05-17 01:07,77965.02344,77965.03125,77948.85938,77953.10938,3434496
2026-05-17 01:08,78006.96094,78033.75781,77965.02344,77965.02344,0
2026-05-17 01:09,78013.32031,78022.07031,78005.53125,78008.14844,0
2026-05-17 01:10,78055.60156,78069.35156,78000.88281,78000.88281,29155328
2026-05-17 01:11,78065.95312,78065.95312,78052.00781,78052.00781,0
2026-05-17 01:12,78074.39062,78074.39844,78067.47656,78067.47656,0
2026-05-17 01:13,78051.82812,78072.67969,78050.22656,78071.46094,0
2026-05-17 01:14,78021.45312,78051.84375,78021.4375,78051.84375,2473984
2026-05-17 01:15,78042.10156,78042.10938,78021.4375,78021.45312,71014400
2026-05-17 01:16,78023.97656,78054.28906,78023.97656,78042.10156,17993728
2026-05-17 01:17,77999.70312,78042.78125,77995.82031,78034.24219,1224704
2026-05-17 01:18,77990.03906,78011.07031,77990.03906,77999.75,110536704
2026-05-17 01:19,78003.79688,78003.79688,77990.0,77990.0,0
2026-05-17 01:20,78003.78906,78010.70312,78003.78906,78003.78906,10240
2026-05-17 01:21,78020.53125,78021.75,77997.82812,78000.09375,20400128
2026-05-17 01:22,77995.82031,78029.00781,77995.82031,78020.52344,0
2026-05-17 01:23,77974.46094,77995.82812,77943.0625,77995.82812,0
2026-05-17 01:24,77981.97656,77981.97656,77976.92188,77976.92188,0
2026-05-17 01:25,77960.02344,78004.0625,77938.86719,77985.99219,0
2026-05-17 01:26,77934.14062,77948.85156,77923.5625,77948.85156,0
2026-05-17 01:27,77951.99219,77951.99219,77889.97656,77922.72656,0
2026-05-17 01:28,77966.1875,77967.59375,77957.39062,77961.64844,0
2026-05-17 01:29,77958.24219,77966.1875,77957.39062,77966.1875,6187008
2026-05-17 01:30,77957.53906,77965.54688,77930.02344,77953.11719,0
2026-05-17 01:31,77934.46875,77974.46875,77934.46875,77972.02344,16629760
2026-05-17 01:32,77921.10156,77930.00781,77906.14844,77930.00781,2766848
2026-05-17 01:33,77953.13281,77978.71094,77921.09375,77921.09375,0
2026-05-17 01:34,77957.38281,77963.85156,77944.57812,77954.52344,1589248
2026-05-17 01:35,77918.96094,77947.8125,77910.42188,77947.8125,0
2026-05-17 01:36,77902.42188,77902.42188,77846.35938,77862.97656,380928
2026-05-17 01:37,77940.0,77940.0,77901.00781,77901.00781,15007744
2026-05-17 01:38,77915.64844,77933.32812,77915.64062,77931.77344,1163264
2026-05-17 01:39,77938.07031,77938.07031,77915.64844,77915.64844,3028992
2026-05-17 01:40,77821.85938,77899.00781,77818.78906,77889.07031,0
2026-05-17 01:41,77796.0625,77819.97656,77720.0,77819.97656,5885952
2026-05-17 01:42,77704.96094,77785.4375,77704.96094,77782.32031,20316160
2026-05-17 01:43,77713.07812,77748.14844,77705.10938,77725.32031,5978112
2026-05-17 01:44,77759.86719,77762.09375,77706.10938,77713.97656,0
2026-05-17 01:45,77765.64062,77770.0,77719.5,77762.10156,0
2026-05-17 01:46,77779.38281,77790.85938,77767.22656,77768.54688,0
2026-05-17 01:47,77829.53906,77841.99219,77794.15625,77794.17188,4954112
2026-05-17 01:48,77803.54688,77844.71094,77793.07031,77829.45312,166332416
2026-05-17 01:49,77769.15625,77798.59375,77769.11719,77798.59375,0
2026-05-17 01:50,77825.00781,77825.00781,77769.0625,77769.07031,2138112
2026-05-17 01:51,77791.03125,77824.11719,77791.03125,77824.11719,0
2026-05-17 01:52,77789.60938,77797.24219,77776.72656,77791.27344,119166976
2026-05-17 01:53,77808.96875,77808.96875,77790.61719,77790.61719,2676736
2026-05-17 01:54,77785.20312,77812.17969,77785.1875,77812.17188,18944000
2026-05-17 01:55,77801.14844,77803.67188,77788.28125,77788.28125,6537216
2026-05-17 01:56,77799.14844,77802.9375,77799.14844,77801.14062,0
2026-05-17 01:57,77782.3125,77799.15625,77767.32812,77799.14844,0
2026-05-17 01:58,77696.92969,77786.57812,77696.92969,77782.32031,0
2026-05-17 01:59,77709.72656,77713.64062,77693.25,77693.25,0
2026-05-17 02:00,77755.0,77755.00781,77693.25,77693.25,96374784
2026-05-17 02:01,77767.14844,77800.0,77755.0,77755.0,1394688
2026-05-17 02:02,77735.96875,77754.09375,77709.70312,77754.09375,0
2026-05-17 02:03,77759.63281,77759.63281,77737.47656,77737.47656,0
2026-05-17 02:04,77777.96875,77777.96875,77755.67969,77759.63281,5060608
2026-05-17 02:05,77760.96875,77786.57812,77760.96875,77777.97656,28672
2026-05-17 02:06,77782.3125,77782.3125,77755.24219,77760.96875,51666944
2026-05-17 02:07,77799.96875,77804.03125,77790.38281,77790.38281,0
2026-05-17 02:08,77803.65625,77803.65625,77790.0,77799.27344,0
2026-05-17 02:09,77822.57812,77822.57812,77803.95312,77809.99219,0
2026-05-17 02:10,77872.40625,77889.92188,77818.71094,77825.02344,0
2026-05-17 02:11,77862.50781,77893.32812,77855.42969,77884.14844,2342912
2026-05-17 02:12,77861.13281,77864.97656,77855.34375,77862.21875,0
2026-05-17 02:13,77839.14062,77840.60156,77821.11719,77840.60156,39137280
2026-05-17 02:14,77838.89062,77839.14844,77829.28906,77839.14062,4902912
2026-05-17 02:15,77829.29688,77839.13281,77829.28906,77838.89844,0
2026-05-17 02:16,77823.52344,77833.67188,77823.52344,77829.28906,0
2026-05-17 02:17,77823.50781,77846.39844,77823.50781,77841.17188,0
2026-05-17 02:18,77846.40625,77846.40625,77817.50781,77817.50781,12132352
2026-05-17 02:19,77880.89844,77880.89844,77846.39844,77846.39844,0
2026-05-17 02:20,77880.82812,77900.25,77880.82812,77890.57031,3459072
2026-05-17 02:21,77862.13281,77880.84375,77859.97656,77880.84375,0
2026-05-17 02:22,77850.84375,77862.13281,77850.84375,77862.11719,1097728
2026-05-17 02:23,77820.07812,77850.0,77820.07031,77848.10938,0
2026-05-17 02:24,77841.00781,77841.02344,77828.84375,77828.84375,0
2026-05-17 02:25,77824.10156,77839.45312,77820.75,77839.45312,7137280
2026-05-17 02:26,77828.32031,77828.32031,77806.39844,77824.10938,421888
2026-05-17 02:27,77840.0,77840.0,77833.5625,77835.28906,39641088
2026-05-17 02:28,77854.92188,77864.46094,77849.99219,77849.99219,0
2026-05-17 02:29,77867.70312,77867.70312,77859.46875,77864.67188,2676736
2026-05-17 02:30,77859.99219,77869.59375,77854.90625,77869.59375,0
2026-05-17 02:31,77901.72656,77901.72656,77860.0,77860.0,2770944
2026-05-17 02:32,77872.60156,77897.60156,77872.60156,77897.60156,489472
2026-05-17 02:33,77832.07812,77859.15625,77826.77344,77842.10156,0
2026-05-17 02:34,77826.57031,77832.07031,77824.28906,77832.07031,89788416
2026-05-17 02:35,77833.67969,77839.97656,77825.99219,77833.54688,473088
2026-05-17 02:36,77876.14062,77877.63281,77852.39844,77852.40625,0
2026-05-17 02:37,77879.57812,77884.00781,77876.14062,77876.14062,0
2026-05-17 02:38,77897.61719,77909.49219,77880.72656,77880.72656,0
2026-05-17 02:39,77876.25,77905.42188,77876.25,77897.60938,0
2026-05-17 02:40,77876.27344,77894.64062,77871.99219,77871.99219,17666048
2026-05-17 02:41,77860.00781,77876.25781,77860.00781,77876.25781,0
2026-05-17 02:42,77880.53906,77890.95312,77863.39844,77863.39844,13113344
2026-05-17 02:43,77889.0625,77889.0625,77879.46094,77880.53906,946176
2026-05-17 02:44,77886.36719,77889.0625,77886.36719,77889.0625,0
2026-05-17 02:45,77894.22656,77901.88281,77882.0,77882.53906,12212224
2026-05-17 02:46,77899.36719,77899.97656,77876.3125,77894.22656,0
2026-05-17 02:47,77900.0,77900.00781,77898.82812,77898.82812,0
2026-05-17 02:48,77884.20312,77900.00781,77884.20312,77900.00781,0
2026-05-17 02:49,77876.29688,77889.97656,77876.29688,77884.20312,0
2026-05-17 02:50,77862.39062,77876.3125,77862.39062,77876.3125,0
2026-05-17 02:51,77843.96094,77880.52344,77843.96094,77846.0,0
2026-05-17 02:52,77825.03125,77843.96094,77820.77344,77843.9375,0
2026-05-17 02:53,77845.5625,77845.5625,77827.60938,77827.60938,937984
2026-05-17 02:54,77879.57812,77893.35938,77838.0,77848.40625,0
2026-05-17 02:55,77862.5625,77862.5625,77850.64844,77859.1875,0
2026-05-17 02:56,77864.03906,77865.5,77847.78125,77862.57031,4507648
2026-05-17 02:57,77885.84375,77885.84375,77863.97656,77865.46875,0
2026-05-17 02:58,77872.17969,77876.25781,77868.0,77876.25781,0
2026-05-17 02:59,77866.78125,77884.78906,77866.78125,77874.67188,0
2026-05-17 03:00,77880.85938,77880.85938,77855.27344,77855.27344,0
2026-05-17 03:01,77900.00781,77910.40625,77893.02344,77898.0,55191552
2026-05-17 03:02,77961.74219,77961.74219,77903.89062,77903.89062,0
2026-05-17 03:03,77944.59375,77978.27344,77944.57812,77978.27344,27762688
2026-05-17 03:04,77944.38281,77957.38281,77932.39844,77957.38281,0
2026-05-17 03:05,77940.53906,77946.27344,77932.27344,77945.00781,0
2026-05-17 03:06,77931.75781,77948.85938,77920.45312,77948.85938,0
2026-05-17 03:07,77938.60156,77939.99219,77931.78125,77933.3125,1560576
2026-05-17 03:08,77935.35938,77938.60156,77934.77344,77938.60156,2932736
2026-05-17 03:09,77922.02344,77935.67969,77922.00781,77935.64844,55248896
2026-05-17 03:10,77911.03125,77922.02344,77910.42969,77922.02344,0
2026-05-17 03:11,77912.35938,77912.70312,77910.54688,77911.03125,1536000
2026-05-17 03:12,77914.96875,77938.57031,77913.40625,77913.40625,89430016
2026-05-17 03:13,77923.21875,77923.21875,77914.96875,77914.96875,53248
2026-05-17 03:14,77934.03906,77938.60156,77924.9375,77924.9375,966656
2026-05-17 03:15,77948.84375,77962.67969,77927.5,77934.04688,0
2026-05-17 03:16,77969.95312,77969.95312,77948.84375,77948.85156,0
2026-05-17 03:17,77961.99219,77970.21875,77959.9375,77969.95312,387072
2026-05-17 03:18,77982.25781,77982.27344,77961.86719,77961.86719,0
2026-05-17 03:19,77941.60938,77977.99219,77941.60938,77977.99219,15532032
2026-05-17 03:20,77941.4375,77950.0,77928.49219,77928.49219,528384
2026-05-17 03:21,77942.95312,77950.0,77942.95312,77942.96094,0
2026-05-17 03:22,77957.39062,77957.39062,77941.4375,77942.96094,0
2026-05-17 03:23,77979.25781,77979.25781,77951.75,77951.75,0
2026-05-17 03:24,77962.0,77983.25781,77962.0,77980.17969,0
2026-05-17 03:25,77935.79688,77962.00781,77935.78906,77962.00781,0
2026-05-17 03:26,77951.07812,77951.07812,77935.78906,77935.78906,0
2026-05-17 03:27,77935.82031,77940.32031,77935.82031,77940.32031,0
2026-05-17 03:28,77944.57031,77944.57031,77935.8125,77935.82031,124928
2026-05-17 03:29,77973.42969,77973.42969,77944.57031,77944.57031,0
2026-05-17 03:30,77954.54688,77969.03125,77951.96094,77967.95312,0
2026-05-17 03:31,77978.36719,77978.36719,77948.95312,77954.38281,0
2026-05-17 03:32,77974.46094,77974.46094,77958.79688,77966.10938,0
2026-05-17 03:33,77995.96875,77997.27344,77974.46094,77974.46094,21411840
2026-05-17 03:34,78007.79688,78007.79688,77997.53906,77997.53906,0
2026-05-17 03:35,78005.53125,78007.09375,78001.54688,78006.32812,167936
2026-05-17 03:36,78005.42188,78005.42969,77998.0,77998.0,0
2026-05-17 03:37,77998.82031,78004.34375,77996.00781,78000.50781,0
2026-05-17 03:38,78000.0,78000.0,77999.75781,77999.75781,0
2026-05-17 03:39,78019.0,78019.0,78004.35938,78012.89062,0
2026-05-17 03:40,78024.02344,78029.96875,78019.00781,78019.00781,0
2026-05-17 03:41,78008.63281,78038.99219,78008.63281,78026.32031,12288
2026-05-17 03:42,77995.82812,78008.64062,77995.82812,78008.64062,0
2026-05-17 03:43,77994.38281,77995.82812,77991.5625,77995.82812,0
2026-05-17 03:44,77996.89062,78006.95312,77994.38281,77994.38281,2369536
2026-05-17 03:45,77990.32812,77996.89062,77985.00781,77996.89062,11741184
2026-05-17 03:46,77996.96094,77997.57812,77990.32031,77990.32812,352256
2026-05-17 03:47,77998.50781,78013.15625,77996.85156,77997.85156,0
2026-05-17 03:48,77999.65625,78000.20312,77999.64844,77999.65625,9777152
2026-05-17 03:49,78018.0,78018.0,77999.65625,77999.65625,79872
2026-05-17 03:50,78034.25,78054.00781,78019.25781,78019.25781,0
2026-05-17 03:51,78026.38281,78034.25,78026.38281,78034.25,3942400
2026-05-17 03:52,78000.21094,78017.99219,78000.21094,78017.99219,0
2026-05-17 03:53,77993.75,77996.6875,77991.03125,77991.03125,0
2026-05-17 03:54,77988.96094,77989.78125,77987.53125,77987.53125,0
2026-05-17 03:55,77983.52344,77985.07812,77974.46875,77985.07812,153600
2026-05-17 03:56,77979.95312,77983.52344,77966.57031,77983.52344,0
2026-05-17 03:57,77979.95312,77979.96094,77979.95312,77979.96094,0
2026-05-17 03:58,77983.5,77983.5,77976.0,77979.22656,0
2026-05-17 03:59,77993.24219,78000.0,77983.5,77983.5,0
2026-05-17 04:00,77981.6875,77993.24219,77971.97656,77993.24219,0
2026-05-17 04:01,77993.32812,77993.96094,77981.6875,77981.6875,0
2026-05-17 04:02,78009.63281,78012.89844,78008.61719,78008.61719,0
2026-05-17 04:03,78017.17969,78028.52344,78017.17969,78025.42188,0
2026-05-17 04:04,78025.70312,78025.70312,78002.46875,78009.07031,0
2026-05-17 04:05,78024.99219,78024.99219,78008.63281,78016.8125,0
2026-05-17 04:06,78054.54688,78060.15625,78024.99219,78024.99219,0
2026-05-17 04:07,78033.99219,78049.88281,78031.64844,78049.88281,0
2026-05-17 04:08,78029.99219,78032.02344,78017.90625,78032.02344,0
2026-05-17 04:09,78021.45312,78030.0,78021.45312,78030.0,0
2026-05-17 04:10,78016.70312,78020.97656,78008.64062,78017.17969,827392
2026-05-17 04:11,78004.36719,78016.70312,78004.36719,78016.70312,659456
2026-05-17 04:12,78016.1875,78016.1875,77998.4375,78000.0,56911872
2026-05-17 04:13,78020.00781,78020.00781,78016.1875,78016.20312,0
2026-05-17 04:14,78025.53906,78025.53906,78017.64844,78017.64844,0
2026-05-17 04:15,78030.00781,78030.00781,78025.53906,78025.53906,22528
2026-05-17 04:16,78042.96875,78061.42188,78030.00781,78030.00781,0
2026-05-17 04:17,78033.79688,78042.78906,78030.24219,78042.78906,0
2026-05-17 04:18,78054.27344,78054.28125,78050.89844,78050.89844,0
2026-05-17 04:19,78051.35156,78059.99219,78051.32812,78054.28125,2584576
2026-05-17 04:20,78042.79688,78051.35938,78042.78906,78051.35938,5713920
2026-05-17 04:21,78056.99219,78056.99219,78042.78906,78042.78906,15067136
2026-05-17 04:22,78051.88281,78068.64844,78049.79688,78057.0,0
2026-05-17 04:23,78076.95312,78076.95312,78051.88281,78051.88281,1087488
2026-05-17 04:24,78094.03125,78106.5625,78078.75,78085.02344,0
2026-05-17 04:25,78106.82812,78106.82812,78085.49219,78085.49219,0
2026-05-17 04:26,78088.24219,78114.57031,78088.24219,78114.57031,2015232
2026-05-17 04:27,78079.92969,78088.24219,78079.92188,78088.24219,40636416
2026-05-17 04:28,78076.95312,78094.02344,78076.95312,78079.92969,0
2026-05-17 04:29,78062.6875,78072.6875,78060.0625,78072.6875,0
2026-05-17 04:30,78047.60938,78051.96094,78047.60938,78051.34375,0
2026-05-17 04:31,78028.45312,78041.21094,78028.45312,78031.42969,0
2026-05-17 04:32,78041.50781,78041.84375,78022.49219,78028.46094,0
2026-05-17 04:33,78034.85938,78046.13281,78034.85938,78041.50781,0
2026-05-17 04:34,78055.74219,78055.74219,78037.17969,78037.17969,0
2026-05-17 04:35,78093.42188,78093.42188,78055.72656,78055.72656,0
2026-05-17 04:36,78098.61719,78102.57031,78093.42188,78093.42969,0
2026-05-17 04:37,78130.36719,78131.07031,78099.25,78099.25,0
2026-05-17 04:38,78124.07812,78146.96094,78124.07031,78130.35938,0
2026-05-17 04:39,78120.71094,78124.07031,78120.00781,78124.07031,34295808
2026-05-17 04:40,78124.4375,78124.4375,78120.70312,78120.70312,0
2026-05-17 04:41,78144.79688,78144.79688,78125.88281,78125.88281,487424
2026-05-17 04:42,78151.04688,78154.21094,78143.38281,78144.8125,0
2026-05-17 04:43,78154.63281,78163.49219,78151.17969,78151.17969,0
2026-05-17 04:44,78152.96094,78157.34375,78151.0625,78157.34375,0
2026-05-17 04:45,78162.32812,78169.84375,78150.47656,78150.49219,0
2026-05-17 04:46,78156.54688,78156.54688,78154.46094,78154.46094,0
2026-05-17 04:47,78158.00781,78158.00781,78154.46094,78156.54688,0
2026-05-17 04:48,78158.1875,78170.89844,78158.02344,78158.02344,65390592
2026-05-17 04:49,78145.82812,78164.35938,78145.82812,78150.57031,0
2026-05-17 04:50,78158.07812,78158.07812,78142.82812,78142.82812,0
2026-05-17 04:51,78164.0,78164.0,78158.07812,78158.07812,0
2026-05-17 04:52,78136.74219,78163.99219,78136.74219,78163.99219,4397056
2026-05-17 04:53,78123.99219,78137.36719,78123.99219,78136.72656,3928064
2026-05-17 04:54,78139.07812,78139.07812,78116.0,78126.70312,21086208
2026-05-17 04:55,78136.72656,78141.79688,78136.71875,78141.79688,0
2026-05-17 04:56,78123.92188,78137.96875,78123.92188,78136.71875,0
2026-05-17 04:57,78121.92188,78121.92188,78114.74219,78118.03906,0
2026-05-17 04:58,78134.0,78134.0,78121.92188,78121.92188,6582272
2026-05-17 04:59,78124.0,78145.27344,78123.99219,78132.6875,1873920
2026-05-17 05:00,78112.57812,78137.57031,78111.9375,78118.21875,85575680
2026-05-17 05:01,78124.63281,78124.63281,78117.52344,78117.52344,0
2026-05-17 05:02,78131.85938,78131.85938,78124.61719,78124.63281,200704
2026-05-17 05:03,78146.77344,78146.78125,78131.85938,78131.85938,0
2026-05-17 05:04,78154.15625,78169.92969,78146.77344,78146.77344,2263040
2026-05-17 05:05,78186.09375,78192.22656,78154.14844,78154.14844,0
2026-05-17 05:06,78196.5,78196.50781,78183.32812,78183.34375,28506112
2026-05-17 05:07,78225.97656,78225.97656,78196.5,78196.50781,0
2026-05-17 05:08,78267.99219,78276.61719,78229.4375,78232.79688,0
2026-05-17 05:09,78243.49219,78278.20312,78243.49219,78268.17188,44957696
2026-05-17 05:10,78235.99219,78243.47656,78217.86719,78243.47656,0
2026-05-17 05:11,78237.86719,78256.28125,78235.97656,78235.99219,4284416
2026-05-17 05:12,78240.82812,78248.82812,78237.85938,78237.85938,0
2026-05-17 05:13,78220.00781,78240.84375,78220.00781,78240.82812,0
2026-05-17 05:14,78208.00781,78220.0,78208.00781,78220.0,516096
2026-05-17 05:15,78222.11719,78222.11719,78208.0,78208.0,23715840
2026-05-17 05:16,78181.99219,78222.11719,78179.42969,78222.11719,1136640
2026-05-17 05:17,78183.71094,78196.5,78183.32812,78183.32812,0
2026-05-17 05:18,78183.70312,78199.03125,78183.70312,78183.70312,0
2026-05-17 05:19,78159.96875,78182.14062,78157.89844,78182.13281,1124352
2026-05-17 05:20,78163.3125,78169.96875,78159.96875,78159.97656,0
2026-05-17 05:21,78158.00781,78163.3125,78153.82031,78163.3125,24903680
2026-05-17 05:22,78149.20312,78158.0,78141.0,78158.0,0
2026-05-17 05:23,78153.8125,78153.8125,78149.1875,78149.20312,5462016
2026-05-17 05:24,78179.28906,78179.28906,78158.07812,78158.07812,65480704
2026-05-17 05:25,78165.0,78179.28906,78165.0,78179.28125,0
2026-05-17 05:26,78168.07812,78168.07812,78162.35156,78162.35938,864256
2026-05-17 05:27,78162.82031,78168.07031,78162.35156,78168.07031,1091584
2026-05-17 05:28,78145.22656,78161.10156,78141.65625,78161.10156,0
2026-05-17 05:29,78149.92188,78149.92188,78141.65625,78145.22656,481280
2026-05-17 05:30,78142.0625,78149.92969,78139.42188,78149.92969,55130112
2026-05-17 05:31,78142.04688,78142.0625,78142.04688,78142.0625,0
2026-05-17 05:32,78125.00781,78142.0625,78125.00781,78142.0625,0
2026-05-17 05:33,78140.17969,78140.92188,78124.96875,78125.0,0
2026-05-17 05:34,78140.17969,78140.1875,78140.17969,78140.1875,0
2026-05-17 05:35,78138.92969,78147.13281,78136.72656,78140.17969,3379200
2026-05-17 05:36,78142.86719,78142.86719,78138.92188,78138.92188,0
2026-05-17 05:37,78146.21875,78146.21875,78144.67188,78144.67188,2142208
2026-05-17 05:38,78176.71094,78177.67969,78153.79688,78153.79688,0
2026-05-17 05:39,78176.34375,78181.79688,78169.67969,78173.97656,4444160
2026-05-17 05:40,78148.5,78166.92969,78146.67969,78166.61719,208896
2026-05-17 05:41,78148.5,78148.5,78148.5,78148.5,145408
2026-05-17 05:42,78163.20312,78165.85156,78148.49219,78148.5,29001728
2026-05-17 05:43,78163.11719,78164.27344,78163.10938,78164.0,0
2026-05-17 05:44,78125.00781,78153.82031,78125.00781,78153.8125,0
2026-05-17 05:45,78144.59375,78144.79688,78134.67969,78134.67969,0
2026-05-17 05:46,78132.46875,78144.49219,78132.46875,78144.47656,0
2026-05-17 05:47,78143.09375,78146.22656,78132.46094,78132.46875,0
2026-05-17 05:48,78143.28125,78143.28906,78143.28125,78143.28906,0
2026-05-17 05:49,78143.28125,78143.28906,78143.28125,78143.28906,0
2026-05-17 05:50,78113.92969,78143.28906,78113.92969,78143.28906,2246656
2026-05-17 05:51,78078.0,78105.64062,78074.10156,78105.64062,0
2026-05-17 05:52,78084.10938,78094.82812,78082.10938,78088.85938,342016
2026-05-17 05:53,78078.0,78084.92188,78078.0,78084.10938,0
2026-05-17 05:54,78078.39062,78088.86719,78078.0,78082.74219,0
2026-05-17 05:55,78079.04688,78079.99219,78079.04688,78079.99219,0
2026-05-17 05:56,78085.49219,78085.49219,78075.0,78079.04688,17074176
2026-05-17 05:57,78087.39062,78087.39062,78085.49219,78085.49219,0
2026-05-17 05:58,78098.49219,78098.49219,78086.38281,78087.39062,1716224
2026-05-17 05:59,78098.47656,78098.49219,78098.29688,78098.49219,0
2026-05-17 06:00,78117.6875,78117.6875,78106.82812,78106.82812,0
2026-05-17 06:01,78125.17969,78125.17969,78119.03906,78119.03906,0
2026-05-17 06:02,78144.3125,78144.35938,78125.17969,78125.17969,0
2026-05-17 06:03,78139.03906,78160.63281,78139.03906,78144.32031,0
2026-05-17 06:04,78125.59375,78139.04688,78125.57812,78139.04688,0
2026-05-17 06:05,78111.11719,78119.65625,78111.10938,78119.65625,0
2026-05-17 06:06,78135.36719,78135.36719,78111.11719,78111.11719,0
2026-05-17 06:07,78142.0,78153.79688,78141.99219,78143.3125,3170304
2026-05-17 06:08,78161.99219,78161.99219,78143.97656,78143.99219,0
2026-05-17 06:09,78154.97656,78161.99219,78154.92188,78161.99219,2453504
2026-05-17 06:10,78165.9375,78182.60938,78154.97656,78154.97656,0
2026-05-17 06:11,78161.61719,78165.9375,78160.34375,78165.9375,856064
2026-05-17 06:12,78151.09375,78161.61719,78150.00781,78161.61719,0
2026-05-17 06:13,78160.03906,78161.35156,78152.17969,78152.1875,0
2026-05-17 06:14,78160.03906,78160.04688,78152.1875,78160.04688,0
2026-05-17 06:15,78160.03906,78160.04688,78160.03906,78160.03906,0
2026-05-17 06:16,78160.25,78177.3125,78160.03906,78160.04688,0
2026-05-17 06:17,78153.8125,78166.46094,78153.8125,78161.57812,0
2026-05-17 06:18,78130.63281,78154.15625,78130.63281,78153.8125,0
2026-05-17 06:19,78132.27344,78151.40625,78127.96094,78127.96094,0
2026-05-17 06:20,78077.53125,78133.95312,78077.53125,78132.27344,0
2026-05-17 06:21,78093.67969,78095.25,78080.63281,78081.13281,0
2026-05-17 06:22,78068.97656,78093.67969,78068.97656,78093.67969,0
2026-05-17 06:23,78055.54688,78073.75,78055.54688,78069.02344,0
2026-05-17 06:24,78035.09375,78061.97656,78035.09375,78050.00781,0
2026-05-17 06:25,78027.99219,78029.96875,78000.89844,78029.96875,0
2026-05-17 06:26,78003.79688,78029.96875,78003.79688,78027.97656,0
2026-05-17 06:27,78012.54688,78012.54688,77977.27344,78002.3125,0
2026-05-17 06:28,78044.39844,78051.32031,78016.4375,78016.4375,0
2026-05-17 06:29,78051.89844,78053.97656,78044.39844,78044.39844,8851456
2026-05-17 06:30,78050.9375,78053.39062,78050.9375,78051.89844,0
2026-05-17 06:31,78053.27344,78053.27344,78051.25781,78052.5,0
2026-05-17 06:32,78060.53906,78067.04688,78053.25781,78053.25781,0
2026-05-17 06:33,78069.97656,78069.97656,78060.53906,78060.53906,6905856
2026-05-17 06:34,78075.99219,78075.99219,78059.88281,78071.54688,0
2026-05-17 06:35,78089.78906,78089.78906,78075.97656,78075.97656,2166784
2026-05-17 06:36,78085.5,78098.29688,78085.5,78089.78906,0
2026-05-17 06:37,78085.82812,78085.82812,78081.95312,78081.96094,0
2026-05-17 06:38,78081.89062,78085.82812,78080.35938,78085.82812,0
2026-05-17 06:39,78081.49219,78083.07031,78081.49219,78081.89844,4354048
2026-05-17 06:40,78058.90625,78075.97656,78055.82031,78075.97656,0
2026-05-17 06:41,78058.90625,78065.99219,78058.90625,78058.90625,0
2026-05-17 06:42,78017.17188,78055.60938,78017.17188,78055.60938,0
2026-05-17 06:43,78013.97656,78019.42188,78012.79688,78017.17969,0
2026-05-17 06:44,78013.97656,78013.99219,78013.97656,78013.97656,0
2026-05-17 06:45,78031.36719,78031.36719,78012.14844,78012.14844,56692736
2026-05-17 06:46,78034.53125,78034.53125,78031.47656,78031.47656,184320
2026-05-17 06:47,78011.42969,78034.25,78011.42969,78034.24219,0
2026-05-17 06:48,78029.34375,78029.97656,78019.99219,78019.99219,0
2026-05-17 06:49,78027.03906,78031.00781,78025.46094,78029.32812,0
2026-05-17 06:50,78042.78125,78042.78125,78029.78125,78029.78125,0
2026-05-17 06:51,78047.04688,78047.04688,78043.42969,78043.42969,0
2026-05-17 06:52,78045.99219,78048.0,78045.99219,78047.04688,0
2026-05-17 06:53,78045.34375,78046.0,78045.32812,78046.0,0
2026-05-17 06:54,78071.25,78072.53125,78045.99219,78045.99219,0
2026-05-17 06:55,78048.0,78068.39844,78048.0,78068.39844,0
2026-05-17 06:56,78048.0,78048.0,78046.42188,78048.0,0
2026-05-17 06:57,78072.50781,78072.50781,78047.99219,78048.0,0
2026-05-17 06:58,78074.54688,78074.54688,78069.99219,78072.50781,0
2026-05-17 06:59,78077.57031,78077.57031,78074.54688,78074.54688,11966464
2026-05-17 07:00,78086.75781,78090.15625,78077.57812,78077.57812,0
2026-05-17 07:01,78070.09375,78074.53906,78064.5,78074.53906,0
2026-05-17 07:02,78051.75781,78070.09375,78051.75,78070.09375,12402688
2026-05-17 07:03,78076.95312,78076.95312,78051.96875,78051.97656,0
2026-05-17 07:04,78070.57812,78076.95312,78067.61719,78076.95312,0
2026-05-17 07:05,78045.0,78062.21094,78045.0,78062.21094,0
2026-05-17 07:06,78063.97656,78064.25,78045.75,78045.75,0
2026-05-17 07:07,78070.20312,78070.20312,78063.97656,78063.97656,0
2026-05-17 07:08,78071.50781,78072.04688,78070.20312,78070.20312,0
2026-05-17 07:09,78074.53125,78074.53125,78071.50781,78071.50781,0
2026-05-17 07:10,78063.99219,78063.99219,78060.02344,78063.99219,8792064
2026-05-17 07:11,78061.57812,78063.99219,78060.02344,78063.99219,0
2026-05-17 07:12,78071.22656,78079.96094,78061.57812,78061.57812,0
2026-05-17 07:13,78072.67188,78072.67188,78060.00781,78071.25,0
2026-05-17 07:14,78061.97656,78072.67969,78060.74219,78072.67188,0
2026-05-17 07:15,78051.34375,78061.07812,78051.34375,78060.0,0
2026-05-17 07:16,78044.99219,78051.34375,78044.99219,78051.34375,0
2026-05-17 07:17,78038.89062,78047.0625,78038.89062,78047.0625,0
2026-05-17 07:18,78038.89844,78038.89844,78038.89062,78038.89062,0
2026-05-17 07:19,78028.10156,78038.89844,78028.09375,78032.71875,0
2026-05-17 07:20,78038.53906,78038.53906,78028.09375,78028.10156,0
2026-05-17 07:21,78028.35938,78039.99219,78028.35938,78038.54688,0
2026-05-17 07:22,78031.14062,78031.14844,78030.53125,78030.53125,0
2026-05-17 07:23,78042.78906,78042.78906,78030.70312,78031.14844,0
2026-05-17 07:24,78071.29688,78071.40625,78054.39062,78054.39062,0
2026-05-17 07:25,78117.74219,78118.72656,78072.67188,78072.67188,0
2026-05-17 07:26,78115.99219,78115.99219,78102.78906,78114.07812,0
2026-05-17 07:27,78107.71094,78116.0,78107.71094,78115.99219,0
2026-05-17 07:28,78098.3125,78100.32812,78091.86719,78098.3125,9758720
2026-05-17 07:29,78091.46094,78098.82812,78091.46094,78098.42188,0
2026-05-17 07:30,78104.86719,78107.24219,78093.97656,78100.57031,0
2026-05-17 07:31,78145.25781,78145.25781,78107.61719,78107.61719,0
2026-05-17 07:32,78163.60156,78175.15625,78145.25781,78145.25781,12818432
2026-05-17 07:33,78165.71875,78165.71875,78151.90625,78163.60156,0
2026-05-17 07:34,78175.03125,78175.03125,78165.32031,78165.75781,0
2026-05-17 07:35,78158.07812,78175.03125,78158.07812,78175.03125,0
2026-05-17 07:36,78174.59375,78174.59375,78158.9375,78158.9375,0
2026-05-17 07:37,78128.1875,78177.99219,78128.1875,78177.99219,7684096
2026-05-17 07:38,78081.22656,78126.61719,78081.22656,78126.61719,0
2026-05-17 07:39,78109.10938,78109.10938,78076.96094,78079.64844,18769920
2026-05-17 07:40,78128.1875,78128.1875,78110.67188,78110.67188,0
2026-05-17 07:41,78119.64844,78128.39844,78119.64844,78128.17969,0
2026-05-17 07:42,78118.88281,78118.88281,78115.99219,78115.99219,6318080
2026-05-17 07:43,78119.99219,78120.0,78119.49219,78119.49219,0
2026-05-17 07:44,78119.99219,78120.0,78119.99219,78120.0,0
2026-05-17 07:45,78128.17969,78128.17969,78119.99219,78120.0,0
2026-05-17 07:46,78132.47656,78144.96094,78132.47656,78136.42188,0
2026-05-17 07:47,78132.47656,78132.47656,78128.21094,78132.46875,0
2026-05-17 07:48,78133.17188,78133.59375,78131.45312,78132.47656,0
2026-05-17 07:49,78146.5,78146.5,78132.09375,78132.09375,0
2026-05-17 07:50,78136.72656,78136.72656,78131.47656,78136.1875,0
2026-05-17 07:51,78132.46875,78145.27344,78132.46875,78136.72656,15628288
2026-05-17 07:52,78123.40625,78129.50781,78120.46094,78129.50781,0
2026-05-17 07:53,78156.42969,78156.4375,78123.42969,78123.42969,0
2026-05-17 07:54,78158.13281,78158.13281,78155.35156,78156.39844,0
2026-05-17 07:55,78142.15625,78162.35156,78142.15625,78158.49219,0
2026-05-17 07:56,78132.46875,78142.15625,78132.46875,78142.14844,0
2026-05-17 07:57,78132.46094,78132.46875,78132.46094,78132.46875,0
2026-05-17 07:58,78140.71875,78140.71875,78132.46094,78132.46094,0
2026-05-17 07:59,78152.13281,78152.13281,78140.71875,78140.71875,12607488
2026-05-17 08:00,78123.92969,78169.64062,78123.92969,78153.8125,0
2026-05-17 08:01,78123.90625,78123.90625,78108.0,78119.99219,0
2026-05-17 08:02,78130.60156,78130.60156,78126.10938,78126.10938,0
2026-05-17 08:03,78129.5,78139.14844,78129.5,78139.14844,0
2026-05-17 08:04,78114.70312,78129.5,78114.70312,78128.21094,0
2026-05-17 08:05,78114.70312,78114.71094,78114.70312,78114.71094,0
2026-05-17 08:06,78132.60938,78139.46094,78114.71094,78114.71094,0
2026-05-17 08:07,78123.90625,78132.60938,78123.90625,78132.60938,0
2026-05-17 08:08,78129.79688,78132.45312,78122.0,78123.90625,0
2026-05-17 08:09,78145.27344,78145.27344,78127.52344,78127.52344,0
2026-05-17 08:10,78123.89844,78128.95312,78123.89062,78128.95312,0
2026-05-17 08:11,78137.54688,78137.54688,78123.89062,78123.89844,0
2026-05-17 08:12,78127.10156,78137.67188,78127.09375,78137.5625,0
2026-05-17 08:13,78133.4375,78135.82812,78127.09375,78127.09375,0
2026-05-17 08:14,78118.59375,78136.90625,78111.61719,78136.90625,0
2026-05-17 08:15,78114.85938,78118.60156,78110.3125,78118.60156,0
2026-05-17 08:16,78118.0,78119.92188,78114.85938,78114.85938,0
2026-05-17 08:17,78117.78906,78118.0,78117.78125,78118.0,0
2026-05-17 08:18,78092.45312,78117.78125,78092.45312,78117.78125,0
2026-05-17 08:19,78059.89062,78081.21875,78037.0,78081.21875,464896
2026-05-17 08:20,78048.00781,78059.89062,78047.07031,78059.89062,368640
2026-05-17 08:21,78048.39844,78068.39844,78044.00781,78048.00781,0
2026-05-17 08:22,78068.40625,78076.95312,78048.39062,78048.39844,0
2026-05-17 08:23,78089.99219,78089.99219,78072.49219,78072.49219,0
2026-05-17 08:24,78068.42188,78087.24219,78068.40625,78087.24219,0
2026-05-17 08:25,78063.61719,78064.00781,78060.0,78062.0,0
2026-05-17 08:26,78044.13281,78063.61719,78044.13281,78063.60938,11388928
2026-05-17 08:27,78030.07031,78046.60156,78030.07031,78046.59375,0
2026-05-17 08:28,78038.6875,78038.6875,78026.03125,78030.0625,0
2026-05-17 08:29,78042.53906,78060.0,78034.25781,78038.6875,0
2026-05-17 08:30,78054.14062,78054.14062,78034.25,78039.8125,0
2026-05-17 08:31,78037.99219,78041.67969,78037.99219,78040.59375,0
2026-05-17 08:32,78053.99219,78053.99219,78037.99219,78038.0,595968
2026-05-17 08:33,78038.0,78053.99219,78037.99219,78053.99219,0
2026-05-17 08:34,78038.45312,78039.57031,78037.99219,78037.99219,0
2026-05-17 08:35,78053.1875,78053.1875,78038.79688,78038.79688,0
2026-05-17 08:36,78044.25781,78053.20312,78037.88281,78053.20312,0
2026-05-17 08:37,78054.75781,78054.77344,78044.27344,78044.27344,0
2026-05-17 08:38,78068.40625,78083.96094,78054.75781,78054.75781,0
2026-05-17 08:39,78042.78906,78068.42188,78042.78906,78068.42188,0
2026-05-17 08:40,78026.45312,78034.25781,78026.45312,78034.25781,0
2026-05-17 08:41,78012.89062,78020.45312,78000.09375,78020.45312,0
2026-05-17 08:42,78024.88281,78024.89062,78012.89062,78012.89844,0
2026-05-17 08:43,78024.03906,78024.89062,78024.03906,78024.03906,0
2026-05-17 08:44,78074.97656,78074.97656,78026.0,78026.0,3989504
2026-05-17 08:45,78068.5625,78074.99219,78062.60938,78074.97656,0
2026-05-17 08:46,78055.60156,78068.57031,78055.60156,78068.57031,0
2026-05-17 08:47,78055.50781,78055.60938,78055.50781,78055.60938,1685504
2026-05-17 08:48,78052.78125,78055.52344,78050.00781,78055.52344,11169792
2026-05-17 08:49,78058.21875,78058.21875,78058.21094,78058.21094,0
2026-05-17 08:50,78055.59375,78058.21875,78039.99219,78058.21875,0
2026-05-17 08:51,78056.03125,78064.99219,78055.60156,78055.60156,0
2026-05-17 08:52,78063.99219,78067.36719,78056.02344,78056.02344,0
2026-05-17 08:53,78071.85156,78075.57031,78071.85156,78072.67188,0
2026-05-17 08:54,78038.42188,78076.40625,78038.42188,78068.70312,0
2026-05-17 08:55,78059.77344,78060.00781,78041.99219,78041.99219,0
2026-05-17 08:56,78052.9375,78059.77344,78052.9375,78059.77344,10524672
2026-05-17 08:57,78047.99219,78048.0,78047.0625,78047.0625,0
2026-05-17 08:58,78054.85156,78054.85156,78042.78906,78048.0,0
2026-05-17 08:59,78058.1875,78059.67188,78056.42969,78056.42969,0
2026-05-17 09:00,78058.0,78063.99219,78053.24219,78063.99219,0
2026-05-17 09:01,78060.14062,78060.14844,78058.20312,78058.20312,0
2026-05-17 09:02,78082.4375,78082.4375,78060.14844,78060.14844,0
2026-05-17 09:03,78090.78125,78101.24219,78081.21875,78089.72656,0
2026-05-17 09:04,78055.5625,78094.03125,78055.5625,78093.60938,0
2026-05-17 09:05,78058.03906,78058.04688,78033.4375,78033.4375,1519616
2026-05-17 09:06,78059.03906,78059.04688,78058.03906,78058.03906,0
2026-05-17 09:07,78060.28906,78060.28906,78059.04688,78059.04688,0
2026-05-17 09:08,78074.00781,78074.00781,78059.25781,78059.27344,14946304
2026-05-17 09:09,78064.52344,78094.02344,78063.99219,78074.00781,0
2026-05-17 09:10,78073.92969,78073.92969,78064.0,78066.42969,0
2026-05-17 09:11,78081.88281,78081.89062,78077.53906,78077.53906,0
2026-05-17 09:12,78095.67969,78095.67969,78084.64844,78084.64844,0
2026-05-17 09:13,78090.0,78107.85938,78090.0,78095.67969,610304
2026-05-17 09:14,78092.49219,78093.24219,78089.99219,78089.99219,0
2026-05-17 09:15,78119.97656,78119.97656,78088.0,78092.5,0
2026-05-17 09:16,78118.70312,78121.77344,78112.35938,78121.77344,0
2026-05-17 09:17,78087.96094,78117.11719,78085.49219,78117.11719,0
2026-05-17 09:18,78085.42969,78086.47656,78081.89062,78081.89844,0
2026-05-17 09:19,78101.9375,78101.9375,78081.89062,78085.67969,0
2026-05-17 09:20,78102.59375,78115.1875,78102.57031,78115.1875,0
2026-05-17 09:21,78099.0,78102.57812,78096.10938,78102.57812,0
2026-05-17 09:22,78088.00781,78097.78125,78085.75781,78097.78125,0
2026-05-17 09:23,78085.4375,78087.97656,78085.4375,78087.96875,0
2026-05-17 09:24,78110.00781,78110.00781,78065.45312,78085.4375,0
2026-05-17 09:25,78081.22656,78098.29688,78081.21875,78098.29688,0
2026-05-17 09:26,78084.59375,78084.59375,78083.52344,78083.52344,0
2026-05-17 09:27,78086.47656,78086.89062,78085.78125,78085.78906,0
2026-05-17 09:28,78091.60938,78091.60938,78086.49219,78086.49219,0
2026-05-17 09:29,78109.52344,78109.52344,78096.82812,78096.82812,0
2026-05-17 09:30,78112.28125,78112.28125,78112.27344,78112.27344,0
2026-05-17 09:31,78082.15625,78097.45312,78082.15625,78097.45312,0
2026-05-17 09:32,78082.15625,78082.15625,78082.14844,78082.15625,0
2026-05-17 09:33,78082.14844,78094.03125,78082.14844,78082.14844,0
2026-05-17 09:34,78086.89844,78086.90625,78082.14844,78082.15625,0
2026-05-17 09:35,78081.22656,78090.21094,78081.21875,78090.20312,0
2026-05-17 09:36,78078.02344,78081.22656,78078.02344,78081.22656,0
2026-05-17 09:37,78078.02344,78078.03125,78078.02344,78078.03125,0
2026-05-17 09:38,78076.9375,78078.03125,78059.86719,78078.02344,0
2026-05-17 09:39,78096.07812,78096.07812,78076.9375,78076.95312,0
2026-05-17 09:40,78081.07812,78106.82812,78081.07812,78106.82812,0
2026-05-17 09:41,78081.09375,78081.09375,78081.07812,78081.07812,0
2026-05-17 09:42,78086.88281,78086.88281,78081.07812,78081.09375,0
2026-05-17 09:43,78090.78125,78090.78906,78088.38281,78088.38281,0
2026-05-17 09:44,78095.09375,78095.09375,78093.52344,78093.52344,0
2026-05-17 09:45,78100.79688,78103.82031,78100.17188,78100.17188,0
2026-05-17 09:46,78101.92188,78101.92188,78100.79688,78100.8125,0
2026-05-17 09:47,78111.24219,78111.24219,78103.97656,78103.97656,0
2026-05-17 09:48,78111.42188,78111.42188,78111.22656,78111.24219,0
2026-05-17 09:49,78119.64062,78119.64844,78111.40625,78111.40625,0
2026-05-17 09:50,78129.85938,78129.85938,78119.64062,78119.64062,0
2026-05-17 09:51,78143.25781,78143.25781,78136.71875,78136.71875,0
2026-05-17 09:52,78157.00781,78157.00781,78143.25781,78143.25781,0
2026-05-17 09:53,78161.60156,78162.02344,78157.02344,78157.02344,0
2026-05-17 09:54,78195.49219,78195.5,78147.49219,78153.89062,0
2026-05-17 09:55,78199.99219,78199.99219,78183.70312,78189.70312,0
2026-05-17 09:56,78227.84375,78244.36719,78198.42188,78199.99219,0
2026-05-17 09:57,78264.53125,78267.00781,78208.04688,78217.14844,0
2026-05-17 09:58,78238.39062,78262.03906,78238.38281,78262.03906,0
2026-05-17 09:59,78217.3125,78238.97656,78214.03125,78238.97656,1781760
2026-05-17 10:00,78217.85938,78228.57812,78217.3125,78217.32031,0
2026-05-17 10:01,78226.54688,78230.03906,78226.53906,78230.03125,1175552
2026-05-17 10:02,78257.85938,78257.85938,78222.0,78226.54688,0
2026-05-17 10:03,78245.02344,78256.28906,78232.02344,78256.28906,0
2026-05-17 10:04,78288.99219,78302.0,78245.03125,78256.28125,0
2026-05-17 10:05,78260.54688,78281.92188,78245.03125,78281.92188,0
2026-05-17 10:06,78276.38281,78276.38281,78247.75,78247.75,0
2026-05-17 10:07,78318.22656,78320.29688,78272.72656,78277.64062,1130496
2026-05-17 10:08,78328.0,78332.14844,78298.97656,78319.17969,0
2026-05-17 10:09,78323.95312,78332.5,78322.04688,78332.5,0
2026-05-17 10:10,78360.95312,78378.13281,78333.14062,78333.14062,0
2026-05-17 10:11,78380.10938,78380.10938,78333.15625,78345.96875,0
2026-05-17 10:12,78465.50781,78476.27344,78390.28906,78390.28906,0
2026-05-17 10:13,78441.60156,78490.0,78439.89844,78483.00781,0
2026-05-17 10:14,78408.64062,78441.60938,78407.22656,78441.60156,0
2026-05-17 10:15,78422.89844,78434.54688,78408.64062,78408.64062,0
2026-05-17 10:16,78384.3125,78422.89844,78373.78906,78422.89844,7194624
2026-05-17 10:17,78418.54688,78433.67188,78372.61719,78384.32031,32163840
2026-05-17 10:18,78420.0,78420.0,78408.0,78408.92969,0
2026-05-17 10:19,78394.34375,78420.00781,78387.99219,78420.00781,0
2026-05-17 10:20,78404.59375,78410.25781,78383.02344,78383.02344,4993024
2026-05-17 10:21,78384.39062,78404.57812,78384.39062,78404.57812,0
2026-05-17 10:22,78422.79688,78425.5,78393.54688,78393.54688,4364288
2026-05-17 10:23,78443.10156,78443.10156,78418.75,78418.75,2830336
2026-05-17 10:24,78456.99219,78474.04688,78443.92188,78460.77344,0
2026-05-17 10:25,78474.04688,78474.04688,78456.99219,78456.99219,19867648
2026-05-17 10:26,78457.71094,78476.52344,78457.71094,78474.0625,0
2026-05-17 10:27,78516.75,78516.75,78457.71094,78468.21094,69486592
2026-05-17 10:28,78519.60938,78552.02344,78511.99219,78552.02344,0
2026-05-17 10:29,78495.40625,78516.75781,78492.61719,78516.75781,0
2026-05-17 10:30,78478.42969,78481.89844,78473.03906,78478.32812,0
2026-05-17 10:31,78468.28125,78478.4375,78465.53125,78478.42969,0
2026-05-17 10:32,78438.32812,78486.0,78424.21094,78470.97656,0
2026-05-17 10:33,78417.10156,78427.13281,78401.47656,78427.13281,0
2026-05-17 10:34,78444.17969,78444.17969,78417.10156,78417.10156,0
2026-05-17 10:35,78463.9375,78469.75781,78444.17969,78444.17969,0
2026-05-17 10:36,78495.42188,78508.21094,78463.9375,78463.9375,0
2026-05-17 10:37,78467.00781,78498.96094,78467.00781,78495.42188,0
2026-05-17 10:38,78489.67188,78489.67188,78465.72656,78465.72656,0
2026-05-17 10:39,78435.1875,78483.07812,78435.1875,78483.07812,0
2026-05-17 10:40,78410.0,78428.00781,78401.47656,78424.95312,0
2026-05-17 10:41,78398.00781,78404.92969,78397.27344,78403.64062,0
2026-05-17 10:42,78405.64062,78405.64062,78388.60938,78388.65625,0
2026-05-17 10:43,78413.53906,78413.53906,78405.4375,78405.63281,1773568
2026-05-17 10:44,78460.03125,78460.03125,78405.64062,78413.53906,0
2026-05-17 10:45,78442.82812,78449.29688,78439.89844,78439.89844,0
2026-05-17 10:46,78431.14844,78442.82812,78431.14062,78442.82812,0
2026-05-17 10:47,78431.35938,78431.35938,78417.74219,78428.6875,1103872
2026-05-17 10:48,78414.28906,78436.82031,78414.28906,78432.59375,0
2026-05-17 10:49,78427.07812,78427.07812,78397.07031,78407.54688,0
2026-05-17 10:50,78414.28906,78428.47656,78414.28906,78427.09375,0
2026-05-17 10:51,78408.90625,78408.92188,78391.0,78400.0,0
2026-05-17 10:52,78435.63281,78444.97656,78408.90625,78408.90625,0
2026-05-17 10:53,78427.97656,78431.35938,78422.82812,78431.35938,0
2026-05-17 10:54,78404.14062,78427.97656,78404.14062,78427.97656,68581376
2026-05-17 10:55,78419.96875,78419.96875,78402.35156,78404.14062,0
2026-05-17 10:56,78415.74219,78420.0,78412.09375,78420.0,0
2026-05-17 10:57,78403.54688,78416.42188,78402.02344,78416.40625,0
2026-05-17 10:58,78398.22656,78403.5625,78397.10156,78403.5625,0
2026-05-17 10:59,78431.35938,78431.35938,78398.24219,78398.24219,0
2026-05-17 11:00,78405.74219,78439.67969,78405.74219,78435.61719,0
2026-05-17 11:01,78354.49219,78388.65625,78337.17188,78388.65625,0
2026-05-17 11:02,78353.70312,78360.79688,78333.15625,78344.57031,0
2026-05-17 11:03,78361.15625,78361.15625,78353.71094,78353.71094,125616128
2026-05-17 11:04,78382.79688,78382.79688,78361.14844,78361.15625,2277376
2026-05-17 11:05,78371.59375,78382.82031,78371.59375,78382.8125,0
2026-05-17 11:06,78371.57812,78371.59375,78371.57812,78371.59375,0
2026-05-17 11:07,78371.57812,78371.59375,78363.70312,78371.59375,0
2026-05-17 11:08,78385.92188,78385.92188,78371.57812,78371.57812,0
2026-05-17 11:09,78412.99219,78423.89062,78397.1875,78397.1875,0
2026-05-17 11:10,78405.75,78414.09375,78405.75,78414.09375,0
2026-05-17 11:11,78397.85156,78405.75,78390.97656,78405.75,0
2026-05-17 11:12,78401.21094,78401.99219,78398.54688,78400.21875,0
2026-05-17 11:13,78380.95312,78400.67188,78380.95312,78400.67188,0
2026-05-17 11:14,78333.15625,78373.60156,78333.14844,78373.60156,0
2026-05-17 11:15,78312.89844,78341.14062,78281.59375,78333.15625,0
2026-05-17 11:16,78303.25781,78312.90625,78287.99219,78312.90625,0
2026-05-17 11:17,78286.1875,78304.67969,78286.1875,78303.25781,0
2026-05-17 11:18,78311.14844,78311.14844,78281.92188,78294.46094,38322176
2026-05-17 11:19,78302.75,78311.15625,78302.75,78311.14844,0
2026-05-17 11:20,78298.8125,78309.97656,78277.64844,78305.97656,0
2026-05-17 11:21,78309.09375,78309.09375,78291.75781,78291.75781,0
2026-05-17 11:22,78320.65625,78320.6875,78315.64844,78315.64844,0
2026-05-17 11:23,78330.52344,78330.52344,78320.6875,78320.6875,806912
2026-05-17 11:24,78337.96875,78345.65625,78320.67969,78328.86719,0
2026-05-17 11:25,78345.96094,78345.96094,78333.14844,78333.14844,0
2026-05-17 11:26,78346.53125,78347.46094,78345.96094,78345.96094,0
2026-05-17 11:27,78320.35156,78346.53125,78320.35156,78346.53125,0
2026-05-17 11:28,78312.09375,78327.07812,78312.09375,78320.35156,0
2026-05-17 11:29,78312.75,78315.64844,78303.27344,78312.07812,0
2026-05-17 11:30,78312.5625,78325.89062,78312.5625,78312.75781,0
2026-05-17 11:31,78260.5625,78312.90625,78260.5625,78312.90625,0
2026-05-17 11:32,78297.57031,78297.57031,78277.63281,78277.63281,0
2026-05-17 11:33,78367.29688,78367.29688,78303.25,78303.25,0
2026-05-17 11:34,78363.04688,78367.29688,78342.13281,78367.29688,0
2026-05-17 11:35,78337.42969,78363.04688,78337.42188,78363.04688,0
2026-05-17 11:36,78317.85156,78337.42969,78317.85156,78337.42969,42524672
2026-05-17 11:37,78344.71875,78344.71875,78309.09375,78309.10156,0
2026-05-17 11:38,78333.75781,78334.46875,78322.0,78334.46875,0
2026-05-17 11:39,78328.03906,78337.42188,78328.03906,78333.75,0
2026-05-17 11:40,78364.10156,78369.99219,78341.67969,78341.67969,0
2026-05-17 11:41,78375.85938,78375.85938,78362.46875,78364.10156,131072
2026-05-17 11:42,78379.11719,78392.59375,78375.85156,78375.85156,24352768
2026-05-17 11:43,78386.4375,78386.45312,78368.03125,78371.59375,0
2026-05-17 11:44,78372.61719,78405.74219,78372.60938,78389.07812,0
2026-05-17 11:45,78425.0,78435.60938,78372.61719,78374.49219,0
2026-05-17 11:46,78407.5,78424.99219,78407.5,78424.99219,3774464
2026-05-17 11:47,78375.85938,78410.15625,78375.85156,78405.74219,0
2026-05-17 11:48,78351.63281,78375.85156,78351.63281,78375.85156,0
2026-05-17 11:49,78367.46875,78368.96094,78363.03906,78363.03906,19296256
2026-05-17 11:50,78382.53125,78388.64844,78366.10938,78367.46094,0
2026-05-17 11:51,78369.99219,78392.92188,78355.0,78392.92188,26144768
2026-05-17 11:52,78374.99219,78375.0,78369.99219,78369.99219,0
2026-05-17 11:53,78375.0,78376.57031,78370.89844,78374.99219,948224
2026-05-17 11:54,78354.5,78374.99219,78354.5,78374.99219,0
2026-05-17 11:55,78363.96875,78363.96875,78350.25,78350.25,0
2026-05-17 11:56,78361.71094,78363.96875,78355.20312,78363.96875,0
2026-05-17 11:57,78375.67188,78376.0,78356.89844,78361.71094,0
2026-05-17 11:58,78379.57031,78379.57031,78375.67969,78377.15625,337920
2026-05-17 11:59,78382.0,78382.0,78379.57031,78379.57031,0
2026-05-17 12:00,78387.13281,78388.65625,78382.0,78382.0,0
2026-05-17 12:01,78375.85938,78388.60938,78375.85938,78387.13281,0
2026-05-17 12:02,78367.75,78375.85938,78365.00781,78375.85938,0
2026-05-17 12:03,78388.82031,78388.82031,78367.74219,78367.75,0
2026-05-17 12:04,78356.09375,78397.46094,78356.09375,78389.89844,0
2026-05-17 12:05,78382.14062,78383.39844,78350.49219,78350.49219,0
2026-05-17 12:06,78378.39062,78379.96094,78378.38281,78379.96094,0
2026-05-17 12:07,78360.0,78378.39062,78358.77344,78378.39062,0
2026-05-17 12:08,78341.6875,78360.67969,78341.6875,78360.0,1826816
2026-05-17 12:09,78368.49219,78368.60156,78350.21875,78350.21875,0
2026-05-17 12:10,78369.64844,78369.64844,78366.92188,78368.5,0
2026-05-17 12:11,78418.53906,78418.53906,78369.65625,78369.65625,0
2026-05-17 12:12,78408.67969,78408.67969,78406.04688,78406.0625,9009152
2026-05-17 12:13,78411.35938,78427.09375,78408.97656,78408.97656,657408
2026-05-17 12:14,78348.57812,78425.96875,78348.57812,78414.89062,0
2026-05-17 12:15,78380.10938,78380.10938,78358.14844,78358.14844,0
2026-05-17 12:16,78381.17969,78381.17969,78377.99219,78377.99219,0
2026-05-17 12:17,78379.02344,78385.28906,78376.89062,78381.17969,0
2026-05-17 12:18,78405.72656,78405.74219,78387.99219,78387.99219,23035904
2026-05-17 12:19,78325.04688,78404.86719,78325.04688,78404.86719,0
2026-05-17 12:20,78333.64062,78336.89062,78307.53125,78307.53125,0
2026-05-17 12:21,78354.47656,78357.29688,78341.67969,78341.67969,0
2026-05-17 12:22,78375.84375,78375.84375,78356.49219,78358.0,0
2026-05-17 12:23,78386.77344,78397.13281,78377.42969,78377.42969,0
2026-05-17 12:24,78388.14062,78392.24219,78377.07031,78377.07031,0
2026-05-17 12:25,78370.0,78389.32031,78370.0,78389.14062,0
2026-05-17 12:26,78367.32812,78372.02344,78367.32031,78372.00781,0
2026-05-17 12:27,78372.02344,78372.02344,78367.32031,78367.32812,75413504
2026-05-17 12:28,78395.59375,78399.85938,78372.00781,78372.02344,0
2026-05-17 12:29,78395.22656,78400.0,78391.15625,78391.15625,0
2026-05-17 12:30,78399.99219,78400.0,78393.64844,78395.22656,0
2026-05-17 12:31,78407.10156,78408.88281,78397.5,78399.99219,0
2026-05-17 12:32,78385.0625,78409.92969,78376.8125,78409.92969,0
2026-05-17 12:33,78389.97656,78389.97656,78383.5,78385.07031,4395008
2026-05-17 12:34,78430.0,78430.0,78397.1875,78397.1875,0
2026-05-17 12:35,78460.0,78460.0,78431.35156,78431.35156,0
2026-05-17 12:36,78493.9375,78508.21094,78465.50781,78465.50781,0
2026-05-17 12:37,78496.39062,78504.14844,78486.70312,78486.70312,0
2026-05-17 12:38,78434.32031,78501.6875,78424.04688,78497.1875,0
2026-05-17 12:39,78434.99219,78434.99219,78423.13281,78434.32812,0
2026-05-17 12:40,78420.99219,78444.14844,78420.42969,78438.0,0
2026-05-17 12:41,78431.35938,78431.35938,78426.00781,78429.25,0
2026-05-17 12:42,78436.10156,78436.10156,78431.35156,78431.35938,25280512
2026-05-17 12:43,78436.54688,78439.14844,78427.10938,78436.10156,0
2026-05-17 12:44,78449.97656,78449.97656,78427.10938,78427.10938,50116608
2026-05-17 12:45,78443.40625,78462.11719,78435.97656,78439.90625,0
2026-05-17 12:46,78436.45312,78453.60156,78435.71094,78437.92969,0
2026-05-17 12:47,78425.4375,78432.00781,78422.82812,78432.00781,0
2026-05-17 12:48,78405.75,78428.63281,78405.75,78428.63281,6379520
2026-05-17 12:49,78363.04688,78420.0,78363.04688,78405.75,0
2026-05-17 12:50,78371.38281,78371.53906,78364.5625,78364.5625,0
2026-05-17 12:51,78382.25781,78383.04688,78375.46094,78375.46094,0
2026-05-17 12:52,78382.53906,78382.53906,78382.25781,78382.27344,0
2026-05-17 12:53,78357.21094,78384.09375,78345.42969,78384.09375,0
2026-05-17 12:54,78354.49219,78358.54688,78345.95312,78358.54688,0
2026-05-17 12:55,78370.25781,78370.25781,78354.5,78354.5,0
2026-05-17 12:56,78341.40625,78370.27344,78341.40625,78370.27344,0
2026-05-17 12:57,78309.84375,78333.15625,78299.0,78333.15625,0
2026-05-17 12:58,78332.35156,78332.35156,78309.85156,78309.85156,0
2026-05-17 12:59,78332.38281,78332.82031,78332.38281,78332.38281,26036224
2026-05-17 13:00,78298.99219,78333.95312,78290.0,78332.38281,0
2026-05-17 13:01,78289.96094,78304.85156,78285.1875,78303.28125,0
2026-05-17 13:02,78260.0,78290.0,78259.99219,78290.0,0
2026-05-17 13:03,78275.95312,78294.72656,78259.10938,78271.99219,0
2026-05-17 13:04,78287.99219,78287.99219,78277.61719,78277.61719,0
2026-05-17 13:05,78316.0,78316.0625,78289.78125,78289.78125,0
2026-05-17 13:06,78281.92188,78319.99219,78281.92188,78315.99219,0
2026-05-17 13:07,78282.0,78282.0,78275.00781,78281.92188,0
2026-05-17 13:08,78263.45312,78282.53906,78254.0,78282.53906,0
2026-05-17 13:09,78256.3125,78265.96094,78256.29688,78262.59375,0
2026-05-17 13:10,78267.60938,78267.60938,78256.29688,78256.3125,0
2026-05-17 13:11,78278.32812,78279.97656,78267.60938,78267.60938,0
2026-05-17 13:12,78244.61719,78282.07812,78239.21875,78278.34375,0
2026-05-17 13:13,78232.13281,78244.63281,78231.00781,78244.63281,0
2026-05-17 13:14,78231.60156,78235.85156,78231.60156,78235.85156,0
2026-05-17 13:15,78194.96875,78226.39844,78189.35156,78226.39844,0
2026-05-17 13:16,78192.02344,78197.49219,78183.71094,78197.09375,0
2026-05-17 13:17,78176.46875,78192.00781,78142.90625,78192.00781,0
2026-05-17 13:18,78199.99219,78200.0,78180.71094,78180.71094,0
2026-05-17 13:19,78226.34375,78226.34375,78200.0,78200.0,5890048
2026-05-17 13:20,78197.97656,78220.90625,78191.53125,78220.90625,0
2026-05-17 13:21,78219.99219,78219.99219,78197.99219,78197.99219,0
2026-05-17 13:22,78215.89062,78231.28125,78215.13281,78221.0,0
2026-05-17 13:23,78200.78906,78219.07031,78200.78906,78215.88281,0
2026-05-17 13:24,78203.84375,78218.39062,78200.75781,78206.46094,0
2026-05-17 13:25,78214.03906,78214.04688,78205.90625,78205.90625,0
2026-05-17 13:26,78229.74219,78229.74219,78214.03906,78214.03906,0
2026-05-17 13:27,78251.89844,78256.28125,78234.92969,78234.92969,29108224
2026-05-17 13:28,78230.67969,78251.89844,78230.67969,78251.89844,0
2026-05-17 13:29,78259.45312,78259.45312,78226.40625,78229.72656,0
2026-05-17 13:30,78225.9375,78259.45312,78223.67188,78259.45312,0
2026-05-17 13:31,78247.14062,78247.74219,78227.36719,78227.38281,0
2026-05-17 13:32,78218.28906,78238.90625,78214.96875,78238.90625,0
2026-05-17 13:33,78227.39062,78227.40625,78211.25781,78218.28906,0
2026-05-17 13:34,78250.0,78250.0,78227.39844,78227.39844,0
2026-05-17 13:35,78278.04688,78282.0,78250.0,78250.0,0
2026-05-17 13:36,78297.21094,78297.89844,78283.97656,78283.97656,1230848
2026-05-17 13:37,78302.25,78303.97656,78299.21094,78299.21094,21080064
2026-05-17 13:38,78267.47656,78316.0625,78267.47656,78305.39844,0
2026-05-17 13:39,78271.70312,78271.70312,78267.97656,78267.97656,0
2026-05-17 13:40,78222.67188,78271.42188,78222.13281,78271.42188,0
2026-05-17 13:41,78229.02344,78241.42188,78223.0625,78223.0625,0
2026-05-17 13:42,78212.85156,78229.02344,78212.85156,78229.02344,38500352
2026-05-17 13:43,78238.42969,78240.70312,78212.85156,78212.85156,0
2026-05-17 13:44,78230.35156,78237.35938,78224.89062,78235.97656,0
2026-05-17 13:45,78247.25,78247.25,78230.0,78230.0,0
2026-05-17 13:46,78241.75,78247.25,78229.35156,78247.24219,3049472
2026-05-17 13:47,78234.95312,78249.99219,78234.95312,78241.75,0
2026-05-17 13:48,78251.97656,78262.86719,78230.4375,78230.4375,2318336
2026-05-17 13:49,78240.86719,78255.25781,78240.86719,78255.25781,0
2026-05-17 13:50,78247.74219,78247.74219,78230.67188,78230.67188,0
2026-05-17 13:51,78231.6875,78241.74219,78229.32031,78235.85938,0
2026-05-17 13:52,78257.99219,78257.99219,78233.57812,78233.57812,0
2026-05-17 13:53,78196.52344,78234.9375,78196.52344,78234.9375,0
2026-05-17 13:54,78183.74219,78210.89062,78163.71875,78210.89062,0
2026-05-17 13:55,78153.77344,78183.82812,78146.6875,78183.82812,0
2026-05-17 13:56,78155.61719,78180.8125,78155.61719,78161.10938,19052544
2026-05-17 13:57,78182.11719,78183.82031,78158.79688,78158.79688,0
2026-05-17 13:58,78184.72656,78197.42969,78184.71094,78184.71094,1804288
2026-05-17 13:59,78175.09375,78184.72656,78170.89062,78184.72656,1439744
2026-05-17 14:00,78123.92969,78180.20312,78123.92969,78175.09375,0
2026-05-17 14:01,78123.39844,78158.07031,78097.9375,78097.9375,0
2026-05-17 14:02,78140.63281,78165.52344,78123.40625,78123.40625,0
2026-05-17 14:03,78157.03125,78157.03125,78140.64062,78140.64062,0
2026-05-17 14:04,78131.03125,78157.04688,78120.67969,78157.04688,0
2026-05-17 14:05,78111.11719,78132.46094,78111.11719,78128.11719,1476608
2026-05-17 14:06,78075.21875,78117.59375,78075.21875,78115.03906,0
2026-05-17 14:07,78098.28906,78098.28906,78040.22656,78075.21875,9613312
2026-05-17 14:08,78084.96094,78099.75781,78083.42188,78098.28906,0
2026-05-17 14:09,78030.65625,78093.97656,78030.65625,78087.00781,0
2026-05-17 14:10,78065.60156,78067.10938,78026.0,78026.0,3368960
2026-05-17 14:11,78050.46875,78068.40625,78042.79688,78068.40625,0
2026-05-17 14:12,78057.99219,78058.0,78042.8125,78053.32031,11773952
2026-05-17 14:13,78047.75,78059.99219,78040.85156,78055.71875,5185536
2026-05-17 14:14,78044.10938,78049.70312,78039.71094,78044.0,0
2026-05-17 14:15,77929.60938,78044.10156,77929.60938,78044.10156,22996992
2026-05-17 14:16,77912.21875,77912.21875,77815.32812,77859.17969,0
2026-05-17 14:17,77938.02344,77949.34375,77920.85938,77933.92188,0
2026-05-17 14:18,77926.59375,77953.10938,77875.5625,77953.10938,56322048
2026-05-17 14:19,77938.75781,77961.47656,77929.99219,77929.99219,10860544
2026-05-17 14:20,77880.53906,77966.8125,77880.53906,77948.85156,21221376
2026-05-17 14:21,77925.67969,77936.03906,77890.96094,77890.96094,0
2026-05-17 14:22,77926.8125,77926.8125,77914.6875,77914.6875,0
2026-05-17 14:23,77979.32812,77979.32812,77920.75781,77921.57812,0
2026-05-17 14:24,77965.99219,77984.46094,77965.42188,77968.34375,0
2026-05-17 14:25,78019.03906,78019.03906,77961.03906,77961.6875,0
2026-05-17 14:26,78075.4375,78075.85938,78019.0625,78019.0625,16158720
2026-05-17 14:27,78076.10938,78080.54688,78067.13281,78067.13281,0
2026-05-17 14:28,78058.14844,78076.11719,78058.14844,78076.10938,54364160
2026-05-17 14:29,78025.71875,78065.5625,78025.71875,78053.00781,0
2026-05-17 14:30,78039.64062,78042.77344,78008.97656,78013.36719,0
2026-05-17 14:31,77983.97656,78037.71094,77983.97656,78037.71094,0
2026-05-17 14:32,77955.78125,77974.46875,77932.6875,77974.46875,0
2026-05-17 14:33,77970.0,77984.90625,77957.17969,77965.15625,0
2026-05-17 14:34,77987.24219,77987.24219,77974.46094,77974.46094,0
2026-05-17 14:35,77976.92969,77986.0,77970.21094,77986.0,0
2026-05-17 14:36,77966.02344,77971.47656,77961.65625,77971.47656,0
2026-05-17 14:37,77983.20312,77983.20312,77964.11719,77964.11719,0
2026-05-17 14:38,77986.53125,78001.5625,77986.53125,77987.28125,0
2026-05-17 14:39,77940.3125,77985.10156,77940.3125,77983.21094,3090432
2026-05-17 14:40,77959.65625,77965.92188,77943.15625,77952.25,2744320
2026-05-17 14:41,77970.20312,77970.20312,77955.5,77955.5,0
2026-05-17 14:42,77973.70312,77985.39844,77970.20312,77970.20312,0
2026-05-17 14:43,77977.5625,77979.99219,77975.64844,77976.0,0
2026-05-17 14:44,77980.00781,77980.00781,77973.92969,77977.5625,0
2026-05-17 14:45,78011.9375,78019.42969,77987.28125,77987.28125,10323968
2026-05-17 14:46,78011.9375,78038.42969,78011.9375,78013.5,0
2026-05-17 14:47,78025.24219,78025.24219,78002.34375,78011.9375,0
2026-05-17 14:48,78025.0,78025.71094,78014.0,78025.70312,0
2026-05-17 14:49,78025.71875,78038.47656,78025.0,78025.0,0
2026-05-17 14:50,78015.39062,78025.71094,78015.38281,78025.71094,0
2026-05-17 14:51,78015.00781,78016.00781,78013.99219,78015.39062,0
2026-05-17 14:52,78014.74219,78015.02344,78014.74219,78015.02344,0
2026-05-17 14:53,78000.0,78014.74219,77999.99219,78014.74219,0
2026-05-17 14:54,78048.53125,78048.53125,77999.99219,77999.99219,0
2026-05-17 14:55,78042.0,78054.59375,78040.0,78048.52344,0
2026-05-17 14:56,78033.79688,78040.4375,78026.99219,78040.38281,0
2026-05-17 14:57,78025.90625,78038.38281,78025.86719,78037.52344,0
2026-05-17 14:58,78018.61719,78025.47656,78014.75781,78025.35938,0
2026-05-17 14:59,78014.74219,78024.99219,78014.74219,78023.42969,0
2026-05-17 15:00,77990.00781,78000.10156,77990.00781,78000.10156,5322752
2026-05-17 15:01,78012.57031,78012.57031,77970.70312,77978.75,0
2026-05-17 15:02,78000.54688,78032.46875,77995.82812,78024.21094,0
2026-05-17 15:03,78017.99219,78019.29688,78012.47656,78012.47656,10237952
2026-05-17 15:04,78035.49219,78043.14844,78018.49219,78018.49219,0
2026-05-17 15:05,78047.21094,78049.75,78044.64062,78044.74219,0
2026-05-17 15:06,78071.67969,78071.67969,78055.32812,78055.32812,1433600
2026-05-17 15:07,78068.47656,78088.0,78068.46875,78075.20312,0
2026-05-17 15:08,78062.5625,78068.14062,78060.97656,78068.14062,0
2026-05-17 15:09,78070.82812,78071.72656,78057.88281,78062.5625,0
2026-05-17 15:10,78084.0625,78087.99219,78073.70312,78075.0,0
2026-05-17 15:11,78073.79688,78092.17188,78073.79688,78090.79688,0
2026-05-17 15:12,78068.39844,78070.04688,78055.85938,78064.14062,6391808
2026-05-17 15:13,78064.14844,78075.0,78063.60156,78069.54688,1155072
2026-05-17 15:14,78055.60938,78067.50781,78055.60938,78064.14844,0
2026-05-17 15:15,78018.79688,78055.60938,78018.78906,78055.60938,0
2026-05-17 15:16,77958.9375,78012.89844,77909.90625,78012.89844,0
2026-05-17 15:17,77918.74219,77944.57031,77906.14844,77944.57031,993280
2026-05-17 15:18,77950.0,77950.0,77885.27344,77899.0,0
2026-05-17 15:19,78037.99219,78037.99219,77949.86719,77950.0,0
2026-05-17 15:20,78000.6875,78045.90625,78000.6875,78038.75,0
2026-05-17 15:21,78009.74219,78017.03906,78000.6875,78000.6875,0
2026-05-17 15:22,78012.0,78016.99219,78009.74219,78009.74219,0
2026-05-17 15:23,78009.86719,78009.99219,78003.1875,78005.96875,0
2026-05-17 15:24,78019.78125,78019.78125,78000.13281,78000.13281,14649344
2026-05-17 15:25,77988.14844,78010.67188,77988.14844,78010.67188,0
2026-05-17 15:26,77995.92188,78002.89062,77983.0,77983.0,0
2026-05-17 15:27,77995.99219,77996.22656,77995.90625,77995.92188,22884352
2026-05-17 15:28,77984.5,77996.90625,77983.02344,77995.99219,0
2026-05-17 15:29,77959.25781,77983.63281,77953.42188,77983.63281,0
2026-05-17 15:30,77971.61719,77971.61719,77959.0,77959.25,0
2026-05-17 15:31,78009.89844,78009.89844,77987.32812,77987.32812,0
2026-05-17 15:32,78008.39844,78016.88281,78007.1875,78009.89062,0
2026-05-17 15:33,78004.36719,78015.77344,78004.35938,78005.25,0
2026-05-17 15:34,78016.8125,78016.85938,78003.85938,78003.85938,636928
2026-05-17 15:35,78010.27344,78031.95312,78005.27344,78016.82031,0
2026-05-17 15:36,77969.52344,78000.09375,77969.52344,78000.09375,0
2026-05-17 15:37,77993.52344,77993.53125,77968.67969,77968.67969,48244736
2026-05-17 15:38,77992.03125,77993.53125,77990.75,77993.53125,0
2026-05-17 15:39,77988.67969,78017.34375,77988.67969,77992.03125,0
2026-05-17 15:40,78002.72656,78002.72656,77977.00781,77988.6875,0
2026-05-17 15:41,78004.35156,78017.77344,77951.10938,78002.72656,0
2026-05-17 15:42,77959.42969,78004.35938,77950.11719,78004.35156,3457024
2026-05-17 15:43,77979.99219,77979.99219,77965.0,77965.0,0
2026-05-17 15:44,78003.84375,78003.84375,77978.59375,77978.59375,1247232
2026-05-17 15:45,78000.52344,78000.6875,77991.67969,77995.97656,7591936
2026-05-17 15:46,77985.6875,78001.99219,77985.6875,78000.52344,0
2026-05-17 15:47,78007.75781,78007.75781,77989.88281,77989.88281,4481024
2026-05-17 15:48,78028.02344,78028.02344,78011.49219,78011.5,11911168
2026-05-17 15:49,78015.77344,78029.50781,78015.75781,78029.5,0
2026-05-17 15:50,78002.17188,78010.3125,77997.38281,78010.3125,393216
2026-05-17 15:51,78002.17969,78002.17969,78000.0,78002.17969,0
2026-05-17 15:52,78015.77344,78015.77344,78002.17969,78002.17969,11368448
2026-05-17 15:53,78019.97656,78019.97656,78015.77344,78015.77344,395264
2026-05-17 15:54,78014.90625,78030.52344,78014.90625,78018.38281,0
2026-05-17 15:55,78014.89062,78014.89062,78010.03125,78014.5,0
2026-05-17 15:56,78035.34375,78035.34375,78014.89062,78014.89062,796672
2026-05-17 15:57,78014.00781,78033.99219,78014.00781,78033.99219,0
2026-05-17 15:58,78004.5625,78011.86719,78004.36719,78010.97656,85463040
2026-05-17 15:59,78012.89844,78022.96875,78010.97656,78010.97656,0
2026-05-17 16:00,78033.14062,78033.14062,78016.17969,78016.17969,0
2026-05-17 16:01,78060.0,78067.71094,78040.17188,78040.17188,0
2026-05-17 16:02,78043.53906,78059.71094,78042.96875,78059.71094,0
2026-05-17 16:03,78089.29688,78089.29688,78043.46094,78043.46094,0
2026-05-17 16:04,78069.65625,78089.28906,78069.65625,78089.28906,0
2026-05-17 16:05,78049.0,78069.67188,78046.6875,78069.67188,0
2026-05-17 16:06,78060.22656,78060.22656,78048.82031,78048.82031,0
2026-05-17 16:07,78055.49219,78068.02344,78053.97656,78060.22656,0
2026-05-17 16:08,78057.85156,78059.96875,78056.0,78056.0,0
2026-05-17 16:09,78057.92969,78058.00781,78056.5,78057.92188,0
2026-05-17 16:10,78056.36719,78060.82812,78053.57031,78057.92969,0
2026-05-17 16:11,78025.95312,78057.28125,78025.95312,78056.60938,0
2026-05-17 16:12,78026.67969,78027.36719,78026.28125,78026.28125,0
2026-05-17 16:13,78015.79688,78027.1875,78015.79688,78026.70312,0
2026-05-17 16:14,78034.88281,78035.92969,78013.71875,78015.8125,0
2026-05-17 16:15,78029.63281,78034.88281,78028.04688,78034.88281,0
2026-05-17 16:16,78035.61719,78035.61719,78010.21094,78017.17969,0
2026-05-17 16:17,78040.0,78059.85938,78024.02344,78035.60938,0
2026-05-17 16:18,78063.8125,78063.8125,78039.34375,78039.34375,0
2026-05-17 16:19,78028.38281,78061.22656,78026.10156,78061.22656,0
2026-05-17 16:20,78047.70312,78051.42969,78028.36719,78028.38281,0
2026-05-17 16:21,78050.59375,78050.59375,78043.36719,78047.70312,0
2026-05-17 16:22,78047.75781,78047.99219,78046.89844,78046.89844,0
2026-05-17 16:23,78041.60156,78043.86719,78022.0,78043.86719,0
2026-05-17 16:24,78058.53906,78058.53906,78041.60156,78041.60156,0
2026-05-17 16:25,78080.0,78080.0,78077.57031,78077.57031,0
2026-05-17 16:26,78096.84375,78111.84375,78080.0,78080.0,669696
2026-05-17 16:27,78096.50781,78096.52344,78088.28125,78092.17969,0
2026-05-17 16:28,78096.50781,78096.50781,78087.82031,78087.82031,0
2026-05-17 16:29,78109.17969,78109.17969,78096.52344,78096.52344,2109440
2026-05-17 16:30,78090.54688,78125.0,78090.54688,78109.65625,0
2026-05-17 16:31,78093.22656,78108.0,78090.54688,78090.5625,0
2026-05-17 16:32,78089.75,78106.82812,78082.92188,78082.92188,0
2026-05-17 16:33,78091.32031,78091.32031,78091.3125,78091.32031,7735296
2026-05-17 16:34,78072.78906,78091.3125,78072.78906,78091.3125,0
2026-05-17 16:35,78077.17969,78077.1875,78071.14844,78071.14844,10762240
2026-05-17 16:36,78093.13281,78098.99219,78076.21875,78077.17969,0
2026-05-17 16:37,78095.84375,78096.92188,78093.11719,78093.11719,0
2026-05-17 16:38,78100.0,78116.74219,78085.49219,78094.25781,0
2026-05-17 16:39,78102.54688,78102.54688,78099.97656,78099.97656,0
2026-05-17 16:40,78120.35156,78129.50781,78102.40625,78102.40625,0
2026-05-17 16:41,78122.13281,78126.75781,78119.17969,78120.35156,0
2026-05-17 16:42,78123.10938,78123.10938,78111.10938,78111.10938,0
2026-05-17 16:43,78126.78125,78159.32031,78124.27344,78129.03906,0
2026-05-17 16:44,78140.00781,78140.00781,78124.0,78124.0,0
2026-05-17 16:45,78140.00781,78140.00781,78140.0,78140.00781,0
2026-05-17 16:46,78092.24219,78119.65625,78088.75,78119.65625,0
2026-05-17 16:47,78056.63281,78090.0,78056.63281,78090.0,1009664
2026-05-17 16:48,78072.24219,78077.64062,78056.42969,78061.99219,0
2026-05-17 16:49,78072.6875,78082.14844,78069.99219,78070.60156,1894400
2026-05-17 16:50,78022.60938,78072.6875,78014.50781,78072.6875,0
2026-05-17 16:51,78034.61719,78037.97656,78018.45312,78018.45312,0
2026-05-17 16:52,78051.86719,78051.86719,78034.60938,78034.61719,1017856
2026-05-17 16:53,78023.35938,78051.86719,78023.35938,78051.86719,249856
2026-05-17 16:54,78098.29688,78098.29688,78021.52344,78023.36719,39849984
2026-05-17 16:55,78021.42969,78078.85938,78010.21094,78077.21094,0
2026-05-17 16:56,78027.67969,78027.67969,78019.21094,78025.71094,0
2026-05-17 16:57,78028.0,78041.9375,78014.32031,78027.67188,0
2026-05-17 16:58,78010.3125,78026.75781,78010.3125,78026.75781,4454400
2026-05-17 16:59,78001.99219,78010.32031,77992.00781,78010.32031,2955264
2026-05-17 17:00,78004.36719,78021.4375,78004.36719,78013.8125,0
2026-05-17 17:01,77944.57031,77996.57812,77925.57031,77996.57812,22528000
2026-05-17 17:02,77972.21094,77980.42969,77943.14062,77943.14062,0
2026-05-17 17:03,77986.84375,77991.09375,77970.65625,77970.65625,0
2026-05-17 17:04,78000.0,78000.0,77986.85156,77986.85156,0
2026-05-17 17:05,77975.5625,78000.07812,77967.9375,78000.07031,0
2026-05-17 17:06,77968.99219,77983.85156,77968.0625,77978.70312,3395584
2026-05-17 17:07,77983.17969,77983.17969,77970.00781,77970.00781,72482816
2026-05-17 17:08,78004.35938,78009.74219,77978.74219,77983.17188,407552
2026-05-17 17:09,78000.09375,78012.00781,77983.07812,77991.54688,0
2026-05-17 17:10,77958.38281,77991.54688,77957.39062,77991.54688,112640
2026-05-17 17:11,77924.39844,77950.59375,77924.39844,77950.59375,0
2026-05-17 17:12,77880.02344,77918.96875,77880.00781,77918.96875,0
2026-05-17 17:13,77867.72656,77887.67188,77853.47656,77859.38281,534528
2026-05-17 17:14,77887.99219,77888.07812,77871.64844,77871.64844,0
2026-05-17 17:15,77919.99219,77919.99219,77889.52344,77889.52344,13824000
2026-05-17 17:16,77935.39844,77935.39844,77920.0,77920.0,58662912
2026-05-17 17:17,77906.14844,77934.29688,77906.14844,77927.5,5931008
2026-05-17 17:18,77871.71094,77905.78906,77831.64844,77901.89062,0
2026-05-17 17:19,77907.65625,77919.53125,77875.10156,77875.10156,2578432
2026-05-17 17:20,77934.20312,77934.20312,77907.64844,77907.64844,0
2026-05-17 17:21,77944.60156,77944.60156,77937.71875,77940.86719,0
2026-05-17 17:22,77934.14062,77943.34375,77927.5,77936.04688,0
2026-05-17 17:23,77958.07812,77958.07812,77935.63281,77935.64844,0
2026-05-17 17:24,77946.25781,77958.82031,77940.70312,77958.82031,5079040
2026-05-17 17:25,77919.25781,77946.25781,77903.35156,77946.25781,0
2026-05-17 17:26,77908.00781,77933.74219,77908.0,77930.95312,2570240
2026-05-17 17:27,77907.99219,77908.00781,77907.99219,77908.00781,0
2026-05-17 17:28,77927.89062,77927.89062,77906.88281,77908.0,43339776
2026-05-17 17:29,77948.35156,77948.35156,77923.99219,77927.52344,0
2026-05-17 17:30,77946.00781,77962.0,77945.07812,77962.0,0
2026-05-17 17:31,77945.64062,77946.63281,77944.0,77945.27344,0
2026-05-17 17:32,77889.0625,77945.72656,77872.0,77945.63281,0
2026-05-17 17:33,77908.00781,77919.79688,77900.75,77914.85938,26075136
2026-05-17 17:34,77959.32031,77959.32031,77909.71094,77910.63281,0
2026-05-17 17:35,77944.59375,77987.25,77944.59375,77972.4375,585728
2026-05-17 17:36,77938.46094,77943.97656,77938.00781,77943.97656,0
2026-05-17 17:37,77920.53125,77938.45312,77906.00781,77938.45312,0
2026-05-17 17:38,77899.28906,77923.25781,77899.28906,77912.03125,0
2026-05-17 17:39,77981.86719,77981.86719,77873.92188,77896.57812,57735168
2026-05-17 17:40,77962.20312,77981.65625,77962.20312,77981.65625,0
2026-05-17 17:41,77972.8125,77973.46094,77962.1875,77962.1875,479232
2026-05-17 17:42,77988.21875,77988.21875,77971.99219,77972.8125,0
2026-05-17 17:43,77986.22656,77996.9375,77986.22656,77986.22656,0
2026-05-17 17:44,78019.61719,78019.96875,77998.0625,77998.0625,6676480
2026-05-17 17:45,77991.5625,78029.57812,77991.5625,78019.61719,0
2026-05-17 17:46,78012.90625,78025.50781,77999.92188,77999.92188,1564672
2026-05-17 17:47,78000.00781,78012.89844,78000.00781,78012.89844,1021952
2026-05-17 17:48,78020.38281,78020.38281,78006.00781,78006.00781,0
2026-05-17 17:49,78038.99219,78040.21094,78020.39062,78020.39062,21585920
2026-05-17 17:50,78032.11719,78037.35938,78030.10156,78030.10938,0
2026-05-17 17:51,78023.92969,78032.13281,78023.92969,78032.13281,2740224
2026-05-17 17:52,78022.34375,78023.92969,78021.47656,78023.92188,1761280
2026-05-17 17:53,78023.53906,78031.85938,78005.46094,78022.35938,0
2026-05-17 17:54,78017.77344,78023.53906,78015.45312,78023.53906,0
2026-05-17 17:55,78044.59375,78045.50781,78017.75781,78017.77344,0
2026-05-17 17:56,78057.17969,78064.78125,78045.04688,78045.04688,0
2026-05-17 17:57,78041.10938,78042.99219,78033.39844,78042.99219,0
2026-05-17 17:58,78038.70312,78041.10938,78035.63281,78041.10938,0
2026-05-17 17:59,78056.21094,78060.38281,78038.70312,78038.70312,3895296
2026-05-17 18:00,78043.13281,78051.34375,78038.82031,78051.34375,0
2026-05-17 18:01,78077.75781,78077.75781,78051.32812,78051.32812,0
2026-05-17 18:02,78124.75781,78127.99219,78081.21875,78081.21875,1171456
2026-05-17 18:03,78151.17188,78151.17188,78115.82812,78115.82812,18329600
2026-05-17 18:04,78155.84375,78215.11719,78151.17188,78151.17188,0
2026-05-17 18:05,78192.09375,78195.0,78155.84375,78155.85156,0
2026-05-17 18:06,78177.45312,78192.07812,78162.60156,78192.07812,0
2026-05-17 18:07,78157.35938,78171.47656,78153.8125,78171.47656,898048
2026-05-17 18:08,78134.92969,78159.65625,78130.0,78157.36719,1380352
2026-05-17 18:09,78096.45312,78136.0,78094.59375,78135.35938,0
2026-05-17 18:10,78101.02344,78123.0,78097.49219,78097.49219,106954752
2026-05-17 18:11,78095.5625,78125.92969,78094.86719,78113.00781,720896
2026-05-17 18:12,78114.60938,78114.61719,78095.5625,78095.5625,0
2026-05-17 18:13,78129.50781,78129.50781,78114.61719,78114.61719,1746944
2026-05-17 18:14,78085.49219,78129.65625,78085.49219,78129.65625,0
2026-05-17 18:15,78103.84375,78103.84375,78092.60938,78095.0,21977088
2026-05-17 18:16,78105.85938,78106.0,78103.84375,78103.84375,612352
2026-05-17 18:17,78089.54688,78113.90625,78089.54688,78113.90625,266240
2026-05-17 18:18,78050.1875,78089.53906,78050.1875,78089.53906,0
2026-05-17 18:19,78016.50781,78043.99219,78013.71094,78042.79688,0
2026-05-17 18:20,78019.84375,78019.84375,77988.92188,78016.50781,0
2026-05-17 18:21,77981.04688,78007.89844,77981.04688,78000.13281,28518400
2026-05-17 18:22,78002.47656,78008.63281,77966.00781,77976.22656,0
2026-05-17 18:23,78009.72656,78009.74219,78002.96094,78002.96094,1495040
2026-05-17 18:24,78030.75781,78030.75781,78025.6875,78025.6875,0
2026-05-17 18:25,78051.32031,78051.32031,78026.71875,78030.77344,0
2026-05-17 18:26,78080.50781,78080.52344,78065.67969,78065.67969,120832
2026-05-17 18:27,78098.07812,78098.07812,78073.07031,78080.52344,65601536
2026-05-17 18:28,78094.03125,78109.96094,78085.42969,78089.1875,1146880
2026-05-17 18:29,78098.3125,78106.17969,78092.46094,78092.46094,0
2026-05-17 18:30,78087.22656,78110.0,78086.35156,78098.04688,0
2026-05-17 18:31,78104.70312,78104.70312,78081.61719,78087.22656,0
2026-05-17 18:32,78127.14062,78127.14062,78104.71094,78104.71094,2004992
2026-05-17 18:33,78118.89844,78144.03125,78111.39062,78144.03125,57647104
2026-05-17 18:34,78089.77344,78134.60938,78089.77344,78127.3125,228352
2026-05-17 18:35,78116.0,78118.63281,78089.77344,78089.77344,0
2026-05-17 18:36,78105.14844,78115.0,78104.6875,78115.0,0
2026-05-17 18:37,78105.6875,78105.6875,78105.14062,78105.14844,0
2026-05-17 18:38,78120.0,78120.0,78113.1875,78113.1875,1785856
2026-05-17 18:39,78112.64844,78120.0,78105.65625,78120.0,51059712
2026-05-17 18:40,78105.9375,78112.64062,78094.32031,78112.64062,2048
2026-05-17 18:41,78093.21094,78094.25781,78084.61719,78094.25781,0
2026-05-17 18:42,78105.07812,78112.0,78103.24219,78103.24219,0
2026-05-17 18:43,78095.32031,78106.64844,78095.32031,78105.07812,0
2026-05-17 18:44,78089.77344,78097.8125,78089.77344,78096.46875,0
2026-05-17 18:45,78082.78125,78101.65625,78081.21875,78085.49219,0
2026-05-17 18:46,78093.10938,78095.14062,78082.78906,78082.78906,0
2026-05-17 18:47,78086.39062,78095.14844,78084.85156,78093.10938,0
2026-05-17 18:48,78104.03906,78104.03906,78087.92969,78087.92969,0
2026-05-17 18:49,78132.77344,78138.64844,78104.03906,78104.03906,31744
2026-05-17 18:50,78140.53125,78140.53125,78111.10938,78128.29688,180224
2026-05-17 18:51,78144.71875,78144.71875,78126.00781,78140.53125,0
2026-05-17 18:52,78140.02344,78142.1875,78140.02344,78141.4375,2905088
2026-05-17 18:53,78163.42188,78169.0,78140.02344,78140.02344,0
2026-05-17 18:54,78169.0,78169.0,78157.02344,78166.61719,29402112
2026-05-17 18:55,78196.00781,78196.00781,78176.99219,78176.99219,0
2026-05-17 18:56,78177.0,78192.10938,78176.99219,78192.10938,0
2026-05-17 18:57,78200.88281,78223.03125,78178.04688,78178.04688,0
2026-05-17 18:58,78196.5625,78204.36719,78188.04688,78202.79688,0
2026-05-17 18:59,78226.39844,78238.17188,78196.57812,78196.57812,0
2026-05-17 19:00,78237.74219,78238.00781,78232.0,78232.00781,0
2026-05-17 19:01,78208.21094,78227.9375,78205.04688,78227.9375,10331136
2026-05-17 19:02,78235.00781,78244.32031,78210.03906,78210.03906,0
2026-05-17 19:03,78217.85156,78235.00781,78217.85156,78235.00781,693248
2026-05-17 19:04,78236.92188,78236.92188,78198.88281,78208.21094,11720704
2026-05-17 19:05,78217.88281,78239.17188,78217.85938,78239.17188,852992
2026-05-17 19:06,78212.0,78217.88281,78208.96875,78217.88281,0
2026-05-17 19:07,78239.32812,78240.90625,78221.32031,78221.32031,0
2026-05-17 19:08,78242.07031,78254.42188,78239.32812,78239.32812,6543360
2026-05-17 19:09,78218.15625,78233.17188,78211.32812,78232.0,43185152
2026-05-17 19:10,78197.97656,78214.32031,78197.97656,78205.0625,863232
2026-05-17 19:11,78206.65625,78210.74219,78204.60156,78209.3125,0
2026-05-17 19:12,78208.53906,78208.53906,78192.50781,78206.65625,0
2026-05-17 19:13,78209.99219,78209.99219,78206.8125,78208.34375,34613248
2026-05-17 19:14,78231.21875,78235.49219,78202.53906,78205.38281,1249280
2026-05-17 19:15,78213.52344,78231.09375,78213.50781,78225.79688,2301952
2026-05-17 19:16,78217.15625,78227.49219,78208.00781,78212.53906,655360
2026-05-17 19:17,78203.86719,78217.17188,78203.85938,78217.15625,493568
2026-05-17 19:18,78212.11719,78212.11719,78208.8125,78208.8125,0
2026-05-17 19:19,78210.07812,78220.75781,78210.0625,78210.0625,18266112
2026-05-17 19:20,78198.78906,78220.4375,78198.78906,78218.99219,0
2026-05-17 19:21,78229.88281,78229.88281,78199.97656,78199.97656,0
2026-05-17 19:22,78247.17188,78247.17188,78229.88281,78229.88281,0
2026-05-17 19:23,78247.54688,78278.96875,78245.99219,78247.15625,0
2026-05-17 19:24,78188.00781,78233.89062,78188.00781,78231.25,0
2026-05-17 19:25,78202.6875,78222.78125,78192.88281,78192.88281,190464
2026-05-17 19:26,78213.84375,78215.03906,78201.78906,78201.78906,685056
2026-05-17 19:27,78194.0,78214.52344,78194.0,78213.53125,22033408
2026-05-17 19:28,78209.32031,78209.32031,78193.99219,78195.42969,0
2026-05-17 19:29,78180.35156,78209.32031,78180.35156,78209.32031,4252672
2026-05-17 19:30,78200.15625,78200.72656,78180.35938,78180.35938,19883008
2026-05-17 19:31,78198.78125,78201.02344,78198.27344,78199.82812,1314816
2026-05-17 19:32,78202.03906,78207.17188,78199.09375,78199.09375,0
2026-05-17 19:33,78202.03125,78202.03906,78189.82812,78202.03906,0
2026-05-17 19:34,78179.67969,78202.78906,78179.67969,78202.03906,0
2026-05-17 19:35,78192.13281,78192.13281,78166.63281,78177.0,0
2026-05-17 19:36,78209.32031,78210.35156,78192.11719,78192.11719,0
2026-05-17 19:37,78207.99219,78208.07812,78202.39062,78207.4375,689152
2026-05-17 19:38,78214.52344,78214.52344,78197.45312,78201.85156,0
2026-05-17 19:39,78234.02344,78234.02344,78214.50781,78214.52344,0
2026-05-17 19:40,78322.00781,78324.61719,78257.42188,78257.42188,0
2026-05-17 19:41,78312.20312,78329.07031,78308.22656,78321.67188,4013056
2026-05-17 19:42,78337.42188,78369.8125,78312.1875,78312.1875,6046720
2026-05-17 19:43,78350.21875,78350.21875,78337.42188,78337.42188,2080768
2026-05-17 19:44,78339.02344,78354.5,78339.02344,78351.28125,0
2026-05-17 19:45,78311.50781,78346.0,78307.53125,78342.49219,0
2026-05-17 19:46,78329.03906,78329.03906,78317.70312,78320.82812,0
2026-05-17 19:47,78368.00781,78382.17188,78340.60156,78340.60938,0
2026-05-17 19:48,78375.0625,78390.46094,78361.34375,78368.00781,15395840
2026-05-17 19:49,78396.60938,78396.60938,78367.32031,78367.32031,0
2026-05-17 19:50,78416.88281,78417.03906,78396.60938,78396.60938,2025472
2026-05-17 19:51,78411.42969,78429.57031,78406.45312,78415.96875,34853888
2026-05-17 19:52,78404.25,78411.89062,78401.49219,78411.53906,1100800
2026-05-17 19:53,78428.0625,78428.0625,78404.25,78404.25,0
2026-05-17 19:54,78373.10938,78424.03125,78368.79688,78424.03125,0
2026-05-17 19:55,78364.29688,78364.29688,78363.04688,78363.04688,0
2026-05-17 19:56,78359.6875,78364.28906,78359.67969,78364.28906,989184
2026-05-17 19:57,78356.75781,78359.6875,78355.99219,78359.6875,337920
2026-05-17 19:58,78351.99219,78356.75781,78351.14062,78356.75781,0
2026-05-17 19:59,78393.97656,78393.97656,78332.95312,78345.96094,0
2026-05-17 20:00,78399.13281,78399.13281,78368.72656,78368.72656,0
2026-05-17 20:01,78391.9375,78402.5,78391.9375,78401.46094,43379712
2026-05-17 20:02,78371.92188,78391.9375,78367.21094,78391.92969,2922496
2026-05-17 20:03,78352.39844,78371.90625,78348.82812,78371.90625,0
2026-05-17 20:04,78355.99219,78355.99219,78328.88281,78345.92969,0
2026-05-17 20:05,78348.71094,78351.17188,78345.96094,78350.78125,0
2026-05-17 20:06,78346.36719,78349.25781,78341.6875,78349.25781,23007232
2026-05-17 20:07,78307.53125,78346.36719,78307.53125,78346.36719,0
2026-05-17 20:08,78315.10156,78316.67969,78311.35938,78315.8125,197484544
2026-05-17 20:09,78309.10156,78315.10156,78307.53906,78314.28906,0
2026-05-17 20:10,78300.00781,78309.10156,78300.00781,78309.10156,0
2026-05-17 20:11,78321.28125,78321.28125,78293.03125,78298.42969,197559296
2026-05-17 20:12,78332.67969,78332.67969,78321.28125,78321.28125,0
2026-05-17 20:13,78318.92188,78332.67969,78316.07031,78332.67969,1330176
2026-05-17 20:14,78294.38281,78316.07031,78294.38281,78315.28125,0
2026-05-17 20:15,78289.5,78305.0,78289.5,78290.9375,12166144
2026-05-17 20:16,78283.97656,78298.35938,78274.57812,78297.46875,0
2026-05-17 20:17,78284.59375,78307.50781,78283.45312,78283.96875,30720
2026-05-17 20:18,78282.25781,78297.1875,78282.25,78294.71094,0
2026-05-17 20:19,78256.29688,78277.64844,78256.29688,78277.64844,113664
2026-05-17 20:20,78208.60156,78263.96094,78208.60156,78256.29688,219136
2026-05-17 20:21,78248.60156,78254.79688,78221.3125,78221.3125,0
2026-05-17 20:22,78238.03906,78243.49219,78233.90625,78243.49219,0
2026-05-17 20:23,78250.21094,78251.60156,78245.50781,78251.60156,191958016
2026-05-17 20:24,78242.75,78260.54688,78242.75,78250.21875,1822720
2026-05-17 20:25,78255.78906,78255.99219,78247.61719,78247.61719,0
2026-05-17 20:26,78239.99219,78255.78906,78239.21875,78255.78125,0
2026-05-17 20:27,78260.0,78260.0,78249.99219,78249.99219,4563968
2026-05-17 20:28,78243.71875,78243.72656,78241.1875,78241.20312,55657472
2026-05-17 20:29,78259.40625,78259.40625,78243.71875,78243.71875,0
2026-05-17 20:30,78297.90625,78297.90625,78259.40625,78259.40625,53320704
2026-05-17 20:31,78299.03906,78321.77344,78299.03906,78307.52344,0
2026-05-17 20:32,78333.42969,78333.42969,78296.0,78299.03906,0
2026-05-17 20:33,78311.82031,78337.57812,78311.8125,78334.32031,0
2026-05-17 20:34,78228.03906,78313.46094,78228.03906,78313.46094,0
2026-05-17 20:35,78271.85938,78277.74219,78260.65625,78260.65625,0
2026-05-17 20:36,78280.0,78284.03125,78271.85938,78271.85938,174590976
2026-05-17 20:37,78228.74219,78271.95312,78228.74219,78271.9375,0
2026-05-17 20:38,78224.03125,78224.03125,78205.0,78205.0,48983040
2026-05-17 20:39,78262.8125,78262.8125,78226.39062,78226.39062,0
2026-05-17 20:40,78252.63281,78255.71094,78244.32812,78252.02344,0
2026-05-17 20:41,78247.65625,78252.63281,78242.0,78252.63281,3489792
2026-05-17 20:42,78245.65625,78247.65625,78244.79688,78247.65625,0
2026-05-17 20:43,78264.82031,78264.82031,78245.99219,78245.99219,0
2026-05-17 20:44,78243.49219,78272.25781,78243.49219,78264.82812,3663872
2026-05-17 20:45,78253.20312,78255.57031,78241.75781,78245.10156,37511168
2026-05-17 20:46,78262.88281,78262.88281,78253.20312,78253.20312,1593344
2026-05-17 20:47,78247.75781,78262.89062,78247.75781,78262.88281,0
2026-05-17 20:48,78250.35156,78252.00781,78237.64062,78247.75781,0
2026-05-17 20:49,78243.47656,78250.35938,78241.49219,78250.35156,0
2026-05-17 20:50,78250.03906,78252.09375,78243.47656,78243.47656,0
2026-05-17 20:51,78251.67969,78251.67969,78250.67969,78250.6875,0
2026-05-17 20:52,78248.0,78255.32812,78245.72656,78251.67188,77275136
2026-05-17 20:53,78234.14062,78251.95312,78234.14062,78251.95312,0
2026-05-17 20:54,78244.60938,78247.74219,78234.14844,78234.14844,0
2026-05-17 20:55,78239.21875,78248.5,78239.21875,78244.29688,0
2026-05-17 20:56,78243.97656,78244.52344,78237.75781,78237.75781,5402624
2026-05-17 20:57,78245.5,78245.5,78243.39844,78243.39844,18132992
2026-05-17 20:58,78251.9375,78251.95312,78248.24219,78248.24219,0
2026-05-17 20:59,78226.39844,78258.20312,78226.39844,78251.95312,2615296
2026-05-17 21:00,78238.3125,78238.3125,78228.0,78228.0,1177600
2026-05-17 21:01,78259.3125,78259.3125,78238.32812,78238.32812,0
2026-05-17 21:02,78211.9375,78259.35156,78211.9375,78258.50781,0
2026-05-17 21:03,78206.32812,78211.92969,78196.52344,78211.92969,0
2026-05-17 21:04,78220.14844,78220.14844,78198.5,78206.32031,0
2026-05-17 21:05,78216.8125,78218.0,78216.79688,78217.75781,0
2026-05-17 21:06,78216.8125,78216.8125,78216.79688,78216.8125,0
2026-05-17 21:07,78216.8125,78216.8125,78214.0625,78216.8125,0
2026-05-17 21:08,78224.72656,78229.89844,78212.10156,78216.53906,0
2026-05-17 21:09,78224.00781,78224.00781,78220.22656,78220.22656,0
2026-05-17 21:10,78244.3125,78244.3125,78224.02344,78224.02344,14608384
2026-05-17 21:11,78246.96875,78249.13281,78246.96875,78246.97656,405504
2026-05-17 21:12,78234.9375,78246.84375,78234.9375,78246.84375,0
2026-05-17 21:13,78249.42188,78249.42188,78230.67969,78230.67969,0
2026-05-17 21:14,78265.85156,78267.22656,78265.0,78265.0,0
2026-05-17 21:15,78235.13281,78265.86719,78222.9375,78265.86719,4433920
2026-05-17 21:16,78243.25781,78246.20312,78232.90625,78232.90625,342016
2026-05-17 21:17,78230.67969,78243.25781,78230.67188,78243.25781,2479104
2026-05-17 21:18,78245.90625,78245.90625,78224.54688,78230.67969,0
2026-05-17 21:19,78273.35938,78273.35938,78234.0,78244.15625,0
2026-05-17 21:20,78288.54688,78288.64062,78273.35156,78273.35156,0
2026-05-17 21:21,78334.00781,78334.00781,78288.53906,78288.53906,0
2026-05-17 21:22,78320.85156,78341.67969,78318.13281,78336.10156,228352
2026-05-17 21:23,78330.32031,78330.32812,78320.85156,78320.85156,284672
2026-05-17 21:24,78391.21875,78391.28125,78330.32031,78330.32031,0
2026-05-17 21:25,78377.35938,78403.29688,78376.53906,78391.21875,23063552
2026-05-17 21:26,78350.24219,78379.5,78350.24219,78379.5,7612416
2026-05-17 21:27,78364.89844,78364.89844,78329.17188,78337.4375,3918848
2026-05-17 21:28,78363.35938,78365.39062,78363.35156,78364.90625,0
2026-05-17 21:29,78400.14062,78400.14062,78355.32812,78364.90625,0
2026-05-17 21:30,78403.99219,78411.13281,78387.25,78411.13281,0
2026-05-17 21:31,78403.5,78403.99219,78402.59375,78403.97656,50247680
2026-05-17 21:32,78362.02344,78392.92969,78362.02344,78392.92969,0
2026-05-17 21:33,78369.14062,78369.14062,78342.59375,78362.00781,0
2026-05-17 21:34,78407.1875,78407.1875,78367.32031,78368.82812,35534848
2026-05-17 21:35,78397.1875,78404.96094,78382.0,78397.20312,0
2026-05-17 21:36,78435.53125,78450.0,78401.61719,78401.61719,8783872
2026-05-17 21:37,78360.86719,78435.53906,78355.0625,78435.53906,0
2026-05-17 21:38,78379.50781,78384.38281,78366.60156,78366.60156,4009984
2026-05-17 21:39,78350.00781,78371.59375,78350.0,78371.59375,17926144
2026-05-17 21:40,78385.57031,78385.57031,78331.61719,78363.03125,0
2026-05-17 21:41,78385.21094,78399.99219,78385.21094,78385.79688,9652224
2026-05-17 21:42,78367.70312,78385.21875,78367.70312,78385.21094,10913792
2026-05-17 21:43,78394.36719,78399.99219,78369.28125,78369.28125,5939200
2026-05-17 21:44,78389.78125,78397.1875,78389.78125,78395.92188,0
2026-05-17 21:45,78385.46875,78391.99219,78385.46875,78390.42969,54695936
2026-05-17 21:46,78367.3125,78385.46875,78350.22656,78385.46875,0
2026-05-17 21:47,78387.82812,78391.71094,78385.46875,78385.46875,1230848
2026-05-17 21:48,78403.52344,78403.52344,78397.34375,78397.34375,12126208
2026-05-17 21:49,78377.71094,78437.28906,78377.71094,78403.4375,0
2026-05-17 21:50,78397.20312,78414.15625,78380.46875,78380.46875,0
2026-05-17 21:51,78384.07031,78392.9375,78383.28906,78392.9375,0
2026-05-17 21:52,78380.11719,78383.77344,78380.10938,78383.77344,0
2026-05-17 21:53,78358.60938,78380.13281,78358.60938,78380.13281,14800896
2026-05-17 21:54,78360.57031,78360.57031,78357.85156,78359.42188,7233536
2026-05-17 21:55,78392.03125,78392.03125,78363.0,78363.0,5267456
2026-05-17 21:56,78385.38281,78397.40625,78385.38281,78392.03125,0
2026-05-17 21:57,78389.00781,78389.29688,78385.46094,78388.07812,5371904
2026-05-17 21:58,78400.8125,78400.8125,78385.92969,78386.15625,0
2026-05-17 21:59,78364.11719,78403.29688,78352.15625,78403.29688,1622016
2026-05-17 22:00,78310.00781,78367.25781,78310.00781,78317.78125,0
2026-05-17 22:01,78188.0,78298.99219,78188.0,78298.99219,0
2026-05-17 22:02,78138.0,78183.99219,78072.64062,78183.99219,0
2026-05-17 22:03,78202.09375,78207.04688,78119.75781,78137.09375,0
2026-05-17 22:04,78244.53906,78244.53906,78185.59375,78203.53125,0
2026-05-17 22:05,78259.74219,78259.74219,78229.14062,78240.61719,53276672
2026-05-17 22:06,78281.92188,78303.85938,78270.04688,78270.04688,0
2026-05-17 22:07,78194.0,78281.92188,78194.0,78281.92188,0
2026-05-17 22:08,78151.59375,78194.00781,78148.03906,78194.00781,1972224
2026-05-17 22:09,78072.35156,78161.72656,78072.35156,78155.79688,71149568
2026-05-17 22:10,77969.74219,78078.15625,77917.28125,78078.15625,7280640
2026-05-17 22:11,78034.25,78034.25,77991.00781,78004.35156,0
2026-05-17 22:12,78055.60156,78059.86719,78022.25,78039.24219,0
2026-05-17 22:13,78068.71875,78068.71875,78049.99219,78057.92969,0
2026-05-17 22:14,78066.60938,78081.21875,78064.25781,78078.0,0
2026-05-17 22:15,78085.0,78094.03906,78047.92188,78094.03906,154880000
2026-05-17 22:16,78047.92969,78085.0,78047.92969,78085.0,2871296
2026-05-17 22:17,77984.0,78000.10156,77969.96875,78000.10156,0
2026-05-17 22:18,77963.74219,77995.8125,77961.74219,77979.72656,20756480
2026-05-17 22:19,77988.82031,77998.78125,77979.92188,77985.0,1759232
2026-05-17 22:20,78042.67969,78043.5625,77999.99219,77999.99219,0
2026-05-17 22:21,78064.45312,78080.29688,78023.99219,78042.6875,0
2026-05-17 22:22,78008.60938,78059.86719,78007.57812,78059.86719,1646592
2026-05-17 22:23,77908.89844,78021.45312,77896.13281,78021.42969,0
2026-05-17 22:24,77961.00781,77961.00781,77918.95312,77918.95312,7342080
2026-05-17 22:25,77957.8125,77960.25781,77924.89844,77931.77344,3608576
2026-05-17 22:26,77940.29688,77970.20312,77903.0,77970.20312,7342080
2026-05-17 22:27,77940.17188,77965.25781,77940.17188,77940.45312,0
2026-05-17 22:28,77942.0,77948.85156,77916.0,77948.85156,0
2026-05-17 22:29,77933.53125,77978.74219,77933.53125,77949.96875,5718016
2026-05-17 22:30,77971.85156,77971.85156,77940.35938,77940.35938,86286336
2026-05-17 22:31,78032.14844,78055.59375,77974.34375,77980.25781,1947648
2026-05-17 22:32,78003.63281,78039.97656,78001.96094,78039.97656,1288192
2026-05-17 22:33,78022.61719,78025.70312,77981.00781,77992.59375,0
2026-05-17 22:34,78055.60156,78081.21094,78023.10938,78023.10938,55209984
2026-05-17 22:35,78057.6875,78075.92188,78037.25781,78047.42188,0
2026-05-17 22:36,77942.0,78057.6875,77940.3125,78057.6875,50368512
2026-05-17 22:37,77965.90625,77965.90625,77900.00781,77923.53125,0
2026-05-17 22:38,77970.20312,77983.85156,77936.03906,77960.00781,0
2026-05-17 22:39,77996.15625,78029.6875,77967.90625,77967.96094,1128448
2026-05-17 22:40,78059.86719,78059.86719,77993.42969,77993.42969,63064064
2026-05-17 22:41,78008.50781,78051.32812,78008.50781,78051.32812,4284416
2026-05-17 22:42,78002.54688,78011.99219,78002.54688,78011.99219,92000256
2026-05-17 22:43,78006.13281,78016.82812,78002.54688,78002.54688,360448
2026-05-17 22:44,78002.59375,78002.63281,77983.00781,78002.63281,0
2026-05-17 22:45,77973.99219,78002.57812,77943.0625,78002.57812,0
2026-05-17 22:46,77969.85938,77978.90625,77953.59375,77973.99219,149504
2026-05-17 22:47,77956.25,77988.46875,77951.53125,77985.72656,3651584
2026-05-17 22:48,77948.84375,77966.99219,77930.5,77958.92188,79147008
2026-05-17 22:49,77968.5,77970.1875,77952.6875,77952.6875,0
2026-05-17 22:50,77908.0,77957.39062,77906.14844,77957.39062,53248
2026-05-17 22:51,77863.04688,77908.0,77843.17188,77907.99219,0
2026-05-17 22:52,77863.45312,77863.45312,77796.71875,77863.1875,2867200
2026-05-17 22:53,77850.64062,77899.25781,77850.64062,77884.78906,0
2026-05-17 22:54,77837.84375,77854.89844,77835.15625,77847.85938,0
2026-05-17 22:55,77876.25781,77906.29688,77826.38281,77826.38281,2537472
2026-05-17 22:56,77906.14062,77906.14062,77862.74219,77885.0,5271552
2026-05-17 22:57,77939.46875,77956.86719,77890.64062,77890.64062,87191552
2026-05-17 22:58,77928.0,77937.90625,77906.53125,77937.90625,0
2026-05-17 22:59,77953.89844,77965.92969,77927.36719,77927.46094,2977792
2026-05-17 23:00,77936.03906,77936.03906,77894.0,77920.00781,0
2026-05-17 23:01,77913.24219,77951.96094,77887.99219,77936.82031,40204288
2026-05-17 23:02,77912.0,77930.00781,77873.45312,77930.00781,0
2026-05-17 23:03,77945.0625,77945.0625,77906.75781,77906.75781,7772160
2026-05-17 23:04,77892.29688,77951.64844,77877.74219,77951.64844,0
2026-05-17 23:05,77862.90625,77896.15625,77846.39062,77879.85938,0
2026-05-17 23:06,77829.28906,77867.71875,77829.28906,77867.71875,69111808
2026-05-17 23:07,77812.28125,77848.53906,77786.60156,77848.53906,0
2026-05-17 23:08,77725.99219,77816.52344,77725.99219,77805.45312,0
2026-05-17 23:09,77799.64062,77816.47656,77735.0625,77735.0625,0
2026-05-17 23:10,77848.0,77867.71094,77810.0,77810.0,0
2026-05-17 23:11,77859.1875,77889.11719,77840.39844,77846.36719,3999744
2026-05-17 23:12,77794.65625,77858.20312,77794.65625,77858.20312,111284224
2026-05-17 23:13,77821.78906,77841.57031,77812.20312,77812.20312,0
2026-05-17 23:14,77806.35938,77824.52344,77806.35938,77823.07031,18188288
2026-05-17 23:15,77693.99219,77807.59375,77666.70312,77803.97656,0
2026-05-17 23:16,77684.11719,77710.0,77643.28125,77696.85156,0
2026-05-17 23:17,77778.96094,77781.74219,77703.34375,77709.72656,5179392
2026-05-17 23:18,77800.04688,77822.0,77776.21094,77776.21094,44988416
2026-05-17 23:19,77821.75781,77827.03125,77765.25,77792.10156,0
2026-05-17 23:20,77808.0,77812.21094,77782.32031,77812.21094,3500032
2026-05-17 23:21,77902.67188,77902.67188,77816.46875,77816.46875,0
2026-05-17 23:22,77863.45312,77929.53906,77863.45312,77885.54688,51195904
2026-05-17 23:23,77853.36719,77871.64062,77853.36719,77859.17969,5083136
2026-05-17 23:24,77894.34375,77903.96875,77868.02344,77870.0,127592448
2026-05-17 23:25,77840.47656,77914.59375,77834.64062,77894.32812,4681728
2026-05-17 23:26,77858.00781,77865.0,77817.20312,77823.46875,0
2026-05-17 23:27,77870.75781,77875.32812,77843.14062,77875.32812,0
2026-05-17 23:28,77790.75781,77878.13281,77790.75781,77872.21094,0
2026-05-17 23:29,77795.60156,77804.99219,77778.64062,77778.64062,0
2026-05-17 23:30,77710.11719,77795.59375,77710.11719,77795.59375,37568512
2026-05-17 23:31,77776.0,77776.0,77712.64062,77712.64062,0
2026-05-17 23:32,77801.8125,77814.78906,77735.42969,77752.42188,3045376
2026-05-17 23:33,77826.24219,77830.22656,77806.74219,77817.96094,0
2026-05-17 23:34,77837.99219,77850.60156,77816.49219,77833.25781,43464704
2026-05-17 23:35,77748.03906,77820.75781,77748.03906,77820.75781,5113856
2026-05-17 23:36,77735.34375,77770.85938,77718.00781,77744.0,673792
2026-05-17 23:37,77794.50781,77797.49219,77750.64844,77750.64844,0
2026-05-17 23:38,77754.79688,77793.86719,77732.09375,77793.86719,26648576
2026-05-17 23:39,77701.3125,77748.15625,77680.57812,77748.15625,0
2026-05-17 23:40,77203.60938,77695.84375,77160.5,77690.75781,0
2026-05-17 23:41,76727.50781,77201.9375,76727.50781,77177.0,12609536
2026-05-17 23:42,77118.67969,77118.67969,76748.96875,76845.57031,0
2026-05-17 23:43,77088.17969,77149.99219,77077.77344,77099.57812,133070848
2026-05-17 23:44,77184.03906,77253.21875,77118.39062,77118.39062,563787776
2026-05-17 23:45,77103.39844,77201.60156,77103.25,77198.88281,0
2026-05-17 23:46,77227.21875,77227.99219,77138.35938,77145.0,25616384
2026-05-17 23:47,77081.11719,77180.25781,77073.5,77180.25781,0
2026-05-17 23:48,77184.0,77199.99219,77116.20312,77116.20312,629250048
2026-05-17 23:49,77238.36719,77259.61719,77164.0,77199.92969,23054336
2026-05-17 23:50,77221.89844,77260.00781,77205.88281,77205.88281,2922496
2026-05-17 23:51,77237.4375,77237.45312,77211.99219,77230.78125,464711680
2026-05-17 23:52,77392.53125,77398.0,77237.4375,77237.4375,0
2026-05-17 23:53,77447.49219,77485.77344,77407.90625,77418.27344,0
2026-05-17 23:54,77432.17188,77469.00781,77393.75,77453.97656,117665792
2026-05-17 23:55,77424.14844,77424.14844,77380.92969,77402.28906,21749760
2026-05-17 23:56,77420.77344,77455.07812,77415.10938,77417.60938,0
2026-05-17 23:57,77449.92969,77469.97656,77376.03125,77410.82812,129914880
2026-05-17 23:58,77405.78906,77474.86719,77405.78906,77449.27344,0
2026-05-18 00:00,77373.40625,77429.85156,77373.40625,77408.0,103723008
2026-05-18 00:01,77282.67188,77370.57031,77281.17188,77370.57031,3962880
2026-05-18 00:02,77292.71875,77292.71875,77188.79688,77247.20312,5251072
2026-05-18 00:03,77252.84375,77313.5625,77244.29688,77306.39844,0
2026-05-18 00:04,77280.6875,77286.61719,77262.5625,77280.17188,92160
2026-05-18 00:05,77125.46094,77259.00781,77108.0,77259.00781,4827136
2026-05-18 00:06,77054.28125,77097.99219,77040.04688,77097.99219,62494720
2026-05-18 00:07,77133.25781,77133.25781,77060.99219,77064.96094,0
2026-05-18 00:08,76998.85938,77086.32031,76990.32031,77086.32031,4982784
2026-05-18 00:09,76971.10938,77039.32812,76971.10938,77039.32812,148150272
2026-05-18 00:10,76898.42969,76958.82031,76869.82812,76941.71094,0
2026-05-18 00:11,77036.10938,77036.10938,76873.99219,76895.29688,13895680
2026-05-18 00:12,76999.92969,77042.36719,76983.84375,77042.36719,185872384
2026-05-18 00:13,77040.04688,77042.34375,76947.9375,76962.0,8755200
2026-05-18 00:14,77141.99219,77156.28125,77047.86719,77047.86719,0
2026-05-18 00:15,77171.17188,77181.99219,77111.92969,77161.70312,172894208
2026-05-18 00:16,77256.00781,77275.75,77175.96875,77175.96875,0
2026-05-18 00:17,77236.92969,77256.0,77193.07031,77222.95312,5695488
2026-05-18 00:18,77184.50781,77232.6875,77184.50781,77218.67969,13633536
2026-05-18 00:19,77087.0,77192.46094,77087.0,77192.46094,0
2026-05-18 00:20,77165.97656,77173.03125,77103.38281,77103.38281,11132928
2026-05-18 00:21,77161.92969,77199.27344,77153.60156,77153.60156,215908352
2026-05-18 00:22,77141.82031,77169.74219,77129.00781,77159.50781,3258368
2026-05-18 00:23,77154.34375,77170.28906,77143.75781,77143.75781,11773952
2026-05-18 00:24,77130.14844,77169.77344,77103.39062,77167.99219,0
2026-05-18 00:25,77153.03125,77156.84375,77116.20312,77124.72656,0
2026-05-18 00:26,77141.82031,77167.03906,77116.20312,77167.03906,11530240
2026-05-18 00:27,77110.0625,77152.96875,77099.13281,77141.82812,83802112
2026-05-18 00:28,77124.90625,77136.35938,77057.96875,77099.13281,2715648
2026-05-18 00:29,77106.02344,77141.8125,77086.96094,77121.39062,0
2026-05-18 00:30,77077.77344,77089.38281,77036.11719,77083.85938,1644544
2026-05-18 00:31,77170.90625,77173.86719,77062.21094,77062.21094,73152512
2026-05-18 00:32,77082.04688,77135.85938,77069.82812,77135.85938,0
2026-05-18 00:33,77010.59375,77047.32812,76983.02344,77035.07031,31614976
2026-05-18 00:34,76975.25,76980.25781,76928.0,76980.25781,0
2026-05-18 00:35,77103.39062,77111.90625,76983.96094,77016.17188,0
2026-05-18 00:36,77125.97656,77125.97656,77091.10938,77100.70312,127881216
2026-05-18 00:37,77142.70312,77146.15625,77080.03125,77106.49219,0
2026-05-18 00:38,77106.0,77111.92969,77074.35938,77111.92969,6787072
2026-05-18 00:39,77107.64844,77136.42188,77088.09375,77107.65625,0
2026-05-18 00:40,77069.22656,77135.03906,77039.35156,77121.74219,0
2026-05-18 00:41,77078.75,77115.0,77077.75781,77077.75781,20123648
2026-05-18 00:42,77005.84375,77032.0,76982.0,77023.28125,71178240
2026-05-18 00:43,76991.57812,77005.99219,76962.99219,77005.99219,5230592
2026-05-18 00:44,76975.29688,76996.63281,76972.5,76996.63281,0
2026-05-18 00:45,76970.47656,76972.89062,76938.0,76958.21094,0
2026-05-18 00:46,76970.29688,77027.9375,76970.29688,76979.70312,51613696
2026-05-18 00:47,77035.97656,77050.50781,76960.40625,76970.29688,0
2026-05-18 00:48,76985.24219,77046.97656,76976.57031,77046.97656,23574528
2026-05-18 00:49,77066.92188,77077.75781,77005.3125,77005.3125,6850560
2026-05-18 00:50,77047.89062,77057.21094,77032.65625,77057.21094,144099328
2026-05-18 00:51,76953.57031,77056.36719,76928.32031,77047.89062,0
2026-05-18 00:52,76931.25,76950.0,76911.00781,76936.07812,10409984
2026-05-18 00:53,76999.92969,77013.71875,76919.78125,76919.78125,0
2026-05-18 00:54,76941.07812,76998.0,76930.00781,76989.40625,14487552
2026-05-18 00:55,77002.72656,77008.0,76983.5,76985.02344,1816576
2026-05-18 00:56,77065.28125,77065.50781,76992.36719,77001.35938,0
2026-05-18 00:57,77155.92969,77180.0,77049.27344,77052.15625,9859072
2026-05-18 00:58,77104.96094,77156.95312,77099.79688,77156.95312,1132544
2026-05-18 00:59,77166.13281,77166.13281,77116.1875,77116.1875,0
2026-05-18 01:00,77137.54688,77167.42969,77127.71094,77146.10156,0
2026-05-18 01:01,77126.0,77143.04688,77111.9375,77139.86719,0
2026-05-18 01:02,77079.95312,77167.42969,77079.95312,77150.24219,0
2026-05-18 01:03,77086.54688,77094.47656,77035.07812,77093.97656,0
2026-05-18 01:04,77116.20312,77137.54688,77094.85156,77119.85938,0
2026-05-18 01:05,77133.27344,77146.09375,77118.0,77118.0,0
2026-05-18 01:06,77167.4375,77198.39844,77104.6875,77104.6875,0
2026-05-18 01:07,77060.27344,77175.97656,77056.42969,77171.70312,0
2026-05-18 01:08,77055.03125,77073.5,77029.24219,77043.67969,0
2026-05-18 01:09,77120.47656,77120.47656,77086.3125,77087.85938,0
2026-05-18 01:10,77227.71094,77227.71094,77129.00781,77129.00781,0
2026-05-18 01:11,77222.95312,77222.95312,77204.32031,77214.40625,229376
2026-05-18 01:12,77180.25,77224.71875,77180.25,77224.71875,0
2026-05-18 01:13,77149.40625,77180.25,77138.1875,77180.25,96299008
2026-05-18 01:14,77023.70312,77144.0625,77023.70312,77144.0625,0
2026-05-18 01:15,76983.82812,77013.29688,76915.52344,77013.29688,0
2026-05-18 01:16,76941.13281,76966.35156,76932.60156,76959.99219,0
2026-05-18 01:17,76966.75,76986.0,76941.14062,76944.49219,0
2026-05-18 01:18,76937.17188,76955.97656,76935.49219,76955.97656,20942848
2026-05-18 01:19,76940.78906,76954.0,76927.02344,76930.34375,8300544
2026-05-18 01:20,76891.45312,76996.63281,76891.45312,76958.54688,0
2026-05-18 01:21,76912.0,76912.0,76814.25781,76887.25,74752000
2026-05-18 01:22,76914.9375,76981.46875,76914.9375,76946.96875,0
2026-05-18 01:23,76928.9375,76928.9375,76875.50781,76912.45312,5611520
2026-05-18 01:24,76908.0,76966.74219,76898.4375,76934.00781,0
2026-05-18 01:25,76911.03125,76916.97656,76869.67188,76908.07031,0
2026-05-18 01:26,76818.88281,76924.13281,76818.88281,76915.5,3241984
2026-05-18 01:27,76842.92188,76894.15625,76818.88281,76818.88281,126881792
2026-05-18 01:28,76847.1875,76899.99219,76842.92969,76842.92969,0
2026-05-18 01:29,76848.02344,76880.92188,76847.1875,76851.97656,684032
2026-05-18 01:30,76814.00781,76866.00781,76814.00781,76838.0,94918656
2026-05-18 01:31,76827.61719,76829.96875,76804.47656,76826.24219,2818048
2026-05-18 01:32,76825.84375,76848.02344,76800.00781,76834.36719,4030464
2026-05-18 01:33,76845.0,76845.0,76774.0,76802.00781,0
2026-05-18 01:34,76756.46875,76858.54688,76729.92188,76846.96094,122095616
2026-05-18 01:35,76877.99219,76877.99219,76738.39062,76738.39062,0
2026-05-18 01:36,76830.84375,76874.0,76817.29688,76856.49219,0
2026-05-18 01:37,76758.53125,76863.07812,76758.53125,76839.14844,4724736
2026-05-18 01:38,76750.00781,76758.78906,76733.46094,76750.0,0
2026-05-18 01:39,76824.65625,76831.03906,76735.96094,76767.42969,0
2026-05-18 01:40,76780.07031,76829.92969,76774.25781,76802.24219,18014208
2026-05-18 01:41,76736.00781,76784.82812,76736.00781,76783.96094,0
2026-05-18 01:42,76758.32812,76791.53125,76739.63281,76739.63281,62574592
2026-05-18 01:43,76768.0,76789.99219,76753.25781,76768.57812,0
2026-05-18 01:44,76788.92969,76788.92969,76758.0,76759.13281,1611776
2026-05-18 01:45,76715.10156,76786.86719,76715.10156,76783.21875,0
2026-05-18 01:46,76814.96094,76825.67969,76714.40625,76714.40625,0
2026-05-18 01:47,76859.97656,76881.09375,76807.53906,76807.53906,1316864
2026-05-18 01:48,76879.97656,76889.15625,76852.27344,76878.46094,93069312
2026-05-18 01:49,76834.0,76912.21094,76823.78125,76885.60938,0
2026-05-18 01:50,76883.71094,76893.64844,76808.75781,76844.46094,3371008
2026-05-18 01:51,76888.0,76916.45312,76872.82031,76888.39844,20678656
2026-05-18 01:52,76920.71875,76920.71875,76869.75781,76887.57812,0
2026-05-18 01:53,76936.0,76936.0,76906.71875,76929.99219,95764480
2026-05-18 01:54,76932.67969,76941.13281,76921.57812,76932.07812,0
2026-05-18 01:55,76996.60938,76996.60938,76921.00781,76930.0,13883392
2026-05-18 01:56,77099.64062,77100.95312,76976.42969,76976.42969,1726464
2026-05-18 01:57,77090.52344,77120.9375,77086.29688,77090.57812,49774592
2026-05-18 01:58,77073.53906,77084.28125,77070.0,77084.28125,0
2026-05-18 01:59,77068.03125,77085.0,77062.02344,77070.0,0
2026-05-18 02:00,77023.96875,77064.6875,77023.96875,77064.6875,0
2026-05-18 02:01,77033.77344,77042.47656,77003.75781,77028.0,0
2026-05-18 02:02,77070.25781,77077.14062,77035.07031,77043.64844,0
2026-05-18 02:03,77125.97656,77129.29688,77082.03906,77083.24219,23119872
2026-05-18 02:04,77102.97656,77131.27344,77097.9375,77131.27344,0
2026-05-18 02:05,77064.02344,77107.65625,77060.6875,77102.35938,0
2026-05-18 02:06,77084.3125,77109.57031,77057.02344,77057.02344,11231232
2026-05-18 02:07,77091.32812,77103.39844,77078.99219,77078.99219,0
2026-05-18 02:08,77154.63281,77168.0,77091.32812,77091.32812,5113856
2026-05-18 02:09,77131.99219,77168.63281,77120.46875,77168.63281,91985920
2026-05-18 02:10,77087.97656,77129.02344,77087.97656,77129.02344,0
2026-05-18 02:11,77103.38281,77116.1875,77064.96875,77089.78906,9676800
2026-05-18 02:12,77156.57031,77170.00781,77094.92969,77096.46094,86204416
2026-05-18 02:13,77129.00781,77167.85156,77119.17188,77148.74219,2387968
2026-05-18 02:14,77114.20312,77154.63281,77111.99219,77139.89062,1253376
2026-05-18 02:15,77103.39062,77123.53906,77103.39062,77114.3125,0
2026-05-18 02:16,77073.86719,77103.39062,77063.14844,77103.39062,29100032
2026-05-18 02:17,77024.0,77073.79688,77023.92969,77073.79688,4802560
2026-05-18 02:18,77014.89844,77024.78906,76995.28906,77016.0,16240640
2026-05-18 02:19,77022.9375,77047.03125,77022.9375,77024.79688,3774464
2026-05-18 02:20,76974.25,77032.0,76974.25,77022.92969,0
2026-05-18 02:21,76938.0625,76988.0,76938.0625,76973.00781,0
2026-05-18 02:22,76971.28906,76971.28906,76916.78125,76928.32812,3768320
2026-05-18 02:23,76996.63281,76996.63281,76953.39844,76971.28125,0
2026-05-18 02:24,76971.75781,76983.82812,76958.21094,76983.82812,19027968
2026-05-18 02:25,76968.04688,76992.35938,76968.04688,76971.75781,20480
2026-05-18 02:26,77009.85938,77009.85938,76972.82812,76972.82812,0
2026-05-18 02:27,77003.71094,77026.52344,77002.0,77009.85938,47101952
2026-05-18 02:28,76973.97656,77003.71094,76973.97656,77003.71094,1226752
2026-05-18 02:29,76991.9375,76991.95312,76971.99219,76975.53125,960512
2026-05-18 02:30,76953.92969,76975.28906,76928.46875,76975.28906,9945088
2026-05-18 02:31,76982.35938,77007.99219,76962.46875,76962.46875,0
2026-05-18 02:32,76969.89062,76974.28906,76953.95312,76971.96094,0
2026-05-18 02:33,76989.84375,76992.35938,76962.52344,76969.89062,57157632
2026-05-18 02:34,76950.0,76985.70312,76950.0,76985.70312,6557696
2026-05-18 02:35,76895.14844,76953.28906,76895.14844,76953.28906,0
2026-05-18 02:36,76854.6875,76922.39844,76841.8125,76910.0,0
2026-05-18 02:37,76893.70312,76894.14844,76859.67188,76859.67188,0
2026-05-18 02:38,76818.89844,76889.10156,76818.89844,76889.10156,0
2026-05-18 02:39,76849.82812,76849.82812,76807.82031,76828.00781,0
2026-05-18 02:40,76801.46875,76831.14844,76787.42188,76831.14844,5855232
2026-05-18 02:41,76802.03906,76825.72656,76800.21875,76812.22656,2326528
2026-05-18 02:42,76806.63281,76806.64062,76788.61719,76788.61719,0
2026-05-18 02:43,76813.24219,76813.24219,76804.49219,76805.13281,35391488
2026-05-18 02:44,76830.0,76830.0,76814.78906,76814.78906,1882112
2026-05-18 02:45,76817.3125,76836.64062,76817.29688,76830.38281,317581312
2026-05-18 02:46,76820.03125,76838.03125,76817.3125,76817.3125,1112064
2026-05-18 02:47,76887.34375,76888.34375,76808.14844,76808.77344,0
2026-05-18 02:48,76837.00781,76875.99219,76834.39062,76875.35156,25524224
2026-05-18 02:49,76794.97656,76821.57812,76793.99219,76821.57812,0
2026-05-18 02:50,76749.00781,76811.99219,76749.00781,76793.64062,91365376
2026-05-18 02:51,76767.67188,76775.99219,76725.78125,76740.4375,0
2026-05-18 02:52,76712.22656,76775.0,76695.99219,76775.0,0
2026-05-18 02:53,76704.75,76707.99219,76659.47656,76703.9375,0
2026-05-18 02:54,76702.02344,76719.0,76676.60938,76684.77344,66770944
2026-05-18 02:55,76709.84375,76721.24219,76698.47656,76700.03125,5500928
2026-05-18 02:56,76696.54688,76709.32812,76690.97656,76709.32812,0
2026-05-18 02:57,76784.07812,76794.97656,76713.99219,76715.90625,0
2026-05-18 02:58,76767.60938,76791.67969,76758.13281,76785.61719,0
2026-05-18 02:59,76787.40625,76787.40625,76767.29688,76767.75781,0
2026-05-18 03:00,76896.0,76896.0,76787.40625,76787.40625,0
2026-05-18 03:01,76892.42188,76910.46094,76875.21875,76885.61719,487424
2026-05-18 03:02,76936.03906,76938.0,76892.42188,76892.42188,3651584
2026-05-18 03:03,76891.04688,76936.03906,76891.04688,76936.03906,0
2026-05-18 03:04,76906.96875,76906.96875,76861.25781,76890.00781,133752832
2026-05-18 03:05,76909.79688,76909.79688,76878.0,76889.04688,5201920
2026-05-18 03:06,76903.0,76932.0,76903.0,76909.79688,0
2026-05-18 03:07,76958.24219,76968.82031,76915.5,76915.5,0
2026-05-18 03:08,76953.92188,76971.00781,76948.36719,76948.36719,0
2026-05-18 03:09,76941.13281,76950.46875,76941.13281,76950.46875,0
2026-05-18 03:10,76935.92188,76961.29688,76935.92188,76953.92969,11548672
2026-05-18 03:11,76932.57812,76940.52344,76916.78906,76935.92188,123234304
2026-05-18 03:12,76882.96094,76919.78125,76882.96094,76919.78125,0
2026-05-18 03:13,76860.07812,76874.0625,76847.99219,76873.99219,0
2026-05-18 03:14,76832.9375,76860.07812,76818.88281,76860.07812,311025664
2026-05-18 03:15,76870.42188,76870.42969,76821.57031,76832.96094,0
2026-05-18 03:16,76850.0,76870.39062,76850.0,76867.32031,12756992
2026-05-18 03:17,76852.02344,76880.64062,76850.0,76850.0,1067008
2026-05-18 03:18,76862.86719,76863.97656,76838.64844,76853.22656,0
2026-05-18 03:19,76834.03125,76855.74219,76834.03125,76855.74219,0
2026-05-18 03:20,76836.8125,76840.0,76825.84375,76830.10938,61126656
2026-05-18 03:21,76808.21094,76840.35156,76804.0,76836.8125,598016
2026-05-18 03:22,76838.64062,76840.0,76800.22656,76808.21094,0
2026-05-18 03:23,76881.34375,76884.64062,76847.1875,76848.17969,43055104
2026-05-18 03:24,76911.09375,76917.46875,76884.63281,76884.63281,0
2026-05-18 03:25,76885.09375,76902.6875,76885.09375,76891.54688,2781184
2026-05-18 03:26,76878.57031,76878.57812,76849.22656,76876.0,3891200
2026-05-18 03:27,76931.42969,76931.42969,76881.14062,76881.14062,0
2026-05-18 03:28,76941.20312,76952.0,76915.50781,76919.78906,2625536
2026-05-18 03:29,76918.6875,76928.32812,76915.52344,76928.32031,0
2026-05-18 03:30,76856.8125,76915.50781,76855.72656,76915.50781,124919808
2026-05-18 03:31,76830.10938,76887.60156,76830.10938,76865.99219,0
2026-05-18 03:32,76800.22656,76809.9375,76759.64844,76801.42969,0
2026-05-18 03:33,76820.67969,76820.67969,76795.78906,76795.78906,0
2026-05-18 03:34,76860.0,76874.39844,76820.67969,76820.67969,0
2026-05-18 03:35,76832.00781,76849.92969,76817.4375,76849.92969,2160640
2026-05-18 03:36,76877.09375,76897.96875,76831.49219,76831.49219,17528832
2026-05-18 03:37,76846.32812,76875.57031,76846.32812,76875.57031,0
2026-05-18 03:38,76854.0,76864.25781,76850.00781,76850.00781,91392000
2026-05-18 03:39,76867.3125,76867.36719,76826.10938,76826.10938,0
2026-05-18 03:40,76851.46094,76866.03125,76851.46094,76859.1875,0
2026-05-18 03:41,76890.17969,76890.17969,76847.1875,76847.1875,2256896
2026-05-18 03:42,76877.04688,76905.53906,76868.57031,76905.53906,69158912
2026-05-18 03:43,76913.84375,76913.99219,76873.99219,76877.04688,0
2026-05-18 03:44,76953.9375,76960.97656,76911.63281,76911.74219,0
2026-05-18 03:45,76935.50781,76953.59375,76935.29688,76953.59375,0
2026-05-18 03:46,76918.72656,76966.5,76918.72656,76956.65625,0
2026-05-18 03:47,76913.47656,76936.85156,76911.24219,76911.46094,704512
2026-05-18 03:48,76889.3125,76932.57812,76889.3125,76918.42188,8339456
2026-05-18 03:49,76928.72656,76930.29688,76901.03906,76902.6875,1677312
2026-05-18 03:50,76916.1875,76940.0,76915.0,76940.0,0
2026-05-18 03:51,76898.42969,76936.71094,76898.42969,76915.24219,127385600
2026-05-18 03:52,76878.60938,76888.0,76837.99219,76888.0,2916352
2026-05-18 03:53,76897.17969,76897.17969,76873.02344,76880.82812,0
2026-05-18 03:54,76874.02344,76893.02344,76863.99219,76893.02344,6391808
2026-05-18 03:55,76861.1875,76880.82031,76854.75,76880.82031,1312768
2026-05-18 03:56,76862.07031,76867.88281,76845.70312,76864.0,0
2026-05-18 03:57,76883.07812,76883.07812,76867.88281,76867.88281,0
2026-05-18 03:58,76920.03125,76920.03125,76877.65625,76884.09375,532480
2026-05-18 03:59,76880.64062,76920.03125,76877.97656,76920.03125,0
2026-05-18 04:00,76912.40625,76915.02344,76877.97656,76877.97656,114298880
2026-05-18 04:01,76889.0,76934.14844,76889.0,76912.40625,0
2026-05-18 04:02,76906.78125,76917.24219,76887.88281,76888.75781,819200
2026-05-18 04:03,76885.75781,76917.27344,76885.75781,76909.14844,1280000
2026-05-18 04:04,76882.63281,76882.71875,76880.0,76881.35156,747520
2026-05-18 04:05,76906.96094,76907.32031,76880.0,76881.74219,0
2026-05-18 04:06,76889.89062,76930.64062,76889.89062,76909.64062,0
2026-05-18 04:07,76902.70312,76911.53125,76890.47656,76890.47656,114358272
2026-05-18 04:08,76914.90625,76924.88281,76896.5,76896.5,12738560
2026-05-18 04:09,76945.28125,76945.28125,76907.64062,76914.90625,0
2026-05-18 04:10,76924.04688,76951.25781,76924.04688,76951.25,102400
2026-05-18 04:11,76932.59375,76932.59375,76906.0625,76914.92188,0
2026-05-18 04:12,76933.0,76935.89844,76930.42969,76932.59375,0
2026-05-18 04:13,76962.07031,76969.29688,76933.0,76933.0,0
2026-05-18 04:14,76975.29688,76989.71875,76969.04688,76969.04688,0
2026-05-18 04:15,76973.97656,76984.0,76964.11719,76971.03125,22237184
2026-05-18 04:16,76953.97656,76985.17969,76935.89062,76983.82031,2648064
2026-05-18 04:17,76930.42969,76950.0,76930.42969,76947.75,0
2026-05-18 04:18,76926.9375,76926.9375,76905.4375,76925.39844,0
2026-05-18 04:19,76933.54688,76943.6875,76926.92969,76926.92969,827392
2026-05-18 04:20,76900.63281,76924.04688,76900.63281,76924.04688,0
2026-05-18 04:21,76877.09375,76896.5,76877.09375,76896.5,14970880
2026-05-18 04:22,76868.84375,76894.09375,76868.84375,76887.59375,0
2026-05-18 04:23,76783.13281,76847.20312,76762.10156,76847.20312,96256
2026-05-18 04:24,76757.92969,76782.85938,76757.92969,76766.0625,16138240
2026-05-18 04:25,76757.52344,76758.78125,76736.17188,76754.5625,528384
2026-05-18 04:26,76784.00781,76784.00781,76764.03906,76764.03906,99745792
2026-05-18 04:27,76759.0,76770.70312,76750.00781,76766.04688,0
2026-05-18 04:28,76736.17188,76759.0,76736.17188,76759.0,3776512
2026-05-18 04:29,76766.74219,76767.74219,76731.38281,76736.17188,0
2026-05-18 04:30,76736.17188,76766.35156,76736.17188,76766.35156,0
2026-05-18 04:31,76753.25781,76770.32031,76731.90625,76731.90625,0
2026-05-18 04:32,76776.00781,76776.00781,76744.72656,76753.25,0
2026-05-18 04:33,76746.78125,76776.00781,76746.77344,76776.00781,0
2026-05-18 04:34,76773.25781,76773.25781,76746.77344,76746.78125,28594176
2026-05-18 04:35,76783.63281,76812.24219,76775.5625,76775.5625,0
2026-05-18 04:36,76829.92969,76830.9375,76785.8125,76785.8125,0
2026-05-18 04:37,76830.0,76830.0,76807.39062,76817.29688,927744
2026-05-18 04:38,76830.11719,76841.07812,76825.84375,76830.0,0
2026-05-18 04:39,76833.54688,76833.54688,76800.21094,76830.15625,119656448
2026-05-18 04:40,76900.9375,76900.9375,76835.42969,76835.42969,0
2026-05-18 04:41,76951.0,76952.99219,76894.49219,76898.42969,0
2026-05-18 04:42,76948.95312,76951.00781,76943.14062,76946.38281,0
2026-05-18 04:43,76952.14844,76956.1875,76945.39844,76945.39844,0
2026-05-18 04:44,76955.99219,76955.99219,76946.0,76951.78906,1896448
2026-05-18 04:45,76977.20312,76977.20312,76949.49219,76961.15625,0
2026-05-18 04:46,76981.39062,76988.04688,76958.21094,76958.21094,868352
2026-05-18 04:47,76925.49219,76976.82812,76922.20312,76976.82812,47462400
2026-05-18 04:48,76905.39062,76937.99219,76905.39062,76930.24219,0
2026-05-18 04:49,76910.22656,76917.11719,76904.0,76904.0,0
2026-05-18 04:50,76874.07812,76911.54688,76872.82031,76905.9375,108054528
2026-05-18 04:51,76917.13281,76917.13281,76876.82031,76876.82031,0
2026-05-18 04:52,76938.02344,76951.99219,76917.11719,76917.11719,0
2026-05-18 04:53,76937.29688,76942.11719,76934.00781,76937.42188,3045376
2026-05-18 04:54,76949.3125,76949.32031,76936.72656,76937.3125,0
2026-05-18 04:55,76939.5,76952.03125,76935.00781,76949.3125,0
2026-05-18 04:56,76961.99219,76964.85938,76932.67969,76939.14844,0
2026-05-18 04:57,76982.02344,76983.97656,76966.96094,76966.96094,0
2026-05-18 04:58,76992.71875,76992.71875,76974.07812,76974.07812,0
2026-05-18 04:59,76988.10938,77020.11719,76988.10938,76994.0,0
2026-05-18 05:00,76997.21875,77027.21875,76993.20312,76993.97656,0
2026-05-18 05:01,76968.88281,76993.20312,76958.21094,76993.20312,0
2026-05-18 05:02,76963.35938,76986.36719,76957.3125,76977.79688,3774464
2026-05-18 05:03,76961.09375,76969.32812,76961.07812,76963.35156,0
2026-05-18 05:04,76996.47656,76998.17969,76953.9375,76955.89844,0
2026-05-18 05:05,76983.82031,77002.53906,76967.92188,77002.53906,974848
2026-05-18 05:06,76993.88281,76993.99219,76977.32812,76983.82812,33642496
2026-05-18 05:07,76978.59375,76998.11719,76978.59375,76993.88281,6363136
2026-05-18 05:08,76973.57812,76979.45312,76966.00781,76975.64844,0
2026-05-18 05:09,76989.04688,76990.14062,76966.02344,76966.02344,47415296
2026-05-18 05:10,77019.63281,77019.63281,76992.59375,76992.59375,0
2026-05-18 05:11,77023.70312,77032.46094,77011.00781,77011.00781,2480128
2026-05-18 05:12,77018.17969,77027.38281,77009.5,77027.38281,0
2026-05-18 05:13,76991.14844,77019.64844,76991.14844,77019.64844,655360
2026-05-18 05:14,76986.3125,76991.99219,76972.57812,76991.99219,0
2026-05-18 05:15,76924.04688,76968.65625,76924.04688,76968.65625,0
2026-05-18 05:16,76890.0,76924.0625,76889.22656,76919.78125,0
2026-05-18 05:17,76906.97656,76918.53906,76880.0,76880.0,329728
2026-05-18 05:18,76911.22656,76911.22656,76885.61719,76902.71094,64956416
2026-05-18 05:19,76940.72656,76943.67969,76918.03906,76918.04688,346112
2026-05-18 05:20,76941.14062,76981.04688,76940.72656,76940.72656,0
2026-05-18 05:21,76958.21094,76981.15625,76951.42969,76951.42969,0
2026-05-18 05:22,76950.29688,76953.95312,76939.59375,76953.95312,26456064
2026-05-18 05:23,76954.92969,76976.1875,76954.92969,76962.85156,3618816
2026-05-18 05:24,76986.53906,76986.53906,76954.92969,76954.92969,57878528
2026-05-18 05:25,76958.20312,76985.63281,76958.20312,76979.8125,0
2026-05-18 05:26,76994.27344,76994.27344,76962.64844,76962.64844,0
2026-05-18 05:27,77013.04688,77013.04688,76994.25781,76994.25781,3065856
2026-05-18 05:28,76991.99219,77012.34375,76991.74219,77011.54688,0
2026-05-18 05:29,76988.04688,76995.20312,76980.0,76992.0,0
2026-05-18 05:30,77012.45312,77023.8125,77004.64844,77004.64844,24399872
2026-05-18 05:31,76985.46094,77004.0,76970.42969,77004.0,0
2026-05-18 05:32,76979.57812,77000.0,76971.97656,76977.70312,1568768
2026-05-18 05:33,76975.4375,76993.99219,76975.4375,76978.0,8798208
2026-05-18 05:34,76962.47656,76986.96094,76962.47656,76970.15625,0
2026-05-18 05:35,76951.78125,76958.20312,76936.67188,76958.20312,2553856
2026-05-18 05:36,76971.46094,76992.89062,76948.53906,76948.53906,0
2026-05-18 05:37,76949.67188,76984.02344,76949.67188,76975.52344,0
2026-05-18 05:38,76964.84375,76964.84375,76941.14062,76949.67969,3012608
2026-05-18 05:39,76969.57812,76969.57812,76956.64844,76959.45312,43163648
2026-05-18 05:40,76959.88281,76965.27344,76932.59375,76949.67969,0
2026-05-18 05:41,76877.71094,76945.40625,76872.82031,76945.40625,0
2026-05-18 05:42,76852.99219,76889.88281,76847.1875,76882.0,26765312
2026-05-18 05:43,76928.3125,76928.3125,76860.88281,76860.88281,1925120
2026-05-18 05:44,76859.99219,76933.27344,76853.49219,76933.27344,2531328
2026-05-18 05:45,76859.99219,76860.0,76845.0,76845.0,0
2026-05-18 05:46,76898.96875,76907.92969,76860.0,76860.0,4794368
2026-05-18 05:47,76932.32031,76934.21875,76889.57031,76889.57031,0
2026-05-18 05:48,76900.00781,76926.96094,76900.00781,76919.78906,0
2026-05-18 05:49,76899.97656,76900.0,76872.95312,76900.0,1957888
2026-05-18 05:50,76899.45312,76899.99219,76897.82812,76899.99219,10108928
2026-05-18 05:51,76864.45312,76897.85938,76859.99219,76897.85938,93478912
2026-05-18 05:52,76897.5,76897.5,76858.42188,76859.99219,0
2026-05-18 05:53,76889.88281,76897.22656,76873.53125,76897.22656,0
2026-05-18 05:54,76894.15625,76905.09375,76879.99219,76889.15625,20563968
2026-05-18 05:55,76876.96875,76894.17188,76870.22656,76894.17188,2893824
2026-05-18 05:56,76889.14844,76889.14844,76864.27344,76864.28125,1847296
2026-05-18 05:57,76885.63281,76898.42969,76883.78125,76887.60938,0
2026-05-18 05:58,76852.46875,76881.35156,76852.46875,76881.35156,111728640
2026-05-18 05:59,76872.8125,76872.8125,76837.61719,76847.1875,1667072
2026-05-18 06:00,76897.35156,76900.0,76859.0,76868.53906,9433088
2026-05-18 06:01,76886.52344,76894.39062,76881.36719,76894.39062,1861632
2026-05-18 06:02,76898.4375,76909.50781,76886.53906,76886.53906,0
2026-05-18 06:03,76873.46875,76889.89844,76873.46875,76889.89844,1529856
2026-05-18 06:04,76836.45312,76886.90625,76836.45312,76875.60938,22732800
2026-05-18 06:05,76775.00781,76817.92969,76775.0,76800.0,0
2026-05-18 06:06,76739.25781,76759.04688,76702.02344,76759.04688,39593984
2026-05-18 06:07,76748.34375,76762.67188,76737.39062,76739.99219,2508800
2026-05-18 06:08,76693.46875,76724.89062,76660.38281,76677.0,0
2026-05-18 06:09,76667.85156,76706.00781,76667.85156,76695.95312,53573632
2026-05-18 06:10,76631.61719,76682.35156,76540.03906,76667.85156,1101824
2026-05-18 06:11,76727.61719,76727.61719,76630.14062,76646.74219,15130624
2026-05-18 06:12,76764.97656,76764.97656,76719.10156,76733.97656,38596608
2026-05-18 06:13,76791.6875,76804.0,76778.86719,76778.86719,0
2026-05-18 06:14,76832.07031,76835.92969,76771.82031,76780.71094,16734208
2026-05-18 06:15,76909.88281,76915.5,76808.75781,76832.97656,139126784
2026-05-18 06:16,76913.10938,76920.71875,76905.72656,76905.72656,4896768
2026-05-18 06:17,76814.64062,76903.57812,76810.32812,76903.57812,7892992
2026-05-18 06:18,76781.04688,76787.96094,76752.63281,76787.96094,0
2026-05-18 06:19,76776.28906,76783.02344,76761.85938,76767.53125,59957248
2026-05-18 06:20,76740.0,76753.25,76670.0,76753.25,13113344
2026-05-18 06:21,76754.24219,76769.92188,76719.10156,76769.92188,32667648
2026-05-18 06:22,76764.42969,76783.14062,76743.14062,76754.24219,3946496
2026-05-18 06:23,76766.0625,76767.24219,76750.07812,76767.24219,7168000
2026-05-18 06:24,76736.17969,76778.86719,76736.17969,76778.86719,0
2026-05-18 06:25,76714.82031,76756.82031,76714.82031,76743.45312,45993984
2026-05-18 06:26,76687.46094,76710.54688,76687.46094,76706.28125,1427456
2026-05-18 06:27,76703.21875,76703.21875,76678.0,76678.0,178251776
2026-05-18 06:28,76686.86719,76711.95312,76686.86719,76698.52344,13301760
2026-05-18 06:29,76689.20312,76702.00781,76682.03125,76686.88281,0
2026-05-18 06:30,76646.42188,76682.03906,76642.22656,76682.03906,0
2026-05-18 06:31,76666.17188,76666.1875,76618.52344,76643.72656,0
2026-05-18 06:32,76695.50781,76695.50781,76667.10938,76670.92188,1980416
2026-05-18 06:33,76727.42969,76727.42969,76694.63281,76706.28125,53344256
2026-05-18 06:34,76721.99219,76735.0,76714.82812,76727.42969,0
2026-05-18 06:35,76761.78125,76761.78125,76723.60938,76724.99219,2445312
2026-05-18 06:36,76744.71094,76793.14062,76744.71094,76769.99219,43644928
2026-05-18 06:37,76702.38281,76740.45312,76695.99219,76740.45312,0
2026-05-18 06:38,76727.61719,76727.63281,76713.3125,76713.3125,8298496
2026-05-18 06:39,76674.09375,76697.74219,76668.82812,76697.74219,0
2026-05-18 06:40,76731.89062,76731.89062,76680.00781,76680.00781,45137920
2026-05-18 06:41,76746.14062,76746.14062,76734.60156,76746.13281,3766272
2026-05-18 06:42,76741.9375,76756.0,76741.9375,76746.13281,51738624
2026-05-18 06:43,76761.99219,76763.54688,76741.9375,76741.9375,0
2026-05-18 06:44,76774.59375,76774.59375,76759.99219,76771.42969,9566208
2026-05-18 06:45,76813.02344,76827.99219,76785.42188,76794.3125,0
2026-05-18 06:46,76848.65625,76851.46094,76808.75,76813.02344,32190464
2026-05-18 06:47,76859.6875,76859.6875,76838.65625,76849.07812,1347584
2026-05-18 06:48,76891.67188,76902.70312,76860.00781,76860.00781,8556544
2026-05-18 06:49,76872.82031,76891.46875,76872.8125,76891.46875,13373440
2026-05-18 06:50,76867.07031,76867.07031,76852.10938,76866.46094,0
2026-05-18 06:51,76857.15625,76867.07031,76855.75781,76867.0625,0
2026-05-18 06:52,76864.0,76864.0,76844.90625,76855.74219,9025536
2026-05-18 06:53,76804.49219,76864.27344,76804.49219,76864.27344,700416
2026-05-18 06:54,76842.90625,76842.90625,76804.15625,76804.49219,0
2026-05-18 06:55,76870.32031,76874.79688,76844.9375,76844.9375,0
2026-05-18 06:56,76885.60156,76885.60156,76856.53906,76864.85156,3082240
2026-05-18 06:57,76894.15625,76904.0,76877.07812,76885.60156,0
2026-05-18 06:58,76864.5625,76897.60938,76864.5625,76897.60938,7331840
2026-05-18 06:59,76865.47656,76865.47656,76851.46094,76864.5625,2119680
2026-05-18 07:00,76919.78125,76936.0,76889.89844,76895.0,194068480
2026-05-18 07:01,76924.04688,76935.96875,76924.04688,76935.96875,0
2026-05-18 07:02,76942.61719,76942.61719,76926.35156,76926.35156,2795520
2026-05-18 07:03,76933.99219,76945.14062,76933.99219,76933.99219,43126784
2026-05-18 07:04,76916.11719,76933.89844,76906.96875,76933.89844,16154624
2026-05-18 07:05,76904.0,76919.78125,76904.0,76917.02344,1968128
2026-05-18 07:06,76915.49219,76919.77344,76906.65625,76908.79688,0
2026-05-18 07:07,76888.36719,76915.5,76888.36719,76913.95312,87197696
2026-05-18 07:08,76906.96875,76906.96875,76891.96875,76891.97656,624640
2026-05-18 07:09,76907.79688,76907.79688,76881.35156,76903.21094,0
2026-05-18 07:10,76852.79688,76902.70312,76852.79688,76883.25781,31358976
2026-05-18 07:11,76849.21094,76851.46094,76825.84375,76830.10938,0
2026-05-18 07:12,76867.52344,76867.52344,76843.14062,76848.40625,47216640
2026-05-18 07:13,76894.0,76902.6875,76861.20312,76861.20312,3934208
2026-05-18 07:14,76895.50781,76911.90625,76880.0,76881.35156,0
2026-05-18 07:15,76864.27344,76902.6875,76864.27344,76887.32812,29810688
2026-05-18 07:16,76848.3125,76860.0,76825.84375,76842.92188,0
2026-05-18 07:17,76851.46094,76861.53906,76848.32031,76848.32031,7151616
2026-05-18 07:18,76810.29688,76852.89062,76808.77344,76851.46875,89667584
2026-05-18 07:19,76787.40625,76810.29688,76787.40625,76810.29688,917504
2026-05-18 07:20,76734.04688,76770.32812,76734.04688,76770.32812,2537472
2026-05-18 07:21,76753.24219,76753.25,76717.86719,76727.63281,81971200
2026-05-18 07:22,76773.85156,76783.14062,76748.97656,76766.0625,0
2026-05-18 07:23,76773.70312,76791.67188,76770.34375,76791.67188,0
2026-05-18 07:24,76777.14844,76786.00781,76762.72656,76773.70312,0
2026-05-18 07:25,76855.25,76859.99219,76783.14844,76783.14844,15773696
2026-05-18 07:26,76990.92188,76990.92188,76872.8125,76872.8125,4694016
2026-05-18 07:27,76979.5625,77020.13281,76962.67969,77020.13281,0
2026-05-18 07:28,76970.70312,76983.27344,76948.35156,76971.09375,28979200
2026-05-18 07:29,76986.70312,76992.36719,76960.25781,76962.0,3319808
2026-05-18 07:30,76960.25781,77000.90625,76960.25781,76988.24219,54605824
2026-05-18 07:31,76987.71094,76987.71094,76962.97656,76962.97656,5367808
2026-05-18 07:32,77004.86719,77030.78906,76992.36719,76992.36719,0
2026-05-18 07:33,77013.00781,77022.25781,77004.52344,77004.52344,23283712
2026-05-18 07:34,77011.97656,77017.99219,77001.0,77009.45312,3284992
2026-05-18 07:35,76979.20312,77009.28125,76971.03125,77009.28125,4810752
2026-05-18 07:36,76975.28906,76992.35938,76971.02344,76971.03125,243038208
2026-05-18 07:37,76971.02344,76979.5625,76945.39844,76973.86719,5289984
2026-05-18 07:38,76961.6875,76978.5,76961.6875,76971.02344,0
2026-05-18 07:39,76950.9375,76955.50781,76941.14062,76949.67188,160280576
2026-05-18 07:40,76965.5,76968.90625,76943.84375,76943.84375,1755136
2026-05-18 07:41,76936.39844,76968.89844,76915.52344,76968.89844,2330624
2026-05-18 07:42,76904.88281,76924.07812,76892.57812,76924.04688,37054464
2026-05-18 07:43,76899.5625,76909.64062,76886.5625,76909.64062,0
2026-05-18 07:44,76914.77344,76914.77344,76877.09375,76907.99219,6905856
2026-05-18 07:45,76979.54688,76979.54688,76914.77344,76914.77344,48367616
2026-05-18 07:46,76956.40625,76988.09375,76953.95312,76979.5625,2871296
2026-05-18 07:47,76965.75,76975.20312,76958.21094,76964.99219,10600448
2026-05-18 07:48,76993.82031,77000.90625,76964.0,76965.75,0
2026-05-18 07:49,76977.63281,76991.5,76977.63281,76991.5,111085568
2026-05-18 07:50,76962.47656,76979.46875,76947.10938,76979.46094,8355840
2026-05-18 07:51,76975.28906,76988.09375,76962.46875,76962.46875,127264768
2026-05-18 07:52,76988.20312,76992.35938,76975.28906,76975.28906,3780608
2026-05-18 07:53,77000.89062,77000.89062,76988.21094,76988.21094,0
2026-05-18 07:54,76992.39062,77014.9375,76992.39062,77000.89062,5625856
2026-05-18 07:55,76988.92188,77001.60156,76983.32031,76994.90625,79925248
2026-05-18 07:56,77005.17188,77029.64844,76981.57031,76981.57031,2795520
2026-05-18 07:57,76993.75781,77020.79688,76993.75,77016.61719,70381568
2026-05-18 07:58,77020.78906,77029.59375,77004.0,77004.0,4124672
2026-05-18 07:59,77021.46875,77024.15625,77010.64844,77010.64844,0
2026-05-18 08:00,77047.89062,77060.0,77035.0625,77035.0625,111144960
2026-05-18 08:01,77047.89062,77058.90625,77044.40625,77044.40625,8431616
2026-05-18 08:02,77029.89062,77049.09375,77013.0625,77032.0,2310144
2026-05-18 08:03,77030.67188,77054.99219,77030.67188,77034.1875,0
2026-05-18 08:04,77100.0,77100.0,77030.65625,77030.65625,0
2026-05-18 08:05,77068.60938,77120.03906,77068.60938,77112.3125,1269760
2026-05-18 08:06,77061.54688,77095.78125,77059.3125,77078.89844,139347968
2026-05-18 08:07,77074.0,77115.0,77063.03906,77063.03906,2162688
2026-05-18 08:08,77092.25,77107.32031,77081.02344,77083.99219,7231488
2026-05-18 08:09,77054.67188,77080.54688,77051.17969,77080.54688,0
2026-05-18 08:10,77018.99219,77059.27344,77017.61719,77054.14844,0
2026-05-18 08:11,77003.10938,77024.99219,77003.10938,77018.97656,19212288
2026-05-18 08:12,77008.57812,77016.02344,77000.0,77000.00781,134252544
2026-05-18 08:13,76976.38281,77024.0,76976.38281,77003.39844,2416640
2026-05-18 08:14,76984.8125,76989.04688,76965.09375,76985.85938,5421056
2026-05-18 08:15,76950.99219,76978.89844,76947.89062,76968.24219,0
2026-05-18 08:16,76990.02344,76990.02344,76940.21094,76940.21094,22272000
2026-05-18 08:17,76957.21875,76986.04688,76953.29688,76983.59375,16726016
2026-05-18 08:18,76960.71875,76970.92969,76953.3125,76957.22656,85874688
2026-05-18 08:19,76953.71094,76980.27344,76950.74219,76967.36719,7636992
2026-05-18 08:20,76986.36719,76986.36719,76943.02344,76947.59375,0
2026-05-18 08:21,76984.95312,77012.96875,76984.60156,76986.36719,144580608
2026-05-18 08:22,76919.57031,76986.59375,76911.4375,76986.59375,4489216
2026-05-18 08:23,76933.5625,76933.5625,76900.90625,76906.82812,0
2026-05-18 08:24,76928.50781,76933.5625,76920.14844,76926.24219,1824768
2026-05-18 08:25,76938.29688,76943.46875,76928.90625,76933.57812,50423808
2026-05-18 08:26,76951.39844,76961.59375,76942.78125,76943.46875,7868416
2026-05-18 08:27,76947.78125,76966.27344,76947.78125,76966.25781,27535360
2026-05-18 08:28,76951.85938,76963.99219,76947.92188,76949.6875,1099776
2026-05-18 08:29,76916.6875,76971.79688,76916.6875,76954.52344,2074624
2026-05-18 08:30,76915.34375,76933.57812,76910.22656,76922.09375,0
2026-05-18 08:31,76882.21094,76902.0,76877.97656,76884.96094,18335744
2026-05-18 08:32,76898.74219,76898.74219,76860.0,76880.45312,3905536
2026-05-18 08:33,76915.99219,76928.89844,76905.5625,76905.5625,54210560
2026-05-18 08:34,76932.96094,76938.24219,76907.49219,76910.22656,0
2026-05-18 08:35,76885.34375,76930.22656,76885.34375,76930.22656,3205120
2026-05-18 08:36,76832.03125,76878.28125,76832.03125,76878.27344,0
2026-05-18 08:37,76863.25781,76864.47656,76830.85156,76830.85156,61171712
2026-05-18 08:38,76854.1875,76882.20312,76854.1875,76871.0,0
2026-05-18 08:39,76875.4375,76879.99219,76854.1875,76854.1875,23642112
2026-05-18 08:40,76887.47656,76887.47656,76866.42188,76866.42188,1105920
2026-05-18 08:41,76864.34375,76885.22656,76859.28125,76885.22656,0
2026-05-18 08:42,76905.02344,76905.52344,76896.0,76900.65625,23252992
2026-05-18 08:43,76887.67969,76909.25781,76887.67969,76909.25781,2975744
2026-05-18 08:44,76893.52344,76899.02344,76891.32031,76899.02344,1114112
2026-05-18 08:45,76924.03125,76926.8125,76882.21094,76897.92188,29220864
2026-05-18 08:46,76926.8125,76926.8125,76909.25781,76909.25781,0
2026-05-18 08:47,76902.34375,76926.79688,76891.57812,76926.79688,11149312
2026-05-18 08:48,76861.88281,76894.96875,76861.88281,76894.96875,3807232
2026-05-18 08:49,76867.28125,76867.28125,76835.50781,76859.07812,743424
2026-05-18 08:50,76909.5,76914.89844,76867.28906,76867.28906,3635200
2026-05-18 08:51,76923.38281,76923.39062,76882.21094,76909.85156,56188928
2026-05-18 08:52,76922.28125,76922.28125,76905.02344,76910.25,0
2026-05-18 08:53,76943.67969,76944.89062,76914.89062,76914.89062,13699072
2026-05-18 08:54,76956.14062,76969.97656,76947.10938,76952.25,78350336
2026-05-18 08:55,76940.00781,76969.61719,76940.00781,76956.14844,3241984
2026-05-18 08:56,76970.77344,76970.92969,76940.0,76940.0,2752512
2026-05-18 08:57,76946.61719,76970.77344,76935.75,76970.77344,0
2026-05-18 08:58,76970.92969,76970.92969,76947.59375,76947.59375,58187776
2026-05-18 08:59,76972.07812,76986.34375,76970.92969,76970.92969,8630272
2026-05-18 09:00,76980.04688,76994.28125,76972.07812,76972.07812,0
2026-05-18 09:01,76991.57031,76991.57031,76980.04688,76980.04688,1091584
2026-05-18 09:02,76925.78125,76980.03906,76924.29688,76980.03906,0
2026-05-18 09:03,76941.75,76941.75,76921.00781,76925.78125,0
2026-05-18 09:04,76889.21094,76934.24219,76882.21094,76934.24219,999424
2026-05-18 09:05,76848.32031,76887.99219,76842.96875,76884.96875,2177024
2026-05-18 09:06,76870.46875,76891.00781,76851.32031,76851.32031,0
2026-05-18 09:07,76890.17188,76890.88281,76872.82812,76872.82812,0
2026-05-18 09:08,76891.54688,76903.03906,76890.15625,76890.15625,0
2026-05-18 09:09,76876.21875,76884.02344,76872.86719,76879.5,0
2026-05-18 09:10,76838.65625,76874.96094,76835.50781,76874.95312,50905088
2026-05-18 09:11,76842.65625,76844.85156,76819.11719,76829.03906,3430400
2026-05-18 09:12,76864.34375,76874.92969,76857.71875,76857.72656,119767040
2026-05-18 09:13,76871.11719,76872.85938,76851.04688,76862.82812,0
2026-05-18 09:14,76849.53906,76877.53125,76849.53125,76877.53125,0
2026-05-18 09:15,76886.88281,76886.88281,76841.28125,76841.28125,44242944
2026-05-18 09:16,76897.60156,76910.22656,76897.04688,76897.10938,2220032
2026-05-18 09:17,76901.85156,76910.22656,76893.07812,76897.59375,1441792
2026-05-18 09:18,76886.50781,76890.5625,76879.49219,76881.46875,0
2026-05-18 09:19,76859.5625,76891.54688,76854.20312,76884.29688,17174528
2026-05-18 09:20,76883.92188,76886.60156,76872.46875,76874.96094,14229504
2026-05-18 09:21,76908.00781,76920.25781,76883.90625,76883.90625,0
2026-05-18 09:22,76907.21875,76914.89062,76898.14062,76900.88281,0
2026-05-18 09:23,76896.78125,76911.53125,76896.78125,76908.77344,30799872
2026-05-18 09:24,76922.84375,76922.85156,76896.78125,76896.78906,3885056
2026-05-18 09:25,76917.13281,76917.74219,76898.13281,76912.00781,1361920
2026-05-18 09:26,76897.07812,76925.64844,76895.53906,76925.64844,0
2026-05-18 09:27,76885.28906,76887.27344,76868.03125,76887.27344,0
2026-05-18 09:28,76919.49219,76919.5,76886.88281,76886.88281,0
2026-05-18 09:29,76913.28906,76931.10938,76913.28125,76913.28906,0
2026-05-18 09:30,76871.57812,76901.99219,76870.0625,76895.53125,155516928
2026-05-18 09:31,76874.0,76881.07031,76844.85938,76871.57031,425984
2026-05-18 09:32,76874.0,76874.00781,76851.82812,76869.07031,1071104
2026-05-18 09:33,76858.88281,76876.39062,76858.88281,76876.39062,0
2026-05-18 09:34,76912.71094,76914.89844,76858.86719,76858.86719,0
2026-05-18 09:35,76940.0,76940.0,76919.60156,76919.60156,299008
2026-05-18 09:36,76952.17969,76966.00781,76935.75781,76939.99219,26165248
2026-05-18 09:37,76936.03125,76952.17969,76926.52344,76942.17188,1961984
2026-05-18 09:38,76949.9375,76951.72656,76935.0,76936.03906,4546560
2026-05-18 09:39,76947.17969,76950.63281,76929.97656,76949.9375,0
2026-05-18 09:40,76929.99219,76947.17969,76929.99219,76947.17969,0
2026-05-18 09:41,76938.00781,76938.02344,76919.24219,76926.8125,0
2026-05-18 09:42,76901.00781,76938.0,76901.00781,76938.0,198948864
2026-05-18 09:43,76911.4375,76911.4375,76892.5,76892.5,0
2026-05-18 09:44,76901.21094,76911.4375,76896.25781,76911.42969,0
2026-05-18 09:45,76891.89844,76909.03125,76876.67969,76905.70312,43757568
2026-05-18 09:46,76928.32812,76933.57812,76891.90625,76891.90625,0
2026-05-18 09:47,76936.25781,76936.27344,76929.92969,76936.27344,3534848
2026-05-18 09:48,76919.27344,76943.8125,76915.02344,76936.25781,89698304
2026-05-18 09:49,76910.96875,76942.60938,76910.96875,76920.27344,1724416
2026-05-18 09:50,76930.96875,76944.57812,76915.35156,76915.35156,0
2026-05-18 09:51,76904.39062,76931.46094,76904.39062,76931.46094,0
2026-05-18 09:52,76883.11719,76901.15625,76875.40625,76891.21875,0
2026-05-18 09:53,76872.60938,76882.70312,76869.49219,76882.20312,8957952
2026-05-18 09:54,76872.86719,76878.45312,76860.72656,76872.60938,129024
2026-05-18 09:55,76879.28906,76881.03906,76872.61719,76872.85938,0
2026-05-18 09:56,76885.42969,76891.54688,76879.8125,76879.8125,0
2026-05-18 09:57,76876.86719,76885.4375,76873.38281,76885.4375,51068928
2026-05-18 09:58,76887.14062,76887.14062,76876.86719,76876.86719,0
2026-05-18 09:59,76884.85156,76887.13281,76884.70312,76887.13281,577536
2026-05-18 10:00,76880.85156,76900.32031,76879.32812,76897.50781,0
2026-05-18 10:01,76886.65625,76895.72656,76882.21094,76886.88281,11528192
2026-05-18 10:02,76880.17969,76892.20312,76864.20312,76891.61719,71680
2026-05-18 10:03,76866.17188,76880.1875,76866.17188,76880.1875,0
2026-05-18 10:04,76822.03906,76866.96094,76808.42969,76866.15625,0
2026-05-18 10:05,76806.79688,76806.79688,76735.0,76805.0,0
2026-05-18 10:06,76795.77344,76834.03125,76792.42969,76814.0,1968128
2026-05-18 10:07,76756.84375,76792.10938,76756.84375,76792.10938,525453312
2026-05-18 10:08,76782.07812,76814.00781,76782.07812,76788.54688,0
2026-05-18 10:09,76795.96875,76797.32812,76785.50781,76793.47656,0
2026-05-18 10:10,76779.47656,76807.03125,76779.47656,76793.03125,4200448
2026-05-18 10:11,76784.14844,76798.14062,76784.14062,76792.04688,0
2026-05-18 10:12,76738.15625,76784.47656,76732.86719,76784.14844,0
2026-05-18 10:13,76755.71094,76755.71094,76724.02344,76741.96875,0
2026-05-18 10:14,76737.82812,76753.5,76723.42969,76753.5,0
2026-05-18 10:15,76711.90625,76728.10156,76707.89062,76728.10156,0
2026-05-18 10:16,76713.8125,76717.61719,76711.89844,76711.89844,0
2026-05-18 10:17,76693.99219,76736.61719,76693.99219,76717.88281,0
2026-05-18 10:18,76709.42188,76722.0,76687.90625,76687.90625,0
2026-05-18 10:19,76710.96875,76718.0,76709.42969,76709.42969,0
2026-05-18 10:20,76723.40625,76723.40625,76702.32031,76710.96875,0
2026-05-18 10:21,76676.32031,76723.40625,76676.32031,76723.40625,0
2026-05-18 10:22,76684.67969,76685.97656,76662.71875,76678.00781,0
2026-05-18 10:23,76743.53906,76743.53906,76690.34375,76690.35156,256000
2026-05-18 10:24,76711.97656,76732.78906,76711.97656,76732.78906,93954048
2026-05-18 10:25,76739.02344,76746.78125,76711.99219,76711.99219,301056
2026-05-18 10:26,76781.99219,76781.99219,76737.15625,76740.5625,5113856
2026-05-18 10:27,76756.11719,76757.67188,76743.84375,76757.67188,0
2026-05-18 10:28,76754.42188,76760.34375,76754.40625,76760.34375,9136128
2026-05-18 10:29,76768.1875,76768.1875,76754.40625,76754.40625,0
2026-05-18 10:30,76795.78125,76811.97656,76774.79688,76774.79688,1015808
2026-05-18 10:31,76795.54688,76807.49219,76774.97656,76795.77344,0
2026-05-18 10:32,76792.35938,76810.20312,76787.92188,76787.92188,0
2026-05-18 10:33,76791.75,76794.46094,76771.60938,76789.57031,0
2026-05-18 10:34,76755.84375,76793.29688,76755.84375,76791.75,0
2026-05-18 10:35,76723.60938,76764.03906,76721.3125,76754.49219,13307904
2026-05-18 10:36,76748.3125,76749.99219,76716.5,76716.5,0
2026-05-18 10:37,76765.25781,76776.32031,76743.86719,76748.3125,0
2026-05-18 10:38,76782.00781,76792.46875,76769.60938,76773.17969,2842624
2026-05-18 10:39,76769.40625,76786.24219,76769.40625,76783.57812,0
2026-05-18 10:40,76791.79688,76797.67188,76768.34375,76768.34375,739328
2026-05-18 10:41,76791.96094,76806.78906,76787.15625,76798.14062,1218560
2026-05-18 10:42,76754.57812,76791.95312,76741.54688,76791.95312,152539136
2026-05-18 10:43,76759.32812,76761.85156,76757.96094,76759.78125,0
2026-05-18 10:44,76766.84375,76766.85156,76751.9375,76751.9375,0
2026-05-18 10:45,76801.32031,76804.52344,76790.64062,76799.97656,0
2026-05-18 10:46,76811.78906,76825.0,76810.0,76810.0,0
2026-05-18 10:47,76843.53125,76846.50781,76814.47656,76814.47656,32768
2026-05-18 10:48,76839.95312,76843.50781,76835.04688,76835.52344,0
2026-05-18 10:49,76793.99219,76852.03906,76789.75781,76841.45312,0
2026-05-18 10:50,76771.39062,76794.0,76770.14062,76794.0,1030144
2026-05-18 10:51,76811.4375,76811.60156,76773.90625,76773.90625,138838016
2026-05-18 10:52,76803.77344,76811.4375,76801.65625,76811.42969,481280
2026-05-18 10:53,76779.95312,76802.42969,76779.95312,76800.46094,0
2026-05-18 10:54,76769.97656,76787.10156,76766.97656,76779.96094,8953856
2026-05-18 10:55,76767.13281,76770.75781,76767.13281,76768.4375,0
2026-05-18 10:56,76784.49219,76784.49219,76767.45312,76770.75781,0
2026-05-18 10:57,76756.0,76784.49219,76756.0,76784.47656,4132864
2026-05-18 10:58,76742.10938,76760.97656,76742.10938,76760.96875,0
2026-05-18 10:59,76717.25781,76745.99219,76715.79688,76737.45312,0
2026-05-18 11:00,76681.40625,76742.34375,76676.78125,76729.8125,3344384
2026-05-18 11:01,76696.40625,76696.46875,76677.97656,76680.75,0
2026-05-18 11:02,76708.46094,76708.57812,76672.07031,76696.42188,3010560
2026-05-18 11:03,76698.02344,76713.07812,76697.97656,76701.14844,0
2026-05-18 11:04,76704.07812,76717.09375,76692.97656,76698.02344,0
2026-05-18 11:05,76693.90625,76710.70312,76693.90625,76709.40625,0
2026-05-18 11:06,76660.00781,76699.17969,76645.96094,76693.92188,237451264
2026-05-18 11:07,76689.36719,76694.89844,76649.96094,76649.96094,2287616
2026-05-18 11:08,76698.27344,76700.07812,76678.70312,76691.57031,380928
2026-05-18 11:09,76645.97656,76705.71875,76645.97656,76698.25781,0
2026-05-18 11:10,76682.25,76697.97656,76608.07031,76648.60938,0
2026-05-18 11:11,76712.86719,76714.09375,76680.46875,76682.21094,3737600
2026-05-18 11:12,76705.97656,76718.75781,76705.42188,76712.85938,0
2026-05-18 11:13,76717.72656,76721.40625,76708.67188,76708.67188,6311936
2026-05-18 11:14,76707.72656,76717.72656,76704.89844,76708.14844,0
2026-05-18 11:15,76702.1875,76703.54688,76700.40625,76700.40625,122109952
2026-05-18 11:16,76717.89844,76728.10156,76702.1875,76715.8125,0
2026-05-18 11:17,76745.97656,76750.49219,76717.89844,76717.89844,0
2026-05-18 11:18,76767.9375,76767.95312,76737.45312,76737.45312,56125440
2026-05-18 11:19,76784.14062,76792.54688,76776.21094,76776.21094,0
2026-05-18 11:20,76763.95312,76774.78906,76758.57812,76768.07812,0
2026-05-18 11:21,76772.34375,76781.53125,76762.90625,76762.90625,0
2026-05-18 11:22,76758.0625,76772.32812,76758.04688,76772.32812,1595392
2026-05-18 11:23,76763.82031,76763.82031,76758.04688,76758.04688,3862528
2026-05-18 11:24,76801.28125,76801.28125,76755.11719,76763.82031,0
2026-05-18 11:25,76805.32812,76807.32031,76797.86719,76798.28125,0
2026-05-18 11:26,76802.96875,76822.24219,76802.96875,76819.03125,0
2026-05-18 11:27,76803.02344,76810.50781,76802.96875,76802.97656,10158080
2026-05-18 11:28,76785.89062,76792.74219,76785.88281,76790.35156,0
2026-05-18 11:29,76766.17188,76792.21094,76766.17188,76792.21094,2416640
2026-05-18 11:30,76743.75781,76774.07812,76743.75781,76766.17188,0
2026-05-18 11:31,76763.70312,76763.75,76734.57031,76737.45312,0
2026-05-18 11:32,76778.02344,76788.61719,76760.46875,76760.46875,0
2026-05-18 11:33,76853.40625,76853.40625,76742.14844,76771.24219,203532288
2026-05-18 11:34,76906.92969,76913.17188,76834.04688,76834.04688,7063552
2026-05-18 11:35,76911.0625,76914.39844,76894.50781,76902.67969,0
2026-05-18 11:36,76872.75,76928.10156,76872.75,76928.10156,3207168
2026-05-18 11:37,76846.10938,76871.21875,76846.10938,76871.21875,0
2026-05-18 11:38,76873.57031,76874.39844,76851.95312,76851.95312,11243520
2026-05-18 11:39,77049.90625,77056.21094,76869.34375,76869.34375,0
2026-05-18 11:40,77147.14844,77243.6875,77120.10938,77129.14844,2938880
2026-05-18 11:41,77299.14062,77347.57031,77151.03906,77151.03906,0
2026-05-18 11:42,77264.02344,77333.75,77235.97656,77333.75,92194816
2026-05-18 11:43,77244.84375,77290.07812,77244.84375,77277.10938,29716480
2026-05-18 11:44,77307.90625,77311.85156,77260.02344,77260.02344,15951872
2026-05-18 11:45,77257.90625,77325.84375,77246.46875,77325.84375,198553600
2026-05-18 11:46,77246.75,77266.35156,77246.75,77259.11719,0
2026-05-18 11:47,77214.92188,77244.79688,77214.92188,77244.79688,103587840
2026-05-18 11:48,77204.53906,77232.45312,77204.53906,77227.78125,0
2026-05-18 11:49,77241.79688,77241.79688,77205.03125,77205.03125,0
2026-05-18 11:50,77190.46094,77246.0625,77190.46094,77246.0625,6881280
2026-05-18 11:51,77191.32812,77229.21094,77191.32812,77195.96094,0
2026-05-18 11:52,77186.02344,77190.0,77167.07812,77185.21094,89200640
2026-05-18 11:53,77196.74219,77213.82031,77183.9375,77190.40625,3457024
2026-05-18 11:54,77253.36719,77265.14062,77195.8125,77195.8125,114468864
2026-05-18 11:55,77269.86719,77269.86719,77232.46875,77244.82812,2861056
2026-05-18 11:56,77242.57031,77273.89062,77230.00781,77273.89062,1193984
2026-05-18 11:57,77229.29688,77261.46094,77229.29688,77236.34375,0
2026-05-18 11:58,77245.45312,77256.38281,77221.09375,77221.92969,38375424
2026-05-18 11:59,77238.50781,77247.88281,77232.46875,77241.42969,10477568
2026-05-18 12:00,77281.07812,77281.07812,77234.85156,77251.60156,27676672
2026-05-18 12:01,77336.28125,77438.49219,77309.36719,77309.36719,1284096
2026-05-18 12:02,77381.70312,77424.36719,77363.42188,77369.36719,0
2026-05-18 12:03,77249.90625,77356.96875,77249.90625,77341.42969,589824
2026-05-18 12:04,77227.64062,77287.20312,77227.64062,77246.00781,0
2026-05-18 12:05,77294.25781,77303.99219,77237.14062,77252.13281,7018496
2026-05-18 12:06,77326.03906,77344.45312,77311.84375,77311.84375,145319936
2026-05-18 12:07,77422.07031,77437.92969,77344.45312,77344.45312,0
2026-05-18 12:08,77393.60938,77440.88281,77393.60938,77414.95312,4687872
2026-05-18 12:09,77407.38281,77419.07812,77404.40625,77414.36719,3201024
2026-05-18 12:10,77412.00781,77422.82031,77381.89844,77391.24219,6182912
2026-05-18 12:11,77379.9375,77422.03125,77379.9375,77391.25,6268928
2026-05-18 12:12,77372.57031,77386.04688,77356.5,77376.42969,0
2026-05-18 12:13,77354.67188,77388.03906,77354.67188,77371.52344,75581440
2026-05-18 12:14,77385.32812,77385.32812,77344.54688,77359.28125,5416960
2026-05-18 12:15,77351.74219,77406.0,77349.21094,77406.0,54781952
2026-05-18 12:16,77350.00781,77391.24219,77332.60938,77349.21875,1542144
2026-05-18 12:17,77386.0,77402.00781,77332.52344,77370.00781,0
2026-05-18 12:18,77405.0,77433.25781,77395.70312,77395.70312,0
2026-05-18 12:19,77412.99219,77420.65625,77392.47656,77403.32031,20494336
2026-05-18 12:20,77395.95312,77408.03906,77393.38281,77402.46094,13357056
2026-05-18 12:21,77436.17969,77436.17969,77395.96094,77395.96094,51814400
2026-05-18 12:22,77446.97656,77468.17188,77435.15625,77435.15625,1693696
2026-05-18 12:23,77453.42969,77468.64844,77446.96875,77446.96875,0
2026-05-18 12:24,77486.57031,77502.0,77454.14844,77458.28125,1619968
2026-05-18 12:25,77468.10938,77488.13281,77461.29688,77488.13281,3880960
2026-05-18 12:26,77379.71094,77460.14062,77379.71094,77460.14062,3678208
2026-05-18 12:27,77294.02344,77379.71094,77263.99219,77379.71094,0
2026-05-18 12:28,77328.02344,77335.39844,77288.50781,77297.84375,0
2026-05-18 12:29,77296.71875,77329.78906,77296.71875,77323.59375,4517888
2026-05-18 12:30,77273.5625,77303.00781,77273.5625,77289.53125,87218176
2026-05-18 12:31,77288.50781,77307.04688,77253.96875,77254.99219,0
2026-05-18 12:32,77337.20312,77337.20312,77276.50781,77288.50781,17995776
2026-05-18 12:33,77415.82031,77415.82031,77311.85156,77344.0,163885056
2026-05-18 12:34,77498.64844,77498.64844,77400.60156,77405.25781,0
2026-05-18 12:35,77536.02344,77579.74219,77485.57812,77540.14844,5517312
2026-05-18 12:36,77484.0625,77539.53125,77484.0625,77539.53125,40376320
2026-05-18 12:37,77500.63281,77507.0,77493.97656,77493.97656,0
2026-05-18 12:38,77577.46875,77578.21875,77526.28125,77526.28125,21966848
2026-05-18 12:39,77610.74219,77624.0,77594.53906,77594.53906,0
2026-05-18 12:40,77607.39844,77654.42969,77607.39844,77620.38281,0
2026-05-18 12:41,77652.75781,77676.10156,77601.39844,77601.39844,0
2026-05-18 12:42,77664.02344,77686.72656,77660.11719,77663.97656,76417024
2026-05-18 12:43,77670.35156,77689.63281,77650.00781,77689.63281,12062720
2026-05-18 12:44,77694.50781,77694.50781,77643.42969,77685.47656,0
2026-05-18 12:45,77736.82031,77745.39844,77661.46875,77715.71875,0
2026-05-18 12:46,77716.24219,77764.28125,77712.85156,77764.28125,6025216
2026-05-18 12:47,77682.67188,77718.61719,77671.45312,77718.61719,4749312
2026-05-18 12:48,77649.25781,77674.21094,77638.77344,77658.92969,91430912
2026-05-18 12:49,77643.27344,77677.99219,77641.47656,77669.77344,0
2026-05-18 12:50,77621.14062,77653.74219,77621.14062,77624.75,15388672
2026-05-18 12:51,77575.00781,77625.52344,77570.00781,77625.52344,0
2026-05-18 12:52,77592.0625,77609.8125,77561.99219,77561.99219,203804672
2026-05-18 12:53,77557.0625,77588.67969,77557.0625,77587.39062,11210752
2026-05-18 12:54,77575.46875,77578.02344,77556.02344,77564.9375,39522304
2026-05-18 12:55,77568.53125,77582.02344,77547.39844,77582.02344,0
2026-05-18 12:56,77584.21875,77615.40625,77573.38281,77587.36719,10936320
2026-05-18 12:57,77583.17969,77603.35156,77575.14062,77603.35156,0
2026-05-18 12:58,77585.82031,77585.92969,77560.0,77585.92969,5093376
2026-05-18 12:59,77610.71875,77617.10938,77578.92188,77614.14844,7739392
2026-05-18 13:00,77566.0,77611.46094,77556.88281,77602.17188,0
2026-05-18 13:01,77524.15625,77594.34375,77523.21094,77582.70312,197435392
2026-05-18 13:02,77475.64062,77546.5625,77472.00781,77516.02344,0
2026-05-18 13:03,77440.97656,77484.63281,77440.97656,77484.63281,134850560
2026-05-18 13:04,77479.00781,77484.64062,77441.00781,77441.00781,3436544
2026-05-18 13:05,77458.0,77484.10938,77451.95312,77470.63281,0
2026-05-18 13:06,77475.03906,77493.97656,77455.39844,77455.39844,0
2026-05-18 13:07,77484.54688,77495.35156,77470.00781,77470.00781,7655424
2026-05-18 13:08,77460.89062,77480.29688,77454.67969,77480.29688,2502656
2026-05-18 13:09,77445.02344,77461.64062,77445.02344,77461.64062,69306368
2026-05-18 13:10,77436.39844,77463.0625,77427.32812,77437.95312,3295232
2026-05-18 13:11,77439.45312,77456.61719,77419.47656,77436.25,0
2026-05-18 13:12,77492.42188,77492.42188,77433.99219,77433.99219,127082496
2026-05-18 13:13,77475.89062,77488.03906,77470.63281,77479.96875,3010560
2026-05-18 13:14,77468.29688,77484.63281,77462.47656,77474.38281,3725312
2026-05-18 13:15,77369.27344,77451.25781,77369.27344,77450.39062,3039232
2026-05-18 13:16,77380.3125,77382.21094,77347.35938,77382.21094,0
2026-05-18 13:17,77374.8125,77386.57031,77344.53906,77380.3125,1941504
2026-05-18 13:18,77367.89062,77394.02344,77367.89062,77367.92188,10848256
2026-05-18 13:19,77372.32812,77390.0,77372.32812,77372.54688,0
2026-05-18 13:20,77359.04688,77372.32812,77358.03125,77372.32812,7251968
2026-05-18 13:21,77339.25781,77359.04688,77334.65625,77359.04688,0
2026-05-18 13:22,77340.0,77348.07031,77340.0,77348.07031,0
2026-05-18 13:23,77372.54688,77372.5625,77349.64844,77349.64844,5971968
2026-05-18 13:24,77353.85938,77367.57031,77334.32031,77367.57031,2908160
2026-05-18 13:25,77284.8125,77304.95312,77268.78125,77299.28906,3225600
2026-05-18 13:26,77309.46094,77311.32812,77254.4375,77275.85156,0
2026-05-18 13:27,77265.42969,77320.0625,77265.42969,77309.96875,39464960
2026-05-18 13:28,77254.61719,77260.47656,77248.60938,77250.03906,3600384
2026-05-18 13:29,77236.59375,77259.29688,77236.59375,77248.8125,9355264
2026-05-18 13:30,77197.89844,77197.89844,77126.78125,77148.0,20439040
2026-05-18 13:31,77151.99219,77226.21875,77129.39062,77226.21875,1890304
2026-05-18 13:32,77119.64062,77183.70312,77064.72656,77145.97656,0
2026-05-18 13:33,77156.0,77156.0,77104.13281,77144.99219,0
2026-05-18 13:34,77111.03906,77183.82031,77104.0,77151.85156,19562496
2026-05-18 13:35,77132.0,77162.39062,77085.97656,77103.99219,12242944
2026-05-18 13:36,76813.39844,77101.07812,76813.39844,77101.07812,275095552
2026-05-18 13:37,76752.0,76885.28125,76752.0,76860.9375,0
2026-05-18 13:38,76910.21875,76910.21875,76711.02344,76743.99219,15650816
2026-05-18 13:39,76989.67188,77003.32031,76926.86719,76926.86719,106491904
2026-05-18 13:40,76847.97656,76987.88281,76847.97656,76985.89844,30906368
2026-05-18 13:41,76862.0625,76904.9375,76862.0625,76904.9375,0
2026-05-18 13:42,76768.89062,76828.59375,76737.4375,76828.59375,0
2026-05-18 13:43,77028.64844,77028.64844,76760.47656,76760.47656,213413888
2026-05-18 13:44,76746.39062,77058.0,76746.39062,77058.0,3737600
2026-05-18 13:45,76892.96094,76892.96094,76657.99219,76754.77344,155924480
2026-05-18 13:46,76816.82812,76889.64062,76774.03125,76883.99219,15931392
2026-05-18 13:47,76916.3125,76916.3125,76812.17188,76830.84375,27129856
2026-05-18 13:48,76907.11719,76956.92969,76880.64844,76921.72656,0
2026-05-18 13:49,76889.29688,76952.92969,76889.29688,76910.21875,14292992
2026-05-18 13:50,76950.5625,76950.5625,76846.00781,76888.25,11122688
2026-05-18 13:51,76907.49219,76977.35938,76907.49219,76966.0,449069056
2026-05-18 13:52,76940.13281,76974.67969,76910.67969,76918.64844,0
2026-05-18 13:53,77009.97656,77014.00781,76961.60156,76961.60156,0
2026-05-18 13:54,76995.8125,77096.42188,76995.8125,77020.38281,0
2026-05-18 13:55,76933.57812,76991.88281,76913.63281,76991.88281,11534336
2026-05-18 13:56,76993.89062,77003.63281,76926.32812,76926.32812,9697280
2026-05-18 13:57,76867.14844,76996.84375,76867.14844,76996.84375,11042816
2026-05-18 13:58,76886.82812,76932.50781,76863.54688,76867.14062,0
2026-05-18 13:59,76885.59375,76902.90625,76854.96875,76888.00781,27944960
2026-05-18 14:00,76835.5,76876.82031,76793.54688,76872.20312,129953792
2026-05-18 14:01,76820.46094,76862.00781,76795.72656,76819.03125,17717248
2026-05-18 14:02,76753.99219,76816.3125,76753.99219,76799.10156,8136704
2026-05-18 14:03,76770.54688,76800.10938,76757.96094,76759.78125,0
2026-05-18 14:04,76902.5625,76902.5625,76781.00781,76781.00781,84436992
2026-05-18 14:05,76760.02344,76910.22656,76760.02344,76910.22656,8558592
2026-05-18 14:06,76803.14062,76803.14062,76742.10938,76774.96094,701368320
2026-05-18 14:07,76711.6875,76808.92969,76694.00781,76788.8125,15441920
2026-05-18 14:08,76743.63281,76743.63281,76696.95312,76707.39844,12986368
2026-05-18 14:09,76814.52344,76835.63281,76772.00781,76772.00781,0
2026-05-18 14:10,76826.17188,76826.17188,76740.35156,76765.5625,0
2026-05-18 14:11,76765.46094,76816.25781,76759.97656,76813.21875,3889152
2026-05-18 14:12,76735.85938,76777.85938,76735.85938,76765.46094,273707008
2026-05-18 14:13,76636.57812,76769.67188,76625.99219,76751.07812,4829184
2026-05-18 14:14,76653.38281,76666.20312,76624.70312,76635.03125,0
2026-05-18 14:15,76781.95312,76781.95312,76645.25781,76648.90625,80271360
2026-05-18 14:16,76723.42969,76769.32812,76712.47656,76757.99219,17479680
2026-05-18 14:17,76635.0,76704.67188,76635.0,76703.96094,7407616
2026-05-18 14:18,76516.60156,76516.60156,76393.00781,76433.99219,26597376
2026-05-18 14:19,76566.21094,76566.21094,76425.70312,76465.97656,0
2026-05-18 14:20,76673.24219,76699.99219,76538.60156,76571.25781,350208
2026-05-18 14:21,76666.21094,76721.02344,76666.21094,76666.25781,0
2026-05-18 14:22,76689.07031,76704.74219,76614.54688,76644.03906,13821952
2026-05-18 14:23,76671.21875,76690.72656,76654.0,76690.72656,17977344
2026-05-18 14:24,76691.90625,76697.32031,76652.0,76665.07812,198973440
2026-05-18 14:25,76691.74219,76731.27344,76666.67969,76691.90625,0
2026-05-18 14:26,76735.99219,76771.46094,76683.39062,76683.39062,30865408
2026-05-18 14:27,76753.89062,76758.5,76698.0,76737.4375,245622784
2026-05-18 14:28,76716.95312,76746.0,76716.95312,76742.75781,6088704
2026-05-18 14:29,76598.03125,76712.0,76578.67969,76712.0,15183872
2026-05-18 14:30,76558.45312,76670.85938,76558.45312,76619.45312,0
2026-05-18 14:31,76508.28125,76590.11719,76508.28125,76555.14062,150243328
2026-05-18 14:32,76422.85156,76506.99219,76422.85156,76473.88281,0
2026-05-18 14:33,76393.65625,76431.96094,76386.64844,76415.96875,0
2026-05-18 14:34,76312.42969,76370.00781,76295.0,76368.95312,19343360
2026-05-18 14:35,76265.77344,76324.99219,76189.99219,76324.99219,0
2026-05-18 14:36,76226.04688,76295.24219,76226.04688,76264.14062,77242368
2026-05-18 14:37,76380.40625,76407.82812,76257.57031,76257.57031,36630528
2026-05-18 14:38,76429.97656,76433.59375,76389.21094,76397.3125,19544064
2026-05-18 14:39,76468.0,76518.5,76412.57812,76443.21875,223735808
2026-05-18 14:40,76414.0,76492.0,76368.52344,76492.0,0
2026-05-18 14:41,76448.0,76472.03906,76419.53125,76425.86719,31535104
2026-05-18 14:42,76478.92188,76486.97656,76441.29688,76464.99219,138299392
2026-05-18 14:43,76467.15625,76513.02344,76467.15625,76477.99219,0
2026-05-18 14:44,76423.14844,76489.92969,76423.14844,76489.92969,9326592
2026-05-18 14:45,76341.52344,76452.53906,76337.72656,76452.53906,327331840
2026-05-18 14:46,76336.14844,76390.8125,76269.28125,76335.82031,0
2026-05-18 14:47,76344.89844,76352.11719,76300.00781,76340.67188,0
2026-05-18 14:48,76341.0,76355.0,76309.95312,76328.52344,0
2026-05-18 14:49,76342.14062,76359.14844,76298.39844,76340.59375,1560576
2026-05-18 14:50,76365.03125,76377.5625,76284.64844,76319.86719,14200832
2026-05-18 14:51,76396.96875,76439.49219,76373.89062,76373.89062,0
2026-05-18 14:52,76401.60938,76419.15625,76377.99219,76388.72656,214507520
2026-05-18 14:53,76350.00781,76406.03125,76331.99219,76406.03125,7229440
2026-05-18 14:54,76304.11719,76367.03125,76295.25781,76365.0,112525312
2026-05-18 14:55,76347.92969,76350.65625,76291.61719,76291.61719,2650112
2026-05-18 14:56,76379.90625,76394.42188,76342.92188,76356.0,0
2026-05-18 14:57,76376.32812,76391.85156,76361.3125,76379.8125,109522944
2026-05-18 14:58,76269.25781,76391.0,76269.25781,76380.99219,5730304
2026-05-18 14:59,76343.89844,76343.89844,76278.0,76278.0,8429568
2026-05-18 15:00,76347.89062,76368.0,76286.0,76338.04688,218222592
2026-05-18 15:01,76249.02344,76363.84375,76195.07812,76363.84375,12603392
2026-05-18 15:02,76220.32031,76220.32031,76118.0,76201.82812,0
2026-05-18 15:03,76083.64062,76176.8125,76083.64062,76167.70312,97738752
2026-05-18 15:04,76173.90625,76196.02344,76083.64062,76083.64062,0
2026-05-18 15:05,76075.22656,76163.02344,76075.22656,76135.99219,15867904
2026-05-18 15:06,76136.0,76143.89844,76068.49219,76071.97656,192753664
2026-05-18 15:07,76133.90625,76133.90625,76080.0,76106.99219,0
2026-05-18 15:08,76214.39844,76214.39844,76142.0625,76142.0625,34295808
2026-05-18 15:09,76107.07812,76230.0,76107.07812,76216.52344,169476096
2026-05-18 15:10,76189.04688,76196.13281,76104.0,76121.5,13692928
2026-05-18 15:11,76231.15625,76270.45312,76217.25,76217.25,0
2026-05-18 15:12,76263.09375,76279.97656,76228.40625,76235.64062,0
2026-05-18 15:13,76247.09375,76266.13281,76228.02344,76254.15625,365604864
2026-05-18 15:14,76257.79688,76257.79688,76236.0,76255.9375,9379840
2026-05-18 15:15,76211.92188,76258.96875,76211.07812,76221.5625,167825408
2026-05-18 15:16,76194.86719,76213.97656,76149.02344,76204.02344,25141248
2026-05-18 15:17,76160.10156,76173.0,76156.21875,76173.0,0
2026-05-18 15:18,76058.00781,76178.86719,76028.99219,76178.86719,74891264
2026-05-18 15:19,76059.13281,76059.13281,76012.90625,76057.61719,2375680
2026-05-18 15:20,76080.96875,76137.21875,76061.53125,76081.95312,3465216
2026-05-18 15:21,76085.97656,76119.02344,76036.9375,76060.10156,59310080
2026-05-18 15:22,76039.72656,76091.02344,76027.99219,76091.02344,10788864
2026-05-18 15:23,76036.92969,76057.63281,76027.21875,76041.09375,0
2026-05-18 15:24,76111.57812,76122.20312,76021.74219,76033.9375,0
2026-05-18 15:25,76139.25,76195.52344,76101.63281,76101.63281,12009472
2026-05-18 15:26,76205.39844,76205.39844,76135.00781,76135.00781,0
2026-05-18 15:27,76048.21875,76200.89062,76014.24219,76200.32031,216154112
2026-05-18 15:28,76076.70312,76093.10156,76013.96094,76035.77344,0
2026-05-18 15:29,76034.39062,76066.25781,76024.00781,76039.38281,15179776
2026-05-18 15:30,76042.97656,76059.71875,76001.96875,76034.0,12230656
2026-05-18 15:31,76092.32031,76092.32031,76040.15625,76040.15625,8572928
2026-05-18 15:32,76116.34375,76120.0,76089.96094,76109.0,14880768
2026-05-18 15:33,76153.15625,76154.0,76112.64062,76116.32812,0
2026-05-18 15:34,76166.97656,76166.97656,76116.32812,76165.3125,182771712
2026-05-18 15:35,76203.78906,76246.97656,76172.57031,76172.57031,12165120
2026-05-18 15:36,76293.78906,76295.92188,76218.11719,76218.11719,129150976
2026-05-18 15:37,76247.10156,76269.0,76218.04688,76269.0,9543680
2026-05-18 15:38,76231.89844,76272.57812,76229.57031,76251.03125,6385664
2026-05-18 15:39,76164.0,76254.97656,76150.0,76247.88281,0
2026-05-18 15:40,76247.09375,76254.00781,76162.24219,76162.24219,187420672
2026-05-18 15:41,76274.96875,76299.96875,76246.0,76279.95312,5226496
2026-05-18 15:42,76291.25,76292.4375,76262.17188,76266.40625,9830400
2026-05-18 15:43,76270.4375,76295.1875,76270.4375,76295.1875,6823936
2026-05-18 15:44,76262.53906,76295.96875,76262.53906,76282.07031,0
2026-05-18 15:45,76263.95312,76284.45312,76257.47656,76272.53125,124960768
2026-05-18 15:46,76299.97656,76303.11719,76255.46094,76276.03125,2826240
2026-05-18 15:47,76269.82031,76292.0,76265.9375,76292.0,3985408
2026-05-18 15:48,76275.00781,76292.09375,76264.35156,76268.0,0
2026-05-18 15:49,76255.96094,76283.96094,76255.96094,76274.39062,0
2026-05-18 15:50,76267.96094,76267.96094,76216.0,76256.65625,8769536
2026-05-18 15:51,76246.40625,76288.67188,76234.82031,76265.46875,201990144
2026-05-18 15:52,76237.92969,76275.02344,76237.92969,76255.97656,2396160
2026-05-18 15:53,76319.49219,76321.78906,76235.77344,76235.77344,11001856
2026-05-18 15:54,76343.99219,76343.99219,76303.60156,76319.97656,0
2026-05-18 15:55,76368.50781,76418.00781,76337.42188,76337.42188,464470016
2026-05-18 15:56,76356.04688,76389.96875,76355.75,76379.53906,9166848
2026-05-18 15:57,76399.1875,76415.79688,76350.0,76350.0,0
2026-05-18 15:58,76364.84375,76411.35156,76363.04688,76411.17188,0
2026-05-18 15:59,76338.54688,76364.85156,76307.46094,76364.85156,2334720
2026-05-18 16:00,76255.5,76319.0625,76254.47656,76319.0625,0
2026-05-18 16:01,76279.96094,76279.96094,76234.47656,76253.99219,0
2026-05-18 16:02,76351.28125,76351.28125,76278.0,76281.85938,0
2026-05-18 16:03,76290.00781,76348.00781,76290.00781,76338.03125,62451712
2026-05-18 16:04,76242.46094,76298.04688,76235.10938,76284.78906,303104
2026-05-18 16:05,76270.60156,76279.77344,76237.67188,76256.00781,0
2026-05-18 16:06,76288.89844,76300.03125,76253.46094,76276.8125,11042816
2026-05-18 16:07,76208.10938,76299.02344,76208.10938,76299.02344,126353408
2026-05-18 16:08,76222.0,76225.38281,76176.77344,76207.11719,12705792
2026-05-18 16:09,76259.39844,76275.86719,76225.36719,76225.36719,60502016
2026-05-18 16:10,76340.49219,76340.49219,76269.40625,76275.96875,0
2026-05-18 16:11,76453.39062,76496.54688,76348.88281,76348.88281,0
2026-05-18 16:12,76479.95312,76480.59375,76446.29688,76446.29688,135237632
2026-05-18 16:13,76445.79688,76476.74219,76430.21094,76476.74219,5627904
2026-05-18 16:14,76435.71875,76450.0,76435.71875,76449.53906,18231296
2026-05-18 16:15,76466.1875,76480.28125,76454.0,76458.89844,197414912
2026-05-18 16:16,76449.21875,76480.57812,76449.21875,76469.22656,0
2026-05-18 16:17,76466.57031,76466.57031,76454.67969,76459.38281,23457792
2026-05-18 16:18,76443.24219,76466.57031,76443.24219,76466.57031,0
2026-05-18 16:19,76518.14844,76557.03125,76444.70312,76444.70312,7999488
2026-05-18 16:20,76547.85156,76589.45312,76525.24219,76525.24219,7208960
2026-05-18 16:21,76547.32812,76559.96875,76528.02344,76548.00781,0
2026-05-18 16:22,76436.59375,76539.97656,76436.59375,76533.09375,183160832
2026-05-18 16:23,76379.75781,76414.75781,76346.49219,76414.75781,0
2026-05-18 16:24,76437.03906,76441.5625,76352.0,76363.85156,183988224
2026-05-18 16:25,76363.84375,76428.64844,76363.84375,76417.49219,10588160
2026-05-18 16:26,76232.57031,76344.17969,76232.57031,76344.17969,0
2026-05-18 16:27,76283.9375,76289.11719,76233.07031,76233.07031,0
2026-05-18 16:28,76171.34375,76249.97656,76149.99219,76249.97656,65150976
2026-05-18 16:29,76206.92188,76232.65625,76173.85938,76173.85938,7340032
2026-05-18 16:30,76212.17188,76216.9375,76172.0,76216.9375,171847680
2026-05-18 16:31,76261.97656,76261.97656,76208.5625,76208.5625,0
2026-05-18 16:32,76317.92969,76345.14844,76251.75781,76251.75781,16060416
2026-05-18 16:33,76325.85156,76343.47656,76302.89844,76320.09375,11522048
2026-05-18 16:34,76308.96094,76348.00781,76308.96094,76332.0,153305088
2026-05-18 16:35,76354.75,76362.0,76319.4375,76336.00781,12120064
2026-05-18 16:36,76428.6875,76428.6875,76363.97656,76363.97656,196345856
2026-05-18 16:37,76414.3125,76471.21875,76396.0,76447.0,0
2026-05-18 16:38,76368.0,76430.3125,76367.46094,76418.02344,21962752
2026-05-18 16:39,76366.77344,76369.65625,76341.24219,76341.24219,73469952
2026-05-18 16:40,76411.24219,76411.24219,76369.89062,76374.47656,1339392
2026-05-18 16:41,76372.03125,76423.61719,76358.71094,76422.65625,17453056
2026-05-18 16:42,76379.22656,76408.59375,76372.46875,76406.49219,0
2026-05-18 16:43,76368.95312,76381.71094,76324.75781,76372.0,167108608
2026-05-18 16:44,76390.63281,76395.5,76359.17969,76371.36719,4550656
2026-05-18 16:45,76432.25781,76446.60938,76410.0,76410.0,152096768
2026-05-18 16:46,76354.64844,76472.00781,76354.64844,76447.78906,1826816
2026-05-18 16:47,76448.40625,76448.71875,76389.63281,76391.47656,0
2026-05-18 16:48,76450.47656,76459.86719,76436.03906,76453.85156,85016576
2026-05-18 16:49,76367.34375,76428.02344,76358.1875,76428.02344,0
2026-05-18 16:50,76384.75,76384.75,76342.96875,76378.14844,22634496
2026-05-18 16:51,76360.32812,76380.9375,76346.21094,76364.20312,129388544
2026-05-18 16:52,76358.45312,76382.24219,76341.96875,76369.99219,11583488
2026-05-18 16:53,76349.32031,76359.5,76332.28125,76332.28125,0
2026-05-18 16:54,76341.6875,76374.57812,76341.6875,76374.57812,64016384
2026-05-18 16:55,76379.95312,76379.95312,76328.03906,76346.63281,712704
2026-05-18 16:56,76404.46875,76404.46875,76370.00781,76385.39062,7954432
2026-05-18 16:57,76352.28125,76454.99219,76342.46875,76435.99219,66457600
2026-05-18 16:58,76372.02344,76372.02344,76361.14062,76361.14062,0
2026-05-18 16:59,76348.71875,76376.96875,76348.71875,76376.96875,4022272
2026-05-18 17:00,76343.50781,76377.32031,76338.17969,76349.32031,94699520
2026-05-18 17:01,76400.53906,76400.53906,76312.27344,76333.75781,14544896
2026-05-18 17:02,76417.8125,76443.8125,76400.53906,76404.65625,3072000
2026-05-18 17:03,76481.96094,76481.96094,76428.45312,76428.45312,0
2026-05-18 17:04,76484.75,76499.89844,76459.39062,76475.67969,20955136
2026-05-18 17:05,76487.21875,76490.0,76455.71094,76484.75781,0
2026-05-18 17:06,76535.96094,76555.90625,76485.96875,76485.96875,42786816
2026-05-18 17:07,76530.5625,76574.02344,76512.02344,76550.25,0
2026-05-18 17:08,76507.97656,76543.49219,76501.82812,76542.38281,0
2026-05-18 17:09,76495.10938,76507.97656,76475.86719,76507.97656,122015744
2026-05-18 17:10,76524.54688,76537.14062,76493.86719,76495.10938,11059200
2026-05-18 17:11,76540.00781,76546.24219,76495.86719,76522.40625,1363968
2026-05-18 17:12,76506.92188,76526.61719,76506.92188,76526.61719,0
2026-05-18 17:13,76475.89062,76495.11719,76469.25,76495.11719,2936832
2026-05-18 17:14,76495.95312,76495.95312,76479.97656,76479.97656,0
2026-05-18 17:15,76517.89844,76534.5,76497.49219,76497.49219,21397504
2026-05-18 17:16,76598.82812,76620.0,76530.54688,76530.5625,0
2026-05-18 17:17,76593.60156,76620.86719,76593.60156,76605.6875,0
2026-05-18 17:18,76609.75,76609.75,76589.65625,76589.65625,153661440
2026-05-18 17:19,76593.71875,76636.00781,76589.67188,76608.71875,0
2026-05-18 17:20,76555.04688,76626.60938,76555.04688,76598.97656,4313088
2026-05-18 17:21,76566.90625,76581.75781,76550.25781,76552.00781,0
2026-05-18 17:22,76571.49219,76588.0,76559.49219,76561.02344,5672960
2026-05-18 17:23,76545.79688,76554.89062,76508.10938,76554.88281,0
2026-05-18 17:24,76573.90625,76596.82031,76543.07031,76543.07031,0
2026-05-18 17:25,76542.39062,76585.71094,76529.11719,76585.71094,164651008
2026-05-18 17:26,76578.57031,76578.75,76544.6875,76547.75,8777728
2026-05-18 17:27,76574.02344,76590.09375,76566.02344,76578.72656,0
2026-05-18 17:28,76581.78906,76586.95312,76576.57812,76577.82812,4304896
2026-05-18 17:29,76607.1875,76611.50781,76572.79688,76584.03125,0
2026-05-18 17:30,76564.13281,76612.61719,76556.78125,76612.61719,0
2026-05-18 17:31,76573.8125,76585.71094,76555.3125,76559.89844,85442560
2026-05-18 17:32,76566.90625,76590.89062,76566.90625,76590.89062,6184960
2026-05-18 17:33,76547.35156,76596.02344,76534.60938,76576.57031,0
2026-05-18 17:34,76548.0,76554.79688,76531.99219,76552.02344,0
2026-05-18 17:35,76537.45312,76556.24219,76530.07812,76546.85938,0
2026-05-18 17:36,76549.42188,76555.89062,76518.89844,76535.53906,0
2026-05-18 17:37,76551.8125,76553.35938,76530.13281,76552.17188,4870144
2026-05-18 17:38,76490.96875,76557.9375,76490.96875,76557.9375,0
2026-05-18 17:39,76548.57812,76548.57812,76500.14062,76510.85156,10366976
2026-05-18 17:40,76561.17188,76561.17188,76527.0,76545.85938,0
2026-05-18 17:41,76577.90625,76607.99219,76569.95312,76569.95312,2502656
2026-05-18 17:42,76551.97656,76589.67969,76551.97656,76576.84375,0
2026-05-18 17:43,76601.96094,76615.97656,76550.5625,76550.5625,0
2026-05-18 17:44,76605.42969,76613.29688,76597.39844,76613.29688,4358144
2026-05-18 17:45,76605.39844,76659.0,76595.78125,76599.82812,0
2026-05-18 17:46,76581.78125,76621.89844,76581.78125,76611.82812,0
2026-05-18 17:47,76617.89062,76617.89062,76577.99219,76585.77344,401408
2026-05-18 17:48,76664.92969,76664.92969,76625.34375,76625.34375,0
2026-05-18 17:49,76609.89844,76678.0,76609.89844,76656.64062,0
2026-05-18 17:50,76675.29688,76675.29688,76616.02344,76616.02344,0
2026-05-18 17:51,76678.45312,76691.0625,76673.02344,76675.29688,0
2026-05-18 17:52,76695.46094,76699.99219,76687.84375,76687.84375,30834688
2026-05-18 17:53,76651.90625,76692.63281,76651.90625,76692.63281,7938048
2026-05-18 17:54,76678.00781,76686.32031,76656.65625,76656.65625,12062720
2026-05-18 17:55,76668.46094,76668.46094,76633.99219,76644.78906,0
2026-05-18 17:56,76669.99219,76681.85938,76668.92188,76668.92188,0
2026-05-18 17:57,76643.47656,76676.35156,76636.96094,76670.95312,196730880
2026-05-18 17:58,76644.82031,76657.24219,76638.70312,76639.20312,0
2026-05-18 17:59,76647.25781,76649.95312,76623.13281,76623.13281,4382720
2026-05-18 18:00,76624.13281,76639.57812,76624.13281,76627.04688,8048640
2026-05-18 18:01,76554.20312,76621.71875,76548.78906,76620.42969,0
2026-05-18 18:02,76514.8125,76540.27344,76502.53906,76540.27344,8781824
2026-05-18 18:03,76502.02344,76522.0,76490.0,76522.0,0
2026-05-18 18:04,76496.11719,76518.74219,76494.75,76494.75,3903488
2026-05-18 18:05,76529.03125,76529.03125,76496.11719,76501.47656,0
2026-05-18 18:06,76402.53906,76524.92969,76389.21875,76524.92969,0
2026-05-18 18:07,76429.49219,76429.49219,76403.57031,76403.57031,0
2026-05-18 18:08,76460.54688,76460.54688,76425.22656,76431.57812,0
2026-05-18 18:09,76451.53906,76473.97656,76445.99219,76473.97656,0
2026-05-18 18:10,76451.97656,76452.84375,76421.46875,76452.84375,0
2026-05-18 18:11,76440.0625,76461.02344,76440.0625,76443.99219,7393280
2026-05-18 18:12,76414.03125,76459.63281,76414.03125,76437.20312,0
2026-05-18 18:13,76380.97656,76406.90625,76364.5,76406.90625,213966848
2026-05-18 18:14,76381.71094,76381.71094,76361.14062,76381.07031,4468736
2026-05-18 18:15,76353.50781,76387.11719,76331.61719,76355.25781,4513792
2026-05-18 18:16,76306.36719,76370.03125,76295.70312,76345.92969,2953216
2026-05-18 18:17,76329.60938,76344.86719,76313.85938,76313.85938,0
2026-05-18 18:18,76285.0625,76320.78906,76285.0625,76320.78906,48164864
2026-05-18 18:19,76268.96875,76289.99219,76251.5,76283.17969,8499200
2026-05-18 18:20,76233.6875,76298.02344,76233.6875,76261.1875,7467008
2026-05-18 18:21,76278.36719,76278.36719,76214.28125,76214.28125,88477696
2026-05-18 18:22,76285.96875,76298.10156,76270.57031,76279.89844,0
2026-05-18 18:23,76251.77344,76279.75781,76236.09375,76279.53125,3989504
2026-05-18 18:24,76244.21094,76265.34375,76232.59375,76250.0,0
2026-05-18 18:25,76112.86719,76272.02344,76112.86719,76237.46875,6893568
2026-05-18 18:26,76156.60938,76179.89062,76119.25781,76119.25781,0
2026-05-18 18:27,76162.97656,76175.35938,76079.99219,76144.4375,15597568
2026-05-18 18:28,76241.42188,76257.10156,76170.21875,76170.21875,0
2026-05-18 18:29,76294.71875,76294.71875,76270.0,76270.0,15245312
2026-05-18 18:30,76292.5625,76305.28125,76268.71094,76294.72656,97624064
2026-05-18 18:31,76309.63281,76309.97656,76263.90625,76288.42969,0
2026-05-18 18:32,76339.28125,76344.42188,76305.96875,76305.96875,7270400
2026-05-18 18:33,76306.71875,76351.90625,76305.99219,76339.28125,0
2026-05-18 18:34,76325.67969,76325.67969,76278.42188,76313.97656,235442176
2026-05-18 18:35,76351.52344,76353.17188,76322.0,76322.0,7749632
2026-05-18 18:36,76326.14062,76353.25781,76326.14062,76349.97656,169005056
2026-05-18 18:37,76322.28906,76335.85938,76320.42969,76335.85938,5238784
2026-05-18 18:38,76253.53125,76312.50781,76253.53125,76308.32031,0
2026-05-18 18:39,76239.39062,76257.95312,76226.07031,76251.0625,0
2026-05-18 18:40,76262.63281,76262.63281,76235.07031,76241.90625,647168
2026-05-18 18:41,76262.64062,76272.57812,76243.00781,76270.52344,4075520
2026-05-18 18:42,76246.82031,76271.79688,76246.28906,76271.79688,6881280
2026-05-18 18:43,76255.42188,76255.42188,76195.65625,76254.04688,9158656
2026-05-18 18:44,76261.02344,76262.63281,76228.57812,76241.95312,0
2026-05-18 18:45,76257.96875,76262.63281,76254.0,76261.99219,78843904
2026-05-18 18:46,76288.86719,76311.0625,76244.59375,76258.78125,4046848
2026-05-18 18:47,76298.27344,76314.03906,76273.57812,76282.4375,4612096
2026-05-18 18:48,76276.24219,76298.27344,76268.53906,76298.27344,0
2026-05-18 18:49,76228.85156,76292.78906,76211.42188,76292.78906,0
2026-05-18 18:50,76215.35156,76215.35156,76191.71094,76214.57031,20860928
2026-05-18 18:51,76237.60938,76241.24219,76231.11719,76231.11719,398290944
2026-05-18 18:52,76274.67969,76278.5625,76230.64062,76230.64062,2785280
2026-05-18 18:53,76284.20312,76290.75781,76267.02344,76267.02344,0
2026-05-18 18:54,76182.96094,76281.5625,76182.96094,76281.5625,0
2026-05-18 18:55,76245.90625,76245.90625,76167.25781,76172.42969,39653376
2026-05-18 18:56,76255.97656,76280.64844,76237.1875,76254.75,0
2026-05-18 18:57,76244.1875,76258.6875,76232.20312,76246.54688,52748288
2026-05-18 18:58,76183.84375,76247.1875,76146.39844,76247.1875,1236992
2026-05-18 18:59,76179.22656,76207.17969,76171.60938,76187.67188,0
2026-05-18 19:00,76228.5625,76232.00781,76187.77344,76187.77344,17502208
2026-05-18 19:01,76613.00781,76613.00781,76254.6875,76254.6875,0
2026-05-18 19:02,76689.53906,76708.95312,76496.3125,76642.9375,8978432
2026-05-18 19:03,76748.88281,76800.40625,76727.54688,76759.07031,15171584
2026-05-18 19:04,76707.49219,76707.49219,76707.49219,76707.49219,4833280
2026-05-18 19:05,76706.89844,76782.42969,76656.3125,76739.21875,0
2026-05-18 19:06,76516.60156,76695.1875,76506.0,76695.1875,78569472
2026-05-18 19:07,76538.0,76554.1875,76500.0,76554.1875,8462336
2026-05-18 19:08,76493.97656,76528.00781,76487.21875,76522.67969,32579584
2026-05-18 19:09,76575.0625,76575.0625,76517.57031,76517.57031,210911232
2026-05-18 19:10,76548.57031,76600.0,76538.75781,76600.0,0
2026-05-18 19:11,76618.10938,76618.10938,76550.25781,76551.42188,7356416
2026-05-18 19:12,76582.09375,76624.21094,76582.09375,76609.46094,279531520
2026-05-18 19:13,76571.10156,76601.89844,76571.10156,76591.27344,2338816
2026-05-18 19:14,76550.25781,76594.03125,76534.71875,76574.03906,6795264
2026-05-18 19:15,76584.60938,76585.49219,76554.20312,76562.07812,0
2026-05-18 19:16,76522.67969,76598.75781,76522.67969,76589.64062,99307520
2026-05-18 19:17,76498.97656,76534.47656,76496.14844,76528.10938,2301952
2026-05-18 19:18,76566.00781,76566.00781,76504.67188,76504.67188,27324416
2026-05-18 19:19,76551.99219,76577.0625,76547.38281,76570.67969,5038080
2026-05-18 19:20,76609.53906,76609.53906,76555.75781,76555.75781,0
2026-05-18 19:21,76571.17188,76625.46094,76562.1875,76621.00781,0
2026-05-18 19:22,76597.3125,76609.22656,76575.96875,76575.96875,0
2026-05-18 19:23,76595.99219,76615.20312,76572.67188,76591.09375,92299264
2026-05-18 19:24,76557.5,76613.28906,76538.5625,76610.0,0
2026-05-18 19:25,76533.92188,76550.17188,76493.99219,76548.9375,20480000
2026-05-18 19:26,76548.57031,76552.72656,76526.47656,76533.89062,0
2026-05-18 19:27,76547.3125,76566.0,76546.00781,76552.78906,182747136
2026-05-18 19:28,76578.78906,76581.22656,76543.86719,76543.86719,0
2026-05-18 19:29,76569.24219,76596.25781,76565.82812,76585.71875,12713984
2026-05-18 19:30,76598.04688,76598.04688,76552.0,76552.0,25509888
2026-05-18 19:31,76646.88281,76676.5,76603.8125,76603.92188,0
2026-05-18 19:32,76648.39844,76676.32812,76647.53906,76670.00781,5992448
2026-05-18 19:33,76655.09375,76672.39062,76625.52344,76648.89844,2830336
2026-05-18 19:34,76629.04688,76664.5,76601.9375,76643.39062,1294336
2026-05-18 19:35,76688.45312,76688.45312,76642.1875,76642.1875,0
2026-05-18 19:36,76669.84375,76705.86719,76669.84375,76703.90625,0
2026-05-18 19:37,76683.89844,76703.85156,76670.0,76683.32031,69234688
2026-05-18 19:38,76674.14062,76698.84375,76671.02344,76687.85156,10657792
2026-05-18 19:39,76667.10156,76687.57812,76660.5,76671.53906,0
2026-05-18 19:40,76697.60156,76714.99219,76681.82812,76681.82812,0
2026-05-18 19:41,76680.9375,76712.14844,76680.9375,76706.27344,10395648
2026-05-18 19:42,76664.50781,76685.07031,76649.8125,76685.07031,0
2026-05-18 19:43,76785.0,76785.0,76669.75,76669.75,180187136
2026-05-18 19:44,76826.21094,76846.92969,76799.96094,76822.00781,0
2026-05-18 19:45,76868.00781,76868.00781,76830.0,76867.65625,6864896
2026-05-18 19:46,76834.22656,76882.3125,76834.22656,76876.28906,8282112
2026-05-18 19:47,76775.42188,76837.60938,76775.42188,76837.60938,0
2026-05-18 19:48,76820.02344,76824.0625,76763.02344,76797.70312,0
2026-05-18 19:49,76807.97656,76867.36719,76807.07812,76819.67188,27865088
2026-05-18 19:50,76843.32812,76843.32812,76796.04688,76833.04688,4435968
2026-05-18 19:51,76879.46875,76884.0,76835.97656,76837.97656,93384704
2026-05-18 19:52,76912.03906,76926.77344,76883.99219,76883.99219,0
2026-05-18 19:53,76861.52344,76924.96875,76861.52344,76910.0,8396800
2026-05-18 19:54,76820.92969,76855.46094,76814.24219,76855.46094,24113152
2026-05-18 19:55,76819.6875,76854.29688,76813.75781,76825.00781,5230592
2026-05-18 19:56,76803.03125,76867.27344,76803.03125,76823.97656,0
2026-05-18 19:57,76816.77344,76834.99219,76810.53125,76822.11719,52359168
2026-05-18 19:58,76825.89062,76833.20312,76813.0,76813.0,0
2026-05-18 19:59,76857.88281,76857.88281,76804.85938,76825.99219,8486912
2026-05-18 20:00,76924.54688,76955.92188,76905.0,76905.0,41259008
2026-05-18 20:01,76955.64062,76963.14844,76945.97656,76949.97656,4018176
2026-05-18 20:02,76927.61719,76962.36719,76924.00781,76962.36719,0
2026-05-18 20:03,76942.54688,76948.38281,76902.02344,76920.61719,0
2026-05-18 20:04,76895.47656,76958.02344,76887.9375,76958.02344,195612672
2026-05-18 20:05,76820.99219,76892.24219,76820.99219,76892.24219,10588160
2026-05-18 20:06,76876.67188,76882.59375,76825.22656,76834.0,41644032
2026-05-18 20:07,76908.75781,76908.75781,76880.0,76880.0,3629056
2026-05-18 20:08,76917.99219,76917.99219,76894.35156,76894.36719,0
2026-05-18 20:09,76900.92188,76922.02344,76890.4375,76920.60938,2650112
2026-05-18 20:10,76937.82031,76937.82031,76906.67188,76908.78906,0
2026-05-18 20:11,76975.75781,76975.75781,76922.03906,76952.02344,19808256
2026-05-18 20:12,76975.78125,76980.52344,76958.78906,76975.75781,264929280
2026-05-18 20:13,76996.00781,76999.99219,76981.14062,76981.14062,0
2026-05-18 20:14,76996.46094,77012.49219,76990.25,76997.99219,1032192
2026-05-18 20:15,76994.82812,77032.0,76988.0,76991.53906,5296128
2026-05-18 20:16,77019.99219,77026.95312,76991.53906,76991.53906,0
2026-05-18 20:17,77011.25781,77025.64062,76991.53906,77022.6875,4042752
2026-05-18 20:18,77016.71094,77019.36719,76995.47656,77011.25,54497280
2026-05-18 20:19,77006.3125,77024.65625,77000.14844,77023.70312,0
2026-05-18 20:20,76984.85938,77007.10938,76984.85938,77005.64844,0
2026-05-18 20:21,77024.14844,77027.82031,76990.09375,76990.09375,0
2026-05-18 20:22,76995.70312,77024.14844,76994.25,77024.14844,88522752
2026-05-18 20:23,76995.74219,77029.45312,76995.74219,76995.75,0
2026-05-18 20:24,77037.03125,77037.03125,77007.0,77007.0,0
2026-05-18 20:25,77035.96094,77042.75,77030.65625,77039.99219,0
2026-05-18 20:26,77028.9375,77036.63281,77016.21094,77036.63281,0
2026-05-18 20:27,77036.97656,77038.75,77032.3125,77034.46094,0
2026-05-18 20:28,77066.28906,77095.99219,77038.75,77038.75,21020672
2026-05-18 20:29,77073.4375,77101.24219,77058.52344,77062.46094,0
2026-05-18 20:30,77091.64844,77093.60938,77067.02344,77067.02344,6352896
2026-05-18 20:31,77070.34375,77120.21094,77070.34375,77109.03906,0
2026-05-18 20:32,77086.00781,77091.3125,77069.75781,77069.75781,0
2026-05-18 20:33,77074.28125,77090.40625,77074.28125,77090.40625,135249920
2026-05-18 20:34,77054.67969,77074.28906,77043.67188,77074.28906,11182080
2026-05-18 20:35,77032.09375,77039.96875,77015.17969,77038.17969,0
2026-05-18 20:36,77073.67969,77073.67969,77032.32812,77032.35156,0
2026-05-18 20:37,77048.02344,77074.97656,77046.70312,77074.97656,0
2026-05-18 20:38,77030.95312,77050.63281,77027.00781,77027.00781,0
2026-05-18 20:39,77023.70312,77042.75781,77015.99219,77030.96094,237576192
2026-05-18 20:40,76975.0,77025.28125,76975.0,77021.95312,0
2026-05-18 20:41,76972.32812,76972.32812,76952.57031,76970.0,0
2026-05-18 20:42,76959.99219,76983.65625,76956.07812,76977.52344,28631040
2026-05-18 20:43,76926.61719,76961.35938,76924.57031,76961.35938,0
2026-05-18 20:44,76901.03906,76921.04688,76901.03906,76921.03906,0
2026-05-18 20:45,76875.52344,76910.0,76875.52344,76910.0,0
2026-05-18 20:46,76840.14062,76856.47656,76840.0,76856.47656,0
2026-05-18 20:47,76843.28125,76846.77344,76834.00781,76838.11719,176128
2026-05-18 20:48,76828.00781,76845.24219,76828.00781,76845.22656,0
2026-05-18 20:49,76832.74219,76837.50781,76831.99219,76833.97656,0
2026-05-18 20:50,76837.82031,76839.34375,76829.20312,76832.74219,0
2026-05-18 20:51,76836.32812,76838.32031,76832.0,76836.9375,57860096
2026-05-18 20:52,76873.32812,76873.32812,76832.02344,76838.14062,9723904
2026-05-18 20:53,76909.60156,76917.82031,76894.82812,76894.82812,4141056
2026-05-18 20:54,76928.0,76949.96875,76914.88281,76914.88281,236998656
2026-05-18 20:55,76963.02344,76968.07031,76928.0,76928.0,9007104
2026-05-18 20:56,76982.14062,76990.96875,76972.89844,76972.89844,0
2026-05-18 20:57,76912.54688,76985.75,76910.67969,76984.04688,160579584
2026-05-18 20:58,76860.04688,76912.54688,76849.03125,76912.54688,3100672
2026-05-18 20:59,76847.96875,76871.1875,76847.07812,76860.03906,0
2026-05-18 21:00,76883.25,76883.25,76850.84375,76855.36719,56549376
2026-05-18 21:01,76794.60938,76854.07812,76788.46094,76854.07812,0
2026-05-18 21:02,76781.10156,76787.04688,76743.92969,76787.04688,30453760
2026-05-18 21:03,76825.46875,76831.85156,76795.39062,76795.39062,0
2026-05-18 21:04,76815.04688,76832.29688,76815.04688,76825.49219,4972544
2026-05-18 21:05,76800.0,76826.0625,76786.65625,76816.59375,5869568
2026-05-18 21:06,76798.63281,76816.0,76769.21875,76800.0,0
2026-05-18 21:07,76788.20312,76799.07031,76784.35156,76798.61719,125976576
2026-05-18 21:08,76833.39062,76833.39062,76798.46875,76798.46875,3911680
2026-05-18 21:09,76833.95312,76841.92188,76833.39062,76833.39062,37773312
2026-05-18 21:10,76826.35156,76841.86719,76818.17969,76833.9375,3923968
2026-05-18 21:11,76827.3125,76827.3125,76790.6875,76826.34375,6660096
2026-05-18 21:12,76859.78906,76862.00781,76830.14062,76830.14062,0
2026-05-18 21:13,76876.25,76960.67969,76876.24219,76899.99219,47595520
2026-05-18 21:14,76859.40625,76881.21094,76857.57812,76870.86719,3457024
2026-05-18 21:15,76888.0,76888.0,76859.40625,76859.40625,24969216
2026-05-18 21:16,76896.96875,76896.96875,76877.28125,76888.0,0
2026-05-18 21:17,76862.79688,76890.0,76862.79688,76890.0,0
2026-05-18 21:18,76894.00781,76894.00781,76862.82031,76862.82031,28160000
2026-05-18 21:19,76894.85156,76902.49219,76889.10156,76894.03125,0
2026-05-18 21:20,76915.17188,76915.17188,76894.85156,76894.85156,3235840
2026-05-18 21:21,76925.95312,76951.97656,76917.75781,76917.75781,0
2026-05-18 21:22,76924.5625,76940.3125,76924.5625,76925.95312,0
2026-05-18 21:23,76976.34375,76976.40625,76926.67188,76926.67188,2445312
2026-05-18 21:24,76925.10156,76967.96875,76925.10156,76967.96875,31760384
2026-05-18 21:25,76936.36719,76956.25,76922.4375,76956.25,0
2026-05-18 21:26,76948.96094,76948.96094,76936.36719,76936.36719,4501504
2026-05-18 21:27,76966.0,76966.0,76946.53906,76946.53906,0
2026-05-18 21:28,76979.99219,76979.99219,76955.78906,76955.78906,0
2026-05-18 21:29,76972.14062,77029.90625,76972.14062,76976.60938,1323008
2026-05-18 21:30,76995.49219,76995.9375,76969.8125,76969.8125,185831424
2026-05-18 21:31,77030.85938,77030.85938,76998.60938,76999.99219,909312
2026-05-18 21:32,77049.34375,77049.34375,77023.75,77034.0625,1974272
2026-05-18 21:33,77100.90625,77127.04688,77061.22656,77061.22656,0
2026-05-18 21:34,77011.24219,77105.11719,77006.0625,77100.90625,5804032
2026-05-18 21:35,77028.03906,77028.03906,77000.0,77003.35938,0
2026-05-18 21:36,77011.22656,77056.21094,77000.0,77024.63281,0
2026-05-18 21:37,76995.47656,77022.60938,76995.47656,77014.57812,6258688
2026-05-18 21:38,76930.49219,76989.5625,76930.49219,76987.60156,0
2026-05-18 21:39,76994.96875,76994.96875,76916.67969,76916.67969,74924032
2026-05-18 21:40,76967.20312,76983.64844,76936.75781,76967.75781,0
2026-05-18 21:41,77007.57812,77019.10938,76976.10156,76976.10156,20742144
2026-05-18 21:42,76988.22656,77026.53906,76988.22656,77007.57031,59990016
2026-05-18 21:43,76976.6875,76988.24219,76962.89062,76988.24219,0
2026-05-18 21:44,76975.29688,76981.59375,76949.0,76981.59375,6946816
2026-05-18 21:45,76983.89062,77025.79688,76983.89062,76988.21875,0
2026-05-18 21:46,76928.5,76980.28125,76928.5,76980.25,81920
2026-05-18 21:47,76954.07812,76954.07812,76928.5,76928.5,1515520
2026-05-18 21:48,76952.14844,76971.84375,76952.14844,76963.95312,102871040
2026-05-18 21:49,76963.20312,76963.20312,76938.5625,76938.5625,0
2026-05-18 21:50,76957.36719,76963.96094,76957.35938,76963.20312,192512
2026-05-18 21:51,76940.67969,76957.35938,76940.67969,76957.35938,0
2026-05-18 21:52,76993.10156,76993.10156,76943.14844,76943.14844,258048
2026-05-18 21:53,77015.64844,77019.34375,76988.27344,76988.27344,483328
2026-05-18 21:54,77003.39844,77003.74219,76983.65625,76999.75,0
2026-05-18 21:55,76999.75781,77002.85938,76987.60156,76994.35156,118312960
2026-05-18 21:56,77043.04688,77054.92188,76994.39844,76999.77344,753664
2026-05-18 21:57,77043.89062,77074.28125,77042.99219,77056.21094,15077376
2026-05-18 21:58,77059.53125,77059.53125,77043.89062,77043.89062,11747328
2026-05-18 21:59,77048.53906,77072.50781,77048.53125,77071.96875,0
2026-05-18 22:00,77039.54688,77096.0,77034.89062,77059.0625,0
2026-05-18 22:01,77038.82031,77062.27344,77038.82031,77042.14844,0
2026-05-18 22:02,76998.35156,77039.03906,76990.15625,77026.82812,0
2026-05-18 22:03,77010.67188,77017.20312,76991.53906,76996.72656,0
2026-05-18 22:04,77060.96875,77063.1875,77011.75,77011.75,0
2026-05-18 22:05,77076.97656,77081.65625,77044.25781,77060.96875,0
2026-05-18 22:06,77084.40625,77090.28125,77075.97656,77085.64844,102608896
2026-05-18 22:07,77098.0,77112.67188,77088.02344,77088.02344,2453504
2026-05-18 22:08,77105.78906,77105.78906,77098.32031,77098.32031,2588672
2026-05-18 22:09,77089.99219,77111.10938,77078.21875,77111.10938,0
2026-05-18 22:10,77074.28125,77089.97656,77073.02344,77089.97656,0
2026-05-18 22:11,77084.95312,77084.95312,77058.21094,77071.67188,5996544
2026-05-18 22:12,77090.03125,77094.70312,77078.21875,77089.97656,2740224
2026-05-18 22:13,77099.42969,77106.78125,77091.03906,77093.97656,0
2026-05-18 22:14,77088.85156,77108.96875,77086.96875,77108.96875,1835008
2026-05-18 22:15,77062.03125,77079.02344,77034.57812,77079.02344,0
2026-05-18 22:16,77068.71094,77068.71094,77052.04688,77064.71875,0
2026-05-18 22:17,77051.72656,77068.71875,77039.79688,77068.71875,4173824
2026-05-18 22:18,77125.5,77152.03906,77051.72656,77051.72656,140115968
2026-05-18 22:19,77120.36719,77150.77344,77120.36719,77145.20312,0
2026-05-18 22:20,77146.3125,77167.14844,77113.67969,77117.63281,0
2026-05-18 22:21,77128.0,77171.97656,77125.8125,77151.71094,0
2026-05-18 22:22,77108.14062,77127.10156,77102.38281,77121.57812,8495104
2026-05-18 22:23,77124.97656,77124.97656,77101.85938,77108.14062,11911168
2026-05-18 22:24,77132.64844,77132.64844,77113.67969,77113.67969,0
2026-05-18 22:25,77130.24219,77151.21875,77125.8125,77134.20312,0
2026-05-18 22:26,77131.5,77134.49219,77102.46094,77104.11719,0
2026-05-18 22:27,77125.6875,77132.38281,77115.97656,77131.49219,10739712
2026-05-18 22:28,77113.39062,77132.38281,77113.39062,77125.78125,1245184
2026-05-18 22:29,77086.14844,77110.6875,77086.14844,77110.6875,0
2026-05-18 22:30,77079.96094,77111.99219,77077.97656,77111.99219,21278720
2026-05-18 22:31,77110.0,77110.0,77064.85156,77068.14062,0
2026-05-18 22:32,77078.22656,77109.82031,77078.22656,77108.00781,0
2026-05-18 22:33,77091.21094,77091.21094,77068.02344,77068.02344,0
2026-05-18 22:34,77053.04688,77104.96875,77053.04688,77091.20312,0
2026-05-18 22:35,77079.99219,77081.95312,77053.04688,77053.04688,0
2026-05-18 22:36,77108.99219,77112.75,77090.03125,77090.03125,0
2026-05-18 22:37,77082.47656,77109.02344,77079.57031,77109.02344,6565888
2026-05-18 22:38,77098.90625,77102.52344,77090.03125,77090.03125,0
2026-05-18 22:39,77100.45312,77103.60156,77082.54688,77103.60156,0
2026-05-18 22:40,77034.9375,77103.67969,77034.9375,77103.67969,0
2026-05-18 22:41,77029.14844,77038.45312,77010.0,77038.45312,0
2026-05-18 22:42,76990.86719,77027.40625,76987.60156,77027.40625,0
2026-05-18 22:43,76975.42969,76995.46875,76975.42969,76983.21875,0
2026-05-18 22:44,76995.4375,76995.45312,76975.4375,76975.4375,0
2026-05-18 22:45,76979.72656,76995.4375,76979.72656,76991.97656,186675200
2026-05-18 22:46,76985.59375,76985.59375,76970.03906,76975.78125,0
2026-05-18 22:47,76940.32812,76981.00781,76940.32812,76979.61719,0
2026-05-18 22:48,76949.46094,76950.39844,76928.72656,76938.3125,0
2026-05-18 22:49,76929.0,76950.0625,76928.60938,76950.0625,0
2026-05-18 22:50,76926.42969,76938.32031,76921.67188,76936.89844,0
2026-05-18 22:51,76907.25,76940.0,76893.97656,76893.97656,0
2026-05-18 22:52,76909.0,76921.29688,76909.0,76910.84375,0
2026-05-18 22:53,76934.03125,76949.36719,76900.9375,76900.9375,3141632
2026-05-18 22:54,76955.42188,76979.0,76922.59375,76922.59375,0
2026-05-18 22:55,76955.45312,76962.3125,76944.25781,76962.3125,0
2026-05-18 22:56,76956.25781,76962.0,76953.97656,76955.5625,0
2026-05-18 22:57,76995.21094,76995.21094,76956.28125,76956.28125,313946112
2026-05-18 22:58,77000.96094,77000.96094,76983.61719,76993.90625,0
2026-05-18 22:59,77020.38281,77026.42969,77002.09375,77002.53125,290816
2026-05-18 23:00,77035.53906,77035.53906,77005.0,77005.0,17530880
2026-05-18 23:01,77081.86719,77081.86719,77022.25,77022.84375,0
2026-05-18 23:02,77089.99219,77109.97656,77077.32812,77078.47656,4542464
2026-05-18 23:03,77071.39844,77089.99219,77040.71875,77089.99219,0
2026-05-18 23:04,77092.92188,77092.92188,77066.70312,77072.67969,11804672
2026-05-18 23:05,77047.38281,77092.95312,77042.75781,77092.95312,0
2026-05-18 23:06,77070.92969,77070.92969,77047.38281,77047.38281,0
2026-05-18 23:07,77079.65625,77084.14062,77074.32031,77074.99219,0
2026-05-18 23:08,77070.21094,77081.27344,77066.39844,77078.21875,0
2026-05-18 23:09,77076.0,77076.0,77069.02344,77069.02344,175919104
2026-05-18 23:10,77075.96875,77095.40625,77075.54688,77094.97656,0
2026-05-18 23:11,77058.52344,77075.99219,77058.52344,77075.97656,0
2026-05-18 23:12,77059.99219,77077.27344,77054.57812,77054.57812,0
2026-05-18 23:13,77049.99219,77060.0,77046.70312,77060.0,0
2026-05-18 23:14,77025.82812,77050.0,77025.00781,77043.97656,0
2026-05-18 23:15,77022.0,77027.99219,77021.99219,77025.82031,0
2026-05-18 23:16,76978.0,77021.99219,76978.0,77021.99219,0
2026-05-18 23:17,76987.60156,76996.63281,76977.99219,76977.99219,0
2026-05-18 23:18,76975.99219,76987.96094,76975.99219,76983.99219,132415488
2026-05-18 23:19,76983.67188,76983.67188,76972.77344,76975.99219,0
2026-05-18 23:20,76961.97656,76986.99219,76961.97656,76985.82812,0
2026-05-18 23:21,76983.64844,76983.65625,76963.95312,76963.95312,0
2026-05-18 23:22,76986.00781,76987.60156,76982.96875,76983.64844,0
2026-05-18 23:23,77000.60156,77003.46094,76983.99219,76987.0,0
2026-05-18 23:24,76994.82031,76997.47656,76988.09375,76997.47656,0
2026-05-18 23:25,76994.82812,76994.82812,76988.09375,76991.1875,180224
2026-05-18 23:26,76998.99219,77007.32812,76994.1875,76998.88281,0
2026-05-18 23:27,77001.47656,77002.03125,76994.34375,76998.97656,0
2026-05-18 23:28,76999.0,77005.32031,76999.0,77001.49219,0
2026-05-18 23:29,76976.47656,77009.13281,76976.47656,76999.0,0
2026-05-18 23:30,76966.5625,76975.77344,76956.07812,76956.07812,165806080
2026-05-18 23:31,76983.64844,76983.65625,76960.02344,76966.5625,0
2026-05-18 23:32,76932.60156,76991.53125,76932.60156,76991.53125,1327104
2026-05-18 23:33,76945.35156,76948.5,76932.60938,76932.60938,0
2026-05-18 23:34,76956.17969,76956.5,76918.21875,76918.21875,0
2026-05-18 23:35,76953.04688,76956.17969,76937.85938,76956.17969,0
2026-05-18 23:36,76963.95312,76963.95312,76950.45312,76953.04688,0
2026-05-18 23:37,76986.07812,76987.99219,76962.46094,76963.95312,7548928
2026-05-18 23:38,76988.00781,76999.99219,76987.29688,76987.3125,0
2026-05-18 23:39,76987.09375,76989.99219,76976.0,76989.99219,0
2026-05-18 23:40,77004.13281,77004.13281,76983.65625,76991.53906,0
2026-05-18 23:41,77027.46875,77030.90625,77003.75781,77008.09375,6991872
2026-05-18 23:42,77041.04688,77043.60938,77025.96094,77025.96094,0
2026-05-18 23:43,77038.5625,77038.5625,77027.0,77037.82812,0
2026-05-18 23:44,77062.07812,77063.3125,77038.57031,77038.57031,0
2026-05-18 23:45,77021.13281,77062.07031,77013.96875,77062.07031,0
2026-05-18 23:46,76986.95312,77030.0,76986.95312,77020.10156,0
2026-05-18 23:47,76956.67188,76979.72656,76945.5625,76979.72656,0
2026-05-18 23:48,76964.99219,76964.99219,76942.75781,76952.57031,0
2026-05-18 23:49,76966.9375,76975.47656,76964.97656,76964.97656,0
2026-05-18 23:50,76944.27344,76966.95312,76944.27344,76966.9375,0
2026-05-18 23:51,76947.99219,76952.15625,76931.00781,76940.32031,0
2026-05-18 23:52,76928.49219,76949.47656,76921.71094,76949.47656,9674752
2026-05-18 23:53,76920.61719,76932.45312,76920.61719,76925.99219,0
2026-05-18 23:54,76917.97656,76917.99219,76881.3125,76910.0,0
2026-05-18 23:55,76934.96875,76935.00781,76917.97656,76917.97656,0
2026-05-18 23:56,76937.99219,76942.0,76935.03125,76936.36719,0
2026-05-18 23:57,76951.02344,76953.35938,76937.99219,76937.99219,0
2026-05-18 23:58,76950.1875,76953.35938,76945.38281,76952.85938,0
2026-05-19 00:00,76980.47656,76987.60156,76951.1875,76952.46875,106340352
2026-05-19 00:01,76962.96094,76975.82812,76922.42188,76975.82812,0
2026-05-19 00:02,76901.0,76951.28125,76900.92188,76947.03125,0
2026-05-19 00:03,76952.13281,76952.13281,76902.75781,76902.75781,0
2026-05-19 00:04,76929.42188,76949.40625,76899.97656,76949.40625,0
2026-05-19 00:05,76963.45312,76963.45312,76924.60156,76935.0,1945600
2026-05-19 00:06,76963.96094,76963.96094,76932.04688,76953.97656,0
2026-05-19 00:07,77003.35156,77003.35156,76959.86719,76962.57031,0
2026-05-19 00:08,77003.35938,77037.70312,76997.96094,76997.96875,0
2026-05-19 00:09,77001.03125,77003.35938,76971.84375,76990.9375,137818112
2026-05-19 00:10,77045.03906,77045.03906,77019.11719,77019.11719,0
2026-05-19 00:11,77053.97656,77059.96875,77045.97656,77058.0,67256320
2026-05-19 00:12,77098.0,77098.0,77058.21094,77058.21094,0
2026-05-19 00:13,77060.96875,77099.99219,77054.57812,77098.0,0
2026-05-19 00:14,77050.35938,77090.25781,77050.35938,77060.96875,0
2026-05-19 00:15,77045.27344,77050.38281,77033.0,77048.85156,0
2026-05-19 00:16,77099.99219,77099.99219,77040.36719,77045.27344,0
2026-05-19 00:17,77109.78906,77131.35938,77100.52344,77114.77344,0
2026-05-19 00:18,77121.32812,77121.54688,77104.97656,77105.99219,0
2026-05-19 00:19,77149.14062,77149.14062,77119.85156,77124.67188,0
2026-05-19 00:20,77218.82812,77242.74219,77149.13281,77149.13281,0
2026-05-19 00:21,77279.15625,77347.28906,77221.29688,77235.82031,0
2026-05-19 00:22,77251.59375,77290.99219,77237.49219,77290.99219,0
2026-05-19 00:23,77241.47656,77261.39062,77235.82812,77246.42188,0
2026-05-19 00:24,77192.47656,77247.85156,77191.5,77247.85156,0
2026-05-19 00:25,77204.29688,77219.99219,77188.53906,77191.42188,0
2026-05-19 00:26,77180.65625,77200.36719,77179.28906,77200.35938,0
2026-05-19 00:27,77204.64062,77204.64062,77178.75781,77180.67188,162349056
2026-05-19 00:28,77187.9375,77205.39062,77177.95312,77204.64062,0
2026-05-19 00:29,77159.17969,77186.36719,77125.03906,77186.36719,0
2026-05-19 00:30,77158.13281,77175.5625,77158.13281,77173.78906,0
2026-05-19 00:31,77180.65625,77199.28125,77159.27344,77159.27344,0
2026-05-19 00:32,77173.96094,77174.0625,77157.85938,77174.0625,0
2026-05-19 00:33,77158.67188,77173.96094,77158.67188,77173.96094,138076160
2026-05-19 00:34,77153.09375,77167.03125,77153.09375,77157.85938,0
2026-05-19 00:35,77197.92969,77202.32812,77164.89062,77164.89062,0
2026-05-19 00:36,77192.21875,77205.99219,77159.99219,77172.78125,0
2026-05-19 00:37,77172.78125,77192.46875,77168.84375,77168.84375,0
2026-05-19 00:38,77126.89844,77174.53906,77118.65625,77174.53906,1474560
2026-05-19 00:39,77117.60938,77127.99219,77111.5,77125.21875,0
2026-05-19 00:40,77062.5,77117.99219,77062.5,77117.99219,0
2026-05-19 00:41,77099.75781,77100.67969,77057.99219,77064.03906,0
2026-05-19 00:42,77107.1875,77109.74219,77086.10156,77094.95312,0
2026-05-19 00:43,77098.52344,77120.32812,77098.52344,77120.32812,0
2026-05-19 00:44,77123.89844,77129.42969,77093.97656,77093.97656,2617344
2026-05-19 00:45,77115.10938,77153.0625,77115.10938,77123.89844,0
2026-05-19 00:46,77123.47656,77130.0,77093.97656,77109.74219,0
2026-05-19 00:47,77148.8125,77148.92969,77113.46875,77121.5625,0
2026-05-19 00:48,77150.90625,77161.39062,77126.97656,77152.13281,0
2026-05-19 00:49,77164.00781,77183.35156,77135.20312,77135.20312,0
2026-05-19 00:50,77228.3125,77228.3125,77168.70312,77171.04688,0
2026-05-19 00:51,77217.53125,77252.14844,77212.52344,77247.63281,0
2026-05-19 00:52,77176.00781,77202.97656,77159.11719,77202.97656,0
2026-05-19 00:53,77163.97656,77187.32031,77161.03906,77181.99219,0
2026-05-19 00:54,77134.97656,77149.14062,77122.03906,77149.14062,0
2026-05-19 00:55,77129.8125,77153.25,77129.8125,77141.9375,7983104
2026-05-19 00:56,77145.35938,77149.13281,77140.40625,77140.40625,0
2026-05-19 00:57,77104.42188,77143.22656,77103.72656,77143.22656,0
2026-05-19 00:58,77113.67969,77125.5,77106.78906,77106.78906,0
2026-05-19 00:59,77079.52344,77113.6875,77079.52344,77113.6875,82472960
2026-05-19 01:00,77026.4375,77074.28125,77020.97656,77074.28125,0
2026-05-19 01:01,77026.99219,77026.99219,76996.78125,77015.75781,0
2026-05-19 01:02,77079.97656,77079.97656,77026.82031,77026.82031,83800064
2026-05-19 01:03,77018.0625,77079.97656,76996.70312,77079.97656,0
2026-05-19 01:04,77011.14062,77023.96094,76981.5,77023.04688,0
2026-05-19 01:05,77062.46094,77062.46094,77019.52344,77025.60156,0
2026-05-19 01:06,77004.32031,77072.97656,77004.32031,77064.38281,0
2026-05-19 01:07,77053.52344,77053.52344,76989.5,76993.0,0
2026-05-19 01:08,77041.97656,77069.46094,77035.21094,77047.0625,0
2026-05-19 01:09,77058.0,77058.0,77023.0625,77041.99219,0
2026-05-19 01:10,77078.22656,77094.97656,77058.52344,77058.52344,0
2026-05-19 01:11,77094.25,77099.6875,77057.11719,77073.11719,0
2026-05-19 01:12,77047.09375,77090.03906,77047.09375,77090.03906,100323328
2026-05-19 01:13,77047.10156,77047.10156,77024.75,77047.10156,0
2026-05-19 01:14,77061.02344,77065.0,77047.10156,77049.09375,0
2026-05-19 01:15,76996.60938,77070.32812,76965.39844,77064.99219,0
2026-05-19 01:16,76973.89062,77012.0,76956.67188,77007.50781,0
2026-05-19 01:17,76960.10938,76962.78125,76945.88281,76952.14062,0
2026-05-19 01:18,76968.00781,76973.54688,76943.78125,76960.10938,0
2026-05-19 01:19,76930.0,76960.00781,76889.85938,76960.00781,0
2026-05-19 01:20,76916.67188,76920.0,76894.96875,76916.67969,0
2026-05-19 01:21,76858.0,76906.53125,76858.0,76906.53125,2174976
2026-05-19 01:22,76846.59375,76846.59375,76822.13281,76843.85938,0
2026-05-19 01:23,76878.82031,76879.99219,76837.89844,76837.89844,0
2026-05-19 01:24,76842.75781,76877.47656,76842.74219,76865.89062,0
2026-05-19 01:25,76809.03906,76830.0,76809.03906,76825.77344,57032704
2026-05-19 01:26,76668.46094,76780.03125,76656.42188,76780.03125,0
2026-05-19 01:27,76703.92969,76715.03906,76649.97656,76678.92188,0
2026-05-19 01:28,76696.45312,76715.74219,76688.15625,76703.17969,82268160
2026-05-19 01:29,76705.34375,76721.46094,76699.96875,76699.96875,0
2026-05-19 01:30,76624.0,76669.0,76621.72656,76669.0,0
2026-05-19 01:31,76690.0,76698.39062,76632.99219,76632.99219,7409664
2026-05-19 01:32,76752.00781,76761.35938,76690.00781,76690.00781,45289472
2026-05-19 01:33,76806.02344,76806.02344,76761.71094,76764.11719,0
2026-05-19 01:34,76810.39844,76812.89062,76808.0,76812.89062,0
2026-05-19 01:35,76822.10938,76822.11719,76802.42188,76814.03125,0
2026-05-19 01:36,76830.00781,76872.53125,76822.17969,76837.88281,0
2026-05-19 01:37,76797.89844,76820.0,76783.21094,76820.0,0
2026-05-19 01:38,76791.89062,76805.14062,76768.92188,76791.65625,69181440
2026-05-19 01:39,76735.96875,76790.59375,76735.96875,76760.11719,0
2026-05-19 01:40,76705.15625,76728.0,76704.00781,76728.0,0
2026-05-19 01:41,76726.07812,76726.07812,76701.65625,76714.89844,1220608
2026-05-19 01:42,76774.90625,76774.90625,76726.07812,76726.07812,65490944
2026-05-19 01:43,76821.57812,76822.10938,76774.84375,76775.99219,0
2026-05-19 01:44,76798.47656,76832.57812,76797.00781,76825.86719,606208
2026-05-19 01:45,76784.67188,76807.27344,76770.89844,76807.25781,0
2026-05-19 01:46,76770.89844,76787.90625,76761.8125,76785.17188,194461696
2026-05-19 01:47,76723.61719,76759.54688,76714.54688,76755.14062,45056
2026-05-19 01:48,76703.84375,76714.5625,76681.78906,76714.5625,0
2026-05-19 01:49,76660.57031,76700.28125,76649.22656,76700.28125,0
2026-05-19 01:50,76726.03125,76726.03125,76689.35156,76699.96875,0
2026-05-19 01:51,76659.39844,76727.50781,76659.39844,76727.50781,0
2026-05-19 01:52,76687.13281,76690.35938,76652.70312,76667.96875,83689472
2026-05-19 01:53,76706.20312,76711.78906,76685.03906,76695.0625,17944576
2026-05-19 01:54,76691.42969,76691.42969,76674.11719,76691.03125,0
2026-05-19 01:55,76663.0,76682.85156,76657.28125,76681.97656,0
2026-05-19 01:56,76668.46094,76680.89844,76651.70312,76655.04688,80519168
2026-05-19 01:57,76673.13281,76673.13281,76640.89062,76644.02344,0
2026-05-19 01:58,76664.52344,76681.0,76664.52344,76677.07031,0
2026-05-19 01:59,76603.77344,76653.90625,76603.77344,76653.90625,0
2026-05-19 02:00,76605.42969,76627.52344,76590.52344,76600.0,0
2026-05-19 02:01,76633.00781,76653.96094,76597.53125,76597.53125,0
2026-05-19 02:02,76640.86719,76642.75781,76618.53906,76625.11719,847872
2026-05-19 02:03,76522.67969,76636.88281,76522.67969,76636.88281,0
2026-05-19 02:04,76471.45312,76522.10938,76428.11719,76522.10938,0
2026-05-19 02:05,76528.90625,76528.90625,76475.39844,76479.53125,0
2026-05-19 02:06,76598.00781,76604.89062,76527.17969,76527.17969,0
2026-05-19 02:07,76620.0,76622.09375,76576.61719,76605.89062,94117888
2026-05-19 02:08,76608.10938,76616.97656,76595.00781,76614.6875,1425408
2026-05-19 02:09,76559.00781,76606.78906,76559.00781,76606.78906,26288128
2026-05-19 02:10,76601.53906,76604.09375,76558.15625,76558.15625,0
2026-05-19 02:11,76571.72656,76601.53906,76567.02344,76601.53906,0
2026-05-19 02:12,76621.1875,76621.1875,76574.65625,76576.35938,0
2026-05-19 02:13,76630.89844,76630.89844,76605.42188,76621.1875,0
2026-05-19 02:14,76661.57812,76661.57812,76644.0,76644.0,0
2026-05-19 02:15,76665.63281,76665.99219,76609.07812,76655.99219,103067648
2026-05-19 02:16,76681.96875,76681.96875,76626.1875,76640.88281,88309760
2026-05-19 02:17,76719.64844,76719.64844,76689.9375,76689.95312,0
2026-05-19 02:18,76709.50781,76730.24219,76697.03125,76730.24219,0
2026-05-19 02:19,76711.09375,76731.96094,76701.0,76714.10156,0
2026-05-19 02:20,76759.02344,76761.82812,76721.82812,76721.82812,0
2026-05-19 02:21,76727.5625,76755.14062,76727.5625,76755.14062,0
2026-05-19 02:22,76766.95312,76768.0,76744.85938,76745.4375,0
2026-05-19 02:23,76774.14062,76774.14062,76755.14062,76759.07812,12288
2026-05-19 02:24,76934.21875,76934.21875,76774.96875,76774.96875,151605248
2026-05-19 02:25,76870.32031,76902.34375,76870.32031,76886.79688,163840
2026-05-19 02:26,76841.5,76864.0,76837.88281,76864.0,0
2026-05-19 02:27,76837.88281,76856.09375,76831.72656,76841.49219,0
2026-05-19 02:28,76807.60938,76842.5625,76803.64062,76834.02344,0
2026-05-19 02:29,76759.07031,76802.4375,76759.07031,76802.4375,214032384
2026-05-19 02:30,76722.32812,76759.3125,76721.0625,76759.3125,0
2026-05-19 02:31,76727.67969,76745.95312,76703.92188,76726.89062,73728
2026-05-19 02:32,76765.21094,76769.42969,76711.99219,76723.61719,0
2026-05-19 02:33,76769.4375,76782.60938,76758.95312,76774.82812,1294336
2026-05-19 02:34,76723.61719,76773.88281,76723.61719,76773.88281,92491776
2026-05-19 02:35,76742.38281,76742.38281,76719.6875,76723.61719,0
2026-05-19 02:36,76684.21094,76747.00781,76674.78125,76741.27344,0
2026-05-19 02:37,76723.99219,76723.99219,76680.09375,76684.21094,0
2026-05-19 02:38,76742.27344,76751.1875,76726.84375,76726.84375,0
2026-05-19 02:39,76718.57031,76743.3125,76712.09375,76740.07812,35938304
2026-05-19 02:40,76741.17188,76741.17188,76699.96875,76699.96875,3100672
2026-05-19 02:41,76699.97656,76737.32031,76699.97656,76737.32031,2740224
2026-05-19 02:42,76699.15625,76711.74219,76698.00781,76702.75,49123328
2026-05-19 02:43,76676.82031,76697.70312,76674.14844,76697.70312,0
2026-05-19 02:44,76689.95312,76698.04688,76676.00781,76676.00781,0
2026-05-19 02:45,76692.10156,76722.25781,76682.90625,76687.3125,121786368
2026-05-19 02:46,76716.92969,76731.5,76692.10156,76692.10156,0
2026-05-19 02:47,76676.47656,76717.96094,76676.47656,76717.96094,0
2026-05-19 02:48,76659.39844,76665.10938,76637.77344,76663.17188,0
2026-05-19 02:49,76681.67188,76681.67188,76636.10156,76652.02344,15945728
2026-05-19 02:50,76666.5625,76692.10156,76657.96875,76692.10156,0
2026-05-19 02:51,76669.71094,76680.27344,76664.57812,76680.27344,0
2026-05-19 02:52,76589.65625,76664.52344,76589.65625,76664.52344,0
2026-05-19 02:53,76581.78906,76601.84375,76568.89844,76582.17969,0
2026-05-19 02:54,76565.99219,76573.89844,76538.20312,76573.89844,0
2026-05-19 02:55,76566.03906,76577.46875,76542.3125,76569.92188,0
2026-05-19 02:56,76600.17188,76605.82812,76563.35156,76576.07031,0
2026-05-19 02:57,76557.53125,76588.24219,76547.72656,76586.0,0
2026-05-19 02:58,76565.75781,76565.75781,76538.97656,76553.96875,0
2026-05-19 02:59,76550.25781,76561.78906,76547.21094,76561.78906,0
2026-05-19 03:00,76523.97656,76545.95312,76521.35938,76534.5,0
2026-05-19 03:01,76530.52344,76543.88281,76527.99219,76529.96875,0
2026-05-19 03:02,76551.22656,76551.25,76522.67969,76522.67969,0
2026-05-19 03:03,76529.90625,76544.65625,76522.67969,76544.64844,0
2026-05-19 03:04,76551.0,76558.54688,76530.54688,76530.54688,0
2026-05-19 03:05,76562.07812,76578.3125,76558.13281,76558.13281,0
2026-05-19 03:06,76617.24219,76620.92969,76577.14062,76577.14062,0
2026-05-19 03:07,76599.5625,76624.79688,76589.65625,76620.92188,0
2026-05-19 03:08,76630.96875,76632.61719,76573.89844,76585.71875,2203648
2026-05-19 03:09,76639.99219,76639.99219,76623.8125,76625.57812,0
2026-05-19 03:10,76609.75781,76655.92188,76609.75781,76641.54688,138616832
2026-05-19 03:11,76657.5,76657.5,76625.10938,76625.10938,0
2026-05-19 03:12,76685.78906,76685.78906,76654.39844,76654.39844,0
2026-05-19 03:13,76711.92188,76715.20312,76688.89062,76688.89062,1736704
2026-05-19 03:14,76710.0,76712.02344,76699.97656,76705.03906,0
2026-05-19 03:15,76710.00781,76712.03125,76686.00781,76712.03125,0
2026-05-19 03:16,76720.14844,76720.14844,76699.97656,76705.24219,0
2026-05-19 03:17,76782.75,76782.75,76726.21875,76726.21875,9986048
2026-05-19 03:18,76788.09375,76803.42188,76778.02344,76786.65625,0
2026-05-19 03:19,76708.11719,76789.99219,76708.11719,76789.99219,0
2026-05-19 03:20,76722.14062,76726.67969,76708.13281,76708.13281,0
2026-05-19 03:21,76680.28125,76725.02344,76680.28125,76725.02344,5869568
2026-05-19 03:22,76673.47656,76692.09375,76672.40625,76680.28125,15478784
2026-05-19 03:23,76644.82031,76671.11719,76644.82031,76669.00781,67067904
2026-05-19 03:24,76662.03906,76664.50781,76632.61719,76632.61719,0
2026-05-19 03:25,76672.0625,76676.00781,76660.60156,76663.82812,0
2026-05-19 03:26,76661.78125,76681.50781,76657.0,76672.0625,0
2026-05-19 03:27,76684.0625,76699.96875,76672.39062,76672.39062,34635776
2026-05-19 03:28,76673.10156,76685.0625,76670.09375,76684.07031,82010112
2026-05-19 03:29,76690.03125,76690.03125,76661.38281,76673.11719,0
2026-05-19 03:30,76732.0,76740.77344,76696.03906,76696.03906,0
2026-05-19 03:31,76701.90625,76736.59375,76690.03906,76734.99219,0
2026-05-19 03:32,76688.60938,76711.75781,76682.21094,76709.75,0
2026-05-19 03:33,76732.52344,76732.52344,76688.60938,76688.60938,0
2026-05-19 03:34,76734.61719,76737.11719,76709.14844,76732.52344,0
2026-05-19 03:35,76730.21875,76736.78125,76727.5625,76736.78125,0
2026-05-19 03:36,76715.65625,76723.61719,76711.79688,76723.61719,0
2026-05-19 03:37,76723.15625,76729.42188,76712.65625,76715.64844,0
2026-05-19 03:38,76766.32812,76766.32812,76743.67188,76749.42969,0
2026-05-19 03:39,76751.88281,76767.99219,76743.45312,76767.54688,0
2026-05-19 03:40,76744.07812,76771.86719,76744.07812,76751.88281,5419008
2026-05-19 03:41,76733.54688,76745.97656,76733.54688,76742.71094,0
2026-05-19 03:42,76753.6875,76753.6875,76733.53906,76733.53906,0
2026-05-19 03:43,76759.36719,76759.36719,76746.86719,76752.99219,0
2026-05-19 03:44,76786.22656,76790.00781,76759.36719,76759.36719,0
2026-05-19 03:45,76772.38281,76781.25,76753.88281,76781.25,0
2026-05-19 03:46,76773.89062,76782.75,76766.47656,76766.47656,0
2026-05-19 03:47,76770.89844,76786.99219,76765.00781,76767.97656,0
2026-05-19 03:48,76772.03125,76776.5625,76768.0,76768.00781,99606528
2026-05-19 03:49,76767.15625,76767.15625,76747.25781,76766.90625,8192
2026-05-19 03:50,76797.09375,76800.0,76767.15625,76767.15625,0
2026-05-19 03:51,76763.02344,76781.17188,76763.02344,76771.49219,0
2026-05-19 03:52,76759.77344,76781.42188,76750.28125,76759.96875,0
2026-05-19 03:53,76740.0,76768.61719,76740.0,76766.95312,0
2026-05-19 03:54,76749.85938,76749.85938,76720.27344,76737.32812,0
2026-05-19 03:55,76724.21875,76758.45312,76721.99219,76758.45312,0
2026-05-19 03:56,76719.97656,76726.22656,76715.65625,76724.21875,0
2026-05-19 03:57,76718.32031,76721.25,76718.28906,76718.75781,0
2026-05-19 03:58,76700.00781,76718.32031,76700.00781,76718.32031,0
2026-05-19 03:59,76721.99219,76724.90625,76693.42188,76696.04688,253952
2026-05-19 04:00,76675.99219,76715.90625,76674.0,76715.75,0
2026-05-19 04:01,76735.11719,76766.95312,76660.57812,76660.57812,667648
2026-05-19 04:02,76685.17969,76734.0,76685.17969,76734.0,0
2026-05-19 04:03,76711.70312,76711.70312,76666.14844,76672.39844,0
2026-05-19 04:04,76746.75781,76746.75781,76702.00781,76702.00781,6565888
2026-05-19 04:05,76766.89844,76766.89844,76723.36719,76725.0,0
2026-05-19 04:06,76718.89844,76748.0,76711.5,76748.0,0
2026-05-19 04:07,76760.0625,76760.0625,76704.0,76718.53125,4112384
2026-05-19 04:08,76782.96094,76788.53125,76780.70312,76784.82031,0
2026-05-19 04:09,76793.50781,76793.50781,76766.96094,76782.96094,226942976
2026-05-19 04:10,76812.71094,76813.59375,76789.22656,76790.46094,0
2026-05-19 04:11,76876.74219,76879.25,76812.46094,76817.17969,0
2026-05-19 04:12,76832.32812,76854.50781,76830.39062,76854.50781,0
2026-05-19 04:13,76833.90625,76833.92188,76828.07812,76833.90625,0
2026-05-19 04:14,76824.60938,76833.90625,76818.17969,76833.90625,84459520
2026-05-19 04:15,76813.38281,76824.60156,76794.54688,76824.60156,0
2026-05-19 04:16,76795.97656,76808.00781,76786.65625,76808.00781,0
2026-05-19 04:17,76800.0,76822.24219,76796.5625,76796.5625,253952
2026-05-19 04:18,76759.89844,76803.42969,76751.20312,76803.42969,0
2026-05-19 04:19,76728.5,76759.89844,76728.28125,76759.89844,0
2026-05-19 04:20,76769.0625,76769.07031,76719.67969,76720.85156,0
2026-05-19 04:21,76739.39062,76770.17188,76739.39062,76770.17188,235171840
2026-05-19 04:22,76688.17188,76723.61719,76688.17188,76723.61719,0
2026-05-19 04:23,76653.71094,76684.21875,76644.82812,76684.21875,0
2026-05-19 04:24,76665.39844,76667.74219,76655.88281,76655.88281,13905920
2026-05-19 04:25,76667.78906,76673.17188,76657.85156,76672.39062,0
2026-05-19 04:26,76635.53125,76668.42969,76635.53125,76667.78125,4083712
2026-05-19 04:27,76656.39844,76656.39844,76633.92188,76633.92188,0
2026-05-19 04:28,76674.97656,76674.97656,76656.89062,76659.96875,0
2026-05-19 04:29,76673.0625,76673.0625,76656.89062,76656.89062,0
2026-05-19 04:30,76713.09375,76714.97656,76672.39844,76674.97656,0
2026-05-19 04:31,76725.0,76725.0,76707.85938,76716.59375,0
2026-05-19 04:32,76730.17969,76739.36719,76730.17969,76730.47656,0
2026-05-19 04:33,76735.36719,76754.96875,76716.60938,76716.61719,0
2026-05-19 04:34,76742.85938,76755.14062,76741.96875,76743.10156,0
2026-05-19 04:35,76798.57812,76798.57812,76743.6875,76744.89062,230494208
2026-05-19 04:36,76800.0625,76814.53125,76800.0625,76802.40625,0
2026-05-19 04:37,76778.25,76804.20312,76778.25,76802.89844,0
2026-05-19 04:38,76759.21875,76785.99219,76759.21875,76770.89844,10379264
2026-05-19 04:39,76774.32031,76794.64062,76759.22656,76759.22656,0
2026-05-19 04:40,76831.03906,76831.03906,76774.32031,76774.32031,122007552
2026-05-19 04:41,76820.02344,76845.8125,76820.02344,76831.03906,2383872
2026-05-19 04:42,76810.54688,76819.84375,76810.54688,76819.84375,4976640
2026-05-19 04:43,76816.25,76823.75781,76815.25781,76819.82812,0
2026-05-19 04:44,76813.21094,76817.15625,76812.89062,76813.29688,0
2026-05-19 04:45,76841.85938,76844.35156,76811.59375,76811.59375,0
2026-05-19 04:46,76807.36719,76856.07812,76807.36719,76843.28125,0
2026-05-19 04:47,76832.59375,76832.59375,76795.8125,76807.35938,1708032
2026-05-19 04:48,76833.24219,76837.03125,76811.78906,76824.1875,0
2026-05-19 04:49,76830.67969,76843.89062,76830.67188,76831.71875,0
2026-05-19 04:50,76813.20312,76830.67188,76811.86719,76830.67188,0
2026-05-19 04:51,76850.53906,76864.9375,76813.1875,76813.20312,0
2026-05-19 04:52,76845.57031,76879.5,76845.57031,76864.9375,0
2026-05-19 04:53,76855.32031,76859.0,76855.32031,76859.0,1683456
2026-05-19 04:54,76855.97656,76870.79688,76855.32031,76855.32031,26849280
2026-05-19 04:55,76852.96875,76863.97656,76850.02344,76857.96875,0
2026-05-19 04:56,76878.14062,76879.5625,76852.96875,76852.96875,5689344
2026-05-19 04:57,76850.84375,76878.03125,76850.00781,76878.03125,0
2026-05-19 04:58,76850.25,76853.72656,76844.95312,76844.95312,0
2026-05-19 04:59,76855.28906,76860.49219,76845.77344,76845.77344,1486848
2026-05-19 05:00,76852.0,76877.92969,76852.0,76859.50781,0
2026-05-19 05:01,76850.28906,76857.57812,76849.70312,76852.03906,36524032
2026-05-19 05:02,76834.03125,76844.38281,76833.92969,76841.82812,0
2026-05-19 05:03,76819.86719,76834.03125,76798.20312,76834.03125,0
2026-05-19 05:04,76839.40625,76857.53906,76819.86719,76819.86719,2478080
2026-05-19 05:05,76834.54688,76845.72656,76834.47656,76839.40625,1916928
2026-05-19 05:06,76824.0,76824.0,76806.35938,76818.17969,0
2026-05-19 05:07,76833.9375,76849.14844,76824.0,76824.0,0
2026-05-19 05:08,76845.22656,76849.45312,76817.67188,76829.77344,0
2026-05-19 05:09,76856.92969,76865.47656,76847.92188,76853.28125,0
2026-05-19 05:10,76845.82812,76863.11719,76822.57031,76853.86719,4812800
2026-05-19 05:11,76833.64844,76845.82812,76830.00781,76845.82812,0
2026-05-19 05:12,76819.85156,76834.0625,76819.84375,76834.0625,0
2026-05-19 05:13,76816.89062,76837.88281,76816.89062,76821.17969,4829184
2026-05-19 05:14,76798.00781,76813.75,76774.84375,76809.53125,0
2026-05-19 05:15,76776.60938,76802.40625,76776.60938,76802.40625,299319296
2026-05-19 05:16,76768.64062,76774.35156,76752.45312,76774.35156,0
2026-05-19 05:17,76732.07812,76773.27344,76731.50781,76773.27344,3059712
2026-05-19 05:18,76732.8125,76747.25,76729.3125,76732.3125,28889088
2026-05-19 05:19,76694.15625,76738.00781,76692.10156,76732.92969,0
2026-05-19 05:20,76689.64062,76701.14062,76688.03125,76694.15625,44437504
2026-05-19 05:21,76667.10156,76692.02344,76656.64062,76689.64062,0
2026-05-19 05:22,76679.79688,76679.79688,76652.89844,76660.57812,0
2026-05-19 05:23,76602.9375,76679.79688,76602.92969,76679.79688,0
2026-05-19 05:24,76620.60156,76620.60156,76577.84375,76592.28906,40038400
2026-05-19 05:25,76664.53125,76672.82812,76601.52344,76605.42969,638976
2026-05-19 05:26,76645.82812,76667.99219,76645.82031,76657.53125,0
2026-05-19 05:27,76692.09375,76692.09375,76649.32812,76649.32812,0
2026-05-19 05:28,76748.11719,76755.13281,76719.64844,76719.64844,26644480
2026-05-19 05:29,76761.32812,76761.32812,76746.00781,76750.03906,2486272
2026-05-19 05:30,76770.88281,76770.88281,76707.85938,76748.02344,0
2026-05-19 05:31,76751.21094,76769.54688,76751.21094,76754.14062,4567040
2026-05-19 05:32,76763.02344,76786.64844,76751.20312,76751.21094,0
2026-05-19 05:33,76781.92188,76788.0,76763.02344,76763.02344,0
2026-05-19 05:34,76759.07812,76798.46875,76759.07812,76776.61719,155926528
2026-05-19 05:35,76774.82812,76774.82812,76732.96094,76751.20312,0
2026-05-19 05:36,76798.04688,76798.04688,76763.03125,76763.03125,0
2026-05-19 05:37,76836.88281,76841.21094,76798.07031,76798.07031,0
2026-05-19 05:38,76862.14062,76881.21094,76838.34375,76838.34375,0
2026-05-19 05:39,76861.50781,76869.39844,76852.5625,76867.0625,187203584
2026-05-19 05:40,76884.09375,76884.09375,76845.75781,76850.0,0
2026-05-19 05:41,76877.28125,76886.89844,76873.34375,76878.46094,56360960
2026-05-19 05:42,76911.27344,76942.89062,76872.10156,76873.38281,3530752
2026-05-19 05:43,76896.0,76913.78125,76893.11719,76913.78125,0
2026-05-19 05:44,76845.78906,76883.84375,76845.75781,76883.84375,0
2026-05-19 05:45,76836.46094,76867.82031,76836.46094,76847.99219,49717248
2026-05-19 05:46,76808.00781,76846.99219,76808.00781,76843.85938,0
2026-05-19 05:47,76849.6875,76849.6875,76808.00781,76808.00781,0
2026-05-19 05:48,76892.0,76892.0,76843.00781,76843.00781,0
2026-05-19 05:49,76903.71875,76918.10156,76879.57031,76892.0,33427456
2026-05-19 05:50,76883.38281,76904.85156,76883.32812,76897.38281,137043968
2026-05-19 05:51,76888.42188,76910.03906,76883.34375,76890.32031,0
2026-05-19 05:52,76879.67969,76885.63281,76872.5,76882.03125,0
2026-05-19 05:53,76880.04688,76880.04688,76859.40625,76859.40625,0
2026-05-19 05:54,76869.60938,76880.04688,76869.39844,76880.04688,0
2026-05-19 05:55,76855.0,76865.46094,76841.82031,76865.46094,0
2026-05-19 05:56,76863.07812,76863.07812,76846.0,76851.92969,55296000
2026-05-19 05:57,76852.40625,76863.54688,76845.74219,76859.29688,76103680
2026-05-19 05:58,76870.6875,76872.21875,76856.97656,76856.97656,1470464
2026-05-19 05:59,76846.99219,76877.17188,76846.99219,76873.32812,0
2026-05-19 06:00,76822.13281,76845.9375,76822.13281,76844.53125,0
2026-05-19 06:01,76838.64062,76845.53906,76822.13281,76826.46094,0
2026-05-19 06:02,76900.90625,76900.90625,76838.63281,76838.63281,86450176
2026-05-19 06:03,76913.64062,76913.64062,76882.03125,76898.67188,0
2026-05-19 06:04,76916.67188,76916.67188,76888.02344,76905.99219,0
2026-05-19 06:05,76893.25781,76923.82812,76892.25,76923.82812,0
2026-05-19 06:06,76885.14844,76885.14844,76862.17188,76877.28906,0
2026-05-19 06:07,76883.67969,76909.96094,76881.27344,76893.02344,0
2026-05-19 06:08,76874.00781,76900.90625,76874.00781,76886.28906,0
2026-05-19 06:09,76920.61719,76920.61719,76861.52344,76885.03906,0
2026-05-19 06:10,76905.74219,76923.00781,76893.03906,76912.74219,0
2026-05-19 06:11,76877.28125,76919.96875,76877.28125,76908.35156,0
2026-05-19 06:12,76922.35156,76922.35156,76867.9375,76869.40625,0
2026-05-19 06:13,76933.92188,76943.0625,76920.8125,76922.35156,0
2026-05-19 06:14,76928.5,76946.60938,76928.5,76933.92969,0
2026-05-19 06:15,76931.46875,76947.57812,76931.46875,76940.3125,0
2026-05-19 06:16,76928.49219,76932.89844,76915.46875,76931.77344,0
2026-05-19 06:17,76889.09375,76933.97656,76877.28125,76926.00781,0
2026-05-19 06:18,76926.59375,76926.59375,76886.95312,76886.95312,0
2026-05-19 06:19,76915.96875,76926.59375,76909.07031,76926.59375,0
2026-05-19 06:20,76916.67969,76936.36719,76914.9375,76917.53125,0
2026-05-19 06:21,76944.25,76944.25,76926.61719,76926.61719,0
2026-05-19 06:22,76940.32031,76956.13281,76936.38281,76936.38281,1777664
2026-05-19 06:23,76940.32031,76940.32812,76940.32031,76940.32031,0
2026-05-19 06:24,76900.92188,76937.72656,76900.92188,76937.72656,0
2026-05-19 06:25,76924.5625,76924.5625,76909.35938,76909.35938,0
2026-05-19 06:26,76940.88281,76940.88281,76924.54688,76924.54688,0
2026-05-19 06:27,76972.71094,76980.00781,76948.1875,76948.1875,0
2026-05-19 06:28,76950.89062,76980.21875,76932.4375,76980.21875,0
2026-05-19 06:29,76948.20312,76954.72656,76932.4375,76950.89062,0
2026-05-19 06:30,76976.39844,76999.42188,76944.25,76944.25,0
2026-05-19 06:31,76991.28125,76999.99219,76976.00781,76986.90625,231849984
2026-05-19 06:32,76952.14844,76993.82031,76952.14062,76993.82031,0
2026-05-19 06:33,76996.07812,76999.97656,76969.46875,76969.46875,0
2026-05-19 06:34,76957.77344,77005.3125,76952.85156,76997.67969,0
2026-05-19 06:35,76932.45312,76957.32031,76932.45312,76957.32031,3883008
2026-05-19 06:36,76912.75,76930.60938,76912.74219,76930.60938,0
2026-05-19 06:37,76883.75,76923.96875,76871.53125,76923.96875,48373760
2026-05-19 06:38,76977.78125,76977.78125,76899.60156,76899.60156,344064
2026-05-19 06:39,76996.54688,77000.0,76967.89844,76979.99219,0
2026-05-19 06:40,76978.20312,76998.25781,76978.20312,76996.5625,6377472
2026-05-19 06:41,76980.67188,76985.60938,76980.0,76980.00781,0
2026-05-19 06:42,76993.65625,76993.65625,76980.11719,76980.71094,0
2026-05-19 06:43,76991.00781,76998.25781,76991.00781,76998.21094,0
2026-05-19 06:44,77018.35938,77043.17969,76975.78125,76978.39844,0
2026-05-19 06:45,77017.07812,77023.07031,77007.32031,77018.35938,0
2026-05-19 06:46,77000.57031,77023.21094,76974.72656,77019.17188,0
2026-05-19 06:47,77020.60938,77020.60938,77010.45312,77010.45312,0
2026-05-19 06:48,77007.29688,77023.99219,77004.90625,77020.61719,0
2026-05-19 06:49,77000.27344,77009.99219,76995.75,77007.29688,0
2026-05-19 06:50,77025.4375,77025.95312,77001.99219,77001.99219,87220224
2026-05-19 06:51,77006.00781,77027.36719,77006.00781,77025.67969,0
2026-05-19 06:52,77024.0,77029.49219,77006.00781,77006.00781,0
2026-05-19 06:53,77003.46875,77016.02344,76999.42188,77016.02344,1069056
2026-05-19 06:54,76995.89844,77007.09375,76995.47656,77000.03906,0
2026-05-19 06:55,77007.29688,77017.65625,77003.02344,77003.02344,0
2026-05-19 06:56,76999.61719,77004.36719,76999.61719,77003.07812,88686592
2026-05-19 06:57,76987.97656,76999.61719,76987.60156,76999.61719,0
2026-05-19 06:58,76957.67188,76977.60938,76957.65625,76976.84375,0
2026-05-19 06:59,76965.74219,76971.99219,76965.74219,76965.74219,1445888
2026-05-19 07:00,76933.00781,76951.27344,76919.34375,76944.25781,75202560
2026-05-19 07:01,76952.45312,76964.0,76940.29688,76940.29688,0
2026-05-19 07:02,76940.32812,76956.82031,76940.32031,76953.24219,0
2026-05-19 07:03,76920.5625,76928.5,76908.79688,76928.5,0
2026-05-19 07:04,76922.13281,76937.20312,76916.67969,76936.36719,0
2026-05-19 07:05,76946.38281,76946.38281,76916.67969,76916.67969,0
2026-05-19 07:06,76952.14062,76952.14062,76937.25,76947.24219,0
2026-05-19 07:07,77000.09375,77000.09375,76960.34375,76960.34375,0
2026-05-19 07:08,77007.04688,77007.04688,76991.59375,77000.09375,0
2026-05-19 07:09,77012.28125,77064.53125,77011.24219,77011.24219,79814656
2026-05-19 07:10,76987.60156,77020.97656,76987.60156,77019.13281,0
2026-05-19 07:11,77023.03906,77031.99219,76971.84375,76983.67188,0
2026-05-19 07:12,77025.35156,77030.92969,77011.24219,77013.39062,0
2026-05-19 07:13,77052.67188,77063.99219,77030.92969,77030.92969,0
2026-05-19 07:14,77081.21875,77081.21875,77052.67188,77052.67188,103530496
2026-05-19 07:15,77105.96875,77115.13281,77090.03125,77090.03125,0
2026-05-19 07:16,77062.03906,77105.90625,77062.03906,77105.90625,9330688
2026-05-19 07:17,77093.15625,77093.15625,77055.97656,77055.97656,0
2026-05-19 07:18,77126.0,77128.0,77099.00781,77102.22656,0
2026-05-19 07:19,77141.60156,77156.28125,77133.36719,77133.36719,0
2026-05-19 07:20,77147.96094,77152.0,77140.35938,77141.25781,62980096
2026-05-19 07:21,77165.90625,77196.02344,77148.3125,77148.3125,4079616
2026-05-19 07:22,77121.5625,77189.45312,77121.5625,77165.90625,0
2026-05-19 07:23,77096.00781,77113.6875,77078.0,77113.67969,0
2026-05-19 07:24,77074.28125,77102.0,77074.28125,77097.88281,0
2026-05-19 07:25,77059.97656,77074.28125,77046.0625,77074.28125,0
2026-05-19 07:26,77047.85938,77060.99219,77046.70312,77058.50781,5627904
2026-05-19 07:27,77086.10156,77096.1875,77046.02344,77046.02344,111484928
2026-05-19 07:28,77081.39062,77086.75,77078.21875,77082.17188,0
2026-05-19 07:29,77072.02344,77081.39062,77054.57812,77081.39062,0
2026-05-19 07:30,77072.00781,77082.03125,77072.00781,77081.82031,0
2026-05-19 07:31,77105.79688,77111.28906,77072.00781,77072.00781,0
2026-05-19 07:32,77114.27344,77117.42969,77101.85938,77102.75781,4022272
2026-05-19 07:33,77105.89844,77117.54688,77105.79688,77117.54688,55951360
2026-05-19 07:34,77104.03125,77106.84375,77099.46094,77105.90625,0
2026-05-19 07:35,77094.3125,77114.21875,77093.97656,77097.90625,0
2026-05-19 07:36,77097.20312,77105.96094,77088.0,77088.0,0
2026-05-19 07:37,77121.5625,77142.13281,77101.0625,77101.0625,0
2026-05-19 07:38,77146.71094,77153.63281,77105.8125,77109.75,0
2026-05-19 07:39,77138.84375,77172.78125,77113.67969,77152.0,0
2026-05-19 07:40,77123.72656,77143.11719,77122.57031,77143.11719,8933376
2026-05-19 07:41,77138.82031,77138.82031,77125.24219,77125.25,0
2026-05-19 07:42,77179.10156,77179.10156,77138.82031,77138.82031,174014464
2026-05-19 07:43,77185.99219,77212.17188,77184.60156,77184.60156,0
2026-05-19 07:44,77197.03125,77208.45312,77191.39062,77191.39062,0
2026-05-19 07:45,77194.42969,77201.96875,77184.60156,77187.35938,0
2026-05-19 07:46,77180.96094,77194.42969,77172.78125,77194.42969,0
2026-05-19 07:47,77198.32031,77211.60156,77189.1875,77189.1875,30572544
2026-05-19 07:48,77192.47656,77219.82031,77192.47656,77198.03125,0
2026-05-19 07:49,77188.53906,77201.13281,77188.53906,77194.75781,0
2026-05-19 07:50,77209.96094,77209.96094,77168.84375,77184.60938,0
2026-05-19 07:51,77209.14062,77218.79688,77197.82031,77210.61719,0
2026-05-19 07:52,77205.42969,77205.42969,77180.0,77200.35938,0
2026-05-19 07:53,77179.84375,77205.85938,77179.84375,77205.42969,0
2026-05-19 07:54,77157.02344,77179.42969,77157.02344,77176.71875,0
2026-05-19 07:55,77180.65625,77180.65625,77154.03906,77160.99219,0
2026-05-19 07:56,77166.35938,77188.53906,77164.00781,77188.53906,0
2026-05-19 07:57,77157.02344,77166.57031,77157.02344,77166.36719,0
2026-05-19 07:58,77153.15625,77180.64844,77153.15625,77168.84375,0
2026-05-19 07:59,77178.0,77178.0,77153.15625,77153.15625,0
2026-05-19 08:00,77164.89844,77187.0,77164.89844,77169.9375,0
2026-05-19 08:01,77129.4375,77157.97656,77129.4375,77154.34375,213757952
2026-05-19 08:02,77130.0,77148.40625,77113.6875,77140.02344,0
2026-05-19 08:03,77140.71094,77140.71875,77125.5,77128.24219,0
2026-05-19 08:04,77125.49219,77137.49219,77114.35938,77137.49219,0
2026-05-19 08:05,77099.36719,77123.92969,77090.03906,77123.92969,0
2026-05-19 08:06,77082.77344,77097.57031,77080.32812,77097.57031,0
2026-05-19 08:07,77073.25,77081.61719,77040.22656,77081.61719,0
2026-05-19 08:08,77057.13281,77069.99219,77046.70312,77069.99219,0
2026-05-19 08:09,77042.75781,77066.39844,77042.75781,77060.5,0
2026-05-19 08:10,77053.40625,77053.42188,77019.11719,77030.9375,0
2026-05-19 08:11,77008.74219,77036.45312,77006.86719,77034.88281,0
2026-05-19 08:12,77008.57812,77026.99219,77000.00781,77010.03125,0
2026-05-19 08:13,76983.65625,77023.04688,76983.65625,77000.42969,85049344
2026-05-19 08:14,77051.5625,77051.5625,76991.53125,76991.53125,0
2026-05-19 08:15,77042.28906,77065.0,77042.28906,77053.10156,0
2026-05-19 08:16,77100.0,77100.0,77045.10156,77045.10156,0
2026-05-19 08:17,77090.89062,77125.5,77082.17188,77113.67188,1466368
2026-05-19 08:18,77093.21875,77093.21875,77070.34375,77074.28125,0
2026-05-19 08:19,77062.21875,77094.92969,77062.21875,77093.21875,8724480
2026-05-19 08:20,77066.39844,77078.21094,77059.10156,77059.10156,0
2026-05-19 08:21,77066.39844,77090.03125,77061.21875,77066.39844,0
2026-05-19 08:22,77015.17969,77054.57812,77015.17969,77054.57812,0
2026-05-19 08:23,76991.53906,77026.99219,76991.53906,77024.00781,0
2026-05-19 08:24,76983.64062,76983.64062,76964.39844,76979.71875,321990656
2026-05-19 08:25,76956.07812,76975.77344,76944.25781,76967.89844,0
2026-05-19 08:26,76907.75781,76948.20312,76902.64062,76948.20312,0
2026-05-19 08:27,76954.27344,76954.27344,76903.85938,76903.85938,0
2026-05-19 08:28,76983.64844,76983.64844,76954.25781,76954.25781,6946816
2026-05-19 08:29,77008.6875,77024.47656,76992.63281,76999.40625,2625536
2026-05-19 08:30,77002.54688,77016.0,76975.02344,77003.42188,0
2026-05-19 08:31,76962.07031,77003.32031,76962.0625,76998.45312,0
2026-05-19 08:32,76977.11719,76977.82031,76958.32031,76967.49219,0
2026-05-19 08:33,77003.03125,77006.00781,76975.57031,76975.57031,0
2026-05-19 08:34,77019.65625,77031.17969,77019.65625,77029.27344,0
2026-05-19 08:35,77057.89844,77081.21875,77038.75781,77051.0625,3981312
2026-05-19 08:36,77040.22656,77068.71875,77036.60156,77057.89844,154509312
2026-05-19 08:37,77036.5,77045.25,77028.8125,77040.22656,0
2026-05-19 08:38,77056.78906,77063.49219,77045.24219,77045.25,4198400
2026-05-19 08:39,77073.67969,77081.21875,77061.29688,77061.29688,0
2026-05-19 08:40,77089.53906,77089.53906,77073.57812,77073.67188,0
2026-05-19 08:41,77118.54688,77118.54688,77089.53906,77089.53906,0
2026-05-19 08:42,77242.40625,77242.40625,77131.25781,77131.25781,0
2026-05-19 08:43,77131.28125,77209.0,77131.28125,77209.0,680247296
2026-05-19 08:44,77111.25,77131.27344,77111.25,77126.96875,178475008
2026-05-19 08:45,77120.29688,77132.46094,77103.17969,77103.17969,0
2026-05-19 08:46,77126.34375,77149.77344,77114.64062,77121.3125,20447232
2026-05-19 08:47,77116.25,77144.70312,77116.25,77138.0,0
2026-05-19 08:48,77105.97656,77116.25,77102.0,77116.25,0
2026-05-19 08:49,77086.03906,77105.99219,77081.45312,77105.97656,66564096
2026-05-19 08:50,77091.67969,77097.14062,77084.64062,77084.64844,0
2026-05-19 08:51,77087.49219,77099.6875,77087.49219,77091.67188,29958144
2026-05-19 08:52,77068.75,77097.24219,77068.75,77097.24219,0
2026-05-19 08:53,77054.49219,77075.34375,77040.25,77054.5,0
2026-05-19 08:54,77059.25,77059.25,77052.0,77059.24219,0
2026-05-19 08:55,77046.60938,77053.64844,77026.00781,77040.25,0
2026-05-19 08:56,77036.13281,77046.60938,77036.02344,77046.60938,0
2026-05-19 08:57,77029.1875,77036.13281,77026.0,77036.13281,0
2026-05-19 08:58,77018.10156,77029.20312,77011.75,77029.20312,0
2026-05-19 08:59,76982.07031,77007.00781,76978.49219,77007.00781,0
2026-05-19 09:00,76970.99219,76982.07031,76969.86719,76982.07031,0
2026-05-19 09:01,76978.50781,76992.74219,76961.63281,76975.20312,0
2026-05-19 09:02,76944.17969,76981.9375,76938.4375,76979.46875,0
2026-05-19 09:03,76973.96094,76973.96094,76933.0,76944.17969,0
2026-05-19 09:04,76992.74219,76992.74219,76968.50781,76973.96094,0
2026-05-19 09:05,76964.25,76997.47656,76964.25,76995.50781,0
2026-05-19 09:06,76981.13281,76981.13281,76960.6875,76960.6875,160788480
2026-05-19 09:07,76982.29688,76988.0,76976.96094,76981.13281,19234816
2026-05-19 09:08,76946.89844,76983.24219,76941.64844,76981.39844,0
2026-05-19 09:09,76972.39062,76974.0,76967.32812,76968.99219,0
2026-05-19 09:10,76981.02344,76981.46094,76970.54688,76970.54688,9699328
2026-05-19 09:11,76986.77344,76992.59375,76981.46094,76981.46094,190758912
2026-05-19 09:12,76968.99219,76986.77344,76968.46094,76986.77344,0
2026-05-19 09:13,76941.86719,76965.28125,76939.45312,76965.28125,0
2026-05-19 09:14,76963.39062,76974.90625,76953.89844,76953.89844,0
2026-05-19 09:15,76918.79688,76954.75,76918.79688,76954.75,0
2026-05-19 09:16,76892.10156,76921.95312,76862.00781,76918.72656,548864
2026-05-19 09:17,76879.97656,76882.00781,76861.71094,76878.75,1728512
2026-05-19 09:18,76884.75,76901.1875,76883.5,76888.82031,0
2026-05-19 09:19,76869.25,76892.99219,76869.25,76870.39844,0
2026-05-19 09:20,76888.64844,76888.64844,76864.5,76867.96875,0
2026-05-19 09:21,76843.85938,76897.74219,76843.85938,76897.74219,0
2026-05-19 09:22,76852.21094,76857.00781,76830.0,76837.34375,0
2026-05-19 09:23,76859.36719,76863.04688,76852.21094,76852.21875,67366912
2026-05-19 09:24,76831.03906,76859.36719,76831.03906,76859.35938,0
2026-05-19 09:25,76794.11719,76843.95312,76790.92188,76833.63281,0
2026-05-19 09:26,76673.92188,76761.5625,76671.97656,76761.5625,0
2026-05-19 09:27,76679.5625,76697.70312,76668.04688,76697.70312,166408192
2026-05-19 09:28,76692.00781,76708.97656,76687.27344,76693.5,0
2026-05-19 09:29,76698.25781,76731.49219,76683.13281,76688.75,1441792
2026-05-19 09:30,76767.96094,76773.53906,76700.39844,76703.0,0
2026-05-19 09:31,76706.0,76788.49219,76706.0,76788.49219,0
2026-05-19 09:32,76647.75781,76672.9375,76636.50781,76672.9375,6090752
2026-05-19 09:33,76707.75,76707.75,76668.00781,76668.00781,115552256
2026-05-19 09:34,76679.47656,76709.39844,76679.46875,76708.99219,0
2026-05-19 09:35,76716.15625,76716.15625,76679.25,76683.63281,0
2026-05-19 09:36,76722.0,76747.71875,76712.5,76712.5,294998016
2026-05-19 09:37,76688.74219,76710.36719,76681.9375,76686.03125,0
2026-05-19 09:38,76710.00781,76721.97656,76686.72656,76690.89062,0
2026-05-19 09:39,76743.89062,76743.89062,76711.39062,76715.09375,0
2026-05-19 09:40,76717.35938,76731.5,76705.67969,76731.5,0
2026-05-19 09:41,76708.61719,76734.99219,76708.61719,76717.36719,0
2026-05-19 09:42,76710.14062,76716.07812,76708.97656,76708.99219,66981888
2026-05-19 09:43,76728.28906,76739.92188,76712.74219,76721.64062,1257472
2026-05-19 09:44,76726.74219,76726.74219,76713.78906,76723.20312,0
2026-05-19 09:45,76707.75,76731.49219,76707.75,76724.99219,12075008
2026-05-19 09:46,76713.42188,76722.00781,76707.75,76707.75,0
2026-05-19 09:47,76709.85938,76723.90625,76705.5625,76713.42188,3026944
2026-05-19 09:48,76713.97656,76726.74219,76678.28906,76709.85156,0
2026-05-19 09:49,76746.79688,76746.8125,76719.99219,76719.99219,0
2026-05-19 09:50,76750.14062,76761.6875,76746.46875,76750.0,0
2026-05-19 09:51,76745.75,76769.49219,76734.42969,76752.86719,0
2026-05-19 09:52,76706.97656,76757.38281,76706.57031,76757.38281,0
2026-05-19 09:53,76732.02344,76732.02344,76709.03906,76709.15625,0
2026-05-19 09:54,76738.53906,76738.54688,76712.5,76732.85156,190021632
2026-05-19 09:55,76745.74219,76745.75,76738.10156,76738.53906,4444160
2026-05-19 09:56,76744.82031,76744.82031,76722.00781,76735.60938,0
2026-05-19 09:57,76749.13281,76765.71094,76744.82031,76744.82812,0
2026-05-19 09:58,76771.04688,76772.5625,76745.02344,76747.04688,0
2026-05-19 09:59,76746.85938,76771.04688,76743.97656,76771.04688,0
2026-05-19 10:00,76757.34375,76764.99219,76722.89062,76732.74219,0
2026-05-19 10:01,76753.28125,76757.32812,76741.32812,76757.32812,0
2026-05-19 10:02,76741.00781,76766.57031,76741.00781,76757.02344,0
2026-05-19 10:03,76726.75781,76739.96875,76712.5,76712.5,200753152
2026-05-19 10:04,76723.82812,76731.49219,76712.50781,76725.21875,1855488
2026-05-19 10:05,76768.10156,76768.10156,76702.00781,76723.82812,0
2026-05-19 10:06,76788.02344,76798.10156,76753.60938,76753.60938,0
2026-05-19 10:07,76785.96094,76806.02344,76780.96875,76794.32812,0
2026-05-19 10:08,76768.85938,76788.49219,76764.75,76785.96875,0
2026-05-19 10:09,76738.49219,76771.17188,76734.11719,76768.85156,0
2026-05-19 10:10,76738.49219,76738.49219,76720.46094,76738.47656,0
2026-05-19 10:11,76717.3125,76752.47656,76716.11719,76744.49219,1351680
2026-05-19 10:12,76728.0,76729.84375,76691.14844,76710.00781,0
2026-05-19 10:13,76735.22656,76739.92969,76730.03906,76730.03906,238321664
2026-05-19 10:14,76734.35156,76739.92969,76732.8125,76735.22656,3645440
2026-05-19 10:15,76722.00781,76736.60156,76722.00781,76736.60156,0
2026-05-19 10:16,76701.3125,76736.40625,76701.3125,76722.0,0
2026-05-19 10:17,76698.03125,76705.21875,76691.4375,76701.67969,0
2026-05-19 10:18,76695.59375,76701.03906,76689.11719,76701.03906,0
2026-05-19 10:19,76719.71875,76719.71875,76684.59375,76698.65625,0
2026-05-19 10:20,76684.0,76718.32812,76672.4375,76718.32812,831488
2026-05-19 10:21,76694.10938,76702.0,76684.74219,76686.49219,0
2026-05-19 10:22,76690.92969,76693.47656,76681.28906,76689.92969,0
2026-05-19 10:23,76724.0625,76724.0625,76704.5,76704.5,0
2026-05-19 10:24,76713.99219,76738.0,76706.1875,76724.99219,0
2026-05-19 10:25,76738.49219,76738.49219,76722.0,76722.0,86290432
2026-05-19 10:26,76736.96094,76742.71094,76736.96094,76738.49219,222576640
2026-05-19 10:27,76743.65625,76754.99219,76731.5,76736.96094,0
2026-05-19 10:28,76751.64844,76751.65625,76745.21094,76747.00781,0
2026-05-19 10:29,76763.78125,76770.78906,76747.53125,76751.96875,0
2026-05-19 10:30,76783.71875,76783.72656,76763.02344,76772.32812,0
2026-05-19 10:31,76814.89062,76819.96875,76779.04688,76783.13281,856064
2026-05-19 10:32,76836.4375,76840.74219,76799.0,76814.88281,196608
2026-05-19 10:33,76836.35156,76842.84375,76832.32031,76832.32031,0
2026-05-19 10:34,76852.0,76895.10938,76842.84375,76842.84375,19345408
2026-05-19 10:35,76879.99219,76879.99219,76826.82031,76849.71875,0
2026-05-19 10:36,76883.49219,76883.49219,76860.57812,76879.99219,0
2026-05-19 10:37,76906.10938,76906.10938,76879.99219,76893.49219,0
2026-05-19 10:38,76744.65625,76905.11719,76744.65625,76905.11719,929792
2026-05-19 10:39,76817.42188,76826.5,76718.10156,76734.67188,0
2026-05-19 10:40,76797.03125,76820.10938,76793.02344,76820.10938,215248896
2026-05-19 10:41,76768.71875,76810.71094,76747.17188,76810.71094,8736768
2026-05-19 10:42,76755.39844,76789.96875,76750.00781,76769.96094,25079808
2026-05-19 10:43,76696.0,76750.00781,76695.99219,76750.00781,10809344
2026-05-19 10:44,76678.46094,76697.78906,76666.99219,76697.0,0
2026-05-19 10:45,76693.5,76711.67969,76670.0,76679.9375,48369664
2026-05-19 10:46,76687.35938,76695.14062,76635.99219,76693.22656,0
2026-05-19 10:47,76759.24219,76759.24219,76692.00781,76692.00781,0
2026-05-19 10:48,76815.0,76826.59375,76762.75781,76762.75781,0
2026-05-19 10:49,76799.10938,76807.00781,76787.32031,76807.00781,0
2026-05-19 10:50,76846.49219,76850.24219,76797.03125,76797.03125,25309184
2026-05-19 10:51,76849.99219,76859.72656,76842.38281,76853.22656,131428352
2026-05-19 10:52,76862.88281,76871.52344,76842.0,76846.03125,0
2026-05-19 10:53,76838.02344,76850.10156,76838.02344,76845.50781,0
2026-05-19 10:54,76834.63281,76842.24219,76821.72656,76838.02344,0
2026-05-19 10:55,76883.10156,76895.97656,76865.5625,76883.00781,0
2026-05-19 10:56,76911.84375,76911.86719,76890.70312,76899.15625,3756032
2026-05-19 10:57,77024.65625,77024.65625,76926.20312,76926.20312,14254080
2026-05-19 10:58,76971.78906,77007.0,76969.0625,77007.0,5144576
2026-05-19 10:59,76969.46875,76971.78906,76945.70312,76971.78125,0
2026-05-19 11:00,76961.82812,76997.47656,76961.82812,76982.07812,0
2026-05-19 11:01,76976.64062,77011.42188,76970.67188,76978.46094,0
2026-05-19 11:02,76972.40625,76973.71875,76957.03125,76964.46094,0
2026-05-19 11:03,76980.29688,76985.82031,76970.0625,76972.40625,102068224
2026-05-19 11:04,76950.5,76979.5,76949.96094,76974.9375,19197952
2026-05-19 11:05,76935.74219,76951.90625,76931.0,76938.46875,0
2026-05-19 11:06,76928.22656,76962.96875,76928.22656,76949.99219,0
2026-05-19 11:07,76946.39062,76948.49219,76928.22656,76928.22656,1208320
2026-05-19 11:08,76971.07031,76975.82031,76954.74219,76954.74219,258048
2026-05-19 11:09,76969.14844,76980.03906,76964.74219,76980.03906,326180864
2026-05-19 11:10,76932.46875,76969.14844,76907.07812,76969.14844,0
2026-05-19 11:11,76902.5,76923.92969,76902.5,76916.75781,2101248
2026-05-19 11:12,76924.42188,76931.96094,76916.75781,76920.0,1114112
2026-05-19 11:13,76902.50781,76929.8125,76902.50781,76928.25781,0
2026-05-19 11:14,76917.27344,76927.67969,76911.82812,76911.82812,0
2026-05-19 11:15,76910.6875,76928.9375,76900.70312,76928.9375,341069824
2026-05-19 11:16,76950.09375,76950.09375,76910.70312,76910.70312,0
2026-05-19 11:17,76929.99219,76948.35156,76923.15625,76948.35156,0
2026-05-19 11:18,76948.20312,76948.21094,76929.99219,76929.99219,0
2026-05-19 11:19,76874.32031,76952.28125,76874.32031,76951.17969,0
2026-05-19 11:20,76823.75,76876.45312,76822.34375,76876.45312,196595712
2026-05-19 11:21,76803.99219,76821.15625,76801.22656,76818.6875,0
2026-05-19 11:22,76794.92969,76804.99219,76793.89062,76801.29688,1310720
2026-05-19 11:23,76795.25781,76801.99219,76790.99219,76795.99219,0
2026-05-19 11:24,76796.4375,76796.46094,76775.85938,76795.25781,0
2026-05-19 11:25,76794.8125,76821.74219,76793.25781,76804.13281,4386816
2026-05-19 11:26,76809.99219,76814.0,76803.77344,76803.77344,0
2026-05-19 11:27,76805.75,76809.99219,76795.90625,76795.90625,302489600
2026-05-19 11:28,76810.3125,76810.3125,76798.5625,76798.5625,1146880
2026-05-19 11:29,76808.96875,76815.97656,76807.3125,76815.97656,0
2026-05-19 11:30,76818.89062,76819.99219,76805.04688,76808.96875,43200512
2026-05-19 11:31,76797.97656,76818.88281,76797.97656,76818.88281,0
2026-05-19 11:32,76805.10938,76817.13281,76799.60156,76799.60156,0
2026-05-19 11:33,76803.74219,76810.49219,76783.75,76794.82031,0
2026-05-19 11:34,76807.22656,76807.22656,76795.61719,76799.60156,0
2026-05-19 11:35,76790.85156,76811.74219,76783.99219,76807.5,2179072
2026-05-19 11:36,76786.0,76799.60156,76782.04688,76794.8125,0
2026-05-19 11:37,76779.8125,76788.49219,76763.57812,76786.0,0
2026-05-19 11:38,76765.00781,76788.49219,76765.00781,76781.49219,0
2026-05-19 11:39,76724.78125,76761.67188,76718.47656,76761.67188,0
2026-05-19 11:40,76703.0,76717.27344,76703.0,76717.27344,0
2026-05-19 11:41,76672.45312,76690.85156,76669.75781,76690.84375,819200
2026-05-19 11:42,76672.53125,76694.49219,76672.53125,76681.75781,0
2026-05-19 11:43,76669.75,76678.14062,76652.0625,76675.54688,181370880
2026-05-19 11:44,76594.72656,76677.40625,76577.89844,76677.40625,0
2026-05-19 11:45,76629.42188,76631.71875,76597.89062,76600.97656,0
2026-05-19 11:46,76616.27344,76659.97656,76610.67969,76629.42188,1400832
2026-05-19 11:47,76626.00781,76632.07812,76617.99219,76621.25,0
2026-05-19 11:48,76664.90625,76664.90625,76628.00781,76631.99219,0
2026-05-19 11:49,76660.47656,76679.22656,76652.57031,76652.57031,0
2026-05-19 11:50,76646.74219,76660.85156,76640.0625,76660.85156,0
2026-05-19 11:51,76653.96094,76655.5,76640.0625,76640.0625,6737920
2026-05-19 11:52,76683.57812,76683.57812,76653.42188,76653.42188,0
2026-05-19 11:53,76671.39844,76687.78906,76671.03125,76685.50781,0
2026-05-19 11:54,76665.1875,76667.86719,76655.5,76665.14844,0
2026-05-19 11:55,76652.38281,76652.38281,76633.57812,76650.75781,0
2026-05-19 11:56,76668.13281,76669.74219,76662.17188,76662.54688,0
2026-05-19 11:57,76674.5,76674.5,76659.99219,76668.11719,280231936
2026-05-19 11:58,76662.96875,76676.95312,76660.25,76674.5,0
2026-05-19 11:59,76641.29688,76661.35156,76641.29688,76650.75781,0
2026-05-19 12:00,76614.67188,76651.25,76612.75,76634.0,0
2026-05-19 12:01,76619.42188,76619.42188,76573.07031,76594.0,0
2026-05-19 12:02,76684.0,76684.0,76627.57031,76631.63281,101142528
2026-05-19 12:03,76669.92969,76709.97656,76667.72656,76679.4375,0
2026-05-19 12:04,76662.89844,76664.24219,76652.24219,76657.25,0
2026-05-19 12:05,76656.64844,76679.24219,76641.25,76663.40625,0
2026-05-19 12:06,76655.99219,76677.86719,76653.45312,76660.24219,0
2026-05-19 12:07,76697.97656,76697.97656,76651.60156,76651.60156,0
2026-05-19 12:08,76700.72656,76700.72656,76675.99219,76688.40625,0
2026-05-19 12:09,76689.00781,76694.07812,76666.72656,76694.07812,0
2026-05-19 12:10,76697.02344,76720.46875,76685.90625,76691.77344,0
2026-05-19 12:11,76707.20312,76707.20312,76692.72656,76699.6875,0
2026-05-19 12:12,76716.59375,76717.02344,76711.36719,76712.50781,197287936
2026-05-19 12:13,76705.34375,76716.57812,76700.57812,76716.57812,0
2026-05-19 12:14,76718.09375,76718.09375,76699.77344,76708.03125,0
2026-05-19 12:15,76750.3125,76750.3125,76718.09375,76718.09375,0
2026-05-19 12:16,76718.79688,76743.14062,76718.79688,76743.14062,0
2026-05-19 12:17,76727.99219,76734.99219,76712.50781,76720.10938,0
2026-05-19 12:18,76690.25781,76728.0,76688.75,76727.99219,178900992
2026-05-19 12:19,76717.24219,76717.24219,76681.50781,76681.50781,0
2026-05-19 12:20,76743.95312,76743.96094,76726.75781,76731.5,0
2026-05-19 12:21,76740.38281,76750.32031,76740.38281,76748.60938,0
2026-05-19 12:22,76749.5,76749.52344,76726.28906,76740.38281,7118848
2026-05-19 12:23,76741.00781,76763.78125,76741.00781,76749.5,0
2026-05-19 12:24,76772.85156,76772.85156,76746.0625,76746.09375,0
2026-05-19 12:25,76753.50781,76779.96094,76748.46875,76772.36719,0
2026-05-19 12:26,76764.11719,76764.74219,76741.99219,76758.00781,0
2026-05-19 12:27,76764.17969,76769.49219,76750.5,76764.11719,259674112
2026-05-19 12:28,76764.17188,76764.17969,76752.09375,76764.17969,0
2026-05-19 12:29,76779.9375,76779.95312,76766.38281,76766.39062,0
2026-05-19 12:30,76772.46875,76791.96094,76772.46875,76779.95312,0
2026-05-19 12:31,76793.40625,76793.40625,76771.53906,76775.24219,0
2026-05-19 12:32,76803.79688,76803.8125,76793.50781,76793.50781,0
2026-05-19 12:33,76804.35156,76831.03906,76788.21094,76788.21094,0
2026-05-19 12:34,76816.99219,76816.99219,76800.13281,76804.35156,0
2026-05-19 12:35,76804.96875,76837.57031,76802.90625,76816.99219,0
2026-05-19 12:36,76819.0625,76832.65625,76810.3125,76810.32031,106328064
2026-05-19 12:37,76805.24219,76831.89844,76802.85938,76819.0625,290816
2026-05-19 12:38,76831.65625,76831.65625,76804.38281,76804.38281,0
2026-05-19 12:39,76817.77344,76837.57031,76816.38281,76837.57031,0
2026-05-19 12:40,76825.96875,76825.97656,76814.38281,76817.78125,0
2026-05-19 12:41,76859.74219,76859.74219,76815.27344,76815.27344,1916928
2026-05-19 12:42,76836.8125,76879.99219,76836.8125,76859.75,0
2026-05-19 12:43,76855.60156,76865.13281,76836.8125,76836.8125,0
2026-05-19 12:44,76831.4375,76840.29688,76828.75,76839.85938,0
2026-05-19 12:45,76817.75,76844.97656,76817.75,76833.00781,0
2026-05-19 12:46,76826.49219,76826.49219,76812.17969,76819.53125,0
2026-05-19 12:47,76849.89062,76849.89062,76817.5625,76817.5625,3780608
2026-05-19 12:48,76878.03125,76878.74219,76848.0,76854.00781,0
2026-05-19 12:49,76853.85156,76863.5,76851.75781,76861.97656,0
2026-05-19 12:50,76845.96094,76850.25,76836.0,76850.25,0
2026-05-19 12:51,76813.28125,76844.0,76813.28125,76843.21875,0
2026-05-19 12:52,76866.50781,76871.78906,76837.99219,76837.99219,0
2026-05-19 12:53,76887.97656,76887.97656,76861.52344,76871.78125,0
2026-05-19 12:54,76898.9375,76898.9375,76874.0,76884.99219,136921088
2026-05-19 12:55,76894.60938,76914.00781,76894.60938,76902.17188,0
2026-05-19 12:56,76888.13281,76891.97656,76884.00781,76890.21094,0
2026-05-19 12:57,76894.00781,76897.40625,76893.13281,76893.13281,0
2026-05-19 12:58,76900.25781,76900.25781,76888.54688,76889.57812,0
2026-05-19 12:59,76861.52344,76883.50781,76858.00781,76883.50781,6250496
2026-05-19 13:00,76853.04688,76878.75,76840.75,76874.0,0
2026-05-19 13:01,76877.15625,76877.17188,76853.04688,76853.04688,0
2026-05-19 13:02,76905.85938,76907.24219,76876.85938,76876.85938,589824
2026-05-19 13:03,76894.11719,76905.85938,76892.28906,76899.75781,9445376
2026-05-19 13:04,76840.75781,76899.75,76840.75781,76894.11719,5083136
2026-05-19 13:05,76753.39062,76821.75781,76753.38281,76821.75781,0
2026-05-19 13:06,76753.72656,76769.36719,76747.0,76760.49219,0
2026-05-19 13:07,76728.63281,76768.96094,76680.88281,76760.28906,0
2026-05-19 13:08,76684.0,76728.00781,76684.0,76709.02344,0
2026-05-19 13:09,76762.00781,76764.96875,76703.32031,76703.32031,0
2026-05-19 13:10,76745.88281,76769.49219,76745.24219,76755.25781,0
2026-05-19 13:11,76722.0,76750.49219,76722.0,76745.88281,76349440
2026-05-19 13:12,76764.74219,76764.74219,76723.97656,76727.25781,0
2026-05-19 13:13,76787.90625,76810.09375,76785.97656,76801.54688,0
2026-05-19 13:14,76758.14844,76816.88281,76758.14844,76789.47656,0
2026-05-19 13:15,76767.99219,76773.99219,76749.53125,76749.53125,0
2026-05-19 13:16,76750.67188,76767.99219,76745.75,76761.39062,4452352
2026-05-19 13:17,76751.07812,76774.25,76748.61719,76754.22656,0
2026-05-19 13:18,76725.92969,76745.75,76717.25,76745.75,1441792
2026-05-19 13:19,76706.70312,76725.92969,76693.61719,76725.92969,145764352
2026-05-19 13:20,76640.03125,76705.53125,76640.03125,76686.57031,0
2026-05-19 13:21,76679.25781,76705.03906,76605.28125,76617.5625,77824
2026-05-19 13:22,76704.0,76704.0,76666.57031,76674.5,0
2026-05-19 13:23,76736.24219,76736.24219,76698.38281,76704.82812,0
2026-05-19 13:24,76715.0625,76749.17969,76704.96094,76734.00781,0
2026-05-19 13:25,76598.5,76679.25,76594.03906,76679.25,0
2026-05-19 13:26,76544.86719,76611.40625,76528.09375,76611.40625,0
2026-05-19 13:27,76509.86719,76535.96875,76509.86719,76532.0,122007552
2026-05-19 13:28,76533.99219,76561.74219,76515.97656,76561.74219,0
2026-05-19 13:29,76531.38281,76539.89062,76517.39844,76529.32812,0
2026-05-19 13:30,76587.34375,76598.49219,76520.03906,76550.1875,228323328
2026-05-19 13:31,76542.78906,76574.72656,76519.60156,76562.04688,1318912
2026-05-19 13:32,76565.75,76584.96094,76513.00781,76531.40625,266240
2026-05-19 13:33,76764.88281,76808.97656,76649.95312,76649.95312,0
2026-05-19 13:34,76808.32031,76825.25781,76769.5,76786.6875,0
2026-05-19 13:35,76835.46875,76835.46875,76773.97656,76787.67188,0
2026-05-19 13:36,76926.24219,76955.71875,76875.32812,76875.32812,0
2026-05-19 13:37,76914.95312,76987.99219,76914.95312,76959.46875,12705792
2026-05-19 13:38,76869.24219,76899.24219,76835.24219,76899.24219,0
2026-05-19 13:39,76865.64844,76916.28125,76864.15625,76885.6875,0
2026-05-19 13:40,76773.28125,76831.21094,76746.00781,76829.00781,0
2026-05-19 13:41,76752.32812,76785.38281,76718.96094,76785.38281,0
2026-05-19 13:42,76748.24219,76788.47656,76734.32031,76734.32031,12644352
2026-05-19 13:43,76763.42969,76774.71094,76731.5,76750.5,0
2026-05-19 13:44,76654.0,76746.09375,76647.97656,76746.09375,0
2026-05-19 13:45,76688.42188,76696.00781,76654.34375,76670.78906,0
2026-05-19 13:46,76655.5,76717.9375,76655.5,76684.10156,496312320
2026-05-19 13:47,76816.67188,76816.67188,76671.5,76671.5,0
2026-05-19 13:48,76817.32031,76865.0,76804.97656,76865.0,0
2026-05-19 13:49,76769.04688,76853.54688,76769.04688,76853.54688,0
2026-05-19 13:50,76768.82031,76825.42969,76740.14062,76756.86719,0
2026-05-19 13:51,76816.63281,76840.74219,76758.10156,76765.99219,0
2026-05-19 13:52,76875.15625,76875.15625,76828.00781,76828.00781,0
2026-05-19 13:53,76858.17969,76867.24219,76832.90625,76867.24219,0
2026-05-19 13:54,76886.39844,76902.49219,76857.71094,76857.71094,0
2026-05-19 13:55,76913.97656,76942.77344,76901.96094,76912.0,0
2026-05-19 13:56,76793.25,76901.99219,76793.25,76901.99219,0
2026-05-19 13:57,76810.96094,76834.0,76804.77344,76804.77344,0
2026-05-19 13:58,76795.14062,76821.10938,76772.32031,76812.79688,0
2026-05-19 13:59,76797.99219,76829.84375,76774.60938,76810.00781,0
2026-05-19 14:00,76726.75,76806.60938,76707.96875,76806.60938,0
2026-05-19 14:01,76688.53125,76712.60938,76668.07031,76712.60938,35229696
2026-05-19 14:02,76667.8125,76712.09375,76660.28906,76710.03906,0
2026-05-19 14:03,76694.96094,76703.96875,76668.70312,76668.70312,0
2026-05-19 14:04,76909.97656,76916.75,76721.53125,76721.53125,1785856
2026-05-19 14:05,76836.29688,76937.0625,76836.29688,76937.0625,0
2026-05-19 14:06,76728.10938,76826.5625,76728.10938,76814.70312,0
2026-05-19 14:07,76631.50781,76731.03125,76631.50781,76725.45312,0
2026-05-19 14:08,76642.07031,76675.34375,76636.35156,76642.0,0
2026-05-19 14:09,76685.07031,76698.27344,76631.75,76631.75,0
2026-05-19 14:10,76693.47656,76693.47656,76623.4375,76649.28125,0
2026-05-19 14:11,76714.0,76728.00781,76661.15625,76720.4375,0
2026-05-19 14:12,76670.96094,76698.32031,76661.99219,76698.32031,0
2026-05-19 14:13,76604.97656,76677.59375,76595.14062,76666.92188,79872
2026-05-19 14:14,76541.5,76597.39844,76541.5,76597.39844,2293760
2026-05-19 14:15,76508.60938,76569.47656,76508.60938,76538.07812,0
2026-05-19 14:16,76497.15625,76535.96875,76471.59375,76500.82031,266158080
2026-05-19 14:17,76478.4375,76512.67969,76469.40625,76502.6875,0
2026-05-19 14:18,76434.57031,76480.17969,76430.71875,76470.27344,0
2026-05-19 14:19,76394.61719,76442.42188,76320.79688,76442.42188,1497088
2026-05-19 14:20,76389.0,76403.75,76350.89062,76387.92969,0
2026-05-19 14:21,76250.0,76351.90625,76250.0,76351.90625,0
2026-05-19 14:22,76295.71875,76318.0,76244.0,76244.0,0
2026-05-19 14:23,76299.88281,76370.0,76299.88281,76300.00781,0
2026-05-19 14:24,76365.71875,76365.71875,76297.97656,76307.78125,0
2026-05-19 14:25,76308.35938,76391.3125,76298.78906,76390.02344,9140224
2026-05-19 14:26,76345.99219,76373.64062,76309.57812,76314.0625,0
2026-05-19 14:27,76414.00781,76414.00781,76343.9375,76344.95312,0
2026-05-19 14:28,76399.15625,76452.3125,76396.52344,76417.0,3395584
2026-05-19 14:29,76375.04688,76400.75781,76364.0,76400.75781,0
2026-05-19 14:30,76364.97656,76398.04688,76309.64844,76398.04688,19640320
2026-05-19 14:31,76376.82031,76381.42188,76334.03906,76376.63281,0
2026-05-19 14:32,76332.49219,76364.40625,76313.29688,76364.40625,3217408
2026-05-19 14:33,76316.5625,76335.5,76272.53125,76329.34375,0
2026-05-19 14:34,76208.97656,76297.29688,76195.97656,76297.29688,0
2026-05-19 14:35,76265.96875,76265.96875,76206.00781,76206.00781,0
2026-05-19 14:36,76286.03906,76310.00781,76274.00781,76274.00781,130439168
2026-05-19 14:37,76308.74219,76318.25,76282.00781,76282.00781,0
2026-05-19 14:38,76362.67188,76370.5,76307.38281,76307.38281,0
2026-05-19 14:39,76394.84375,76428.25781,76366.35156,76366.35156,0
2026-05-19 14:40,76420.00781,76420.00781,76343.1875,76397.97656,0
2026-05-19 14:41,76466.46094,76466.46094,76374.02344,76376.67969,0
2026-05-19 14:42,76473.10938,76489.75781,76444.57812,76474.99219,0
2026-05-19 14:43,76418.0,76499.99219,76418.0,76484.5,0
2026-05-19 14:44,76393.38281,76431.0,76382.21875,76422.17188,0
2026-05-19 14:45,76329.95312,76403.74219,76323.0,76380.0625,0
2026-05-19 14:46,76262.65625,76318.25781,76254.71094,76318.25781,0
2026-05-19 14:47,76239.67969,76280.25,76219.14844,76250.02344,0
2026-05-19 14:48,76137.1875,76206.0,76075.97656,76206.0,0
2026-05-19 14:49,76183.35156,76205.57812,76150.95312,76155.13281,0
2026-05-19 14:50,76235.28125,76235.28125,76159.86719,76194.74219,88635392
2026-05-19 14:51,76220.60938,76229.07812,76195.07031,76229.07812,0
2026-05-19 14:52,76205.02344,76233.96875,76192.9375,76233.96875,0
2026-05-19 14:53,76154.10938,76182.03125,76114.04688,76182.03125,0
2026-05-19 14:54,76187.0,76208.96875,76153.96094,76171.15625,86575104
2026-05-19 14:55,76224.11719,76229.79688,76198.84375,76214.82812,0
2026-05-19 14:56,76286.95312,76286.95312,76209.04688,76226.00781,0
2026-05-19 14:57,76287.89062,76308.75,76280.64062,76290.89844,71616512
2026-05-19 14:58,76301.77344,76313.49219,76290.34375,76294.5,0
2026-05-19 14:59,76315.96875,76347.46094,76285.78125,76299.29688,0
2026-05-19 15:00,76331.17188,76331.17188,76256.0,76302.46875,0
2026-05-19 15:01,76340.82031,76395.50781,76338.17188,76375.03906,0
2026-05-19 15:02,76380.10156,76434.3125,76356.25,76356.25,0
2026-05-19 15:03,76396.9375,76410.00781,76384.52344,76384.52344,0
2026-05-19 15:04,76448.42969,76452.00781,76409.45312,76429.92969,0
2026-05-19 15:05,76439.84375,76476.00781,76436.20312,76444.59375,0
2026-05-19 15:06,76464.17969,76474.0,76431.5625,76437.60938,0
2026-05-19 15:07,76446.85156,76472.92188,76433.96875,76468.39062,0
2026-05-19 15:08,76408.49219,76451.40625,76400.82812,76436.92188,0
2026-05-19 15:09,76447.21875,76474.71094,76408.50781,76408.50781,0
2026-05-19 15:10,76454.0,76463.99219,76423.97656,76451.25,0
2026-05-19 15:11,76432.25,76472.50781,76432.25,76459.40625,0
2026-05-19 15:12,76433.53125,76464.03125,76433.53125,76436.95312,0
2026-05-19 15:13,76479.96094,76479.96094,76448.11719,76451.24219,0
2026-05-19 15:14,76519.95312,76519.95312,76479.96875,76479.96875,0
2026-05-19 15:15,76595.17969,76602.24219,76536.00781,76536.00781,258048
2026-05-19 15:16,76536.00781,76602.11719,76525.89844,76602.11719,0
2026-05-19 15:17,76549.35938,76555.8125,76524.4375,76527.35156,0
2026-05-19 15:18,76564.03906,76577.35938,76545.07812,76548.5,0
2026-05-19 15:19,76492.32812,76584.00781,76492.32812,76568.00781,0
2026-05-19 15:20,76435.5,76492.35938,76431.32031,76480.00781,0
2026-05-19 15:21,76451.25,76489.22656,76442.27344,76442.27344,0
2026-05-19 15:22,76438.46094,76487.96875,76427.5,76463.9375,0
2026-05-19 15:23,76422.13281,76435.89062,76401.46875,76435.89062,0
2026-05-19 15:24,76364.11719,76427.47656,76364.11719,76398.34375,0
2026-05-19 15:25,76350.85156,76426.95312,76350.85156,76356.25781,1042432
2026-05-19 15:26,76351.96094,76365.96875,76332.79688,76353.49219,0
2026-05-19 15:27,76387.99219,76388.0,76345.4375,76368.9375,18655232
2026-05-19 15:28,76391.89062,76395.32812,76361.99219,76395.24219,0
2026-05-19 15:29,76426.35938,76427.47656,76383.82031,76383.82031,0
2026-05-19 15:30,76477.5,76477.5,76420.6875,76423.36719,0
2026-05-19 15:31,76576.79688,76592.00781,76517.75,76517.75,8773632
2026-05-19 15:32,76553.25,76553.57812,76494.32031,76553.57812,0
2026-05-19 15:33,76533.75781,76548.21875,76520.92969,76546.67969,0
2026-05-19 15:34,76475.60938,76539.74219,76472.53125,76522.89844,440320
2026-05-19 15:35,76432.14062,76450.28125,76405.72656,76444.49219,0
2026-05-19 15:36,76469.96875,76469.96875,76425.34375,76425.34375,73682944
2026-05-19 15:37,76513.0,76513.1875,76466.60938,76466.60938,0
2026-05-19 15:38,76514.0,76516.57812,76498.75,76509.20312,0
2026-05-19 15:39,76526.74219,76527.24219,76506.0,76509.25,0
2026-05-19 15:40,76524.97656,76527.24219,76503.53906,76527.24219,0
2026-05-19 15:41,76384.10156,76532.8125,76370.8125,76524.97656,0
2026-05-19 15:42,76432.03906,76441.72656,76401.32031,76401.32031,328574976
2026-05-19 15:43,76403.63281,76435.61719,76403.63281,76434.49219,552960
2026-05-19 15:44,76406.79688,76427.5,76405.10156,76405.10156,0
2026-05-19 15:45,76399.0,76440.61719,76399.0,76427.5,0
2026-05-19 15:46,76353.45312,76383.42188,76345.03906,76383.42188,0
2026-05-19 15:47,76378.52344,76378.52344,76350.52344,76360.39844,0
2026-05-19 15:48,76399.49219,76407.89844,76378.52344,76378.52344,0
2026-05-19 15:49,76432.20312,76441.74219,76402.0,76402.0,253952
2026-05-19 15:50,76451.17188,76451.24219,76437.86719,76441.74219,0
2026-05-19 15:51,76446.67969,76448.17188,76419.25781,76437.0,0
2026-05-19 15:52,76486.82812,76487.10156,76447.00781,76447.00781,0
2026-05-19 15:53,76469.72656,76509.11719,76465.63281,76503.49219,0
2026-05-19 15:54,76431.57031,76469.63281,76427.82031,76469.63281,0
2026-05-19 15:55,76405.28125,76415.40625,76383.60938,76415.40625,0
2026-05-19 15:56,76413.50781,76413.50781,76380.09375,76395.00781,0
2026-05-19 15:57,76449.17188,76449.17188,76414.53906,76414.53906,0
2026-05-19 15:58,76420.0,76439.42969,76415.59375,76439.42969,0
2026-05-19 15:59,76441.42188,76441.42188,76415.57812,76415.57812,0
2026-05-19 16:00,76456.10938,76458.96875,76451.32812,76452.61719,74215424
2026-05-19 16:01,76474.64844,76514.00781,76456.10938,76456.10938,0
2026-05-19 16:02,76492.67188,76508.25,76474.65625,76474.65625,0
2026-05-19 16:03,76475.21094,76503.47656,76475.21094,76494.42188,0
2026-05-19 16:04,76462.86719,76472.67188,76459.67969,76467.54688,2887680
2026-05-19 16:05,76407.78125,76456.25781,76384.46875,76456.25781,0
2026-05-19 16:06,76378.57031,76411.32812,76373.92969,76394.25,0
2026-05-19 16:07,76445.95312,76445.95312,76384.85938,76391.99219,0
2026-05-19 16:08,76448.92969,76448.95312,76437.00781,76445.92969,7917568
2026-05-19 16:09,76348.32031,76474.00781,76347.45312,76455.99219,0
2026-05-19 16:10,76388.38281,76388.95312,76331.32812,76336.82812,5371904
2026-05-19 16:11,76351.5,76403.74219,76351.5,76403.74219,0
2026-05-19 16:12,76355.38281,76379.97656,76351.52344,76364.39844,0
2026-05-19 16:13,76373.07031,76380.0,76370.49219,76370.49219,0
2026-05-19 16:14,76389.03906,76389.03906,76370.78906,76370.78906,0
2026-05-19 16:15,76442.00781,76444.79688,76403.74219,76403.74219,0
2026-05-19 16:16,76403.74219,76440.14062,76384.92188,76440.14062,0
2026-05-19 16:17,76446.49219,76446.49219,76401.96875,76408.49219,0
2026-05-19 16:18,76455.78125,76455.78125,76426.96875,76442.64844,0
2026-05-19 16:19,76435.99219,76467.52344,76419.74219,76466.6875,0
2026-05-19 16:20,76505.75781,76505.75781,76413.25,76429.9375,0
2026-05-19 16:21,76481.96875,76507.82031,76479.75,76500.60156,0
2026-05-19 16:22,76445.60938,76484.49219,76445.60938,76484.49219,0
2026-05-19 16:23,76464.97656,76467.14844,76445.54688,76445.61719,0
2026-05-19 16:24,76480.02344,76484.0,76448.5,76469.17188,0
2026-05-19 16:25,76525.49219,76541.57812,76481.99219,76494.99219,0
2026-05-19 16:26,76494.32812,76516.64062,76480.39062,76516.64062,0
2026-05-19 16:27,76519.71094,76519.71094,76479.75,76509.70312,0
2026-05-19 16:28,76523.38281,76543.99219,76519.72656,76519.72656,0
2026-05-19 16:29,76543.78125,76543.78125,76530.70312,76530.70312,0
2026-05-19 16:30,76566.78125,76578.13281,76546.25,76546.25,0
2026-05-19 16:31,76593.70312,76613.8125,76574.21094,76574.21094,0
2026-05-19 16:32,76622.20312,76644.35938,76595.04688,76595.04688,0
2026-05-19 16:33,76610.15625,76637.39062,76599.21094,76623.53125,0
2026-05-19 16:34,76687.11719,76703.0,76613.14844,76613.14844,92092416
2026-05-19 16:35,76663.17969,76695.10156,76663.04688,76689.14062,8646656
2026-05-19 16:36,76624.13281,76686.0,76624.13281,76665.89844,0
2026-05-19 16:37,76613.92969,76622.27344,76612.04688,76617.5,0
2026-05-19 16:38,76598.67188,76634.0,76598.67188,76613.96094,0
2026-05-19 16:39,76630.95312,76631.86719,76598.5,76598.5,0
2026-05-19 16:40,76668.39844,76676.53125,76618.04688,76626.04688,0
2026-05-19 16:41,76684.40625,76696.45312,76669.65625,76669.65625,0
2026-05-19 16:42,76672.89062,76693.22656,76669.53906,76693.22656,95012864
2026-05-19 16:43,76681.53125,76705.29688,76679.25,76683.99219,0
2026-05-19 16:44,76721.07812,76721.07812,76680.85938,76680.85938,0
2026-05-19 16:45,76744.60938,76746.70312,76728.72656,76731.49219,0
2026-05-19 16:46,76726.67969,76755.90625,76718.49219,76745.28125,0
2026-05-19 16:47,76721.28906,76726.54688,76695.10938,76717.67188,0
2026-05-19 16:48,76701.59375,76725.79688,76672.10938,76724.6875,0
2026-05-19 16:49,76718.17969,76744.00781,76700.00781,76702.42969,0
2026-05-19 16:50,76711.42969,76750.82812,76701.75781,76721.78125,0
2026-05-19 16:51,76755.99219,76777.0,76726.75,76726.75,0
2026-05-19 16:52,76821.14844,76821.14844,76777.61719,76777.61719,0
2026-05-19 16:53,76793.32812,76831.85938,76790.10938,76821.54688,0
2026-05-19 16:54,76801.14062,76819.85938,76790.0,76790.0,0
2026-05-19 16:55,76811.04688,76820.96094,76807.74219,76807.82031,74084352
2026-05-19 16:56,76821.46094,76821.46094,76801.65625,76815.14062,0
2026-05-19 16:57,76841.99219,76848.46875,76826.78125,76832.99219,0
2026-05-19 16:58,76826.50781,76856.03125,76821.75781,76841.97656,0
2026-05-19 16:59,76819.92969,76842.49219,76819.92969,76842.49219,0
2026-05-19 17:00,76821.15625,76842.02344,76807.99219,76842.02344,9306112
2026-05-19 17:01,76824.00781,76826.5,76799.64844,76802.75,0
2026-05-19 17:02,76826.52344,76840.65625,76821.77344,76822.34375,0
2026-05-19 17:03,76865.64062,76865.64062,76813.25,76826.97656,0
2026-05-19 17:04,76902.64062,76902.64062,76865.60938,76880.14062,0
2026-05-19 17:05,76887.64844,76909.79688,76883.5,76900.42969,0
2026-05-19 17:06,76841.65625,76895.07031,76841.65625,76885.17188,0
2026-05-19 17:07,76857.99219,76880.92969,76845.36719,76845.36719,52602880
2026-05-19 17:08,76851.96094,76858.3125,76843.99219,76856.29688,0
2026-05-19 17:09,76832.21094,76859.77344,76828.92969,76853.99219,0
2026-05-19 17:10,76855.89844,76864.0,76840.74219,76840.74219,0
2026-05-19 17:11,76839.29688,76863.99219,76831.24219,76853.35156,0
2026-05-19 17:12,76856.02344,76882.17188,76834.25781,76834.25781,0
2026-05-19 17:13,76865.09375,76872.0,76846.4375,76858.71094,0
2026-05-19 17:14,76890.42969,76890.42969,76855.64062,76869.52344,0
2026-05-19 17:15,76895.13281,76901.38281,76887.82812,76888.99219,0
2026-05-19 17:16,76887.82812,76916.63281,76887.82812,76894.00781,0
2026-05-19 17:17,76904.57812,76909.02344,76871.74219,76871.74219,0
2026-05-19 17:18,76908.82812,76921.5,76900.11719,76913.96875,44910592
2026-05-19 17:19,76943.60938,76944.22656,76908.82812,76908.82812,991232
2026-05-19 17:20,76932.35938,76948.9375,76926.96094,76944.85938,0
2026-05-19 17:21,76933.47656,76945.24219,76926.25781,76934.0,0
2026-05-19 17:22,76932.90625,76936.95312,76923.99219,76931.9375,0
2026-05-19 17:23,76907.96875,76937.29688,76906.97656,76934.03125,540672
2026-05-19 17:24,76893.67188,76909.99219,76873.45312,76903.99219,25698304
2026-05-19 17:25,76869.25,76890.82031,76848.53125,76890.82031,2940928
2026-05-19 17:26,76864.49219,76883.97656,76864.0,76875.22656,0
2026-05-19 17:27,76848.67969,76853.95312,76819.0,76853.95312,0
2026-05-19 17:28,76805.92969,76831.1875,76805.92969,76808.57031,0
2026-05-19 17:29,76814.32031,76819.99219,76810.27344,76810.27344,7002112
2026-05-19 17:30,76789.96094,76813.78125,76789.96094,76804.67188,213354496
2026-05-19 17:31,76801.00781,76806.47656,76757.65625,76768.45312,0
2026-05-19 17:32,76731.53906,76800.03125,76722.61719,76800.03125,0
2026-05-19 17:33,76721.65625,76734.96875,76718.5625,76734.96875,0
2026-05-19 17:34,76689.90625,76724.65625,76689.90625,76709.02344,10620928
2026-05-19 17:35,76688.60156,76700.49219,76681.85938,76689.90625,0
2026-05-19 17:36,76709.0,76714.54688,76680.27344,76680.27344,0
2026-05-19 17:37,76812.0,76812.0,76739.99219,76739.99219,0
2026-05-19 17:38,76889.34375,76893.39844,76808.52344,76811.89844,140838912
2026-05-19 17:39,76905.9375,76909.9375,76864.50781,76889.34375,0
2026-05-19 17:40,76886.67969,76943.89062,76883.97656,76926.10938,6027264
2026-05-19 17:41,76859.57031,76883.50781,76859.57031,76883.50781,313344
2026-05-19 17:42,76875.5,76875.5,76836.0,76859.67969,0
2026-05-19 17:43,76824.04688,76867.46094,76819.92188,76867.46094,0
2026-05-19 17:44,76836.4375,76842.70312,76826.50781,76827.86719,3420160
2026-05-19 17:45,76780.92969,76834.09375,76778.03125,76834.09375,179734528
2026-05-19 17:46,76698.0,76785.96875,76698.0,76777.54688,0
2026-05-19 17:47,76741.88281,76741.88281,76684.0,76696.03906,0
2026-05-19 17:48,76775.92188,76778.0,76731.50781,76743.89062,0
2026-05-19 17:49,76739.64844,76759.97656,76733.89844,76750.28906,0
2026-05-19 17:50,76768.0625,76773.97656,76731.97656,76731.97656,78112768
2026-05-19 17:51,76763.39062,76768.0625,76756.85938,76768.0625,21030912
2026-05-19 17:52,76749.64844,76765.75,76731.9375,76763.35938,0
2026-05-19 17:53,76745.15625,76752.3125,76739.85938,76752.3125,0
2026-05-19 17:54,76745.74219,76745.74219,76709.99219,76741.0,204013568
2026-05-19 17:55,76771.89062,76771.89062,76750.5,76759.99219,0
2026-05-19 17:56,76744.45312,76768.10156,76731.3125,76763.77344,811008
2026-05-19 17:57,76744.10938,76749.8125,76740.02344,76745.03906,0
2026-05-19 17:58,76761.35156,76761.84375,76743.90625,76744.1875,3299328
2026-05-19 17:59,76778.21875,76805.79688,76768.38281,76768.38281,0
2026-05-19 18:00,76766.78125,76794.0,76761.46875,76766.03906,0
2026-05-19 18:01,76775.22656,76784.95312,76762.0,76765.77344,0
2026-05-19 18:02,76749.89062,76783.77344,76734.35156,76773.42969,0
2026-05-19 18:03,76733.99219,76750.07812,76730.15625,76750.07812,0
2026-05-19 18:04,76761.14844,76764.74219,76737.47656,76737.47656,31592448
2026-05-19 18:05,76826.32812,76826.32812,76757.17969,76757.17969,0
2026-05-19 18:06,76821.75781,76831.04688,76809.97656,76831.04688,0
2026-05-19 18:07,76839.14062,76839.14062,76805.96094,76805.96094,0
2026-05-19 18:08,76867.61719,76867.61719,76843.65625,76847.07031,0
2026-05-19 18:09,76850.25,76872.39844,76850.25,76872.39844,0
2026-05-19 18:10,76840.22656,76854.22656,76836.0,76839.90625,0
2026-05-19 18:11,76846.39844,76850.24219,76839.49219,76839.49219,0
2026-05-19 18:12,76873.89062,76875.97656,76846.39844,76846.39844,0
2026-05-19 18:13,76858.13281,76875.5,76857.82812,76875.5,0
2026-05-19 18:14,76847.07812,76863.92188,76845.14844,76859.36719,0
2026-05-19 18:15,76826.82812,76849.99219,76821.75781,76840.0,0
2026-05-19 18:16,76836.29688,76840.71094,76806.53906,76830.0,0
2026-05-19 18:17,76860.46875,76860.46875,76822.0625,76824.0,56262656
2026-05-19 18:18,76847.78906,76869.21094,76845.11719,76861.90625,0
2026-05-19 18:19,76878.24219,76881.92969,76848.63281,76848.63281,0
2026-05-19 18:20,76865.9375,76879.89844,76850.25781,76878.25,0
2026-05-19 18:21,76864.02344,76870.79688,76841.78906,76870.77344,0
2026-05-19 18:22,76788.49219,76859.92188,76738.22656,76859.92188,0
2026-05-19 18:23,76739.96094,76759.03125,76720.03125,76759.03125,0
2026-05-19 18:24,76735.42188,76746.57031,76722.75,76740.03125,0
2026-05-19 18:25,76766.21094,76766.21094,76728.39844,76750.70312,0
2026-05-19 18:26,76776.0,76784.4375,76762.04688,76768.89062,159744
2026-05-19 18:27,76724.5625,76763.35938,76722.0,76758.82031,0
2026-05-19 18:28,76716.0,76720.78125,76696.79688,76707.92969,0
2026-05-19 18:29,76692.71875,76730.27344,76688.74219,76723.3125,0
2026-05-19 18:30,76671.79688,76701.28906,76671.79688,76701.28906,0
2026-05-19 18:31,76728.0,76728.0,76664.4375,76668.04688,0
2026-05-19 18:32,76756.03125,76761.10156,76727.65625,76728.49219,0
2026-05-19 18:33,76773.32812,76773.32812,76731.71094,76732.89844,0
2026-05-19 18:34,76741.09375,76760.0625,76733.57031,76760.0625,0
2026-05-19 18:35,76757.85156,76764.75,76750.49219,76750.92188,0
2026-05-19 18:36,76790.3125,76790.3125,76746.0,76761.99219,27123712
2026-05-19 18:37,76753.36719,76761.96094,76748.03906,76761.96094,0
2026-05-19 18:38,76750.54688,76764.75781,76735.52344,76756.03125,0
2026-05-19 18:39,76777.46875,76784.95312,76747.99219,76747.99219,0
2026-05-19 18:40,76745.85938,76768.07031,76739.96875,76768.07031,0
2026-05-19 18:41,76751.82812,76751.82812,76727.42188,76745.79688,0
2026-05-19 18:42,76739.96875,76753.96094,76730.1875,76751.84375,0
2026-05-19 18:43,76765.60156,76770.0,76737.64062,76738.22656,79419392
2026-05-19 18:44,76769.50781,76783.77344,76765.5,76777.0,0
2026-05-19 18:45,76771.15625,76779.0,76742.00781,76779.0,0
2026-05-19 18:46,76764.0,76788.47656,76753.89062,76775.60938,24920064
2026-05-19 18:47,76773.96094,76773.96094,76755.99219,76765.22656,35287040
2026-05-19 18:48,76812.24219,76812.24219,76764.35938,76771.03125,0
2026-05-19 18:49,76788.49219,76815.0625,76767.21094,76815.0625,0
2026-05-19 18:50,76768.47656,76787.97656,76767.35938,76782.53125,0
2026-05-19 18:51,76801.28906,76811.97656,76768.47656,76768.47656,65648640
2026-05-19 18:52,76817.6875,76817.6875,76801.78125,76801.78125,0
2026-05-19 18:53,76793.96094,76820.27344,76780.67188,76820.25781,75614208
2026-05-19 18:54,76785.5,76793.96094,76773.65625,76793.96094,0
2026-05-19 18:55,76717.75781,76726.74219,76690.61719,76716.60156,79362048
2026-05-19 18:56,76737.99219,76739.28125,76721.92188,76721.92969,0
2026-05-19 18:57,76755.21094,76761.75781,76726.89062,76741.82031,0
2026-05-19 18:58,76726.75781,76761.14062,76726.75781,76758.14844,0
2026-05-19 18:59,76728.28906,76728.64062,76721.67969,76721.6875,0
2026-05-19 19:00,76786.13281,76786.13281,76728.28906,76728.28906,117655552
2026-05-19 19:01,76788.89062,76802.74219,76762.75,76802.74219,0
2026-05-19 19:02,76782.5,76788.89062,76760.0,76788.89062,0
2026-05-19 19:03,76780.88281,76803.96875,76780.88281,76783.96094,0
2026-05-19 19:04,76805.11719,76808.20312,76779.97656,76783.60938,0
2026-05-19 19:05,76830.89062,76833.39844,76805.17188,76805.17188,0
2026-05-19 19:06,76818.0,76835.02344,76812.28125,76830.29688,0
2026-05-19 19:07,76846.64062,76846.64062,76798.0,76822.22656,0
2026-05-19 19:08,76861.53906,76869.0,76841.90625,76841.90625,0
2026-05-19 19:09,76883.50781,76897.54688,76861.53906,76861.53906,0
2026-05-19 19:10,76903.28906,76903.28906,76881.24219,76883.5,0
2026-05-19 19:11,76912.0,76926.40625,76898.63281,76910.13281,0
2026-05-19 19:12,76887.60156,76912.1875,76883.90625,76912.1875,0
2026-05-19 19:13,76928.10156,76928.10156,76886.67188,76888.07031,73947136
2026-05-19 19:14,76983.29688,76989.99219,76933.89844,76933.89844,0
2026-05-19 19:15,76965.61719,76993.07031,76965.61719,76985.22656,0
2026-05-19 19:16,76932.20312,76957.21875,76916.75,76957.21875,0
2026-05-19 19:17,76919.47656,76935.72656,76901.92969,76935.72656,0
2026-05-19 19:18,76892.29688,76922.02344,76890.53125,76920.09375,157247488
2026-05-19 19:19,76905.84375,76929.28906,76892.29688,76892.29688,0
2026-05-19 19:20,76893.00781,76904.00781,76884.29688,76904.00781,0
2026-05-19 19:21,76917.50781,76919.07812,76898.28906,76903.6875,0
2026-05-19 19:22,76870.74219,76916.21094,76865.85156,76916.21094,0
2026-05-19 19:23,76821.0,76870.42969,76812.6875,76870.42969,0
2026-05-19 19:24,76802.64844,76833.49219,76793.53125,76821.09375,38817792
2026-05-19 19:25,76777.6875,76804.71875,76765.71094,76784.64844,0
2026-05-19 19:26,76754.71094,76764.0,76754.71094,76763.77344,0
2026-05-19 19:27,76753.88281,76754.17969,76739.86719,76747.60938,0
2026-05-19 19:28,76778.0,76788.60156,76745.49219,76761.86719,0
2026-05-19 19:29,76738.35156,76768.96094,76687.99219,76768.96094,74196992
2026-05-19 19:30,76716.13281,76759.09375,76716.13281,76759.09375,259776512
2026-05-19 19:31,76760.03906,76760.03906,76721.99219,76721.99219,0
2026-05-19 19:32,76811.67188,76811.67188,76750.5,76773.10156,79601664
2026-05-19 19:33,76788.90625,76834.5,76788.90625,76819.85938,0
2026-05-19 19:34,76808.47656,76811.96094,76789.10156,76789.10156,1495040
2026-05-19 19:35,76812.25,76841.03906,76811.53125,76811.53125,5980160
2026-05-19 19:36,76800.96094,76831.14844,76800.60156,76815.99219,9039872
2026-05-19 19:37,76811.64062,76819.96875,76790.46094,76790.46094,0
2026-05-19 19:38,76808.64844,76811.75,76793.25781,76811.75,0
2026-05-19 19:39,76826.10938,76842.75781,76809.0,76809.0,0
2026-05-19 19:40,76819.10938,76825.35938,76785.84375,76825.35938,77006848
2026-05-19 19:41,76817.03906,76829.99219,76807.96875,76812.86719,0
2026-05-19 19:42,76801.03906,76823.36719,76790.0,76818.28125,0
2026-05-19 19:43,76823.97656,76823.97656,76803.0625,76803.0625,0
2026-05-19 19:44,76806.09375,76842.25781,76802.75,76829.99219,2775040
2026-05-19 19:45,76742.03906,76813.65625,76742.03906,76798.00781,935936
2026-05-19 19:46,76772.38281,76772.38281,76748.47656,76748.47656,0
2026-05-19 19:47,76772.02344,76777.17969,76753.42969,76765.25781,79087616
2026-05-19 19:48,76767.99219,76783.97656,76748.57812,76748.57812,0
2026-05-19 19:49,76781.53125,76789.71875,76776.92969,76784.32812,0
2026-05-19 19:50,76783.36719,76783.36719,76736.25,76766.79688,85852160
2026-05-19 19:51,76774.50781,76782.09375,76757.78125,76779.21875,0
2026-05-19 19:52,76809.20312,76809.20312,76770.5,76770.5,0
2026-05-19 19:53,76802.02344,76821.49219,76793.25,76815.50781,0
2026-05-19 19:54,76740.92969,76793.78125,76736.25,76793.78125,0
2026-05-19 19:55,76744.42188,76744.42188,76702.28125,76708.64844,0
2026-05-19 19:56,76746.64844,76761.75,76741.49219,76759.27344,77637632
2026-05-19 19:57,76757.14844,76760.57031,76741.00781,76741.00781,0
2026-05-19 19:58,76744.84375,76751.46875,76744.84375,76744.92969,3426304
2026-05-19 19:59,76754.04688,76754.04688,76736.84375,76752.0,0
2026-05-19 20:00,76786.64062,76793.0625,76770.78125,76773.4375,0
2026-05-19 20:01,76798.49219,76799.03906,76786.64062,76793.04688,0
2026-05-19 20:02,76836.60156,76836.92188,76800.0,76800.0,0
2026-05-19 20:03,76777.42969,76831.1875,76773.03906,76831.1875,46446592
2026-05-19 20:04,76752.04688,76788.45312,76752.04688,76777.99219,0
2026-05-19 20:05,76789.5,76795.64844,76767.99219,76767.99219,73635840
2026-05-19 20:06,76814.35156,76814.42188,76789.02344,76789.5,0
2026-05-19 20:07,76819.27344,76823.0625,76802.03906,76815.85156,0
2026-05-19 20:08,76841.42188,76841.42188,76818.46875,76821.1875,0
2026-05-19 20:09,76844.95312,76850.75781,76839.79688,76839.79688,0
2026-05-19 20:10,76874.59375,76874.60156,76845.72656,76845.72656,0
2026-05-19 20:11,76874.59375,76881.07031,76873.39844,76873.39844,0
2026-05-19 20:12,76847.63281,76875.46875,76846.75,76875.46875,107452416
2026-05-19 20:13,76875.97656,76876.95312,76859.75,76859.75,0
2026-05-19 20:14,76878.74219,76888.36719,76875.97656,76875.99219,0
2026-05-19 20:15,76874.0,76889.60938,76874.0,76877.85156,0
2026-05-19 20:16,76871.77344,76871.89062,76862.82031,76870.1875,0
2026-05-19 20:17,76870.85938,76874.21875,76867.57031,76869.10156,0
2026-05-19 20:18,76876.02344,76879.63281,76869.25,76870.85938,193660928
2026-05-19 20:19,76867.46094,76884.13281,76863.29688,76878.5625,0
2026-05-19 20:20,76833.99219,76876.6875,76831.25781,76870.72656,0
2026-05-19 20:21,76853.6875,76853.96094,76833.97656,76833.97656,0
2026-05-19 20:22,76857.61719,76857.61719,76840.75781,76840.75781,0
2026-05-19 20:23,76863.28125,76866.85156,76857.61719,76857.63281,23533568
2026-05-19 20:24,76866.57812,76870.0,76863.53125,76864.64062,0
2026-05-19 20:25,76865.49219,76865.49219,76843.02344,76848.96875,0
2026-05-19 20:26,76877.67188,76881.02344,76867.25781,76867.25781,0
2026-05-19 20:27,76859.21875,76878.02344,76857.71094,76877.64844,0
2026-05-19 20:28,76864.10938,76864.10938,76856.0,76857.71094,0
2026-05-19 20:29,76861.15625,76862.57812,76850.21094,76862.57812,0
2026-05-19 20:30,76899.97656,76899.97656,76866.39062,76868.53906,0
2026-05-19 20:31,76870.10156,76901.39844,76870.10156,76897.75,0
2026-05-19 20:32,76858.32812,76861.78906,76858.14062,76861.78906,0
2026-05-19 20:33,76867.65625,76868.9375,76858.34375,76858.34375,145350656
2026-05-19 20:34,76885.64844,76885.64844,76864.72656,76870.92969,421888
2026-05-19 20:35,76897.89062,76897.89062,76879.53906,76879.53906,0
2026-05-19 20:36,76894.0,76899.63281,76891.67188,76898.0,0
2026-05-19 20:37,76905.32812,76905.57031,76892.64062,76892.64062,74655744
2026-05-19 20:38,76922.02344,76922.02344,76903.85156,76903.85156,0
2026-05-19 20:39,76903.75781,76922.02344,76903.75781,76922.02344,0
2026-05-19 20:40,76889.28125,76914.35156,76888.25781,76907.29688,366592
2026-05-19 20:41,76884.64062,76893.09375,76883.50781,76892.96094,0
2026-05-19 20:42,76868.96094,76882.47656,76861.99219,76882.47656,25735168
2026-05-19 20:43,76866.0625,76871.99219,76865.97656,76865.97656,0
2026-05-19 20:44,76871.74219,76877.03125,76863.36719,76863.36719,0
2026-05-19 20:45,76884.96875,76887.59375,76871.79688,76873.28906,0
2026-05-19 20:46,76911.99219,76911.99219,76888.25,76888.25,0
2026-05-19 20:47,76922.3125,76928.09375,76911.10938,76911.10938,0
2026-05-19 20:48,76907.25781,76933.78125,76907.25781,76930.86719,23556096
2026-05-19 20:49,76924.0,76926.0,76915.64844,76917.32031,0
2026-05-19 20:50,76928.57812,76933.99219,76917.34375,76924.38281,0
2026-05-19 20:51,76936.0,76936.0,76930.28906,76932.28125,0
2026-05-19 20:52,76943.89062,76946.36719,76935.99219,76935.99219,0
2026-05-19 20:53,76953.13281,76956.14062,76946.35938,76946.35938,4993024
2026-05-19 20:54,76960.25781,76967.70312,76956.07812,76956.07812,0
2026-05-19 20:55,76967.60156,76967.70312,76958.5625,76958.5625,0
2026-05-19 20:56,76977.99219,76977.99219,76972.88281,76974.85938,0
2026-05-19 20:57,76959.99219,76979.53125,76958.71094,76977.97656,0
2026-05-19 20:58,76967.14844,76974.14844,76960.1875,76961.20312,0
2026-05-19 20:59,76953.35156,76967.14844,76948.92969,76967.14844,13608960
2026-05-19 21:00,76931.00781,76958.92969,76931.00781,76948.89062,0
2026-05-19 21:01,76949.99219,76949.99219,76919.45312,76928.38281,0
2026-05-19 21:02,76957.0625,76963.97656,76949.10938,76949.10938,0
2026-05-19 21:03,76931.02344,76957.04688,76930.64062,76957.04688,229193728
2026-05-19 21:04,76926.67969,76933.99219,76923.10156,76931.99219,0
2026-05-19 21:05,76917.85938,76931.47656,76917.85938,76931.47656,0
2026-05-19 21:06,76926.25,76937.35938,76917.85938,76917.86719,0
2026-05-19 21:07,76903.75,76921.50781,76902.3125,76921.50781,0
2026-05-19 21:08,76902.39062,76903.99219,76902.39062,76903.75,0
2026-05-19 21:09,76913.8125,76913.8125,76901.07031,76902.39844,182466560
2026-05-19 21:10,76921.4375,76921.4375,76909.46094,76913.8125,0
2026-05-19 21:11,76924.17188,76926.25781,76920.14062,76921.4375,0
2026-05-19 21:12,76928.02344,76930.79688,76924.17188,76924.17188,0
2026-05-19 21:13,76928.96094,76969.97656,76928.10938,76930.35938,0
2026-05-19 21:14,76945.25,76945.25,76928.96094,76929.10938,0
2026-05-19 21:15,76965.52344,76965.52344,76952.85156,76952.85156,20680704
2026-05-19 21:16,76968.04688,76978.96094,76961.82812,76965.52344,0
2026-05-19 21:17,76955.29688,76970.32031,76954.92969,76968.59375,0
2026-05-19 21:18,76952.78125,76955.46094,76948.70312,76955.25781,0
2026-05-19 21:19,76950.00781,76953.97656,76947.35156,76953.97656,0
2026-05-19 21:20,76951.59375,76951.59375,76933.96875,76944.95312,0
2026-05-19 21:21,76959.78125,76959.78125,76949.07031,76951.59375,0
2026-05-19 21:22,76965.92969,76965.92969,76961.99219,76962.29688,911360
2026-05-19 21:23,76973.09375,76973.15625,76965.25,76965.25,995328
2026-05-19 21:24,76973.82031,76973.82812,76973.04688,76973.0625,0
2026-05-19 21:25,76957.29688,76976.25781,76957.29688,76976.25,0
2026-05-19 21:26,76957.46875,76972.00781,76952.14062,76957.29688,0
2026-05-19 21:27,76915.90625,76954.75,76915.82031,76954.75,87201792
2026-05-19 21:28,76926.79688,76935.75,76915.90625,76915.90625,0
2026-05-19 21:29,76935.72656,76935.74219,76920.04688,76920.04688,0
2026-05-19 21:30,76931.60938,76935.75,76931.4375,76935.72656,139292672
2026-05-19 21:31,76941.82812,76941.82812,76922.11719,76931.60156,0
2026-05-19 21:32,76958.11719,76958.13281,76943.35938,76943.36719,0
2026-05-19 21:33,76958.11719,76958.13281,76958.11719,76958.13281,0
2026-05-19 21:34,76961.17969,76961.86719,76958.11719,76958.13281,0
2026-05-19 21:35,76958.96094,76961.17969,76958.9375,76961.17969,0
2026-05-19 21:36,76961.11719,76961.11719,76959.07031,76959.07031,57294848
2026-05-19 21:37,76953.89844,76961.11719,76934.38281,76961.11719,0
2026-05-19 21:38,76957.64062,76969.99219,76956.28125,76964.24219,0
2026-05-19 21:39,76970.85938,76970.85938,76956.49219,76956.49219,0
2026-05-19 21:40,76974.89844,76974.95312,76973.59375,76973.59375,0
2026-05-19 21:41,76968.5625,76974.97656,76968.5625,76974.89844,0
2026-05-19 21:42,76959.04688,76971.72656,76958.38281,76970.39062,0
2026-05-19 21:43,76968.11719,76968.11719,76935.95312,76959.92969,0
2026-05-19 21:44,76961.04688,76971.32812,76952.60938,76969.57812,0
2026-05-19 21:45,76954.72656,76957.54688,76927.46094,76957.54688,0
2026-05-19 21:46,76959.04688,76962.53906,76959.04688,76960.10156,256000
2026-05-19 21:47,76942.10938,76952.04688,76942.00781,76952.04688,122880
2026-05-19 21:48,76945.57031,76946.60156,76942.10938,76942.10938,0
2026-05-19 21:49,76933.86719,76946.64062,76931.84375,76945.57031,0
2026-05-19 21:50,76944.82812,76944.82812,76934.39844,76934.39844,0
2026-05-19 21:51,76948.64062,76948.64062,76941.65625,76941.65625,0
2026-05-19 21:52,76949.25781,76949.77344,76947.74219,76949.53125,0
2026-05-19 21:53,76959.0,76969.10938,76954.39062,76954.49219,0
2026-05-19 21:54,76954.60156,76962.03125,76954.60156,76959.04688,5396480
2026-05-19 21:55,76941.13281,76951.96094,76940.60938,76951.96094,0
2026-05-19 21:56,76941.97656,76954.27344,76941.97656,76941.97656,0
2026-05-19 21:57,76931.0,76940.75781,76926.38281,76940.75,108126208
2026-05-19 21:58,76949.97656,76949.97656,76922.29688,76925.17969,0
2026-05-19 21:59,76910.00781,76950.4375,76910.00781,76949.97656,0
2026-05-19 22:00,76800.0,76901.03906,76728.61719,76901.03906,80668672
2026-05-19 22:01,76825.96875,76828.13281,76777.21875,76783.75,0
2026-05-19 22:02,76761.61719,76825.85156,76761.61719,76825.85156,0
2026-05-19 22:03,76749.39844,76778.99219,76749.39844,76761.60938,76730368
2026-05-19 22:04,76766.14844,76797.32031,76722.21875,76735.11719,0
2026-05-19 22:05,76766.54688,76796.42188,76761.6875,76761.6875,0
2026-05-19 22:06,76745.75,76766.5625,76745.75,76766.5625,0
2026-05-19 22:07,76743.1875,76758.00781,76730.3125,76744.78125,0
2026-05-19 22:08,76771.65625,76776.32812,76755.90625,76755.90625,464896
2026-05-19 22:09,76734.0,76772.25,76733.00781,76772.25,94967808
2026-05-19 22:10,76739.89062,76764.25781,76726.46875,76750.0,0
2026-05-19 22:11,76716.4375,76750.5,76716.4375,76745.20312,0
2026-05-19 22:12,76724.03125,76739.99219,76717.88281,76717.88281,37089280
2026-05-19 22:13,76717.25,76741.0,76714.28125,76741.0,0
2026-05-19 22:14,76708.49219,76719.75781,76708.49219,76716.24219,0
2026-05-19 22:15,76682.25781,76704.00781,76618.35938,76689.99219,0
2026-05-19 22:16,76680.25781,76684.0,76656.03125,76684.0,0
2026-05-19 22:17,76664.99219,76678.57031,76639.15625,76678.57031,0
2026-05-19 22:18,76689.67969,76703.5,76661.39844,76661.39844,191332352
2026-05-19 22:19,76667.71094,76689.79688,76667.71094,76689.79688,0
2026-05-19 22:20,76672.67188,76688.74219,76660.25,76667.99219,80771072
2026-05-19 22:21,76631.75781,76683.53125,76631.75781,76669.10156,0
2026-05-19 22:22,76647.89062,76658.0,76626.50781,76628.71094,0
2026-05-19 22:23,76656.92969,76658.00781,76643.96094,76648.45312,0
2026-05-19 22:24,76611.99219,76656.92969,76600.14062,76656.92188,4296704
2026-05-19 22:25,76611.46094,76618.36719,76574.0,76611.99219,69906432
2026-05-19 22:26,76584.86719,76611.46875,76584.86719,76609.88281,7565312
2026-05-19 22:27,76595.75,76597.97656,76572.0,76580.21094,0
2026-05-19 22:28,76596.92188,76603.64062,76588.85938,76595.75,0
2026-05-19 22:29,76602.0,76604.46875,76579.50781,76598.49219,6123520
2026-05-19 22:30,76612.61719,76612.61719,76570.3125,76599.39062,0
2026-05-19 22:31,76646.47656,76646.47656,76620.88281,76626.99219,0
2026-05-19 22:32,76664.21094,76667.46094,76649.99219,76649.99219,0
2026-05-19 22:33,76702.03125,76718.20312,76683.99219,76683.99219,207642624
2026-05-19 22:34,76721.35938,76722.99219,76693.35938,76706.35938,0
2026-05-19 22:35,76700.82031,76716.0625,76699.22656,76707.75781,119517184
2026-05-19 22:36,76657.72656,76701.0625,76657.72656,76701.0625,595968
2026-05-19 22:37,76647.72656,76659.97656,76646.0,76657.72656,0
2026-05-19 22:38,76658.6875,76658.70312,76641.99219,76641.99219,0
2026-05-19 22:39,76651.9375,76658.70312,76651.9375,76658.70312,0
2026-05-19 22:40,76655.50781,76672.99219,76652.25781,76652.34375,0
2026-05-19 22:41,76702.99219,76702.99219,76664.90625,76664.90625,1806336
2026-05-19 22:42,76679.21094,76702.99219,76674.5,76702.99219,63895552
2026-05-19 22:43,76684.71875,76685.96875,76679.21094,76679.21094,0
2026-05-19 22:44,76683.24219,76684.96094,76680.0625,76684.72656,89325568
2026-05-19 22:45,76676.4375,76690.35156,76674.67188,76682.50781,0
2026-05-19 22:46,76665.0,76686.92969,76665.0,76686.92969,0
2026-05-19 22:47,76658.71094,76665.0,76657.49219,76665.0,0
2026-05-19 22:48,76698.24219,76698.24219,76654.84375,76658.71094,0
2026-05-19 22:49,76685.21094,76698.24219,76682.38281,76698.24219,0
2026-05-19 22:50,76674.29688,76686.75781,76672.63281,76684.04688,0
2026-05-19 22:51,76655.5,76674.53906,76655.5,76674.28906,137943040
2026-05-19 22:52,76676.97656,76684.60156,76669.03125,76669.03125,0
2026-05-19 22:53,76676.35156,76684.60156,76668.00781,76676.97656,0
2026-05-19 22:54,76674.70312,76677.10938,76672.17188,76673.5,0
2026-05-19 22:55,76677.5625,76698.0,76677.00781,76677.00781,0
2026-05-19 22:56,76666.54688,76685.35938,76665.0,76669.96875,0
2026-05-19 22:57,76664.38281,76675.75781,76664.38281,76670.4375,0
2026-05-19 22:58,76637.25781,76667.64062,76637.25781,76664.36719,0
2026-05-19 22:59,76640.46875,76641.25,76625.0,76625.0,0
2026-05-19 23:00,76615.75781,76618.57812,76594.00781,76608.96875,61896704
2026-05-19 23:01,76650.03125,76650.03125,76613.17188,76613.17188,0
2026-05-19 23:02,76650.74219,76652.54688,76629.04688,76647.29688,1288192
2026-05-19 23:03,76666.60938,76680.10938,76653.10938,76653.10938,0
2026-05-19 23:04,76650.92188,76666.61719,76650.92188,76660.27344,0
2026-05-19 23:05,76641.25,76654.96875,76634.07031,76653.15625,2002944
2026-05-19 23:06,76646.8125,76655.38281,76641.25,76641.25781,118048768
2026-05-19 23:07,76656.04688,76660.24219,76647.25,76647.25,589824
2026-05-19 23:08,76692.0,76693.49219,76656.03906,76656.03906,77400064
2026-05-19 23:09,76734.07031,76734.07031,76693.47656,76693.47656,0
2026-05-19 23:10,76753.49219,76761.25781,76735.39062,76735.39062,0
2026-05-19 23:11,76765.40625,76769.07031,76756.5625,76756.5625,0
2026-05-19 23:12,76755.25781,76781.00781,76755.25781,76774.85156,0
2026-05-19 23:13,76741.70312,76752.11719,76740.0,76748.84375,7505920
2026-05-19 23:14,76736.60156,76741.71094,76736.57812,76741.70312,0
2026-05-19 23:15,76736.85938,76745.96875,76727.78125,76745.96875,0
2026-05-19 23:16,76738.53906,76750.02344,76736.85938,76736.85938,204902400
2026-05-19 23:17,76774.89062,76778.99219,76738.53906,76738.53906,0
2026-05-19 23:18,76778.39062,76799.99219,76774.89844,76774.89844,0
2026-05-19 23:19,76779.99219,76795.09375,76777.60156,76793.25,241664
2026-05-19 23:20,76775.11719,76784.71094,76772.03906,76773.71094,0
2026-05-19 23:21,76788.39062,76788.39062,76765.00781,76774.17969,0
2026-05-19 23:22,76796.8125,76800.0,76794.65625,76794.65625,0
2026-05-19 23:23,76825.49219,76831.03906,76817.92969,76822.95312,0
2026-05-19 23:24,76810.00781,76821.70312,76810.00781,76817.0,0
2026-05-19 23:25,76825.57031,76825.57812,76810.00781,76810.02344,0
2026-05-19 23:26,76811.20312,76817.85156,76805.64844,76812.25,1183744
2026-05-19 23:27,76817.84375,76817.85156,76812.64844,76814.84375,193660928
2026-05-19 23:28,76805.86719,76817.85156,76805.85938,76817.84375,0
2026-05-19 23:29,76831.03906,76831.04688,76817.84375,76817.84375,1492992
2026-05-19 23:30,76826.5,76859.07812,76825.0,76840.74219,0
2026-05-19 23:31,76831.10938,76831.14844,76812.25781,76826.5,151767040
2026-05-19 23:32,76810.84375,76835.99219,76806.89844,76831.35938,0
2026-05-19 23:33,76871.5625,76871.5625,76813.65625,76813.65625,0
2026-05-19 23:34,76907.72656,76907.72656,76859.00781,76878.75,79570944
2026-05-19 23:35,76883.17969,76894.07812,76870.15625,76885.60156,0
2026-05-19 23:36,76873.57031,76886.59375,76873.57031,76886.59375,0
2026-05-19 23:37,76867.32031,76871.45312,76866.21094,76868.17188,0
2026-05-19 23:38,76867.46094,76867.46094,76867.32031,76867.32812,1185792
2026-05-19 23:39,76870.71875,76873.99219,76850.96094,76867.90625,0
2026-05-19 23:40,76856.60938,76872.0,76856.35156,76871.99219,417792
2026-05-19 23:41,76856.0,76869.10156,76851.99219,76856.61719,0
2026-05-19 23:42,76833.99219,76855.99219,76833.6875,76855.99219,0
2026-05-19 23:43,76818.0,76838.85938,76817.00781,76835.57031,0
2026-05-19 23:44,76834.0,76834.0,76817.99219,76817.99219,251904
2026-05-19 23:45,76824.99219,76845.36719,76809.99219,76838.67969,78680064
2026-05-19 23:46,76805.0,76825.0,76805.0,76823.85938,0
2026-05-19 23:47,76775.75781,76795.35156,76766.52344,76795.35156,0
2026-05-19 23:48,76816.89844,76816.89844,76777.78125,76777.78125,0
2026-05-19 23:49,76829.22656,76829.22656,76812.24219,76814.00781,0
2026-05-19 23:50,76807.5,76829.24219,76807.5,76829.22656,0
2026-05-19 23:51,76791.57812,76813.72656,76786.50781,76807.50781,0
2026-05-19 23:52,76808.4375,76808.72656,76801.42969,76801.42969,0
2026-05-19 23:53,76812.24219,76812.24219,76802.46875,76808.4375,0
2026-05-19 23:54,76765.99219,76802.49219,76765.99219,76802.49219,162596864
2026-05-19 23:55,76764.03906,76765.99219,76756.25781,76765.99219,0
2026-05-19 23:56,76755.63281,76764.03906,76755.63281,76764.03906,0
2026-05-19 23:57,76744.82031,76755.64062,76744.82031,76755.64062,0
2026-05-19 23:58,76746.27344,76749.27344,76744.8125,76744.8125,0
2026-05-20 00:00,76738.53906,76770.60156,76738.53906,76755.25,0
2026-05-20 00:01,76764.74219,76779.0,76740.99219,76740.99219,1232896
2026-05-20 00:02,76811.53906,76816.67969,76772.84375,76772.84375,0
2026-05-20 00:03,76798.32031,76828.0,76798.32031,76809.17188,0
2026-05-20 00:04,76783.75,76800.0,76783.75,76798.0,70703104
2026-05-20 00:05,76732.15625,76784.89062,76732.15625,76765.28125,0
2026-05-20 00:06,76717.27344,76731.99219,76678.60938,76718.95312,49149952
2026-05-20 00:07,76671.85938,76698.25781,76671.53906,76698.25781,0
2026-05-20 00:08,76635.17188,76674.07812,76633.42969,76671.85938,0
2026-05-20 00:09,76633.99219,76666.97656,76621.10156,76657.27344,0
2026-05-20 00:10,76631.75,76641.24219,76628.5,76631.82812,1533952
2026-05-20 00:11,76565.25,76622.96875,76565.25,76622.96875,0
2026-05-20 00:12,76515.96875,76555.74219,76509.29688,76543.96875,74246144
2026-05-20 00:13,76487.92969,76535.14844,76486.00781,76508.0,0
2026-05-20 00:14,76494.0,76520.34375,76481.72656,76494.0,0
2026-05-20 00:15,76508.39062,76517.11719,76456.95312,76495.29688,0
2026-05-20 00:16,76484.99219,76521.92188,76484.99219,76521.92188,1241088
2026-05-20 00:17,76544.57812,76544.57812,76469.60938,76482.97656,0
2026-05-20 00:18,76503.32031,76536.74219,76494.0,76536.74219,0
2026-05-20 00:19,76500.0,76509.92188,76489.59375,76505.99219,153042944
2026-05-20 00:20,76524.38281,76524.38281,76491.28125,76495.0625,0
2026-05-20 00:21,76500.53125,76525.92969,76479.75,76521.25781,0
2026-05-20 00:22,76479.75,76506.65625,76479.75,76498.99219,1085440
2026-05-20 00:23,76474.04688,76479.75781,76442.02344,76479.75781,0
2026-05-20 00:24,76498.00781,76498.52344,76475.0,76478.92969,0
2026-05-20 00:25,76594.92969,76597.45312,76494.97656,76498.0,0
2026-05-20 00:26,76546.25,76579.5,76530.52344,76579.5,0
2026-05-20 00:27,76600.0,76600.0,76552.5625,76552.5625,0
2026-05-20 00:28,76579.89062,76599.99219,76579.89062,76599.99219,1847296
2026-05-20 00:29,76617.13281,76618.0,76579.89062,76579.89062,0
2026-05-20 00:30,76726.74219,76726.74219,76636.49219,76636.49219,83304448
2026-05-20 00:31,76722.03125,76768.20312,76722.03125,76740.02344,0
2026-05-20 00:32,76646.00781,76716.71094,76646.00781,76716.71094,0
2026-05-20 00:33,76544.0,76656.0,76544.0,76656.0,146343936
2026-05-20 00:34,76632.0,76632.0,76563.45312,76563.45312,0
2026-05-20 00:35,76658.00781,76665.07812,76654.04688,76654.04688,85467136
2026-05-20 00:36,76626.99219,76659.99219,76613.50781,76659.99219,0
2026-05-20 00:37,76636.60156,76664.97656,76613.97656,76625.67969,1460224
2026-05-20 00:38,76603.25781,76620.17188,76585.49219,76620.17188,0
2026-05-20 00:39,76600.04688,76619.96094,76598.85156,76612.75,0
2026-05-20 00:40,76648.5,76648.5,76576.8125,76600.04688,28792832
2026-05-20 00:41,76628.85156,76665.99219,76628.85156,76647.64062,0
2026-05-20 00:42,76596.04688,76627.0,76596.04688,76627.0,0
2026-05-20 00:43,76603.24219,76603.28906,76573.84375,76573.84375,81162240
2026-05-20 00:44,76641.24219,76641.24219,76596.9375,76596.9375,0
2026-05-20 00:45,76642.70312,76655.9375,76624.96094,76655.9375,0
2026-05-20 00:46,76630.22656,76645.99219,76604.89062,76645.99219,0
2026-05-20 00:47,76629.71094,76661.13281,76629.71094,76630.22656,1415168
2026-05-20 00:48,76655.4375,76669.74219,76608.00781,76629.88281,130516992
2026-05-20 00:49,76659.0,76659.0,76635.82812,76641.28125,0
2026-05-20 00:50,76646.0,76671.77344,76646.0,76671.75781,0
2026-05-20 00:51,76661.99219,76666.39062,76641.25,76646.00781,94398464
2026-05-20 00:52,76616.10938,76675.65625,76616.10938,76662.38281,0
2026-05-20 00:53,76643.60156,76649.21094,76616.11719,76616.11719,0
2026-05-20 00:54,76666.46094,76693.49219,76650.75781,76650.75781,0
2026-05-20 00:55,76692.0,76692.0,76669.75,76677.5625,0
2026-05-20 00:56,76666.25781,76688.96094,76665.0,76688.96094,12998656
2026-05-20 00:57,76689.99219,76699.99219,76677.78125,76677.78125,2359296
2026-05-20 00:58,76687.65625,76690.10938,76672.00781,76674.61719,1366016
2026-05-20 00:59,76704.17969,76704.17969,76690.89062,76701.50781,0
2026-05-20 01:00,76698.25,76735.97656,76678.21875,76706.03906,0
2026-05-20 01:01,76698.24219,76698.25,76678.90625,76693.17969,14512128
2026-05-20 01:02,76674.5,76689.11719,76644.35938,76689.10938,0
2026-05-20 01:03,76709.11719,76709.11719,76655.4375,76683.99219,43708416
2026-05-20 01:04,76728.10938,76731.49219,76685.78125,76705.97656,665600
2026-05-20 01:05,76672.86719,76717.78125,76672.8125,76717.78125,0
2026-05-20 01:06,76641.25,76693.5,76637.84375,76673.89844,0
2026-05-20 01:07,76639.70312,76672.03906,76631.99219,76636.5,76568576
2026-05-20 01:08,76740.65625,76740.65625,76639.6875,76639.6875,0
2026-05-20 01:09,76764.0,76765.99219,76733.97656,76733.97656,129425408
2026-05-20 01:10,76765.75781,76811.99219,76761.40625,76765.57031,0
2026-05-20 01:11,76757.75,76765.77344,76734.70312,76765.77344,0
2026-05-20 01:12,76774.24219,76787.99219,76762.32031,76762.32031,34840576
2026-05-20 01:13,76811.99219,76811.99219,76770.1875,76783.74219,0
2026-05-20 01:14,76796.0,76839.99219,76796.0,76815.03906,0
2026-05-20 01:15,76751.39062,76783.75,76750.5,76783.75,34082816
2026-05-20 01:16,76751.99219,76766.0625,76751.99219,76752.78906,0
2026-05-20 01:17,76760.92188,76760.92188,76723.42188,76751.99219,4786176
2026-05-20 01:18,76766.32031,76781.42969,76753.63281,76760.90625,58370048
2026-05-20 01:19,76811.92969,76811.92969,76765.24219,76771.88281,107552768
2026-05-20 01:20,76807.5,76824.64844,76799.20312,76815.92188,0
2026-05-20 01:21,76801.5,76811.22656,76776.6875,76804.5,0
2026-05-20 01:22,76789.95312,76802.74219,76783.84375,76801.5,0
2026-05-20 01:23,76746.82812,76784.57812,76744.00781,76784.21094,1110016
2026-05-20 01:24,76698.25,76743.61719,76698.25,76743.61719,0
2026-05-20 01:25,76722.74219,76732.86719,76698.25,76698.25,0
2026-05-20 01:26,76681.99219,76724.65625,76676.90625,76723.71094,82964480
2026-05-20 01:27,76658.14844,76663.17188,76641.25,76663.17188,0
2026-05-20 01:28,76555.32031,76672.38281,76555.32031,76669.74219,0
2026-05-20 01:29,76499.67969,76532.45312,76485.99219,76532.0,1562624
2026-05-20 01:30,76540.0,76540.0,76494.0,76517.74219,89188352
2026-05-20 01:31,76561.6875,76605.0,76537.11719,76537.92188,0
2026-05-20 01:32,76586.20312,76588.00781,76542.29688,76542.29688,0
2026-05-20 01:33,76598.5,76630.89062,76588.00781,76588.00781,0
2026-05-20 01:34,76558.50781,76595.85938,76555.75,76595.85938,98838528
2026-05-20 01:35,76574.74219,76574.74219,76523.82812,76541.5,0
2026-05-20 01:36,76515.78125,76573.0,76501.4375,76573.0,66619392
2026-05-20 01:37,76487.6875,76519.61719,76450.65625,76519.61719,0
2026-05-20 01:38,76489.24219,76497.14062,76470.25,76480.22656,0
2026-05-20 01:39,76529.99219,76531.99219,76511.0,76511.34375,0
2026-05-20 01:40,76512.04688,76535.96875,76507.75,76535.96875,0
2026-05-20 01:41,76492.70312,76513.03125,76491.71094,76504.78125,2689024
2026-05-20 01:42,76474.99219,76490.32812,76460.75,76483.49219,83548160
2026-05-20 01:43,76517.49219,76517.49219,76477.84375,76480.99219,0
2026-05-20 01:44,76527.25781,76527.25781,76494.0,76526.34375,0
2026-05-20 01:45,76513.92969,76532.0625,76487.28906,76532.0625,0
2026-05-20 01:46,76509.97656,76517.8125,76484.60938,76513.92188,9074688
2026-05-20 01:47,76537.42188,76539.46094,76510.20312,76512.07812,2082816
2026-05-20 01:48,76567.0,76567.0,76522.5,76534.82812,0
2026-05-20 01:49,76603.82031,76603.82031,76560.50781,76569.6875,0
2026-05-20 01:50,76765.1875,76820.53906,76617.5,76617.5,2238464
2026-05-20 01:51,76706.10938,76778.0,76693.97656,76778.0,47343616
2026-05-20 01:52,76677.03125,76719.64844,76669.0,76707.75,649216
2026-05-20 01:53,76720.0,76724.52344,76684.9375,76694.46094,0
2026-05-20 01:54,76736.24219,76745.60938,76712.82812,76719.99219,0
2026-05-20 01:55,76740.0,76752.72656,76718.92969,76744.03125,74336256
2026-05-20 01:56,76725.0,76751.85938,76724.72656,76731.50781,87701504
2026-05-20 01:57,76712.5,76732.29688,76712.5,76732.28906,0
2026-05-20 01:58,76765.09375,76765.09375,76722.97656,76734.6875,0
2026-05-20 01:59,76735.32031,76747.27344,76735.3125,76747.27344,1271808
2026-05-20 02:00,76734.89062,76764.74219,76734.89062,76735.32031,30662656
2026-05-20 02:01,76707.75,76769.49219,76707.75,76745.75,0
2026-05-20 02:02,76714.14844,76726.75,76700.0,76707.75,73388032
2026-05-20 02:03,76722.0,76731.49219,76712.5,76721.99219,176138240
2026-05-20 02:04,76734.82031,76734.82031,76717.25781,76719.42969,0
2026-05-20 02:05,76741.0,76759.99219,76741.0,76743.10156,0
2026-05-20 02:06,76747.99219,76774.24219,76745.75,76750.5,0
2026-05-20 02:07,76755.53125,76755.53125,76736.25,76747.99219,0
2026-05-20 02:08,76754.0,76766.70312,76736.25,76741.65625,1783808
2026-05-20 02:09,76734.17969,76754.0,76734.15625,76754.0,0
2026-05-20 02:10,76729.77344,76736.28125,76707.75781,76707.75781,0
2026-05-20 02:11,76679.25,76729.77344,76679.25,76722.71875,0
2026-05-20 02:12,76690.67188,76690.67188,76670.00781,76674.5,0
2026-05-20 02:13,76681.07812,76689.85938,76678.3125,76689.85938,10833920
2026-05-20 02:14,76722.0,76722.0,76680.38281,76680.38281,0
2026-05-20 02:15,76728.13281,76753.99219,76728.13281,76736.24219,89673728
2026-05-20 02:16,76741.00781,76753.99219,76722.0,76722.0,0
2026-05-20 02:17,76711.85156,76736.02344,76706.09375,76736.02344,2963456
2026-05-20 02:18,76707.75781,76729.22656,76707.75781,76711.84375,0
2026-05-20 02:19,76735.15625,76735.21875,76693.95312,76707.75,82733056
2026-05-20 02:20,76760.0,76772.10156,76729.89844,76729.89844,0
2026-05-20 02:21,76751.39844,76763.78906,76744.07031,76752.72656,0
2026-05-20 02:22,76766.0,76785.03125,76743.9375,76746.25,69632
2026-05-20 02:23,76806.02344,76806.02344,76764.21875,76764.21875,0
2026-05-20 02:24,76799.10156,76834.99219,76799.10156,76813.90625,0
2026-05-20 02:25,76766.10938,76807.6875,76761.35156,76807.6875,0
2026-05-20 02:26,76750.50781,76766.11719,76750.5,76766.11719,1253376
2026-05-20 02:27,76719.99219,76750.50781,76718.10938,76750.50781,153163776
2026-05-20 02:28,76713.96875,76722.0,76707.75,76719.99219,46344192
2026-05-20 02:29,76695.88281,76712.14844,76692.64844,76712.14844,0
2026-05-20 02:30,76599.07031,76695.89062,76599.07031,76695.89062,0
2026-05-20 02:31,76571.32031,76627.3125,76555.75,76614.03906,0
2026-05-20 02:32,76593.74219,76593.74219,76532.0,76562.64062,0
2026-05-20 02:33,76611.75781,76622.24219,76589.0,76598.47656,0
2026-05-20 02:34,76644.64062,76650.53125,76602.04688,76602.04688,76216320
2026-05-20 02:35,76602.92188,76637.92969,76592.71094,76637.92969,0
2026-05-20 02:36,76572.96875,76596.35156,76560.5,76593.75,0
2026-05-20 02:37,76570.0,76592.14062,76570.0,76574.46875,0
2026-05-20 02:38,76582.46875,76595.5625,76575.88281,76575.88281,0
2026-05-20 02:39,76584.13281,76599.86719,76562.59375,76577.42969,73834496
2026-05-20 02:40,76587.99219,76614.14844,76586.17969,76590.90625,22433792
2026-05-20 02:41,76574.75781,76593.29688,76574.75781,76584.25,0
2026-05-20 02:42,76565.24219,76566.92188,76542.13281,76566.92188,103645184
2026-05-20 02:43,76547.46875,76566.95312,76547.46875,76566.95312,0
2026-05-20 02:44,76539.96094,76562.10938,76539.96094,76547.49219,75200512
2026-05-20 02:45,76535.99219,76545.92969,76532.60156,76539.95312,0
2026-05-20 02:46,76580.96094,76580.96094,76517.75,76523.5625,0
2026-05-20 02:47,76611.14844,76611.14844,76580.96094,76580.96094,0
2026-05-20 02:48,76585.78125,76616.65625,76584.25781,76612.74219,0
2026-05-20 02:49,76581.97656,76594.0,76579.82812,76585.78125,9730048
2026-05-20 02:50,76569.96094,76575.96875,76536.75781,76573.97656,0
2026-05-20 02:51,76600.02344,76600.02344,76565.25781,76569.39062,0
2026-05-20 02:52,76604.95312,76609.99219,76594.53125,76594.53125,5804032
2026-05-20 02:53,76593.75,76609.99219,76593.75,76609.82031,0
2026-05-20 02:54,76608.9375,76608.9375,76593.75,76593.75,35065856
2026-05-20 02:55,76584.42188,76602.39844,76579.5,76602.39844,0
2026-05-20 02:56,76583.36719,76584.42188,76560.50781,76584.42188,0
2026-05-20 02:57,76617.39844,76617.39844,76581.92188,76583.36719,0
2026-05-20 02:58,76623.09375,76636.5,76617.39844,76617.40625,0
2026-05-20 02:59,76607.82812,76617.5,76595.11719,76617.5,102129664
2026-05-20 03:00,76574.97656,76611.13281,76574.75,76611.13281,68870144
2026-05-20 03:01,76552.65625,76565.25,76522.5,76565.25,0
2026-05-20 03:02,76549.11719,76556.60156,76538.0,76541.50781,0
2026-05-20 03:03,76563.96094,76563.96094,76537.09375,76547.34375,44320768
2026-05-20 03:04,76553.28906,76565.24219,76551.0,76565.24219,0
2026-05-20 03:05,76555.75,76570.0,76544.34375,76548.28906,0
2026-05-20 03:06,76541.14844,76555.75781,76534.95312,76555.75,0
2026-05-20 03:07,76543.46094,76545.85938,76522.47656,76541.14062,0
2026-05-20 03:08,76542.89844,76564.82812,76519.99219,76532.25,5312512
2026-05-20 03:09,76559.0,76579.39844,76546.0,76546.8125,0
2026-05-20 03:10,76538.60156,76573.25781,76538.59375,76562.49219,94894080
2026-05-20 03:11,76546.29688,76548.95312,76530.24219,76536.75781,0
2026-05-20 03:12,76540.25,76556.03125,76532.0,76537.00781,0
2026-05-20 03:13,76533.35938,76540.78125,76533.35938,76540.25,0
2026-05-20 03:14,76562.89844,76562.90625,76536.75781,76541.50781,0
2026-05-20 03:15,76548.00781,76556.6875,76542.52344,76556.6875,126189568
2026-05-20 03:16,76586.02344,76586.02344,76536.75781,76558.10938,0
2026-05-20 03:17,76608.02344,76612.75,76586.02344,76586.02344,2144256
2026-05-20 03:18,76596.92188,76610.92188,76593.75781,76608.75781,0
2026-05-20 03:19,76555.9375,76602.67969,76555.9375,76598.47656,95361024
2026-05-20 03:20,76611.17188,76611.17188,76564.29688,76569.99219,0
2026-05-20 03:21,76607.71875,76625.4375,76603.88281,76625.4375,120539136
2026-05-20 03:22,76591.78906,76617.90625,76590.96875,76617.90625,0
2026-05-20 03:23,76589.1875,76602.28906,76589.1875,76590.97656,0
2026-05-20 03:24,76566.46875,76587.96875,76566.46875,76584.25781,96884736
2026-05-20 03:25,76587.6875,76588.03906,76566.46875,76566.46875,9717760
2026-05-20 03:26,76634.39844,76636.84375,76586.03906,76586.03906,0
2026-05-20 03:27,76691.96875,76691.96875,76634.89062,76634.89062,0
2026-05-20 03:28,76710.65625,76734.4375,76697.21094,76697.21094,0
2026-05-20 03:29,76723.32031,76741.3125,76712.50781,76714.28125,97785856
2026-05-20 03:30,76665.21094,76723.32031,76665.21094,76723.32031,218601472
2026-05-20 03:31,76689.00781,76689.00781,76655.82812,76666.0,0
2026-05-20 03:32,76685.97656,76709.99219,76685.97656,76693.34375,925696
2026-05-20 03:33,76707.74219,76707.74219,76674.50781,76691.92188,54818816
2026-05-20 03:34,76698.24219,76703.78125,76684.0,76703.78125,0
2026-05-20 03:35,76697.09375,76708.02344,76694.39062,76704.15625,5621760
2026-05-20 03:36,76708.14062,76711.00781,76684.0,76684.0,0
2026-05-20 03:37,76697.71094,76725.96875,76697.71094,76709.49219,0
2026-05-20 03:38,76696.0,76713.99219,76696.0,76707.15625,0
2026-05-20 03:39,76713.03125,76713.03125,76689.84375,76695.99219,0
2026-05-20 03:40,76683.46094,76720.0,76683.46094,76717.24219,0
2026-05-20 03:41,76684.92969,76687.74219,76660.25,76686.52344,1804288
2026-05-20 03:42,76659.5625,76684.9375,76659.5625,76684.92969,94894080
2026-05-20 03:43,76656.02344,76660.9375,76655.88281,76655.88281,0
2026-05-20 03:44,76663.99219,76668.25,76646.50781,76650.0,0
2026-05-20 03:45,76656.02344,76668.96875,76656.02344,76660.24219,0
2026-05-20 03:46,76656.00781,76656.02344,76648.14844,76650.75781,0
2026-05-20 03:47,76668.15625,76671.22656,76661.21094,76662.40625,3350528
2026-05-20 03:48,76646.00781,76679.24219,76646.00781,76669.28906,8966144
2026-05-20 03:49,76648.78125,76650.07031,76636.5,76639.67188,0
2026-05-20 03:50,76641.24219,76648.78125,76630.92188,76648.78125,5294080
2026-05-20 03:51,76659.64062,76669.9375,76641.24219,76641.24219,0
2026-05-20 03:52,76646.75781,76659.64062,76643.02344,76659.64062,2287616
2026-05-20 03:53,76649.99219,76650.0,76641.21875,76648.59375,0
2026-05-20 03:54,76643.61719,76649.99219,76643.61719,76649.99219,0
2026-05-20 03:55,76653.02344,76653.02344,76643.61719,76643.61719,0
2026-05-20 03:56,76664.14062,76665.99219,76657.0625,76661.75781,0
2026-05-20 03:57,76664.14844,76684.3125,76664.14844,76665.42969,77815808
2026-05-20 03:58,76668.82031,76668.82031,76656.00781,76664.14844,87056384
2026-05-20 03:59,76637.60938,76650.75,76627.0,76650.75,0
2026-05-20 04:00,76726.07031,76726.07031,76650.67969,76650.67969,0
2026-05-20 04:01,76694.07031,76727.27344,76694.0625,76726.07031,93255680
2026-05-20 04:02,76717.25781,76729.99219,76694.0625,76694.07031,0
2026-05-20 04:03,76668.34375,76712.5,76668.34375,76712.5,168652800
2026-05-20 04:04,76696.0,76696.0,76668.71875,76668.72656,0
2026-05-20 04:05,76723.61719,76730.15625,76699.79688,76714.5,0
2026-05-20 04:06,76716.00781,76723.63281,76707.75781,76723.63281,0
2026-05-20 04:07,76702.42188,76722.6875,76702.40625,76716.00781,0
2026-05-20 04:08,76709.4375,76709.4375,76695.35938,76699.39844,36573184
2026-05-20 04:09,76712.5,76712.5,76708.32812,76709.45312,0
2026-05-20 04:10,76707.74219,76713.99219,76694.02344,76712.49219,25436160
2026-05-20 04:11,76682.5625,76707.75,76682.54688,76707.74219,0
2026-05-20 04:12,76680.4375,76688.02344,76674.47656,76682.54688,5152768
2026-05-20 04:13,76719.5625,76722.99219,76680.4375,76680.4375,0
2026-05-20 04:14,76737.45312,76746.84375,76719.5625,76719.5625,86384640
2026-05-20 04:15,76735.40625,76737.46094,76728.99219,76729.0,0
2026-05-20 04:16,76728.97656,76743.97656,76728.97656,76735.40625,0
2026-05-20 04:17,76728.96875,76740.35156,76728.96875,76740.35156,0
2026-05-20 04:18,76740.77344,76740.77344,76728.96875,76728.96875,136413184
2026-05-20 04:19,76729.99219,76734.04688,76713.97656,76734.04688,0
2026-05-20 04:20,76738.10938,76738.10938,76722.0,76729.99219,434176
2026-05-20 04:21,76727.90625,76738.10156,76727.90625,76738.10156,0
2026-05-20 04:22,76713.60156,76734.82031,76707.75,76727.90625,0
2026-05-20 04:23,76733.99219,76734.0,76722.0,76722.0,0
2026-05-20 04:24,76708.28906,76733.99219,76708.28906,76733.99219,105893888
2026-05-20 04:25,76699.97656,76708.29688,76693.50781,76708.29688,0
2026-05-20 04:26,76690.60938,76699.99219,76690.60156,76699.97656,0
2026-05-20 04:27,76707.99219,76707.99219,76690.60156,76690.60156,78725120
2026-05-20 04:28,76726.39844,76726.40625,76709.97656,76709.97656,0
2026-05-20 04:29,76694.11719,76726.40625,76694.11719,76726.39844,94443520
2026-05-20 04:30,76696.22656,76696.24219,76686.02344,76686.02344,2781184
2026-05-20 04:31,76687.3125,76696.24219,76687.29688,76696.22656,2211840
2026-05-20 04:32,76698.25,76698.25,76690.15625,76696.22656,0
2026-05-20 04:33,76680.67188,76698.60938,76680.67188,76698.60938,0
2026-05-20 04:34,76676.96094,76681.67969,76669.75,76680.67188,178354176
2026-05-20 04:35,76631.75,76650.75,76623.28906,76650.75,0
2026-05-20 04:36,76623.89062,76623.89062,76596.3125,76615.95312,0
2026-05-20 04:37,76663.99219,76669.74219,76631.72656,76631.74219,0
2026-05-20 04:38,76663.79688,76682.9375,76663.60938,76674.5,10274816
2026-05-20 04:39,76660.39844,76663.60938,76655.27344,76663.60938,0
2026-05-20 04:40,76654.0,76655.71875,76640.36719,76655.71875,8607744
2026-05-20 04:41,76645.84375,76659.67188,76643.95312,76655.57031,0
2026-05-20 04:42,76665.97656,76671.96875,76645.84375,76645.84375,0
2026-05-20 04:43,76668.1875,76683.8125,76667.29688,76670.89062,122050560
2026-05-20 04:44,76650.64844,76674.0625,76650.64844,76660.25,851968
2026-05-20 04:45,76727.75781,76731.92969,76664.97656,76664.97656,0
2026-05-20 04:46,76711.39844,76723.88281,76703.84375,76723.88281,710656
2026-05-20 04:47,76687.86719,76716.13281,76687.86719,76711.39844,0
2026-05-20 04:48,76684.0,76699.78906,76684.0,76687.86719,0
2026-05-20 04:49,76676.86719,76684.0,76676.86719,76684.0,109731840
2026-05-20 04:50,76701.29688,76702.99219,76685.78125,76685.78125,85592064
2026-05-20 04:51,76702.97656,76702.99219,76693.57812,76701.28906,0
2026-05-20 04:52,76702.99219,76703.0,76701.39844,76701.39844,0
2026-05-20 04:53,76696.07812,76703.0,76688.75,76688.75,0
2026-05-20 04:54,76689.39062,76702.8125,76689.39062,76694.36719,120473600
2026-05-20 04:55,76701.27344,76701.27344,76679.25,76689.11719,0
2026-05-20 04:56,76688.75781,76699.75,76688.75781,76691.77344,69163008
2026-05-20 04:57,76687.3125,76688.77344,76679.25,76688.77344,0
2026-05-20 04:58,76682.92188,76688.78125,76680.22656,76688.78125,0
2026-05-20 04:59,76695.99219,76696.0,76693.99219,76694.0,0
2026-05-20 05:00,76736.25,76745.97656,76705.99219,76705.99219,0
2026-05-20 05:01,76748.36719,76748.36719,76729.36719,76731.50781,0
2026-05-20 05:02,76750.5,76775.39844,76750.5,76765.90625,0
2026-05-20 05:03,76771.52344,76780.53125,76750.5,76750.50781,0
2026-05-20 05:04,76769.53125,76778.07031,76766.39844,76778.07031,51322880
2026-05-20 05:05,76765.82812,76777.79688,76765.82812,76775.70312,0
2026-05-20 05:06,76765.0,76789.90625,76765.0,76765.82812,50900992
2026-05-20 05:07,76793.78906,76793.78906,76762.6875,76762.6875,86816768
2026-05-20 05:08,76812.24219,76812.24219,76797.99219,76797.99219,0
2026-05-20 05:09,76956.09375,76957.32031,76816.99219,76816.99219,0
2026-05-20 05:10,76959.24219,76968.00781,76926.25,76950.0,0
2026-05-20 05:11,77170.0,77202.67969,76956.4375,76956.4375,1984512
2026-05-20 05:12,77166.9375,77182.95312,77133.6875,77165.0,0
2026-05-20 05:13,77148.02344,77180.61719,77125.75,77180.61719,97736704
2026-05-20 05:14,77153.1875,77165.99219,77146.79688,77157.97656,0
2026-05-20 05:15,77073.5,77165.29688,77073.5,77165.29688,301828096
2026-05-20 05:16,77068.74219,77079.67969,77054.50781,77079.67969,5459968
2026-05-20 05:17,77099.54688,77105.11719,77071.0625,77071.0625,3821568
2026-05-20 05:18,77070.14062,77096.07812,77070.14062,77096.07812,51456000
2026-05-20 05:19,77102.10156,77104.28125,77071.10156,77071.10156,0
2026-05-20 05:20,77114.3125,77142.71094,77114.3125,77125.74219,0
2026-05-20 05:21,77076.63281,77110.0,77066.28906,77110.0,0
2026-05-20 05:22,77106.14062,77106.14062,77059.25781,77087.21875,15484928
2026-05-20 05:23,77068.75,77102.5,77068.75,77102.5,0
2026-05-20 05:24,77083.64844,77083.64844,77062.85156,77064.57812,355551232
2026-05-20 05:25,77074.02344,77090.50781,77064.02344,77084.03125,0
2026-05-20 05:26,77062.86719,77074.85156,77062.86719,77074.85156,0
2026-05-20 05:27,77079.97656,77079.97656,77062.88281,77062.88281,60948480
2026-05-20 05:28,77088.35938,77092.46094,77077.97656,77079.99219,2783232
2026-05-20 05:29,77091.84375,77091.84375,77083.14062,77088.35938,0
2026-05-20 05:30,77144.75,77164.97656,77108.3125,77108.3125,0
2026-05-20 05:31,77180.53906,77190.0,77163.74219,77163.74219,0
2026-05-20 05:32,77230.24219,77230.24219,77180.60938,77180.60938,0
2026-05-20 05:33,77192.25781,77247.49219,77192.25781,77237.17969,21544960
2026-05-20 05:34,77151.29688,77178.0,77149.5,77178.0,88518656
2026-05-20 05:35,77206.5,77206.5,77153.53125,77153.53125,0
2026-05-20 05:36,77197.96875,77207.79688,77182.75781,77195.96875,52539392
2026-05-20 05:37,77218.92188,77228.97656,77196.5,77196.5,86593536
2026-05-20 05:38,77213.90625,77228.96875,77205.78906,77220.45312,0
2026-05-20 05:39,77218.10156,77221.75781,77215.24219,77215.24219,0
2026-05-20 05:40,77220.00781,77243.39062,77220.00781,77228.88281,0
2026-05-20 05:41,77166.29688,77234.04688,77161.63281,77216.0,11833344
2026-05-20 05:42,77144.78125,77177.99219,77144.78125,77163.3125,24238080
2026-05-20 05:43,77132.0,77154.22656,77132.0,77140.59375,94259200
2026-05-20 05:44,77073.65625,77129.09375,77073.65625,77128.34375,0
2026-05-20 05:45,77108.92188,77111.49219,77073.65625,77073.65625,251848704
2026-05-20 05:46,77087.75,77114.96875,77087.75,77108.99219,0
2026-05-20 05:47,77089.95312,77097.24219,77085.64062,77092.5,0
2026-05-20 05:48,77084.70312,77096.0,77084.70312,77096.0,4036608
2026-05-20 05:49,77110.82812,77110.82812,77087.75,77088.59375,2168832
2026-05-20 05:50,77125.75,77137.49219,77113.46875,77113.46875,0
2026-05-20 05:51,77115.96094,77115.96094,77102.0,77111.40625,0
2026-05-20 05:52,77149.49219,77149.49219,77097.25,77097.25,15116288
2026-05-20 05:53,77121.10156,77149.49219,77121.10156,77149.49219,9259008
2026-05-20 05:54,77123.14062,77138.25,77120.96094,77122.04688,24672256
2026-05-20 05:55,77110.21094,77128.53906,77110.21094,77126.35938,0
2026-05-20 05:56,77115.46875,77125.75,77110.21094,77110.22656,0
2026-05-20 05:57,77118.75,77118.75,77106.75,77113.11719,0
2026-05-20 05:58,77107.57812,77120.02344,77106.75,77118.75,0
2026-05-20 05:59,77121.0,77133.35156,77107.04688,77107.57812,1019904
2026-05-20 06:00,77144.75,77157.02344,77140.17969,77140.17969,0
2026-05-20 06:01,77144.74219,77155.1875,77132.67969,77155.1875,1239040
2026-05-20 06:02,77149.5,77174.0,77135.25,77140.49219,0
2026-05-20 06:03,77164.4375,77164.4375,77144.75,77149.5,12513280
2026-05-20 06:04,77118.0,77166.78125,77118.0,77166.78125,0
2026-05-20 06:05,77135.25,77155.0625,77133.40625,77133.40625,0
2026-05-20 06:06,77126.85156,77138.4375,77125.75,77133.40625,30279680
2026-05-20 06:07,77117.0,77126.84375,77117.0,77126.84375,0
2026-05-20 06:08,77148.17188,77151.07031,77131.09375,77131.09375,6021120
2026-05-20 06:09,77143.07031,77154.24219,77124.96875,77149.21094,38281216
2026-05-20 06:10,77141.60938,77143.0625,77130.5,77141.85156,0
2026-05-20 06:11,77137.60938,77146.78125,77134.20312,77141.61719,395264
2026-05-20 06:12,77142.71094,77154.24219,77137.60938,77137.60938,0
2026-05-20 06:13,77147.00781,77147.00781,77139.24219,77143.11719,0
2026-05-20 06:14,77161.67969,77161.67969,77157.67969,77157.67969,0
2026-05-20 06:15,77200.46875,77204.53125,77168.0625,77168.0625,0
2026-05-20 06:16,77184.71094,77195.40625,77182.85938,77195.40625,0
2026-05-20 06:17,77207.0,77210.21875,77184.71094,77184.71094,0
2026-05-20 06:18,77201.39844,77206.99219,77197.0,77206.99219,98959360
2026-05-20 06:19,77243.92188,77243.92188,77201.47656,77201.49219,17920000
2026-05-20 06:20,77251.11719,77252.67969,77225.96094,77238.96094,0
2026-05-20 06:21,77211.3125,77243.0625,77206.5,77237.71094,0
2026-05-20 06:22,77249.24219,77249.24219,77212.35156,77221.63281,3414016
2026-05-20 06:23,77260.67188,77260.67188,77248.11719,77249.25,0
2026-05-20 06:24,77274.21875,77291.99219,77260.65625,77260.65625,7522304
2026-05-20 06:25,77230.85938,77274.22656,77230.54688,77274.22656,577536
2026-05-20 06:26,77210.64844,77231.02344,77201.75,77231.02344,0
2026-05-20 06:27,77214.53125,77214.53125,77203.40625,77211.25,108640256
2026-05-20 06:28,77220.85156,77230.24219,77215.99219,77215.99219,0
2026-05-20 06:29,77211.25781,77225.99219,77211.25,77225.99219,0
2026-05-20 06:30,77201.75,77239.74219,77201.75,77220.11719,0
2026-05-20 06:31,77187.50781,77201.74219,77187.5,77197.0,7618560
2026-05-20 06:32,77207.75,77207.75781,77187.50781,77187.50781,1697792
2026-05-20 06:33,77199.97656,77211.25,77197.0,77206.84375,0
2026-05-20 06:34,77215.92188,77215.92188,77192.95312,77199.97656,211638272
2026-05-20 06:35,77176.28125,77215.92188,77176.28125,77215.92188,0
2026-05-20 06:36,77185.0,77185.0,77168.63281,77168.63281,0
2026-05-20 06:37,77201.88281,77206.17969,77196.99219,77196.99219,0
2026-05-20 06:38,77224.77344,77224.77344,77200.90625,77202.67969,0
2026-05-20 06:39,77238.24219,77239.13281,77206.5,77211.25781,0
2026-05-20 06:40,77197.0,77225.5,77197.0,77225.5,0
2026-05-20 06:41,77185.25,77203.75781,77185.25,77201.32031,6068224
2026-05-20 06:42,77186.67969,77186.6875,77185.25,77185.25781,1413120
2026-05-20 06:43,77199.28906,77199.28906,77186.67969,77186.67969,1075200
2026-05-20 06:44,77237.52344,77243.99219,77200.32812,77201.74219,0
2026-05-20 06:45,77220.75,77237.39844,77220.75,77234.0,13178880
2026-05-20 06:46,77220.75,77237.46094,77219.65625,77220.75,0
2026-05-20 06:47,77244.25,77244.5,77197.00781,77216.0,5699584
2026-05-20 06:48,77249.24219,77249.25,77241.99219,77244.25781,13182976
2026-05-20 06:49,77302.50781,77302.57031,77249.24219,77249.24219,0
2026-05-20 06:50,77315.97656,77315.97656,77282.50781,77297.10938,3694592
2026-05-20 06:51,77326.71875,77328.85938,77312.59375,77324.38281,16836608
2026-05-20 06:52,77339.3125,77341.99219,77331.39844,77334.74219,0
2026-05-20 06:53,77325.25781,77345.75,77325.25,77341.97656,6000640
2026-05-20 06:54,77301.5,77323.02344,77301.5,77323.02344,0
2026-05-20 06:55,77306.25,77319.3125,77303.28125,77307.60156,0
2026-05-20 06:56,77317.99219,77317.99219,77304.57031,77309.35938,4091904
2026-05-20 06:57,77318.60156,77329.99219,77317.14844,77319.85938,0
2026-05-20 06:58,77322.03125,77322.36719,77318.60156,77318.60938,0
2026-05-20 06:59,77337.25781,77337.25781,77322.02344,77322.02344,444416
2026-05-20 07:00,77304.0,77348.99219,77303.28125,77348.99219,0
2026-05-20 07:01,77301.5,77319.99219,77301.5,77314.09375,107149312
2026-05-20 07:02,77299.03125,77306.25,77295.54688,77295.54688,0
2026-05-20 07:03,77273.0,77295.54688,77273.0,77295.54688,0
2026-05-20 07:04,77275.17969,77275.17969,77246.82031,77246.82031,63488
2026-05-20 07:05,77274.59375,77274.59375,77252.29688,77263.5,0
2026-05-20 07:06,77253.38281,77276.74219,77251.09375,77275.17969,24201216
2026-05-20 07:07,77263.02344,77263.03125,77244.5,77252.86719,5869568
2026-05-20 07:08,77311.92188,77311.92188,77263.0,77263.0,0
2026-05-20 07:09,77320.49219,77320.79688,77307.65625,77311.92188,6774784
2026-05-20 07:10,77305.5625,77315.38281,77296.75,77315.38281,0
2026-05-20 07:11,77292.10938,77305.5625,77282.49219,77305.5625,1038336
2026-05-20 07:12,77342.64844,77344.24219,77282.5625,77282.5625,12693504
2026-05-20 07:13,77318.0,77335.86719,77316.02344,77330.00781,0
2026-05-20 07:14,77304.17969,77318.71875,77304.17969,77318.0,7559168
2026-05-20 07:15,77280.00781,77304.17188,77280.0,77304.17188,0
2026-05-20 07:16,77268.50781,77280.39844,77268.50781,77280.00781,0
2026-05-20 07:17,77249.25781,77271.14062,77249.25,77271.14062,0
2026-05-20 07:18,77272.35156,77272.35156,77249.25781,77249.25781,0
2026-05-20 07:19,77272.00781,77273.0,77270.46875,77272.35156,0
2026-05-20 07:20,77319.15625,77320.5,77272.49219,77272.49219,0
2026-05-20 07:21,77312.21094,77319.15625,77304.65625,77319.15625,0
2026-05-20 07:22,77322.9375,77322.95312,77312.21094,77320.49219,0
2026-05-20 07:23,77381.4375,77381.4375,77313.10938,77329.99219,4091904
2026-05-20 07:24,77384.86719,77401.24219,77368.0,77368.0,0
2026-05-20 07:25,77356.0,77372.75781,77356.0,77372.75781,0
2026-05-20 07:26,77311.02344,77356.0,77311.02344,77356.0,0
2026-05-20 07:27,77294.17188,77311.99219,77294.17188,77311.99219,0
2026-05-20 07:28,77298.49219,77298.49219,77282.5,77294.17188,53248
2026-05-20 07:29,77322.5,77322.64844,77310.64062,77310.64062,0
2026-05-20 07:30,77287.75781,77322.38281,77287.75781,77322.38281,189237248
2026-05-20 07:31,77249.89844,77281.46094,77249.89844,77281.46094,0
2026-05-20 07:32,77280.96094,77284.96094,77249.39062,77263.46875,0
2026-05-20 07:33,77270.89844,77280.72656,77262.71094,77280.72656,0
2026-05-20 07:34,77294.99219,77305.99219,77280.60156,77280.60156,0
2026-05-20 07:35,77276.25,77292.03906,77276.25,77292.03906,0
2026-05-20 07:36,77255.78125,77287.25,77254.0,77287.25,26869760
2026-05-20 07:37,77272.99219,77272.99219,77263.25781,77263.8125,0
2026-05-20 07:38,77287.25,77294.17188,77278.14844,77279.99219,0
2026-05-20 07:39,77288.78125,77291.97656,77279.5625,77287.28906,58101760
2026-05-20 07:40,77290.65625,77295.99219,77278.45312,77285.09375,0
2026-05-20 07:41,77301.78906,77325.25,77295.99219,77295.99219,3989504
2026-05-20 07:42,77288.0,77301.78125,77285.74219,77301.78125,0
2026-05-20 07:43,77293.21875,77293.21875,77284.45312,77287.21094,139229184
2026-05-20 07:44,77290.64844,77292.77344,77287.13281,77292.61719,14161920
2026-05-20 07:45,77254.5625,77287.02344,77254.5625,77286.25781,0
2026-05-20 07:46,77235.0,77254.57031,77235.0,77254.57031,0
2026-05-20 07:47,77206.5,77235.07031,77206.5,77235.07031,0
2026-05-20 07:48,77194.96094,77206.50781,77192.02344,77206.50781,0
2026-05-20 07:49,77190.02344,77194.96875,77190.0,77194.96094,0
2026-05-20 07:50,77172.00781,77187.25,77172.00781,77186.6875,0
2026-05-20 07:51,77187.54688,77187.5625,77157.14062,77174.54688,0
2026-05-20 07:52,77176.78906,77192.25,77176.78906,77192.24219,117198848
2026-05-20 07:53,77184.64062,77187.75781,77172.78906,77172.78906,0
2026-05-20 07:54,77204.45312,77205.99219,77181.38281,77184.64062,6709248
2026-05-20 07:55,77211.1875,77211.25781,77204.71094,77206.49219,116742144
2026-05-20 07:56,77206.0,77216.85938,77201.74219,77209.15625,5011456
2026-05-20 07:57,77184.70312,77201.75,77178.10156,77201.75,0
2026-05-20 07:58,77190.97656,77196.3125,77185.99219,77185.99219,0
2026-05-20 07:59,77195.47656,77197.0,77184.74219,77189.34375,116803584
2026-05-20 08:00,77207.0625,77214.07812,77192.25,77197.21875,0
2026-05-20 08:01,77191.53906,77212.53125,77187.5,77211.00781,0
2026-05-20 08:02,77192.25781,77204.60156,77191.70312,77191.70312,3950592
2026-05-20 08:03,77197.6875,77202.10938,77188.92188,77196.99219,0
2026-05-20 08:04,77211.24219,77219.89062,77197.6875,77197.6875,77260800
2026-05-20 08:05,77220.59375,77220.60156,77211.24219,77211.24219,3883008
2026-05-20 08:06,77248.64062,77248.64062,77220.59375,77220.59375,0
2026-05-20 08:07,77215.85938,77252.0,77215.85938,77252.0,0
2026-05-20 08:08,77203.07031,77222.0,77192.24219,77215.17969,0
2026-05-20 08:09,77178.29688,77196.78906,77178.29688,77196.78906,0
2026-05-20 08:10,77174.21094,77178.97656,77163.92188,77178.97656,0
2026-05-20 08:11,77181.34375,77187.38281,77170.34375,77174.20312,5265408
2026-05-20 08:12,77174.46875,77192.24219,77174.46875,77192.24219,0
2026-05-20 08:13,77208.70312,77208.70312,77173.25,77174.46875,115388416
2026-05-20 08:14,77198.00781,77208.71094,77198.00781,77208.70312,0
2026-05-20 08:15,77192.25781,77202.71094,77192.25,77198.0,0
2026-05-20 08:16,77199.32031,77199.32031,77182.86719,77192.25781,0
2026-05-20 08:17,77187.50781,77211.28906,77187.50781,77199.32031,114806784
2026-05-20 08:18,77214.39062,77214.39062,77187.50781,77187.50781,0
2026-05-20 08:19,77218.47656,77218.47656,77195.07031,77201.75,0
2026-05-20 08:20,77196.74219,77219.75781,77196.74219,77218.49219,0
2026-05-20 08:21,77176.39844,77196.74219,77174.21094,77196.74219,0
2026-05-20 08:22,77153.97656,77166.42969,77150.21094,77166.42969,117331968
2026-05-20 08:23,77168.45312,77168.45312,77121.99219,77153.97656,0
2026-05-20 08:24,77170.13281,77182.84375,77163.97656,77168.0,0
2026-05-20 08:25,77184.86719,77184.86719,77171.24219,77176.63281,0
2026-05-20 08:26,77186.39062,77186.39844,77170.00781,77184.86719,147238912
2026-05-20 08:27,77179.65625,77186.39062,77170.00781,77186.39062,38686720
2026-05-20 08:28,77177.5625,77179.65625,77169.36719,77179.65625,1542144
2026-05-20 08:29,77200.85156,77200.85156,77177.54688,77177.54688,325632
2026-05-20 08:30,77256.09375,77256.09375,77206.50781,77206.50781,0
2026-05-20 08:31,77244.75781,77282.90625,77244.75781,77274.00781,0
2026-05-20 08:32,77278.65625,77279.9375,77251.85938,77251.85938,0
2026-05-20 08:33,77258.0,77275.95312,77258.0,77275.95312,27969536
2026-05-20 08:34,77265.92188,77273.64844,77263.99219,77263.99219,112936960
2026-05-20 08:35,77266.46094,77266.46094,77257.74219,77260.53906,0
2026-05-20 08:36,77263.99219,77266.86719,77257.74219,77266.46094,0
2026-05-20 08:37,77274.99219,77275.92188,77263.75,77263.99219,0
2026-05-20 08:38,77416.96094,77416.96094,77281.36719,77281.36719,94373888
2026-05-20 08:39,77487.60156,77487.60156,77366.21094,77366.21094,12572672
2026-05-20 08:40,77524.04688,77524.04688,77433.17969,77468.60156,0
2026-05-20 08:41,77451.65625,77520.00781,77448.9375,77520.00781,0
2026-05-20 08:42,77432.03906,77452.03906,77409.75,77452.03906,0
2026-05-20 08:43,77440.0,77445.40625,77423.07031,77423.07031,255885312
2026-05-20 08:44,77439.14062,77457.92188,77438.8125,77455.32031,18612224
2026-05-20 08:45,77443.50781,77458.85938,77439.14062,77446.03906,0
2026-05-20 08:46,77440.0,77467.96875,77440.0,77445.11719,61097984
2026-05-20 08:47,77419.99219,77443.78125,77419.99219,77443.78125,3063808
2026-05-20 08:48,77408.25781,77421.17188,77407.88281,77409.54688,0
2026-05-20 08:49,77397.86719,77408.25781,77397.75781,77408.25781,114155520
2026-05-20 08:50,77412.9375,77429.63281,77411.63281,77411.63281,0
2026-05-20 08:51,77389.61719,77412.95312,77387.64062,77412.9375,0
2026-05-20 08:52,77398.1875,77398.1875,77391.03125,77392.35156,161863680
2026-05-20 08:53,77405.79688,77406.82812,77387.64062,77405.17188,0
2026-05-20 08:54,77403.0,77417.28125,77403.0,77405.79688,70928384
2026-05-20 08:55,77392.00781,77411.57812,77388.28906,77411.57031,0
2026-05-20 08:56,77392.53125,77395.00781,77383.25781,77392.0,0
2026-05-20 08:57,77377.82031,77397.75,77377.82031,77397.75,0
2026-05-20 08:58,77369.90625,77391.54688,77369.90625,77377.82031,3389440
2026-05-20 08:59,77372.46094,77372.46094,77368.46875,77369.92188,0
2026-05-20 09:00,77373.78125,77373.78125,77366.54688,77371.42188,62351360
2026-05-20 09:01,77370.39062,77377.50781,77361.07031,77377.50781,0
2026-05-20 09:02,77392.0625,77400.15625,77371.65625,77371.65625,5015552
2026-05-20 09:03,77365.97656,77392.04688,77360.0,77392.04688,0
2026-05-20 09:04,77387.20312,77389.21875,77364.29688,77364.29688,0
2026-05-20 09:05,77337.03906,77375.8125,77337.03906,77375.8125,0
2026-05-20 09:06,77330.03125,77330.03125,77313.02344,77329.92188,40669184
2026-05-20 09:07,77337.03125,77337.03125,77323.46094,77330.02344,0
2026-05-20 09:08,77337.03906,77355.57031,77337.03906,77342.07812,2985984
2026-05-20 09:09,77343.88281,77350.77344,77337.03906,77337.03906,263124992
2026-05-20 09:10,77356.00781,77370.65625,77346.42188,77346.42188,3164160
2026-05-20 09:11,77366.07812,77374.00781,77356.00781,77356.00781,119603200
2026-05-20 09:12,77344.78906,77366.46094,77337.03906,77366.07812,0
2026-05-20 09:13,77339.75,77349.00781,77337.03906,77342.04688,0
2026-05-20 09:14,77337.00781,77340.64062,77337.00781,77339.74219,123084800
2026-05-20 09:15,77316.79688,77337.02344,77316.79688,77337.02344,0
2026-05-20 09:16,77309.67188,77314.03125,77309.65625,77314.02344,808960
2026-05-20 09:17,77310.89844,77311.17188,77280.17188,77289.84375,0
2026-05-20 09:18,77333.02344,77333.02344,77311.17188,77311.17188,0
2026-05-20 09:19,77338.50781,77341.75781,77330.3125,77330.3125,0
2026-05-20 09:20,77339.67188,77347.13281,77330.25781,77341.14062,0
2026-05-20 09:21,77337.29688,77337.39062,77335.85938,77335.85938,0
2026-05-20 09:22,77358.02344,77358.02344,77337.29688,77337.29688,6567936
2026-05-20 09:23,77337.29688,77358.02344,77337.29688,77357.47656,3043328
2026-05-20 09:24,77337.3125,77337.32031,77337.29688,77337.3125,142614528
2026-05-20 09:25,77344.00781,77348.02344,77337.29688,77337.29688,151552
2026-05-20 09:26,77336.17188,77344.00781,77330.00781,77344.0,0
2026-05-20 09:27,77356.45312,77356.45312,77330.00781,77330.00781,0
2026-05-20 09:28,77397.75,77398.0,77385.4375,77397.90625,0
2026-05-20 09:29,77411.52344,77420.5,77397.75,77397.75,0
2026-05-20 09:30,77426.54688,77426.54688,77400.61719,77411.52344,69830656
2026-05-20 09:31,77460.3125,77464.0,77426.54688,77426.54688,2324480
2026-05-20 09:32,77440.82812,77460.3125,77436.64844,77460.3125,0
2026-05-20 09:33,77444.75781,77450.00781,77440.85156,77440.85156,0
2026-05-20 09:34,77443.28125,77443.28125,77428.11719,77442.00781,0
2026-05-20 09:35,77424.32812,77447.32812,77424.32812,77447.32031,0
2026-05-20 09:36,77426.64062,77429.77344,77416.00781,77424.32812,133324800
2026-05-20 09:37,77456.75,77456.75,77429.35156,77429.35156,0
2026-05-20 09:38,77456.74219,77456.74219,77450.40625,77452.88281,0
2026-05-20 09:39,77451.40625,77456.74219,77450.0,77456.74219,102780928
2026-05-20 09:40,77454.70312,77459.20312,77451.40625,77454.22656,0
2026-05-20 09:41,77443.3125,77457.99219,77443.3125,77454.70312,692224
2026-05-20 09:42,77421.4375,77449.71094,77421.4375,77443.3125,275345408
2026-05-20 09:43,77428.11719,77443.28906,77428.11719,77433.17188,4231168
2026-05-20 09:44,77431.02344,77431.02344,77421.4375,77428.11719,0
2026-05-20 09:45,77412.9375,77427.32812,77412.9375,77427.32812,0
2026-05-20 09:46,77415.00781,77424.0,77412.9375,77412.9375,0
2026-05-20 09:47,77412.95312,77442.32812,77412.95312,77418.60938,2379776
2026-05-20 09:48,77407.10156,77414.1875,77406.42188,77407.53906,0
2026-05-20 09:49,77408.61719,77410.99219,77396.15625,77407.5,0
2026-05-20 09:50,77379.59375,77408.61719,77379.59375,77408.61719,0
2026-05-20 09:51,77407.86719,77407.86719,77380.89062,77385.0,128745472
2026-05-20 09:52,77406.92969,77428.95312,77406.92969,77413.61719,0
2026-05-20 09:53,77406.39062,77417.61719,77406.39062,77409.54688,0
2026-05-20 09:54,77401.25,77403.96875,77397.75781,77400.60938,0
2026-05-20 09:55,77414.00781,77422.00781,77412.92969,77412.92969,0
2026-05-20 09:56,77379.53125,77407.99219,77376.10938,77407.99219,122558464
2026-05-20 09:57,77363.65625,77379.53906,77363.60156,77379.53906,0
2026-05-20 09:58,77378.10156,77381.8125,77367.99219,77367.99219,387072
2026-05-20 09:59,77399.03906,77399.0625,77396.00781,77396.00781,0
2026-05-20 10:00,77447.24219,77447.24219,77404.57031,77407.88281,0
2026-05-20 10:01,77463.5,77463.5,77447.82031,77448.70312,1411072
2026-05-20 10:02,77485.35156,77496.85938,77462.0,77463.5,5820416
2026-05-20 10:03,77456.77344,77493.99219,77456.75781,77493.99219,0
2026-05-20 10:04,77453.35156,77465.42969,77453.35156,77456.75781,0
2026-05-20 10:05,77448.35938,77475.75781,77448.35938,77456.0625,0
2026-05-20 10:06,77497.75781,77497.77344,77458.46094,77458.46094,93081600
2026-05-20 10:07,77485.57031,77496.25,77474.00781,77495.59375,622592
2026-05-20 10:08,77488.10156,77493.89062,77485.57031,77485.57031,0
2026-05-20 10:09,77478.40625,77493.53125,77478.40625,77488.10156,314664960
2026-05-20 10:10,77460.85156,77468.60938,77458.49219,77468.60938,0
2026-05-20 10:11,77462.0,77470.04688,77458.4375,77470.04688,0
2026-05-20 10:12,77503.39844,77503.40625,77465.71094,77466.03125,1507328
2026-05-20 10:13,77514.13281,77514.14062,77495.21875,77495.21875,0
2026-05-20 10:14,77516.03125,77523.63281,77514.13281,77514.14062,0
2026-05-20 10:15,77486.35938,77518.75,77483.78125,77516.03906,0
2026-05-20 10:16,77490.72656,77493.89844,77481.75,77486.35156,126179328
2026-05-20 10:17,77498.54688,77498.96094,77486.59375,77490.71875,0
2026-05-20 10:18,77502.90625,77505.59375,77496.82031,77498.95312,0
2026-05-20 10:19,77497.25,77506.65625,77497.25,77502.90625,0
2026-05-20 10:20,77505.97656,77505.97656,77497.25781,77497.27344,3321856
2026-05-20 10:21,77525.5,77525.5,77505.82812,77505.82812,0
2026-05-20 10:22,77518.72656,77528.78906,77507.86719,77525.49219,107546624
2026-05-20 10:23,77524.96094,77554.61719,77507.85938,77518.72656,1472512
2026-05-20 10:24,77535.03125,77544.00781,77527.35156,77527.35156,0
2026-05-20 10:25,77527.39844,77538.96094,77527.21875,77531.97656,43008
2026-05-20 10:26,77481.24219,77527.21875,77481.24219,77527.21875,0
2026-05-20 10:27,77471.50781,77484.5,77471.32031,77481.25,153417728
2026-05-20 10:28,77472.63281,77472.64062,77471.50781,77471.50781,2732032
2026-05-20 10:29,77523.4375,77523.4375,77472.63281,77472.63281,3403776
2026-05-20 10:30,77515.75,77544.42188,77506.13281,77544.42188,0
2026-05-20 10:31,77527.52344,77534.34375,77509.13281,77515.75,0
2026-05-20 10:32,77534.28125,77535.96875,77522.86719,77527.50781,127678464
2026-05-20 10:33,77534.25781,77534.25781,77524.13281,77532.03125,85520384
2026-05-20 10:34,77554.61719,77554.61719,77528.00781,77528.00781,0
2026-05-20 10:35,77573.15625,77573.15625,77530.42969,77560.6875,2854912
2026-05-20 10:36,77552.53125,77583.84375,77548.0,77583.84375,0
2026-05-20 10:37,77520.00781,77552.52344,77520.00781,77552.52344,0
2026-05-20 10:38,77488.84375,77520.0,77488.84375,77520.0,122503168
2026-05-20 10:39,77470.6875,77491.70312,77470.6875,77491.70312,0
2026-05-20 10:40,77450.0,77479.00781,77450.0,77479.0,0
2026-05-20 10:41,77435.03125,77452.90625,77431.86719,77452.90625,0
2026-05-20 10:42,77457.92188,77458.46875,77441.39844,77447.32812,0
2026-05-20 10:43,77470.29688,77471.25,77461.61719,77461.63281,42422272
2026-05-20 10:44,77471.24219,77471.24219,77466.79688,77468.74219,0
2026-05-20 10:45,77468.89062,77469.99219,77467.79688,77467.79688,0
2026-05-20 10:46,77476.0,77477.96875,77468.89062,77468.89062,2875392
2026-05-20 10:47,77500.82812,77500.82812,77476.00781,77476.00781,0
2026-05-20 10:48,77470.86719,77513.54688,77470.86719,77513.54688,0
2026-05-20 10:49,77471.46875,77482.72656,77468.65625,77470.46875,122099712
2026-05-20 10:50,77462.5625,77471.46875,77443.3125,77471.46875,3098624
2026-05-20 10:51,77466.02344,77466.02344,77452.84375,77458.47656,77443072
2026-05-20 10:52,77468.59375,77468.59375,77458.36719,77466.02344,0
2026-05-20 10:53,77459.25781,77462.75781,77453.42969,77458.39062,0
2026-05-20 10:54,77483.57031,77483.57031,77459.25781,77459.27344,0
2026-05-20 10:55,77443.99219,77483.57031,77443.99219,77483.57031,0
2026-05-20 10:56,77433.46094,77438.61719,77433.40625,77435.90625,1939456
2026-05-20 10:57,77434.17969,77438.0,77434.13281,77434.13281,115550208
2026-05-20 10:58,77436.04688,77436.0625,77436.0,77436.0,0
2026-05-20 10:59,77433.64844,77436.04688,77428.72656,77436.04688,0
2026-05-20 11:00,77432.64062,77433.64844,77428.64062,77433.64844,0
2026-05-20 11:01,77450.00781,77453.34375,77432.64844,77432.64844,0
2026-05-20 11:02,77430.00781,77450.02344,77430.00781,77450.02344,124286976
2026-05-20 11:03,77409.61719,77430.00781,77409.61719,77430.00781,0
2026-05-20 11:04,77440.0,77440.0,77401.28906,77409.61719,0
2026-05-20 11:05,77474.03906,77474.03906,77448.75,77452.0,0
2026-05-20 11:06,77486.00781,77488.82812,77474.03906,77474.03906,132444160
2026-05-20 11:07,77458.00781,77481.85938,77453.42188,77481.85938,126629888
2026-05-20 11:08,77448.0,77456.85938,77443.8125,77456.85938,0
2026-05-20 11:09,77431.9375,77448.00781,77431.67969,77448.0,79726592
2026-05-20 11:10,77446.10156,77452.86719,77432.61719,77432.61719,1908736
2026-05-20 11:11,77452.96875,77458.71875,77443.39844,77446.10156,0
2026-05-20 11:12,77434.49219,77452.97656,77428.82812,77452.97656,105902080
2026-05-20 11:13,77420.29688,77432.0,77414.64844,77432.0,0
2026-05-20 11:14,77391.46094,77420.85156,77382.57812,77420.84375,0
2026-05-20 11:15,77417.88281,77421.13281,77401.40625,77401.40625,13651968
2026-05-20 11:16,77429.64844,77429.64844,77410.02344,77419.96875,0
2026-05-20 11:17,77425.00781,77432.28906,77425.00781,77429.64062,1482752
2026-05-20 11:18,77425.75,77425.75,77418.0,77418.0,0
2026-05-20 11:19,77389.99219,77435.64844,77389.99219,77435.64062,0
2026-05-20 11:20,77417.60156,77417.60938,77389.99219,77389.99219,0
2026-05-20 11:21,77392.71094,77409.34375,77392.71094,77409.34375,142532608
2026-05-20 11:22,77397.9375,77401.5,77387.64844,77395.96094,0
2026-05-20 11:23,77407.96094,77407.96094,77398.0,77398.25781,129193984
2026-05-20 11:24,77409.95312,77417.32812,77406.65625,77407.96094,0
2026-05-20 11:25,77409.0625,77409.0625,77407.3125,77407.3125,0
2026-05-20 11:26,77409.20312,77412.21875,77407.3125,77407.3125,127000576
2026-05-20 11:27,77406.02344,77409.20312,77398.29688,77409.20312,0
2026-05-20 11:28,77394.14062,77415.36719,77394.14062,77406.03125,0
2026-05-20 11:29,77390.07031,77394.14062,77382.97656,77394.14062,0
2026-05-20 11:30,77401.57812,77401.57812,77390.71094,77392.70312,0
2026-05-20 11:31,77380.5,77401.59375,77380.5,77401.59375,0
2026-05-20 11:32,77385.17188,77385.17188,77375.77344,77380.5,5550080
2026-05-20 11:33,77386.0,77386.0,77378.63281,77385.15625,172470272
2026-05-20 11:34,77401.21094,77401.21094,77386.0,77386.00781,0
2026-05-20 11:35,77410.0,77410.00781,77401.21094,77401.21094,0
2026-05-20 11:36,77362.34375,77400.67188,77362.34375,77400.67188,100321280
2026-05-20 11:37,77354.60156,77361.00781,77354.60156,77361.0,0
2026-05-20 11:38,77344.29688,77354.60156,77339.70312,77354.60156,1003520
2026-05-20 11:39,77352.32812,77352.34375,77345.64062,77345.64062,11610112
2026-05-20 11:40,77322.0,77353.61719,77322.0,77346.60156,0
2026-05-20 11:41,77311.17969,77332.57031,77311.17969,77326.53906,0
2026-05-20 11:42,77289.99219,77311.17969,77277.22656,77311.17969,206710784
2026-05-20 11:43,77306.67188,77306.67188,77281.39062,77289.97656,0
2026-05-20 11:44,77316.32812,77316.32812,77302.96094,77306.67188,0
2026-05-20 11:45,77315.21875,77318.89062,77312.96875,77316.34375,0
2026-05-20 11:46,77323.59375,77323.59375,77309.96094,77315.21875,5517312
2026-05-20 11:47,77338.0,77338.0,77316.79688,77323.60156,123334656
2026-05-20 11:48,77326.92188,77342.07812,77326.92188,77337.96094,0
2026-05-20 11:49,77286.79688,77311.35156,77281.67969,77311.35156,0
2026-05-20 11:50,77266.6875,77286.79688,77266.6875,77286.79688,0
2026-05-20 11:51,77259.1875,77266.85156,77245.96094,77266.85156,0
2026-05-20 11:52,77296.54688,77296.5625,77266.1875,77266.1875,0
2026-05-20 11:53,77298.57031,77305.5,77295.10156,77295.10156,0
2026-05-20 11:54,77301.17188,77301.17969,77301.17188,77301.17188,0
2026-05-20 11:55,77307.82812,77316.42969,77301.17188,77301.17188,0
2026-05-20 11:56,77303.42188,77308.47656,77303.42188,77303.96875,0
2026-05-20 11:57,77295.28906,77305.88281,77292.82812,77303.42188,0
2026-05-20 11:58,77328.92969,77328.92969,77295.28125,77295.28125,0
2026-05-20 11:59,77301.61719,77331.96875,77301.61719,77328.92969,128499712
2026-05-20 12:00,77291.61719,77296.14062,77281.39062,77296.14062,178751488
2026-05-20 12:01,77343.25781,77349.14062,77306.67969,77307.36719,0
2026-05-20 12:02,77370.03125,77373.77344,77347.14844,77351.14062,0
2026-05-20 12:03,77369.22656,77387.63281,77357.39844,77372.74219,0
2026-05-20 12:04,77388.38281,77401.45312,77387.63281,77387.63281,131704832
2026-05-20 12:05,77401.97656,77403.96875,77388.38281,77388.38281,0
2026-05-20 12:06,77375.67188,77401.99219,77375.67188,77387.64062,0
2026-05-20 12:07,77366.32031,77379.36719,77365.49219,77379.35938,0
2026-05-20 12:08,77396.03125,77396.03125,77366.32031,77366.32812,25923584
2026-05-20 12:09,77371.60938,77401.27344,77371.60938,77401.27344,0
2026-05-20 12:10,77357.47656,77365.42188,77357.46875,77365.42188,0
2026-05-20 12:11,77377.78906,77377.78906,77357.46875,77357.46875,0
2026-05-20 12:12,77377.78906,77377.79688,77371.11719,77377.78906,0
2026-05-20 12:13,77382.42188,77391.0625,77377.78906,77377.79688,134080512
2026-05-20 12:14,77371.17969,77384.96875,77371.17969,77372.50781,223232
2026-05-20 12:15,77384.17188,77387.39844,77364.99219,77364.99219,0
2026-05-20 12:16,77400.0,77400.0,77384.17969,77384.17969,268288
2026-05-20 12:17,77399.99219,77399.99219,77392.92969,77399.99219,0
2026-05-20 12:18,77409.17188,77410.47656,77399.99219,77399.99219,121692160
2026-05-20 12:19,77375.77344,77409.17969,77365.99219,77409.17969,0
2026-05-20 12:20,77326.92188,77363.9375,77326.92188,77363.92969,0
2026-05-20 12:21,77317.65625,77327.82031,77315.21875,77326.92188,0
2026-05-20 12:22,77295.95312,77321.85156,77295.95312,77321.85156,0
2026-05-20 12:23,77318.00781,77318.00781,77295.9375,77299.89062,1802240
2026-05-20 12:24,77362.32812,77362.32812,77326.90625,77326.90625,0
2026-05-20 12:25,77416.71094,77423.07031,77362.34375,77362.34375,159758336
2026-05-20 12:26,77402.82031,77440.0,77402.82031,77428.10938,0
2026-05-20 12:27,77414.0,77419.99219,77402.82812,77402.82812,0
2026-05-20 12:28,77420.90625,77427.67969,77414.0,77418.0,68210688
2026-05-20 12:29,77421.89062,77424.67188,77420.90625,77420.90625,0
2026-05-20 12:30,77443.28906,77450.22656,77421.89062,77421.89062,337059840
2026-05-20 12:31,77428.13281,77447.14062,77428.11719,77443.28125,0
2026-05-20 12:32,77419.6875,77428.11719,77419.67188,77428.11719,0
2026-05-20 12:33,77456.0,77456.0,77419.6875,77419.6875,0
2026-05-20 12:34,77461.47656,77474.0,77458.22656,77458.22656,29925376
2026-05-20 12:35,77461.47656,77469.99219,77461.47656,77461.49219,2619392
2026-05-20 12:36,77453.54688,77469.49219,77453.54688,77461.52344,0
2026-05-20 12:37,77456.64844,77458.9375,77453.64844,77453.64844,0
2026-05-20 12:38,77453.57031,77453.9375,77451.99219,77453.9375,0
2026-05-20 12:39,77456.92188,77460.0625,77453.57031,77453.57812,225067008
2026-05-20 12:40,77433.1875,77456.92969,77431.5625,77456.92188,141309952
2026-05-20 12:41,77447.35938,77447.35938,77425.79688,77433.17969,128104448
2026-05-20 12:42,77450.96875,77457.17969,77450.96875,77453.40625,0
2026-05-20 12:43,77457.1875,77457.1875,77449.99219,77450.96875,0
2026-05-20 12:44,77449.90625,77456.28906,77449.13281,77456.28125,0
2026-05-20 12:45,77453.67188,77453.67969,77449.92188,77449.92188,0
2026-05-20 12:46,77526.67969,77526.67969,77463.40625,77463.40625,0
2026-05-20 12:47,77483.78906,77501.75781,77483.78906,77501.75,129988608
2026-05-20 12:48,77490.63281,77497.39844,77482.96094,77488.71875,0
2026-05-20 12:49,77497.4375,77505.45312,77483.78125,77490.63281,0
2026-05-20 12:50,77482.96875,77493.89844,77461.99219,77493.89844,1789952
2026-05-20 12:51,77474.82812,77482.96875,77464.25,77482.96875,7573504
2026-05-20 12:52,77469.13281,77469.13281,77463.53906,77466.57812,0
2026-05-20 12:53,77520.75,77526.28906,77469.13281,77469.13281,0
2026-05-20 12:54,77545.61719,77545.61719,77526.02344,77526.02344,0
2026-05-20 12:55,77542.03125,77544.6875,77528.0,77536.52344,69963776
2026-05-20 12:56,77644.46875,77644.46875,77540.77344,77542.03906,132554752
2026-05-20 12:57,77579.92188,77669.99219,77579.92188,77669.99219,31522816
2026-05-20 12:58,77544.49219,77579.92188,77544.49219,77579.92188,0
2026-05-20 12:59,77549.3125,77552.0,77536.85938,77547.38281,0
2026-05-20 13:00,77559.67188,77578.96875,77536.85156,77555.4375,344057856
2026-05-20 13:01,77489.97656,77562.0,77489.97656,77561.39062,3229696
2026-05-20 13:02,77516.14844,77518.61719,77483.4375,77491.15625,0
2026-05-20 13:03,77489.25781,77516.50781,77489.25781,77516.14844,0
2026-05-20 13:04,77483.28906,77489.28906,77483.28906,77489.27344,0
2026-05-20 13:05,77469.40625,77499.99219,77469.40625,77483.28906,101384192
2026-05-20 13:06,77457.45312,77462.07812,77447.15625,77462.07812,21250048
2026-05-20 13:07,77433.8125,77456.03125,77433.8125,77456.02344,3284992
2026-05-20 13:08,77456.14062,77465.0,77433.79688,77433.79688,0
2026-05-20 13:09,77443.29688,77468.59375,77443.29688,77456.14062,249346048
2026-05-20 13:10,77427.00781,77440.1875,77420.29688,77440.1875,0
2026-05-20 13:11,77412.90625,77427.00781,77394.86719,77427.00781,0
2026-05-20 13:12,77410.35156,77413.03906,77404.02344,77410.00781,0
2026-05-20 13:13,77407.14844,77414.99219,77405.71094,77414.99219,0
2026-05-20 13:14,77390.85156,77407.15625,77377.78125,77407.15625,0
2026-05-20 13:15,77372.45312,77405.53125,77357.47656,77405.53125,0
2026-05-20 13:16,77372.46875,77387.64062,77369.99219,77372.45312,182894592
2026-05-20 13:17,77369.96094,77373.75781,77367.39844,77367.39844,0
2026-05-20 13:18,77383.21875,77387.63281,77330.28906,77352.22656,90324992
2026-05-20 13:19,77369.04688,77383.21094,77362.64844,77383.21094,0
2026-05-20 13:20,77399.6875,77399.6875,77359.29688,77363.42188,0
2026-05-20 13:21,77398.32031,77408.46094,77398.32031,77408.46094,63897600
2026-05-20 13:22,77402.64844,77408.89844,77395.97656,77395.97656,3323904
2026-05-20 13:23,77410.0,77410.0,77398.89844,77398.89844,0
2026-05-20 13:24,77395.99219,77410.0,77386.64062,77410.0,0
2026-05-20 13:25,77308.0,77354.35156,77306.0,77354.35156,130674688
2026-05-20 13:26,77241.27344,77296.97656,77241.27344,77294.52344,0
2026-05-20 13:27,77239.07031,77262.39062,77217.99219,77232.3125,0
2026-05-20 13:28,77199.99219,77239.0625,77194.67188,77239.0625,0
2026-05-20 13:29,77225.36719,77225.36719,77195.36719,77213.77344,3127296
2026-05-20 13:30,77216.60156,77225.71094,77198.8125,77204.00781,0
2026-05-20 13:31,77184.0,77266.46094,77179.71094,77242.0,0
2026-05-20 13:32,77181.96875,77202.03125,77159.99219,77202.03125,0
2026-05-20 13:33,77128.86719,77187.71875,77102.57812,77187.71875,10004480
2026-05-20 13:34,77169.42969,77169.42969,77133.49219,77153.45312,134770688
2026-05-20 13:35,77022.20312,77168.25,77022.20312,77159.96094,0
2026-05-20 13:36,77029.53906,77050.82031,76967.97656,76967.97656,0
2026-05-20 13:37,76999.89062,76999.89062,76891.77344,76993.53906,0
2026-05-20 13:38,76997.85156,77006.14844,76967.65625,76974.84375,0
2026-05-20 13:39,77010.0,77027.96094,76972.71875,77014.32031,154376192
2026-05-20 13:40,76987.27344,77005.90625,76935.20312,77005.90625,0
2026-05-20 13:41,76941.11719,77042.42188,76922.11719,77018.25781,18096128
2026-05-20 13:42,76937.95312,76973.53125,76937.95312,76955.03906,0
2026-05-20 13:43,76924.13281,76944.0,76913.57031,76918.02344,0
2026-05-20 13:44,77015.40625,77015.40625,76922.11719,76930.64844,254138368
2026-05-20 13:45,77068.50781,77073.89844,77003.77344,77003.77344,0
2026-05-20 13:46,77144.40625,77144.40625,77056.00781,77056.00781,139685888
2026-05-20 13:47,77195.35938,77282.17188,77149.95312,77187.4375,0
2026-05-20 13:48,77135.95312,77220.0625,77135.95312,77202.28906,102010880
2026-05-20 13:49,77110.00781,77136.92188,77063.92969,77130.3125,0
2026-05-20 13:50,77105.39844,77156.4375,77105.39844,77111.24219,127623168
2026-05-20 13:51,77091.82812,77102.0,77055.70312,77089.28125,0
2026-05-20 13:52,77114.27344,77138.82031,77095.77344,77095.77344,0
2026-05-20 13:53,77113.99219,77149.8125,77107.70312,77115.35938,0
2026-05-20 13:54,77061.53125,77126.4375,77061.53125,77114.39062,13826048
2026-05-20 13:55,76972.1875,77061.38281,76972.1875,77061.38281,4827136
2026-05-20 13:56,77036.0625,77036.0625,76965.82031,76965.82031,0
2026-05-20 13:57,77109.3125,77109.3125,77050.0,77050.54688,0
2026-05-20 13:58,77097.00781,77105.99219,77075.71875,77105.99219,224499712
2026-05-20 13:59,77131.25781,77131.25781,77081.50781,77094.75781,0
2026-05-20 14:00,77157.22656,77187.85156,77124.52344,77137.32812,0
2026-05-20 14:01,77114.42188,77190.29688,77112.70312,77190.29688,1974272
2026-05-20 14:02,77109.99219,77152.9375,77098.57812,77132.00781,1544192
2026-05-20 14:03,77087.99219,77124.0,77085.21094,77107.00781,0
2026-05-20 14:04,77124.17188,77129.54688,77095.75781,77108.97656,125132800
2026-05-20 14:05,77046.35938,77129.53125,77046.35938,77121.15625,0
2026-05-20 14:06,77100.49219,77100.49219,77035.82031,77049.02344,0
2026-05-20 14:07,77094.0625,77100.65625,77068.11719,77100.65625,0
2026-05-20 14:08,77119.47656,77154.88281,77105.78125,77113.85938,0
2026-05-20 14:09,77070.3125,77152.39062,77070.3125,77137.85156,85045248
2026-05-20 14:10,77041.85156,77073.11719,77041.85156,77050.00781,0
2026-05-20 14:11,76978.22656,77005.42969,76978.22656,77005.42969,133627904
2026-05-20 14:12,76850.02344,76967.65625,76845.34375,76967.65625,0
2026-05-20 14:13,76871.52344,76871.52344,76819.85156,76844.25,0
2026-05-20 14:14,77028.0,77141.0,76873.8125,76873.8125,131149824
2026-05-20 14:15,77165.0,77165.0,77058.04688,77061.02344,0
2026-05-20 14:16,77446.67969,77446.67969,77165.0,77197.00781,0
2026-05-20 14:17,77289.46875,77467.86719,77263.34375,77467.86719,153059328
2026-05-20 14:18,77385.17188,77412.92969,77355.29688,77357.57031,0
2026-05-20 14:19,77377.71094,77419.10938,77363.5625,77414.0,233723904
2026-05-20 14:20,77398.00781,77423.29688,77368.6875,77398.03906,0
2026-05-20 14:21,77387.89062,77406.00781,77357.28125,77357.28125,254220288
2026-05-20 14:22,77439.0625,77440.65625,77391.82031,77421.40625,0
2026-05-20 14:23,77311.47656,77423.07031,77311.47656,77423.07031,2611200
2026-05-20 14:24,77255.72656,77334.27344,77220.42188,77316.5625,0
2026-05-20 14:25,77286.42969,77296.0,77225.47656,77250.25,165193728
2026-05-20 14:26,77324.15625,77324.15625,77285.75,77285.75,8060928
2026-05-20 14:27,77360.0,77373.45312,77317.9375,77317.9375,0
2026-05-20 14:28,77333.15625,77354.21094,77315.27344,77354.21094,0
2026-05-20 14:29,77325.14062,77363.5625,77308.84375,77334.00781,0
2026-05-20 14:30,77410.97656,77420.99219,77348.00781,77348.00781,114903040
2026-05-20 14:31,77390.0,77427.9375,77390.0,77397.77344,0
2026-05-20 14:32,77409.02344,77421.47656,77401.97656,77401.97656,0
2026-05-20 14:33,77383.40625,77424.03906,77369.95312,77407.86719,214452224
2026-05-20 14:34,77306.32031,77384.65625,77306.32031,77374.0,0
2026-05-20 14:35,77235.84375,77306.5625,77200.0,77283.46094,19378176
2026-05-20 14:36,77281.47656,77295.4375,77238.88281,77238.88281,0
2026-05-20 14:37,77220.60156,77314.99219,77220.60156,77301.11719,0
2026-05-20 14:38,77232.40625,77239.61719,77200.02344,77209.99219,123615232
2026-05-20 14:39,77211.0,77242.96875,77211.0,77230.79688,0
2026-05-20 14:40,77277.75,77296.5625,77218.0,77218.38281,0
2026-05-20 14:41,77273.03125,77315.63281,77263.02344,77283.09375,13103104
2026-05-20 14:42,77278.02344,77309.57812,77261.0,77265.8125,88518656
2026-05-20 14:43,77298.3125,77309.95312,77286.4375,77300.86719,0
2026-05-20 14:44,77318.07812,77318.07812,77293.84375,77293.84375,0
2026-05-20 14:45,77315.0,77388.00781,77309.97656,77350.00781,0
2026-05-20 14:46,77318.60156,77339.54688,77311.74219,77338.24219,0
2026-05-20 14:47,77310.42969,77329.72656,77303.60938,77327.75,138190848
2026-05-20 14:48,77353.38281,77353.38281,77320.82031,77320.82031,173479936
2026-05-20 14:49,77340.00781,77367.14062,77322.17188,77353.70312,0
2026-05-20 14:50,77311.74219,77352.0,77311.0625,77338.78125,0
2026-05-20 14:51,77372.59375,77387.02344,77324.92969,77324.92969,0
2026-05-20 14:52,77418.99219,77418.99219,77375.9375,77381.4375,0
2026-05-20 14:53,77448.35938,77478.71875,77417.86719,77423.9375,0
2026-05-20 14:54,77447.35156,77469.9375,77445.36719,77468.77344,0
2026-05-20 14:55,77470.17188,77476.84375,77431.96094,77438.24219,0
2026-05-20 14:56,77438.00781,77475.96094,77428.11719,77465.47656,140818432
2026-05-20 14:57,77431.57031,77437.9375,77418.40625,77433.78125,0
2026-05-20 14:58,77420.03906,77455.64844,77415.32812,77415.32812,139286528
2026-05-20 14:59,77371.63281,77406.02344,77371.63281,77389.99219,0
2026-05-20 15:00,77390.21094,77394.28125,77362.34375,77362.34375,89100288
2026-05-20 15:01,77387.10156,77387.10156,77342.10156,77367.96875,0
2026-05-20 15:02,77370.97656,77389.96094,77359.02344,77389.45312,0
2026-05-20 15:03,77327.97656,77382.50781,77327.97656,77362.60156,126982144
2026-05-20 15:04,77295.0,77333.54688,77283.71875,77333.54688,5122048
2026-05-20 15:05,77290.71094,77301.61719,77277.89062,77289.92188,0
2026-05-20 15:06,77303.84375,77303.84375,77259.89844,77292.14844,0
2026-05-20 15:07,77288.0,77323.75,77288.0,77300.11719,0
2026-05-20 15:08,77291.49219,77291.49219,77267.21094,77279.99219,0
2026-05-20 15:09,77290.99219,77308.78125,77290.99219,77300.59375,7931904
2026-05-20 15:10,77239.60938,77286.70312,77234.17969,77286.70312,0
2026-05-20 15:11,77239.60156,77265.9375,77230.78906,77230.78906,0
2026-05-20 15:12,77235.79688,77263.57031,77231.86719,77254.22656,119103488
2026-05-20 15:13,77233.65625,77255.54688,77233.65625,77234.75,0
2026-05-20 15:14,77241.52344,77248.02344,77239.88281,77242.75781,141035520
2026-05-20 15:15,77706.42188,77706.42188,77245.07812,77245.07812,0
2026-05-20 15:16,77681.10938,77767.82812,77602.96875,77754.95312,10489856
2026-05-20 15:17,77561.0625,77701.40625,77561.0625,77701.40625,0
2026-05-20 15:18,77534.36719,77545.3125,77504.02344,77504.02344,352247808
2026-05-20 15:19,77546.02344,77578.00781,77514.13281,77514.13281,48678912
2026-05-20 15:20,77635.0,77637.85156,77568.0,77575.0,0
2026-05-20 15:21,77659.03906,77682.00781,77645.70312,77649.99219,231174144
2026-05-20 15:22,77649.89844,77690.00781,77641.95312,77670.04688,0
2026-05-20 15:23,77604.14062,77673.42188,77604.14062,77651.78125,22847488
2026-05-20 15:24,77584.40625,77610.72656,77574.84375,77610.72656,147200000
2026-05-20 15:25,77504.02344,77577.5625,77504.02344,77577.5625,0
2026-05-20 15:26,77443.42969,77520.96094,77443.42969,77510.96875,4263936
2026-05-20 15:27,77455.92969,77480.42969,77438.09375,77451.65625,0
2026-05-20 15:28,77532.82031,77532.82031,77454.00781,77454.00781,26574848
2026-05-20 15:29,77486.28906,77543.10938,77471.14062,77543.10938,4292608
2026-05-20 15:30,77489.99219,77489.99219,77457.5625,77483.90625,36569088
2026-05-20 15:31,77541.74219,77550.79688,77490.1875,77496.07031,0
2026-05-20 15:32,77551.22656,77568.63281,77530.24219,77539.03906,0
2026-05-20 15:33,77561.03906,77573.28125,77548.64844,77557.28906,147474432
2026-05-20 15:34,77515.40625,77568.60938,77508.75781,77568.60938,0
2026-05-20 15:35,77522.25781,77544.95312,77510.02344,77510.02344,135122944
2026-05-20 15:36,77515.53906,77546.1875,77500.32812,77512.96875,0
2026-05-20 15:37,77503.21094,77532.46094,77479.39844,77524.97656,4972544
2026-05-20 15:38,77487.96094,77514.0,77487.96094,77498.35938,0
2026-05-20 15:39,77440.64062,77500.00781,77433.35156,77496.07812,0
2026-05-20 15:40,77315.11719,77423.90625,77312.53906,77423.90625,0
2026-05-20 15:41,77366.6875,77385.88281,77327.28125,77327.28125,248866816
2026-05-20 15:42,77374.97656,77388.02344,77366.89844,77375.07812,0
2026-05-20 15:43,77340.04688,77373.64844,77340.04688,77373.64844,0
2026-05-20 15:44,77377.75781,77377.97656,77334.92188,77335.07031,36358144
2026-05-20 15:45,77432.03906,77432.03906,77373.77344,77375.50781,0
2026-05-20 15:46,77470.75,77470.75,77419.00781,77443.32812,1171456
2026-05-20 15:47,77477.84375,77509.50781,77450.11719,77466.45312,1034240
2026-05-20 15:48,77465.36719,77487.64062,77465.36719,77479.1875,0
2026-05-20 15:49,77472.0,77486.02344,77456.52344,77456.52344,6078464
2026-05-20 15:50,77447.22656,77479.20312,77439.67188,77479.20312,0
2026-05-20 15:51,77479.1875,77487.61719,77449.64844,77449.64844,42217472
2026-05-20 15:52,77452.25,77476.5625,77452.25,77475.84375,0
2026-05-20 15:53,77393.6875,77473.96875,77393.6875,77450.75781,1423360
2026-05-20 15:54,77400.00781,77404.27344,77373.74219,77373.74219,0
2026-05-20 15:55,77428.21094,77453.85938,77395.28125,77402.25,360620032
2026-05-20 15:56,77438.82031,77458.09375,77426.35938,77426.35938,1767424
2026-05-20 15:57,77314.61719,77429.71875,77302.21094,77429.71094,0
2026-05-20 15:58,77363.74219,77363.74219,77310.39844,77310.39844,0
2026-05-20 15:59,77378.14844,77383.46875,77360.02344,77364.07812,0
2026-05-20 16:00,77407.17188,77407.17188,77376.75,77389.99219,669052928
2026-05-20 16:01,77438.09375,77446.49219,77410.46094,77419.25781,0
2026-05-20 16:02,77436.71094,77447.57812,77431.10156,77436.07812,140115968
2026-05-20 16:03,77349.92969,77409.61719,77349.35156,77409.61719,0
2026-05-20 16:04,77373.71094,77377.8125,77352.60156,77353.03125,0
2026-05-20 16:05,77384.78906,77402.0,77373.71875,77373.71875,0
2026-05-20 16:06,77415.40625,77416.95312,77377.92188,77384.78906,102494208
2026-05-20 16:07,77435.77344,77469.35156,77402.0,77418.29688,0
2026-05-20 16:08,77429.5,77449.64844,77424.86719,77449.64844,6975488
2026-05-20 16:09,77464.13281,77464.13281,77425.54688,77429.54688,0
2026-05-20 16:10,77483.17969,77483.42188,77460.04688,77460.04688,0
2026-05-20 16:11,77464.92188,77486.5625,77462.72656,77483.42188,156569600
2026-05-20 16:12,77442.67969,77472.42969,77424.35156,77462.74219,0
2026-05-20 16:13,77442.28125,77453.88281,77436.85938,77439.77344,53248
2026-05-20 16:14,77407.17969,77442.5625,77407.17969,77442.5625,0
2026-05-20 16:15,77335.71875,77394.79688,77335.71875,77394.79688,0
2026-05-20 16:16,77315.97656,77369.47656,77315.97656,77342.64062,92260352
2026-05-20 16:17,77258.1875,77309.28906,77257.04688,77309.28906,0
2026-05-20 16:18,77292.39844,77303.00781,77260.0,77260.0,0
2026-05-20 16:19,77277.49219,77291.85938,77255.47656,77291.85938,0
2026-05-20 16:20,77147.14844,77258.03125,77129.10156,77255.53906,0
2026-05-20 16:21,77169.97656,77176.00781,77120.35156,77121.89844,5087232
2026-05-20 16:22,77171.36719,77199.99219,77171.14062,77185.29688,105738240
2026-05-20 16:23,77179.57812,77203.39844,77143.90625,77171.07812,0
2026-05-20 16:24,77148.85938,77162.50781,77111.97656,77162.50781,0
2026-05-20 16:25,77084.17969,77141.71875,77060.57812,77141.71875,0
2026-05-20 16:26,77090.02344,77107.07812,77074.10938,77099.21094,146927616
2026-05-20 16:27,77109.99219,77109.99219,77081.17188,77093.25781,110710784
2026-05-20 16:28,76995.03125,77099.39844,76984.17188,77099.39844,0
2026-05-20 16:29,77002.35156,77009.9375,76929.95312,76999.6875,5996544
2026-05-20 16:30,76951.78906,76998.96875,76943.27344,76998.96875,0
2026-05-20 16:31,77011.97656,77014.0625,76948.64844,76948.64844,0
2026-05-20 16:32,77001.89062,77068.0,76997.00781,77010.99219,90556416
2026-05-20 16:33,77039.96094,77039.96094,76998.11719,76998.11719,0
2026-05-20 16:34,77081.25781,77089.99219,77048.75,77048.75,111482880
2026-05-20 16:35,77075.07812,77082.03906,77060.32812,77078.5625,0
2026-05-20 16:36,77094.11719,77117.92188,77092.71094,77092.71094,0
2026-05-20 16:37,77087.75,77111.63281,77082.50781,77094.10938,138797056
2026-05-20 16:38,77171.49219,77196.46094,77091.52344,77091.52344,0
2026-05-20 16:39,77151.88281,77192.02344,77144.14062,77187.53906,0
2026-05-20 16:40,77150.02344,77159.84375,77133.15625,77133.15625,0
2026-05-20 16:41,77168.82031,77175.10156,77131.3125,77143.89062,0
2026-05-20 16:42,77167.39844,77189.82031,77159.4375,77175.10156,6082560
2026-05-20 16:43,77271.29688,77271.29688,77166.53125,77167.40625,0
2026-05-20 16:44,77251.96094,77274.96875,77234.11719,77274.96875,1116160
2026-05-20 16:45,77233.97656,77270.00781,77226.84375,77270.00781,13895680
2026-05-20 16:46,77249.4375,77280.61719,77235.67188,77245.53125,0
2026-05-20 16:47,77249.0,77267.07812,77241.0625,77255.5625,145627136
2026-05-20 16:48,77183.82812,77255.53125,77183.82812,77243.67188,107530240
2026-05-20 16:49,77229.85938,77247.09375,77193.35156,77193.35156,0
2026-05-20 16:50,77238.92188,77263.97656,77238.64844,77238.64844,1974272
2026-05-20 16:51,77224.5,77263.96875,77221.78125,77240.86719,0
2026-05-20 16:52,77200.35156,77230.89062,77200.35156,77221.78125,0
2026-05-20 16:53,77193.92969,77226.00781,77191.71875,77201.67969,0
2026-05-20 16:54,77166.96094,77201.40625,77163.52344,77191.67969,0
2026-05-20 16:55,77187.29688,77187.46875,77174.1875,77186.90625,308836352
2026-05-20 16:56,77224.04688,77242.00781,77185.65625,77192.52344,0
2026-05-20 16:57,77187.99219,77212.32031,77175.35156,77212.32031,0
2026-05-20 16:58,77206.74219,77236.52344,77183.85156,77186.53125,0
2026-05-20 16:59,77256.11719,77282.17188,77206.74219,77206.74219,907264
2026-05-20 17:00,77234.24219,77251.36719,77202.0,77251.36719,0
2026-05-20 17:01,77259.75,77259.75,77236.5625,77236.5625,0
2026-05-20 17:02,77233.77344,77270.07031,77232.25,77259.75,0
2026-05-20 17:03,77222.22656,77235.14062,77213.34375,77235.14062,139212800
2026-05-20 17:04,77174.50781,77222.22656,77174.50781,77222.22656,0
2026-05-20 17:05,77159.0,77189.32031,77139.8125,77189.3125,1284096
2026-05-20 17:06,77210.79688,77213.52344,77159.00781,77159.00781,131438592
2026-05-20 17:07,77236.20312,77250.0,77210.78906,77210.78906,0
2026-05-20 17:08,77213.32812,77227.24219,77203.6875,77227.24219,0
2026-05-20 17:09,77233.53125,77237.03906,77214.59375,77219.42969,0
2026-05-20 17:10,77249.89844,77264.14844,77206.39062,77226.0,143280128
2026-05-20 17:11,77248.42969,77280.0,77247.42969,77249.89844,0
2026-05-20 17:12,77230.21875,77263.65625,77217.49219,77263.65625,74135552
2026-05-20 17:13,77334.35938,77350.25781,77230.21875,77249.77344,0
2026-05-20 17:14,77315.46875,77344.14844,77307.10938,77325.04688,0
2026-05-20 17:15,77283.32812,77325.39844,77280.85938,77325.39844,0
2026-05-20 17:16,77297.74219,77329.89062,77281.99219,77295.03125,0
2026-05-20 17:17,77288.70312,77314.0,77267.99219,77276.64062,21399552
2026-05-20 17:18,77356.8125,77356.8125,77290.72656,77290.72656,0
2026-05-20 17:19,77399.99219,77399.99219,77348.52344,77358.0,33730560
2026-05-20 17:20,77431.47656,77431.49219,77399.92188,77399.92188,0
2026-05-20 17:21,77424.32812,77441.21094,77415.89844,77431.47656,7264256
2026-05-20 17:22,77449.64844,77449.64844,77424.89062,77428.0,150681600
2026-05-20 17:23,77439.02344,77459.78906,77429.85156,77438.97656,0
2026-05-20 17:24,77455.54688,77455.5625,77418.25781,77439.02344,0
2026-05-20 17:25,77428.5625,77453.71875,77427.47656,77453.71875,1445888
2026-05-20 17:26,77464.15625,77471.3125,77428.5625,77428.5625,333824
2026-05-20 17:27,77525.6875,77525.6875,77466.53125,77466.53906,0
2026-05-20 17:28,77508.86719,77567.79688,77506.0,77559.38281,34082816
2026-05-20 17:29,77477.57031,77532.0625,77477.57031,77500.29688,0
2026-05-20 17:30,77507.0625,77524.10156,77500.27344,77500.27344,118288384
2026-05-20 17:31,77453.72656,77500.82031,77448.21094,77500.82031,0
2026-05-20 17:32,77459.79688,77469.52344,77456.14062,77464.02344,148416512
2026-05-20 17:33,77472.3125,77473.0625,77452.00781,77458.82031,0
2026-05-20 17:34,77475.52344,77482.5,77474.25781,77474.25781,0
2026-05-20 17:35,77557.90625,77561.00781,77479.97656,77479.97656,0
2026-05-20 17:36,77567.67969,77639.78125,77565.09375,77565.09375,0
2026-05-20 17:37,77526.99219,77592.21094,77523.45312,77571.45312,72368128
2026-05-20 17:38,77512.96875,77523.99219,77512.96875,77523.99219,126976
2026-05-20 17:39,77543.97656,77543.97656,77515.96875,77515.96875,0
2026-05-20 17:40,77482.0,77521.39844,77481.99219,77521.39844,130729984
2026-05-20 17:41,77518.09375,77518.09375,77486.70312,77490.35156,133230592
2026-05-20 17:42,77558.75,77559.85156,77511.96094,77525.39844,0
2026-05-20 17:43,77588.17188,77588.17188,77553.21875,77558.74219,0
2026-05-20 17:44,77590.79688,77591.61719,77588.0,77591.60938,140447744
2026-05-20 17:45,77637.8125,77640.0,77590.71094,77591.40625,0
2026-05-20 17:46,77622.67969,77642.38281,77614.77344,77638.04688,0
2026-05-20 17:47,77580.47656,77630.00781,77576.25781,77630.00781,0
2026-05-20 17:48,77540.00781,77572.04688,77540.00781,77572.04688,300062720
2026-05-20 17:49,77563.5625,77574.45312,77548.28125,77550.24219,0
2026-05-20 17:50,77534.0625,77567.8125,77534.0625,77567.8125,0
2026-05-20 17:51,77534.09375,77544.3125,77522.46875,77523.59375,0
2026-05-20 17:52,77490.21875,77530.39062,77485.89844,77530.39062,0
2026-05-20 17:53,77487.64844,77502.10156,77480.00781,77487.39062,145788928
2026-05-20 17:54,77476.40625,77491.3125,77468.25781,77491.3125,0
2026-05-20 17:55,77469.84375,77484.47656,77463.40625,77477.07031,0
2026-05-20 17:56,77479.20312,77501.40625,77469.15625,77474.97656,948224
2026-05-20 17:57,77462.71094,77491.85938,77458.10156,77479.20312,27465728
2026-05-20 17:58,77492.04688,77494.74219,77470.21875,77470.21875,141629440
2026-05-20 17:59,77495.46094,77495.46094,77492.13281,77492.13281,9328640
2026-05-20 18:00,77464.53125,77493.77344,77416.77344,77493.77344,0
2026-05-20 18:01,77504.5,77534.15625,77484.42188,77484.42188,0
2026-05-20 18:02,77516.17188,77516.17188,77497.34375,77508.75,141846528
2026-05-20 18:03,77452.78906,77507.35938,77449.03125,77504.90625,0
2026-05-20 18:04,77471.42188,77471.42188,77441.21875,77454.60938,0
2026-05-20 18:05,77450.02344,77478.02344,77450.02344,77478.02344,18491392
2026-05-20 18:06,77444.34375,77470.75,77444.34375,77462.32031,0
2026-05-20 18:07,77461.10938,77470.75,77451.34375,77451.57031,132937728
2026-05-20 18:08,77441.20312,77483.40625,77437.39062,77468.42969,32456704
2026-05-20 18:09,77450.67188,77469.14844,77437.36719,77437.36719,0
2026-05-20 18:10,77445.99219,77458.09375,77424.32812,77458.09375,3289088
2026-05-20 18:11,77471.97656,77471.97656,77446.47656,77446.47656,0
2026-05-20 18:12,77431.32812,77468.14062,77431.32812,77467.92969,149702656
2026-05-20 18:13,77418.02344,77431.32031,77409.02344,77417.97656,143142912
2026-05-20 18:14,77408.65625,77431.32031,77403.25,77423.97656,0
2026-05-20 18:15,77420.0,77420.11719,77398.82812,77408.64844,144646144
2026-05-20 18:16,77437.96875,77437.96875,77407.89062,77419.9375,0
2026-05-20 18:17,77487.15625,77487.15625,77426.38281,77427.78906,0
2026-05-20 18:18,77508.36719,77508.36719,77483.42188,77500.0,35608576
2026-05-20 18:19,77527.92188,77544.32031,77509.99219,77509.99219,142997504
2026-05-20 18:20,77544.57812,77563.59375,77526.42969,77539.82031,0
2026-05-20 18:21,77553.78906,77555.85156,77531.02344,77531.02344,72267776
2026-05-20 18:22,77451.1875,77546.86719,77451.1875,77546.86719,0
2026-05-20 18:23,77449.64844,77449.64844,77429.32031,77447.02344,140009472
2026-05-20 18:24,77442.27344,77480.97656,77432.78125,77447.29688,0
2026-05-20 18:25,77374.21094,77436.0,77361.27344,77434.00781,2787328
2026-05-20 18:26,77400.79688,77404.60156,77383.14062,77383.14062,0
2026-05-20 18:27,77428.3125,77430.8125,77403.77344,77403.77344,0
2026-05-20 18:28,77442.89062,77449.65625,77434.96094,77449.64844,165382144
2026-05-20 18:29,77429.99219,77457.00781,77422.50781,77434.61719,0
2026-05-20 18:30,77444.00781,77446.5625,77429.07812,77429.07812,7618560
2026-05-20 18:31,77449.64844,77449.64844,77433.04688,77436.13281,11509760
2026-05-20 18:32,77419.78125,77446.65625,77381.97656,77446.65625,0
2026-05-20 18:33,77408.9375,77411.67969,77399.20312,77405.4375,0
2026-05-20 18:34,77439.02344,77448.57812,77418.0,77418.0,0
2026-05-20 18:35,77431.39062,77434.29688,77423.88281,77434.29688,4718592
2026-05-20 18:36,77463.53906,77471.67188,77432.9375,77432.9375,0
2026-05-20 18:37,77472.54688,77478.25781,77458.10156,77471.65625,0
2026-05-20 18:38,77451.96875,77486.00781,77451.96875,77486.00781,0
2026-05-20 18:39,77459.67188,77465.09375,77441.6875,77451.97656,315926528
2026-05-20 18:40,77453.03906,77464.00781,77437.00781,77464.00781,0
2026-05-20 18:41,77437.82031,77450.35938,77400.0,77450.35938,0
2026-05-20 18:42,77424.00781,77438.53906,77424.00781,77438.53906,0
2026-05-20 18:43,77406.0,77454.61719,77397.0,77432.78125,0
2026-05-20 18:44,77405.29688,77449.64062,77405.29688,77424.3125,4532224
2026-05-20 18:45,77369.90625,77407.42188,77369.90625,77386.35938,0
2026-05-20 18:46,77362.99219,77362.99219,77323.0625,77343.49219,0
2026-05-20 18:47,77327.04688,77363.0,77311.71875,77363.0,0
2026-05-20 18:48,77351.03125,77356.02344,77327.28125,77334.50781,4483072
2026-05-20 18:49,77371.99219,77372.09375,77351.03125,77351.03125,138262528
2026-05-20 18:50,77347.49219,77367.85156,77344.0,77366.27344,8177664
2026-05-20 18:51,77348.21094,77368.02344,77334.0,77351.96875,0
2026-05-20 18:52,77353.97656,77360.0,77336.78906,77348.21094,0
2026-05-20 18:53,77354.89062,77354.89062,77331.38281,77353.97656,0
2026-05-20 18:54,77339.42188,77359.97656,77338.54688,77359.97656,54755328
2026-05-20 18:55,77352.60156,77363.72656,77339.42188,77339.42188,0
2026-05-20 18:56,77373.54688,77386.84375,77359.75,77359.75,0
2026-05-20 18:57,77356.88281,77377.42188,77356.82031,77376.15625,87228416
2026-05-20 18:58,77344.6875,77350.63281,77328.13281,77348.38281,0
2026-05-20 18:59,77330.04688,77346.25781,77310.85938,77346.25781,0
2026-05-20 19:00,77345.28906,77345.28906,77310.39844,77322.5625,0
2026-05-20 19:01,77352.61719,77373.67969,77346.59375,77346.60156,0
2026-05-20 19:02,77338.6875,77386.90625,77327.32031,77355.53125,0
2026-05-20 19:03,77306.17188,77338.67969,77284.57812,77338.67969,0
2026-05-20 19:04,77297.0,77319.78906,77295.65625,77314.60938,0
2026-05-20 19:05,77286.25,77306.17188,77279.49219,77281.53125,7645184
2026-05-20 19:06,77286.8125,77294.92969,77271.60938,77281.25781,185987072
2026-05-20 19:07,77296.65625,77296.65625,77285.99219,77287.64844,0
2026-05-20 19:08,77301.27344,77324.96875,77300.0,77305.0,146739200
2026-05-20 19:09,77331.46094,77331.46094,77297.74219,77297.74219,0
2026-05-20 19:10,77332.96094,77354.99219,77323.07031,77346.10156,8742912
2026-05-20 19:11,77326.25781,77344.14844,77318.09375,77333.36719,3622912
2026-05-20 19:12,77328.82812,77350.35938,77327.27344,77327.27344,0
2026-05-20 19:13,77328.1875,77333.82812,77323.03125,77329.82031,436224
2026-05-20 19:14,77329.99219,77339.9375,77325.89062,77333.75781,0
2026-05-20 19:15,77307.1875,77339.92969,77306.85156,77323.74219,0
2026-05-20 19:16,77335.90625,77339.99219,77295.53906,77307.54688,0
2026-05-20 19:17,77326.39844,77343.96875,77317.29688,77335.89844,0
2026-05-20 19:18,77359.99219,77371.27344,77331.99219,77331.99219,59869184
2026-05-20 19:19,77403.97656,77413.99219,77372.0,77372.0,138174464
2026-05-20 19:20,77425.74219,77452.10156,77403.99219,77403.99219,0
2026-05-20 19:21,77429.99219,77445.4375,77425.75,77425.75,0
2026-05-20 19:22,77417.99219,77429.99219,77407.46094,77429.99219,0
2026-05-20 19:23,77446.46875,77446.46875,77417.99219,77417.99219,2072576
2026-05-20 19:24,77427.82031,77453.22656,77422.03906,77447.25,10432512
2026-05-20 19:25,77442.21094,77460.86719,77425.96875,77425.96875,0
2026-05-20 19:26,77437.61719,77449.99219,77431.99219,77449.99219,0
2026-05-20 19:27,77446.03906,77461.28906,77434.70312,77434.70312,156618752
2026-05-20 19:28,77451.59375,77461.28906,77446.03125,77446.03125,2529280
2026-05-20 19:29,77483.79688,77486.54688,77446.03125,77451.57812,139472896
2026-05-20 19:30,77517.50781,77528.74219,77506.53906,77506.53906,0
2026-05-20 19:31,77510.39062,77523.97656,77504.52344,77523.97656,0
2026-05-20 19:32,77468.5,77496.09375,77463.92969,77496.09375,0
2026-05-20 19:33,77494.10938,77496.84375,77452.03906,77468.49219,0
2026-05-20 19:34,77500.3125,77511.82812,77493.88281,77493.88281,0
2026-05-20 19:35,77478.0,77494.85938,77475.75,77489.64844,13056000
2026-05-20 19:36,77471.35156,77487.97656,77471.35156,77475.75,0
2026-05-20 19:37,77485.63281,77485.63281,77455.5,77471.35156,15495168
2026-05-20 19:38,77522.00781,77523.9375,77487.63281,77487.63281,106901504
2026-05-20 19:39,77507.64844,77575.39844,77496.0,77501.36719,0
2026-05-20 19:40,77547.85156,77547.85156,77512.49219,77512.49219,6381568
2026-05-20 19:41,77536.61719,77556.3125,77529.79688,77529.79688,0
2026-05-20 19:42,77536.0,77559.27344,77535.45312,77559.27344,10956800
2026-05-20 19:43,77536.21094,77541.35938,77534.07031,77536.0,153704448
2026-05-20 19:44,77557.52344,77572.03906,77536.21875,77536.21875,0
2026-05-20 19:45,77560.03906,77563.5625,77541.92188,77548.00781,65249280
2026-05-20 19:46,77542.6875,77567.8125,77539.97656,77567.8125,0
2026-05-20 19:47,77552.03125,77552.0625,77511.90625,77539.99219,2224128
2026-05-20 19:48,77564.99219,77564.99219,77542.34375,77556.00781,0
2026-05-20 19:49,77580.28906,77600.02344,77567.88281,77567.88281,0
2026-05-20 19:50,77525.67188,77568.99219,77515.63281,77558.00781,108032000
2026-05-20 19:51,77580.0625,77580.0625,77531.95312,77531.95312,0
2026-05-20 19:52,77586.0,77588.67969,77570.71875,77579.00781,94771200
2026-05-20 19:53,77577.71875,77593.13281,77576.0,77593.13281,9865216
2026-05-20 19:54,77601.47656,77607.46875,77563.82031,77573.25,129683456
2026-05-20 19:55,77597.35938,77641.59375,77597.35938,77610.00781,3829760
2026-05-20 19:56,77576.89844,77605.54688,77576.07031,77600.09375,0
2026-05-20 19:57,77600.10156,77600.10156,77579.71094,77584.67969,0
2026-05-20 19:58,77634.38281,77634.38281,77604.78906,77614.22656,0
2026-05-20 19:59,77600.97656,77634.39062,77583.74219,77618.02344,7641088
2026-05-20 20:00,77548.3125,77626.89844,77548.3125,77602.0,0
2026-05-20 20:01,77512.99219,77550.07031,77512.99219,77550.07031,0
2026-05-20 20:02,77518.10156,77521.57812,77505.42969,77505.4375,0
2026-05-20 20:03,77552.64844,77552.64844,77508.09375,77508.09375,106934272
2026-05-20 20:04,77554.49219,77563.77344,77554.46875,77557.64062,138008576
2026-05-20 20:05,77538.8125,77554.46875,77525.79688,77554.46875,16173056
2026-05-20 20:06,77538.00781,77546.71875,77535.97656,77546.71875,0
2026-05-20 20:07,77566.89062,77568.15625,77528.0,77529.85156,0
2026-05-20 20:08,77564.0,77573.6875,77564.0,77568.0,0
2026-05-20 20:09,77578.25781,77583.74219,77560.00781,77560.00781,0
2026-05-20 20:10,77612.96094,77629.96094,77593.13281,77593.13281,0
2026-05-20 20:11,77600.04688,77627.53906,77600.04688,77612.96875,0
2026-05-20 20:12,77627.99219,77633.86719,77599.02344,77599.02344,0
2026-05-20 20:13,77678.17188,77681.65625,77635.34375,77635.34375,0
2026-05-20 20:14,77666.84375,77676.75781,77660.65625,77676.75781,141666304
2026-05-20 20:15,77645.3125,77673.04688,77643.88281,77673.04688,0
2026-05-20 20:16,77538.28125,77661.4375,77538.28125,77656.22656,149008384
2026-05-20 20:17,77565.35938,77589.99219,77550.75781,77550.75781,0
2026-05-20 20:18,77585.70312,77585.70312,77557.99219,77563.85938,0
2026-05-20 20:19,77603.25,77603.25,77579.96094,77584.5,128059392
2026-05-20 20:20,77548.8125,77593.21094,77496.99219,77593.21094,31199232
2026-05-20 20:21,77475.99219,77580.10938,77441.21875,77580.10938,0
2026-05-20 20:22,77406.47656,77501.32812,77399.99219,77482.32812,0
2026-05-20 20:23,77498.92969,77498.92969,77415.57812,77415.57812,0
2026-05-20 20:24,77550.32031,77560.00781,77505.45312,77513.61719,322672640
2026-05-20 20:25,77496.0,77543.42969,77496.0,77543.42969,0
2026-05-20 20:26,77523.74219,77541.07031,77499.70312,77499.70312,0
2026-05-20 20:27,77547.50781,77554.34375,77526.15625,77526.15625,0
2026-05-20 20:28,77566.79688,77566.79688,77546.45312,77550.10156,258177024
2026-05-20 20:29,77611.99219,77611.99219,77573.97656,77580.42188,0
2026-05-20 20:30,77620.22656,77626.88281,77594.92188,77618.99219,0
2026-05-20 20:31,77608.92969,77638.53125,77600.0,77628.46094,3084288
2026-05-20 20:32,77577.14844,77610.00781,77576.27344,77609.45312,9304064
2026-05-20 20:33,77539.5625,77576.25,77529.57812,77576.24219,0
2026-05-20 20:34,77552.70312,77552.70312,77518.25,77541.4375,20346880
2026-05-20 20:35,77566.14844,77571.34375,77549.89062,77554.97656,882688
2026-05-20 20:36,77599.24219,77607.50781,77565.9375,77566.0625,0
2026-05-20 20:37,77556.67188,77594.96094,77556.67188,77594.96094,33753088
2026-05-20 20:38,77570.52344,77576.24219,77556.1875,77556.1875,0
2026-05-20 20:39,77564.78906,77573.97656,77563.82031,77570.53125,0
2026-05-20 20:40,77594.42188,77594.42188,77564.78906,77564.78906,116426752
2026-05-20 20:41,77610.00781,77610.00781,77580.0,77594.42969,3782656
2026-05-20 20:42,77652.0,77670.57812,77612.45312,77612.45312,122980352
2026-05-20 20:43,77655.49219,77657.14062,77650.00781,77652.0,0
2026-05-20 20:44,77609.65625,77657.99219,77605.89844,77657.99219,10764288
2026-05-20 20:45,77608.54688,77618.46094,77600.0,77609.65625,8708096
2026-05-20 20:46,77633.25,77633.25,77601.57812,77609.10938,0
2026-05-20 20:47,77651.17969,77673.32031,77633.25781,77633.25781,2299904
2026-05-20 20:48,77665.90625,77669.09375,77657.35156,77660.64844,0
2026-05-20 20:49,77650.42188,77661.10938,77643.46875,77661.09375,0
2026-05-20 20:50,77647.99219,77653.53906,77632.99219,77650.42969,180486144
2026-05-20 20:51,77688.67969,77688.6875,77652.22656,77652.22656,0
2026-05-20 20:52,77637.97656,77688.27344,77637.97656,77688.27344,0
2026-05-20 20:53,77637.82812,77660.95312,77637.0625,77646.57812,0
2026-05-20 20:54,77624.10938,77627.99219,77622.86719,77627.99219,0
2026-05-20 20:55,77642.97656,77643.88281,77624.10938,77624.10938,119715840
2026-05-20 20:56,77656.4375,77663.97656,77642.96875,77645.6875,0
2026-05-20 20:57,77661.07031,77675.96875,77644.1875,77663.95312,130695168
2026-05-20 20:58,77652.22656,77662.63281,77650.0,77661.99219,12378112
2026-05-20 20:59,77650.03125,77662.92188,77641.95312,77662.10156,0
2026-05-20 21:00,77614.22656,77633.00781,77614.22656,77623.02344,0
2026-05-20 21:01,77572.03906,77617.8125,77572.03906,77616.28125,0
2026-05-20 21:02,77620.57812,77628.72656,77601.57031,77601.57031,27334656
2026-05-20 21:03,77633.15625,77635.57031,77620.57812,77620.57812,99274752
2026-05-20 21:04,77665.99219,77673.3125,77628.89062,77628.89062,0
2026-05-20 21:05,77665.9375,77669.75,77639.5625,77639.5625,0
2026-05-20 21:06,77659.71094,77665.95312,77641.85156,77665.95312,43270144
2026-05-20 21:07,77659.71875,77668.77344,77659.71094,77659.71094,135786496
2026-05-20 21:08,77653.47656,77658.5,77648.0,77658.5,14895104
2026-05-20 21:09,77672.34375,77673.67969,77660.00781,77660.64844,0
2026-05-20 21:10,77665.42188,77672.35156,77661.32812,77672.35156,0
2026-05-20 21:11,77662.95312,77665.42969,77662.95312,77665.42188,0
2026-05-20 21:12,77686.61719,77688.6875,77656.45312,77662.92969,147922944
2026-05-20 21:13,77681.13281,77688.6875,77676.4375,77688.6875,0
2026-05-20 21:14,77675.63281,77677.54688,77675.63281,77677.53906,0
2026-05-20 21:15,77668.65625,77685.14062,77668.65625,77673.32031,0
2026-05-20 21:16,77645.99219,77668.65625,77645.99219,77668.65625,215465984
2026-05-20 21:17,77650.0,77650.0,77645.99219,77645.99219,0
2026-05-20 21:18,77620.9375,77648.21875,77620.92969,77648.21875,225988608
2026-05-20 21:19,77589.24219,77619.67969,77589.24219,77614.25,0
2026-05-20 21:20,77543.35938,77575.27344,77543.35938,77575.27344,0
2026-05-20 21:21,77543.97656,77571.99219,77538.28906,77538.28906,145338368
2026-05-20 21:22,77561.99219,77561.99219,77522.95312,77534.0625,0
2026-05-20 21:23,77570.86719,77570.86719,77563.96094,77563.97656,201285632
2026-05-20 21:24,77590.96875,77593.13281,77570.86719,77570.86719,0
2026-05-20 21:25,77563.96094,77584.70312,77563.96094,77576.27344,0
2026-05-20 21:26,77561.99219,77563.96875,77561.99219,77563.96094,0
2026-05-20 21:27,77562.78906,77567.6875,77555.15625,77561.99219,99608576
2026-05-20 21:28,77562.78125,77562.78906,77560.07031,77562.78906,0
2026-05-20 21:29,77535.96094,77562.78125,77531.02344,77562.78125,144199680
2026-05-20 21:30,77513.99219,77525.61719,77510.00781,77525.61719,0
2026-05-20 21:31,77537.97656,77537.99219,77514.0,77514.0,0
2026-05-20 21:32,77553.4375,77553.45312,77537.97656,77537.97656,12230656
2026-05-20 21:33,77534.07031,77553.45312,77534.0625,77553.4375,0
2026-05-20 21:34,77560.71875,77560.71875,77534.0625,77534.0625,25817088
2026-05-20 21:35,77558.65625,77558.65625,77554.74219,77558.20312,0
2026-05-20 21:36,77563.35938,77567.17969,77557.75,77558.65625,0
2026-05-20 21:37,77567.63281,77567.63281,77559.22656,77563.36719,0
2026-05-20 21:38,77583.0,77584.6875,77569.99219,77569.99219,0
2026-05-20 21:39,77541.65625,77570.04688,77541.65625,77570.04688,31864832
2026-05-20 21:40,77566.67188,77566.67969,77529.53906,77530.88281,0
2026-05-20 21:41,77572.04688,77572.04688,77572.03906,77572.03906,0
2026-05-20 21:42,77573.85156,77573.85156,77572.03906,77572.03906,18567168
2026-05-20 21:43,77569.78906,77573.85156,77525.63281,77573.85156,0
2026-05-20 21:44,77552.60938,77569.70312,77523.71094,77569.70312,0
2026-05-20 21:45,77553.35156,77555.5,77549.95312,77555.10156,123666432
2026-05-20 21:46,77572.03125,77572.03125,77553.34375,77553.34375,13377536
2026-05-20 21:47,77584.67969,77584.6875,77572.03125,77572.03125,0
2026-05-20 21:48,77525.63281,77584.67969,77525.63281,77584.67969,94978048
2026-05-20 21:49,77572.03125,77572.03125,77540.75781,77540.75781,0
2026-05-20 21:50,77559.09375,77561.34375,77557.0625,77557.0625,0
2026-05-20 21:51,77514.0,77561.0625,77514.0,77559.09375,27316224
2026-05-20 21:52,77508.78906,77514.0,77506.20312,77514.0,0
2026-05-20 21:53,77533.25781,77533.25781,77508.79688,77508.79688,145332224
2026-05-20 21:54,77505.42969,77533.27344,77505.42969,77533.25781,0
2026-05-20 21:55,77513.57812,77517.40625,77505.5,77505.5,0
2026-05-20 21:56,77497.71875,77506.07812,77496.32812,77506.07812,2353152
2026-05-20 21:57,77492.10156,77499.00781,77475.96875,77499.00781,0
2026-05-20 21:58,77445.4375,77492.32812,77445.4375,77492.32812,29186048
2026-05-20 21:59,77422.67188,77446.04688,77422.65625,77431.3125,127633408
2026-05-20 22:00,77404.32031,77412.57812,77358.67969,77412.57812,2623488
2026-05-20 22:01,77350.61719,77409.35156,77350.61719,77409.35156,0
2026-05-20 22:02,77327.28906,77344.14844,77301.99219,77313.71094,0
2026-05-20 22:03,77311.92188,77325.75781,77300.03906,77314.61719,0
2026-05-20 22:04,77350.0,77355.67188,77314.28906,77315.88281,58994688
2026-05-20 22:05,77370.29688,77377.92188,77357.9375,77361.03906,0
2026-05-20 22:06,77356.82031,77376.0,77356.82031,77370.54688,131620864
2026-05-20 22:07,77307.96094,77361.99219,77307.96094,77356.82812,540672
2026-05-20 22:08,77304.97656,77331.99219,77281.02344,77295.99219,0
2026-05-20 22:09,77255.9375,77305.21094,77255.53125,77294.35156,0
2026-05-20 22:10,77255.45312,77292.71875,77225.71875,77225.71875,0
2026-05-20 22:11,77298.21875,77310.28906,77250.0625,77250.0625,964608
2026-05-20 22:12,77308.8125,77320.4375,77272.0,77272.0,21452800
2026-05-20 22:13,77288.99219,77300.28125,77270.28125,77300.28125,0
2026-05-20 22:14,77293.99219,77301.95312,77285.09375,77295.46094,3328000
2026-05-20 22:15,77305.89062,77315.1875,77293.3125,77297.11719,368072704
2026-05-20 22:16,77273.82031,77311.39844,77256.49219,77298.00781,0
2026-05-20 22:17,77247.63281,77275.57031,77227.0,77273.82812,143857664
2026-05-20 22:18,77192.24219,77250.02344,77192.24219,77244.1875,0
2026-05-20 22:19,77162.70312,77199.99219,77162.70312,77198.40625,0
2026-05-20 22:20,77147.79688,77171.13281,77145.14062,77145.14062,720896
2026-05-20 22:21,77221.77344,77221.77344,77144.82031,77147.78906,0
2026-05-20 22:22,77204.17969,77226.0,77204.17969,77226.0,141531136
2026-05-20 22:23,77223.22656,77224.11719,77200.67969,77200.67969,0
2026-05-20 22:24,77281.38281,77281.38281,77226.50781,77226.50781,0
2026-05-20 22:25,77276.13281,77288.79688,77268.21094,77268.21094,6739968
2026-05-20 22:26,77325.95312,77327.99219,77274.53125,77274.53125,0
2026-05-20 22:27,77339.17969,77339.17969,77313.14844,77325.77344,147832832
2026-05-20 22:28,77370.95312,77375.46875,77335.47656,77341.65625,0
2026-05-20 22:29,77352.82031,77356.82812,77345.5,77354.0,0
2026-05-20 22:30,77403.24219,77405.60156,77356.67969,77356.67969,0
2026-05-20 22:31,77377.97656,77420.10938,77373.72656,77403.24219,1533952
2026-05-20 22:32,77360.57812,77371.04688,77356.82031,77370.96094,886784
2026-05-20 22:33,77369.47656,77377.90625,77349.57812,77359.96875,0
2026-05-20 22:34,77381.17188,77381.17188,77368.00781,77369.97656,0
2026-05-20 22:35,77384.36719,77393.36719,77365.25781,77381.15625,150528000
2026-05-20 22:36,77348.67969,77387.02344,77348.67969,77387.02344,94752768
2026-05-20 22:37,77312.46094,77337.07031,77301.96094,77337.07031,0
2026-05-20 22:38,77335.40625,77344.14844,77327.28125,77327.28125,3801088
2026-05-20 22:39,77310.39844,77337.99219,77310.39844,77337.97656,0
2026-05-20 22:40,77301.36719,77310.03125,77297.74219,77306.17969,0
2026-05-20 22:41,77338.64062,77338.64062,77301.38281,77301.38281,0
2026-05-20 22:42,77363.35938,77365.97656,77338.64062,77338.64062,138242048
2026-05-20 22:43,77367.35156,77367.35156,77356.82031,77356.82812,0
2026-05-20 22:44,77363.42969,77368.61719,77359.53125,77367.35938,141873152
2026-05-20 22:45,77400.46875,77400.46875,77363.42969,77363.42969,0
2026-05-20 22:46,77388.99219,77402.0,77388.22656,77402.0,51617792
2026-05-20 22:47,77403.04688,77407.10156,77391.29688,77398.14844,188416
2026-05-20 22:48,77418.78125,77420.10938,77400.28906,77400.29688,0
2026-05-20 22:49,77408.03125,77408.03125,77398.39062,77404.11719,0
2026-05-20 22:50,77401.60938,77419.9375,77386.15625,77415.89062,0
2026-05-20 22:51,77373.99219,77398.88281,77373.99219,77398.88281,130422784
2026-05-20 22:52,77381.10938,77396.0,77373.17969,77373.99219,0
2026-05-20 22:53,77400.52344,77400.64062,77372.07812,77372.07812,0
2026-05-20 22:54,77375.00781,77399.88281,77375.0,77399.88281,0
2026-05-20 22:55,77395.5,77402.74219,77375.0,77375.0,0
2026-05-20 22:56,77386.11719,77402.72656,77385.27344,77395.5,140359680
2026-05-20 22:57,77392.00781,77403.34375,77385.25781,77400.60156,0
2026-05-20 22:58,77414.49219,77414.49219,77400.20312,77405.97656,4524032
2026-05-20 22:59,77424.20312,77424.20312,77414.45312,77414.45312,143951872
2026-05-20 23:00,77386.89062,77394.38281,77386.89062,77390.59375,0
2026-05-20 23:01,77370.64844,77387.03906,77370.64844,77386.89844,0
2026-05-20 23:02,77385.0,77385.0,77370.65625,77370.65625,0
2026-05-20 23:03,77390.57812,77408.97656,77384.32031,77384.32031,170002432
2026-05-20 23:04,77367.60156,77398.13281,77365.60938,77398.13281,8927232
2026-05-20 23:05,77395.11719,77426.97656,77367.60156,77367.60156,0
2026-05-20 23:06,77378.09375,77395.11719,77378.07812,77395.11719,0
2026-05-20 23:07,77375.46875,77390.57031,77375.46875,77378.09375,0
2026-05-20 23:08,77375.46094,77386.35938,77375.46094,77375.47656,0
2026-05-20 23:09,77361.03906,77390.0,77361.03906,77373.99219,17602560
2026-05-20 23:10,77342.0,77357.95312,77342.0,77353.46094,0
2026-05-20 23:11,77355.0,77356.14062,77349.60156,77351.07812,0
2026-05-20 23:12,77353.32812,77355.0,77350.99219,77354.99219,0
2026-05-20 23:13,77345.90625,77350.99219,77314.61719,77350.99219,1165312
2026-05-20 23:14,77372.78906,77382.14844,77345.75781,77351.15625,0
2026-05-20 23:15,77337.54688,77375.99219,77335.71875,77375.99219,160874496
2026-05-20 23:16,77305.59375,77340.0,77304.71094,77340.0,0
2026-05-20 23:17,77317.82031,77322.0,77309.72656,77309.72656,0
2026-05-20 23:18,77336.60156,77339.22656,77321.71875,77321.72656,198907904
2026-05-20 23:19,77365.27344,77375.67188,77338.07812,77338.10156,1183744
2026-05-20 23:20,77367.17188,77372.25,77356.82031,77356.82031,0
2026-05-20 23:21,77368.32031,77371.99219,77359.75,77361.78906,0
2026-05-20 23:22,77355.96094,77368.32031,77352.60938,77368.32031,0
2026-05-20 23:23,77327.07031,77344.15625,77323.20312,77344.15625,40617984
2026-05-20 23:24,77322.35156,77331.99219,77314.61719,77331.25,0
2026-05-20 23:25,77352.36719,77352.36719,77322.35156,77322.35156,140398592
2026-05-20 23:26,77356.8125,77356.8125,77346.85156,77351.29688,0
2026-05-20 23:27,77339.85156,77372.70312,77337.99219,77372.70312,0
2026-05-20 23:28,77335.0625,77342.82031,77331.50781,77339.47656,0
2026-05-20 23:29,77319.95312,77340.35156,77314.61719,77335.0625,3198976
2026-05-20 23:30,77352.42188,77352.42969,77319.8125,77319.82031,93550592
2026-05-20 23:31,77322.79688,77352.42188,77306.17969,77352.42188,0
2026-05-20 23:32,77330.53906,77330.53906,77318.0625,77322.79688,0
2026-05-20 23:33,77338.03906,77338.03906,77323.50781,77330.53906,149006336
2026-05-20 23:34,77366.0,77366.0,77338.03125,77338.03906,163293184
2026-05-20 23:35,77350.07812,77362.0,77350.0,77362.0,0
2026-05-20 23:36,77373.57812,77373.57812,77355.54688,77355.54688,0
2026-05-20 23:37,77373.57812,77373.57812,77373.57031,77373.57031,0
2026-05-20 23:38,77398.0,77398.0,77373.57031,77373.57031,0
2026-05-20 23:39,77384.09375,77405.49219,77379.29688,77398.0,8990720
2026-05-20 23:40,77386.0,77386.0,77373.96875,77382.0,137435136
2026-05-20 23:41,77387.25781,77387.25781,77387.17969,77387.25,0
2026-05-20 23:42,77403.21875,77403.22656,77387.25,77387.25781,0
2026-05-20 23:43,77399.38281,77401.97656,77390.57812,77400.96875,0
2026-05-20 23:44,77398.99219,77403.22656,77396.35938,77399.38281,0
2026-05-20 23:45,77414.24219,77414.24219,77378.21875,77378.21875,40341504
2026-05-20 23:46,77453.86719,77453.86719,77410.14062,77410.14062,237568
2026-05-20 23:47,77440.00781,77451.71094,77440.0,77451.71094,145137664
2026-05-20 23:48,77461.63281,77461.63281,77440.0,77440.0,0
2026-05-20 23:49,77455.75781,77461.61719,77446.0,77461.61719,0
2026-05-20 23:50,77455.07031,77457.24219,77452.0,77455.75781,140029952
2026-05-20 23:51,77444.71875,77459.99219,77437.00781,77457.3125,0
2026-05-20 23:52,77452.0,77454.0,77444.42969,77444.42969,0
2026-05-20 23:53,77460.00781,77460.00781,77444.75781,77452.35156,142964736
2026-05-20 23:54,77470.53125,77470.53125,77451.90625,77451.90625,0
2026-05-20 23:55,77468.21094,77470.53906,77466.0625,77470.53125,0
2026-05-20 23:56,77464.95312,77468.21094,77462.00781,77468.21094,0
2026-05-20 23:57,77458.52344,77481.52344,77458.52344,77466.77344,60192768
2026-05-20 23:58,77466.0625,77466.0625,77445.97656,77458.50781,0
2026-05-21 00:00,77445.21094,77487.99219,77445.21094,77479.20312,247937024
2026-05-21 00:01,77449.65625,77468.02344,77442.17188,77442.17188,0
2026-05-21 00:02,77479.1875,77479.1875,77453.27344,77453.75781,140273664
2026-05-21 00:03,77486.25781,77488.0,77462.32031,77462.32031,0
2026-05-21 00:04,77563.53906,77563.53906,77486.27344,77486.27344,0
2026-05-21 00:05,77542.49219,77572.53125,77525.61719,77568.67969,0
2026-05-21 00:06,77502.46875,77545.03125,77500.3125,77541.99219,17707008
2026-05-21 00:07,77503.11719,77526.03125,77503.11719,77505.29688,7174144
2026-05-21 00:08,77515.03906,77524.07031,77468.61719,77493.10156,671744
2026-05-21 00:09,77565.17969,77565.1875,77515.04688,77515.04688,0
2026-05-21 00:10,77560.60156,77576.65625,77559.39062,77559.39062,0
2026-05-21 00:11,77561.1875,77563.60938,77555.07031,77560.59375,0
2026-05-21 00:12,77563.60156,77599.10938,77563.10938,77563.10938,170254336
2026-05-21 00:13,77598.17188,77598.17188,77571.97656,77571.97656,0
2026-05-21 00:14,77589.82812,77615.02344,77576.64844,77609.32812,0
2026-05-21 00:15,77631.10938,77635.46094,77589.82031,77589.82031,0
2026-05-21 00:16,77629.96875,77630.28125,77595.85938,77610.0,68808704
2026-05-21 00:17,77618.38281,77631.15625,77614.07812,77621.39062,0
2026-05-21 00:18,77537.3125,77617.07031,77521.40625,77617.07031,0
2026-05-21 00:19,77563.59375,77563.59375,77537.3125,77537.3125,242460672
2026-05-21 00:20,77558.92969,77563.59375,77546.71875,77563.59375,0
2026-05-21 00:21,77566.99219,77566.99219,77560.52344,77560.75781,39393280
2026-05-21 00:22,77563.9375,77567.0,77546.72656,77560.74219,0
2026-05-21 00:23,77562.00781,77569.97656,77562.00781,77566.99219,0
2026-05-21 00:24,77628.47656,77628.47656,77562.00781,77562.00781,0
2026-05-21 00:25,77639.54688,77644.00781,77622.82031,77628.25781,0
2026-05-21 00:26,77614.0,77640.63281,77612.0,77640.63281,0
2026-05-21 00:27,77632.53906,77632.5625,77614.24219,77614.25,243294208
2026-05-21 00:28,77639.54688,77639.54688,77624.0,77626.89062,0
2026-05-21 00:29,77660.64844,77660.64844,77643.5,77643.5,9461760
2026-05-21 00:30,77653.00781,77660.64844,77631.11719,77660.64844,3610624
2026-05-21 00:31,77639.5625,77662.63281,77639.5625,77653.17188,0
2026-05-21 00:32,77646.99219,77660.38281,77639.5625,77645.95312,0
2026-05-21 00:33,77649.85156,77649.85156,77637.85156,77648.54688,0
2026-05-21 00:34,77669.24219,77672.67969,77662.14062,77662.14844,0
2026-05-21 00:35,77669.25,77674.42188,77669.25,77674.40625,2744320
2026-05-21 00:36,77660.99219,77672.14062,77648.82031,77671.96875,0
2026-05-21 00:37,77635.35156,77660.0,77635.34375,77658.39844,0
2026-05-21 00:38,77636.35938,77636.36719,77626.89844,77635.35156,0
2026-05-21 00:39,77658.42969,77664.86719,77641.79688,77641.79688,9064448
2026-05-21 00:40,77658.79688,77664.82031,77643.78906,77656.45312,0
2026-05-21 00:41,77626.89844,77659.59375,77626.89844,77659.59375,0
2026-05-21 00:42,77647.11719,77652.14844,77622.67969,77622.67969,198195200
2026-05-21 00:43,77646.36719,77664.10156,77644.34375,77645.96094,0
2026-05-21 00:44,77667.78125,77667.78125,77645.32812,77646.36719,209534976
2026-05-21 00:45,77702.75781,77702.75781,77663.07812,77663.07812,0
2026-05-21 00:46,77745.07031,77767.0,77706.0,77706.0,0
2026-05-21 00:47,77728.60156,77757.71094,77723.96875,77753.8125,0
2026-05-21 00:48,77762.27344,77762.28125,77729.03906,77729.03906,0
2026-05-21 00:49,77876.77344,77885.27344,77767.15625,77767.15625,0
2026-05-21 00:50,77900.64844,77903.47656,77874.71875,77883.95312,0
2026-05-21 00:51,77843.28906,77905.82812,77843.28906,77905.42188,4040704
2026-05-21 00:52,77875.99219,77875.99219,77827.17188,77827.17188,0
2026-05-21 00:53,77939.11719,77958.17969,77880.09375,77880.09375,15200256
2026-05-21 00:54,77947.63281,77970.35938,77947.63281,77962.02344,183603200
2026-05-21 00:55,77939.95312,77951.9375,77917.86719,77947.61719,0
2026-05-21 00:56,77925.63281,77930.72656,77913.21094,77928.20312,12130304
2026-05-21 00:57,77946.96875,77949.92188,77928.09375,77928.09375,0
2026-05-21 00:58,77888.53906,77930.74219,77888.53906,77930.74219,212219904
2026-05-21 00:59,77889.99219,77901.1875,77862.39062,77884.32812,0
2026-05-21 01:00,77909.46094,77935.07031,77900.95312,77912.1875,89686016
2026-05-21 01:01,77918.02344,77918.07031,77888.53906,77898.67188,3524608
2026-05-21 01:02,77869.92188,77918.96875,77855.53906,77909.99219,0
2026-05-21 01:03,77917.10938,77918.53906,77878.02344,77880.0,161816576
2026-05-21 01:04,77917.79688,77917.79688,77895.4375,77896.99219,0
2026-05-21 01:05,77871.65625,77914.90625,77871.65625,77914.65625,0
2026-05-21 01:06,77913.5625,77913.5625,77854.78125,77863.22656,0
2026-05-21 01:07,77942.36719,77942.36719,77913.54688,77913.5625,1370112
2026-05-21 01:08,77943.39844,77943.39844,77908.70312,77926.53125,0
2026-05-21 01:09,77909.67969,77948.75,77909.67969,77948.75,405276672
2026-05-21 01:10,77954.92969,77955.47656,77909.67188,77909.67969,0
2026-05-21 01:11,77950.0,77950.0,77938.0,77947.61719,0
2026-05-21 01:12,77955.5,77993.75781,77952.71094,77952.71094,156932096
2026-05-21 01:13,77978.20312,77978.21875,77968.45312,77971.21094,0
2026-05-21 01:14,78053.11719,78057.46094,77984.28906,77984.28906,0
2026-05-21 01:15,78070.0,78082.65625,78032.0,78032.0,161925120
2026-05-21 01:16,78023.35938,78086.00781,78019.35938,78086.00781,0
2026-05-21 01:17,77974.0,78020.9375,77960.86719,78020.9375,1404928
2026-05-21 01:18,77890.70312,77973.97656,77885.28125,77971.99219,0
2026-05-21 01:19,77822.60156,77891.21094,77808.36719,77891.21094,38803456
2026-05-21 01:20,77846.34375,77857.14844,77809.99219,77816.8125,42465280
2026-05-21 01:21,77831.0625,77843.07812,77795.70312,77839.78125,148168704
2026-05-21 01:22,77833.67969,77858.39844,77833.67969,77838.86719,0
2026-05-21 01:23,77863.21094,77863.21094,77834.88281,77834.88281,0
2026-05-21 01:24,77829.46875,77857.6875,77829.46875,77857.6875,207472640
2026-05-21 01:25,77777.67188,77823.82031,77777.67188,77823.82031,0
2026-05-21 01:26,77771.78906,77779.77344,77753.49219,77779.77344,0
2026-05-21 01:27,77782.0,77795.70312,77771.89844,77771.9375,0
2026-05-21 01:28,77781.49219,77794.39062,77778.82031,77784.09375,0
2026-05-21 01:29,77807.6875,77807.6875,77786.39062,77786.39062,0
2026-05-21 01:30,77755.60156,77769.53125,77755.39844,77766.15625,167057408
2026-05-21 01:31,77752.71875,77759.72656,77743.20312,77748.09375,0
2026-05-21 01:32,77751.28125,77761.07812,77751.28125,77752.71875,136153088
2026-05-21 01:33,77791.47656,77791.47656,77750.03125,77753.25781,0
2026-05-21 01:34,77802.35938,77807.20312,77792.38281,77792.38281,0
2026-05-21 01:35,77808.35938,77836.5,77801.77344,77806.97656,0
2026-05-21 01:36,77801.03906,77808.35938,77790.00781,77808.35938,124205056
2026-05-21 01:37,77783.03906,77803.6875,77783.03906,77801.04688,0
2026-05-21 01:38,77757.85156,77777.77344,77743.99219,77777.77344,0
2026-05-21 01:39,77763.95312,77763.95312,77745.07031,77753.63281,0
2026-05-21 01:40,77774.59375,77774.60156,77752.9375,77774.59375,0
2026-05-21 01:41,77806.24219,77806.24219,77780.10156,77787.25,141043712
2026-05-21 01:42,77845.99219,77871.72656,77838.21875,77838.21875,0
2026-05-21 01:43,77805.75781,77840.50781,77805.75781,77840.50781,0
2026-05-21 01:44,77807.13281,77826.75781,77807.13281,77807.84375,28672
2026-05-21 01:45,77859.0,77859.0,77813.49219,77813.49219,0
2026-05-21 01:46,77896.46094,77896.46094,77867.42969,77869.11719,175177728
2026-05-21 01:47,77862.6875,77872.0,77854.78906,77872.0,0
2026-05-21 01:48,77858.46094,77869.25,77838.78125,77863.0,0
2026-05-21 01:49,77841.11719,77874.15625,77837.90625,77862.22656,0
2026-05-21 01:50,77847.00781,77860.67969,77832.03125,77835.10156,0
2026-05-21 01:51,77814.5,77854.78125,77812.59375,77847.00781,0
2026-05-21 01:52,77742.02344,77812.57812,77742.02344,77812.57812,90316800
2026-05-21 01:53,77733.85938,77746.88281,77720.02344,77739.17969,0
2026-05-21 01:54,77751.47656,77753.52344,77727.14062,77733.85938,280901632
2026-05-21 01:55,77794.63281,77794.63281,77761.92969,77761.92969,0
2026-05-21 01:56,77771.67188,77794.64062,77761.9375,77794.64062,0
2026-05-21 01:57,77777.52344,77777.52344,77766.5,77771.67969,126976
2026-05-21 01:58,77798.02344,77803.97656,77776.61719,77780.24219,0
2026-05-21 01:59,77788.0,77803.07031,77785.85156,77800.86719,146276352
2026-05-21 02:00,77773.97656,77784.99219,77761.95312,77761.95312,0
2026-05-21 02:01,77783.27344,77801.57812,77773.97656,77773.99219,0
2026-05-21 02:02,77814.35938,77816.78906,77783.04688,77785.39844,147734528
2026-05-21 02:03,77812.74219,77816.78906,77805.34375,77808.34375,0
2026-05-21 02:04,77818.89844,77838.9375,77812.74219,77812.74219,0
2026-05-21 02:05,77787.47656,77819.27344,77782.95312,77819.27344,2105344
2026-05-21 02:06,77787.27344,77801.29688,77787.27344,77789.99219,0
2026-05-21 02:07,77798.99219,77807.32812,77791.42969,77795.0,0
2026-05-21 02:08,77753.49219,77797.00781,77743.97656,77797.00781,10829824
2026-05-21 02:09,77775.28906,77775.28906,77754.54688,77754.54688,0
2026-05-21 02:10,77784.47656,77789.0,77763.38281,77763.38281,11112448
2026-05-21 02:11,77787.35938,77791.71875,77783.03906,77791.71875,0
2026-05-21 02:12,77810.25781,77821.02344,77787.35938,77787.35938,35141632
2026-05-21 02:13,77783.5,77786.85938,77783.03906,77783.03906,0
2026-05-21 02:14,77802.46094,77802.46094,77783.5,77783.5,3547136
2026-05-21 02:15,77789.71094,77802.46094,77789.71094,77802.46094,0
2026-05-21 02:16,77825.82812,77837.82031,77799.90625,77799.90625,0
2026-05-21 02:17,77856.07031,77856.07031,77825.82812,77825.82812,0
2026-05-21 02:18,77871.67188,77892.5625,77843.84375,77854.39844,78000128
2026-05-21 02:19,77913.61719,77913.61719,77873.61719,77873.61719,0
2026-05-21 02:20,77953.97656,77953.97656,77913.85938,77913.85938,142450688
2026-05-21 02:21,77927.60156,77941.38281,77922.3125,77935.00781,0
2026-05-21 02:22,77922.6875,77940.4375,77922.6875,77927.60156,0
2026-05-21 02:23,77977.14844,78010.46094,77901.21094,77909.17969,9003008
2026-05-21 02:24,77925.6875,77982.25781,77925.6875,77977.89844,0
2026-05-21 02:25,77962.82812,77977.02344,77943.39062,77943.39062,0
2026-05-21 02:26,77981.99219,78018.57812,77962.84375,77962.84375,162979840
2026-05-21 02:27,78026.14844,78026.14844,77982.53906,77982.53906,0
2026-05-21 02:28,77969.71094,78009.96875,77969.6875,78009.96875,22982656
2026-05-21 02:29,77958.4375,77965.77344,77951.85938,77964.02344,0
2026-05-21 02:30,77948.57031,77973.00781,77922.3125,77964.49219,199086080
2026-05-21 02:31,77941.03906,77951.04688,77940.53906,77949.89844,0
2026-05-21 02:32,77939.72656,77947.25781,77930.74219,77945.49219,0
2026-05-21 02:33,77960.28906,77981.00781,77939.00781,77939.14844,178941952
2026-05-21 02:34,77945.02344,77961.67188,77940.74219,77948.00781,0
2026-05-21 02:35,77936.47656,77954.84375,77936.47656,77954.84375,0
2026-05-21 02:36,77951.27344,77953.10938,77941.39844,77943.99219,0
2026-05-21 02:37,77959.17188,77959.17188,77947.0,77947.0,0
2026-05-21 02:38,77978.24219,77978.24219,77954.70312,77954.71094,141713408
2026-05-21 02:39,77962.21094,77999.0,77951.84375,77994.0,0
2026-05-21 02:40,77941.39062,77962.21875,77935.9375,77962.21875,0
2026-05-21 02:41,77926.00781,77944.88281,77926.00781,77944.88281,141658112
2026-05-21 02:42,77939.79688,77939.79688,77918.07812,77930.07031,191010816
2026-05-21 02:43,77915.07812,77939.79688,77911.24219,77939.79688,0
2026-05-21 02:44,77938.97656,77938.97656,77911.25781,77913.57812,0
2026-05-21 02:45,77931.95312,77937.0625,77924.02344,77929.85938,616448
2026-05-21 02:46,77906.32812,77952.00781,77905.0,77947.84375,0
2026-05-21 02:47,77900.00781,77918.07031,77900.00781,77914.03125,323024896
2026-05-21 02:48,77894.00781,77900.00781,77890.14844,77900.00781,0
2026-05-21 02:49,77896.0,77899.84375,77894.00781,77894.02344,0
2026-05-21 02:50,77911.8125,77911.8125,77890.14844,77894.00781,3799040
2026-05-21 02:51,77946.63281,77946.70312,77918.89844,77918.89844,47990784
2026-05-21 02:52,77938.32031,77946.61719,77926.53125,77946.61719,0
2026-05-21 02:53,77934.34375,77935.10938,77922.34375,77935.04688,0
2026-05-21 02:54,77880.60938,77934.34375,77874.0,77934.34375,19531776
2026-05-21 02:55,77906.82812,77909.40625,77881.99219,77881.99219,2715648
2026-05-21 02:56,77888.53906,77912.72656,77888.53906,77906.82031,1345536
2026-05-21 02:57,77904.88281,77907.21875,77888.53906,77888.54688,0
2026-05-21 02:58,77899.67188,77905.5,77896.97656,77905.5,5744640
2026-05-21 02:59,77880.57031,77901.4375,77880.57031,77899.65625,0
2026-05-21 03:00,77899.97656,77899.97656,77872.52344,77875.88281,0
2026-05-21 03:01,77892.75781,77898.78125,77870.0,77870.0,143503360
2026-05-21 03:02,77888.15625,77908.64062,77880.10156,77890.96094,0
2026-05-21 03:03,77901.20312,77912.64844,77901.20312,77903.74219,124667904
2026-05-21 03:04,77878.0,77915.02344,77878.0,77901.20312,0
2026-05-21 03:05,77897.29688,77900.0,77882.0,77882.0,995328
2026-05-21 03:06,77920.82031,77938.60156,77898.03906,77900.10938,0
2026-05-21 03:07,77880.10156,77920.85156,77880.10156,77920.85156,0
2026-05-21 03:08,77860.14062,77882.84375,77852.78125,77880.10938,7391232
2026-05-21 03:09,77888.86719,77888.86719,77852.78906,77855.60156,0
2026-05-21 03:10,77878.89844,77891.38281,77878.89844,77891.36719,0
2026-05-21 03:11,77884.34375,77885.99219,77884.34375,77885.99219,110921728
2026-05-21 03:12,77907.57812,77907.57812,77884.0,77884.63281,0
2026-05-21 03:13,77879.99219,77911.25781,77877.88281,77907.57812,0
2026-05-21 03:14,77881.71875,77884.42188,77877.88281,77883.53125,0
2026-05-21 03:15,77878.60156,77881.71875,77875.88281,77881.71875,0
2026-05-21 03:16,77847.21875,77884.99219,77847.21875,77879.09375,503808
2026-05-21 03:17,77827.79688,77850.89062,77827.79688,77850.89062,142462976
2026-05-21 03:18,77854.77344,77854.77344,77833.97656,77833.97656,29763584
2026-05-21 03:19,77870.92188,77870.92188,77859.97656,77859.97656,0
2026-05-21 03:20,77903.50781,77903.50781,77872.14844,77874.85938,0
2026-05-21 03:21,77926.50781,77926.50781,77903.50781,77903.50781,24850432
2026-05-21 03:22,77939.17969,77939.17969,77926.52344,77926.52344,0
2026-05-21 03:23,77934.96094,77963.60938,77934.96094,77939.1875,133914624
2026-05-21 03:24,77933.67188,77934.96875,77930.75781,77934.96875,0
2026-05-21 03:25,77931.97656,77944.95312,77926.52344,77926.53125,0
2026-05-21 03:26,77928.03906,77931.97656,77922.42188,77931.97656,147353600
2026-05-21 03:27,77963.5,77963.5,77940.67188,77940.75,0
2026-05-21 03:28,77952.39062,77967.92188,77952.39062,77966.72656,0
2026-05-21 03:29,77960.46875,77964.5,77956.0625,77956.0625,0
2026-05-21 03:30,77962.71094,77962.71875,77951.82812,77960.47656,0
2026-05-21 03:31,77940.39844,77962.71094,77939.1875,77962.71094,0
2026-05-21 03:32,77942.03125,77942.03125,77934.96094,77940.39844,137172992
2026-05-21 03:33,77942.82812,77942.82812,77942.03125,77942.03125,0
2026-05-21 03:34,77930.25781,77938.20312,77926.90625,77934.96094,0
2026-05-21 03:35,77917.59375,77930.74219,77914.00781,77930.25,137076736
2026-05-21 03:36,77921.52344,77930.28906,77917.97656,77917.97656,0
2026-05-21 03:37,77924.6875,77924.6875,77919.03125,77922.17188,62361600
2026-05-21 03:38,77926.50781,77926.50781,77918.07812,77926.32812,0
2026-05-21 03:39,77924.88281,77929.39844,77919.92969,77926.52344,0
2026-05-21 03:40,77922.04688,77924.89062,77920.34375,77924.88281,0
2026-05-21 03:41,77921.96094,77922.04688,77913.85938,77922.04688,0
2026-05-21 03:42,77938.46094,77938.46094,77921.95312,77921.95312,119830528
2026-05-21 03:43,77930.20312,77936.60156,77930.20312,77934.96094,0
2026-05-21 03:44,77943.61719,77946.34375,77941.99219,77943.39062,49070080
2026-05-21 03:45,77970.9375,77970.9375,77939.17969,77943.61719,0
2026-05-21 03:46,77949.09375,77974.5625,77949.09375,77970.92969,0
2026-05-21 03:47,77936.92188,77945.10156,77933.1875,77945.10156,788480
2026-05-21 03:48,77928.07812,77936.92969,77928.00781,77936.92188,0
2026-05-21 03:49,77927.99219,77936.9375,77927.99219,77936.9375,0
2026-05-21 03:50,77936.0,77939.17188,77924.50781,77924.50781,2924544
2026-05-21 03:51,77937.15625,77941.99219,77936.38281,77941.99219,0
2026-05-21 03:52,77950.03125,77950.03906,77934.49219,77937.17188,0
2026-05-21 03:53,77956.60938,77967.90625,77950.03906,77950.03906,81657856
2026-05-21 03:54,77966.20312,77966.20312,77947.63281,77947.63281,0
2026-05-21 03:55,77998.99219,78019.35156,77972.00781,77972.00781,135237632
2026-05-21 03:56,78002.52344,78009.02344,77993.15625,77998.97656,0
2026-05-21 03:57,78002.21094,78002.53125,78002.21094,78002.52344,0
2026-05-21 03:58,78027.24219,78030.03125,77995.24219,77997.92969,0
2026-05-21 03:59,78001.64844,78006.70312,78001.64844,78006.70312,140689408
2026-05-21 04:00,78026.84375,78038.82031,78001.65625,78001.65625,199239680
2026-05-21 04:01,78025.59375,78032.02344,78023.15625,78032.00781,0
2026-05-21 04:02,78056.9375,78056.9375,78029.38281,78029.38281,0
2026-05-21 04:03,78032.00781,78059.10938,78019.88281,78056.9375,74563584
2026-05-21 04:04,78051.42969,78053.63281,78041.00781,78041.00781,0
2026-05-21 04:05,78071.71094,78071.71094,78053.97656,78053.97656,0
2026-05-21 04:06,78095.92188,78095.92188,78072.36719,78072.36719,0
2026-05-21 04:07,78040.71875,78101.9375,78038.0,78097.99219,0
2026-05-21 04:08,77995.64062,78056.4375,77995.64062,78040.71094,1144832
2026-05-21 04:09,77901.21094,77992.96875,77901.21094,77992.96875,3895296
2026-05-21 04:10,77924.42188,77924.78125,77910.02344,77911.64062,0
2026-05-21 04:11,77921.03906,77928.47656,77909.64844,77924.42188,11020288
2026-05-21 04:12,77890.00781,77926.53125,77888.90625,77926.50781,307550208
2026-05-21 04:13,77903.14844,77909.63281,77890.00781,77890.00781,0
2026-05-21 04:14,77898.17969,77907.03125,77896.53906,77896.53906,0
2026-05-21 04:15,77935.61719,77935.61719,77899.36719,77899.36719,0
2026-05-21 04:16,77951.84375,77951.84375,77930.17188,77935.61719,0
2026-05-21 04:17,77964.49219,77964.49219,77951.84375,77951.84375,23642112
2026-05-21 04:18,77904.36719,77954.38281,77904.36719,77954.38281,0
2026-05-21 04:19,77898.39062,77904.38281,77892.77344,77904.38281,6770688
2026-05-21 04:20,77925.17969,77926.07031,77884.14844,77898.39844,0
2026-05-21 04:21,77937.02344,77937.02344,77925.17969,77925.17969,0
2026-05-21 04:22,77936.02344,77939.14062,77934.64062,77934.64062,0
2026-05-21 04:23,77934.85156,77936.03125,77929.71875,77936.03125,0
2026-05-21 04:24,77931.64844,77931.64844,77924.03125,77924.03906,167153664
2026-05-21 04:25,77942.6875,77942.6875,77931.64062,77931.64062,0
2026-05-21 04:26,77951.82812,77951.84375,77942.70312,77942.70312,0
2026-05-21 04:27,77945.99219,77953.0625,77943.24219,77953.0625,30365696
2026-05-21 04:28,77948.78906,77952.63281,77945.99219,77946.0,0
2026-05-21 04:29,77953.0,77953.0,77942.70312,77948.78125,14297088
2026-05-21 04:30,77962.00781,77962.03125,77951.82812,77953.09375,201445376
2026-05-21 04:31,77923.84375,77962.03125,77923.84375,77962.00781,0
2026-05-21 04:32,77905.64062,77931.3125,77902.60156,77931.3125,0
2026-05-21 04:33,77891.97656,77905.64062,77883.15625,77905.64062,46292992
2026-05-21 04:34,77891.97656,77897.20312,77891.96875,77891.97656,0
2026-05-21 04:35,77898.72656,77911.10938,77893.4375,77893.4375,4911104
2026-05-21 04:36,77903.3125,77903.3125,77891.96875,77898.72656,0
2026-05-21 04:37,77914.97656,77914.97656,77892.75781,77903.3125,464896
2026-05-21 04:38,77920.0,77920.0,77912.35156,77914.97656,90370048
2026-05-21 04:39,77934.95312,77934.96094,77929.27344,77929.86719,0
2026-05-21 04:40,77932.4375,77934.95312,77924.6875,77934.95312,0
2026-05-21 04:41,77918.40625,77932.4375,77916.0625,77932.4375,0
2026-05-21 04:42,77916.00781,77922.00781,77916.0,77918.07812,102438912
2026-05-21 04:43,77928.0,77930.72656,77916.0,77916.0,3651584
2026-05-21 04:44,77903.25,77928.60156,77903.25,77923.20312,0
2026-05-21 04:45,77907.71094,77907.71094,77903.24219,77903.25781,142168064
2026-05-21 04:46,77913.85156,77913.85156,77907.71094,77907.71094,0
2026-05-21 04:47,77930.64844,77947.15625,77915.34375,77915.34375,0
2026-05-21 04:48,77938.74219,77946.0,77930.64844,77939.17188,0
2026-05-21 04:49,77930.75781,77931.35156,77926.04688,77927.85938,0
2026-05-21 04:50,77939.17188,77939.17188,77925.1875,77925.21094,0
2026-05-21 04:51,77938.90625,77938.92188,77936.75,77936.75,71225344
2026-05-21 04:52,77935.57031,77938.92188,77929.6875,77938.90625,7811072
2026-05-21 04:53,77929.88281,77935.57812,77926.5625,77935.57812,0
2026-05-21 04:54,77939.32812,77941.22656,77939.17188,77939.17188,0
2026-05-21 04:55,77964.03125,77964.03906,77934.89062,77934.89062,0
2026-05-21 04:56,77937.21875,77949.42969,77936.28906,77949.42969,856064
2026-05-21 04:57,77946.67188,77946.67969,77937.21875,77937.21875,0
2026-05-21 04:58,77968.70312,77968.70312,77943.14062,77943.14062,145182720
2026-05-21 04:59,77960.28125,77981.36719,77960.28125,77968.70312,0
2026-05-21 05:00,77964.5,77964.5,77943.53906,77951.85156,0
2026-05-21 05:01,77965.97656,77965.99219,77956.07812,77965.99219,24170496
2026-05-21 05:02,77974.89844,77974.90625,77968.71094,77968.71094,0
2026-05-21 05:03,78028.53906,78028.53906,77974.9375,77985.5625,60401664
2026-05-21 05:04,78032.02344,78060.34375,78028.53906,78028.53906,0
2026-05-21 05:05,78040.02344,78046.45312,78026.4375,78046.39062,0
2026-05-21 05:06,78019.45312,78044.15625,78019.45312,78040.14844,0
2026-05-21 05:07,77985.60938,78019.78906,77985.60938,78019.78906,175005696
2026-05-21 05:08,77959.92969,77992.82812,77959.92969,77985.60938,0
2026-05-21 05:09,77964.97656,77977.14844,77960.02344,77960.02344,2658304
2026-05-21 05:10,77947.61719,77956.07031,77947.61719,77956.0625,0
2026-05-21 05:11,77915.02344,77954.97656,77915.02344,77947.63281,0
2026-05-21 05:12,77878.04688,77916.21875,77878.04688,77915.02344,0
2026-05-21 05:13,77842.13281,77880.96094,77842.13281,77878.04688,135813120
2026-05-21 05:14,77842.10938,77842.10938,77825.29688,77831.07812,0
2026-05-21 05:15,77816.8125,77823.64844,77812.57812,77823.63281,0
2026-05-21 05:16,77849.09375,77850.54688,77816.79688,77816.8125,0
2026-05-21 05:17,77852.0,77860.3125,77852.0,77860.3125,0
2026-05-21 05:18,77858.99219,77859.0,77841.09375,77849.99219,0
2026-05-21 05:19,77854.8125,77863.21094,77854.79688,77858.99219,0
2026-05-21 05:20,77868.38281,77878.57812,77866.47656,77866.47656,4020224
2026-05-21 05:21,77818.22656,77868.38281,77818.22656,77868.38281,0
2026-05-21 05:22,77804.22656,77807.11719,77795.70312,77807.11719,0
2026-05-21 05:23,77814.03906,77818.17188,77808.35156,77808.35156,0
2026-05-21 05:24,77826.96094,77826.96094,77814.03906,77814.03906,0
2026-05-21 05:25,77821.13281,77826.96875,77821.13281,77826.96094,0
2026-05-21 05:26,77796.71094,77821.13281,77790.0,77821.13281,0
2026-05-21 05:27,77799.90625,77799.92188,77796.71094,77796.71094,0
2026-05-21 05:28,77796.71094,77801.36719,77796.71094,77799.92188,0
2026-05-21 05:29,77800.52344,77808.35156,77796.71875,77796.71875,0
2026-05-21 05:30,77784.04688,77797.78906,77767.53125,77797.78906,159899648
2026-05-21 05:31,77806.8125,77814.97656,77770.38281,77791.46875,0
2026-05-21 05:32,77808.35156,77816.92188,77795.70312,77806.8125,0
2026-05-21 05:33,77839.3125,77839.3125,77816.78906,77816.78906,0
2026-05-21 05:34,77827.0625,77836.28906,77823.89844,77830.3125,0
2026-05-21 05:35,77808.40625,77827.04688,77804.14844,77827.04688,0
2026-05-21 05:36,77812.57812,77812.59375,77808.42188,77808.42188,0
2026-05-21 05:37,77806.13281,77812.59375,77806.13281,77812.57812,0
2026-05-21 05:38,77822.0,77827.99219,77808.0,77808.0,0
2026-05-21 05:39,77818.89844,77822.0,77812.57812,77821.99219,0
2026-05-21 05:40,77813.64844,77822.3125,77805.77344,77818.92188,0
2026-05-21 05:41,77804.85156,77813.65625,77797.92969,77813.65625,0
2026-05-21 05:42,77795.34375,77808.77344,77791.67969,77804.85156,0
2026-05-21 05:43,77767.32031,77789.34375,77767.07812,77789.32812,0
2026-05-21 05:44,77788.40625,77794.74219,77776.42188,77776.42188,0
2026-05-21 05:45,77778.8125,77784.97656,77778.8125,77781.97656,0
2026-05-21 05:46,77776.10156,77787.25781,77774.60938,77776.97656,0
2026-05-21 05:47,77738.39844,77775.82812,77735.99219,77772.15625,524288
2026-05-21 05:48,77665.14062,77747.82031,77665.14062,77732.39844,0
2026-05-21 05:49,77694.42188,77714.14844,77677.54688,77685.97656,0
2026-05-21 05:50,77703.21875,77707.13281,77683.99219,77694.85938,0
2026-05-21 05:51,77722.00781,77727.25781,77703.22656,77703.22656,118638592
2026-05-21 05:52,77710.10938,77718.75781,77710.10938,77717.99219,12673024
2026-05-21 05:53,77697.25,77710.5,77696.17188,77710.49219,0
2026-05-21 05:54,77718.0625,77718.07031,77697.25,77697.25,0
2026-05-21 05:55,77717.34375,77718.07031,77703.78906,77718.07031,0
2026-05-21 05:56,77712.49219,77722.15625,77703.0,77722.14844,385024
2026-05-21 05:57,77701.96094,77710.3125,77694.42188,77702.0625,91781120
2026-05-21 05:58,77728.17188,77728.17188,77701.10156,77703.0,0
2026-05-21 05:59,77749.27344,77749.97656,77721.96875,77722.21094,96552960
2026-05-21 06:00,77723.5,77740.0,77720.75781,77740.0,0
2026-05-21 06:01,77725.99219,77725.99219,77716.70312,77720.78906,10635264
2026-05-21 06:02,77736.60938,77736.60938,77717.9375,77725.99219,3940352
2026-05-21 06:03,77781.74219,77781.74219,77745.0625,77745.0625,67725312
2026-05-21 06:04,77764.25781,77770.38281,77764.25781,77770.38281,0
2026-05-21 06:05,77788.5,77788.5,77764.25781,77764.27344,33810432
2026-05-21 06:06,77783.03906,77798.32031,77783.03906,77793.82031,12791808
2026-05-21 06:07,77730.25,77766.17188,77730.25,77766.17188,0
2026-05-21 06:08,77673.64844,77730.25781,77673.39062,77730.25,0
2026-05-21 06:09,77665.8125,77686.75,77653.96875,77686.75,0
2026-05-21 06:10,77688.07031,77692.0,77665.82031,77665.82031,0
2026-05-21 06:11,77702.85156,77702.85156,77685.61719,77688.07812,0
2026-05-21 06:12,77724.5625,77724.5625,77702.85156,77702.85938,0
2026-05-21 06:13,77683.97656,77715.28906,77671.21094,77715.28906,25298944
2026-05-21 06:14,77686.96875,77694.85938,77683.97656,77683.97656,0
2026-05-21 06:15,77697.03125,77697.03125,77687.99219,77687.99219,765952
2026-05-21 06:16,77664.89062,77696.64844,77664.89062,77696.64844,14856192
2026-05-21 06:17,77649.1875,77661.72656,77649.1875,77660.65625,0
2026-05-21 06:18,77650.11719,77650.11719,77641.04688,77646.46875,0
2026-05-21 06:19,77658.60156,77658.60156,77648.0,77650.10938,0
2026-05-21 06:20,77715.52344,77715.52344,77658.59375,77658.59375,0
2026-05-21 06:21,77737.47656,77783.03906,77706.36719,77707.09375,0
2026-05-21 06:22,77758.0,77769.35938,77754.78125,77754.78125,0
2026-05-21 06:23,77754.77344,77760.5,77745.0625,77759.60156,133093376
2026-05-21 06:24,77732.39844,77750.99219,77732.39844,77750.99219,157032448
2026-05-21 06:25,77696.64062,77740.84375,77696.64062,77732.40625,0
2026-05-21 06:26,77722.97656,77722.97656,77701.89844,77702.22656,0
2026-05-21 06:27,77705.38281,77720.35938,77702.88281,77720.35938,0
2026-05-21 06:28,77708.71875,77713.97656,77705.36719,77705.38281,0
2026-05-21 06:29,77699.47656,77708.72656,77688.00781,77708.71875,195618816
2026-05-21 06:30,77715.52344,77727.0625,77699.46875,77699.46875,0
2026-05-21 06:31,77734.64844,77740.85938,77723.9375,77723.9375,0
2026-05-21 06:32,77736.90625,77736.90625,77734.64844,77734.64844,0
2026-05-21 06:33,77715.85938,77736.92188,77715.52344,77736.90625,18561024
2026-05-21 06:34,77702.85156,77721.71875,77691.99219,77721.71875,0
2026-05-21 06:35,77669.10938,77702.85938,77669.10938,77702.85156,0
2026-05-21 06:36,77688.0,77692.02344,77669.10938,77669.10938,135878656
2026-05-21 06:37,77669.63281,77681.75781,77666.8125,77681.75781,0
2026-05-21 06:38,77670.14062,77673.3125,77666.8125,77669.64062,0
2026-05-21 06:39,77656.29688,77666.82031,77655.78125,77666.8125,0
2026-05-21 06:40,77625.63281,77648.0,77615.0,77648.0,0
2026-05-21 06:41,77620.42969,77636.0,77620.42969,77635.29688,0
2026-05-21 06:42,77623.49219,77626.49219,77620.42969,77620.42969,122888192
2026-05-21 06:43,77580.46875,77623.5,77561.97656,77623.49219,0
2026-05-21 06:44,77593.47656,77599.95312,77580.46875,77580.46875,255909888
2026-05-21 06:45,77560.5,77593.47656,77559.39062,77593.46875,0
2026-05-21 06:46,77579.63281,77592.28125,77547.03906,77547.03906,0
2026-05-21 06:47,77535.99219,77575.38281,77530.47656,77568.20312,0
2026-05-21 06:48,77523.64062,77545.0,77500.82031,77545.0,0
2026-05-21 06:49,77512.96094,77529.85156,77492.92188,77524.99219,0
2026-05-21 06:50,77492.17188,77529.04688,77492.17188,77529.04688,144711680
2026-05-21 06:51,77487.64844,77499.99219,77487.64062,77492.17188,0
2026-05-21 06:52,77541.70312,77541.70312,77487.64844,77487.64844,0
2026-05-21 06:53,77533.88281,77548.82812,77533.71875,77538.92188,860160
2026-05-21 06:54,77525.61719,77557.85938,77525.61719,77550.32812,105674752
2026-05-21 06:55,77494.39062,77523.96875,77487.64062,77523.96875,3190784
2026-05-21 06:56,77501.49219,77506.38281,77483.42969,77487.64062,0
2026-05-21 06:57,77529.82812,77529.82812,77500.92188,77501.5,0
2026-05-21 06:58,77543.5,77543.5,77525.61719,77540.0,129849344
2026-05-21 06:59,77536.78125,77544.0,77534.0625,77544.0,129024
2026-05-21 07:00,77510.40625,77521.39844,77485.32031,77521.39844,0
2026-05-21 07:01,77550.0,77558.89062,77507.97656,77512.95312,120365056
2026-05-21 07:02,77525.86719,77546.71094,77525.61719,77538.28125,0
2026-05-21 07:03,77533.96094,77533.96094,77500.3125,77521.40625,0
2026-05-21 07:04,77504.53125,77533.96094,77504.52344,77533.96094,0
2026-05-21 07:05,77563.60156,77563.60156,77517.17188,77517.17188,452608
2026-05-21 07:06,77570.25,77578.97656,77563.60156,77569.71875,0
2026-05-21 07:07,77605.6875,77610.92969,77576.25,77576.25,0
2026-05-21 07:08,77555.15625,77603.96094,77555.15625,77593.14062,0
2026-05-21 07:09,77523.28906,77555.17188,77523.28906,77555.17188,21819392
2026-05-21 07:10,77529.21875,77529.21875,77500.64062,77522.0,0
2026-05-21 07:11,77500.3125,77532.74219,77500.3125,77529.85938,127260672
2026-05-21 07:12,77533.88281,77538.0,77483.99219,77484.0,0
2026-05-21 07:13,77518.24219,77542.59375,77508.74219,77534.89062,0
2026-05-21 07:14,77517.1875,77529.28906,77512.96094,77518.64062,0
2026-05-21 07:15,77515.99219,77515.99219,77513.46875,77513.89062,141539328
2026-05-21 07:16,77468.90625,77515.99219,77459.78906,77515.97656,0
2026-05-21 07:17,77467.34375,77475.22656,77441.20312,77459.84375,10240
2026-05-21 07:18,77450.36719,77487.21875,77450.36719,77463.95312,0
2026-05-21 07:19,77462.49219,77475.99219,77450.35938,77450.35938,0
2026-05-21 07:20,77446.21094,77475.54688,77446.21094,77462.5,3434496
2026-05-21 07:21,77459.6875,77470.78906,77447.6875,77447.6875,170645504
2026-05-21 07:22,77446.0,77484.0,77446.0,77484.0,0
2026-05-21 07:23,77489.0625,77489.0625,77444.09375,77444.47656,0
2026-05-21 07:24,77480.32031,77480.32812,77477.79688,77477.99219,156370944
2026-05-21 07:25,77502.11719,77512.24219,77471.70312,77477.99219,0
2026-05-21 07:26,77520.0,77520.0,77504.92188,77512.0625,1669120
2026-05-21 07:27,77526.32812,77529.42188,77526.32031,77526.32812,0
2026-05-21 07:28,77530.57812,77530.57812,77528.46094,77528.46875,0
2026-05-21 07:29,77521.42188,77530.57812,77521.42188,77530.57031,128385024
2026-05-21 07:30,77566.39844,77566.39844,77542.72656,77542.72656,4796416
2026-05-21 07:31,77548.86719,77564.02344,77547.07031,77564.02344,0
2026-05-21 07:32,77568.92188,77568.92188,77548.86719,77548.86719,0
2026-05-21 07:33,77546.46875,77570.10938,77543.1875,77570.10938,0
2026-05-21 07:34,77575.9375,77575.9375,77550.29688,77550.29688,129593344
2026-05-21 07:35,77562.77344,77577.64844,77562.03125,77577.64062,0
2026-05-21 07:36,77577.52344,77577.52344,77560.00781,77562.59375,91056128
2026-05-21 07:37,77580.99219,77581.59375,77578.64844,77581.59375,21501952
2026-05-21 07:38,77588.5,77588.50781,77580.99219,77580.99219,0
2026-05-21 07:39,77602.60156,77602.60156,77584.99219,77588.02344,0
2026-05-21 07:40,77606.60938,77606.60938,77602.67188,77602.67188,14751744
2026-05-21 07:41,77611.5625,77612.84375,77609.61719,77609.61719,200704
2026-05-21 07:42,77619.82812,77628.03125,77611.63281,77611.63281,141201408
2026-05-21 07:43,77617.79688,77626.85156,77617.79688,77626.82031,122978304
2026-05-21 07:44,77639.53906,77639.53906,77620.53125,77620.53125,0
2026-05-21 07:45,77661.84375,77661.84375,77638.40625,77643.34375,0
2026-05-21 07:46,77660.00781,77674.75781,77653.25,77674.75781,0
2026-05-21 07:47,77668.75781,77670.89062,77657.75781,77658.57812,0
2026-05-21 07:48,77680.92969,77681.65625,77672.5625,77672.5625,0
2026-05-21 07:49,77709.59375,77709.59375,77681.65625,77681.65625,0
2026-05-21 07:50,77721.65625,77723.22656,77709.59375,77709.59375,2666496
2026-05-21 07:51,77695.99219,77724.99219,77693.92188,77718.39062,18112512
2026-05-21 07:52,77719.99219,77719.99219,77699.57031,77699.57031,0
2026-05-21 07:53,77740.0,77740.0,77721.21094,77721.21094,0
2026-05-21 07:54,77733.78906,77740.00781,77731.28906,77740.00781,15058944
2026-05-21 07:55,77746.02344,77746.02344,77730.00781,77730.00781,0
2026-05-21 07:56,77824.99219,77824.99219,77746.02344,77746.02344,0
2026-05-21 07:57,77810.21094,77825.6875,77798.71875,77824.99219,120414208
2026-05-21 07:58,77810.22656,77824.03906,77809.39062,77809.39062,0
2026-05-21 07:59,77807.67969,77811.5625,77803.99219,77810.21875,135307264
2026-05-21 08:00,77835.65625,77835.65625,77813.07812,77817.90625,0
2026-05-21 08:01,77814.09375,77845.03906,77814.09375,77835.67188,0
2026-05-21 08:02,77860.52344,77860.52344,77814.11719,77814.11719,130119680
2026-05-21 08:03,77902.00781,77902.00781,77862.14844,77862.14844,0
2026-05-21 08:04,77935.07031,77935.07031,77907.21875,77909.32812,5625856
2026-05-21 08:05,77941.10938,77949.99219,77922.45312,77949.99219,0
2026-05-21 08:06,77945.42188,77966.07031,77926.32812,77952.28125,145725440
2026-05-21 08:07,77926.32812,77953.39844,77926.32812,77950.77344,0
2026-05-21 08:08,78046.28906,78084.21875,77936.0,77936.0,800768
2026-05-21 08:09,78030.8125,78073.35938,78030.8125,78061.75781,0
2026-05-21 08:10,77984.32031,78003.71875,77979.85938,78003.71875,0
2026-05-21 08:11,78010.92969,78019.1875,77980.5,77980.5,135655424
2026-05-21 08:12,78038.22656,78038.22656,77995.97656,78005.99219,0
2026-05-21 08:13,78011.46094,78030.70312,78007.20312,78026.9375,8495104
2026-05-21 08:14,78054.02344,78063.00781,77994.21094,78007.60156,121407488
2026-05-21 08:15,78042.42969,78104.34375,78042.42969,78061.75781,111749120
2026-05-21 08:16,78065.49219,78083.85938,78050.20312,78057.86719,0
2026-05-21 08:17,78029.09375,78054.03125,78029.09375,78034.67969,36622336
2026-05-21 08:18,77953.40625,78035.99219,77953.40625,78031.14844,206598144
2026-05-21 08:19,77961.75,77969.89844,77951.97656,77951.97656,8761344
2026-05-21 08:20,77920.97656,77944.03125,77911.00781,77944.03125,3653632
2026-05-21 08:21,77923.42969,77925.10938,77899.22656,77911.0,0
2026-05-21 08:22,77950.52344,77950.52344,77914.71094,77914.71875,57272320
2026-05-21 08:23,77953.40625,77973.46094,77941.79688,77941.79688,1585152
2026-05-21 08:24,77922.34375,77965.00781,77922.34375,77953.42188,0
2026-05-21 08:25,77887.61719,77914.71094,77887.61719,77914.71094,7321600
2026-05-21 08:26,77895.15625,77895.15625,77868.10938,77884.34375,0
2026-05-21 08:27,77939.0625,77939.0625,77892.57812,77895.15625,273135616
2026-05-21 08:28,77957.8125,77961.14844,77933.84375,77933.84375,0
2026-05-21 08:29,77975.97656,77991.6875,77944.10938,77957.8125,134107136
2026-05-21 08:30,77943.96875,77975.96875,77930.20312,77975.96875,0
2026-05-21 08:31,77930.20312,77944.0,77930.20312,77943.97656,0
2026-05-21 08:32,77924.53906,77946.02344,77918.57812,77941.78906,0
2026-05-21 08:33,77876.0,77926.35938,77864.39844,77920.02344,51486720
2026-05-21 08:34,77872.13281,77876.00781,77861.75781,77876.00781,118685696
2026-05-21 08:35,77879.89062,77899.21875,77879.86719,77879.86719,0
2026-05-21 08:36,77853.97656,77876.27344,77850.0,77876.27344,80900096
2026-05-21 08:37,77841.1875,77856.64844,77841.17969,77842.0,0
2026-05-21 08:38,77831.88281,77855.97656,77825.71094,77841.17969,0
2026-05-21 08:39,77847.75781,77847.77344,77826.92969,77837.10156,2260992
2026-05-21 08:40,77859.03125,77859.03125,77837.5,77852.78125,127875072
2026-05-21 08:41,77848.92969,77864.92969,77848.92188,77859.03125,0
2026-05-21 08:42,77856.67969,77856.67969,77837.3125,77848.92188,0
2026-05-21 08:43,77874.25781,77876.00781,77856.6875,77862.64062,13275136
2026-05-21 08:44,77852.78906,77860.53906,77852.78906,77860.53906,0
2026-05-21 08:45,77820.0625,77852.79688,77820.0625,77852.79688,0
2026-05-21 08:46,77841.39062,77841.39062,77810.21875,77823.96875,0
2026-05-21 08:47,77830.8125,77842.72656,77817.96094,77842.72656,0
2026-05-21 08:48,77831.71094,77835.46875,77825.70312,77833.3125,152004608
2026-05-21 08:49,77839.82031,77842.03125,77829.57031,77831.71094,0
2026-05-21 08:50,77851.53906,77852.78125,77827.99219,77833.42188,0
2026-05-21 08:51,77823.09375,77833.4375,77821.82812,77833.4375,0
2026-05-21 08:52,77829.5625,77829.5625,77817.95312,77826.00781,0
2026-05-21 08:53,77822.04688,77833.42969,77817.97656,77830.53906,0
2026-05-21 08:54,77826.97656,77837.3125,77826.97656,77829.95312,0
2026-05-21 08:55,77853.35156,77853.35156,77826.99219,77826.99219,0
2026-05-21 08:56,77881.03906,77883.39844,77853.35156,77853.35156,2181120
2026-05-21 08:57,77861.39062,77881.03906,77861.39062,77881.03906,0
2026-05-21 08:58,77859.78906,77861.39844,77859.78906,77861.39062,0
2026-05-21 08:59,77848.27344,77859.79688,77848.27344,77859.78906,0
2026-05-21 09:00,77837.39062,77845.99219,77837.39062,77845.99219,0
2026-05-21 09:01,77823.27344,77833.72656,77823.27344,77833.72656,0
2026-05-21 09:02,77826.67969,77826.67969,77821.82812,77823.28125,0
2026-05-21 09:03,77826.67188,77838.46094,77826.67188,77826.67969,0
2026-05-21 09:04,77825.70312,77826.67969,77822.92969,77826.67969,0
2026-05-21 09:05,77845.03906,77845.03906,77805.40625,77825.70312,0
2026-05-21 09:06,77894.99219,77896.35156,77851.35938,77851.35938,0
2026-05-21 09:07,77844.65625,77906.11719,77844.65625,77899.21875,0
2026-05-21 09:08,77883.75,77883.75,77838.5,77838.5,2117632
2026-05-21 09:09,77852.78125,77887.74219,77842.46875,77883.74219,0
2026-05-21 09:10,77872.13281,77872.13281,77848.92188,77864.39062,6727680
2026-05-21 09:11,77863.17969,77872.13281,77860.53125,77872.13281,3846144
2026-05-21 09:12,77879.85938,77879.86719,77877.35156,77877.35156,206284800
2026-05-21 09:13,77869.03906,77885.75,77869.03906,77883.97656,0
2026-05-21 09:14,77859.54688,77864.72656,77859.54688,77864.72656,0
2026-05-21 09:15,77875.97656,77875.97656,77856.85156,77856.85156,0
2026-05-21 09:16,77881.45312,77884.02344,77875.99219,77875.99219,4083712
2026-05-21 09:17,77864.39844,77881.46094,77864.39844,77881.45312,0
2026-05-21 09:18,77852.71875,77864.39844,77837.32031,77864.39844,0
2026-05-21 09:19,77845.99219,77852.71094,77845.04688,77852.71094,0
2026-05-21 09:20,77875.39062,77875.39062,77845.99219,77845.99219,0
2026-05-21 09:21,77880.3125,77880.32031,77877.89844,77877.89844,98760704
2026-05-21 09:22,77881.53125,77882.53906,77875.39062,77880.3125,0
2026-05-21 09:23,77881.61719,77887.60938,77875.39844,77876.00781,0
2026-05-21 09:24,77848.92969,77877.64844,77848.92188,77877.64844,0
2026-05-21 09:25,77845.04688,77867.57031,77845.04688,77858.02344,15302656
2026-05-21 09:26,77846.54688,77846.54688,77845.04688,77845.04688,0
2026-05-21 09:27,77854.53906,77854.53906,77841.17969,77846.54688,0
2026-05-21 09:28,77850.82031,77864.39062,77850.82031,77854.53125,475136
2026-05-21 09:29,77852.78906,77861.0625,77852.78906,77861.0625,120483840
2026-05-21 09:30,77865.50781,77865.50781,77844.0,77844.00781,0
2026-05-21 09:31,77776.0,77872.13281,77771.96875,77860.52344,0
2026-05-21 09:32,77759.10938,77778.0,77740.60156,77777.99219,117565440
2026-05-21 09:33,77713.5,77748.49219,77713.5,77748.49219,0
2026-05-21 09:34,77716.60938,77720.20312,77706.97656,77716.25781,0
2026-05-21 09:35,77722.0,77733.22656,77706.97656,77706.97656,0
2026-05-21 09:36,77701.96875,77721.99219,77695.67188,77721.99219,89620480
2026-05-21 09:37,77696.52344,77708.97656,77695.67188,77701.97656,121892864
2026-05-21 09:38,77678.97656,77688.0,77668.27344,77688.0,0
2026-05-21 09:39,77598.20312,77673.21094,77598.20312,77673.21094,0
2026-05-21 09:40,77620.59375,77628.32031,77603.10156,77603.10156,0
2026-05-21 09:41,77617.50781,77633.03906,77605.10938,77620.60156,0
2026-05-21 09:42,77632.34375,77647.67969,77625.32812,77625.32812,359241728
2026-05-21 09:43,77633.97656,77643.85938,77633.97656,77643.60156,0
2026-05-21 09:44,77615.92969,77627.61719,77594.71875,77627.61719,284672
2026-05-21 09:45,77615.97656,77620.57812,77609.0,77609.0,0
2026-05-21 09:46,77620.61719,77626.67969,77609.71094,77615.99219,0
2026-05-21 09:47,77635.77344,77639.99219,77620.60938,77620.60938,119234560
2026-05-21 09:48,77624.46875,77637.21094,77624.46875,77637.21094,23801856
2026-05-21 09:49,77625.96094,77631.00781,77624.46094,77627.17188,0
2026-05-21 09:50,77605.10938,77628.4375,77605.10938,77624.96875,204800
2026-05-21 09:51,77598.57812,77608.97656,77598.57812,77607.4375,0
2026-05-21 09:52,77595.6875,77597.67188,77581.49219,77595.07031,0
2026-05-21 09:53,77581.46875,77591.4375,77574.15625,77591.4375,0
2026-05-21 09:54,77573.46094,77583.71875,77568.32812,77581.46875,1792000
2026-05-21 09:55,77589.61719,77589.61719,77560.77344,77573.46875,117090304
2026-05-21 09:56,77609.42969,77612.84375,77589.61719,77589.63281,0
2026-05-21 09:57,77593.52344,77609.4375,77593.50781,77609.4375,0
2026-05-21 09:58,77593.50781,77605.0,77593.50781,77593.52344,0
2026-05-21 09:59,77549.96094,77592.64062,77549.96094,77592.64062,3078144
2026-05-21 10:00,77570.28906,77585.75,77535.45312,77535.45312,37879808
2026-05-21 10:01,77558.0,77575.39844,77558.0,77570.29688,0
2026-05-21 10:02,77560.1875,77578.00781,77558.0,77558.0,1056768
2026-05-21 10:03,77556.00781,77558.17969,77554.79688,77554.8125,0
2026-05-21 10:04,77573.60938,77573.60938,77550.60156,77550.9375,0
2026-05-21 10:05,77566.39062,77573.1875,77556.0,77569.25781,117151744
2026-05-21 10:06,77567.9375,77581.88281,77563.9375,77566.39062,85248000
2026-05-21 10:07,77553.40625,77568.1875,77551.0625,77568.17969,0
2026-05-21 10:08,77558.65625,77558.67188,77539.03906,77553.39844,122880
2026-05-21 10:09,77585.75,77585.75,77554.85938,77557.54688,0
2026-05-21 10:10,77588.04688,77594.39844,77588.04688,77591.00781,3678208
2026-05-21 10:11,77586.07812,77586.17188,77578.0625,77586.09375,1419264
2026-05-21 10:12,77550.9375,77568.20312,77550.9375,77568.20312,0
2026-05-21 10:13,77558.52344,77563.24219,77550.9375,77550.9375,136527872
2026-05-21 10:14,77555.92969,77555.92969,77550.35938,77550.35938,0
2026-05-21 10:15,77578.02344,77584.53125,77555.92188,77555.92188,0
2026-05-21 10:16,77578.00781,77578.00781,77550.35938,77571.78906,0
2026-05-21 10:17,77564.67969,77578.02344,77562.54688,77578.00781,0
2026-05-21 10:18,77574.14844,77575.14062,77564.67969,77564.6875,496343040
2026-05-21 10:19,77579.79688,77592.35156,77570.28125,77574.14844,0
2026-05-21 10:20,77589.63281,77599.63281,77588.0625,77589.24219,497664
2026-05-21 10:21,77580.75,77585.07812,77574.47656,77585.07812,0
2026-05-21 10:22,77564.00781,77580.74219,77564.00781,77580.74219,0
2026-05-21 10:23,77564.97656,77564.97656,77554.8125,77558.67188,0
2026-05-21 10:24,77577.02344,77580.85156,77557.8125,77557.8125,9519104
2026-05-21 10:25,77327.46094,77594.47656,77327.46094,77594.47656,0
2026-05-21 10:26,77168.70312,77301.77344,77168.70312,77287.36719,0
2026-05-21 10:27,77239.72656,77301.14844,77109.00781,77109.00781,0
2026-05-21 10:28,77282.99219,77300.60156,77257.99219,77283.77344,0
2026-05-21 10:29,77297.25,77320.72656,77272.29688,77285.65625,146132992
2026-05-21 10:30,77183.28125,77277.13281,77167.79688,77277.13281,0
2026-05-21 10:31,77171.65625,77205.54688,77125.42188,77177.03125,0
2026-05-21 10:32,77241.34375,77250.0,77164.14844,77179.39844,4823040
2026-05-21 10:33,77330.34375,77330.34375,77260.89844,77263.88281,0
2026-05-21 10:34,77341.96094,77359.99219,77330.82812,77340.57812,249004032
2026-05-21 10:35,77325.28906,77366.92188,77325.28906,77345.8125,9132032
2026-05-21 10:36,77289.28906,77340.0625,77289.28906,77321.92969,134615040
2026-05-21 10:37,77310.96875,77310.96875,77261.21094,77283.89062,17131520
2026-05-21 10:38,77245.36719,77317.24219,77225.85938,77314.0,0
2026-05-21 10:39,77156.42969,77226.0,77156.42969,77226.0,0
2026-05-21 10:40,77203.96875,77220.88281,77175.3125,77187.14844,120963072
2026-05-21 10:41,77209.77344,77221.86719,77202.0,77221.86719,0
2026-05-21 10:42,77280.25,77280.25,77204.02344,77204.02344,0
2026-05-21 10:43,77283.17188,77284.03125,77269.32812,77272.28906,120240128
2026-05-21 10:44,77264.5625,77293.96094,77264.5625,77282.14062,0
2026-05-21 10:45,77218.10938,77263.99219,77218.10938,77262.77344,0
2026-05-21 10:46,77236.0,77236.0,77190.0,77196.96875,3123200
2026-05-21 10:47,77262.0,77262.02344,77226.0625,77226.0625,146124800
2026-05-21 10:48,77279.09375,77279.09375,77237.46094,77255.11719,0
2026-05-21 10:49,77207.86719,77285.96094,77178.5,77285.96094,0
2026-05-21 10:50,77191.02344,77207.86719,77144.59375,77207.86719,6232064
2026-05-21 10:51,77148.00781,77187.00781,77148.00781,77187.00781,24158208
2026-05-21 10:52,77136.84375,77156.17969,77108.57812,77155.25,0
2026-05-21 10:53,77123.10156,77146.64062,77122.65625,77142.34375,2091008
2026-05-21 10:54,77188.57812,77188.57812,77137.53906,77140.70312,122261504
2026-05-21 10:55,77144.63281,77220.03125,77144.63281,77202.61719,45578240
2026-05-21 10:56,77145.6875,77159.97656,77127.88281,77141.92969,2885632
2026-05-21 10:57,77179.39844,77179.39844,77106.53906,77145.6875,0
2026-05-21 10:58,77139.59375,77174.4375,77136.22656,77174.4375,0
2026-05-21 10:59,77104.47656,77148.0,77094.5,77141.02344,12765184
2026-05-21 11:00,77098.13281,77113.61719,77050.27344,77113.61719,0
2026-05-21 11:01,77140.70312,77140.70312,77082.67188,77109.75,162566144
2026-05-21 11:02,77158.07031,77164.10156,77121.36719,77149.99219,131840000
2026-05-21 11:03,77208.3125,77208.3125,77158.82031,77158.82031,0
2026-05-21 11:04,77169.14062,77212.07812,77169.14062,77211.97656,10805248
2026-05-21 11:05,77117.49219,77155.21875,77117.49219,77155.09375,0
2026-05-21 11:06,77143.21875,77155.74219,77116.6875,77122.4375,153792512
2026-05-21 11:07,77163.92188,77163.92188,77113.63281,77152.3125,5289984
2026-05-21 11:08,77148.42969,77160.9375,77129.10156,77160.9375,0
2026-05-21 11:09,77148.35938,77152.17969,77129.10938,77152.17969,0
2026-05-21 11:10,77187.14062,77187.14062,77144.57031,77148.4375,0
2026-05-21 11:11,77213.96875,77213.96875,77187.14844,77187.14844,116082688
2026-05-21 11:12,77225.84375,77225.84375,77191.00781,77210.39062,0
2026-05-21 11:13,77254.3125,77254.3125,77218.10938,77229.71875,21667840
2026-05-21 11:14,77225.0,77254.3125,77224.00781,77254.29688,0
2026-05-21 11:15,77270.29688,77270.29688,77225.0,77225.0,0
2026-05-21 11:16,77258.3125,77276.15625,77256.00781,77269.60156,0
2026-05-21 11:17,77282.88281,77292.00781,77262.35938,77262.35938,0
2026-05-21 11:18,77226.28125,77272.3125,77226.28125,77272.3125,124708864
2026-05-21 11:19,77241.27344,77255.5,77229.39062,77229.39062,0
2026-05-21 11:20,77233.60156,77246.5625,77228.63281,77241.28125,4216832
2026-05-21 11:21,77266.0625,77281.89844,77228.64062,77233.60156,0
2026-05-21 11:22,77237.45312,77265.11719,77223.67188,77265.11719,256344064
2026-05-21 11:23,77199.65625,77245.14062,77193.8125,77243.90625,0
2026-05-21 11:24,77210.36719,77229.07812,77195.90625,77202.3125,1505280
2026-05-21 11:25,77213.02344,77219.78125,77200.3125,77214.53125,0
2026-05-21 11:26,77195.28125,77219.77344,77195.28125,77211.99219,0
2026-05-21 11:27,77229.71094,77229.71094,77200.36719,77200.36719,874496
2026-05-21 11:28,77264.8125,77264.8125,77245.1875,77245.1875,0
2026-05-21 11:29,77238.50781,77239.89844,77233.11719,77239.89844,36864
2026-05-21 11:30,77289.0,77289.0,77235.96094,77236.09375,247140352
2026-05-21 11:31,77279.03125,77298.59375,77272.28906,77281.60938,0
2026-05-21 11:32,77270.39844,77279.17188,77268.42188,77279.15625,113821696
2026-05-21 11:33,77232.8125,77270.40625,77230.75781,77270.40625,0
2026-05-21 11:34,77214.38281,77241.22656,77214.36719,77241.22656,6791168
2026-05-21 11:35,77230.71094,77230.71094,77214.36719,77214.36719,113545216
2026-05-21 11:36,77183.46094,77230.71094,77180.84375,77230.70312,12660736
2026-05-21 11:37,77152.3125,77175.79688,77140.88281,77175.79688,0
2026-05-21 11:38,77197.0,77197.0,77145.89844,77148.79688,0
2026-05-21 11:39,77167.0625,77191.89844,77160.15625,77191.89844,141944832
2026-05-21 11:40,77167.0,77194.78906,77167.0,77167.0625,0
2026-05-21 11:41,77162.00781,77167.32031,77157.02344,77166.99219,1658880
2026-05-21 11:42,77177.07031,77194.89062,77157.02344,77157.02344,0
2026-05-21 11:43,77163.77344,77177.0625,77160.0625,77177.0625,170250240
2026-05-21 11:44,77174.04688,77177.40625,77159.71875,77160.0625,0
2026-05-21 11:45,77168.96094,77183.03125,77168.96094,77174.04688,0
2026-05-21 11:46,77160.0625,77181.04688,77152.88281,77160.0625,0
2026-05-21 11:47,77171.11719,77171.13281,77156.84375,77160.0625,0
2026-05-21 11:48,77178.57812,77178.57812,77171.11719,77175.53125,207038464
2026-05-21 11:49,77171.10156,77176.32812,77171.10156,77175.75781,0
2026-05-21 11:50,77152.67188,77171.67188,77151.63281,77163.9375,0
2026-05-21 11:51,77170.42969,77171.96094,77154.40625,77159.96875,0
2026-05-21 11:52,77163.92188,77163.92969,77154.39844,77163.92969,0
2026-05-21 11:53,77163.0625,77167.39062,77156.57031,77159.78906,0
2026-05-21 11:54,77148.45312,77163.0625,77148.45312,77163.0625,11055104
2026-05-21 11:55,77120.88281,77144.57812,77114.5625,77144.57812,202752
2026-05-21 11:56,77126.10938,77133.61719,77120.03906,77120.04688,0
2026-05-21 11:57,77111.03906,77128.42969,77111.03906,77122.8125,0
2026-05-21 11:58,77122.42188,77129.00781,77111.57031,77111.57031,0
2026-05-21 11:59,77111.10156,77125.99219,77104.0,77121.5,530432
2026-05-21 12:00,77141.85938,77171.03125,77126.60938,77126.60938,31780864
2026-05-21 12:01,77094.28125,77147.42969,77094.28125,77147.42969,1902592
2026-05-21 12:02,77141.24219,77149.99219,77090.42188,77090.42188,4382720
2026-05-21 12:03,77166.0,77174.78125,77136.84375,77149.99219,0
2026-05-21 12:04,77191.57812,77197.17969,77165.97656,77165.97656,112865280
2026-05-21 12:05,77148.61719,77185.84375,77148.61719,77183.70312,0
2026-05-21 12:06,77112.24219,77151.22656,77111.60938,77151.22656,3672064
2026-05-21 12:07,77134.00781,77134.00781,77113.03906,77122.09375,600064
2026-05-21 12:08,77113.61719,77122.0,77105.22656,77117.5,0
2026-05-21 12:09,77123.13281,77136.82812,77114.57812,77114.57812,246267904
2026-05-21 12:10,77122.25781,77123.13281,77120.57812,77123.13281,0
2026-05-21 12:11,77115.10156,77125.64844,77115.10156,77125.64062,0
2026-05-21 12:12,77100.13281,77115.10156,77078.82031,77115.10156,1185792
2026-05-21 12:13,77084.45312,77093.6875,77077.85938,77093.6875,0
2026-05-21 12:14,77109.75,77109.75,77084.45312,77084.45312,0
2026-05-21 12:15,77121.35156,77136.00781,77102.02344,77102.02344,0
2026-05-21 12:16,77121.38281,77135.99219,77117.49219,77121.35938,0
2026-05-21 12:17,77115.99219,77115.99219,77105.88281,77115.92969,4624384
2026-05-21 12:18,77098.97656,77110.90625,77098.97656,77110.90625,42196992
2026-05-21 12:19,77132.27344,77132.27344,77108.92969,77108.92969,0
2026-05-21 12:20,77064.71875,77132.27344,77064.71875,77132.27344,6305792
2026-05-21 12:21,77086.52344,77086.52344,77031.39844,77061.15625,0
2026-05-21 12:22,77040.11719,77071.04688,77038.92969,77071.04688,0
2026-05-21 12:23,77047.82812,77047.82812,77034.53906,77034.53906,0
2026-05-21 12:24,77050.14062,77054.89062,77036.21875,77036.21875,0
2026-05-21 12:25,77082.10938,77082.10938,77055.5625,77055.5625,135075840
2026-05-21 12:26,77040.89844,77086.53125,77034.53125,77085.32031,2387968
2026-05-21 12:27,77024.57812,77035.52344,77010.6875,77035.52344,0
2026-05-21 12:28,77014.61719,77038.4375,77007.97656,77033.99219,2105344
2026-05-21 12:29,77032.74219,77034.75781,77011.07031,77014.42188,0
2026-05-21 12:30,77038.79688,77040.09375,77013.0,77032.74219,110462976
2026-05-21 12:31,77051.03125,77055.57031,77016.86719,77016.88281,2242560
2026-05-21 12:32,77047.02344,77078.78125,77047.02344,77051.97656,19314688
2026-05-21 12:33,77142.96875,77198.0,77040.09375,77040.09375,0
2026-05-21 12:34,77187.14844,77190.67969,77122.25781,77151.82031,4900864
2026-05-21 12:35,77175.53125,77189.96875,77156.1875,77189.96875,0
2026-05-21 12:36,77197.02344,77226.0,77179.40625,77188.96094,74094592
2026-05-21 12:37,77208.02344,77214.02344,77138.28906,77185.86719,0
2026-05-21 12:38,77244.10156,77244.10156,77208.00781,77208.00781,121475072
2026-05-21 12:39,77204.50781,77222.0,77195.85938,77222.0,21823488
2026-05-21 12:40,77200.00781,77214.24219,77200.00781,77206.42969,0
2026-05-21 12:41,77160.04688,77189.60156,77137.82031,77187.14844,0
2026-05-21 12:42,77161.75781,77171.67188,77159.99219,77159.99219,70713344
2026-05-21 12:43,77144.57812,77166.60938,77140.03906,77162.60938,0
2026-05-21 12:44,77158.25,77163.92969,77153.60938,77153.60938,116971520
2026-05-21 12:45,77216.0,77216.00781,77160.0,77160.0,0
2026-05-21 12:46,77203.28906,77221.96875,77203.28906,77218.10156,18823168
2026-05-21 12:47,77207.86719,77210.35938,77201.5,77204.02344,116955136
2026-05-21 12:48,77241.21875,77241.32812,77202.63281,77209.42188,0
2026-05-21 12:49,77214.50781,77237.61719,77209.21094,77237.61719,0
2026-05-21 12:50,77212.67188,77218.10156,77202.64062,77214.50781,110862336
2026-05-21 12:51,77195.71875,77212.67188,77195.71094,77212.67188,0
2026-05-21 12:52,77189.29688,77202.63281,77188.0,77200.0,104675328
2026-05-21 12:53,77224.04688,77224.0625,77188.00781,77188.00781,0
2026-05-21 12:54,77250.60938,77250.60938,77224.04688,77225.61719,0
2026-05-21 12:55,77256.82031,77283.89844,77250.60156,77250.60156,1738752
2026-05-21 12:56,77235.86719,77252.14844,77228.5625,77252.14844,0
2026-05-21 12:57,77214.22656,77244.64062,77202.61719,77235.88281,256610304
2026-05-21 12:58,77202.63281,77210.5,77194.92969,77210.5,0
2026-05-21 12:59,77197.99219,77210.32031,77188.14062,77199.35938,0
2026-05-21 13:00,77211.89844,77235.0,77164.07812,77181.57812,0
2026-05-21 13:01,77234.92969,77241.28906,77225.85156,77225.85156,0
2026-05-21 13:02,77265.85938,77265.85938,77241.32812,77245.1875,0
2026-05-21 13:03,77234.52344,77265.85938,77233.59375,77265.85938,0
2026-05-21 13:04,77251.79688,77255.02344,77234.0,77234.0,103342080
2026-05-21 13:05,77235.03125,77251.8125,77235.03125,77251.8125,0
2026-05-21 13:06,77225.85156,77253.60156,77214.25781,77249.0625,0
2026-05-21 13:07,77262.96094,77263.47656,77252.92969,77252.92969,73345024
2026-05-21 13:08,77257.97656,77275.0,77240.60156,77264.54688,0
2026-05-21 13:09,77256.85156,77266.0,77247.92969,77257.9375,131409920
2026-05-21 13:10,77248.0,77253.40625,77235.99219,77236.0,0
2026-05-21 13:11,77236.82812,77255.3125,77221.45312,77247.99219,109371392
2026-05-21 13:12,77216.10156,77243.99219,77201.89844,77243.99219,0
2026-05-21 13:13,77203.90625,77234.02344,77203.90625,77216.32031,0
2026-05-21 13:14,77173.4375,77207.99219,77173.4375,77207.99219,0
2026-05-21 13:15,77130.42188,77163.97656,77118.67188,77163.97656,2732032
2026-05-21 13:16,77176.10938,77180.52344,77135.8125,77135.8125,116008960
2026-05-21 13:17,77167.28906,77176.10938,77138.28125,77176.10938,0
2026-05-21 13:18,77153.3125,77156.00781,77129.29688,77156.00781,128790528
2026-05-21 13:19,77165.25781,77165.25781,77143.09375,77153.32031,0
2026-05-21 13:20,77173.99219,77173.99219,77139.96875,77167.57031,1181696
2026-05-21 13:21,77198.92188,77209.28906,77157.96094,77175.38281,0
2026-05-21 13:22,77223.15625,77223.15625,77188.96094,77198.92969,0
2026-05-21 13:23,77197.92969,77227.02344,77197.92969,77223.99219,4126720
2026-05-21 13:24,77196.0,77197.9375,77184.32031,77197.92969,0
2026-05-21 13:25,77165.71094,77183.99219,77136.9375,77157.14062,0
2026-05-21 13:26,77168.67969,77175.92188,77162.60938,77164.61719,17868800
2026-05-21 13:27,77164.64844,77167.89844,77157.53125,77167.89844,239849472
2026-05-21 13:28,77155.99219,77172.96094,77155.99219,77164.64062,0
2026-05-21 13:29,77200.32812,77200.32812,77170.29688,77170.29688,3792896
2026-05-21 13:30,77197.82031,77223.10156,77193.50781,77199.25,0
2026-05-21 13:31,77050.29688,77169.17969,77050.29688,77162.60938,12550144
2026-05-21 13:32,77088.57812,77115.97656,77055.89062,77067.14844,0
2026-05-21 13:33,77041.22656,77097.60156,77026.29688,77097.60156,0
2026-05-21 13:34,77138.0,77138.0,77056.97656,77056.97656,227149824
2026-05-21 13:35,77097.3125,77138.0,77080.34375,77114.82812,0
2026-05-21 13:36,77054.45312,77104.00781,77053.15625,77104.00781,77010944
2026-05-21 13:37,77022.0,77095.75781,77008.92969,77064.10938,0
2026-05-21 13:38,76831.88281,77030.0,76831.88281,77030.0,0
2026-05-21 13:39,76792.82031,76853.25781,76754.97656,76791.46875,0
2026-05-21 13:40,76794.70312,76844.86719,76794.70312,76808.90625,0
2026-05-21 13:41,76861.65625,76868.25781,76790.39062,76802.11719,123412480
2026-05-21 13:42,76824.29688,76867.47656,76819.99219,76867.47656,0
2026-05-21 13:43,76747.52344,76845.71094,76747.52344,76845.71094,0
2026-05-21 13:44,76665.0,76716.74219,76641.99219,76714.96094,0
2026-05-21 13:45,76783.11719,76783.11719,76678.0,76696.99219,160835584
2026-05-21 13:46,76808.17188,76881.21875,76801.97656,76809.03906,0
2026-05-21 13:47,76751.53125,76810.0625,76750.02344,76810.0625,105979904
2026-05-21 13:48,76765.86719,76789.96875,76741.32812,76757.96094,116475904
2026-05-21 13:49,76681.74219,76764.29688,76681.74219,76762.03906,0
2026-05-21 13:50,76820.0,76820.0,76702.04688,76702.04688,0
2026-05-21 13:51,76779.25,76828.0625,76762.97656,76827.3125,0
2026-05-21 13:52,76871.89844,76931.11719,76868.0,76877.03906,0
2026-05-21 13:53,76894.9375,76953.88281,76867.57031,76887.34375,0
2026-05-21 13:54,76985.90625,77018.92188,76884.0,76901.78125,0
2026-05-21 13:55,77024.84375,77095.38281,77014.67969,77023.32812,164368384
2026-05-21 13:56,77053.99219,77076.88281,76998.64062,77030.14844,2404352
2026-05-21 13:57,77010.57031,77070.97656,77010.57031,77042.04688,0
2026-05-21 13:58,76999.20312,76999.79688,76964.53906,76980.85156,3098624
2026-05-21 13:59,77041.72656,77041.72656,76985.53125,77002.64844,0
2026-05-21 14:00,77066.0625,77068.75781,77025.96875,77046.11719,206004224
2026-05-21 14:01,77064.79688,77103.99219,77057.17969,77060.3125,0
2026-05-21 14:02,77126.64062,77143.74219,77070.53125,77070.53125,4691968
2026-05-21 14:03,77118.95312,77148.13281,77111.6875,77122.78906,0
2026-05-21 14:04,77123.90625,77159.1875,77117.60156,77117.60156,159666176
2026-05-21 14:05,77070.74219,77144.45312,77070.74219,77120.32812,0
2026-05-21 14:06,77000.4375,77078.39844,76978.88281,77053.32031,0
2026-05-21 14:07,76997.97656,77005.0,76968.00781,77005.0,112746496
2026-05-21 14:08,77003.14062,77034.72656,76993.17969,76993.17969,0
2026-05-21 14:09,77103.60938,77111.21094,77045.59375,77045.59375,0
2026-05-21 14:10,77030.59375,77125.28906,77030.59375,77107.32031,0
2026-05-21 14:11,77002.79688,77049.99219,77000.65625,77041.74219,0
2026-05-21 14:12,77045.60156,77068.8125,77013.8125,77018.57031,147113984
2026-05-21 14:13,76982.17969,77031.35938,76967.00781,77031.35938,0
2026-05-21 14:14,76999.28125,77041.74219,76964.89062,76979.97656,0
2026-05-21 14:15,76895.90625,76975.22656,76895.90625,76975.22656,0
2026-05-21 14:16,76891.1875,76903.97656,76844.88281,76879.61719,103593984
2026-05-21 14:17,76903.14844,76957.34375,76895.99219,76895.99219,0
2026-05-21 14:18,76863.97656,76909.03906,76829.1875,76895.0625,117016576
2026-05-21 14:19,76823.25,76875.74219,76823.25,76859.13281,0
2026-05-21 14:20,76749.10156,76797.8125,76749.10156,76773.71875,0
2026-05-21 14:21,76785.47656,76785.47656,76691.95312,76715.03125,0
2026-05-21 14:22,76823.67969,76840.0,76784.34375,76784.34375,0
2026-05-21 14:23,76817.85156,76857.25,76814.0,76837.17188,0
2026-05-21 14:24,76841.97656,76878.52344,76813.52344,76813.52344,0
2026-05-21 14:25,76885.0,76885.0,76841.21875,76841.96094,0
2026-05-21 14:26,76849.96875,76886.99219,76838.0,76886.99219,0
2026-05-21 14:27,76956.13281,76956.13281,76856.45312,76856.45312,128544768
2026-05-21 14:28,76952.00781,76960.38281,76910.5,76955.42188,0
2026-05-21 14:29,76948.45312,76974.36719,76940.61719,76940.61719,0
2026-05-21 14:30,77018.57812,77078.72656,76971.03906,76971.03906,213284864
2026-05-21 14:31,77045.45312,77048.96094,77022.00781,77026.28906,0
2026-05-21 14:32,77041.59375,77052.20312,77033.35938,77045.59375,0
2026-05-21 14:33,77000.0,77042.20312,77000.0,77042.20312,76124160
2026-05-21 14:34,77008.78125,77008.78125,76957.99219,76991.5625,41304064
2026-05-21 14:35,77040.72656,77045.13281,77008.46094,77008.46094,0
2026-05-21 14:36,77052.96875,77068.75,77038.03125,77038.03125,0
2026-05-21 14:37,77099.13281,77111.00781,77055.39844,77055.39844,27586560
2026-05-21 14:38,77062.96094,77097.92188,77047.38281,77097.92188,0
2026-05-21 14:39,77035.10156,77066.00781,77025.9375,77066.00781,0
2026-05-21 14:40,76909.07812,77037.86719,76906.64062,77037.86719,0
2026-05-21 14:41,76918.0625,76927.07812,76888.6875,76897.97656,0
2026-05-21 14:42,76916.64844,76923.07812,76875.60938,76922.03906,0
2026-05-21 14:43,76890.03906,76929.71094,76887.34375,76919.47656,57872384
2026-05-21 14:44,76902.82031,76902.82031,76860.32812,76883.47656,0
2026-05-21 14:45,76886.35938,76937.59375,76885.22656,76907.71875,0
2026-05-21 14:46,76889.3125,76909.60938,76873.46875,76892.47656,1437696
2026-05-21 14:47,76860.36719,76913.03125,76860.36719,76893.27344,0
2026-05-21 14:48,76827.57812,76875.75,76825.59375,76875.35156,0
2026-05-21 14:49,76864.61719,76871.85938,76810.24219,76810.24219,0
2026-05-21 14:50,76844.86719,76864.15625,76816.10156,76856.07031,389120
2026-05-21 14:51,76883.4375,76883.4375,76803.8125,76803.8125,98019328
2026-05-21 14:52,76879.72656,76889.6875,76864.75781,76877.88281,0
2026-05-21 14:53,76893.65625,76934.0,76881.97656,76889.17188,0
2026-05-21 14:54,76905.46094,76927.6875,76886.53906,76895.02344,16017408
2026-05-21 14:55,76901.96875,76908.07031,76885.63281,76903.99219,0
2026-05-21 14:56,76889.97656,76910.71094,76883.47656,76907.86719,92153856
2026-05-21 14:57,76901.3125,76902.61719,76877.90625,76879.78906,0
2026-05-21 14:58,76944.29688,76944.29688,76871.89844,76871.89844,47970304
2026-05-21 14:59,76892.0,76952.95312,76887.99219,76939.59375,2580480
2026-05-21 15:00,76883.49219,76921.97656,76875.99219,76891.35156,67065856
2026-05-21 15:01,76902.70312,76906.64062,76883.47656,76883.47656,0
2026-05-21 15:02,76967.3125,76969.96875,76917.9375,76917.9375,0
2026-05-21 15:03,76896.0,76969.85938,76895.96094,76969.85938,0
2026-05-21 15:04,76976.10938,76976.10938,76894.24219,76894.24219,5955584
2026-05-21 15:05,76923.13281,76975.92969,76918.22656,76975.92969,11048960
2026-05-21 15:06,76856.47656,76942.59375,76856.47656,76915.6875,0
2026-05-21 15:07,76859.72656,76859.72656,76815.75781,76837.15625,1044480
2026-05-21 15:08,76806.32031,76859.61719,76800.0,76840.0,0
2026-05-21 15:09,76892.72656,76892.72656,76809.27344,76809.27344,4308992
2026-05-21 15:10,76922.0,76922.0,76856.03906,76862.1875,2367488
2026-05-21 15:11,76922.07031,76922.07031,76882.77344,76910.5,0
2026-05-21 15:12,76932.0,76943.14844,76913.9375,76913.9375,0
2026-05-21 15:13,77118.9375,77118.9375,76937.5625,76954.11719,0
2026-05-21 15:14,77063.92969,77122.79688,77062.67188,77122.79688,0
2026-05-21 15:15,77076.47656,77096.63281,77034.25,77065.21875,25817088
2026-05-21 15:16,77093.46094,77095.77344,77061.03906,77080.32812,106147840
2026-05-21 15:17,77117.13281,77154.07031,77097.03906,77097.03906,0
2026-05-21 15:18,77098.65625,77121.57812,77067.85156,77121.57812,0
2026-05-21 15:19,77132.65625,77145.95312,77098.09375,77098.09375,0
2026-05-21 15:20,77150.92188,77150.92188,77115.07812,77138.92188,47851520
2026-05-21 15:21,77164.21875,77183.64844,77147.02344,77147.02344,0
2026-05-21 15:22,77214.92188,77214.92188,77164.86719,77172.90625,0
2026-05-21 15:23,77196.14062,77234.46094,77196.14062,77209.86719,0
2026-05-21 15:24,77157.10938,77195.99219,77157.10938,77195.99219,0
2026-05-21 15:25,77163.97656,77163.97656,77145.95312,77145.95312,0
2026-05-21 15:26,77150.34375,77171.82031,77138.70312,77171.82031,712704
2026-05-21 15:27,77156.00781,77168.64844,77156.00781,77161.39844,100444160
2026-05-21 15:28,77187.0,77187.0,77154.25,77161.00781,0
2026-05-21 15:29,77181.28906,77221.36719,77181.28906,77203.85156,0
2026-05-21 15:30,77187.00781,77200.32031,77179.46094,77185.99219,41111552
2026-05-21 15:31,77144.52344,77172.00781,77137.99219,77172.00781,0
2026-05-21 15:32,77157.59375,77169.10938,77138.0,77138.25,0
2026-05-21 15:33,77143.49219,77149.82031,77125.0,77135.9375,0
2026-05-21 15:34,77028.64844,77150.75781,76991.99219,77150.75781,0
2026-05-21 15:35,77067.85938,77080.32031,77028.64844,77028.64844,117215232
2026-05-21 15:36,76979.99219,77058.03125,76979.99219,77052.78906,6195200
2026-05-21 15:37,77049.99219,77049.99219,77003.78906,77003.78906,0
2026-05-21 15:38,77049.09375,77059.99219,77037.88281,77055.95312,0
2026-05-21 15:39,77095.29688,77095.29688,77049.07812,77049.07812,0
2026-05-21 15:40,77138.22656,77138.22656,77095.28906,77095.28906,0
2026-05-21 15:41,77155.92969,77161.15625,77126.96875,77130.07031,0
2026-05-21 15:42,77149.64844,77149.82812,77134.5,77149.82812,235520
2026-05-21 15:43,77156.00781,77156.00781,77134.02344,77138.24219,0
2026-05-21 15:44,77136.75,77156.00781,77129.32812,77156.00781,0
2026-05-21 15:45,77191.78906,77191.79688,77138.24219,77138.24219,0
2026-05-21 15:46,77213.99219,77218.46875,77174.63281,77176.60156,13369344
2026-05-21 15:47,77243.32031,77243.32031,77200.28125,77221.63281,0
2026-05-21 15:48,77265.61719,77306.39844,77258.96094,77258.96094,120002560
2026-05-21 15:49,77262.0,77277.78906,77256.0,77268.0625,0
2026-05-21 15:50,77215.96875,77274.97656,77215.4375,77262.00781,0
2026-05-21 15:51,77219.5625,77246.3125,77209.53906,77213.46094,0
2026-05-21 15:52,77184.74219,77216.60156,77181.17188,77216.60156,0
2026-05-21 15:53,77125.28125,77154.52344,77115.89062,77154.52344,25278464
2026-05-21 15:54,77076.79688,77120.99219,77076.79688,77120.99219,0
2026-05-21 15:55,77136.0625,77136.07031,77076.79688,77076.79688,0
2026-05-21 15:56,77177.96094,77178.97656,77127.90625,77136.0625,0
2026-05-21 15:57,77179.89062,77195.17969,77169.11719,77169.13281,0
2026-05-21 15:58,77179.82031,77179.99219,77153.97656,77178.10156,38850560
2026-05-21 15:59,77181.85156,77182.89844,77171.77344,77182.88281,0
2026-05-21 16:00,77234.72656,77234.72656,77188.40625,77188.40625,99856384
2026-05-21 16:01,77203.67188,77252.0625,77203.67188,77236.78125,0
2026-05-21 16:02,77181.57812,77208.0,77175.29688,77208.0,0
2026-05-21 16:03,77169.52344,77182.0625,77138.96094,77163.90625,0
2026-05-21 16:04,77184.99219,77184.99219,77169.53125,77176.82812,7458816
2026-05-21 16:05,77203.97656,77224.77344,77180.22656,77188.0,80756736
2026-05-21 16:06,77235.85938,77236.02344,77200.0,77211.57031,0
2026-05-21 16:07,77224.61719,77231.29688,77211.57812,77230.97656,0
2026-05-21 16:08,77239.00781,77242.42188,77221.90625,77221.90625,0
2026-05-21 16:09,77244.64062,77254.82812,77237.97656,77243.07031,16058368
2026-05-21 16:10,77252.88281,77270.63281,77235.0,77249.95312,0
2026-05-21 16:11,77198.36719,77242.4375,77179.99219,77234.74219,0
2026-05-21 16:12,77189.95312,77215.42969,77182.17188,77205.85156,0
2026-05-21 16:13,77187.02344,77187.02344,77145.96094,77186.90625,7733248
2026-05-21 16:14,77196.14062,77196.14062,77172.97656,77178.40625,172077056
2026-05-21 16:15,77153.86719,77206.0,77145.77344,77199.99219,0
2026-05-21 16:16,77168.96875,77168.96875,77147.34375,77149.03906,0
2026-05-21 16:17,77145.03906,77172.59375,77118.95312,77166.02344,0
2026-05-21 16:18,77107.35938,77142.09375,77107.35938,77142.09375,50575360
2026-05-21 16:19,77089.97656,77101.09375,77043.60156,77097.97656,0
2026-05-21 16:20,77102.22656,77122.79688,77084.20312,77097.25781,87818240
2026-05-21 16:21,77101.72656,77107.35156,77091.67188,77102.21875,0
2026-05-21 16:22,77071.07812,77109.64062,77071.07812,77103.42188,0
2026-05-21 16:23,77053.38281,77059.97656,77040.57812,77043.57812,58327040
2026-05-21 16:24,77080.79688,77080.79688,77053.32031,77064.89844,0
2026-05-21 16:25,77034.00781,77084.63281,77022.07812,77080.8125,9926656
2026-05-21 16:26,77095.84375,77095.84375,77045.60156,77045.60156,0
2026-05-21 16:27,77099.84375,77114.79688,77084.21094,77084.21094,0
2026-05-21 16:28,77102.03125,77107.34375,77080.17188,77105.97656,0
2026-05-21 16:29,77095.96875,77118.92969,77089.99219,77099.39844,101683200
2026-05-21 16:30,77146.35156,77146.35156,77096.0,77096.75,0
2026-05-21 16:31,77130.0,77152.0,77130.0,77134.38281,0
2026-05-21 16:32,77153.85156,77157.0,77130.0,77130.0,0
2026-05-21 16:33,77203.85156,77203.85156,77157.5625,77157.5625,0
2026-05-21 16:34,77167.10938,77206.32031,77167.10156,77206.32031,0
2026-05-21 16:35,77131.9375,77161.92188,77118.0,77161.92188,0
2026-05-21 16:36,76993.75,77131.96094,76993.75,77122.79688,0
2026-05-21 16:37,77037.88281,77045.95312,77014.71875,77014.71875,0
2026-05-21 16:38,77014.70312,77049.99219,77000.4375,77049.99219,0
2026-05-21 16:39,77030.28125,77030.47656,77005.42188,77012.0,46612480
2026-05-21 16:40,77007.0,77031.35938,76986.03906,77031.35938,0
2026-05-21 16:41,76993.00781,76997.99219,76981.85938,76991.5625,0
2026-05-21 16:42,77011.57031,77014.71094,77001.97656,77001.97656,40374272
2026-05-21 16:43,76951.15625,77020.59375,76951.15625,77011.57031,0
2026-05-21 16:44,76974.0,76978.29688,76947.9375,76955.85156,0
2026-05-21 16:45,76995.42188,77005.04688,76980.9375,76980.9375,0
2026-05-21 16:46,76969.53906,77009.99219,76969.53906,77007.0,0
2026-05-21 16:47,76940.49219,76970.97656,76940.49219,76969.53906,0
2026-05-21 16:48,76968.39844,76972.67188,76951.75781,76951.75781,0
2026-05-21 16:49,76964.0,76976.13281,76958.3125,76976.13281,0
2026-05-21 16:50,76931.97656,76966.03906,76918.8125,76956.82812,65794048
2026-05-21 16:51,76979.99219,76979.99219,76937.57031,76941.38281,0
2026-05-21 16:52,77010.15625,77020.07812,76989.99219,76989.99219,0
2026-05-21 16:53,77022.42188,77030.0,77006.03906,77006.97656,0
2026-05-21 16:54,77028.0,77028.0,77003.22656,77016.86719,0
2026-05-21 16:55,77050.0,77050.0,77016.6875,77016.6875,2932736
2026-05-21 16:56,77070.0,77074.39844,77046.24219,77046.24219,0
2026-05-21 16:57,77064.35938,77081.22656,77056.6875,77081.22656,0
2026-05-21 16:58,77096.0,77096.0,77068.20312,77072.10938,4722688
2026-05-21 16:59,77110.25781,77110.25781,77094.67188,77094.67188,0
2026-05-21 17:00,77193.72656,77203.85156,77146.0,77146.0,119453696
2026-05-21 17:01,77217.20312,77218.25,77184.57031,77184.57031,7182336
2026-05-21 17:02,77190.14062,77223.14844,77187.77344,77223.14844,0
2026-05-21 17:03,77152.70312,77172.97656,77150.0,77172.97656,21841920
2026-05-21 17:04,77149.38281,77157.20312,77134.46094,77155.92188,0
2026-05-21 17:05,77139.82031,77157.53125,77130.53125,77157.53125,0
2026-05-21 17:06,77115.07812,77145.57812,77115.07812,77139.82031,0
2026-05-21 17:07,77129.99219,77129.99219,77107.36719,77125.99219,183549952
2026-05-21 17:08,77107.95312,77129.99219,77093.28125,77129.99219,117659648
2026-05-21 17:09,77130.78125,77134.03906,77105.99219,77105.99219,45416448
2026-05-21 17:10,77403.75,77467.64062,77126.67188,77126.67188,0
2026-05-21 17:11,77423.88281,77477.90625,77423.14062,77470.21875,0
2026-05-21 17:12,77377.39844,77447.64062,77344.0,77447.64062,0
2026-05-21 17:13,77358.9375,77392.99219,77355.0,77373.70312,104189952
2026-05-21 17:14,77438.0,77438.0,77365.21875,77365.21875,31899648
2026-05-21 17:15,77632.32031,77632.32031,77420.71094,77442.82812,0
2026-05-21 17:16,77774.09375,77774.09375,77619.97656,77619.97656,88215552
2026-05-21 17:17,77735.28906,77788.0,77730.40625,77783.35156,0
2026-05-21 17:18,77672.00781,77678.63281,77642.02344,77666.78906,96874496
2026-05-21 17:19,77714.0,77717.28125,77666.25,77702.36719,21716992
2026-05-21 17:20,77830.00781,77830.00781,77723.67969,77728.79688,0
2026-05-21 17:21,77850.07031,77850.07031,77799.10938,77799.10938,118136832
2026-05-21 17:22,77764.04688,77906.0,77750.02344,77849.02344,24694784
2026-05-21 17:23,77704.92969,77797.84375,77659.34375,77778.14844,10520576
2026-05-21 17:24,77796.14062,77838.97656,77717.85938,77717.85938,218222592
2026-05-21 17:25,77844.60938,77859.32031,77816.32812,77816.32812,0
2026-05-21 17:26,77823.03125,77883.82812,77823.03125,77856.03125,119877632
2026-05-21 17:27,77840.75781,77887.28125,77813.75,77817.00781,0
2026-05-21 17:28,77914.57812,77914.57812,77848.47656,77848.47656,0
2026-05-21 17:29,77900.0,77925.17969,77887.32812,77925.17969,108769280
2026-05-21 17:30,77894.00781,77929.17969,77878.75781,77900.11719,132628480
2026-05-21 17:31,77952.27344,77958.0625,77886.20312,77890.96875,0
2026-05-21 17:32,77917.95312,77963.28125,77917.95312,77946.96875,10555392
2026-05-21 17:33,77804.64062,77922.04688,77800.0,77913.42188,90056704
2026-05-21 17:34,77858.0,77858.40625,77796.78125,77810.0,2469888
2026-05-21 17:35,77906.38281,77914.3125,77866.82812,77866.82812,71512064
2026-05-21 17:36,77891.46094,77914.09375,77884.0,77902.53125,0
2026-05-21 17:37,77912.39844,77949.95312,77901.47656,77901.47656,960512
2026-05-21 17:38,77913.22656,77932.0625,77901.8125,77932.0625,149415936
2026-05-21 17:39,77879.35938,77920.79688,77879.35938,77920.79688,0
2026-05-21 17:40,77876.00781,77889.53125,77867.04688,77867.04688,4018176
2026-05-21 17:41,77887.6875,77905.95312,77876.00781,77876.00781,0
2026-05-21 17:42,77844.34375,77904.75,77824.71094,77896.27344,0
2026-05-21 17:43,77797.03125,77846.02344,77786.71875,77839.99219,0
2026-05-21 17:44,77826.02344,77833.03906,77787.54688,77787.54688,620544
2026-05-21 17:45,77760.11719,77855.99219,77736.95312,77827.49219,36644864
2026-05-21 17:46,77748.39844,77782.85156,77736.53906,77763.54688,0
2026-05-21 17:47,77727.60156,77759.13281,77707.82812,77749.8125,0
2026-05-21 17:48,77749.99219,77749.99219,77723.00781,77723.00781,76597248
2026-05-21 17:49,77812.0,77820.10938,77748.59375,77748.59375,0
2026-05-21 17:50,77814.00781,77840.75,77790.57812,77833.03125,4157440
2026-05-21 17:51,77920.3125,77924.02344,77814.00781,77814.00781,127465472
2026-05-21 17:52,77947.0625,77965.85156,77917.82812,77925.67188,0
2026-05-21 17:53,77897.22656,77962.49219,77897.22656,77962.49219,0
2026-05-21 17:54,77938.27344,77950.0,77901.99219,77901.99219,0
2026-05-21 17:55,77974.40625,78016.82812,77956.5625,77956.5625,0
2026-05-21 17:56,77929.99219,77977.13281,77924.67969,77968.14062,1114112
2026-05-21 17:57,77918.0,77943.96875,77918.0,77936.39062,0
2026-05-21 17:58,77846.74219,77919.6875,77846.74219,77919.6875,0
2026-05-21 17:59,77799.67188,77871.47656,77792.02344,77856.1875,23932928
2026-05-21 18:00,77825.0,77840.78125,77808.0,77826.0,72757248
2026-05-21 18:01,77707.10938,77821.00781,77699.38281,77821.00781,0
2026-05-21 18:02,77689.10156,77717.25,77682.99219,77701.79688,0
2026-05-21 18:03,77717.24219,77728.82031,77691.28906,77691.28906,0
2026-05-21 18:04,77626.0,77718.00781,77625.29688,77718.00781,0
2026-05-21 18:05,77601.40625,77613.78906,77551.86719,77613.78906,0
2026-05-21 18:06,77629.52344,77657.46875,77607.27344,77607.27344,158799872
2026-05-21 18:07,77626.71875,77627.86719,77602.64062,77606.27344,4683776
2026-05-21 18:08,77687.46094,77690.02344,77614.95312,77631.24219,0
2026-05-21 18:09,77671.40625,77707.85938,77671.39844,77675.99219,0
2026-05-21 18:10,77625.61719,77674.79688,77625.61719,77671.40625,0
2026-05-21 18:11,77625.22656,77653.0,77581.78906,77638.90625,145833984
2026-05-21 18:12,77659.99219,77670.90625,77610.21094,77632.28906,0
2026-05-21 18:13,77650.10156,77659.99219,77626.57031,77659.99219,0
2026-05-21 18:14,77620.0,77650.13281,77609.74219,77650.13281,7936000
2026-05-21 18:15,77584.45312,77643.79688,77572.78906,77629.72656,0
2026-05-21 18:16,77556.59375,77589.92188,77556.59375,77589.92188,0
2026-05-21 18:17,77609.96875,77609.96875,77551.29688,77563.53125,77369344
2026-05-21 18:18,77721.10156,77756.02344,77632.14062,77632.14062,0
2026-05-21 18:19,77744.25781,77752.8125,77716.82812,77716.82812,0
2026-05-21 18:20,77711.00781,77744.28125,77711.00781,77744.28125,89237504
2026-05-21 18:21,77731.88281,77740.39062,77715.75,77721.09375,0
2026-05-21 18:22,77721.85938,77744.28125,77721.85938,77736.54688,2189312
2026-05-21 18:23,77744.27344,77753.32031,77701.17188,77721.65625,0
2026-05-21 18:24,77805.61719,77821.46875,77754.35156,77758.0,0
2026-05-21 18:25,77771.89844,77813.72656,77766.89844,77801.00781,0
2026-05-21 18:26,77737.17188,77768.64844,77735.27344,77765.85938,0
2026-05-21 18:27,77713.36719,77729.99219,77697.96094,77722.11719,0
2026-05-21 18:28,77726.39062,77748.36719,77706.78125,77706.78125,0
2026-05-21 18:29,77670.92188,77726.88281,77663.99219,77726.88281,0
2026-05-21 18:30,77672.97656,77701.78906,77646.95312,77665.78125,10381312
2026-05-21 18:31,77703.70312,77705.8125,77684.17188,77684.17188,1177600
2026-05-21 18:32,77678.64062,77702.90625,77678.64062,77698.96094,0
2026-05-21 18:33,77714.92188,77714.92188,77674.78125,77678.64062,0
2026-05-21 18:34,77729.96094,77742.95312,77717.25781,77733.63281,0
2026-05-21 18:35,77686.0,77734.97656,77686.0,77734.97656,0
2026-05-21 18:36,77654.0,77697.99219,77654.0,77685.99219,612849664
2026-05-21 18:37,77698.09375,77698.09375,77660.21094,77668.0,2056192
2026-05-21 18:38,77666.82031,77694.0625,77659.35156,77692.96094,0
2026-05-21 18:39,77648.0,77687.03125,77648.0,77672.32031,0
2026-05-21 18:40,77733.89062,77733.89062,77655.39844,77655.39844,0
2026-05-21 18:41,77714.60938,77734.21094,77714.60938,77732.67969,3903488
2026-05-21 18:42,77685.90625,77716.40625,77677.02344,77713.04688,19480576
2026-05-21 18:43,77702.50781,77704.25781,77688.70312,77691.9375,0
2026-05-21 18:44,77684.0,77702.24219,77684.0,77702.20312,0
2026-05-21 18:45,77631.79688,77681.99219,77622.75,77681.99219,0
2026-05-21 18:46,77593.85938,77625.00781,77593.00781,77623.99219,0
2026-05-21 18:47,77607.63281,77622.0,77603.22656,77603.22656,0
2026-05-21 18:48,77463.11719,77618.47656,77452.0,77612.35156,0
2026-05-21 18:49,77454.88281,77489.82812,77420.02344,77476.5,0
2026-05-21 18:50,77454.74219,77466.59375,77439.32031,77454.92188,0
2026-05-21 18:51,77501.70312,77516.52344,77426.71875,77426.71875,0
2026-05-21 18:52,77297.17188,77516.50781,77259.97656,77501.70312,0
2026-05-21 18:53,77320.75781,77349.96875,77294.67969,77294.67969,7344128
2026-05-21 18:54,77225.92188,77349.5625,77225.92188,77334.92969,0
2026-05-21 18:55,77204.38281,77238.99219,77186.78906,77197.27344,202418176
2026-05-21 18:56,77244.40625,77267.45312,77227.63281,77246.0,0
2026-05-21 18:57,77261.10156,77269.99219,77239.67188,77257.72656,64509952
2026-05-21 18:58,77286.00781,77289.21875,77238.0,77260.88281,113252352
2026-05-21 18:59,77310.04688,77310.04688,77258.67969,77262.34375,89477120
2026-05-21 19:00,77317.1875,77323.46875,77289.17188,77289.17188,0
2026-05-21 19:01,77368.28125,77368.28125,77302.0,77336.00781,0
2026-05-21 19:02,77338.97656,77404.32812,77336.63281,77360.0,1781760
2026-05-21 19:03,77371.50781,77391.50781,77330.0625,77330.0625,0
2026-05-21 19:04,77327.95312,77382.00781,77327.95312,77368.8125,0
2026-05-21 19:05,77374.00781,77380.92969,77295.0,77295.0,2922496
2026-05-21 19:06,77385.92188,77390.53906,77366.6875,77373.42969,0
2026-05-21 19:07,77364.04688,77369.25781,77323.99219,77326.70312,145188864
2026-05-21 19:08,77447.28125,77466.04688,77369.25781,77369.25781,5822464
2026-05-21 19:09,77451.52344,77461.54688,77430.0,77437.97656,35618816
2026-05-21 19:10,77501.75,77501.75781,77467.07812,77480.82812,0
2026-05-21 19:11,77492.92188,77506.53125,77468.96094,77476.0,0
2026-05-21 19:12,77493.45312,77493.45312,77470.71094,77476.47656,0
2026-05-21 19:13,77495.45312,77519.27344,77489.52344,77489.52344,207566848
2026-05-21 19:14,77465.64062,77492.6875,77451.50781,77492.6875,30720
2026-05-21 19:15,77457.99219,77476.27344,77445.34375,77474.42969,0
2026-05-21 19:16,77449.99219,77475.89062,77444.13281,77455.96875,0
2026-05-21 19:17,77452.82812,77459.96875,77437.89844,77453.00781,0
2026-05-21 19:18,77496.65625,77508.45312,77489.99219,77489.99219,0
2026-05-21 19:19,77522.89062,77522.89062,77475.96094,77486.40625,270336
2026-05-21 19:20,77505.42188,77528.82812,77498.10156,77526.46094,0
2026-05-21 19:21,77499.20312,77513.07031,77499.20312,77503.85938,259766272
2026-05-21 19:22,77508.39844,77510.85938,77480.67188,77503.45312,0
2026-05-21 19:23,77500.64844,77524.1875,77487.95312,77492.36719,0
2026-05-21 19:24,77491.96094,77510.89844,77491.96094,77510.89844,37490688
2026-05-21 19:25,77495.39062,77497.97656,77481.53125,77488.11719,1458176
2026-05-21 19:26,77501.02344,77501.02344,77468.89844,77490.78906,0
2026-05-21 19:27,77505.45312,77514.96094,77491.46094,77501.02344,0
2026-05-21 19:28,77504.90625,77504.90625,77491.64844,77500.74219,101408768
2026-05-21 19:29,77471.25781,77491.96094,77448.25781,77491.96094,0
2026-05-21 19:30,77490.46875,77502.0,77467.35938,77471.07812,0
2026-05-21 19:31,77487.5625,77496.00781,77477.99219,77496.00781,0
2026-05-21 19:32,77478.61719,77484.0,77478.61719,77479.97656,0
2026-05-21 19:33,77509.78125,77514.15625,77478.61719,77478.61719,182272
2026-05-21 19:34,77502.0,77516.57031,77489.57031,77498.03125,10950656
2026-05-21 19:35,77568.3125,77568.3125,77529.77344,77529.77344,1329152
2026-05-21 19:36,77569.97656,77572.54688,77552.64062,77572.54688,120174592
2026-05-21 19:37,77562.00781,77575.99219,77556.57812,77575.99219,8497152
2026-05-21 19:38,77566.70312,77576.67969,77562.00781,77562.00781,0
2026-05-21 19:39,77565.40625,77569.97656,77558.99219,77562.00781,5566464
2026-05-21 19:40,77562.0,77576.39062,77560.6875,77575.07031,937984
2026-05-21 19:41,77549.28125,77564.53906,77548.29688,77560.71094,1671168
2026-05-21 19:42,77535.82031,77550.0,77524.24219,77535.82812,0
2026-05-21 19:43,77551.53125,77553.96875,77530.67969,77535.82031,0
2026-05-21 19:44,77547.39844,77557.22656,77541.38281,77550.9375,0
2026-05-21 19:45,77545.99219,77551.25781,77535.82031,77551.25781,0
2026-05-21 19:46,77535.82031,77547.42188,77535.82031,77538.28125,0
2026-05-21 19:47,77551.25781,77551.25781,77534.75,77538.54688,0
2026-05-21 19:48,77587.63281,77591.59375,77550.0,77551.89844,0
2026-05-21 19:49,77568.60156,77578.15625,77562.84375,77578.15625,0
2026-05-21 19:50,77595.70312,77606.60938,77588.0,77588.0,0
2026-05-21 19:51,77636.10938,77643.03906,77609.14844,77609.14844,223559680
2026-05-21 19:52,77685.03125,77685.03125,77638.78125,77638.78125,0
2026-05-21 19:53,77679.6875,77723.97656,77678.64062,77687.95312,0
2026-05-21 19:54,77638.63281,77677.78906,77638.13281,77677.78906,0
2026-05-21 19:55,77625.97656,77628.45312,77592.85156,77599.00781,105971712
2026-05-21 19:56,77657.00781,77695.71875,77629.21094,77629.21094,0
2026-05-21 19:57,77669.97656,77688.57031,77663.35156,77667.53125,25380864
2026-05-21 19:58,77622.95312,77667.09375,77622.95312,77667.09375,0
2026-05-21 19:59,77601.5625,77619.14844,77597.28906,77617.65625,0
2026-05-21 20:00,77654.92969,77654.92969,77614.96875,77630.79688,35573760
2026-05-21 20:01,77648.24219,77667.10156,77643.90625,77664.00781,1558528
2026-05-21 20:02,77646.27344,77651.96875,77642.53906,77648.24219,0
2026-05-21 20:03,77609.17188,77636.17188,77609.15625,77636.17188,2646016
2026-05-21 20:04,77601.42969,77620.24219,77589.85938,77620.24219,0
2026-05-21 20:05,77633.75781,77633.75781,77588.0,77601.97656,0
2026-05-21 20:06,77636.1875,77666.3125,77636.1875,77639.9375,0
2026-05-21 20:07,77651.60156,77651.60938,77641.61719,77641.61719,0
2026-05-21 20:08,77628.9375,77663.59375,77628.9375,77663.1875,0
2026-05-21 20:09,77655.24219,77657.96875,77633.89062,77633.89062,0
2026-05-21 20:10,77639.99219,77659.00781,77639.97656,77655.22656,0
2026-05-21 20:11,77622.67969,77639.99219,77621.97656,77639.99219,0
2026-05-21 20:12,77610.00781,77627.35156,77610.00781,77625.14844,0
2026-05-21 20:13,77612.75781,77621.49219,77601.4375,77601.4375,102098944
2026-05-21 20:14,77630.4375,77643.89062,77619.07031,77619.07812,0
2026-05-21 20:15,77645.09375,77647.99219,77632.90625,77632.90625,0
2026-05-21 20:16,77649.42969,77655.47656,77641.15625,77641.15625,0
2026-05-21 20:17,77613.85156,77647.92969,77613.85156,77647.92188,2095104
2026-05-21 20:18,77629.0,77629.00781,77613.85156,77613.85156,0
2026-05-21 20:19,77646.92969,77646.9375,77629.00781,77629.00781,0
2026-05-21 20:20,77632.32031,77646.92969,77632.32031,77646.92969,0
2026-05-21 20:21,77644.85156,77644.85156,77632.32031,77632.32812,0
2026-05-21 20:22,77643.89062,77644.85156,77635.00781,77644.85156,0
2026-05-21 20:23,77632.95312,77643.89062,77632.95312,77643.89062,0
2026-05-21 20:24,77630.0625,77633.42969,77618.27344,77632.96094,0
2026-05-21 20:25,77644.32031,77649.97656,77644.32031,77644.32031,0
2026-05-21 20:26,77630.8125,77644.32031,77626.39844,77644.32031,0
2026-05-21 20:27,77629.0625,77630.54688,77623.78906,77626.85938,0
2026-05-21 20:28,77614.14844,77618.92969,77607.14844,77616.88281,0
2026-05-21 20:29,77615.25,77615.4375,77611.53125,77614.14062,101892096
2026-05-21 20:30,77643.35938,77643.35938,77624.20312,77624.20312,0
2026-05-21 20:31,77656.85938,77657.74219,77643.35156,77643.35156,0
2026-05-21 20:32,77666.03125,77666.03125,77656.85938,77656.85938,75626496
2026-05-21 20:33,77676.0,77678.63281,77663.04688,77666.03125,0
2026-05-21 20:34,77678.70312,77679.97656,77665.04688,77676.32812,0
2026-05-21 20:35,77690.96875,77722.3125,77690.22656,77695.0,100702208
2026-05-21 20:36,77692.21875,77693.57031,77689.5,77692.63281,0
2026-05-21 20:37,77667.0625,77691.59375,77667.0625,77691.53906,0
2026-05-21 20:38,77622.95312,77655.47656,77620.97656,77655.47656,2981888
2026-05-21 20:39,77614.0,77635.36719,77614.0,77622.95312,13572096
2026-05-21 20:40,77593.32031,77612.59375,77593.3125,77610.00781,735232
2026-05-21 20:41,77609.5625,77609.5625,77580.03906,77580.03906,0
2026-05-21 20:42,77597.89844,77609.5625,77581.99219,77609.5625,1300480
2026-05-21 20:43,77622.02344,77622.02344,77597.89062,77597.89844,0
2026-05-21 20:44,77616.88281,77622.00781,77616.88281,77622.00781,0
2026-05-21 20:45,77642.72656,77642.72656,77636.17188,77637.90625,16441344
2026-05-21 20:46,77658.42969,77661.28125,77642.71875,77642.71875,0
2026-05-21 20:47,77684.03125,77684.03125,77651.57812,77658.42188,782336
2026-05-21 20:48,77731.70312,77731.70312,77685.42969,77685.42969,0
2026-05-21 20:49,77701.99219,77731.85156,77701.99219,77731.85156,1622016
2026-05-21 20:50,77710.64062,77724.02344,77702.07031,77702.07031,0
2026-05-21 20:51,77651.61719,77714.6875,77651.61719,77712.54688,146585600
2026-05-21 20:52,77620.0,77646.70312,77620.0,77643.99219,0
2026-05-21 20:53,77581.97656,77618.3125,77578.10938,77618.3125,0
2026-05-21 20:54,77591.99219,77601.92969,77586.13281,77589.85156,0
2026-05-21 20:55,77611.24219,77614.0,77605.28906,77605.28906,0
2026-05-21 20:56,77610.59375,77613.67188,77610.35156,77611.25,0
2026-05-21 20:57,77620.32812,77620.32812,77610.59375,77610.59375,0
2026-05-21 20:58,77626.42969,77628.45312,77618.15625,77618.15625,18161664
2026-05-21 20:59,77633.46875,77646.00781,77621.95312,77646.0,0
2026-05-21 21:00,77668.8125,77670.90625,77651.49219,77651.49219,134348800
2026-05-21 21:01,77699.35938,77717.24219,77668.8125,77668.8125,0
2026-05-21 21:02,77717.21875,77717.21875,77691.11719,77696.67188,0
2026-05-21 21:03,77686.0,77719.89844,77674.78906,77719.89844,0
2026-05-21 21:04,77700.79688,77700.79688,77679.6875,77679.6875,101310464
2026-05-21 21:05,77719.67188,77719.67188,77702.11719,77702.11719,980992
2026-05-21 21:06,77702.24219,77730.60156,77702.24219,77723.36719,0
2026-05-21 21:07,77713.20312,77721.09375,77702.24219,77702.24219,0
2026-05-21 21:08,77718.67188,77718.67188,77704.64062,77713.21094,0
2026-05-21 21:09,77732.67188,77732.67188,77718.92969,77726.95312,10500096
2026-05-21 21:10,77743.53125,77743.53125,77732.38281,77732.67188,0
2026-05-21 21:11,77706.0625,77743.53906,77700.28125,77743.53125,100698112
2026-05-21 21:12,77706.04688,77713.38281,77706.04688,77706.04688,0
2026-05-21 21:13,77677.97656,77700.96875,77676.21094,77694.07812,0
2026-05-21 21:14,77700.0,77707.39062,77677.97656,77677.97656,100192256
2026-05-21 21:15,77718.82031,77718.82812,77701.22656,77701.22656,8640512
2026-05-21 21:16,77694.09375,77718.70312,77694.07812,77718.70312,0
2026-05-21 21:17,77702.64062,77705.35938,77693.32812,77693.32812,503808
2026-05-21 21:18,77714.40625,77721.09375,77702.61719,77702.64062,0
2026-05-21 21:19,77686.35938,77715.52344,77686.35938,77715.52344,0
2026-05-21 21:20,77693.96875,77695.99219,77686.35938,77686.35938,100472832
2026-05-21 21:21,77689.02344,77704.71094,77689.02344,77693.96875,4724736
2026-05-21 21:22,77694.35938,77707.71875,77689.72656,77689.72656,0
2026-05-21 21:23,77714.86719,77714.86719,77693.71094,77694.35156,0
2026-05-21 21:24,77719.72656,77719.74219,77710.0,77710.0,214587392
2026-05-21 21:25,77702.78906,77702.78906,77698.5,77698.5,278528
2026-05-21 21:26,77694.07812,77712.57031,77694.07812,77710.63281,57344
2026-05-21 21:27,77695.47656,77709.90625,77694.09375,77694.09375,0
2026-05-21 21:28,77724.0,77724.0,77689.5,77696.22656,0
2026-05-21 21:29,77743.82031,77743.82031,77709.52344,77723.99219,0
2026-05-21 21:30,77720.89844,77743.8125,77717.82031,77743.8125,2428928
2026-05-21 21:31,77713.39062,77720.89844,77713.38281,77720.89844,0
2026-05-21 21:32,77700.17188,77713.38281,77698.42188,77713.38281,104112128
2026-05-21 21:33,77707.67188,77707.67188,77690.21875,77690.21875,8572928
2026-05-21 21:34,77715.46875,77715.46875,77703.17969,77707.65625,0
2026-05-21 21:35,77697.46094,77732.00781,77697.46094,77715.65625,0
2026-05-21 21:36,77715.03125,77716.9375,77698.65625,77698.65625,124368896
2026-05-21 21:37,77690.21875,77716.85156,77690.21875,77716.85156,247808
2026-05-21 21:38,77694.65625,77696.96875,77692.97656,77692.97656,905216
2026-05-21 21:39,77693.86719,77694.78125,77693.85938,77694.67188,0
2026-05-21 21:40,77655.47656,77680.53906,77655.47656,77680.53906,15542272
2026-05-21 21:41,77649.82031,77655.47656,77633.64062,77655.47656,0
2026-05-21 21:42,77650.00781,77653.64062,77650.0,77650.97656,0
2026-05-21 21:43,77624.25781,77650.0,77624.25781,77650.0,3682304
2026-05-21 21:44,77644.70312,77661.17188,77643.89062,77643.89062,0
2026-05-21 21:45,77624.97656,77640.03906,77624.60156,77640.03906,3928064
2026-05-21 21:46,77632.21094,77632.21875,77621.59375,77624.97656,0
2026-05-21 21:47,77620.71875,77632.21875,77620.71094,77632.21094,111673344
2026-05-21 21:48,77601.52344,77616.88281,77593.71875,77616.88281,138887168
2026-05-21 21:49,77586.49219,77592.04688,77586.49219,77590.53125,0
2026-05-21 21:50,77584.75,77587.14844,77583.96875,77586.49219,0
2026-05-21 21:51,77625.79688,77625.79688,77613.02344,77613.02344,4052992
2026-05-21 21:52,77640.85938,77640.92188,77625.29688,77625.79688,792576
2026-05-21 21:53,77642.40625,77643.14844,77640.79688,77642.75,0
2026-05-21 21:54,77640.79688,77647.59375,77640.79688,77647.59375,0
2026-05-21 21:55,77645.86719,77647.64062,77640.79688,77640.8125,0
2026-05-21 21:56,77609.38281,77645.86719,77609.27344,77645.86719,0
2026-05-21 21:57,77583.34375,77609.28125,77583.34375,77609.28125,0
2026-05-21 21:58,77593.11719,77593.11719,77567.03906,77583.32812,0
2026-05-21 21:59,77598.57812,77598.57812,77571.97656,77593.34375,0
2026-05-21 22:00,77537.67969,77603.17969,77537.67969,77603.17969,0
2026-05-21 22:01,77566.89062,77574.40625,77537.67969,77537.67969,141051904
2026-05-21 22:02,77593.71094,77605.61719,77567.42188,77567.42188,0
2026-05-21 22:03,77676.32031,77676.32031,77601.35156,77601.35156,72638464
2026-05-21 22:04,77655.5,77676.3125,77655.5,77667.07031,0
2026-05-21 22:05,77638.13281,77662.0,77615.57812,77651.61719,0
2026-05-21 22:06,77660.59375,77663.70312,77630.63281,77639.92969,894976
2026-05-21 22:07,77666.0,77677.89844,77659.34375,77674.78125,0
2026-05-21 22:08,77659.52344,77666.42188,77654.74219,77662.78125,4081664
2026-05-21 22:09,77649.64062,77651.63281,77634.13281,77651.63281,0
2026-05-21 22:10,77611.96094,77638.86719,77611.95312,77636.17969,0
2026-05-21 22:11,77609.99219,77623.65625,77602.6875,77613.34375,0
2026-05-21 22:12,77606.49219,77616.70312,77606.49219,77612.61719,70985728
2026-05-21 22:13,77592.0,77603.5625,77579.97656,77598.96094,0
2026-05-21 22:14,77578.57031,77586.0625,77570.5625,77586.04688,0
2026-05-21 22:15,77567.32812,77574.57812,77547.39844,77574.57812,0
2026-05-21 22:16,77521.97656,77570.5625,77521.96875,77567.32031,0
2026-05-21 22:17,77531.96094,77549.53125,77531.96094,77541.96094,101031936
2026-05-21 22:18,77546.0,77550.07812,77530.63281,77530.63281,0
2026-05-21 22:19,77558.03906,77558.03906,77539.67969,77542.00781,0
2026-05-21 22:20,77537.03125,77554.00781,77536.71875,77554.00781,0
2026-05-21 22:21,77561.03125,77561.03125,77552.02344,77552.02344,0
2026-05-21 22:22,77555.4375,77568.46875,77553.71875,77561.03125,9277440
2026-05-21 22:23,77552.02344,77560.0,77552.00781,77554.90625,372736
2026-05-21 22:24,77579.96875,77593.9375,77558.97656,77562.82812,0
2026-05-21 22:25,77592.22656,77592.22656,77580.07031,77580.07031,101230592
2026-05-21 22:26,77599.75781,77599.75781,77590.72656,77592.22656,0
2026-05-21 22:27,77583.79688,77603.74219,77582.20312,77601.4375,0
2026-05-21 22:28,77618.00781,77618.00781,77589.52344,77589.52344,0
2026-05-21 22:29,77620.0,77621.46094,77616.15625,77616.15625,389120
2026-05-21 22:30,77635.42188,77635.42188,77613.02344,77619.61719,0
2026-05-21 22:31,77631.57031,77643.89062,77628.85938,77628.85938,0
2026-05-21 22:32,77620.74219,77637.3125,77620.74219,77637.3125,0
2026-05-21 22:33,77609.99219,77626.42188,77609.99219,77626.42188,0
2026-05-21 22:34,77551.27344,77610.0,77551.27344,77610.0,0
2026-05-21 22:35,77546.25781,77555.10938,77538.34375,77544.75781,0
2026-05-21 22:36,77548.09375,77567.0,77546.25,77546.25,6014976
2026-05-21 22:37,77521.97656,77548.10938,77521.97656,77548.10938,0
2026-05-21 22:38,77504.95312,77514.6875,77502.03906,77514.6875,0
2026-05-21 22:39,77480.72656,77504.25781,77480.72656,77504.25781,15333376
2026-05-21 22:40,77519.1875,77519.1875,77469.46875,77472.3125,0
2026-05-21 22:41,77550.0,77550.02344,77519.1875,77519.1875,0
2026-05-21 22:42,77570.97656,77570.97656,77549.96875,77550.0,0
2026-05-21 22:43,77565.4375,77577.35156,77555.11719,77577.35156,0
2026-05-21 22:44,77556.11719,77572.96094,77556.11719,77572.96094,9220096
2026-05-21 22:45,77584.0,77584.0,77574.42188,77576.47656,232589312
2026-05-21 22:46,77579.99219,77591.17188,77576.00781,77589.85156,358400
2026-05-21 22:47,77584.88281,77587.54688,77579.97656,77579.97656,1951744
2026-05-21 22:48,77573.04688,77585.21094,77562.84375,77578.28906,0
2026-05-21 22:49,77562.85938,77570.5625,77562.84375,77570.5625,23781376
2026-05-21 22:50,77540.39844,77562.85938,77532.46875,77562.85938,0
2026-05-21 22:51,77542.77344,77543.85938,77526.46094,77543.85938,0
2026-05-21 22:52,77537.42969,77537.42969,77528.0,77533.60938,0
2026-05-21 22:53,77527.72656,77541.72656,77527.72656,77536.10938,0
2026-05-21 22:54,77538.54688,77546.09375,77537.82031,77537.82031,20004864
2026-05-21 22:55,77562.85156,77565.63281,77538.54688,77538.54688,1177600
2026-05-21 22:56,77549.07812,77561.8125,77546.02344,77561.8125,67584
2026-05-21 22:57,77544.02344,77550.0625,77544.02344,77549.63281,0
2026-05-21 22:58,77543.32812,77550.63281,77541.45312,77547.79688,0
2026-05-21 22:59,77550.17188,77558.92188,77543.32812,77543.32812,0
2026-05-21 23:00,77539.35156,77539.35156,77524.24219,77531.95312,0
2026-05-21 23:01,77520.34375,77543.53125,77511.85938,77539.35156,0
2026-05-21 23:02,77538.84375,77539.07031,77515.84375,77516.0,100352
2026-05-21 23:03,77582.13281,77582.13281,77543.04688,77547.35156,194744320
2026-05-21 23:04,77582.00781,77594.0,77579.71094,77589.17969,0
2026-05-21 23:05,77593.71094,77593.71094,77578.53906,77582.00781,493568
2026-05-21 23:06,77625.63281,77625.63281,77590.97656,77594.39844,0
2026-05-21 23:07,77638.79688,77642.03125,77615.13281,77623.96875,724992
2026-05-21 23:08,77631.63281,77642.89062,77631.63281,77641.90625,0
2026-05-21 23:09,77641.99219,77651.00781,77631.71875,77634.34375,0
2026-05-21 23:10,77629.04688,77633.35156,77627.5625,77627.5625,0
2026-05-21 23:11,77626.28125,77629.32812,77624.60938,77629.0625,3078144
2026-05-21 23:12,77578.13281,77616.88281,77578.13281,77616.88281,10086400
2026-05-21 23:13,77563.61719,77571.60938,77547.85156,77566.70312,1103872
2026-05-21 23:14,77502.70312,77555.99219,77496.09375,77549.17188,0
2026-05-21 23:15,77520.36719,77520.36719,77458.61719,77489.5,0
2026-05-21 23:16,77531.90625,77533.90625,77508.24219,77512.67188,0
2026-05-21 23:17,77539.32031,77539.32031,77517.85156,77533.89844,0
2026-05-21 23:18,77539.67969,77539.67969,77520.38281,77528.10156,0
2026-05-21 23:19,77547.15625,77547.15625,77523.90625,77538.75,2224128
2026-05-21 23:20,77552.82812,77552.82812,77528.11719,77543.96094,0
2026-05-21 23:21,77512.25781,77552.82812,77508.03906,77552.82812,557056
2026-05-21 23:22,77520.38281,77520.39062,77508.03125,77508.03125,0
2026-05-21 23:23,77521.96875,77521.96875,77508.03125,77508.03125,19845120
2026-05-21 23:24,77533.42188,77543.36719,77518.0,77518.00781,120023040
2026-05-21 23:25,77564.85938,77564.86719,77531.95312,77542.25,0
2026-05-21 23:26,77587.04688,77587.04688,77569.28125,77570.0,0
2026-05-21 23:27,77587.92969,77595.1875,77584.96875,77595.0,0
2026-05-21 23:28,77573.49219,77587.67969,77565.99219,77587.67969,759808
2026-05-21 23:29,77579.85938,77582.63281,77562.84375,77572.90625,3657728
2026-05-21 23:30,77560.79688,77592.85938,77558.99219,77578.47656,0
2026-05-21 23:31,77563.40625,77567.49219,77560.79688,77560.79688,0
2026-05-21 23:32,77589.49219,77589.60938,77576.49219,77576.49219,0
2026-05-21 23:33,77593.22656,77606.61719,77589.49219,77589.49219,11591680
2026-05-21 23:34,77606.61719,77606.61719,77585.99219,77593.22656,1372160
2026-05-21 23:35,77627.46875,77627.46875,77609.14844,77611.4375,0
2026-05-21 23:36,77634.0,77638.85156,77618.52344,77628.4375,6146048
2026-05-21 23:37,77627.53125,77638.85156,77622.52344,77638.85156,3459072
2026-05-21 23:38,77626.92188,77627.53906,77618.21875,77627.53906,473088
2026-05-21 23:39,77640.97656,77650.0,77628.45312,77628.45312,0
2026-05-21 23:40,77657.92969,77665.70312,77655.46094,77655.46094,102600704
2026-05-21 23:41,77675.45312,77676.57812,77659.17188,77659.17188,0
2026-05-21 23:42,77647.60156,77675.45312,77645.28125,77675.45312,0
2026-05-21 23:43,77634.09375,77647.60938,77633.89844,77647.60938,92760064
2026-05-21 23:44,77629.99219,77634.07812,77625.90625,77634.07812,1748992
2026-05-21 23:45,77635.10938,77636.99219,77620.74219,77620.74219,0
2026-05-21 23:46,77633.77344,77633.77344,77605.29688,77629.72656,0
2026-05-21 23:47,77625.79688,77633.77344,77623.42188,77633.77344,694272
2026-05-21 23:48,77626.5,77628.46094,77619.36719,77625.78906,35334144
2026-05-21 23:49,77638.0,77641.53125,77625.0,77632.3125,0
2026-05-21 23:50,77626.45312,77643.39062,77623.22656,77640.8125,0
2026-05-21 23:51,77641.67188,77641.67188,77623.90625,77623.90625,0
2026-05-21 23:52,77662.38281,77668.99219,77624.17188,77628.46094,121927680
2026-05-21 23:53,77649.47656,77651.95312,77649.21875,77651.63281,0
2026-05-21 23:54,77613.10938,77643.89844,77612.9375,77643.89844,0
2026-05-21 23:55,77605.3125,77614.64062,77605.29688,77613.10938,3641344
2026-05-21 23:56,77531.97656,77605.3125,77531.96875,77605.3125,3393536
2026-05-21 23:57,77539.74219,77539.74219,77531.97656,77534.64844,0
2026-05-21 23:58,77532.27344,77540.78125,77532.27344,77539.74219,24776704
2026-05-22 00:00,77526.10156,77567.24219,77526.10156,77551.25,19566592
2026-05-22 00:01,77493.92188,77500.0,77489.5,77500.0,0
2026-05-22 00:02,77502.07031,77515.42969,77478.85156,77492.25781,0
2026-05-22 00:03,77466.1875,77502.07031,77443.45312,77502.07031,0
2026-05-22 00:04,77470.67188,77481.78906,77443.17969,77466.1875,0
2026-05-22 00:05,77484.53125,77484.53125,77464.53125,77470.67188,0
2026-05-22 00:06,77497.46094,77497.72656,77481.02344,77493.09375,0
2026-05-22 00:07,77477.92969,77489.49219,77477.92969,77489.49219,0
2026-05-22 00:08,77482.54688,77493.13281,77478.0625,77483.39844,0
2026-05-22 00:09,77458.64844,77482.54688,77458.64844,77482.54688,0
2026-05-22 00:10,77406.5,77455.61719,77406.5,77455.61719,102418432
2026-05-22 00:11,77397.59375,77433.78906,77397.59375,77398.86719,0
2026-05-22 00:12,77393.47656,77423.85938,77393.47656,77396.0,0
2026-05-22 00:13,77377.99219,77389.49219,77372.4375,77389.40625,193603584
2026-05-22 00:14,77373.70312,77384.75,77369.14062,77377.99219,3905536
2026-05-22 00:15,77348.35156,77382.59375,77337.35156,77368.02344,12865536
2026-05-22 00:16,77410.92969,77410.92969,77343.00781,77349.72656,0
2026-05-22 00:17,77424.04688,77447.03906,77410.92969,77410.92969,0
2026-05-22 00:18,77404.57812,77429.61719,77389.75781,77429.61719,0
2026-05-22 00:19,77401.04688,77412.4375,77394.0,77412.4375,0
2026-05-22 00:20,77413.61719,77414.60938,77400.35156,77400.35156,372736
2026-05-22 00:21,77481.72656,77481.72656,77411.82031,77411.82031,0
2026-05-22 00:22,77397.84375,77473.60156,77396.85938,77473.60156,0
2026-05-22 00:23,77426.6875,77431.25781,77401.57031,77416.14844,0
2026-05-22 00:24,77470.17188,77470.17188,77424.45312,77424.45312,0
2026-05-22 00:25,77456.25781,77477.90625,77456.25781,77466.00781,98893824
2026-05-22 00:26,77453.65625,77453.65625,77442.21094,77452.22656,0
2026-05-22 00:27,77439.32031,77457.46094,77437.53125,77453.65625,0
2026-05-22 00:28,77440.8125,77447.03906,77435.46875,77435.46875,0
2026-05-22 00:29,77408.4375,77452.60938,77408.4375,77445.5,0
2026-05-22 00:30,77437.86719,77439.14844,77416.15625,77416.15625,96354304
2026-05-22 00:31,77455.95312,77455.95312,77408.79688,77408.79688,122880
2026-05-22 00:32,77494.95312,77494.95312,77455.95312,77455.95312,0
2026-05-22 00:33,77465.39062,77493.35938,77448.00781,77492.22656,114149376
2026-05-22 00:34,77455.92188,77465.39062,77445.92188,77465.39062,0
2026-05-22 00:35,77475.0,77475.0,77438.67188,77454.97656,2295808
2026-05-22 00:36,77458.61719,77478.67188,77458.61719,77475.67188,9484288
2026-05-22 00:37,77456.21875,77456.61719,77429.75781,77446.21875,0
2026-05-22 00:38,77418.78906,77454.95312,77393.9375,77453.27344,450560
2026-05-22 00:39,77379.96875,77412.4375,77379.96875,77412.4375,0
2026-05-22 00:40,77405.57031,77408.4375,77380.67969,77380.67969,0
2026-05-22 00:41,77381.22656,77396.85938,77326.21875,77396.85938,335872
2026-05-22 00:42,77381.46875,77384.59375,77373.70312,77383.54688,0
2026-05-22 00:43,77375.0,77382.40625,77375.0,77380.00781,0
2026-05-22 00:44,77399.99219,77400.0,77370.28906,77372.99219,0
2026-05-22 00:45,77397.97656,77397.99219,77385.28906,77392.99219,3471360
2026-05-22 00:46,77438.6875,77438.6875,77385.28125,77394.42969,1011712
2026-05-22 00:47,77396.1875,77425.21094,77394.0,77425.21094,196608
2026-05-22 00:48,77347.99219,77397.99219,77347.99219,77397.53125,102725632
2026-05-22 00:49,77376.36719,77392.86719,77350.57812,77358.25,0
2026-05-22 00:50,77384.53906,77391.90625,77376.36719,77376.36719,3293184
2026-05-22 00:51,77382.75,77382.75,77367.67188,77377.65625,0
2026-05-22 00:52,77367.67969,77388.0,77367.67969,77382.75,0
2026-05-22 00:53,77338.9375,77371.5,77330.82031,77367.67969,0
2026-05-22 00:54,77321.97656,77338.95312,77321.97656,77338.95312,0
2026-05-22 00:55,77337.89844,77337.89844,77316.84375,77319.65625,0
2026-05-22 00:56,77365.9375,77365.9375,77327.11719,77327.11719,0
2026-05-22 00:57,77337.45312,77374.99219,77337.45312,77365.9375,67948544
2026-05-22 00:58,77331.97656,77333.10156,77331.24219,77331.25,0
2026-05-22 00:59,77304.21094,77331.97656,77294.29688,77331.97656,0
2026-05-22 01:00,77279.97656,77289.1875,77273.99219,77277.34375,0
2026-05-22 01:01,77300.35156,77300.35156,77275.50781,77275.50781,0
2026-05-22 01:02,77251.99219,77303.99219,77251.99219,77281.82031,0
2026-05-22 01:03,77246.32031,77293.60938,77246.32031,77265.61719,0
2026-05-22 01:04,77263.92969,77263.92969,77239.90625,77242.0,18432
2026-05-22 01:05,77301.96875,77301.96875,77254.03906,77254.03906,0
2026-05-22 01:06,77297.52344,77297.95312,77281.54688,77293.64844,0
2026-05-22 01:07,77294.0,77331.14062,77292.97656,77300.35156,96880640
2026-05-22 01:08,77333.99219,77334.97656,77304.14844,77304.14844,1740800
2026-05-22 01:09,77331.97656,77335.3125,77319.65625,77327.38281,0
2026-05-22 01:10,77343.85156,77361.97656,77331.97656,77331.99219,0
2026-05-22 01:11,77330.75781,77343.85156,77327.38281,77343.85156,0
2026-05-22 01:12,77351.45312,77351.82031,77330.75781,77330.75781,144218112
2026-05-22 01:13,77377.96875,77377.97656,77354.39844,77354.39844,0
2026-05-22 01:14,77443.53906,77446.00781,77393.79688,77393.79688,0
2026-05-22 01:15,77411.03906,77443.53906,77408.4375,77440.0,0
2026-05-22 01:16,77383.72656,77408.75,77380.25781,77408.46094,0
2026-05-22 01:17,77380.00781,77389.71094,77380.0,77382.96875,0
2026-05-22 01:18,77384.42188,77384.42188,77369.84375,77380.00781,0
2026-05-22 01:19,77460.0,77460.0,77373.71094,77384.42969,0
2026-05-22 01:20,77435.46875,77468.82812,77435.46094,77468.82812,11386880
2026-05-22 01:21,77424.64844,77439.47656,77420.03125,77439.47656,0
2026-05-22 01:22,77400.71875,77424.67188,77400.71875,77424.67188,28323840
2026-05-22 01:23,77389.13281,77407.04688,77370.00781,77407.03906,3182592
2026-05-22 01:24,77373.25781,77388.77344,77367.8125,77383.1875,0
2026-05-22 01:25,77381.65625,77391.57031,77376.45312,77385.28125,0
2026-05-22 01:26,77400.0,77400.0,77378.00781,77378.00781,0
2026-05-22 01:27,77399.90625,77400.0,77393.95312,77400.0,16336896
2026-05-22 01:28,77399.99219,77400.0,77389.14062,77399.92188,0
2026-05-22 01:29,77386.64844,77400.0,77386.64844,77400.0,0
2026-05-22 01:30,77396.39844,77396.40625,77381.42969,77381.42969,0
2026-05-22 01:31,77433.99219,77433.99219,77399.99219,77400.0,100251648
2026-05-22 01:32,77396.15625,77423.42969,77393.00781,77412.52344,0
2026-05-22 01:33,77355.03125,77396.14844,77335.10938,77396.14844,0
2026-05-22 01:34,77338.96094,77355.02344,77331.24219,77355.02344,0
2026-05-22 01:35,77302.09375,77332.89062,77281.0625,77332.02344,2873344
2026-05-22 01:36,77309.53125,77313.03906,77300.28906,77306.65625,0
2026-05-22 01:37,77362.78906,77362.78906,77328.35938,77328.36719,0
2026-05-22 01:38,77362.46875,77362.46875,77354.34375,77354.34375,1753088
2026-05-22 01:39,77363.04688,77363.46094,77353.15625,77354.39844,0
2026-05-22 01:40,77336.46875,77365.17188,77336.46875,77363.0625,106567680
2026-05-22 01:41,77385.32031,77389.10156,77327.38281,77327.38281,0
2026-05-22 01:42,77398.47656,77398.49219,77384.0,77384.0,0
2026-05-22 01:43,77438.63281,77438.75,77408.25781,77408.25781,122085376
2026-05-22 01:44,77447.99219,77448.0,77438.63281,77438.63281,1918976
2026-05-22 01:45,77462.3125,77462.35156,77447.99219,77447.99219,33124352
2026-05-22 01:46,77481.53125,77481.53125,77462.3125,77462.3125,0
2026-05-22 01:47,77537.53125,77537.53125,77483.03906,77483.03906,0
2026-05-22 01:48,77540.6875,77566.63281,77540.6875,77556.57031,0
2026-05-22 01:49,77552.02344,77552.02344,77538.77344,77540.6875,0
2026-05-22 01:50,77586.00781,77596.60938,77562.82812,77562.82812,1292288
2026-05-22 01:51,77562.84375,77578.25,77562.84375,77578.25,80934912
2026-05-22 01:52,77528.79688,77574.40625,77526.0,77563.85156,101632000
2026-05-22 01:53,77521.27344,77537.99219,77516.53125,77537.99219,0
2026-05-22 01:54,77523.77344,77530.60938,77518.96094,77521.27344,0
2026-05-22 01:55,77523.99219,77535.28125,77520.38281,77523.77344,0
2026-05-22 01:56,77516.52344,77516.52344,77505.32812,77508.24219,96907264
2026-05-22 01:57,77482.88281,77517.71094,77482.88281,77517.03906,26406912
2026-05-22 01:58,77520.36719,77520.38281,77501.10938,77501.10938,0
2026-05-22 01:59,77539.29688,77539.29688,77521.14062,77521.14062,4220928
2026-05-22 02:00,77624.27344,77624.27344,77542.57031,77542.57031,0
2026-05-22 02:01,77586.75781,77626.74219,77586.75781,77604.02344,0
2026-05-22 02:02,77583.97656,77586.75781,77559.36719,77586.75781,99598336
2026-05-22 02:03,77613.03125,77628.46094,77586.96875,77586.96875,0
2026-05-22 02:04,77630.6875,77630.6875,77599.0,77615.35938,84719616
2026-05-22 02:05,77577.63281,77631.61719,77574.40625,77630.70312,411648
2026-05-22 02:06,77604.96875,77604.96875,77577.63281,77577.63281,0
2026-05-22 02:07,77569.6875,77623.27344,77558.47656,77612.1875,495616
2026-05-22 02:08,77586.0,77601.28906,77559.5,77559.5,821248
2026-05-22 02:09,77598.0,77603.79688,77586.90625,77586.90625,0
2026-05-22 02:10,77589.03906,77597.99219,77578.28125,77597.99219,0
2026-05-22 02:11,77582.14844,77597.97656,77582.14844,77589.03906,448512
2026-05-22 02:12,77570.5625,77593.4375,77570.5625,77582.14062,0
2026-05-22 02:13,77596.45312,77596.45312,77570.5625,77570.57031,101070848
2026-05-22 02:14,77595.90625,77595.9375,77595.45312,77595.46094,0
2026-05-22 02:15,77624.17969,77624.17969,77596.67188,77596.67188,94035968
2026-05-22 02:16,77628.49219,77630.5625,77623.42188,77627.92969,184320
2026-05-22 02:17,77637.27344,77640.0,77616.89062,77628.49219,944128
2026-05-22 02:18,77633.1875,77633.1875,77622.72656,77632.53906,0
2026-05-22 02:19,77628.82812,77640.00781,77625.24219,77633.1875,0
2026-05-22 02:20,77659.32031,77659.32031,77616.77344,77616.77344,0
2026-05-22 02:21,77645.53125,77659.34375,77643.89844,77659.34375,0
2026-05-22 02:22,77614.96875,77653.63281,77614.96094,77628.64844,0
2026-05-22 02:23,77595.92969,77614.96094,77593.72656,77614.96094,0
2026-05-22 02:24,77586.42188,77598.24219,77584.07812,77595.92969,0
2026-05-22 02:25,77541.61719,77586.82031,77541.61719,77586.82031,0
2026-05-22 02:26,77564.70312,77564.70312,77541.61719,77541.61719,0
2026-05-22 02:27,77582.13281,77582.14062,77570.54688,77573.28906,100311040
2026-05-22 02:28,77575.22656,77584.4375,77565.53906,77582.13281,0
2026-05-22 02:29,77592.78906,77592.78906,77578.27344,77578.27344,0
2026-05-22 02:30,77626.34375,77626.34375,77591.07812,77591.07812,0
2026-05-22 02:31,77608.82031,77626.59375,77603.79688,77626.59375,0
2026-05-22 02:32,77618.03906,77629.21094,77613.24219,77617.96875,22298624
2026-05-22 02:33,77578.28906,77613.24219,77578.28125,77613.24219,0
2026-05-22 02:34,77555.78906,77578.25,77544.36719,77578.25,0
2026-05-22 02:35,77562.8125,77578.28906,77556.25781,77556.25781,0
2026-05-22 02:36,77583.52344,77583.52344,77562.85156,77570.54688,0
2026-05-22 02:37,77570.57031,77588.17969,77570.57031,77588.17969,0
2026-05-22 02:38,77562.84375,77570.57031,77562.84375,77570.5625,0
2026-05-22 02:39,77571.6875,77574.82812,77562.8125,77562.84375,328286208
2026-05-22 02:40,77574.20312,77574.20312,77552.25,77570.46875,0
2026-05-22 02:41,77570.54688,77574.85156,77552.25,77574.20312,0
2026-05-22 02:42,77582.13281,77582.13281,77576.59375,77576.59375,0
2026-05-22 02:43,77570.82031,77581.3125,77570.82031,77580.74219,0
2026-05-22 02:44,77556.72656,77565.59375,77556.72656,77565.57812,0
2026-05-22 02:45,77615.32031,77615.32031,77555.11719,77556.71875,0
2026-05-22 02:46,77589.85938,77615.3125,77589.85938,77615.3125,0
2026-05-22 02:47,77556.57812,77595.99219,77556.57812,77589.89062,69632
2026-05-22 02:48,77515.99219,77567.89844,77515.99219,77567.89844,0
2026-05-22 02:49,77555.11719,77555.11719,77524.25781,77524.25781,0
2026-05-22 02:50,77551.74219,77561.92188,77548.42969,77561.92188,116330496
2026-05-22 02:51,77552.5,77558.96875,77551.72656,77552.10938,0
2026-05-22 02:52,77560.46094,77560.84375,77552.52344,77552.52344,0
2026-05-22 02:53,77562.85156,77574.75,77562.84375,77567.45312,0
2026-05-22 02:54,77542.45312,77562.84375,77542.45312,77562.84375,57290752
2026-05-22 02:55,77549.92188,77558.96875,77544.60156,77544.60156,0
2026-05-22 02:56,77564.70312,77565.86719,77549.92188,77549.92188,0
2026-05-22 02:57,77576.96094,77576.96094,77564.71094,77564.71875,96882688
2026-05-22 02:58,77586.13281,77586.14062,77578.6875,77578.6875,0
2026-05-22 02:59,77598.39844,77605.29688,77585.92188,77586.14062,0
2026-05-22 03:00,77630.60938,77638.07031,77598.39062,77598.39062,0
2026-05-22 03:01,77623.74219,77640.00781,77623.74219,77630.60156,0
2026-05-22 03:02,77620.63281,77623.74219,77617.3125,77623.74219,0
2026-05-22 03:03,77650.0625,77650.0625,77620.63281,77620.63281,1282048
2026-05-22 03:04,77686.10938,77686.10938,77650.04688,77650.04688,0
2026-05-22 03:05,77670.63281,77705.96094,77667.07812,77686.10938,0
2026-05-22 03:06,77665.29688,77667.28125,77663.21094,77667.04688,115664896
2026-05-22 03:07,77671.13281,77673.5,77665.29688,77665.29688,0
2026-05-22 03:08,77664.96875,77664.96875,77647.75781,77659.34375,0
2026-05-22 03:09,77659.82812,77664.96875,77655.47656,77664.96875,0
2026-05-22 03:10,77674.25781,77677.25,77655.47656,77659.82812,104065024
2026-05-22 03:11,77672.00781,77675.0,77660.0,77660.00781,454656
2026-05-22 03:12,77652.24219,77672.00781,77652.24219,77672.00781,0
2026-05-22 03:13,77636.72656,77652.24219,77636.72656,77652.24219,58968064
2026-05-22 03:14,77642.78906,77643.95312,77636.71875,77636.71875,909312
2026-05-22 03:15,77686.35156,77686.35156,77650.15625,77651.61719,0
2026-05-22 03:16,77640.03906,77690.03125,77640.03906,77686.35156,81920
2026-05-22 03:17,77620.75,77636.17969,77620.75,77636.17969,0
2026-05-22 03:18,77606.3125,77622.25,77606.3125,77622.25,0
2026-05-22 03:19,77626.65625,77626.65625,77607.46875,77607.46875,0
2026-05-22 03:20,77626.64062,77626.67188,77621.63281,77626.67188,0
2026-05-22 03:21,77645.99219,77646.21875,77626.64062,77626.64844,0
2026-05-22 03:22,77676.99219,77676.99219,77643.60156,77643.60156,0
2026-05-22 03:23,77695.00781,77695.00781,77678.63281,77678.64062,0
2026-05-22 03:24,77676.96094,77696.74219,77676.96094,77696.04688,1927168
2026-05-22 03:25,77663.67969,77670.92188,77663.20312,77670.92188,0
2026-05-22 03:26,77696.4375,77696.45312,77680.49219,77680.49219,90112
2026-05-22 03:27,77682.54688,77697.92969,77682.5,77682.5,0
2026-05-22 03:28,77694.5,77694.5,77682.5,77682.5,0
2026-05-22 03:29,77728.8125,77728.8125,77697.45312,77697.45312,3590144
2026-05-22 03:30,77686.36719,77728.82812,77686.36719,77728.82812,0
2026-05-22 03:31,77675.0,77682.50781,77674.99219,77682.5,102400
2026-05-22 03:32,77707.09375,77708.79688,77674.0,77674.99219,113461248
2026-05-22 03:33,77714.67969,77714.67969,77707.09375,77707.09375,0
2026-05-22 03:34,77734.15625,77736.53125,77724.95312,77724.95312,0
2026-05-22 03:35,77721.10156,77738.29688,77721.10156,77734.20312,22870016
2026-05-22 03:36,77698.09375,77713.38281,77698.09375,77713.38281,0
2026-05-22 03:37,77705.99219,77721.10156,77701.99219,77709.50781,0
2026-05-22 03:38,77693.90625,77711.64062,77693.89844,77706.0,684032
2026-05-22 03:39,77718.40625,77718.40625,77695.14062,77695.14062,0
2026-05-22 03:40,77728.42969,77728.42969,77718.39844,77718.39844,0
2026-05-22 03:41,77730.49219,77730.49219,77717.24219,77728.42969,100587520
2026-05-22 03:42,77720.99219,77732.70312,77717.22656,77728.20312,82909184
2026-05-22 03:43,77712.67188,77728.42188,77710.60938,77721.32031,641024
2026-05-22 03:44,77710.64062,77724.96094,77710.64062,77721.09375,0
2026-05-22 03:45,77709.02344,77710.64844,77700.0,77710.64844,6215680
2026-05-22 03:46,77700.72656,77709.03125,77698.00781,77709.03125,489472
2026-05-22 03:47,77711.57812,77717.22656,77700.86719,77700.88281,0
2026-05-22 03:48,77708.45312,77711.57812,77708.45312,77711.57812,0
2026-05-22 03:49,77721.10938,77721.10938,77709.47656,77710.57812,0
2026-05-22 03:50,77733.17188,77736.52344,77712.10938,77715.4375,0
2026-05-22 03:51,77709.92188,77732.38281,77709.92188,77731.53906,0
2026-05-22 03:52,77701.17188,77713.39844,77670.92969,77710.28906,0
2026-05-22 03:53,77696.88281,77703.82812,77694.54688,77694.54688,10006528
2026-05-22 03:54,77695.65625,77696.89062,77695.65625,77696.88281,0
2026-05-22 03:55,77682.5,77711.92969,77682.5,77711.92969,61255680
2026-05-22 03:56,77689.5,77693.78906,77685.96094,77690.10156,0
2026-05-22 03:57,77700.49219,77700.49219,77691.72656,77693.78125,23801856
2026-05-22 03:58,77694.13281,77702.0,77694.11719,77700.82031,0
2026-05-22 03:59,77705.25,77705.25,77690.21875,77690.21875,0
2026-05-22 04:00,77719.99219,77723.42188,77711.00781,77711.00781,0
2026-05-22 04:01,77719.99219,77720.0,77719.99219,77720.0,0
2026-05-22 04:02,77738.96875,77738.96875,77724.96094,77724.96094,0
2026-05-22 04:03,77739.99219,77739.99219,77738.22656,77738.97656,0
2026-05-22 04:04,77741.78125,77749.96094,77734.95312,77740.0,0
2026-05-22 04:05,77753.99219,77754.0,77741.78125,77741.78125,0
2026-05-22 04:06,77762.1875,77762.82031,77752.47656,77758.78125,0
2026-05-22 04:07,77784.70312,77786.50781,77762.17969,77762.17969,0
2026-05-22 04:08,77793.34375,77793.38281,77779.96094,77779.96094,1611776
2026-05-22 04:09,77794.92969,77806.3125,77793.3125,77793.3125,0
2026-05-22 04:10,77786.99219,77801.99219,77786.72656,77794.96094,0
2026-05-22 04:11,77791.1875,77803.45312,77785.00781,77794.92188,90624000
2026-05-22 04:12,77794.28125,77796.38281,77791.1875,77791.1875,0
2026-05-22 04:13,77794.28125,77794.28125,77794.25781,77794.25781,0
2026-05-22 04:14,77798.29688,77813.60156,77794.27344,77794.27344,100364288
2026-05-22 04:15,77811.46875,77829.14844,77800.13281,77800.13281,0
2026-05-22 04:16,77786.86719,77808.78125,77779.00781,77808.78125,0
2026-05-22 04:17,77778.97656,77782.85938,77775.13281,77775.14844,0
2026-05-22 04:18,77754.96094,77778.97656,77735.13281,77778.97656,112461824
2026-05-22 04:19,77767.42188,77767.42188,77758.78125,77763.5625,0
2026-05-22 04:20,77759.71094,77769.79688,77759.71094,77767.42188,0
2026-05-22 04:21,77789.92188,77789.92188,77759.70312,77761.13281,0
2026-05-22 04:22,77757.04688,77789.90625,77751.99219,77789.90625,98105344
2026-05-22 04:23,77758.0,77758.0,77746.0,77757.04688,0
2026-05-22 04:24,77729.40625,77758.0,77729.40625,77758.0,0
2026-05-22 04:25,77721.10938,77729.42188,77721.10938,77729.42188,858112
2026-05-22 04:26,77701.79688,77721.10938,77701.79688,77721.10938,0
2026-05-22 04:27,77714.47656,77714.49219,77701.8125,77701.8125,19355648
2026-05-22 04:28,77725.42969,77725.42969,77714.47656,77714.47656,0
2026-05-22 04:29,77725.71094,77726.47656,77725.42969,77725.42969,25196544
2026-05-22 04:30,77714.10156,77732.67188,77709.52344,77732.67188,0
2026-05-22 04:31,77720.0,77720.0,77706.71094,77714.10156,0
2026-05-22 04:32,77718.59375,77719.99219,77715.99219,77719.99219,3268608
2026-05-22 04:33,77723.13281,77723.13281,77718.3125,77718.59375,0
2026-05-22 04:34,77723.13281,77729.21094,77723.13281,77723.13281,94541824
2026-05-22 04:35,77682.5,77723.14062,77677.52344,77723.13281,2805760
2026-05-22 04:36,77671.99219,77674.78906,77667.0625,77674.78125,151924736
2026-05-22 04:37,77685.21875,77690.14062,77667.0625,77671.99219,0
2026-05-22 04:38,77664.35938,77686.49219,77664.35938,77680.03125,0
2026-05-22 04:39,77628.45312,77644.21875,77613.99219,77643.25781,142499840
2026-05-22 04:40,77613.99219,77628.46094,77613.99219,77628.46094,0
2026-05-22 04:41,77625.99219,77625.99219,77605.29688,77605.29688,3954688
2026-05-22 04:42,77619.67969,77625.99219,77619.67969,77625.99219,0
2026-05-22 04:43,77620.20312,77622.92188,77619.67969,77619.67969,45799424
2026-05-22 04:44,77615.85938,77616.86719,77606.6875,77613.02344,0
2026-05-22 04:45,77592.82812,77615.85938,77592.82812,77615.85938,0
2026-05-22 04:46,77570.5625,77586.79688,77570.5625,77586.79688,71680
2026-05-22 04:47,77578.28906,77596.25,77569.49219,77570.57031,0
2026-05-22 04:48,77574.29688,77578.28906,77570.5625,77578.28906,0
2026-05-22 04:49,77572.77344,77573.63281,77566.70312,77573.63281,980992
2026-05-22 04:50,77597.57031,77597.57031,77569.82812,77573.75,0
2026-05-22 04:51,77592.60938,77616.8125,77592.0,77599.99219,101003264
2026-05-22 04:52,77599.02344,77605.28906,77592.60938,77592.60938,0
2026-05-22 04:53,77608.21875,77610.42188,77606.64062,77607.85156,0
2026-05-22 04:54,77560.53125,77608.22656,77559.14844,77608.22656,3784704
2026-05-22 04:55,77572.78125,77572.78125,77556.1875,77560.52344,0
2026-05-22 04:56,77571.89062,77579.61719,77567.92188,77569.40625,4687872
2026-05-22 04:57,77584.53906,77584.53906,77571.89844,77571.89844,36941824
2026-05-22 04:58,77580.59375,77584.53906,77580.59375,77584.53906,0
2026-05-22 04:59,77577.84375,77581.89844,77575.53906,77580.59375,4698112
2026-05-22 05:00,77562.85156,77579.97656,77562.84375,77574.42969,2596864
2026-05-22 05:01,77563.47656,77564.99219,77561.79688,77562.85156,286720
2026-05-22 05:02,77573.71875,77575.49219,77563.47656,77563.47656,0
2026-05-22 05:03,77549.96094,77571.00781,77535.00781,77571.00781,0
2026-05-22 05:04,77561.9375,77568.60938,77553.11719,77553.11719,0
2026-05-22 05:05,77570.65625,77573.64844,77570.54688,77570.54688,0
2026-05-22 05:06,77597.27344,77597.65625,77570.65625,77570.65625,0
2026-05-22 05:07,77612.99219,77612.99219,77589.85938,77597.27344,0
2026-05-22 05:08,77614.99219,77616.86719,77609.78906,77609.79688,0
2026-05-22 05:09,77623.96094,77623.96875,77613.92188,77615.0,77465600
2026-05-22 05:10,77621.59375,77649.96875,77621.59375,77623.96875,0
2026-05-22 05:11,77600.03906,77624.10156,77600.03906,77620.74219,9041920
2026-05-22 05:12,77599.71875,77600.04688,77599.50781,77600.04688,3780608
2026-05-22 05:13,77614.97656,77615.59375,77599.50781,77599.71875,0
2026-05-22 05:14,77603.00781,77616.10938,77603.00781,77616.10938,0
2026-05-22 05:15,77615.53125,77621.1875,77609.59375,77615.86719,0
2026-05-22 05:16,77613.02344,77623.99219,77613.02344,77623.14062,8433664
2026-05-22 05:17,77617.10156,77619.38281,77608.53125,77613.02344,0
2026-05-22 05:18,77601.4375,77613.03125,77601.4375,77613.03125,66754560
2026-05-22 05:19,77605.25,77610.07812,77601.45312,77601.45312,0
2026-05-22 05:20,77589.85938,77610.92188,77589.85938,77605.24219,1593344
2026-05-22 05:21,77578.47656,77586.34375,77578.28125,77586.32812,56436736
2026-05-22 05:22,77571.70312,77580.67188,77571.70312,77578.28125,0
2026-05-22 05:23,77525.1875,77566.71094,77525.1875,77566.71094,983040
2026-05-22 05:24,77492.42969,77522.0,77492.42969,77522.0,0
2026-05-22 05:25,77524.28906,77524.5,77492.07812,77492.07812,99438592
2026-05-22 05:26,77527.72656,77527.72656,77519.0,77524.29688,0
2026-05-22 05:27,77504.42188,77527.72656,77501.07812,77527.72656,0
2026-05-22 05:28,77512.64844,77512.64844,77500.0,77504.40625,4261888
2026-05-22 05:29,77531.70312,77531.70312,77512.64844,77512.65625,0
2026-05-22 05:30,77547.99219,77560.02344,77535.8125,77535.8125,0
2026-05-22 05:31,77532.0,77549.22656,77531.96094,77549.22656,0
2026-05-22 05:32,77529.1875,77541.0,77522.17188,77532.0,626688
2026-05-22 05:33,77507.92188,77525.97656,77505.97656,77525.36719,89733120
2026-05-22 05:34,77511.67969,77523.71875,77507.92969,77507.92969,1568768
2026-05-22 05:35,77505.67969,77513.14844,77497.21875,77511.85938,0
2026-05-22 05:36,77540.13281,77540.13281,77505.67188,77505.67188,2455552
2026-05-22 05:37,77529.10156,77540.52344,77521.92969,77536.90625,0
2026-05-22 05:38,77493.85938,77542.14844,77493.85938,77531.42188,897024
2026-05-22 05:39,77511.99219,77511.99219,77493.85156,77493.85156,9953280
2026-05-22 05:40,77466.34375,77512.64844,77450.50781,77512.64062,0
2026-05-22 05:41,77507.99219,77507.99219,77449.99219,77466.32812,0
2026-05-22 05:42,77531.95312,77531.95312,77504.38281,77507.46875,104407040
2026-05-22 05:43,77508.79688,77539.67969,77508.79688,77531.96094,0
2026-05-22 05:44,77504.99219,77516.0,77504.97656,77508.8125,89886720
2026-05-22 05:45,77518.88281,77518.88281,77504.99219,77504.99219,0
2026-05-22 05:46,77529.67969,77531.95312,77518.88281,77518.88281,0
2026-05-22 05:47,77514.24219,77516.54688,77514.24219,77514.24219,0
2026-05-22 05:48,77539.67188,77539.67188,77514.24219,77514.25,202913792
2026-05-22 05:49,77560.46875,77560.47656,77539.67188,77539.67969,0
2026-05-22 05:50,77578.27344,77578.27344,77560.46875,77560.46875,0
2026-05-22 05:51,77592.32812,77596.79688,77585.53906,77585.53906,0
2026-05-22 05:52,77582.14844,77592.67969,77582.14844,77592.67188,87420928
2026-05-22 05:53,77559.10156,77582.14062,77558.79688,77582.14062,0
2026-05-22 05:54,77534.02344,77547.39844,77533.96875,77547.39844,0
2026-05-22 05:55,77517.34375,77537.07031,77517.34375,77537.07031,0
2026-05-22 05:56,77477.96875,77517.35156,77477.95312,77514.24219,0
2026-05-22 05:57,77429.99219,77480.5625,77429.99219,77480.5625,85479424
2026-05-22 05:58,77406.75,77432.25781,77389.14062,77416.17188,0
2026-05-22 05:59,77408.42969,77427.72656,77396.72656,77406.96094,84389888
2026-05-22 06:00,77386.64062,77406.77344,77367.4375,77406.77344,48418816
2026-05-22 06:01,77362.79688,77386.64062,77362.79688,77386.64062,0
2026-05-22 06:02,77423.39844,77431.59375,77363.96875,77363.96875,19900416
2026-05-22 06:03,77435.45312,77435.45312,77407.84375,77428.64844,0
2026-05-22 06:04,77440.35938,77444.35938,77431.57812,77431.57812,0
2026-05-22 06:05,77409.13281,77437.63281,77409.13281,77435.46094,87097344
2026-05-22 06:06,77408.4375,77431.0,77401.45312,77401.45312,0
2026-05-22 06:07,77350.82031,77393.70312,77347.9375,77393.6875,0
2026-05-22 06:08,77370.0,77370.0,77350.85938,77360.5,0
2026-05-22 06:09,77391.45312,77391.45312,77360.70312,77370.5,26587136
2026-05-22 06:10,77391.99219,77391.99219,77383.8125,77389.13281,88084480
2026-05-22 06:11,77384.5625,77395.25,77384.5625,77395.25,0
2026-05-22 06:12,77401.10938,77401.10938,77383.96875,77390.79688,0
2026-05-22 06:13,77404.59375,77420.96875,77401.10938,77401.10938,0
2026-05-22 06:14,77404.57812,77414.95312,77404.57812,77404.59375,81178624
2026-05-22 06:15,77387.28125,77395.57812,77377.5625,77395.15625,0
2026-05-22 06:16,77396.85938,77411.15625,77387.28125,77387.28125,4495360
2026-05-22 06:17,77392.59375,77396.86719,77385.28125,77396.86719,0
2026-05-22 06:18,77364.14062,77392.60156,77364.14062,77392.59375,35862528
2026-05-22 06:19,77375.96875,77375.96875,77354.40625,77358.25781,1372160
2026-05-22 06:20,77371.99219,77382.17969,77352.70312,77362.11719,83849216
2026-05-22 06:21,77381.42188,77389.71094,77372.0,77372.0,0
2026-05-22 06:22,77362.11719,77396.0625,77362.11719,77381.42188,0
2026-05-22 06:23,77374.65625,77378.85938,77362.11719,77362.11719,85327872
2026-05-22 06:24,77358.25781,77379.14062,77358.25781,77374.65625,0
2026-05-22 06:25,77346.67969,77357.96094,77343.5,77343.5,0
2026-05-22 06:26,77358.25781,77363.84375,77356.00781,77357.0,87447552
2026-05-22 06:27,77338.24219,77358.27344,77338.24219,77358.25781,12541952
2026-05-22 06:28,77331.75,77345.99219,77331.75,77337.0,0
2026-05-22 06:29,77381.50781,77383.25781,77327.39062,77331.75,0
2026-05-22 06:30,77342.82031,77383.21094,77342.82031,77383.21094,0
2026-05-22 06:31,77332.82031,77353.60938,77330.29688,77342.97656,2947072
2026-05-22 06:32,77334.71094,77344.0,77329.99219,77340.03906,0
2026-05-22 06:33,77328.0,77340.67969,77328.0,77340.67969,0
2026-05-22 06:34,77346.67188,77347.15625,77323.53125,77327.99219,70701056
2026-05-22 06:35,77329.64062,77346.52344,77327.38281,77346.52344,22403072
2026-05-22 06:36,77327.39844,77333.82031,77327.39062,77331.89062,0
2026-05-22 06:37,77325.10938,77332.00781,77325.10156,77327.39844,12630016
2026-05-22 06:38,77331.96094,77336.3125,77327.38281,77328.10156,0
2026-05-22 06:39,77330.0,77346.52344,77323.63281,77334.0,84076544
2026-05-22 06:40,77333.89844,77333.89844,77329.39844,77332.0,0
2026-05-22 06:41,77340.00781,77346.52344,77329.60156,77329.60156,0
2026-05-22 06:42,77330.59375,77330.59375,77321.78906,77328.97656,0
2026-05-22 06:43,77320.47656,77330.59375,77320.47656,77330.59375,583680
2026-05-22 06:44,77394.14062,77394.14062,77321.97656,77321.99219,0
2026-05-22 06:45,77351.71875,77369.84375,77350.53906,77369.84375,0
2026-05-22 06:46,77404.57031,77404.57031,77351.03125,77351.07812,83879936
2026-05-22 06:47,77403.64062,77408.96094,77400.0625,77400.0625,0
2026-05-22 06:48,77422.46875,77422.46875,77407.04688,77407.92188,168988672
2026-05-22 06:49,77420.46875,77429.89844,77416.21875,77429.89062,0
2026-05-22 06:50,77417.60938,77417.60938,77408.45312,77408.45312,0
2026-05-22 06:51,77412.1875,77412.1875,77393.97656,77400.71875,33628160
2026-05-22 06:52,77395.92188,77422.85938,77395.92188,77412.20312,0
2026-05-22 06:53,77375.89844,77398.78906,77369.85156,77395.92188,82061312
2026-05-22 06:54,77370.89062,77389.38281,77363.02344,77375.89062,0
2026-05-22 06:55,77335.10156,77373.03906,77335.10156,77373.03906,0
2026-05-22 06:56,77300.0,77334.45312,77281.07812,77331.24219,81375232
2026-05-22 06:57,77349.07031,77349.07031,77300.61719,77301.21094,0
2026-05-22 06:58,77339.04688,77349.07031,77319.49219,77349.07031,83075072
2026-05-22 06:59,77340.1875,77340.21875,77331.25,77338.96094,0
2026-05-22 07:00,77304.21875,77339.17188,77304.21875,77334.11719,0
2026-05-22 07:01,77279.38281,77304.22656,77252.02344,77304.22656,0
2026-05-22 07:02,77209.99219,77257.72656,77204.0,77257.72656,972800
2026-05-22 07:03,77249.75781,77249.75781,77213.36719,77213.36719,0
2026-05-22 07:04,77255.64062,77255.64062,77228.96875,77238.60156,0
2026-05-22 07:05,77267.35938,77269.47656,77255.49219,77261.75,0
2026-05-22 07:06,77271.28125,77271.34375,77263.04688,77266.67188,80218112
2026-05-22 07:07,77213.5,77271.27344,77207.72656,77271.27344,115435520
2026-05-22 07:08,77230.86719,77230.86719,77213.5,77213.5,1972224
2026-05-22 07:09,77241.82031,77241.82031,77200.61719,77231.45312,54523904
2026-05-22 07:10,77267.4375,77267.4375,77241.61719,77241.63281,0
2026-05-22 07:11,77290.6875,77292.64062,77271.10156,77271.10156,86812672
2026-05-22 07:12,77306.52344,77306.52344,77284.75781,77291.99219,0
2026-05-22 07:13,77309.64844,77309.64844,77301.02344,77306.52344,0
2026-05-22 07:14,77294.07031,77316.52344,77284.70312,77309.64844,0
2026-05-22 07:15,77317.57031,77317.57031,77294.07812,77294.07812,0
2026-05-22 07:16,77326.53125,77326.53125,77315.61719,77325.78906,109139968
2026-05-22 07:17,77380.0625,77380.0625,77337.11719,77337.47656,0
2026-05-22 07:18,77401.28125,77401.28125,77365.0,77369.28125,12580864
2026-05-22 07:19,77417.07812,77417.07812,77401.27344,77401.27344,0
2026-05-22 07:20,77414.67188,77443.13281,77410.46094,77418.02344,0
2026-05-22 07:21,77383.53906,77418.14844,77383.53906,77414.67188,0
2026-05-22 07:22,77408.20312,77411.78125,77396.52344,77396.52344,0
2026-05-22 07:23,77388.57812,77408.1875,77388.57812,77408.1875,5777408
2026-05-22 07:24,77376.96094,77388.59375,77376.96094,77388.57812,76673024
2026-05-22 07:25,77395.72656,77395.72656,77375.82812,77375.84375,83642368
2026-05-22 07:26,77397.07812,77397.07812,77385.82812,77395.71875,0
2026-05-22 07:27,77424.78906,77425.72656,77397.09375,77397.09375,26755072
2026-05-22 07:28,77422.67969,77426.67188,77417.03906,77417.03906,0
2026-05-22 07:29,77426.85156,77427.17969,77423.07031,77427.17969,1789952
2026-05-22 07:30,77456.52344,77457.46094,77426.88281,77426.88281,104615936
2026-05-22 07:31,77414.47656,77456.53125,77414.47656,77456.53125,0
2026-05-22 07:32,77414.47656,77426.17969,77414.47656,77414.47656,6690816
2026-05-22 07:33,77389.60156,77406.40625,77389.59375,77406.39844,0
2026-05-22 07:34,77382.17188,77389.70312,77382.15625,77389.70312,82192384
2026-05-22 07:35,77381.39062,77398.3125,77381.39062,77398.3125,0
2026-05-22 07:36,77366.96094,77381.39844,77366.96094,77381.39844,0
2026-05-22 07:37,77399.85938,77399.85938,77357.92188,77357.92188,145836032
2026-05-22 07:38,77396.71875,77406.89844,77396.71875,77400.85938,0
2026-05-22 07:39,77378.11719,77398.22656,77378.11719,77395.0,83808256
2026-05-22 07:40,77422.53906,77422.53906,77379.40625,77379.40625,4087808
2026-05-22 07:41,77427.50781,77428.17188,77423.5,77425.99219,3700736
2026-05-22 07:42,77417.21875,77420.07031,77410.4375,77410.4375,0
2026-05-22 07:43,77406.61719,77417.22656,77406.61719,77417.22656,0
2026-05-22 07:44,77388.86719,77406.60938,77388.86719,77406.60938,9279488
2026-05-22 07:45,77353.88281,77388.86719,77353.88281,77388.86719,104212480
2026-05-22 07:46,77357.89062,77357.89844,77341.75781,77349.84375,1181696
2026-05-22 07:47,77347.07812,77357.89062,77346.17969,77357.89062,0
2026-05-22 07:48,77372.09375,77373.52344,77353.70312,77353.70312,73740288
2026-05-22 07:49,77371.39062,77372.92969,77371.39062,77372.10156,0
2026-05-22 07:50,77371.3125,77371.39844,77371.3125,77371.39844,0
2026-05-22 07:51,77367.99219,77371.32031,77367.99219,77371.3125,100745216
2026-05-22 07:52,77368.85938,77368.85938,77367.74219,77368.0,0
2026-05-22 07:53,77350.03906,77368.85938,77342.78125,77368.85938,0
2026-05-22 07:54,77349.97656,77360.28906,77347.20312,77350.49219,4907008
2026-05-22 07:55,77337.03125,77347.20312,77325.60156,77347.20312,0
2026-05-22 07:56,77348.99219,77348.99219,77321.57031,77337.03125,0
2026-05-22 07:57,77337.71875,77348.02344,77337.71875,77348.00781,124549120
2026-05-22 07:58,77315.28125,77337.71875,77315.28125,77337.71875,0
2026-05-22 07:59,77320.63281,77320.63281,77309.78125,77313.49219,0
2026-05-22 08:00,77371.39062,77371.39062,77316.03125,77323.67188,4820992
2026-05-22 08:01,77364.99219,77376.89844,77341.75781,77376.89844,0
2026-05-22 08:02,77382.13281,77382.14844,77363.59375,77363.59375,82905088
2026-05-22 08:03,77373.89062,77382.13281,77373.89062,77382.11719,0
2026-05-22 08:04,77345.79688,77370.0625,77345.79688,77363.59375,0
2026-05-22 08:05,77309.4375,77341.75781,77309.4375,77341.75781,0
2026-05-22 08:06,77281.15625,77305.39844,77281.15625,77305.39844,6299648
2026-05-22 08:07,77279.59375,77289.21875,77279.59375,77281.15625,0
2026-05-22 08:08,77318.53125,77319.97656,77279.59375,77279.59375,0
2026-05-22 08:09,77305.39844,77323.8125,77305.39844,77309.4375,59322368
2026-05-22 08:10,77349.82812,77349.82812,77304.78125,77305.40625,84602880
2026-05-22 08:11,77337.72656,77368.21094,77337.71875,77343.65625,0
2026-05-22 08:12,77325.96094,77349.97656,77325.96094,77337.72656,0
2026-05-22 08:13,77328.0,77328.0,77325.96875,77325.96875,0
2026-05-22 08:14,77317.53125,77328.00781,77317.53125,77328.0,0
2026-05-22 08:15,77425.35156,77425.35156,77325.97656,77325.97656,53237760
2026-05-22 08:16,77418.52344,77443.99219,77417.77344,77425.35938,68790272
2026-05-22 08:17,77430.53125,77430.53125,77412.02344,77412.02344,0
2026-05-22 08:18,77446.54688,77453.63281,77438.72656,77442.52344,0
2026-05-22 08:19,77421.99219,77446.54688,77421.99219,77446.54688,0
2026-05-22 08:20,77442.77344,77458.90625,77430.63281,77430.63281,0
2026-05-22 08:21,77386.82812,77442.77344,77386.82812,77442.77344,0
2026-05-22 08:22,77394.27344,77394.27344,77376.52344,77382.17188,0
2026-05-22 08:23,77399.82031,77402.0,77393.95312,77396.82031,85272576
2026-05-22 08:24,77422.21875,77426.59375,77404.34375,77406.39062,0
2026-05-22 08:25,77415.64844,77422.21875,77408.00781,77411.0,0
2026-05-22 08:26,77418.38281,77418.38281,77407.53906,77417.03125,0
2026-05-22 08:27,77382.42969,77418.38281,77382.25781,77418.36719,33058816
2026-05-22 08:28,77366.00781,77384.5,77364.0625,77384.5,0
2026-05-22 08:29,77390.24219,77390.24219,77377.57031,77377.57031,0
2026-05-22 08:30,77409.99219,77414.04688,77406.39062,77406.39062,42299392
2026-05-22 08:31,77397.64062,77412.32812,77381.74219,77412.32812,83845120
2026-05-22 08:32,77386.39062,77406.0,77386.21094,77391.97656,0
2026-05-22 08:33,77374.07812,77393.9375,77374.07812,77384.89062,23091200
2026-05-22 08:34,77267.00781,77370.03906,77254.0625,77370.03906,85897216
2026-05-22 08:35,77197.50781,77261.02344,77141.00781,77261.02344,0
2026-05-22 08:36,77249.65625,77249.65625,77184.61719,77184.61719,0
2026-05-22 08:37,77248.84375,77269.25781,77244.1875,77244.1875,0
2026-05-22 08:38,77260.95312,77281.36719,77245.96094,77248.84375,88979456
2026-05-22 08:39,77220.00781,77253.99219,77213.5,77252.59375,49180672
2026-05-22 08:40,77193.99219,77216.53125,77172.0,77216.53125,0
2026-05-22 08:41,77228.64062,77238.32031,77195.97656,77195.97656,0
2026-05-22 08:42,77223.82031,77228.46094,77220.74219,77220.75,67815424
2026-05-22 08:43,77244.32031,77244.32031,77228.46094,77228.46094,12904448
2026-05-22 08:44,77235.35156,77244.32031,77220.78125,77244.32031,12507136
2026-05-22 08:45,77254.14062,77254.14062,77238.6875,77238.6875,0
2026-05-22 08:46,77249.99219,77262.35938,77249.99219,77254.14062,19173376
2026-05-22 08:47,77252.52344,77256.50781,77236.71875,77256.50781,85929984
2026-05-22 08:48,77244.82031,77260.22656,77231.99219,77252.52344,0
2026-05-22 08:49,77236.9375,77246.20312,77232.67969,77246.20312,3700736
2026-05-22 08:50,77224.03125,77235.03125,77192.28906,77235.03125,0
2026-05-22 08:51,77222.0,77223.99219,77214.99219,77217.71094,0
2026-05-22 08:52,77229.64062,77233.14844,77221.75,77221.75,103948288
2026-05-22 08:53,77236.35938,77260.95312,77228.63281,77260.95312,0
2026-05-22 08:54,77242.0,77242.0,77228.64062,77236.35938,205697024
2026-05-22 08:55,77236.29688,77244.07812,77227.35938,77244.07031,85551104
2026-05-22 08:56,77241.27344,77244.07812,77236.29688,77236.29688,0
2026-05-22 08:57,77231.97656,77256.90625,77226.96875,77244.07031,148813824
2026-05-22 08:58,77192.28906,77230.65625,77192.28906,77230.64062,0
2026-05-22 08:59,77177.85938,77192.28906,77160.00781,77192.28906,83961856
2026-05-22 09:00,77149.96875,77159.96094,77145.09375,77159.96094,0
2026-05-22 09:01,77157.86719,77158.9375,77143.8125,77153.78125,0
2026-05-22 09:02,77171.3125,77172.07031,77152.04688,77152.04688,3334144
2026-05-22 09:03,77193.75781,77193.75781,77171.32031,77171.32031,0
2026-05-22 09:04,77201.46875,77201.46875,77193.75,77193.75781,3928064
2026-05-22 09:05,77196.11719,77201.46875,77188.24219,77201.46875,84819968
2026-05-22 09:06,77153.65625,77201.46875,77153.65625,77196.11719,0
2026-05-22 09:07,77117.22656,77150.00781,77117.22656,77150.00781,0
2026-05-22 09:08,77151.13281,77153.02344,77117.24219,77117.24219,2275328
2026-05-22 09:09,77143.71875,77145.95312,77135.72656,77143.8125,92628992
2026-05-22 09:10,77163.32812,77163.32812,77129.85938,77146.75,1026048
2026-05-22 09:11,77151.96875,77163.34375,77144.90625,77163.34375,0
2026-05-22 09:12,77142.35156,77151.96875,77139.75781,77151.96875,0
2026-05-22 09:13,77135.71875,77156.00781,77135.71875,77151.86719,27713536
2026-05-22 09:14,77119.57031,77139.88281,77119.5625,77123.60938,2426880
2026-05-22 09:15,77135.71875,77135.71875,77115.52344,77115.53125,0
2026-05-22 09:16,77143.07812,77159.50781,77130.39844,77131.53906,81160192
2026-05-22 09:17,77129.42188,77143.07812,77123.60156,77143.07812,0
2026-05-22 09:18,77135.97656,77137.85938,77108.79688,77124.85938,0
2026-05-22 09:19,77159.13281,77184.46094,77139.40625,77139.40625,2324480
2026-05-22 09:20,77151.89062,77158.17188,77151.88281,77158.17188,84189184
2026-05-22 09:21,77200.0,77200.35156,77168.04688,77168.04688,4200448
2026-05-22 09:22,77213.85156,77214.77344,77200.0,77200.0,0
2026-05-22 09:23,77197.86719,77213.85156,77197.86719,77213.85156,0
2026-05-22 09:24,77219.03125,77221.35938,77197.72656,77197.86719,131973120
2026-05-22 09:25,77203.40625,77212.47656,77198.00781,77212.47656,0
2026-05-22 09:26,77216.52344,77216.52344,77198.00781,77198.00781,0
2026-05-22 09:27,77224.00781,77227.95312,77212.61719,77212.61719,0
2026-05-22 09:28,77185.38281,77217.54688,77185.38281,77217.53906,24133632
2026-05-22 09:29,77173.67969,77189.10156,77170.25,77182.20312,2652160
2026-05-22 09:30,77165.72656,77192.84375,77165.72656,77173.6875,37431296
2026-05-22 09:31,77136.39062,77159.96875,77131.67969,77159.96875,1699840
2026-05-22 09:32,77129.32031,77143.78906,77129.32031,77129.32812,0
2026-05-22 09:33,77129.99219,77135.71094,77126.0,77130.75781,0
2026-05-22 09:34,77131.6875,77144.9375,77131.6875,77134.79688,79763456
2026-05-22 09:35,77121.96094,77131.6875,77111.49219,77131.6875,0
2026-05-22 09:36,77141.38281,77148.0,77123.50781,77123.50781,0
2026-05-22 09:37,77148.3125,77172.07031,77127.29688,77130.32031,741376
2026-05-22 09:38,77187.47656,77187.47656,77139.77344,77154.10156,0
2026-05-22 09:39,77183.70312,77187.49219,77183.6875,77187.49219,138676224
2026-05-22 09:40,77214.92188,77214.92188,77168.24219,77191.74219,0
2026-05-22 09:41,77224.99219,77224.99219,77206.0,77214.89062,0
2026-05-22 09:42,77225.85156,77231.27344,77218.4375,77223.6875,89876480
2026-05-22 09:43,77227.10156,77231.32812,77219.25781,77223.21094,0
2026-05-22 09:44,77218.22656,77236.71094,77218.21875,77219.14844,237568
2026-05-22 09:45,77216.52344,77228.64062,77208.4375,77218.22656,0
2026-05-22 09:46,77184.20312,77214.28125,77184.20312,77214.28125,0
2026-05-22 09:47,77192.27344,77192.27344,77172.09375,77183.40625,85297152
2026-05-22 09:48,77192.00781,77196.32031,77192.00781,77196.0,0
2026-05-22 09:49,77219.49219,77219.49219,77191.72656,77191.72656,0
2026-05-22 09:50,77232.67188,77232.67188,77216.60938,77216.60938,75554816
2026-05-22 09:51,77266.0,77270.0,77224.72656,77236.71094,0
2026-05-22 09:52,77266.14844,77270.0,77254.29688,77260.96875,5847040
2026-05-22 09:53,77248.84375,77262.82812,77248.84375,77262.34375,0
2026-05-22 09:54,77247.96094,77256.74219,77244.75781,77248.84375,0
2026-05-22 09:55,77256.0,77256.0,77242.8125,77247.95312,57233408
2026-05-22 09:56,77240.78906,77256.89062,77240.78906,77256.0,956416
2026-05-22 09:57,77231.95312,77241.53906,77229.89062,77241.53906,0
2026-05-22 09:58,77218.59375,77231.95312,77216.52344,77231.9375,0
2026-05-22 09:59,77213.99219,77213.99219,77208.45312,77208.45312,0
2026-05-22 10:00,77204.3125,77207.77344,77199.92188,77205.04688,0
2026-05-22 10:01,77229.17969,77232.67969,77204.29688,77204.29688,2600960
2026-05-22 10:02,77234.71875,77239.97656,77225.72656,77225.72656,83726336
2026-05-22 10:03,77209.47656,77235.07812,77208.50781,77234.71875,0
2026-05-22 10:04,77196.35156,77209.47656,77196.0,77209.47656,0
2026-05-22 10:05,77236.53906,77236.53906,77196.35156,77196.35156,66916352
2026-05-22 10:06,77243.54688,77245.3125,77229.24219,77242.25781,0
2026-05-22 10:07,77245.99219,77245.99219,77236.71875,77243.53906,3158016
2026-05-22 10:08,77247.82031,77259.99219,77241.25781,77241.25781,411648
2026-05-22 10:09,77245.61719,77248.72656,77240.75781,77247.82031,138561536
2026-05-22 10:10,77235.46094,77245.1875,77228.65625,77245.1875,0
2026-05-22 10:11,77251.71875,77253.95312,77230.24219,77235.46094,0
2026-05-22 10:12,77239.15625,77249.4375,77235.5625,77249.4375,11440128
2026-05-22 10:13,77235.5625,77239.99219,77235.5625,77239.17188,0
2026-05-22 10:14,77218.14844,77235.57031,77217.70312,77235.5625,0
2026-05-22 10:15,77184.21875,77207.9375,77184.21875,77207.92969,0
2026-05-22 10:16,77170.71094,77175.17188,77165.47656,77169.36719,98555904
2026-05-22 10:17,77184.1875,77192.25,77170.71094,77170.71094,0
2026-05-22 10:18,77208.29688,77208.29688,77184.1875,77184.1875,20054016
2026-05-22 10:19,77178.03125,77208.29688,77178.03125,77208.29688,1308672
2026-05-22 10:20,77177.67969,77178.03125,77176.72656,77178.03125,0
2026-05-22 10:21,77185.74219,77190.40625,77176.74219,77176.74219,2033664
2026-05-22 10:22,77208.4375,77208.4375,77185.72656,77185.74219,0
2026-05-22 10:23,77224.11719,77224.11719,77208.45312,77220.5625,0
2026-05-22 10:24,77236.71875,77236.71875,77224.10156,77231.00781,0
2026-05-22 10:25,77235.60156,77240.0,77235.60156,77236.71875,1312768
2026-05-22 10:26,77239.92969,77244.78125,77235.60156,77235.60156,0
2026-05-22 10:27,77257.59375,77257.59375,77240.77344,77250.78125,13010944
2026-05-22 10:28,77247.35938,77248.85156,77240.77344,77248.85156,0
2026-05-22 10:29,77247.57812,77264.46875,77243.3125,77247.35938,81631232
2026-05-22 10:30,77259.6875,77278.03125,77256.89844,77256.89844,0
2026-05-22 10:31,77233.22656,77252.88281,77224.60156,77252.88281,0
2026-05-22 10:32,77246.5625,77248.84375,77233.24219,77233.24219,0
2026-05-22 10:33,77252.89062,77263.82812,77241.71875,77241.71875,0
2026-05-22 10:34,77250.00781,77267.99219,77250.0,77261.78906,0
2026-05-22 10:35,77244.63281,77250.00781,77237.95312,77250.00781,29763584
2026-05-22 10:36,77227.14844,77245.97656,77220.5625,77245.97656,0
2026-05-22 10:37,77230.10938,77237.34375,77210.00781,77221.4375,0
2026-05-22 10:38,77232.50781,77236.53125,77227.32031,77230.11719,0
2026-05-22 10:39,77244.64062,77246.46094,77234.29688,77234.29688,0
2026-05-22 10:40,77232.6875,77244.64062,77232.6875,77244.64062,98236416
2026-05-22 10:41,77236.77344,77243.07031,77232.67969,77235.24219,0
2026-05-22 10:42,77239.99219,77248.84375,77236.0,77236.77344,0
2026-05-22 10:43,77236.77344,77243.21875,77236.77344,77239.99219,0
2026-05-22 10:44,77241.64844,77248.3125,77236.75781,77236.75781,0
2026-05-22 10:45,77237.74219,77248.82812,77236.77344,77236.77344,60436480
2026-05-22 10:46,77246.82031,77248.17969,77239.22656,77239.24219,0
2026-05-22 10:47,77228.49219,77242.88281,77216.0,77242.88281,0
2026-05-22 10:48,77223.39062,77237.89062,77223.39062,77232.70312,0
2026-05-22 10:49,77233.46875,77233.46875,77215.97656,77223.39062,96002048
2026-05-22 10:50,77216.78906,77233.47656,77216.78125,77233.46875,0
2026-05-22 10:51,77214.59375,77223.84375,77211.89062,77223.84375,124585984
2026-05-22 10:52,77213.42188,77218.27344,77206.35938,77211.10938,0
2026-05-22 10:53,77220.46094,77222.25,77213.42188,77213.42188,6830080
2026-05-22 10:54,77217.60938,77220.0,77215.72656,77219.8125,89456640
2026-05-22 10:55,77184.74219,77198.39844,77184.0,77198.39844,0
2026-05-22 10:56,77220.00781,77220.00781,77184.75,77184.75,102402048
2026-05-22 10:57,77219.99219,77220.00781,77208.8125,77220.00781,0
2026-05-22 10:58,77221.25,77225.72656,77220.0,77220.0,0
2026-05-22 10:59,77224.67188,77224.67188,77221.24219,77221.25,5578752
2026-05-22 11:00,77236.88281,77241.02344,77230.88281,77230.88281,1069056
2026-05-22 11:01,77238.3125,77241.39062,77224.67188,77233.38281,3897344
2026-05-22 11:02,77234.74219,77242.46094,77225.25781,77240.57031,0
2026-05-22 11:03,77256.92969,77256.92969,77234.74219,77234.74219,0
2026-05-22 11:04,77234.74219,77273.32812,77234.74219,77259.99219,41463808
2026-05-22 11:05,77207.72656,77242.00781,77207.72656,77234.72656,757760
2026-05-22 11:06,77209.77344,77215.57031,77209.54688,77209.54688,0
2026-05-22 11:07,77197.04688,77217.96094,77197.04688,77209.63281,103452672
2026-05-22 11:08,77220.21875,77222.96094,77197.0625,77197.0625,0
2026-05-22 11:09,77216.85938,77229.9375,77213.99219,77213.99219,0
2026-05-22 11:10,77206.72656,77216.85938,77201.89844,77216.14062,0
2026-05-22 11:11,77219.36719,77219.36719,77209.22656,77209.24219,739328
2026-05-22 11:12,77215.99219,77219.36719,77197.97656,77219.36719,198066176
2026-05-22 11:13,77213.28906,77219.67969,77213.28125,77215.99219,0
2026-05-22 11:14,77204.00781,77221.45312,77191.24219,77213.28906,0
2026-05-22 11:15,77156.52344,77205.99219,77156.52344,77204.0,0
2026-05-22 11:16,77157.54688,77169.11719,77150.00781,77156.52344,0
2026-05-22 11:17,77167.84375,77169.11719,77157.54688,77157.54688,2809856
2026-05-22 11:18,77143.82812,77160.00781,77143.82812,77157.54688,0
2026-05-22 11:19,77118.9375,77145.32031,77110.6875,77144.60938,127459328
2026-05-22 11:20,77151.78125,77151.78125,77088.60156,77118.92969,0
2026-05-22 11:21,77152.0,77152.42188,77136.00781,77152.42188,0
2026-05-22 11:22,77147.85938,77152.00781,77142.10938,77152.00781,0
2026-05-22 11:23,77155.99219,77155.99219,77138.25,77144.65625,0
2026-05-22 11:24,77156.39844,77158.59375,77137.85938,77156.0,0
2026-05-22 11:25,77172.22656,77172.22656,77151.79688,77152.13281,187758592
2026-05-22 11:26,77199.78125,77199.78125,77172.24219,77172.24219,1906688
2026-05-22 11:27,77235.6875,77256.35156,77206.0625,77206.0625,35635200
2026-05-22 11:28,77211.02344,77238.21094,77211.02344,77238.21094,0
2026-05-22 11:29,77219.32031,77223.0,77211.03906,77211.03906,0
2026-05-22 11:30,77230.89062,77235.67969,77219.29688,77219.29688,155598848
2026-05-22 11:31,77234.74219,77239.64844,77223.17188,77239.64844,839680
2026-05-22 11:32,77222.85156,77236.03125,77222.85156,77234.74219,0
2026-05-22 11:33,77211.46094,77222.85156,77203.86719,77222.85156,48758784
2026-05-22 11:34,77218.24219,77218.24219,77211.46094,77211.46094,0
2026-05-22 11:35,77234.71094,77234.71094,77218.24219,77218.24219,0
2026-05-22 11:36,77250.14844,77256.35938,77234.71094,77234.71094,129613824
2026-05-22 11:37,77242.67969,77256.35938,77238.97656,77250.15625,0
2026-05-22 11:38,77242.0,77253.99219,77237.99219,77242.67969,1361920
2026-05-22 11:39,77253.99219,77253.99219,77241.89062,77241.89062,0
2026-05-22 11:40,77244.09375,77253.99219,77244.09375,77247.09375,0
2026-05-22 11:41,77232.82031,77244.09375,77232.82031,77244.09375,0
2026-05-22 11:42,77239.61719,77251.03125,77237.79688,77237.79688,73488384
2026-05-22 11:43,77234.5625,77247.67969,77234.5625,77243.02344,0
2026-05-22 11:44,77244.96094,77253.89844,77235.61719,77235.61719,90275840
2026-05-22 11:45,77232.82031,77246.07812,77232.82031,77245.11719,0
2026-05-22 11:46,77241.28906,77242.78125,77223.17188,77232.28125,0
2026-05-22 11:47,77284.00781,77285.97656,77230.89062,77241.27344,0
2026-05-22 11:48,77323.53906,77333.61719,77288.32812,77288.32812,0
2026-05-22 11:49,77310.0,77330.0,77310.0,77327.97656,0
2026-05-22 11:50,77335.03906,77335.54688,77319.92188,77323.04688,0
2026-05-22 11:51,77317.9375,77330.89844,77317.9375,77330.89844,191528960
2026-05-22 11:52,77336.96094,77340.20312,77313.03125,77313.03125,0
2026-05-22 11:53,77318.42969,77333.46875,77312.0625,77329.49219,92358656
2026-05-22 11:54,77304.25,77323.40625,77304.25,77323.40625,0
2026-05-22 11:55,77303.70312,77304.22656,77284.02344,77304.22656,0
2026-05-22 11:56,77292.64844,77304.21875,77292.64844,77303.6875,1673216
2026-05-22 11:57,77306.27344,77315.79688,77299.39844,77299.39844,3786752
2026-05-22 11:58,77317.82812,77317.82812,77305.0,77306.25781,0
2026-05-22 11:59,77342.0625,77342.0625,77317.75,77325.35156,89583616
2026-05-22 12:00,77311.9375,77350.0,77311.9375,77346.67188,126193664
2026-05-22 12:01,77334.54688,77334.60156,77303.95312,77308.07812,0
2026-05-22 12:02,77350.49219,77350.49219,77323.53125,77334.53906,0
2026-05-22 12:03,77359.67188,77359.67188,77325.02344,77341.67188,0
2026-05-22 12:04,77345.77344,77359.67188,77345.67188,77359.67188,84244480
2026-05-22 12:05,77341.15625,77341.15625,77329.25,77333.04688,0
2026-05-22 12:06,77356.36719,77356.38281,77331.25,77341.17188,0
2026-05-22 12:07,77357.63281,77365.88281,77350.0,77365.88281,0
2026-05-22 12:08,77350.53906,77362.13281,77350.53906,77356.28125,0
2026-05-22 12:09,77346.71094,77365.97656,77346.6875,77353.92188,0
2026-05-22 12:10,77360.13281,77360.13281,77346.71094,77346.71094,91953152
2026-05-22 12:11,77338.96875,77354.97656,77338.96875,77354.97656,0
2026-05-22 12:12,77439.32812,77478.40625,77335.0625,77335.07031,0
2026-05-22 12:13,77439.10156,77454.67969,77416.15625,77431.60156,0
2026-05-22 12:14,77450.89062,77450.89062,77425.47656,77450.6875,91738112
2026-05-22 12:15,77456.38281,77491.21094,77456.38281,77463.40625,103284736
2026-05-22 12:16,77431.24219,77470.1875,77415.10938,77467.4375,0
2026-05-22 12:17,77394.14062,77435.25,77389.14844,77423.88281,0
2026-05-22 12:18,77408.42969,77408.42969,77392.42188,77392.42188,39098368
2026-05-22 12:19,77451.02344,77474.0625,77421.99219,77421.99219,1929216
2026-05-22 12:20,77450.40625,77473.0625,77443.17969,77451.02344,0
2026-05-22 12:21,77416.15625,77447.46094,77416.15625,77447.46094,151996416
2026-05-22 12:22,77357.88281,77408.02344,77346.67969,77404.57812,0
2026-05-22 12:23,77343.96094,77362.8125,77335.14062,77358.65625,3575808
2026-05-22 12:24,77381.57812,77384.96875,77342.82031,77352.21094,0
2026-05-22 12:25,77381.59375,77393.0,77381.59375,77384.86719,92661760
2026-05-22 12:26,77337.20312,77381.57812,77337.20312,77381.57812,0
2026-05-22 12:27,77328.78125,77338.96094,77323.89062,77337.20312,0
2026-05-22 12:28,77315.99219,77338.96094,77315.99219,77328.8125,0
2026-05-22 12:29,77339.03125,77341.04688,77319.32031,77319.32031,1191936
2026-05-22 12:30,77323.92969,77339.03906,77319.96875,77339.03125,99043328
2026-05-22 12:31,77338.96094,77338.96094,77315.99219,77323.92969,178176
2026-05-22 12:32,77321.36719,77346.67969,77321.35156,77338.96094,0
2026-05-22 12:33,77362.10938,77362.10938,77321.38281,77321.39062,54763520
2026-05-22 12:34,77356.86719,77380.03906,77356.86719,77371.99219,0
2026-05-22 12:35,77369.84375,77369.84375,77353.82812,77357.67969,0
2026-05-22 12:36,77348.99219,77369.85156,77323.97656,77369.85156,0
2026-05-22 12:37,77354.57812,77354.59375,77350.53906,77354.57812,0
2026-05-22 12:38,77361.99219,77364.67969,77354.57031,77354.57031,0
2026-05-22 12:39,77359.84375,77372.0,77357.25,77361.99219,0
2026-05-22 12:40,77346.09375,77361.60156,77336.10156,77359.84375,0
2026-05-22 12:41,77354.40625,77362.28125,77341.88281,77346.10156,2934784
2026-05-22 12:42,77341.88281,77356.84375,77341.88281,77354.40625,0
2026-05-22 12:43,77325.97656,77331.32031,77309.99219,77330.71094,0
2026-05-22 12:44,77341.57812,77341.59375,77325.97656,77325.97656,90695680
2026-05-22 12:45,77358.17188,77358.17188,77341.59375,77341.59375,0
2026-05-22 12:46,77351.52344,77370.53125,77351.0625,77362.10938,5543936
2026-05-22 12:47,77372.88281,77378.45312,77356.1875,77356.1875,0
2026-05-22 12:48,77379.9375,77379.9375,77373.59375,77373.59375,0
2026-05-22 12:49,77390.27344,77390.27344,77380.0,77380.0,0
2026-05-22 12:50,77381.79688,77390.27344,77373.71094,77390.27344,85106688
2026-05-22 12:51,77412.25781,77412.25781,77381.79688,77381.79688,0
2026-05-22 12:52,77422.70312,77422.70312,77414.5625,77414.5625,0
2026-05-22 12:53,77430.07812,77430.71094,77422.70312,77422.70312,5752832
2026-05-22 12:54,77423.89062,77442.07031,77423.89062,77442.07031,0
2026-05-22 12:55,77363.28125,77423.89062,77363.28125,77423.89062,28473344
2026-05-22 12:56,77368.96094,77368.96094,77361.02344,77362.13281,88571904
2026-05-22 12:57,77400.0,77400.0,77377.53125,77377.53125,0
2026-05-22 12:58,77386.49219,77399.46875,77386.49219,77399.46875,0
2026-05-22 12:59,77446.32812,77446.32812,77391.3125,77391.3125,0
2026-05-22 13:00,77411.79688,77447.03906,77411.79688,77447.03125,0
2026-05-22 13:01,77404.25781,77413.3125,77397.65625,77404.57812,622592
2026-05-22 13:02,77380.46875,77403.82812,77378.77344,77400.00781,0
2026-05-22 13:03,77393.00781,77403.92969,77380.47656,77380.47656,107737088
2026-05-22 13:04,77392.13281,77400.50781,77389.14844,77398.40625,0
2026-05-22 13:05,77374.47656,77396.34375,77374.47656,77392.11719,4345856
2026-05-22 13:06,77377.57031,77386.15625,77374.46875,77374.46875,110039040
2026-05-22 13:07,77392.40625,77393.49219,77378.88281,77378.88281,0
2026-05-22 13:08,77390.92969,77393.42969,77389.97656,77392.40625,0
2026-05-22 13:09,77447.03906,77456.5,77377.64062,77390.78125,0
2026-05-22 13:10,77458.0,77458.0,77416.15625,77437.22656,0
2026-05-22 13:11,77450.17188,77466.78906,77444.49219,77464.0,0
2026-05-22 13:12,77440.10156,77450.17188,77408.4375,77450.17188,0
2026-05-22 13:13,77388.89844,77454.72656,77388.89844,77440.10156,97933312
2026-05-22 13:14,77406.59375,77406.59375,77387.0,77390.0,987136
2026-05-22 13:15,77430.67188,77436.50781,77396.02344,77406.60156,0
2026-05-22 13:16,77439.78125,77439.78125,77420.02344,77430.67969,0
2026-05-22 13:17,77421.96875,77442.39062,77420.03125,77439.77344,2041856
2026-05-22 13:18,77425.64844,77433.17188,77416.17188,77416.95312,19519488
2026-05-22 13:19,77379.96094,77425.64062,77362.40625,77425.64062,0
2026-05-22 13:20,77390.20312,77400.71875,77374.95312,77379.95312,0
2026-05-22 13:21,77340.0,77386.90625,77340.0,77386.89844,0
2026-05-22 13:22,77319.64844,77335.11719,77314.0,77335.11719,94928896
2026-05-22 13:23,77309.84375,77313.11719,77302.00781,77308.09375,395264
2026-05-22 13:24,77310.59375,77314.92969,77306.32031,77306.32031,0
2026-05-22 13:25,77268.97656,77278.0,77250.90625,77273.34375,0
2026-05-22 13:26,77269.96875,77269.96875,77258.49219,77268.97656,0
2026-05-22 13:27,77266.39844,77273.34375,77266.39844,77273.34375,7020544
2026-05-22 13:28,77259.96875,77259.96875,77240.0,77246.38281,0
2026-05-22 13:29,77206.61719,77260.10156,77206.61719,77260.10156,0
2026-05-22 13:30,77230.86719,77230.86719,77136.82031,77179.11719,0
2026-05-22 13:31,77188.35938,77273.34375,77165.63281,77250.17188,0
2026-05-22 13:32,77184.0,77214.35156,77165.96875,77184.54688,98459648
2026-05-22 13:33,77050.96875,77180.70312,77048.07031,77180.70312,0
2026-05-22 13:34,77103.17969,77103.17969,77032.99219,77032.99219,95535104
2026-05-22 13:35,77139.03906,77180.0,77118.97656,77118.97656,0
2026-05-22 13:36,77104.00781,77144.92188,77099.63281,77144.92188,0
2026-05-22 13:37,77130.50781,77148.00781,77105.28906,77105.28906,0
2026-05-22 13:38,77181.99219,77198.0,77124.02344,77128.82031,93493248
2026-05-22 13:39,77146.67969,77182.65625,77132.49219,77174.27344,0
2026-05-22 13:40,77187.34375,77220.03906,77176.42969,77176.42969,98009088
2026-05-22 13:41,77184.0,77200.0,77167.5625,77167.5625,0
2026-05-22 13:42,77122.79688,77178.50781,77064.00781,77169.34375,0
2026-05-22 13:43,77081.99219,77117.97656,77081.99219,77091.92188,0
2026-05-22 13:44,77083.79688,77095.75,77060.50781,77082.0,0
2026-05-22 13:45,77167.14844,77184.5625,77115.0,77115.0,0
2026-05-22 13:46,77199.46094,77207.71094,77170.10938,77191.77344,0
2026-05-22 13:47,77160.00781,77189.95312,77160.0,77186.57812,14815232
2026-05-22 13:48,77067.72656,77160.3125,77067.72656,77160.3125,114812928
2026-05-22 13:49,77126.85156,77126.85156,77065.84375,77065.84375,0
2026-05-22 13:50,77099.10156,77158.0,77095.78906,77143.92969,94621696
2026-05-22 13:51,77128.92188,77131.02344,77086.00781,77095.78125,0
2026-05-22 13:52,77109.92969,77125.71875,77084.20312,77125.71875,0
2026-05-22 13:53,77136.85938,77169.11719,77111.21094,77111.21094,0
2026-05-22 13:54,77144.21094,77164.78906,77127.85938,77141.72656,0
2026-05-22 13:55,77138.24219,77179.4375,77136.9375,77143.13281,0
2026-05-22 13:56,77127.67188,77144.17969,77103.5,77138.27344,92735488
2026-05-22 13:57,77120.50781,77159.97656,77118.17969,77142.14062,0
2026-05-22 13:58,77149.82031,77153.67969,77131.28906,77144.28906,0
2026-05-22 13:59,77196.03906,77196.03906,77165.96094,77167.0625,93585408
2026-05-22 14:00,77102.28906,77139.99219,77099.53125,77115.84375,0
2026-05-22 14:01,77075.96875,77125.96875,77066.97656,77079.86719,94418944
2026-05-22 14:02,77085.97656,77111.21094,77053.07812,77095.77344,0
2026-05-22 14:03,77089.35938,77111.21094,77064.89844,77105.89844,0
2026-05-22 14:04,77037.97656,77080.65625,77014.79688,77080.65625,0
2026-05-22 14:05,77013.96094,77047.89062,77013.9375,77021.32031,0
2026-05-22 14:06,76979.97656,77020.4375,76937.52344,77020.4375,16041984
2026-05-22 14:07,76945.24219,76960.67969,76906.02344,76960.67969,438272
2026-05-22 14:08,76983.00781,77007.6875,76950.04688,76950.04688,0
2026-05-22 14:09,77008.00781,77009.77344,76960.67969,76983.60938,90689536
2026-05-22 14:10,76978.45312,76998.0,76964.53906,76998.0,8503296
2026-05-22 14:11,77006.02344,77006.02344,76949.82812,76949.82812,13670400
2026-05-22 14:12,77026.28125,77042.36719,77005.63281,77005.63281,0
2026-05-22 14:13,76953.92188,77026.28125,76943.52344,77026.28125,0
2026-05-22 14:14,76973.70312,76976.60938,76949.86719,76952.96094,93812736
2026-05-22 14:15,76964.53906,77014.17969,76964.53906,76968.39844,257738752
2026-05-22 14:16,76945.24219,76964.00781,76933.61719,76957.77344,1998848
2026-05-22 14:17,76930.82812,76951.6875,76926.36719,76948.5625,0
2026-05-22 14:18,76872.42969,76923.9375,76838.15625,76923.9375,0
2026-05-22 14:19,76833.29688,76862.00781,76821.3125,76862.00781,0
2026-05-22 14:20,76852.59375,76865.46094,76811.75781,76838.77344,0
2026-05-22 14:21,76791.92969,76834.85156,76785.32031,76834.85156,103995392
2026-05-22 14:22,76758.10156,76806.27344,76755.29688,76794.17969,0
2026-05-22 14:23,76705.92188,76763.8125,76705.92188,76753.90625,0
2026-05-22 14:24,76737.14844,76739.25781,76678.90625,76702.07812,181747712
2026-05-22 14:25,76759.9375,76759.9375,76700.47656,76717.74219,5152768
2026-05-22 14:26,76750.07031,76764.96094,76743.88281,76751.46094,3784704
2026-05-22 14:27,76799.60938,76799.60938,76758.35156,76758.35156,0
2026-05-22 14:28,76752.25,76798.4375,76750.52344,76797.03125,0
2026-05-22 14:29,76759.17969,76788.0,76745.17188,76780.0,0
2026-05-22 14:30,76709.78125,76754.88281,76697.00781,76754.88281,0
2026-05-22 14:31,76755.95312,76756.0,76712.0,76712.0,0
2026-05-22 14:32,76705.90625,76756.09375,76688.0,76756.09375,0
2026-05-22 14:33,76721.89844,76725.21875,76706.0,76707.0,0
2026-05-22 14:34,76732.02344,76732.02344,76717.50781,76725.20312,0
2026-05-22 14:35,76740.60938,76747.0,76729.39062,76735.97656,0
2026-05-22 14:36,76721.67188,76739.04688,76721.35938,76734.21875,0
2026-05-22 14:37,76713.64062,76736.78125,76713.64062,76733.60938,0
2026-05-22 14:38,76690.11719,76713.64844,76686.61719,76713.64844,0
2026-05-22 14:39,76717.40625,76721.35156,76697.95312,76698.77344,0
2026-05-22 14:40,76706.72656,76736.79688,76705.92969,76717.40625,102307840
2026-05-22 14:41,76696.25781,76704.84375,76685.96875,76691.0,0
2026-05-22 14:42,76681.35938,76696.25781,76678.00781,76696.25781,0
2026-05-22 14:43,76707.85938,76724.39062,76697.65625,76698.14844,108544000
2026-05-22 14:44,76725.17188,76733.78125,76713.63281,76713.63281,0
2026-05-22 14:45,76726.03125,76728.52344,76715.00781,76721.6875,0
2026-05-22 14:46,76735.09375,76738.9375,76721.71875,76723.64844,42430464
2026-05-22 14:47,76722.25,76736.17969,76688.0,76734.17969,6774784
2026-05-22 14:48,76743.88281,76749.96875,76730.0,76730.0,111976448
2026-05-22 14:49,76705.92969,76766.39062,76705.92969,76754.35938,0
2026-05-22 14:50,76677.97656,76695.86719,76673.92969,76695.86719,0
2026-05-22 14:51,76674.85156,76689.64062,76673.0,76673.92969,0
2026-05-22 14:52,76701.71875,76701.71875,76671.28906,76679.28906,6600704
2026-05-22 14:53,76717.99219,76726.1875,76702.45312,76702.45312,0
2026-05-22 14:54,76690.8125,76700.49219,76688.10938,76700.49219,110782464
2026-05-22 14:55,76724.21875,76724.21875,76677.82812,76677.82812,0
2026-05-22 14:56,76739.71875,76740.00781,76715.97656,76718.89062,107892736
2026-05-22 14:57,76699.28125,76742.60156,76696.27344,76739.71094,0
2026-05-22 14:58,76675.64062,76702.42188,76663.09375,76702.42188,100714496
2026-05-22 14:59,76674.89062,76687.86719,76674.89062,76680.39062,0
2026-05-22 15:00,76615.47656,76663.04688,76579.53906,76621.99219,0
2026-05-22 15:01,76672.57812,76672.57812,76609.42969,76609.42969,0
2026-05-22 15:02,76722.02344,76722.02344,76668.99219,76672.14062,0
2026-05-22 15:03,76741.13281,76744.0,76730.96875,76730.96875,0
2026-05-22 15:04,76741.97656,76747.92969,76730.71875,76741.13281,89991168
2026-05-22 15:05,76851.32031,76851.32031,76741.97656,76741.97656,3729408
2026-05-22 15:06,76807.49219,76861.53906,76802.78125,76854.95312,0
2026-05-22 15:07,76835.85938,76854.35938,76800.0,76802.78906,151511040
2026-05-22 15:08,76784.47656,76844.6875,76780.70312,76838.14062,0
2026-05-22 15:09,76791.32812,76791.32812,76771.53906,76788.42188,165502976
2026-05-22 15:10,76792.04688,76806.0,76783.13281,76794.70312,2258944
2026-05-22 15:11,76759.9375,76789.67188,76753.11719,76789.67188,0
2026-05-22 15:12,76736.86719,76761.96875,76735.85938,76747.03125,0
2026-05-22 15:13,76701.96094,76732.95312,76675.04688,76732.95312,6414336
2026-05-22 15:14,76686.60938,76701.96875,76667.32031,76701.96094,99313664
2026-05-22 15:15,76718.46094,76726.90625,76686.63281,76686.63281,0
2026-05-22 15:16,76747.17969,76779.22656,76732.0,76732.0,0
2026-05-22 15:17,76736.72656,76743.78906,76736.72656,76743.78906,444416
2026-05-22 15:18,76736.85938,76747.46094,76725.21875,76734.42188,61956096
2026-05-22 15:19,76760.29688,76760.29688,76737.99219,76737.99219,89954304
2026-05-22 15:20,76761.99219,76761.99219,76750.57031,76755.21875,0
2026-05-22 15:21,76732.60156,76765.67188,76726.07031,76756.10938,0
2026-05-22 15:22,76659.82812,76720.86719,76659.82812,76720.86719,0
2026-05-22 15:23,76550.53125,76645.89844,76531.96094,76645.89844,2027520
2026-05-22 15:24,76532.21875,76583.79688,76524.50781,76544.99219,101187584
2026-05-22 15:25,76566.9375,76566.9375,76491.35156,76520.67969,937984
2026-05-22 15:26,76621.52344,76621.52344,76580.0,76580.0,0
2026-05-22 15:27,76698.32812,76705.96875,76622.95312,76624.85156,0
2026-05-22 15:28,76746.96875,76747.99219,76716.03906,76716.03906,0
2026-05-22 15:29,76816.0,76816.0,76743.60156,76743.60156,1253376
2026-05-22 15:30,76875.03125,76875.03125,76794.70312,76794.70312,365864960
2026-05-22 15:31,76868.03906,76929.75781,76868.03906,76881.09375,0
2026-05-22 15:32,76898.92188,76912.03906,76869.29688,76869.29688,0
2026-05-22 15:33,76853.35938,76912.02344,76848.71094,76912.02344,154800128
2026-05-22 15:34,76832.00781,76879.89062,76825.29688,76864.10156,9644032
2026-05-22 15:35,76830.79688,76841.03125,76821.71875,76830.96094,0
2026-05-22 15:36,76832.14062,76844.86719,76819.8125,76837.02344,73314304
2026-05-22 15:37,76750.0,76841.02344,76750.0,76841.02344,0
2026-05-22 15:38,76681.49219,76751.79688,76659.60938,76751.79688,675840
2026-05-22 15:39,76617.14062,76686.10156,76590.22656,76686.10156,0
2026-05-22 15:40,76579.97656,76623.99219,76552.53906,76605.57031,185763840
2026-05-22 15:41,76563.07031,76589.97656,76543.25781,76575.75,0
2026-05-22 15:42,76600.02344,76600.02344,76565.96094,76568.27344,0
2026-05-22 15:43,76593.97656,76608.15625,76588.11719,76600.02344,0
2026-05-22 15:44,76621.32031,76622.53906,76590.13281,76599.97656,0
2026-05-22 15:45,76632.0625,76633.10938,76615.86719,76626.35938,170592256
2026-05-22 15:46,76629.36719,76639.5,76624.61719,76632.0625,4012032
2026-05-22 15:47,76663.4375,76663.4375,76635.59375,76635.59375,0
2026-05-22 15:48,76605.5625,76663.47656,76605.5625,76663.47656,0
2026-05-22 15:49,76621.32812,76644.6875,76609.42969,76609.42969,115034112
2026-05-22 15:50,76600.96094,76620.99219,76559.97656,76617.29688,0
2026-05-22 15:51,76684.97656,76684.97656,76605.54688,76605.54688,111644672
2026-05-22 15:52,76676.60938,76705.57031,76671.1875,76686.60938,3794944
2026-05-22 15:53,76673.46875,76691.95312,76669.85156,76671.13281,0
2026-05-22 15:54,76706.02344,76706.02344,76679.52344,76679.52344,46147584
2026-05-22 15:55,76705.89844,76708.15625,76690.47656,76690.47656,0
2026-05-22 15:56,76718.54688,76718.54688,76699.61719,76701.65625,905216
2026-05-22 15:57,76716.28906,76721.35938,76696.53906,76718.57812,0
2026-05-22 15:58,76696.35938,76729.65625,76696.35938,76705.92188,100519936
2026-05-22 15:59,76698.25,76705.0,76695.00781,76703.90625,0
2026-05-22 16:00,76695.52344,76722.67969,76690.89844,76690.89844,0
2026-05-22 16:01,76756.0,76756.0,76697.71094,76701.96094,2705408
2026-05-22 16:02,76793.14062,76793.14062,76771.53906,76771.53906,0
2026-05-22 16:03,76795.92969,76797.00781,76783.13281,76783.13281,0
2026-05-22 16:04,76763.84375,76799.99219,76763.84375,76790.09375,0
2026-05-22 16:05,76707.25,76776.15625,76707.25,76776.15625,6320128
2026-05-22 16:06,76728.84375,76746.00781,76708.97656,76708.97656,0
2026-05-22 16:07,76707.45312,76721.35938,76702.0625,76715.85938,0
2026-05-22 16:08,76690.49219,76708.02344,76682.82812,76708.02344,4151296
2026-05-22 16:09,76712.39062,76712.39062,76684.97656,76704.0,0
2026-05-22 16:10,76705.89844,76744.59375,76693.72656,76712.39062,0
2026-05-22 16:11,76728.0,76734.71094,76680.0,76694.34375,7729152
2026-05-22 16:12,76772.10156,76772.10156,76732.92969,76732.92969,74815488
2026-05-22 16:13,76784.35156,76793.0,76760.0,76760.0,976896
2026-05-22 16:14,76782.46875,76795.89844,76767.67969,76767.67969,0
2026-05-22 16:15,76715.39844,76786.85156,76715.39844,76773.04688,0
2026-05-22 16:16,76750.97656,76753.92188,76711.39844,76717.1875,0
2026-05-22 16:17,76781.75,76781.75,76736.79688,76755.02344,0
2026-05-22 16:18,76754.63281,76777.35938,76733.9375,76777.35938,150140928
2026-05-22 16:19,76738.03125,76768.88281,76730.02344,76767.64062,0
2026-05-22 16:20,76798.0,76798.0,76730.00781,76738.03906,0
2026-05-22 16:21,76846.99219,76846.99219,76813.1875,76814.97656,0
2026-05-22 16:22,76824.85156,76847.0,76818.46094,76847.0,94435328
2026-05-22 16:23,76780.14062,76810.14062,76779.25781,76810.14062,1634304
2026-05-22 16:24,76758.0,76780.32031,76758.0,76780.32031,101324800
2026-05-22 16:25,76776.85156,76776.85156,76752.24219,76752.24219,0
2026-05-22 16:26,76788.71875,76790.82031,76779.21094,76779.21094,1009664
2026-05-22 16:27,76809.42969,76814.03906,76790.10156,76796.14844,0
2026-05-22 16:28,76822.38281,76822.38281,76789.59375,76809.4375,0
2026-05-22 16:29,76844.3125,76849.00781,76823.61719,76823.61719,102950912
2026-05-22 16:30,76857.85938,76880.21094,76844.32031,76844.32031,0
2026-05-22 16:31,76879.53906,76879.54688,76846.32031,76865.67969,0
2026-05-22 16:32,76871.85156,76880.86719,76860.15625,76880.78125,102047744
2026-05-22 16:33,76832.99219,76879.07812,76832.35938,76868.0,0
2026-05-22 16:34,76819.42969,76838.82812,76817.85938,76838.82812,103903232
2026-05-22 16:35,76788.71875,76819.42969,76779.25781,76819.42969,0
2026-05-22 16:36,76800.0,76800.0,76784.0,76788.71875,0
2026-05-22 16:37,76858.00781,76858.00781,76798.57812,76798.57812,205805568
2026-05-22 16:38,76846.65625,76863.15625,76846.65625,76858.02344,0
2026-05-22 16:39,76813.64062,76849.9375,76813.10156,76849.9375,0
2026-05-22 16:40,76834.78906,76834.95312,76811.86719,76813.64062,103434240
2026-05-22 16:41,76846.75,76851.45312,76822.1875,76822.1875,0
2026-05-22 16:42,76833.29688,76851.45312,76833.29688,76837.15625,0
2026-05-22 16:43,76804.39844,76833.3125,76796.61719,76833.3125,104720384
2026-05-22 16:44,76803.25,76818.42188,76797.82031,76807.02344,0
2026-05-22 16:45,76813.97656,76825.14062,76802.0,76803.25781,59688960
2026-05-22 16:46,76864.32031,76875.85938,76806.47656,76806.47656,0
2026-05-22 16:47,76841.02344,76856.46094,76841.02344,76856.46094,0
2026-05-22 16:48,76855.53906,76867.95312,76848.92188,76848.92188,0
2026-05-22 16:49,76865.99219,76865.99219,76841.02344,76855.53906,90572800
2026-05-22 16:50,76880.74219,76889.99219,76874.9375,76874.9375,0
2026-05-22 16:51,76891.97656,76912.32031,76889.99219,76889.99219,0
2026-05-22 16:52,76890.02344,76900.90625,76884.63281,76891.97656,274909184
2026-05-22 16:53,76900.6875,76910.39062,76890.00781,76890.00781,100755456
2026-05-22 16:54,76901.53906,76903.74219,76887.07812,76903.74219,0
2026-05-22 16:55,76901.8125,76904.07031,76888.40625,76902.77344,2152448
2026-05-22 16:56,76871.0,76900.0625,76860.32812,76900.0,101693440
2026-05-22 16:57,76872.21094,76874.0,76841.00781,76867.00781,0
2026-05-22 16:58,76876.13281,76876.13281,76872.20312,76875.10938,0
2026-05-22 16:59,76863.0,76872.20312,76857.88281,76872.20312,1845248
2026-05-22 17:00,76906.90625,76906.90625,76869.71094,76869.71094,4993024
2026-05-22 17:01,76868.04688,76906.89844,76867.10938,76906.89844,95674368
2026-05-22 17:02,76883.34375,76887.52344,76868.03125,76868.03125,0
2026-05-22 17:03,76885.46875,76892.0,76868.03906,76883.32812,0
2026-05-22 17:04,76900.96094,76905.96094,76891.70312,76891.71094,0
2026-05-22 17:05,76875.75781,76924.99219,76875.75781,76905.3125,0
2026-05-22 17:06,76805.27344,76875.75781,76802.42188,76875.75781,0
2026-05-22 17:07,76854.00781,76854.00781,76809.85156,76809.85156,0
2026-05-22 17:08,76857.92969,76859.92969,76848.97656,76854.00781,99014656
2026-05-22 17:09,76856.46094,76872.54688,76852.28125,76857.92188,17401856
2026-05-22 17:10,76860.32031,76869.32812,76850.14844,76856.46094,0
2026-05-22 17:11,76886.74219,76886.74219,76860.3125,76860.32031,0
2026-05-22 17:12,76853.99219,76884.75,76853.99219,76884.75,0
2026-05-22 17:13,76881.71094,76881.71094,76861.85156,76861.85156,0
2026-05-22 17:14,76866.92188,76881.71094,76866.90625,76881.70312,0
2026-05-22 17:15,76898.14844,76900.0,76872.28125,76872.28125,91086848
2026-05-22 17:16,76901.8125,76926.25781,76898.63281,76898.63281,0
2026-05-22 17:17,76843.50781,76887.99219,76841.02344,76887.99219,0
2026-05-22 17:18,76826.57812,76856.45312,76821.71875,76844.97656,0
2026-05-22 17:19,76817.38281,76856.46094,76817.38281,76826.59375,0
2026-05-22 17:20,76785.92969,76787.39062,76742.54688,76742.54688,0
2026-05-22 17:21,76776.5625,76779.42969,76752.24219,76779.42969,0
2026-05-22 17:22,76771.53906,76796.82031,76771.53906,76782.17188,0
2026-05-22 17:23,76717.5,76784.0,76704.02344,76771.5625,0
2026-05-22 17:24,76716.57031,76716.57031,76687.34375,76703.22656,0
2026-05-22 17:25,76752.47656,76752.47656,76729.35156,76738.03125,0
2026-05-22 17:26,76748.45312,76760.21875,76744.52344,76758.60156,0
2026-05-22 17:27,76749.25,76758.0,76748.4375,76748.4375,136136704
2026-05-22 17:28,76910.49219,76920.29688,76766.86719,76766.86719,0
2026-05-22 17:29,76976.28906,76980.39844,76849.97656,76871.90625,0
2026-05-22 17:30,76920.0,76995.42969,76920.0,76995.42969,0
2026-05-22 17:31,76871.95312,76929.78906,76871.89844,76906.64844,0
2026-05-22 17:32,76849.99219,76897.97656,76837.15625,76874.11719,93435904
2026-05-22 17:33,76853.92188,76855.02344,76825.57812,76855.02344,65576960
2026-05-22 17:34,76883.92188,76889.86719,76845.03906,76845.03906,0
2026-05-22 17:35,76891.20312,76899.14844,76871.89844,76871.89844,0
2026-05-22 17:36,76861.00781,76891.20312,76848.77344,76891.20312,0
2026-05-22 17:37,76875.89844,76881.52344,76851.74219,76857.57031,1830912
2026-05-22 17:38,76876.89844,76891.77344,76875.67969,76875.89062,0
2026-05-22 17:39,76914.35938,76925.42188,76879.4375,76882.02344,0
2026-05-22 17:40,76920.61719,76930.46094,76910.50781,76914.36719,93442048
2026-05-22 17:41,76918.22656,76933.49219,76909.71875,76933.49219,0
2026-05-22 17:42,76908.21094,76909.72656,76891.21094,76909.72656,0
2026-05-22 17:43,76909.10938,76921.35938,76908.20312,76908.20312,104243200
2026-05-22 17:44,76878.4375,76921.77344,76878.4375,76920.57812,0
2026-05-22 17:45,76857.40625,76884.0,76856.46875,76882.77344,0
2026-05-22 17:46,76800.28906,76840.79688,76800.28906,76834.0625,0
2026-05-22 17:47,76825.59375,76843.85938,76814.46094,76814.46094,0
2026-05-22 17:48,76752.52344,76815.4375,76752.52344,76810.14062,0
2026-05-22 17:49,76718.96094,76775.99219,76717.50781,76752.52344,0
2026-05-22 17:50,76700.07812,76730.0,76700.00781,76711.21875,0
2026-05-22 17:51,76719.50781,76722.17969,76697.97656,76700.74219,68052992
2026-05-22 17:52,76704.90625,76721.35156,76702.75781,76719.5,1853440
2026-05-22 17:53,76720.03125,76720.03906,76707.90625,76707.90625,0
2026-05-22 17:54,76716.96875,76720.03906,76690.74219,76720.03906,0
2026-05-22 17:55,76708.57031,76716.96875,76687.99219,76716.96875,0
2026-05-22 17:56,76683.5625,76708.57812,76683.5625,76708.57812,0
2026-05-22 17:57,76688.78906,76700.71094,76683.57031,76683.57031,0
2026-05-22 17:58,76669.50781,76682.75781,76657.32812,76682.75781,0
2026-05-22 17:59,76654.74219,76669.10156,76651.96094,76669.10156,0
2026-05-22 18:00,76650.03125,76676.15625,76650.03125,76652.1875,0
2026-05-22 18:01,76670.0,76670.0,76639.75781,76647.96875,14331904
2026-05-22 18:02,76690.0,76698.1875,76678.89844,76678.89844,0
2026-05-22 18:03,76689.97656,76698.1875,76678.89844,76695.54688,0
2026-05-22 18:04,76644.09375,76687.9375,76597.86719,76687.9375,65466368
2026-05-22 18:05,76654.04688,76667.3125,76625.5,76625.5,0
2026-05-22 18:06,76654.13281,76659.60156,76628.71875,76654.8125,0
2026-05-22 18:07,76671.17188,76672.03906,76653.59375,76653.59375,0
2026-05-22 18:08,76643.14844,76671.17188,76643.14844,76671.17188,89260032
2026-05-22 18:09,76640.3125,76665.78125,76640.29688,76640.29688,47872000
2026-05-22 18:10,76660.07812,76687.54688,76634.1875,76634.1875,17098752
2026-05-22 18:11,76674.34375,76674.34375,76653.90625,76657.85156,0
2026-05-22 18:12,76667.32031,76688.35156,76667.32031,76678.11719,0
2026-05-22 18:13,76684.07812,76689.35938,76663.46875,76663.46875,49682432
2026-05-22 18:14,76730.00781,76730.00781,76698.1875,76698.1875,0
2026-05-22 18:15,76709.88281,76736.79688,76709.88281,76721.90625,0
2026-05-22 18:16,76763.5625,76769.99219,76715.92969,76715.92969,0
2026-05-22 18:17,76771.54688,76788.70312,76757.39844,76757.39844,0
2026-05-22 18:18,76776.71094,76779.96875,76761.95312,76771.53906,12087296
2026-05-22 18:19,76765.20312,76790.82812,76765.1875,76769.86719,5980160
2026-05-22 18:20,76763.8125,76769.09375,76761.50781,76769.09375,0
2026-05-22 18:21,76798.10156,76798.52344,76775.38281,76775.38281,0
2026-05-22 18:22,76811.50781,76811.99219,76784.60938,76798.10156,0
2026-05-22 18:23,76798.03125,76809.78125,76794.0,76798.5625,0
2026-05-22 18:24,76803.96094,76803.96875,76790.8125,76790.8125,0
2026-05-22 18:25,76802.1875,76802.36719,76797.20312,76797.20312,84875264
2026-05-22 18:26,76775.39844,76806.17969,76775.39844,76802.1875,98203648
2026-05-22 18:27,76767.6875,76778.25,76767.67969,76775.39844,0
2026-05-22 18:28,76736.96875,76759.99219,76715.89062,76759.99219,0
2026-05-22 18:29,76716.02344,76729.07812,76713.64062,76729.07812,6883328
2026-05-22 18:30,76670.71875,76724.21875,76659.60156,76716.02344,84918272
2026-05-22 18:31,76686.63281,76696.65625,76678.0,76678.0,0
2026-05-22 18:32,76690.96094,76711.97656,76686.61719,76686.61719,0
2026-05-22 18:33,76656.75,76692.64844,76656.64844,76690.96875,0
2026-05-22 18:34,76663.21875,76663.21875,76626.0,76656.74219,0
2026-05-22 18:35,76618.59375,76663.21094,76602.10156,76663.21094,33656832
2026-05-22 18:36,76602.4375,76649.10938,76600.00781,76619.00781,0
2026-05-22 18:37,76540.67969,76602.42969,76488.99219,76602.42969,0
2026-05-22 18:38,76557.96875,76557.96875,76501.1875,76536.09375,0
2026-05-22 18:39,76617.89844,76621.38281,76563.10938,76577.61719,24799232
2026-05-22 18:40,76605.90625,76617.65625,76599.77344,76616.53125,102141952
2026-05-22 18:41,76564.04688,76593.97656,76551.75,76593.97656,14077952
2026-05-22 18:42,76560.92188,76578.53125,76556.0625,76558.28125,0
2026-05-22 18:43,76547.67188,76573.57812,76547.67188,76566.02344,294168576
2026-05-22 18:44,76493.92969,76526.90625,76486.64062,76526.90625,0
2026-05-22 18:45,76144.36719,76488.79688,76144.36719,76486.74219,39229440
2026-05-22 18:46,76164.99219,76194.35156,76013.97656,76052.28125,733184
2026-05-22 18:47,76219.5625,76230.60938,76115.99219,76130.78125,97843200
2026-05-22 18:48,76292.4375,76292.4375,76238.00781,76249.28906,0
2026-05-22 18:49,76248.0,76288.96875,76245.50781,76286.00781,79611904
2026-05-22 18:50,76291.99219,76292.89062,76227.99219,76243.64062,0
2026-05-22 18:51,76325.22656,76338.03906,76309.99219,76325.0,463611904
2026-05-22 18:52,76358.53125,76380.71094,76342.54688,76342.54688,0
2026-05-22 18:53,76413.82031,76422.96875,76367.28906,76367.28906,0
2026-05-22 18:54,76466.17188,76478.17188,76408.70312,76408.70312,16908288
2026-05-22 18:55,76490.03125,76490.03125,76443.4375,76453.96875,109359104
2026-05-22 18:56,76466.0,76497.47656,76466.0,76497.47656,0
2026-05-22 18:57,76420.20312,76458.88281,76420.20312,76458.88281,46612480
2026-05-22 18:58,76412.57031,76430.00781,76412.57031,76412.57031,0
2026-05-22 18:59,76443.75781,76450.39062,76412.5625,76412.5625,0
2026-05-22 19:00,76422.09375,76433.49219,76404.84375,76433.49219,0
2026-05-22 19:01,76450.1875,76494.6875,76425.34375,76425.34375,0
2026-05-22 19:02,76343.07812,76472.85156,76343.07812,76470.4375,106027008
2026-05-22 19:03,76316.0,76373.25,76316.0,76328.95312,0
2026-05-22 19:04,76308.32812,76361.99219,76289.03906,76304.47656,0
2026-05-22 19:05,76292.89844,76308.22656,76273.60156,76287.96875,1804288
2026-05-22 19:06,76273.07812,76292.89844,76260.52344,76292.89844,90673152
2026-05-22 19:07,76234.57031,76294.70312,76234.57031,76279.10938,0
2026-05-22 19:08,76184.86719,76215.96875,76184.86719,76215.96875,0
2026-05-22 19:09,76150.07812,76183.54688,76145.0,76183.54688,0
2026-05-22 19:10,76178.65625,76188.67188,76130.78125,76149.79688,0
2026-05-22 19:11,76201.89844,76206.78125,76175.20312,76175.20312,0
2026-05-22 19:12,76194.97656,76206.78125,76175.53125,76206.78125,0
2026-05-22 19:13,76120.0,76199.99219,76120.0,76181.10938,103282688
2026-05-22 19:14,76143.77344,76156.14844,76105.32812,76125.34375,0
2026-05-22 19:15,76219.49219,76219.49219,76130.0,76130.0,0
2026-05-22 19:16,76163.03125,76240.96875,76149.97656,76230.0,101085184
2026-05-22 19:17,76187.99219,76189.24219,76167.97656,76167.97656,0
2026-05-22 19:18,76238.79688,76238.79688,76177.10938,76196.39844,0
2026-05-22 19:19,76259.99219,76265.86719,76238.79688,76238.8125,337612800
2026-05-22 19:20,76262.00781,76265.70312,76227.99219,76265.70312,0
2026-05-22 19:21,76264.59375,76281.3125,76255.99219,76264.00781,0
2026-05-22 19:22,76279.00781,76285.17969,76267.32812,76267.32812,3973120
2026-05-22 19:23,76316.0,76316.04688,76279.0,76279.0,92964864
2026-05-22 19:24,76269.75781,76304.49219,76269.75781,76304.47656,0
2026-05-22 19:25,76273.92188,76298.92969,76268.0,76268.0,0
2026-05-22 19:26,76267.95312,76272.07031,76249.84375,76272.07031,0
2026-05-22 19:27,76224.32812,76270.0,76211.99219,76267.95312,0
2026-05-22 19:28,76215.67188,76242.71094,76215.67188,76235.0,18569216
2026-05-22 19:29,76165.50781,76180.6875,76102.67969,76180.6875,101453824
2026-05-22 19:30,75639.53125,76165.50781,75639.53125,76165.50781,0
2026-05-22 19:31,75693.54688,75791.99219,75691.53125,75691.53125,0
2026-05-22 19:32,75817.09375,75817.09375,75695.17188,75695.17188,101156864
2026-05-22 19:33,75783.99219,75880.35938,75765.5625,75824.84375,0
2026-05-22 19:34,75773.3125,75823.71875,75749.96875,75775.70312,72878080
2026-05-22 19:35,75751.71875,75793.20312,75717.77344,75793.20312,0
2026-05-22 19:36,75829.71094,75829.71094,75717.75781,75736.99219,307730432
2026-05-22 19:37,75791.10156,75836.64062,75791.10156,75836.64062,89659392
2026-05-22 19:38,75713.0,75780.14844,75713.0,75780.14844,117041152
2026-05-22 19:39,75721.60938,75757.89844,75721.60938,75728.82812,68552704
2026-05-22 19:40,75677.79688,75686.88281,75627.0,75679.17188,14098432
2026-05-22 19:41,75655.89844,75659.99219,75569.78906,75651.77344,0
2026-05-22 19:42,75586.0,75647.57812,75586.0,75613.54688,337915904
2026-05-22 19:43,75682.97656,75682.97656,75586.52344,75635.71094,20357120
2026-05-22 19:44,75713.92188,75725.67188,75686.86719,75686.86719,11952128
2026-05-22 19:45,75634.29688,75702.3125,75634.29688,75694.60156,161898496
2026-05-22 19:46,75721.60938,75721.60938,75608.92188,75650.00781,0
2026-05-22 19:47,75745.04688,75782.52344,75721.60938,75721.60938,15562752
2026-05-22 19:48,75691.22656,75752.99219,75691.22656,75738.82812,22394880
2026-05-22 19:49,75629.95312,75672.3125,75613.54688,75672.3125,0
2026-05-22 19:50,75665.75781,75665.75781,75599.92969,75625.11719,104497152
2026-05-22 19:51,75704.95312,75713.89844,75671.4375,75671.4375,0
2026-05-22 19:52,75763.99219,75783.36719,75685.15625,75685.15625,191778816
2026-05-22 19:53,75737.07031,75771.82031,75737.07031,75771.82031,5437440
2026-05-22 19:54,75773.99219,75773.99219,75735.21875,75736.0625,0
2026-05-22 19:55,75821.75,75821.75,75776.03125,75793.75,111075328
2026-05-22 19:56,75807.97656,75842.03125,75804.89062,75804.89062,0
2026-05-22 19:57,75780.0,75799.99219,75769.10156,75799.99219,0
2026-05-22 19:58,75764.0,75783.67969,75762.0,75768.92969,0
2026-05-22 19:59,75756.03125,75769.28125,75733.20312,75769.28125,0
2026-05-22 20:00,75768.10156,75791.49219,75744.79688,75783.75,52054016
2026-05-22 20:01,75868.28906,75868.28906,75771.79688,75771.79688,0
2026-05-22 20:02,75836.0,75867.64062,75829.47656,75867.64062,0
2026-05-22 20:03,75814.00781,75837.75,75806.0,75837.75,62038016
2026-05-22 20:04,75787.22656,75821.64844,75764.09375,75821.64844,0
2026-05-22 20:05,75823.97656,75827.34375,75793.71094,75793.71094,105791488
2026-05-22 20:06,75856.71875,75868.28906,75809.45312,75814.92188,0
2026-05-22 20:07,75903.53906,75903.53906,75874.10156,75874.10938,0
2026-05-22 20:08,75856.72656,75902.03906,75856.72656,75891.46094,5967872
2026-05-22 20:09,75896.50781,75899.17969,75856.53906,75864.0,117051392
2026-05-22 20:10,75908.67969,75920.00781,75896.5,75919.65625,0
2026-05-22 20:11,75881.75,75903.03125,75879.89062,75891.46094,6309888
2026-05-22 20:12,75836.02344,75881.75781,75836.02344,75881.75781,0
2026-05-22 20:13,75871.47656,75876.07031,75825.85156,75825.85156,146806784
2026-05-22 20:14,75829.70312,75871.47656,75829.70312,75871.46875,0
2026-05-22 20:15,75853.25781,75855.0,75818.03125,75818.03125,240263168
2026-05-22 20:16,75887.59375,75887.59375,75853.25781,75853.25781,0
2026-05-22 20:17,75882.82812,75883.72656,75861.97656,75876.79688,0
2026-05-22 20:18,75850.00781,75891.45312,75850.0,75882.84375,0
2026-05-22 20:19,75841.95312,75850.00781,75813.27344,75850.00781,10258432
2026-05-22 20:20,75803.71875,75839.25,75798.82031,75839.21875,0
2026-05-22 20:21,75856.72656,75875.67969,75795.99219,75798.82812,39727104
2026-05-22 20:22,75833.5625,75860.57812,75819.29688,75860.57812,104517632
2026-05-22 20:23,75828.8125,75863.82812,75828.8125,75833.5625,0
2026-05-22 20:24,75849.10938,75849.10938,75823.96875,75823.96875,19847168
2026-05-22 20:25,75837.42969,75843.13281,75807.54688,75813.61719,0
2026-05-22 20:26,75855.17188,75871.49219,75833.95312,75842.34375,835584
2026-05-22 20:27,75858.97656,75868.17188,75852.85938,75852.85938,0
2026-05-22 20:28,75865.02344,75868.34375,75849.0,75852.85938,0
2026-05-22 20:29,75876.42969,75894.03125,75875.00781,75875.00781,3463168
2026-05-22 20:30,75841.97656,75870.35938,75841.97656,75870.35938,141293568
2026-05-22 20:31,75744.03125,75789.39844,75739.96094,75768.13281,1599488
2026-05-22 20:32,75781.99219,75781.99219,75744.77344,75757.0625,0
2026-05-22 20:33,75802.67188,75803.45312,75754.39062,75754.39062,0
2026-05-22 20:34,75858.27344,75858.27344,75798.82031,75809.21875,10842112
2026-05-22 20:35,75859.96875,75859.97656,75835.14062,75850.82812,0
2026-05-22 20:36,75829.71094,75874.99219,75829.71094,75859.96094,159836160
2026-05-22 20:37,75852.34375,75852.35156,75821.97656,75821.97656,106045440
2026-05-22 20:38,75837.42188,75852.85156,75837.42188,75852.35156,0
2026-05-22 20:39,75853.64844,75866.85156,75849.00781,75856.32812,0
2026-05-22 20:40,75837.42969,75864.84375,75837.42969,75858.02344,0
2026-05-22 20:41,75861.02344,75861.02344,75820.0,75837.4375,0
2026-05-22 20:42,75858.47656,75870.92969,75846.15625,75870.92969,19781632
2026-05-22 20:43,75874.6875,75874.6875,75837.42188,75849.00781,0
2026-05-22 20:44,75841.28906,75868.42188,75841.28906,75868.42188,0
2026-05-22 20:45,75806.54688,75839.25781,75806.54688,75839.25781,134457344
2026-05-22 20:46,75822.49219,75825.27344,75804.47656,75804.47656,915456
2026-05-22 20:47,75855.32812,75855.32812,75825.64844,75825.64844,3332096
2026-05-22 20:48,75880.0,75880.0,75857.86719,75862.90625,205625344
2026-05-22 20:49,75897.50781,75905.5625,75883.95312,75886.03906,0
2026-05-22 20:50,75900.85938,75905.96875,75872.17188,75876.03125,0
2026-05-22 20:51,75928.89844,75928.89844,75900.85938,75900.85938,90400768
2026-05-22 20:52,75965.84375,75973.75,75929.64062,75942.28906,0
2026-05-22 20:53,75957.07812,75972.04688,75942.97656,75965.8125,0
2026-05-22 20:54,75971.78906,75991.8125,75958.65625,75958.65625,0
2026-05-22 20:55,75934.32812,75981.85156,75934.32812,75981.78906,0
2026-05-22 20:56,75887.82812,75927.5625,75874.07812,75927.5625,3909632
2026-05-22 20:57,75852.77344,75900.90625,75848.72656,75898.96094,0
2026-05-22 20:58,75884.4375,75894.64062,75874.00781,75874.00781,109795328
2026-05-22 20:59,75895.20312,75903.03125,75884.4375,75884.4375,0
2026-05-22 21:00,75903.03125,75903.03125,75860.59375,75864.4375,0
2026-05-22 21:01,75944.28125,75944.28125,75906.02344,75906.02344,42936320
2026-05-22 21:02,75916.78125,75938.92188,75914.61719,75938.92188,0
2026-05-22 21:03,75922.35156,75932.75781,75914.61719,75914.63281,44193792
2026-05-22 21:04,75914.61719,75930.82031,75914.61719,75922.34375,105125888
2026-05-22 21:05,75941.42969,75941.42969,75914.61719,75914.61719,0
2026-05-22 21:06,75935.99219,75941.42188,75933.92188,75941.42188,20994048
2026-05-22 21:07,75910.0,75936.77344,75903.28125,75936.77344,0
2026-05-22 21:08,75909.95312,75909.99219,75899.22656,75907.99219,46602240
2026-05-22 21:09,75922.0625,75922.0625,75900.90625,75900.90625,0
2026-05-22 21:10,75923.99219,75924.0,75922.07031,75922.07031,0
2026-05-22 21:11,75923.99219,75931.64062,75923.99219,75924.0,0
2026-05-22 21:12,75893.5625,75923.99219,75893.5625,75923.99219,196915200
2026-05-22 21:13,75899.65625,75906.89844,75891.70312,75893.5625,0
2026-05-22 21:14,75899.45312,75917.67969,75899.4375,75910.79688,0
2026-05-22 21:15,75883.72656,75900.0,75869.79688,75891.6875,0
2026-05-22 21:16,75895.32031,75906.89844,75895.32031,75901.5,0
2026-05-22 21:17,75925.28906,75929.07812,75895.32031,75895.32031,0
2026-05-22 21:18,75937.97656,75941.64062,75931.49219,75933.92188,5756928
2026-05-22 21:19,75946.72656,75946.72656,75936.52344,75942.25781,99358720
2026-05-22 21:20,75927.07812,75947.0625,75927.07812,75946.71875,0
2026-05-22 21:21,75929.39062,75936.21094,75927.07812,75927.07812,0
2026-05-22 21:22,75933.90625,75933.90625,75916.42188,75926.20312,0
2026-05-22 21:23,75936.82812,75944.0,75929.99219,75933.92188,8282112
2026-05-22 21:24,75925.96875,75937.96094,75922.34375,75936.82812,0
2026-05-22 21:25,75931.32031,75936.28906,75888.0,75895.32031,0
2026-05-22 21:26,75921.5625,75935.99219,75921.5625,75931.32031,0
2026-05-22 21:27,75915.00781,75933.96875,75915.00781,75921.54688,0
2026-05-22 21:28,75935.45312,75935.45312,75906.32031,75912.89062,85807104
2026-05-22 21:29,75947.88281,75947.88281,75935.4375,75935.4375,0
2026-05-22 21:30,75943.64062,75947.96094,75938.00781,75947.96094,89380864
2026-05-22 21:31,75963.96875,75963.96875,75949.35156,75949.35156,0
2026-05-22 21:32,75983.78125,75983.78125,75965.67969,75965.67969,0
2026-05-22 21:33,75992.84375,75994.60156,75981.35938,75983.77344,111097856
2026-05-22 21:34,75947.82812,75984.10156,75947.82812,75984.10156,100329472
2026-05-22 21:35,75955.74219,75955.85938,75941.17969,75944.03125,0
2026-05-22 21:36,75978.67188,75978.67969,75958.96875,75958.96875,1042432
2026-05-22 21:37,75951.15625,75978.67188,75945.5,75978.67188,0
2026-05-22 21:38,75962.89062,75962.89062,75945.50781,75949.40625,0
2026-05-22 21:39,75936.0,75975.3125,75936.0,75965.25,0
2026-05-22 21:40,75945.49219,75951.0,75935.99219,75950.10938,0
2026-05-22 21:41,75933.11719,75954.15625,75931.10938,75954.15625,0
2026-05-22 21:42,75910.77344,75932.99219,75910.77344,75932.99219,0
2026-05-22 21:43,75879.88281,75909.00781,75879.88281,75909.00781,20420608
2026-05-22 21:44,75895.3125,75906.89062,75846.25,75856.95312,47855616
2026-05-22 21:45,75947.67188,75947.67969,75906.97656,75906.97656,0
2026-05-22 21:46,75947.65625,75947.6875,75933.39062,75947.67969,110106624
2026-05-22 21:47,75961.79688,75961.79688,75949.25,75949.25,0
2026-05-22 21:48,75941.64844,75975.85938,75941.64844,75975.85938,61171712
2026-05-22 21:49,75949.36719,75968.67188,75935.71875,75941.64844,99438592
2026-05-22 21:50,75946.99219,75949.36719,75941.64062,75949.36719,0
2026-05-22 21:51,75958.38281,75972.0625,75936.10156,75941.64062,0
2026-05-22 21:52,75964.3125,75964.3125,75926.47656,75945.5,7215104
2026-05-22 21:53,75926.49219,75969.13281,75926.47656,75968.65625,0
2026-05-22 21:54,75953.45312,75953.46094,75915.02344,75926.49219,14528512
2026-05-22 21:55,75932.99219,75949.42188,75910.79688,75949.42188,0
2026-05-22 21:56,75914.8125,75938.20312,75913.82812,75938.20312,20307968
2026-05-22 21:57,75884.90625,75912.67969,75879.78906,75912.67969,48603136
2026-05-22 21:58,75881.53125,75884.89844,75881.50781,75884.89844,0
2026-05-22 21:59,75880.28906,75889.85156,75880.28906,75881.53906,0
2026-05-22 22:00,75887.78906,75887.78906,75870.67188,75880.29688,31709184
2026-05-22 22:01,75877.39062,75894.49219,75877.39062,75891.45312,0
2026-05-22 22:02,75864.02344,75869.4375,75864.00781,75869.42188,0
2026-05-22 22:03,75837.42969,75865.0,75837.42969,75864.0,0
2026-05-22 22:04,75810.42969,75825.78125,75804.50781,75806.89062,0
2026-05-22 22:05,75786.21875,75813.89844,75786.21875,75807.47656,0
2026-05-22 22:06,75833.97656,75833.97656,75780.0,75785.00781,0
2026-05-22 22:07,75801.28906,75834.0,75801.28906,75834.0,0
2026-05-22 22:08,75794.96875,75801.28906,75774.57812,75801.28906,0
2026-05-22 22:09,75826.85156,75826.85156,75785.50781,75794.96875,0
2026-05-22 22:10,75771.8125,75810.40625,75771.8125,75810.40625,22171648
2026-05-22 22:11,75783.38281,75785.29688,75750.0,75771.00781,0
2026-05-22 22:12,75787.25,75802.67969,75777.95312,75788.82812,0
2026-05-22 22:13,75801.39844,75805.97656,75783.39062,75783.39062,72564736
2026-05-22 22:14,75810.42188,75822.82031,75799.25781,75799.5,0
2026-05-22 22:15,75781.97656,75816.92188,75781.97656,75816.92188,0
2026-05-22 22:16,75781.21094,75795.21875,75779.5625,75781.79688,0
2026-05-22 22:17,75757.60938,75779.8125,75752.97656,75779.8125,0
2026-05-22 22:18,75746.04688,75767.82031,75746.04688,75755.6875,107300864
2026-05-22 22:19,75725.47656,75746.04688,75725.47656,75746.04688,0
2026-05-22 22:20,75698.67969,75720.89062,75698.67969,75720.89062,102932480
2026-05-22 22:21,75690.79688,75706.17969,75690.79688,75700.0,52828160
2026-05-22 22:22,75690.79688,75690.79688,75687.75,75690.79688,0
2026-05-22 22:23,75694.60938,75724.5,75690.79688,75690.79688,6316032
2026-05-22 22:24,75700.0,75700.0,75691.74219,75691.74219,0
2026-05-22 22:25,75690.79688,75700.0,75679.17188,75700.0,0
2026-05-22 22:26,75685.0,75690.79688,75684.0,75688.0,4835328
2026-05-22 22:27,75681.86719,75684.0,75652.9375,75684.0,48744448
2026-05-22 22:28,75675.96875,75684.0,75675.96875,75683.95312,103010304
2026-05-22 22:29,75687.99219,75690.79688,75679.97656,75679.97656,0
2026-05-22 22:30,75748.57031,75748.57031,75689.00781,75690.72656,0
2026-05-22 22:31,75767.9375,75771.0,75748.6875,75748.6875,106444800
2026-05-22 22:32,75710.46094,75769.9375,75710.46094,75769.9375,0
2026-05-22 22:33,75683.99219,75706.17969,75683.03125,75706.17969,2205696
2026-05-22 22:34,75642.72656,75672.59375,75641.46094,75653.97656,10717184
2026-05-22 22:35,75620.5625,75651.99219,75619.75781,75651.99219,0
2026-05-22 22:36,75638.46094,75638.46094,75617.40625,75617.40625,448512
2026-05-22 22:37,75617.4375,75646.21875,75609.6875,75644.88281,156874752
2026-05-22 22:38,75645.35938,75663.99219,75620.53906,75620.53906,0
2026-05-22 22:39,75643.99219,75660.42969,75642.21875,75645.35156,0
2026-05-22 22:40,75607.36719,75637.99219,75607.36719,75632.85156,0
2026-05-22 22:41,75609.67188,75612.13281,75605.9375,75606.0,0
2026-05-22 22:42,75589.78125,75606.49219,75578.0,75600.57812,81768448
2026-05-22 22:43,75614.85156,75614.85156,75583.60938,75589.78125,0
2026-05-22 22:44,75557.75781,75605.82812,75479.95312,75605.82812,0
2026-05-22 22:45,75566.85938,75566.85938,75542.03906,75554.14062,0
2026-05-22 22:46,75594.24219,75594.24219,75563.35938,75563.36719,0
2026-05-22 22:47,75598.10938,75638.99219,75598.10938,75616.0,40931328
2026-05-22 22:48,75628.5,75631.49219,75617.14062,75625.10938,88139776
2026-05-22 22:49,75664.02344,75665.75781,75631.86719,75635.0,111446016
2026-05-22 22:50,75657.78906,75659.85938,75648.28125,75648.28125,5824512
2026-05-22 22:51,75654.39844,75657.79688,75649.0,75657.79688,0
2026-05-22 22:52,75657.1875,75660.29688,75643.1875,75643.1875,28622848
2026-05-22 22:53,75648.28125,75657.1875,75636.70312,75657.1875,2340864
2026-05-22 22:54,75638.02344,75650.50781,75636.71094,75650.50781,0
2026-05-22 22:55,75632.77344,75638.02344,75630.03125,75638.02344,0
2026-05-22 22:56,75649.84375,75649.84375,75625.00781,75628.97656,0
2026-05-22 22:57,75644.40625,75653.99219,75644.40625,75649.84375,1589248
2026-05-22 22:58,75649.27344,75653.99219,75640.47656,75644.40625,86587392
2026-05-22 22:59,75639.97656,75643.50781,75639.97656,75643.50781,0
2026-05-22 23:00,75694.54688,75694.54688,75661.46875,75661.47656,0
2026-05-22 23:01,75691.92969,75702.32031,75688.07031,75694.53906,0
2026-05-22 23:02,75685.97656,75699.60156,75685.97656,75699.60156,0
2026-05-22 23:03,75718.46875,75721.49219,75685.99219,75685.99219,9228288
2026-05-22 23:04,75706.25781,75712.35156,75698.46094,75712.35156,0
2026-05-22 23:05,75729.61719,75729.61719,75706.25781,75706.25781,0
2026-05-22 23:06,75710.04688,75732.1875,75710.04688,75728.50781,174649344
2026-05-22 23:07,75702.24219,75709.99219,75701.10938,75706.25781,0
2026-05-22 23:08,75729.32812,75734.71094,75702.22656,75702.24219,3350528
2026-05-22 23:09,75744.78906,75755.25781,75729.32031,75729.32031,0
2026-05-22 23:10,75781.14844,75781.14844,75751.07812,75751.07812,88522752
2026-05-22 23:11,75737.0625,75767.95312,75737.0625,75767.9375,0
2026-05-22 23:12,75748.00781,75748.63281,75738.8125,75739.96875,0
2026-05-22 23:13,75758.57812,75758.57812,75741.14062,75742.02344,3825664
2026-05-22 23:14,75758.57812,75758.57812,75743.95312,75751.85156,6998016
2026-05-22 23:15,75752.50781,75770.10938,75752.50781,75758.57031,0
2026-05-22 23:16,75697.21094,75744.78906,75697.21094,75744.78906,100352
2026-05-22 23:17,75697.21094,75707.99219,75697.21094,75697.67188,0
2026-05-22 23:18,75690.75,75696.40625,75686.88281,75696.40625,0
2026-05-22 23:19,75657.78906,75679.17188,75648.29688,75679.17188,100808704
2026-05-22 23:20,75678.14844,75680.99219,75656.67969,75656.67969,0
2026-05-22 23:21,75663.71094,75678.15625,75649.3125,75678.14844,0
2026-05-22 23:22,75659.1875,75669.96875,75656.00781,75663.71875,91246592
2026-05-22 23:23,75653.49219,75658.13281,75652.15625,75658.13281,0
2026-05-22 23:24,75689.84375,75689.84375,75644.72656,75653.5,37324800
2026-05-22 23:25,75643.17969,75679.17969,75641.53125,75679.17188,0
2026-05-22 23:26,75654.79688,75656.71094,75643.22656,75647.65625,165033984
2026-05-22 23:27,75652.15625,75654.79688,75642.60156,75654.79688,0
2026-05-22 23:28,75654.0625,75667.32031,75652.9375,75661.0,0
2026-05-22 23:29,75594.24219,75652.5,75594.24219,75652.00781,0
2026-05-22 23:30,75612.92969,75612.92969,75563.38281,75594.22656,116592640
2026-05-22 23:31,75613.99219,75633.02344,75612.92188,75612.92188,0
2026-05-22 23:32,75617.32031,75618.0,75605.82031,75614.0,376832
2026-05-22 23:33,75612.50781,75613.25,75600.00781,75605.82812,0
2026-05-22 23:34,75623.53906,75623.53906,75617.22656,75617.39062,0
2026-05-22 23:35,75639.00781,75645.64062,75613.53125,75613.53125,88190976
2026-05-22 23:36,75656.42969,75656.42969,75628.46875,75639.02344,108589056
2026-05-22 23:37,75666.04688,75666.0625,75656.42188,75656.42969,43008
2026-05-22 23:38,75675.96094,75684.57812,75666.04688,75666.04688,0
2026-05-22 23:39,75674.95312,75675.96094,75673.67969,75675.96094,0
2026-05-22 23:40,75666.03125,75667.59375,75656.42969,75667.59375,0
2026-05-22 23:41,75676.54688,75677.97656,75666.07812,75666.07812,980992
2026-05-22 23:42,75712.96875,75712.96875,75672.79688,75672.79688,2357248
2026-05-22 23:43,75716.39844,75719.00781,75692.72656,75706.07812,102981632
2026-05-22 23:44,75702.9375,75724.46094,75698.10156,75714.71094,0
2026-05-22 23:45,75446.78125,75644.60156,75408.96875,75644.60156,0
2026-05-22 23:46,75478.42969,75493.89062,75445.99219,75493.89062,2170880
2026-05-22 23:47,75414.0,75463.42188,75409.97656,75447.57031,0
2026-05-22 23:48,75439.96875,75439.96875,75266.72656,75266.72656,136822784
2026-05-22 23:49,75400.5,75412.82031,75390.0,75408.96875,0
2026-05-22 23:50,75455.04688,75455.04688,75400.04688,75400.04688,27211776
2026-05-22 23:51,75467.99219,75490.96875,75455.27344,75455.27344,226926592
2026-05-22 23:52,75492.89062,75496.67969,75460.63281,75469.07812,0
2026-05-22 23:53,75487.50781,75495.1875,75483.6875,75490.74219,0
2026-05-22 23:54,75470.17188,75478.4375,75464.72656,75478.4375,113782784
2026-05-22 23:55,75487.99219,75494.0,75465.25781,75465.25781,0
2026-05-22 23:56,75484.67188,75497.07812,75484.65625,75488.0,0
2026-05-22 23:57,75478.42188,75478.42188,75451.42188,75476.53906,29425664
2026-05-22 23:58,75480.64844,75484.67188,75476.13281,75478.42188,0
2026-05-23 00:00,75430.34375,75482.25781,75417.82031,75462.97656,0
2026-05-23 00:01,75449.0625,75449.0625,75401.3125,75422.0625,36900864
2026-05-23 00:02,75460.97656,75472.75781,75432.11719,75433.90625,124821504
2026-05-23 00:03,75517.04688,75540.20312,75490.07031,75490.07031,0
2026-05-23 00:04,75478.4375,75501.60156,75478.4375,75497.74219,0
2026-05-23 00:05,75502.64062,75509.32031,75485.25,75485.25,0
2026-05-23 00:06,75443.70312,75526.00781,75443.70312,75502.64062,109281280
2026-05-23 00:07,75449.86719,75450.0,75413.35938,75449.99219,0
2026-05-23 00:08,75470.78125,75474.57812,75439.85156,75448.84375,0
2026-05-23 00:09,75503.57031,75513.15625,75469.24219,75480.17188,7768064
2026-05-23 00:10,75456.00781,75497.99219,75454.61719,75495.5,0
2026-05-23 00:11,75470.03906,75480.82812,75438.39844,75456.00781,0
2026-05-23 00:12,75435.99219,75484.57031,75435.99219,75478.4375,59138048
2026-05-23 00:13,75374.21875,75435.99219,75354.92969,75435.99219,108558336
2026-05-23 00:14,75353.71875,75370.64844,75325.92188,75370.64844,501760
2026-05-23 00:15,75352.03906,75372.0,75310.39062,75372.0,0
2026-05-23 00:16,75390.3125,75402.17969,75370.36719,75374.21094,0
2026-05-23 00:17,75407.82031,75418.61719,75393.53125,75410.57812,6821888
2026-05-23 00:18,75384.11719,75412.8125,75370.35938,75410.84375,0
2026-05-23 00:19,75343.34375,75388.9375,75324.03125,75385.77344,0
2026-05-23 00:20,75340.35938,75370.35938,75321.00781,75358.78125,149536768
2026-05-23 00:21,75342.6875,75374.21094,75339.29688,75354.46094,0
2026-05-23 00:22,75323.34375,75368.0625,75310.5,75358.78125,6533120
2026-05-23 00:23,75378.07812,75378.07812,75324.03906,75324.03906,5277696
2026-05-23 00:24,75374.53125,75378.28125,75366.5,75366.52344,75257856
2026-05-23 00:25,75396.0,75402.67188,75378.46875,75399.99219,706560
2026-05-23 00:26,75410.50781,75410.50781,75366.5,75378.46875,0
2026-05-23 00:27,75329.92969,75396.10156,75320.17969,75396.10156,37322752
2026-05-23 00:28,75371.75781,75371.75781,75335.63281,75341.34375,0
2026-05-23 00:29,75385.78906,75385.78906,75364.99219,75370.75,0
2026-05-23 00:30,75341.71094,75401.82812,75341.71094,75387.97656,64362496
2026-05-23 00:31,75340.17969,75366.49219,75337.03125,75337.03125,0
2026-05-23 00:32,75286.47656,75339.99219,75286.47656,75336.03125,0
2026-05-23 00:33,75294.0,75316.3125,75258.57812,75258.57812,148121600
2026-05-23 00:34,75312.46094,75350.0,75280.82812,75280.82812,4913152
2026-05-23 00:35,75267.25,75329.38281,75267.25,75317.42188,0
2026-05-23 00:36,75208.24219,75269.25781,75208.24219,75269.25781,167389184
2026-05-23 00:37,75196.0,75232.67188,75174.53906,75223.67969,0
2026-05-23 00:38,75199.71875,75211.49219,75171.07031,75196.34375,17176576
2026-05-23 00:39,75212.10156,75212.10156,75170.14844,75192.8125,0
2026-05-23 00:40,75176.50781,75219.82031,75127.32812,75219.82031,33466368
2026-05-23 00:41,75177.35938,75219.82031,75135.63281,75190.45312,185481216
2026-05-23 00:42,75161.99219,75209.99219,75153.96094,75195.65625,0
2026-05-23 00:43,75208.24219,75208.24219,75160.02344,75160.02344,0
2026-05-23 00:44,75226.28125,75228.79688,75200.0,75214.0,114884608
2026-05-23 00:45,75212.10156,75227.53125,75195.10938,75195.10938,6129664
2026-05-23 00:46,75210.39844,75258.4375,75199.03125,75234.3125,4894720
2026-05-23 00:47,75215.71094,75242.0,75215.71094,75217.32812,0
2026-05-23 00:48,75240.75,75240.75,75205.99219,75209.0625,0
2026-05-23 00:49,75265.6875,75267.25,75247.34375,75248.21094,112355328
2026-05-23 00:50,75271.45312,75275.63281,75249.9375,75264.47656,0
2026-05-23 00:51,75300.14844,75300.14844,75271.4375,75271.4375,878159872
2026-05-23 00:52,75281.10156,75296.67188,75264.21875,75296.65625,0
2026-05-23 00:53,75318.0,75324.02344,75283.59375,75283.59375,0
2026-05-23 00:54,75272.79688,75323.96875,75272.49219,75323.96875,0
2026-05-23 00:55,75296.03906,75304.74219,75262.53906,75262.53906,3606528
2026-05-23 00:56,75303.49219,75308.03125,75294.92188,75305.75,0
2026-05-23 00:57,75304.77344,75313.75781,75303.49219,75303.49219,0
2026-05-23 00:58,75300.5625,75316.03906,75294.92188,75307.77344,0
2026-05-23 00:59,75263.21875,75308.02344,75250.35156,75300.88281,321855488
2026-05-23 01:00,75336.72656,75336.72656,75272.75781,75275.64844,0
2026-05-23 01:01,75359.89062,75370.35938,75336.72656,75336.72656,105981952
2026-05-23 01:02,75392.61719,75392.61719,75354.00781,75354.00781,0
2026-05-23 01:03,75385.17188,75394.34375,75369.09375,75389.57031,0
2026-05-23 01:04,75374.21875,75389.64844,75374.21875,75374.22656,31854592
2026-05-23 01:05,75372.75781,75378.64844,75355.64844,75366.50781,0
2026-05-23 01:06,75366.5,75366.50781,75352.45312,75366.50781,0
2026-05-23 01:07,75381.9375,75381.9375,75366.5,75366.5,2312192
2026-05-23 01:08,75392.25781,75392.25781,75381.9375,75381.9375,0
2026-05-23 01:09,75409.67969,75409.67969,75397.36719,75399.85156,137013248
2026-05-23 01:10,75388.50781,75393.14844,75370.35938,75374.21875,0
2026-05-23 01:11,75351.07031,75392.4375,75351.07031,75382.00781,6914048
2026-05-23 01:12,75354.02344,75358.04688,75335.63281,75351.07031,102752256
2026-05-23 01:13,75304.02344,75343.5,75300.00781,75343.5,0
2026-05-23 01:14,75322.0,75330.5,75310.04688,75310.04688,0
2026-05-23 01:15,75315.92969,75331.78125,75312.46875,75322.00781,7370752
2026-05-23 01:16,75318.0,75331.78125,75316.32031,75321.89844,107104256
2026-05-23 01:17,75285.74219,75319.97656,75270.0,75319.97656,0
2026-05-23 01:18,75320.34375,75320.34375,75285.74219,75285.74219,0
2026-05-23 01:19,75370.35156,75370.35156,75328.57031,75328.57031,0
2026-05-23 01:20,75393.53125,75402.0,75359.78125,75370.35938,12894208
2026-05-23 01:21,75389.67188,75395.89844,75389.65625,75393.52344,0
2026-05-23 01:22,75383.47656,75389.67969,75378.10156,75389.67969,0
2026-05-23 01:23,75380.63281,75383.47656,75378.50781,75383.46875,71962624
2026-05-23 01:24,75368.54688,75379.90625,75362.64062,75379.90625,0
2026-05-23 01:25,75361.97656,75378.57812,75358.78906,75368.54688,27045888
2026-05-23 01:26,75370.42969,75375.21094,75351.22656,75361.96875,0
2026-05-23 01:27,75367.39844,75369.99219,75356.0,75369.53906,10844160
2026-05-23 01:28,75350.00781,75367.39844,75350.0,75367.39844,0
2026-05-23 01:29,75374.82812,75375.97656,75350.00781,75350.00781,0
2026-05-23 01:30,75389.90625,75398.03125,75377.79688,75377.79688,5640192
2026-05-23 01:31,75390.64844,75392.14844,75379.03906,75392.14844,104873984
2026-05-23 01:32,75400.0,75400.0,75391.95312,75394.25781,0
2026-05-23 01:33,75364.46875,75389.67188,75364.46875,75389.67188,0
2026-05-23 01:34,75371.85938,75371.85938,75364.54688,75371.07031,113512448
2026-05-23 01:35,75379.96875,75379.96875,75354.92969,75372.1875,0
2026-05-23 01:36,75395.0,75395.0,75369.90625,75377.11719,0
2026-05-23 01:37,75398.32812,75407.0,75390.0,75395.0,0
2026-05-23 01:38,75372.00781,75394.0,75372.0,75391.99219,104316928
2026-05-23 01:39,75386.0,75394.07031,75366.0,75366.0,17948672
2026-05-23 01:40,75386.0,75386.00781,75386.0,75386.00781,0
2026-05-23 01:41,75321.0625,75386.00781,75321.0625,75386.0,1310720
2026-05-23 01:42,75345.28906,75345.28906,75314.64062,75314.64062,10143744
2026-05-23 01:43,75343.34375,75354.92188,75330.89844,75345.96094,2596864
2026-05-23 01:44,75377.60156,75377.60156,75312.46875,75343.35156,41541632
2026-05-23 01:45,75306.0,75362.10938,75306.0,75362.10938,0
2026-05-23 01:46,75281.89844,75308.79688,75281.89844,75306.0,3221504
2026-05-23 01:47,75285.45312,75292.0,75258.00781,75270.0,0
2026-05-23 01:48,75316.32812,75327.45312,75295.36719,75295.36719,155209728
2026-05-23 01:49,75324.04688,75324.0625,75314.74219,75314.75,0
2026-05-23 01:50,75327.97656,75330.36719,75324.0625,75330.35938,3205120
2026-05-23 01:51,75316.32031,75327.97656,75316.32031,75327.97656,0
2026-05-23 01:52,75317.14062,75319.10156,75316.32812,75316.32812,0
2026-05-23 01:53,75363.97656,75364.11719,75334.34375,75334.34375,0
2026-05-23 01:54,75396.65625,75396.65625,75356.00781,75356.00781,0
2026-05-23 01:55,75380.00781,75393.0,75378.74219,75393.0,116654080
2026-05-23 01:56,75381.9375,75395.60156,75371.34375,75371.34375,0
2026-05-23 01:57,75387.07812,75393.53125,75378.07812,75378.07812,0
2026-05-23 01:58,75390.34375,75392.92188,75387.07031,75387.07031,0
2026-05-23 01:59,75402.11719,75406.84375,75384.27344,75384.28125,0
2026-05-23 02:00,75418.21094,75425.89844,75411.25781,75411.25781,851968
2026-05-23 02:01,75393.52344,75402.35938,75385.8125,75402.13281,0
2026-05-23 02:02,75371.14844,75403.78125,75371.14844,75393.52344,1599488
2026-05-23 02:03,75351.6875,75371.15625,75345.13281,75371.15625,0
2026-05-23 02:04,75320.0,75351.77344,75320.0,75351.70312,96053248
2026-05-23 02:05,75364.27344,75364.27344,75332.92969,75332.92969,0
2026-05-23 02:06,75396.0,75396.0,75362.99219,75364.54688,0
2026-05-23 02:07,75405.10156,75413.74219,75387.86719,75387.86719,121040896
2026-05-23 02:08,75402.9375,75405.10938,75397.38281,75405.10938,0
2026-05-23 02:09,75392.24219,75402.92969,75392.24219,75400.0,0
2026-05-23 02:10,75374.22656,75388.92969,75374.22656,75378.09375,0
2026-05-23 02:11,75383.0,75383.0,75374.79688,75376.0,106596352
2026-05-23 02:12,75398.09375,75402.92969,75393.53125,75394.75781,0
2026-05-23 02:13,75428.00781,75439.84375,75398.09375,75398.09375,0
2026-05-23 02:14,75366.47656,75447.17969,75366.47656,75433.99219,105316352
2026-05-23 02:15,75438.0625,75438.0625,75378.07031,75378.07031,0
2026-05-23 02:16,75445.36719,75445.38281,75438.0625,75438.0625,0
2026-05-23 02:17,75435.99219,75457.11719,75435.99219,75445.36719,0
2026-05-23 02:18,75397.57031,75441.14062,75397.57031,75435.99219,379127808
2026-05-23 02:19,75412.99219,75414.13281,75393.53125,75393.53125,0
2026-05-23 02:20,75401.25,75426.38281,75401.25,75416.22656,37396480
2026-05-23 02:21,75381.9375,75401.25,75381.9375,75401.24219,42221568
2026-05-23 02:22,75392.14062,75393.25,75382.0,75382.02344,0
2026-05-23 02:23,75408.89844,75415.25781,75392.14062,75392.14062,2052096
2026-05-23 02:24,75413.14844,75416.17188,75407.5625,75408.90625,118794240
2026-05-23 02:25,75419.17188,75426.09375,75413.14062,75413.14844,0
2026-05-23 02:26,75424.85938,75424.85938,75405.10156,75417.49219,0
2026-05-23 02:27,75397.38281,75408.96875,75397.38281,75408.96875,9152512
2026-05-23 02:28,75386.0,75393.25781,75384.8125,75384.8125,0
2026-05-23 02:29,75386.79688,75389.97656,75386.0,75386.00781,0
2026-05-23 02:30,75370.00781,75392.27344,75370.00781,75392.27344,0
2026-05-23 02:31,75383.10938,75383.10938,75370.5,75370.5,0
2026-05-23 02:32,75395.02344,75400.32812,75389.28906,75389.28906,0
2026-05-23 02:33,75395.02344,75405.40625,75386.38281,75395.03125,0
2026-05-23 02:34,75381.09375,75398.0,75381.09375,75395.03125,0
2026-05-23 02:35,75378.0,75381.99219,75377.4375,75381.14844,397312
2026-05-23 02:36,75405.10156,75420.53906,75377.99219,75377.99219,6991872
2026-05-23 02:37,75386.49219,75405.10156,75385.96094,75405.10156,0
2026-05-23 02:38,75391.78906,75392.0,75387.50781,75388.6875,0
2026-05-23 02:39,75397.53125,75397.53125,75390.53125,75391.78906,116647936
2026-05-23 02:40,75384.07031,75401.24219,75384.07031,75400.85156,0
2026-05-23 02:41,75387.60938,75388.84375,75381.25781,75385.46094,2158592
2026-05-23 02:42,75412.84375,75413.99219,75391.20312,75393.13281,6602752
2026-05-23 02:43,75420.54688,75431.29688,75416.67969,75416.67969,0
2026-05-23 02:44,75386.60156,75422.22656,75386.60156,75420.54688,0
2026-05-23 02:45,75399.49219,75415.74219,75398.0,75398.0,0
2026-05-23 02:46,75415.82812,75415.82812,75397.38281,75397.39062,0
2026-05-23 02:47,75431.25,75431.25,75422.39062,75422.39062,81252352
2026-05-23 02:48,75436.89062,75436.89062,75425.35938,75432.95312,0
2026-05-23 02:49,75455.46094,75456.17969,75430.50781,75430.50781,0
2026-05-23 02:50,75439.00781,75451.21094,75433.85156,75445.89844,0
2026-05-23 02:51,75455.13281,75461.99219,75439.02344,75439.02344,0
2026-05-23 02:52,75464.32031,75469.67969,75455.53125,75455.53125,0
2026-05-23 02:53,75465.11719,75475.10156,75463.97656,75464.3125,203520000
2026-05-23 02:54,75463.50781,75470.00781,75459.14844,75467.03125,0
2026-05-23 02:55,75475.96875,75475.96875,75442.74219,75470.67969,0
2026-05-23 02:56,75484.35938,75484.35938,75474.57812,75475.96094,0
2026-05-23 02:57,75486.15625,75495.17188,75479.17969,75484.35938,0
2026-05-23 02:58,75474.57812,75485.99219,75474.57812,75482.4375,1687552
2026-05-23 02:59,75482.5625,75482.5625,75472.10156,75474.28125,0
2026-05-23 03:00,75487.67969,75487.6875,75468.90625,75472.07031,7718912
2026-05-23 03:01,75499.96094,75500.0,75478.4375,75478.45312,0
2026-05-23 03:02,75495.99219,75500.0,75493.25,75495.57031,73922560
2026-05-23 03:03,75495.71094,75500.0,75490.03125,75499.99219,0
2026-05-23 03:04,75511.89844,75511.89844,75505.07812,75505.07812,0
2026-05-23 03:05,75509.90625,75520.0,75509.34375,75511.89844,0
2026-05-23 03:06,75499.99219,75511.96875,75497.75,75510.11719,117067776
2026-05-23 03:07,75491.74219,75497.67969,75491.74219,75496.03125,0
2026-05-23 03:08,75502.79688,75507.97656,75491.74219,75491.74219,0
2026-05-23 03:09,75502.78906,75509.95312,75502.78906,75502.78906,0
2026-05-23 03:10,75496.03125,75502.79688,75496.03125,75502.79688,0
2026-05-23 03:11,75507.39844,75507.39844,75496.02344,75496.03125,0
2026-05-23 03:12,75520.14844,75520.14844,75507.39844,75507.39844,0
2026-05-23 03:13,75523.49219,75523.49219,75520.14844,75520.14844,1593344
2026-05-23 03:14,75523.53906,75526.5,75523.47656,75523.49219,0
2026-05-23 03:15,75499.21875,75517.04688,75490.03125,75517.04688,0
2026-05-23 03:16,75506.89844,75514.03125,75500.14062,75500.14062,0
2026-05-23 03:17,75513.63281,75513.63281,75507.67969,75507.67969,11454464
2026-05-23 03:18,75523.47656,75523.47656,75513.61719,75513.63281,104218624
2026-05-23 03:19,75495.14844,75532.46875,75495.14844,75523.47656,0
2026-05-23 03:20,75522.54688,75522.54688,75508.78125,75508.78125,0
2026-05-23 03:21,75533.39844,75537.45312,75524.39062,75524.39062,0
2026-05-23 03:22,75528.61719,75540.02344,75528.61719,75533.39844,0
2026-05-23 03:23,75510.89062,75528.42969,75496.57812,75528.42969,7952384
2026-05-23 03:24,75525.97656,75525.97656,75497.74219,75510.88281,0
2026-05-23 03:25,75516.0,75517.04688,75505.60156,75517.04688,0
2026-05-23 03:26,75508.42188,75513.28125,75505.60156,75513.28125,0
2026-05-23 03:27,75505.99219,75505.99219,75504.70312,75504.71094,2232320
2026-05-23 03:28,75516.84375,75516.84375,75505.97656,75505.97656,0
2026-05-23 03:29,75505.5,75529.54688,75505.5,75516.85156,23576576
2026-05-23 03:30,75528.0,75528.0,75496.0625,75496.0625,9152512
2026-05-23 03:31,75532.86719,75532.86719,75528.0,75528.0,0
2026-05-23 03:32,75550.0,75550.0,75532.86719,75532.86719,448512
2026-05-23 03:33,75547.92188,75553.8125,75547.92188,75553.8125,196558848
2026-05-23 03:34,75547.92188,75547.99219,75547.92188,75547.92188,7131136
2026-05-23 03:35,75551.89844,75553.82031,75547.92188,75547.92188,0
2026-05-23 03:36,75553.82031,75553.82031,75551.97656,75551.97656,0
2026-05-23 03:37,75553.82031,75553.82031,75551.89844,75551.89844,5122048
2026-05-23 03:38,75561.54688,75561.54688,75553.8125,75553.8125,0
2026-05-23 03:39,75565.82812,75565.82812,75561.54688,75561.54688,0
2026-05-23 03:40,75555.64844,75569.11719,75555.64062,75569.11719,82366464
2026-05-23 03:41,75560.5,75562.61719,75560.5,75560.50781,0
2026-05-23 03:42,75562.88281,75562.88281,75560.50781,75560.90625,0
2026-05-23 03:43,75563.82812,75571.57812,75563.82812,75567.21875,98639872
2026-05-23 03:44,75561.64844,75565.02344,75560.50781,75565.0,88418304
2026-05-23 03:45,75548.59375,75566.20312,75548.57812,75561.64844,0
2026-05-23 03:46,75544.07812,75562.70312,75544.00781,75544.02344,264192
2026-05-23 03:47,75544.07031,75544.07812,75544.07031,75544.07031,0
2026-05-23 03:48,75535.99219,75544.07812,75535.99219,75544.07812,16384000
2026-05-23 03:49,75556.07812,75561.09375,75535.99219,75535.99219,417792
2026-05-23 03:50,75557.07031,75559.47656,75556.07031,75556.07031,0
2026-05-23 03:51,75558.0,75558.0,75557.07031,75557.07031,0
2026-05-23 03:52,75567.99219,75567.99219,75558.0,75558.0,0
2026-05-23 03:53,75563.67969,75570.25,75563.67969,75567.99219,0
2026-05-23 03:54,75570.27344,75573.92188,75563.67188,75563.67188,0
2026-05-23 03:55,75558.8125,75567.0,75558.8125,75563.36719,78551040
2026-05-23 03:56,75545.07031,75558.79688,75545.07031,75558.79688,0
2026-05-23 03:57,75538.0,75543.71875,75533.96875,75543.71875,0
2026-05-23 03:58,75539.32812,75542.00781,75538.59375,75542.0,10293248
2026-05-23 03:59,75545.71094,75547.17969,75545.70312,75547.17969,0
2026-05-23 04:00,75540.00781,75545.97656,75540.0,75545.71094,28258304
2026-05-23 04:01,75540.14844,75540.17969,75539.64844,75540.00781,0
2026-05-23 04:02,75539.65625,75542.92188,75539.65625,75540.14844,0
2026-05-23 04:03,75528.45312,75539.64062,75528.40625,75536.35156,0
2026-05-23 04:04,75555.11719,75555.11719,75528.4375,75528.4375,0
2026-05-23 04:05,75545.95312,75555.11719,75545.9375,75555.11719,6240256
2026-05-23 04:06,75551.45312,75551.45312,75545.95312,75545.95312,19257344
2026-05-23 04:07,75545.95312,75551.45312,75545.9375,75551.4375,0
2026-05-23 04:08,75541.47656,75545.95312,75541.46875,75545.95312,0
2026-05-23 04:09,75542.32812,75542.32812,75541.46875,75541.46875,0
2026-05-23 04:10,75541.47656,75547.96094,75541.46875,75545.71094,98627584
2026-05-23 04:11,75548.59375,75548.60156,75541.47656,75541.47656,0
2026-05-23 04:12,75544.07031,75552.53906,75544.07031,75549.78125,0
2026-05-23 04:13,75545.17969,75552.20312,75544.07031,75544.07031,0
2026-05-23 04:14,75533.99219,75548.15625,75533.99219,75545.17969,0
2026-05-23 04:15,75539.97656,75539.97656,75533.99219,75533.99219,0
2026-05-23 04:16,75535.13281,75539.97656,75535.13281,75539.97656,0
2026-05-23 04:17,75528.63281,75535.14844,75528.61719,75535.14062,0
2026-05-23 04:18,75524.5625,75528.63281,75519.09375,75528.63281,0
2026-05-23 04:19,75497.96094,75524.57031,75482.64844,75524.57031,0
2026-05-23 04:20,75486.15625,75497.96094,75480.99219,75497.96094,0
2026-05-23 04:21,75483.99219,75490.09375,75482.3125,75490.09375,104132608
2026-05-23 04:22,75485.79688,75487.61719,75484.92188,75484.92969,7311360
2026-05-23 04:23,75494.42969,75494.42969,75485.79688,75485.79688,1245184
2026-05-23 04:24,75481.97656,75499.39844,75481.97656,75498.0,0
2026-05-23 04:25,75493.88281,75493.88281,75482.78906,75482.78906,0
2026-05-23 04:26,75493.88281,75493.88281,75493.86719,75493.88281,376832
2026-05-23 04:27,75485.03906,75493.88281,75485.00781,75493.88281,0
2026-05-23 04:28,75485.04688,75485.04688,75485.03906,75485.03906,0
2026-05-23 04:29,75504.0,75504.0,75465.49219,75486.96875,0
2026-05-23 04:30,75532.46875,75532.46875,75504.02344,75504.02344,700665856
2026-05-23 04:31,75536.00781,75536.00781,75532.46875,75532.47656,684032
2026-05-23 04:32,75562.13281,75562.13281,75540.1875,75540.1875,105678848
2026-05-23 04:33,75550.00781,75565.75,75550.0,75562.14062,0
2026-05-23 04:34,75547.92969,75550.00781,75547.92188,75550.00781,0
2026-05-23 04:35,75522.10938,75534.02344,75522.03906,75534.00781,0
2026-05-23 04:36,75506.67969,75516.42188,75501.60156,75516.42188,0
2026-05-23 04:37,75494.0,75503.53125,75494.0,75503.53125,0
2026-05-23 04:38,75460.52344,75495.1875,75460.52344,75495.1875,10620928
2026-05-23 04:39,75432.92969,75463.0625,75432.75,75460.53125,62930944
2026-05-23 04:40,75434.25,75437.38281,75426.89844,75432.92969,0
2026-05-23 04:41,75430.07812,75434.25781,75428.27344,75434.25781,0
2026-05-23 04:42,75433.96875,75433.97656,75428.27344,75430.07031,0
2026-05-23 04:43,75437.38281,75437.38281,75433.97656,75433.97656,106285056
2026-05-23 04:44,75420.54688,75437.38281,75420.54688,75437.38281,0
2026-05-23 04:45,75420.53906,75433.96875,75420.53906,75424.09375,0
2026-05-23 04:46,75427.84375,75433.03125,75427.84375,75427.84375,102326272
2026-05-23 04:47,75427.85156,75434.0,75427.84375,75427.85156,0
2026-05-23 04:48,75417.00781,75431.99219,75417.0,75427.85156,106643456
2026-05-23 04:49,75433.77344,75433.77344,75425.75781,75425.75781,0
2026-05-23 04:50,75447.75,75451.09375,75438.96094,75438.96094,0
2026-05-23 04:51,75452.89062,75452.89062,75447.74219,75447.74219,0
2026-05-23 04:52,75440.95312,75452.89844,75440.9375,75452.89844,0
2026-05-23 04:53,75437.97656,75440.95312,75435.10938,75440.95312,24369152
2026-05-23 04:54,75427.96875,75437.99219,75427.02344,75437.99219,10805248
2026-05-23 04:55,75437.1875,75437.89062,75427.96094,75427.96094,0
2026-05-23 04:56,75427.04688,75435.92969,75427.04688,75435.92969,0
2026-05-23 04:57,75425.97656,75427.04688,75423.78125,75427.03906,0
2026-05-23 04:58,75435.52344,75435.52344,75421.52344,75425.99219,0
2026-05-23 04:59,75455.11719,75455.11719,75435.52344,75435.52344,0
2026-05-23 05:00,75432.13281,75455.11719,75432.13281,75455.11719,16220160
2026-05-23 05:01,75426.0,75438.92188,75419.46875,75438.90625,0
2026-05-23 05:02,75422.0,75426.0,75421.5,75426.0,905216
2026-05-23 05:03,75427.99219,75427.99219,75421.99219,75422.0,89698304
2026-05-23 05:04,75446.70312,75462.60938,75425.42969,75427.99219,0
2026-05-23 05:05,75467.99219,75468.0,75439.84375,75441.07812,0
2026-05-23 05:06,75437.99219,75468.0,75428.25781,75468.0,0
2026-05-23 05:07,75433.99219,75438.0,75433.86719,75438.0,212379648
2026-05-23 05:08,75431.99219,75439.3125,75430.86719,75439.3125,0
2026-05-23 05:09,75464.39844,75464.39844,75428.27344,75433.95312,0
2026-05-23 05:10,75428.60938,75454.03125,75428.60938,75454.02344,0
2026-05-23 05:11,75430.5625,75434.5,75426.0,75428.61719,0
2026-05-23 05:12,75439.84375,75439.84375,75430.57031,75430.57031,0
2026-05-23 05:13,75430.57031,75430.57031,75430.5625,75430.57031,102131712
2026-05-23 05:14,75432.96094,75432.96094,75430.57031,75430.57031,0
2026-05-23 05:15,75432.5,75432.96094,75432.49219,75432.96094,12670976
2026-05-23 05:16,75451.42188,75451.42188,75432.49219,75432.5,2988032
2026-05-23 05:17,75459.13281,75459.13281,75451.40625,75451.40625,0
2026-05-23 05:18,75454.9375,75459.14062,75454.92969,75459.14062,2912256
2026-05-23 05:19,75435.97656,75454.92969,75435.97656,75454.92969,0
2026-05-23 05:20,75412.6875,75435.99219,75412.6875,75435.99219,9078784
2026-05-23 05:21,75415.99219,75415.99219,75405.6875,75409.5625,39421952
2026-05-23 05:22,75405.67188,75415.99219,75405.67188,75415.97656,0
2026-05-23 05:23,75415.40625,75415.40625,75411.21094,75411.21094,0
2026-05-23 05:24,75398.0,75415.40625,75389.65625,75415.40625,0
2026-05-23 05:25,75416.6875,75420.53125,75397.59375,75397.59375,0
2026-05-23 05:26,75429.09375,75429.14844,75416.6875,75416.6875,6676480
2026-05-23 05:27,75434.11719,75439.84375,75429.09375,75429.09375,0
2026-05-23 05:28,75414.22656,75434.11719,75412.53906,75434.11719,0
2026-05-23 05:29,75388.0,75424.39844,75388.0,75420.53906,142104576
2026-05-23 05:30,75402.60156,75405.60156,75384.14062,75387.99219,0
2026-05-23 05:31,75399.25781,75402.60156,75393.96094,75402.60156,0
2026-05-23 05:32,75412.82031,75412.82031,75401.99219,75401.99219,1099776
2026-05-23 05:33,75412.78906,75412.82031,75406.79688,75412.82031,0
2026-05-23 05:34,75394.59375,75412.78906,75390.46875,75412.78906,0
2026-05-23 05:35,75392.04688,75392.0625,75377.97656,75377.97656,108886016
2026-05-23 05:36,75395.92188,75397.42969,75392.0625,75392.0625,0
2026-05-23 05:37,75397.63281,75399.32031,75392.04688,75392.0625,1460224
2026-05-23 05:38,75403.71875,75410.29688,75401.92188,75401.92188,0
2026-05-23 05:39,75403.97656,75404.0,75403.71094,75403.71875,0
2026-05-23 05:40,75408.28125,75408.28125,75403.97656,75403.97656,501760
2026-05-23 05:41,75406.24219,75408.28125,75404.64062,75408.28125,106088448
2026-05-23 05:42,75406.24219,75406.24219,75406.22656,75406.24219,4947968
2026-05-23 05:43,75420.53906,75420.53906,75406.22656,75406.22656,0
2026-05-23 05:44,75426.59375,75426.59375,75423.92969,75423.92969,0
2026-05-23 05:45,75426.59375,75428.25781,75426.57812,75426.59375,0
2026-05-23 05:46,75425.0,75425.0,75415.97656,75420.54688,0
2026-05-23 05:47,75397.40625,75425.0,75397.36719,75425.0,0
2026-05-23 05:48,75402.46875,75408.0,75397.4375,75397.4375,0
2026-05-23 05:49,75397.38281,75408.96875,75397.38281,75405.25,0
2026-05-23 05:50,75388.35156,75397.39062,75388.35156,75397.39062,0
2026-05-23 05:51,75399.11719,75399.11719,75382.96875,75382.96875,0
2026-05-23 05:52,75390.84375,75399.99219,75390.84375,75399.11719,106698752
2026-05-23 05:53,75382.97656,75390.82812,75382.96875,75390.82812,0
2026-05-23 05:54,75386.07812,75386.07812,75382.96875,75382.97656,0
2026-05-23 05:55,75394.57031,75394.77344,75386.07812,75386.07812,0
2026-05-23 05:56,75385.42188,75393.21094,75382.96875,75393.21094,137216
2026-05-23 05:57,75380.85156,75385.99219,75380.0,75385.42188,126105600
2026-05-23 05:58,75388.89844,75389.65625,75388.89844,75389.65625,0
2026-05-23 05:59,75397.64062,75397.64062,75388.89844,75388.90625,0
2026-05-23 06:00,75397.39062,75408.27344,75397.39062,75398.67969,0
2026-05-23 06:01,75381.99219,75397.39062,75381.9375,75397.39062,0
2026-05-23 06:02,75386.07812,75387.11719,75381.99219,75381.99219,0
2026-05-23 06:03,75385.84375,75393.50781,75384.6875,75385.89062,0
2026-05-23 06:04,75382.0,75385.85156,75381.97656,75385.85156,0
2026-05-23 06:05,75393.50781,75393.50781,75384.96875,75384.96875,0
2026-05-23 06:06,75397.39844,75411.96875,75397.38281,75397.38281,0
2026-05-23 06:07,75401.22656,75401.24219,75397.39844,75397.39844,0
2026-05-23 06:08,75397.64062,75401.24219,75397.38281,75401.24219,0
2026-05-23 06:09,75408.90625,75409.92969,75397.63281,75397.63281,98922496
2026-05-23 06:10,75404.92188,75409.03906,75402.74219,75409.03125,0
2026-05-23 06:11,75385.92969,75404.92969,75385.92969,75404.92969,0
2026-05-23 06:12,75384.52344,75385.99219,75384.52344,75385.9375,0
2026-05-23 06:13,75384.53125,75386.0,75384.52344,75384.52344,0
2026-05-23 06:14,75378.09375,75384.53125,75378.09375,75384.53125,1595392
2026-05-23 06:15,75396.52344,75396.52344,75378.07812,75378.07812,0
2026-05-23 06:16,75399.03906,75399.95312,75396.52344,75396.52344,88315904
2026-05-23 06:17,75399.99219,75399.99219,75399.03906,75399.04688,0
2026-05-23 06:18,75399.04688,75399.04688,75399.03906,75399.03906,0
2026-05-23 06:19,75393.32031,75399.04688,75393.32031,75397.46875,0
2026-05-23 06:20,75394.75781,75400.0,75394.75781,75400.0,0
2026-05-23 06:21,75394.02344,75394.77344,75393.35156,75394.77344,0
2026-05-23 06:22,75391.96875,75394.75,75389.78125,75394.75,0
2026-05-23 06:23,75379.97656,75391.96875,75379.97656,75391.96875,2813952
2026-05-23 06:24,75384.77344,75385.24219,75384.75781,75385.22656,0
2026-05-23 06:25,75367.5,75384.78125,75366.0,75384.78125,0
2026-05-23 06:26,75362.89062,75366.0,75354.92188,75366.0,0
2026-05-23 06:27,75372.5,75372.5,75362.89062,75362.89844,0
2026-05-23 06:28,75375.97656,75380.25781,75358.02344,75372.49219,103647232
2026-05-23 06:29,75359.52344,75375.99219,75359.52344,75375.99219,0
2026-05-23 06:30,75358.6875,75368.0,75355.99219,75360.59375,0
2026-05-23 06:31,75385.78906,75385.79688,75358.6875,75358.6875,0
2026-05-23 06:32,75393.52344,75393.52344,75385.78906,75385.78906,3909632
2026-05-23 06:33,75381.9375,75384.00781,75371.0625,75384.00781,0
2026-05-23 06:34,75367.13281,75381.9375,75362.17969,75381.9375,0
2026-05-23 06:35,75374.21875,75374.21875,75367.13281,75367.13281,149504
2026-05-23 06:36,75375.46094,75375.46094,75374.21875,75374.21875,0
2026-05-23 06:37,75326.17188,75370.45312,75325.0,75370.45312,0
2026-05-23 06:38,75341.4375,75341.4375,75330.04688,75330.04688,0
2026-05-23 06:39,75343.35156,75362.47656,75341.4375,75341.4375,0
2026-05-23 06:40,75354.92188,75354.92188,75343.34375,75343.35156,109760512
2026-05-23 06:41,75352.71094,75354.90625,75350.67188,75354.90625,0
2026-05-23 06:42,75358.78125,75358.78125,75352.71094,75352.71094,0
2026-05-23 06:43,75350.40625,75358.78125,75350.39844,75358.78125,11864064
2026-05-23 06:44,75351.9375,75357.49219,75350.39844,75350.40625,103856128
2026-05-23 06:45,75335.63281,75358.77344,75335.63281,75351.9375,0
2026-05-23 06:46,75311.00781,75335.63281,75311.0,75335.63281,3504128
2026-05-23 06:47,75305.99219,75307.35938,75300.00781,75307.35938,0
2026-05-23 06:48,75294.99219,75300.0,75294.99219,75300.0,96610304
2026-05-23 06:49,75307.29688,75307.29688,75294.99219,75294.99219,0
2026-05-23 06:50,75304.74219,75319.65625,75304.74219,75307.28906,1873920
2026-05-23 06:51,75293.17188,75304.75,75293.15625,75304.74219,42049536
2026-05-23 06:52,75300.89062,75316.75781,75293.17188,75293.17188,0
2026-05-23 06:53,75312.8125,75315.52344,75300.88281,75300.88281,0
2026-05-23 06:54,75304.75,75313.57031,75304.75,75312.85156,0
2026-05-23 06:55,75322.82031,75322.82812,75304.74219,75304.74219,0
2026-05-23 06:56,75317.60938,75317.60938,75297.02344,75316.63281,0
2026-05-23 06:57,75327.89844,75327.89844,75317.60938,75317.60938,0
2026-05-23 06:58,75297.67188,75327.89844,75297.67188,75327.89844,0
2026-05-23 06:59,75312.32812,75312.32812,75297.67188,75297.67188,108937216
2026-05-23 07:00,75339.49219,75348.11719,75316.3125,75316.3125,110088192
2026-05-23 07:01,75304.74219,75339.49219,75304.74219,75339.49219,0
2026-05-23 07:02,75277.14062,75304.75,75277.14062,75304.75,0
2026-05-23 07:03,75289.28906,75289.28906,75267.21094,75278.14844,0
2026-05-23 07:04,75273.86719,75292.59375,75273.86719,75289.97656,2009088
2026-05-23 07:05,75245.03906,75273.86719,75245.02344,75273.86719,101941248
2026-05-23 07:06,75230.00781,75245.0,75230.00781,75242.99219,0
2026-05-23 07:07,75222.64062,75230.00781,75177.77344,75230.00781,0
2026-05-23 07:08,75246.84375,75246.84375,75219.97656,75219.97656,0
2026-05-23 07:09,75261.42969,75261.42969,75248.84375,75248.84375,38995968
2026-05-23 07:10,75243.02344,75279.38281,75243.02344,75261.4375,0
2026-05-23 07:11,75252.72656,75252.72656,75243.00781,75243.00781,0
2026-05-23 07:12,75268.15625,75280.03125,75246.13281,75252.71875,0
2026-05-23 07:13,75269.85938,75269.85938,75267.0,75268.15625,0
2026-05-23 07:14,75261.99219,75269.85938,75261.99219,75269.85938,1318912
2026-05-23 07:15,75237.00781,75257.29688,75237.0,75257.29688,0
2026-05-23 07:16,75246.0,75247.63281,75237.0,75237.00781,107995136
2026-05-23 07:17,75242.32031,75246.00781,75242.3125,75244.0,0
2026-05-23 07:18,75241.20312,75255.3125,75241.1875,75242.32031,0
2026-05-23 07:19,75217.17188,75241.1875,75210.02344,75241.1875,3047424
2026-05-23 07:20,75194.70312,75194.70312,75181.49219,75188.95312,0
2026-05-23 07:21,75185.9375,75195.99219,75185.9375,75194.39062,0
2026-05-23 07:22,75200.50781,75200.50781,75188.92969,75188.92969,3639296
2026-05-23 07:23,75200.52344,75200.52344,75169.0625,75189.17969,0
2026-05-23 07:24,75188.39062,75201.32031,75188.38281,75201.32031,0
2026-05-23 07:25,75186.54688,75194.0,75185.63281,75188.38281,0
2026-05-23 07:26,75180.78125,75186.5625,75180.78125,75186.5625,110512128
2026-05-23 07:27,75174.9375,75188.0,75174.92969,75181.21094,0
2026-05-23 07:28,75174.07812,75181.21094,75146.85156,75172.11719,0
2026-05-23 07:29,75202.0,75202.0,75181.21875,75181.21875,0
2026-05-23 07:30,75172.17188,75202.0,75172.17188,75202.0,0
2026-05-23 07:31,75114.04688,75155.20312,75073.0625,75155.20312,0
2026-05-23 07:32,75131.59375,75131.59375,75101.71094,75111.54688,4636672
2026-05-23 07:33,75135.50781,75140.47656,75129.6875,75129.6875,0
2026-05-23 07:34,75164.57812,75164.57812,75123.03125,75135.50781,0
2026-05-23 07:35,75188.92969,75188.92969,75177.04688,75186.64062,0
2026-05-23 07:36,75258.40625,75258.40625,75188.9375,75188.9375,112728064
2026-05-23 07:37,75251.11719,75258.40625,75246.84375,75250.17188,0
2026-05-23 07:38,75239.11719,75246.82812,75227.53906,75246.82812,0
2026-05-23 07:39,75257.82812,75260.0625,75239.10938,75239.10938,0
2026-05-23 07:40,75232.20312,75257.82812,75232.20312,75257.82812,0
2026-05-23 07:41,75232.0,75241.25,75231.39844,75238.71875,0
2026-05-23 07:42,75185.97656,75231.40625,75158.96875,75231.40625,0
2026-05-23 07:43,75197.22656,75200.5,75179.92969,75179.92969,0
2026-05-23 07:44,75203.27344,75205.39844,75199.67969,75204.38281,1181696
2026-05-23 07:45,75166.70312,75179.96875,75123.32031,75147.07031,0
2026-05-23 07:46,74927.5625,75169.99219,74901.9375,75168.09375,23091200
2026-05-23 07:47,74972.77344,75015.0,74940.82031,74958.38281,706560
2026-05-23 07:48,75016.0,75020.0,74927.11719,74976.78906,47323136
2026-05-23 07:49,74936.03906,75030.79688,74932.3125,75030.79688,39329792
2026-05-23 07:50,74251.29688,74930.74219,74251.29688,74926.1875,0
2026-05-23 07:51,74452.6875,74496.4375,74269.88281,74269.88281,398387200
2026-05-23 07:52,74517.29688,74569.61719,74486.74219,74522.14844,131379200
2026-05-23 07:53,74467.04688,74502.4375,74443.96094,74502.4375,56580096
2026-05-23 07:54,74431.82031,74501.02344,74431.82031,74492.0,418674688
2026-05-23 07:55,74410.95312,74463.24219,74410.95312,74428.52344,0
2026-05-23 07:56,74497.95312,74497.95312,74405.36719,74405.36719,496353280
2026-05-23 07:57,74531.5625,74531.5625,74531.5625,74531.5625,0
