Price,Close,High,Low,Open,Volume
Ticker,MSFT,MSFT,MSFT,MSFT,MSFT
Datetime,,,,,
2026-03-31 13:30,365.64001,366.53,364.375,364.63,1487739
2026-03-31 13:31,366.37,366.57001,365.48001,365.5,147658
2026-03-31 13:32,365.42001,366.63989,365.42001,366.38,146033
2026-03-31 13:33,365.41501,365.59,364.82999,365.38,173031
2026-03-31 13:34,366.82501,366.85001,365.34,365.41,128363
2026-03-31 13:35,366.44501,367.10999,366.26001,366.82001,133848
2026-03-31 13:36,366.63,367.0799,366.14001,366.44009,127223
2026-03-31 13:37,367.16501,367.38,366.57999,366.57999,171548
2026-03-31 13:38,366.09,367.39999,365.97,367.17001,170142
2026-03-31 13:39,366.57001,366.60501,365.62,366.13501,121691
2026-03-31 13:40,366.82001,367.14999,366.54999,366.61169,123857
2026-03-31 13:41,366.44,366.89999,366.39001,366.82001,119800
2026-03-31 13:42,366.73999,366.92001,366.39999,366.39999,94506
2026-03-31 13:43,366.5701,367.07001,366.54001,366.78,168429
2026-03-31 13:44,366.04001,366.60999,365.79999,366.57001,172112
2026-03-31 13:45,366.41501,366.64999,366.07001,366.07001,87347
2026-03-31 13:46,366.73001,366.85999,366.28,366.39999,70773
2026-03-31 13:47,366.76999,367.17999,366.51999,366.73001,98926
2026-03-31 13:48,366.9425,367.03931,366.715,366.79999,56333
2026-03-31 13:49,367.69,367.70001,366.97,366.97,128491
2026-03-31 13:50,367.10999,367.69,366.65601,367.69,97807
2026-03-31 13:51,367.255,367.41,366.89169,367.12219,66699
2026-03-31 13:52,367.23999,367.31,366.89999,367.245,63561
2026-03-31 13:53,367.72,367.78,367.0701,367.26001,94113
2026-03-31 13:54,367.89001,368.14999,367.69,367.73001,126804
2026-03-31 13:55,367.73001,368.07001,367.73001,367.89999,121858
2026-03-31 13:56,367.26001,367.82999,367.06,367.78,94516
2026-03-31 13:57,366.77499,367.44601,366.67001,367.28,96037
2026-03-31 13:58,367.04999,367.12,366.75009,366.82999,76779
2026-03-31 13:59,367.10001,367.23001,366.80139,367.06,90767
2026-03-31 14:00,367.29001,367.53,367.0,367.10999,94003
2026-03-31 14:01,367.09509,367.35999,367.03,367.29001,87176
2026-03-31 14:02,366.89999,367.1499,366.52011,367.12,90067
2026-03-31 14:03,366.82001,367.06,366.45999,366.92999,79823
2026-03-31 14:04,367.241,367.26001,366.70001,366.832,72652
2026-03-31 14:05,366.86499,367.23001,366.73999,367.23001,75563
2026-03-31 14:06,367.0,367.17999,366.75,366.86499,53452
2026-03-31 14:07,367.10501,367.26999,366.98001,367.0,62000
2026-03-31 14:08,366.845,367.20001,366.76001,367.10501,95207
2026-03-31 14:09,366.82999,367.01999,366.60001,366.79999,71672
2026-03-31 14:10,367.16,367.25949,366.80499,366.82999,66520
2026-03-31 14:11,366.95999,367.23001,366.92001,367.13501,73413
2026-03-31 14:12,366.76001,367.04999,366.63,366.92001,59940
2026-03-31 14:13,366.72,366.94,366.62,366.69501,47918
2026-03-31 14:14,367.12,367.14999,366.69,366.73499,47201
2026-03-31 14:15,367.01999,367.17999,366.82999,366.97,67276
2026-03-31 14:16,366.42001,367.065,366.185,367.04999,85819
2026-03-31 14:17,366.48001,366.63501,366.29999,366.38,60874
2026-03-31 14:18,366.36499,366.66,366.14001,366.45499,90623
2026-03-31 14:19,366.64001,366.85999,366.29999,366.35999,68422
2026-03-31 14:20,366.16,366.70999,366.10999,366.62,51139
2026-03-31 14:21,365.79001,366.19989,365.7045,366.17999,71114
2026-03-31 14:22,366.0,366.12689,365.42999,365.79001,73274
2026-03-31 14:23,366.39999,366.47009,365.98999,366.0,47448
2026-03-31 14:24,366.39999,366.64999,366.34,366.42999,126084
2026-03-31 14:25,365.95001,366.39001,365.91,366.39001,55884
2026-03-31 14:26,365.95999,366.10001,365.7605,366.0,74377
2026-03-31 14:27,365.7699,366.04999,365.67999,365.95001,55144
2026-03-31 14:28,365.73001,365.82001,365.59,365.70001,57522
2026-03-31 14:29,365.45001,365.73001,365.37,365.73001,82324
2026-03-31 14:30,365.2991,365.46011,365.01001,365.46011,172400
2026-03-31 14:31,364.94,365.34,364.92041,365.29999,95916
2026-03-31 14:32,364.72,364.95999,364.67001,364.92001,85541
2026-03-31 14:33,364.83499,364.95001,364.60001,364.7399,84164
2026-03-31 14:34,365.20001,365.23999,364.48999,364.82001,139349
2026-03-31 14:35,365.22501,365.32999,365.01999,365.22,75452
2026-03-31 14:36,365.19501,365.56,365.14001,365.33401,72601
2026-03-31 14:37,365.12,365.28,364.89999,365.19501,83906
2026-03-31 14:38,364.98001,365.39999,364.79999,365.12,70025
2026-03-31 14:39,364.70001,365.26999,364.67001,364.995,63262
2026-03-31 14:40,364.43051,364.82001,364.39169,364.73001,128137
2026-03-31 14:41,364.73999,364.85999,364.38,364.42001,72326
2026-03-31 14:42,364.73001,364.89999,364.51001,364.76999,58654
2026-03-31 14:43,364.79999,364.85251,364.60001,364.69,81716
2026-03-31 14:44,364.9101,365.12,364.7001,364.73001,59686
2026-03-31 14:45,364.68039,365.16,364.64001,364.97,61692
2026-03-31 14:46,365.01001,365.185,364.62,364.70999,50506
2026-03-31 14:47,364.81,365.10001,364.75,364.95001,54111
2026-03-31 14:48,364.75,364.95001,364.66,364.84991,42961
2026-03-31 14:49,364.73901,364.87,364.54001,364.75,51184
2026-03-31 14:50,364.10001,364.78989,364.10001,364.70999,104257
2026-03-31 14:51,363.655,364.22,363.64001,364.14999,95402
2026-03-31 14:52,363.51999,363.75,363.29501,363.67999,67634
2026-03-31 14:53,363.82001,363.89499,363.41,363.48499,127199
2026-03-31 14:54,363.59,363.87,363.35999,363.82001,64530
2026-03-31 14:55,363.26999,363.56,363.07001,363.56,116676
2026-03-31 14:56,363.48499,363.66,363.26999,363.26999,49458
2026-03-31 14:57,363.35999,363.59,363.35001,363.45001,1016858
2026-03-31 14:58,363.4223,363.5499,363.22,363.375,83043
2026-03-31 14:59,363.51999,363.64999,363.38,363.405,53293
2026-03-31 15:00,363.41,363.62,363.25,363.51001,68963
2026-03-31 15:01,363.29999,363.42999,363.10001,363.41501,57956
2026-03-31 15:02,363.73599,363.819,363.25,363.28,78412
2026-03-31 15:03,363.33499,363.70499,363.29999,363.69,54400
2026-03-31 15:04,363.51999,363.63,363.26999,363.33499,43217
2026-03-31 15:05,363.67499,363.67499,363.35999,363.48999,45452
2026-03-31 15:06,364.10999,364.14999,363.58499,363.67499,83984
2026-03-31 15:07,363.79001,364.13,363.7301,364.10001,54712
2026-03-31 15:08,363.98001,364.07001,363.76999,363.81,40147
2026-03-31 15:09,363.68011,364.0,363.64999,363.99991,42500
2026-03-31 15:10,363.35999,363.73019,363.25,363.70999,75392
2026-03-31 15:11,363.87,364.04999,363.39001,363.39001,57085
2026-03-31 15:12,363.98001,364.15991,363.89001,363.89499,56045
2026-03-31 15:13,364.16,364.185,363.87,363.94,59951
2026-03-31 15:14,364.37,364.51999,364.07501,364.12,69264
2026-03-31 15:15,364.54999,364.7099,364.26999,364.35999,58650
2026-03-31 15:16,364.54001,364.56989,364.32501,364.53,63625
2026-03-31 15:17,364.5,364.58151,364.16,364.4873,55313
2026-03-31 15:18,364.44,364.59,364.25,364.48999,46568
2026-03-31 15:19,364.345,364.47,364.07001,364.44,54506
2026-03-31 15:20,363.99991,364.32999,363.89001,364.32001,36918
2026-03-31 15:21,364.04999,364.09,363.85999,363.92001,35379
2026-03-31 15:22,364.38,364.5,363.95001,364.01001,37019
2026-03-31 15:23,364.72,364.82001,364.375,364.38,40595
2026-03-31 15:24,364.70999,364.89999,364.60999,364.715,34723
2026-03-31 15:25,364.70999,364.79999,364.60001,364.67499,55855
2026-03-31 15:26,363.95499,364.82999,363.91501,364.81989,67559
2026-03-31 15:27,364.16,364.19501,363.84,363.92001,69297
2026-03-31 15:28,364.12,364.22,363.89999,364.17001,28928
2026-03-31 15:29,364.24979,364.29999,364.09,364.13501,53021
2026-03-31 15:30,364.1601,364.28,364.04999,364.20001,34980
2026-03-31 15:31,363.98001,364.29001,363.94,364.19791,30529
2026-03-31 15:32,363.72879,364.13,363.64999,364.0,49048
2026-03-31 15:33,363.88,364.0,363.67001,363.67001,28441
2026-03-31 15:34,364.26001,364.34,363.91,363.91,32241
2026-03-31 15:35,364.63,364.7446,364.30499,364.30499,49168
2026-03-31 15:36,364.42001,364.64969,364.41,364.63,46633
2026-03-31 15:37,364.39999,364.51001,364.2749,364.42999,44583
2026-03-31 15:38,364.38,364.59,364.35501,364.35501,26138
2026-03-31 15:39,364.26001,364.35999,364.116,364.32999,25617
2026-03-31 15:40,364.04001,364.26001,364.0,364.26001,27291
2026-03-31 15:41,363.875,363.96991,363.73999,363.95999,55045
2026-03-31 15:42,363.94,363.98901,363.73001,363.875,42250
2026-03-31 15:43,363.95999,364.04999,363.77499,363.94501,41119
2026-03-31 15:44,364.01001,364.13,363.92001,363.965,25821
2026-03-31 15:45,364.0,364.09949,363.87,364.0,29993
2026-03-31 15:46,364.1687,364.18921,363.94,363.98999,34846
2026-03-31 15:47,364.12,364.39999,364.07001,364.10999,34231
2026-03-31 15:48,364.22,364.23999,364.04999,364.09,22170
2026-03-31 15:49,364.3103,364.42001,364.17999,364.20001,29586
2026-03-31 15:50,364.21011,364.37,364.10999,364.32001,30672
2026-03-31 15:51,364.60999,364.7999,364.16,364.23001,45987
2026-03-31 15:52,364.48001,364.60999,364.34,364.57999,27062
2026-03-31 15:53,364.255,364.48999,364.22,364.45001,29854
2026-03-31 15:54,364.20999,364.28751,364.04999,364.26001,30786
2026-03-31 15:55,364.29001,364.35999,364.16,364.23999,33895
2026-03-31 15:56,364.16989,364.35999,364.10999,364.25,26397
2026-03-31 15:57,364.07501,364.23999,364.03,364.17001,24629
2026-03-31 15:58,363.98999,364.17001,363.95001,364.10999,24914
2026-03-31 15:59,363.92001,364.05991,363.87,363.95001,27145
2026-03-31 16:00,364.17999,364.20999,363.67001,363.89999,47201
2026-03-31 16:01,364.578,364.578,364.17001,364.23001,27842
2026-03-31 16:02,364.54501,364.67001,364.48999,364.51999,36923
2026-03-31 16:03,364.45999,364.63501,364.44,364.55981,33454
2026-03-31 16:04,364.34009,364.48999,364.28,364.45499,34853
2026-03-31 16:05,364.52499,364.5899,364.34,364.34,26428
2026-03-31 16:06,364.61499,364.69,364.5,364.53,27548
2026-03-31 16:07,364.84,364.84,364.57001,364.59,29712
2026-03-31 16:08,364.84,364.9899,364.79001,364.87991,43386
2026-03-31 16:09,364.64499,364.82999,364.51999,364.82999,54096
2026-03-31 16:10,364.79001,364.85001,364.54999,364.63501,20637
2026-03-31 16:11,364.47501,364.79999,364.46399,364.78,32527
2026-03-31 16:12,364.44,364.51001,364.25,364.5,19491
2026-03-31 16:13,364.685,364.72,364.43051,364.45999,30129
2026-03-31 16:14,364.70999,364.81879,364.67999,364.69,26817
2026-03-31 16:15,364.79999,364.88989,364.70001,364.72049,31610
2026-03-31 16:16,365.0,365.07999,364.79999,364.79999,56940
2026-03-31 16:17,365.04001,365.14001,364.87,364.98999,60627
2026-03-31 16:18,364.85999,365.06,364.82999,365.01999,41402
2026-03-31 16:19,364.82501,364.89999,364.6301,364.89001,27108
2026-03-31 16:20,364.84,364.89001,364.69,364.82501,34282
2026-03-31 16:21,364.89999,364.98001,364.7001,364.79501,20488
2026-03-31 16:22,364.59,364.8999,364.59,364.88501,32216
2026-03-31 16:23,364.8291,364.82999,364.54999,364.57001,26949
2026-03-31 16:24,364.95999,364.98001,364.755,364.79501,32945
2026-03-31 16:25,364.82999,365.1499,364.69,364.95999,46145
2026-03-31 16:26,364.31149,364.80499,364.28,364.80499,64509
2026-03-31 16:27,364.565,364.64001,364.17999,364.38,59481
2026-03-31 16:28,364.97501,365.07001,364.55771,364.58801,22494
2026-03-31 16:29,365.04999,365.06,364.89011,364.97501,42561
2026-03-31 16:30,364.9296,365.07001,364.85999,365.04501,27031
2026-03-31 16:31,364.85999,364.97,364.81,364.92001,18338
2026-03-31 16:32,364.89001,364.97,364.755,364.85999,32417
2026-03-31 16:33,364.91,365.0,364.82001,364.92999,18553
2026-03-31 16:34,364.87,365.06,364.76999,364.92999,32022
2026-03-31 16:35,364.33499,364.89999,364.33499,364.86499,42241
2026-03-31 16:36,364.60999,364.61499,364.29501,364.32999,37025
2026-03-31 16:37,364.59,364.785,364.57999,364.60501,25824
2026-03-31 16:38,365.54999,365.54999,364.63,364.63,86589
2026-03-31 16:39,366.03,366.14001,365.41,365.48001,362970
2026-03-31 16:40,366.52499,367.07001,366.01001,366.04001,189810
2026-03-31 16:41,367.73999,367.75,366.48499,366.53,85793
2026-03-31 16:42,367.4451,367.69,366.83011,367.64999,144012
2026-03-31 16:43,367.54001,367.98999,367.0,367.5,124598
2026-03-31 16:44,366.75,367.60999,366.64999,367.54001,123752
2026-03-31 16:45,367.13,367.63,366.505,366.79001,82624
2026-03-31 16:46,366.67999,367.25,366.33499,367.12,75945
2026-03-31 16:47,366.42001,366.82999,366.29999,366.70999,73197
2026-03-31 16:48,366.39999,366.57581,366.20001,366.505,48637
2026-03-31 16:49,366.935,367.00989,366.32199,366.38501,57181
2026-03-31 16:50,367.32001,367.66,366.75,366.94501,90616
2026-03-31 16:51,366.95499,367.32001,366.76001,367.315,75656
2026-03-31 16:52,366.62,366.98001,366.29001,366.95999,47052
2026-03-31 16:53,367.39999,367.48999,366.39999,366.57001,59469
2026-03-31 16:54,367.17999,367.5,367.12,367.36499,58101
2026-03-31 16:55,366.92999,367.17001,366.73999,367.14001,69627
2026-03-31 16:56,367.01999,367.10001,366.69501,366.89499,62190
2026-03-31 16:57,367.25,367.44,366.89001,367.04001,62479
2026-03-31 16:58,367.4451,367.52991,367.15369,367.26001,48620
2026-03-31 16:59,367.965,368.09,367.43011,367.4899,107567
2026-03-31 17:00,368.4682,368.54999,367.92499,368.0098,109447
2026-03-31 17:01,368.39011,368.57001,368.17001,368.44501,91545
2026-03-31 17:02,368.73251,368.75,368.29999,368.39001,80179
2026-03-31 17:03,368.815,368.98999,368.64001,368.75,134367
2026-03-31 17:04,368.88,369.22501,368.79001,368.815,684799
2026-03-31 17:05,368.51001,368.91,368.4563,368.91,107886
2026-03-31 17:06,368.09,368.64999,368.03,368.5,98810
2026-03-31 17:07,368.89999,368.95001,368.07001,368.07999,69257
2026-03-31 17:08,368.87,368.95001,368.66,368.91501,52680
2026-03-31 17:09,368.505,369.12,368.26001,368.85999,159355
2026-03-31 17:10,368.715,368.92001,368.41,368.54001,61289
2026-03-31 17:11,369.29999,369.315,368.63,368.75101,70413
2026-03-31 17:12,369.23999,369.37,369.0,369.29999,65802
2026-03-31 17:13,369.31,369.57999,369.04501,369.23001,116048
2026-03-31 17:14,369.54501,369.63,369.29999,369.29999,71614
2026-03-31 17:15,369.91,370.10001,369.56,369.57001,171954
2026-03-31 17:16,369.85501,370.12,369.70001,369.94,127985
2026-03-31 17:17,369.98499,370.04001,369.79999,369.85501,94480
2026-03-31 17:18,369.79999,370.01999,369.69,369.95001,104079
2026-03-31 17:19,370.31,370.4899,369.76001,369.82501,82891
2026-03-31 17:20,369.95001,370.36499,369.78,370.29501,72457
2026-03-31 17:21,370.3399,370.3399,369.94,369.98999,59372
2026-03-31 17:22,370.35001,370.57001,370.13,370.3399,92516
2026-03-31 17:23,370.14999,370.42999,370.07999,370.35001,89979
2026-03-31 17:24,369.85999,370.13,369.8038,370.13,75285
2026-03-31 17:25,369.62,370.04999,369.54999,369.91281,87621
2026-03-31 17:26,369.57599,369.84,369.44101,369.60001,78694
2026-03-31 17:27,369.07999,369.60999,369.01999,369.54501,70328
2026-03-31 17:28,369.04999,369.27991,369.0,369.04001,112532
2026-03-31 17:29,368.88,369.10001,368.66501,369.03,62368
2026-03-31 17:30,369.0,369.10989,368.84,368.85999,55093
2026-03-31 17:31,369.405,369.54001,369.02301,369.04999,71118
2026-03-31 17:32,369.32999,369.70001,369.32999,369.39001,92149
2026-03-31 17:33,369.70999,369.78989,369.34,369.35001,52950
2026-03-31 17:34,370.07501,370.12,369.69,369.70999,55543
2026-03-31 17:35,369.84,370.14999,369.79999,370.07501,54321
2026-03-31 17:36,369.32501,369.82001,368.85999,369.82001,113094
2026-03-31 17:37,368.73001,369.35001,368.59,369.32501,75649
2026-03-31 17:38,368.32999,368.87939,368.13,368.76999,69126
2026-03-31 17:39,368.41,368.53,368.22,368.3396,61363
2026-03-31 17:40,368.60001,368.6991,368.25,368.32001,84343
2026-03-31 17:41,368.29501,368.56,368.10999,368.56,49980
2026-03-31 17:42,368.20001,368.38,368.17001,368.29501,31697
2026-03-31 17:43,368.29001,368.436,368.10999,368.17999,67116
2026-03-31 17:44,368.44,368.58499,368.155,368.29001,80546
2026-03-31 17:45,368.64001,368.64001,368.39999,368.48499,34507
2026-03-31 17:46,368.47,368.72,368.44,368.60001,34978
2026-03-31 17:47,368.76001,368.92999,368.51501,368.51501,48607
2026-03-31 17:48,368.70001,368.92401,368.6601,368.755,35050
2026-03-31 17:49,368.82999,368.88,368.64999,368.6774,26476
2026-03-31 17:50,368.88501,368.92999,368.72171,368.88501,27414
2026-03-31 17:51,368.70001,369.04999,368.67001,368.89499,48682
2026-03-31 17:52,368.685,368.73999,368.57001,368.73001,36906
2026-03-31 17:53,368.61499,368.75,368.5,368.69,38206
2026-03-31 17:54,368.6788,368.77991,368.48999,368.63,31837
2026-03-31 17:55,368.47009,368.78,368.44,368.75,42328
2026-03-31 17:56,368.465,368.54999,368.34,368.51001,43722
2026-03-31 17:57,368.315,368.51999,368.2301,368.45001,34929
2026-03-31 17:58,368.32501,368.39001,368.04001,368.315,52400
2026-03-31 17:59,368.35001,368.41989,368.2001,368.32501,25775
2026-03-31 18:00,368.73999,368.85999,368.33499,368.34,68210
2026-03-31 18:01,368.98001,369.04001,368.65521,368.72,56255
2026-03-31 18:02,369.0488,369.26999,368.95999,369.01001,39074
2026-03-31 18:03,369.12,369.26501,368.95999,369.005,26460
2026-03-31 18:04,369.05499,369.215,369.0,369.14471,28048
2026-03-31 18:05,369.13,369.20001,369.00009,369.07001,37085
2026-03-31 18:06,369.0,369.27499,368.81,369.13,38240
2026-03-31 18:07,369.20001,369.29999,368.97,368.995,39287
2026-03-31 18:08,369.5,369.51999,369.10999,369.20999,62967
2026-03-31 18:09,369.60501,369.76999,369.42999,369.48499,69520
2026-03-31 18:10,369.29001,369.64999,369.20001,369.59,60608
2026-03-31 18:11,369.1799,369.31,369.0101,369.29999,37366
2026-03-31 18:12,369.06,369.19,368.95001,369.14001,48285
2026-03-31 18:13,369.23001,369.26001,369.0,369.04001,24668
2026-03-31 18:14,369.54999,369.63,369.22501,369.29001,56131
2026-03-31 18:15,369.49799,369.60001,369.32999,369.51999,34131
2026-03-31 18:16,369.50751,369.63,369.35001,369.48999,64968
2026-03-31 18:17,369.47,369.70001,369.28,369.51999,44139
2026-03-31 18:18,369.3356,369.5199,369.32001,369.42068,33625
2026-03-31 18:19,369.54999,369.56,369.29999,369.35501,36789
2026-03-31 18:20,369.63,369.67001,369.48999,369.57001,34198
2026-03-31 18:21,369.66501,369.845,369.60001,369.63,83851
2026-03-31 18:22,369.57999,369.70999,369.48999,369.67999,53418
2026-03-31 18:23,369.79001,369.85001,369.51001,369.56,68666
2026-03-31 18:24,369.54001,369.85999,369.47,369.79999,55372
2026-03-31 18:25,369.32001,369.53,369.30499,369.5,40168
2026-03-31 18:26,369.465,369.59741,369.2901,369.32001,26173
2026-03-31 18:27,369.465,369.465,369.25,369.42999,34023
2026-03-31 18:28,369.84,370.10001,369.44009,369.48999,69103
2026-03-31 18:29,369.8468,369.98999,369.76001,369.79001,45857
2026-03-31 18:30,369.64499,369.89999,369.625,369.81,33583
2026-03-31 18:31,369.54999,369.87,369.51001,369.67999,34024
2026-03-31 18:32,369.51999,369.64999,369.42999,369.56,48483
2026-03-31 18:33,369.63,369.67499,369.45001,369.53,30253
2026-03-31 18:34,369.82999,369.9299,369.61499,369.6351,32766
2026-03-31 18:35,369.88,369.88,369.6701,369.80499,50626
2026-03-31 18:36,369.89999,370.01999,369.78,369.85999,57916
2026-03-31 18:37,369.98001,370.04001,369.85999,369.89999,43484
2026-03-31 18:38,370.1499,370.26001,369.98999,369.98999,59054
2026-03-31 18:39,370.0351,370.19,370.0,370.14999,43298
2026-03-31 18:40,369.92969,370.16931,369.82999,370.01999,41702
2026-03-31 18:41,369.935,370.14001,369.79999,369.94,137866
2026-03-31 18:42,370.23999,370.28,369.87,369.905,64849
2026-03-31 18:43,370.13501,370.26431,369.97,370.25,78001
2026-03-31 18:44,370.48999,370.51999,369.82001,370.13,120563
2026-03-31 18:45,370.54999,370.73001,370.48001,370.53,102916
2026-03-31 18:46,370.32999,370.55499,370.28,370.55499,56772
2026-03-31 18:47,370.29999,370.39001,370.12,370.3125,58571
2026-03-31 18:48,370.18399,370.32999,370.09,370.26999,41278
2026-03-31 18:49,370.41501,370.45001,370.10001,370.19,82367
2026-03-31 18:50,370.58499,370.75,370.38501,370.42001,95187
2026-03-31 18:51,370.32001,370.62,370.26001,370.60001,54362
2026-03-31 18:52,370.33499,370.44,370.20001,370.2901,56466
2026-03-31 18:53,370.41,370.47501,370.28,370.35001,47865
2026-03-31 18:54,370.34009,370.54001,370.26501,370.41501,43375
2026-03-31 18:55,370.57001,370.685,370.315,370.35999,52391
2026-03-31 18:56,370.66,370.79501,370.57001,370.57001,127958
2026-03-31 18:57,370.375,370.67001,370.32001,370.625,85660
2026-03-31 18:58,370.76999,370.76999,370.32501,370.34,89817
2026-03-31 18:59,370.53,370.74011,370.5,370.69,90926
2026-03-31 19:00,370.4718,370.66,370.39001,370.51001,59402
2026-03-31 19:01,370.48999,370.69,370.28,370.48001,102620
2026-03-31 19:02,370.38,370.59,370.28,370.45761,83046
2026-03-31 19:03,370.72,370.78,370.38,370.38501,79022
2026-03-31 19:04,370.64999,370.85001,370.57999,370.72,116273
2026-03-31 19:05,370.51999,370.67001,370.25,370.63,107788
2026-03-31 19:06,370.82501,370.84,370.56,370.56,59685
2026-03-31 19:07,370.37,370.85001,370.34,370.82501,65092
2026-03-31 19:08,370.34,370.64001,370.315,370.38,99962
2026-03-31 19:09,370.72,370.78,370.32001,370.32001,116885
2026-03-31 19:10,370.98999,371.16,370.69,370.7399,104686
2026-03-31 19:11,370.92999,371.03,370.73999,370.94009,80031
2026-03-31 19:12,370.95001,370.98001,370.7001,370.92999,58232
2026-03-31 19:13,371.065,371.09,370.85001,370.92001,81886
2026-03-31 19:14,371.17999,371.29999,370.98001,371.0889,72455
2026-03-31 19:15,371.52499,371.54001,371.13,371.16,101343
2026-03-31 19:16,371.215,371.70001,371.10999,371.5,125688
2026-03-31 19:17,370.79501,371.28,370.73001,371.20999,93863
2026-03-31 19:18,371.02499,371.20999,370.79001,370.815,81103
2026-03-31 19:19,371.23001,371.30499,371.03,371.03,70769
2026-03-31 19:20,371.44,371.48999,371.17001,371.20001,75078
2026-03-31 19:21,371.42999,371.64999,371.35999,371.42999,93894
2026-03-31 19:22,371.37,371.47,371.29999,371.44,58329
2026-03-31 19:23,371.17001,371.45499,371.13,371.41,59579
2026-03-31 19:24,371.245,371.29819,371.09,371.19,67765
2026-03-31 19:25,371.07001,371.38501,371.07001,371.26001,63321
2026-03-31 19:26,370.97,371.22,370.93011,371.07501,84795
2026-03-31 19:27,371.10001,371.23001,370.91,370.97,76465
2026-03-31 19:28,371.01999,371.10999,370.95999,371.08011,56839
2026-03-31 19:29,371.09,371.17999,370.97,371.04001,85064
2026-03-31 19:30,371.54999,371.64001,371.10999,371.14001,115562
2026-03-31 19:31,371.16,371.57999,371.06,371.54999,102764
2026-03-31 19:32,371.04001,371.18979,371.03,371.14999,57314
2026-03-31 19:33,371.42499,371.43469,371.04001,371.07001,100722
2026-03-31 19:34,371.20511,371.44,371.19,371.42499,81824
2026-03-31 19:35,371.0,371.32001,370.97,371.17999,105467
2026-03-31 19:36,371.37,371.42999,370.85999,371.0,91192
2026-03-31 19:37,371.54999,371.60999,371.37,371.37,72412
2026-03-31 19:38,371.67999,371.67999,371.45999,371.54001,84760
2026-03-31 19:39,371.37,371.70001,371.31,371.668,105246
2026-03-31 19:40,371.46991,371.5,371.26001,371.35001,90115
2026-03-31 19:41,371.42001,371.48001,371.16,371.45999,141787
2026-03-31 19:42,371.42499,371.45001,371.19,371.42001,132904
2026-03-31 19:43,371.29001,371.42499,371.07999,371.42499,105489
2026-03-31 19:44,371.60999,371.64999,371.20001,371.29501,107834
2026-03-31 19:45,371.77011,371.85999,371.5,371.64999,130201
2026-03-31 19:46,371.69,372.0,371.69,371.79001,138563
2026-03-31 19:47,371.85999,371.95169,371.60001,371.72,120311
2026-03-31 19:48,371.92001,371.92999,371.66,371.82999,89886
2026-03-31 19:49,371.9613,371.98999,371.73001,371.89999,105708
2026-03-31 19:50,372.14001,372.89999,371.94,372.0,439747
2026-03-31 19:51,371.48199,372.20999,371.09,372.16,238133
2026-03-31 19:52,371.285,371.64001,371.06,371.505,208840
2026-03-31 19:53,371.51001,371.63,371.04999,371.23999,206632
2026-03-31 19:54,371.26001,372.0,371.23999,371.535,275497
2026-03-31 19:55,370.20499,371.26999,370.14001,371.26001,358646
2026-03-31 19:56,369.98999,370.32999,369.87,370.20999,235451
2026-03-31 19:57,370.10999,370.20999,369.75,369.95999,257974
2026-03-31 19:58,369.95001,370.20001,369.85001,370.06,304285
2026-03-31 19:59,370.16,370.42001,369.85001,369.95499,796156
2026-04-01 13:30,371.94,373.98999,370.32999,373.16,1876848
2026-04-01 13:31,371.45999,372.065,370.29999,371.8201,228448
2026-04-01 13:32,372.07001,372.07001,371.32999,371.3801,137549
2026-04-01 13:33,372.84,372.87,371.83499,372.065,162395
2026-04-01 13:34,372.76501,373.16,372.47,372.87,137382
2026-04-01 13:35,372.06,372.785,371.64001,372.785,194039
2026-04-01 13:36,372.03,372.26999,371.78009,372.065,152587
2026-04-01 13:37,371.73001,372.11499,371.51001,372.01001,135181
2026-04-01 13:38,372.42999,372.62,371.64001,371.73001,186683
2026-04-01 13:39,372.44501,372.73001,372.23999,372.42999,163757
2026-04-01 13:40,372.04999,372.48001,371.69,372.4306,158000
2026-04-01 13:41,371.01999,372.19,370.89001,372.07001,168407
2026-04-01 13:42,370.22,371.44,369.73001,370.995,220615
2026-04-01 13:43,369.25,370.36261,369.04999,370.215,152138
2026-04-01 13:44,369.33401,369.51501,369.09,369.29999,124852
2026-04-01 13:45,368.88501,369.79999,368.82999,369.39001,176010
2026-04-01 13:46,369.065,369.29001,368.79999,368.87,111920
2026-04-01 13:47,368.70001,369.38,368.70001,369.12,116803
2026-04-01 13:48,368.64001,369.01999,368.20001,368.66,163786
2026-04-01 13:49,369.0,369.10001,368.47009,368.64001,101226
2026-04-01 13:50,369.04999,369.15991,368.67999,369.01501,102226
2026-04-01 13:51,369.60001,369.98999,369.065,369.07001,128992
2026-04-01 13:52,369.965,370.25,369.45999,369.56,130646
2026-04-01 13:53,370.1499,370.31,369.85001,369.92999,73439
2026-04-01 13:54,369.69,370.1799,369.63,370.035,78523
2026-04-01 13:55,369.16,369.73999,368.89999,369.73999,135266
2026-04-01 13:56,369.16,369.43939,368.91,369.16501,63572
2026-04-01 13:57,369.57001,369.82501,369.12,369.1264,91585
2026-04-01 13:58,369.715,369.76999,369.25,369.64001,111822
2026-04-01 13:59,369.63,369.69501,369.10001,369.67999,81123
2026-04-01 14:00,369.97,370.29001,369.45001,369.595,102404
2026-04-01 14:01,370.59,370.64999,369.92999,369.96411,74227
2026-04-01 14:02,370.92999,370.94501,370.56009,370.67999,81858
2026-04-01 14:03,370.79999,371.39001,370.74011,370.97,85687
2026-04-01 14:04,370.79999,371.064,370.58499,370.79999,79506
2026-04-01 14:05,371.0,371.16229,370.76001,370.82001,68391
2026-04-01 14:06,370.69,371.04669,370.39999,371.04669,91346
2026-04-01 14:07,370.82999,371.1925,370.64999,370.69,84492
2026-04-01 14:08,370.89001,370.96509,370.42999,370.85999,72447
2026-04-01 14:09,370.54001,370.89011,370.29999,370.89011,64833
2026-04-01 14:10,370.42749,370.73999,370.28,370.64001,98927
2026-04-01 14:11,370.41,370.60001,370.29001,370.36499,73694
2026-04-01 14:12,370.72,370.82999,370.31,370.405,55202
2026-04-01 14:13,370.89999,370.98001,370.59,370.745,54229
2026-04-01 14:14,371.17499,371.23999,370.75,370.84,83986
2026-04-01 14:15,371.54999,371.60501,371.06,371.17001,67721
2026-04-01 14:16,371.52121,371.62,371.29999,371.62,65406
2026-04-01 14:17,371.82111,371.88,371.4101,371.505,71555
2026-04-01 14:18,371.92999,372.03,371.60999,371.81,61735
2026-04-01 14:19,371.92001,372.03,371.42001,371.935,99601
2026-04-01 14:20,371.58829,372.02991,371.56,371.92001,57357
2026-04-01 14:21,371.79999,371.88,371.47,371.60001,85049
2026-04-01 14:22,371.94,371.98001,371.51001,371.79501,59521
2026-04-01 14:23,371.76001,372.09,371.73001,371.965,61955
2026-04-01 14:24,371.45999,371.79999,371.25,371.78,58110
2026-04-01 14:25,371.75,371.76001,371.35001,371.45001,67394
2026-04-01 14:26,371.255,371.76999,371.20001,371.76999,96814
2026-04-01 14:27,371.285,371.47989,371.20999,371.26999,41473
2026-04-01 14:28,371.5618,371.81,371.31,371.31,54757
2026-04-01 14:29,371.51001,371.76001,371.47,371.55499,39998
2026-04-01 14:30,371.73001,371.76999,371.31,371.53,48693
2026-04-01 14:31,371.815,372.04901,371.63,371.75,55518
2026-04-01 14:32,371.54999,371.99991,371.5,371.84,70887
2026-04-01 14:33,370.85999,371.56,370.70999,371.5351,75979
2026-04-01 14:34,370.48999,371.04999,370.39001,370.90799,192025
2026-04-01 14:35,370.33499,370.57999,370.17001,370.51999,131613
2026-04-01 14:36,370.60999,370.60999,370.20999,370.33499,43091
2026-04-01 14:37,370.45499,370.78,370.245,370.64001,40141
2026-04-01 14:38,370.70001,370.91,370.41,370.45001,48109
2026-04-01 14:39,371.32999,371.56,370.67999,370.70001,83175
2026-04-01 14:40,370.85001,371.29999,370.70001,371.28,46525
2026-04-01 14:41,370.95499,371.0,370.75,370.77191,53750
2026-04-01 14:42,371.47,371.59,370.95001,370.98001,59933
2026-04-01 14:43,371.19,371.5,371.14999,371.44501,41535
2026-04-01 14:44,371.35001,371.56,371.0,371.20999,46256
2026-04-01 14:45,371.48999,371.48999,371.08191,371.32001,34806
2026-04-01 14:46,371.36499,371.82001,371.31,371.44,78193
2026-04-01 14:47,371.45499,371.55441,371.22,371.37,73148
2026-04-01 14:48,371.66,371.79001,371.45999,371.53,62672
2026-04-01 14:49,371.80499,371.905,371.63,371.64859,38325
2026-04-01 14:50,371.51001,371.89001,371.34,371.82001,38969
2026-04-01 14:51,371.48001,371.60989,371.34,371.5,33446
2026-04-01 14:52,371.45999,371.61499,371.34,371.44501,36324
2026-04-01 14:53,371.80499,371.81,371.41,371.44501,44579
2026-04-01 14:54,371.64691,371.97,371.60001,371.79999,69118
2026-04-01 14:55,371.61499,371.82001,371.5,371.67999,56409
2026-04-01 14:56,371.84,372.0,371.57001,371.61499,51225
2026-04-01 14:57,371.935,372.04001,371.76999,371.85999,57616
2026-04-01 14:58,372.08499,372.20001,371.85001,371.95999,53306
2026-04-01 14:59,371.80069,372.14001,371.67999,372.14001,60174
2026-04-01 15:00,371.69,371.81,371.56,371.78,42806
2026-04-01 15:01,371.64001,371.75,371.51999,371.69,35440
2026-04-01 15:02,371.72501,371.85001,371.60001,371.62,55370
2026-04-01 15:03,371.57999,371.76001,371.56009,371.73001,47549
2026-04-01 15:04,371.45569,371.64999,371.3501,371.58499,53458
2026-04-01 15:05,371.64999,371.73999,371.37,371.39001,30971
2026-04-01 15:06,371.56989,371.95999,371.44501,371.64511,144369
2026-04-01 15:07,371.914,371.914,371.5,371.5,41166
2026-04-01 15:08,371.9299,371.95999,371.681,371.85999,33000
2026-04-01 15:09,371.72501,371.94,371.69501,371.87009,45286
2026-04-01 15:10,371.79999,371.87,371.66,371.75,75484
2026-04-01 15:11,372.12,372.5,371.82999,371.84,93587
2026-04-01 15:12,372.35999,372.42001,372.07999,372.14999,65317
2026-04-01 15:13,372.38,372.42001,372.23001,372.37,53756
2026-04-01 15:14,371.905,372.48001,371.89999,372.39999,61581
2026-04-01 15:15,371.73999,372.01001,371.64499,371.94,55836
2026-04-01 15:16,371.85001,371.9075,371.60001,371.77991,30110
2026-04-01 15:17,371.92001,371.98999,371.82651,371.85999,38233
2026-04-01 15:18,371.91,372.14999,371.87,371.905,45237
2026-04-01 15:19,371.68851,371.905,371.51999,371.905,66853
2026-04-01 15:20,371.48499,371.85001,371.48001,371.66501,41381
2026-04-01 15:21,371.63501,371.72,371.47,371.5,55778
2026-04-01 15:22,371.85001,371.91,371.64001,371.64001,34532
2026-04-01 15:23,371.79001,372.04001,371.70999,371.85999,45235
2026-04-01 15:24,371.22,371.76501,371.04001,371.76501,77759
2026-04-01 15:25,371.345,371.38,371.12,371.20001,38842
2026-04-01 15:26,371.42999,371.51999,371.26999,371.35001,43508
2026-04-01 15:27,371.255,371.45999,371.1362,371.42001,43073
2026-04-01 15:28,371.33499,371.45999,371.0,371.23001,62578
2026-04-01 15:29,371.23499,371.41,371.20999,371.32001,37519
2026-04-01 15:30,370.89999,371.23999,370.75,371.23999,69546
2026-04-01 15:31,371.51001,371.54999,370.89001,370.89001,47008
2026-04-01 15:32,371.26999,371.51999,371.23999,371.48001,35543
2026-04-01 15:33,371.32501,371.38989,371.14011,371.29001,32486
2026-04-01 15:34,371.20001,371.39001,371.16501,371.32501,31625
2026-04-01 15:35,371.53931,371.57001,371.23001,371.25,48694
2026-04-01 15:36,371.875,371.89001,371.4801,371.53,43824
2026-04-01 15:37,371.655,371.98999,371.60501,371.89001,62290
2026-04-01 15:38,371.72501,371.73001,371.51001,371.655,38767
2026-04-01 15:39,371.93011,371.95999,371.70001,371.72501,34275
2026-04-01 15:40,371.74011,372.03,371.64999,371.95499,44826
2026-04-01 15:41,371.8299,371.98001,371.76999,371.79001,24643
2026-04-01 15:42,372.01001,372.07001,371.79001,371.815,37698
2026-04-01 15:43,372.25,372.2999,371.98999,372.01999,33684
2026-04-01 15:44,372.125,372.23999,372.02591,372.23999,30267
2026-04-01 15:45,372.29999,372.47,372.125,372.13,52156
2026-04-01 15:46,372.13,372.35999,372.13,372.3125,38511
2026-04-01 15:47,372.26001,372.26001,372.0368,372.13,25528
2026-04-01 15:48,372.17001,372.29431,372.12,372.29431,28570
2026-04-01 15:49,372.25,372.34,372.17499,372.1763,37146
2026-04-01 15:50,372.16,372.39001,372.16,372.215,39059
2026-04-01 15:51,372.125,372.25,372.06,372.14999,65584
2026-04-01 15:52,372.10001,372.23001,372.10001,372.14999,30379
2026-04-01 15:53,372.23999,372.25,372.0,372.10501,42105
2026-04-01 15:54,372.25,372.31,372.16,372.22,23425
2026-04-01 15:55,372.26001,372.29001,372.14001,372.19,28178
2026-04-01 15:56,372.23499,372.37,372.23001,372.255,30613
2026-04-01 15:57,372.28,372.31,372.21011,372.22,40713
2026-04-01 15:58,372.39999,372.45999,372.29001,372.29999,34108
2026-04-01 15:59,372.185,372.3999,372.17001,372.37,41417
2026-04-01 16:00,372.17999,372.25,372.07001,372.17001,27122
2026-04-01 16:01,372.44,372.51001,372.14999,372.16,52924
2026-04-01 16:02,372.44,372.51001,372.39511,372.47,55406
2026-04-01 16:03,372.29001,372.45999,372.17099,372.38501,36651
2026-04-01 16:04,372.42001,372.45999,372.1701,372.29001,30646
2026-04-01 16:05,372.38,372.45001,372.26001,372.41,52314
2026-04-01 16:06,372.41989,372.51501,372.35501,372.39999,27400
2026-04-01 16:07,372.35001,372.47,372.29001,372.41,27268
2026-04-01 16:08,372.285,372.45999,372.28,372.32001,43392
2026-04-01 16:09,372.44,372.45459,372.29001,372.29999,25848
2026-04-01 16:10,372.59,372.59,372.37,372.45001,30505
2026-04-01 16:11,372.465,372.62,372.35001,372.54251,57022
2026-04-01 16:12,372.37,372.535,372.31,372.51999,30353
2026-04-01 16:13,372.41,372.57001,372.38,372.42999,29354
2026-04-01 16:14,372.10999,372.39999,372.10001,372.39001,32667
2026-04-01 16:15,372.16501,372.20999,371.98001,372.095,33108
2026-04-01 16:16,372.10001,372.14999,371.95999,372.13,45842
2026-04-01 16:17,372.16,372.19,372.04999,372.095,31599
2026-04-01 16:18,372.60001,372.63,372.14001,372.14999,42504
2026-04-01 16:19,372.60999,372.76999,372.57001,372.60999,31310
2026-04-01 16:20,372.52499,372.63,372.41501,372.63,26271
2026-04-01 16:21,372.45001,372.5361,372.39499,372.5,23707
2026-04-01 16:22,372.59341,372.70001,372.42001,372.435,30798
2026-04-01 16:23,372.69501,372.84,372.57501,372.59,35442
2026-04-01 16:24,372.75,372.8399,372.67499,372.70999,34483
2026-04-01 16:25,372.69,372.75259,372.60501,372.73001,25917
2026-04-01 16:26,372.625,372.70999,372.57001,372.69,27206
2026-04-01 16:27,372.72,372.73001,372.5,372.625,21530
2026-04-01 16:28,372.59,372.81369,372.58701,372.70999,22663
2026-04-01 16:29,372.60999,372.68991,372.54001,372.59,37705
2026-04-01 16:30,372.655,372.72,372.57001,372.64001,26994
2026-04-01 16:31,372.39499,372.7034,372.39499,372.64999,35428
2026-04-01 16:32,372.07941,372.47,372.01001,372.42001,56062
2026-04-01 16:33,372.10001,372.23499,372.01001,372.04001,38436
2026-04-01 16:34,372.35999,372.405,372.12,372.12,23965
2026-04-01 16:35,372.5,372.54999,372.34,372.35999,22477
2026-04-01 16:36,372.73001,372.73001,372.44501,372.5,27371
2026-04-01 16:37,372.60999,372.73999,372.57999,372.72501,30799
2026-04-01 16:38,372.51501,372.625,372.5,372.625,26552
2026-04-01 16:39,372.48981,372.54999,372.39001,372.51999,28557
2026-04-01 16:40,372.4725,372.56,372.42999,372.47,36665
2026-04-01 16:41,372.56,372.60001,372.42999,372.48999,22008
2026-04-01 16:42,372.62201,372.67249,372.51001,372.51999,28553
2026-04-01 16:43,372.78851,372.79001,372.64001,372.64001,23477
2026-04-01 16:44,372.72,372.81,372.69,372.77991,37499
2026-04-01 16:45,372.82999,372.88,372.64001,372.72,52237
2026-04-01 16:46,372.66501,372.87,372.5,372.87,62996
2026-04-01 16:47,372.76501,372.87,372.66501,372.66501,27912
2026-04-01 16:48,372.58499,372.76001,372.54999,372.73999,30052
2026-04-01 16:49,372.45999,372.60001,372.435,372.58499,23968
2026-04-01 16:50,372.56,372.64001,372.48001,372.48001,14778
2026-04-01 16:51,372.29001,372.62,372.25,372.54501,22596
2026-04-01 16:52,372.17001,372.37,372.14011,372.32999,38921
2026-04-01 16:53,372.14499,372.22,372.10001,372.16,29167
2026-04-01 16:54,372.37,372.45999,372.13,372.13,42322
2026-04-01 16:55,372.73001,372.73001,372.37,372.38,40307
2026-04-01 16:56,372.82501,372.88,372.67999,372.72,43711
2026-04-01 16:57,372.60001,372.85999,372.57999,372.85999,46956
2026-04-01 16:58,372.64001,372.73001,372.5672,372.5961,29144
2026-04-01 16:59,372.522,372.64499,372.5,372.64499,24915
2026-04-01 17:00,372.44,372.54001,372.35999,372.53,21414
2026-04-01 17:01,372.32001,372.48901,372.26999,372.42001,37893
2026-04-01 17:02,372.48001,372.51999,372.32001,372.32001,37222
2026-04-01 17:03,372.68011,372.72,372.45001,372.47,35643
2026-04-01 17:04,372.79501,372.82999,372.64999,372.69,45394
2026-04-01 17:05,372.72,372.82999,372.67999,372.76001,30873
2026-04-01 17:06,372.44,372.79999,372.44,372.73001,39899
2026-04-01 17:07,372.39001,372.51999,372.245,372.46051,36530
2026-04-01 17:08,372.45999,372.47,372.35001,372.42001,24806
2026-04-01 17:09,372.51999,372.56989,372.44,372.45001,26193
2026-04-01 17:10,372.53,372.57001,372.45001,372.54001,21063
2026-04-01 17:11,372.42001,372.54001,372.39999,372.5,25701
2026-04-01 17:12,372.54999,372.60001,372.35999,372.41,54734
2026-04-01 17:13,372.42999,372.60001,372.39999,372.57001,34901
2026-04-01 17:14,372.465,372.53,372.38,372.435,34846
2026-04-01 17:15,372.53,372.63,372.45999,372.48001,40200
2026-04-01 17:16,372.30499,372.60001,372.20999,372.53,40707
2026-04-01 17:17,372.32999,372.45999,372.20999,372.30499,31990
2026-04-01 17:18,372.32501,372.39999,372.29541,372.32999,22672
2026-04-01 17:19,372.32999,372.42999,372.26001,372.31,31484
2026-04-01 17:20,372.375,372.42999,372.32999,372.37,20955
2026-04-01 17:21,372.47,372.60001,372.32999,372.39001,30424
2026-04-01 17:22,372.20999,372.48001,372.20001,372.48001,31097
2026-04-01 17:23,372.10001,372.17999,371.92999,372.17499,50554
2026-04-01 17:24,372.04001,372.10999,372.0,372.06009,22102
2026-04-01 17:25,372.14999,372.14999,371.95999,372.03,24941
2026-04-01 17:26,372.07001,372.17001,372.04501,372.16,22650
2026-04-01 17:27,372.10999,372.12,371.97,372.07999,16579
2026-04-01 17:28,372.17001,372.17001,372.07999,372.10999,30115
2026-04-01 17:29,371.89001,372.14001,371.88,372.14001,35587
2026-04-01 17:30,371.7673,372.0,371.70001,371.90619,40873
2026-04-01 17:31,371.98499,372.01999,371.755,371.78,22536
2026-04-01 17:32,371.74991,371.98001,371.67999,371.98001,27658
2026-04-01 17:33,371.58521,371.73001,371.54001,371.73001,22268
2026-04-01 17:34,371.37,371.62,371.30011,371.59,39770
2026-04-01 17:35,371.35321,371.39999,371.29999,371.38,53629
2026-04-01 17:36,371.39999,371.59799,371.37,371.39999,69637
2026-04-01 17:37,371.32169,371.41,371.11011,371.39999,47696
2026-04-01 17:38,371.62,371.66,371.28,371.3299,39667
2026-04-01 17:39,371.62,371.72,371.56,371.62,48575
2026-04-01 17:40,371.625,371.67999,371.565,371.62,36111
2026-04-01 17:41,371.5,371.64001,371.48001,371.63,36070
2026-04-01 17:42,371.42001,371.5899,371.39001,371.5195,23669
2026-04-01 17:43,371.34,371.435,371.23999,371.42001,28024
2026-04-01 17:44,371.285,371.38501,371.14999,371.35001,36489
2026-04-01 17:45,371.38,371.39999,371.25,371.26999,36047
2026-04-01 17:46,371.28009,371.45001,371.23999,371.38,31616
2026-04-01 17:47,371.45001,371.5,371.22,371.26001,27748
2026-04-01 17:48,371.26999,371.45999,371.23999,371.44009,14031
2026-04-01 17:49,371.38,371.38849,371.20999,371.27499,34992
2026-04-01 17:50,371.39999,371.44,371.25,371.37,21387
2026-04-01 17:51,371.38501,371.48999,371.3501,371.39999,16263
2026-04-01 17:52,371.375,371.42001,371.29999,371.38501,19161
2026-04-01 17:53,371.32999,371.44791,371.31,371.38541,21452
2026-04-01 17:54,371.23999,371.38,371.22,371.34,25219
2026-04-01 17:55,371.25,371.35999,371.17001,371.23141,18468
2026-04-01 17:56,371.01501,371.25,370.92001,371.25,81083
2026-04-01 17:57,370.98001,371.04999,370.87,371.01501,33948
2026-04-01 17:58,370.85999,371.07999,370.79999,370.97501,30174
2026-04-01 17:59,370.78561,370.93539,370.70001,370.85971,27708
2026-04-01 18:00,370.57999,370.88,370.54999,370.75,41381
2026-04-01 18:01,370.47,370.73999,370.47,370.60999,54065
2026-04-01 18:02,370.35001,370.48001,370.22,370.45001,57742
2026-04-01 18:03,370.20001,370.38,370.10001,370.38,69805
2026-04-01 18:04,370.56,370.64999,370.22,370.22,47030
2026-04-01 18:05,370.4899,370.76999,370.44501,370.56,35401
2026-04-01 18:06,370.56,370.60001,370.33099,370.48999,30729
2026-04-01 18:07,370.565,370.70001,370.42999,370.53,33629
2026-04-01 18:08,370.5,370.67999,370.5,370.57001,23821
2026-04-01 18:09,370.54999,370.62,370.48001,370.51999,36821
2026-04-01 18:10,370.54001,370.67001,370.5,370.57999,31814
2026-04-01 18:11,370.44501,370.54999,370.40009,370.53,25918
2026-04-01 18:12,370.3501,370.51999,370.35001,370.41101,29357
2026-04-01 18:13,370.285,370.41,370.19,370.41,39944
2026-04-01 18:14,370.37,370.42001,370.2359,370.29001,41550
2026-04-01 18:15,370.06,370.38,370.03,370.35999,61869
2026-04-01 18:16,369.755,370.07001,369.70999,370.06,105473
2026-04-01 18:17,369.59,369.76999,369.5,369.755,73009
2026-04-01 18:18,369.47,369.57999,369.42001,369.54999,53002
2026-04-01 18:19,369.67499,369.67999,369.35001,369.47009,66539
2026-04-01 18:20,369.42999,369.77991,369.39999,369.67999,43927
2026-04-01 18:21,369.35001,369.44501,369.25049,369.39001,31797
2026-04-01 18:22,369.48499,369.63,369.34,369.37,41696
2026-04-01 18:23,369.42181,369.51999,369.29001,369.42499,59586
2026-04-01 18:24,369.14001,369.41,369.07001,369.39999,44119
2026-04-01 18:25,369.23001,369.23999,368.95999,369.16,76777
2026-04-01 18:26,369.255,369.39999,369.18011,369.20001,55707
2026-04-01 18:27,369.34,369.45001,369.26001,369.28,36863
2026-04-01 18:28,369.05499,369.35999,369.05499,369.35001,69675
2026-04-01 18:29,369.06,369.14999,368.94,369.04001,52947
2026-04-01 18:30,369.27499,369.30499,369.0,369.07501,58586
2026-04-01 18:31,369.17999,369.32999,369.1004,369.29001,27097
2026-04-01 18:32,369.095,369.20001,369.01001,369.17999,21535
2026-04-01 18:33,369.16501,369.17001,369.04001,369.07001,34823
2026-04-01 18:34,369.065,369.17999,369.06149,369.16501,28376
2026-04-01 18:35,368.95001,369.10999,368.72501,369.10001,50882
2026-04-01 18:36,369.07001,369.125,368.89999,368.9545,32233
2026-04-01 18:37,368.79999,369.10001,368.76999,369.07501,42954
2026-04-01 18:38,368.89999,368.95801,368.76001,368.81,42728
2026-04-01 18:39,369.17999,369.32999,368.87,368.91,60289
2026-04-01 18:40,369.44,369.56,369.14001,369.17999,70860
2026-04-01 18:41,369.67001,369.70001,369.41,369.42001,56694
2026-04-01 18:42,369.47,369.64001,369.44,369.62,32012
2026-04-01 18:43,369.43359,369.44,369.23001,369.44,33618
2026-04-01 18:44,369.35999,369.405,369.25,369.405,38296
2026-04-01 18:45,369.22501,369.41,369.20999,369.35999,27362
2026-04-01 18:46,369.01001,369.25,368.92999,369.20001,51495
2026-04-01 18:47,369.23001,369.27991,369.01001,369.01001,48365
2026-04-01 18:48,369.13501,369.35999,369.13,369.23001,26047
2026-04-01 18:49,369.14999,369.17001,369.01001,369.12259,25798
2026-04-01 18:50,369.005,369.25,368.91,369.14999,25220
2026-04-01 18:51,368.98999,369.01001,368.875,369.0,29812
2026-04-01 18:52,369.14999,369.2099,368.9501,369.00989,25894
2026-04-01 18:53,369.44,369.60001,369.14001,369.17999,32223
2026-04-01 18:54,369.44,369.51501,369.39001,369.42001,24962
2026-04-01 18:55,369.20999,369.45001,369.14999,369.435,52746
2026-04-01 18:56,369.20999,369.44339,369.15009,369.22,67831
2026-04-01 18:57,369.29001,369.29001,369.09009,369.20999,29349
2026-04-01 18:58,369.20001,369.35501,369.13,369.29001,22894
2026-04-01 18:59,369.29001,369.315,369.18011,369.25,28376
2026-04-01 19:00,369.44501,369.51001,369.2323,369.29001,36673
2026-04-01 19:01,369.53,369.67001,369.47,369.47,52874
2026-04-01 19:02,369.315,369.54001,369.23001,369.495,20297
2026-04-01 19:03,369.22,369.32999,369.10001,369.29999,27529
2026-04-01 19:04,369.32999,369.44,369.20999,369.23999,31134
2026-04-01 19:05,369.53,369.56,369.34,369.34,29685
2026-04-01 19:06,369.54999,369.6936,369.47,369.535,45170
2026-04-01 19:07,369.345,369.5752,369.34,369.54001,24599
2026-04-01 19:08,369.345,369.47,369.28,369.35999,32457
2026-04-01 19:09,369.3205,369.42001,369.31,369.32999,35246
2026-04-01 19:10,369.29001,369.34,369.16269,369.29999,39492
2026-04-01 19:11,369.13,369.34,369.11011,369.29001,32809
2026-04-01 19:12,369.17999,369.22,369.04999,369.16,64209
2026-04-01 19:13,369.1492,369.35999,369.10251,369.185,45651
2026-04-01 19:14,368.91501,369.13721,368.89999,369.13721,63049
2026-04-01 19:15,369.2558,369.32001,368.88,368.905,84028
2026-04-01 19:16,369.31,369.31,369.14001,369.23001,51081
2026-04-01 19:17,369.07999,369.3042,369.07999,369.29501,54447
2026-04-01 19:18,369.21011,369.255,368.92999,369.07999,66949
2026-04-01 19:19,369.17001,369.35999,369.12,369.23639,80138
2026-04-01 19:20,369.04501,369.29001,369.0,369.20499,39526
2026-04-01 19:21,368.94501,369.09,368.87,369.04501,38976
2026-04-01 19:22,368.9899,369.07999,368.94,368.94501,45943
2026-04-01 19:23,369.54001,369.54001,368.89001,368.95001,66255
2026-04-01 19:24,369.56,369.60001,369.44,369.51501,50039
2026-04-01 19:25,369.82999,369.89999,369.53,369.54001,61455
2026-04-01 19:26,369.63,369.91,369.61499,369.82999,41780
2026-04-01 19:27,369.28,369.73001,369.17999,369.66,79280
2026-04-01 19:28,369.19,369.35999,369.17001,369.25,55694
2026-04-01 19:29,369.285,369.45999,369.17001,369.17999,69358
2026-04-01 19:30,369.5,369.56,369.2337,369.285,80582
2026-04-01 19:31,369.62,369.76999,369.42001,369.52499,63078
2026-04-01 19:32,369.41,369.67999,369.39999,369.62,44134
2026-04-01 19:33,368.98499,369.42001,368.91,369.42001,64529
2026-04-01 19:34,369.13,369.16,368.87,368.98499,58656
2026-04-01 19:35,369.04999,369.19989,369.01999,369.14001,52959
2026-04-01 19:36,369.19,369.19501,368.98999,369.01999,49529
2026-04-01 19:37,369.20999,369.29999,369.04501,369.19,47174
2026-04-01 19:38,369.41,369.44,369.155,369.17999,41478
2026-04-01 19:39,369.07449,369.41,369.01001,369.41,80286
2026-04-01 19:40,369.22,369.28989,369.03531,369.08139,51101
2026-04-01 19:41,369.22501,369.42001,369.12,369.20001,68008
2026-04-01 19:42,369.28,369.35999,369.14001,369.20999,53762
2026-04-01 19:43,369.35001,369.38159,369.20999,369.26761,37467
2026-04-01 19:44,369.19,369.35001,369.10001,369.34,65602
2026-04-01 19:45,369.35999,369.47989,369.14999,369.19,58837
2026-04-01 19:46,369.44501,369.54001,369.35999,369.37,44118
2026-04-01 19:47,369.37,369.63,369.35001,369.44501,81267
2026-04-01 19:48,369.59,369.69,369.32999,369.38,63911
2026-04-01 19:49,369.44,369.63501,369.38,369.60999,59889
2026-04-01 19:50,369.53,369.74951,369.37,369.45999,108135
2026-04-01 19:51,369.48001,369.57999,369.34,369.5,84671
2026-04-01 19:52,369.17999,369.60001,369.06,369.5,112485
2026-04-01 19:53,369.22,369.28,368.88,369.19,106189
2026-04-01 19:54,369.42999,369.54999,369.19,369.20001,96008
2026-04-01 19:55,369.12,369.44,369.04999,369.42001,151228
2026-04-01 19:56,369.0,369.42999,368.91,369.10001,141486
2026-04-01 19:57,369.2901,369.35001,368.89999,368.98999,139415
2026-04-01 19:58,369.29001,369.45001,369.26999,369.29001,174391
2026-04-01 19:59,369.45001,369.45999,368.98001,369.29999,513198
2026-04-02 13:30,366.17001,367.60999,365.34009,367.20499,1089305
2026-04-02 13:31,365.76001,366.47989,365.09,366.35001,122161
2026-04-02 13:32,364.67999,365.84,364.54999,365.76001,169154
2026-04-02 13:33,365.88,366.0,364.44,364.70001,105399
2026-04-02 13:34,365.7814,366.10501,365.5101,365.81,76725
2026-04-02 13:35,365.685,366.04999,365.2522,365.80499,89471
2026-04-02 13:36,365.82999,366.04999,365.51001,365.66,72569
2026-04-02 13:37,366.29001,366.62,365.7901,365.7901,112068
2026-04-02 13:38,365.465,366.45001,365.39999,366.28409,104120
2026-04-02 13:39,365.41,365.46991,364.95999,365.44,80263
2026-04-02 13:40,364.78,365.60999,364.76999,365.41,101880
2026-04-02 13:41,364.83499,364.85999,364.51001,364.76001,73404
2026-04-02 13:42,364.39001,364.85001,364.14999,364.79999,72192
2026-04-02 13:43,364.72,364.86581,364.37,364.44,48685
2026-04-02 13:44,364.85999,364.95001,364.70001,364.70001,53105
2026-04-02 13:45,365.39001,365.63,364.76001,364.85501,80385
2026-04-02 13:46,365.54501,365.78,365.10999,365.44989,82433
2026-04-02 13:47,364.91,365.62,364.91,365.51999,81897
2026-04-02 13:48,364.995,365.0799,364.60999,364.89999,64496
2026-04-02 13:49,365.23001,365.54999,364.94,364.995,58964
2026-04-02 13:50,365.39001,365.5,365.09,365.1702,55290
2026-04-02 13:51,365.48999,365.89999,365.3956,365.39999,49702
2026-04-02 13:52,365.56,365.64999,365.34,365.51001,68374
2026-04-02 13:53,365.655,365.92001,365.53,365.53091,63134
2026-04-02 13:54,365.88,366.052,365.54999,365.63501,65068
2026-04-02 13:55,366.0,366.10989,365.76001,365.89999,45962
2026-04-02 13:56,365.75,366.09891,365.57999,366.01001,49974
2026-04-02 13:57,366.07999,366.07999,365.57999,365.78989,36563
2026-04-02 13:58,366.07999,366.14999,365.905,366.02499,39047
2026-04-02 13:59,365.92999,366.17999,365.85001,366.04999,43275
2026-04-02 14:00,366.10501,366.31601,365.82001,365.98001,79511
2026-04-02 14:01,365.76001,366.14001,365.51999,366.13,73213
2026-04-02 14:02,365.36499,365.85999,365.32001,365.82999,62712
2026-04-02 14:03,365.48999,365.60001,365.1001,365.35999,48023
2026-04-02 14:04,365.34619,365.5723,365.04999,365.51999,45476
2026-04-02 14:05,365.44,365.48999,365.04001,365.35001,39573
2026-04-02 14:06,366.14001,366.14001,365.37,365.39001,61266
2026-04-02 14:07,366.14499,366.32001,365.94,366.16,47952
2026-04-02 14:08,366.06,366.34,365.98001,366.16,48218
2026-04-02 14:09,365.90909,366.20001,365.77499,366.04501,26434
2026-04-02 14:10,366.06,366.10001,365.66,365.92999,52561
2026-04-02 14:11,366.35999,366.5,365.98999,366.01001,51075
2026-04-02 14:12,366.42499,366.60001,366.185,366.35001,38957
2026-04-02 14:13,366.69989,366.73001,366.22009,366.42999,47119
2026-04-02 14:14,366.82001,366.89001,366.56,366.70001,66215
2026-04-02 14:15,367.0152,367.05499,366.70001,366.82999,80862
2026-04-02 14:16,366.67999,367.20001,366.66,366.98499,46907
2026-04-02 14:17,366.79501,366.85001,366.51999,366.66,36854
2026-04-02 14:18,366.76999,366.95999,366.64001,366.77499,36068
2026-04-02 14:19,366.51001,366.98999,366.15009,366.73999,160305
2026-04-02 14:20,366.07501,366.51001,366.03,366.48999,55835
2026-04-02 14:21,366.61499,366.66,366.05499,366.05499,34808
2026-04-02 14:22,366.78009,366.87,366.50009,366.59,52241
2026-04-02 14:23,366.85172,367.04001,366.72,366.78,70290
2026-04-02 14:24,366.82471,366.9299,366.64011,366.87,41990
2026-04-02 14:25,366.5,366.87,366.185,366.84,349377
2026-04-02 14:26,366.66,366.82999,366.4838,366.48999,30542
2026-04-02 14:27,366.75,366.965,366.5191,366.57001,26406
2026-04-02 14:28,367.03,367.07001,366.69,366.72,35948
2026-04-02 14:29,366.70499,367.02991,366.61499,367.02991,41687
2026-04-02 14:30,366.79999,366.84,366.54999,366.69,36672
2026-04-02 14:31,366.94931,367.0899,366.82001,366.85999,64972
2026-04-02 14:32,367.13501,367.25,366.76001,366.91501,70682
2026-04-02 14:33,367.82999,367.88,367.1091,367.16779,49455
2026-04-02 14:34,368.03,368.15991,367.75,367.81,47947
2026-04-02 14:35,368.82419,368.94,367.95001,368.10501,76197
2026-04-02 14:36,370.10501,370.535,368.69501,368.82001,143641
2026-04-02 14:37,370.67499,371.05859,369.81,370.0701,143531
2026-04-02 14:38,369.56,370.67499,369.211,370.67499,159396
2026-04-02 14:39,370.26001,370.48001,369.26999,369.54999,117719
2026-04-02 14:40,369.70499,370.2999,369.41,370.23999,50039
2026-04-02 14:41,369.44,369.9899,369.095,369.72,62144
2026-04-02 14:42,369.57501,369.88989,369.42001,369.435,64946
2026-04-02 14:43,369.70999,370.1799,369.48001,369.56,73888
2026-04-02 14:44,370.0401,370.12,369.4325,369.69,100968
2026-04-02 14:45,370.19,370.37,369.89999,370.04001,39447
2026-04-02 14:46,369.73001,370.14999,369.73001,370.14999,39319
2026-04-02 14:47,369.89999,369.95001,369.63,369.70001,31632
2026-04-02 14:48,369.64499,369.89999,369.57001,369.88501,45126
2026-04-02 14:49,369.29999,369.78,369.29999,369.67999,35653
2026-04-02 14:50,369.28,369.55991,369.09,369.26999,41966
2026-04-02 14:51,368.88,369.35001,368.77328,369.31,45722
2026-04-02 14:52,369.0351,369.04999,368.51999,368.875,56805
2026-04-02 14:53,368.94009,369.26999,368.82001,369.04501,30685
2026-04-02 14:54,369.10501,369.22,368.95999,368.95999,23359
2026-04-02 14:55,369.6301,369.76001,369.12109,369.24911,138551
2026-04-02 14:56,369.84,369.92999,369.63669,369.64001,29778
2026-04-02 14:57,370.465,370.52499,369.64001,369.81,39494
2026-04-02 14:58,370.37,370.57999,370.25,370.45999,39347
2026-04-02 14:59,369.9993,370.41,369.785,370.41,25289
2026-04-02 15:00,369.52499,370.13,369.39011,369.92001,37136
2026-04-02 15:01,369.67499,369.79999,369.44,369.45001,36095
2026-04-02 15:02,369.51999,369.77869,369.45999,369.70999,28389
2026-04-02 15:03,370.01001,370.02499,369.48999,369.5303,32932
2026-04-02 15:04,370.32001,370.56989,369.85999,369.91779,29676
2026-04-02 15:05,370.14999,370.48001,369.89999,370.32999,44230
2026-04-02 15:06,370.28,370.41,370.16,370.16,43144
2026-04-02 15:07,370.10999,370.26999,370.07001,370.26999,24467
2026-04-02 15:08,370.32999,370.46991,370.07001,370.12,31164
2026-04-02 15:09,370.60001,370.62991,370.22501,370.34,27395
2026-04-02 15:10,370.97,371.07999,370.45001,370.53,55301
2026-04-02 15:11,370.83499,371.07001,370.80011,370.92001,40782
2026-04-02 15:12,370.98999,371.22,370.81,370.84,35128
2026-04-02 15:13,370.82001,371.0899,370.79999,371.035,26723
2026-04-02 15:14,370.70001,370.80499,370.39001,370.79001,29736
2026-04-02 15:15,370.715,370.785,370.57001,370.72,45424
2026-04-02 15:16,370.78,370.84,370.64001,370.715,31638
2026-04-02 15:17,370.32001,370.89001,370.32001,370.89001,26401
2026-04-02 15:18,370.58499,370.58499,370.14011,370.27499,26207
2026-04-02 15:19,370.565,370.73999,370.51999,370.6199,54729
2026-04-02 15:20,370.17999,370.53,370.01999,370.53,55720
2026-04-02 15:21,369.95999,370.27899,369.76001,370.215,54365
2026-04-02 15:22,369.95001,370.22,369.89001,369.965,44865
2026-04-02 15:23,370.14499,370.20999,369.89001,369.94501,24667
2026-04-02 15:24,370.375,370.44989,370.17999,370.17999,28745
2026-04-02 15:25,370.315,370.41,370.1701,370.41,22540
2026-04-02 15:26,370.69,370.75,370.255,370.32001,44119
2026-04-02 15:27,370.85501,370.85501,370.51501,370.67499,27956
2026-04-02 15:28,370.81,371.07001,370.70999,370.85001,36319
2026-04-02 15:29,370.81,370.85999,370.54999,370.82001,50408
2026-04-02 15:30,370.79999,370.98001,370.51999,370.85001,39226
2026-04-02 15:31,370.64001,370.815,370.44501,370.815,38788
2026-04-02 15:32,370.66,370.79999,370.51001,370.64001,35507
2026-04-02 15:33,370.41,370.64999,370.375,370.64999,21040
2026-04-02 15:34,370.65991,370.66,370.31,370.45001,57497
2026-04-02 15:35,370.76999,370.85001,370.595,370.67999,106165
2026-04-02 15:36,370.82999,370.87,370.71011,370.75,32995
2026-04-02 15:37,371.035,371.29999,370.77499,370.82999,52104
2026-04-02 15:38,370.86499,371.07001,370.73001,371.01001,22722
2026-04-02 15:39,370.79001,370.96939,370.64001,370.85999,17764
2026-04-02 15:40,370.715,370.92999,370.5,370.78,37835
2026-04-02 15:41,370.64621,370.78,370.47961,370.70499,131506
2026-04-02 15:42,370.85999,370.8699,370.57999,370.66,25871
2026-04-02 15:43,370.82001,371.06989,370.70001,370.88,43291
2026-04-02 15:44,371.14499,371.25,370.79999,370.82001,41547
2026-04-02 15:45,370.535,371.18011,370.535,371.14499,26642
2026-04-02 15:46,370.70001,370.79001,370.435,370.535,31117
2026-04-02 15:47,370.565,370.67499,370.48499,370.64001,26033
2026-04-02 15:48,370.31,370.70001,370.26999,370.52499,31380
2026-04-02 15:49,370.12,370.4075,370.01999,370.315,41149
2026-04-02 15:50,369.76501,370.14001,369.54999,370.12,52148
2026-04-02 15:51,369.64999,369.87,369.54001,369.76001,26226
2026-04-02 15:52,369.98999,370.03,369.70499,369.70499,36505
2026-04-02 15:53,369.88501,370.04001,369.84,369.95001,18767
2026-04-02 15:54,370.48499,370.60001,369.87381,369.88,28149
2026-04-02 15:55,370.67999,370.67999,370.32999,370.41879,25246
2026-04-02 15:56,370.35999,370.64999,370.35999,370.64999,15671
2026-04-02 15:57,370.10001,370.36401,370.0,370.32001,19730
2026-04-02 15:58,370.20001,370.23999,370.05099,370.07999,17871
2026-04-02 15:59,370.29999,370.37,370.17001,370.17001,18743
2026-04-02 16:00,370.14499,370.34,370.12,370.34,22144
2026-04-02 16:01,370.42999,370.5,370.11139,370.20001,22277
2026-04-02 16:02,370.30869,370.41989,370.16,370.39999,15323
2026-04-02 16:03,370.22821,370.26501,370.14001,370.23001,17820
2026-04-02 16:04,370.01001,370.20499,369.95001,370.20499,18373
2026-04-02 16:05,370.10999,370.19199,369.98001,370.0,15319
2026-04-02 16:06,369.93961,370.10001,369.89001,370.10001,14961
2026-04-02 16:07,369.66989,369.89999,369.6351,369.89999,12331
2026-04-02 16:08,369.4816,369.70001,369.41,369.64999,29516
2026-04-02 16:09,369.84,369.85001,369.48999,369.48999,18619
2026-04-02 16:10,369.64001,369.92001,369.64001,369.84509,17087
2026-04-02 16:11,369.70999,369.79999,369.54001,369.6799,29066
2026-04-02 16:12,369.81,369.89999,369.745,369.745,23391
2026-04-02 16:13,370.0751,370.10001,369.7301,369.79501,20608
2026-04-02 16:14,369.9014,370.065,369.85999,370.065,19387
2026-04-02 16:15,369.82999,369.89999,369.64999,369.87,18713
2026-04-02 16:16,369.89001,370.10999,369.83499,369.84,29240
2026-04-02 16:17,369.91501,370.01999,369.83499,369.91,15623
2026-04-02 16:18,369.88501,370.04999,369.82001,369.92999,17461
2026-04-02 16:19,369.73999,369.95999,369.67999,369.95001,19619
2026-04-02 16:20,369.57999,369.7099,369.39499,369.67001,24587
2026-04-02 16:21,369.91,369.9989,369.54999,369.54999,21276
2026-04-02 16:22,369.94,370.12,369.88879,369.88879,28677
2026-04-02 16:23,369.86499,370.12,369.77499,369.95099,29411
2026-04-02 16:24,369.69501,369.92999,369.685,369.86499,17907
2026-04-02 16:25,369.54999,369.75,369.50131,369.66,40105
2026-04-02 16:26,369.745,369.81,369.54501,369.54501,16585
2026-04-02 16:27,369.73001,369.81,369.63,369.76999,18587
2026-04-02 16:28,369.92999,370.04999,369.72461,369.72461,32168
2026-04-02 16:29,369.7471,370.0,369.69,369.92001,31665
2026-04-02 16:30,369.55359,369.82999,369.54001,369.73499,20450
2026-04-02 16:31,369.81,369.85999,369.465,369.56,22555
2026-04-02 16:32,370.34,370.35001,369.7601,369.79001,30225
2026-04-02 16:33,370.37,370.56,370.25,370.29999,23020
2026-04-02 16:34,370.28,370.42999,370.23001,370.36499,25178
2026-04-02 16:35,370.41,370.44,370.26999,370.31,20902
2026-04-02 16:36,370.31,370.44,370.03659,370.41,25081
2026-04-02 16:37,370.39001,370.47,370.22501,370.31,14622
2026-04-02 16:38,370.20499,370.41,369.97,370.39001,29367
2026-04-02 16:39,370.29999,370.39999,370.13,370.20001,27940
2026-04-02 16:40,370.97,371.39001,370.28,370.28,67486
2026-04-02 16:41,370.75,370.95999,370.64001,370.95999,24620
2026-04-02 16:42,370.89999,370.95999,370.70999,370.75,14109
2026-04-02 16:43,370.97501,371.00101,370.81,370.88,16673
2026-04-02 16:44,371.14999,371.22989,370.92999,370.92999,21802
2026-04-02 16:45,371.2858,371.32971,371.10001,371.17999,28172
2026-04-02 16:46,371.20499,371.37,371.16,371.25,20806
2026-04-02 16:47,371.17999,371.25,371.07999,371.19,14181
2026-04-02 16:48,371.20999,371.21991,370.95999,371.16,27108
2026-04-02 16:49,371.45001,371.45999,371.20999,371.22299,41993
2026-04-02 16:50,371.53,371.67001,371.41,371.44,42238
2026-04-02 16:51,371.3956,371.51501,371.37009,371.51501,25464
2026-04-02 16:52,371.42999,371.60001,371.38,371.41,24442
2026-04-02 16:53,371.57001,371.57001,371.42001,371.45001,21954
2026-04-02 16:54,371.42999,371.67999,371.42999,371.60001,26616
2026-04-02 16:55,371.31,371.44501,371.23999,371.44501,20288
2026-04-02 16:56,371.25,371.30499,371.14001,371.28,31867
2026-04-02 16:57,371.20001,371.39001,371.20001,371.23001,23641
2026-04-02 16:58,371.25,371.29999,371.10001,371.12,17897
2026-04-02 16:59,371.01999,371.32001,371.0,371.25,15357
2026-04-02 17:00,370.72,371.11499,370.70999,371.04001,22510
2026-04-02 17:01,370.73001,370.89001,370.66,370.76999,22600
2026-04-02 17:02,370.73999,370.78,370.60999,370.70001,14099
2026-04-02 17:03,371.01001,371.065,370.73001,370.73999,267268
2026-04-02 17:04,370.85501,371.07001,370.82001,371.01001,18660
2026-04-02 17:05,370.90601,370.91,370.64001,370.84,12850
2026-04-02 17:06,370.87,370.92499,370.69501,370.92499,17085
2026-04-02 17:07,370.95001,371.03,370.84,370.89999,31519
2026-04-02 17:08,370.70999,370.91901,370.64001,370.91901,37277
2026-04-02 17:09,370.81,370.81,370.58011,370.685,24744
2026-04-02 17:10,370.72,370.82999,370.69,370.79001,30385
2026-04-02 17:11,370.57001,370.84,370.57001,370.70999,42629
2026-04-02 17:12,370.77499,370.77499,370.48499,370.60999,35761
2026-04-02 17:13,371.155,371.17001,370.7001,370.76501,45262
2026-04-02 17:14,371.3187,371.34991,371.14001,371.14999,26815
2026-04-02 17:15,371.45999,371.48999,371.28009,371.29999,65386
2026-04-02 17:16,371.67999,371.79999,371.44,371.45999,50068
2026-04-02 17:17,371.53,371.63,371.39999,371.62,20890
2026-04-02 17:18,371.457,371.59,371.42001,371.505,14220
2026-04-02 17:19,371.63,371.64999,371.5,371.5,19272
2026-04-02 17:20,371.82001,371.87991,371.54999,371.625,33077
2026-04-02 17:21,371.69061,371.82001,371.62,371.82001,23563
2026-04-02 17:22,371.73001,371.79999,371.54999,371.64001,16600
2026-04-02 17:23,371.84991,371.88,371.70001,371.76001,38593
2026-04-02 17:24,371.67001,371.89001,371.67001,371.89001,23211
2026-04-02 17:25,371.72,371.85001,371.60001,371.67999,19769
2026-04-02 17:26,371.54001,371.716,371.52011,371.69,14507
2026-04-02 17:27,371.646,371.68991,371.48001,371.54001,18893
2026-04-02 17:28,371.62,371.66501,371.54001,371.66,15915
2026-04-02 17:29,371.57999,371.64999,371.53,371.60999,15054
2026-04-02 17:30,371.81989,371.82001,371.595,371.60001,31804
2026-04-02 17:31,371.495,371.84,371.48999,371.82001,17240
2026-04-02 17:32,371.69,371.70001,371.56,371.56,16844
2026-04-02 17:33,371.60001,371.79001,371.57999,371.68719,25308
2026-04-02 17:34,371.655,371.72,371.57999,371.63,19916
2026-04-02 17:35,371.51501,371.66,371.47,371.655,17886
2026-04-02 17:36,371.62,371.65991,371.51001,371.53,29299
2026-04-02 17:37,371.57071,371.67001,371.52011,371.63,16619
2026-04-02 17:38,371.57001,371.60999,371.5,371.59,16585
2026-04-02 17:39,371.73001,371.75,371.54001,371.54999,18575
2026-04-02 17:40,371.67249,371.82999,371.64001,371.70999,39548
2026-04-02 17:41,371.42999,371.73999,371.39999,371.64999,32245
2026-04-02 17:42,371.535,371.60999,371.29999,371.45999,28413
2026-04-02 17:43,371.51999,371.63989,371.45001,371.535,34625
2026-04-02 17:44,371.54001,371.60001,371.47009,371.53989,27790
2026-04-02 17:45,371.16,371.60999,371.14999,371.54999,24061
2026-04-02 17:46,371.10999,371.25,370.89999,371.17999,36511
2026-04-02 17:47,370.8399,371.15271,370.75,371.09,21763
2026-04-02 17:48,370.62,370.84991,370.5701,370.82001,47518
2026-04-02 17:49,370.63,370.76001,370.51001,370.63501,27778
2026-04-02 17:50,370.76001,370.85001,370.61911,370.61911,40172
2026-04-02 17:51,370.72,370.87,370.69,370.73001,23598
2026-04-02 17:52,370.67001,370.78,370.55011,370.69,25642
2026-04-02 17:53,370.76001,370.97,370.69,370.70001,42845
2026-04-02 17:54,370.88989,370.92999,370.755,370.76001,11242
2026-04-02 17:55,370.79001,370.99939,370.67999,370.89999,24622
2026-04-02 17:56,370.85999,370.89999,370.72,370.77499,16529
2026-04-02 17:57,370.75,370.86499,370.73499,370.86499,22561
2026-04-02 17:58,370.69009,370.76001,370.62,370.715,24259
2026-04-02 17:59,370.85989,370.89999,370.70999,370.72,17547
2026-04-02 18:00,371.0,371.07501,370.85999,370.875,26138
2026-04-02 18:01,371.03,371.10001,370.97,370.97501,28508
2026-04-02 18:02,370.95001,371.005,370.82999,371.005,18707
2026-04-02 18:03,371.155,371.20999,370.92001,370.95999,23201
2026-04-02 18:04,371.37,371.39001,371.155,371.155,21671
2026-04-02 18:05,371.53079,371.67899,371.315,371.37,41986
2026-04-02 18:06,371.53,371.59,371.25009,371.54501,35023
2026-04-02 18:07,371.42999,371.60999,371.3786,371.57501,26697
2026-04-02 18:08,371.39001,371.54001,371.32001,371.45001,28119
2026-04-02 18:09,371.3201,371.47989,371.26001,371.38,14696
2026-04-02 18:10,371.5,371.54999,371.23999,371.32999,37612
2026-04-02 18:11,371.48001,371.60989,371.45001,371.51001,16929
2026-04-02 18:12,371.41,371.47,371.23999,371.47,18899
2026-04-02 18:13,371.30499,371.42001,371.28,371.38501,13990
2026-04-02 18:14,371.29999,371.3999,371.23999,371.29999,21036
2026-04-02 18:15,371.14499,371.37,371.10999,371.31,22785
2026-04-02 18:16,371.315,371.32999,371.10999,371.14001,15000
2026-04-02 18:17,371.29999,371.32001,371.22,371.315,10720
2026-04-02 18:18,371.30499,371.35501,371.23019,371.25311,13245
2026-04-02 18:19,371.32001,371.36499,371.14999,371.31,18302
2026-04-02 18:20,371.29001,371.37,371.17999,371.32001,23315
2026-04-02 18:21,371.30499,371.35999,371.20001,371.25,19297
2026-04-02 18:22,371.48499,371.48499,371.28,371.28,17211
2026-04-02 18:23,371.36011,371.54501,371.3201,371.5,40002
2026-04-02 18:24,371.12,371.45001,371.12,371.36499,43083
2026-04-02 18:25,371.10001,371.17001,370.94,371.125,22039
2026-04-02 18:26,371.0,371.12,370.95999,371.10001,18249
2026-04-02 18:27,371.12,371.159,371.01001,371.03,21213
2026-04-02 18:28,371.10999,371.25,371.04999,371.12,15469
2026-04-02 18:29,371.04941,371.14001,370.95999,371.12961,24988
2026-04-02 18:30,371.25,371.25,371.01761,371.01999,17706
2026-04-02 18:31,371.125,371.26071,371.07999,371.26001,33844
2026-04-02 18:32,371.10501,371.23001,371.06,371.125,23171
2026-04-02 18:33,371.32501,371.32501,371.07001,371.10001,33777
2026-04-02 18:34,371.38,371.42999,371.32001,371.34,24729
2026-04-02 18:35,371.35001,371.53,371.33759,371.36499,23923
2026-04-02 18:36,371.42001,371.42001,371.2601,371.32999,35671
2026-04-02 18:37,371.39999,371.4299,371.32001,371.39499,25775
2026-04-02 18:38,371.2099,371.38,371.16,371.38,15532
2026-04-02 18:39,371.07001,371.23999,370.92001,371.16,52616
2026-04-02 18:40,371.39999,371.42999,371.01999,371.01999,41771
2026-04-02 18:41,371.48001,371.60999,371.345,371.38501,46296
2026-04-02 18:42,371.42499,371.5,371.32999,371.5,15917
2026-04-02 18:43,371.39001,371.42499,371.29999,371.42499,19704
2026-04-02 18:44,371.60971,371.60971,371.37799,371.37799,20228
2026-04-02 18:45,371.45999,371.59,371.41,371.59,27840
2026-04-02 18:46,371.48001,371.52991,371.40009,371.47,37909
2026-04-02 18:47,371.40079,371.48999,371.29999,371.48999,28412
2026-04-02 18:48,371.095,371.40009,371.08499,371.40009,27584
2026-04-02 18:49,371.23001,371.285,371.07999,371.10999,31662
2026-04-02 18:50,371.14999,371.32001,371.10999,371.22571,29011
2026-04-02 18:51,371.215,371.255,371.095,371.14999,15938
2026-04-02 18:52,371.42001,371.47,371.22,371.22,31434
2026-04-02 18:53,371.54001,371.69,371.41,371.45999,37002
2026-04-02 18:54,371.47,371.56,371.41,371.53,24153
2026-04-02 18:55,371.27319,371.44989,371.25,371.44501,18612
2026-04-02 18:56,371.24991,371.36499,371.20001,371.29001,34670
2026-04-02 18:57,371.27499,371.32709,371.255,371.26999,15003
2026-04-02 18:58,371.32001,371.41,371.2326,371.27499,25706
2026-04-02 18:59,371.35999,371.35999,371.26999,371.34,20494
2026-04-02 19:00,371.23001,371.41,371.20999,371.38,31294
2026-04-02 19:01,370.95999,371.20999,370.85001,371.20001,70640
2026-04-02 19:02,371.01401,371.09,370.935,370.935,42428
2026-04-02 19:03,371.215,371.23001,370.87,370.98999,69725
2026-04-02 19:04,371.14999,371.20999,371.06,371.20001,22343
2026-04-02 19:05,371.29001,371.46991,371.10999,371.14001,40801
2026-04-02 19:06,371.31781,371.35999,371.22,371.285,14214
2026-04-02 19:07,371.51791,371.54001,371.14001,371.33359,44848
2026-04-02 19:08,371.37991,371.51501,371.29999,371.51501,30032
2026-04-02 19:09,371.16501,371.39999,371.14001,371.37,35191
2026-04-02 19:10,371.29001,371.29001,371.13,371.1825,21749
2026-04-02 19:11,371.42001,371.42999,371.26001,371.26501,22932
2026-04-02 19:12,371.45999,371.5,371.32001,371.42001,21084
2026-04-02 19:13,371.37,371.45999,371.34,371.45001,25618
2026-04-02 19:14,371.20001,371.39001,371.14001,371.375,26077
2026-04-02 19:15,371.14999,371.35999,371.10001,371.19501,51493
2026-04-02 19:16,370.94751,371.15991,370.87,371.13,48196
2026-04-02 19:17,371.04999,371.06,370.94,370.9588,27113
2026-04-02 19:18,371.0,371.07999,370.95511,371.04999,24523
2026-04-02 19:19,371.0499,371.10999,370.95441,370.995,20269
2026-04-02 19:20,370.98001,371.04999,370.92499,371.04999,21634
2026-04-02 19:21,370.875,371.04001,370.85001,370.97,35201
2026-04-02 19:22,372.79001,372.89999,370.72501,370.875,300027
2026-04-02 19:23,372.4101,373.20001,372.17999,372.79501,267147
2026-04-02 19:24,372.27499,372.73001,372.245,372.41,156254
2026-04-02 19:25,371.78,372.26999,371.66,372.26999,95304
2026-04-02 19:26,372.38,372.39999,371.73999,371.76001,128623
2026-04-02 19:27,372.35999,372.63,372.22,372.35501,82593
2026-04-02 19:28,371.89999,372.46991,371.87,372.35999,79266
2026-04-02 19:29,372.5799,372.57999,371.78,371.89999,91488
2026-04-02 19:30,372.47501,372.72,372.35999,372.55499,84661
2026-04-02 19:31,372.78,372.91,372.44,372.47501,94109
2026-04-02 19:32,372.62149,372.94,372.31,372.7883,80591
2026-04-02 19:33,372.155,372.78,372.09009,372.625,149316
2026-04-02 19:34,372.23999,372.32999,372.07999,372.155,51204
2026-04-02 19:35,372.60001,372.67001,372.23001,372.23001,58842
2026-04-02 19:36,372.85001,373.16,372.595,372.60999,162474
2026-04-02 19:37,372.35001,372.88989,372.35001,372.85001,64274
2026-04-02 19:38,372.38501,372.57901,372.17999,372.35999,55822
2026-04-02 19:39,372.63501,372.64001,372.36099,372.39499,37848
2026-04-02 19:40,373.07999,373.10001,372.64999,372.64999,79576
2026-04-02 19:41,372.73001,373.09,372.64499,373.09,82409
2026-04-02 19:42,372.20001,372.75,372.20001,372.74399,49643
2026-04-02 19:43,372.20999,372.45001,372.15009,372.19,72376
2026-04-02 19:44,372.26999,372.29999,372.07999,372.1951,63551
2026-04-02 19:45,372.16,372.35001,372.10999,372.25,44241
2026-04-02 19:46,372.23001,372.29001,372.0101,372.16,85360
2026-04-02 19:47,372.34,372.37,372.23001,372.25,48046
2026-04-02 19:48,372.30499,372.42999,372.22,372.34,55733
2026-04-02 19:49,372.255,372.44,372.19,372.31,62596
2026-04-02 19:50,372.60001,372.78,372.28,372.28,102152
2026-04-02 19:51,372.42999,372.60001,372.39999,372.59,60017
2026-04-02 19:52,372.54001,372.57001,372.34,372.44,83197
2026-04-02 19:53,372.47,372.57001,372.32999,372.51999,85252
2026-04-02 19:54,372.63501,372.79999,372.45001,372.48001,83918
2026-04-02 19:55,372.92999,373.12,372.595,372.63501,107069
2026-04-02 19:56,372.82001,372.92999,372.75,372.92001,113877
2026-04-02 19:57,373.12,373.16,372.73001,372.82001,127100
2026-04-02 19:58,373.11499,373.26001,373.04001,373.10001,181903
2026-04-02 19:59,373.5,373.60001,373.01999,373.10001,460549
2026-04-06 13:30,373.245,373.245,373.245,373.245,717340
2026-04-06 13:31,373.25,373.54999,372.98999,373.26999,61511
2026-04-06 13:32,372.45731,373.47,372.23001,373.12,74975
2026-04-06 13:33,372.54501,372.92001,372.29999,372.42401,78908
2026-04-06 13:34,372.62,372.79999,372.155,372.52499,76262
2026-04-06 13:35,372.19,373.11899,372.14999,372.78,82832
2026-04-06 13:36,370.59,372.25531,370.48001,372.14001,128767
2026-04-06 13:37,369.72,370.76999,369.70999,370.54001,160029
2026-04-06 13:38,370.3194,370.3194,369.5014,369.72,97748
2026-04-06 13:39,370.89001,370.98001,370.26999,370.28,95702
2026-04-06 13:40,370.715,371.15991,370.64999,370.89001,91829
2026-04-06 13:41,370.79001,370.88959,370.44501,370.715,75619
2026-04-06 13:42,370.6871,370.84,370.38501,370.82999,70026
2026-04-06 13:43,370.74649,370.87,370.495,370.60999,51576
2026-04-06 13:44,371.06,371.14999,370.53,370.73001,60365
2026-04-06 13:45,371.63501,371.75531,371.05499,371.05499,61928
2026-04-06 13:46,371.31,371.76001,371.10001,371.64999,48555
2026-04-06 13:47,371.70001,371.76001,370.97,371.42001,45013
2026-04-06 13:48,371.86499,371.9068,371.52841,371.70001,52869
2026-04-06 13:49,371.76999,372.09,371.72,371.81,54840
2026-04-06 13:50,372.11951,372.17999,371.66,371.79501,57954
2026-04-06 13:51,372.29999,372.45001,372.10999,372.10999,79074
2026-04-06 13:52,372.41,372.60999,372.2348,372.285,77367
2026-04-06 13:53,372.66,372.85999,372.34,372.42401,50579
2026-04-06 13:54,372.45999,372.9039,372.45999,372.67001,47313
2026-04-06 13:55,372.84,372.98999,372.35001,372.54001,99813
2026-04-06 13:56,373.01999,373.28,372.79999,372.88,54355
2026-04-06 13:57,372.84229,373.18149,372.79999,373.0,41125
2026-04-06 13:58,372.715,372.89999,372.61499,372.89001,48081
2026-04-06 13:59,373.23499,373.25,372.75,372.75,45579
2026-04-06 14:00,372.72501,373.5,372.54999,372.79999,80083
2026-04-06 14:01,372.23499,372.82001,372.20999,372.76999,60391
2026-04-06 14:02,372.29999,372.70999,372.17999,372.23499,61024
2026-04-06 14:03,372.32501,372.5199,372.10999,372.29999,26244
2026-04-06 14:04,371.85999,372.47,371.85999,372.39999,31108
2026-04-06 14:05,372.01001,372.35001,371.94,371.98999,33964
2026-04-06 14:06,372.28,372.28,371.73999,371.9675,47677
2026-04-06 14:07,372.35999,372.625,372.20999,372.28,32909
2026-04-06 14:08,372.46899,372.48999,372.20001,372.35999,55082
2026-04-06 14:09,372.6785,372.6785,372.228,372.3613,65171
2026-04-06 14:10,371.85501,372.67001,371.69,372.655,94948
2026-04-06 14:11,372.44,372.53,371.7601,371.83499,34728
2026-04-06 14:12,372.44,372.54999,372.22,372.41,28801
2026-04-06 14:13,372.54001,372.60999,372.31,372.48001,36676
2026-04-06 14:14,372.75,372.76001,372.5,372.51999,56564
2026-04-06 14:15,372.70999,372.76001,372.45999,372.73001,60728
2026-04-06 14:16,372.72,372.73999,372.60001,372.66,25980
2026-04-06 14:17,372.77499,372.89001,372.48001,372.73001,41411
2026-04-06 14:18,372.53,372.76501,372.41,372.76501,31595
2026-04-06 14:19,372.66501,372.74991,372.48001,372.48499,40605
2026-04-06 14:20,372.69,372.85001,372.64001,372.67999,48005
2026-04-06 14:21,372.97,373.01001,372.58499,372.67001,31099
2026-04-06 14:22,372.7001,373.0,372.7001,372.96881,22199
2026-04-06 14:23,372.98999,373.0,372.595,372.745,33235
2026-04-06 14:24,372.785,373.07001,372.69,373.04001,19692
2026-04-06 14:25,372.65991,372.79999,372.49771,372.78,18837
2026-04-06 14:26,372.94989,372.94989,372.66,372.66,20755
2026-04-06 14:27,372.8399,373.06,372.7901,372.89001,25946
2026-04-06 14:28,372.78281,372.92999,372.60999,372.79999,46934
2026-04-06 14:29,372.64999,372.84,372.565,372.79999,21127
2026-04-06 14:30,372.79999,372.94,372.57999,372.70001,33333
2026-04-06 14:31,372.72501,372.98999,372.72501,372.79999,29316
2026-04-06 14:32,372.63501,372.82721,372.29001,372.73001,52783
2026-04-06 14:33,372.4758,372.73001,372.42651,372.67001,30442
2026-04-06 14:34,372.38501,372.625,372.32999,372.465,28852
2026-04-06 14:35,372.45999,372.6694,372.35001,372.405,60138
2026-04-06 14:36,372.23999,372.56,372.20499,372.465,21844
2026-04-06 14:37,372.31,372.35999,371.95999,372.23999,28621
2026-04-06 14:38,371.91989,372.64001,371.75,372.32999,56431
2026-04-06 14:39,371.76999,372.03,371.64999,371.85501,30762
2026-04-06 14:40,372.13501,372.22,371.64001,371.75,23858
2026-04-06 14:41,372.0,372.26001,371.858,372.04999,41383
2026-04-06 14:42,371.95001,372.17801,371.89999,372.06,26586
2026-04-06 14:43,371.88501,371.95001,371.5,371.94,28158
2026-04-06 14:44,371.85999,372.09,371.78009,371.84119,18280
2026-04-06 14:45,371.66501,371.82999,371.42001,371.82999,37256
2026-04-06 14:46,371.67001,371.82001,371.55099,371.73001,17037
2026-04-06 14:47,371.42999,371.70001,371.35001,371.67001,23399
2026-04-06 14:48,371.4585,371.60999,371.3996,371.42859,29986
2026-04-06 14:49,371.23001,371.48001,371.14999,371.45001,25291
2026-04-06 14:50,371.28711,371.41,371.19,371.29999,26363
2026-04-06 14:51,371.345,371.45001,371.14001,371.29001,38102
2026-04-06 14:52,371.45999,371.59,371.31,371.32001,43485
2026-04-06 14:53,371.56,371.69,371.49799,371.49799,33201
2026-04-06 14:54,371.66501,371.73001,371.45001,371.53,42766
2026-04-06 14:55,371.64499,371.73999,371.5,371.66501,24659
2026-04-06 14:56,371.76999,371.85999,371.65631,371.65631,26390
2026-04-06 14:57,372.0,372.16,371.75,371.78,39199
2026-04-06 14:58,372.285,372.29999,372.03,372.07999,24277
2026-04-06 14:59,371.98001,372.31149,371.89999,372.25,17701
2026-04-06 15:00,372.04001,372.07501,371.97,372.0,23546
2026-04-06 15:01,372.16,372.20001,372.0,372.04501,41007
2026-04-06 15:02,372.06,372.245,372.0,372.14001,23809
2026-04-06 15:03,371.845,372.07001,371.76999,372.04001,18893
2026-04-06 15:04,371.88501,371.89749,371.56,371.85999,21588
2026-04-06 15:05,372.13,372.23001,371.81,371.87,24521
2026-04-06 15:06,372.16,372.26001,372.07999,372.16,26714
2026-04-06 15:07,372.58499,372.60501,372.01001,372.11499,33594
2026-04-06 15:08,372.51999,372.67001,372.32001,372.62,157050
2026-04-06 15:09,372.5,372.60999,372.35999,372.53,32752
2026-04-06 15:10,372.14001,372.51001,372.14001,372.48001,25962
2026-04-06 15:11,372.34,372.3663,372.01999,372.19,27311
2026-04-06 15:12,372.35999,372.37,372.17999,372.33499,15831
2026-04-06 15:13,372.38,372.56,372.32999,372.35001,41866
2026-04-06 15:14,372.32999,372.34,372.14499,372.33011,43868
2026-04-06 15:15,372.17419,372.37991,372.07001,372.32001,19543
2026-04-06 15:16,372.14999,372.19501,372.035,372.17999,26967
2026-04-06 15:17,372.42999,372.42999,372.0701,372.13989,15374
2026-04-06 15:18,372.17001,372.4288,372.1405,372.31009,32642
2026-04-06 15:19,372.17999,372.19,371.95999,372.13,17601
2026-04-06 15:20,371.88,372.17001,371.79999,372.13,58976
2026-04-06 15:21,372.01001,372.0199,371.745,371.93881,19787
2026-04-06 15:22,371.91501,372.01999,371.75009,371.94312,18981
2026-04-06 15:23,371.82999,372.0,371.70001,371.86011,20685
2026-04-06 15:24,371.87,371.875,371.6601,371.815,21119
2026-04-06 15:25,371.6958,371.91,371.63501,371.91,38120
2026-04-06 15:26,371.79001,371.91,371.72,371.76001,23385
2026-04-06 15:27,371.70001,371.92999,371.70001,371.84,21273
2026-04-06 15:28,371.48001,371.70499,371.30011,371.70499,27478
2026-04-06 15:29,371.37,371.54001,371.35999,371.45001,28028
2026-04-06 15:30,371.29001,371.44,371.2601,371.39999,21266
2026-04-06 15:31,371.30499,371.47,371.25,371.285,23627
2026-04-06 15:32,371.245,371.35999,371.19,371.31,15995
2026-04-06 15:33,371.17001,371.25,370.94119,371.17999,44543
2026-04-06 15:34,371.17001,371.23999,371.12009,371.21841,18215
2026-04-06 15:35,371.19,371.26999,371.05042,371.17001,18164
2026-04-06 15:36,370.995,371.23999,370.90009,371.22,25239
2026-04-06 15:37,371.01999,371.01999,370.82999,371.01001,35126
2026-04-06 15:38,371.125,371.14001,370.95001,371.03989,15240
2026-04-06 15:39,371.34,371.38,371.13,371.13,29860
2026-04-06 15:40,371.57001,371.57001,371.35001,371.35001,29472
2026-04-06 15:41,371.26001,371.59,371.1701,371.53931,29611
2026-04-06 15:42,371.52499,371.59,371.29999,371.31879,36286
2026-04-06 15:43,371.35001,371.51999,371.32501,371.5,16498
2026-04-06 15:44,371.41,371.48001,371.28,371.35001,13146
2026-04-06 15:45,371.2901,371.41,371.28,371.41,17841
2026-04-06 15:46,371.53,371.53,371.32999,371.33499,40585
2026-04-06 15:47,371.655,371.66251,371.64001,371.64499,1327
2026-04-06 15:48,371.58499,371.73001,371.57501,371.64999,14679
2026-04-06 15:49,371.63501,371.64999,371.52011,371.57999,15732
2026-04-06 15:50,371.78,371.78,371.48999,371.60001,14034
2026-04-06 15:51,371.655,371.79001,371.63501,371.79001,37496
2026-04-06 15:52,371.72,371.78,371.56,371.655,20967
2026-04-06 15:53,371.72501,371.82001,371.685,371.70349,12826
2026-04-06 15:54,371.72,371.79001,371.64999,371.72501,44056
2026-04-06 15:55,371.62,371.70001,371.51999,371.70001,18516
2026-04-06 15:56,371.64999,371.64999,371.44501,371.62,20678
2026-04-06 15:57,371.73001,371.73001,371.4823,371.67001,30832
2026-04-06 15:58,371.60999,371.79999,371.56,371.73999,17718
2026-04-06 15:59,371.60989,371.64001,371.5101,371.60999,19679
2026-04-06 16:00,371.41,371.66,371.41,371.59,49023
2026-04-06 16:01,371.60999,371.63,371.36011,371.405,20586
2026-04-06 16:02,371.48999,371.64999,371.35001,371.64001,37440
2026-04-06 16:03,371.48001,371.59991,371.39999,371.48999,22745
2026-04-06 16:04,371.34,371.47,371.29999,371.45001,20199
2026-04-06 16:05,371.53989,371.53989,371.34,371.34,33113
2026-04-06 16:06,371.36499,371.5,371.36499,371.46011,7094
2026-04-06 16:07,371.42999,371.45999,371.28,371.38,218884
2026-04-06 16:08,371.39001,371.5,371.375,371.48999,12001
2026-04-06 16:09,371.32999,371.41,371.32001,371.38501,12372
2026-04-06 16:10,371.32999,371.35999,371.23999,371.32999,20301
2026-04-06 16:11,371.35999,371.4588,371.29001,371.32999,19696
2026-04-06 16:12,371.32001,371.465,371.25,371.38501,19724
2026-04-06 16:13,371.39001,371.47,371.25,371.285,17250
2026-04-06 16:14,371.5,371.535,371.39001,371.41,28236
2026-04-06 16:15,371.39999,371.60999,371.39999,371.51999,27055
2026-04-06 16:16,371.57501,371.60001,371.42001,371.42499,17859
2026-04-06 16:17,371.51001,371.62,371.4501,371.57501,20498
2026-04-06 16:18,371.45999,371.51501,371.42001,371.51501,13690
2026-04-06 16:19,371.42999,371.54001,371.39999,371.45099,12421
2026-04-06 16:20,371.56,371.56,371.39999,371.45001,19932
2026-04-06 16:21,371.64999,371.67001,371.54999,371.56,26400
2026-04-06 16:22,371.51001,371.62991,371.51001,371.625,49297
2026-04-06 16:23,371.54001,371.57001,371.35999,371.52499,44860
2026-04-06 16:24,371.81989,371.82999,371.56,371.56,34609
2026-04-06 16:25,371.89389,371.92001,371.815,371.82999,22206
2026-04-06 16:26,371.70001,371.89999,371.70001,371.89001,45492
2026-04-06 16:27,371.80499,371.8075,371.62,371.70999,14809
2026-04-06 16:28,372.04999,372.04999,371.80499,371.81,26299
2026-04-06 16:29,372.005,372.09,371.92249,372.03,35214
2026-04-06 16:30,371.88,372.03989,371.84,372.0,44139
2026-04-06 16:31,372.10519,372.14999,371.82001,371.85001,20965
2026-04-06 16:32,372.35999,372.3699,372.07001,372.1001,16925
2026-04-06 16:33,372.245,372.38,372.22,372.35999,31809
2026-04-06 16:34,372.46619,372.48999,372.23999,372.245,11240
2026-04-06 16:35,372.45999,372.48999,372.42999,372.45999,16606
2026-04-06 16:36,372.60999,372.60999,372.39001,372.45001,27524
2026-04-06 16:37,372.85999,372.918,372.59,372.60001,28164
2026-04-06 16:38,372.81,373.0,372.80069,372.85999,26536
2026-04-06 16:39,372.8407,372.89999,372.73999,372.76999,19555
2026-04-06 16:40,372.70499,372.84,372.64999,372.79999,22046
2026-04-06 16:41,372.565,372.73999,372.50009,372.70001,31157
2026-04-06 16:42,372.62,372.64999,372.52011,372.565,52994
2026-04-06 16:43,372.58011,372.68991,372.57999,372.62,27960
2026-04-06 16:44,372.6377,372.67999,372.60001,372.60999,24154
2026-04-06 16:45,372.42999,372.72,372.41,372.62,28417
2026-04-06 16:46,372.48001,372.53,372.3201,372.42999,21245
2026-04-06 16:47,372.45001,372.54999,372.42001,372.48001,28635
2026-04-06 16:48,372.63501,372.67999,372.4201,372.44501,18322
2026-04-06 16:49,372.51001,372.5799,372.45001,372.54001,18956
2026-04-06 16:50,372.48999,372.57999,372.48999,372.51501,10751
2026-04-06 16:51,372.35999,372.51999,372.32001,372.508,18229
2026-04-06 16:52,372.31,372.38,372.28,372.35001,19461
2026-04-06 16:53,372.2197,372.35001,372.13,372.32001,27092
2026-04-06 16:54,372.20001,372.34,372.0,372.19269,44966
2026-04-06 16:55,372.08499,372.245,372.0,372.18341,32779
2026-04-06 16:56,372.0676,372.10001,371.82999,372.09921,78403
2026-04-06 16:57,372.11499,372.19,372.05499,372.06,11550
2026-04-06 16:58,372.17001,372.28,372.06409,372.11499,21090
2026-04-06 16:59,372.17001,372.28,372.10001,372.17001,25228
2026-04-06 17:00,371.98999,372.20929,371.84,372.186,59716
2026-04-06 17:01,371.82999,372.13,371.82999,372.01001,23990
2026-04-06 17:02,371.69,371.85999,371.67999,371.85001,33235
2026-04-06 17:03,371.79999,371.79999,371.60001,371.72351,23685
2026-04-06 17:04,371.8642,371.97,371.73001,371.76001,22576
2026-04-06 17:05,371.79501,371.91,371.73001,371.845,27360
2026-04-06 17:06,371.715,371.84,371.64999,371.785,15901
2026-04-06 17:07,371.88,371.94501,371.64999,371.66,16279
2026-04-06 17:08,372.01001,372.10999,371.88211,371.89999,31547
2026-04-06 17:09,371.92001,372.11249,371.82001,372.009,19449
2026-04-06 17:10,371.685,371.92999,371.57001,371.92999,24836
2026-04-06 17:11,371.73001,371.73001,371.56009,371.72,13438
2026-04-06 17:12,371.31,371.81,371.31,371.70999,117743
2026-04-06 17:13,370.78,370.87,370.78,370.87,2617
2026-04-06 17:14,371.0451,371.14001,370.69009,370.78,34888
2026-04-06 17:15,370.92499,371.2402,370.85999,371.04999,42837
2026-04-06 17:16,371.06,371.10001,370.88,370.89999,14148
2026-04-06 17:17,371.2001,371.38,371.07001,371.07999,27357
2026-04-06 17:18,371.17999,371.26001,371.01999,371.23001,34979
2026-04-06 17:19,371.38501,371.41,371.10999,371.14999,20387
2026-04-06 17:20,371.26999,371.51999,371.255,371.35999,27449
2026-04-06 17:21,371.435,371.47,371.17999,371.25,20770
2026-04-06 17:22,371.67999,371.73001,371.35999,371.42499,24240
2026-04-06 17:23,371.69,371.88,371.60999,371.65051,13667
2026-04-06 17:24,371.86401,371.87,371.61011,371.64011,11165
2026-04-06 17:25,371.94,371.95001,371.78,371.85999,20458
2026-04-06 17:26,371.85999,371.98999,371.76001,371.94,14797
2026-04-06 17:27,372.07001,372.172,371.81,371.845,22403
2026-04-06 17:28,372.22,372.23001,371.92001,372.07999,22950
2026-04-06 17:29,372.26501,372.32999,372.15009,372.22,24093
2026-04-06 17:30,372.23001,372.29001,372.17001,372.25,11106
2026-04-06 17:31,372.51001,372.5199,372.21011,372.21509,31280
2026-04-06 17:32,372.4151,372.5,372.3446,372.5,12293
2026-04-06 17:33,372.32501,372.39999,372.23999,372.39001,13514
2026-04-06 17:34,372.06,372.57001,372.06,372.32501,36089
2026-04-06 17:35,372.172,372.23999,372.0401,372.11499,21891
2026-04-06 17:36,372.26001,372.28,372.17001,372.17181,13432
2026-04-06 17:37,371.95001,372.27951,371.91,372.27951,15232
2026-04-06 17:38,372.07999,372.07999,371.80011,371.95999,26943
2026-04-06 17:39,372.07999,372.14999,371.9216,372.07999,27988
2026-04-06 17:40,372.22,372.23499,372.0,372.07999,51987
2026-04-06 17:41,372.05499,372.23999,371.98999,372.185,37240
2026-04-06 17:42,372.29999,372.29999,371.96011,372.06,55466
2026-04-06 17:43,372.48001,372.5,372.24161,372.24161,9358
2026-04-06 17:44,372.63501,372.67001,372.47,372.53,33342
2026-04-06 17:45,372.44,372.66,372.35999,372.63,33494
2026-04-06 17:46,372.29501,372.53,372.25,372.435,32332
2026-04-06 17:47,372.07999,372.31949,372.07501,372.31949,14679
2026-04-06 17:48,371.91501,372.13,371.88,372.10001,16947
2026-04-06 17:49,371.86499,372.09,371.81,371.905,17557
2026-04-06 17:50,371.9581,371.9899,371.85001,371.91,14635
2026-04-06 17:51,371.98001,371.98999,371.78,371.97501,22306
2026-04-06 17:52,371.995,372.09,371.95999,371.95999,23135
2026-04-06 17:53,371.79999,372.01001,371.7601,371.995,17516
2026-04-06 17:54,371.73001,371.79001,371.60999,371.785,10246
2026-04-06 17:55,371.78,371.84,371.72,371.73001,13820
2026-04-06 17:56,371.75009,371.79999,371.66501,371.79999,15860
2026-04-06 17:57,371.77499,371.8765,371.75009,371.75009,10801
2026-04-06 17:58,371.76001,371.79999,371.69,371.75,15646
2026-04-06 17:59,371.64001,371.8399,371.63,371.745,14744
2026-04-06 18:00,371.63,371.71011,371.57001,371.66,212786
2026-04-06 18:01,371.62,371.73999,371.56,371.67999,14077
2026-04-06 18:02,371.60501,371.6792,371.5,371.63,12811
2026-04-06 18:03,371.595,371.70999,371.5401,371.60999,10994
2026-04-06 18:04,371.59,371.73999,371.48001,371.58511,24886
2026-04-06 18:05,371.79501,371.82001,371.51999,371.57999,12880
2026-04-06 18:06,371.91,371.9599,371.73001,371.79999,20829
2026-04-06 18:07,372.04999,372.10001,371.89001,371.905,21887
2026-04-06 18:08,371.95499,372.03,371.89999,372.00449,14358
2026-04-06 18:09,372.22501,372.23999,371.9556,371.97,30436
2026-04-06 18:10,372.48499,372.54501,372.22,372.23001,24525
2026-04-06 18:11,372.625,372.73001,372.39999,372.47501,27474
2026-04-06 18:12,372.47,372.57999,372.34,372.57999,17859
2026-04-06 18:13,372.72,372.75,372.42999,372.51999,17795
2026-04-06 18:14,372.66211,372.71011,372.54001,372.70999,36317
2026-04-06 18:15,372.81,372.87,372.67499,372.67999,20965
2026-04-06 18:16,372.81,372.88,372.70001,372.82651,23988
2026-04-06 18:17,372.89011,372.94,372.76999,372.8157,17087
2026-04-06 18:18,373.04999,373.13501,372.94,372.94,44380
2026-04-06 18:19,373.20001,373.28,373.01999,373.06,28625
2026-04-06 18:20,373.13,373.20999,373.07999,373.14001,20426
2026-04-06 18:21,373.26651,373.28,373.04999,373.125,24640
2026-04-06 18:22,373.24161,373.28,373.12,373.23001,29018
2026-04-06 18:23,373.39999,373.41,373.23019,373.26001,43689
2026-04-06 18:24,373.5,373.66,373.35001,373.39999,32748
2026-04-06 18:25,373.42319,373.505,373.39001,373.505,39106
2026-04-06 18:26,373.13531,373.41,373.11151,373.41,22529
2026-04-06 18:27,373.245,373.32999,373.0,373.10001,24009
2026-04-06 18:28,372.98999,373.34,372.97,373.22,30312
2026-04-06 18:29,372.92999,373.02499,372.82001,373.02499,15889
2026-04-06 18:30,373.14001,373.32001,372.92499,372.92499,24093
2026-04-06 18:31,373.12,373.20001,373.01251,373.10999,18728
2026-04-06 18:32,373.04999,373.16,372.87,373.125,16547
2026-04-06 18:33,372.92999,373.06,372.90009,373.06,15879
2026-04-06 18:34,372.78,372.92999,372.66501,372.92999,15941
2026-04-06 18:35,372.81,372.85001,372.73001,372.73001,16879
2026-04-06 18:36,372.73001,372.88,372.6925,372.82501,20606
2026-04-06 18:37,372.7287,372.73001,372.64001,372.73001,13788
2026-04-06 18:38,372.60001,372.70999,372.60001,372.70999,14949
2026-04-06 18:39,372.56,372.7399,372.56,372.66,12242
2026-04-06 18:40,372.45001,372.60999,372.42001,372.57001,25419
2026-04-06 18:41,372.44,372.51999,372.42499,372.45999,18685
2026-04-06 18:42,372.30609,372.45999,372.30609,372.42999,12376
2026-04-06 18:43,372.35999,372.44,372.31,372.34,16486
2026-04-06 18:44,372.465,372.5199,372.3501,372.39001,9834
2026-04-06 18:45,372.48001,372.60989,372.44501,372.48001,23994
2026-04-06 18:46,372.39001,372.53989,372.35001,372.51001,11190
2026-04-06 18:47,372.41,372.51999,372.34009,372.41989,12827
2026-04-06 18:48,372.42001,372.45001,372.26001,372.41501,34611
2026-04-06 18:49,372.405,372.42001,372.32999,372.42001,10669
2026-04-06 18:50,372.56,372.56,372.39001,372.41,16188
2026-04-06 18:51,372.48001,372.70999,372.48001,372.57999,31286
2026-04-06 18:52,372.48001,372.50949,372.42999,372.465,18259
2026-04-06 18:53,372.48999,372.48999,372.37,372.48001,27827
2026-04-06 18:54,372.5195,372.54999,372.45001,372.48001,15407
2026-04-06 18:55,372.55499,372.63989,372.495,372.495,12873
2026-04-06 18:56,372.64999,372.69,372.54099,372.56,27486
2026-04-06 18:57,372.51999,372.61661,372.5,372.60001,18254
2026-04-06 18:58,372.48981,372.56,372.47,372.54001,19063
2026-04-06 18:59,372.54599,372.60999,372.47,372.5,20413
2026-04-06 19:00,372.23999,372.56,372.20001,372.56,26691
2026-04-06 19:01,372.22009,372.29999,372.20999,372.23999,16389
2026-04-06 19:02,372.35001,372.35001,372.12,372.26999,24269
2026-04-06 19:03,372.42499,372.42499,372.26999,372.35999,15550
2026-04-06 19:04,372.5,372.53,372.39999,372.44,11424
2026-04-06 19:05,372.55499,372.59991,372.4433,372.5,23128
2026-04-06 19:06,372.5,372.67249,372.48001,372.57458,31659
2026-04-06 19:07,372.57001,372.62,372.38,372.5,45438
2026-04-06 19:08,372.37,372.59,372.29999,372.56,21137
2026-04-06 19:09,372.492,372.5,372.30011,372.35999,16047
2026-04-06 19:10,372.39001,372.57999,372.32999,372.48001,30607
2026-04-06 19:11,372.5206,372.56,372.3201,372.39999,15659
2026-04-06 19:12,372.57001,372.59,372.47501,372.5,18856
2026-04-06 19:13,372.67001,372.79999,372.5513,372.57999,36327
2026-04-06 19:14,372.63,372.70959,372.59161,372.67401,22087
2026-04-06 19:15,372.51501,372.64001,372.48001,372.64001,24237
2026-04-06 19:16,372.39999,372.51999,372.37,372.49011,19416
2026-04-06 19:17,372.5,372.56,372.35641,372.39999,21578
2026-04-06 19:18,372.505,372.505,372.26999,372.4501,25859
2026-04-06 19:19,372.3894,372.51001,372.30011,372.505,20431
2026-04-06 19:20,372.595,372.62991,372.37009,372.38,29943
2026-04-06 19:21,372.70001,372.73999,372.60001,372.60999,32277
2026-04-06 19:22,372.63,372.6795,372.51001,372.63501,16890
2026-04-06 19:23,372.60501,372.71991,372.51999,372.64001,20415
2026-04-06 19:24,372.39001,372.62,372.32999,372.61249,19763
2026-04-06 19:25,372.35999,372.38,372.20001,372.38,18966
2026-04-06 19:26,372.53,372.53,372.27011,372.34,29046
2026-04-06 19:27,372.5,372.56,372.47,372.54001,14957
2026-04-06 19:28,372.39001,372.5,372.35001,372.5,18408
2026-04-06 19:29,372.41,372.42999,372.34,372.34,15508
2026-04-06 19:30,372.375,372.42899,372.32999,372.38,24995
2026-04-06 19:31,372.28,372.40619,372.28,372.38989,33236
2026-04-06 19:32,372.31,372.32001,372.224,372.28,30188
2026-04-06 19:33,372.33719,372.39999,372.26001,372.32001,20004
2026-04-06 19:34,372.35001,372.35001,372.25,372.34,14440
2026-04-06 19:35,372.47,372.51999,372.33499,372.33499,26562
2026-04-06 19:36,372.32501,372.54001,372.31,372.465,16357
2026-04-06 19:37,372.38501,372.3999,372.28,372.315,22537
2026-04-06 19:38,372.36499,372.39999,372.26999,372.39969,17492
2026-04-06 19:39,372.35001,372.42001,372.31,372.3627,22289
2026-04-06 19:40,372.19,372.47,372.14001,372.35001,29548
2026-04-06 19:41,371.84,372.17001,371.76999,372.17001,41538
2026-04-06 19:42,372.07001,372.07999,371.82001,371.85999,23105
2026-04-06 19:43,372.19501,372.28851,372.0556,372.07001,31276
2026-04-06 19:44,372.51999,372.54001,372.19501,372.19501,42595
2026-04-06 19:45,372.789,372.79001,372.48001,372.5,44515
2026-04-06 19:46,372.73001,372.82999,372.66501,372.78,34234
2026-04-06 19:47,372.57999,372.78,372.53,372.72501,42118
2026-04-06 19:48,372.76001,372.76001,372.57001,372.60001,27706
2026-04-06 19:49,372.92499,372.94,372.72,372.76501,28194
2026-04-06 19:50,372.815,373.14999,372.81,372.95001,81692
2026-04-06 19:51,372.8475,372.8475,372.72,372.82001,38663
2026-04-06 19:52,372.67001,372.87,372.67001,372.85001,44350
2026-04-06 19:53,372.81,372.84,372.60001,372.64001,41209
2026-04-06 19:54,372.76999,372.81241,372.70001,372.76999,80631
2026-04-06 19:55,372.43781,372.56,372.375,372.375,55003
2026-04-06 19:56,372.33499,372.435,372.29001,372.435,63249
2026-04-06 19:57,372.59,372.66,372.26999,372.33499,106591
2026-04-06 19:58,372.67001,372.71991,372.57001,372.59,109079
2026-04-06 19:59,372.86099,372.91,372.57001,372.67001,257824
2026-04-07 13:30,370.45999,371.40991,370.0,370.345,837061
2026-04-07 13:31,370.40601,370.85001,370.07999,370.45999,57674
2026-04-07 13:32,371.01971,371.39001,370.2767,370.29999,74179
2026-04-07 13:33,370.62,371.48001,370.57001,371.0,70227
2026-04-07 13:34,370.78,370.91,370.5,370.5,47809
2026-04-07 13:35,370.47,370.67499,370.20001,370.64999,59885
2026-04-07 13:36,370.70999,370.73001,370.35999,370.51959,54375
2026-04-07 13:37,370.75,371.03,370.39999,370.70999,61408
2026-04-07 13:38,370.30499,370.76999,370.26999,370.75,46036
2026-04-07 13:39,370.0,370.42001,369.76999,370.34,106677
2026-04-07 13:40,370.25,370.42001,369.78149,370.01929,53372
2026-04-07 13:41,370.3027,370.42001,369.92999,370.26001,70881
2026-04-07 13:42,370.69501,370.70001,370.22,370.22,45438
2026-04-07 13:43,370.56,370.97,370.54999,370.64001,65773
2026-04-07 13:44,370.565,370.64999,370.31,370.54999,73112
2026-04-07 13:45,370.85001,370.85001,370.48999,370.85001,76520
2026-04-07 13:46,371.17621,371.215,370.73999,370.85001,89186
2026-04-07 13:47,371.08499,371.45001,371.0,371.20001,61357
2026-04-07 13:48,370.76001,371.32999,370.7486,371.10001,55237
2026-04-07 13:49,371.07001,371.20001,370.76501,370.77499,32598
2026-04-07 13:50,370.63501,371.07001,370.63,371.07001,47092
2026-04-07 13:51,370.63,370.82901,370.57999,370.67999,41240
2026-04-07 13:52,370.48001,370.75,370.38501,370.56,28340
2026-04-07 13:53,370.41,370.53,370.14999,370.48999,29152
2026-04-07 13:54,370.465,370.69519,370.3374,370.44501,22453
2026-04-07 13:55,370.522,370.60001,370.20001,370.47519,33777
2026-04-07 13:56,370.04999,370.599,369.91,370.55499,50590
2026-04-07 13:57,369.85001,370.04001,369.70169,370.0,44776
2026-04-07 13:58,369.9306,370.10999,369.81,369.85999,35342
2026-04-07 13:59,369.66,370.10001,369.64029,369.92999,40038
2026-04-07 14:00,369.31,369.85999,369.20999,369.64999,87542
2026-04-07 14:01,369.20999,369.48001,369.20999,369.27011,58622
2026-04-07 14:02,369.09,369.20999,368.83499,369.20999,65980
2026-04-07 14:03,368.85001,369.14001,368.79999,369.10001,34794
2026-04-07 14:04,368.95999,369.07001,368.75,368.86499,44780
2026-04-07 14:05,368.67001,369.01001,368.67001,369.01001,63573
2026-04-07 14:06,368.14001,368.73001,368.06,368.70001,89049
2026-04-07 14:07,368.09,368.45999,368.0,368.185,65284
2026-04-07 14:08,368.02499,368.25,367.89999,368.14001,77260
2026-04-07 14:09,368.23999,368.38,368.00009,368.00009,52409
2026-04-07 14:10,368.32001,368.63,368.20999,368.20999,54504
2026-04-07 14:11,368.39999,368.51001,368.19101,368.35999,38030
2026-04-07 14:12,368.255,368.66,368.19,368.39499,48740
2026-04-07 14:13,368.302,368.45999,368.10001,368.23999,33524
2026-04-07 14:14,368.45001,368.54999,368.23001,368.32001,62592
2026-04-07 14:15,368.53,368.60999,368.31,368.47,33683
2026-04-07 14:16,368.79999,369.035,368.53,368.53,66133
2026-04-07 14:17,368.785,368.92499,368.72,368.81,40634
2026-04-07 14:18,368.76001,368.88,368.61499,368.755,44237
2026-04-07 14:19,368.95001,368.98959,368.69,368.76001,45967
2026-04-07 14:20,368.95001,369.25,368.88501,368.95001,46731
2026-04-07 14:21,369.29999,369.38,368.88,368.89999,51552
2026-04-07 14:22,368.965,369.38501,368.92001,369.23999,40046
2026-04-07 14:23,369.35001,369.39999,368.85999,368.965,36719
2026-04-07 14:24,369.565,369.72,369.245,369.345,46586
2026-04-07 14:25,369.60999,369.66,369.42999,369.54999,26466
2026-04-07 14:26,369.70001,369.76001,369.51761,369.6066,25155
2026-04-07 14:27,369.56989,369.72,369.44,369.70999,34013
2026-04-07 14:28,369.45999,369.595,369.42999,369.51999,25273
2026-04-07 14:29,369.73499,369.79999,369.47,369.47,36976
2026-04-07 14:30,369.47989,369.84961,369.44,369.73499,33200
2026-04-07 14:31,369.5,369.5,369.23001,369.39999,23104
2026-04-07 14:32,369.45941,369.7399,369.45941,369.53,17771
2026-04-07 14:33,369.94,370.03,369.39001,369.42999,52073
2026-04-07 14:34,369.60999,369.98001,369.56,369.92499,28439
2026-04-07 14:35,369.53,369.66,369.36121,369.625,26747
2026-04-07 14:36,369.46191,369.75,369.32001,369.37,21632
2026-04-07 14:37,369.58499,369.64999,369.375,369.45001,10794
2026-04-07 14:38,369.42999,369.64999,369.39999,369.60999,16032
2026-04-07 14:39,369.09,369.39999,368.89001,369.39999,58036
2026-04-07 14:40,369.07999,369.24991,369.03009,369.12,21676
2026-04-07 14:41,369.19,369.23199,369.01999,369.07001,26068
2026-04-07 14:42,369.05209,369.19,369.0,369.19,25147
2026-04-07 14:43,368.73001,369.04001,368.73001,368.99011,26962
2026-04-07 14:44,369.09,369.16,368.78,368.78,27033
2026-04-07 14:45,368.79501,369.10999,368.7435,369.05499,20552
2026-04-07 14:46,368.875,369.37,368.7789,368.79501,57878
2026-04-07 14:47,368.85989,369.0,368.76999,368.8699,25080
2026-04-07 14:48,368.73999,368.92639,368.70999,368.82001,19496
2026-04-07 14:49,368.82501,368.98999,368.70999,368.72,17167
2026-04-07 14:50,368.31,368.79999,368.31,368.76001,47002
2026-04-07 14:51,368.32001,368.60001,368.29999,368.34,32395
2026-04-07 14:52,368.345,368.43121,368.26999,368.35999,32956
2026-04-07 14:53,368.435,368.56,368.30499,368.34,74715
2026-04-07 14:54,368.255,368.42001,368.17999,368.42001,35849
2026-04-07 14:55,367.98499,368.26001,367.95001,368.20999,46925
2026-04-07 14:56,367.97501,368.01999,367.91,367.98999,29255
2026-04-07 14:57,367.92929,368.06,367.76999,367.97501,41721
2026-04-07 14:58,367.63,368.10001,367.60999,367.94,54830
2026-04-07 14:59,367.375,367.69501,367.35999,367.6185,71452
2026-04-07 15:00,367.14499,367.37991,366.95001,367.35001,95773
2026-04-07 15:01,367.29001,367.29001,367.04001,367.16,59874
2026-04-07 15:02,367.03989,367.42999,366.91,367.28,52127
2026-04-07 15:03,366.95999,367.16,366.92001,367.03,29805
2026-04-07 15:04,367.04999,367.07999,366.82001,366.98001,34511
2026-04-07 15:05,366.72,367.10001,366.60999,367.01999,38579
2026-04-07 15:06,366.76001,366.83499,366.57001,366.694,24007
2026-04-07 15:07,366.95999,367.03,366.71399,366.76001,26756
2026-04-07 15:08,366.89999,367.09,366.82001,366.98001,64560
2026-04-07 15:09,366.965,366.98999,366.79001,366.91,32252
2026-04-07 15:10,367.28,367.44501,366.95999,366.95999,45799
2026-04-07 15:11,367.5,367.64001,367.28671,367.31,43016
2026-04-07 15:12,367.51999,367.54999,367.39999,367.51001,23855
2026-04-07 15:13,367.56,367.60989,367.3501,367.51999,27438
2026-04-07 15:14,367.59,367.63,367.41251,367.57001,26297
2026-04-07 15:15,368.45001,368.73999,367.48999,367.56,90118
2026-04-07 15:16,368.3172,368.66,368.19,368.48999,49235
2026-04-07 15:17,368.22,368.29001,367.95999,368.26999,23992
2026-04-07 15:18,367.87,368.32849,367.85999,368.23999,125684
2026-04-07 15:19,368.09,368.1499,367.8425,367.89001,32912
2026-04-07 15:20,368.0,368.14499,367.83499,368.13,28635
2026-04-07 15:21,367.82501,368.01001,367.69501,368.01001,30769
2026-04-07 15:22,367.97,368.03,367.79999,367.82999,17942
2026-04-07 15:23,367.815,367.94,367.70999,367.89999,21864
2026-04-07 15:24,367.84,367.97,367.76001,367.88,17849
2026-04-07 15:25,368.0351,368.09991,367.82999,367.84,24581
2026-04-07 15:26,368.13,368.13,367.88,368.01001,20700
2026-04-07 15:27,367.92999,368.13989,367.85001,368.11011,28151
2026-04-07 15:28,367.88989,368.01999,367.78,367.92999,38631
2026-04-07 15:29,368.11499,368.16,367.79999,367.85999,29287
2026-04-07 15:30,368.06,368.22989,368.03159,368.11499,25167
2026-04-07 15:31,368.14001,368.16,367.88501,368.06,28024
2026-04-07 15:32,368.23001,368.29001,368.09,368.17001,18312
2026-04-07 15:33,368.20001,368.26001,368.04999,368.22501,21161
2026-04-07 15:34,368.38,368.38,368.19,368.215,31771
2026-04-07 15:35,368.34,368.5,368.32001,368.35001,25826
2026-04-07 15:36,368.43341,368.49411,368.26999,368.38989,18660
2026-04-07 15:37,368.19,368.46991,367.95001,368.44501,156688
2026-04-07 15:38,368.31,368.34,368.13,368.23999,24559
2026-04-07 15:39,368.23001,368.32001,368.14999,368.29999,32127
2026-04-07 15:40,368.185,368.26999,368.11499,368.24899,45019
2026-04-07 15:41,368.07999,368.245,367.95999,368.17001,77518
2026-04-07 15:42,368.11499,368.20001,368.02499,368.09,30659
2026-04-07 15:43,368.34,368.34,368.03,368.10001,59169
2026-04-07 15:44,368.25,368.48999,368.19,368.33499,21595
2026-04-07 15:45,368.35999,368.36499,368.22501,368.25,30328
2026-04-07 15:46,368.60001,368.70001,368.34,368.37,25381
2026-04-07 15:47,368.36499,368.63,368.32001,368.60999,22005
2026-04-07 15:48,368.37009,368.4599,368.23001,368.35999,18313
2026-04-07 15:49,368.81,368.82999,368.39999,368.39999,24699
2026-04-07 15:50,368.64499,368.95001,368.64001,368.82001,26557
2026-04-07 15:51,368.60861,368.76999,368.5,368.64499,19257
2026-04-07 15:52,368.755,368.76999,368.53,368.59,13348
2026-04-07 15:53,368.85001,368.94,368.72009,368.75,13498
2026-04-07 15:54,368.95999,369.01999,368.85999,368.87,20170
2026-04-07 15:55,368.97,369.47,368.85001,368.95001,52572
2026-04-07 15:56,368.84509,368.94,368.75,368.94,22766
2026-04-07 15:57,368.88,368.95001,368.79999,368.85999,21799
2026-04-07 15:58,369.10001,369.14001,368.84,368.91,17696
2026-04-07 15:59,369.2301,369.29999,369.06,369.10501,22576
2026-04-07 16:00,369.38,369.44,369.23001,369.28,22223
2026-04-07 16:01,369.44009,369.5,369.20001,369.38831,24801
2026-04-07 16:02,370.23999,370.31,369.37,369.47501,57208
2026-04-07 16:03,370.10999,370.85999,370.07999,370.22,65661
2026-04-07 16:04,369.92999,370.17001,369.82001,370.17001,30530
2026-04-07 16:05,369.91,370.09,369.8017,369.92999,27905
2026-04-07 16:06,370.0,370.19,369.82001,369.98001,20656
2026-04-07 16:07,369.87,370.09,369.82001,370.01501,23656
2026-04-07 16:08,369.79471,369.85001,369.63,369.76999,24688
2026-04-07 16:09,369.67001,369.79999,369.64999,369.79999,12285
2026-04-07 16:10,369.66501,369.80991,369.57999,369.67001,19643
2026-04-07 16:11,369.83011,369.85001,369.57001,369.67001,16400
2026-04-07 16:12,369.82001,369.92999,369.71011,369.82999,222862
2026-04-07 16:13,369.82001,369.89999,369.67999,369.802,11783
2026-04-07 16:14,369.79999,369.94989,369.78,369.79001,12583
2026-04-07 16:15,370.0,370.0,369.64999,369.76999,18160
2026-04-07 16:16,370.06,370.10999,369.935,370.0199,15670
2026-04-07 16:17,369.755,370.06,369.73999,370.06,15600
2026-04-07 16:18,369.67001,369.81,369.59,369.755,27005
2026-04-07 16:19,369.89001,369.95001,369.66791,369.70999,1185349
2026-04-07 16:20,369.97861,369.97861,369.785,369.85501,48660
2026-04-07 16:21,369.95001,370.10001,369.94,369.94,26880
2026-04-07 16:22,369.95499,370.04001,369.85999,369.92999,21102
2026-04-07 16:23,370.13,370.57999,369.78,369.95999,79201
2026-04-07 16:24,370.20001,370.28,369.97,370.125,35456
2026-04-07 16:25,370.16,370.39001,370.10001,370.245,32609
2026-04-07 16:26,370.29001,370.29001,369.965,370.16,34397
2026-04-07 16:27,370.57001,370.70001,370.25,370.258,30194
2026-04-07 16:28,370.75,370.78,370.48999,370.57501,30397
2026-04-07 16:29,370.70999,370.82001,370.67001,370.72,31072
2026-04-07 16:30,370.63,370.70999,370.51999,370.67999,20642
2026-04-07 16:31,370.76501,370.76501,370.45001,370.60001,22202
2026-04-07 16:32,370.62,370.79999,370.57999,370.78,28071
2026-04-07 16:33,370.73999,370.82001,370.54001,370.63,18252
2026-04-07 16:34,370.73999,370.79001,370.67999,370.76001,15425
2026-04-07 16:35,370.6879,370.77991,370.57999,370.755,30515
2026-04-07 16:36,370.6189,370.70999,370.4801,370.70499,14209
2026-04-07 16:37,370.5,370.64499,370.39191,370.62,24661
2026-04-07 16:38,370.42999,370.565,370.39081,370.5,13135
2026-04-07 16:39,370.405,370.41,370.20001,370.405,18300
2026-04-07 16:40,370.48001,370.53,370.36011,370.45001,31712
2026-04-07 16:41,370.5029,370.79999,370.49841,370.51001,13956
2026-04-07 16:42,370.51001,370.64499,370.46552,370.4801,13106
2026-04-07 16:43,370.39999,370.5293,370.31009,370.5,14379
2026-04-07 16:44,370.59,370.5925,370.34,370.36499,11353
2026-04-07 16:45,370.76501,370.84,370.61499,370.62,121726
2026-04-07 16:46,371.05499,371.05499,370.78,370.84,32710
2026-04-07 16:47,370.97311,371.01999,370.80011,371.0007,24872
2026-04-07 16:48,370.97,371.12,370.92001,370.97501,26622
2026-04-07 16:49,370.94,371.0,370.82001,370.97,27677
2026-04-07 16:50,371.01999,371.01999,370.78,370.89001,21755
2026-04-07 16:51,371.04999,371.04999,370.92999,371.01501,27412
2026-04-07 16:52,371.03339,371.07999,370.89001,371.04001,19990
2026-04-07 16:53,371.07001,371.12,371.0,371.04001,36654
2026-04-07 16:54,371.03,371.16501,370.98499,371.07501,89933
2026-04-07 16:55,370.94,371.0899,370.85999,371.04001,17360
2026-04-07 16:56,370.7486,370.97,370.7106,370.94,25382
2026-04-07 16:57,370.78,370.89001,370.70999,370.73999,12732
2026-04-07 16:58,370.92999,370.92999,370.64999,370.78,23083
2026-04-07 16:59,370.71899,370.92499,370.66,370.91,15563
2026-04-07 17:00,370.79999,371.17999,370.54001,370.67001,86471
2026-04-07 17:01,370.85001,370.9621,370.70999,370.79001,17566
2026-04-07 17:02,370.78,370.87,370.69,370.81,13666
2026-04-07 17:03,370.89999,370.94,370.70001,370.79001,19560
2026-04-07 17:04,370.70001,370.92999,370.70001,370.8793,19611
2026-04-07 17:05,370.73999,370.78989,370.66,370.72501,15847
2026-04-07 17:06,370.88,370.94,370.66,370.745,15422
2026-04-07 17:07,370.6004,370.8699,370.6004,370.85001,11934
2026-04-07 17:08,370.60001,370.67999,370.60001,370.63,19238
2026-04-07 17:09,370.63,370.66501,370.5701,370.625,10588
2026-04-07 17:10,370.60001,370.70001,370.51001,370.60999,19842
2026-04-07 17:11,370.44501,370.58499,370.40009,370.57999,14630
2026-04-07 17:12,370.57001,370.57001,370.35999,370.44501,16073
2026-04-07 17:13,370.38,370.59,370.35001,370.535,23689
2026-04-07 17:14,370.32999,370.39001,370.26999,370.38,18648
2026-04-07 17:15,370.39001,370.42999,370.19,370.32001,33717
2026-04-07 17:16,370.29999,370.56,370.25101,370.48001,19811
2026-04-07 17:17,370.35999,370.44,370.31,370.31,14400
2026-04-07 17:18,370.435,370.45001,370.35999,370.35999,15366
2026-04-07 17:19,370.44,370.52881,370.375,370.435,18007
2026-04-07 17:20,370.16501,370.47,370.14001,370.44501,16557
2026-04-07 17:21,370.10001,370.19,370.07999,370.14001,17311
2026-04-07 17:22,370.285,370.375,370.13,370.13,21306
2026-04-07 17:23,370.38,370.44501,370.23001,370.29999,17778
2026-04-07 17:24,370.36499,370.51001,370.35001,370.375,12065
2026-04-07 17:25,370.215,370.37991,370.20001,370.37991,21909
2026-04-07 17:26,370.43481,370.47,370.23999,370.23999,97323
2026-04-07 17:27,370.36499,370.42001,370.32999,370.41501,14677
2026-04-07 17:28,370.26001,370.39001,370.23059,370.39001,14805
2026-04-07 17:29,370.31729,370.38501,370.23001,370.23999,16054
2026-04-07 17:30,370.5296,370.54999,370.29999,370.32999,17724
2026-04-07 17:31,370.58499,370.63141,370.44009,370.48999,15410
2026-04-07 17:32,370.84009,370.85199,370.57001,370.57999,13747
2026-04-07 17:33,370.845,370.87,370.72,370.84,12202
2026-04-07 17:34,370.95001,371.03,370.81,370.82999,25251
2026-04-07 17:35,371.25,371.31,370.92001,370.95001,38789
2026-04-07 17:36,371.45001,371.78,371.10001,371.22,54204
2026-04-07 17:37,371.23999,371.53,371.22009,371.45001,24671
2026-04-07 17:38,371.31,371.35999,371.19,371.22549,19710
2026-04-07 17:39,371.29999,371.45999,371.23001,371.32001,23956
2026-04-07 17:40,371.16049,371.30499,371.0,371.30499,25639
2026-04-07 17:41,371.27499,371.29001,371.13,371.16501,14269
2026-04-07 17:42,371.06,371.29999,371.06,371.26999,14562
2026-04-07 17:43,371.01001,371.07999,370.94,371.07999,17421
2026-04-07 17:44,370.88,370.99689,370.84,370.95859,18359
2026-04-07 17:45,370.59509,370.978,370.57999,370.92899,12733
2026-04-07 17:46,370.715,370.81,370.595,370.595,12592
2026-04-07 17:47,370.73999,370.82999,370.68811,370.68811,12101
2026-04-07 17:48,370.6488,370.73999,370.56,370.73999,17183
2026-04-07 17:49,370.83499,370.85999,370.63501,370.63501,10484
2026-04-07 17:50,370.85999,370.94,370.745,370.85999,16575
2026-04-07 17:51,370.97,371.03,370.81839,370.89001,13328
2026-04-07 17:52,370.97,371.04999,370.94,370.97,16119
2026-04-07 17:53,371.01999,371.07999,370.97021,370.97021,7787
2026-04-07 17:54,370.79001,371.0,370.75,370.98001,13297
2026-04-07 17:55,370.80499,370.85999,370.77011,370.81,11800
2026-04-07 17:56,370.78,370.87439,370.76511,370.82999,13423
2026-04-07 17:57,370.73499,370.79001,370.57999,370.77499,27993
2026-04-07 17:58,370.73001,370.77899,370.67401,370.73001,13055
2026-04-07 17:59,370.82001,370.82999,370.69501,370.70999,23155
2026-04-07 18:00,370.95499,370.97,370.73001,370.85001,40873
2026-04-07 18:01,371.16501,371.19,370.905,370.94269,26385
2026-04-07 18:02,371.20999,371.26001,371.09,371.20001,19979
2026-04-07 18:03,371.13,371.20001,371.035,371.20001,14187
2026-04-07 18:04,370.92001,371.13,370.87,371.125,19476
2026-04-07 18:05,370.82999,370.92999,370.76001,370.91,21905
2026-04-07 18:06,370.89001,370.89999,370.78,370.83499,14653
2026-04-07 18:07,370.82001,371.0,370.76001,370.91,21677
2026-04-07 18:08,370.98001,371.04999,370.81,370.8399,14483
2026-04-07 18:09,370.92111,370.98001,370.85999,370.95001,12686
2026-04-07 18:10,370.91,370.98999,370.79999,370.89999,15490
2026-04-07 18:11,370.88321,370.97501,370.84,370.87,15754
2026-04-07 18:12,370.89001,370.98999,370.84,370.89499,16155
2026-04-07 18:13,370.75751,370.89999,370.60999,370.89001,28650
2026-04-07 18:14,370.68011,370.78,370.67999,370.75,14356
2026-04-07 18:15,370.63531,370.73999,370.60001,370.70499,32358
2026-04-07 18:16,370.56,370.64001,370.5,370.625,27322
2026-04-07 18:17,370.56,370.70999,370.55011,370.60001,19763
2026-04-07 18:18,370.61499,370.72009,370.4501,370.54999,37053
2026-04-07 18:19,370.70499,370.76999,370.60001,370.61499,29685
2026-04-07 18:20,370.63,370.745,370.55499,370.70499,27214
2026-04-07 18:21,370.625,370.70001,370.57001,370.64999,32386
2026-04-07 18:22,370.70001,370.76001,370.63,370.64001,16918
2026-04-07 18:23,370.43951,370.72501,370.35999,370.72501,30052
2026-04-07 18:24,370.20001,370.41501,370.12,370.41501,16355
2026-04-07 18:25,370.14499,370.28,370.10001,370.20999,20230
2026-04-07 18:26,370.255,370.28,370.04001,370.13501,23849
2026-04-07 18:27,370.29001,370.4101,370.25,370.25,34606
2026-04-07 18:28,370.29001,370.38,370.25,370.27499,26672
2026-04-07 18:29,370.24951,370.41,370.23001,370.26001,20384
2026-04-07 18:30,370.06,370.26001,370.01999,370.26001,27014
2026-04-07 18:31,370.0,370.09,369.95999,370.07001,36959
2026-04-07 18:32,370.07999,370.14511,369.97,370.03009,24828
2026-04-07 18:33,370.14999,370.2399,370.07999,370.07999,28222
2026-04-07 18:34,370.13031,370.233,370.11499,370.17001,21678
2026-04-07 18:35,370.26501,370.3299,370.07999,370.12,30005
2026-04-07 18:36,370.34,370.35999,370.07999,370.23001,18014
2026-04-07 18:37,370.30499,370.38,370.22,370.32999,28163
2026-04-07 18:38,370.17001,370.34,370.17001,370.31,16921
2026-04-07 18:39,370.32999,370.38,370.10001,370.17999,39768
2026-04-07 18:40,369.87,370.45001,369.85999,370.35999,41096
2026-04-07 18:41,369.64999,369.94,369.63,369.87,27109
2026-04-07 18:42,369.755,369.79001,369.63,369.63,23184
2026-04-07 18:43,369.80499,369.85999,369.70999,369.7616,16578
2026-04-07 18:44,369.79001,369.87991,369.70999,369.79999,42000
2026-04-07 18:45,369.64999,369.84,369.5,369.80991,31271
2026-04-07 18:46,369.96851,369.97,369.64001,369.64001,22842
2026-04-07 18:47,369.76999,370.04501,369.75,369.965,21145
2026-04-07 18:48,369.67001,369.79459,369.63,369.76999,21431
2026-04-07 18:49,369.59311,369.73001,369.51999,369.70001,25429
2026-04-07 18:50,369.64001,369.66,369.53,369.56,21380
2026-04-07 18:51,369.76999,369.84,369.63,369.63,22977
2026-04-07 18:52,369.73999,369.79001,369.67999,369.76999,21454
2026-04-07 18:53,369.57999,369.79001,369.51999,369.76001,26121
2026-04-07 18:54,369.29999,369.56259,369.19,369.56259,62926
2026-04-07 18:55,368.7045,369.28,368.64999,369.26999,43972
2026-04-07 18:56,368.97,368.98001,368.67001,368.72,50650
2026-04-07 18:57,368.9812,369.06989,368.91,368.97,33392
2026-04-07 18:58,369.0499,369.12,368.9201,368.9201,38000
2026-04-07 18:59,368.92001,369.01001,368.84,369.01001,29900
2026-04-07 19:00,368.89999,368.89999,368.72501,368.89999,24300
2026-04-07 19:01,369.0,369.0,368.89261,368.91,21386
2026-04-07 19:02,369.39499,369.39499,368.98999,368.98999,53524
2026-04-07 19:03,369.26999,369.44989,369.23001,369.37,45263
2026-04-07 19:04,369.39001,369.42999,369.23499,369.23499,27312
2026-04-07 19:05,369.22559,369.41,369.16,369.41,27544
2026-04-07 19:06,369.22369,369.29001,369.04999,369.27921,21417
2026-04-07 19:07,368.845,369.26901,368.84,369.26901,23207
2026-04-07 19:08,369.29001,369.48001,368.83899,368.87,88735
2026-04-07 19:09,369.19,369.29999,369.13,369.29999,17847
2026-04-07 19:10,369.3251,369.42999,369.07999,369.185,23289
2026-04-07 19:11,369.22,369.39999,369.19,369.32999,31313
2026-04-07 19:12,369.07999,369.23999,369.04001,369.22,32041
2026-04-07 19:13,369.18771,369.23999,369.07001,369.12,33271
2026-04-07 19:14,369.27499,369.34,369.19009,369.24731,22154
2026-04-07 19:15,369.44,369.48001,369.17999,369.27499,36379
2026-04-07 19:16,369.84,369.92999,369.45499,369.45499,81466
2026-04-07 19:17,369.91,370.07999,369.73999,369.82999,47273
2026-04-07 19:18,370.72501,370.81,369.8501,369.94,61356
2026-04-07 19:19,371.07999,371.38,370.45001,370.67999,78081
2026-04-07 19:20,371.23999,371.60999,370.98999,371.10001,107842
2026-04-07 19:21,370.89999,371.29999,370.84,371.22,43533
2026-04-07 19:22,370.91501,371.09,370.79999,371.0,47435
2026-04-07 19:23,370.54001,370.94,370.54001,370.94,114077
2026-04-07 19:24,370.76999,370.76999,370.42999,370.5,25975
2026-04-07 19:25,370.60001,370.85989,370.39999,370.73999,24091
2026-04-07 19:26,370.44009,370.75,370.38,370.59,21032
2026-04-07 19:27,370.96991,371.0,370.42999,370.48001,30909
2026-04-07 19:28,371.10001,371.2399,370.89999,370.98001,34137
2026-04-07 19:29,370.85001,371.08499,370.79001,371.07001,27467
2026-04-07 19:30,370.63,370.85001,370.56,370.85001,25890
2026-04-07 19:31,370.58499,370.66,370.47,370.61499,31377
2026-04-07 19:32,370.64499,370.70999,370.44,370.56,19413
2026-04-07 19:33,370.76999,370.80499,370.54001,370.62,37395
2026-04-07 19:34,370.85999,370.9899,370.70001,370.745,23388
2026-04-07 19:35,370.57999,370.89001,370.48999,370.89001,30037
2026-04-07 19:36,370.62,370.70001,370.52499,370.57501,23566
2026-04-07 19:37,370.42999,370.70499,370.38,370.63,33526
2026-04-07 19:38,370.285,370.54999,370.23001,370.45001,27253
2026-04-07 19:39,370.38,370.39001,370.26001,370.285,27351
2026-04-07 19:40,370.67499,370.73999,370.35999,370.38,37875
2026-04-07 19:41,370.70999,370.82001,370.60001,370.67001,30632
2026-04-07 19:42,370.69989,370.76001,370.5401,370.67999,31152
2026-04-07 19:43,370.70001,370.95001,370.67001,370.67999,49950
2026-04-07 19:44,371.06,371.25,370.63501,370.67999,87766
2026-04-07 19:45,372.32001,372.45001,370.78,371.01999,179199
2026-04-07 19:46,371.81,372.39999,371.41,372.32001,94079
2026-04-07 19:47,371.73001,371.82001,371.41,371.81,75656
2026-04-07 19:48,371.57999,371.94,371.56,371.73001,61433
2026-04-07 19:49,371.39499,371.78,371.2608,371.57999,57479
2026-04-07 19:50,371.85001,371.88,371.38,371.44,71439
2026-04-07 19:51,372.16989,372.29001,371.84,371.89001,84213
2026-04-07 19:52,372.14001,372.32999,372.0,372.13501,95630
2026-04-07 19:53,372.22,372.38,372.06,372.14001,71973
2026-04-07 19:54,372.05499,372.26001,371.9501,372.23999,72418
2026-04-07 19:55,371.79999,372.04001,371.54999,372.03,76831
2026-04-07 19:56,371.905,371.98001,371.76501,371.79999,71264
2026-04-07 19:57,371.81,371.92001,371.64999,371.89999,103042
2026-04-07 19:58,371.84,371.89999,371.67999,371.82999,154985
2026-04-07 19:59,372.26999,372.45001,371.82001,371.84,379105
2026-04-08 13:30,382.95001,385.0,382.57999,384.98001,2533704
2026-04-08 13:31,383.0788,383.47,382.39999,382.95999,212786
2026-04-08 13:32,383.46951,384.14999,383.013,383.10001,184586
2026-04-08 13:33,382.82001,383.509,382.38,383.45999,165422
2026-04-08 13:34,381.79999,382.99991,381.60999,382.83499,214932
2026-04-08 13:35,381.42001,381.95001,380.60001,381.78,257013
2026-04-08 13:36,381.47,382.16,381.20001,381.45001,178066
2026-04-08 13:37,380.88,381.67001,380.6976,381.42001,121199
2026-04-08 13:38,380.905,381.0,380.29999,380.89001,158983
2026-04-08 13:39,380.64999,381.09,380.57861,380.90509,128786
2026-04-08 13:40,379.64999,380.70001,379.4101,380.63,233947
2026-04-08 13:41,378.85989,379.70999,378.62,379.62,149389
2026-04-08 13:42,379.19501,379.57999,378.82999,378.82999,121201
2026-04-08 13:43,379.22,379.39001,378.88,379.23001,110146
2026-04-08 13:44,378.56,379.35001,378.54501,379.22,114151
2026-04-08 13:45,378.85001,378.85001,378.25,378.57001,117180
2026-04-08 13:46,379.23999,379.28271,378.48001,378.85001,115734
2026-04-08 13:47,379.76501,379.94,379.09,379.14999,121783
2026-04-08 13:48,380.065,380.20001,379.39001,379.78,123961
2026-04-08 13:49,380.20001,380.22,379.97,380.065,84030
2026-04-08 13:50,379.82001,380.22,379.60999,380.20001,74634
2026-04-08 13:51,379.47,379.85001,378.95999,379.84,86957
2026-04-08 13:52,379.69,379.995,379.51001,379.53751,58806
2026-04-08 13:53,379.31,379.89001,379.26999,379.67499,74353
2026-04-08 13:54,379.11749,379.57001,379.10001,379.31,76576
2026-04-08 13:55,379.22501,379.64001,378.95999,379.09,70298
2026-04-08 13:56,379.34,379.45999,379.17001,379.23999,63759
2026-04-08 13:57,379.10989,379.39001,378.89999,379.34,58883
2026-04-08 13:58,379.28,379.42001,378.85999,379.10999,74824
2026-04-08 13:59,379.10001,379.42001,379.01999,379.29001,75552
2026-04-08 14:00,379.22,379.41,378.91,379.10999,106367
2026-04-08 14:01,379.14499,379.35999,379.07999,379.16,78054
2026-04-08 14:02,379.125,379.28,378.92999,379.14499,52650
2026-04-08 14:03,378.95001,379.20001,378.73001,379.125,99858
2026-04-08 14:04,379.16,379.19,378.83011,378.95001,69514
2026-04-08 14:05,379.42001,379.48001,379.07999,379.1301,83089
2026-04-08 14:06,379.01501,379.48999,378.85001,379.42001,75290
2026-04-08 14:07,378.89499,379.10001,378.60001,379.06,52992
2026-04-08 14:08,378.62,378.98999,378.29999,378.88,70489
2026-04-08 14:09,378.70001,378.82001,378.51001,378.60999,70846
2026-04-08 14:10,379.10001,379.39001,378.73999,378.73999,66203
2026-04-08 14:11,379.1745,379.19,378.80011,379.07999,53669
2026-04-08 14:12,379.035,379.3194,378.94501,379.17001,48185
2026-04-08 14:13,379.245,379.31,379.01001,379.03,46721
2026-04-08 14:14,378.57999,379.23999,378.54001,379.23999,82694
2026-04-08 14:15,378.91,379.04001,378.595,378.60001,47402
2026-04-08 14:16,379.04001,379.04001,378.70001,378.92999,50682
2026-04-08 14:17,379.28851,379.39999,379.01001,379.01999,54307
2026-04-08 14:18,379.01999,379.54999,379.0,379.28989,75664
2026-04-08 14:19,379.11499,379.20999,378.79999,379.035,54500
2026-04-08 14:20,379.17001,379.42999,379.07999,379.10999,66586
2026-04-08 14:21,379.29001,379.42001,379.07999,379.19,58174
2026-04-08 14:22,379.08499,379.56,379.022,379.32001,49603
2026-04-08 14:23,378.78,379.10999,378.70999,379.06,55464
2026-04-08 14:24,378.96552,379.03,378.57999,378.79001,63149
2026-04-08 14:25,378.92999,379.26999,378.84,378.97501,67105
2026-04-08 14:26,378.60501,378.98999,378.43079,378.92999,122129
2026-04-08 14:27,378.90121,378.965,378.42001,378.60501,105951
2026-04-08 14:28,379.13,379.20999,378.755,378.92999,73315
2026-04-08 14:29,378.69501,379.26999,378.60001,379.12,87035
2026-04-08 14:30,379.185,379.22,378.69501,378.70999,59060
2026-04-08 14:31,378.98999,379.29999,378.84,379.23999,69587
2026-04-08 14:32,378.79001,379.14001,378.75,379.01001,48098
2026-04-08 14:33,379.22501,379.29001,378.75009,378.78,48934
2026-04-08 14:34,378.91,379.35001,378.87769,379.22501,57201
2026-04-08 14:35,378.39001,379.03,378.29999,378.92999,131438
2026-04-08 14:36,378.56,378.67001,378.35999,378.42001,67811
2026-04-08 14:37,378.73001,378.92999,378.61499,378.62,68608
2026-04-08 14:38,378.80499,378.92999,378.62,378.76999,69373
2026-04-08 14:39,379.07001,379.10001,378.76001,378.815,54346
2026-04-08 14:40,378.97,379.3093,378.89499,379.09,59437
2026-04-08 14:41,378.84,379.10001,378.75,379.00891,55307
2026-04-08 14:42,379.22501,379.26501,378.53851,378.81,81610
2026-04-08 14:43,378.97,379.41989,378.92001,379.22501,54297
2026-04-08 14:44,378.84,379.05499,378.75,378.98001,67198
2026-04-08 14:45,378.92001,379.04999,378.77499,378.82999,52056
2026-04-08 14:46,378.81,379.10999,378.78751,378.92001,39872
2026-04-08 14:47,378.60501,378.82999,378.32999,378.80499,81271
2026-04-08 14:48,378.42499,378.89999,378.41,378.59549,108869
2026-04-08 14:49,378.14999,378.64999,378.116,378.45999,93113
2026-04-08 14:50,378.33841,378.405,378.05011,378.14481,83887
2026-04-08 14:51,377.95999,378.60001,377.87,378.35001,132867
2026-04-08 14:52,378.12,378.14001,377.72,377.92001,95076
2026-04-08 14:53,377.86319,378.20001,377.79999,378.13501,53658
2026-04-08 14:54,377.82999,378.10001,377.76001,377.82999,35751
2026-04-08 14:55,377.54999,377.78,377.4538,377.78,56304
2026-04-08 14:56,377.16,377.6199,376.95001,377.57001,120190
2026-04-08 14:57,377.76501,377.82001,377.15091,377.17999,94289
2026-04-08 14:58,378.1322,378.14001,377.79001,377.79999,58952
2026-04-08 14:59,378.20999,378.42499,378.13,378.16,52165
2026-04-08 15:00,378.255,378.35999,378.15491,378.23999,39087
2026-04-08 15:01,378.33899,378.47,378.1601,378.28,37285
2026-04-08 15:02,378.41,378.465,378.14999,378.30429,47472
2026-04-08 15:03,378.3699,378.57001,378.35001,378.39011,38101
2026-04-08 15:04,378.465,378.474,378.1825,378.32999,38207
2026-04-08 15:05,378.38,378.51001,378.36499,378.45001,33691
2026-04-08 15:06,378.03,378.37,377.98999,378.35999,77559
2026-04-08 15:07,378.14001,378.14999,377.73999,378.03,60834
2026-04-08 15:08,378.09,378.125,377.97,378.125,32189
2026-04-08 15:09,377.74319,378.13,377.69,378.10001,50404
2026-04-08 15:10,377.87,377.91,377.57999,377.76001,31506
2026-04-08 15:11,377.85501,378.09991,377.72,377.83789,40731
2026-04-08 15:12,377.79831,377.89999,377.54501,377.85501,42600
2026-04-08 15:13,377.77979,377.97,377.67999,377.79999,52741
2026-04-08 15:14,377.76971,377.79001,377.53,377.73499,32388
2026-04-08 15:15,377.67001,377.75201,377.54999,377.75201,24151
2026-04-08 15:16,377.655,377.73001,377.5575,377.64999,32482
2026-04-08 15:17,377.23999,377.67999,377.17999,377.63,39553
2026-04-08 15:18,377.2316,377.29999,376.98999,377.25,64186
2026-04-08 15:19,377.42999,377.45001,377.19009,377.25,32107
2026-04-08 15:20,377.42999,377.48001,377.35501,377.435,38242
2026-04-08 15:21,377.47,377.5,377.26999,377.444,35630
2026-04-08 15:22,377.50009,377.62,377.36011,377.47,48589
2026-04-08 15:23,377.44601,377.54001,377.35999,377.51999,34121
2026-04-08 15:24,377.45999,377.51001,377.28,377.39001,47733
2026-04-08 15:25,377.535,377.69,377.42001,377.48001,51620
2026-04-08 15:26,377.60501,377.62,377.35001,377.51001,25595
2026-04-08 15:27,377.5517,377.74991,377.54999,377.64499,30457
2026-04-08 15:28,377.60999,377.60999,377.45999,377.56229,29702
2026-04-08 15:29,377.42999,377.58499,377.32001,377.57999,51914
2026-04-08 15:30,377.54001,377.60001,377.38,377.48001,39675
2026-04-08 15:31,377.23001,377.63501,377.17999,377.54419,48618
2026-04-08 15:32,377.71011,377.81,377.10999,377.215,56877
2026-04-08 15:33,377.76999,377.92001,377.66,377.72501,35561
2026-04-08 15:34,377.98599,378.0,377.75,377.79001,47673
2026-04-08 15:35,377.965,378.10501,377.9234,377.98001,27655
2026-04-08 15:36,378.13,378.19,377.85831,377.95001,52269
2026-04-08 15:37,378.09,378.17999,377.88,378.14001,31123
2026-04-08 15:38,378.04999,378.10999,377.905,378.09,37203
2026-04-08 15:39,377.92001,378.07999,377.89999,378.065,36770
2026-04-08 15:40,377.82999,377.96991,377.72,377.89999,27813
2026-04-08 15:41,377.87979,377.88,377.69009,377.79999,33518
2026-04-08 15:42,377.91989,377.95001,377.76208,377.86499,23140
2026-04-08 15:43,378.13,378.17499,377.87,377.91,33942
2026-04-08 15:44,378.17001,378.17001,378.01001,378.10999,23713
2026-04-08 15:45,378.26401,378.35999,378.16,378.17001,44338
2026-04-08 15:46,378.45499,378.53,378.22,378.25,35152
2026-04-08 15:47,378.45001,378.60001,378.44,378.45499,42949
2026-04-08 15:48,378.47501,378.58499,378.39499,378.42999,26918
2026-04-08 15:49,378.57999,378.6199,378.44,378.5,31789
2026-04-08 15:50,378.315,378.64999,378.29999,378.565,40600
2026-04-08 15:51,378.10999,378.315,377.94,378.315,50510
2026-04-08 15:52,378.27451,378.32501,378.06,378.12,42012
2026-04-08 15:53,378.56711,378.646,378.28,378.28,23499
2026-04-08 15:54,378.3801,378.60999,378.35999,378.56,39497
2026-04-08 15:55,378.39001,378.44,378.35001,378.42499,20128
2026-04-08 15:56,378.5899,378.60001,378.38,378.39499,29642
2026-04-08 15:57,378.76999,378.78989,378.5401,378.57501,647065
2026-04-08 15:58,378.57501,378.79999,378.54001,378.79001,35969
2026-04-08 15:59,378.51999,378.54999,378.29001,378.54999,38397
2026-04-08 16:00,378.685,378.81,378.4501,378.51999,31174
2026-04-08 16:01,378.88821,378.90991,378.67999,378.70001,27275
2026-04-08 16:02,378.77499,378.845,378.72501,378.84,22931
2026-04-08 16:03,378.79501,379.0,378.75,378.77499,35625
2026-04-08 16:04,378.6951,378.8096,378.53,378.79999,38328
2026-04-08 16:05,378.85999,378.89999,378.67499,378.70001,27449
2026-04-08 16:06,378.81,378.92499,378.72,378.89001,33310
2026-04-08 16:07,378.73001,378.845,378.68011,378.82501,24279
2026-04-08 16:08,378.72,378.80521,378.69,378.76331,25439
2026-04-08 16:09,378.73001,378.85001,378.66,378.72,38766
2026-04-08 16:10,378.62,378.73999,378.57999,378.73999,27941
2026-04-08 16:11,378.57999,378.70499,378.4646,378.63501,25904
2026-04-08 16:12,378.45001,378.66,378.42999,378.59,42516
2026-04-08 16:13,378.51999,378.56989,378.31,378.47,40985
2026-04-08 16:14,378.34,378.62,378.34,378.54501,274592
2026-04-08 16:15,378.37,378.52161,378.29001,378.35501,23326
2026-04-08 16:16,378.6109,378.63989,378.35999,378.4097,17417
2026-04-08 16:17,378.44,378.64001,378.42001,378.60999,25428
2026-04-08 16:18,378.48999,378.57001,378.39999,378.44,21254
2026-04-08 16:19,378.33499,378.62,378.28,378.51001,39507
2026-04-08 16:20,378.14999,378.47,378.14999,378.32001,32753
2026-04-08 16:21,378.39111,378.53,378.16,378.17001,28940
2026-04-08 16:22,378.32001,378.39001,378.14001,378.39001,37108
2026-04-08 16:23,378.12,378.41,378.12,378.32001,17081
2026-04-08 16:24,377.98001,378.24438,377.97,378.125,28835
2026-04-08 16:25,377.745,378.01001,377.67499,377.98001,44580
2026-04-08 16:26,377.94,378.05991,377.72339,377.78,25819
2026-04-08 16:27,377.92999,378.02991,377.76001,377.94,27846
2026-04-08 16:28,378.10001,378.10001,377.88,377.91,128411
2026-04-08 16:29,378.03,378.19,377.94,378.10999,24263
2026-04-08 16:30,378.05499,378.1683,378.0,378.04001,28260
2026-04-08 16:31,377.9025,378.06,377.87,378.04999,28541
2026-04-08 16:32,378.07501,378.14001,377.89011,377.89011,28454
2026-04-08 16:33,378.07501,378.21939,378.03,378.07501,27015
2026-04-08 16:34,378.16721,378.18991,377.9101,378.07501,26778
2026-04-08 16:35,378.16501,378.26999,378.048,378.19,29505
2026-04-08 16:36,378.13,378.28,378.095,378.16501,274912
2026-04-08 16:37,378.17001,378.20001,378.01001,378.125,21964
2026-04-08 16:38,378.12009,378.32001,378.04001,378.19989,42356
2026-04-08 16:39,378.07001,378.14499,378.03,378.14499,17972
2026-04-08 16:40,378.31,378.35999,378.02551,378.03,24293
2026-04-08 16:41,378.52499,378.57001,378.28,378.33499,32804
2026-04-08 16:42,378.47,378.59,378.45001,378.535,27872
2026-04-08 16:43,378.45999,378.48001,378.34009,378.44,21379
2026-04-08 16:44,378.51001,378.64001,378.46011,378.48001,61923
2026-04-08 16:45,378.45001,378.60001,378.45001,378.48999,21649
2026-04-08 16:46,378.48499,378.51999,378.35999,378.44,24157
2026-04-08 16:47,378.285,378.51001,378.26999,378.48999,32930
2026-04-08 16:48,378.44501,378.48001,378.28,378.285,40247
2026-04-08 16:49,378.51501,378.60999,378.44501,378.44501,25535
2026-04-08 16:50,378.54999,378.57169,378.345,378.51001,29782
2026-04-08 16:51,378.26001,378.57001,378.22,378.54001,23081
2026-04-08 16:52,378.42001,378.44641,378.20999,378.258,29481
2026-04-08 16:53,378.42499,378.44,378.29999,378.42001,33371
2026-04-08 16:54,378.35001,378.44,378.26999,378.42999,27355
2026-04-08 16:55,378.54501,378.69,378.35999,378.35999,43099
2026-04-08 16:56,378.53,378.60999,378.47501,378.53,28737
2026-04-08 16:57,378.71509,378.79929,378.51999,378.51999,45682
2026-04-08 16:58,378.54001,378.70511,378.54001,378.70001,32433
2026-04-08 16:59,378.4584,378.60999,378.33011,378.54001,58969
2026-04-08 17:00,378.42001,378.47009,378.31,378.44571,45007
2026-04-08 17:01,378.68991,378.69,378.25009,378.39999,26810
2026-04-08 17:02,378.47,378.67999,378.45001,378.65009,32121
2026-04-08 17:03,378.375,378.51001,378.32501,378.47,17196
2026-04-08 17:04,378.375,378.39999,378.22009,378.37,25363
2026-04-08 17:05,378.45001,378.50989,378.32001,378.38,27770
2026-04-08 17:06,378.29001,378.45999,378.26999,378.45999,28348
2026-04-08 17:07,378.20999,378.29999,378.01001,378.284,38379
2026-04-08 17:08,378.06,378.26001,378.03,378.19,20741
2026-04-08 17:09,378.22,378.255,378.01001,378.07001,33812
2026-04-08 17:10,378.065,378.21991,378.065,378.20999,25274
2026-04-08 17:11,378.10001,378.13959,377.98001,378.08499,30302
2026-04-08 17:12,377.98001,378.17001,377.95001,378.10999,25553
2026-04-08 17:13,378.02499,378.09991,377.94,377.95001,18149
2026-04-08 17:14,377.89999,378.01999,377.88,378.01001,23007
2026-04-08 17:15,377.67999,378.0,377.67999,377.92001,31074
2026-04-08 17:16,377.53,377.68219,377.45999,377.67001,38341
2026-04-08 17:17,377.47,377.59,377.37,377.54001,28946
2026-04-08 17:18,377.32001,377.53,377.27011,377.5,31395
2026-04-08 17:19,377.41,377.41,377.22,377.32001,19900
2026-04-08 17:20,377.34,377.5,377.30499,377.41,28347
2026-04-08 17:21,377.29501,377.44,377.26001,377.36499,30866
2026-04-08 17:22,377.34381,377.38989,376.98001,377.285,49311
2026-04-08 17:23,377.29001,377.465,377.20001,377.3829,40972
2026-04-08 17:24,377.25,377.32001,377.22,377.285,33213
2026-04-08 17:25,377.12,377.27499,377.07999,377.27499,26615
2026-04-08 17:26,376.98001,377.13,376.84,377.13,50577
2026-04-08 17:27,376.6647,376.98999,376.48999,376.98999,63770
2026-04-08 17:28,376.7851,376.97,376.62,376.62,62750
2026-04-08 17:29,376.76001,376.89001,376.70999,376.79501,35325
2026-04-08 17:30,376.64999,376.95999,376.64999,376.76001,37906
2026-04-08 17:31,376.66,376.85001,376.62,376.67001,40123
2026-04-08 17:32,376.67001,376.80499,376.60999,376.70001,69477
2026-04-08 17:33,376.54001,376.7092,376.5,376.65451,36974
2026-04-08 17:34,376.62,376.64001,376.45999,376.52499,43588
2026-04-08 17:35,376.47,376.7052,376.47,376.61499,42893
2026-04-08 17:36,376.64001,376.70999,376.4791,376.48001,33402
2026-04-08 17:37,376.29001,376.66,376.13,376.64001,64017
2026-04-08 17:38,376.19019,376.48001,376.185,376.3299,40223
2026-04-08 17:39,376.17001,376.31,376.11499,376.23999,38097
2026-04-08 17:40,376.04501,376.20999,375.89999,376.20001,61227
2026-04-08 17:41,375.67911,376.06,375.60001,376.04501,106408
2026-04-08 17:42,375.57999,375.6904,375.45999,375.67999,48659
2026-04-08 17:43,375.31,375.60001,375.20999,375.57999,132263
2026-04-08 17:44,375.47501,375.5,375.10999,375.32999,66457
2026-04-08 17:45,375.92499,375.95999,375.45999,375.47501,90595
2026-04-08 17:46,375.595,376.03,375.56,375.92999,62878
2026-04-08 17:47,375.44501,375.64999,375.39001,375.56,44339
2026-04-08 17:48,375.55499,375.73999,375.41,375.42999,33125
2026-04-08 17:49,375.37,375.70999,375.32001,375.51999,33650
2026-04-08 17:50,375.37,375.42001,375.14999,375.39001,37104
2026-04-08 17:51,375.54999,375.64001,375.35501,375.35501,51592
2026-04-08 17:52,375.815,375.8298,375.53,375.565,30709
2026-04-08 17:53,375.76001,375.94,375.76001,375.82001,42523
2026-04-08 17:54,375.76001,375.91,375.73001,375.76001,28672
2026-04-08 17:55,375.57999,375.85501,375.57999,375.75,45137
2026-04-08 17:56,375.72,375.76001,375.5,375.60999,45092
2026-04-08 17:57,375.64999,375.73999,375.60001,375.72281,30671
2026-04-08 17:58,375.67999,375.78,375.62,375.67001,27869
2026-04-08 17:59,375.76501,375.79999,375.52499,375.69,27801
2026-04-08 18:00,375.75,375.79999,375.5,375.76999,39914
2026-04-08 18:01,376.16,376.19,375.70001,375.75,56657
2026-04-08 18:02,376.04999,376.22,375.97501,376.15051,57252
2026-04-08 18:03,376.078,376.07999,375.98001,376.04999,22871
2026-04-08 18:04,376.10999,376.14999,376.0,376.06,35245
2026-04-08 18:05,376.1431,376.20999,376.04999,376.11099,90181
2026-04-08 18:06,376.10999,376.19989,376.04001,376.14999,41067
2026-04-08 18:07,376.13,376.20499,376.04999,376.146,27058
2026-04-08 18:08,376.01999,376.12,375.85999,376.12,37730
2026-04-08 18:09,375.89999,376.0,375.88,375.98999,23051
2026-04-08 18:10,375.95999,375.98001,375.82999,375.91,28751
2026-04-08 18:11,375.82999,376.0,375.75,375.98001,40289
2026-04-08 18:12,375.79001,375.92001,375.785,375.82501,23250
2026-04-08 18:13,375.72,375.79001,375.56009,375.79001,34554
2026-04-08 18:14,375.35001,375.73001,375.32999,375.70999,57148
2026-04-08 18:15,375.42001,375.48999,375.25,375.35001,95822
2026-04-08 18:16,375.26999,375.34,375.1936,375.34,43950
2026-04-08 18:17,375.04501,375.37,374.92999,375.26001,152245
2026-04-08 18:18,374.34,375.09,374.10001,375.09,88806
2026-04-08 18:19,374.10941,374.32001,373.88,374.32001,87996
2026-04-08 18:20,374.08499,374.353,374.0,374.06,67762
2026-04-08 18:21,374.29999,374.29999,374.04501,374.07001,50408
2026-04-08 18:22,374.17999,374.60999,374.13,374.25,42202
2026-04-08 18:23,374.39999,374.5694,374.20001,374.20001,37329
2026-04-08 18:24,374.39999,374.5,374.35001,374.39499,33571
2026-04-08 18:25,374.12,374.44,374.04001,374.37,42702
2026-04-08 18:26,374.23499,374.26001,374.10001,374.11499,39683
2026-04-08 18:27,374.13,374.25,374.07999,374.20001,54888
2026-04-08 18:28,374.41501,374.44,374.07001,374.10001,45757
2026-04-08 18:29,374.39999,374.53,374.35999,374.39499,42579
2026-04-08 18:30,374.25,374.5,374.25,374.39999,56558
2026-04-08 18:31,374.0,374.37,374.0,374.26999,52047
2026-04-08 18:32,373.82001,374.02499,373.78,374.0,57028
2026-04-08 18:33,373.82999,373.82999,373.66,373.82001,49331
2026-04-08 18:34,373.95499,374.07001,373.7988,373.82999,42614
2026-04-08 18:35,373.92001,374.04999,373.85001,373.95499,41724
2026-04-08 18:36,374.1488,374.19,373.92001,373.96661,37805
2026-04-08 18:37,373.85001,374.20999,373.81,374.12479,57593
2026-04-08 18:38,373.83499,373.89999,373.81,373.82001,30127
2026-04-08 18:39,373.85001,373.89001,373.76001,373.8317,35102
2026-04-08 18:40,373.54999,373.89001,373.48999,373.85501,35392
2026-04-08 18:41,373.54929,373.62,373.38,373.5275,38660
2026-04-08 18:42,373.54001,373.67999,373.51999,373.57999,35947
2026-04-08 18:43,373.29001,373.57001,373.29001,373.54001,49818
2026-04-08 18:44,373.20001,373.42999,373.15149,373.31,68766
2026-04-08 18:45,373.20999,373.29999,373.05011,373.20389,75939
2026-04-08 18:46,373.26001,373.31,373.17999,373.20499,31784
2026-04-08 18:47,373.25781,373.43121,373.20999,373.25009,39628
2026-04-08 18:48,373.065,373.29041,372.94,373.25,66211
2026-04-08 18:49,372.97,373.09,372.88,373.07999,41323
2026-04-08 18:50,373.1077,373.1601,372.85999,372.95999,53933
2026-04-08 18:51,372.64899,373.12,372.54999,373.10001,91420
2026-04-08 18:52,372.51501,372.70639,372.5,372.6799,105515
2026-04-08 18:53,372.48499,372.63,372.48001,372.54001,45879
2026-04-08 18:54,372.69,372.7099,372.45999,372.47,54129
2026-04-08 18:55,372.45001,372.67001,372.42999,372.66,61833
2026-04-08 18:56,372.345,372.4599,372.29001,372.44501,70527
2026-04-08 18:57,372.39999,372.44,372.29999,372.32999,45770
2026-04-08 18:58,372.35999,372.54999,372.28,372.39001,61184
2026-04-08 18:59,372.32999,372.41989,372.12,372.35999,67530
2026-04-08 19:00,372.35501,372.5199,372.255,372.31,54405
2026-04-08 19:01,372.44958,372.51999,372.17499,372.35001,59531
2026-04-08 19:02,372.375,372.69,372.35001,372.45059,50644
2026-04-08 19:03,372.51001,372.64499,372.35999,372.38,35035
2026-04-08 19:04,372.495,372.57001,372.41,372.5,29576
2026-04-08 19:05,372.23001,372.48999,372.12,372.48001,70209
2026-04-08 19:06,372.375,372.375,372.10001,372.20999,60916
2026-04-08 19:07,372.57999,372.60001,372.30231,372.36011,60294
2026-04-08 19:08,372.32001,372.67001,372.32001,372.58939,57803
2026-04-08 19:09,372.16,372.41,372.11499,372.32001,69192
2026-04-08 19:10,372.35501,372.35999,371.91,372.17499,123395
2026-04-08 19:11,372.44,372.59,372.32999,372.32999,73697
2026-04-08 19:12,372.38,372.44,372.14999,372.42999,73199
2026-04-08 19:13,372.48001,372.53,372.3302,372.36499,53605
2026-04-08 19:14,372.543,372.57999,372.29001,372.48999,71336
2026-04-08 19:15,372.39001,372.56,372.35001,372.54001,56439
2026-04-08 19:16,372.27499,372.39999,372.14001,372.39001,68211
2026-04-08 19:17,372.23999,372.29999,372.12,372.26001,71515
2026-04-08 19:18,372.14001,372.20999,372.0,372.20001,63767
2026-04-08 19:19,371.96799,372.20001,371.88,372.12399,74344
2026-04-08 19:20,371.66,371.95999,371.64001,371.95999,90778
2026-04-08 19:21,371.61499,371.73001,371.45129,371.67001,63465
2026-04-08 19:22,371.73999,371.81,371.5,371.62,83737
2026-04-08 19:23,371.78,371.79999,371.51999,371.73499,64687
2026-04-08 19:24,371.89001,372.08499,371.72989,371.7598,64748
2026-04-08 19:25,371.91,372.13,371.84009,371.89999,62147
2026-04-08 19:26,371.73499,371.9122,371.72,371.9122,53962
2026-04-08 19:27,371.63989,371.76999,371.60001,371.73499,51570
2026-04-08 19:28,371.45999,371.785,371.45001,371.62,90906
2026-04-08 19:29,371.47,371.64001,371.41,371.45999,66948
2026-04-08 19:30,371.79001,371.97,371.42999,371.45001,66489
2026-04-08 19:31,371.70001,371.87,371.63849,371.79001,57726
2026-04-08 19:32,371.76001,371.79001,371.60001,371.67999,64913
2026-04-08 19:33,371.64011,371.78,371.56,371.75,50577
2026-04-08 19:34,372.10001,372.14999,371.58499,371.64001,60005
2026-04-08 19:35,372.06,372.23999,372.01001,372.07999,90098
2026-04-08 19:36,372.07999,372.26999,372.03769,372.04001,55624
2026-04-08 19:37,372.19,372.23999,372.04001,372.07001,86306
2026-04-08 19:38,372.02499,372.26999,372.0,372.19,62804
2026-04-08 19:39,372.32001,372.37,372.03,372.04999,55438
2026-04-08 19:40,372.13,372.36859,372.09,372.33939,106902
2026-04-08 19:41,371.76001,372.12,371.66,372.12,96702
2026-04-08 19:42,372.185,372.20001,371.75491,371.76999,70139
2026-04-08 19:43,372.38501,372.39999,372.17999,372.19,76711
2026-04-08 19:44,372.23001,372.51999,372.20999,372.42999,77070
2026-04-08 19:45,372.39999,372.57501,372.17999,372.22,129667
2026-04-08 19:46,372.42001,372.685,372.29999,372.39001,74940
2026-04-08 19:47,372.72,372.73999,372.39999,372.42999,80735
2026-04-08 19:48,372.60999,372.82001,372.57001,372.73001,61929
2026-04-08 19:49,372.79001,372.79001,372.56,372.60999,71274
2026-04-08 19:50,373.26501,373.70999,372.79001,372.79001,155745
2026-04-08 19:51,373.16,373.28,373.09009,373.26999,85421
2026-04-08 19:52,373.17001,373.19,373.10999,373.17001,110622
2026-04-08 19:53,373.29001,373.39999,373.12,373.14999,116030
2026-04-08 19:54,373.54001,373.54999,373.13,373.28,140699
2026-04-08 19:55,373.61499,373.98999,373.54999,373.54999,216971
2026-04-08 19:56,373.70001,373.92001,373.60001,373.60999,184616
2026-04-08 19:57,374.0,374.02499,373.66,373.70999,239046
2026-04-08 19:58,374.07501,374.13,373.89999,374.0,310701
2026-04-08 19:59,374.29999,374.45001,373.965,374.07999,641529
2026-04-09 13:30,371.35001,372.95999,370.87,372.5,1369780
2026-04-09 13:31,370.39999,371.44989,370.23999,371.31,90435
2026-04-09 13:32,369.27499,370.51999,369.26999,370.35999,201485
2026-04-09 13:33,369.60999,369.86801,369.12,369.23001,103148
2026-04-09 13:34,369.14999,369.63989,369.07999,369.60001,106232
2026-04-09 13:35,368.51001,369.17999,368.31,369.17999,135496
2026-04-09 13:36,369.14999,369.19501,368.45999,368.5,117269
2026-04-09 13:37,368.98999,369.60001,368.91,369.1752,127111
2026-04-09 13:38,369.04999,369.30991,368.81,368.89001,107582
2026-04-09 13:39,369.02499,369.17999,368.75,369.03149,84298
2026-04-09 13:40,368.70999,369.04001,368.51001,369.0015,122129
2026-04-09 13:41,369.44,369.54999,368.67999,368.67999,112626
2026-04-09 13:42,369.34009,369.55991,369.0,369.45001,147610
2026-04-09 13:43,369.66,369.76001,369.2204,369.32001,111105
2026-04-09 13:44,369.785,369.84,369.33011,369.63,115859
2026-04-09 13:45,369.73999,369.98001,369.54999,369.82001,104905
2026-04-09 13:46,369.92001,370.1001,369.69931,369.76001,105257
2026-04-09 13:47,369.76999,370.09341,369.62,369.87,81265
2026-04-09 13:48,369.67499,370.0,369.5,369.78,73269
2026-04-09 13:49,369.66,369.76001,369.39999,369.67999,194802
2026-04-09 13:50,368.63,369.6199,368.57999,369.6199,89889
2026-04-09 13:51,368.63989,368.69,368.17001,368.63501,126621
2026-04-09 13:52,368.4451,368.79001,368.39999,368.595,59997
2026-04-09 13:53,368.215,368.42001,368.0,368.41,129922
2026-04-09 13:54,367.70001,368.31,367.70001,368.21509,127245
2026-04-09 13:55,367.89999,368.01001,367.67999,367.67999,87015
2026-04-09 13:56,367.98001,368.07001,367.64011,367.89999,138221
2026-04-09 13:57,368.07999,368.23999,367.92001,367.99539,111815
2026-04-09 13:58,367.91501,368.1199,367.89999,368.07001,57271
2026-04-09 13:59,368.32999,368.3699,367.89999,367.9299,118059
2026-04-09 14:00,367.70999,368.38,367.66,368.35001,111407
2026-04-09 14:01,367.48001,367.7348,367.20001,367.69,126392
2026-04-09 14:02,367.745,367.79999,367.43399,367.43399,89891
2026-04-09 14:03,367.66,367.78,367.51001,367.73001,96174
2026-04-09 14:04,367.66501,367.76999,367.44,367.62,95358
2026-04-09 14:05,368.01999,368.07001,367.63,367.66501,127596
2026-04-09 14:06,368.095,368.20999,368.01001,368.01999,74881
2026-04-09 14:07,367.79001,368.13,367.70999,368.07501,90191
2026-04-09 14:08,367.62,367.81641,367.39999,367.76501,78260
2026-04-09 14:09,367.37149,367.79999,367.20001,367.59,113955
2026-04-09 14:10,367.82001,367.85999,367.04999,367.37,96830
2026-04-09 14:11,367.97,367.97,367.54999,367.84009,78446
2026-04-09 14:12,368.37,368.39999,367.8782,367.95999,97490
2026-04-09 14:13,368.42999,368.59,368.34,368.37,77430
2026-04-09 14:14,368.255,368.41,368.17001,368.41,64152
2026-04-09 14:15,368.07001,368.39001,368.04999,368.26001,54255
2026-04-09 14:16,368.14401,368.27011,367.95999,368.13,77708
2026-04-09 14:17,367.91,368.34,367.89001,368.14999,52621
2026-04-09 14:18,367.64999,367.89999,367.57999,367.89001,85176
2026-04-09 14:19,367.44501,367.79999,367.34,367.72,115535
2026-04-09 14:20,367.39499,367.5,367.22,367.45499,140570
2026-04-09 14:21,367.44,367.448,367.17999,367.42001,184641
2026-04-09 14:22,367.65509,367.65509,367.34,367.44,101255
2026-04-09 14:23,367.53,367.79999,367.47,367.655,68503
2026-04-09 14:24,367.76001,367.91,367.35001,367.52499,77160
2026-04-09 14:25,367.67499,367.79001,367.57001,367.73001,53917
2026-04-09 14:26,367.56,367.74451,367.5,367.66,47747
2026-04-09 14:27,367.3295,367.56,367.29999,367.55499,72528
2026-04-09 14:28,367.49881,367.49881,367.20001,367.32401,63101
2026-04-09 14:29,367.56,367.56,367.12,367.45001,67747
2026-04-09 14:30,367.60001,367.64999,367.35999,367.51999,85830
2026-04-09 14:31,367.66,367.72,367.53,367.60501,35264
2026-04-09 14:32,367.30389,367.77499,367.285,367.66,71757
2026-04-09 14:33,367.23199,367.39899,367.06,367.26999,73887
2026-04-09 14:34,367.36499,367.41501,367.17001,367.25,47276
2026-04-09 14:35,367.375,367.48001,367.20001,367.35999,58389
2026-04-09 14:36,367.79599,367.79599,367.39001,367.39001,43553
2026-04-09 14:37,367.73499,367.94,367.62,367.66501,54259
2026-04-09 14:38,367.60001,367.76361,367.47501,367.70999,49909
2026-04-09 14:39,367.70999,367.76001,367.57001,367.57001,36445
2026-04-09 14:40,367.53,367.73999,367.5,367.72,55442
2026-04-09 14:41,367.44501,367.59,367.37,367.57999,77307
2026-04-09 14:42,367.33499,367.5,367.19,367.47,48326
2026-04-09 14:43,367.44,367.48999,367.26001,367.33499,37887
2026-04-09 14:44,367.26999,367.47,367.07999,367.466,67020
2026-04-09 14:45,367.54501,367.66,367.22,367.25,78631
2026-04-09 14:46,367.245,367.56451,367.14999,367.54999,40653
2026-04-09 14:47,367.35001,367.51001,367.17499,367.22,60888
2026-04-09 14:48,367.29501,367.5,367.28,367.35501,83498
2026-04-09 14:49,367.26999,367.435,367.245,367.29501,37410
2026-04-09 14:50,367.5101,367.5101,367.13,367.26001,53536
2026-04-09 14:51,367.53,367.8595,367.48401,367.52499,74439
2026-04-09 14:52,367.45001,367.63,367.32999,367.51001,49626
2026-04-09 14:53,367.76001,367.79999,367.45999,367.48499,86089
2026-04-09 14:54,367.70499,367.7999,367.60001,367.78,54602
2026-04-09 14:55,367.76999,367.78,367.39999,367.72,65311
2026-04-09 14:56,367.82501,367.95001,367.64499,367.76001,45239
2026-04-09 14:57,367.95999,368.01999,367.78061,367.79001,73539
2026-04-09 14:58,367.91,368.0,367.82999,367.95999,64591
2026-04-09 14:59,368.13,368.13,367.94,367.95001,89122
2026-04-09 15:00,368.10001,368.29001,368.04001,368.13,73490
2026-04-09 15:01,368.17749,368.20001,368.0,368.07001,66888
2026-04-09 15:02,368.14001,368.32999,367.98999,368.16501,64474
2026-04-09 15:03,368.0,368.28,367.94,368.16849,69673
2026-04-09 15:04,368.05991,368.13,367.82001,368.0,60095
2026-04-09 15:05,367.89999,368.035,367.85999,368.035,43584
2026-04-09 15:06,367.82001,368.0,367.79001,367.89999,46307
2026-04-09 15:07,367.85001,367.98001,367.77121,367.79501,55330
2026-04-09 15:08,367.88,367.91,367.70001,367.82999,77036
2026-04-09 15:09,367.89999,368.0,367.79999,367.85001,45951
2026-04-09 15:10,367.92859,368.01001,367.8201,367.905,53239
2026-04-09 15:11,367.97,368.06,367.91,367.97,28339
2026-04-09 15:12,368.23001,368.2699,367.84,367.97,66992
2026-04-09 15:13,368.45499,368.48999,368.17001,368.20001,100567
2026-04-09 15:14,368.70499,368.73999,368.42001,368.45999,97243
2026-04-09 15:15,369.02499,369.10001,368.67001,368.715,78752
2026-04-09 15:16,369.01001,369.13,368.91,369.0,74545
2026-04-09 15:17,369.26999,369.26999,368.94501,369.0,84340
2026-04-09 15:18,369.35999,369.35999,369.13,369.23999,49981
2026-04-09 15:19,369.69,369.72,369.34,369.35001,70410
2026-04-09 15:20,369.72,369.86499,369.64999,369.69989,125266
2026-04-09 15:21,369.47,369.76001,369.39999,369.72501,47493
2026-04-09 15:22,369.54501,369.64999,369.39001,369.465,78710
2026-04-09 15:23,369.19,369.6199,369.16171,369.54501,68655
2026-04-09 15:24,369.3316,369.34,369.10001,369.16,66822
2026-04-09 15:25,369.37,369.375,369.16,369.32001,33544
2026-04-09 15:26,369.38,369.51999,369.29001,369.37,30731
2026-04-09 15:27,368.89999,369.32999,368.81,369.32999,49934
2026-04-09 15:28,369.08609,369.08609,368.89001,368.89401,31879
2026-04-09 15:29,368.87,369.10001,368.79999,369.09,38557
2026-04-09 15:30,368.59,368.88501,368.39999,368.88501,57168
2026-04-09 15:31,368.84,368.85999,368.60001,368.62,43385
2026-04-09 15:32,369.51999,369.79999,368.82001,368.845,79358
2026-04-09 15:33,369.63501,369.85999,369.44,369.51999,62887
2026-04-09 15:34,369.30231,369.67001,369.23999,369.60999,50772
2026-04-09 15:35,369.19659,369.405,369.13,369.29999,42726
2026-04-09 15:36,369.29001,369.35999,369.06,369.17999,52370
2026-04-09 15:37,369.10999,369.35501,368.95001,369.29001,60989
2026-04-09 15:38,368.81,369.14999,368.67999,369.10999,39911
2026-04-09 15:39,368.741,369.01999,368.72,368.79001,77386
2026-04-09 15:40,368.86499,368.92999,368.62,368.70001,76583
2026-04-09 15:41,369.06,369.0925,368.73999,368.85001,95807
2026-04-09 15:42,368.98001,369.17999,368.95001,369.06,32766
2026-04-09 15:43,369.23999,369.29999,368.97,369.01999,34035
2026-04-09 15:44,369.01999,369.32999,369.0,369.23001,38800
2026-04-09 15:45,369.13,369.20001,368.72009,369.03,52710
2026-04-09 15:46,369.32999,369.35001,369.13,369.13,28120
2026-04-09 15:47,369.67999,369.70001,369.29001,369.32999,46162
2026-04-09 15:48,369.94989,369.95001,369.67999,369.67999,70185
2026-04-09 15:49,369.62,369.95001,369.60001,369.92001,55070
2026-04-09 15:50,369.73001,369.75,369.53,369.55499,37707
2026-04-09 15:51,369.79001,369.95001,369.73001,369.73001,35427
2026-04-09 15:52,369.89001,370.03,369.76031,369.81,60264
2026-04-09 15:53,370.01001,370.07001,369.85001,369.91,45874
2026-04-09 15:54,370.13,370.14001,369.97,370.0,79596
2026-04-09 15:55,370.39001,370.45001,370.07001,370.10999,95915
2026-04-09 15:56,370.14169,370.4021,370.13,370.354,42777
2026-04-09 15:57,369.94,370.21259,369.92999,370.14999,63521
2026-04-09 15:58,370.04501,370.07999,369.87,369.92999,28498
2026-04-09 15:59,370.23999,370.26999,370.0,370.04501,73429
2026-04-09 16:00,370.53,370.53,370.16,370.23511,55982
2026-04-09 16:01,370.495,370.69,370.31659,370.565,55031
2026-04-09 16:02,370.75,370.91599,370.47,370.47,54368
2026-04-09 16:03,371.32001,371.32501,370.73999,370.75,63786
2026-04-09 16:04,371.27011,371.44,371.25,371.29599,51942
2026-04-09 16:05,371.08041,371.2767,371.07001,371.26999,48864
2026-04-09 16:06,371.10999,371.14001,370.97,371.09,45283
2026-04-09 16:07,371.39999,371.47501,371.10999,371.10999,43041
2026-04-09 16:08,371.565,371.57999,371.35001,371.405,47065
2026-04-09 16:09,371.57999,371.65991,371.5,371.5755,56221
2026-04-09 16:10,371.92999,371.95999,371.51999,371.58499,71368
2026-04-09 16:11,371.69,372.01001,371.60001,371.92499,91965
2026-04-09 16:12,371.5,371.73001,371.45001,371.685,39372
2026-04-09 16:13,371.34,371.5614,371.26999,371.48499,52861
2026-04-09 16:14,371.07501,371.35999,371.0401,371.35999,45676
2026-04-09 16:15,371.31,371.315,371.0,371.10001,53050
2026-04-09 16:16,371.53,371.57999,371.315,371.34,36064
2026-04-09 16:17,371.44,371.59,371.345,371.54999,43440
2026-04-09 16:18,371.53,371.53,371.37,371.44,26261
2026-04-09 16:19,371.612,371.68851,371.49011,371.53,30864
2026-04-09 16:20,371.51031,371.66,371.48001,371.60001,32985
2026-04-09 16:21,371.39001,371.54999,371.23001,371.54999,37877
2026-04-09 16:22,371.39499,371.45999,371.35001,371.39001,32258
2026-04-09 16:23,371.27499,371.48001,371.26999,371.37,26205
2026-04-09 16:24,371.26999,371.38,371.22,371.27499,43409
2026-04-09 16:25,371.155,371.26999,371.10001,371.26501,32948
2026-04-09 16:26,371.09,371.25989,371.04001,371.155,46403
2026-04-09 16:27,371.31,371.32999,371.06,371.095,28852
2026-04-09 16:28,371.23499,371.32999,371.17999,371.32001,27809
2026-04-09 16:29,371.31,371.39999,371.25,371.25,36109
2026-04-09 16:30,371.32999,371.35501,371.14001,371.29999,45053
2026-04-09 16:31,371.44,371.45999,371.28009,371.34,31334
2026-04-09 16:32,371.29501,371.52499,371.29501,371.47,54978
2026-04-09 16:33,371.39499,371.39999,371.04501,371.28,40625
2026-04-09 16:34,371.42001,371.5,371.32001,371.38,59399
2026-04-09 16:35,371.22,371.44,371.10001,371.405,44972
2026-04-09 16:36,371.14999,371.29999,371.10001,371.26999,37897
2026-04-09 16:37,371.26999,371.29999,371.06,371.19,31975
2026-04-09 16:38,371.29999,371.34,371.13,371.28,39987
2026-04-09 16:39,371.23001,371.29999,371.12,371.29999,27006
2026-04-09 16:40,371.25,371.37,371.19,371.23001,50691
2026-04-09 16:41,371.23001,371.31989,371.17999,371.26001,37336
2026-04-09 16:42,371.39001,371.44,371.18011,371.20999,23329
2026-04-09 16:43,371.42001,371.45999,371.29501,371.34,26530
2026-04-09 16:44,371.54001,371.55499,371.42001,371.42999,40929
2026-04-09 16:45,371.375,371.54001,371.29999,371.51999,38754
2026-04-09 16:46,371.45999,371.66,371.31,371.375,39598
2026-04-09 16:47,371.51001,371.54001,371.26999,371.42999,39522
2026-04-09 16:48,371.59,371.66,371.29001,371.51001,29718
2026-04-09 16:49,371.655,371.73001,371.48999,371.57999,26693
2026-04-09 16:50,371.92999,372.01001,371.6301,371.70001,44782
2026-04-09 16:51,372.14001,372.17001,371.89999,371.91,33223
2026-04-09 16:52,372.20499,372.29001,372.05011,372.14999,64962
2026-04-09 16:53,372.19,372.23001,372.0,372.22949,40322
2026-04-09 16:54,372.21011,372.29999,372.10001,372.17999,87044
2026-04-09 16:55,372.13,372.2767,372.12,372.23499,34990
2026-04-09 16:56,372.10001,372.1694,372.01999,372.14999,28371
2026-04-09 16:57,372.10999,372.17999,371.92999,372.07001,64112
2026-04-09 16:58,371.91,372.25,371.91,372.1015,57758
2026-04-09 16:59,371.96991,372.04959,371.845,371.91501,41869
2026-04-09 17:00,371.97,372.10999,371.84009,371.95499,29350
2026-04-09 17:01,372.06,372.16,371.94,371.97,75018
2026-04-09 17:02,371.94,372.06,371.89999,372.06,25255
2026-04-09 17:03,372.47,372.5,371.92999,371.94,45944
2026-04-09 17:04,372.35001,372.48001,372.26001,372.47,32882
2026-04-09 17:05,372.25989,372.54001,372.20001,372.37,37726
2026-04-09 17:06,372.6351,372.64999,372.23999,372.23999,39545
2026-04-09 17:07,372.60989,372.67999,372.54001,372.64001,39705
2026-04-09 17:08,372.79501,372.85001,372.60809,372.60809,49893
2026-04-09 17:09,372.65091,372.82999,372.57999,372.785,79203
2026-04-09 17:10,372.685,372.76001,372.53009,372.6698,33898
2026-04-09 17:11,372.91,372.91,372.57001,372.69,104989
2026-04-09 17:12,372.66501,372.91,372.64999,372.91,22455
2026-04-09 17:13,372.60001,372.75,372.60001,372.66,56076
2026-04-09 17:14,372.63,372.70999,372.44,372.59,63362
2026-04-09 17:15,372.69501,372.82999,372.59,372.62,61189
2026-04-09 17:16,372.57999,372.76999,372.4801,372.69501,32923
2026-04-09 17:17,372.595,372.66,372.47,372.56,22083
2026-04-09 17:18,372.66501,372.67999,372.53,372.60001,30714
2026-04-09 17:19,372.56,372.92999,372.54501,372.67999,69822
2026-04-09 17:20,372.54999,372.70001,372.54999,372.57501,31764
2026-04-09 17:21,372.47,372.59,372.35001,372.53,35544
2026-04-09 17:22,372.33899,372.505,372.29999,372.45001,39985
2026-04-09 17:23,372.54999,372.57001,372.31,372.35001,32008
2026-04-09 17:24,372.32999,372.54501,372.29999,372.54501,61069
2026-04-09 17:25,372.215,372.35001,372.06,372.32501,45985
2026-04-09 17:26,372.03,372.22681,371.92999,372.215,103475
2026-04-09 17:27,372.14499,372.17999,372.03,372.03,38419
2026-04-09 17:28,372.11749,372.22989,372.05051,372.16,25665
2026-04-09 17:29,371.875,372.14999,371.82001,372.14001,50973
2026-04-09 17:30,371.39999,371.88,371.31,371.87,50338
2026-04-09 17:31,371.2193,371.42999,371.19,371.38129,37378
2026-04-09 17:32,371.25601,371.32999,371.17001,371.23001,72880
2026-04-09 17:33,371.34,371.43991,371.20001,371.27499,62075
2026-04-09 17:34,371.27991,371.39001,371.19,371.32001,51855
2026-04-09 17:35,371.57001,371.66,371.22,371.25,116082
2026-04-09 17:36,371.995,372.04001,371.56,371.57999,63509
2026-04-09 17:37,371.98999,372.04999,371.89001,372.02011,54809
2026-04-09 17:38,372.11499,372.14999,371.78,372.03,61986
2026-04-09 17:39,372.20499,372.25989,372.09,372.11499,54026
2026-04-09 17:40,372.66,372.67999,372.20001,372.23001,39300
2026-04-09 17:41,372.68289,372.80991,372.63779,372.63779,41087
2026-04-09 17:42,372.60001,372.70001,372.48001,372.67999,29211
2026-04-09 17:43,372.33221,372.6499,372.32001,372.59,32381
2026-04-09 17:44,372.36609,372.375,372.10001,372.345,43939
2026-04-09 17:45,372.20001,372.47989,372.20001,372.39001,27624
2026-04-09 17:46,372.0545,372.23999,372.0,372.17999,38178
2026-04-09 17:47,372.23001,372.26959,372.04001,372.07999,45527
2026-04-09 17:48,372.255,372.42001,372.20001,372.27509,52335
2026-04-09 17:49,372.32501,372.42001,372.26999,372.3399,25957
2026-04-09 17:50,372.17499,372.32999,372.09009,372.32501,27208
2026-04-09 17:51,372.07401,372.20001,372.04999,372.17999,32818
2026-04-09 17:52,372.17001,372.29001,372.07001,372.07001,31926
2026-04-09 17:53,372.17001,372.42001,372.11151,372.16,44231
2026-04-09 17:54,372.26001,372.29001,372.10999,372.10999,20234
2026-04-09 17:55,372.035,372.29001,372.01001,372.27499,29734
2026-04-09 17:56,371.82501,372.01999,371.76999,372.01001,71211
2026-04-09 17:57,371.94501,372.06,371.81,371.84,42832
2026-04-09 17:58,371.82999,371.95499,371.82001,371.95001,21608
2026-04-09 17:59,371.88971,371.89001,371.76999,371.82999,45591
2026-04-09 18:00,371.85999,371.98001,371.82001,371.94,33353
2026-04-09 18:01,371.64001,371.87,371.64001,371.87,41856
2026-04-09 18:02,371.44,371.655,371.39001,371.63,65359
2026-04-09 18:03,371.03,371.59,371.0,371.45999,57423
2026-04-09 18:04,370.60999,371.06,370.60999,371.04001,97926
2026-04-09 18:05,370.95999,370.9899,370.63501,370.63501,57310
2026-04-09 18:06,370.875,370.98001,370.79001,370.95001,42312
2026-04-09 18:07,370.72,370.88,370.70001,370.85999,64327
2026-04-09 18:08,370.57001,370.78,370.4967,370.70001,59609
2026-04-09 18:09,370.45001,370.54999,370.35999,370.54999,39491
2026-04-09 18:10,370.48499,370.5329,370.32999,370.45001,38559
2026-04-09 18:11,370.6225,370.64999,370.4718,370.53,45378
2026-04-09 18:12,370.535,370.625,370.44501,370.60001,50014
2026-04-09 18:13,370.33511,370.63,370.31,370.51001,38158
2026-04-09 18:14,369.73499,370.32501,369.60001,370.31,162771
2026-04-09 18:15,369.47,369.78,369.44,369.72,50121
2026-04-09 18:16,369.64499,369.69989,369.39999,369.45499,69641
2026-04-09 18:17,369.62009,369.76999,369.57999,369.64001,49991
2026-04-09 18:18,369.48499,369.75,369.42001,369.64999,47489
2026-04-09 18:19,369.47,369.60999,369.44501,369.48749,36185
2026-04-09 18:20,369.56,369.56,369.33041,369.47501,51265
2026-04-09 18:21,369.54001,369.746,369.45001,369.55499,78480
2026-04-09 18:22,369.37,369.64999,369.33499,369.51999,86719
2026-04-09 18:23,368.90009,369.40329,368.89999,369.35999,91734
2026-04-09 18:24,369.125,369.2999,368.85001,368.90009,50080
2026-04-09 18:25,369.23999,369.32001,369.04999,369.125,58421
2026-04-09 18:26,369.155,369.29999,369.07999,369.23999,43186
2026-04-09 18:27,369.47,369.53,369.10999,369.17001,62093
2026-04-09 18:28,369.47,369.59,369.28,369.5,96034
2026-04-09 18:29,369.57001,369.59,369.28,369.44,54019
2026-04-09 18:30,369.51999,369.63,369.42001,369.58939,46488
2026-04-09 18:31,369.65869,369.66,369.48999,369.51999,36274
2026-04-09 18:32,369.75,369.85999,369.64999,369.67001,53996
2026-04-09 18:33,369.78171,369.82599,369.57999,369.74319,32420
2026-04-09 18:34,369.8999,369.98999,369.75,369.7612,37388
2026-04-09 18:35,369.85999,369.97339,369.815,369.88,27040
2026-04-09 18:36,369.92001,369.97,369.79001,369.87,26000
2026-04-09 18:37,370.06,370.10001,369.90009,369.92999,46216
2026-04-09 18:38,370.17499,370.22,370.04999,370.04999,41073
2026-04-09 18:39,370.39999,370.41,370.08499,370.14999,25266
2026-04-09 18:40,370.27499,370.44,370.27441,370.39999,28548
2026-04-09 18:41,370.3201,370.42999,370.26001,370.26349,27965
2026-04-09 18:42,370.38501,370.5,370.26001,370.32001,30191
2026-04-09 18:43,370.19,370.38501,370.06,370.38501,36483
2026-04-09 18:44,370.20999,370.26001,370.14999,370.17999,36423
2026-04-09 18:45,370.509,370.509,370.19,370.20999,25635
2026-04-09 18:46,370.35999,370.54001,370.3364,370.47,26229
2026-04-09 18:47,370.45001,370.5,370.26501,370.35001,28444
2026-04-09 18:48,370.47,370.54999,370.41501,370.47,38518
2026-04-09 18:49,370.53,370.53839,370.3201,370.478,30016
2026-04-09 18:50,370.35001,370.52499,370.31,370.51001,36931
2026-04-09 18:51,370.10001,370.38541,370.01999,370.34009,44821
2026-04-09 18:52,370.20001,370.23999,370.125,370.125,27761
2026-04-09 18:53,370.29001,370.39999,370.17999,370.20999,31243
2026-04-09 18:54,370.465,370.47,370.23001,370.29501,35101
2026-04-09 18:55,370.405,370.57001,370.37,370.465,37950
2026-04-09 18:56,370.5,370.54001,370.38,370.42001,21371
2026-04-09 18:57,370.33011,370.54001,370.33011,370.51999,33853
2026-04-09 18:58,370.41501,370.48001,370.29001,370.35999,31991
2026-04-09 18:59,370.48999,370.54001,370.41,370.42001,31367
2026-04-09 19:00,370.48001,370.59,370.35999,370.495,41603
2026-04-09 19:01,370.67371,370.69,370.48001,370.5,32851
2026-04-09 19:02,370.685,370.76999,370.51999,370.67499,49919
2026-04-09 19:03,370.76999,370.81,370.64999,370.685,36378
2026-04-09 19:04,370.69501,370.82001,370.67499,370.76001,36431
2026-04-09 19:05,370.7001,370.76001,370.57501,370.67999,62251
2026-04-09 19:06,370.51001,370.73001,370.5,370.70999,45422
2026-04-09 19:07,370.72501,370.76999,370.46381,370.53,26362
2026-04-09 19:08,370.82001,370.82001,370.63,370.745,23435
2026-04-09 19:09,371.09,371.12,370.78,370.82001,57104
2026-04-09 19:10,371.16199,371.17999,370.92999,371.095,45409
2026-04-09 19:11,371.13501,371.20999,371.12009,371.16501,32228
2026-04-09 19:12,371.1951,371.22,371.06049,371.13501,48850
2026-04-09 19:13,371.19501,371.2326,371.13,371.19501,35555
2026-04-09 19:14,371.42001,371.44,371.13,371.21799,36635
2026-04-09 19:15,371.42499,371.67999,371.39999,371.44,68030
2026-04-09 19:16,371.435,371.63,371.42499,371.45001,42794
2026-04-09 19:17,371.51001,371.51501,371.23001,371.42999,42154
2026-04-09 19:18,371.57001,371.64999,371.38,371.51999,47512
2026-04-09 19:19,371.60999,371.63,371.53,371.57001,33065
2026-04-09 19:20,371.87,372.0,371.60999,371.60999,97368
2026-04-09 19:21,371.82001,371.9491,371.76999,371.85999,56972
2026-04-09 19:22,371.95999,371.98001,371.76999,371.81,51539
2026-04-09 19:23,372.04999,372.07999,371.92001,371.97,70564
2026-04-09 19:24,371.9993,372.25,371.88501,372.04999,55393
2026-04-09 19:25,372.15829,372.23999,371.98999,371.98999,39368
2026-04-09 19:26,372.28,372.28,372.07999,372.155,54483
2026-04-09 19:27,372.35001,372.37,372.19,372.285,48275
2026-04-09 19:28,372.26999,372.39001,372.19,372.35501,61700
2026-04-09 19:29,372.26999,372.42999,372.20999,372.34,61332
2026-04-09 19:30,372.20001,372.32999,372.1601,372.26999,43060
2026-04-09 19:31,372.29999,372.35999,372.19,372.20001,47153
2026-04-09 19:32,372.37,372.54999,372.28561,372.31,71473
2026-04-09 19:33,372.45499,372.51501,372.34,372.38,83203
2026-04-09 19:34,372.5,372.5257,372.32999,372.45001,56744
2026-04-09 19:35,372.32999,372.52649,372.26599,372.48001,76608
2026-04-09 19:36,372.23001,372.34,372.20001,372.3201,57466
2026-04-09 19:37,372.44,372.45999,372.22,372.23999,66517
2026-04-09 19:38,372.35999,372.48999,372.33081,372.42999,49476
2026-04-09 19:39,372.38,372.38,372.23001,372.35999,57560
2026-04-09 19:40,372.42001,372.51001,372.29999,372.36011,69851
2026-04-09 19:41,372.185,372.465,372.01001,372.42001,70838
2026-04-09 19:42,372.25,372.28,372.03,372.19,59900
2026-04-09 19:43,372.37,372.41,372.25,372.25,34745
2026-04-09 19:44,372.56,372.62991,372.36499,372.36499,67726
2026-04-09 19:45,372.56,372.63,372.4101,372.54001,70645
2026-04-09 19:46,372.67001,372.67999,372.495,372.56,107535
2026-04-09 19:47,372.84,372.8699,372.64001,372.66501,87587
2026-04-09 19:48,372.97,373.01501,372.69,372.845,105718
2026-04-09 19:49,372.89001,373.0,372.73999,372.98499,62353
2026-04-09 19:50,373.1037,373.26001,372.87,372.89999,113092
2026-04-09 19:51,373.04001,373.17999,373.01999,373.09641,90157
2026-04-09 19:52,373.32001,373.38,373.03,373.035,106504
2026-04-09 19:53,373.185,373.35001,373.17999,373.32001,118786
2026-04-09 19:54,373.31,373.5,373.17001,373.19,137593
2026-04-09 19:55,373.06,373.42001,372.98999,373.31,121867
2026-04-09 19:56,373.14999,373.233,372.97821,373.06979,121683
2026-04-09 19:57,372.98999,373.14999,372.92001,373.14001,142395
2026-04-09 19:58,373.07501,373.07999,372.94501,372.98999,163942
2026-04-09 19:59,373.01001,373.26001,372.97,373.07501,457725
2026-04-10 13:30,372.60001,373.54999,371.63,372.89999,1113036
2026-04-10 13:31,374.26999,374.39001,372.565,372.565,97017
2026-04-10 13:32,374.88,374.92999,374.19559,374.21011,145434
2026-04-10 13:33,375.5,375.57001,374.62,374.7861,152728
2026-04-10 13:34,375.159,375.64001,375.02011,375.44,111837
2026-04-10 13:35,374.44,375.17001,374.26999,375.17001,100924
2026-04-10 13:36,374.215,375.035,373.94,374.42001,186338
2026-04-10 13:37,374.2301,374.435,373.97,374.14401,76243
2026-04-10 13:38,374.07001,374.20999,373.60001,374.155,86772
2026-04-10 13:39,374.49219,374.54999,373.92001,374.065,77967
2026-04-10 13:40,375.0,375.00821,374.41,374.51999,98073
2026-04-10 13:41,374.78,375.16,374.24661,374.95999,107471
2026-04-10 13:42,373.56,374.78,373.54999,374.73999,122374
2026-04-10 13:43,373.01501,373.62,373.0,373.54999,141737
2026-04-10 13:44,373.89001,374.0,373.04001,373.04001,122894
2026-04-10 13:45,373.965,374.3699,373.85999,373.89001,124683
2026-04-10 13:46,373.55359,373.94,373.39001,373.92999,80656
2026-04-10 13:47,373.41501,373.59,372.97,373.54001,278960
2026-04-10 13:48,373.1586,373.67999,372.95001,373.41501,133371
2026-04-10 13:49,372.57999,373.14999,372.48361,373.14499,252665
2026-04-10 13:50,371.655,372.64999,371.64001,372.61499,191112
2026-04-10 13:51,371.5,371.67999,371.10001,371.655,117795
2026-04-10 13:52,372.91501,373.16,371.5,371.5,192195
2026-04-10 13:53,372.785,373.09,372.63,372.91501,69298
2026-04-10 13:54,372.815,372.92001,372.55499,372.785,66989
2026-04-10 13:55,372.60999,372.92001,372.45001,372.87,77146
2026-04-10 13:56,372.543,372.85999,372.35001,372.64999,96592
2026-04-10 13:57,372.78,372.8284,372.47,372.57501,54489
2026-04-10 13:58,372.82001,372.92999,372.70001,372.79001,41305
2026-04-10 13:59,372.98099,373.10001,372.76001,372.85999,75936
2026-04-10 14:00,373.14221,373.26001,372.54001,372.89999,59290
2026-04-10 14:01,373.00009,373.32999,372.965,373.17499,62300
2026-04-10 14:02,372.91,373.29001,372.91,373.07999,75723
2026-04-10 14:03,372.39999,373.01999,372.39999,372.89999,60948
2026-04-10 14:04,372.35001,372.59,372.19501,372.39999,98514
2026-04-10 14:05,372.54999,372.67001,372.26001,372.35001,78181
2026-04-10 14:06,372.6499,372.73001,372.5,372.57999,57753
2026-04-10 14:07,372.19879,372.63,372.0,372.60001,93983
2026-04-10 14:08,371.995,372.32001,371.64999,372.16,73512
2026-04-10 14:09,372.20001,372.39999,371.9101,371.99469,71168
2026-04-10 14:10,372.26501,372.45999,372.12,372.23999,48042
2026-04-10 14:11,372.79001,372.85999,372.20001,372.26001,62051
2026-04-10 14:12,372.92999,373.01001,372.63,372.79001,62392
2026-04-10 14:13,373.64001,373.6799,372.91101,372.94,166753
2026-04-10 14:14,373.85999,373.85999,373.26111,373.64001,88606
2026-04-10 14:15,374.07999,374.07999,373.76999,373.83499,101995
2026-04-10 14:16,373.66959,374.11499,373.66,374.09,95002
2026-04-10 14:17,373.91,373.94,373.51999,373.60001,65087
2026-04-10 14:18,374.09,374.14999,373.83499,373.91,71350
2026-04-10 14:19,373.86292,374.10999,373.76071,374.0856,55319
2026-04-10 14:20,373.84509,373.92001,373.60001,373.88849,53714
2026-04-10 14:21,373.54999,373.85309,373.44,373.845,56165
2026-04-10 14:22,373.17999,373.60999,373.02328,373.59,56395
2026-04-10 14:23,373.49329,373.53,373.13,373.19958,42797
2026-04-10 14:24,373.64719,373.70999,373.49719,373.51999,36988
2026-04-10 14:25,373.62,373.65991,373.42001,373.60001,37206
2026-04-10 14:26,373.64001,373.772,373.5,373.64001,69365
2026-04-10 14:27,373.41,373.64001,373.17999,373.64001,37259
2026-04-10 14:28,373.29001,373.42999,373.23001,373.35999,55182
2026-04-10 14:29,372.95001,373.29999,372.88,373.29001,61562
2026-04-10 14:30,373.14011,373.26001,372.89999,372.97501,45892
2026-04-10 14:31,372.98499,373.32001,372.95999,373.18781,40151
2026-04-10 14:32,373.14999,373.5,372.935,373.0,64855
2026-04-10 14:33,373.30969,373.45001,372.98001,373.17001,53713
2026-04-10 14:34,373.23999,373.315,373.04999,373.29001,27994
2026-04-10 14:35,373.29001,373.42999,373.01001,373.23999,49909
2026-04-10 14:36,373.25,373.44,373.14001,373.255,64598
2026-04-10 14:37,373.44,373.45001,373.11011,373.26501,39985
2026-04-10 14:38,374.20001,374.20001,373.42859,373.42859,78255
2026-04-10 14:39,373.79999,374.29001,373.76001,374.17499,63150
2026-04-10 14:40,373.75,373.78,373.52011,373.76999,40971
2026-04-10 14:41,373.79999,374.03,373.745,373.745,46398
2026-04-10 14:42,373.35001,373.89999,373.23001,373.79999,47134
2026-04-10 14:43,373.20001,373.54001,373.17999,373.315,56712
2026-04-10 14:44,373.20499,373.35999,373.03,373.19,45013
2026-04-10 14:45,373.565,373.60001,373.20499,373.20499,40352
2026-04-10 14:46,373.26501,373.57001,373.17999,373.56,36350
2026-04-10 14:47,373.3027,373.47,373.10999,373.29001,42517
2026-04-10 14:48,373.17001,373.36649,372.89001,373.29999,63215
2026-04-10 14:49,372.73999,373.19,372.70001,373.16,56628
2026-04-10 14:50,372.62,372.89001,372.60001,372.79999,47020
2026-04-10 14:51,372.41501,372.67999,372.29001,372.67999,95083
2026-04-10 14:52,372.20999,372.5199,372.1203,372.44,62272
2026-04-10 14:53,371.90891,372.24991,371.89999,372.23001,106376
2026-04-10 14:54,371.94,372.01999,371.79999,371.89999,72604
2026-04-10 14:55,371.73001,372.0,371.66119,371.98001,81889
2026-04-10 14:56,372.07999,372.10001,371.73001,371.73001,65638
2026-04-10 14:57,372.19501,372.26999,371.98999,372.01999,52927
2026-04-10 14:58,372.29001,372.32999,372.12,372.18561,53141
2026-04-10 14:59,372.255,372.32999,372.09,372.25,72653
2026-04-10 15:00,372.17001,372.34,372.12,372.26001,60789
2026-04-10 15:01,372.29001,372.3262,372.16,372.16,45603
2026-04-10 15:02,372.52499,372.60999,372.28,372.29501,77063
2026-04-10 15:03,372.345,372.52499,372.29001,372.5,44021
2026-04-10 15:04,372.26501,372.48999,372.25,372.345,32347
2026-04-10 15:05,372.20499,372.32999,372.04999,372.26501,61909
2026-04-10 15:06,372.19501,372.29001,371.94501,372.20999,57052
2026-04-10 15:07,372.30841,372.32999,372.13501,372.19501,35507
2026-04-10 15:08,372.29001,372.37,372.1701,372.2941,44844
2026-04-10 15:09,372.23999,372.35999,372.10001,372.26999,60737
2026-04-10 15:10,372.45499,372.47989,372.22,372.25,52922
2026-04-10 15:11,372.88501,372.95999,372.42999,372.45999,59027
2026-04-10 15:12,372.73999,372.91,372.60999,372.89001,61843
2026-04-10 15:13,372.51001,372.85001,372.51001,372.70001,60804
2026-04-10 15:14,372.67999,372.78,372.51001,372.5477,61172
2026-04-10 15:15,372.66501,372.70001,372.5,372.655,47664
2026-04-10 15:16,372.58499,372.63501,372.42999,372.63501,45158
2026-04-10 15:17,372.73499,372.79001,372.5101,372.59,80237
2026-04-10 15:18,373.17999,373.17999,372.71011,372.73001,72436
2026-04-10 15:19,373.13,373.26001,373.04001,373.19,55237
2026-04-10 15:20,372.92001,373.17999,372.875,373.13,50352
2026-04-10 15:21,373.095,373.17001,372.89999,372.94,61989
2026-04-10 15:22,372.89999,373.13,372.69,373.06,42730
2026-04-10 15:23,372.66,372.91501,372.57001,372.91501,47124
2026-04-10 15:24,372.81201,372.98999,372.63,372.66,53558
2026-04-10 15:25,372.60999,372.79999,372.60001,372.79999,45029
2026-04-10 15:26,372.25,372.64001,372.1604,372.63989,53897
2026-04-10 15:27,372.37,372.3999,372.23001,372.25,41442
2026-04-10 15:28,372.47,372.47,372.23999,372.35999,40930
2026-04-10 15:29,372.17999,372.48999,372.10001,372.41,52531
2026-04-10 15:30,371.85001,372.23999,371.85001,372.17999,61126
2026-04-10 15:31,371.47089,371.92001,371.45999,371.84,117207
2026-04-10 15:32,371.26001,371.54999,371.20001,371.48999,78201
2026-04-10 15:33,371.01999,371.28641,370.91031,371.27499,128183
2026-04-10 15:34,371.14001,371.16,370.88,371.01001,70853
2026-04-10 15:35,371.14999,371.23001,371.06,371.12,58109
2026-04-10 15:36,371.35001,371.35501,371.00449,371.125,62207
2026-04-10 15:37,371.14999,371.38,371.01001,371.35001,57674
2026-04-10 15:38,371.14499,371.29999,371.10001,371.134,40211
2026-04-10 15:39,371.07001,371.29001,371.03,371.16,53528
2026-04-10 15:40,370.76001,371.14001,370.69,371.09,104227
2026-04-10 15:41,370.88,370.94,370.67999,370.745,88498
2026-04-10 15:42,370.72,371.06,370.63,370.87451,74121
2026-04-10 15:43,370.80499,370.85001,370.63,370.715,51167
2026-04-10 15:44,371.00531,371.07001,370.78,370.8103,47863
2026-04-10 15:45,370.97501,371.04501,370.79999,371.00421,42168
2026-04-10 15:46,370.95001,370.98499,370.82211,370.98001,37607
2026-04-10 15:47,370.77881,370.94,370.742,370.92999,35519
2026-04-10 15:48,370.23001,370.79001,370.20999,370.755,112270
2026-04-10 15:49,370.64499,370.64999,370.22,370.23499,90647
2026-04-10 15:50,370.63,370.72989,370.5368,370.66,44823
2026-04-10 15:51,370.67001,370.67001,370.45001,370.6412,47172
2026-04-10 15:52,370.51501,370.72,370.48001,370.67981,53947
2026-04-10 15:53,370.32999,370.5,370.285,370.48999,62031
2026-04-10 15:54,370.26999,370.54001,370.25,370.3201,46306
2026-04-10 15:55,370.41251,370.42999,370.1915,370.28,53360
2026-04-10 15:56,370.22,370.42001,370.14999,370.42001,52031
2026-04-10 15:57,370.29001,370.36499,370.16,370.23001,52703
2026-04-10 15:58,370.54999,370.67001,370.27011,370.27011,52159
2026-04-10 15:59,370.73999,370.73999,370.51001,370.59,49407
2026-04-10 16:00,370.73001,370.82999,370.64001,370.73999,52547
2026-04-10 16:01,370.53009,370.76001,370.5,370.75,62516
2026-04-10 16:02,370.70001,370.82999,370.53009,370.54001,50534
2026-04-10 16:03,370.7673,370.81,370.62,370.70001,43415
2026-04-10 16:04,370.82999,370.89999,370.67001,370.73001,34238
2026-04-10 16:05,371.12,371.19,370.82999,370.82999,50116
2026-04-10 16:06,371.17001,371.19,371.05011,371.12759,40582
2026-04-10 16:07,371.2211,371.23001,371.02011,371.14999,23998
2026-04-10 16:08,371.10999,371.23999,371.01999,371.23999,34170
2026-04-10 16:09,371.08499,371.17001,370.95999,371.10861,44238
2026-04-10 16:10,371.37,371.38,371.09,371.09,29115
2026-04-10 16:11,371.42999,371.48999,371.3139,371.38,31167
2026-04-10 16:12,371.54721,371.59,371.41,371.42999,32859
2026-04-10 16:13,371.87,371.94,371.54999,371.54999,46190
2026-04-10 16:14,371.75061,371.89999,371.73999,371.87,32621
2026-04-10 16:15,371.79001,371.84991,371.70001,371.75,38724
2026-04-10 16:16,371.89499,371.935,371.73999,371.76999,145945
2026-04-10 16:17,371.845,371.89999,371.7963,371.89001,43530
2026-04-10 16:18,372.0,372.09,371.79999,371.82999,43671
2026-04-10 16:19,371.97501,372.04999,371.89999,372.01001,36785
2026-04-10 16:20,371.73999,372.01001,371.70029,371.97501,30069
2026-04-10 16:21,371.97,371.98959,371.72,371.73999,29131
2026-04-10 16:22,372.14999,372.17999,371.82001,371.965,40732
2026-04-10 16:23,372.28439,372.28439,372.02011,372.10001,30111
2026-04-10 16:24,372.4032,372.41501,372.16,372.28,34257
2026-04-10 16:25,372.15009,372.42001,372.15009,372.41,31703
2026-04-10 16:26,372.11499,372.23999,372.10001,372.14999,33040
2026-04-10 16:27,372.16,372.1799,372.03,372.10001,22646
2026-04-10 16:28,372.25,372.29001,372.06,372.172,35516
2026-04-10 16:29,372.19,372.3299,372.16,372.24091,23914
2026-04-10 16:30,371.995,372.2399,371.95001,372.22,29400
2026-04-10 16:31,371.97,372.04001,371.80499,372.01501,131009
2026-04-10 16:32,371.85999,372.10999,371.84,371.95499,20228
2026-04-10 16:33,371.69501,371.90991,371.67999,371.85999,30273
2026-04-10 16:34,371.81,371.84,371.70001,371.715,27179
2026-04-10 16:35,371.51999,371.8399,371.5,371.82999,23834
2026-04-10 16:36,371.51001,371.53601,371.39999,371.5,29599
2026-04-10 16:37,371.59,371.64999,371.474,371.52991,32253
2026-04-10 16:38,371.39999,371.56,371.34,371.56,22996
2026-04-10 16:39,371.42001,371.48999,371.34,371.39999,26559
2026-04-10 16:40,371.2001,371.42999,371.19,371.41,33389
2026-04-10 16:41,371.13,371.22,371.01999,371.20001,41221
2026-04-10 16:42,371.12,371.25,371.12,371.14999,18000
2026-04-10 16:43,371.04999,371.17999,371.04999,371.13,23714
2026-04-10 16:44,371.04999,371.14499,370.92001,371.06,45628
2026-04-10 16:45,371.01999,371.19989,370.95001,371.06989,54823
2026-04-10 16:46,371.16,371.17001,370.94,371.03,26060
2026-04-10 16:47,371.05499,371.2999,370.98999,371.15009,32637
2026-04-10 16:48,371.07999,371.10999,370.97009,371.04999,24890
2026-04-10 16:49,371.03,371.06,370.89999,371.04999,31427
2026-04-10 16:50,371.0899,371.18991,371.01501,371.01511,36596
2026-04-10 16:51,370.965,371.10001,370.92999,371.07501,60234
2026-04-10 16:52,371.155,371.17999,370.98001,370.98001,27400
2026-04-10 16:53,371.38,371.465,371.13,371.155,52077
2026-04-10 16:54,371.35999,371.39001,371.20999,371.375,33766
2026-04-10 16:55,371.29999,371.38989,371.26501,371.37,26466
2026-04-10 16:56,371.285,371.31,371.17999,371.31,17770
2026-04-10 16:57,371.42001,371.42001,371.23999,371.29959,17851
2026-04-10 16:58,371.38,371.48639,371.35999,371.405,23530
2026-04-10 16:59,371.4101,371.45999,371.32501,371.39001,26457
2026-04-10 17:00,371.45999,371.48001,371.32501,371.439,19794
2026-04-10 17:01,371.35001,371.51001,371.30399,371.45599,32264
2026-04-10 17:02,371.30499,371.35361,371.20001,371.35361,31804
2026-04-10 17:03,371.42999,371.48001,371.25009,371.28,22888
2026-04-10 17:04,371.26501,371.44989,371.25,371.44989,18329
2026-04-10 17:05,371.065,371.29001,371.06,371.26501,24050
2026-04-10 17:06,371.04001,371.07999,370.965,371.06,32286
2026-04-10 17:07,371.07001,371.07001,370.9501,371.04001,21074
2026-04-10 17:08,371.16,371.26999,371.07001,371.07001,23698
2026-04-10 17:09,371.23181,371.34991,371.16,371.16,28553
2026-04-10 17:10,371.07999,371.25,371.07999,371.25,18211
2026-04-10 17:11,371.19501,371.22501,371.04001,371.04001,28543
2026-04-10 17:12,371.37,371.48001,371.17001,371.18631,26378
2026-04-10 17:13,371.29999,371.42999,371.28,371.4086,17184
2026-04-10 17:14,371.35001,371.36499,371.25,371.2999,22849
2026-04-10 17:15,371.1601,371.465,371.06,371.37,53268
2026-04-10 17:16,371.375,371.42001,371.12,371.17999,48280
2026-04-10 17:17,371.215,371.47,371.215,371.375,28755
2026-04-10 17:18,371.40009,371.43271,371.10999,371.17999,41335
2026-04-10 17:19,371.13501,371.45999,371.04999,371.45001,0
2026-04-10 17:20,371.16,371.16,371.04001,371.1257,21162
2026-04-10 17:21,371.14499,371.26999,371.13,371.14471,22281
2026-04-10 17:22,370.9899,371.17001,370.95999,371.14999,33360
2026-04-10 17:23,371.12,371.17001,370.97,370.98001,27449
2026-04-10 17:24,371.06,371.13989,371.04999,371.12,14775
2026-04-10 17:25,371.32779,371.36499,371.07501,371.07501,35703
2026-04-10 17:26,371.34,371.47,371.314,371.345,20987
2026-04-10 17:27,371.20999,371.38,371.18011,371.32999,17639
2026-04-10 17:28,371.08011,371.22,370.98999,371.20999,42085
2026-04-10 17:29,370.9201,371.10999,370.87201,371.07001,44507
2026-04-10 17:30,370.88501,370.89499,370.67999,370.89001,37053
2026-04-10 17:31,370.89001,370.97,370.87,370.905,29202
2026-04-10 17:32,371.10001,371.10999,370.84,370.8999,34688
2026-04-10 17:33,370.70001,371.09909,370.67499,371.09909,47581
2026-04-10 17:34,370.69,370.73001,370.51999,370.69,63220
2026-04-10 17:35,370.45001,370.67999,370.32001,370.67999,51395
2026-04-10 17:36,370.47501,370.51999,370.4101,370.45499,32129
2026-04-10 17:37,370.53,370.5499,370.38,370.45999,35805
2026-04-10 17:38,370.59,370.64001,370.4639,370.53,821537
2026-04-10 17:39,370.5799,370.6633,370.54999,370.59,45932
2026-04-10 17:40,370.48001,370.62,370.48001,370.586,39784
2026-04-10 17:41,370.35999,370.487,370.32999,370.487,29675
2026-04-10 17:42,370.56839,370.60001,370.34,370.37,57184
2026-04-10 17:43,370.66,370.73999,370.56,370.60001,37002
2026-04-10 17:44,371.02011,371.07999,370.54999,370.64001,60428
2026-04-10 17:45,370.88,371.04999,370.76999,371.01999,48723
2026-04-10 17:46,370.69501,371.0,370.64999,370.89999,25961
2026-04-10 17:47,370.6842,370.76501,370.57001,370.70999,35287
2026-04-10 17:48,370.5148,370.785,370.48999,370.69861,42391
2026-04-10 17:49,370.56949,370.62,370.44,370.5,27947
2026-04-10 17:50,370.69,370.73911,370.54501,370.54501,32491
2026-04-10 17:51,370.67001,370.73001,370.60999,370.69,24964
2026-04-10 17:52,370.78,370.79001,370.69,370.70001,17129
2026-04-10 17:53,370.79999,370.81,370.73001,370.73001,20260
2026-04-10 17:54,370.77499,370.85999,370.76001,370.79501,31290
2026-04-10 17:55,370.715,370.81,370.67111,370.76001,35587
2026-04-10 17:56,370.755,370.82999,370.70001,370.71259,21593
2026-04-10 17:57,370.845,370.85001,370.67001,370.75,23217
2026-04-10 17:58,370.89999,370.92001,370.8201,370.845,17216
2026-04-10 17:59,371.14011,371.14011,370.82001,370.91,26842
2026-04-10 18:00,370.94,371.20001,370.94,371.16,34864
2026-04-10 18:01,370.91,371.03,370.85999,370.94,29787
2026-04-10 18:02,370.70499,370.93439,370.67999,370.91,22910
2026-04-10 18:03,370.39999,370.70999,370.39001,370.70999,37836
2026-04-10 18:04,370.44,370.48001,370.32001,370.39999,34443
2026-04-10 18:05,370.23999,370.48999,370.20999,370.42999,46874
2026-04-10 18:06,370.10999,370.28851,370.10001,370.26001,70613
2026-04-10 18:07,370.14001,370.19,370.03,370.10999,61882
2026-04-10 18:08,370.31,370.31,370.07001,370.14001,41329
2026-04-10 18:09,370.362,370.41,370.31,370.33499,37510
2026-04-10 18:10,370.375,370.38501,370.26999,370.37,24218
2026-04-10 18:11,370.31,370.54001,370.30011,370.375,32762
2026-04-10 18:12,370.39001,370.41501,370.29999,370.30011,20316
2026-04-10 18:13,370.28,370.44501,370.28,370.39999,20987
2026-04-10 18:14,370.45511,370.48999,370.26999,370.28,53602
2026-04-10 18:15,370.51999,370.58499,370.405,370.45499,35728
2026-04-10 18:16,370.62,370.63,370.495,370.52979,29760
2026-04-10 18:17,370.67499,370.73999,370.56,370.62,24891
2026-04-10 18:18,370.60001,370.72,370.60001,370.67999,26727
2026-04-10 18:19,370.60501,370.6499,370.54001,370.58499,29734
2026-04-10 18:20,370.64999,370.67001,370.53,370.60001,29902
2026-04-10 18:21,370.76999,370.76999,370.62,370.64001,30438
2026-04-10 18:22,370.75,370.82001,370.73999,370.76999,34491
2026-04-10 18:23,370.72,370.84,370.7001,370.76001,22756
2026-04-10 18:24,370.64001,370.76999,370.60001,370.73001,30361
2026-04-10 18:25,370.51999,370.66,370.25,370.64999,78895
2026-04-10 18:26,370.22,370.60001,370.12,370.5,44704
2026-04-10 18:27,370.39001,370.39001,370.16,370.20001,36533
2026-04-10 18:28,370.42999,370.42999,370.25,370.39999,34944
2026-04-10 18:29,370.35999,370.42001,370.32001,370.39999,24148
2026-04-10 18:30,370.48999,370.51501,370.38,370.38,37741
2026-04-10 18:31,370.57001,370.60001,370.42999,370.51001,48253
2026-04-10 18:32,370.45999,370.57001,370.42999,370.56,24414
2026-04-10 18:33,370.28009,370.47,370.28009,370.45999,27933
2026-04-10 18:34,370.32999,370.39999,370.26999,370.35501,26791
2026-04-10 18:35,370.35999,370.41,370.28,370.32501,36546
2026-04-10 18:36,370.28,370.44,370.26999,370.35999,29231
2026-04-10 18:37,370.28,370.39999,370.26001,370.2865,29388
2026-04-10 18:38,370.31,370.38,370.26001,370.29001,24421
2026-04-10 18:39,370.2901,370.32001,370.23999,370.31,19809
2026-04-10 18:40,370.27499,370.34,370.26001,370.29001,20728
2026-04-10 18:41,370.22,370.26999,370.16019,370.26999,27905
2026-04-10 18:42,370.0965,370.26001,370.06,370.23001,40290
2026-04-10 18:43,370.17001,370.17999,370.07001,370.07999,33852
2026-04-10 18:44,370.35999,370.35999,370.17001,370.1897,42648
2026-04-10 18:45,370.35999,370.41,370.31,370.35019,27011
2026-04-10 18:46,370.25,370.39999,370.22,370.37,21530
2026-04-10 18:47,370.29001,370.29999,370.20441,370.25681,17925
2026-04-10 18:48,370.26001,370.28,370.22,370.28,20029
2026-04-10 18:49,370.31,370.39001,370.26501,370.28,23130
2026-04-10 18:50,370.37,370.42999,370.30011,370.328,26578
2026-04-10 18:51,370.3418,370.39999,370.26999,370.39001,25549
2026-04-10 18:52,370.57001,370.64999,370.35001,370.37,64912
2026-04-10 18:53,370.5817,370.63,370.56,370.58499,19263
2026-04-10 18:54,370.72,370.72,370.56,370.59,23600
2026-04-10 18:55,370.64999,370.78,370.625,370.70999,27784
2026-04-10 18:56,370.7272,370.73001,370.60999,370.67001,24968
2026-04-10 18:57,370.82001,370.84,370.70999,370.72501,28591
2026-04-10 18:58,370.84991,370.88,370.785,370.79999,33772
2026-04-10 18:59,371.01001,371.0199,370.82999,370.82999,105634
2026-04-10 19:00,371.23001,371.285,370.95001,371.01001,48281
2026-04-10 19:01,371.35999,371.42999,371.23999,371.23999,40801
2026-04-10 19:02,371.29001,371.42999,371.29001,371.37,35656
2026-04-10 19:03,371.29019,371.40231,371.20999,371.29001,49675
2026-04-10 19:04,371.28009,371.37,371.25,371.29999,45483
2026-04-10 19:05,371.38,371.39001,371.19,371.29001,50063
2026-04-10 19:06,371.26999,371.38,371.26001,371.38,65304
2026-04-10 19:07,371.20999,371.375,371.20999,371.25,61778
2026-04-10 19:08,371.22,371.27991,371.19,371.20999,30911
2026-04-10 19:09,371.27499,371.32501,371.20001,371.22,40656
2026-04-10 19:10,371.34,371.35999,371.26001,371.29999,30582
2026-04-10 19:11,371.35001,371.42001,371.26001,371.35501,49018
2026-04-10 19:12,371.39999,371.4696,371.35001,371.35001,31912
2026-04-10 19:13,371.53,371.54999,371.38,371.396,37668
2026-04-10 19:14,371.54001,371.57999,371.48499,371.51001,35170
2026-04-10 19:15,371.47,371.54999,371.35001,371.54999,38021
2026-04-10 19:16,371.67001,371.67499,371.45999,371.45999,27745
2026-04-10 19:17,371.69989,371.70999,371.60999,371.66,43256
2026-04-10 19:18,371.66,371.755,371.6344,371.69,32148
2026-04-10 19:19,371.64999,371.66,371.57001,371.66,52522
2026-04-10 19:20,371.60651,371.66,371.31,371.6499,53590
2026-04-10 19:21,371.57001,371.64001,371.54001,371.62991,27662
2026-04-10 19:22,371.54001,371.64001,371.48001,371.565,34134
2026-04-10 19:23,371.5899,371.63,371.51999,371.52499,34458
2026-04-10 19:26,371.37,371.57001,371.36499,371.51999,124180
2026-04-10 19:27,371.44,371.44,371.23001,371.37,52502
2026-04-10 19:28,371.45999,371.57999,371.42001,371.45001,40538
2026-04-10 19:29,371.48001,371.51001,371.42001,371.47,39407
2026-04-10 19:30,371.30499,371.51501,371.285,371.48999,60697
2026-04-10 19:31,371.43991,371.44,371.31,371.31,36984
2026-04-10 19:32,371.44,371.53,371.38501,371.42001,39674
2026-04-10 19:33,371.36499,371.435,371.31,371.42001,41374
2026-04-10 19:34,371.29999,371.45001,371.29999,371.38,30759
2026-04-10 19:35,371.41821,371.42001,371.23999,371.29999,46648
2026-04-10 19:36,371.29001,371.45999,371.26999,371.42001,58804
2026-04-10 19:37,371.16501,371.29501,371.16,371.29001,155669
2026-04-10 19:38,371.23001,371.28,371.15009,371.15659,37783
2026-04-10 19:39,371.23999,371.23999,371.0,371.23001,50476
2026-04-10 19:40,371.06,371.26999,371.01999,371.25,41634
2026-04-10 19:41,370.995,371.07999,370.92181,371.0509,37960
2026-04-10 19:42,371.04999,371.04999,370.95001,370.98999,42972
2026-04-10 19:43,371.32999,371.35001,371.04001,371.05801,37994
2026-04-10 19:44,371.3194,371.41,371.26999,371.35001,60701
2026-04-10 19:45,371.315,371.375,371.29001,371.29999,48754
2026-04-10 19:46,371.22,371.31839,371.17999,371.31839,46738
2026-04-10 19:47,371.54501,371.56,371.20999,371.22,73957
2026-04-10 19:48,371.40009,371.505,371.32999,371.48001,97824
2026-04-10 19:49,371.67499,371.67999,371.39001,371.39999,73006
2026-04-10 19:50,371.37,371.70001,371.37,371.67999,92015
2026-04-10 19:51,371.32999,371.39001,371.25,371.38,70307
2026-04-10 19:52,371.16,371.34,371.1001,371.32999,89332
2026-04-10 19:53,371.22601,371.30499,371.14001,371.17001,79886
2026-04-10 19:54,371.10999,371.29999,371.06,371.23001,96808
2026-04-10 19:55,371.01001,371.16,370.89999,371.12,111124
2026-04-10 19:56,370.745,371.04001,370.70499,371.0,148291
2026-04-10 19:57,370.84,370.89001,370.66,370.745,183068
2026-04-10 19:58,370.79999,370.88,370.72,370.84,226111
2026-04-10 19:59,370.87,370.98999,370.59,370.79999,524131
